,well,catalyst_1&smiles,catalyst_1&name,catalyst_1&mass,catalyst_1&umol,catalyst_1&volume,catalyst_1&formula,reactant_1&smiles,reactant_1&name,reactant_1&mass,reactant_1&umol,reactant_1&volume,reactant_1&formula,reactant_2&smiles,reactant_2&name,reactant_2&mass,reactant_2&umol,reactant_2&volume,reactant_2&formula,base_1&smiles,base_1&name,base_1&mass,base_1&umol,base_1&volume,base_1&formula,IS_1&smiles,IS_1&name,IS_1&mass,IS_1&umol,IS_1&volume,IS_1&formula,solvent_1&smiles,solvent_1&name,solvent_1&mass,solvent_1&umol,solvent_1&volume,solvent_1&formula,solvent_2&smiles,solvent_2&name,solvent_2&mass,solvent_2&umol,solvent_2&volume,solvent_2&formula,product_1&smiles,product_1&name,product_1&mass,product_1&umol,product_1&volume,product_1&formula,product_2&smiles,product_2&name,product_2&mass,product_2&umol,product_2&volume,product_2&formula,product_3&smiles,product_3&name,product_3&mass,product_3&umol,product_3&volume,product_3&formula,reaction_smiles,id,conversion,product_yield,product_4&smiles,product_4&name,product_4&mass,product_4&umol,product_4&volume,product_4&formula,Sample_Attributes__Acquired,Sample_Attributes__Data_File,Sample_Attributes__MS_Method,Sample_Attributes__Sample_Id,Sample_Attributes__Sample_Name,Expressions__Method_Name,Expressions__Primary_Detector,Expressions__Product_/_IS_Area_Ratio,Expressions__Conversion_%,Expressions__Product_Area,Expressions__Product_Area_%,Expressions__Product_Retention_Time,Expressions__Internal_Standard_Area,Expressions__Internal_Standard_Retention_Time,Expressions__Starting_Material_Area,Expressions__Starting_Material_Retention_Time,Expressions__Observed_Masses,Expressions__Product_Found,Expressions__Target_MW,Expressions__Intercept,Starting_Materials__Product_Substance_Name,"8-bromoimidazo[1,2-a]pyridine__Absolute_Height","8-bromoimidazo[1,2-a]pyridine__Area_%","8-bromoimidazo[1,2-a]pyridine__Area_Abs","8-bromoimidazo[1,2-a]pyridine__BPM(+)","8-bromoimidazo[1,2-a]pyridine__Rt_(min)",caffeine__Absolute_Height,caffeine__Area_%,caffeine__Area_Abs,caffeine__BPM(+),caffeine__Rt_(min),deborylation_0__Absolute_Height,deborylation_0__Area_%,deborylation_0__Area_Abs,deborylation_0__BPM(+),deborylation_0__Rt_(min),dehalogenation_0__Absolute_Height,dehalogenation_0__Area_%,dehalogenation_0__Area_Abs,dehalogenation_0__BPM(+),dehalogenation_0__Rt_(min),"N-Boc-1,2,5,6-tetrahydropyridine-4-boronic_acid_pinacol_ester__Absolute_Height","N-Boc-1,2,5,6-tetrahydropyridine-4-boronic_acid_pinacol_ester__Area_%","N-Boc-1,2,5,6-tetrahydropyridine-4-boronic_acid_pinacol_ester__Area_Abs","N-Boc-1,2,5,6-tetrahydropyridine-4-boronic_acid_pinacol_ester__BPM(+)","N-Boc-1,2,5,6-tetrahydropyridine-4-boronic_acid_pinacol_ester__Rt_(min)","4-(4,4,5,5-tetramethyl-1,3,2-dioxaborolan-2-yl)aniline__Absolute_Height","4-(4,4,5,5-tetramethyl-1,3,2-dioxaborolan-2-yl)aniline__Area_%","4-(4,4,5,5-tetramethyl-1,3,2-dioxaborolan-2-yl)aniline__Area_Abs","4-(4,4,5,5-tetramethyl-1,3,2-dioxaborolan-2-yl)aniline__BPM(+)","4-(4,4,5,5-tetramethyl-1,3,2-dioxaborolan-2-yl)aniline__Rt_(min)",bis_addition_1__Absolute_Height,bis_addition_1__Area_%,bis_addition_1__Area_Abs,bis_addition_1__BPM(+),bis_addition_1__Rt_(min),bis_addition_2__Absolute_Height,bis_addition_2__Area_%,bis_addition_2__Area_Abs,bis_addition_2__BPM(+),bis_addition_2__Rt_(min),4-chloro-6-methoxypyrimidin-5-amine__Absolute_Height,4-chloro-6-methoxypyrimidin-5-amine__Area_%,4-chloro-6-methoxypyrimidin-5-amine__Area_Abs,4-chloro-6-methoxypyrimidin-5-amine__BPM(+),4-chloro-6-methoxypyrimidin-5-amine__Rt_(min),1-(4-bromo-2-methylphenyl)pyrrolidin-2-one__Absolute_Height,1-(4-bromo-2-methylphenyl)pyrrolidin-2-one__Area_%,1-(4-bromo-2-methylphenyl)pyrrolidin-2-one__Area_Abs,1-(4-bromo-2-methylphenyl)pyrrolidin-2-one__BPM(+),1-(4-bromo-2-methylphenyl)pyrrolidin-2-one__Rt_(min),suzuki_product_0__Absolute_Height,suzuki_product_0__Area_%,suzuki_product_0__Area_Abs,suzuki_product_0__BPM(+),suzuki_product_0__Rt_(min),"1,3-dimethyl-4-(4,4,5,5-tetramethyl-1,3,2-dioxaborolan-2-yl)-1H-pyrazole__Absolute_Height","1,3-dimethyl-4-(4,4,5,5-tetramethyl-1,3,2-dioxaborolan-2-yl)-1H-pyrazole__Area_%","1,3-dimethyl-4-(4,4,5,5-tetramethyl-1,3,2-dioxaborolan-2-yl)-1H-pyrazole__Area_Abs","1,3-dimethyl-4-(4,4,5,5-tetramethyl-1,3,2-dioxaborolan-2-yl)-1H-pyrazole__BPM(+)","1,3-dimethyl-4-(4,4,5,5-tetramethyl-1,3,2-dioxaborolan-2-yl)-1H-pyrazole__Rt_(min)","1-(3,5-dichlorophenyl)-2,5-dimethyl-1H-pyrrole-3-carbaldehyde__Absolute_Height","1-(3,5-dichlorophenyl)-2,5-dimethyl-1H-pyrrole-3-carbaldehyde__Area_%","1-(3,5-dichlorophenyl)-2,5-dimethyl-1H-pyrrole-3-carbaldehyde__Area_Abs","1-(3,5-dichlorophenyl)-2,5-dimethyl-1H-pyrrole-3-carbaldehyde__BPM(+)","1-(3,5-dichlorophenyl)-2,5-dimethyl-1H-pyrrole-3-carbaldehyde__Rt_(min)","8-bromoimidazo[1,2-a]pyridine__Estimated_mmol","8-bromoimidazo[1,2-a]pyridine__Estimated_%remaining",suzuki_product_0__Estimated_mmol,suzuki_product_0__Estimated_%conversion,dehalogenation_0__Estimated_mmol,dehalogenation_0__Estimated_%conversion,deborylation_0__Estimated_mmol,deborylation_0__Estimated_%conversion,"1,3-dimethyl-4-(4,4,5,5-tetramethyl-1,3,2-dioxaborolan-2-yl)-1H-pyrazole__Estimated_mmol","1,3-dimethyl-4-(4,4,5,5-tetramethyl-1,3,2-dioxaborolan-2-yl)-1H-pyrazole__Estimated_%remaining","N-Boc-1,2,5,6-tetrahydropyridine-4-boronic_acid_pinacol_ester__Estimated_mmol","N-Boc-1,2,5,6-tetrahydropyridine-4-boronic_acid_pinacol_ester__Estimated_%remaining","4-(4,4,5,5-tetramethyl-1,3,2-dioxaborolan-2-yl)aniline__Estimated_mmol","4-(4,4,5,5-tetramethyl-1,3,2-dioxaborolan-2-yl)aniline__Estimated_%remaining","1-(3,5-dichlorophenyl)-2,5-dimethyl-1H-pyrrole-3-carbaldehyde__Estimated_mmol","1-(3,5-dichlorophenyl)-2,5-dimethyl-1H-pyrrole-3-carbaldehyde__Estimated_%remaining",bis_addition_1__Estimated_mmol,bis_addition_1__Estimated_%conversion,bis_addition_2__Estimated_mmol,bis_addition_2__Estimated_%conversion,4-chloro-6-methoxypyrimidin-5-amine__Estimated_mmol,4-chloro-6-methoxypyrimidin-5-amine__Estimated_%remaining,1-(4-bromo-2-methylphenyl)pyrrolidin-2-one__Estimated_mmol,1-(4-bromo-2-methylphenyl)pyrrolidin-2-one__Estimated_%remaining
0,A1,CC(C)C1=CC(C(C)C)=CC(C(C)C)=C1C2=C([P+](C3CCCCC3)([Pd-2]4(OS(C)(=O)=O)C(C=CC=C5)=C5C6=C([NH+]4C)C=CC=C6)C7CCCCC7)C=CC=C2,XPhos Pd G4,0.13767904 milligram,0.16000000000000003 micromole,0.13767904000000003 microliter,C47H64NO3PPdS,BrC1=CC=CN2C=CN=C12,"8-bromoimidazo[1,2-a]pyridine",0.15762800000000002 milligram,0.8 micromole,0.15762800000000005 microliter,C7H5BrN2,B1(OC(C(O1)(C)C)(C)C)C2=CN=C(C=C2)C,"2-methyl-5-(4,4,5,5-tetramethyl-1,3,2-dioxaborolan-2-yl)pyridine",0.21032928 milligram,0.9600000000000001 micromole,0.21032928000000006 microliter,C12H18BNO2,O=C([O-])[O-].[Na+].[Na+],Na2CO3,0.635928 milligram,6.0 micromole,0.6359280000000002 microliter,CNa2O3,CN1C=NC2=C1C(=O)N(C(=O)N2C)C,caffeine,0.1553528 milligram,0.8 micromole,0.15535280000000004 microliter,C8H10N4O2,C1COCCO1,dioxane,32.445 milligram,368.2496084262139 micromole,31.5 microliter,C4H8O2,O,water,3.5 milligram,194.2825423258396 micromole,3.5 microliter,H2O,Cc1ccc(-c2cccn3ccnc23)cn1,suzuki_product_0,0.0 milligram,0.0 micromole,0 microliter,C13H11N3,c1ccn2ccnc2c1,dehalogenation_0,0.0 milligram,0.0 micromole,0 microliter,C7H6N2,Cc1ccccn1,deborylation_0,0.0 milligram,0.0 micromole,0 microliter,C6H7N,BrC1=CC=CN2C=CN=C12.B1(OC(C(O1)(C)C)(C)C)C2=CN=C(C=C2)C>>Cc1ccc(-c2cccn3ccnc23)cn1.c1ccn2ccnc2c1.Cc1ccccn1,001_RLN-NB-2443_007_A1,,,,,,,,,3/29/2023 4:38:40 PM,kat78-2-a1-a1_03_22_2023_1.raw,2min_150_1200.EXP,001_RLN-NB-2443_007_A1,KAT78-2-A1-A1_KAT78-2-A1-A1_KAT78-2-A1-A1,0,0,0,0,0,0,0,0,0,0,0,0,0,0,0,deborylation_0,0,0,0,0,0,144.0174631673427,8.755721063886904,3.3776765782436002,194.9,0.7151,0,0,0,0,0,0,0,0,0,0,0,0,0,0,0,0,0,0,0,0,0,0,0,0,0,0,0,0,0,0,0,0,0,0,0,0,0,0,0,0,31.425408145236524,2.140340717477728,0.82567485397671,210.0,0.3118,0.0,0.0,0.0,0.0,0.0,0.0,0.0,0.0,0.0,0.0,0.0,0.0,0.00019556042974512686,24.445053718140855,0.0,0.0,0.0,0.0,0.0,0.0,0.0,0.0,0.0,0.0,0.0,0.0,0.0,0.0,0.0,0.0,0.0,0.0,0.0,0.0
1,A2,CC(C)C1=CC(C(C)C)=CC(C(C)C)=C1C2=C([P+](C3CCCCC3)([Pd-2]4(OS(C)(=O)=O)C(C=CC=C5)=C5C6=C([NH+]4C)C=CC=C6)C7CCCCC7)C=CC=C2,XPhos Pd G4,0.13767904 milligram,0.16000000000000003 micromole,0.13767904000000003 microliter,C47H64NO3PPdS,BrC1=CC=CN2C=CN=C12,"8-bromoimidazo[1,2-a]pyridine",0.15762800000000002 milligram,0.8 micromole,0.15762800000000005 microliter,C7H5BrN2,B1(OC(C(O1)(C)C)(C)C)C2=CN(N=C2C)C,"1,3-dimethyl-4-(4,4,5,5-tetramethyl-1,3,2-dioxaborolan-2-yl)-1H-pyrazole",0.21321311999999998 milligram,0.9600000000000001 micromole,0.21321312000000003 microliter,C11H19BN2O2,O=C([O-])[O-].[Na+].[Na+],Na2CO3,0.635928 milligram,6.0 micromole,0.6359280000000002 microliter,CNa2O3,CN1C=NC2=C1C(=O)N(C(=O)N2C)C,caffeine,0.1553528 milligram,0.8 micromole,0.15535280000000004 microliter,C8H10N4O2,C1COCCO1,dioxane,32.445 milligram,368.2496084262139 micromole,31.5 microliter,C4H8O2,O,water,3.5 milligram,194.2825423258396 micromole,3.5 microliter,H2O,Cc1nn(C)cc1-c1cccn2ccnc12,suzuki_product_0,0.0 milligram,0.0 micromole,0 microliter,C12H12N4,c1ccn2ccnc2c1,dehalogenation_0,0.0 milligram,0.0 micromole,0 microliter,C7H6N2,Cc1ccn(C)n1,deborylation_0,0.0 milligram,0.0 micromole,0 microliter,C5H8N2,BrC1=CC=CN2C=CN=C12.B1(OC(C(O1)(C)C)(C)C)C2=CN(N=C2C)C>>Cc1nn(C)cc1-c1cccn2ccnc12.c1ccn2ccnc2c1.Cc1ccn(C)n1,001_RLN-NB-2443_007_A2,,,,,,,,,3/29/2023 4:42:14 PM,kat78-2-a2-a1_03_22_2023_2.raw,2min_150_1200.EXP,001_RLN-NB-2443_007_A2,KAT78-2-A2-A1_KAT78-2-A2-A1_KAT78-2-A2-A1,0,0,0,0,0,0,0,0,0,0,0,0,0,0,0,deborylation_0,0,0,0,0,0,143.96063194518922,29.07222940061726,4.011193158427294,195,0.7268,0,0,0,0,0,0,0,0,0,0,0,0,0,0,0,0,0,0,0,0,0,0,0,0,0,0,0,0,0,0,0,0,0,0,0,0,0,0,0,0,17.88379507550691,2.828476461337537,0.3902543996247113,213.1,0.6501,13.128740515520038,2.1002626481972277,0.28978029339470746,223.0,0.6918,0.0,0.0,0.0,0.0,0.0,0.0,0.0,7.783308042492215e-05,9.729135053115268,0.0,0.0,0.0,0.0,5.779433339646487e-05,7.224291674558109,0.0,0.0,0.0,0.0,0.0,0.0,0.0,0.0,0.0,0.0,0.0,0.0,0.0,0.0
2,A3,CC(C)C1=CC(C(C)C)=CC(C(C)C)=C1C2=C([P+](C3CCCCC3)([Pd-2]4(OS(C)(=O)=O)C(C=CC=C5)=C5C6=C([NH+]4C)C=CC=C6)C7CCCCC7)C=CC=C2,XPhos Pd G4,0.13767904 milligram,0.16000000000000003 micromole,0.13767904000000003 microliter,C47H64NO3PPdS,BrC1=CC=CN2C=CN=C12,"8-bromoimidazo[1,2-a]pyridine",0.15762800000000002 milligram,0.8 micromole,0.15762800000000005 microliter,C7H5BrN2,B1(OC(C(O1)(C)C)(C)C)C2=CCN(CC2)C(=O)OC(C)(C)C,"N-Boc-1,2,5,6-tetrahydropyridine-4-boronic acid pinacol ester",0.29684640000000007 milligram,0.9600000000000001 micromole,0.2968464000000001 microliter,C16H28BNO4,O=C([O-])[O-].[Na+].[Na+],Na2CO3,0.635928 milligram,6.0 micromole,0.6359280000000002 microliter,CNa2O3,CN1C=NC2=C1C(=O)N(C(=O)N2C)C,caffeine,0.1553528 milligram,0.8 micromole,0.15535280000000004 microliter,C8H10N4O2,C1COCCO1,dioxane,32.445 milligram,368.2496084262139 micromole,31.5 microliter,C4H8O2,O,water,3.5 milligram,194.2825423258396 micromole,3.5 microliter,H2O,CC(C)(C)OC(=O)N1CC=C(c2cccn3ccnc23)CC1,suzuki_product_0,0.0 milligram,0.0 micromole,0 microliter,C17H21N3O2,c1ccn2ccnc2c1,dehalogenation_0,0.0 milligram,0.0 micromole,0 microliter,C7H6N2,CC(C)(C)OC(=O)N1CC=CCC1,deborylation_0,0.0 milligram,0.0 micromole,0 microliter,C10H17NO2,BrC1=CC=CN2C=CN=C12.B1(OC(C(O1)(C)C)(C)C)C2=CCN(CC2)C(=O)OC(C)(C)C>>CC(C)(C)OC(=O)N1CC=C(c2cccn3ccnc23)CC1.c1ccn2ccnc2c1.CC(C)(C)OC(=O)N1CC=CCC1,001_RLN-NB-2443_007_A3,,,,,,,,,3/29/2023 4:44:42 PM,kat78-2-a3-a1_03_22_2023_3.raw,2min_150_1200.EXP,001_RLN-NB-2443_007_A3,KAT78-2-A3-A1_KAT78-2-A3-A1_KAT78-2-A3-A1,0,0,0,0,0,0,0,0,0,0,0,0,0,0,0,deborylation_0,171.6067269382846,20.20985989691726,4.204512577456551,195,0.7284,171.6067269382846,20.20985989691726,4.204512577456551,195,0.7284,0,0,0,0,0,0,0,0,0,0,0,0,0,0,0,0,0,0,0,0,0,0,0,0,0,0,0,0,0,0,0,0,0,0,0,0,0,0,0,0,207.74632616522683,28.71517420642048,5.973980608008425,300.0,0.8651,0.0,0.0,0.0,0.0,0.0,0.0,0.0,0.0,0.0,0.0,0.0008,100.0,0.0011366797930469808,142.0849741308726,0.0,0.0,0.0,0.0,0.0,0.0,0.0,0.0,0.0,0.0,0.0,0.0,0.0,0.0,0.0,0.0,0.0,0.0,0.0,0.0
3,A4,CC(C)C1=CC(C(C)C)=CC(C(C)C)=C1C2=C([P+](C3CCCCC3)([Pd-2]4(OS(C)(=O)=O)C(C=CC=C5)=C5C6=C([NH+]4C)C=CC=C6)C7CCCCC7)C=CC=C2,XPhos Pd G4,0.13767904 milligram,0.16000000000000003 micromole,0.13767904000000003 microliter,C47H64NO3PPdS,BrC1=CC=CN2C=CN=C12,"8-bromoimidazo[1,2-a]pyridine",0.15762800000000002 milligram,0.8 micromole,0.15762800000000005 microliter,C7H5BrN2,B1(OC(C(O1)(C)C)(C)C)C2=CCN(CC2)C(=O)OC(C)(C)C,"N-Boc-1,2,5,6-tetrahydropyridine-4-boronic acid pinacol ester",0.29684640000000007 milligram,0.9600000000000001 micromole,0.2968464000000001 microliter,C16H28BNO4,O=C([O-])[O-].[Na+].[Na+],Na2CO3,0.635928 milligram,6.0 micromole,0.6359280000000002 microliter,CNa2O3,CN1C=NC2=C1C(=O)N(C(=O)N2C)C,caffeine,0.1553528 milligram,0.8 micromole,0.15535280000000004 microliter,C8H10N4O2,C1COCCO1,dioxane,32.445 milligram,368.2496084262139 micromole,31.5 microliter,C4H8O2,O,water,3.5 milligram,194.2825423258396 micromole,3.5 microliter,H2O,CC(C)(C)OC(=O)N1CC=C(c2cccn3ccnc23)CC1,suzuki_product_0,0.0 milligram,0.0 micromole,0 microliter,C17H21N3O2,c1ccn2ccnc2c1,dehalogenation_0,0.0 milligram,0.0 micromole,0 microliter,C7H6N2,CC(C)(C)OC(=O)N1CC=CCC1,deborylation_0,0.0 milligram,0.0 micromole,0 microliter,C10H17NO2,BrC1=CC=CN2C=CN=C12.B1(OC(C(O1)(C)C)(C)C)C2=CCN(CC2)C(=O)OC(C)(C)C>>CC(C)(C)OC(=O)N1CC=C(c2cccn3ccnc23)CC1.c1ccn2ccnc2c1.CC(C)(C)OC(=O)N1CC=CCC1,001_RLN-NB-2443_007_A4,,,,,,,,,3/29/2023 4:47:10 PM,kat78-2-a4-a1_03_22_2023_4.raw,2min_150_1200.EXP,001_RLN-NB-2443_007_A4,KAT78-2-A4-A1_KAT78-2-A4-A1_KAT78-2-A4-A1,0,0,0,0,0,0,0,0,0,0,0,0,0,0,0,deborylation_0,0,0,0,0,0,151.1618119376265,19.85589073244537,3.954237698832897,195,0.7301,0,0,0,0,0,0,0,0,0,0,0,0,0,0,0,0,0,0,0,0,0,0,0,0,0,0,0,0,0,0,0,0,0,0,0,0,0,0,0,0,194.5053361146338,29.169280355741396,5.808969720105495,300.0,0.8684,0.0,0.0,0.0,0.0,0.0,0.0,0.0,0.0,0.0,0.0,0.0,0.0,0.001175239358386579,146.90491979832237,0.0,0.0,0.0,0.0,0.0,0.0,0.0,0.0,0.0,0.0,0.0,0.0,0.0,0.0,0.0,0.0,0.0,0.0,0.0,0.0
4,A5,CC(C)C1=CC(C(C)C)=CC(C(C)C)=C1C2=C([P+](C3CCCCC3)([Pd-2]4(OS(C)(=O)=O)C(C=CC=C5)=C5C6=C([NH+]4C)C=CC=C6)C7CCCCC7)C=CC=C2,XPhos Pd G4,0.13767904 milligram,0.16000000000000003 micromole,0.13767904000000003 microliter,C47H64NO3PPdS,BrC1=CC=CN2C=CN=C12,"8-bromoimidazo[1,2-a]pyridine",0.15762800000000002 milligram,0.8 micromole,0.15762800000000005 microliter,C7H5BrN2,B1(OC(C(O1)(C)C)(C)C)C2=CC=C(C=C2)N,"4-(4,4,5,5-tetramethyl-1,3,2-dioxaborolan-2-yl)aniline",0.21032928 milligram,0.9600000000000001 micromole,0.21032928000000006 microliter,C12H18BNO2,O=C([O-])[O-].[Na+].[Na+],Na2CO3,0.635928 milligram,6.0 micromole,0.6359280000000002 microliter,CNa2O3,CN1C=NC2=C1C(=O)N(C(=O)N2C)C,caffeine,0.1553528 milligram,0.8 micromole,0.15535280000000004 microliter,C8H10N4O2,C1COCCO1,dioxane,32.445 milligram,368.2496084262139 micromole,31.5 microliter,C4H8O2,O,water,3.5 milligram,194.2825423258396 micromole,3.5 microliter,H2O,Nc1ccc(-c2cccn3ccnc23)cc1,suzuki_product_0,0.0 milligram,0.0 micromole,0 microliter,C13H11N3,c1ccn2ccnc2c1,dehalogenation_0,0.0 milligram,0.0 micromole,0 microliter,C7H6N2,Nc1ccccc1,deborylation_0,0.0 milligram,0.0 micromole,0 microliter,C6H7N,BrC1=CC=CN2C=CN=C12.B1(OC(C(O1)(C)C)(C)C)C2=CC=C(C=C2)N>>Nc1ccc(-c2cccn3ccnc23)cc1.c1ccn2ccnc2c1.Nc1ccccc1,001_RLN-NB-2443_007_A5,,,,,,,,,3/29/2023 4:49:36 PM,kat78-2-a5-a1_03_22_2023_5.raw,2min_150_1200.EXP,001_RLN-NB-2443_007_A5,KAT78-2-A5-A1_KAT78-2-A5-A1_KAT78-2-A5-A1,0,0,0,0,0,0,0,0,0,0,0,0,0,0,0,deborylation_0,0,0,0,0,0,170.233820849468,26.208499397070366,4.3659996622548904,194.9,0.7301,0,0,0,0,0,0,0,0,0,0,0,0,0,0,0,0,0,0,0,0,0,0,0,0,0,0,0,0,0,0,0,0,0,0,0,0,0,0,0,0,76.90061816190497,13.326503065914155,2.220024389924584,209.9,0.6334,0.0,0.0,0.0,0.0,0.0,0.0,0.0,0.0,0.0,0.0,0.0,0.0,0.000406784161550396,50.84802019379949,0.0,0.0,0.0,0.0,0.0,0.0,0.0,0.0,0.0,0.0,0.0,0.0,0.0,0.0,0.0,0.0,0.0,0.0,0.0,0.0
5,A6,CC(C)C1=CC(C(C)C)=CC(C(C)C)=C1C2=C([P+](C3CCCCC3)([Pd-2]4(OS(C)(=O)=O)C(C=CC=C5)=C5C6=C([NH+]4C)C=CC=C6)C7CCCCC7)C=CC=C2,XPhos Pd G4,0.13767904 milligram,0.16000000000000003 micromole,0.13767904000000003 microliter,C47H64NO3PPdS,BrC1=CC=CN2C=CN=C12,"8-bromoimidazo[1,2-a]pyridine",0.15762800000000002 milligram,0.8 micromole,0.15762800000000005 microliter,C7H5BrN2,B1(OC(C(O1)(C)C)(C)C)C2=CC=C(C=C2)N,"4-(4,4,5,5-tetramethyl-1,3,2-dioxaborolan-2-yl)aniline",0.21032928 milligram,0.9600000000000001 micromole,0.21032928000000006 microliter,C12H18BNO2,O=C([O-])[O-].[Na+].[Na+],Na2CO3,0.635928 milligram,6.0 micromole,0.6359280000000002 microliter,CNa2O3,CN1C=NC2=C1C(=O)N(C(=O)N2C)C,caffeine,0.1553528 milligram,0.8 micromole,0.15535280000000004 microliter,C8H10N4O2,C1COCCO1,dioxane,32.445 milligram,368.2496084262139 micromole,31.5 microliter,C4H8O2,O,water,3.5 milligram,194.2825423258396 micromole,3.5 microliter,H2O,Nc1ccc(-c2cccn3ccnc23)cc1,suzuki_product_0,0.0 milligram,0.0 micromole,0 microliter,C13H11N3,c1ccn2ccnc2c1,dehalogenation_0,0.0 milligram,0.0 micromole,0 microliter,C7H6N2,Nc1ccccc1,deborylation_0,0.0 milligram,0.0 micromole,0 microliter,C6H7N,BrC1=CC=CN2C=CN=C12.B1(OC(C(O1)(C)C)(C)C)C2=CC=C(C=C2)N>>Nc1ccc(-c2cccn3ccnc23)cc1.c1ccn2ccnc2c1.Nc1ccccc1,001_RLN-NB-2443_007_A6,,,,,,,,,3/29/2023 4:52:04 PM,kat78-2-a6-a1_03_22_2023_6.raw,2min_150_1200.EXP,001_RLN-NB-2443_007_A6,KAT78-2-A6-A1_KAT78-2-A6-A1_KAT78-2-A6-A1,0,0,0,0,0,0,0,0,0,0,0,0,0,0,0,deborylation_0,0,0,0,0,0,158.79528605098557,24.379795867905717,3.8880168738824312,194.9,0.7301,0,0,0,0,0,0,0,0,0,0,0,0,0,0,0,0,0,0,0,0,0,0,0,0,0,0,0,0,0,0,0,0,0,0,0,0,0,0,0,0,75.83904216739072,13.405187821029601,2.13781923064984,210.0,0.6334,0.0,0.0,0.0,0.0,0.0,0.0,0.0,0.0,0.0,0.0,0.0,0.0,0.0004398785910648772,54.98482388310965,0.0,0.0,0.0,0.0,0.0,0.0,0.0,0.0,0.0,0.0,0.0,0.0,0.0,0.0,0.0,0.0,0.0,0.0,0.0,0.0
6,A7,CC(C)C1=CC(C(C)C)=CC(C(C)C)=C1C2=C([P+](C3CCCCC3)([Pd-2]4(OS(C)(=O)=O)C(C=CC=C5)=C5C6=C([NH+]4C)C=CC=C6)C7CCCCC7)C=CC=C2,XPhos Pd G4,0.13767904 milligram,0.16000000000000003 micromole,0.13767904000000003 microliter,C47H64NO3PPdS,CC1=CC(C=O)=C(C)N1C2=CC(Cl)=CC(Cl)=C2,"1-(3,5-dichlorophenyl)-2,5-dimethyl-1H-pyrrole-3-carbaldehyde",0.2145144 milligram,0.8 micromole,0.21451440000000005 microliter,C13H11Cl2NO,B1(OC(C(O1)(C)C)(C)C)C2=CN=C(C=C2)C,"2-methyl-5-(4,4,5,5-tetramethyl-1,3,2-dioxaborolan-2-yl)pyridine",0.21032928 milligram,0.9600000000000001 micromole,0.21032928000000006 microliter,C12H18BNO2,O=C([O-])[O-].[Na+].[Na+],Na2CO3,0.635928 milligram,6.0 micromole,0.6359280000000002 microliter,CNa2O3,CN1C=NC2=C1C(=O)N(C(=O)N2C)C,caffeine,0.1553528 milligram,0.8 micromole,0.15535280000000004 microliter,C8H10N4O2,C1COCCO1,dioxane,32.445 milligram,368.2496084262139 micromole,31.5 microliter,C4H8O2,O,water,3.5 milligram,194.2825423258396 micromole,3.5 microliter,H2O,Cc1ccc(-c2cc(Cl)cc(-n3c(C)cc(C=O)c3C)c2)cn1,suzuki_product_0,0.0 milligram,0.0 micromole,0 microliter,C19H17ClN2O,Cc1ccc(-c2cc(-c3ccc(C)nc3)cc(-n3c(C)cc(C=O)c3C)c2)cn1,bis_addition_1,0.0 milligram,0.0 micromole,0 microliter,C25H23N3O,Cc1cc(C=O)c(C)n1-c1cccc(Cl)c1,dehalogenation_0,0.0 milligram,0.0 micromole,0 microliter,C13H12ClNO,CC1=CC(C=O)=C(C)N1C2=CC(Cl)=CC(Cl)=C2.B1(OC(C(O1)(C)C)(C)C)C2=CN=C(C=C2)C>>Cc1ccc(-c2cc(Cl)cc(-n3c(C)cc(C=O)c3C)c2)cn1.Cc1ccc(-c2cc(-c3ccc(C)nc3)cc(-n3c(C)cc(C=O)c3C)c2)cn1.Cc1cc(C=O)c(C)n1-c1cccc(Cl)c1.Cc1ccccn1,001_RLN-NB-2443_007_A7,,,Cc1ccccn1,deborylation_0,0.0 milligram,0.0 micromole,0 microliter,C6H7N,3/29/2023 4:54:31 PM,kat78-2-a7-a1_03_22_2023_7.raw,2min_150_1200.EXP,001_RLN-NB-2443_007_A7,KAT78-2-A7-A1_KAT78-2-A7-A1_KAT78-2-A7-A1,0,0,0,0,0,0,0,0,0,0,0,0,0,0,0,bis_addition_1,0,0,0,0,0,152.07318293847464,16.322781213995082,3.7929730141593034,195,0.7301,0,0,0,0,0,0,0,0,0,0,0,0,0,0,0,0,0,0,0,0,72.31517476434493,8.580365861319146,1.9938450278126156,382.2,0.8051,0,0,0,0,0,0,0,0,0,0,0,0,0,0,0,227.84407886679932,28.49386677990635,6.621204214424606,324.9,1.0334,0.0,0.0,0.0,0.0,0.0,52.72620679718573,4.933442342250617,1.146398608530237,267.9,1.3218,0.0,0.0,0.0013965201839733453,174.56502299666818,0.0,0.0,0.0,0.0,0.0,0.0,0.0,0.0,0.0,0.0,0.0002417942029644166,30.22427537055207,0.00042053450322362355,52.56681290295294,0.0,0.0,0.0,0.0,0.0,0.0
7,A8,CC(C)C1=CC(C(C)C)=CC(C(C)C)=C1C2=C([P+](C3CCCCC3)([Pd-2]4(OS(C)(=O)=O)C(C=CC=C5)=C5C6=C([NH+]4C)C=CC=C6)C7CCCCC7)C=CC=C2,XPhos Pd G4,0.13767904 milligram,0.16000000000000003 micromole,0.13767904000000003 microliter,C47H64NO3PPdS,CC1=CC(C=O)=C(C)N1C2=CC(Cl)=CC(Cl)=C2,"1-(3,5-dichlorophenyl)-2,5-dimethyl-1H-pyrrole-3-carbaldehyde",0.2145144 milligram,0.8 micromole,0.21451440000000005 microliter,C13H11Cl2NO,B1(OC(C(O1)(C)C)(C)C)C2=CN(N=C2C)C,"1,3-dimethyl-4-(4,4,5,5-tetramethyl-1,3,2-dioxaborolan-2-yl)-1H-pyrazole",0.21321311999999998 milligram,0.9600000000000001 micromole,0.21321312000000003 microliter,C11H19BN2O2,O=C([O-])[O-].[Na+].[Na+],Na2CO3,0.635928 milligram,6.0 micromole,0.6359280000000002 microliter,CNa2O3,CN1C=NC2=C1C(=O)N(C(=O)N2C)C,caffeine,0.1553528 milligram,0.8 micromole,0.15535280000000004 microliter,C8H10N4O2,C1COCCO1,dioxane,32.445 milligram,368.2496084262139 micromole,31.5 microliter,C4H8O2,O,water,3.5 milligram,194.2825423258396 micromole,3.5 microliter,H2O,Cc1nn(C)cc1-c1cc(Cl)cc(-n2c(C)cc(C=O)c2C)c1,suzuki_product_0,0.0 milligram,0.0 micromole,0 microliter,C18H18ClN3O,Cc1nn(C)cc1-c1cc(-c2cn(C)nc2C)cc(-n2c(C)cc(C=O)c2C)c1,bis_addition_1,0.0 milligram,0.0 micromole,0 microliter,C23H25N5O,Cc1cc(C=O)c(C)n1-c1cccc(Cl)c1,dehalogenation_0,0.0 milligram,0.0 micromole,0 microliter,C13H12ClNO,CC1=CC(C=O)=C(C)N1C2=CC(Cl)=CC(Cl)=C2.B1(OC(C(O1)(C)C)(C)C)C2=CN(N=C2C)C>>Cc1nn(C)cc1-c1cc(Cl)cc(-n2c(C)cc(C=O)c2C)c1.Cc1nn(C)cc1-c1cc(-c2cn(C)nc2C)cc(-n2c(C)cc(C=O)c2C)c1.Cc1cc(C=O)c(C)n1-c1cccc(Cl)c1.Cc1ccn(C)n1,001_RLN-NB-2443_007_A8,,,Cc1ccn(C)n1,deborylation_0,0.0 milligram,0.0 micromole,0 microliter,C5H8N2,3/29/2023 4:57:00 PM,kat78-2-a8-a1_03_22_2023_8.raw,2min_150_1200.EXP,001_RLN-NB-2443_007_A8,KAT78-2-A8-A1_KAT78-2-A8-A1_KAT78-2-A8-A1,0,0,0,0,0,0,0,0,0,0,0,0,0,0,0,bis_addition_2,0,0,0,0,0,173.66513743717942,17.7497876816756,4.378456178006436,194.9,0.7318,0,0,0,0,0,0,0,0,0,0,0,0,0,0,0,0,0,0,0,0,0,0,0,0,0,42.47585232817859,4.009316435514652,0.9890042986139368,388.2,1.0684,0,0,0,0,0,0,0,0,0,0,206.92553536497576,23.42867862893435,5.77930533734143,327.9,1.2101,0.0,0.0,0.0,0.0,0.0,82.17656909636636,7.708197486381202,1.901431471227233,267.9,1.3234,0.0,0.0,0.0010559530761315634,131.99413451644543,0.0,0.0,0.0,0.0,0.0,0.0,0.0,0.0,0.0,0.0,0.0003474158733442851,43.42698416803563,0.0,0.0,0.0,0.0,0.0,0.0,0.0,0.0
8,A9,CC(C)C1=CC(C(C)C)=CC(C(C)C)=C1C2=C([P+](C3CCCCC3)([Pd-2]4(OS(C)(=O)=O)C(C=CC=C5)=C5C6=C([NH+]4C)C=CC=C6)C7CCCCC7)C=CC=C2,XPhos Pd G4,0.13767904 milligram,0.16000000000000003 micromole,0.13767904000000003 microliter,C47H64NO3PPdS,CC1=CC(C=O)=C(C)N1C2=CC(Cl)=CC(Cl)=C2,"1-(3,5-dichlorophenyl)-2,5-dimethyl-1H-pyrrole-3-carbaldehyde",0.2145144 milligram,0.8 micromole,0.21451440000000005 microliter,C13H11Cl2NO,B1(OC(C(O1)(C)C)(C)C)C2=CCN(CC2)C(=O)OC(C)(C)C,"N-Boc-1,2,5,6-tetrahydropyridine-4-boronic acid pinacol ester",0.29684640000000007 milligram,0.9600000000000001 micromole,0.2968464000000001 microliter,C16H28BNO4,O=C([O-])[O-].[Na+].[Na+],Na2CO3,0.635928 milligram,6.0 micromole,0.6359280000000002 microliter,CNa2O3,CN1C=NC2=C1C(=O)N(C(=O)N2C)C,caffeine,0.1553528 milligram,0.8 micromole,0.15535280000000004 microliter,C8H10N4O2,C1COCCO1,dioxane,32.445 milligram,368.2496084262139 micromole,31.5 microliter,C4H8O2,O,water,3.5 milligram,194.2825423258396 micromole,3.5 microliter,H2O,Cc1cc(C=O)c(C)n1-c1cc(Cl)cc(C2=CCN(C(=O)OC(C)(C)C)CC2)c1,suzuki_product_0,0.0 milligram,0.0 micromole,0 microliter,C23H27ClN2O3,Cc1cc(C=O)c(C)n1-c1cc(C2=CCN(C(=O)OC(C)(C)C)CC2)cc(C2=CCN(C(=O)OC(C)(C)C)CC2)c1,bis_addition_2,0.0 milligram,0.0 micromole,0 microliter,C33H43N3O5,Cc1cc(C=O)c(C)n1-c1cccc(Cl)c1,dehalogenation_0,0.0 milligram,0.0 micromole,0 microliter,C13H12ClNO,CC1=CC(C=O)=C(C)N1C2=CC(Cl)=CC(Cl)=C2.B1(OC(C(O1)(C)C)(C)C)C2=CCN(CC2)C(=O)OC(C)(C)C>>Cc1cc(C=O)c(C)n1-c1cc(Cl)cc(C2=CCN(C(=O)OC(C)(C)C)CC2)c1.Cc1cc(C=O)c(C)n1-c1cc(C2=CCN(C(=O)OC(C)(C)C)CC2)cc(C2=CCN(C(=O)OC(C)(C)C)CC2)c1.Cc1cc(C=O)c(C)n1-c1cccc(Cl)c1.CC(C)(C)OC(=O)N1CC=CCC1,001_RLN-NB-2443_007_A9,,,CC(C)(C)OC(=O)N1CC=CCC1,deborylation_0,0.0 milligram,0.0 micromole,0 microliter,C10H17NO2,3/29/2023 4:59:27 PM,kat78-2-a9-a1_03_22_2023_9.raw,2min_150_1200.EXP,001_RLN-NB-2443_007_A9,KAT78-2-A9-A1_KAT78-2-A9-A1_KAT78-2-A9-A1,0,0,0,0,0,0,0,0,0,0,0,0,0,0,0,bis_addition_1,0,0,0,0,0,146.78659713571767,13.466010415666666,3.8129877164829025,194.9,0.7318,0,0,0,0,0,0,0,0,0,0,0,0,0,0,0,0,0,0,0,0,96.93415880178806,11.369586406842055,3.2193717346559394,562.1,1.5501,0,0,0,0,0,0,0,0,0,0,0,0,0,0,0,244.45202276506433,32.816307111043166,9.292149051745952,415.2,1.4684,0.0,0.0,0.0,0.0,0.0,61.08873874183246,4.906624313399637,1.3893423262633757,267.9,1.3251,0.0,0.0,0.0019495785966637258,243.6973245829657,0.0,0.0,0.0,0.0,0.0,0.0,0.0,0.0,0.0,0.0,0.0002914968375602121,36.437104695026505,0.0,0.0,0.0,0.0,0.0,0.0,0.0,0.0
9,A10,CC(C)C1=CC(C(C)C)=CC(C(C)C)=C1C2=C([P+](C3CCCCC3)([Pd-2]4(OS(C)(=O)=O)C(C=CC=C5)=C5C6=C([NH+]4C)C=CC=C6)C7CCCCC7)C=CC=C2,XPhos Pd G4,0.13767904 milligram,0.16000000000000003 micromole,0.13767904000000003 microliter,C47H64NO3PPdS,CC1=CC(C=O)=C(C)N1C2=CC(Cl)=CC(Cl)=C2,"1-(3,5-dichlorophenyl)-2,5-dimethyl-1H-pyrrole-3-carbaldehyde",0.2145144 milligram,0.8 micromole,0.21451440000000005 microliter,C13H11Cl2NO,B1(OC(C(O1)(C)C)(C)C)C2=CCN(CC2)C(=O)OC(C)(C)C,"N-Boc-1,2,5,6-tetrahydropyridine-4-boronic acid pinacol ester",0.29684640000000007 milligram,0.9600000000000001 micromole,0.2968464000000001 microliter,C16H28BNO4,O=C([O-])[O-].[Na+].[Na+],Na2CO3,0.635928 milligram,6.0 micromole,0.6359280000000002 microliter,CNa2O3,CN1C=NC2=C1C(=O)N(C(=O)N2C)C,caffeine,0.1553528 milligram,0.8 micromole,0.15535280000000004 microliter,C8H10N4O2,C1COCCO1,dioxane,32.445 milligram,368.2496084262139 micromole,31.5 microliter,C4H8O2,O,water,3.5 milligram,194.2825423258396 micromole,3.5 microliter,H2O,Cc1cc(C=O)c(C)n1-c1cc(Cl)cc(C2=CCN(C(=O)OC(C)(C)C)CC2)c1,suzuki_product_0,0.0 milligram,0.0 micromole,0 microliter,C23H27ClN2O3,Cc1cc(C=O)c(C)n1-c1cc(C2=CCN(C(=O)OC(C)(C)C)CC2)cc(C2=CCN(C(=O)OC(C)(C)C)CC2)c1,bis_addition_2,0.0 milligram,0.0 micromole,0 microliter,C33H43N3O5,Cc1cc(C=O)c(C)n1-c1cccc(Cl)c1,dehalogenation_0,0.0 milligram,0.0 micromole,0 microliter,C13H12ClNO,CC1=CC(C=O)=C(C)N1C2=CC(Cl)=CC(Cl)=C2.B1(OC(C(O1)(C)C)(C)C)C2=CCN(CC2)C(=O)OC(C)(C)C>>Cc1cc(C=O)c(C)n1-c1cc(Cl)cc(C2=CCN(C(=O)OC(C)(C)C)CC2)c1.Cc1cc(C=O)c(C)n1-c1cc(C2=CCN(C(=O)OC(C)(C)C)CC2)cc(C2=CCN(C(=O)OC(C)(C)C)CC2)c1.Cc1cc(C=O)c(C)n1-c1cccc(Cl)c1.CC(C)(C)OC(=O)N1CC=CCC1,001_RLN-NB-2443_007_A10,,,CC(C)(C)OC(=O)N1CC=CCC1,deborylation_0,0.0 milligram,0.0 micromole,0 microliter,C10H17NO2,3/29/2023 5:01:54 PM,kat78-2-a10-a1_03_22_2023_10.raw,2min_150_1200.EXP,001_RLN-NB-2443_007_A10,KAT78-2-A10-A1_KAT78-2-A10-A1_KAT78-2-A10-A1,0,0,0,0,0,0,0,0,0,0,0,0,0,0,0,bis_addition_1,0,0,0,0,0,149.5143960675025,13.180556834059454,3.738761089791201,195,0.7318,48.029419871716954,4.14876918054346,1.1768286407034545,267.9,1.3251,0,0,0,0,0,0,0,0,0,0,0,0,0,0,0,124.34406328465782,14.670797005996569,4.161478584918926,562.2,1.5518,0,0,0,0,0,0,0,0,0,0,0,0,0,0,0,218.02492352372192,30.13519437793022,8.54806770244771,415.0,1.4684,0.0,0.0,0.0,0.0,0.0,48.029419871716954,4.14876918054346,1.1768286407034545,267.9,1.3251,0.0,0.0,0.0018290695761841464,228.63369702301827,0.0,0.0,0.00025181146640619975,31.476433300774964,0.0,0.0,0.0,0.0,0.0,0.0,0.00025181146640619975,31.476433300774964,0.0,0.0,0.0,0.0,0.0,0.0,0.0,0.0
10,A11,CC(C)C1=CC(C(C)C)=CC(C(C)C)=C1C2=C([P+](C3CCCCC3)([Pd-2]4(OS(C)(=O)=O)C(C=CC=C5)=C5C6=C([NH+]4C)C=CC=C6)C7CCCCC7)C=CC=C2,XPhos Pd G4,0.13767904 milligram,0.16000000000000003 micromole,0.13767904000000003 microliter,C47H64NO3PPdS,CC1=CC(C=O)=C(C)N1C2=CC(Cl)=CC(Cl)=C2,"1-(3,5-dichlorophenyl)-2,5-dimethyl-1H-pyrrole-3-carbaldehyde",0.2145144 milligram,0.8 micromole,0.21451440000000005 microliter,C13H11Cl2NO,B1(OC(C(O1)(C)C)(C)C)C2=CC=C(C=C2)N,"4-(4,4,5,5-tetramethyl-1,3,2-dioxaborolan-2-yl)aniline",0.21032928 milligram,0.9600000000000001 micromole,0.21032928000000006 microliter,C12H18BNO2,O=C([O-])[O-].[Na+].[Na+],Na2CO3,0.635928 milligram,6.0 micromole,0.6359280000000002 microliter,CNa2O3,CN1C=NC2=C1C(=O)N(C(=O)N2C)C,caffeine,0.1553528 milligram,0.8 micromole,0.15535280000000004 microliter,C8H10N4O2,C1COCCO1,dioxane,32.445 milligram,368.2496084262139 micromole,31.5 microliter,C4H8O2,O,water,3.5 milligram,194.2825423258396 micromole,3.5 microliter,H2O,Cc1cc(C=O)c(C)n1-c1cc(Cl)cc(-c2ccc(N)cc2)c1,suzuki_product_0,0.0 milligram,0.0 micromole,0 microliter,C19H17ClN2O,Cc1cc(C=O)c(C)n1-c1cc(-c2ccc(N)cc2)cc(-c2ccc(N)cc2)c1,bis_addition_1,0.0 milligram,0.0 micromole,0 microliter,C25H23N3O,Cc1cc(C=O)c(C)n1-c1cccc(Cl)c1,dehalogenation_0,0.0 milligram,0.0 micromole,0 microliter,C13H12ClNO,CC1=CC(C=O)=C(C)N1C2=CC(Cl)=CC(Cl)=C2.B1(OC(C(O1)(C)C)(C)C)C2=CC=C(C=C2)N>>Cc1cc(C=O)c(C)n1-c1cc(Cl)cc(-c2ccc(N)cc2)c1.Cc1cc(C=O)c(C)n1-c1cc(-c2ccc(N)cc2)cc(-c2ccc(N)cc2)c1.Cc1cc(C=O)c(C)n1-c1cccc(Cl)c1.Nc1ccccc1,001_RLN-NB-2443_007_A11,,,Nc1ccccc1,deborylation_0,0.0 milligram,0.0 micromole,0 microliter,C6H7N,3/29/2023 5:04:21 PM,kat78-2-a11-a1_03_22_2023_11.raw,2min_150_1200.EXP,001_RLN-NB-2443_007_A11,KAT78-2-A11-A1_KAT78-2-A11-A1_KAT78-2-A11-A1,0,0,0,0,0,0,0,0,0,0,0,0,0,0,0,bis_addition_1,0,0,0,0,0,151.55125450061257,16.58979515357683,3.7829293743953283,194.9,0.7318,0,0,0,0,0,0,0,0,0,0,0,0,0,0,0,0,0,0,0,0,24.369009140820808,2.028259516163034,0.4624989297071408,416.1,1.0101,0,0,0,0,0,0,0,0,0,0,0,0,0,0,0,179.96459595988495,22.64569865762801,5.163841859564834,324.9,1.2318,0.0,0.0,0.0,0.0,0.0,77.63973568672657,6.488462608990122,1.4795478528209787,267.8,1.3234,0.0,0.0,0.001092030296841634,136.50378710520425,0.0,0.0,0.0,0.0,0.0,0.0,0.0,0.0,0.0,0.0,0.00031288934185983277,39.111167732479096,9.780757374696009e-05,12.225946718370011,0.0,0.0,0.0,0.0,0.0,0.0
11,A12,CC(C)C1=CC(C(C)C)=CC(C(C)C)=C1C2=C([P+](C3CCCCC3)([Pd-2]4(OS(C)(=O)=O)C(C=CC=C5)=C5C6=C([NH+]4C)C=CC=C6)C7CCCCC7)C=CC=C2,XPhos Pd G4,0.13767904 milligram,0.16000000000000003 micromole,0.13767904000000003 microliter,C47H64NO3PPdS,CC1=CC(C=O)=C(C)N1C2=CC(Cl)=CC(Cl)=C2,"1-(3,5-dichlorophenyl)-2,5-dimethyl-1H-pyrrole-3-carbaldehyde",0.2145144 milligram,0.8 micromole,0.21451440000000005 microliter,C13H11Cl2NO,B1(OC(C(O1)(C)C)(C)C)C2=CC=C(C=C2)N,"4-(4,4,5,5-tetramethyl-1,3,2-dioxaborolan-2-yl)aniline",0.21032928 milligram,0.9600000000000001 micromole,0.21032928000000006 microliter,C12H18BNO2,O=C([O-])[O-].[Na+].[Na+],Na2CO3,0.635928 milligram,6.0 micromole,0.6359280000000002 microliter,CNa2O3,CN1C=NC2=C1C(=O)N(C(=O)N2C)C,caffeine,0.1553528 milligram,0.8 micromole,0.15535280000000004 microliter,C8H10N4O2,C1COCCO1,dioxane,32.445 milligram,368.2496084262139 micromole,31.5 microliter,C4H8O2,O,water,3.5 milligram,194.2825423258396 micromole,3.5 microliter,H2O,Cc1cc(C=O)c(C)n1-c1cc(Cl)cc(-c2ccc(N)cc2)c1,suzuki_product_0,0.0 milligram,0.0 micromole,0 microliter,C19H17ClN2O,Cc1cc(C=O)c(C)n1-c1cc(-c2ccc(N)cc2)cc(-c2ccc(N)cc2)c1,bis_addition_1,0.0 milligram,0.0 micromole,0 microliter,C25H23N3O,Cc1cc(C=O)c(C)n1-c1cccc(Cl)c1,dehalogenation_0,0.0 milligram,0.0 micromole,0 microliter,C13H12ClNO,CC1=CC(C=O)=C(C)N1C2=CC(Cl)=CC(Cl)=C2.B1(OC(C(O1)(C)C)(C)C)C2=CC=C(C=C2)N>>Cc1cc(C=O)c(C)n1-c1cc(Cl)cc(-c2ccc(N)cc2)c1.Cc1cc(C=O)c(C)n1-c1cc(-c2ccc(N)cc2)cc(-c2ccc(N)cc2)c1.Cc1cc(C=O)c(C)n1-c1cccc(Cl)c1.Nc1ccccc1,001_RLN-NB-2443_007_A12,,,Nc1ccccc1,deborylation_0,0.0 milligram,0.0 micromole,0 microliter,C6H7N,3/29/2023 5:06:48 PM,kat78-2-a12-a1_03_22_2023_12.raw,2min_150_1200.EXP,001_RLN-NB-2443_007_A12,KAT78-2-A12-A1_KAT78-2-A12-A1_KAT78-2-A12-A1,0,0,0,0,0,0,0,0,0,0,0,0,0,0,0,bis_addition_1,0,0,0,0,0,155.36971932837596,11.882522127221943,3.9046916970429026,194.9,0.7334,0,0,0,0,0,0,0,0,0,0,0,0,0,0,0,0,0,0,0,0,46.34238315762965,2.789591191189428,0.9166819506632785,208.6,1.0101,0,0,0,0,0,0,0,0,0,0,0,0,0,0,0,204.77001763375995,20.94408874709319,6.8823948785714695,325.0,1.2284,0.0,0.0,0.0,0.0,0.0,67.18028735117295,6.072273234967454,1.9953974946475943,267.8,1.3234,0.0,0.0,0.0014100769868788646,176.25962335985804,0.0,0.0,0.0,0.0,0.0,0.0,0.0,0.0,0.0,0.0,0.00040882049584785334,51.10256198098166,0.00018781138625771643,23.47642328221455,0.0,0.0,0.0,0.0,0.0,0.0
12,A13,CC(C)C1=CC(C(C)C)=CC(C(C)C)=C1C2=C([P+](C3CCCCC3)([Pd-2]4(OS(C)(=O)=O)C(C=CC=C5)=C5C6=C([NH+]4C)C=CC=C6)C7CCCCC7)C=CC=C2,XPhos Pd G4,0.13767904 milligram,0.16000000000000003 micromole,0.13767904000000003 microliter,C47H64NO3PPdS,COC1=C(N)C(Cl)=NC=N1,4-chloro-6-methoxypyrimidin-5-amine,0.12766080000000002 milligram,0.8 micromole,0.12766080000000005 microliter,C5H6ClN3O,B1(OC(C(O1)(C)C)(C)C)C2=CN=C(C=C2)C,"2-methyl-5-(4,4,5,5-tetramethyl-1,3,2-dioxaborolan-2-yl)pyridine",0.21032928 milligram,0.9600000000000001 micromole,0.21032928000000006 microliter,C12H18BNO2,O=C([O-])[O-].[Na+].[Na+],Na2CO3,0.635928 milligram,6.0 micromole,0.6359280000000002 microliter,CNa2O3,CN1C=NC2=C1C(=O)N(C(=O)N2C)C,caffeine,0.1553528 milligram,0.8 micromole,0.15535280000000004 microliter,C8H10N4O2,C1COCCO1,dioxane,32.445 milligram,368.2496084262139 micromole,31.5 microliter,C4H8O2,O,water,3.5 milligram,194.2825423258396 micromole,3.5 microliter,H2O,COc1ncnc(-c2ccc(C)nc2)c1N,suzuki_product_0,0.0 milligram,0.0 micromole,0 microliter,C11H12N4O,COc1ncncc1N,dehalogenation_0,0.0 milligram,0.0 micromole,0 microliter,C5H7N3O,Cc1ccccn1,deborylation_0,0.0 milligram,0.0 micromole,0 microliter,C6H7N,COC1=C(N)C(Cl)=NC=N1.B1(OC(C(O1)(C)C)(C)C)C2=CN=C(C=C2)C>>COc1ncnc(-c2ccc(C)nc2)c1N.COc1ncncc1N.Cc1ccccn1,001_RLN-NB-2443_007_A13,,,,,,,,,3/29/2023 5:09:16 PM,kat78-2-a13-a1_03_22_2023_13.raw,2min_150_1200.EXP,001_RLN-NB-2443_007_A13,KAT78-2-A13-A1_KAT78-2-A13-A1_KAT78-2-A13-A1,0,0,0,0,0,0,0,0,0,0,0,0,0,0,0,deborylation_0,0,0,0,0,0,149.24845631498576,24.931910958414562,3.7238822411911467,195,0.7318,0,0,0,0,0,0,0,0,0,0,0,0,0,0,0,0,0,0,0,0,0,0,0,0,0,0,0,0,0,0,0,0,0,0,0,0,0,0,0,0,22.47303814170025,3.452903294407582,0.5157328405368437,217.0,0.6484,0.0,0.0,0.0,0.0,0.0,0.0,0.0,0.0,0.0,0.0,0.0,0.0,0.00011079466151365254,13.849332689206568,0.0,0.0,0.0,0.0,0.0,0.0,0.0,0.0,0.0,0.0,0.0,0.0,0.0,0.0,0.0,0.0,0.0,0.0,0.0,0.0
13,A14,CC(C)C1=CC(C(C)C)=CC(C(C)C)=C1C2=C([P+](C3CCCCC3)([Pd-2]4(OS(C)(=O)=O)C(C=CC=C5)=C5C6=C([NH+]4C)C=CC=C6)C7CCCCC7)C=CC=C2,XPhos Pd G4,0.13767904 milligram,0.16000000000000003 micromole,0.13767904000000003 microliter,C47H64NO3PPdS,COC1=C(N)C(Cl)=NC=N1,4-chloro-6-methoxypyrimidin-5-amine,0.12766080000000002 milligram,0.8 micromole,0.12766080000000005 microliter,C5H6ClN3O,B1(OC(C(O1)(C)C)(C)C)C2=CN(N=C2C)C,"1,3-dimethyl-4-(4,4,5,5-tetramethyl-1,3,2-dioxaborolan-2-yl)-1H-pyrazole",0.21321311999999998 milligram,0.9600000000000001 micromole,0.21321312000000003 microliter,C11H19BN2O2,O=C([O-])[O-].[Na+].[Na+],Na2CO3,0.635928 milligram,6.0 micromole,0.6359280000000002 microliter,CNa2O3,CN1C=NC2=C1C(=O)N(C(=O)N2C)C,caffeine,0.1553528 milligram,0.8 micromole,0.15535280000000004 microliter,C8H10N4O2,C1COCCO1,dioxane,32.445 milligram,368.2496084262139 micromole,31.5 microliter,C4H8O2,O,water,3.5 milligram,194.2825423258396 micromole,3.5 microliter,H2O,COc1ncnc(-c2cn(C)nc2C)c1N,suzuki_product_0,0.0 milligram,0.0 micromole,0 microliter,C10H13N5O,COc1ncncc1N,dehalogenation_0,0.0 milligram,0.0 micromole,0 microliter,C5H7N3O,Cc1ccn(C)n1,deborylation_0,0.0 milligram,0.0 micromole,0 microliter,C5H8N2,COC1=C(N)C(Cl)=NC=N1.B1(OC(C(O1)(C)C)(C)C)C2=CN(N=C2C)C>>COc1ncnc(-c2cn(C)nc2C)c1N.COc1ncncc1N.Cc1ccn(C)n1,001_RLN-NB-2443_007_A14,,,,,,,,,3/29/2023 5:11:44 PM,kat78-2-a14-a1_03_22_2023_14.raw,2min_150_1200.EXP,001_RLN-NB-2443_007_A14,KAT78-2-A14-A1_KAT78-2-A14-A1_KAT78-2-A14-A1,0,0,0,0,0,0,0,0,0,0,0,0,0,0,0,deborylation_0,0,0,0,0,0,156.54215085877385,27.084069664528325,4.269814922420185,194.9,0.7318,0,0,0,0,0,0,0,0,0,0,0,0,0,0,0,0,0,0,0,0,0,0,0,0,0,0,0,0,0,0,10.333558308741177,2.5697321253355665,0.40511934547822404,159.9,0.8151,0,0,0,0,0,41.81776463614793,5.2423955075777755,0.8264658467039853,440.0,1.3669,18.206784039932568,2.5018850311434213,0.3944232226719872,220.0,0.6951,0.0,0.0,0.0,0.0,0.0,0.0,0.0,0.0001548480881200413,19.356011015005162,0.0,0.0,0.0,0.0,7.389982560619713e-05,9.23747820077464,0.0,0.0,0.0,0.0,0.0,0.0,0.0,0.0,0.0,0.0,7.590386990330669e-05,9.487983737913336,0.0,0.0
14,A15,CC(C)C1=CC(C(C)C)=CC(C(C)C)=C1C2=C([P+](C3CCCCC3)([Pd-2]4(OS(C)(=O)=O)C(C=CC=C5)=C5C6=C([NH+]4C)C=CC=C6)C7CCCCC7)C=CC=C2,XPhos Pd G4,0.13767904 milligram,0.16000000000000003 micromole,0.13767904000000003 microliter,C47H64NO3PPdS,COC1=C(N)C(Cl)=NC=N1,4-chloro-6-methoxypyrimidin-5-amine,0.12766080000000002 milligram,0.8 micromole,0.12766080000000005 microliter,C5H6ClN3O,B1(OC(C(O1)(C)C)(C)C)C2=CCN(CC2)C(=O)OC(C)(C)C,"N-Boc-1,2,5,6-tetrahydropyridine-4-boronic acid pinacol ester",0.29684640000000007 milligram,0.9600000000000001 micromole,0.2968464000000001 microliter,C16H28BNO4,O=C([O-])[O-].[Na+].[Na+],Na2CO3,0.635928 milligram,6.0 micromole,0.6359280000000002 microliter,CNa2O3,CN1C=NC2=C1C(=O)N(C(=O)N2C)C,caffeine,0.1553528 milligram,0.8 micromole,0.15535280000000004 microliter,C8H10N4O2,C1COCCO1,dioxane,32.445 milligram,368.2496084262139 micromole,31.5 microliter,C4H8O2,O,water,3.5 milligram,194.2825423258396 micromole,3.5 microliter,H2O,COc1ncnc(C2=CCN(C(=O)OC(C)(C)C)CC2)c1N,suzuki_product_0,0.0 milligram,0.0 micromole,0 microliter,C15H22N4O3,COc1ncncc1N,dehalogenation_0,0.0 milligram,0.0 micromole,0 microliter,C5H7N3O,CC(C)(C)OC(=O)N1CC=CCC1,deborylation_0,0.0 milligram,0.0 micromole,0 microliter,C10H17NO2,COC1=C(N)C(Cl)=NC=N1.B1(OC(C(O1)(C)C)(C)C)C2=CCN(CC2)C(=O)OC(C)(C)C>>COc1ncnc(C2=CCN(C(=O)OC(C)(C)C)CC2)c1N.COc1ncncc1N.CC(C)(C)OC(=O)N1CC=CCC1,001_RLN-NB-2443_007_A15,,,,,,,,,3/29/2023 5:14:12 PM,kat78-2-a15-a1_03_22_2023_15.raw,2min_150_1200.EXP,001_RLN-NB-2443_007_A15,KAT78-2-A15-A1_KAT78-2-A15-A1_KAT78-2-A15-A1,0,0,0,0,0,0,0,0,0,0,0,0,0,0,0,deborylation_0,0,0,0,0,0,149.35972064197816,18.304447974448294,3.7677105316661357,195,0.7301,0,0,0,0,0,0,0,0,0,0,19.498302799549812,2.8722357692149787,0.5912089221267888,308.9,1.5534,0,0,0,0,0,0,0,0,0,0,0,0,0,0,0,0,0,0,0,0,0,0,0,0,0,157.97195365679616,21.657658147987725,4.457921200863622,306.9,0.9951,0.0,0.0,0.0,0.0,0.0,0.0,0.0,0.0,0.0,0.0,0.0,0.0,0.0009465528019515375,118.31910024394219,0.0,0.0,0.0,0.0,0.0,0.0,0.0001255317078438821,15.691463480485263,0.0,0.0,0.0,0.0,0.0,0.0,0.0,0.0,0.0,0.0,0.0,0.0
15,A16,CC(C)C1=CC(C(C)C)=CC(C(C)C)=C1C2=C([P+](C3CCCCC3)([Pd-2]4(OS(C)(=O)=O)C(C=CC=C5)=C5C6=C([NH+]4C)C=CC=C6)C7CCCCC7)C=CC=C2,XPhos Pd G4,0.13767904 milligram,0.16000000000000003 micromole,0.13767904000000003 microliter,C47H64NO3PPdS,COC1=C(N)C(Cl)=NC=N1,4-chloro-6-methoxypyrimidin-5-amine,0.12766080000000002 milligram,0.8 micromole,0.12766080000000005 microliter,C5H6ClN3O,B1(OC(C(O1)(C)C)(C)C)C2=CCN(CC2)C(=O)OC(C)(C)C,"N-Boc-1,2,5,6-tetrahydropyridine-4-boronic acid pinacol ester",0.29684640000000007 milligram,0.9600000000000001 micromole,0.2968464000000001 microliter,C16H28BNO4,O=C([O-])[O-].[Na+].[Na+],Na2CO3,0.635928 milligram,6.0 micromole,0.6359280000000002 microliter,CNa2O3,CN1C=NC2=C1C(=O)N(C(=O)N2C)C,caffeine,0.1553528 milligram,0.8 micromole,0.15535280000000004 microliter,C8H10N4O2,C1COCCO1,dioxane,32.445 milligram,368.2496084262139 micromole,31.5 microliter,C4H8O2,O,water,3.5 milligram,194.2825423258396 micromole,3.5 microliter,H2O,COc1ncnc(C2=CCN(C(=O)OC(C)(C)C)CC2)c1N,suzuki_product_0,0.0 milligram,0.0 micromole,0 microliter,C15H22N4O3,COc1ncncc1N,dehalogenation_0,0.0 milligram,0.0 micromole,0 microliter,C5H7N3O,CC(C)(C)OC(=O)N1CC=CCC1,deborylation_0,0.0 milligram,0.0 micromole,0 microliter,C10H17NO2,COC1=C(N)C(Cl)=NC=N1.B1(OC(C(O1)(C)C)(C)C)C2=CCN(CC2)C(=O)OC(C)(C)C>>COc1ncnc(C2=CCN(C(=O)OC(C)(C)C)CC2)c1N.COc1ncncc1N.CC(C)(C)OC(=O)N1CC=CCC1,001_RLN-NB-2443_007_A16,,,,,,,,,3/29/2023 5:16:39 PM,kat78-2-a16-a1_03_22_2023_16.raw,2min_150_1200.EXP,001_RLN-NB-2443_007_A16,KAT78-2-A16-A1_KAT78-2-A16-A1_KAT78-2-A16-A1,0,0,0,0,0,0,0,0,0,0,0,0,0,0,0,deborylation_0,0,0,0,0,0,162.74479154601696,20.59228639783852,4.250537522417414,194.9,0.7318,0,0,0,0,0,0,0,0,0,0,0,0,0,0,0,0,0,0,0,0,0,0,0,0,0,0,0,0,0,0,0,0,0,0,0,0,0,0,0,0,183.22212720270244,24.869148383274826,5.133341985995864,251.0,0.9968,0.0,0.0,0.0,0.0,0.0,0.0,0.0,0.0,0.0,0.0,0.0,0.0,0.0009661539433866937,120.7692429233367,0.0,0.0,0.0,0.0,0.0,0.0,0.0,0.0,0.0,0.0,0.0,0.0,0.0,0.0,0.0,0.0,0.0,0.0,0.0,0.0
16,A17,CC(C)C1=CC(C(C)C)=CC(C(C)C)=C1C2=C([P+](C3CCCCC3)([Pd-2]4(OS(C)(=O)=O)C(C=CC=C5)=C5C6=C([NH+]4C)C=CC=C6)C7CCCCC7)C=CC=C2,XPhos Pd G4,0.13767904 milligram,0.16000000000000003 micromole,0.13767904000000003 microliter,C47H64NO3PPdS,COC1=C(N)C(Cl)=NC=N1,4-chloro-6-methoxypyrimidin-5-amine,0.12766080000000002 milligram,0.8 micromole,0.12766080000000005 microliter,C5H6ClN3O,B1(OC(C(O1)(C)C)(C)C)C2=CC=C(C=C2)N,"4-(4,4,5,5-tetramethyl-1,3,2-dioxaborolan-2-yl)aniline",0.21032928 milligram,0.9600000000000001 micromole,0.21032928000000006 microliter,C12H18BNO2,O=C([O-])[O-].[Na+].[Na+],Na2CO3,0.635928 milligram,6.0 micromole,0.6359280000000002 microliter,CNa2O3,CN1C=NC2=C1C(=O)N(C(=O)N2C)C,caffeine,0.1553528 milligram,0.8 micromole,0.15535280000000004 microliter,C8H10N4O2,C1COCCO1,dioxane,32.445 milligram,368.2496084262139 micromole,31.5 microliter,C4H8O2,O,water,3.5 milligram,194.2825423258396 micromole,3.5 microliter,H2O,COc1ncnc(-c2ccc(N)cc2)c1N,suzuki_product_0,0.0 milligram,0.0 micromole,0 microliter,C11H12N4O,COc1ncncc1N,dehalogenation_0,0.0 milligram,0.0 micromole,0 microliter,C5H7N3O,Nc1ccccc1,deborylation_0,0.0 milligram,0.0 micromole,0 microliter,C6H7N,COC1=C(N)C(Cl)=NC=N1.B1(OC(C(O1)(C)C)(C)C)C2=CC=C(C=C2)N>>COc1ncnc(-c2ccc(N)cc2)c1N.COc1ncncc1N.Nc1ccccc1,001_RLN-NB-2443_007_A17,,,,,,,,,3/29/2023 5:19:06 PM,kat78-2-a17-a1_03_22_2023_17.raw,2min_150_1200.EXP,001_RLN-NB-2443_007_A17,KAT78-2-A17-A1_KAT78-2-A17-A1_KAT78-2-A17-A1,0,0,0,0,0,0,0,0,0,0,0,0,0,0,0,deborylation_0,0,0,0,0,0,159.86232109822282,24.810047236359594,4.161541530914483,194.9,0.7334,0,0,0,0,0,0,0,0,0,0,0,0,0,0,0,0,0,0,0,0,0,0,0,0,0,0,0,0,0,0,0,0,0,0,0,0,0,0,0,0,47.90824977579721,8.181298269830254,1.3722993834852983,217.0,0.6568,0.0,0.0,0.0,0.0,0.0,0.0,0.0,0.0,0.0,0.0,0.0,0.0,0.00026380597156914413,32.97574644614302,0.0,0.0,0.0,0.0,0.0,0.0,0.0,0.0,0.0,0.0,0.0,0.0,0.0,0.0,0.0,0.0,0.0,0.0,0.0,0.0
17,A18,CC(C)C1=CC(C(C)C)=CC(C(C)C)=C1C2=C([P+](C3CCCCC3)([Pd-2]4(OS(C)(=O)=O)C(C=CC=C5)=C5C6=C([NH+]4C)C=CC=C6)C7CCCCC7)C=CC=C2,XPhos Pd G4,0.13767904 milligram,0.16000000000000003 micromole,0.13767904000000003 microliter,C47H64NO3PPdS,COC1=C(N)C(Cl)=NC=N1,4-chloro-6-methoxypyrimidin-5-amine,0.12766080000000002 milligram,0.8 micromole,0.12766080000000005 microliter,C5H6ClN3O,B1(OC(C(O1)(C)C)(C)C)C2=CC=C(C=C2)N,"4-(4,4,5,5-tetramethyl-1,3,2-dioxaborolan-2-yl)aniline",0.21032928 milligram,0.9600000000000001 micromole,0.21032928000000006 microliter,C12H18BNO2,O=C([O-])[O-].[Na+].[Na+],Na2CO3,0.635928 milligram,6.0 micromole,0.6359280000000002 microliter,CNa2O3,CN1C=NC2=C1C(=O)N(C(=O)N2C)C,caffeine,0.1553528 milligram,0.8 micromole,0.15535280000000004 microliter,C8H10N4O2,C1COCCO1,dioxane,32.445 milligram,368.2496084262139 micromole,31.5 microliter,C4H8O2,O,water,3.5 milligram,194.2825423258396 micromole,3.5 microliter,H2O,COc1ncnc(-c2ccc(N)cc2)c1N,suzuki_product_0,0.0 milligram,0.0 micromole,0 microliter,C11H12N4O,COc1ncncc1N,dehalogenation_0,0.0 milligram,0.0 micromole,0 microliter,C5H7N3O,Nc1ccccc1,deborylation_0,0.0 milligram,0.0 micromole,0 microliter,C6H7N,COC1=C(N)C(Cl)=NC=N1.B1(OC(C(O1)(C)C)(C)C)C2=CC=C(C=C2)N>>COc1ncnc(-c2ccc(N)cc2)c1N.COc1ncncc1N.Nc1ccccc1,001_RLN-NB-2443_007_A18,,,,,,,,,3/29/2023 5:21:33 PM,kat78-2-a18-a1_03_22_2023_18.raw,2min_150_1200.EXP,001_RLN-NB-2443_007_A18,KAT78-2-A18-A1_KAT78-2-A18-A1_KAT78-2-A18-A1,0,0,0,0,0,0,0,0,0,0,0,0,0,0,0,deborylation_0,0,0,0,0,0,155.72546734140533,26.711283383054973,3.9839221608753683,195,0.7334,0,0,0,0,0,0,0,0,0,0,0,0,0,0,0,0,0,0,0,0,0,0,0,0,0,0,0,0,0,0,0,0,0,0,0,0,0,0,0,0,66.37551407142995,12.075818150043133,1.801078549792825,216.9,0.6534,0.0,0.0,0.0,0.0,0.0,0.0,0.0,0.0,0.0,0.0,0.0,0.0,0.0003616694256691165,45.208678208639554,0.0,0.0,0.0,0.0,0.0,0.0,0.0,0.0,0.0,0.0,0.0,0.0,0.0,0.0,0.0,0.0,0.0,0.0,0.0,0.0
18,A19,CC(C)C1=CC(C(C)C)=CC(C(C)C)=C1C2=C([P+](C3CCCCC3)([Pd-2]4(OS(C)(=O)=O)C(C=CC=C5)=C5C6=C([NH+]4C)C=CC=C6)C7CCCCC7)C=CC=C2,XPhos Pd G4,0.13767904 milligram,0.16000000000000003 micromole,0.13767904000000003 microliter,C47H64NO3PPdS,CC1=C(N2CCCC2=O)C=CC(Br)=C1,1-(4-bromo-2-methylphenyl)pyrrolidin-2-one,0.20330160000000003 milligram,0.8 micromole,0.20330160000000008 microliter,C11H12BrNO,B1(OC(C(O1)(C)C)(C)C)C2=CN=C(C=C2)C,"2-methyl-5-(4,4,5,5-tetramethyl-1,3,2-dioxaborolan-2-yl)pyridine",0.21032928 milligram,0.9600000000000001 micromole,0.21032928000000006 microliter,C12H18BNO2,O=C([O-])[O-].[Na+].[Na+],Na2CO3,0.635928 milligram,6.0 micromole,0.6359280000000002 microliter,CNa2O3,CN1C=NC2=C1C(=O)N(C(=O)N2C)C,caffeine,0.1553528 milligram,0.8 micromole,0.15535280000000004 microliter,C8H10N4O2,C1COCCO1,dioxane,32.445 milligram,368.2496084262139 micromole,31.5 microliter,C4H8O2,O,water,3.5 milligram,194.2825423258396 micromole,3.5 microliter,H2O,Cc1ccc(-c2ccc(N3CCCC3=O)c(C)c2)cn1,suzuki_product_0,0.0 milligram,0.0 micromole,0 microliter,C17H18N2O,Cc1ccccc1N1CCCC1=O,dehalogenation_0,0.0 milligram,0.0 micromole,0 microliter,C11H13NO,Cc1ccccn1,deborylation_0,0.0 milligram,0.0 micromole,0 microliter,C6H7N,CC1=C(N2CCCC2=O)C=CC(Br)=C1.B1(OC(C(O1)(C)C)(C)C)C2=CN=C(C=C2)C>>Cc1ccc(-c2ccc(N3CCCC3=O)c(C)c2)cn1.Cc1ccccc1N1CCCC1=O.Cc1ccccn1,001_RLN-NB-2443_007_A19,,,,,,,,,3/29/2023 5:24:00 PM,kat78-2-a19-a1_03_22_2023_19.raw,2min_150_1200.EXP,001_RLN-NB-2443_007_A19,KAT78-2-A19-A1_KAT78-2-A19-A1_KAT78-2-A19-A1,0,0,0,0,0,0,0,0,0,0,0,0,0,0,0,deborylation_0,0,0,0,0,0,154.98397312521413,20.30244243305693,3.6233067932299194,195,0.7318,0,0,0,0,0,12.126881925664739,1.5373134460155298,0.27435902210476404,175.9,1.0584,0,0,0,0,0,0,0,0,0,0,0,0,0,0,0,0,0,0,0,0,0,0,0,0,0,0,0,0,0,0,166.14136817270935,28.025656747440024,5.001642182341097,267.0,0.7751,0.0,0.0,0.0,0.0,0.0,0.0,0.0,0.0,0.0,0.0,0.0,0.0,0.001104326510067891,138.0408137584864,6.057649274798342e-05,7.572061593497927,0.0,0.0,0.0,0.0,0.0,0.0,0.0,0.0,0.0,0.0,0.0,0.0,0.0,0.0,0.0,0.0,0.0,0.0
19,A20,CC(C)C1=CC(C(C)C)=CC(C(C)C)=C1C2=C([P+](C3CCCCC3)([Pd-2]4(OS(C)(=O)=O)C(C=CC=C5)=C5C6=C([NH+]4C)C=CC=C6)C7CCCCC7)C=CC=C2,XPhos Pd G4,0.13767904 milligram,0.16000000000000003 micromole,0.13767904000000003 microliter,C47H64NO3PPdS,CC1=C(N2CCCC2=O)C=CC(Br)=C1,1-(4-bromo-2-methylphenyl)pyrrolidin-2-one,0.20330160000000003 milligram,0.8 micromole,0.20330160000000008 microliter,C11H12BrNO,B1(OC(C(O1)(C)C)(C)C)C2=CN(N=C2C)C,"1,3-dimethyl-4-(4,4,5,5-tetramethyl-1,3,2-dioxaborolan-2-yl)-1H-pyrazole",0.21321311999999998 milligram,0.9600000000000001 micromole,0.21321312000000003 microliter,C11H19BN2O2,O=C([O-])[O-].[Na+].[Na+],Na2CO3,0.635928 milligram,6.0 micromole,0.6359280000000002 microliter,CNa2O3,CN1C=NC2=C1C(=O)N(C(=O)N2C)C,caffeine,0.1553528 milligram,0.8 micromole,0.15535280000000004 microliter,C8H10N4O2,C1COCCO1,dioxane,32.445 milligram,368.2496084262139 micromole,31.5 microliter,C4H8O2,O,water,3.5 milligram,194.2825423258396 micromole,3.5 microliter,H2O,Cc1cc(-c2cn(C)nc2C)ccc1N1CCCC1=O,suzuki_product_0,0.0 milligram,0.0 micromole,0 microliter,C16H19N3O,Cc1ccccc1N1CCCC1=O,dehalogenation_0,0.0 milligram,0.0 micromole,0 microliter,C11H13NO,Cc1ccn(C)n1,deborylation_0,0.0 milligram,0.0 micromole,0 microliter,C5H8N2,CC1=C(N2CCCC2=O)C=CC(Br)=C1.B1(OC(C(O1)(C)C)(C)C)C2=CN(N=C2C)C>>Cc1cc(-c2cn(C)nc2C)ccc1N1CCCC1=O.Cc1ccccc1N1CCCC1=O.Cc1ccn(C)n1,001_RLN-NB-2443_007_A20,,,,,,,,,3/29/2023 5:26:27 PM,kat78-2-a20-a1_03_22_2023_20.raw,2min_150_1200.EXP,001_RLN-NB-2443_007_A20,KAT78-2-A20-A1_KAT78-2-A20-A1_KAT78-2-A20-A1,0,0,0,0,0,0,0,0,0,0,0,0,0,0,0,deborylation_0,0,0,0,0,0,154.333372327928,19.88489131032533,3.85500747550684,194.9,0.7318,0,0,0,0,0,0,0,0,0,0,0,0,0,0,0,0,0,0,0,0,0,0,0,0,0,0,0,0,0,0,0,0,0,0,0,27.661877944588692,2.7895042898845936,0.5407904786927183,253.8,1.1868,201.50925609994272,30.074112109496287,5.830352562256082,270.0,0.9968,0.0,0.0,0.0,0.0,0.0,0.0,0.0,0.0,0.0,0.0,0.0,0.0,0.0012099281465573878,151.24101831967346,0.0,0.0,0.0,0.0,0.0,0.0,0.0,0.0,0.0,0.0,0.0,0.0,0.0,0.0,0.0,0.0,0.0,0.0,0.00011222608145456163,14.028260181820205
20,A21,CC(C)C1=CC(C(C)C)=CC(C(C)C)=C1C2=C([P+](C3CCCCC3)([Pd-2]4(OS(C)(=O)=O)C(C=CC=C5)=C5C6=C([NH+]4C)C=CC=C6)C7CCCCC7)C=CC=C2,XPhos Pd G4,0.13767904 milligram,0.16000000000000003 micromole,0.13767904000000003 microliter,C47H64NO3PPdS,CC1=C(N2CCCC2=O)C=CC(Br)=C1,1-(4-bromo-2-methylphenyl)pyrrolidin-2-one,0.20330160000000003 milligram,0.8 micromole,0.20330160000000008 microliter,C11H12BrNO,B1(OC(C(O1)(C)C)(C)C)C2=CCN(CC2)C(=O)OC(C)(C)C,"N-Boc-1,2,5,6-tetrahydropyridine-4-boronic acid pinacol ester",0.29684640000000007 milligram,0.9600000000000001 micromole,0.2968464000000001 microliter,C16H28BNO4,O=C([O-])[O-].[Na+].[Na+],Na2CO3,0.635928 milligram,6.0 micromole,0.6359280000000002 microliter,CNa2O3,CN1C=NC2=C1C(=O)N(C(=O)N2C)C,caffeine,0.1553528 milligram,0.8 micromole,0.15535280000000004 microliter,C8H10N4O2,C1COCCO1,dioxane,32.445 milligram,368.2496084262139 micromole,31.5 microliter,C4H8O2,O,water,3.5 milligram,194.2825423258396 micromole,3.5 microliter,H2O,Cc1cc(C2=CCN(C(=O)OC(C)(C)C)CC2)ccc1N1CCCC1=O,suzuki_product_0,0.0 milligram,0.0 micromole,0 microliter,C21H28N2O3,Cc1ccccc1N1CCCC1=O,dehalogenation_0,0.0 milligram,0.0 micromole,0 microliter,C11H13NO,CC(C)(C)OC(=O)N1CC=CCC1,deborylation_0,0.0 milligram,0.0 micromole,0 microliter,C10H17NO2,CC1=C(N2CCCC2=O)C=CC(Br)=C1.B1(OC(C(O1)(C)C)(C)C)C2=CCN(CC2)C(=O)OC(C)(C)C>>Cc1cc(C2=CCN(C(=O)OC(C)(C)C)CC2)ccc1N1CCCC1=O.Cc1ccccc1N1CCCC1=O.CC(C)(C)OC(=O)N1CC=CCC1,001_RLN-NB-2443_007_A21,,,,,,,,,3/29/2023 5:28:56 PM,kat78-2-a21-a1_03_22_2023_21.raw,2min_150_1200.EXP,001_RLN-NB-2443_007_A21,KAT78-2-A21-A1_KAT78-2-A21-A1_KAT78-2-A21-A1,0,0,0,0,0,0,0,0,0,0,0,0,0,0,0,deborylation_0,0,0,0,0,0,178.1247556985667,14.190478055763014,4.43855601958471,195,0.7318,0,0,0,0,0,11.722642733477885,1.2941793648790485,0.40479873812801936,176,1.0268,0,0,0,0,0,0,0,0,0,0,0,0,0,0,0,0,0,0,0,0,0,0,0,0,0,25.011130694827497,1.7371802108936578,0.5433623625550851,253.8,1.1868,0.0,0.0,0.0,0.0,0.0,0.0,0.0,0.0,0.0,0.0,0.0,0.0,0.0,0.0,0.0,0.0,0.0,0.0,0.0,7.296043782561411e-05,9.120054728201762,0.0,0.0,0.0,0.0,0.0,0.0,0.0,0.0,0.0,0.0,0.0,0.0,0.0,0.0,0.0,0.0,9.793497888187958e-05,12.241872360234947
21,A22,CC(C)C1=CC(C(C)C)=CC(C(C)C)=C1C2=C([P+](C3CCCCC3)([Pd-2]4(OS(C)(=O)=O)C(C=CC=C5)=C5C6=C([NH+]4C)C=CC=C6)C7CCCCC7)C=CC=C2,XPhos Pd G4,0.13767904 milligram,0.16000000000000003 micromole,0.13767904000000003 microliter,C47H64NO3PPdS,CC1=C(N2CCCC2=O)C=CC(Br)=C1,1-(4-bromo-2-methylphenyl)pyrrolidin-2-one,0.20330160000000003 milligram,0.8 micromole,0.20330160000000008 microliter,C11H12BrNO,B1(OC(C(O1)(C)C)(C)C)C2=CCN(CC2)C(=O)OC(C)(C)C,"N-Boc-1,2,5,6-tetrahydropyridine-4-boronic acid pinacol ester",0.29684640000000007 milligram,0.9600000000000001 micromole,0.2968464000000001 microliter,C16H28BNO4,O=C([O-])[O-].[Na+].[Na+],Na2CO3,0.635928 milligram,6.0 micromole,0.6359280000000002 microliter,CNa2O3,CN1C=NC2=C1C(=O)N(C(=O)N2C)C,caffeine,0.1553528 milligram,0.8 micromole,0.15535280000000004 microliter,C8H10N4O2,C1COCCO1,dioxane,32.445 milligram,368.2496084262139 micromole,31.5 microliter,C4H8O2,O,water,3.5 milligram,194.2825423258396 micromole,3.5 microliter,H2O,Cc1cc(C2=CCN(C(=O)OC(C)(C)C)CC2)ccc1N1CCCC1=O,suzuki_product_0,0.0 milligram,0.0 micromole,0 microliter,C21H28N2O3,Cc1ccccc1N1CCCC1=O,dehalogenation_0,0.0 milligram,0.0 micromole,0 microliter,C11H13NO,CC(C)(C)OC(=O)N1CC=CCC1,deborylation_0,0.0 milligram,0.0 micromole,0 microliter,C10H17NO2,CC1=C(N2CCCC2=O)C=CC(Br)=C1.B1(OC(C(O1)(C)C)(C)C)C2=CCN(CC2)C(=O)OC(C)(C)C>>Cc1cc(C2=CCN(C(=O)OC(C)(C)C)CC2)ccc1N1CCCC1=O.Cc1ccccc1N1CCCC1=O.CC(C)(C)OC(=O)N1CC=CCC1,001_RLN-NB-2443_007_A22,,,,,,,,,3/29/2023 5:31:23 PM,kat78-2-a22-a1_03_22_2023_22.raw,2min_150_1200.EXP,001_RLN-NB-2443_007_A22,KAT78-2-A22-A1_KAT78-2-A22-A1_KAT78-2-A22-A1,0,0,0,0,0,0,0,0,0,0,0,0,0,0,0,deborylation_0,0,0,0,0,0,181.88963902658827,21.439267349741847,4.52101762597992,195,0.7334,28.00150502774582,3.2641634373088153,0.6883323106808522,357.2,1.3234,0,0,0,0,0,0,0,0,0,0,0,0,0,0,0,0,0,0,0,0,0,0,0,0,0,0,0,0,0,0,0,0,0,0,0,28.00150502774582,3.2641634373088153,0.6883323106808522,357.2,1.3234,0.0,0.0,0.0,0.0,0.0,0.0,0.0,0.0,0.0,0.0,0.0,0.0,0.00012180130539201919,15.225163174002398,0.0,0.0,0.00012180130539201919,15.225163174002398,0.0,0.0,0.0,0.0,0.0,0.0,0.0,0.0,0.0,0.0,0.0,0.0,0.0,0.0,0.0,0.0
22,A23,CC(C)C1=CC(C(C)C)=CC(C(C)C)=C1C2=C([P+](C3CCCCC3)([Pd-2]4(OS(C)(=O)=O)C(C=CC=C5)=C5C6=C([NH+]4C)C=CC=C6)C7CCCCC7)C=CC=C2,XPhos Pd G4,0.13767904 milligram,0.16000000000000003 micromole,0.13767904000000003 microliter,C47H64NO3PPdS,CC1=C(N2CCCC2=O)C=CC(Br)=C1,1-(4-bromo-2-methylphenyl)pyrrolidin-2-one,0.20330160000000003 milligram,0.8 micromole,0.20330160000000008 microliter,C11H12BrNO,B1(OC(C(O1)(C)C)(C)C)C2=CC=C(C=C2)N,"4-(4,4,5,5-tetramethyl-1,3,2-dioxaborolan-2-yl)aniline",0.21032928 milligram,0.9600000000000001 micromole,0.21032928000000006 microliter,C12H18BNO2,O=C([O-])[O-].[Na+].[Na+],Na2CO3,0.635928 milligram,6.0 micromole,0.6359280000000002 microliter,CNa2O3,CN1C=NC2=C1C(=O)N(C(=O)N2C)C,caffeine,0.1553528 milligram,0.8 micromole,0.15535280000000004 microliter,C8H10N4O2,C1COCCO1,dioxane,32.445 milligram,368.2496084262139 micromole,31.5 microliter,C4H8O2,O,water,3.5 milligram,194.2825423258396 micromole,3.5 microliter,H2O,Cc1cc(-c2ccc(N)cc2)ccc1N1CCCC1=O,suzuki_product_0,0.0 milligram,0.0 micromole,0 microliter,C17H18N2O,Cc1ccccc1N1CCCC1=O,dehalogenation_0,0.0 milligram,0.0 micromole,0 microliter,C11H13NO,Nc1ccccc1,deborylation_0,0.0 milligram,0.0 micromole,0 microliter,C6H7N,CC1=C(N2CCCC2=O)C=CC(Br)=C1.B1(OC(C(O1)(C)C)(C)C)C2=CC=C(C=C2)N>>Cc1cc(-c2ccc(N)cc2)ccc1N1CCCC1=O.Cc1ccccc1N1CCCC1=O.Nc1ccccc1,001_RLN-NB-2443_007_A23,,,,,,,,,3/29/2023 5:33:50 PM,kat78-2-a23-a1_03_22_2023_23.raw,2min_150_1200.EXP,001_RLN-NB-2443_007_A23,KAT78-2-A23-A1_KAT78-2-A23-A1_KAT78-2-A23-A1,0,0,0,0,0,0,0,0,0,0,0,0,0,0,0,deborylation_0,0,0,0,0,0,201.35948259813827,18.368694295482467,5.084782344935515,194.9,0.7318,0,0,0,0,0,17.37485080965071,1.4780819448319586,0.40915945665761805,175.8,1.0251,0,0,0,0,0,0,0,0,0,0,0,0,0,0,0,0,0,0,0,0,0,0,0,0,0,35.74708705353601,2.533134928125797,0.7012169483947109,255.9,1.1868,232.34412742357262,23.722384910406813,6.566779436351494,267.0,0.8851,0.0,0.0,0.0,0.0,0.0,0.0,0.0,0.0,0.0,0.0,0.0,0.0,0.0010331658648700369,129.1457331087546,6.437395804210093e-05,8.046744755262617,0.0,0.0,0.0,0.0,0.0,0.0,0.0,0.0,0.0,0.0,0.0,0.0,0.0,0.0,0.0,0.0,0.00011032400615426596,13.790500769283245
23,A24,CC(C)C1=CC(C(C)C)=CC(C(C)C)=C1C2=C([P+](C3CCCCC3)([Pd-2]4(OS(C)(=O)=O)C(C=CC=C5)=C5C6=C([NH+]4C)C=CC=C6)C7CCCCC7)C=CC=C2,XPhos Pd G4,0.13767904 milligram,0.16000000000000003 micromole,0.13767904000000003 microliter,C47H64NO3PPdS,CC1=C(N2CCCC2=O)C=CC(Br)=C1,1-(4-bromo-2-methylphenyl)pyrrolidin-2-one,0.20330160000000003 milligram,0.8 micromole,0.20330160000000008 microliter,C11H12BrNO,B1(OC(C(O1)(C)C)(C)C)C2=CC=C(C=C2)N,"4-(4,4,5,5-tetramethyl-1,3,2-dioxaborolan-2-yl)aniline",0.21032928 milligram,0.9600000000000001 micromole,0.21032928000000006 microliter,C12H18BNO2,O=C([O-])[O-].[Na+].[Na+],Na2CO3,0.635928 milligram,6.0 micromole,0.6359280000000002 microliter,CNa2O3,CN1C=NC2=C1C(=O)N(C(=O)N2C)C,caffeine,0.1553528 milligram,0.8 micromole,0.15535280000000004 microliter,C8H10N4O2,C1COCCO1,dioxane,32.445 milligram,368.2496084262139 micromole,31.5 microliter,C4H8O2,O,water,3.5 milligram,194.2825423258396 micromole,3.5 microliter,H2O,Cc1cc(-c2ccc(N)cc2)ccc1N1CCCC1=O,suzuki_product_0,0.0 milligram,0.0 micromole,0 microliter,C17H18N2O,Cc1ccccc1N1CCCC1=O,dehalogenation_0,0.0 milligram,0.0 micromole,0 microliter,C11H13NO,Nc1ccccc1,deborylation_0,0.0 milligram,0.0 micromole,0 microliter,C6H7N,CC1=C(N2CCCC2=O)C=CC(Br)=C1.B1(OC(C(O1)(C)C)(C)C)C2=CC=C(C=C2)N>>Cc1cc(-c2ccc(N)cc2)ccc1N1CCCC1=O.Cc1ccccc1N1CCCC1=O.Nc1ccccc1,001_RLN-NB-2443_007_A24,,,,,,,,,3/29/2023 5:36:17 PM,kat78-2-a24-a1_03_22_2023_24.raw,2min_150_1200.EXP,001_RLN-NB-2443_007_A24,KAT78-2-A24-A1_KAT78-2-A24-A1_KAT78-2-A24-A1,0,0,0,0,0,0,0,0,0,0,0,0,0,0,0,deborylation_0,0,0,0,0,0,176.1130326620352,16.870694707746235,4.376840961069331,195,0.7318,0,0,0,0,0,0,0,0,0,0,0,0,0,0,0,0,0,0,0,0,0,0,0,0,0,0,0,0,0,0,0,0,0,0,0,23.013984064104953,1.8713491311453143,0.48549260546440776,255.9,1.1901,198.28474393090505,21.631920415219643,5.612067373636536,267.0,0.8834,0.0,0.0,0.0,0.0,0.0,0.0,0.0,0.0,0.0,0.0,0.0,0.0,0.001025774968486023,128.22187106075287,0.0,0.0,0.0,0.0,0.0,0.0,0.0,0.0,0.0,0.0,0.0,0.0,0.0,0.0,0.0,0.0,0.0,0.0,8.873845036321252e-05,11.092306295401565
24,B1,CC(C)C1=CC(C(C)C)=CC(C(C)C)=C1C2=C([P+](C3CCCCC3)([Pd-2]4(OS(C)(=O)=O)C(C=CC=C5)=C5C6=C([NH+]4C)C=CC=C6)C7CCCCC7)C=CC=C2,XPhos Pd G4,0.13767904 milligram,0.16000000000000003 micromole,0.13767904000000003 microliter,C47H64NO3PPdS,BrC1=CC=CN2C=CN=C12,"8-bromoimidazo[1,2-a]pyridine",0.15762800000000002 milligram,0.8 micromole,0.15762800000000005 microliter,C7H5BrN2,B1(OC(C(O1)(C)C)(C)C)C2=CN=C(C=C2)C,"2-methyl-5-(4,4,5,5-tetramethyl-1,3,2-dioxaborolan-2-yl)pyridine",0.21032928 milligram,0.9600000000000001 micromole,0.21032928000000006 microliter,C12H18BNO2,O=C([O-])[O-].[Na+].[Na+],Na2CO3,0.635928 milligram,6.0 micromole,0.6359280000000002 microliter,CNa2O3,CN1C=NC2=C1C(=O)N(C(=O)N2C)C,caffeine,0.1553528 milligram,0.8 micromole,0.15535280000000004 microliter,C8H10N4O2,C1COCCO1,dioxane,32.445 milligram,368.2496084262139 micromole,31.5 microliter,C4H8O2,O,water,3.5 milligram,194.2825423258396 micromole,3.5 microliter,H2O,Cc1ccc(-c2cccn3ccnc23)cn1,suzuki_product_0,0.0 milligram,0.0 micromole,0 microliter,C13H11N3,c1ccn2ccnc2c1,dehalogenation_0,0.0 milligram,0.0 micromole,0 microliter,C7H6N2,Cc1ccccn1,deborylation_0,0.0 milligram,0.0 micromole,0 microliter,C6H7N,BrC1=CC=CN2C=CN=C12.B1(OC(C(O1)(C)C)(C)C)C2=CN=C(C=C2)C>>Cc1ccc(-c2cccn3ccnc23)cn1.c1ccn2ccnc2c1.Cc1ccccn1,001_RLN-NB-2443_007_B1,,,,,,,,,3/29/2023 5:38:44 PM,kat78-2-b1-a1_03_22_2023_25.raw,2min_150_1200.EXP,001_RLN-NB-2443_007_B1,KAT78-2-B1-A1_KAT78-2-B1-A1_KAT78-2-B1-A1,0,0,0,0,0,0,0,0,0,0,0,0,0,0,0,deborylation_0,0,0,0,0,0,164.89110895481758,33.22069293582712,4.234697574973174,195.2,0.7318,0,0,0,0,0,0,0,0,0,0,0,0,0,0,0,0,0,0,0,0,0,0,0,0,0,0,0,0,0,0,0,0,0,0,0,0,0,0,0,0,45.87796389891219,10.975646239961486,1.3990840770814623,210.0,0.5851,0.0,0.0,0.0,0.0,0.0,0.0,0.0,0.0,0.0,0.0,0.0,0.0,0.0002643086647509322,33.03858309386652,0.0,0.0,0.0,0.0,0.0,0.0,0.0,0.0,0.0,0.0,0.0,0.0,0.0,0.0,0.0,0.0,0.0,0.0,0.0,0.0
25,B2,CC(C)C1=CC(C(C)C)=CC(C(C)C)=C1C2=C([P+](C3CCCCC3)([Pd-2]4(OS(C)(=O)=O)C(C=CC=C5)=C5C6=C([NH+]4C)C=CC=C6)C7CCCCC7)C=CC=C2,XPhos Pd G4,0.13767904 milligram,0.16000000000000003 micromole,0.13767904000000003 microliter,C47H64NO3PPdS,BrC1=CC=CN2C=CN=C12,"8-bromoimidazo[1,2-a]pyridine",0.15762800000000002 milligram,0.8 micromole,0.15762800000000005 microliter,C7H5BrN2,B1(OC(C(O1)(C)C)(C)C)C2=CN(N=C2C)C,"1,3-dimethyl-4-(4,4,5,5-tetramethyl-1,3,2-dioxaborolan-2-yl)-1H-pyrazole",0.21321311999999998 milligram,0.9600000000000001 micromole,0.21321312000000003 microliter,C11H19BN2O2,O=C([O-])[O-].[Na+].[Na+],Na2CO3,0.635928 milligram,6.0 micromole,0.6359280000000002 microliter,CNa2O3,CN1C=NC2=C1C(=O)N(C(=O)N2C)C,caffeine,0.1553528 milligram,0.8 micromole,0.15535280000000004 microliter,C8H10N4O2,C1COCCO1,dioxane,32.445 milligram,368.2496084262139 micromole,31.5 microliter,C4H8O2,O,water,3.5 milligram,194.2825423258396 micromole,3.5 microliter,H2O,Cc1nn(C)cc1-c1cccn2ccnc12,suzuki_product_0,0.0 milligram,0.0 micromole,0 microliter,C12H12N4,c1ccn2ccnc2c1,dehalogenation_0,0.0 milligram,0.0 micromole,0 microliter,C7H6N2,Cc1ccn(C)n1,deborylation_0,0.0 milligram,0.0 micromole,0 microliter,C5H8N2,BrC1=CC=CN2C=CN=C12.B1(OC(C(O1)(C)C)(C)C)C2=CN(N=C2C)C>>Cc1nn(C)cc1-c1cccn2ccnc12.c1ccn2ccnc2c1.Cc1ccn(C)n1,001_RLN-NB-2443_007_B2,,,,,,,,,3/29/2023 5:41:11 PM,kat78-2-b2-a1_03_22_2023_26.raw,2min_150_1200.EXP,001_RLN-NB-2443_007_B2,KAT78-2-B2-A1_KAT78-2-B2-A1_KAT78-2-B2-A1,0,0,0,0,0,0,0,0,0,0,0,0,0,0,0,deborylation_0,0,0,0,0,0,166.27285051990575,33.63827292236459,4.3881571824528525,194.9,0.7334,0,0,0,0,0,0,0,0,0,0,0,0,0,0,0,0,0,0,0,0,0,0,0,0,0,0,0,0,0,0,0,0,0,0,0,0,0,0,0,0,20.62850442849232,3.267169671991571,0.426206603874422,213.0,0.6534,8.62171442434868,1.5222759048377277,0.19858290468436515,222.9,0.6984,0.0,0.0,0.0,0.0,0.0,0.0,0.0,7.770124654216419e-05,9.712655817770523,0.0,0.0,0.0,0.0,3.6203425980901275e-05,4.525428247612659,0.0,0.0,0.0,0.0,0.0,0.0,0.0,0.0,0.0,0.0,0.0,0.0,0.0,0.0
26,B3,CC(C)C1=CC(C(C)C)=CC(C(C)C)=C1C2=C([P+](C3CCCCC3)([Pd-2]4(OS(C)(=O)=O)C(C=CC=C5)=C5C6=C([NH+]4C)C=CC=C6)C7CCCCC7)C=CC=C2,XPhos Pd G4,0.13767904 milligram,0.16000000000000003 micromole,0.13767904000000003 microliter,C47H64NO3PPdS,BrC1=CC=CN2C=CN=C12,"8-bromoimidazo[1,2-a]pyridine",0.15762800000000002 milligram,0.8 micromole,0.15762800000000005 microliter,C7H5BrN2,B1(OC(C(O1)(C)C)(C)C)C2=CCN(CC2)C(=O)OC(C)(C)C,"N-Boc-1,2,5,6-tetrahydropyridine-4-boronic acid pinacol ester",0.29684640000000007 milligram,0.9600000000000001 micromole,0.2968464000000001 microliter,C16H28BNO4,O=C([O-])[O-].[Na+].[Na+],Na2CO3,0.635928 milligram,6.0 micromole,0.6359280000000002 microliter,CNa2O3,CN1C=NC2=C1C(=O)N(C(=O)N2C)C,caffeine,0.1553528 milligram,0.8 micromole,0.15535280000000004 microliter,C8H10N4O2,C1COCCO1,dioxane,32.445 milligram,368.2496084262139 micromole,31.5 microliter,C4H8O2,O,water,3.5 milligram,194.2825423258396 micromole,3.5 microliter,H2O,CC(C)(C)OC(=O)N1CC=C(c2cccn3ccnc23)CC1,suzuki_product_0,0.0 milligram,0.0 micromole,0 microliter,C17H21N3O2,c1ccn2ccnc2c1,dehalogenation_0,0.0 milligram,0.0 micromole,0 microliter,C7H6N2,CC(C)(C)OC(=O)N1CC=CCC1,deborylation_0,0.0 milligram,0.0 micromole,0 microliter,C10H17NO2,BrC1=CC=CN2C=CN=C12.B1(OC(C(O1)(C)C)(C)C)C2=CCN(CC2)C(=O)OC(C)(C)C>>CC(C)(C)OC(=O)N1CC=C(c2cccn3ccnc23)CC1.c1ccn2ccnc2c1.CC(C)(C)OC(=O)N1CC=CCC1,001_RLN-NB-2443_007_B3,,,,,,,,,3/29/2023 5:43:38 PM,kat78-2-b3-a1_03_22_2023_27.raw,2min_150_1200.EXP,001_RLN-NB-2443_007_B3,KAT78-2-B3-A1_KAT78-2-B3-A1_KAT78-2-B3-A1,0,0,0,0,0,0,0,0,0,0,0,0,0,0,0,deborylation_0,0,0,0,0,0,171.15780032286438,22.789839975932416,4.255195657830103,194.9,0.7334,0,0,0,0,0,0,0,0,0,0,0,0,0,0,0,0,0,0,0,0,0,0,0,0,0,0,0,0,0,0,0,0,0,0,0,0,0,0,0,0,215.6448238251642,33.60817494558858,6.275136650678125,300.1,0.8684,0.0,0.0,0.0,0.0,0.0,0.0,0.0,0.0,0.0,0.0,0.0,0.0,0.0011797599274441962,147.46999093052452,0.0,0.0,0.0,0.0,0.0,0.0,0.0,0.0,0.0,0.0,0.0,0.0,0.0,0.0,0.0,0.0,0.0,0.0,0.0,0.0
27,B4,CC(C)C1=CC(C(C)C)=CC(C(C)C)=C1C2=C([P+](C3CCCCC3)([Pd-2]4(OS(C)(=O)=O)C(C=CC=C5)=C5C6=C([NH+]4C)C=CC=C6)C7CCCCC7)C=CC=C2,XPhos Pd G4,0.13767904 milligram,0.16000000000000003 micromole,0.13767904000000003 microliter,C47H64NO3PPdS,BrC1=CC=CN2C=CN=C12,"8-bromoimidazo[1,2-a]pyridine",0.15762800000000002 milligram,0.8 micromole,0.15762800000000005 microliter,C7H5BrN2,B1(OC(C(O1)(C)C)(C)C)C2=CCN(CC2)C(=O)OC(C)(C)C,"N-Boc-1,2,5,6-tetrahydropyridine-4-boronic acid pinacol ester",0.29684640000000007 milligram,0.9600000000000001 micromole,0.2968464000000001 microliter,C16H28BNO4,O=C([O-])[O-].[Na+].[Na+],Na2CO3,0.635928 milligram,6.0 micromole,0.6359280000000002 microliter,CNa2O3,CN1C=NC2=C1C(=O)N(C(=O)N2C)C,caffeine,0.1553528 milligram,0.8 micromole,0.15535280000000004 microliter,C8H10N4O2,C1COCCO1,dioxane,32.445 milligram,368.2496084262139 micromole,31.5 microliter,C4H8O2,O,water,3.5 milligram,194.2825423258396 micromole,3.5 microliter,H2O,CC(C)(C)OC(=O)N1CC=C(c2cccn3ccnc23)CC1,suzuki_product_0,0.0 milligram,0.0 micromole,0 microliter,C17H21N3O2,c1ccn2ccnc2c1,dehalogenation_0,0.0 milligram,0.0 micromole,0 microliter,C7H6N2,CC(C)(C)OC(=O)N1CC=CCC1,deborylation_0,0.0 milligram,0.0 micromole,0 microliter,C10H17NO2,BrC1=CC=CN2C=CN=C12.B1(OC(C(O1)(C)C)(C)C)C2=CCN(CC2)C(=O)OC(C)(C)C>>CC(C)(C)OC(=O)N1CC=C(c2cccn3ccnc23)CC1.c1ccn2ccnc2c1.CC(C)(C)OC(=O)N1CC=CCC1,001_RLN-NB-2443_007_B4,,,,,,,,,3/29/2023 5:46:06 PM,kat78-2-b4-a1_03_22_2023_28.raw,2min_150_1200.EXP,001_RLN-NB-2443_007_B4,KAT78-2-B4-A1_KAT78-2-B4-A1_KAT78-2-B4-A1,0,0,0,0,0,0,0,0,0,0,0,0,0,0,0,deborylation_0,0,0,0,0,0,161.72077791443016,21.284409214936712,4.009758332073467,195,0.7334,0,0,0,0,0,0,0,0,0,0,14.255881491545928,1.3010143937297298,0.24509739747647522,235,0.1568,0,0,0,0,0,0,0,0,0,0,0,0,0,0,0,0,0,0,0,0,0,0,0,0,0,205.88837632588687,31.517405154073163,5.937546898562385,299.9,0.8684,0.0,0.0,0.0,0.0,0.0,0.0,0.0,0.0,0.0,0.0,0.0,0.0,0.001184619402335312,148.07742529191398,0.0,0.0,0.0,0.0,0.0,0.0,4.8900183438184235e-05,6.112522929773029,0.0,0.0,0.0,0.0,0.0,0.0,0.0,0.0,0.0,0.0,0.0,0.0
28,B5,CC(C)C1=CC(C(C)C)=CC(C(C)C)=C1C2=C([P+](C3CCCCC3)([Pd-2]4(OS(C)(=O)=O)C(C=CC=C5)=C5C6=C([NH+]4C)C=CC=C6)C7CCCCC7)C=CC=C2,XPhos Pd G4,0.13767904 milligram,0.16000000000000003 micromole,0.13767904000000003 microliter,C47H64NO3PPdS,BrC1=CC=CN2C=CN=C12,"8-bromoimidazo[1,2-a]pyridine",0.15762800000000002 milligram,0.8 micromole,0.15762800000000005 microliter,C7H5BrN2,B1(OC(C(O1)(C)C)(C)C)C2=CC=C(C=C2)N,"4-(4,4,5,5-tetramethyl-1,3,2-dioxaborolan-2-yl)aniline",0.21032928 milligram,0.9600000000000001 micromole,0.21032928000000006 microliter,C12H18BNO2,O=C([O-])[O-].[Na+].[Na+],Na2CO3,0.635928 milligram,6.0 micromole,0.6359280000000002 microliter,CNa2O3,CN1C=NC2=C1C(=O)N(C(=O)N2C)C,caffeine,0.1553528 milligram,0.8 micromole,0.15535280000000004 microliter,C8H10N4O2,C1COCCO1,dioxane,32.445 milligram,368.2496084262139 micromole,31.5 microliter,C4H8O2,O,water,3.5 milligram,194.2825423258396 micromole,3.5 microliter,H2O,Nc1ccc(-c2cccn3ccnc23)cc1,suzuki_product_0,0.0 milligram,0.0 micromole,0 microliter,C13H11N3,c1ccn2ccnc2c1,dehalogenation_0,0.0 milligram,0.0 micromole,0 microliter,C7H6N2,Nc1ccccc1,deborylation_0,0.0 milligram,0.0 micromole,0 microliter,C6H7N,BrC1=CC=CN2C=CN=C12.B1(OC(C(O1)(C)C)(C)C)C2=CC=C(C=C2)N>>Nc1ccc(-c2cccn3ccnc23)cc1.c1ccn2ccnc2c1.Nc1ccccc1,001_RLN-NB-2443_007_B5,,,,,,,,,3/29/2023 5:48:32 PM,kat78-2-b5-a1_03_22_2023_29.raw,2min_150_1200.EXP,001_RLN-NB-2443_007_B5,KAT78-2-B5-A1_KAT78-2-B5-A1_KAT78-2-B5-A1,0,0,0,0,0,0,0,0,0,0,0,0,0,0,0,deborylation_0,0,0,0,0,0,165.98778160559945,28.684919844636887,4.240207932111745,194.9,0.7318,0,0,0,0,0,0,0,0,0,0,0,0,0,0,0,0,0,0,0,0,0,0,0,0,0,0,0,0,0,0,0,0,0,0,0,0,0,0,0,0,77.02815504417161,14.152105933475658,2.091965818981664,210.0,0.6334,0.0,0.0,0.0,0.0,0.0,0.0,0.0,0.0,0.0,0.0,0.0,0.0,0.0003946911759942499,49.336396999281234,0.0,0.0,0.0,0.0,0.0,0.0,0.0,0.0,0.0,0.0,0.0,0.0,0.0,0.0,0.0,0.0,0.0,0.0,0.0,0.0
29,B6,CC(C)C1=CC(C(C)C)=CC(C(C)C)=C1C2=C([P+](C3CCCCC3)([Pd-2]4(OS(C)(=O)=O)C(C=CC=C5)=C5C6=C([NH+]4C)C=CC=C6)C7CCCCC7)C=CC=C2,XPhos Pd G4,0.13767904 milligram,0.16000000000000003 micromole,0.13767904000000003 microliter,C47H64NO3PPdS,BrC1=CC=CN2C=CN=C12,"8-bromoimidazo[1,2-a]pyridine",0.15762800000000002 milligram,0.8 micromole,0.15762800000000005 microliter,C7H5BrN2,B1(OC(C(O1)(C)C)(C)C)C2=CC=C(C=C2)N,"4-(4,4,5,5-tetramethyl-1,3,2-dioxaborolan-2-yl)aniline",0.21032928 milligram,0.9600000000000001 micromole,0.21032928000000006 microliter,C12H18BNO2,O=C([O-])[O-].[Na+].[Na+],Na2CO3,0.635928 milligram,6.0 micromole,0.6359280000000002 microliter,CNa2O3,CN1C=NC2=C1C(=O)N(C(=O)N2C)C,caffeine,0.1553528 milligram,0.8 micromole,0.15535280000000004 microliter,C8H10N4O2,C1COCCO1,dioxane,32.445 milligram,368.2496084262139 micromole,31.5 microliter,C4H8O2,O,water,3.5 milligram,194.2825423258396 micromole,3.5 microliter,H2O,Nc1ccc(-c2cccn3ccnc23)cc1,suzuki_product_0,0.0 milligram,0.0 micromole,0 microliter,C13H11N3,c1ccn2ccnc2c1,dehalogenation_0,0.0 milligram,0.0 micromole,0 microliter,C7H6N2,Nc1ccccc1,deborylation_0,0.0 milligram,0.0 micromole,0 microliter,C6H7N,BrC1=CC=CN2C=CN=C12.B1(OC(C(O1)(C)C)(C)C)C2=CC=C(C=C2)N>>Nc1ccc(-c2cccn3ccnc23)cc1.c1ccn2ccnc2c1.Nc1ccccc1,001_RLN-NB-2443_007_B6,,,,,,,,,3/29/2023 5:51:00 PM,kat78-2-b6-a1_03_22_2023_30.raw,2min_150_1200.EXP,001_RLN-NB-2443_007_B6,KAT78-2-B6-A1_KAT78-2-B6-A1_KAT78-2-B6-A1,0,0,0,0,0,0,0,0,0,0,0,0,0,0,0,deborylation_0,0,0,0,0,0,157.80863418904408,30.928963573514373,4.117963802933069,195,0.7301,0,0,0,0,0,0,0,0,0,0,0,0,0,0,0,0,0,0,0,0,0,0,0,0,0,0,0,0,0,0,0,0,0,0,0,0,0,0,0,0,72.331105549769,15.917516227860329,2.119300102091347,209.9,0.6334,0.0,0.0,0.0,0.0,0.0,0.0,0.0,0.0,0.0,0.0,0.0,0.0,0.00041171806329756477,51.464757912195594,0.0,0.0,0.0,0.0,0.0,0.0,0.0,0.0,0.0,0.0,0.0,0.0,0.0,0.0,0.0,0.0,0.0,0.0,0.0,0.0
30,B7,CC(C)C1=CC(C(C)C)=CC(C(C)C)=C1C2=C([P+](C3CCCCC3)([Pd-2]4(OS(C)(=O)=O)C(C=CC=C5)=C5C6=C([NH+]4C)C=CC=C6)C7CCCCC7)C=CC=C2,XPhos Pd G4,0.13767904 milligram,0.16000000000000003 micromole,0.13767904000000003 microliter,C47H64NO3PPdS,CC1=CC(C=O)=C(C)N1C2=CC(Cl)=CC(Cl)=C2,"1-(3,5-dichlorophenyl)-2,5-dimethyl-1H-pyrrole-3-carbaldehyde",0.2145144 milligram,0.8 micromole,0.21451440000000005 microliter,C13H11Cl2NO,B1(OC(C(O1)(C)C)(C)C)C2=CN=C(C=C2)C,"2-methyl-5-(4,4,5,5-tetramethyl-1,3,2-dioxaborolan-2-yl)pyridine",0.21032928 milligram,0.9600000000000001 micromole,0.21032928000000006 microliter,C12H18BNO2,O=C([O-])[O-].[Na+].[Na+],Na2CO3,0.635928 milligram,6.0 micromole,0.6359280000000002 microliter,CNa2O3,CN1C=NC2=C1C(=O)N(C(=O)N2C)C,caffeine,0.1553528 milligram,0.8 micromole,0.15535280000000004 microliter,C8H10N4O2,C1COCCO1,dioxane,32.445 milligram,368.2496084262139 micromole,31.5 microliter,C4H8O2,O,water,3.5 milligram,194.2825423258396 micromole,3.5 microliter,H2O,Cc1ccc(-c2cc(Cl)cc(-n3c(C)cc(C=O)c3C)c2)cn1,suzuki_product_0,0.0 milligram,0.0 micromole,0 microliter,C19H17ClN2O,Cc1ccc(-c2cc(-c3ccc(C)nc3)cc(-n3c(C)cc(C=O)c3C)c2)cn1,bis_addition_1,0.0 milligram,0.0 micromole,0 microliter,C25H23N3O,Cc1cc(C=O)c(C)n1-c1cccc(Cl)c1,dehalogenation_0,0.0 milligram,0.0 micromole,0 microliter,C13H12ClNO,CC1=CC(C=O)=C(C)N1C2=CC(Cl)=CC(Cl)=C2.B1(OC(C(O1)(C)C)(C)C)C2=CN=C(C=C2)C>>Cc1ccc(-c2cc(Cl)cc(-n3c(C)cc(C=O)c3C)c2)cn1.Cc1ccc(-c2cc(-c3ccc(C)nc3)cc(-n3c(C)cc(C=O)c3C)c2)cn1.Cc1cc(C=O)c(C)n1-c1cccc(Cl)c1.Cc1ccccn1,001_RLN-NB-2443_007_B7,,,Cc1ccccn1,deborylation_0,0.0 milligram,0.0 micromole,0 microliter,C6H7N,3/29/2023 5:53:27 PM,kat78-2-b7-a1_03_22_2023_31.raw,2min_150_1200.EXP,001_RLN-NB-2443_007_B7,KAT78-2-B7-A1_KAT78-2-B7-A1_KAT78-2-B7-A1,0,0,0,0,0,0,0,0,0,0,0,0,0,0,0,bis_addition_1,0,0,0,0,0,164.27068058929936,18.51838087639979,4.179254443190512,195,0.7318,0,0,0,0,0,0,0,0,0,0,0,0,0,0,0,0,0,0,0,0,63.293490762977434,7.557995828269462,1.7056992108400453,382,0.8034,0,0,0,0,0,0,0,0,0,0,0,0,0,0,0,254.29759295773204,32.36945121166003,7.3051836282497336,325.0,1.0351,0.0,0.0,0.0,0.0,0.0,62.5191754766703,5.8230877127116925,1.3141626883510609,267.8,1.3251,0.0,0.0,0.0013983706859777287,174.7963357472161,0.0,0.0,0.0,0.0,0.0,0.0,0.0,0.0,0.0,0.0,0.0002515592589472121,31.44490736840151,0.0003265078466077574,40.81348082596967,0.0,0.0,0.0,0.0,0.0,0.0
31,B8,CC(C)C1=CC(C(C)C)=CC(C(C)C)=C1C2=C([P+](C3CCCCC3)([Pd-2]4(OS(C)(=O)=O)C(C=CC=C5)=C5C6=C([NH+]4C)C=CC=C6)C7CCCCC7)C=CC=C2,XPhos Pd G4,0.13767904 milligram,0.16000000000000003 micromole,0.13767904000000003 microliter,C47H64NO3PPdS,CC1=CC(C=O)=C(C)N1C2=CC(Cl)=CC(Cl)=C2,"1-(3,5-dichlorophenyl)-2,5-dimethyl-1H-pyrrole-3-carbaldehyde",0.2145144 milligram,0.8 micromole,0.21451440000000005 microliter,C13H11Cl2NO,B1(OC(C(O1)(C)C)(C)C)C2=CN(N=C2C)C,"1,3-dimethyl-4-(4,4,5,5-tetramethyl-1,3,2-dioxaborolan-2-yl)-1H-pyrazole",0.21321311999999998 milligram,0.9600000000000001 micromole,0.21321312000000003 microliter,C11H19BN2O2,O=C([O-])[O-].[Na+].[Na+],Na2CO3,0.635928 milligram,6.0 micromole,0.6359280000000002 microliter,CNa2O3,CN1C=NC2=C1C(=O)N(C(=O)N2C)C,caffeine,0.1553528 milligram,0.8 micromole,0.15535280000000004 microliter,C8H10N4O2,C1COCCO1,dioxane,32.445 milligram,368.2496084262139 micromole,31.5 microliter,C4H8O2,O,water,3.5 milligram,194.2825423258396 micromole,3.5 microliter,H2O,Cc1nn(C)cc1-c1cc(Cl)cc(-n2c(C)cc(C=O)c2C)c1,suzuki_product_0,0.0 milligram,0.0 micromole,0 microliter,C18H18ClN3O,Cc1nn(C)cc1-c1cc(-c2cn(C)nc2C)cc(-n2c(C)cc(C=O)c2C)c1,bis_addition_1,0.0 milligram,0.0 micromole,0 microliter,C23H25N5O,Cc1cc(C=O)c(C)n1-c1cccc(Cl)c1,dehalogenation_0,0.0 milligram,0.0 micromole,0 microliter,C13H12ClNO,CC1=CC(C=O)=C(C)N1C2=CC(Cl)=CC(Cl)=C2.B1(OC(C(O1)(C)C)(C)C)C2=CN(N=C2C)C>>Cc1nn(C)cc1-c1cc(Cl)cc(-n2c(C)cc(C=O)c2C)c1.Cc1nn(C)cc1-c1cc(-c2cn(C)nc2C)cc(-n2c(C)cc(C=O)c2C)c1.Cc1cc(C=O)c(C)n1-c1cccc(Cl)c1.Cc1ccn(C)n1,001_RLN-NB-2443_007_B8,,,Cc1ccn(C)n1,deborylation_0,0.0 milligram,0.0 micromole,0 microliter,C5H8N2,3/29/2023 5:55:56 PM,kat78-2-b8-a1_03_22_2023_32.raw,2min_150_1200.EXP,001_RLN-NB-2443_007_B8,KAT78-2-B8-A1_KAT78-2-B8-A1_KAT78-2-B8-A1,0,0,0,0,0,0,0,0,0,0,0,0,0,0,0,bis_addition_2,0,0,0,0,0,175.39385711125954,18.95936524809563,4.414004346587508,194.9,0.7301,0,0,0,0,0,0,0,0,0,0,0,0,0,0,0,0,0,0,0,0,0,0,0,0,0,32.14571510127071,3.0528685252581647,0.7107503212114797,387.9,1.0668,0,0,0,0,0,0,0,0,0,0,213.26792291510552,24.19667629898548,5.633323318533609,328.0,1.2101,0.0,0.0,0.0,0.0,0.0,111.4696821236297,11.11818417297425,2.5884681593229066,267.8,1.3251,0.0,0.0,0.001020990987086592,127.623873385824,0.0,0.0,0.0,0.0,0.0,0.0,0.0,0.0,0.0,0.0,0.00046913740106741236,58.64217513342654,0.0,0.0,0.0,0.0,0.0,0.0,0.0,0.0
32,B9,CC(C)C1=CC(C(C)C)=CC(C(C)C)=C1C2=C([P+](C3CCCCC3)([Pd-2]4(OS(C)(=O)=O)C(C=CC=C5)=C5C6=C([NH+]4C)C=CC=C6)C7CCCCC7)C=CC=C2,XPhos Pd G4,0.13767904 milligram,0.16000000000000003 micromole,0.13767904000000003 microliter,C47H64NO3PPdS,CC1=CC(C=O)=C(C)N1C2=CC(Cl)=CC(Cl)=C2,"1-(3,5-dichlorophenyl)-2,5-dimethyl-1H-pyrrole-3-carbaldehyde",0.2145144 milligram,0.8 micromole,0.21451440000000005 microliter,C13H11Cl2NO,B1(OC(C(O1)(C)C)(C)C)C2=CCN(CC2)C(=O)OC(C)(C)C,"N-Boc-1,2,5,6-tetrahydropyridine-4-boronic acid pinacol ester",0.29684640000000007 milligram,0.9600000000000001 micromole,0.2968464000000001 microliter,C16H28BNO4,O=C([O-])[O-].[Na+].[Na+],Na2CO3,0.635928 milligram,6.0 micromole,0.6359280000000002 microliter,CNa2O3,CN1C=NC2=C1C(=O)N(C(=O)N2C)C,caffeine,0.1553528 milligram,0.8 micromole,0.15535280000000004 microliter,C8H10N4O2,C1COCCO1,dioxane,32.445 milligram,368.2496084262139 micromole,31.5 microliter,C4H8O2,O,water,3.5 milligram,194.2825423258396 micromole,3.5 microliter,H2O,Cc1cc(C=O)c(C)n1-c1cc(Cl)cc(C2=CCN(C(=O)OC(C)(C)C)CC2)c1,suzuki_product_0,0.0 milligram,0.0 micromole,0 microliter,C23H27ClN2O3,Cc1cc(C=O)c(C)n1-c1cc(C2=CCN(C(=O)OC(C)(C)C)CC2)cc(C2=CCN(C(=O)OC(C)(C)C)CC2)c1,bis_addition_2,0.0 milligram,0.0 micromole,0 microliter,C33H43N3O5,Cc1cc(C=O)c(C)n1-c1cccc(Cl)c1,dehalogenation_0,0.0 milligram,0.0 micromole,0 microliter,C13H12ClNO,CC1=CC(C=O)=C(C)N1C2=CC(Cl)=CC(Cl)=C2.B1(OC(C(O1)(C)C)(C)C)C2=CCN(CC2)C(=O)OC(C)(C)C>>Cc1cc(C=O)c(C)n1-c1cc(Cl)cc(C2=CCN(C(=O)OC(C)(C)C)CC2)c1.Cc1cc(C=O)c(C)n1-c1cc(C2=CCN(C(=O)OC(C)(C)C)CC2)cc(C2=CCN(C(=O)OC(C)(C)C)CC2)c1.Cc1cc(C=O)c(C)n1-c1cccc(Cl)c1.CC(C)(C)OC(=O)N1CC=CCC1,001_RLN-NB-2443_007_B9,,,CC(C)(C)OC(=O)N1CC=CCC1,deborylation_0,0.0 milligram,0.0 micromole,0 microliter,C10H17NO2,3/29/2023 5:58:22 PM,kat78-2-b9-a1_03_22_2023_33.raw,2min_150_1200.EXP,001_RLN-NB-2443_007_B9,KAT78-2-B9-A1_KAT78-2-B9-A1_KAT78-2-B9-A1,0,0,0,0,0,0,0,0,0,0,0,0,0,0,0,bis_addition_1,0,0,0,0,0,164.54266620244965,13.38562699847887,4.195615552863719,194.9,0.7318,0,0,0,0,0,0,0,0,0,0,0,0,0,0,0,0,0,0,0,0,121.05846919690515,12.904123237941445,4.044692128305217,308.8,1.5501,0,0,0,0,0,0,0,0,0,0,0,0,0,0,0,284.3555165371864,32.88714413955484,10.308206963847665,415.1,1.4701,0.0,0.0,0.0,0.0,0.0,92.4695909335192,6.3942020726331945,2.0042104615003784,267.8,1.3251,0.0,0.0,0.00196551983068359,245.6899788354487,0.0,0.0,0.0,0.0,0.0,0.0,0.0,0.0,0.0,0.0,0.0003821533095676326,47.76916369595407,0.0,0.0,0.0,0.0,0.0,0.0,0.0,0.0
33,B10,CC(C)C1=CC(C(C)C)=CC(C(C)C)=C1C2=C([P+](C3CCCCC3)([Pd-2]4(OS(C)(=O)=O)C(C=CC=C5)=C5C6=C([NH+]4C)C=CC=C6)C7CCCCC7)C=CC=C2,XPhos Pd G4,0.13767904 milligram,0.16000000000000003 micromole,0.13767904000000003 microliter,C47H64NO3PPdS,CC1=CC(C=O)=C(C)N1C2=CC(Cl)=CC(Cl)=C2,"1-(3,5-dichlorophenyl)-2,5-dimethyl-1H-pyrrole-3-carbaldehyde",0.2145144 milligram,0.8 micromole,0.21451440000000005 microliter,C13H11Cl2NO,B1(OC(C(O1)(C)C)(C)C)C2=CCN(CC2)C(=O)OC(C)(C)C,"N-Boc-1,2,5,6-tetrahydropyridine-4-boronic acid pinacol ester",0.29684640000000007 milligram,0.9600000000000001 micromole,0.2968464000000001 microliter,C16H28BNO4,O=C([O-])[O-].[Na+].[Na+],Na2CO3,0.635928 milligram,6.0 micromole,0.6359280000000002 microliter,CNa2O3,CN1C=NC2=C1C(=O)N(C(=O)N2C)C,caffeine,0.1553528 milligram,0.8 micromole,0.15535280000000004 microliter,C8H10N4O2,C1COCCO1,dioxane,32.445 milligram,368.2496084262139 micromole,31.5 microliter,C4H8O2,O,water,3.5 milligram,194.2825423258396 micromole,3.5 microliter,H2O,Cc1cc(C=O)c(C)n1-c1cc(Cl)cc(C2=CCN(C(=O)OC(C)(C)C)CC2)c1,suzuki_product_0,0.0 milligram,0.0 micromole,0 microliter,C23H27ClN2O3,Cc1cc(C=O)c(C)n1-c1cc(C2=CCN(C(=O)OC(C)(C)C)CC2)cc(C2=CCN(C(=O)OC(C)(C)C)CC2)c1,bis_addition_2,0.0 milligram,0.0 micromole,0 microliter,C33H43N3O5,Cc1cc(C=O)c(C)n1-c1cccc(Cl)c1,dehalogenation_0,0.0 milligram,0.0 micromole,0 microliter,C13H12ClNO,CC1=CC(C=O)=C(C)N1C2=CC(Cl)=CC(Cl)=C2.B1(OC(C(O1)(C)C)(C)C)C2=CCN(CC2)C(=O)OC(C)(C)C>>Cc1cc(C=O)c(C)n1-c1cc(Cl)cc(C2=CCN(C(=O)OC(C)(C)C)CC2)c1.Cc1cc(C=O)c(C)n1-c1cc(C2=CCN(C(=O)OC(C)(C)C)CC2)cc(C2=CCN(C(=O)OC(C)(C)C)CC2)c1.Cc1cc(C=O)c(C)n1-c1cccc(Cl)c1.CC(C)(C)OC(=O)N1CC=CCC1,001_RLN-NB-2443_007_B10,,,CC(C)(C)OC(=O)N1CC=CCC1,deborylation_0,0.0 milligram,0.0 micromole,0 microliter,C10H17NO2,3/29/2023 6:00:50 PM,kat78-2-b10-a1_03_22_2023_34.raw,2min_150_1200.EXP,001_RLN-NB-2443_007_B10,KAT78-2-B10-A1_KAT78-2-B10-A1_KAT78-2-B10-A1,0,0,0,0,0,0,0,0,0,0,0,0,0,0,0,bis_addition_1,0,0,0,0,0,160.12638670807993,14.71408990970186,4.102849495599359,194.9,0.7318,0,0,0,0,0,0,0,0,0,0,0,0,0,0,0,0,0,0,0,0,91.76724732051046,11.044757273326136,3.079699599905575,309,1.5534,0,0,0,0,0,0,0,0,0,0,0,0,0,0,0,264.22460429189897,36.54738963461854,10.19080623049599,415.1,1.4701,0.0,0.0,0.0,0.0,0.0,98.35493109983184,7.930077790414357,2.2112081591272856,267.8,1.3268,0.0,0.0,0.001987068985382274,248.38362317278424,0.0,0.0,0.0,0.0,0.0,0.0,0.0,0.0,0.0,0.0,0.00043115559788366344,53.894449735457925,0.0,0.0,0.0,0.0,0.0,0.0,0.0,0.0
34,B11,CC(C)C1=CC(C(C)C)=CC(C(C)C)=C1C2=C([P+](C3CCCCC3)([Pd-2]4(OS(C)(=O)=O)C(C=CC=C5)=C5C6=C([NH+]4C)C=CC=C6)C7CCCCC7)C=CC=C2,XPhos Pd G4,0.13767904 milligram,0.16000000000000003 micromole,0.13767904000000003 microliter,C47H64NO3PPdS,CC1=CC(C=O)=C(C)N1C2=CC(Cl)=CC(Cl)=C2,"1-(3,5-dichlorophenyl)-2,5-dimethyl-1H-pyrrole-3-carbaldehyde",0.2145144 milligram,0.8 micromole,0.21451440000000005 microliter,C13H11Cl2NO,B1(OC(C(O1)(C)C)(C)C)C2=CC=C(C=C2)N,"4-(4,4,5,5-tetramethyl-1,3,2-dioxaborolan-2-yl)aniline",0.21032928 milligram,0.9600000000000001 micromole,0.21032928000000006 microliter,C12H18BNO2,O=C([O-])[O-].[Na+].[Na+],Na2CO3,0.635928 milligram,6.0 micromole,0.6359280000000002 microliter,CNa2O3,CN1C=NC2=C1C(=O)N(C(=O)N2C)C,caffeine,0.1553528 milligram,0.8 micromole,0.15535280000000004 microliter,C8H10N4O2,C1COCCO1,dioxane,32.445 milligram,368.2496084262139 micromole,31.5 microliter,C4H8O2,O,water,3.5 milligram,194.2825423258396 micromole,3.5 microliter,H2O,Cc1cc(C=O)c(C)n1-c1cc(Cl)cc(-c2ccc(N)cc2)c1,suzuki_product_0,0.0 milligram,0.0 micromole,0 microliter,C19H17ClN2O,Cc1cc(C=O)c(C)n1-c1cc(-c2ccc(N)cc2)cc(-c2ccc(N)cc2)c1,bis_addition_1,0.0 milligram,0.0 micromole,0 microliter,C25H23N3O,Cc1cc(C=O)c(C)n1-c1cccc(Cl)c1,dehalogenation_0,0.0 milligram,0.0 micromole,0 microliter,C13H12ClNO,CC1=CC(C=O)=C(C)N1C2=CC(Cl)=CC(Cl)=C2.B1(OC(C(O1)(C)C)(C)C)C2=CC=C(C=C2)N>>Cc1cc(C=O)c(C)n1-c1cc(Cl)cc(-c2ccc(N)cc2)c1.Cc1cc(C=O)c(C)n1-c1cc(-c2ccc(N)cc2)cc(-c2ccc(N)cc2)c1.Cc1cc(C=O)c(C)n1-c1cccc(Cl)c1.Nc1ccccc1,001_RLN-NB-2443_007_B11,,,Nc1ccccc1,deborylation_0,0.0 milligram,0.0 micromole,0 microliter,C6H7N,3/29/2023 6:03:18 PM,kat78-2-b11-a1_03_22_2023_35.raw,2min_150_1200.EXP,001_RLN-NB-2443_007_B11,KAT78-2-B11-A1_KAT78-2-B11-A1_KAT78-2-B11-A1,0,0,0,0,0,0,0,0,0,0,0,0,0,0,0,bis_addition_1,0,0,0,0,0,164.4092313195116,16.124770365399257,4.021051135157956,195,0.7334,0,0,0,0,0,130.97901019018337,16.731825473238406,4.172433113019667,324.9,1.2318,0,0,0,0,0,0,0,0,0,0,0,0,0,0,0,0,0,0,0,0,0,0,0,0,0,0,0,0,0,0,130.97901019018337,16.731825473238406,4.172433113019667,324.9,1.2318,0.0,0.0,0.0,0.0,0.0,62.8331990165735,5.850918492500674,1.459049767088201,267.8,1.3251,0.0,0.0,0.0008301178916205482,103.76473645256851,0.0008301178916205482,103.76473645256851,0.0,0.0,0.0,0.0,0.0,0.0,0.0,0.0,0.0002902822606419575,36.28528258024469,0.0,0.0,0.0,0.0,0.0,0.0,0.0,0.0
35,B12,CC(C)C1=CC(C(C)C)=CC(C(C)C)=C1C2=C([P+](C3CCCCC3)([Pd-2]4(OS(C)(=O)=O)C(C=CC=C5)=C5C6=C([NH+]4C)C=CC=C6)C7CCCCC7)C=CC=C2,XPhos Pd G4,0.13767904 milligram,0.16000000000000003 micromole,0.13767904000000003 microliter,C47H64NO3PPdS,CC1=CC(C=O)=C(C)N1C2=CC(Cl)=CC(Cl)=C2,"1-(3,5-dichlorophenyl)-2,5-dimethyl-1H-pyrrole-3-carbaldehyde",0.2145144 milligram,0.8 micromole,0.21451440000000005 microliter,C13H11Cl2NO,B1(OC(C(O1)(C)C)(C)C)C2=CC=C(C=C2)N,"4-(4,4,5,5-tetramethyl-1,3,2-dioxaborolan-2-yl)aniline",0.21032928 milligram,0.9600000000000001 micromole,0.21032928000000006 microliter,C12H18BNO2,O=C([O-])[O-].[Na+].[Na+],Na2CO3,0.635928 milligram,6.0 micromole,0.6359280000000002 microliter,CNa2O3,CN1C=NC2=C1C(=O)N(C(=O)N2C)C,caffeine,0.1553528 milligram,0.8 micromole,0.15535280000000004 microliter,C8H10N4O2,C1COCCO1,dioxane,32.445 milligram,368.2496084262139 micromole,31.5 microliter,C4H8O2,O,water,3.5 milligram,194.2825423258396 micromole,3.5 microliter,H2O,Cc1cc(C=O)c(C)n1-c1cc(Cl)cc(-c2ccc(N)cc2)c1,suzuki_product_0,0.0 milligram,0.0 micromole,0 microliter,C19H17ClN2O,Cc1cc(C=O)c(C)n1-c1cc(-c2ccc(N)cc2)cc(-c2ccc(N)cc2)c1,bis_addition_1,0.0 milligram,0.0 micromole,0 microliter,C25H23N3O,Cc1cc(C=O)c(C)n1-c1cccc(Cl)c1,dehalogenation_0,0.0 milligram,0.0 micromole,0 microliter,C13H12ClNO,CC1=CC(C=O)=C(C)N1C2=CC(Cl)=CC(Cl)=C2.B1(OC(C(O1)(C)C)(C)C)C2=CC=C(C=C2)N>>Cc1cc(C=O)c(C)n1-c1cc(Cl)cc(-c2ccc(N)cc2)c1.Cc1cc(C=O)c(C)n1-c1cc(-c2ccc(N)cc2)cc(-c2ccc(N)cc2)c1.Cc1cc(C=O)c(C)n1-c1cccc(Cl)c1.Nc1ccccc1,001_RLN-NB-2443_007_B12,,,Nc1ccccc1,deborylation_0,0.0 milligram,0.0 micromole,0 microliter,C6H7N,3/29/2023 6:05:45 PM,kat78-2-b12-a1_03_22_2023_36.raw,2min_150_1200.EXP,001_RLN-NB-2443_007_B12,KAT78-2-B12-A1_KAT78-2-B12-A1_KAT78-2-B12-A1,0,0,0,0,0,0,0,0,0,0,0,0,0,0,0,bis_addition_1,0,0,0,0,0,172.00655528750497,15.341805730393151,4.259388206009621,195,0.7318,0,0,0,0,0,0,0,0,0,0,0,0,0,0,0,0,0,0,0,0,18.540418681115522,1.3479486039793518,0.3742347209313576,416,1.0118,0,0,0,0,0,0,0,0,0,0,0,0,0,0,0,178.2375150308252,20.361264044561057,5.6529543819630055,324.8,1.2301,0.0,0.0,0.0,0.0,0.0,96.46108231186041,8.504562445244488,2.361145331464084,267.8,1.3251,0.0,0.0,0.0010617401577038103,132.7175197129763,0.0,0.0,0.0,0.0,0.0,0.0,0.0,0.0,0.0,0.0,0.00044347126249402974,55.43390781175371,7.028891527724014e-05,8.786114409655017,0.0,0.0,0.0,0.0,0.0,0.0
36,B13,CC(C)C1=CC(C(C)C)=CC(C(C)C)=C1C2=C([P+](C3CCCCC3)([Pd-2]4(OS(C)(=O)=O)C(C=CC=C5)=C5C6=C([NH+]4C)C=CC=C6)C7CCCCC7)C=CC=C2,XPhos Pd G4,0.13767904 milligram,0.16000000000000003 micromole,0.13767904000000003 microliter,C47H64NO3PPdS,COC1=C(N)C(Cl)=NC=N1,4-chloro-6-methoxypyrimidin-5-amine,0.12766080000000002 milligram,0.8 micromole,0.12766080000000005 microliter,C5H6ClN3O,B1(OC(C(O1)(C)C)(C)C)C2=CN=C(C=C2)C,"2-methyl-5-(4,4,5,5-tetramethyl-1,3,2-dioxaborolan-2-yl)pyridine",0.21032928 milligram,0.9600000000000001 micromole,0.21032928000000006 microliter,C12H18BNO2,O=C([O-])[O-].[Na+].[Na+],Na2CO3,0.635928 milligram,6.0 micromole,0.6359280000000002 microliter,CNa2O3,CN1C=NC2=C1C(=O)N(C(=O)N2C)C,caffeine,0.1553528 milligram,0.8 micromole,0.15535280000000004 microliter,C8H10N4O2,C1COCCO1,dioxane,32.445 milligram,368.2496084262139 micromole,31.5 microliter,C4H8O2,O,water,3.5 milligram,194.2825423258396 micromole,3.5 microliter,H2O,COc1ncnc(-c2ccc(C)nc2)c1N,suzuki_product_0,0.0 milligram,0.0 micromole,0 microliter,C11H12N4O,COc1ncncc1N,dehalogenation_0,0.0 milligram,0.0 micromole,0 microliter,C5H7N3O,Cc1ccccn1,deborylation_0,0.0 milligram,0.0 micromole,0 microliter,C6H7N,COC1=C(N)C(Cl)=NC=N1.B1(OC(C(O1)(C)C)(C)C)C2=CN=C(C=C2)C>>COc1ncnc(-c2ccc(C)nc2)c1N.COc1ncncc1N.Cc1ccccn1,001_RLN-NB-2443_007_B13,,,,,,,,,3/29/2023 6:08:11 PM,kat78-2-b13-a1_03_22_2023_37.raw,2min_150_1200.EXP,001_RLN-NB-2443_007_B13,KAT78-2-B13-A1_KAT78-2-B13-A1_KAT78-2-B13-A1,0,0,0,0,0,0,0,0,0,0,0,0,0,0,0,deborylation_0,0,0,0,0,0,173.77306779460957,29.805884324205294,4.479997335210151,195,0.7318,0,0,0,0,0,0,0,0,0,0,0,0,0,0,0,0,0,0,0,0,0,0,0,0,0,0,0,0,0,0,0,0,0,0,0,0,0,0,0,0,22.41975581286416,3.5525758634655844,0.5339727628390731,217.0,0.6484,0.0,0.0,0.0,0.0,0.0,0.0,0.0,0.0,0.0,0.0,0.0,0.0,9.535233579580246e-05,11.919041974475308,0.0,0.0,0.0,0.0,0.0,0.0,0.0,0.0,0.0,0.0,0.0,0.0,0.0,0.0,0.0,0.0,0.0,0.0,0.0,0.0
37,B14,CC(C)C1=CC(C(C)C)=CC(C(C)C)=C1C2=C([P+](C3CCCCC3)([Pd-2]4(OS(C)(=O)=O)C(C=CC=C5)=C5C6=C([NH+]4C)C=CC=C6)C7CCCCC7)C=CC=C2,XPhos Pd G4,0.13767904 milligram,0.16000000000000003 micromole,0.13767904000000003 microliter,C47H64NO3PPdS,COC1=C(N)C(Cl)=NC=N1,4-chloro-6-methoxypyrimidin-5-amine,0.12766080000000002 milligram,0.8 micromole,0.12766080000000005 microliter,C5H6ClN3O,B1(OC(C(O1)(C)C)(C)C)C2=CN(N=C2C)C,"1,3-dimethyl-4-(4,4,5,5-tetramethyl-1,3,2-dioxaborolan-2-yl)-1H-pyrazole",0.21321311999999998 milligram,0.9600000000000001 micromole,0.21321312000000003 microliter,C11H19BN2O2,O=C([O-])[O-].[Na+].[Na+],Na2CO3,0.635928 milligram,6.0 micromole,0.6359280000000002 microliter,CNa2O3,CN1C=NC2=C1C(=O)N(C(=O)N2C)C,caffeine,0.1553528 milligram,0.8 micromole,0.15535280000000004 microliter,C8H10N4O2,C1COCCO1,dioxane,32.445 milligram,368.2496084262139 micromole,31.5 microliter,C4H8O2,O,water,3.5 milligram,194.2825423258396 micromole,3.5 microliter,H2O,COc1ncnc(-c2cn(C)nc2C)c1N,suzuki_product_0,0.0 milligram,0.0 micromole,0 microliter,C10H13N5O,COc1ncncc1N,dehalogenation_0,0.0 milligram,0.0 micromole,0 microliter,C5H7N3O,Cc1ccn(C)n1,deborylation_0,0.0 milligram,0.0 micromole,0 microliter,C5H8N2,COC1=C(N)C(Cl)=NC=N1.B1(OC(C(O1)(C)C)(C)C)C2=CN(N=C2C)C>>COc1ncnc(-c2cn(C)nc2C)c1N.COc1ncncc1N.Cc1ccn(C)n1,001_RLN-NB-2443_007_B14,,,,,,,,,3/29/2023 6:10:39 PM,kat78-2-b14-a1_03_22_2023_38.raw,2min_150_1200.EXP,001_RLN-NB-2443_007_B14,KAT78-2-B14-A1_KAT78-2-B14-A1_KAT78-2-B14-A1,0,0,0,0,0,0,0,0,0,0,0,0,0,0,0,deborylation_0,0,0,0,0,0,169.54971675486203,32.542288821817216,4.641322733786519,194.9,0.7334,0,0,0,0,0,0,0,0,0,0,0,0,0,0,0,0,0,0,0,0,0,0,0,0,0,0,0,0,0,0,0,0,0,0,0,0,0,0,0,0,22.369277245115818,2.9401964188062233,0.41934359796026777,220.0,0.6718,12.701430083287232,2.0492680834718477,0.292275524795428,220.0,0.6918,0.0,0.0,0.0,0.0,0.0,0.0,0.0,7.228001533401763e-05,9.035001916752202,0.0,0.0,0.0,0.0,5.037797051565627e-05,6.297246314457033,0.0,0.0,0.0,0.0,0.0,0.0,0.0,0.0,0.0,0.0,0.0,0.0,0.0,0.0
38,B15,CC(C)C1=CC(C(C)C)=CC(C(C)C)=C1C2=C([P+](C3CCCCC3)([Pd-2]4(OS(C)(=O)=O)C(C=CC=C5)=C5C6=C([NH+]4C)C=CC=C6)C7CCCCC7)C=CC=C2,XPhos Pd G4,0.13767904 milligram,0.16000000000000003 micromole,0.13767904000000003 microliter,C47H64NO3PPdS,COC1=C(N)C(Cl)=NC=N1,4-chloro-6-methoxypyrimidin-5-amine,0.12766080000000002 milligram,0.8 micromole,0.12766080000000005 microliter,C5H6ClN3O,B1(OC(C(O1)(C)C)(C)C)C2=CCN(CC2)C(=O)OC(C)(C)C,"N-Boc-1,2,5,6-tetrahydropyridine-4-boronic acid pinacol ester",0.29684640000000007 milligram,0.9600000000000001 micromole,0.2968464000000001 microliter,C16H28BNO4,O=C([O-])[O-].[Na+].[Na+],Na2CO3,0.635928 milligram,6.0 micromole,0.6359280000000002 microliter,CNa2O3,CN1C=NC2=C1C(=O)N(C(=O)N2C)C,caffeine,0.1553528 milligram,0.8 micromole,0.15535280000000004 microliter,C8H10N4O2,C1COCCO1,dioxane,32.445 milligram,368.2496084262139 micromole,31.5 microliter,C4H8O2,O,water,3.5 milligram,194.2825423258396 micromole,3.5 microliter,H2O,COc1ncnc(C2=CCN(C(=O)OC(C)(C)C)CC2)c1N,suzuki_product_0,0.0 milligram,0.0 micromole,0 microliter,C15H22N4O3,COc1ncncc1N,dehalogenation_0,0.0 milligram,0.0 micromole,0 microliter,C5H7N3O,CC(C)(C)OC(=O)N1CC=CCC1,deborylation_0,0.0 milligram,0.0 micromole,0 microliter,C10H17NO2,COC1=C(N)C(Cl)=NC=N1.B1(OC(C(O1)(C)C)(C)C)C2=CCN(CC2)C(=O)OC(C)(C)C>>COc1ncnc(C2=CCN(C(=O)OC(C)(C)C)CC2)c1N.COc1ncncc1N.CC(C)(C)OC(=O)N1CC=CCC1,001_RLN-NB-2443_007_B15,,,,,,,,,3/29/2023 6:13:06 PM,kat78-2-b15-a1_03_22_2023_39.raw,2min_150_1200.EXP,001_RLN-NB-2443_007_B15,KAT78-2-B15-A1_KAT78-2-B15-A1_KAT78-2-B15-A1,0,0,0,0,0,0,0,0,0,0,0,0,0,0,0,deborylation_0,0,0,0,0,0,180.06207394296973,23.02754250619596,4.515068307058872,194.9,0.7334,9.384984242093635,1.2308003057798103,0.2413261185577898,184,1.3268,0,0,0,0,0,0,0,0,0,0,0,0,0,0,0,0,0,0,0,0,0,0,0,0,0,0,0,0,0,0,0,0,0,0,0,163.78558125559684,22.92624724791271,4.495207090422013,307.1,0.9951,0.0,0.0,0.0,0.0,0.0,0.0,0.0,0.0,0.0,0.0,0.0,0.0,0.00079648090079066,99.56011259883249,0.0,0.0,4.275924121555367e-05,5.344905151944208,0.0,0.0,0.0,0.0,0.0,0.0,0.0,0.0,0.0,0.0,0.0,0.0,0.0,0.0,0.0,0.0
39,B16,CC(C)C1=CC(C(C)C)=CC(C(C)C)=C1C2=C([P+](C3CCCCC3)([Pd-2]4(OS(C)(=O)=O)C(C=CC=C5)=C5C6=C([NH+]4C)C=CC=C6)C7CCCCC7)C=CC=C2,XPhos Pd G4,0.13767904 milligram,0.16000000000000003 micromole,0.13767904000000003 microliter,C47H64NO3PPdS,COC1=C(N)C(Cl)=NC=N1,4-chloro-6-methoxypyrimidin-5-amine,0.12766080000000002 milligram,0.8 micromole,0.12766080000000005 microliter,C5H6ClN3O,B1(OC(C(O1)(C)C)(C)C)C2=CCN(CC2)C(=O)OC(C)(C)C,"N-Boc-1,2,5,6-tetrahydropyridine-4-boronic acid pinacol ester",0.29684640000000007 milligram,0.9600000000000001 micromole,0.2968464000000001 microliter,C16H28BNO4,O=C([O-])[O-].[Na+].[Na+],Na2CO3,0.635928 milligram,6.0 micromole,0.6359280000000002 microliter,CNa2O3,CN1C=NC2=C1C(=O)N(C(=O)N2C)C,caffeine,0.1553528 milligram,0.8 micromole,0.15535280000000004 microliter,C8H10N4O2,C1COCCO1,dioxane,32.445 milligram,368.2496084262139 micromole,31.5 microliter,C4H8O2,O,water,3.5 milligram,194.2825423258396 micromole,3.5 microliter,H2O,COc1ncnc(C2=CCN(C(=O)OC(C)(C)C)CC2)c1N,suzuki_product_0,0.0 milligram,0.0 micromole,0 microliter,C15H22N4O3,COc1ncncc1N,dehalogenation_0,0.0 milligram,0.0 micromole,0 microliter,C5H7N3O,CC(C)(C)OC(=O)N1CC=CCC1,deborylation_0,0.0 milligram,0.0 micromole,0 microliter,C10H17NO2,COC1=C(N)C(Cl)=NC=N1.B1(OC(C(O1)(C)C)(C)C)C2=CCN(CC2)C(=O)OC(C)(C)C>>COc1ncnc(C2=CCN(C(=O)OC(C)(C)C)CC2)c1N.COc1ncncc1N.CC(C)(C)OC(=O)N1CC=CCC1,001_RLN-NB-2443_007_B16,,,,,,,,,3/29/2023 6:15:34 PM,kat78-2-b16-a1_03_22_2023_40.raw,2min_150_1200.EXP,001_RLN-NB-2443_007_B16,KAT78-2-B16-A1_KAT78-2-B16-A1_KAT78-2-B16-A1,0,0,0,0,0,0,0,0,0,0,0,0,0,0,0,deborylation_0,0,0,0,0,0,173.54112720460984,35.67803280167414,4.435966469637078,194.9,0.7318,0,0,0,0,0,0,0,0,0,0,0,0,0,0,0,0,0,0,0,0,0,0,0,0,0,0,0,0,0,0,0,0,0,0,0,0,0,0,0,0,0.0,0.0,0.0,0.0,0.0,0.0,0.0,0.0,0.0,0.0,0.0,0.0,0.0,0.0,0.0,0.0,0.0,0.0,0.0,0.0,0.0,0.0,0.0,0.0,0.0,0.0,0.0,0.0,0.0,0.0,0.0,0.0,0.0,0.0,0.0,0.0,0.0,0.0,0.0
40,B17,CC(C)C1=CC(C(C)C)=CC(C(C)C)=C1C2=C([P+](C3CCCCC3)([Pd-2]4(OS(C)(=O)=O)C(C=CC=C5)=C5C6=C([NH+]4C)C=CC=C6)C7CCCCC7)C=CC=C2,XPhos Pd G4,0.13767904 milligram,0.16000000000000003 micromole,0.13767904000000003 microliter,C47H64NO3PPdS,COC1=C(N)C(Cl)=NC=N1,4-chloro-6-methoxypyrimidin-5-amine,0.12766080000000002 milligram,0.8 micromole,0.12766080000000005 microliter,C5H6ClN3O,B1(OC(C(O1)(C)C)(C)C)C2=CC=C(C=C2)N,"4-(4,4,5,5-tetramethyl-1,3,2-dioxaborolan-2-yl)aniline",0.21032928 milligram,0.9600000000000001 micromole,0.21032928000000006 microliter,C12H18BNO2,O=C([O-])[O-].[Na+].[Na+],Na2CO3,0.635928 milligram,6.0 micromole,0.6359280000000002 microliter,CNa2O3,CN1C=NC2=C1C(=O)N(C(=O)N2C)C,caffeine,0.1553528 milligram,0.8 micromole,0.15535280000000004 microliter,C8H10N4O2,C1COCCO1,dioxane,32.445 milligram,368.2496084262139 micromole,31.5 microliter,C4H8O2,O,water,3.5 milligram,194.2825423258396 micromole,3.5 microliter,H2O,COc1ncnc(-c2ccc(N)cc2)c1N,suzuki_product_0,0.0 milligram,0.0 micromole,0 microliter,C11H12N4O,COc1ncncc1N,dehalogenation_0,0.0 milligram,0.0 micromole,0 microliter,C5H7N3O,Nc1ccccc1,deborylation_0,0.0 milligram,0.0 micromole,0 microliter,C6H7N,COC1=C(N)C(Cl)=NC=N1.B1(OC(C(O1)(C)C)(C)C)C2=CC=C(C=C2)N>>COc1ncnc(-c2ccc(N)cc2)c1N.COc1ncncc1N.Nc1ccccc1,001_RLN-NB-2443_007_B17,,,,,,,,,3/29/2023 6:18:01 PM,kat78-2-b17-a1_03_22_2023_41.raw,2min_150_1200.EXP,001_RLN-NB-2443_007_B17,KAT78-2-B17-A1_KAT78-2-B17-A1_KAT78-2-B17-A1,0,0,0,0,0,0,0,0,0,0,0,0,0,0,0,deborylation_0,0,0,0,0,0,165.63464473564846,31.81930435243728,4.267268013136622,195,0.7334,0,0,0,0,0,0,0,0,0,0,0,0,0,0,0,0,0,0,0,0,0,0,0,0,0,0,0,0,0,0,0,0,0,0,0,0,0,0,0,0,0.0,0.0,0.0,0.0,0.0,0.0,0.0,0.0,0.0,0.0,0.0,0.0,0.0,0.0,0.0,0.0,0.0,0.0,0.0,0.0,0.0,0.0,0.0,0.0,0.0,0.0,0.0,0.0,0.0,0.0,0.0,0.0,0.0,0.0,0.0,0.0,0.0,0.0,0.0
41,B18,CC(C)C1=CC(C(C)C)=CC(C(C)C)=C1C2=C([P+](C3CCCCC3)([Pd-2]4(OS(C)(=O)=O)C(C=CC=C5)=C5C6=C([NH+]4C)C=CC=C6)C7CCCCC7)C=CC=C2,XPhos Pd G4,0.13767904 milligram,0.16000000000000003 micromole,0.13767904000000003 microliter,C47H64NO3PPdS,COC1=C(N)C(Cl)=NC=N1,4-chloro-6-methoxypyrimidin-5-amine,0.12766080000000002 milligram,0.8 micromole,0.12766080000000005 microliter,C5H6ClN3O,B1(OC(C(O1)(C)C)(C)C)C2=CC=C(C=C2)N,"4-(4,4,5,5-tetramethyl-1,3,2-dioxaborolan-2-yl)aniline",0.21032928 milligram,0.9600000000000001 micromole,0.21032928000000006 microliter,C12H18BNO2,O=C([O-])[O-].[Na+].[Na+],Na2CO3,0.635928 milligram,6.0 micromole,0.6359280000000002 microliter,CNa2O3,CN1C=NC2=C1C(=O)N(C(=O)N2C)C,caffeine,0.1553528 milligram,0.8 micromole,0.15535280000000004 microliter,C8H10N4O2,C1COCCO1,dioxane,32.445 milligram,368.2496084262139 micromole,31.5 microliter,C4H8O2,O,water,3.5 milligram,194.2825423258396 micromole,3.5 microliter,H2O,COc1ncnc(-c2ccc(N)cc2)c1N,suzuki_product_0,0.0 milligram,0.0 micromole,0 microliter,C11H12N4O,COc1ncncc1N,dehalogenation_0,0.0 milligram,0.0 micromole,0 microliter,C5H7N3O,Nc1ccccc1,deborylation_0,0.0 milligram,0.0 micromole,0 microliter,C6H7N,COC1=C(N)C(Cl)=NC=N1.B1(OC(C(O1)(C)C)(C)C)C2=CC=C(C=C2)N>>COc1ncnc(-c2ccc(N)cc2)c1N.COc1ncncc1N.Nc1ccccc1,001_RLN-NB-2443_007_B18,,,,,,,,,3/29/2023 6:20:28 PM,kat78-2-b18-a1_03_22_2023_42.raw,2min_150_1200.EXP,001_RLN-NB-2443_007_B18,KAT78-2-B18-A1_KAT78-2-B18-A1_KAT78-2-B18-A1,0,0,0,0,0,0,0,0,0,0,0,0,0,0,0,deborylation_0,0,0,0,0,0,171.47583871415895,29.893474408424435,4.392969912117889,195,0.7334,0,0,0,0,0,0,0,0,0,0,0,0,0,0,0,0,0,0,0,0,0,0,0,0,0,0,0,0,0,0,0,0,0,0,0,0,0,0,0,0,61.36343342120741,10.951238719547417,1.6093299005027846,217.0,0.6568,0.0,0.0,0.0,0.0,0.0,0.0,0.0,0.0,0.0,0.0,0.0,0.0,0.0002930736941427241,36.63421176784051,0.0,0.0,0.0,0.0,0.0,0.0,0.0,0.0,0.0,0.0,0.0,0.0,0.0,0.0,0.0,0.0,0.0,0.0,0.0,0.0
42,B19,CC(C)C1=CC(C(C)C)=CC(C(C)C)=C1C2=C([P+](C3CCCCC3)([Pd-2]4(OS(C)(=O)=O)C(C=CC=C5)=C5C6=C([NH+]4C)C=CC=C6)C7CCCCC7)C=CC=C2,XPhos Pd G4,0.13767904 milligram,0.16000000000000003 micromole,0.13767904000000003 microliter,C47H64NO3PPdS,CC1=C(N2CCCC2=O)C=CC(Br)=C1,1-(4-bromo-2-methylphenyl)pyrrolidin-2-one,0.20330160000000003 milligram,0.8 micromole,0.20330160000000008 microliter,C11H12BrNO,B1(OC(C(O1)(C)C)(C)C)C2=CN=C(C=C2)C,"2-methyl-5-(4,4,5,5-tetramethyl-1,3,2-dioxaborolan-2-yl)pyridine",0.21032928 milligram,0.9600000000000001 micromole,0.21032928000000006 microliter,C12H18BNO2,O=C([O-])[O-].[Na+].[Na+],Na2CO3,0.635928 milligram,6.0 micromole,0.6359280000000002 microliter,CNa2O3,CN1C=NC2=C1C(=O)N(C(=O)N2C)C,caffeine,0.1553528 milligram,0.8 micromole,0.15535280000000004 microliter,C8H10N4O2,C1COCCO1,dioxane,32.445 milligram,368.2496084262139 micromole,31.5 microliter,C4H8O2,O,water,3.5 milligram,194.2825423258396 micromole,3.5 microliter,H2O,Cc1ccc(-c2ccc(N3CCCC3=O)c(C)c2)cn1,suzuki_product_0,0.0 milligram,0.0 micromole,0 microliter,C17H18N2O,Cc1ccccc1N1CCCC1=O,dehalogenation_0,0.0 milligram,0.0 micromole,0 microliter,C11H13NO,Cc1ccccn1,deborylation_0,0.0 milligram,0.0 micromole,0 microliter,C6H7N,CC1=C(N2CCCC2=O)C=CC(Br)=C1.B1(OC(C(O1)(C)C)(C)C)C2=CN=C(C=C2)C>>Cc1ccc(-c2ccc(N3CCCC3=O)c(C)c2)cn1.Cc1ccccc1N1CCCC1=O.Cc1ccccn1,001_RLN-NB-2443_007_B19,,,,,,,,,3/29/2023 6:22:56 PM,kat78-2-b19-a1_03_22_2023_43.raw,2min_150_1200.EXP,001_RLN-NB-2443_007_B19,KAT78-2-B19-A1_KAT78-2-B19-A1_KAT78-2-B19-A1,0,0,0,0,0,0,0,0,0,0,0,0,0,0,0,deborylation_0,0,0,0,0,0,158.23716613058215,17.5653491524811,3.631385469791429,195,0.7318,0,0,0,0,0,0,0,0,0,0,0,0,0,0,0,0,0,0,0,0,0,0,0,0,0,0,0,0,0,0,0,0,0,0,0,22.053346990477003,2.1618309114074967,0.44692771499633255,255.8,1.1868,203.09459520070482,30.1582463448897,6.234787399927874,267.0,0.7734,0.0,0.0,0.0,0.0,0.0,0.0,0.0,0.0,0.0,0.0,0.0,0.0,0.0013735335897097087,171.6916987137136,0.0,0.0,0.0,0.0,0.0,0.0,0.0,0.0,0.0,0.0,0.0,0.0,0.0,0.0,0.0,0.0,0.0,0.0,9.845888710283398e-05,12.307360887854246
43,B20,CC(C)C1=CC(C(C)C)=CC(C(C)C)=C1C2=C([P+](C3CCCCC3)([Pd-2]4(OS(C)(=O)=O)C(C=CC=C5)=C5C6=C([NH+]4C)C=CC=C6)C7CCCCC7)C=CC=C2,XPhos Pd G4,0.13767904 milligram,0.16000000000000003 micromole,0.13767904000000003 microliter,C47H64NO3PPdS,CC1=C(N2CCCC2=O)C=CC(Br)=C1,1-(4-bromo-2-methylphenyl)pyrrolidin-2-one,0.20330160000000003 milligram,0.8 micromole,0.20330160000000008 microliter,C11H12BrNO,B1(OC(C(O1)(C)C)(C)C)C2=CN(N=C2C)C,"1,3-dimethyl-4-(4,4,5,5-tetramethyl-1,3,2-dioxaborolan-2-yl)-1H-pyrazole",0.21321311999999998 milligram,0.9600000000000001 micromole,0.21321312000000003 microliter,C11H19BN2O2,O=C([O-])[O-].[Na+].[Na+],Na2CO3,0.635928 milligram,6.0 micromole,0.6359280000000002 microliter,CNa2O3,CN1C=NC2=C1C(=O)N(C(=O)N2C)C,caffeine,0.1553528 milligram,0.8 micromole,0.15535280000000004 microliter,C8H10N4O2,C1COCCO1,dioxane,32.445 milligram,368.2496084262139 micromole,31.5 microliter,C4H8O2,O,water,3.5 milligram,194.2825423258396 micromole,3.5 microliter,H2O,Cc1cc(-c2cn(C)nc2C)ccc1N1CCCC1=O,suzuki_product_0,0.0 milligram,0.0 micromole,0 microliter,C16H19N3O,Cc1ccccc1N1CCCC1=O,dehalogenation_0,0.0 milligram,0.0 micromole,0 microliter,C11H13NO,Cc1ccn(C)n1,deborylation_0,0.0 milligram,0.0 micromole,0 microliter,C5H8N2,CC1=C(N2CCCC2=O)C=CC(Br)=C1.B1(OC(C(O1)(C)C)(C)C)C2=CN(N=C2C)C>>Cc1cc(-c2cn(C)nc2C)ccc1N1CCCC1=O.Cc1ccccc1N1CCCC1=O.Cc1ccn(C)n1,001_RLN-NB-2443_007_B20,,,,,,,,,3/29/2023 6:25:23 PM,kat78-2-b20-a1_03_22_2023_44.raw,2min_150_1200.EXP,001_RLN-NB-2443_007_B20,KAT78-2-B20-A1_KAT78-2-B20-A1_KAT78-2-B20-A1,0,0,0,0,0,0,0,0,0,0,0,0,0,0,0,deborylation_0,0,0,0,0,0,191.79683880762812,36.90630430710245,4.875953553932195,195,0.7318,0,0,0,0,0,0,0,0,0,0,0,0,0,0,0,0,0,0,0,0,0,0,0,0,0,0,0,0,0,0,0,0,0,0,0,0,0,0,0,0,0.0,0.0,0.0,0.0,0.0,0.0,0.0,0.0,0.0,0.0,0.0,0.0,0.0,0.0,0.0,0.0,0.0,0.0,0.0,0.0,0.0,0.0,0.0,0.0,0.0,0.0,0.0,0.0,0.0,0.0,0.0,0.0,0.0,0.0,0.0,0.0,0.0,0.0,0.0
44,B21,CC(C)C1=CC(C(C)C)=CC(C(C)C)=C1C2=C([P+](C3CCCCC3)([Pd-2]4(OS(C)(=O)=O)C(C=CC=C5)=C5C6=C([NH+]4C)C=CC=C6)C7CCCCC7)C=CC=C2,XPhos Pd G4,0.13767904 milligram,0.16000000000000003 micromole,0.13767904000000003 microliter,C47H64NO3PPdS,CC1=C(N2CCCC2=O)C=CC(Br)=C1,1-(4-bromo-2-methylphenyl)pyrrolidin-2-one,0.20330160000000003 milligram,0.8 micromole,0.20330160000000008 microliter,C11H12BrNO,B1(OC(C(O1)(C)C)(C)C)C2=CCN(CC2)C(=O)OC(C)(C)C,"N-Boc-1,2,5,6-tetrahydropyridine-4-boronic acid pinacol ester",0.29684640000000007 milligram,0.9600000000000001 micromole,0.2968464000000001 microliter,C16H28BNO4,O=C([O-])[O-].[Na+].[Na+],Na2CO3,0.635928 milligram,6.0 micromole,0.6359280000000002 microliter,CNa2O3,CN1C=NC2=C1C(=O)N(C(=O)N2C)C,caffeine,0.1553528 milligram,0.8 micromole,0.15535280000000004 microliter,C8H10N4O2,C1COCCO1,dioxane,32.445 milligram,368.2496084262139 micromole,31.5 microliter,C4H8O2,O,water,3.5 milligram,194.2825423258396 micromole,3.5 microliter,H2O,Cc1cc(C2=CCN(C(=O)OC(C)(C)C)CC2)ccc1N1CCCC1=O,suzuki_product_0,0.0 milligram,0.0 micromole,0 microliter,C21H28N2O3,Cc1ccccc1N1CCCC1=O,dehalogenation_0,0.0 milligram,0.0 micromole,0 microliter,C11H13NO,CC(C)(C)OC(=O)N1CC=CCC1,deborylation_0,0.0 milligram,0.0 micromole,0 microliter,C10H17NO2,CC1=C(N2CCCC2=O)C=CC(Br)=C1.B1(OC(C(O1)(C)C)(C)C)C2=CCN(CC2)C(=O)OC(C)(C)C>>Cc1cc(C2=CCN(C(=O)OC(C)(C)C)CC2)ccc1N1CCCC1=O.Cc1ccccc1N1CCCC1=O.CC(C)(C)OC(=O)N1CC=CCC1,001_RLN-NB-2443_007_B21,,,,,,,,,3/29/2023 6:27:51 PM,kat78-2-b21-a1_03_22_2023_45.raw,2min_150_1200.EXP,001_RLN-NB-2443_007_B21,KAT78-2-B21-A1_KAT78-2-B21-A1_KAT78-2-B21-A1,0,0,0,0,0,0,0,0,0,0,0,0,0,0,0,deborylation_0,0,0,0,0,0,180.3953941404364,21.46788397985997,4.549367295713727,195,0.7334,22.093032638851945,3.2857539880539592,0.696300657719091,396,1.3218,0,0,0,0,0,51.55723789943514,6.151412028702482,1.3035766697869793,309,1.5334,0,0,0,0,0,0,0,0,0,0,0,0,0,0,0,0,0,0,0,0,0,0,0,0,0,0.0,0.0,0.0,0.0,0.0,0.0,0.0,0.0,0.0,0.0,0.0,0.0,0.0,0.0,0.0,0.0,0.0,0.0,0.0,0.0,0.0,0.00012244351576099364,15.305439470124204,0.0,0.0,0.00022923216967162335,28.65402120895292,0.0,0.0,0.0,0.0,0.0,0.0,0.0,0.0,0.0,0.0,0.0,0.0
45,B22,CC(C)C1=CC(C(C)C)=CC(C(C)C)=C1C2=C([P+](C3CCCCC3)([Pd-2]4(OS(C)(=O)=O)C(C=CC=C5)=C5C6=C([NH+]4C)C=CC=C6)C7CCCCC7)C=CC=C2,XPhos Pd G4,0.13767904 milligram,0.16000000000000003 micromole,0.13767904000000003 microliter,C47H64NO3PPdS,CC1=C(N2CCCC2=O)C=CC(Br)=C1,1-(4-bromo-2-methylphenyl)pyrrolidin-2-one,0.20330160000000003 milligram,0.8 micromole,0.20330160000000008 microliter,C11H12BrNO,B1(OC(C(O1)(C)C)(C)C)C2=CCN(CC2)C(=O)OC(C)(C)C,"N-Boc-1,2,5,6-tetrahydropyridine-4-boronic acid pinacol ester",0.29684640000000007 milligram,0.9600000000000001 micromole,0.2968464000000001 microliter,C16H28BNO4,O=C([O-])[O-].[Na+].[Na+],Na2CO3,0.635928 milligram,6.0 micromole,0.6359280000000002 microliter,CNa2O3,CN1C=NC2=C1C(=O)N(C(=O)N2C)C,caffeine,0.1553528 milligram,0.8 micromole,0.15535280000000004 microliter,C8H10N4O2,C1COCCO1,dioxane,32.445 milligram,368.2496084262139 micromole,31.5 microliter,C4H8O2,O,water,3.5 milligram,194.2825423258396 micromole,3.5 microliter,H2O,Cc1cc(C2=CCN(C(=O)OC(C)(C)C)CC2)ccc1N1CCCC1=O,suzuki_product_0,0.0 milligram,0.0 micromole,0 microliter,C21H28N2O3,Cc1ccccc1N1CCCC1=O,dehalogenation_0,0.0 milligram,0.0 micromole,0 microliter,C11H13NO,CC(C)(C)OC(=O)N1CC=CCC1,deborylation_0,0.0 milligram,0.0 micromole,0 microliter,C10H17NO2,CC1=C(N2CCCC2=O)C=CC(Br)=C1.B1(OC(C(O1)(C)C)(C)C)C2=CCN(CC2)C(=O)OC(C)(C)C>>Cc1cc(C2=CCN(C(=O)OC(C)(C)C)CC2)ccc1N1CCCC1=O.Cc1ccccc1N1CCCC1=O.CC(C)(C)OC(=O)N1CC=CCC1,001_RLN-NB-2443_007_B22,,,,,,,,,3/29/2023 6:30:18 PM,kat78-2-b22-a1_03_22_2023_46.raw,2min_150_1200.EXP,001_RLN-NB-2443_007_B22,KAT78-2-B22-A1_KAT78-2-B22-A1_KAT78-2-B22-A1,0,0,0,0,0,0,0,0,0,0,0,0,0,0,0,deborylation_0,0,0,0,0,0,199.46297963793583,23.469228790619816,5.06317549009349,195,0.7301,21.177450842579148,2.794468183778363,0.6028695251208129,251,1.3234,0,0,0,0,0,39.30649853115205,4.251935562060674,0.9172988220169777,308.9,1.5334,0,0,0,0,0,0,0,0,0,0,0,0,0,0,0,0,0,0,0,0,0,0,0,0,0,0.0,0.0,0.0,0.0,0.0,0.0,0.0,0.0,0.0,0.0,0.0,0.0,0.0,0.0,0.0,0.0,0.0,0.0,0.0,0.0,0.0,9.525556067339567e-05,11.906945084174458,0.0,0.0,0.00014493652433130103,18.11706554141263,0.0,0.0,0.0,0.0,0.0,0.0,0.0,0.0,0.0,0.0,0.0,0.0
46,B23,CC(C)C1=CC(C(C)C)=CC(C(C)C)=C1C2=C([P+](C3CCCCC3)([Pd-2]4(OS(C)(=O)=O)C(C=CC=C5)=C5C6=C([NH+]4C)C=CC=C6)C7CCCCC7)C=CC=C2,XPhos Pd G4,0.13767904 milligram,0.16000000000000003 micromole,0.13767904000000003 microliter,C47H64NO3PPdS,CC1=C(N2CCCC2=O)C=CC(Br)=C1,1-(4-bromo-2-methylphenyl)pyrrolidin-2-one,0.20330160000000003 milligram,0.8 micromole,0.20330160000000008 microliter,C11H12BrNO,B1(OC(C(O1)(C)C)(C)C)C2=CC=C(C=C2)N,"4-(4,4,5,5-tetramethyl-1,3,2-dioxaborolan-2-yl)aniline",0.21032928 milligram,0.9600000000000001 micromole,0.21032928000000006 microliter,C12H18BNO2,O=C([O-])[O-].[Na+].[Na+],Na2CO3,0.635928 milligram,6.0 micromole,0.6359280000000002 microliter,CNa2O3,CN1C=NC2=C1C(=O)N(C(=O)N2C)C,caffeine,0.1553528 milligram,0.8 micromole,0.15535280000000004 microliter,C8H10N4O2,C1COCCO1,dioxane,32.445 milligram,368.2496084262139 micromole,31.5 microliter,C4H8O2,O,water,3.5 milligram,194.2825423258396 micromole,3.5 microliter,H2O,Cc1cc(-c2ccc(N)cc2)ccc1N1CCCC1=O,suzuki_product_0,0.0 milligram,0.0 micromole,0 microliter,C17H18N2O,Cc1ccccc1N1CCCC1=O,dehalogenation_0,0.0 milligram,0.0 micromole,0 microliter,C11H13NO,Nc1ccccc1,deborylation_0,0.0 milligram,0.0 micromole,0 microliter,C6H7N,CC1=C(N2CCCC2=O)C=CC(Br)=C1.B1(OC(C(O1)(C)C)(C)C)C2=CC=C(C=C2)N>>Cc1cc(-c2ccc(N)cc2)ccc1N1CCCC1=O.Cc1ccccc1N1CCCC1=O.Nc1ccccc1,001_RLN-NB-2443_007_B23,,,,,,,,,3/29/2023 6:32:45 PM,kat78-2-b23-a1_03_22_2023_47.raw,2min_150_1200.EXP,001_RLN-NB-2443_007_B23,KAT78-2-B23-A1_KAT78-2-B23-A1_KAT78-2-B23-A1,0,0,0,0,0,0,0,0,0,0,0,0,0,0,0,deborylation_0,0,0,0,0,0,187.037735378516,30.622663056798206,4.660190580109472,194.9,0.7318,0,0,0,0,0,0,0,0,0,0,0,0,0,0,0,0,0,0,0,0,0,0,0,0,0,0,0,0,0,0,0,0,0,0,0,0,0,0,0,0,8.921812428533718,1.537503294825196,0.23397894422644008,266.9,0.8818,0.0,0.0,0.0,0.0,0.0,0.0,0.0,0.0,0.0,0.0,0.0,0.0,4.01664164079648e-05,5.0208020509955995,0.0,0.0,0.0,0.0,0.0,0.0,0.0,0.0,0.0,0.0,0.0,0.0,0.0,0.0,0.0,0.0,0.0,0.0,0.0,0.0
47,B24,CC(C)C1=CC(C(C)C)=CC(C(C)C)=C1C2=C([P+](C3CCCCC3)([Pd-2]4(OS(C)(=O)=O)C(C=CC=C5)=C5C6=C([NH+]4C)C=CC=C6)C7CCCCC7)C=CC=C2,XPhos Pd G4,0.13767904 milligram,0.16000000000000003 micromole,0.13767904000000003 microliter,C47H64NO3PPdS,CC1=C(N2CCCC2=O)C=CC(Br)=C1,1-(4-bromo-2-methylphenyl)pyrrolidin-2-one,0.20330160000000003 milligram,0.8 micromole,0.20330160000000008 microliter,C11H12BrNO,B1(OC(C(O1)(C)C)(C)C)C2=CC=C(C=C2)N,"4-(4,4,5,5-tetramethyl-1,3,2-dioxaborolan-2-yl)aniline",0.21032928 milligram,0.9600000000000001 micromole,0.21032928000000006 microliter,C12H18BNO2,O=C([O-])[O-].[Na+].[Na+],Na2CO3,0.635928 milligram,6.0 micromole,0.6359280000000002 microliter,CNa2O3,CN1C=NC2=C1C(=O)N(C(=O)N2C)C,caffeine,0.1553528 milligram,0.8 micromole,0.15535280000000004 microliter,C8H10N4O2,C1COCCO1,dioxane,32.445 milligram,368.2496084262139 micromole,31.5 microliter,C4H8O2,O,water,3.5 milligram,194.2825423258396 micromole,3.5 microliter,H2O,Cc1cc(-c2ccc(N)cc2)ccc1N1CCCC1=O,suzuki_product_0,0.0 milligram,0.0 micromole,0 microliter,C17H18N2O,Cc1ccccc1N1CCCC1=O,dehalogenation_0,0.0 milligram,0.0 micromole,0 microliter,C11H13NO,Nc1ccccc1,deborylation_0,0.0 milligram,0.0 micromole,0 microliter,C6H7N,CC1=C(N2CCCC2=O)C=CC(Br)=C1.B1(OC(C(O1)(C)C)(C)C)C2=CC=C(C=C2)N>>Cc1cc(-c2ccc(N)cc2)ccc1N1CCCC1=O.Cc1ccccc1N1CCCC1=O.Nc1ccccc1,001_RLN-NB-2443_007_B24,,,,,,,,,3/29/2023 6:35:14 PM,kat78-2-b24-a1_03_22_2023_48.raw,2min_150_1200.EXP,001_RLN-NB-2443_007_B24,KAT78-2-B24-A1_KAT78-2-B24-A1_KAT78-2-B24-A1,0,0,0,0,0,0,0,0,0,0,0,0,0,0,0,deborylation_0,0,0,0,0,0,171.8585359041999,29.430440381858382,4.395880286137128,195,0.7318,0,0,0,0,0,0,0,0,0,0,0,0,0,0,0,0,0,0,0,0,0,0,0,0,0,0,0,0,0,0,0,0,0,0,0,0,0,0,0,0,0.0,0.0,0.0,0.0,0.0,0.0,0.0,0.0,0.0,0.0,0.0,0.0,0.0,0.0,0.0,0.0,0.0,0.0,0.0,0.0,0.0,0.0,0.0,0.0,0.0,0.0,0.0,0.0,0.0,0.0,0.0,0.0,0.0,0.0,0.0,0.0,0.0,0.0,0.0
48,C1,CC(C)C1=CC(C(C)C)=CC(C(C)C)=C1C2=C([P+](C3CCCCC3)([Pd-2]4(OS(C)(=O)=O)C(C=CC=C5)=C5C6=C([NH+]4C)C=CC=C6)C7CCCCC7)C=CC=C2,XPhos Pd G4,0.13767904 milligram,0.16000000000000003 micromole,0.13767904000000003 microliter,C47H64NO3PPdS,BrC1=CC=CN2C=CN=C12,"8-bromoimidazo[1,2-a]pyridine",0.15762800000000002 milligram,0.8 micromole,0.15762800000000005 microliter,C7H5BrN2,B1(OC(C(O1)(C)C)(C)C)C2=CN=C(C=C2)C,"2-methyl-5-(4,4,5,5-tetramethyl-1,3,2-dioxaborolan-2-yl)pyridine",0.21032928 milligram,0.9600000000000001 micromole,0.21032928000000006 microliter,C12H18BNO2,O=C([O-])[O-].[Na+].[Na+],Na2CO3,0.635928 milligram,6.0 micromole,0.6359280000000002 microliter,CNa2O3,CN1C=NC2=C1C(=O)N(C(=O)N2C)C,caffeine,0.1553528 milligram,0.8 micromole,0.15535280000000004 microliter,C8H10N4O2,C1COCCO1,dioxane,32.445 milligram,368.2496084262139 micromole,31.5 microliter,C4H8O2,O,water,3.5 milligram,194.2825423258396 micromole,3.5 microliter,H2O,Cc1ccc(-c2cccn3ccnc23)cn1,suzuki_product_0,0.0 milligram,0.0 micromole,0 microliter,C13H11N3,c1ccn2ccnc2c1,dehalogenation_0,0.0 milligram,0.0 micromole,0 microliter,C7H6N2,Cc1ccccn1,deborylation_0,0.0 milligram,0.0 micromole,0 microliter,C6H7N,BrC1=CC=CN2C=CN=C12.B1(OC(C(O1)(C)C)(C)C)C2=CN=C(C=C2)C>>Cc1ccc(-c2cccn3ccnc23)cn1.c1ccn2ccnc2c1.Cc1ccccn1,001_RLN-NB-2443_007_C1,,,,,,,,,3/29/2023 6:37:41 PM,kat78-2-c1-a1_03_22_2023_49.raw,2min_150_1200.EXP,001_RLN-NB-2443_007_C1,KAT78-2-C1-A1_KAT78-2-C1-A1_KAT78-2-C1-A1,0,0,0,0,0,0,0,0,0,0,0,0,0,0,0,deborylation_0,0,0,0,0,0,184.1986787409998,33.68132024818327,4.583053120207227,194.9,0.7318,0,0,0,0,0,0,0,0,0,0,0,0,0,0,0,0,0,0,0,0,0,0,0,0,0,0,0,0,0,0,0,0,0,0,0,0,0,0,0,0,49.181309160243906,10.97662248908448,1.493600713310783,210.0,0.5884,0.0,0.0,0.0,0.0,0.0,0.0,0.0,0.0,0.0,0.0,0.0,0.0,0.00026071715498567007,32.589644373208756,0.0,0.0,0.0,0.0,0.0,0.0,0.0,0.0,0.0,0.0,0.0,0.0,0.0,0.0,0.0,0.0,0.0,0.0,0.0,0.0
49,C2,CC(C)C1=CC(C(C)C)=CC(C(C)C)=C1C2=C([P+](C3CCCCC3)([Pd-2]4(OS(C)(=O)=O)C(C=CC=C5)=C5C6=C([NH+]4C)C=CC=C6)C7CCCCC7)C=CC=C2,XPhos Pd G4,0.13767904 milligram,0.16000000000000003 micromole,0.13767904000000003 microliter,C47H64NO3PPdS,BrC1=CC=CN2C=CN=C12,"8-bromoimidazo[1,2-a]pyridine",0.15762800000000002 milligram,0.8 micromole,0.15762800000000005 microliter,C7H5BrN2,B1(OC(C(O1)(C)C)(C)C)C2=CN(N=C2C)C,"1,3-dimethyl-4-(4,4,5,5-tetramethyl-1,3,2-dioxaborolan-2-yl)-1H-pyrazole",0.21321311999999998 milligram,0.9600000000000001 micromole,0.21321312000000003 microliter,C11H19BN2O2,O=C([O-])[O-].[Na+].[Na+],Na2CO3,0.635928 milligram,6.0 micromole,0.6359280000000002 microliter,CNa2O3,CN1C=NC2=C1C(=O)N(C(=O)N2C)C,caffeine,0.1553528 milligram,0.8 micromole,0.15535280000000004 microliter,C8H10N4O2,C1COCCO1,dioxane,32.445 milligram,368.2496084262139 micromole,31.5 microliter,C4H8O2,O,water,3.5 milligram,194.2825423258396 micromole,3.5 microliter,H2O,Cc1nn(C)cc1-c1cccn2ccnc12,suzuki_product_0,0.0 milligram,0.0 micromole,0 microliter,C12H12N4,c1ccn2ccnc2c1,dehalogenation_0,0.0 milligram,0.0 micromole,0 microliter,C7H6N2,Cc1ccn(C)n1,deborylation_0,0.0 milligram,0.0 micromole,0 microliter,C5H8N2,BrC1=CC=CN2C=CN=C12.B1(OC(C(O1)(C)C)(C)C)C2=CN(N=C2C)C>>Cc1nn(C)cc1-c1cccn2ccnc12.c1ccn2ccnc2c1.Cc1ccn(C)n1,001_RLN-NB-2443_007_C2,,,,,,,,,3/29/2023 6:40:07 PM,kat78-2-c2-a1_03_22_2023_50.raw,2min_150_1200.EXP,001_RLN-NB-2443_007_C2,KAT78-2-C2-A1_KAT78-2-C2-A1_KAT78-2-C2-A1,0,0,0,0,0,0,0,0,0,0,0,0,0,0,0,deborylation_0,0,0,0,0,0,173.32363010894045,39.40317196680421,4.546893657962176,195,0.7334,0,0,0,0,0,0,0,0,0,0,0,0,0,0,0,0,0,0,0,0,0,0,0,0,0,0,0,0,0,0,0,0,0,0,0,0,0,0,0,0,22.538278976614293,4.298794736372371,0.4960555596935109,213.0,0.6534,9.901510971103399,1.9454409547374547,0.22449241260291986,223.0,0.6951,0.0,0.0,0.0,0.0,0.0,0.0,0.0,8.727814583037032e-05,10.909768228796288,0.0,0.0,0.0,0.0,3.949815931319277e-05,4.9372699141490966,0.0,0.0,0.0,0.0,0.0,0.0,0.0,0.0,0.0,0.0,0.0,0.0,0.0,0.0
50,C3,CC(C)C1=CC(C(C)C)=CC(C(C)C)=C1C2=C([P+](C3CCCCC3)([Pd-2]4(OS(C)(=O)=O)C(C=CC=C5)=C5C6=C([NH+]4C)C=CC=C6)C7CCCCC7)C=CC=C2,XPhos Pd G4,0.13767904 milligram,0.16000000000000003 micromole,0.13767904000000003 microliter,C47H64NO3PPdS,BrC1=CC=CN2C=CN=C12,"8-bromoimidazo[1,2-a]pyridine",0.15762800000000002 milligram,0.8 micromole,0.15762800000000005 microliter,C7H5BrN2,B1(OC(C(O1)(C)C)(C)C)C2=CCN(CC2)C(=O)OC(C)(C)C,"N-Boc-1,2,5,6-tetrahydropyridine-4-boronic acid pinacol ester",0.29684640000000007 milligram,0.9600000000000001 micromole,0.2968464000000001 microliter,C16H28BNO4,O=C([O-])[O-].[Na+].[Na+],Na2CO3,0.635928 milligram,6.0 micromole,0.6359280000000002 microliter,CNa2O3,CN1C=NC2=C1C(=O)N(C(=O)N2C)C,caffeine,0.1553528 milligram,0.8 micromole,0.15535280000000004 microliter,C8H10N4O2,C1COCCO1,dioxane,32.445 milligram,368.2496084262139 micromole,31.5 microliter,C4H8O2,O,water,3.5 milligram,194.2825423258396 micromole,3.5 microliter,H2O,CC(C)(C)OC(=O)N1CC=C(c2cccn3ccnc23)CC1,suzuki_product_0,0.0 milligram,0.0 micromole,0 microliter,C17H21N3O2,c1ccn2ccnc2c1,dehalogenation_0,0.0 milligram,0.0 micromole,0 microliter,C7H6N2,CC(C)(C)OC(=O)N1CC=CCC1,deborylation_0,0.0 milligram,0.0 micromole,0 microliter,C10H17NO2,BrC1=CC=CN2C=CN=C12.B1(OC(C(O1)(C)C)(C)C)C2=CCN(CC2)C(=O)OC(C)(C)C>>CC(C)(C)OC(=O)N1CC=C(c2cccn3ccnc23)CC1.c1ccn2ccnc2c1.CC(C)(C)OC(=O)N1CC=CCC1,001_RLN-NB-2443_007_C3,,,,,,,,,3/29/2023 6:42:34 PM,kat78-2-c3-a1_03_22_2023_51.raw,2min_150_1200.EXP,001_RLN-NB-2443_007_C3,KAT78-2-C3-A1_KAT78-2-C3-A1_KAT78-2-C3-A1,0,0,0,0,0,0,0,0,0,0,0,0,0,0,0,deborylation_0,0,0,0,0,0,174.97207112609263,23.090919323398456,4.325580373207198,195,0.7318,0,0,0,0,0,0,0,0,0,0,0,0,0,0,0,0,0,0,0,0,0,0,0,0,0,0,0,0,0,0,0,0,0,0,0,0,0,0,0,0,228.7349358932822,36.54790372980028,6.846453051147851,300.1,0.8668,0.0,0.0,0.0,0.0,0.0,0.0,0.0,0.0,0.0,0.0,0.0,0.0,0.001266226024799822,158.27825309997775,0.0,0.0,0.0,0.0,0.0,0.0,0.0,0.0,0.0,0.0,0.0,0.0,0.0,0.0,0.0,0.0,0.0,0.0,0.0,0.0
51,C4,CC(C)C1=CC(C(C)C)=CC(C(C)C)=C1C2=C([P+](C3CCCCC3)([Pd-2]4(OS(C)(=O)=O)C(C=CC=C5)=C5C6=C([NH+]4C)C=CC=C6)C7CCCCC7)C=CC=C2,XPhos Pd G4,0.13767904 milligram,0.16000000000000003 micromole,0.13767904000000003 microliter,C47H64NO3PPdS,BrC1=CC=CN2C=CN=C12,"8-bromoimidazo[1,2-a]pyridine",0.15762800000000002 milligram,0.8 micromole,0.15762800000000005 microliter,C7H5BrN2,B1(OC(C(O1)(C)C)(C)C)C2=CCN(CC2)C(=O)OC(C)(C)C,"N-Boc-1,2,5,6-tetrahydropyridine-4-boronic acid pinacol ester",0.29684640000000007 milligram,0.9600000000000001 micromole,0.2968464000000001 microliter,C16H28BNO4,O=C([O-])[O-].[Na+].[Na+],Na2CO3,0.635928 milligram,6.0 micromole,0.6359280000000002 microliter,CNa2O3,CN1C=NC2=C1C(=O)N(C(=O)N2C)C,caffeine,0.1553528 milligram,0.8 micromole,0.15535280000000004 microliter,C8H10N4O2,C1COCCO1,dioxane,32.445 milligram,368.2496084262139 micromole,31.5 microliter,C4H8O2,O,water,3.5 milligram,194.2825423258396 micromole,3.5 microliter,H2O,CC(C)(C)OC(=O)N1CC=C(c2cccn3ccnc23)CC1,suzuki_product_0,0.0 milligram,0.0 micromole,0 microliter,C17H21N3O2,c1ccn2ccnc2c1,dehalogenation_0,0.0 milligram,0.0 micromole,0 microliter,C7H6N2,CC(C)(C)OC(=O)N1CC=CCC1,deborylation_0,0.0 milligram,0.0 micromole,0 microliter,C10H17NO2,BrC1=CC=CN2C=CN=C12.B1(OC(C(O1)(C)C)(C)C)C2=CCN(CC2)C(=O)OC(C)(C)C>>CC(C)(C)OC(=O)N1CC=C(c2cccn3ccnc23)CC1.c1ccn2ccnc2c1.CC(C)(C)OC(=O)N1CC=CCC1,001_RLN-NB-2443_007_C4,,,,,,,,,3/29/2023 6:45:01 PM,kat78-2-c4-a1_03_22_2023_52.raw,2min_150_1200.EXP,001_RLN-NB-2443_007_C4,KAT78-2-C4-A1_KAT78-2-C4-A1_KAT78-2-C4-A1,0,0,0,0,0,0,0,0,0,0,0,0,0,0,0,deborylation_0,0,0,0,0,0,192.03788794173389,22.554541950233286,4.807669321481829,195,0.7318,0,0,0,0,0,0,0,0,0,0,0,0,0,0,0,0,0,0,0,0,0,0,0,0,0,0,0,0,0,0,0,0,0,0,0,0,0,0,0,0,233.43522719701926,33.18133113650191,7.07284892341784,300.1,0.8651,0.0,0.0,0.0,0.0,0.0,0.0,0.0,0.0,0.0,0.0,0.0,0.0,0.0011769276879030996,147.11596098788743,0.0,0.0,0.0,0.0,0.0,0.0,0.0,0.0,0.0,0.0,0.0,0.0,0.0,0.0,0.0,0.0,0.0,0.0,0.0,0.0
52,C5,CC(C)C1=CC(C(C)C)=CC(C(C)C)=C1C2=C([P+](C3CCCCC3)([Pd-2]4(OS(C)(=O)=O)C(C=CC=C5)=C5C6=C([NH+]4C)C=CC=C6)C7CCCCC7)C=CC=C2,XPhos Pd G4,0.13767904 milligram,0.16000000000000003 micromole,0.13767904000000003 microliter,C47H64NO3PPdS,BrC1=CC=CN2C=CN=C12,"8-bromoimidazo[1,2-a]pyridine",0.15762800000000002 milligram,0.8 micromole,0.15762800000000005 microliter,C7H5BrN2,B1(OC(C(O1)(C)C)(C)C)C2=CC=C(C=C2)N,"4-(4,4,5,5-tetramethyl-1,3,2-dioxaborolan-2-yl)aniline",0.21032928 milligram,0.9600000000000001 micromole,0.21032928000000006 microliter,C12H18BNO2,O=C([O-])[O-].[Na+].[Na+],Na2CO3,0.635928 milligram,6.0 micromole,0.6359280000000002 microliter,CNa2O3,CN1C=NC2=C1C(=O)N(C(=O)N2C)C,caffeine,0.1553528 milligram,0.8 micromole,0.15535280000000004 microliter,C8H10N4O2,C1COCCO1,dioxane,32.445 milligram,368.2496084262139 micromole,31.5 microliter,C4H8O2,O,water,3.5 milligram,194.2825423258396 micromole,3.5 microliter,H2O,Nc1ccc(-c2cccn3ccnc23)cc1,suzuki_product_0,0.0 milligram,0.0 micromole,0 microliter,C13H11N3,c1ccn2ccnc2c1,dehalogenation_0,0.0 milligram,0.0 micromole,0 microliter,C7H6N2,Nc1ccccc1,deborylation_0,0.0 milligram,0.0 micromole,0 microliter,C6H7N,BrC1=CC=CN2C=CN=C12.B1(OC(C(O1)(C)C)(C)C)C2=CC=C(C=C2)N>>Nc1ccc(-c2cccn3ccnc23)cc1.c1ccn2ccnc2c1.Nc1ccccc1,001_RLN-NB-2443_007_C5,,,,,,,,,3/29/2023 6:47:28 PM,kat78-2-c5-a1_03_22_2023_53.raw,2min_150_1200.EXP,001_RLN-NB-2443_007_C5,KAT78-2-C5-A1_KAT78-2-C5-A1_KAT78-2-C5-A1,0,0,0,0,0,0,0,0,0,0,0,0,0,0,0,deborylation_0,0,0,0,0,0,164.40612520340997,30.457412134892003,4.25276762025722,194.9,0.7318,0,0,0,0,0,0,0,0,0,0,0,0,0,0,0,0,0,0,0,0,0,0,0,0,0,0,0,0,0,0,0,0,0,0,0,0,0,0,0,0,54.865662484780806,11.033769042675539,1.5406448685221963,209.9,0.6351,0.0,0.0,0.0,0.0,0.0,0.0,0.0,0.0,0.0,0.0,0.0,0.0,0.00028981501104055407,36.22687638006926,0.0,0.0,0.0,0.0,0.0,0.0,0.0,0.0,0.0,0.0,0.0,0.0,0.0,0.0,0.0,0.0,0.0,0.0,0.0,0.0
53,C6,CC(C)C1=CC(C(C)C)=CC(C(C)C)=C1C2=C([P+](C3CCCCC3)([Pd-2]4(OS(C)(=O)=O)C(C=CC=C5)=C5C6=C([NH+]4C)C=CC=C6)C7CCCCC7)C=CC=C2,XPhos Pd G4,0.13767904 milligram,0.16000000000000003 micromole,0.13767904000000003 microliter,C47H64NO3PPdS,BrC1=CC=CN2C=CN=C12,"8-bromoimidazo[1,2-a]pyridine",0.15762800000000002 milligram,0.8 micromole,0.15762800000000005 microliter,C7H5BrN2,B1(OC(C(O1)(C)C)(C)C)C2=CC=C(C=C2)N,"4-(4,4,5,5-tetramethyl-1,3,2-dioxaborolan-2-yl)aniline",0.21032928 milligram,0.9600000000000001 micromole,0.21032928000000006 microliter,C12H18BNO2,O=C([O-])[O-].[Na+].[Na+],Na2CO3,0.635928 milligram,6.0 micromole,0.6359280000000002 microliter,CNa2O3,CN1C=NC2=C1C(=O)N(C(=O)N2C)C,caffeine,0.1553528 milligram,0.8 micromole,0.15535280000000004 microliter,C8H10N4O2,C1COCCO1,dioxane,32.445 milligram,368.2496084262139 micromole,31.5 microliter,C4H8O2,O,water,3.5 milligram,194.2825423258396 micromole,3.5 microliter,H2O,Nc1ccc(-c2cccn3ccnc23)cc1,suzuki_product_0,0.0 milligram,0.0 micromole,0 microliter,C13H11N3,c1ccn2ccnc2c1,dehalogenation_0,0.0 milligram,0.0 micromole,0 microliter,C7H6N2,Nc1ccccc1,deborylation_0,0.0 milligram,0.0 micromole,0 microliter,C6H7N,BrC1=CC=CN2C=CN=C12.B1(OC(C(O1)(C)C)(C)C)C2=CC=C(C=C2)N>>Nc1ccc(-c2cccn3ccnc23)cc1.c1ccn2ccnc2c1.Nc1ccccc1,001_RLN-NB-2443_007_C6,,,,,,,,,3/29/2023 6:49:55 PM,kat78-2-c6-a1_03_22_2023_54.raw,2min_150_1200.EXP,001_RLN-NB-2443_007_C6,KAT78-2-C6-A1_KAT78-2-C6-A1_KAT78-2-C6-A1,0,0,0,0,0,0,0,0,0,0,0,0,0,0,0,deborylation_0,0,0,0,0,0,156.6412380800715,29.904640715009496,3.9326425016409825,195,0.7334,0,0,0,0,0,0,0,0,0,0,0,0,0,0,0,0,0,0,0,0,0,0,0,0,0,0,0,0,0,0,0,0,0,0,0,0,0,0,0,0,57.852431380582765,11.9017133611342,1.565147839507486,209.9,0.6334,0.0,0.0,0.0,0.0,0.0,0.0,0.0,0.0,0.0,0.0,0.0,0.0,0.000318391074470541,39.79888430881762,0.0,0.0,0.0,0.0,0.0,0.0,0.0,0.0,0.0,0.0,0.0,0.0,0.0,0.0,0.0,0.0,0.0,0.0,0.0,0.0
54,C7,CC(C)C1=CC(C(C)C)=CC(C(C)C)=C1C2=C([P+](C3CCCCC3)([Pd-2]4(OS(C)(=O)=O)C(C=CC=C5)=C5C6=C([NH+]4C)C=CC=C6)C7CCCCC7)C=CC=C2,XPhos Pd G4,0.13767904 milligram,0.16000000000000003 micromole,0.13767904000000003 microliter,C47H64NO3PPdS,CC1=CC(C=O)=C(C)N1C2=CC(Cl)=CC(Cl)=C2,"1-(3,5-dichlorophenyl)-2,5-dimethyl-1H-pyrrole-3-carbaldehyde",0.2145144 milligram,0.8 micromole,0.21451440000000005 microliter,C13H11Cl2NO,B1(OC(C(O1)(C)C)(C)C)C2=CN=C(C=C2)C,"2-methyl-5-(4,4,5,5-tetramethyl-1,3,2-dioxaborolan-2-yl)pyridine",0.21032928 milligram,0.9600000000000001 micromole,0.21032928000000006 microliter,C12H18BNO2,O=C([O-])[O-].[Na+].[Na+],Na2CO3,0.635928 milligram,6.0 micromole,0.6359280000000002 microliter,CNa2O3,CN1C=NC2=C1C(=O)N(C(=O)N2C)C,caffeine,0.1553528 milligram,0.8 micromole,0.15535280000000004 microliter,C8H10N4O2,C1COCCO1,dioxane,32.445 milligram,368.2496084262139 micromole,31.5 microliter,C4H8O2,O,water,3.5 milligram,194.2825423258396 micromole,3.5 microliter,H2O,Cc1ccc(-c2cc(Cl)cc(-n3c(C)cc(C=O)c3C)c2)cn1,suzuki_product_0,0.0 milligram,0.0 micromole,0 microliter,C19H17ClN2O,Cc1ccc(-c2cc(-c3ccc(C)nc3)cc(-n3c(C)cc(C=O)c3C)c2)cn1,bis_addition_1,0.0 milligram,0.0 micromole,0 microliter,C25H23N3O,Cc1cc(C=O)c(C)n1-c1cccc(Cl)c1,dehalogenation_0,0.0 milligram,0.0 micromole,0 microliter,C13H12ClNO,CC1=CC(C=O)=C(C)N1C2=CC(Cl)=CC(Cl)=C2.B1(OC(C(O1)(C)C)(C)C)C2=CN=C(C=C2)C>>Cc1ccc(-c2cc(Cl)cc(-n3c(C)cc(C=O)c3C)c2)cn1.Cc1ccc(-c2cc(-c3ccc(C)nc3)cc(-n3c(C)cc(C=O)c3C)c2)cn1.Cc1cc(C=O)c(C)n1-c1cccc(Cl)c1.Cc1ccccn1,001_RLN-NB-2443_007_C7,,,Cc1ccccn1,deborylation_0,0.0 milligram,0.0 micromole,0 microliter,C6H7N,3/29/2023 6:52:23 PM,kat78-2-c7-a1_03_22_2023_55.raw,2min_150_1200.EXP,001_RLN-NB-2443_007_C7,KAT78-2-C7-A1_KAT78-2-C7-A1_KAT78-2-C7-A1,0,0,0,0,0,0,0,0,0,0,0,0,0,0,0,bis_addition_1,0,0,0,0,0,165.49158578425656,18.834535085009197,4.108432465533534,195,0.7334,0,0,0,0,0,0,0,0,0,0,0,0,0,0,0,0,0,0,0,0,72.70923823163388,9.200174776080921,2.0068611499053155,382,0.8051,0,0,0,0,0,0,0,0,0,0,0,0,0,0,0,242.0015539737894,31.88885238636128,6.956009046223252,324.9,1.0351,0.0,0.0,0.0,0.0,0.0,58.95693583598368,5.341287171288907,1.1651106609861086,267.8,1.3268,0.0,0.0,0.0013544842914330194,169.3105364291274,0.0,0.0,0.0,0.0,0.0,0.0,0.0,0.0,0.0,0.0,0.00022687205804363707,28.35900725545463,0.0003907789487579562,48.84736859474452,0.0,0.0,0.0,0.0,0.0,0.0
55,C8,CC(C)C1=CC(C(C)C)=CC(C(C)C)=C1C2=C([P+](C3CCCCC3)([Pd-2]4(OS(C)(=O)=O)C(C=CC=C5)=C5C6=C([NH+]4C)C=CC=C6)C7CCCCC7)C=CC=C2,XPhos Pd G4,0.13767904 milligram,0.16000000000000003 micromole,0.13767904000000003 microliter,C47H64NO3PPdS,CC1=CC(C=O)=C(C)N1C2=CC(Cl)=CC(Cl)=C2,"1-(3,5-dichlorophenyl)-2,5-dimethyl-1H-pyrrole-3-carbaldehyde",0.2145144 milligram,0.8 micromole,0.21451440000000005 microliter,C13H11Cl2NO,B1(OC(C(O1)(C)C)(C)C)C2=CN(N=C2C)C,"1,3-dimethyl-4-(4,4,5,5-tetramethyl-1,3,2-dioxaborolan-2-yl)-1H-pyrazole",0.21321311999999998 milligram,0.9600000000000001 micromole,0.21321312000000003 microliter,C11H19BN2O2,O=C([O-])[O-].[Na+].[Na+],Na2CO3,0.635928 milligram,6.0 micromole,0.6359280000000002 microliter,CNa2O3,CN1C=NC2=C1C(=O)N(C(=O)N2C)C,caffeine,0.1553528 milligram,0.8 micromole,0.15535280000000004 microliter,C8H10N4O2,C1COCCO1,dioxane,32.445 milligram,368.2496084262139 micromole,31.5 microliter,C4H8O2,O,water,3.5 milligram,194.2825423258396 micromole,3.5 microliter,H2O,Cc1nn(C)cc1-c1cc(Cl)cc(-n2c(C)cc(C=O)c2C)c1,suzuki_product_0,0.0 milligram,0.0 micromole,0 microliter,C18H18ClN3O,Cc1nn(C)cc1-c1cc(-c2cn(C)nc2C)cc(-n2c(C)cc(C=O)c2C)c1,bis_addition_1,0.0 milligram,0.0 micromole,0 microliter,C23H25N5O,Cc1cc(C=O)c(C)n1-c1cccc(Cl)c1,dehalogenation_0,0.0 milligram,0.0 micromole,0 microliter,C13H12ClNO,CC1=CC(C=O)=C(C)N1C2=CC(Cl)=CC(Cl)=C2.B1(OC(C(O1)(C)C)(C)C)C2=CN(N=C2C)C>>Cc1nn(C)cc1-c1cc(Cl)cc(-n2c(C)cc(C=O)c2C)c1.Cc1nn(C)cc1-c1cc(-c2cn(C)nc2C)cc(-n2c(C)cc(C=O)c2C)c1.Cc1cc(C=O)c(C)n1-c1cccc(Cl)c1.Cc1ccn(C)n1,001_RLN-NB-2443_007_C8,,,Cc1ccn(C)n1,deborylation_0,0.0 milligram,0.0 micromole,0 microliter,C5H8N2,3/29/2023 6:54:50 PM,kat78-2-c8-a1_03_22_2023_56.raw,2min_150_1200.EXP,001_RLN-NB-2443_007_C8,KAT78-2-C8-A1_KAT78-2-C8-A1_KAT78-2-C8-A1,0,0,0,0,0,0,0,0,0,0,0,0,0,0,0,bis_addition_2,0,0,0,0,0,183.51298065137178,20.199508267808078,4.6530159407991,195,0.7318,0,0,0,0,0,0,0,0,0,0,0,0,0,0,0,0,0,0,0,0,0,0,0,0,0,35.3704766800559,3.4278660770093548,0.7896189990262463,388.1,1.0684,0,0,0,0,0,0,0,0,0,0,232.31780649200414,26.90961802903495,6.198709393805533,327.9,1.2118,0.0,0.0,0.0,0.0,0.0,118.80080346632721,11.493387243818567,2.647535442458967,267.9,1.3268,0.0,0.0,0.0010657533905187489,133.2191738148436,0.0,0.0,0.0,0.0,0.0,0.0,0.0,0.0,0.0,0.0,0.0004551947341068915,56.899341763361434,0.0,0.0,0.0,0.0,0.0,0.0,0.0,0.0
56,C9,CC(C)C1=CC(C(C)C)=CC(C(C)C)=C1C2=C([P+](C3CCCCC3)([Pd-2]4(OS(C)(=O)=O)C(C=CC=C5)=C5C6=C([NH+]4C)C=CC=C6)C7CCCCC7)C=CC=C2,XPhos Pd G4,0.13767904 milligram,0.16000000000000003 micromole,0.13767904000000003 microliter,C47H64NO3PPdS,CC1=CC(C=O)=C(C)N1C2=CC(Cl)=CC(Cl)=C2,"1-(3,5-dichlorophenyl)-2,5-dimethyl-1H-pyrrole-3-carbaldehyde",0.2145144 milligram,0.8 micromole,0.21451440000000005 microliter,C13H11Cl2NO,B1(OC(C(O1)(C)C)(C)C)C2=CCN(CC2)C(=O)OC(C)(C)C,"N-Boc-1,2,5,6-tetrahydropyridine-4-boronic acid pinacol ester",0.29684640000000007 milligram,0.9600000000000001 micromole,0.2968464000000001 microliter,C16H28BNO4,O=C([O-])[O-].[Na+].[Na+],Na2CO3,0.635928 milligram,6.0 micromole,0.6359280000000002 microliter,CNa2O3,CN1C=NC2=C1C(=O)N(C(=O)N2C)C,caffeine,0.1553528 milligram,0.8 micromole,0.15535280000000004 microliter,C8H10N4O2,C1COCCO1,dioxane,32.445 milligram,368.2496084262139 micromole,31.5 microliter,C4H8O2,O,water,3.5 milligram,194.2825423258396 micromole,3.5 microliter,H2O,Cc1cc(C=O)c(C)n1-c1cc(Cl)cc(C2=CCN(C(=O)OC(C)(C)C)CC2)c1,suzuki_product_0,0.0 milligram,0.0 micromole,0 microliter,C23H27ClN2O3,Cc1cc(C=O)c(C)n1-c1cc(C2=CCN(C(=O)OC(C)(C)C)CC2)cc(C2=CCN(C(=O)OC(C)(C)C)CC2)c1,bis_addition_2,0.0 milligram,0.0 micromole,0 microliter,C33H43N3O5,Cc1cc(C=O)c(C)n1-c1cccc(Cl)c1,dehalogenation_0,0.0 milligram,0.0 micromole,0 microliter,C13H12ClNO,CC1=CC(C=O)=C(C)N1C2=CC(Cl)=CC(Cl)=C2.B1(OC(C(O1)(C)C)(C)C)C2=CCN(CC2)C(=O)OC(C)(C)C>>Cc1cc(C=O)c(C)n1-c1cc(Cl)cc(C2=CCN(C(=O)OC(C)(C)C)CC2)c1.Cc1cc(C=O)c(C)n1-c1cc(C2=CCN(C(=O)OC(C)(C)C)CC2)cc(C2=CCN(C(=O)OC(C)(C)C)CC2)c1.Cc1cc(C=O)c(C)n1-c1cccc(Cl)c1.CC(C)(C)OC(=O)N1CC=CCC1,001_RLN-NB-2443_007_C9,,,CC(C)(C)OC(=O)N1CC=CCC1,deborylation_0,0.0 milligram,0.0 micromole,0 microliter,C10H17NO2,3/29/2023 6:57:17 PM,kat78-2-c9-a1_03_22_2023_57.raw,2min_150_1200.EXP,001_RLN-NB-2443_007_C9,KAT78-2-C9-A1_KAT78-2-C9-A1_KAT78-2-C9-A1,0,0,0,0,0,0,0,0,0,0,0,0,0,0,0,bis_addition_1,0,0,0,0,0,165.64028717560342,24.488791563883037,4.093966835874272,194.9,0.7334,0,0,0,0,0,0,0,0,0,0,0,0,0,0,0,0,0,0,0,0,0,0,0,0,0,0,0,0,0,0,0,0,0,0,0,0,0,0,0,0,0.0,0.0,0.0,0.0,0.0,0.0,0.0,0.0,0.0,0.0,123.58755916874381,15.395436240660548,2.5737654399426453,267.8,1.3268,0.0,0.0,0.0,0.0,0.0,0.0,0.0,0.0,0.0,0.0,0.0,0.0,0.0,0.0,0.0005029382099316424,62.86727624145529,0.0,0.0,0.0,0.0,0.0,0.0,0.0,0.0
57,C10,CC(C)C1=CC(C(C)C)=CC(C(C)C)=C1C2=C([P+](C3CCCCC3)([Pd-2]4(OS(C)(=O)=O)C(C=CC=C5)=C5C6=C([NH+]4C)C=CC=C6)C7CCCCC7)C=CC=C2,XPhos Pd G4,0.13767904 milligram,0.16000000000000003 micromole,0.13767904000000003 microliter,C47H64NO3PPdS,CC1=CC(C=O)=C(C)N1C2=CC(Cl)=CC(Cl)=C2,"1-(3,5-dichlorophenyl)-2,5-dimethyl-1H-pyrrole-3-carbaldehyde",0.2145144 milligram,0.8 micromole,0.21451440000000005 microliter,C13H11Cl2NO,B1(OC(C(O1)(C)C)(C)C)C2=CCN(CC2)C(=O)OC(C)(C)C,"N-Boc-1,2,5,6-tetrahydropyridine-4-boronic acid pinacol ester",0.29684640000000007 milligram,0.9600000000000001 micromole,0.2968464000000001 microliter,C16H28BNO4,O=C([O-])[O-].[Na+].[Na+],Na2CO3,0.635928 milligram,6.0 micromole,0.6359280000000002 microliter,CNa2O3,CN1C=NC2=C1C(=O)N(C(=O)N2C)C,caffeine,0.1553528 milligram,0.8 micromole,0.15535280000000004 microliter,C8H10N4O2,C1COCCO1,dioxane,32.445 milligram,368.2496084262139 micromole,31.5 microliter,C4H8O2,O,water,3.5 milligram,194.2825423258396 micromole,3.5 microliter,H2O,Cc1cc(C=O)c(C)n1-c1cc(Cl)cc(C2=CCN(C(=O)OC(C)(C)C)CC2)c1,suzuki_product_0,0.0 milligram,0.0 micromole,0 microliter,C23H27ClN2O3,Cc1cc(C=O)c(C)n1-c1cc(C2=CCN(C(=O)OC(C)(C)C)CC2)cc(C2=CCN(C(=O)OC(C)(C)C)CC2)c1,bis_addition_2,0.0 milligram,0.0 micromole,0 microliter,C33H43N3O5,Cc1cc(C=O)c(C)n1-c1cccc(Cl)c1,dehalogenation_0,0.0 milligram,0.0 micromole,0 microliter,C13H12ClNO,CC1=CC(C=O)=C(C)N1C2=CC(Cl)=CC(Cl)=C2.B1(OC(C(O1)(C)C)(C)C)C2=CCN(CC2)C(=O)OC(C)(C)C>>Cc1cc(C=O)c(C)n1-c1cc(Cl)cc(C2=CCN(C(=O)OC(C)(C)C)CC2)c1.Cc1cc(C=O)c(C)n1-c1cc(C2=CCN(C(=O)OC(C)(C)C)CC2)cc(C2=CCN(C(=O)OC(C)(C)C)CC2)c1.Cc1cc(C=O)c(C)n1-c1cccc(Cl)c1.CC(C)(C)OC(=O)N1CC=CCC1,001_RLN-NB-2443_007_C10,,,CC(C)(C)OC(=O)N1CC=CCC1,deborylation_0,0.0 milligram,0.0 micromole,0 microliter,C10H17NO2,3/29/2023 6:59:45 PM,kat78-2-c10-a1_03_22_2023_58.raw,2min_150_1200.EXP,001_RLN-NB-2443_007_C10,KAT78-2-C10-A1_KAT78-2-C10-A1_KAT78-2-C10-A1,0,0,0,0,0,0,0,0,0,0,0,0,0,0,0,bis_addition_1,0,0,0,0,0,167.19382050630884,24.21457445518064,4.2529685468169856,195,0.7334,0,0,0,0,0,0,0,0,0,0,0,0,0,0,0,0,0,0,0,0,0,0,0,0,0,0,0,0,0,0,0,0,0,0,0,0,0,0,0,0,0.0,0.0,0.0,0.0,0.0,0.0,0.0,0.0,0.0,0.0,129.6634108810031,15.148082571892985,2.6605596081026324,267.9,1.3251,0.0,0.0,0.0,0.0,0.0,0.0,0.0,0.0,0.0,0.0,0.0,0.0,0.0,0.0,0.0005004616570877493,62.55770713596866,0.0,0.0,0.0,0.0,0.0,0.0,0.0,0.0
58,C11,CC(C)C1=CC(C(C)C)=CC(C(C)C)=C1C2=C([P+](C3CCCCC3)([Pd-2]4(OS(C)(=O)=O)C(C=CC=C5)=C5C6=C([NH+]4C)C=CC=C6)C7CCCCC7)C=CC=C2,XPhos Pd G4,0.13767904 milligram,0.16000000000000003 micromole,0.13767904000000003 microliter,C47H64NO3PPdS,CC1=CC(C=O)=C(C)N1C2=CC(Cl)=CC(Cl)=C2,"1-(3,5-dichlorophenyl)-2,5-dimethyl-1H-pyrrole-3-carbaldehyde",0.2145144 milligram,0.8 micromole,0.21451440000000005 microliter,C13H11Cl2NO,B1(OC(C(O1)(C)C)(C)C)C2=CC=C(C=C2)N,"4-(4,4,5,5-tetramethyl-1,3,2-dioxaborolan-2-yl)aniline",0.21032928 milligram,0.9600000000000001 micromole,0.21032928000000006 microliter,C12H18BNO2,O=C([O-])[O-].[Na+].[Na+],Na2CO3,0.635928 milligram,6.0 micromole,0.6359280000000002 microliter,CNa2O3,CN1C=NC2=C1C(=O)N(C(=O)N2C)C,caffeine,0.1553528 milligram,0.8 micromole,0.15535280000000004 microliter,C8H10N4O2,C1COCCO1,dioxane,32.445 milligram,368.2496084262139 micromole,31.5 microliter,C4H8O2,O,water,3.5 milligram,194.2825423258396 micromole,3.5 microliter,H2O,Cc1cc(C=O)c(C)n1-c1cc(Cl)cc(-c2ccc(N)cc2)c1,suzuki_product_0,0.0 milligram,0.0 micromole,0 microliter,C19H17ClN2O,Cc1cc(C=O)c(C)n1-c1cc(-c2ccc(N)cc2)cc(-c2ccc(N)cc2)c1,bis_addition_1,0.0 milligram,0.0 micromole,0 microliter,C25H23N3O,Cc1cc(C=O)c(C)n1-c1cccc(Cl)c1,dehalogenation_0,0.0 milligram,0.0 micromole,0 microliter,C13H12ClNO,CC1=CC(C=O)=C(C)N1C2=CC(Cl)=CC(Cl)=C2.B1(OC(C(O1)(C)C)(C)C)C2=CC=C(C=C2)N>>Cc1cc(C=O)c(C)n1-c1cc(Cl)cc(-c2ccc(N)cc2)c1.Cc1cc(C=O)c(C)n1-c1cc(-c2ccc(N)cc2)cc(-c2ccc(N)cc2)c1.Cc1cc(C=O)c(C)n1-c1cccc(Cl)c1.Nc1ccccc1,001_RLN-NB-2443_007_C11,,,Nc1ccccc1,deborylation_0,0.0 milligram,0.0 micromole,0 microliter,C6H7N,3/29/2023 7:02:12 PM,kat78-2-c11-a1_03_22_2023_59.raw,2min_150_1200.EXP,001_RLN-NB-2443_007_C11,KAT78-2-C11-A1_KAT78-2-C11-A1_KAT78-2-C11-A1,0,0,0,0,0,0,0,0,0,0,0,0,0,0,0,bis_addition_1,0,0,0,0,0,165.9885378614605,18.438271855146848,4.221306521611281,195,0.7301,0,0,0,0,0,0,0,0,0,0,0,0,0,0,0,0,0,0,0,0,27.863400576718035,2.2471104552305285,0.5144593861055194,416,1.0084,0,0,0,0,0,0,0,0,0,0,0,0,0,0,0,206.72872646135974,26.62145512273904,6.094786051927714,325.0,1.2301,0.0,0.0,0.0,0.0,0.0,71.62354302529059,5.993738005468388,1.3722221654005213,267.9,1.3251,0.0,0.0,0.0011550520713385813,144.38150891732263,0.0,0.0,0.0,0.0,0.0,0.0,0.0,0.0,0.0,0.0,0.0002600563893430305,32.50704866787881,9.749766020955035e-05,12.187207526193793,0.0,0.0,0.0,0.0,0.0,0.0
59,C12,CC(C)C1=CC(C(C)C)=CC(C(C)C)=C1C2=C([P+](C3CCCCC3)([Pd-2]4(OS(C)(=O)=O)C(C=CC=C5)=C5C6=C([NH+]4C)C=CC=C6)C7CCCCC7)C=CC=C2,XPhos Pd G4,0.13767904 milligram,0.16000000000000003 micromole,0.13767904000000003 microliter,C47H64NO3PPdS,CC1=CC(C=O)=C(C)N1C2=CC(Cl)=CC(Cl)=C2,"1-(3,5-dichlorophenyl)-2,5-dimethyl-1H-pyrrole-3-carbaldehyde",0.2145144 milligram,0.8 micromole,0.21451440000000005 microliter,C13H11Cl2NO,B1(OC(C(O1)(C)C)(C)C)C2=CC=C(C=C2)N,"4-(4,4,5,5-tetramethyl-1,3,2-dioxaborolan-2-yl)aniline",0.21032928 milligram,0.9600000000000001 micromole,0.21032928000000006 microliter,C12H18BNO2,O=C([O-])[O-].[Na+].[Na+],Na2CO3,0.635928 milligram,6.0 micromole,0.6359280000000002 microliter,CNa2O3,CN1C=NC2=C1C(=O)N(C(=O)N2C)C,caffeine,0.1553528 milligram,0.8 micromole,0.15535280000000004 microliter,C8H10N4O2,C1COCCO1,dioxane,32.445 milligram,368.2496084262139 micromole,31.5 microliter,C4H8O2,O,water,3.5 milligram,194.2825423258396 micromole,3.5 microliter,H2O,Cc1cc(C=O)c(C)n1-c1cc(Cl)cc(-c2ccc(N)cc2)c1,suzuki_product_0,0.0 milligram,0.0 micromole,0 microliter,C19H17ClN2O,Cc1cc(C=O)c(C)n1-c1cc(-c2ccc(N)cc2)cc(-c2ccc(N)cc2)c1,bis_addition_1,0.0 milligram,0.0 micromole,0 microliter,C25H23N3O,Cc1cc(C=O)c(C)n1-c1cccc(Cl)c1,dehalogenation_0,0.0 milligram,0.0 micromole,0 microliter,C13H12ClNO,CC1=CC(C=O)=C(C)N1C2=CC(Cl)=CC(Cl)=C2.B1(OC(C(O1)(C)C)(C)C)C2=CC=C(C=C2)N>>Cc1cc(C=O)c(C)n1-c1cc(Cl)cc(-c2ccc(N)cc2)c1.Cc1cc(C=O)c(C)n1-c1cc(-c2ccc(N)cc2)cc(-c2ccc(N)cc2)c1.Cc1cc(C=O)c(C)n1-c1cccc(Cl)c1.Nc1ccccc1,001_RLN-NB-2443_007_C12,,,Nc1ccccc1,deborylation_0,0.0 milligram,0.0 micromole,0 microliter,C6H7N,3/29/2023 7:04:39 PM,kat78-2-c12-a1_03_22_2023_60.raw,2min_150_1200.EXP,001_RLN-NB-2443_007_C12,KAT78-2-C12-A1_KAT78-2-C12-A1_KAT78-2-C12-A1,0,0,0,0,0,0,0,0,0,0,0,0,0,0,0,bis_addition_1,0,0,0,0,0,173.04457750477823,42.25158706496382,4.324142952985804,194.9,0.7318,0,0,0,0,0,0,0,0,0,0,0,0,0,0,0,0,0,0,0,0,0,0,0,0,0,0,0,0,0,0,0,0,0,0,0,0,0,0,0,0,0.0,0.0,0.0,0.0,0.0,0.0,0.0,0.0,0.0,0.0,152.6798402196728,30.534075635333767,3.124940792909293,267.8,1.3251,0.0,0.0,0.0,0.0,0.0,0.0,0.0,0.0,0.0,0.0,0.0,0.0,0.0,0.0,0.0005781382950351414,72.26728687939267,0.0,0.0,0.0,0.0,0.0,0.0,0.0,0.0
60,C13,CC(C)C1=CC(C(C)C)=CC(C(C)C)=C1C2=C([P+](C3CCCCC3)([Pd-2]4(OS(C)(=O)=O)C(C=CC=C5)=C5C6=C([NH+]4C)C=CC=C6)C7CCCCC7)C=CC=C2,XPhos Pd G4,0.13767904 milligram,0.16000000000000003 micromole,0.13767904000000003 microliter,C47H64NO3PPdS,COC1=C(N)C(Cl)=NC=N1,4-chloro-6-methoxypyrimidin-5-amine,0.12766080000000002 milligram,0.8 micromole,0.12766080000000005 microliter,C5H6ClN3O,B1(OC(C(O1)(C)C)(C)C)C2=CN=C(C=C2)C,"2-methyl-5-(4,4,5,5-tetramethyl-1,3,2-dioxaborolan-2-yl)pyridine",0.21032928 milligram,0.9600000000000001 micromole,0.21032928000000006 microliter,C12H18BNO2,O=C([O-])[O-].[Na+].[Na+],Na2CO3,0.635928 milligram,6.0 micromole,0.6359280000000002 microliter,CNa2O3,CN1C=NC2=C1C(=O)N(C(=O)N2C)C,caffeine,0.1553528 milligram,0.8 micromole,0.15535280000000004 microliter,C8H10N4O2,C1COCCO1,dioxane,32.445 milligram,368.2496084262139 micromole,31.5 microliter,C4H8O2,O,water,3.5 milligram,194.2825423258396 micromole,3.5 microliter,H2O,COc1ncnc(-c2ccc(C)nc2)c1N,suzuki_product_0,0.0 milligram,0.0 micromole,0 microliter,C11H12N4O,COc1ncncc1N,dehalogenation_0,0.0 milligram,0.0 micromole,0 microliter,C5H7N3O,Cc1ccccn1,deborylation_0,0.0 milligram,0.0 micromole,0 microliter,C6H7N,COC1=C(N)C(Cl)=NC=N1.B1(OC(C(O1)(C)C)(C)C)C2=CN=C(C=C2)C>>COc1ncnc(-c2ccc(C)nc2)c1N.COc1ncncc1N.Cc1ccccn1,001_RLN-NB-2443_007_C13,,,,,,,,,3/29/2023 7:07:06 PM,kat78-2-c13-a1_03_22_2023_61.raw,2min_150_1200.EXP,001_RLN-NB-2443_007_C13,KAT78-2-C13-A1_KAT78-2-C13-A1_KAT78-2-C13-A1,0,0,0,0,0,0,0,0,0,0,0,0,0,0,0,deborylation_0,0,0,0,0,0,172.1497915989728,34.90761928170991,4.47565269418541,195,0.7334,0,0,0,0,0,0,0,0,0,0,0,0,0,0,0,0,0,0,0,0,0,0,0,0,0,0,0,0,0,0,0,0,0,0,0,0,0,0,0,0,28.04432382542977,5.011906763160452,0.6425976468495038,216.9,0.6501,0.0,0.0,0.0,0.0,0.0,0.0,0.0,0.0,0.0,0.0,0.0,0.0,0.00011486103873686914,14.35762984210864,0.0,0.0,0.0,0.0,0.0,0.0,0.0,0.0,0.0,0.0,0.0,0.0,0.0,0.0,0.0,0.0,0.0,0.0,0.0,0.0
61,C14,CC(C)C1=CC(C(C)C)=CC(C(C)C)=C1C2=C([P+](C3CCCCC3)([Pd-2]4(OS(C)(=O)=O)C(C=CC=C5)=C5C6=C([NH+]4C)C=CC=C6)C7CCCCC7)C=CC=C2,XPhos Pd G4,0.13767904 milligram,0.16000000000000003 micromole,0.13767904000000003 microliter,C47H64NO3PPdS,COC1=C(N)C(Cl)=NC=N1,4-chloro-6-methoxypyrimidin-5-amine,0.12766080000000002 milligram,0.8 micromole,0.12766080000000005 microliter,C5H6ClN3O,B1(OC(C(O1)(C)C)(C)C)C2=CN(N=C2C)C,"1,3-dimethyl-4-(4,4,5,5-tetramethyl-1,3,2-dioxaborolan-2-yl)-1H-pyrazole",0.21321311999999998 milligram,0.9600000000000001 micromole,0.21321312000000003 microliter,C11H19BN2O2,O=C([O-])[O-].[Na+].[Na+],Na2CO3,0.635928 milligram,6.0 micromole,0.6359280000000002 microliter,CNa2O3,CN1C=NC2=C1C(=O)N(C(=O)N2C)C,caffeine,0.1553528 milligram,0.8 micromole,0.15535280000000004 microliter,C8H10N4O2,C1COCCO1,dioxane,32.445 milligram,368.2496084262139 micromole,31.5 microliter,C4H8O2,O,water,3.5 milligram,194.2825423258396 micromole,3.5 microliter,H2O,COc1ncnc(-c2cn(C)nc2C)c1N,suzuki_product_0,0.0 milligram,0.0 micromole,0 microliter,C10H13N5O,COc1ncncc1N,dehalogenation_0,0.0 milligram,0.0 micromole,0 microliter,C5H7N3O,Cc1ccn(C)n1,deborylation_0,0.0 milligram,0.0 micromole,0 microliter,C5H8N2,COC1=C(N)C(Cl)=NC=N1.B1(OC(C(O1)(C)C)(C)C)C2=CN(N=C2C)C>>COc1ncnc(-c2cn(C)nc2C)c1N.COc1ncncc1N.Cc1ccn(C)n1,001_RLN-NB-2443_007_C14,,,,,,,,,3/29/2023 7:09:34 PM,kat78-2-c14-a1_03_22_2023_62.raw,2min_150_1200.EXP,001_RLN-NB-2443_007_C14,KAT78-2-C14-A1_KAT78-2-C14-A1_KAT78-2-C14-A1,0,0,0,0,0,0,0,0,0,0,0,0,0,0,0,deborylation_0,0,0,0,0,0,182.61604839265175,33.35973997825748,4.785893983361893,195,0.7334,0,0,0,0,0,0,0,0,0,0,0,0,0,0,0,0,0,0,0,0,0,0,0,0,0,0,0,0,0,0,0,0,0,0,0,0,0,0,0,0,43.110335655434156,6.196871495939805,0.8890228169468564,440.0,1.3685,19.99008008803402,3.3257642552864737,0.4771246763262985,220.0,0.6951,0.0,0.0,0.0,0.0,0.0,0.0,0.0,0.00014860718938405811,18.575898673007263,0.0,0.0,0.0,0.0,7.975516014103399e-05,9.969395017629248,0.0,0.0,0.0,0.0,0.0,0.0,0.0,0.0,0.0,0.0,0.0,0.0,0.0,0.0
62,C15,CC(C)C1=CC(C(C)C)=CC(C(C)C)=C1C2=C([P+](C3CCCCC3)([Pd-2]4(OS(C)(=O)=O)C(C=CC=C5)=C5C6=C([NH+]4C)C=CC=C6)C7CCCCC7)C=CC=C2,XPhos Pd G4,0.13767904 milligram,0.16000000000000003 micromole,0.13767904000000003 microliter,C47H64NO3PPdS,COC1=C(N)C(Cl)=NC=N1,4-chloro-6-methoxypyrimidin-5-amine,0.12766080000000002 milligram,0.8 micromole,0.12766080000000005 microliter,C5H6ClN3O,B1(OC(C(O1)(C)C)(C)C)C2=CCN(CC2)C(=O)OC(C)(C)C,"N-Boc-1,2,5,6-tetrahydropyridine-4-boronic acid pinacol ester",0.29684640000000007 milligram,0.9600000000000001 micromole,0.2968464000000001 microliter,C16H28BNO4,O=C([O-])[O-].[Na+].[Na+],Na2CO3,0.635928 milligram,6.0 micromole,0.6359280000000002 microliter,CNa2O3,CN1C=NC2=C1C(=O)N(C(=O)N2C)C,caffeine,0.1553528 milligram,0.8 micromole,0.15535280000000004 microliter,C8H10N4O2,C1COCCO1,dioxane,32.445 milligram,368.2496084262139 micromole,31.5 microliter,C4H8O2,O,water,3.5 milligram,194.2825423258396 micromole,3.5 microliter,H2O,COc1ncnc(C2=CCN(C(=O)OC(C)(C)C)CC2)c1N,suzuki_product_0,0.0 milligram,0.0 micromole,0 microliter,C15H22N4O3,COc1ncncc1N,dehalogenation_0,0.0 milligram,0.0 micromole,0 microliter,C5H7N3O,CC(C)(C)OC(=O)N1CC=CCC1,deborylation_0,0.0 milligram,0.0 micromole,0 microliter,C10H17NO2,COC1=C(N)C(Cl)=NC=N1.B1(OC(C(O1)(C)C)(C)C)C2=CCN(CC2)C(=O)OC(C)(C)C>>COc1ncnc(C2=CCN(C(=O)OC(C)(C)C)CC2)c1N.COc1ncncc1N.CC(C)(C)OC(=O)N1CC=CCC1,001_RLN-NB-2443_007_C15,,,,,,,,,3/29/2023 7:12:02 PM,kat78-2-c15-a1_03_22_2023_63.raw,2min_150_1200.EXP,001_RLN-NB-2443_007_C15,KAT78-2-C15-A1_KAT78-2-C15-A1_KAT78-2-C15-A1,0,0,0,0,0,0,0,0,0,0,0,0,0,0,0,deborylation_0,0,0,0,0,0,179.18117839576917,22.743717834074857,4.636297661249362,194.9,0.7318,0,0,0,0,0,0,0,0,0,0,0,0,0,0,0,0,0,0,0,0,0,0,0,0,0,0,0,0,0,0,0,0,0,0,0,0,0,0,0,0,190.4219971632521,25.12447175263634,5.121613382503158,306.9,0.9934,0.0,0.0,0.0,0.0,0.0,0.0,0.0,0.0,0.0,0.0,0.0,0.0,0.0008837419435443265,110.4677429430408,0.0,0.0,0.0,0.0,0.0,0.0,0.0,0.0,0.0,0.0,0.0,0.0,0.0,0.0,0.0,0.0,0.0,0.0,0.0,0.0
63,C16,CC(C)C1=CC(C(C)C)=CC(C(C)C)=C1C2=C([P+](C3CCCCC3)([Pd-2]4(OS(C)(=O)=O)C(C=CC=C5)=C5C6=C([NH+]4C)C=CC=C6)C7CCCCC7)C=CC=C2,XPhos Pd G4,0.13767904 milligram,0.16000000000000003 micromole,0.13767904000000003 microliter,C47H64NO3PPdS,COC1=C(N)C(Cl)=NC=N1,4-chloro-6-methoxypyrimidin-5-amine,0.12766080000000002 milligram,0.8 micromole,0.12766080000000005 microliter,C5H6ClN3O,B1(OC(C(O1)(C)C)(C)C)C2=CCN(CC2)C(=O)OC(C)(C)C,"N-Boc-1,2,5,6-tetrahydropyridine-4-boronic acid pinacol ester",0.29684640000000007 milligram,0.9600000000000001 micromole,0.2968464000000001 microliter,C16H28BNO4,O=C([O-])[O-].[Na+].[Na+],Na2CO3,0.635928 milligram,6.0 micromole,0.6359280000000002 microliter,CNa2O3,CN1C=NC2=C1C(=O)N(C(=O)N2C)C,caffeine,0.1553528 milligram,0.8 micromole,0.15535280000000004 microliter,C8H10N4O2,C1COCCO1,dioxane,32.445 milligram,368.2496084262139 micromole,31.5 microliter,C4H8O2,O,water,3.5 milligram,194.2825423258396 micromole,3.5 microliter,H2O,COc1ncnc(C2=CCN(C(=O)OC(C)(C)C)CC2)c1N,suzuki_product_0,0.0 milligram,0.0 micromole,0 microliter,C15H22N4O3,COc1ncncc1N,dehalogenation_0,0.0 milligram,0.0 micromole,0 microliter,C5H7N3O,CC(C)(C)OC(=O)N1CC=CCC1,deborylation_0,0.0 milligram,0.0 micromole,0 microliter,C10H17NO2,COC1=C(N)C(Cl)=NC=N1.B1(OC(C(O1)(C)C)(C)C)C2=CCN(CC2)C(=O)OC(C)(C)C>>COc1ncnc(C2=CCN(C(=O)OC(C)(C)C)CC2)c1N.COc1ncncc1N.CC(C)(C)OC(=O)N1CC=CCC1,001_RLN-NB-2443_007_C16,,,,,,,,,3/29/2023 7:14:29 PM,kat78-2-c16-a1_03_22_2023_64.raw,2min_150_1200.EXP,001_RLN-NB-2443_007_C16,KAT78-2-C16-A1_KAT78-2-C16-A1_KAT78-2-C16-A1,0,0,0,0,0,0,0,0,0,0,0,0,0,0,0,deborylation_0,0,0,0,0,0,162.53057547087118,20.891419354272283,4.2743799627153996,194.9,0.7351,0,0,0,0,0,0,0,0,0,0,0,0,0,0,0,0,0,0,0,0,0,0,0,0,0,0,0,0,0,0,0,0,0,0,0,0,0,0,0,0,194.34940576076033,26.36860635045605,5.395011258824325,307.0,0.9968,0.0,0.0,0.0,0.0,0.0,0.0,0.0,0.0,0.0,0.0,0.0,0.0,0.0010097392007044723,126.21740008805904,0.0,0.0,0.0,0.0,0.0,0.0,0.0,0.0,0.0,0.0,0.0,0.0,0.0,0.0,0.0,0.0,0.0,0.0,0.0,0.0
64,C17,CC(C)C1=CC(C(C)C)=CC(C(C)C)=C1C2=C([P+](C3CCCCC3)([Pd-2]4(OS(C)(=O)=O)C(C=CC=C5)=C5C6=C([NH+]4C)C=CC=C6)C7CCCCC7)C=CC=C2,XPhos Pd G4,0.13767904 milligram,0.16000000000000003 micromole,0.13767904000000003 microliter,C47H64NO3PPdS,COC1=C(N)C(Cl)=NC=N1,4-chloro-6-methoxypyrimidin-5-amine,0.12766080000000002 milligram,0.8 micromole,0.12766080000000005 microliter,C5H6ClN3O,B1(OC(C(O1)(C)C)(C)C)C2=CC=C(C=C2)N,"4-(4,4,5,5-tetramethyl-1,3,2-dioxaborolan-2-yl)aniline",0.21032928 milligram,0.9600000000000001 micromole,0.21032928000000006 microliter,C12H18BNO2,O=C([O-])[O-].[Na+].[Na+],Na2CO3,0.635928 milligram,6.0 micromole,0.6359280000000002 microliter,CNa2O3,CN1C=NC2=C1C(=O)N(C(=O)N2C)C,caffeine,0.1553528 milligram,0.8 micromole,0.15535280000000004 microliter,C8H10N4O2,C1COCCO1,dioxane,32.445 milligram,368.2496084262139 micromole,31.5 microliter,C4H8O2,O,water,3.5 milligram,194.2825423258396 micromole,3.5 microliter,H2O,COc1ncnc(-c2ccc(N)cc2)c1N,suzuki_product_0,0.0 milligram,0.0 micromole,0 microliter,C11H12N4O,COc1ncncc1N,dehalogenation_0,0.0 milligram,0.0 micromole,0 microliter,C5H7N3O,Nc1ccccc1,deborylation_0,0.0 milligram,0.0 micromole,0 microliter,C6H7N,COC1=C(N)C(Cl)=NC=N1.B1(OC(C(O1)(C)C)(C)C)C2=CC=C(C=C2)N>>COc1ncnc(-c2ccc(N)cc2)c1N.COc1ncncc1N.Nc1ccccc1,001_RLN-NB-2443_007_C17,,,,,,,,,3/29/2023 7:16:56 PM,kat78-2-c17-a1_03_22_2023_65.raw,2min_150_1200.EXP,001_RLN-NB-2443_007_C17,KAT78-2-C17-A1_KAT78-2-C17-A1_KAT78-2-C17-A1,0,0,0,0,0,0,0,0,0,0,0,0,0,0,0,deborylation_0,0,0,0,0,0,179.2354858659987,25.36783906106362,4.510412874126684,194.9,0.7318,0,0,0,0,0,0,0,0,0,0,0,0,0,0,0,0,0,0,0,0,0,0,0,0,0,0,0,0,0,0,0,0,0,0,0,0,0,0,0,0,68.40343748913817,10.505476492834081,1.8678783126956409,217.0,0.6568,0.0,0.0,0.0,0.0,0.0,0.0,0.0,0.0,0.0,0.0,0.0,0.0,0.00033130063518760307,41.41257939845038,0.0,0.0,0.0,0.0,0.0,0.0,0.0,0.0,0.0,0.0,0.0,0.0,0.0,0.0,0.0,0.0,0.0,0.0,0.0,0.0
65,C18,CC(C)C1=CC(C(C)C)=CC(C(C)C)=C1C2=C([P+](C3CCCCC3)([Pd-2]4(OS(C)(=O)=O)C(C=CC=C5)=C5C6=C([NH+]4C)C=CC=C6)C7CCCCC7)C=CC=C2,XPhos Pd G4,0.13767904 milligram,0.16000000000000003 micromole,0.13767904000000003 microliter,C47H64NO3PPdS,COC1=C(N)C(Cl)=NC=N1,4-chloro-6-methoxypyrimidin-5-amine,0.12766080000000002 milligram,0.8 micromole,0.12766080000000005 microliter,C5H6ClN3O,B1(OC(C(O1)(C)C)(C)C)C2=CC=C(C=C2)N,"4-(4,4,5,5-tetramethyl-1,3,2-dioxaborolan-2-yl)aniline",0.21032928 milligram,0.9600000000000001 micromole,0.21032928000000006 microliter,C12H18BNO2,O=C([O-])[O-].[Na+].[Na+],Na2CO3,0.635928 milligram,6.0 micromole,0.6359280000000002 microliter,CNa2O3,CN1C=NC2=C1C(=O)N(C(=O)N2C)C,caffeine,0.1553528 milligram,0.8 micromole,0.15535280000000004 microliter,C8H10N4O2,C1COCCO1,dioxane,32.445 milligram,368.2496084262139 micromole,31.5 microliter,C4H8O2,O,water,3.5 milligram,194.2825423258396 micromole,3.5 microliter,H2O,COc1ncnc(-c2ccc(N)cc2)c1N,suzuki_product_0,0.0 milligram,0.0 micromole,0 microliter,C11H12N4O,COc1ncncc1N,dehalogenation_0,0.0 milligram,0.0 micromole,0 microliter,C5H7N3O,Nc1ccccc1,deborylation_0,0.0 milligram,0.0 micromole,0 microliter,C6H7N,COC1=C(N)C(Cl)=NC=N1.B1(OC(C(O1)(C)C)(C)C)C2=CC=C(C=C2)N>>COc1ncnc(-c2ccc(N)cc2)c1N.COc1ncncc1N.Nc1ccccc1,001_RLN-NB-2443_007_C18,,,,,,,,,3/29/2023 7:19:23 PM,kat78-2-c18-a1_03_22_2023_66.raw,2min_150_1200.EXP,001_RLN-NB-2443_007_C18,KAT78-2-C18-A1_KAT78-2-C18-A1_KAT78-2-C18-A1,0,0,0,0,0,0,0,0,0,0,0,0,0,0,0,deborylation_0,0,0,0,0,0,167.72412519240905,27.30023602916004,4.502634961844527,195,0.7334,0,0,0,0,0,0,0,0,0,0,0,0,0,0,0,0,0,0,0,0,0,0,0,0,0,0,0,0,0,0,0,0,0,0,0,0,0,0,0,0,55.51125182776023,8.951003503497459,1.4762913139429197,216.9,0.6568,0.0,0.0,0.0,0.0,0.0,0.0,0.0,0.0,0.0,0.0,0.0,0.0,0.00026229820120050765,32.78727515006346,0.0,0.0,0.0,0.0,0.0,0.0,0.0,0.0,0.0,0.0,0.0,0.0,0.0,0.0,0.0,0.0,0.0,0.0,0.0,0.0
66,C19,CC(C)C1=CC(C(C)C)=CC(C(C)C)=C1C2=C([P+](C3CCCCC3)([Pd-2]4(OS(C)(=O)=O)C(C=CC=C5)=C5C6=C([NH+]4C)C=CC=C6)C7CCCCC7)C=CC=C2,XPhos Pd G4,0.13767904 milligram,0.16000000000000003 micromole,0.13767904000000003 microliter,C47H64NO3PPdS,CC1=C(N2CCCC2=O)C=CC(Br)=C1,1-(4-bromo-2-methylphenyl)pyrrolidin-2-one,0.20330160000000003 milligram,0.8 micromole,0.20330160000000008 microliter,C11H12BrNO,B1(OC(C(O1)(C)C)(C)C)C2=CN=C(C=C2)C,"2-methyl-5-(4,4,5,5-tetramethyl-1,3,2-dioxaborolan-2-yl)pyridine",0.21032928 milligram,0.9600000000000001 micromole,0.21032928000000006 microliter,C12H18BNO2,O=C([O-])[O-].[Na+].[Na+],Na2CO3,0.635928 milligram,6.0 micromole,0.6359280000000002 microliter,CNa2O3,CN1C=NC2=C1C(=O)N(C(=O)N2C)C,caffeine,0.1553528 milligram,0.8 micromole,0.15535280000000004 microliter,C8H10N4O2,C1COCCO1,dioxane,32.445 milligram,368.2496084262139 micromole,31.5 microliter,C4H8O2,O,water,3.5 milligram,194.2825423258396 micromole,3.5 microliter,H2O,Cc1ccc(-c2ccc(N3CCCC3=O)c(C)c2)cn1,suzuki_product_0,0.0 milligram,0.0 micromole,0 microliter,C17H18N2O,Cc1ccccc1N1CCCC1=O,dehalogenation_0,0.0 milligram,0.0 micromole,0 microliter,C11H13NO,Cc1ccccn1,deborylation_0,0.0 milligram,0.0 micromole,0 microliter,C6H7N,CC1=C(N2CCCC2=O)C=CC(Br)=C1.B1(OC(C(O1)(C)C)(C)C)C2=CN=C(C=C2)C>>Cc1ccc(-c2ccc(N3CCCC3=O)c(C)c2)cn1.Cc1ccccc1N1CCCC1=O.Cc1ccccn1,001_RLN-NB-2443_007_C19,,,,,,,,,3/29/2023 7:21:50 PM,kat78-2-c19-a1_03_22_2023_67.raw,2min_150_1200.EXP,001_RLN-NB-2443_007_C19,KAT78-2-C19-A1_KAT78-2-C19-A1_KAT78-2-C19-A1,0,0,0,0,0,0,0,0,0,0,0,0,0,0,0,deborylation_0,0,0,0,0,0,171.7936174433438,19.6618160419168,3.9042943422980865,195,0.7334,0,0,0,0,0,0,0,0,0,0,0,0,0,0,0,0,0,0,0,0,0,0,0,0,0,0,0,0,0,0,0,0,0,0,0,24.97255636560802,2.746714918632283,0.5454218213546213,255.8,1.1868,220.6200277854017,33.969733269938125,6.745452054502327,267.0,0.7734,0.0,0.0,0.0,0.0,0.0,0.0,0.0,0.0,0.0,0.0,0.0,0.0,0.0013821605571944502,172.77006964930627,0.0,0.0,0.0,0.0,0.0,0.0,0.0,0.0,0.0,0.0,0.0,0.0,0.0,0.0,0.0,0.0,0.0,0.0,0.00011175834064469298,13.96979258058662
67,C20,CC(C)C1=CC(C(C)C)=CC(C(C)C)=C1C2=C([P+](C3CCCCC3)([Pd-2]4(OS(C)(=O)=O)C(C=CC=C5)=C5C6=C([NH+]4C)C=CC=C6)C7CCCCC7)C=CC=C2,XPhos Pd G4,0.13767904 milligram,0.16000000000000003 micromole,0.13767904000000003 microliter,C47H64NO3PPdS,CC1=C(N2CCCC2=O)C=CC(Br)=C1,1-(4-bromo-2-methylphenyl)pyrrolidin-2-one,0.20330160000000003 milligram,0.8 micromole,0.20330160000000008 microliter,C11H12BrNO,B1(OC(C(O1)(C)C)(C)C)C2=CN(N=C2C)C,"1,3-dimethyl-4-(4,4,5,5-tetramethyl-1,3,2-dioxaborolan-2-yl)-1H-pyrazole",0.21321311999999998 milligram,0.9600000000000001 micromole,0.21321312000000003 microliter,C11H19BN2O2,O=C([O-])[O-].[Na+].[Na+],Na2CO3,0.635928 milligram,6.0 micromole,0.6359280000000002 microliter,CNa2O3,CN1C=NC2=C1C(=O)N(C(=O)N2C)C,caffeine,0.1553528 milligram,0.8 micromole,0.15535280000000004 microliter,C8H10N4O2,C1COCCO1,dioxane,32.445 milligram,368.2496084262139 micromole,31.5 microliter,C4H8O2,O,water,3.5 milligram,194.2825423258396 micromole,3.5 microliter,H2O,Cc1cc(-c2cn(C)nc2C)ccc1N1CCCC1=O,suzuki_product_0,0.0 milligram,0.0 micromole,0 microliter,C16H19N3O,Cc1ccccc1N1CCCC1=O,dehalogenation_0,0.0 milligram,0.0 micromole,0 microliter,C11H13NO,Cc1ccn(C)n1,deborylation_0,0.0 milligram,0.0 micromole,0 microliter,C5H8N2,CC1=C(N2CCCC2=O)C=CC(Br)=C1.B1(OC(C(O1)(C)C)(C)C)C2=CN(N=C2C)C>>Cc1cc(-c2cn(C)nc2C)ccc1N1CCCC1=O.Cc1ccccc1N1CCCC1=O.Cc1ccn(C)n1,001_RLN-NB-2443_007_C20,,,,,,,,,3/29/2023 7:24:19 PM,kat78-2-c20-a1_03_22_2023_68.raw,2min_150_1200.EXP,001_RLN-NB-2443_007_C20,KAT78-2-C20-A1_KAT78-2-C20-A1_KAT78-2-C20-A1,0,0,0,0,0,0,0,0,0,0,0,0,0,0,0,deborylation_0,0,0,0,0,0,184.14567631120852,36.78191754371151,4.688209045997047,194.9,0.7334,0,0,0,0,0,0,0,0,0,0,0,0,0,0,0,0,0,0,0,0,0,0,0,0,0,0,0,0,0,0,0,0,0,0,0,0,0,0,0,0,0.0,0.0,0.0,0.0,0.0,0.0,0.0,0.0,0.0,0.0,0.0,0.0,0.0,0.0,0.0,0.0,0.0,0.0,0.0,0.0,0.0,0.0,0.0,0.0,0.0,0.0,0.0,0.0,0.0,0.0,0.0,0.0,0.0,0.0,0.0,0.0,0.0,0.0,0.0
68,C21,CC(C)C1=CC(C(C)C)=CC(C(C)C)=C1C2=C([P+](C3CCCCC3)([Pd-2]4(OS(C)(=O)=O)C(C=CC=C5)=C5C6=C([NH+]4C)C=CC=C6)C7CCCCC7)C=CC=C2,XPhos Pd G4,0.13767904 milligram,0.16000000000000003 micromole,0.13767904000000003 microliter,C47H64NO3PPdS,CC1=C(N2CCCC2=O)C=CC(Br)=C1,1-(4-bromo-2-methylphenyl)pyrrolidin-2-one,0.20330160000000003 milligram,0.8 micromole,0.20330160000000008 microliter,C11H12BrNO,B1(OC(C(O1)(C)C)(C)C)C2=CCN(CC2)C(=O)OC(C)(C)C,"N-Boc-1,2,5,6-tetrahydropyridine-4-boronic acid pinacol ester",0.29684640000000007 milligram,0.9600000000000001 micromole,0.2968464000000001 microliter,C16H28BNO4,O=C([O-])[O-].[Na+].[Na+],Na2CO3,0.635928 milligram,6.0 micromole,0.6359280000000002 microliter,CNa2O3,CN1C=NC2=C1C(=O)N(C(=O)N2C)C,caffeine,0.1553528 milligram,0.8 micromole,0.15535280000000004 microliter,C8H10N4O2,C1COCCO1,dioxane,32.445 milligram,368.2496084262139 micromole,31.5 microliter,C4H8O2,O,water,3.5 milligram,194.2825423258396 micromole,3.5 microliter,H2O,Cc1cc(C2=CCN(C(=O)OC(C)(C)C)CC2)ccc1N1CCCC1=O,suzuki_product_0,0.0 milligram,0.0 micromole,0 microliter,C21H28N2O3,Cc1ccccc1N1CCCC1=O,dehalogenation_0,0.0 milligram,0.0 micromole,0 microliter,C11H13NO,CC(C)(C)OC(=O)N1CC=CCC1,deborylation_0,0.0 milligram,0.0 micromole,0 microliter,C10H17NO2,CC1=C(N2CCCC2=O)C=CC(Br)=C1.B1(OC(C(O1)(C)C)(C)C)C2=CCN(CC2)C(=O)OC(C)(C)C>>Cc1cc(C2=CCN(C(=O)OC(C)(C)C)CC2)ccc1N1CCCC1=O.Cc1ccccc1N1CCCC1=O.CC(C)(C)OC(=O)N1CC=CCC1,001_RLN-NB-2443_007_C21,,,,,,,,,3/29/2023 7:26:46 PM,kat78-2-c21-a1_03_22_2023_69.raw,2min_150_1200.EXP,001_RLN-NB-2443_007_C21,KAT78-2-C21-A1_KAT78-2-C21-A1_KAT78-2-C21-A1,0,0,0,0,0,0,0,0,0,0,0,0,0,0,0,deborylation_0,0,0,0,0,0,172.35751556948296,14.021278199555265,4.375991981716688,195,0.7318,0,0,0,0,0,0,0,0,0,0,0,0,0,0,0,0,0,0,0,0,0,0,0,0,0,0,0,0,0,0,0,0,0,0,0,28.740154676821554,1.9843105675261843,0.619296401451167,253.9,1.1884,399.72240174792006,35.09654092128309,10.953507909314421,357.1,1.3251,0.0,0.0,0.0,0.0,0.0,0.0,0.0,0.0,0.0,0.0,0.0,0.0,0.0020024731224516355,250.30914030645442,0.0,0.0,0.0,0.0,0.0,0.0,0.0,0.0,0.0,0.0,0.0,0.0,0.0,0.0,0.0,0.0,0.0,0.0,0.00011321709985551097,14.15213748193887
69,C22,CC(C)C1=CC(C(C)C)=CC(C(C)C)=C1C2=C([P+](C3CCCCC3)([Pd-2]4(OS(C)(=O)=O)C(C=CC=C5)=C5C6=C([NH+]4C)C=CC=C6)C7CCCCC7)C=CC=C2,XPhos Pd G4,0.13767904 milligram,0.16000000000000003 micromole,0.13767904000000003 microliter,C47H64NO3PPdS,CC1=C(N2CCCC2=O)C=CC(Br)=C1,1-(4-bromo-2-methylphenyl)pyrrolidin-2-one,0.20330160000000003 milligram,0.8 micromole,0.20330160000000008 microliter,C11H12BrNO,B1(OC(C(O1)(C)C)(C)C)C2=CCN(CC2)C(=O)OC(C)(C)C,"N-Boc-1,2,5,6-tetrahydropyridine-4-boronic acid pinacol ester",0.29684640000000007 milligram,0.9600000000000001 micromole,0.2968464000000001 microliter,C16H28BNO4,O=C([O-])[O-].[Na+].[Na+],Na2CO3,0.635928 milligram,6.0 micromole,0.6359280000000002 microliter,CNa2O3,CN1C=NC2=C1C(=O)N(C(=O)N2C)C,caffeine,0.1553528 milligram,0.8 micromole,0.15535280000000004 microliter,C8H10N4O2,C1COCCO1,dioxane,32.445 milligram,368.2496084262139 micromole,31.5 microliter,C4H8O2,O,water,3.5 milligram,194.2825423258396 micromole,3.5 microliter,H2O,Cc1cc(C2=CCN(C(=O)OC(C)(C)C)CC2)ccc1N1CCCC1=O,suzuki_product_0,0.0 milligram,0.0 micromole,0 microliter,C21H28N2O3,Cc1ccccc1N1CCCC1=O,dehalogenation_0,0.0 milligram,0.0 micromole,0 microliter,C11H13NO,CC(C)(C)OC(=O)N1CC=CCC1,deborylation_0,0.0 milligram,0.0 micromole,0 microliter,C10H17NO2,CC1=C(N2CCCC2=O)C=CC(Br)=C1.B1(OC(C(O1)(C)C)(C)C)C2=CCN(CC2)C(=O)OC(C)(C)C>>Cc1cc(C2=CCN(C(=O)OC(C)(C)C)CC2)ccc1N1CCCC1=O.Cc1ccccc1N1CCCC1=O.CC(C)(C)OC(=O)N1CC=CCC1,001_RLN-NB-2443_007_C22,,,,,,,,,3/29/2023 7:29:12 PM,kat78-2-c22-a1_03_22_2023_70.raw,2min_150_1200.EXP,001_RLN-NB-2443_007_C22,KAT78-2-C22-A1_KAT78-2-C22-A1_KAT78-2-C22-A1,0,0,0,0,0,0,0,0,0,0,0,0,0,0,0,deborylation_0,0,0,0,0,0,165.7581034172037,24.595450826642693,4.235288786576328,194.9,0.7334,12.462639944237107,1.4813817454578457,0.25509105482141314,357.3,1.3234,0,0,0,0,0,0,0,0,0,0,0,0,0,0,0,0,0,0,0,0,0,0,0,0,0,0,0,0,0,0,44.944918398849744,5.2874389914166455,0.9104867086150563,255.8,1.1884,12.462639944237107,1.4813817454578457,0.25509105482141314,357.3,1.3234,0.0,0.0,0.0,0.0,0.0,0.0,0.0,0.0,0.0,0.0,0.0,0.0,4.818392656102595e-05,6.0229908201282445,0.0,0.0,4.818392656102595e-05,6.0229908201282445,0.0,0.0,0.0,0.0,0.0,0.0,0.0,0.0,0.0,0.0,0.0,0.0,0.0,0.0,0.0001719810392152389,21.497629901904862
70,C23,CC(C)C1=CC(C(C)C)=CC(C(C)C)=C1C2=C([P+](C3CCCCC3)([Pd-2]4(OS(C)(=O)=O)C(C=CC=C5)=C5C6=C([NH+]4C)C=CC=C6)C7CCCCC7)C=CC=C2,XPhos Pd G4,0.13767904 milligram,0.16000000000000003 micromole,0.13767904000000003 microliter,C47H64NO3PPdS,CC1=C(N2CCCC2=O)C=CC(Br)=C1,1-(4-bromo-2-methylphenyl)pyrrolidin-2-one,0.20330160000000003 milligram,0.8 micromole,0.20330160000000008 microliter,C11H12BrNO,B1(OC(C(O1)(C)C)(C)C)C2=CC=C(C=C2)N,"4-(4,4,5,5-tetramethyl-1,3,2-dioxaborolan-2-yl)aniline",0.21032928 milligram,0.9600000000000001 micromole,0.21032928000000006 microliter,C12H18BNO2,O=C([O-])[O-].[Na+].[Na+],Na2CO3,0.635928 milligram,6.0 micromole,0.6359280000000002 microliter,CNa2O3,CN1C=NC2=C1C(=O)N(C(=O)N2C)C,caffeine,0.1553528 milligram,0.8 micromole,0.15535280000000004 microliter,C8H10N4O2,C1COCCO1,dioxane,32.445 milligram,368.2496084262139 micromole,31.5 microliter,C4H8O2,O,water,3.5 milligram,194.2825423258396 micromole,3.5 microliter,H2O,Cc1cc(-c2ccc(N)cc2)ccc1N1CCCC1=O,suzuki_product_0,0.0 milligram,0.0 micromole,0 microliter,C17H18N2O,Cc1ccccc1N1CCCC1=O,dehalogenation_0,0.0 milligram,0.0 micromole,0 microliter,C11H13NO,Nc1ccccc1,deborylation_0,0.0 milligram,0.0 micromole,0 microliter,C6H7N,CC1=C(N2CCCC2=O)C=CC(Br)=C1.B1(OC(C(O1)(C)C)(C)C)C2=CC=C(C=C2)N>>Cc1cc(-c2ccc(N)cc2)ccc1N1CCCC1=O.Cc1ccccc1N1CCCC1=O.Nc1ccccc1,001_RLN-NB-2443_007_C23,,,,,,,,,3/29/2023 7:31:40 PM,kat78-2-c23-a1_03_22_2023_71.raw,2min_150_1200.EXP,001_RLN-NB-2443_007_C23,KAT78-2-C23-A1_KAT78-2-C23-A1_KAT78-2-C23-A1,0,0,0,0,0,0,0,0,0,0,0,0,0,0,0,deborylation_0,0,0,0,0,0,186.09593718844644,31.14813059743425,4.569207448547576,194.9,0.7318,0,0,0,0,0,0,0,0,0,0,0,0,0,0,0,0,0,0,0,0,0,0,0,0,0,0,0,0,0,0,0,0,0,0,0,0,0,0,0,0,0.0,0.0,0.0,0.0,0.0,0.0,0.0,0.0,0.0,0.0,0.0,0.0,0.0,0.0,0.0,0.0,0.0,0.0,0.0,0.0,0.0,0.0,0.0,0.0,0.0,0.0,0.0,0.0,0.0,0.0,0.0,0.0,0.0,0.0,0.0,0.0,0.0,0.0,0.0
71,C24,CC(C)C1=CC(C(C)C)=CC(C(C)C)=C1C2=C([P+](C3CCCCC3)([Pd-2]4(OS(C)(=O)=O)C(C=CC=C5)=C5C6=C([NH+]4C)C=CC=C6)C7CCCCC7)C=CC=C2,XPhos Pd G4,0.13767904 milligram,0.16000000000000003 micromole,0.13767904000000003 microliter,C47H64NO3PPdS,CC1=C(N2CCCC2=O)C=CC(Br)=C1,1-(4-bromo-2-methylphenyl)pyrrolidin-2-one,0.20330160000000003 milligram,0.8 micromole,0.20330160000000008 microliter,C11H12BrNO,B1(OC(C(O1)(C)C)(C)C)C2=CC=C(C=C2)N,"4-(4,4,5,5-tetramethyl-1,3,2-dioxaborolan-2-yl)aniline",0.21032928 milligram,0.9600000000000001 micromole,0.21032928000000006 microliter,C12H18BNO2,O=C([O-])[O-].[Na+].[Na+],Na2CO3,0.635928 milligram,6.0 micromole,0.6359280000000002 microliter,CNa2O3,CN1C=NC2=C1C(=O)N(C(=O)N2C)C,caffeine,0.1553528 milligram,0.8 micromole,0.15535280000000004 microliter,C8H10N4O2,C1COCCO1,dioxane,32.445 milligram,368.2496084262139 micromole,31.5 microliter,C4H8O2,O,water,3.5 milligram,194.2825423258396 micromole,3.5 microliter,H2O,Cc1cc(-c2ccc(N)cc2)ccc1N1CCCC1=O,suzuki_product_0,0.0 milligram,0.0 micromole,0 microliter,C17H18N2O,Cc1ccccc1N1CCCC1=O,dehalogenation_0,0.0 milligram,0.0 micromole,0 microliter,C11H13NO,Nc1ccccc1,deborylation_0,0.0 milligram,0.0 micromole,0 microliter,C6H7N,CC1=C(N2CCCC2=O)C=CC(Br)=C1.B1(OC(C(O1)(C)C)(C)C)C2=CC=C(C=C2)N>>Cc1cc(-c2ccc(N)cc2)ccc1N1CCCC1=O.Cc1ccccc1N1CCCC1=O.Nc1ccccc1,001_RLN-NB-2443_007_C24,,,,,,,,,3/29/2023 7:34:07 PM,kat78-2-c24-a1_03_22_2023_72.raw,2min_150_1200.EXP,001_RLN-NB-2443_007_C24,KAT78-2-C24-A1_KAT78-2-C24-A1_KAT78-2-C24-A1,0,0,0,0,0,0,0,0,0,0,0,0,0,0,0,deborylation_0,0,0,0,0,0,225.5512848810977,31.948047070446044,5.56247857721816,194.9,0.7334,0,0,0,0,0,0,0,0,0,0,0,0,0,0,0,0,0,0,0,0,0,0,0,0,0,0,0,0,0,0,0,0,0,0,0,0,0,0,0,0,0.0,0.0,0.0,0.0,0.0,0.0,0.0,0.0,0.0,0.0,0.0,0.0,0.0,0.0,0.0,0.0,0.0,0.0,0.0,0.0,0.0,0.0,0.0,0.0,0.0,0.0,0.0,0.0,0.0,0.0,0.0,0.0,0.0,0.0,0.0,0.0,0.0,0.0,0.0
72,D1,CC(C)C1=CC(C(C)C)=CC(C(C)C)=C1C2=C([P+](C3CCCCC3)([Pd-2]4(OS(C)(=O)=O)C(C=CC=C5)=C5C6=C([NH+]4C)C=CC=C6)C7CCCCC7)C=CC=C2,XPhos Pd G4,0.13767904 milligram,0.16000000000000003 micromole,0.13767904000000003 microliter,C47H64NO3PPdS,BrC1=CC=CN2C=CN=C12,"8-bromoimidazo[1,2-a]pyridine",0.15762800000000002 milligram,0.8 micromole,0.15762800000000005 microliter,C7H5BrN2,B1(OC(C(O1)(C)C)(C)C)C2=CN=C(C=C2)C,"2-methyl-5-(4,4,5,5-tetramethyl-1,3,2-dioxaborolan-2-yl)pyridine",0.21032928 milligram,0.9600000000000001 micromole,0.21032928000000006 microliter,C12H18BNO2,O=C([O-])[O-].[Na+].[Na+],Na2CO3,0.635928 milligram,6.0 micromole,0.6359280000000002 microliter,CNa2O3,CN1C=NC2=C1C(=O)N(C(=O)N2C)C,caffeine,0.1553528 milligram,0.8 micromole,0.15535280000000004 microliter,C8H10N4O2,C1COCCO1,dioxane,32.445 milligram,368.2496084262139 micromole,31.5 microliter,C4H8O2,O,water,3.5 milligram,194.2825423258396 micromole,3.5 microliter,H2O,Cc1ccc(-c2cccn3ccnc23)cn1,suzuki_product_0,0.0 milligram,0.0 micromole,0 microliter,C13H11N3,c1ccn2ccnc2c1,dehalogenation_0,0.0 milligram,0.0 micromole,0 microliter,C7H6N2,Cc1ccccn1,deborylation_0,0.0 milligram,0.0 micromole,0 microliter,C6H7N,BrC1=CC=CN2C=CN=C12.B1(OC(C(O1)(C)C)(C)C)C2=CN=C(C=C2)C>>Cc1ccc(-c2cccn3ccnc23)cn1.c1ccn2ccnc2c1.Cc1ccccn1,001_RLN-NB-2443_007_D1,,,,,,,,,3/29/2023 7:36:34 PM,kat78-2-d1-a1_03_22_2023_73.raw,2min_150_1200.EXP,001_RLN-NB-2443_007_D1,KAT78-2-D1-A1_KAT78-2-D1-A1_KAT78-2-D1-A1,0,0,0,0,0,0,0,0,0,0,0,0,0,0,0,deborylation_0,0,0,0,0,0,174.18400385878465,26.24991608177049,4.4233978190693435,194.9,0.7334,0,0,0,0,0,0,0,0,0,0,0,0,0,0,0,0,0,0,0,0,0,0,0,0,0,0,0,0,0,0,0,0,0,0,0,0,0,0,0,0,55.6863575084502,9.715186106030684,1.6371150635072969,210.0,0.5868,0.0,0.0,0.0,0.0,0.0,0.0,0.0,0.0,0.0,0.0,0.0,0.0,0.000296082808821701,37.010351102712626,0.0,0.0,0.0,0.0,0.0,0.0,0.0,0.0,0.0,0.0,0.0,0.0,0.0,0.0,0.0,0.0,0.0,0.0,0.0,0.0
73,D2,CC(C)C1=CC(C(C)C)=CC(C(C)C)=C1C2=C([P+](C3CCCCC3)([Pd-2]4(OS(C)(=O)=O)C(C=CC=C5)=C5C6=C([NH+]4C)C=CC=C6)C7CCCCC7)C=CC=C2,XPhos Pd G4,0.13767904 milligram,0.16000000000000003 micromole,0.13767904000000003 microliter,C47H64NO3PPdS,BrC1=CC=CN2C=CN=C12,"8-bromoimidazo[1,2-a]pyridine",0.15762800000000002 milligram,0.8 micromole,0.15762800000000005 microliter,C7H5BrN2,B1(OC(C(O1)(C)C)(C)C)C2=CN(N=C2C)C,"1,3-dimethyl-4-(4,4,5,5-tetramethyl-1,3,2-dioxaborolan-2-yl)-1H-pyrazole",0.21321311999999998 milligram,0.9600000000000001 micromole,0.21321312000000003 microliter,C11H19BN2O2,O=C([O-])[O-].[Na+].[Na+],Na2CO3,0.635928 milligram,6.0 micromole,0.6359280000000002 microliter,CNa2O3,CN1C=NC2=C1C(=O)N(C(=O)N2C)C,caffeine,0.1553528 milligram,0.8 micromole,0.15535280000000004 microliter,C8H10N4O2,C1COCCO1,dioxane,32.445 milligram,368.2496084262139 micromole,31.5 microliter,C4H8O2,O,water,3.5 milligram,194.2825423258396 micromole,3.5 microliter,H2O,Cc1nn(C)cc1-c1cccn2ccnc12,suzuki_product_0,0.0 milligram,0.0 micromole,0 microliter,C12H12N4,c1ccn2ccnc2c1,dehalogenation_0,0.0 milligram,0.0 micromole,0 microliter,C7H6N2,Cc1ccn(C)n1,deborylation_0,0.0 milligram,0.0 micromole,0 microliter,C5H8N2,BrC1=CC=CN2C=CN=C12.B1(OC(C(O1)(C)C)(C)C)C2=CN(N=C2C)C>>Cc1nn(C)cc1-c1cccn2ccnc12.c1ccn2ccnc2c1.Cc1ccn(C)n1,001_RLN-NB-2443_007_D2,,,,,,,,,3/29/2023 7:39:01 PM,kat78-2-d2-a1_03_22_2023_74.raw,2min_150_1200.EXP,001_RLN-NB-2443_007_D2,KAT78-2-D2-A1_KAT78-2-D2-A1_KAT78-2-D2-A1,0,0,0,0,0,0,0,0,0,0,0,0,0,0,0,deborylation_0,0,0,0,0,0,169.46143028527283,36.663339899251966,4.6013089225405555,194.9,0.7334,0,0,0,0,0,0,0,0,0,0,0,0,0,0,0,0,0,0,0,0,0,0,0,0,0,0,0,0,0,0,0,0,0,0,0,0,0,0,0,0,25.819708531815216,4.2946277356480005,0.5389827815285989,213.1,0.6568,10.587438066730023,1.9311112486222162,0.24235760962096983,223.0,0.7001,0.0,0.0,0.0,0.0,0.0,0.0,0.0,9.370947103999377e-05,11.713683879999222,0.0,0.0,0.0,0.0,4.213715943891116e-05,5.267144929863894,0.0,0.0,0.0,0.0,0.0,0.0,0.0,0.0,0.0,0.0,0.0,0.0,0.0,0.0
74,D3,CC(C)C1=CC(C(C)C)=CC(C(C)C)=C1C2=C([P+](C3CCCCC3)([Pd-2]4(OS(C)(=O)=O)C(C=CC=C5)=C5C6=C([NH+]4C)C=CC=C6)C7CCCCC7)C=CC=C2,XPhos Pd G4,0.13767904 milligram,0.16000000000000003 micromole,0.13767904000000003 microliter,C47H64NO3PPdS,BrC1=CC=CN2C=CN=C12,"8-bromoimidazo[1,2-a]pyridine",0.15762800000000002 milligram,0.8 micromole,0.15762800000000005 microliter,C7H5BrN2,B1(OC(C(O1)(C)C)(C)C)C2=CCN(CC2)C(=O)OC(C)(C)C,"N-Boc-1,2,5,6-tetrahydropyridine-4-boronic acid pinacol ester",0.29684640000000007 milligram,0.9600000000000001 micromole,0.2968464000000001 microliter,C16H28BNO4,O=C([O-])[O-].[Na+].[Na+],Na2CO3,0.635928 milligram,6.0 micromole,0.6359280000000002 microliter,CNa2O3,CN1C=NC2=C1C(=O)N(C(=O)N2C)C,caffeine,0.1553528 milligram,0.8 micromole,0.15535280000000004 microliter,C8H10N4O2,C1COCCO1,dioxane,32.445 milligram,368.2496084262139 micromole,31.5 microliter,C4H8O2,O,water,3.5 milligram,194.2825423258396 micromole,3.5 microliter,H2O,CC(C)(C)OC(=O)N1CC=C(c2cccn3ccnc23)CC1,suzuki_product_0,0.0 milligram,0.0 micromole,0 microliter,C17H21N3O2,c1ccn2ccnc2c1,dehalogenation_0,0.0 milligram,0.0 micromole,0 microliter,C7H6N2,CC(C)(C)OC(=O)N1CC=CCC1,deborylation_0,0.0 milligram,0.0 micromole,0 microliter,C10H17NO2,BrC1=CC=CN2C=CN=C12.B1(OC(C(O1)(C)C)(C)C)C2=CCN(CC2)C(=O)OC(C)(C)C>>CC(C)(C)OC(=O)N1CC=C(c2cccn3ccnc23)CC1.c1ccn2ccnc2c1.CC(C)(C)OC(=O)N1CC=CCC1,001_RLN-NB-2443_007_D3,,,,,,,,,3/29/2023 7:41:29 PM,kat78-2-d3-a1_03_22_2023_75.raw,2min_150_1200.EXP,001_RLN-NB-2443_007_D3,KAT78-2-D3-A1_KAT78-2-D3-A1_KAT78-2-D3-A1,0,0,0,0,0,0,0,0,0,0,0,0,0,0,0,deborylation_0,0,0,0,0,0,165.75873981056958,20.882107223748466,4.196693847182116,194.9,0.7334,0,0,0,0,0,0,0,0,0,0,15.982059926740272,3.053067790320605,0.6135774839857568,308.9,1.5351,0,0,0,0,0,0,0,0,0,0,0,0,0,0,0,0,0,0,0,0,0,0,0,0,0,212.32761097242692,31.71263621845666,6.373313951025275,300.0,0.8701,0.0,0.0,0.0,0.0,0.0,0.0,0.0,0.0,0.0,0.0,0.0,0.0,0.0012149209226314486,151.86511532893107,0.0,0.0,0.0,0.0,0.0,0.0,0.00011696397332347615,14.620496665434517,0.0,0.0,0.0,0.0,0.0,0.0,0.0,0.0,0.0,0.0,0.0,0.0
75,D4,CC(C)C1=CC(C(C)C)=CC(C(C)C)=C1C2=C([P+](C3CCCCC3)([Pd-2]4(OS(C)(=O)=O)C(C=CC=C5)=C5C6=C([NH+]4C)C=CC=C6)C7CCCCC7)C=CC=C2,XPhos Pd G4,0.13767904 milligram,0.16000000000000003 micromole,0.13767904000000003 microliter,C47H64NO3PPdS,BrC1=CC=CN2C=CN=C12,"8-bromoimidazo[1,2-a]pyridine",0.15762800000000002 milligram,0.8 micromole,0.15762800000000005 microliter,C7H5BrN2,B1(OC(C(O1)(C)C)(C)C)C2=CCN(CC2)C(=O)OC(C)(C)C,"N-Boc-1,2,5,6-tetrahydropyridine-4-boronic acid pinacol ester",0.29684640000000007 milligram,0.9600000000000001 micromole,0.2968464000000001 microliter,C16H28BNO4,O=C([O-])[O-].[Na+].[Na+],Na2CO3,0.635928 milligram,6.0 micromole,0.6359280000000002 microliter,CNa2O3,CN1C=NC2=C1C(=O)N(C(=O)N2C)C,caffeine,0.1553528 milligram,0.8 micromole,0.15535280000000004 microliter,C8H10N4O2,C1COCCO1,dioxane,32.445 milligram,368.2496084262139 micromole,31.5 microliter,C4H8O2,O,water,3.5 milligram,194.2825423258396 micromole,3.5 microliter,H2O,CC(C)(C)OC(=O)N1CC=C(c2cccn3ccnc23)CC1,suzuki_product_0,0.0 milligram,0.0 micromole,0 microliter,C17H21N3O2,c1ccn2ccnc2c1,dehalogenation_0,0.0 milligram,0.0 micromole,0 microliter,C7H6N2,CC(C)(C)OC(=O)N1CC=CCC1,deborylation_0,0.0 milligram,0.0 micromole,0 microliter,C10H17NO2,BrC1=CC=CN2C=CN=C12.B1(OC(C(O1)(C)C)(C)C)C2=CCN(CC2)C(=O)OC(C)(C)C>>CC(C)(C)OC(=O)N1CC=C(c2cccn3ccnc23)CC1.c1ccn2ccnc2c1.CC(C)(C)OC(=O)N1CC=CCC1,001_RLN-NB-2443_007_D4,,,,,,,,,3/29/2023 7:43:55 PM,kat78-2-d4-a1_03_22_2023_76.raw,2min_150_1200.EXP,001_RLN-NB-2443_007_D4,KAT78-2-D4-A1_KAT78-2-D4-A1_KAT78-2-D4-A1,0,0,0,0,0,0,0,0,0,0,0,0,0,0,0,deborylation_0,0,0,0,0,0,165.17398480910526,21.573412432501073,4.208275362539081,194.9,0.7334,0,0,0,0,0,0,0,0,0,0,0,0,0,0,0,0,0,0,0,0,0,0,0,0,0,0,0,0,0,0,0,0,0,0,0,0,0,0,0,0,223.33787576002322,34.187406621406694,6.668857856591394,300.1,0.8651,0.0,0.0,0.0,0.0,0.0,0.0,0.0,0.0,0.0,0.0,0.0,0.0,0.0012677607394146776,158.4700924268347,0.0,0.0,0.0,0.0,0.0,0.0,0.0,0.0,0.0,0.0,0.0,0.0,0.0,0.0,0.0,0.0,0.0,0.0,0.0,0.0
76,D5,CC(C)C1=CC(C(C)C)=CC(C(C)C)=C1C2=C([P+](C3CCCCC3)([Pd-2]4(OS(C)(=O)=O)C(C=CC=C5)=C5C6=C([NH+]4C)C=CC=C6)C7CCCCC7)C=CC=C2,XPhos Pd G4,0.13767904 milligram,0.16000000000000003 micromole,0.13767904000000003 microliter,C47H64NO3PPdS,BrC1=CC=CN2C=CN=C12,"8-bromoimidazo[1,2-a]pyridine",0.15762800000000002 milligram,0.8 micromole,0.15762800000000005 microliter,C7H5BrN2,B1(OC(C(O1)(C)C)(C)C)C2=CC=C(C=C2)N,"4-(4,4,5,5-tetramethyl-1,3,2-dioxaborolan-2-yl)aniline",0.21032928 milligram,0.9600000000000001 micromole,0.21032928000000006 microliter,C12H18BNO2,O=C([O-])[O-].[Na+].[Na+],Na2CO3,0.635928 milligram,6.0 micromole,0.6359280000000002 microliter,CNa2O3,CN1C=NC2=C1C(=O)N(C(=O)N2C)C,caffeine,0.1553528 milligram,0.8 micromole,0.15535280000000004 microliter,C8H10N4O2,C1COCCO1,dioxane,32.445 milligram,368.2496084262139 micromole,31.5 microliter,C4H8O2,O,water,3.5 milligram,194.2825423258396 micromole,3.5 microliter,H2O,Nc1ccc(-c2cccn3ccnc23)cc1,suzuki_product_0,0.0 milligram,0.0 micromole,0 microliter,C13H11N3,c1ccn2ccnc2c1,dehalogenation_0,0.0 milligram,0.0 micromole,0 microliter,C7H6N2,Nc1ccccc1,deborylation_0,0.0 milligram,0.0 micromole,0 microliter,C6H7N,BrC1=CC=CN2C=CN=C12.B1(OC(C(O1)(C)C)(C)C)C2=CC=C(C=C2)N>>Nc1ccc(-c2cccn3ccnc23)cc1.c1ccn2ccnc2c1.Nc1ccccc1,001_RLN-NB-2443_007_D5,,,,,,,,,3/29/2023 7:46:23 PM,kat78-2-d5-a1_03_22_2023_77.raw,2min_150_1200.EXP,001_RLN-NB-2443_007_D5,KAT78-2-D5-A1_KAT78-2-D5-A1_KAT78-2-D5-A1,0,0,0,0,0,0,0,0,0,0,0,0,0,0,0,deborylation_0,0,0,0,0,0,161.7135001610949,27.620423497122164,4.070258259039156,195,0.7318,0,0,0,0,0,0,0,0,0,0,0,0,0,0,0,0,0,0,0,0,0,0,0,0,0,0,0,0,0,0,0,0,0,0,0,0,0,0,0,0,56.76600864506556,10.721717402967922,1.5799960060373803,210.0,0.6334,0.0,0.0,0.0,0.0,0.0,0.0,0.0,0.0,0.0,0.0,0.0,0.0,0.0003105446201166334,38.81807751457917,0.0,0.0,0.0,0.0,0.0,0.0,0.0,0.0,0.0,0.0,0.0,0.0,0.0,0.0,0.0,0.0,0.0,0.0,0.0,0.0
77,D6,CC(C)C1=CC(C(C)C)=CC(C(C)C)=C1C2=C([P+](C3CCCCC3)([Pd-2]4(OS(C)(=O)=O)C(C=CC=C5)=C5C6=C([NH+]4C)C=CC=C6)C7CCCCC7)C=CC=C2,XPhos Pd G4,0.13767904 milligram,0.16000000000000003 micromole,0.13767904000000003 microliter,C47H64NO3PPdS,BrC1=CC=CN2C=CN=C12,"8-bromoimidazo[1,2-a]pyridine",0.15762800000000002 milligram,0.8 micromole,0.15762800000000005 microliter,C7H5BrN2,B1(OC(C(O1)(C)C)(C)C)C2=CC=C(C=C2)N,"4-(4,4,5,5-tetramethyl-1,3,2-dioxaborolan-2-yl)aniline",0.21032928 milligram,0.9600000000000001 micromole,0.21032928000000006 microliter,C12H18BNO2,O=C([O-])[O-].[Na+].[Na+],Na2CO3,0.635928 milligram,6.0 micromole,0.6359280000000002 microliter,CNa2O3,CN1C=NC2=C1C(=O)N(C(=O)N2C)C,caffeine,0.1553528 milligram,0.8 micromole,0.15535280000000004 microliter,C8H10N4O2,C1COCCO1,dioxane,32.445 milligram,368.2496084262139 micromole,31.5 microliter,C4H8O2,O,water,3.5 milligram,194.2825423258396 micromole,3.5 microliter,H2O,Nc1ccc(-c2cccn3ccnc23)cc1,suzuki_product_0,0.0 milligram,0.0 micromole,0 microliter,C13H11N3,c1ccn2ccnc2c1,dehalogenation_0,0.0 milligram,0.0 micromole,0 microliter,C7H6N2,Nc1ccccc1,deborylation_0,0.0 milligram,0.0 micromole,0 microliter,C6H7N,BrC1=CC=CN2C=CN=C12.B1(OC(C(O1)(C)C)(C)C)C2=CC=C(C=C2)N>>Nc1ccc(-c2cccn3ccnc23)cc1.c1ccn2ccnc2c1.Nc1ccccc1,001_RLN-NB-2443_007_D6,,,,,,,,,3/29/2023 7:48:50 PM,kat78-2-d6-a1_03_22_2023_78.raw,2min_150_1200.EXP,001_RLN-NB-2443_007_D6,KAT78-2-D6-A1_KAT78-2-D6-A1_KAT78-2-D6-A1,0,0,0,0,0,0,0,0,0,0,0,0,0,0,0,deborylation_0,0,0,0,0,0,159.29955593586448,26.062434302467473,3.95164119046681,194.9,0.7334,0,0,0,0,0,0,0,0,0,0,0,0,0,0,0,0,0,0,0,0,0,0,0,0,0,0,0,0,0,0,0,0,0,0,0,0,0,0,0,0,54.0281644153435,9.797077176392657,1.4854534794069552,210.0,0.6368,0.0,0.0,0.0,0.0,0.0,0.0,0.0,0.0,0.0,0.0,0.0,0.0,0.0003007263884161462,37.59079855201827,0.0,0.0,0.0,0.0,0.0,0.0,0.0,0.0,0.0,0.0,0.0,0.0,0.0,0.0,0.0,0.0,0.0,0.0,0.0,0.0
78,D7,CC(C)C1=CC(C(C)C)=CC(C(C)C)=C1C2=C([P+](C3CCCCC3)([Pd-2]4(OS(C)(=O)=O)C(C=CC=C5)=C5C6=C([NH+]4C)C=CC=C6)C7CCCCC7)C=CC=C2,XPhos Pd G4,0.13767904 milligram,0.16000000000000003 micromole,0.13767904000000003 microliter,C47H64NO3PPdS,CC1=CC(C=O)=C(C)N1C2=CC(Cl)=CC(Cl)=C2,"1-(3,5-dichlorophenyl)-2,5-dimethyl-1H-pyrrole-3-carbaldehyde",0.2145144 milligram,0.8 micromole,0.21451440000000005 microliter,C13H11Cl2NO,B1(OC(C(O1)(C)C)(C)C)C2=CN=C(C=C2)C,"2-methyl-5-(4,4,5,5-tetramethyl-1,3,2-dioxaborolan-2-yl)pyridine",0.21032928 milligram,0.9600000000000001 micromole,0.21032928000000006 microliter,C12H18BNO2,O=C([O-])[O-].[Na+].[Na+],Na2CO3,0.635928 milligram,6.0 micromole,0.6359280000000002 microliter,CNa2O3,CN1C=NC2=C1C(=O)N(C(=O)N2C)C,caffeine,0.1553528 milligram,0.8 micromole,0.15535280000000004 microliter,C8H10N4O2,C1COCCO1,dioxane,32.445 milligram,368.2496084262139 micromole,31.5 microliter,C4H8O2,O,water,3.5 milligram,194.2825423258396 micromole,3.5 microliter,H2O,Cc1ccc(-c2cc(Cl)cc(-n3c(C)cc(C=O)c3C)c2)cn1,suzuki_product_0,0.0 milligram,0.0 micromole,0 microliter,C19H17ClN2O,Cc1ccc(-c2cc(-c3ccc(C)nc3)cc(-n3c(C)cc(C=O)c3C)c2)cn1,bis_addition_1,0.0 milligram,0.0 micromole,0 microliter,C25H23N3O,Cc1cc(C=O)c(C)n1-c1cccc(Cl)c1,dehalogenation_0,0.0 milligram,0.0 micromole,0 microliter,C13H12ClNO,CC1=CC(C=O)=C(C)N1C2=CC(Cl)=CC(Cl)=C2.B1(OC(C(O1)(C)C)(C)C)C2=CN=C(C=C2)C>>Cc1ccc(-c2cc(Cl)cc(-n3c(C)cc(C=O)c3C)c2)cn1.Cc1ccc(-c2cc(-c3ccc(C)nc3)cc(-n3c(C)cc(C=O)c3C)c2)cn1.Cc1cc(C=O)c(C)n1-c1cccc(Cl)c1.Cc1ccccn1,001_RLN-NB-2443_007_D7,,,Cc1ccccn1,deborylation_0,0.0 milligram,0.0 micromole,0 microliter,C6H7N,3/29/2023 7:51:17 PM,kat78-2-d7-a1_03_22_2023_79.raw,2min_150_1200.EXP,001_RLN-NB-2443_007_D7,KAT78-2-D7-A1_KAT78-2-D7-A1_KAT78-2-D7-A1,0,0,0,0,0,0,0,0,0,0,0,0,0,0,0,bis_addition_1,0,0,0,0,0,278.8689612941136,18.28140388334242,7.198977062729975,195,0.7334,0,0,0,0,0,0,0,0,0,0,0,0,0,0,0,0,0,0,0,0,75.19242036510173,5.373458978915729,2.1159976653643198,382.1,0.8068,0,0,0,0,0,0,0,0,0,0,0,0,0,0,0,346.0784624522299,26.82390994908912,10.56290390434289,324.9,1.0384,0.0,0.0,0.0,0.0,0.0,178.83629617807384,10.463652934429318,4.120449279935255,267.8,1.3251,0.0,0.0,0.0011738227597949597,146.72784497436996,0.0,0.0,0.0,0.0,0.0,0.0,0.0,0.0,0.0,0.0,0.0004578927527098091,57.236594088726136,0.000235144259738691,29.393032467336372,0.0,0.0,0.0,0.0,0.0,0.0
79,D8,CC(C)C1=CC(C(C)C)=CC(C(C)C)=C1C2=C([P+](C3CCCCC3)([Pd-2]4(OS(C)(=O)=O)C(C=CC=C5)=C5C6=C([NH+]4C)C=CC=C6)C7CCCCC7)C=CC=C2,XPhos Pd G4,0.13767904 milligram,0.16000000000000003 micromole,0.13767904000000003 microliter,C47H64NO3PPdS,CC1=CC(C=O)=C(C)N1C2=CC(Cl)=CC(Cl)=C2,"1-(3,5-dichlorophenyl)-2,5-dimethyl-1H-pyrrole-3-carbaldehyde",0.2145144 milligram,0.8 micromole,0.21451440000000005 microliter,C13H11Cl2NO,B1(OC(C(O1)(C)C)(C)C)C2=CN(N=C2C)C,"1,3-dimethyl-4-(4,4,5,5-tetramethyl-1,3,2-dioxaborolan-2-yl)-1H-pyrazole",0.21321311999999998 milligram,0.9600000000000001 micromole,0.21321312000000003 microliter,C11H19BN2O2,O=C([O-])[O-].[Na+].[Na+],Na2CO3,0.635928 milligram,6.0 micromole,0.6359280000000002 microliter,CNa2O3,CN1C=NC2=C1C(=O)N(C(=O)N2C)C,caffeine,0.1553528 milligram,0.8 micromole,0.15535280000000004 microliter,C8H10N4O2,C1COCCO1,dioxane,32.445 milligram,368.2496084262139 micromole,31.5 microliter,C4H8O2,O,water,3.5 milligram,194.2825423258396 micromole,3.5 microliter,H2O,Cc1nn(C)cc1-c1cc(Cl)cc(-n2c(C)cc(C=O)c2C)c1,suzuki_product_0,0.0 milligram,0.0 micromole,0 microliter,C18H18ClN3O,Cc1nn(C)cc1-c1cc(-c2cn(C)nc2C)cc(-n2c(C)cc(C=O)c2C)c1,bis_addition_1,0.0 milligram,0.0 micromole,0 microliter,C23H25N5O,Cc1cc(C=O)c(C)n1-c1cccc(Cl)c1,dehalogenation_0,0.0 milligram,0.0 micromole,0 microliter,C13H12ClNO,CC1=CC(C=O)=C(C)N1C2=CC(Cl)=CC(Cl)=C2.B1(OC(C(O1)(C)C)(C)C)C2=CN(N=C2C)C>>Cc1nn(C)cc1-c1cc(Cl)cc(-n2c(C)cc(C=O)c2C)c1.Cc1nn(C)cc1-c1cc(-c2cn(C)nc2C)cc(-n2c(C)cc(C=O)c2C)c1.Cc1cc(C=O)c(C)n1-c1cccc(Cl)c1.Cc1ccn(C)n1,001_RLN-NB-2443_007_D8,,,Cc1ccn(C)n1,deborylation_0,0.0 milligram,0.0 micromole,0 microliter,C5H8N2,3/29/2023 7:53:45 PM,kat78-2-d8-a1_03_22_2023_80.raw,2min_150_1200.EXP,001_RLN-NB-2443_007_D8,KAT78-2-D8-A1_KAT78-2-D8-A1_KAT78-2-D8-A1,0,0,0,0,0,0,0,0,0,0,0,0,0,0,0,bis_addition_2,0,0,0,0,0,247.48785507337067,18.38122292714455,6.432182148970749,194.9,0.7334,0,0,0,0,0,0,0,0,0,0,0,0,0,0,0,0,0,0,0,0,0,0,0,0,0,36.08226565677855,2.485560347507446,0.8697776508557112,388.1,1.0701,0,0,0,0,0,0,0,0,0,0,284.9891770862851,23.042946545629896,8.063469444767385,327.9,1.2118,0.0,0.0,0.0,0.0,0.0,146.32279643027425,10.16389964986177,3.556675970412532,267.8,1.3268,0.0,0.0,0.001002890684127491,125.36133551593636,0.0,0.0,0.0,0.0,0.0,0.0,0.0,0.0,0.0,0.0,0.0004423601058600813,55.29501323251016,0.0,0.0,0.0,0.0,0.0,0.0,0.0,0.0
80,D9,CC(C)C1=CC(C(C)C)=CC(C(C)C)=C1C2=C([P+](C3CCCCC3)([Pd-2]4(OS(C)(=O)=O)C(C=CC=C5)=C5C6=C([NH+]4C)C=CC=C6)C7CCCCC7)C=CC=C2,XPhos Pd G4,0.13767904 milligram,0.16000000000000003 micromole,0.13767904000000003 microliter,C47H64NO3PPdS,CC1=CC(C=O)=C(C)N1C2=CC(Cl)=CC(Cl)=C2,"1-(3,5-dichlorophenyl)-2,5-dimethyl-1H-pyrrole-3-carbaldehyde",0.2145144 milligram,0.8 micromole,0.21451440000000005 microliter,C13H11Cl2NO,B1(OC(C(O1)(C)C)(C)C)C2=CCN(CC2)C(=O)OC(C)(C)C,"N-Boc-1,2,5,6-tetrahydropyridine-4-boronic acid pinacol ester",0.29684640000000007 milligram,0.9600000000000001 micromole,0.2968464000000001 microliter,C16H28BNO4,O=C([O-])[O-].[Na+].[Na+],Na2CO3,0.635928 milligram,6.0 micromole,0.6359280000000002 microliter,CNa2O3,CN1C=NC2=C1C(=O)N(C(=O)N2C)C,caffeine,0.1553528 milligram,0.8 micromole,0.15535280000000004 microliter,C8H10N4O2,C1COCCO1,dioxane,32.445 milligram,368.2496084262139 micromole,31.5 microliter,C4H8O2,O,water,3.5 milligram,194.2825423258396 micromole,3.5 microliter,H2O,Cc1cc(C=O)c(C)n1-c1cc(Cl)cc(C2=CCN(C(=O)OC(C)(C)C)CC2)c1,suzuki_product_0,0.0 milligram,0.0 micromole,0 microliter,C23H27ClN2O3,Cc1cc(C=O)c(C)n1-c1cc(C2=CCN(C(=O)OC(C)(C)C)CC2)cc(C2=CCN(C(=O)OC(C)(C)C)CC2)c1,bis_addition_2,0.0 milligram,0.0 micromole,0 microliter,C33H43N3O5,Cc1cc(C=O)c(C)n1-c1cccc(Cl)c1,dehalogenation_0,0.0 milligram,0.0 micromole,0 microliter,C13H12ClNO,CC1=CC(C=O)=C(C)N1C2=CC(Cl)=CC(Cl)=C2.B1(OC(C(O1)(C)C)(C)C)C2=CCN(CC2)C(=O)OC(C)(C)C>>Cc1cc(C=O)c(C)n1-c1cc(Cl)cc(C2=CCN(C(=O)OC(C)(C)C)CC2)c1.Cc1cc(C=O)c(C)n1-c1cc(C2=CCN(C(=O)OC(C)(C)C)CC2)cc(C2=CCN(C(=O)OC(C)(C)C)CC2)c1.Cc1cc(C=O)c(C)n1-c1cccc(Cl)c1.CC(C)(C)OC(=O)N1CC=CCC1,001_RLN-NB-2443_007_D9,,,CC(C)(C)OC(=O)N1CC=CCC1,deborylation_0,0.0 milligram,0.0 micromole,0 microliter,C10H17NO2,3/29/2023 7:56:12 PM,kat78-2-d9-a1_03_22_2023_81.raw,2min_150_1200.EXP,001_RLN-NB-2443_007_D9,KAT78-2-D9-A1_KAT78-2-D9-A1_KAT78-2-D9-A1,0,0,0,0,0,0,0,0,0,0,0,0,0,0,0,bis_addition_1,0,0,0,0,0,174.75876587044732,12.921857958142699,4.444331891181428,195,0.7351,90.71578781776645,6.172943435289472,2.123116463652825,267.8,1.3251,0,0,0,0,0,0,0,0,0,0,0,0,0,0,0,121.79374441534078,12.542833674604118,4.313970629177212,562.2,1.5518,0,0,0,0,0,0,0,0,0,0,0,0,0,0,0,315.9201427107511,33.92260391039893,11.667309057200894,415.1,1.4684,0.0,0.0,0.0,0.0,0.0,90.71578781776645,6.172943435289472,2.123116463652825,267.8,1.3251,0.0,0.0,0.0021001688159881142,262.52110199851427,0.0,0.0,0.0003821706417318786,47.77133021648483,0.0,0.0,0.0,0.0,0.0,0.0,0.0003821706417318786,47.77133021648483,0.0,0.0,0.0,0.0,0.0,0.0,0.0,0.0
81,D10,CC(C)C1=CC(C(C)C)=CC(C(C)C)=C1C2=C([P+](C3CCCCC3)([Pd-2]4(OS(C)(=O)=O)C(C=CC=C5)=C5C6=C([NH+]4C)C=CC=C6)C7CCCCC7)C=CC=C2,XPhos Pd G4,0.13767904 milligram,0.16000000000000003 micromole,0.13767904000000003 microliter,C47H64NO3PPdS,CC1=CC(C=O)=C(C)N1C2=CC(Cl)=CC(Cl)=C2,"1-(3,5-dichlorophenyl)-2,5-dimethyl-1H-pyrrole-3-carbaldehyde",0.2145144 milligram,0.8 micromole,0.21451440000000005 microliter,C13H11Cl2NO,B1(OC(C(O1)(C)C)(C)C)C2=CCN(CC2)C(=O)OC(C)(C)C,"N-Boc-1,2,5,6-tetrahydropyridine-4-boronic acid pinacol ester",0.29684640000000007 milligram,0.9600000000000001 micromole,0.2968464000000001 microliter,C16H28BNO4,O=C([O-])[O-].[Na+].[Na+],Na2CO3,0.635928 milligram,6.0 micromole,0.6359280000000002 microliter,CNa2O3,CN1C=NC2=C1C(=O)N(C(=O)N2C)C,caffeine,0.1553528 milligram,0.8 micromole,0.15535280000000004 microliter,C8H10N4O2,C1COCCO1,dioxane,32.445 milligram,368.2496084262139 micromole,31.5 microliter,C4H8O2,O,water,3.5 milligram,194.2825423258396 micromole,3.5 microliter,H2O,Cc1cc(C=O)c(C)n1-c1cc(Cl)cc(C2=CCN(C(=O)OC(C)(C)C)CC2)c1,suzuki_product_0,0.0 milligram,0.0 micromole,0 microliter,C23H27ClN2O3,Cc1cc(C=O)c(C)n1-c1cc(C2=CCN(C(=O)OC(C)(C)C)CC2)cc(C2=CCN(C(=O)OC(C)(C)C)CC2)c1,bis_addition_2,0.0 milligram,0.0 micromole,0 microliter,C33H43N3O5,Cc1cc(C=O)c(C)n1-c1cccc(Cl)c1,dehalogenation_0,0.0 milligram,0.0 micromole,0 microliter,C13H12ClNO,CC1=CC(C=O)=C(C)N1C2=CC(Cl)=CC(Cl)=C2.B1(OC(C(O1)(C)C)(C)C)C2=CCN(CC2)C(=O)OC(C)(C)C>>Cc1cc(C=O)c(C)n1-c1cc(Cl)cc(C2=CCN(C(=O)OC(C)(C)C)CC2)c1.Cc1cc(C=O)c(C)n1-c1cc(C2=CCN(C(=O)OC(C)(C)C)CC2)cc(C2=CCN(C(=O)OC(C)(C)C)CC2)c1.Cc1cc(C=O)c(C)n1-c1cccc(Cl)c1.CC(C)(C)OC(=O)N1CC=CCC1,001_RLN-NB-2443_007_D10,,,CC(C)(C)OC(=O)N1CC=CCC1,deborylation_0,0.0 milligram,0.0 micromole,0 microliter,C10H17NO2,3/29/2023 7:58:39 PM,kat78-2-d10-a1_03_22_2023_82.raw,2min_150_1200.EXP,001_RLN-NB-2443_007_D10,KAT78-2-D10-A1_KAT78-2-D10-A1_KAT78-2-D10-A1,0,0,0,0,0,0,0,0,0,0,0,0,0,0,0,bis_addition_1,0,0,0,0,0,171.81627823664812,13.125981749162852,4.474628508949882,195,0.7334,0,0,0,0,0,0,0,0,0,0,0,0,0,0,0,0,0,0,0,0,119.99602477895982,12.261735488437758,4.180008187903003,562.2,1.5518,0,0,0,0,0,0,0,0,0,0,0,0,0,0,0,320.80892534740747,34.8345549804652,11.875050246973935,415.0,1.4684,0.0,0.0,0.0,0.0,0.0,109.8178156020227,7.126767624398091,2.42950494661678,267.8,1.3251,0.0,0.0,0.0021230902584600574,265.3862823075072,0.0,0.0,0.0,0.0,0.0,0.0,0.0,0.0,0.0,0.0,0.00043436096502892803,54.295120628616,0.0,0.0,0.0,0.0,0.0,0.0,0.0,0.0
82,D11,CC(C)C1=CC(C(C)C)=CC(C(C)C)=C1C2=C([P+](C3CCCCC3)([Pd-2]4(OS(C)(=O)=O)C(C=CC=C5)=C5C6=C([NH+]4C)C=CC=C6)C7CCCCC7)C=CC=C2,XPhos Pd G4,0.13767904 milligram,0.16000000000000003 micromole,0.13767904000000003 microliter,C47H64NO3PPdS,CC1=CC(C=O)=C(C)N1C2=CC(Cl)=CC(Cl)=C2,"1-(3,5-dichlorophenyl)-2,5-dimethyl-1H-pyrrole-3-carbaldehyde",0.2145144 milligram,0.8 micromole,0.21451440000000005 microliter,C13H11Cl2NO,B1(OC(C(O1)(C)C)(C)C)C2=CC=C(C=C2)N,"4-(4,4,5,5-tetramethyl-1,3,2-dioxaborolan-2-yl)aniline",0.21032928 milligram,0.9600000000000001 micromole,0.21032928000000006 microliter,C12H18BNO2,O=C([O-])[O-].[Na+].[Na+],Na2CO3,0.635928 milligram,6.0 micromole,0.6359280000000002 microliter,CNa2O3,CN1C=NC2=C1C(=O)N(C(=O)N2C)C,caffeine,0.1553528 milligram,0.8 micromole,0.15535280000000004 microliter,C8H10N4O2,C1COCCO1,dioxane,32.445 milligram,368.2496084262139 micromole,31.5 microliter,C4H8O2,O,water,3.5 milligram,194.2825423258396 micromole,3.5 microliter,H2O,Cc1cc(C=O)c(C)n1-c1cc(Cl)cc(-c2ccc(N)cc2)c1,suzuki_product_0,0.0 milligram,0.0 micromole,0 microliter,C19H17ClN2O,Cc1cc(C=O)c(C)n1-c1cc(-c2ccc(N)cc2)cc(-c2ccc(N)cc2)c1,bis_addition_1,0.0 milligram,0.0 micromole,0 microliter,C25H23N3O,Cc1cc(C=O)c(C)n1-c1cccc(Cl)c1,dehalogenation_0,0.0 milligram,0.0 micromole,0 microliter,C13H12ClNO,CC1=CC(C=O)=C(C)N1C2=CC(Cl)=CC(Cl)=C2.B1(OC(C(O1)(C)C)(C)C)C2=CC=C(C=C2)N>>Cc1cc(C=O)c(C)n1-c1cc(Cl)cc(-c2ccc(N)cc2)c1.Cc1cc(C=O)c(C)n1-c1cc(-c2ccc(N)cc2)cc(-c2ccc(N)cc2)c1.Cc1cc(C=O)c(C)n1-c1cccc(Cl)c1.Nc1ccccc1,001_RLN-NB-2443_007_D11,,,Nc1ccccc1,deborylation_0,0.0 milligram,0.0 micromole,0 microliter,C6H7N,3/29/2023 8:01:05 PM,kat78-2-d11-a1_03_22_2023_83.raw,2min_150_1200.EXP,001_RLN-NB-2443_007_D11,KAT78-2-D11-A1_KAT78-2-D11-A1_KAT78-2-D11-A1,0,0,0,0,0,0,0,0,0,0,0,0,0,0,0,bis_addition_1,0,0,0,0,0,179.868468545084,14.56045924821745,4.593584375880677,195.2,0.7334,0,0,0,0,0,0,0,0,0,0,0,0,0,0,0,0,0,0,0,0,42.61183810822895,2.512007279655473,0.7924968021414962,416.1,1.0101,0,0,0,0,0,0,0,0,0,0,0,0,0,0,0,225.33944530379244,22.46920117054822,7.088661811830284,325.0,1.2301,0.0,0.0,0.0,0.0,0.0,66.00029261561211,5.7082553033511045,1.8008602563975973,267.9,1.3268,0.0,0.0,0.0012345325535414822,154.31656919268525,0.0,0.0,0.0,0.0,0.0,0.0,0.0,0.0,0.0,0.0,0.00031363050882065723,39.20381360258215,0.00013801802466981958,17.252253083727446,0.0,0.0,0.0,0.0,0.0,0.0
83,D12,CC(C)C1=CC(C(C)C)=CC(C(C)C)=C1C2=C([P+](C3CCCCC3)([Pd-2]4(OS(C)(=O)=O)C(C=CC=C5)=C5C6=C([NH+]4C)C=CC=C6)C7CCCCC7)C=CC=C2,XPhos Pd G4,0.13767904 milligram,0.16000000000000003 micromole,0.13767904000000003 microliter,C47H64NO3PPdS,CC1=CC(C=O)=C(C)N1C2=CC(Cl)=CC(Cl)=C2,"1-(3,5-dichlorophenyl)-2,5-dimethyl-1H-pyrrole-3-carbaldehyde",0.2145144 milligram,0.8 micromole,0.21451440000000005 microliter,C13H11Cl2NO,B1(OC(C(O1)(C)C)(C)C)C2=CC=C(C=C2)N,"4-(4,4,5,5-tetramethyl-1,3,2-dioxaborolan-2-yl)aniline",0.21032928 milligram,0.9600000000000001 micromole,0.21032928000000006 microliter,C12H18BNO2,O=C([O-])[O-].[Na+].[Na+],Na2CO3,0.635928 milligram,6.0 micromole,0.6359280000000002 microliter,CNa2O3,CN1C=NC2=C1C(=O)N(C(=O)N2C)C,caffeine,0.1553528 milligram,0.8 micromole,0.15535280000000004 microliter,C8H10N4O2,C1COCCO1,dioxane,32.445 milligram,368.2496084262139 micromole,31.5 microliter,C4H8O2,O,water,3.5 milligram,194.2825423258396 micromole,3.5 microliter,H2O,Cc1cc(C=O)c(C)n1-c1cc(Cl)cc(-c2ccc(N)cc2)c1,suzuki_product_0,0.0 milligram,0.0 micromole,0 microliter,C19H17ClN2O,Cc1cc(C=O)c(C)n1-c1cc(-c2ccc(N)cc2)cc(-c2ccc(N)cc2)c1,bis_addition_1,0.0 milligram,0.0 micromole,0 microliter,C25H23N3O,Cc1cc(C=O)c(C)n1-c1cccc(Cl)c1,dehalogenation_0,0.0 milligram,0.0 micromole,0 microliter,C13H12ClNO,CC1=CC(C=O)=C(C)N1C2=CC(Cl)=CC(Cl)=C2.B1(OC(C(O1)(C)C)(C)C)C2=CC=C(C=C2)N>>Cc1cc(C=O)c(C)n1-c1cc(Cl)cc(-c2ccc(N)cc2)c1.Cc1cc(C=O)c(C)n1-c1cc(-c2ccc(N)cc2)cc(-c2ccc(N)cc2)c1.Cc1cc(C=O)c(C)n1-c1cccc(Cl)c1.Nc1ccccc1,001_RLN-NB-2443_007_D12,,,Nc1ccccc1,deborylation_0,0.0 milligram,0.0 micromole,0 microliter,C6H7N,3/29/2023 8:03:33 PM,kat78-2-d12-a1_03_22_2023_84.raw,2min_150_1200.EXP,001_RLN-NB-2443_007_D12,KAT78-2-D12-A1_KAT78-2-D12-A1_KAT78-2-D12-A1,0,0,0,0,0,0,0,0,0,0,0,0,0,0,0,bis_addition_1,0,0,0,0,0,178.2828165542388,18.106134851820286,4.43108007889834,194.9,0.7334,0,0,0,0,0,162.19352015300265,19.729058570368945,4.828255125791885,325,1.2301,0,0,0,0,0,0,0,0,0,0,15.100069389907205,1.1861602710610175,0.29028675586997105,208.9,1.0084,0,0,0,0,0,0,0,0,0,0,0,0,0,0,0,162.19352015300265,19.729058570368945,4.828255125791885,325.0,1.2301,0.0,0.0,0.0,0.0,0.0,92.17567398114846,7.65871638337602,1.8743031505091243,267.9,1.3251,0.0,0.0,0.0008717071305093257,108.96339131366571,0.0008717071305093257,108.96339131366571,0.0,0.0,0.0,0.0,0.0,0.0,0.0,0.0,0.0003383921061476489,42.29901326845611,5.240920961954585e-05,6.551151202443231,0.0,0.0,0.0,0.0,0.0,0.0
84,D13,CC(C)C1=CC(C(C)C)=CC(C(C)C)=C1C2=C([P+](C3CCCCC3)([Pd-2]4(OS(C)(=O)=O)C(C=CC=C5)=C5C6=C([NH+]4C)C=CC=C6)C7CCCCC7)C=CC=C2,XPhos Pd G4,0.13767904 milligram,0.16000000000000003 micromole,0.13767904000000003 microliter,C47H64NO3PPdS,COC1=C(N)C(Cl)=NC=N1,4-chloro-6-methoxypyrimidin-5-amine,0.12766080000000002 milligram,0.8 micromole,0.12766080000000005 microliter,C5H6ClN3O,B1(OC(C(O1)(C)C)(C)C)C2=CN=C(C=C2)C,"2-methyl-5-(4,4,5,5-tetramethyl-1,3,2-dioxaborolan-2-yl)pyridine",0.21032928 milligram,0.9600000000000001 micromole,0.21032928000000006 microliter,C12H18BNO2,O=C([O-])[O-].[Na+].[Na+],Na2CO3,0.635928 milligram,6.0 micromole,0.6359280000000002 microliter,CNa2O3,CN1C=NC2=C1C(=O)N(C(=O)N2C)C,caffeine,0.1553528 milligram,0.8 micromole,0.15535280000000004 microliter,C8H10N4O2,C1COCCO1,dioxane,32.445 milligram,368.2496084262139 micromole,31.5 microliter,C4H8O2,O,water,3.5 milligram,194.2825423258396 micromole,3.5 microliter,H2O,COc1ncnc(-c2ccc(C)nc2)c1N,suzuki_product_0,0.0 milligram,0.0 micromole,0 microliter,C11H12N4O,COc1ncncc1N,dehalogenation_0,0.0 milligram,0.0 micromole,0 microliter,C5H7N3O,Cc1ccccn1,deborylation_0,0.0 milligram,0.0 micromole,0 microliter,C6H7N,COC1=C(N)C(Cl)=NC=N1.B1(OC(C(O1)(C)C)(C)C)C2=CN=C(C=C2)C>>COc1ncnc(-c2ccc(C)nc2)c1N.COc1ncncc1N.Cc1ccccn1,001_RLN-NB-2443_007_D13,,,,,,,,,3/29/2023 8:06:00 PM,kat78-2-d13-a1_03_22_2023_85.raw,2min_150_1200.EXP,001_RLN-NB-2443_007_D13,KAT78-2-D13-A1_KAT78-2-D13-A1_KAT78-2-D13-A1,0,0,0,0,0,0,0,0,0,0,0,0,0,0,0,deborylation_0,0,0,0,0,0,169.17009359288767,28.62612435234316,4.4242240919120555,195,0.7334,0,0,0,0,0,0,0,0,0,0,0,0,0,0,0,0,0,0,0,0,0,0,0,0,0,0,0,0,0,0,0,0,0,0,0,0,0,0,0,0,27.390523131095154,4.065918849274331,0.6283957935523465,217.0,0.6501,0.0,0.0,0.0,0.0,0.0,0.0,0.0,0.0,0.0,0.0,0.0,0.0,0.00011362820336359,14.203525420448749,0.0,0.0,0.0,0.0,0.0,0.0,0.0,0.0,0.0,0.0,0.0,0.0,0.0,0.0,0.0,0.0,0.0,0.0,0.0,0.0
85,D14,CC(C)C1=CC(C(C)C)=CC(C(C)C)=C1C2=C([P+](C3CCCCC3)([Pd-2]4(OS(C)(=O)=O)C(C=CC=C5)=C5C6=C([NH+]4C)C=CC=C6)C7CCCCC7)C=CC=C2,XPhos Pd G4,0.13767904 milligram,0.16000000000000003 micromole,0.13767904000000003 microliter,C47H64NO3PPdS,COC1=C(N)C(Cl)=NC=N1,4-chloro-6-methoxypyrimidin-5-amine,0.12766080000000002 milligram,0.8 micromole,0.12766080000000005 microliter,C5H6ClN3O,B1(OC(C(O1)(C)C)(C)C)C2=CN(N=C2C)C,"1,3-dimethyl-4-(4,4,5,5-tetramethyl-1,3,2-dioxaborolan-2-yl)-1H-pyrazole",0.21321311999999998 milligram,0.9600000000000001 micromole,0.21321312000000003 microliter,C11H19BN2O2,O=C([O-])[O-].[Na+].[Na+],Na2CO3,0.635928 milligram,6.0 micromole,0.6359280000000002 microliter,CNa2O3,CN1C=NC2=C1C(=O)N(C(=O)N2C)C,caffeine,0.1553528 milligram,0.8 micromole,0.15535280000000004 microliter,C8H10N4O2,C1COCCO1,dioxane,32.445 milligram,368.2496084262139 micromole,31.5 microliter,C4H8O2,O,water,3.5 milligram,194.2825423258396 micromole,3.5 microliter,H2O,COc1ncnc(-c2cn(C)nc2C)c1N,suzuki_product_0,0.0 milligram,0.0 micromole,0 microliter,C10H13N5O,COc1ncncc1N,dehalogenation_0,0.0 milligram,0.0 micromole,0 microliter,C5H7N3O,Cc1ccn(C)n1,deborylation_0,0.0 milligram,0.0 micromole,0 microliter,C5H8N2,COC1=C(N)C(Cl)=NC=N1.B1(OC(C(O1)(C)C)(C)C)C2=CN(N=C2C)C>>COc1ncnc(-c2cn(C)nc2C)c1N.COc1ncncc1N.Cc1ccn(C)n1,001_RLN-NB-2443_007_D14,,,,,,,,,3/29/2023 8:08:27 PM,kat78-2-d14-a1_03_22_2023_86.raw,2min_150_1200.EXP,001_RLN-NB-2443_007_D14,KAT78-2-D14-A1_KAT78-2-D14-A1_KAT78-2-D14-A1,0,0,0,0,0,0,0,0,0,0,0,0,0,0,0,deborylation_0,0,0,0,0,0,173.25632754117018,32.39432395418097,4.585127798944253,195,0.7334,0,0,0,0,0,0,0,0,0,0,0,0,0,0,0,0,0,0,0,0,0,0,0,0,0,0,0,0,0,0,0,0,0,0,0,0,0,0,0,0,44.64970890407339,6.35578541771633,0.8996047716295814,440.0,1.3718,193.32005672159343,35.659921767463494,5.047344060503889,415.0,1.4318,0.0,0.0,0.0,0.0,0.0,0.0,0.0,0.00015696047064803204,19.620058831004002,0.0,0.0,0.0,0.0,0.0008806461729011896,110.08077161264869,0.0,0.0,0.0,0.0,0.0,0.0,0.0,0.0,0.0,0.0,0.0,0.0,0.0,0.0
86,D15,CC(C)C1=CC(C(C)C)=CC(C(C)C)=C1C2=C([P+](C3CCCCC3)([Pd-2]4(OS(C)(=O)=O)C(C=CC=C5)=C5C6=C([NH+]4C)C=CC=C6)C7CCCCC7)C=CC=C2,XPhos Pd G4,0.13767904 milligram,0.16000000000000003 micromole,0.13767904000000003 microliter,C47H64NO3PPdS,COC1=C(N)C(Cl)=NC=N1,4-chloro-6-methoxypyrimidin-5-amine,0.12766080000000002 milligram,0.8 micromole,0.12766080000000005 microliter,C5H6ClN3O,B1(OC(C(O1)(C)C)(C)C)C2=CCN(CC2)C(=O)OC(C)(C)C,"N-Boc-1,2,5,6-tetrahydropyridine-4-boronic acid pinacol ester",0.29684640000000007 milligram,0.9600000000000001 micromole,0.2968464000000001 microliter,C16H28BNO4,O=C([O-])[O-].[Na+].[Na+],Na2CO3,0.635928 milligram,6.0 micromole,0.6359280000000002 microliter,CNa2O3,CN1C=NC2=C1C(=O)N(C(=O)N2C)C,caffeine,0.1553528 milligram,0.8 micromole,0.15535280000000004 microliter,C8H10N4O2,C1COCCO1,dioxane,32.445 milligram,368.2496084262139 micromole,31.5 microliter,C4H8O2,O,water,3.5 milligram,194.2825423258396 micromole,3.5 microliter,H2O,COc1ncnc(C2=CCN(C(=O)OC(C)(C)C)CC2)c1N,suzuki_product_0,0.0 milligram,0.0 micromole,0 microliter,C15H22N4O3,COc1ncncc1N,dehalogenation_0,0.0 milligram,0.0 micromole,0 microliter,C5H7N3O,CC(C)(C)OC(=O)N1CC=CCC1,deborylation_0,0.0 milligram,0.0 micromole,0 microliter,C10H17NO2,COC1=C(N)C(Cl)=NC=N1.B1(OC(C(O1)(C)C)(C)C)C2=CCN(CC2)C(=O)OC(C)(C)C>>COc1ncnc(C2=CCN(C(=O)OC(C)(C)C)CC2)c1N.COc1ncncc1N.CC(C)(C)OC(=O)N1CC=CCC1,001_RLN-NB-2443_007_D15,,,,,,,,,3/29/2023 8:10:55 PM,kat78-2-d15-a1_03_22_2023_87.raw,2min_150_1200.EXP,001_RLN-NB-2443_007_D15,KAT78-2-D15-A1_KAT78-2-D15-A1_KAT78-2-D15-A1,0,0,0,0,0,0,0,0,0,0,0,0,0,0,0,deborylation_0,0,0,0,0,0,184.72778744935462,29.120100907878115,4.670753443576368,195,0.7334,0,0,0,0,0,0,0,0,0,0,0,0,0,0,0,0,0,0,0,0,0,0,0,0,0,0,0,0,0,0,0,0,0,0,0,0,0,0,0,0,0.0,0.0,0.0,0.0,0.0,0.0,0.0,0.0,0.0,0.0,0.0,0.0,0.0,0.0,0.0,0.0,0.0,0.0,0.0,0.0,0.0,0.0,0.0,0.0,0.0,0.0,0.0,0.0,0.0,0.0,0.0,0.0,0.0,0.0,0.0,0.0,0.0,0.0,0.0
87,D16,CC(C)C1=CC(C(C)C)=CC(C(C)C)=C1C2=C([P+](C3CCCCC3)([Pd-2]4(OS(C)(=O)=O)C(C=CC=C5)=C5C6=C([NH+]4C)C=CC=C6)C7CCCCC7)C=CC=C2,XPhos Pd G4,0.13767904 milligram,0.16000000000000003 micromole,0.13767904000000003 microliter,C47H64NO3PPdS,COC1=C(N)C(Cl)=NC=N1,4-chloro-6-methoxypyrimidin-5-amine,0.12766080000000002 milligram,0.8 micromole,0.12766080000000005 microliter,C5H6ClN3O,B1(OC(C(O1)(C)C)(C)C)C2=CCN(CC2)C(=O)OC(C)(C)C,"N-Boc-1,2,5,6-tetrahydropyridine-4-boronic acid pinacol ester",0.29684640000000007 milligram,0.9600000000000001 micromole,0.2968464000000001 microliter,C16H28BNO4,O=C([O-])[O-].[Na+].[Na+],Na2CO3,0.635928 milligram,6.0 micromole,0.6359280000000002 microliter,CNa2O3,CN1C=NC2=C1C(=O)N(C(=O)N2C)C,caffeine,0.1553528 milligram,0.8 micromole,0.15535280000000004 microliter,C8H10N4O2,C1COCCO1,dioxane,32.445 milligram,368.2496084262139 micromole,31.5 microliter,C4H8O2,O,water,3.5 milligram,194.2825423258396 micromole,3.5 microliter,H2O,COc1ncnc(C2=CCN(C(=O)OC(C)(C)C)CC2)c1N,suzuki_product_0,0.0 milligram,0.0 micromole,0 microliter,C15H22N4O3,COc1ncncc1N,dehalogenation_0,0.0 milligram,0.0 micromole,0 microliter,C5H7N3O,CC(C)(C)OC(=O)N1CC=CCC1,deborylation_0,0.0 milligram,0.0 micromole,0 microliter,C10H17NO2,COC1=C(N)C(Cl)=NC=N1.B1(OC(C(O1)(C)C)(C)C)C2=CCN(CC2)C(=O)OC(C)(C)C>>COc1ncnc(C2=CCN(C(=O)OC(C)(C)C)CC2)c1N.COc1ncncc1N.CC(C)(C)OC(=O)N1CC=CCC1,001_RLN-NB-2443_007_D16,,,,,,,,,3/29/2023 8:13:21 PM,kat78-2-d16-a1_03_22_2023_88.raw,2min_150_1200.EXP,001_RLN-NB-2443_007_D16,KAT78-2-D16-A1_KAT78-2-D16-A1_KAT78-2-D16-A1,0,0,0,0,0,0,0,0,0,0,0,0,0,0,0,deborylation_0,0,0,0,0,0,169.9880138915093,19.496639040134337,4.3546045733220495,194.9,0.7318,0,0,0,0,0,0,0,0,0,0,25.556777778436004,3.340123940776956,0.7460218634621438,309.1,1.5551,0,0,0,0,0,0,0,0,0,0,0,0,0,0,0,0,0,0,0,0,0,0,0,0,0,213.62789842718533,26.15299740582218,5.841312539819595,307.0,0.9968,0.0,0.0,0.0,0.0,0.0,0.0,0.0,0.0,0.0,0.0,0.0,0.0,0.0010731284444251365,134.14105555314205,0.0,0.0,0.0,0.0,0.0,0.0,0.00013705434804024325,17.131793505030405,0.0,0.0,0.0,0.0,0.0,0.0,0.0,0.0,0.0,0.0,0.0,0.0
88,D17,CC(C)C1=CC(C(C)C)=CC(C(C)C)=C1C2=C([P+](C3CCCCC3)([Pd-2]4(OS(C)(=O)=O)C(C=CC=C5)=C5C6=C([NH+]4C)C=CC=C6)C7CCCCC7)C=CC=C2,XPhos Pd G4,0.13767904 milligram,0.16000000000000003 micromole,0.13767904000000003 microliter,C47H64NO3PPdS,COC1=C(N)C(Cl)=NC=N1,4-chloro-6-methoxypyrimidin-5-amine,0.12766080000000002 milligram,0.8 micromole,0.12766080000000005 microliter,C5H6ClN3O,B1(OC(C(O1)(C)C)(C)C)C2=CC=C(C=C2)N,"4-(4,4,5,5-tetramethyl-1,3,2-dioxaborolan-2-yl)aniline",0.21032928 milligram,0.9600000000000001 micromole,0.21032928000000006 microliter,C12H18BNO2,O=C([O-])[O-].[Na+].[Na+],Na2CO3,0.635928 milligram,6.0 micromole,0.6359280000000002 microliter,CNa2O3,CN1C=NC2=C1C(=O)N(C(=O)N2C)C,caffeine,0.1553528 milligram,0.8 micromole,0.15535280000000004 microliter,C8H10N4O2,C1COCCO1,dioxane,32.445 milligram,368.2496084262139 micromole,31.5 microliter,C4H8O2,O,water,3.5 milligram,194.2825423258396 micromole,3.5 microliter,H2O,COc1ncnc(-c2ccc(N)cc2)c1N,suzuki_product_0,0.0 milligram,0.0 micromole,0 microliter,C11H12N4O,COc1ncncc1N,dehalogenation_0,0.0 milligram,0.0 micromole,0 microliter,C5H7N3O,Nc1ccccc1,deborylation_0,0.0 milligram,0.0 micromole,0 microliter,C6H7N,COC1=C(N)C(Cl)=NC=N1.B1(OC(C(O1)(C)C)(C)C)C2=CC=C(C=C2)N>>COc1ncnc(-c2ccc(N)cc2)c1N.COc1ncncc1N.Nc1ccccc1,001_RLN-NB-2443_007_D17,,,,,,,,,3/29/2023 8:15:49 PM,kat78-2-d17-a1_03_22_2023_89.raw,2min_150_1200.EXP,001_RLN-NB-2443_007_D17,KAT78-2-D17-A1_KAT78-2-D17-A1_KAT78-2-D17-A1,0,0,0,0,0,0,0,0,0,0,0,0,0,0,0,deborylation_0,0,0,0,0,0,161.85542620783508,23.91471349289246,4.237920230797875,195,0.7334,0,0,0,0,0,0,0,0,0,0,0,0,0,0,0,0,0,0,0,0,0,0,0,0,0,0,0,0,0,0,0,0,0,0,0,0,0,0,0,0,64.81708117910419,10.327439009903381,1.830122812276567,217.0,0.6551,0.0,0.0,0.0,0.0,0.0,0.0,0.0,0.0,0.0,0.0,0.0,0.0,0.000345475650811296,43.184456351411995,0.0,0.0,0.0,0.0,0.0,0.0,0.0,0.0,0.0,0.0,0.0,0.0,0.0,0.0,0.0,0.0,0.0,0.0,0.0,0.0
89,D18,CC(C)C1=CC(C(C)C)=CC(C(C)C)=C1C2=C([P+](C3CCCCC3)([Pd-2]4(OS(C)(=O)=O)C(C=CC=C5)=C5C6=C([NH+]4C)C=CC=C6)C7CCCCC7)C=CC=C2,XPhos Pd G4,0.13767904 milligram,0.16000000000000003 micromole,0.13767904000000003 microliter,C47H64NO3PPdS,COC1=C(N)C(Cl)=NC=N1,4-chloro-6-methoxypyrimidin-5-amine,0.12766080000000002 milligram,0.8 micromole,0.12766080000000005 microliter,C5H6ClN3O,B1(OC(C(O1)(C)C)(C)C)C2=CC=C(C=C2)N,"4-(4,4,5,5-tetramethyl-1,3,2-dioxaborolan-2-yl)aniline",0.21032928 milligram,0.9600000000000001 micromole,0.21032928000000006 microliter,C12H18BNO2,O=C([O-])[O-].[Na+].[Na+],Na2CO3,0.635928 milligram,6.0 micromole,0.6359280000000002 microliter,CNa2O3,CN1C=NC2=C1C(=O)N(C(=O)N2C)C,caffeine,0.1553528 milligram,0.8 micromole,0.15535280000000004 microliter,C8H10N4O2,C1COCCO1,dioxane,32.445 milligram,368.2496084262139 micromole,31.5 microliter,C4H8O2,O,water,3.5 milligram,194.2825423258396 micromole,3.5 microliter,H2O,COc1ncnc(-c2ccc(N)cc2)c1N,suzuki_product_0,0.0 milligram,0.0 micromole,0 microliter,C11H12N4O,COc1ncncc1N,dehalogenation_0,0.0 milligram,0.0 micromole,0 microliter,C5H7N3O,Nc1ccccc1,deborylation_0,0.0 milligram,0.0 micromole,0 microliter,C6H7N,COC1=C(N)C(Cl)=NC=N1.B1(OC(C(O1)(C)C)(C)C)C2=CC=C(C=C2)N>>COc1ncnc(-c2ccc(N)cc2)c1N.COc1ncncc1N.Nc1ccccc1,001_RLN-NB-2443_007_D18,,,,,,,,,3/29/2023 8:18:16 PM,kat78-2-d18-a1_03_22_2023_90.raw,2min_150_1200.EXP,001_RLN-NB-2443_007_D18,KAT78-2-D18-A1_KAT78-2-D18-A1_KAT78-2-D18-A1,0,0,0,0,0,0,0,0,0,0,0,0,0,0,0,deborylation_0,0,0,0,0,0,164.87770669675726,27.570899313968994,4.243896217326193,195,0.7334,0,0,0,0,0,0,0,0,0,0,0,0,0,0,0,0,0,0,0,0,0,0,0,0,0,0,0,0,0,0,0,0,0,0,0,0,0,0,0,0,63.12159649403144,10.917772012850591,1.6805360905834146,217.0,0.6551,0.0,0.0,0.0,0.0,0.0,0.0,0.0,0.0,0.0,0.0,0.0,0.0,0.00031679117575447453,39.598896969309315,0.0,0.0,0.0,0.0,0.0,0.0,0.0,0.0,0.0,0.0,0.0,0.0,0.0,0.0,0.0,0.0,0.0,0.0,0.0,0.0
90,D19,CC(C)C1=CC(C(C)C)=CC(C(C)C)=C1C2=C([P+](C3CCCCC3)([Pd-2]4(OS(C)(=O)=O)C(C=CC=C5)=C5C6=C([NH+]4C)C=CC=C6)C7CCCCC7)C=CC=C2,XPhos Pd G4,0.13767904 milligram,0.16000000000000003 micromole,0.13767904000000003 microliter,C47H64NO3PPdS,CC1=C(N2CCCC2=O)C=CC(Br)=C1,1-(4-bromo-2-methylphenyl)pyrrolidin-2-one,0.20330160000000003 milligram,0.8 micromole,0.20330160000000008 microliter,C11H12BrNO,B1(OC(C(O1)(C)C)(C)C)C2=CN=C(C=C2)C,"2-methyl-5-(4,4,5,5-tetramethyl-1,3,2-dioxaborolan-2-yl)pyridine",0.21032928 milligram,0.9600000000000001 micromole,0.21032928000000006 microliter,C12H18BNO2,O=C([O-])[O-].[Na+].[Na+],Na2CO3,0.635928 milligram,6.0 micromole,0.6359280000000002 microliter,CNa2O3,CN1C=NC2=C1C(=O)N(C(=O)N2C)C,caffeine,0.1553528 milligram,0.8 micromole,0.15535280000000004 microliter,C8H10N4O2,C1COCCO1,dioxane,32.445 milligram,368.2496084262139 micromole,31.5 microliter,C4H8O2,O,water,3.5 milligram,194.2825423258396 micromole,3.5 microliter,H2O,Cc1ccc(-c2ccc(N3CCCC3=O)c(C)c2)cn1,suzuki_product_0,0.0 milligram,0.0 micromole,0 microliter,C17H18N2O,Cc1ccccc1N1CCCC1=O,dehalogenation_0,0.0 milligram,0.0 micromole,0 microliter,C11H13NO,Cc1ccccn1,deborylation_0,0.0 milligram,0.0 micromole,0 microliter,C6H7N,CC1=C(N2CCCC2=O)C=CC(Br)=C1.B1(OC(C(O1)(C)C)(C)C)C2=CN=C(C=C2)C>>Cc1ccc(-c2ccc(N3CCCC3=O)c(C)c2)cn1.Cc1ccccc1N1CCCC1=O.Cc1ccccn1,001_RLN-NB-2443_007_D19,,,,,,,,,3/29/2023 8:20:43 PM,kat78-2-d19-a1_03_22_2023_91.raw,2min_150_1200.EXP,001_RLN-NB-2443_007_D19,KAT78-2-D19-A1_KAT78-2-D19-A1_KAT78-2-D19-A1,0,0,0,0,0,0,0,0,0,0,0,0,0,0,0,deborylation_0,0,0,0,0,0,172.9588725571383,28.99943686847343,4.55864335035068,195,0.7334,0,0,0,0,0,0,0,0,0,0,0,0,0,0,0,0,0,0,0,0,0,0,0,0,0,0,0,0,0,0,0,0,0,0,0,0,0,0,0,0,0.0,0.0,0.0,0.0,0.0,0.0,0.0,0.0,0.0,0.0,0.0,0.0,0.0,0.0,0.0,0.0,0.0,0.0,0.0,0.0,0.0,0.0,0.0,0.0,0.0,0.0,0.0,0.0,0.0,0.0,0.0,0.0,0.0,0.0,0.0,0.0,0.0,0.0,0.0
91,D20,CC(C)C1=CC(C(C)C)=CC(C(C)C)=C1C2=C([P+](C3CCCCC3)([Pd-2]4(OS(C)(=O)=O)C(C=CC=C5)=C5C6=C([NH+]4C)C=CC=C6)C7CCCCC7)C=CC=C2,XPhos Pd G4,0.13767904 milligram,0.16000000000000003 micromole,0.13767904000000003 microliter,C47H64NO3PPdS,CC1=C(N2CCCC2=O)C=CC(Br)=C1,1-(4-bromo-2-methylphenyl)pyrrolidin-2-one,0.20330160000000003 milligram,0.8 micromole,0.20330160000000008 microliter,C11H12BrNO,B1(OC(C(O1)(C)C)(C)C)C2=CN(N=C2C)C,"1,3-dimethyl-4-(4,4,5,5-tetramethyl-1,3,2-dioxaborolan-2-yl)-1H-pyrazole",0.21321311999999998 milligram,0.9600000000000001 micromole,0.21321312000000003 microliter,C11H19BN2O2,O=C([O-])[O-].[Na+].[Na+],Na2CO3,0.635928 milligram,6.0 micromole,0.6359280000000002 microliter,CNa2O3,CN1C=NC2=C1C(=O)N(C(=O)N2C)C,caffeine,0.1553528 milligram,0.8 micromole,0.15535280000000004 microliter,C8H10N4O2,C1COCCO1,dioxane,32.445 milligram,368.2496084262139 micromole,31.5 microliter,C4H8O2,O,water,3.5 milligram,194.2825423258396 micromole,3.5 microliter,H2O,Cc1cc(-c2cn(C)nc2C)ccc1N1CCCC1=O,suzuki_product_0,0.0 milligram,0.0 micromole,0 microliter,C16H19N3O,Cc1ccccc1N1CCCC1=O,dehalogenation_0,0.0 milligram,0.0 micromole,0 microliter,C11H13NO,Cc1ccn(C)n1,deborylation_0,0.0 milligram,0.0 micromole,0 microliter,C5H8N2,CC1=C(N2CCCC2=O)C=CC(Br)=C1.B1(OC(C(O1)(C)C)(C)C)C2=CN(N=C2C)C>>Cc1cc(-c2cn(C)nc2C)ccc1N1CCCC1=O.Cc1ccccc1N1CCCC1=O.Cc1ccn(C)n1,001_RLN-NB-2443_007_D20,,,,,,,,,3/29/2023 8:23:11 PM,kat78-2-d20-a1_03_22_2023_92.raw,2min_150_1200.EXP,001_RLN-NB-2443_007_D20,KAT78-2-D20-A1_KAT78-2-D20-A1_KAT78-2-D20-A1,0,0,0,0,0,0,0,0,0,0,0,0,0,0,0,deborylation_0,0,0,0,0,0,175.42645994404077,32.08414537274836,4.538895156263028,195,0.7334,0,0,0,0,0,0,0,0,0,0,0,0,0,0,0,0,0,0,0,0,0,0,0,0,0,0,0,0,0,0,0,0,0,0,0,0,0,0,0,0,0.0,0.0,0.0,0.0,0.0,0.0,0.0,0.0,0.0,0.0,0.0,0.0,0.0,0.0,0.0,0.0,0.0,0.0,0.0,0.0,0.0,0.0,0.0,0.0,0.0,0.0,0.0,0.0,0.0,0.0,0.0,0.0,0.0,0.0,0.0,0.0,0.0,0.0,0.0
92,D21,CC(C)C1=CC(C(C)C)=CC(C(C)C)=C1C2=C([P+](C3CCCCC3)([Pd-2]4(OS(C)(=O)=O)C(C=CC=C5)=C5C6=C([NH+]4C)C=CC=C6)C7CCCCC7)C=CC=C2,XPhos Pd G4,0.13767904 milligram,0.16000000000000003 micromole,0.13767904000000003 microliter,C47H64NO3PPdS,CC1=C(N2CCCC2=O)C=CC(Br)=C1,1-(4-bromo-2-methylphenyl)pyrrolidin-2-one,0.20330160000000003 milligram,0.8 micromole,0.20330160000000008 microliter,C11H12BrNO,B1(OC(C(O1)(C)C)(C)C)C2=CCN(CC2)C(=O)OC(C)(C)C,"N-Boc-1,2,5,6-tetrahydropyridine-4-boronic acid pinacol ester",0.29684640000000007 milligram,0.9600000000000001 micromole,0.2968464000000001 microliter,C16H28BNO4,O=C([O-])[O-].[Na+].[Na+],Na2CO3,0.635928 milligram,6.0 micromole,0.6359280000000002 microliter,CNa2O3,CN1C=NC2=C1C(=O)N(C(=O)N2C)C,caffeine,0.1553528 milligram,0.8 micromole,0.15535280000000004 microliter,C8H10N4O2,C1COCCO1,dioxane,32.445 milligram,368.2496084262139 micromole,31.5 microliter,C4H8O2,O,water,3.5 milligram,194.2825423258396 micromole,3.5 microliter,H2O,Cc1cc(C2=CCN(C(=O)OC(C)(C)C)CC2)ccc1N1CCCC1=O,suzuki_product_0,0.0 milligram,0.0 micromole,0 microliter,C21H28N2O3,Cc1ccccc1N1CCCC1=O,dehalogenation_0,0.0 milligram,0.0 micromole,0 microliter,C11H13NO,CC(C)(C)OC(=O)N1CC=CCC1,deborylation_0,0.0 milligram,0.0 micromole,0 microliter,C10H17NO2,CC1=C(N2CCCC2=O)C=CC(Br)=C1.B1(OC(C(O1)(C)C)(C)C)C2=CCN(CC2)C(=O)OC(C)(C)C>>Cc1cc(C2=CCN(C(=O)OC(C)(C)C)CC2)ccc1N1CCCC1=O.Cc1ccccc1N1CCCC1=O.CC(C)(C)OC(=O)N1CC=CCC1,001_RLN-NB-2443_007_D21,,,,,,,,,3/29/2023 8:25:39 PM,kat78-2-d21-a1_03_22_2023_93.raw,2min_150_1200.EXP,001_RLN-NB-2443_007_D21,KAT78-2-D21-A1_KAT78-2-D21-A1_KAT78-2-D21-A1,0,0,0,0,0,0,0,0,0,0,0,0,0,0,0,deborylation_0,0,0,0,0,0,194.5604557469843,21.93747345328126,4.931543438322346,195,0.7318,29.67577488286916,3.6857199120929796,0.8285497364445795,396.2,1.3218,0,0,0,0,0,53.59672043536872,5.999340683774194,1.348651623275316,309,1.5334,0,0,0,0,0,0,0,0,0,0,0,0,0,0,0,0,0,0,0,0,0,0,0,0,0,29.67577488286916,3.6857199120929796,0.8285497364445795,396.2,1.3218,0.0,0.0,0.0,0.0,0.0,0.0,0.0,0.0,0.0,0.0,0.0,0.0,0.000134408182234557,16.801022779319627,0.0,0.0,0.000134408182234557,16.801022779319627,0.0,0.0,0.000218779640109444,27.3474550136805,0.0,0.0,0.0,0.0,0.0,0.0,0.0,0.0,0.0,0.0,0.0,0.0
93,D22,CC(C)C1=CC(C(C)C)=CC(C(C)C)=C1C2=C([P+](C3CCCCC3)([Pd-2]4(OS(C)(=O)=O)C(C=CC=C5)=C5C6=C([NH+]4C)C=CC=C6)C7CCCCC7)C=CC=C2,XPhos Pd G4,0.13767904 milligram,0.16000000000000003 micromole,0.13767904000000003 microliter,C47H64NO3PPdS,CC1=C(N2CCCC2=O)C=CC(Br)=C1,1-(4-bromo-2-methylphenyl)pyrrolidin-2-one,0.20330160000000003 milligram,0.8 micromole,0.20330160000000008 microliter,C11H12BrNO,B1(OC(C(O1)(C)C)(C)C)C2=CCN(CC2)C(=O)OC(C)(C)C,"N-Boc-1,2,5,6-tetrahydropyridine-4-boronic acid pinacol ester",0.29684640000000007 milligram,0.9600000000000001 micromole,0.2968464000000001 microliter,C16H28BNO4,O=C([O-])[O-].[Na+].[Na+],Na2CO3,0.635928 milligram,6.0 micromole,0.6359280000000002 microliter,CNa2O3,CN1C=NC2=C1C(=O)N(C(=O)N2C)C,caffeine,0.1553528 milligram,0.8 micromole,0.15535280000000004 microliter,C8H10N4O2,C1COCCO1,dioxane,32.445 milligram,368.2496084262139 micromole,31.5 microliter,C4H8O2,O,water,3.5 milligram,194.2825423258396 micromole,3.5 microliter,H2O,Cc1cc(C2=CCN(C(=O)OC(C)(C)C)CC2)ccc1N1CCCC1=O,suzuki_product_0,0.0 milligram,0.0 micromole,0 microliter,C21H28N2O3,Cc1ccccc1N1CCCC1=O,dehalogenation_0,0.0 milligram,0.0 micromole,0 microliter,C11H13NO,CC(C)(C)OC(=O)N1CC=CCC1,deborylation_0,0.0 milligram,0.0 micromole,0 microliter,C10H17NO2,CC1=C(N2CCCC2=O)C=CC(Br)=C1.B1(OC(C(O1)(C)C)(C)C)C2=CCN(CC2)C(=O)OC(C)(C)C>>Cc1cc(C2=CCN(C(=O)OC(C)(C)C)CC2)ccc1N1CCCC1=O.Cc1ccccc1N1CCCC1=O.CC(C)(C)OC(=O)N1CC=CCC1,001_RLN-NB-2443_007_D22,,,,,,,,,3/29/2023 8:28:05 PM,kat78-2-d22-a1_03_22_2023_94.raw,2min_150_1200.EXP,001_RLN-NB-2443_007_D22,KAT78-2-D22-A1_KAT78-2-D22-A1_KAT78-2-D22-A1,0,0,0,0,0,0,0,0,0,0,0,0,0,0,0,deborylation_0,0,0,0,0,0,177.55202104751143,29.775462336245152,4.472457990642282,195,0.7334,0,0,0,0,0,9.561610107181082,1.2906898674498855,0.19386957441431352,195,1.0601,0,0,0,0,0,0,0,0,0,0,0,0,0,0,0,0,0,0,0,0,0,0,0,0,0,0,0,0,0,0,0.0,0.0,0.0,0.0,0.0,0.0,0.0,0.0,0.0,0.0,0.0,0.0,0.0,0.0,0.0,0.0,0.0,0.0,0.0,3.4677946636046054e-05,4.3347433295057565,0.0,0.0,0.0,0.0,0.0,0.0,0.0,0.0,0.0,0.0,0.0,0.0,0.0,0.0,0.0,0.0,0.0,0.0
94,D23,CC(C)C1=CC(C(C)C)=CC(C(C)C)=C1C2=C([P+](C3CCCCC3)([Pd-2]4(OS(C)(=O)=O)C(C=CC=C5)=C5C6=C([NH+]4C)C=CC=C6)C7CCCCC7)C=CC=C2,XPhos Pd G4,0.13767904 milligram,0.16000000000000003 micromole,0.13767904000000003 microliter,C47H64NO3PPdS,CC1=C(N2CCCC2=O)C=CC(Br)=C1,1-(4-bromo-2-methylphenyl)pyrrolidin-2-one,0.20330160000000003 milligram,0.8 micromole,0.20330160000000008 microliter,C11H12BrNO,B1(OC(C(O1)(C)C)(C)C)C2=CC=C(C=C2)N,"4-(4,4,5,5-tetramethyl-1,3,2-dioxaborolan-2-yl)aniline",0.21032928 milligram,0.9600000000000001 micromole,0.21032928000000006 microliter,C12H18BNO2,O=C([O-])[O-].[Na+].[Na+],Na2CO3,0.635928 milligram,6.0 micromole,0.6359280000000002 microliter,CNa2O3,CN1C=NC2=C1C(=O)N(C(=O)N2C)C,caffeine,0.1553528 milligram,0.8 micromole,0.15535280000000004 microliter,C8H10N4O2,C1COCCO1,dioxane,32.445 milligram,368.2496084262139 micromole,31.5 microliter,C4H8O2,O,water,3.5 milligram,194.2825423258396 micromole,3.5 microliter,H2O,Cc1cc(-c2ccc(N)cc2)ccc1N1CCCC1=O,suzuki_product_0,0.0 milligram,0.0 micromole,0 microliter,C17H18N2O,Cc1ccccc1N1CCCC1=O,dehalogenation_0,0.0 milligram,0.0 micromole,0 microliter,C11H13NO,Nc1ccccc1,deborylation_0,0.0 milligram,0.0 micromole,0 microliter,C6H7N,CC1=C(N2CCCC2=O)C=CC(Br)=C1.B1(OC(C(O1)(C)C)(C)C)C2=CC=C(C=C2)N>>Cc1cc(-c2ccc(N)cc2)ccc1N1CCCC1=O.Cc1ccccc1N1CCCC1=O.Nc1ccccc1,001_RLN-NB-2443_007_D23,,,,,,,,,3/29/2023 8:30:33 PM,kat78-2-d23-a1_03_22_2023_95.raw,2min_150_1200.EXP,001_RLN-NB-2443_007_D23,KAT78-2-D23-A1_KAT78-2-D23-A1_KAT78-2-D23-A1,0,0,0,0,0,0,0,0,0,0,0,0,0,0,0,deborylation_0,0,0,0,0,0,0,0,0,0,0,0,0,0,0,0,0,0,0,0,0,0,0,0,0,0,0,0,0,0,0,0,0,0,0,0,0,0,0,0,0,0,0,0,0,0,0,0,0,0,0,0.0,0.0,0.0,0.0,0.0,0.0,0.0,0.0,0.0,0.0,0.0,0.0,0.0,0.0,0.0,,,,,,,,,,,,,,,,,,,,,,,,
95,D24,CC(C)C1=CC(C(C)C)=CC(C(C)C)=C1C2=C([P+](C3CCCCC3)([Pd-2]4(OS(C)(=O)=O)C(C=CC=C5)=C5C6=C([NH+]4C)C=CC=C6)C7CCCCC7)C=CC=C2,XPhos Pd G4,0.13767904 milligram,0.16000000000000003 micromole,0.13767904000000003 microliter,C47H64NO3PPdS,CC1=C(N2CCCC2=O)C=CC(Br)=C1,1-(4-bromo-2-methylphenyl)pyrrolidin-2-one,0.20330160000000003 milligram,0.8 micromole,0.20330160000000008 microliter,C11H12BrNO,B1(OC(C(O1)(C)C)(C)C)C2=CC=C(C=C2)N,"4-(4,4,5,5-tetramethyl-1,3,2-dioxaborolan-2-yl)aniline",0.21032928 milligram,0.9600000000000001 micromole,0.21032928000000006 microliter,C12H18BNO2,O=C([O-])[O-].[Na+].[Na+],Na2CO3,0.635928 milligram,6.0 micromole,0.6359280000000002 microliter,CNa2O3,CN1C=NC2=C1C(=O)N(C(=O)N2C)C,caffeine,0.1553528 milligram,0.8 micromole,0.15535280000000004 microliter,C8H10N4O2,C1COCCO1,dioxane,32.445 milligram,368.2496084262139 micromole,31.5 microliter,C4H8O2,O,water,3.5 milligram,194.2825423258396 micromole,3.5 microliter,H2O,Cc1cc(-c2ccc(N)cc2)ccc1N1CCCC1=O,suzuki_product_0,0.0 milligram,0.0 micromole,0 microliter,C17H18N2O,Cc1ccccc1N1CCCC1=O,dehalogenation_0,0.0 milligram,0.0 micromole,0 microliter,C11H13NO,Nc1ccccc1,deborylation_0,0.0 milligram,0.0 micromole,0 microliter,C6H7N,CC1=C(N2CCCC2=O)C=CC(Br)=C1.B1(OC(C(O1)(C)C)(C)C)C2=CC=C(C=C2)N>>Cc1cc(-c2ccc(N)cc2)ccc1N1CCCC1=O.Cc1ccccc1N1CCCC1=O.Nc1ccccc1,001_RLN-NB-2443_007_D24,,,,,,,,,3/29/2023 8:33:00 PM,kat78-2-d24-a1_03_22_2023_96.raw,2min_150_1200.EXP,001_RLN-NB-2443_007_D24,KAT78-2-D24-A1_KAT78-2-D24-A1_KAT78-2-D24-A1,0,0,0,0,0,0,0,0,0,0,0,0,0,0,0,deborylation_0,0,0,0,0,0,229.79158885605725,30.619407360480473,5.810826609530152,195,0.7318,0,0,0,0,0,0,0,0,0,0,0,0,0,0,0,9.117538277617964,1.127767445913146,0.21402311961570028,220,1.1134,0,0,0,0,0,0,0,0,0,0,0,0,0,0,0,0,0,0,0,0,0.0,0.0,0.0,0.0,0.0,0.0,0.0,0.0,0.0,0.0,0.0,0.0,0.0,0.0,0.0,0.0,0.0,0.0,0.0,0.0,0.0,0.0,0.0,0.0,0.0,0.0,0.0,2.946542844898353e-05,3.683178556122941,0.0,0.0,0.0,0.0,0.0,0.0,0.0,0.0,0.0,0.0
96,E1,NC1=C(C=CC=C1)C2=C([Pd]OS(C)(=O)=O)C=CC=C2.CN(C)C3=CC=C(C=C3)P(C(C)(C)C)C(C)(C)C,APhos Pd G3,0.10161904000000001 milligram,0.16000000000000003 micromole,0.10161904000000004 microliter,C29H41N2O3PPdS,BrC1=CC=CN2C=CN=C12,"8-bromoimidazo[1,2-a]pyridine",0.15762800000000002 milligram,0.8 micromole,0.15762800000000005 microliter,C7H5BrN2,B1(OC(C(O1)(C)C)(C)C)C2=CN=C(C=C2)C,"2-methyl-5-(4,4,5,5-tetramethyl-1,3,2-dioxaborolan-2-yl)pyridine",0.21032928 milligram,0.9600000000000001 micromole,0.21032928000000006 microliter,C12H18BNO2,O=C([O-])[O-].[Na+].[Na+],Na2CO3,0.635928 milligram,6.0 micromole,0.6359280000000002 microliter,CNa2O3,CN1C=NC2=C1C(=O)N(C(=O)N2C)C,caffeine,0.1553528 milligram,0.8 micromole,0.15535280000000004 microliter,C8H10N4O2,C1COCCO1,dioxane,32.445 milligram,368.2496084262139 micromole,31.5 microliter,C4H8O2,O,water,3.5 milligram,194.2825423258396 micromole,3.5 microliter,H2O,Cc1ccc(-c2cccn3ccnc23)cn1,suzuki_product_0,0.0 milligram,0.0 micromole,0 microliter,C13H11N3,c1ccn2ccnc2c1,dehalogenation_0,0.0 milligram,0.0 micromole,0 microliter,C7H6N2,Cc1ccccn1,deborylation_0,0.0 milligram,0.0 micromole,0 microliter,C6H7N,BrC1=CC=CN2C=CN=C12.B1(OC(C(O1)(C)C)(C)C)C2=CN=C(C=C2)C>>Cc1ccc(-c2cccn3ccnc23)cn1.c1ccn2ccnc2c1.Cc1ccccn1,001_RLN-NB-2443_007_E1,,,,,,,,,3/29/2023 8:35:27 PM,kat78-2-e1-a1_03_22_2023_97.raw,2min_150_1200.EXP,001_RLN-NB-2443_007_E1,KAT78-2-E1-A1_KAT78-2-E1-A1_KAT78-2-E1-A1,0,0,0,0,0,0,0,0,0,0,0,0,0,0,0,deborylation_0,0,0,0,0,0,185.16510467250498,8.264475957431602,4.82050907622341,195,0.7334,0,0,0,0,0,0,0,0,0,0,0,0,0,0,0,0,0,0,0,0,0,0,0,0,0,0,0,0,0,0,0,0,0,0,0,0,0,0,0,0,44.6045561644698,2.3286783814141603,1.3582730872509894,210.0,0.5884,0.0,0.0,0.0,0.0,0.0,0.0,0.0,0.0,0.0,0.0,0.0,0.0,0.00022541570871848542,28.176963589810676,0.0,0.0,0.0,0.0,0.0,0.0,0.0,0.0,0.0,0.0,0.0,0.0,0.0,0.0,0.0,0.0,0.0,0.0,0.0,0.0
97,E2,NC1=C(C=CC=C1)C2=C([Pd]OS(C)(=O)=O)C=CC=C2.CN(C)C3=CC=C(C=C3)P(C(C)(C)C)C(C)(C)C,APhos Pd G3,0.10161904000000001 milligram,0.16000000000000003 micromole,0.10161904000000004 microliter,C29H41N2O3PPdS,BrC1=CC=CN2C=CN=C12,"8-bromoimidazo[1,2-a]pyridine",0.15762800000000002 milligram,0.8 micromole,0.15762800000000005 microliter,C7H5BrN2,B1(OC(C(O1)(C)C)(C)C)C2=CN(N=C2C)C,"1,3-dimethyl-4-(4,4,5,5-tetramethyl-1,3,2-dioxaborolan-2-yl)-1H-pyrazole",0.21321311999999998 milligram,0.9600000000000001 micromole,0.21321312000000003 microliter,C11H19BN2O2,O=C([O-])[O-].[Na+].[Na+],Na2CO3,0.635928 milligram,6.0 micromole,0.6359280000000002 microliter,CNa2O3,CN1C=NC2=C1C(=O)N(C(=O)N2C)C,caffeine,0.1553528 milligram,0.8 micromole,0.15535280000000004 microliter,C8H10N4O2,C1COCCO1,dioxane,32.445 milligram,368.2496084262139 micromole,31.5 microliter,C4H8O2,O,water,3.5 milligram,194.2825423258396 micromole,3.5 microliter,H2O,Cc1nn(C)cc1-c1cccn2ccnc12,suzuki_product_0,0.0 milligram,0.0 micromole,0 microliter,C12H12N4,c1ccn2ccnc2c1,dehalogenation_0,0.0 milligram,0.0 micromole,0 microliter,C7H6N2,Cc1ccn(C)n1,deborylation_0,0.0 milligram,0.0 micromole,0 microliter,C5H8N2,BrC1=CC=CN2C=CN=C12.B1(OC(C(O1)(C)C)(C)C)C2=CN(N=C2C)C>>Cc1nn(C)cc1-c1cccn2ccnc12.c1ccn2ccnc2c1.Cc1ccn(C)n1,001_RLN-NB-2443_007_E2,,,,,,,,,3/29/2023 8:37:54 PM,kat78-2-e2-a1_03_22_2023_98.raw,2min_150_1200.EXP,001_RLN-NB-2443_007_E2,KAT78-2-E2-A1_KAT78-2-E2-A1_KAT78-2-E2-A1,0,0,0,0,0,0,0,0,0,0,0,0,0,0,0,deborylation_0,0,0,0,0,0,184.73357634664518,9.382911154670268,4.670005180718288,195,0.7334,0,0,0,0,0,0,0,0,0,0,0,0,0,0,0,0,0,0,0,0,0,0,0,0,0,0,0,0,0,0,0,0,0,0,0,0,0,0,0,0,0.0,0.0,0.0,0.0,0.0,0.0,0.0,0.0,0.0,0.0,0.0,0.0,0.0,0.0,0.0,0.0,0.0,0.0,0.0,0.0,0.0,0.0,0.0,0.0,0.0,0.0,0.0,0.0,0.0,0.0,0.0,0.0,0.0,0.0,0.0,0.0,0.0,0.0,0.0
98,E3,NC1=C(C=CC=C1)C2=C([Pd]OS(C)(=O)=O)C=CC=C2.CN(C)C3=CC=C(C=C3)P(C(C)(C)C)C(C)(C)C,APhos Pd G3,0.10161904000000001 milligram,0.16000000000000003 micromole,0.10161904000000004 microliter,C29H41N2O3PPdS,BrC1=CC=CN2C=CN=C12,"8-bromoimidazo[1,2-a]pyridine",0.15762800000000002 milligram,0.8 micromole,0.15762800000000005 microliter,C7H5BrN2,B1(OC(C(O1)(C)C)(C)C)C2=CCN(CC2)C(=O)OC(C)(C)C,"N-Boc-1,2,5,6-tetrahydropyridine-4-boronic acid pinacol ester",0.29684640000000007 milligram,0.9600000000000001 micromole,0.2968464000000001 microliter,C16H28BNO4,O=C([O-])[O-].[Na+].[Na+],Na2CO3,0.635928 milligram,6.0 micromole,0.6359280000000002 microliter,CNa2O3,CN1C=NC2=C1C(=O)N(C(=O)N2C)C,caffeine,0.1553528 milligram,0.8 micromole,0.15535280000000004 microliter,C8H10N4O2,C1COCCO1,dioxane,32.445 milligram,368.2496084262139 micromole,31.5 microliter,C4H8O2,O,water,3.5 milligram,194.2825423258396 micromole,3.5 microliter,H2O,CC(C)(C)OC(=O)N1CC=C(c2cccn3ccnc23)CC1,suzuki_product_0,0.0 milligram,0.0 micromole,0 microliter,C17H21N3O2,c1ccn2ccnc2c1,dehalogenation_0,0.0 milligram,0.0 micromole,0 microliter,C7H6N2,CC(C)(C)OC(=O)N1CC=CCC1,deborylation_0,0.0 milligram,0.0 micromole,0 microliter,C10H17NO2,BrC1=CC=CN2C=CN=C12.B1(OC(C(O1)(C)C)(C)C)C2=CCN(CC2)C(=O)OC(C)(C)C>>CC(C)(C)OC(=O)N1CC=C(c2cccn3ccnc23)CC1.c1ccn2ccnc2c1.CC(C)(C)OC(=O)N1CC=CCC1,001_RLN-NB-2443_007_E3,,,,,,,,,3/29/2023 8:40:21 PM,kat78-2-e3-a1_03_22_2023_99.raw,2min_150_1200.EXP,001_RLN-NB-2443_007_E3,KAT78-2-E3-A1_KAT78-2-E3-A1_KAT78-2-E3-A1,0,0,0,0,0,0,0,0,0,0,0,0,0,0,0,deborylation_0,0,0,0,0,0,187.41487752357392,9.581831499280488,4.546513160178024,195,0.7334,0,0,0,0,0,0,0,0,0,0,0,0,0,0,0,0,0,0,0,0,0,0,0,0,0,0,0,0,0,0,0,0,0,0,0,0,0,0,0,0,195.34525613435042,12.882058508637959,6.112448183220896,299.9,0.8701,0.0,0.0,0.0,0.0,0.0,0.0,0.0,0.0,0.0,0.0,0.0,0.0,0.0010755403920100486,134.44254900125608,0.0,0.0,0.0,0.0,0.0,0.0,0.0,0.0,0.0,0.0,0.0,0.0,0.0,0.0,0.0,0.0,0.0,0.0,0.0,0.0
99,E4,NC1=C(C=CC=C1)C2=C([Pd]OS(C)(=O)=O)C=CC=C2.CN(C)C3=CC=C(C=C3)P(C(C)(C)C)C(C)(C)C,APhos Pd G3,0.10161904000000001 milligram,0.16000000000000003 micromole,0.10161904000000004 microliter,C29H41N2O3PPdS,BrC1=CC=CN2C=CN=C12,"8-bromoimidazo[1,2-a]pyridine",0.15762800000000002 milligram,0.8 micromole,0.15762800000000005 microliter,C7H5BrN2,B1(OC(C(O1)(C)C)(C)C)C2=CCN(CC2)C(=O)OC(C)(C)C,"N-Boc-1,2,5,6-tetrahydropyridine-4-boronic acid pinacol ester",0.29684640000000007 milligram,0.9600000000000001 micromole,0.2968464000000001 microliter,C16H28BNO4,O=C([O-])[O-].[Na+].[Na+],Na2CO3,0.635928 milligram,6.0 micromole,0.6359280000000002 microliter,CNa2O3,CN1C=NC2=C1C(=O)N(C(=O)N2C)C,caffeine,0.1553528 milligram,0.8 micromole,0.15535280000000004 microliter,C8H10N4O2,C1COCCO1,dioxane,32.445 milligram,368.2496084262139 micromole,31.5 microliter,C4H8O2,O,water,3.5 milligram,194.2825423258396 micromole,3.5 microliter,H2O,CC(C)(C)OC(=O)N1CC=C(c2cccn3ccnc23)CC1,suzuki_product_0,0.0 milligram,0.0 micromole,0 microliter,C17H21N3O2,c1ccn2ccnc2c1,dehalogenation_0,0.0 milligram,0.0 micromole,0 microliter,C7H6N2,CC(C)(C)OC(=O)N1CC=CCC1,deborylation_0,0.0 milligram,0.0 micromole,0 microliter,C10H17NO2,BrC1=CC=CN2C=CN=C12.B1(OC(C(O1)(C)C)(C)C)C2=CCN(CC2)C(=O)OC(C)(C)C>>CC(C)(C)OC(=O)N1CC=C(c2cccn3ccnc23)CC1.c1ccn2ccnc2c1.CC(C)(C)OC(=O)N1CC=CCC1,001_RLN-NB-2443_007_E4,,,,,,,,,3/29/2023 8:42:49 PM,kat78-2-e4-a1_03_22_2023_100.raw,2min_150_1200.EXP,001_RLN-NB-2443_007_E4,KAT78-2-E4-A1_KAT78-2-E4-A1_KAT78-2-E4-A1,0,0,0,0,0,0,0,0,0,0,0,0,0,0,0,deborylation_0,0,0,0,0,0,170.86263709161068,9.698741471514582,4.3539124495689085,194.9,0.7334,0,0,0,0,0,0,0,0,0,0,0,0,0,0,0,0,0,0,0,0,0,0,0,0,0,0,0,0,0,0,0,0,0,0,0,0,0,0,0,0,197.66164977444632,13.06505668643632,5.865102511338042,300.0,0.8684,0.0,0.0,0.0,0.0,0.0,0.0,0.0,0.0,0.0,0.0,0.0,0.0,0.0010776702709157618,134.70878386447023,0.0,0.0,0.0,0.0,0.0,0.0,0.0,0.0,0.0,0.0,0.0,0.0,0.0,0.0,0.0,0.0,0.0,0.0,0.0,0.0
100,E5,NC1=C(C=CC=C1)C2=C([Pd]OS(C)(=O)=O)C=CC=C2.CN(C)C3=CC=C(C=C3)P(C(C)(C)C)C(C)(C)C,APhos Pd G3,0.10161904000000001 milligram,0.16000000000000003 micromole,0.10161904000000004 microliter,C29H41N2O3PPdS,BrC1=CC=CN2C=CN=C12,"8-bromoimidazo[1,2-a]pyridine",0.15762800000000002 milligram,0.8 micromole,0.15762800000000005 microliter,C7H5BrN2,B1(OC(C(O1)(C)C)(C)C)C2=CC=C(C=C2)N,"4-(4,4,5,5-tetramethyl-1,3,2-dioxaborolan-2-yl)aniline",0.21032928 milligram,0.9600000000000001 micromole,0.21032928000000006 microliter,C12H18BNO2,O=C([O-])[O-].[Na+].[Na+],Na2CO3,0.635928 milligram,6.0 micromole,0.6359280000000002 microliter,CNa2O3,CN1C=NC2=C1C(=O)N(C(=O)N2C)C,caffeine,0.1553528 milligram,0.8 micromole,0.15535280000000004 microliter,C8H10N4O2,C1COCCO1,dioxane,32.445 milligram,368.2496084262139 micromole,31.5 microliter,C4H8O2,O,water,3.5 milligram,194.2825423258396 micromole,3.5 microliter,H2O,Nc1ccc(-c2cccn3ccnc23)cc1,suzuki_product_0,0.0 milligram,0.0 micromole,0 microliter,C13H11N3,c1ccn2ccnc2c1,dehalogenation_0,0.0 milligram,0.0 micromole,0 microliter,C7H6N2,Nc1ccccc1,deborylation_0,0.0 milligram,0.0 micromole,0 microliter,C6H7N,BrC1=CC=CN2C=CN=C12.B1(OC(C(O1)(C)C)(C)C)C2=CC=C(C=C2)N>>Nc1ccc(-c2cccn3ccnc23)cc1.c1ccn2ccnc2c1.Nc1ccccc1,001_RLN-NB-2443_007_E5,,,,,,,,,3/29/2023 8:45:17 PM,kat78-2-e5-a1_03_22_2023_101.raw,2min_150_1200.EXP,001_RLN-NB-2443_007_E5,KAT78-2-E5-A1_KAT78-2-E5-A1_KAT78-2-E5-A1,0,0,0,0,0,0,0,0,0,0,0,0,0,0,0,deborylation_0,0,0,0,0,0,175.6150355360264,15.554108630784743,4.350456704281489,195,0.7334,0,0,0,0,0,0,0,0,0,0,0,0,0,0,0,0,0,0,0,0,0,0,0,0,0,0,0,0,0,0,0,0,0,0,0,0,0,0,0,0,51.226585359845956,4.942837351451876,1.3825028745933263,210.0,0.6368,0.0,0.0,0.0,0.0,0.0,0.0,0.0,0.0,0.0,0.0,0.0,0.0,0.00025422671109131883,31.778338886414854,0.0,0.0,0.0,0.0,0.0,0.0,0.0,0.0,0.0,0.0,0.0,0.0,0.0,0.0,0.0,0.0,0.0,0.0,0.0,0.0
101,E6,NC1=C(C=CC=C1)C2=C([Pd]OS(C)(=O)=O)C=CC=C2.CN(C)C3=CC=C(C=C3)P(C(C)(C)C)C(C)(C)C,APhos Pd G3,0.10161904000000001 milligram,0.16000000000000003 micromole,0.10161904000000004 microliter,C29H41N2O3PPdS,BrC1=CC=CN2C=CN=C12,"8-bromoimidazo[1,2-a]pyridine",0.15762800000000002 milligram,0.8 micromole,0.15762800000000005 microliter,C7H5BrN2,B1(OC(C(O1)(C)C)(C)C)C2=CC=C(C=C2)N,"4-(4,4,5,5-tetramethyl-1,3,2-dioxaborolan-2-yl)aniline",0.21032928 milligram,0.9600000000000001 micromole,0.21032928000000006 microliter,C12H18BNO2,O=C([O-])[O-].[Na+].[Na+],Na2CO3,0.635928 milligram,6.0 micromole,0.6359280000000002 microliter,CNa2O3,CN1C=NC2=C1C(=O)N(C(=O)N2C)C,caffeine,0.1553528 milligram,0.8 micromole,0.15535280000000004 microliter,C8H10N4O2,C1COCCO1,dioxane,32.445 milligram,368.2496084262139 micromole,31.5 microliter,C4H8O2,O,water,3.5 milligram,194.2825423258396 micromole,3.5 microliter,H2O,Nc1ccc(-c2cccn3ccnc23)cc1,suzuki_product_0,0.0 milligram,0.0 micromole,0 microliter,C13H11N3,c1ccn2ccnc2c1,dehalogenation_0,0.0 milligram,0.0 micromole,0 microliter,C7H6N2,Nc1ccccc1,deborylation_0,0.0 milligram,0.0 micromole,0 microliter,C6H7N,BrC1=CC=CN2C=CN=C12.B1(OC(C(O1)(C)C)(C)C)C2=CC=C(C=C2)N>>Nc1ccc(-c2cccn3ccnc23)cc1.c1ccn2ccnc2c1.Nc1ccccc1,001_RLN-NB-2443_007_E6,,,,,,,,,3/29/2023 8:47:44 PM,kat78-2-e6-a1_03_22_2023_102.raw,2min_150_1200.EXP,001_RLN-NB-2443_007_E6,KAT78-2-E6-A1_KAT78-2-E6-A1_KAT78-2-E6-A1,0,0,0,0,0,0,0,0,0,0,0,0,0,0,0,deborylation_0,0,0,0,0,0,166.72424873345113,16.46748555833129,4.401335974675012,194.9,0.7318,0,0,0,0,0,0,0,0,0,0,0,0,0,0,0,31.13046321026724,4.5317743483479695,1.2112268990818849,220,1.1018,0,0,0,0,0,0,0,0,0,0,0,0,0,0,0,0,0,0,0,0,55.96848639296231,5.737074287316418,1.53337261846717,210.0,0.6351,0.0,0.0,0.0,0.0,0.0,0.0,0.0,0.0,0.0,0.0,0.0,0.0,0.00027871039653234233,34.83879956654279,0.0,0.0,0.0,0.0,0.0,0.0,0.0,0.0,0.00022015622639147785,27.51952829893473,0.0,0.0,0.0,0.0,0.0,0.0,0.0,0.0,0.0,0.0
102,E7,NC1=C(C=CC=C1)C2=C([Pd]OS(C)(=O)=O)C=CC=C2.CN(C)C3=CC=C(C=C3)P(C(C)(C)C)C(C)(C)C,APhos Pd G3,0.10161904000000001 milligram,0.16000000000000003 micromole,0.10161904000000004 microliter,C29H41N2O3PPdS,CC1=CC(C=O)=C(C)N1C2=CC(Cl)=CC(Cl)=C2,"1-(3,5-dichlorophenyl)-2,5-dimethyl-1H-pyrrole-3-carbaldehyde",0.2145144 milligram,0.8 micromole,0.21451440000000005 microliter,C13H11Cl2NO,B1(OC(C(O1)(C)C)(C)C)C2=CN=C(C=C2)C,"2-methyl-5-(4,4,5,5-tetramethyl-1,3,2-dioxaborolan-2-yl)pyridine",0.21032928 milligram,0.9600000000000001 micromole,0.21032928000000006 microliter,C12H18BNO2,O=C([O-])[O-].[Na+].[Na+],Na2CO3,0.635928 milligram,6.0 micromole,0.6359280000000002 microliter,CNa2O3,CN1C=NC2=C1C(=O)N(C(=O)N2C)C,caffeine,0.1553528 milligram,0.8 micromole,0.15535280000000004 microliter,C8H10N4O2,C1COCCO1,dioxane,32.445 milligram,368.2496084262139 micromole,31.5 microliter,C4H8O2,O,water,3.5 milligram,194.2825423258396 micromole,3.5 microliter,H2O,Cc1ccc(-c2cc(Cl)cc(-n3c(C)cc(C=O)c3C)c2)cn1,suzuki_product_0,0.0 milligram,0.0 micromole,0 microliter,C19H17ClN2O,Cc1ccc(-c2cc(-c3ccc(C)nc3)cc(-n3c(C)cc(C=O)c3C)c2)cn1,bis_addition_1,0.0 milligram,0.0 micromole,0 microliter,C25H23N3O,Cc1cc(C=O)c(C)n1-c1cccc(Cl)c1,dehalogenation_0,0.0 milligram,0.0 micromole,0 microliter,C13H12ClNO,CC1=CC(C=O)=C(C)N1C2=CC(Cl)=CC(Cl)=C2.B1(OC(C(O1)(C)C)(C)C)C2=CN=C(C=C2)C>>Cc1ccc(-c2cc(Cl)cc(-n3c(C)cc(C=O)c3C)c2)cn1.Cc1ccc(-c2cc(-c3ccc(C)nc3)cc(-n3c(C)cc(C=O)c3C)c2)cn1.Cc1cc(C=O)c(C)n1-c1cccc(Cl)c1.Cc1ccccn1,001_RLN-NB-2443_007_E7,,,Cc1ccccn1,deborylation_0,0.0 milligram,0.0 micromole,0 microliter,C6H7N,3/29/2023 8:50:11 PM,kat78-2-e7-a1_03_22_2023_103.raw,2min_150_1200.EXP,001_RLN-NB-2443_007_E7,KAT78-2-E7-A1_KAT78-2-E7-A1_KAT78-2-E7-A1,0,0,0,0,0,0,0,0,0,0,0,0,0,0,0,bis_addition_1,0,0,0,0,0,255.3263255466398,17.74632966489727,6.656157948852604,195,0.7334,0,0,0,0,0,25.820116858162287,1.1040257537215254,0.4140895573977301,233.9,1.2484,0,0,0,0,0,0,0,0,0,0,127.92218806110286,8.918395438205577,3.345043724981793,382.1,0.8068,0,0,0,0,0,0,0,0,0,0,0,0,0,0,0,327.2211559245009,29.11571173092919,10.920499040298155,325.0,1.0384,0.0,0.0,0.0,0.0,0.0,191.8933911814672,13.119148236691055,4.920630038252605,267.7,1.3251,0.0,0.0,0.0013125288341068462,164.06610426335578,4.976919845709026e-05,6.221149807136283,0.0,0.0,0.0,0.0,0.0,0.0,0.0,0.0,0.0005914078453142271,73.92598066427838,0.00040203898413299104,50.25487301662388,0.0,0.0,0.0,0.0,0.0,0.0
103,E8,NC1=C(C=CC=C1)C2=C([Pd]OS(C)(=O)=O)C=CC=C2.CN(C)C3=CC=C(C=C3)P(C(C)(C)C)C(C)(C)C,APhos Pd G3,0.10161904000000001 milligram,0.16000000000000003 micromole,0.10161904000000004 microliter,C29H41N2O3PPdS,CC1=CC(C=O)=C(C)N1C2=CC(Cl)=CC(Cl)=C2,"1-(3,5-dichlorophenyl)-2,5-dimethyl-1H-pyrrole-3-carbaldehyde",0.2145144 milligram,0.8 micromole,0.21451440000000005 microliter,C13H11Cl2NO,B1(OC(C(O1)(C)C)(C)C)C2=CN(N=C2C)C,"1,3-dimethyl-4-(4,4,5,5-tetramethyl-1,3,2-dioxaborolan-2-yl)-1H-pyrazole",0.21321311999999998 milligram,0.9600000000000001 micromole,0.21321312000000003 microliter,C11H19BN2O2,O=C([O-])[O-].[Na+].[Na+],Na2CO3,0.635928 milligram,6.0 micromole,0.6359280000000002 microliter,CNa2O3,CN1C=NC2=C1C(=O)N(C(=O)N2C)C,caffeine,0.1553528 milligram,0.8 micromole,0.15535280000000004 microliter,C8H10N4O2,C1COCCO1,dioxane,32.445 milligram,368.2496084262139 micromole,31.5 microliter,C4H8O2,O,water,3.5 milligram,194.2825423258396 micromole,3.5 microliter,H2O,Cc1nn(C)cc1-c1cc(Cl)cc(-n2c(C)cc(C=O)c2C)c1,suzuki_product_0,0.0 milligram,0.0 micromole,0 microliter,C18H18ClN3O,Cc1nn(C)cc1-c1cc(-c2cn(C)nc2C)cc(-n2c(C)cc(C=O)c2C)c1,bis_addition_1,0.0 milligram,0.0 micromole,0 microliter,C23H25N5O,Cc1cc(C=O)c(C)n1-c1cccc(Cl)c1,dehalogenation_0,0.0 milligram,0.0 micromole,0 microliter,C13H12ClNO,CC1=CC(C=O)=C(C)N1C2=CC(Cl)=CC(Cl)=C2.B1(OC(C(O1)(C)C)(C)C)C2=CN(N=C2C)C>>Cc1nn(C)cc1-c1cc(Cl)cc(-n2c(C)cc(C=O)c2C)c1.Cc1nn(C)cc1-c1cc(-c2cn(C)nc2C)cc(-n2c(C)cc(C=O)c2C)c1.Cc1cc(C=O)c(C)n1-c1cccc(Cl)c1.Cc1ccn(C)n1,001_RLN-NB-2443_007_E8,,,Cc1ccn(C)n1,deborylation_0,0.0 milligram,0.0 micromole,0 microliter,C5H8N2,3/29/2023 8:52:39 PM,kat78-2-e8-a1_03_22_2023_104.raw,2min_150_1200.EXP,001_RLN-NB-2443_007_E8,KAT78-2-E8-A1_KAT78-2-E8-A1_KAT78-2-E8-A1,0,0,0,0,0,0,0,0,0,0,0,0,0,0,0,bis_addition_2,0,0,0,0,0,182.6575862375734,16.920973829945144,4.671389311326784,194.9,0.7334,0,0,0,0,0,0,0,0,0,0,0,0,0,0,0,0,0,0,0,0,0,0,0,0,0,46.28308991586121,3.9568673860255954,1.0923761362189546,388.1,1.0668,0,0,0,0,0,0,0,0,0,0,202.5258585817264,22.003509057105042,6.074529637244632,328.0,1.2101,0.0,0.0,0.0,0.0,0.0,207.96668899576406,24.3483736620733,6.7218786351357735,267.8,1.3234,0.0,0.0,0.0010402951640130927,130.03689550163656,0.0,0.0,0.0,0.0,0.0,0.0,0.0,0.0,0.0,0.0,0.0011511570861948309,143.89463577435387,0.0,0.0,0.0,0.0,0.0,0.0,0.0,0.0
104,E9,NC1=C(C=CC=C1)C2=C([Pd]OS(C)(=O)=O)C=CC=C2.CN(C)C3=CC=C(C=C3)P(C(C)(C)C)C(C)(C)C,APhos Pd G3,0.10161904000000001 milligram,0.16000000000000003 micromole,0.10161904000000004 microliter,C29H41N2O3PPdS,CC1=CC(C=O)=C(C)N1C2=CC(Cl)=CC(Cl)=C2,"1-(3,5-dichlorophenyl)-2,5-dimethyl-1H-pyrrole-3-carbaldehyde",0.2145144 milligram,0.8 micromole,0.21451440000000005 microliter,C13H11Cl2NO,B1(OC(C(O1)(C)C)(C)C)C2=CCN(CC2)C(=O)OC(C)(C)C,"N-Boc-1,2,5,6-tetrahydropyridine-4-boronic acid pinacol ester",0.29684640000000007 milligram,0.9600000000000001 micromole,0.2968464000000001 microliter,C16H28BNO4,O=C([O-])[O-].[Na+].[Na+],Na2CO3,0.635928 milligram,6.0 micromole,0.6359280000000002 microliter,CNa2O3,CN1C=NC2=C1C(=O)N(C(=O)N2C)C,caffeine,0.1553528 milligram,0.8 micromole,0.15535280000000004 microliter,C8H10N4O2,C1COCCO1,dioxane,32.445 milligram,368.2496084262139 micromole,31.5 microliter,C4H8O2,O,water,3.5 milligram,194.2825423258396 micromole,3.5 microliter,H2O,Cc1cc(C=O)c(C)n1-c1cc(Cl)cc(C2=CCN(C(=O)OC(C)(C)C)CC2)c1,suzuki_product_0,0.0 milligram,0.0 micromole,0 microliter,C23H27ClN2O3,Cc1cc(C=O)c(C)n1-c1cc(C2=CCN(C(=O)OC(C)(C)C)CC2)cc(C2=CCN(C(=O)OC(C)(C)C)CC2)c1,bis_addition_2,0.0 milligram,0.0 micromole,0 microliter,C33H43N3O5,Cc1cc(C=O)c(C)n1-c1cccc(Cl)c1,dehalogenation_0,0.0 milligram,0.0 micromole,0 microliter,C13H12ClNO,CC1=CC(C=O)=C(C)N1C2=CC(Cl)=CC(Cl)=C2.B1(OC(C(O1)(C)C)(C)C)C2=CCN(CC2)C(=O)OC(C)(C)C>>Cc1cc(C=O)c(C)n1-c1cc(Cl)cc(C2=CCN(C(=O)OC(C)(C)C)CC2)c1.Cc1cc(C=O)c(C)n1-c1cc(C2=CCN(C(=O)OC(C)(C)C)CC2)cc(C2=CCN(C(=O)OC(C)(C)C)CC2)c1.Cc1cc(C=O)c(C)n1-c1cccc(Cl)c1.CC(C)(C)OC(=O)N1CC=CCC1,001_RLN-NB-2443_007_E9,,,CC(C)(C)OC(=O)N1CC=CCC1,deborylation_0,0.0 milligram,0.0 micromole,0 microliter,C10H17NO2,3/29/2023 8:55:05 PM,kat78-2-e9-a1_03_22_2023_105.raw,2min_150_1200.EXP,001_RLN-NB-2443_007_E9,KAT78-2-E9-A1_KAT78-2-E9-A1_KAT78-2-E9-A1,0,0,0,0,0,0,0,0,0,0,0,0,0,0,0,bis_addition_1,0,0,0,0,0,178.35785606039835,36.44353861207762,4.405463412832683,195,0.7318,0,0,0,0,0,0,0,0,0,0,0,0,0,0,0,0,0,0,0,0,0,0,0,0,0,0,0,0,0,0,0,0,0,0,0,0,0,0,0,0,0.0,0.0,0.0,0.0,0.0,0.0,0.0,0.0,0.0,0.0,197.6479268165844,36.15047833742879,4.37003693212062,267.8,1.3251,0.0,0.0,0.0,0.0,0.0,0.0,0.0,0.0,0.0,0.0,0.0,0.0,0.0,0.0,0.000793566809682928,99.19585121036599,0.0,0.0,0.0,0.0,0.0,0.0,0.0,0.0
105,E10,NC1=C(C=CC=C1)C2=C([Pd]OS(C)(=O)=O)C=CC=C2.CN(C)C3=CC=C(C=C3)P(C(C)(C)C)C(C)(C)C,APhos Pd G3,0.10161904000000001 milligram,0.16000000000000003 micromole,0.10161904000000004 microliter,C29H41N2O3PPdS,CC1=CC(C=O)=C(C)N1C2=CC(Cl)=CC(Cl)=C2,"1-(3,5-dichlorophenyl)-2,5-dimethyl-1H-pyrrole-3-carbaldehyde",0.2145144 milligram,0.8 micromole,0.21451440000000005 microliter,C13H11Cl2NO,B1(OC(C(O1)(C)C)(C)C)C2=CCN(CC2)C(=O)OC(C)(C)C,"N-Boc-1,2,5,6-tetrahydropyridine-4-boronic acid pinacol ester",0.29684640000000007 milligram,0.9600000000000001 micromole,0.2968464000000001 microliter,C16H28BNO4,O=C([O-])[O-].[Na+].[Na+],Na2CO3,0.635928 milligram,6.0 micromole,0.6359280000000002 microliter,CNa2O3,CN1C=NC2=C1C(=O)N(C(=O)N2C)C,caffeine,0.1553528 milligram,0.8 micromole,0.15535280000000004 microliter,C8H10N4O2,C1COCCO1,dioxane,32.445 milligram,368.2496084262139 micromole,31.5 microliter,C4H8O2,O,water,3.5 milligram,194.2825423258396 micromole,3.5 microliter,H2O,Cc1cc(C=O)c(C)n1-c1cc(Cl)cc(C2=CCN(C(=O)OC(C)(C)C)CC2)c1,suzuki_product_0,0.0 milligram,0.0 micromole,0 microliter,C23H27ClN2O3,Cc1cc(C=O)c(C)n1-c1cc(C2=CCN(C(=O)OC(C)(C)C)CC2)cc(C2=CCN(C(=O)OC(C)(C)C)CC2)c1,bis_addition_2,0.0 milligram,0.0 micromole,0 microliter,C33H43N3O5,Cc1cc(C=O)c(C)n1-c1cccc(Cl)c1,dehalogenation_0,0.0 milligram,0.0 micromole,0 microliter,C13H12ClNO,CC1=CC(C=O)=C(C)N1C2=CC(Cl)=CC(Cl)=C2.B1(OC(C(O1)(C)C)(C)C)C2=CCN(CC2)C(=O)OC(C)(C)C>>Cc1cc(C=O)c(C)n1-c1cc(Cl)cc(C2=CCN(C(=O)OC(C)(C)C)CC2)c1.Cc1cc(C=O)c(C)n1-c1cc(C2=CCN(C(=O)OC(C)(C)C)CC2)cc(C2=CCN(C(=O)OC(C)(C)C)CC2)c1.Cc1cc(C=O)c(C)n1-c1cccc(Cl)c1.CC(C)(C)OC(=O)N1CC=CCC1,001_RLN-NB-2443_007_E10,,,CC(C)(C)OC(=O)N1CC=CCC1,deborylation_0,0.0 milligram,0.0 micromole,0 microliter,C10H17NO2,3/29/2023 8:57:31 PM,kat78-2-e10-a1_03_22_2023_106.raw,2min_150_1200.EXP,001_RLN-NB-2443_007_E10,KAT78-2-E10-A1_KAT78-2-E10-A1_KAT78-2-E10-A1,0,0,0,0,0,0,0,0,0,0,0,0,0,0,0,bis_addition_1,0,0,0,0,0,175.4326047740008,13.166049695232159,4.577135936359855,194.9,0.7334,0,0,0,0,0,0,0,0,0,0,0,0,0,0,0,0,0,0,0,0,145.7761661386208,14.533484515597625,5.0525203684261495,562.1,1.5484,0,0,0,0,0,0,0,0,0,0,0,0,0,0,0,284.82789676377723,34.138499865977614,11.868142545942815,415.0,1.4668,0.0,0.0,0.0,0.0,0.0,178.65864287069732,13.465192934201594,4.681132146377346,267.9,1.3251,0.0,0.0,0.0020743351669614456,259.29189587018067,0.0,0.0,0.0,0.0,0.0,0.0,0.0,0.0,0.0,0.0,0.000818176643466735,102.27208043334186,0.0,0.0,0.0,0.0,0.0,0.0,0.0,0.0
106,E11,NC1=C(C=CC=C1)C2=C([Pd]OS(C)(=O)=O)C=CC=C2.CN(C)C3=CC=C(C=C3)P(C(C)(C)C)C(C)(C)C,APhos Pd G3,0.10161904000000001 milligram,0.16000000000000003 micromole,0.10161904000000004 microliter,C29H41N2O3PPdS,CC1=CC(C=O)=C(C)N1C2=CC(Cl)=CC(Cl)=C2,"1-(3,5-dichlorophenyl)-2,5-dimethyl-1H-pyrrole-3-carbaldehyde",0.2145144 milligram,0.8 micromole,0.21451440000000005 microliter,C13H11Cl2NO,B1(OC(C(O1)(C)C)(C)C)C2=CC=C(C=C2)N,"4-(4,4,5,5-tetramethyl-1,3,2-dioxaborolan-2-yl)aniline",0.21032928 milligram,0.9600000000000001 micromole,0.21032928000000006 microliter,C12H18BNO2,O=C([O-])[O-].[Na+].[Na+],Na2CO3,0.635928 milligram,6.0 micromole,0.6359280000000002 microliter,CNa2O3,CN1C=NC2=C1C(=O)N(C(=O)N2C)C,caffeine,0.1553528 milligram,0.8 micromole,0.15535280000000004 microliter,C8H10N4O2,C1COCCO1,dioxane,32.445 milligram,368.2496084262139 micromole,31.5 microliter,C4H8O2,O,water,3.5 milligram,194.2825423258396 micromole,3.5 microliter,H2O,Cc1cc(C=O)c(C)n1-c1cc(Cl)cc(-c2ccc(N)cc2)c1,suzuki_product_0,0.0 milligram,0.0 micromole,0 microliter,C19H17ClN2O,Cc1cc(C=O)c(C)n1-c1cc(-c2ccc(N)cc2)cc(-c2ccc(N)cc2)c1,bis_addition_1,0.0 milligram,0.0 micromole,0 microliter,C25H23N3O,Cc1cc(C=O)c(C)n1-c1cccc(Cl)c1,dehalogenation_0,0.0 milligram,0.0 micromole,0 microliter,C13H12ClNO,CC1=CC(C=O)=C(C)N1C2=CC(Cl)=CC(Cl)=C2.B1(OC(C(O1)(C)C)(C)C)C2=CC=C(C=C2)N>>Cc1cc(C=O)c(C)n1-c1cc(Cl)cc(-c2ccc(N)cc2)c1.Cc1cc(C=O)c(C)n1-c1cc(-c2ccc(N)cc2)cc(-c2ccc(N)cc2)c1.Cc1cc(C=O)c(C)n1-c1cccc(Cl)c1.Nc1ccccc1,001_RLN-NB-2443_007_E11,,,Nc1ccccc1,deborylation_0,0.0 milligram,0.0 micromole,0 microliter,C6H7N,3/29/2023 8:59:59 PM,kat78-2-e11-a1_03_22_2023_107.raw,2min_150_1200.EXP,001_RLN-NB-2443_007_E11,KAT78-2-E11-A1_KAT78-2-E11-A1_KAT78-2-E11-A1,0,0,0,0,0,0,0,0,0,0,0,0,0,0,0,bis_addition_1,0,0,0,0,0,175.4337213706758,14.68138725024663,4.320180993158615,195,0.7318,0,0,0,0,0,0,0,0,0,0,0,0,0,0,0,0,0,0,0,0,37.978539259101076,2.5411272176662045,0.7477583228230119,382.1,1.0118,0,0,0,0,0,0,0,0,0,0,0,0,0,0,0,202.40666256664824,24.02790010049351,7.0705087707513625,324.9,1.2318,0.0,0.0,0.0,0.0,0.0,157.0164366803447,15.918198771690706,4.684128182615968,267.8,1.3234,0.0,0.0,0.0013092986209509525,163.66232761886906,0.0,0.0,0.0,0.0,0.0,0.0,0.0,0.0,0.0,0.0,0.0008673948040665325,108.42435050831656,0.0001384679621538362,17.308495269229525,0.0,0.0,0.0,0.0,0.0,0.0
107,E12,NC1=C(C=CC=C1)C2=C([Pd]OS(C)(=O)=O)C=CC=C2.CN(C)C3=CC=C(C=C3)P(C(C)(C)C)C(C)(C)C,APhos Pd G3,0.10161904000000001 milligram,0.16000000000000003 micromole,0.10161904000000004 microliter,C29H41N2O3PPdS,CC1=CC(C=O)=C(C)N1C2=CC(Cl)=CC(Cl)=C2,"1-(3,5-dichlorophenyl)-2,5-dimethyl-1H-pyrrole-3-carbaldehyde",0.2145144 milligram,0.8 micromole,0.21451440000000005 microliter,C13H11Cl2NO,B1(OC(C(O1)(C)C)(C)C)C2=CC=C(C=C2)N,"4-(4,4,5,5-tetramethyl-1,3,2-dioxaborolan-2-yl)aniline",0.21032928 milligram,0.9600000000000001 micromole,0.21032928000000006 microliter,C12H18BNO2,O=C([O-])[O-].[Na+].[Na+],Na2CO3,0.635928 milligram,6.0 micromole,0.6359280000000002 microliter,CNa2O3,CN1C=NC2=C1C(=O)N(C(=O)N2C)C,caffeine,0.1553528 milligram,0.8 micromole,0.15535280000000004 microliter,C8H10N4O2,C1COCCO1,dioxane,32.445 milligram,368.2496084262139 micromole,31.5 microliter,C4H8O2,O,water,3.5 milligram,194.2825423258396 micromole,3.5 microliter,H2O,Cc1cc(C=O)c(C)n1-c1cc(Cl)cc(-c2ccc(N)cc2)c1,suzuki_product_0,0.0 milligram,0.0 micromole,0 microliter,C19H17ClN2O,Cc1cc(C=O)c(C)n1-c1cc(-c2ccc(N)cc2)cc(-c2ccc(N)cc2)c1,bis_addition_1,0.0 milligram,0.0 micromole,0 microliter,C25H23N3O,Cc1cc(C=O)c(C)n1-c1cccc(Cl)c1,dehalogenation_0,0.0 milligram,0.0 micromole,0 microliter,C13H12ClNO,CC1=CC(C=O)=C(C)N1C2=CC(Cl)=CC(Cl)=C2.B1(OC(C(O1)(C)C)(C)C)C2=CC=C(C=C2)N>>Cc1cc(C=O)c(C)n1-c1cc(Cl)cc(-c2ccc(N)cc2)c1.Cc1cc(C=O)c(C)n1-c1cc(-c2ccc(N)cc2)cc(-c2ccc(N)cc2)c1.Cc1cc(C=O)c(C)n1-c1cccc(Cl)c1.Nc1ccccc1,001_RLN-NB-2443_007_E12,,,Nc1ccccc1,deborylation_0,0.0 milligram,0.0 micromole,0 microliter,C6H7N,3/29/2023 9:02:26 PM,kat78-2-e12-a1_03_22_2023_108.raw,2min_150_1200.EXP,001_RLN-NB-2443_007_E12,KAT78-2-E12-A1_KAT78-2-E12-A1_KAT78-2-E12-A1,0,0,0,0,0,0,0,0,0,0,0,0,0,0,0,bis_addition_1,0,0,0,0,0,176.0548596524009,14.789083859840824,4.419864732710941,195,0.7334,0,0,0,0,0,0,0,0,0,0,0,0,0,0,0,0,0,0,0,0,61.455465868448954,4.063375650502036,1.2143802079707477,382.1,1.0101,0,0,0,0,0,0,0,0,0,0,0,0,0,0,0,196.3098950571627,24.02228592463257,7.179298958855502,325.0,1.2301,0.0,0.0,0.0,0.0,0.0,135.1142169386274,13.213649258032051,3.949030440254502,268.0,1.3234,0.0,0.0,0.0012994603940201675,162.43254925252094,0.0,0.0,0.0,0.0,0.0,0.0,0.0,0.0,0.0,0.0,0.0007147785154650828,89.34731443313535,0.00021980404947386756,27.475506184233446,0.0,0.0,0.0,0.0,0.0,0.0
108,E13,NC1=C(C=CC=C1)C2=C([Pd]OS(C)(=O)=O)C=CC=C2.CN(C)C3=CC=C(C=C3)P(C(C)(C)C)C(C)(C)C,APhos Pd G3,0.10161904000000001 milligram,0.16000000000000003 micromole,0.10161904000000004 microliter,C29H41N2O3PPdS,COC1=C(N)C(Cl)=NC=N1,4-chloro-6-methoxypyrimidin-5-amine,0.12766080000000002 milligram,0.8 micromole,0.12766080000000005 microliter,C5H6ClN3O,B1(OC(C(O1)(C)C)(C)C)C2=CN=C(C=C2)C,"2-methyl-5-(4,4,5,5-tetramethyl-1,3,2-dioxaborolan-2-yl)pyridine",0.21032928 milligram,0.9600000000000001 micromole,0.21032928000000006 microliter,C12H18BNO2,O=C([O-])[O-].[Na+].[Na+],Na2CO3,0.635928 milligram,6.0 micromole,0.6359280000000002 microliter,CNa2O3,CN1C=NC2=C1C(=O)N(C(=O)N2C)C,caffeine,0.1553528 milligram,0.8 micromole,0.15535280000000004 microliter,C8H10N4O2,C1COCCO1,dioxane,32.445 milligram,368.2496084262139 micromole,31.5 microliter,C4H8O2,O,water,3.5 milligram,194.2825423258396 micromole,3.5 microliter,H2O,COc1ncnc(-c2ccc(C)nc2)c1N,suzuki_product_0,0.0 milligram,0.0 micromole,0 microliter,C11H12N4O,COc1ncncc1N,dehalogenation_0,0.0 milligram,0.0 micromole,0 microliter,C5H7N3O,Cc1ccccn1,deborylation_0,0.0 milligram,0.0 micromole,0 microliter,C6H7N,COC1=C(N)C(Cl)=NC=N1.B1(OC(C(O1)(C)C)(C)C)C2=CN=C(C=C2)C>>COc1ncnc(-c2ccc(C)nc2)c1N.COc1ncncc1N.Cc1ccccn1,001_RLN-NB-2443_007_E13,,,,,,,,,3/29/2023 9:04:53 PM,kat78-2-e13-a1_03_22_2023_109.raw,2min_150_1200.EXP,001_RLN-NB-2443_007_E13,KAT78-2-E13-A1_KAT78-2-E13-A1_KAT78-2-E13-A1,0,0,0,0,0,0,0,0,0,0,0,0,0,0,0,deborylation_0,0,0,0,0,0,169.30103960350974,32.91308652257658,4.362531414018954,195,0.7334,0,0,0,0,0,0,0,0,0,0,0,0,0,0,0,0,0,0,0,0,0,0,0,0,0,0,0,0,0,0,0,0,0,0,0,0,0,0,0,0,22.593818905507764,3.9738670717906652,0.5267242233246846,216.9,0.6518,0.0,0.0,0.0,0.0,0.0,0.0,0.0,0.0,0.0,0.0,0.0,0.0,9.659056604283674e-05,12.073820755354593,0.0,0.0,0.0,0.0,0.0,0.0,0.0,0.0,0.0,0.0,0.0,0.0,0.0,0.0,0.0,0.0,0.0,0.0,0.0,0.0
109,E14,NC1=C(C=CC=C1)C2=C([Pd]OS(C)(=O)=O)C=CC=C2.CN(C)C3=CC=C(C=C3)P(C(C)(C)C)C(C)(C)C,APhos Pd G3,0.10161904000000001 milligram,0.16000000000000003 micromole,0.10161904000000004 microliter,C29H41N2O3PPdS,COC1=C(N)C(Cl)=NC=N1,4-chloro-6-methoxypyrimidin-5-amine,0.12766080000000002 milligram,0.8 micromole,0.12766080000000005 microliter,C5H6ClN3O,B1(OC(C(O1)(C)C)(C)C)C2=CN(N=C2C)C,"1,3-dimethyl-4-(4,4,5,5-tetramethyl-1,3,2-dioxaborolan-2-yl)-1H-pyrazole",0.21321311999999998 milligram,0.9600000000000001 micromole,0.21321312000000003 microliter,C11H19BN2O2,O=C([O-])[O-].[Na+].[Na+],Na2CO3,0.635928 milligram,6.0 micromole,0.6359280000000002 microliter,CNa2O3,CN1C=NC2=C1C(=O)N(C(=O)N2C)C,caffeine,0.1553528 milligram,0.8 micromole,0.15535280000000004 microliter,C8H10N4O2,C1COCCO1,dioxane,32.445 milligram,368.2496084262139 micromole,31.5 microliter,C4H8O2,O,water,3.5 milligram,194.2825423258396 micromole,3.5 microliter,H2O,COc1ncnc(-c2cn(C)nc2C)c1N,suzuki_product_0,0.0 milligram,0.0 micromole,0 microliter,C10H13N5O,COc1ncncc1N,dehalogenation_0,0.0 milligram,0.0 micromole,0 microliter,C5H7N3O,Cc1ccn(C)n1,deborylation_0,0.0 milligram,0.0 micromole,0 microliter,C5H8N2,COC1=C(N)C(Cl)=NC=N1.B1(OC(C(O1)(C)C)(C)C)C2=CN(N=C2C)C>>COc1ncnc(-c2cn(C)nc2C)c1N.COc1ncncc1N.Cc1ccn(C)n1,001_RLN-NB-2443_007_E14,,,,,,,,,3/29/2023 9:07:20 PM,kat78-2-e14-a1_03_22_2023_110.raw,2min_150_1200.EXP,001_RLN-NB-2443_007_E14,KAT78-2-E14-A1_KAT78-2-E14-A1_KAT78-2-E14-A1,0,0,0,0,0,0,0,0,0,0,0,0,0,0,0,deborylation_0,0,0,0,0,0,179.35977555750506,39.52830818145704,4.752395527843887,195,0.7334,0,0,0,0,0,0,0,0,0,0,0,0,0,0,0,0,0,0,0,0,0,0,0,0,0,0,0,0,0,0,0,0,0,0,0,0,0,0,0,0,26.17344183783744,6.047974106298127,0.7271337028476735,220.0,0.6734,179.35977555750506,39.52830818145704,4.752395527843887,195.0,0.7334,0.0,0.0,0.0,0.0,0.0,0.0,0.0,0.00012240289320827077,15.300361651033844,0.0,0.0,0.0,0.0,0.0008,100.0,0.0,0.0,0.0,0.0,0.0,0.0,0.0,0.0,0.0,0.0,0.0,0.0,0.0,0.0
110,E15,NC1=C(C=CC=C1)C2=C([Pd]OS(C)(=O)=O)C=CC=C2.CN(C)C3=CC=C(C=C3)P(C(C)(C)C)C(C)(C)C,APhos Pd G3,0.10161904000000001 milligram,0.16000000000000003 micromole,0.10161904000000004 microliter,C29H41N2O3PPdS,COC1=C(N)C(Cl)=NC=N1,4-chloro-6-methoxypyrimidin-5-amine,0.12766080000000002 milligram,0.8 micromole,0.12766080000000005 microliter,C5H6ClN3O,B1(OC(C(O1)(C)C)(C)C)C2=CCN(CC2)C(=O)OC(C)(C)C,"N-Boc-1,2,5,6-tetrahydropyridine-4-boronic acid pinacol ester",0.29684640000000007 milligram,0.9600000000000001 micromole,0.2968464000000001 microliter,C16H28BNO4,O=C([O-])[O-].[Na+].[Na+],Na2CO3,0.635928 milligram,6.0 micromole,0.6359280000000002 microliter,CNa2O3,CN1C=NC2=C1C(=O)N(C(=O)N2C)C,caffeine,0.1553528 milligram,0.8 micromole,0.15535280000000004 microliter,C8H10N4O2,C1COCCO1,dioxane,32.445 milligram,368.2496084262139 micromole,31.5 microliter,C4H8O2,O,water,3.5 milligram,194.2825423258396 micromole,3.5 microliter,H2O,COc1ncnc(C2=CCN(C(=O)OC(C)(C)C)CC2)c1N,suzuki_product_0,0.0 milligram,0.0 micromole,0 microliter,C15H22N4O3,COc1ncncc1N,dehalogenation_0,0.0 milligram,0.0 micromole,0 microliter,C5H7N3O,CC(C)(C)OC(=O)N1CC=CCC1,deborylation_0,0.0 milligram,0.0 micromole,0 microliter,C10H17NO2,COC1=C(N)C(Cl)=NC=N1.B1(OC(C(O1)(C)C)(C)C)C2=CCN(CC2)C(=O)OC(C)(C)C>>COc1ncnc(C2=CCN(C(=O)OC(C)(C)C)CC2)c1N.COc1ncncc1N.CC(C)(C)OC(=O)N1CC=CCC1,001_RLN-NB-2443_007_E15,,,,,,,,,3/29/2023 9:09:47 PM,kat78-2-e15-a1_03_22_2023_111.raw,2min_150_1200.EXP,001_RLN-NB-2443_007_E15,KAT78-2-E15-A1_KAT78-2-E15-A1_KAT78-2-E15-A1,0,0,0,0,0,0,0,0,0,0,0,0,0,0,0,deborylation_0,0,0,0,0,0,181.7065128551152,23.330262901680417,4.488902379845447,194.9,0.7318,0,0,0,0,0,0,0,0,0,0,0,0,0,0,0,0,0,0,0,0,0,0,0,0,0,0,0,0,0,0,0,0,0,0,0,0,0,0,0,0,165.96890600697145,23.320427002105095,4.487009885397457,250.9,0.9968,0.0,0.0,0.0,0.0,0.0,0.0,0.0,0.0,0.0,0.0,0.0,0.0,0.0007996627247753951,99.95784059692438,0.0,0.0,0.0,0.0,0.0,0.0,0.0,0.0,0.0,0.0,0.0,0.0,0.0,0.0,0.0,0.0,0.0,0.0,0.0,0.0
111,E16,NC1=C(C=CC=C1)C2=C([Pd]OS(C)(=O)=O)C=CC=C2.CN(C)C3=CC=C(C=C3)P(C(C)(C)C)C(C)(C)C,APhos Pd G3,0.10161904000000001 milligram,0.16000000000000003 micromole,0.10161904000000004 microliter,C29H41N2O3PPdS,COC1=C(N)C(Cl)=NC=N1,4-chloro-6-methoxypyrimidin-5-amine,0.12766080000000002 milligram,0.8 micromole,0.12766080000000005 microliter,C5H6ClN3O,B1(OC(C(O1)(C)C)(C)C)C2=CCN(CC2)C(=O)OC(C)(C)C,"N-Boc-1,2,5,6-tetrahydropyridine-4-boronic acid pinacol ester",0.29684640000000007 milligram,0.9600000000000001 micromole,0.2968464000000001 microliter,C16H28BNO4,O=C([O-])[O-].[Na+].[Na+],Na2CO3,0.635928 milligram,6.0 micromole,0.6359280000000002 microliter,CNa2O3,CN1C=NC2=C1C(=O)N(C(=O)N2C)C,caffeine,0.1553528 milligram,0.8 micromole,0.15535280000000004 microliter,C8H10N4O2,C1COCCO1,dioxane,32.445 milligram,368.2496084262139 micromole,31.5 microliter,C4H8O2,O,water,3.5 milligram,194.2825423258396 micromole,3.5 microliter,H2O,COc1ncnc(C2=CCN(C(=O)OC(C)(C)C)CC2)c1N,suzuki_product_0,0.0 milligram,0.0 micromole,0 microliter,C15H22N4O3,COc1ncncc1N,dehalogenation_0,0.0 milligram,0.0 micromole,0 microliter,C5H7N3O,CC(C)(C)OC(=O)N1CC=CCC1,deborylation_0,0.0 milligram,0.0 micromole,0 microliter,C10H17NO2,COC1=C(N)C(Cl)=NC=N1.B1(OC(C(O1)(C)C)(C)C)C2=CCN(CC2)C(=O)OC(C)(C)C>>COc1ncnc(C2=CCN(C(=O)OC(C)(C)C)CC2)c1N.COc1ncncc1N.CC(C)(C)OC(=O)N1CC=CCC1,001_RLN-NB-2443_007_E16,,,,,,,,,3/29/2023 9:12:14 PM,kat78-2-e16-a1_03_22_2023_112.raw,2min_150_1200.EXP,001_RLN-NB-2443_007_E16,KAT78-2-E16-A1_KAT78-2-E16-A1_KAT78-2-E16-A1,0,0,0,0,0,0,0,0,0,0,0,0,0,0,0,deborylation_0,0,0,0,0,0,176.31754899768518,19.554517242905728,4.292765198894104,195,0.7318,0,0,0,0,0,0,0,0,0,0,0,0,0,0,0,0,0,0,0,0,0,0,0,0,0,0,0,0,0,0,0,0,0,0,0,0,0,0,0,0,182.8842589021266,23.496752543775408,5.158196459364868,307.0,0.9951,0.0,0.0,0.0,0.0,0.0,0.0,0.0,0.0,0.0,0.0,0.0,0.0,0.0009612818256528386,120.16022820660481,0.0,0.0,0.0,0.0,0.0,0.0,0.0,0.0,0.0,0.0,0.0,0.0,0.0,0.0,0.0,0.0,0.0,0.0,0.0,0.0
112,E17,NC1=C(C=CC=C1)C2=C([Pd]OS(C)(=O)=O)C=CC=C2.CN(C)C3=CC=C(C=C3)P(C(C)(C)C)C(C)(C)C,APhos Pd G3,0.10161904000000001 milligram,0.16000000000000003 micromole,0.10161904000000004 microliter,C29H41N2O3PPdS,COC1=C(N)C(Cl)=NC=N1,4-chloro-6-methoxypyrimidin-5-amine,0.12766080000000002 milligram,0.8 micromole,0.12766080000000005 microliter,C5H6ClN3O,B1(OC(C(O1)(C)C)(C)C)C2=CC=C(C=C2)N,"4-(4,4,5,5-tetramethyl-1,3,2-dioxaborolan-2-yl)aniline",0.21032928 milligram,0.9600000000000001 micromole,0.21032928000000006 microliter,C12H18BNO2,O=C([O-])[O-].[Na+].[Na+],Na2CO3,0.635928 milligram,6.0 micromole,0.6359280000000002 microliter,CNa2O3,CN1C=NC2=C1C(=O)N(C(=O)N2C)C,caffeine,0.1553528 milligram,0.8 micromole,0.15535280000000004 microliter,C8H10N4O2,C1COCCO1,dioxane,32.445 milligram,368.2496084262139 micromole,31.5 microliter,C4H8O2,O,water,3.5 milligram,194.2825423258396 micromole,3.5 microliter,H2O,COc1ncnc(-c2ccc(N)cc2)c1N,suzuki_product_0,0.0 milligram,0.0 micromole,0 microliter,C11H12N4O,COc1ncncc1N,dehalogenation_0,0.0 milligram,0.0 micromole,0 microliter,C5H7N3O,Nc1ccccc1,deborylation_0,0.0 milligram,0.0 micromole,0 microliter,C6H7N,COC1=C(N)C(Cl)=NC=N1.B1(OC(C(O1)(C)C)(C)C)C2=CC=C(C=C2)N>>COc1ncnc(-c2ccc(N)cc2)c1N.COc1ncncc1N.Nc1ccccc1,001_RLN-NB-2443_007_E17,,,,,,,,,3/29/2023 9:14:42 PM,kat78-2-e17-a1_03_22_2023_113.raw,2min_150_1200.EXP,001_RLN-NB-2443_007_E17,KAT78-2-E17-A1_KAT78-2-E17-A1_KAT78-2-E17-A1,0,0,0,0,0,0,0,0,0,0,0,0,0,0,0,deborylation_0,0,0,0,0,0,190.00907278483425,34.16432371818468,4.802132238823217,194.9,0.7334,0,0,0,0,0,0,0,0,0,0,0,0,0,0,0,0,0,0,0,0,0,0,0,0,0,0,0,0,0,0,0,0,0,0,0,0,0,0,0,0,62.56154858886024,12.145288765517252,1.707139974782057,216.9,0.6551,0.0,0.0,0.0,0.0,0.0,0.0,0.0,0.0,0.0,0.0,0.0,0.0,0.0002843969953147978,35.54962441434972,0.0,0.0,0.0,0.0,0.0,0.0,0.0,0.0,0.0,0.0,0.0,0.0,0.0,0.0,0.0,0.0,0.0,0.0,0.0,0.0
113,E18,NC1=C(C=CC=C1)C2=C([Pd]OS(C)(=O)=O)C=CC=C2.CN(C)C3=CC=C(C=C3)P(C(C)(C)C)C(C)(C)C,APhos Pd G3,0.10161904000000001 milligram,0.16000000000000003 micromole,0.10161904000000004 microliter,C29H41N2O3PPdS,COC1=C(N)C(Cl)=NC=N1,4-chloro-6-methoxypyrimidin-5-amine,0.12766080000000002 milligram,0.8 micromole,0.12766080000000005 microliter,C5H6ClN3O,B1(OC(C(O1)(C)C)(C)C)C2=CC=C(C=C2)N,"4-(4,4,5,5-tetramethyl-1,3,2-dioxaborolan-2-yl)aniline",0.21032928 milligram,0.9600000000000001 micromole,0.21032928000000006 microliter,C12H18BNO2,O=C([O-])[O-].[Na+].[Na+],Na2CO3,0.635928 milligram,6.0 micromole,0.6359280000000002 microliter,CNa2O3,CN1C=NC2=C1C(=O)N(C(=O)N2C)C,caffeine,0.1553528 milligram,0.8 micromole,0.15535280000000004 microliter,C8H10N4O2,C1COCCO1,dioxane,32.445 milligram,368.2496084262139 micromole,31.5 microliter,C4H8O2,O,water,3.5 milligram,194.2825423258396 micromole,3.5 microliter,H2O,COc1ncnc(-c2ccc(N)cc2)c1N,suzuki_product_0,0.0 milligram,0.0 micromole,0 microliter,C11H12N4O,COc1ncncc1N,dehalogenation_0,0.0 milligram,0.0 micromole,0 microliter,C5H7N3O,Nc1ccccc1,deborylation_0,0.0 milligram,0.0 micromole,0 microliter,C6H7N,COC1=C(N)C(Cl)=NC=N1.B1(OC(C(O1)(C)C)(C)C)C2=CC=C(C=C2)N>>COc1ncnc(-c2ccc(N)cc2)c1N.COc1ncncc1N.Nc1ccccc1,001_RLN-NB-2443_007_E18,,,,,,,,,3/29/2023 9:17:09 PM,kat78-2-e18-a1_03_22_2023_114.raw,2min_150_1200.EXP,001_RLN-NB-2443_007_E18,KAT78-2-E18-A1_KAT78-2-E18-A1_KAT78-2-E18-A1,0,0,0,0,0,0,0,0,0,0,0,0,0,0,0,deborylation_0,0,0,0,0,0,178.61581359168278,33.103118376001646,4.42625690903296,195.1,0.7318,0,0,0,0,0,0,0,0,0,0,0,0,0,0,0,0,0,0,0,0,0,0,0,0,0,0,0,0,0,0,0,0,0,0,0,0,0,0,0,0,53.8332373499553,11.170837301727584,1.4936657998450187,217.0,0.6551,0.0,0.0,0.0,0.0,0.0,0.0,0.0,0.0,0.0,0.0,0.0,0.0,0.00026996459185128535,33.745573981410665,0.0,0.0,0.0,0.0,0.0,0.0,0.0,0.0,0.0,0.0,0.0,0.0,0.0,0.0,0.0,0.0,0.0,0.0,0.0,0.0
114,E19,NC1=C(C=CC=C1)C2=C([Pd]OS(C)(=O)=O)C=CC=C2.CN(C)C3=CC=C(C=C3)P(C(C)(C)C)C(C)(C)C,APhos Pd G3,0.10161904000000001 milligram,0.16000000000000003 micromole,0.10161904000000004 microliter,C29H41N2O3PPdS,CC1=C(N2CCCC2=O)C=CC(Br)=C1,1-(4-bromo-2-methylphenyl)pyrrolidin-2-one,0.20330160000000003 milligram,0.8 micromole,0.20330160000000008 microliter,C11H12BrNO,B1(OC(C(O1)(C)C)(C)C)C2=CN=C(C=C2)C,"2-methyl-5-(4,4,5,5-tetramethyl-1,3,2-dioxaborolan-2-yl)pyridine",0.21032928 milligram,0.9600000000000001 micromole,0.21032928000000006 microliter,C12H18BNO2,O=C([O-])[O-].[Na+].[Na+],Na2CO3,0.635928 milligram,6.0 micromole,0.6359280000000002 microliter,CNa2O3,CN1C=NC2=C1C(=O)N(C(=O)N2C)C,caffeine,0.1553528 milligram,0.8 micromole,0.15535280000000004 microliter,C8H10N4O2,C1COCCO1,dioxane,32.445 milligram,368.2496084262139 micromole,31.5 microliter,C4H8O2,O,water,3.5 milligram,194.2825423258396 micromole,3.5 microliter,H2O,Cc1ccc(-c2ccc(N3CCCC3=O)c(C)c2)cn1,suzuki_product_0,0.0 milligram,0.0 micromole,0 microliter,C17H18N2O,Cc1ccccc1N1CCCC1=O,dehalogenation_0,0.0 milligram,0.0 micromole,0 microliter,C11H13NO,Cc1ccccn1,deborylation_0,0.0 milligram,0.0 micromole,0 microliter,C6H7N,CC1=C(N2CCCC2=O)C=CC(Br)=C1.B1(OC(C(O1)(C)C)(C)C)C2=CN=C(C=C2)C>>Cc1ccc(-c2ccc(N3CCCC3=O)c(C)c2)cn1.Cc1ccccc1N1CCCC1=O.Cc1ccccn1,001_RLN-NB-2443_007_E19,,,,,,,,,3/29/2023 9:19:36 PM,kat78-2-e19-a1_03_22_2023_115.raw,2min_150_1200.EXP,001_RLN-NB-2443_007_E19,KAT78-2-E19-A1_KAT78-2-E19-A1_KAT78-2-E19-A1,0,0,0,0,0,0,0,0,0,0,0,0,0,0,0,deborylation_0,0,0,0,0,0,180.2165960546159,19.58660962340294,4.072695247129641,195,0.7334,0,0,0,0,0,13.719636727040818,1.2440834318627414,0.2586855396314285,175.9,1.0601,0,0,0,0,0,0,0,0,0,0,0,0,0,0,0,0,0,0,0,0,0,0,0,0,0,44.149772523338925,4.54797924726329,0.9456732849896547,255.9,1.1868,218.5841811834952,31.862412887252024,6.625235302231355,267.1,0.7751,0.0,0.0,0.0,0.0,0.0,0.0,0.0,0.0,0.0,0.0,0.0,0.0,0.0013013957392271267,162.67446740339082,5.081363056835549e-05,6.351703821044436,0.0,0.0,0.0,0.0,0.0,0.0,0.0,0.0,0.0,0.0,0.0,0.0,0.0,0.0,0.0,0.0,0.00018575871310894625,23.21983913861828
115,E20,NC1=C(C=CC=C1)C2=C([Pd]OS(C)(=O)=O)C=CC=C2.CN(C)C3=CC=C(C=C3)P(C(C)(C)C)C(C)(C)C,APhos Pd G3,0.10161904000000001 milligram,0.16000000000000003 micromole,0.10161904000000004 microliter,C29H41N2O3PPdS,CC1=C(N2CCCC2=O)C=CC(Br)=C1,1-(4-bromo-2-methylphenyl)pyrrolidin-2-one,0.20330160000000003 milligram,0.8 micromole,0.20330160000000008 microliter,C11H12BrNO,B1(OC(C(O1)(C)C)(C)C)C2=CN(N=C2C)C,"1,3-dimethyl-4-(4,4,5,5-tetramethyl-1,3,2-dioxaborolan-2-yl)-1H-pyrazole",0.21321311999999998 milligram,0.9600000000000001 micromole,0.21321312000000003 microliter,C11H19BN2O2,O=C([O-])[O-].[Na+].[Na+],Na2CO3,0.635928 milligram,6.0 micromole,0.6359280000000002 microliter,CNa2O3,CN1C=NC2=C1C(=O)N(C(=O)N2C)C,caffeine,0.1553528 milligram,0.8 micromole,0.15535280000000004 microliter,C8H10N4O2,C1COCCO1,dioxane,32.445 milligram,368.2496084262139 micromole,31.5 microliter,C4H8O2,O,water,3.5 milligram,194.2825423258396 micromole,3.5 microliter,H2O,Cc1cc(-c2cn(C)nc2C)ccc1N1CCCC1=O,suzuki_product_0,0.0 milligram,0.0 micromole,0 microliter,C16H19N3O,Cc1ccccc1N1CCCC1=O,dehalogenation_0,0.0 milligram,0.0 micromole,0 microliter,C11H13NO,Cc1ccn(C)n1,deborylation_0,0.0 milligram,0.0 micromole,0 microliter,C5H8N2,CC1=C(N2CCCC2=O)C=CC(Br)=C1.B1(OC(C(O1)(C)C)(C)C)C2=CN(N=C2C)C>>Cc1cc(-c2cn(C)nc2C)ccc1N1CCCC1=O.Cc1ccccc1N1CCCC1=O.Cc1ccn(C)n1,001_RLN-NB-2443_007_E20,,,,,,,,,3/29/2023 9:22:04 PM,kat78-2-e20-a1_03_22_2023_116.raw,2min_150_1200.EXP,001_RLN-NB-2443_007_E20,KAT78-2-E20-A1_KAT78-2-E20-A1_KAT78-2-E20-A1,0,0,0,0,0,0,0,0,0,0,0,0,0,0,0,deborylation_0,0,0,0,0,0,166.2812015251987,38.04139281791458,4.386458894723033,195,0.7334,0,0,0,0,0,0,0,0,0,0,0,0,0,0,0,0,0,0,0,0,0,0,0,0,0,0,0,0,0,0,0,0,0,0,0,0,0,0,0,0,0.0,0.0,0.0,0.0,0.0,0.0,0.0,0.0,0.0,0.0,0.0,0.0,0.0,0.0,0.0,0.0,0.0,0.0,0.0,0.0,0.0,0.0,0.0,0.0,0.0,0.0,0.0,0.0,0.0,0.0,0.0,0.0,0.0,0.0,0.0,0.0,0.0,0.0,0.0
116,E21,NC1=C(C=CC=C1)C2=C([Pd]OS(C)(=O)=O)C=CC=C2.CN(C)C3=CC=C(C=C3)P(C(C)(C)C)C(C)(C)C,APhos Pd G3,0.10161904000000001 milligram,0.16000000000000003 micromole,0.10161904000000004 microliter,C29H41N2O3PPdS,CC1=C(N2CCCC2=O)C=CC(Br)=C1,1-(4-bromo-2-methylphenyl)pyrrolidin-2-one,0.20330160000000003 milligram,0.8 micromole,0.20330160000000008 microliter,C11H12BrNO,B1(OC(C(O1)(C)C)(C)C)C2=CCN(CC2)C(=O)OC(C)(C)C,"N-Boc-1,2,5,6-tetrahydropyridine-4-boronic acid pinacol ester",0.29684640000000007 milligram,0.9600000000000001 micromole,0.2968464000000001 microliter,C16H28BNO4,O=C([O-])[O-].[Na+].[Na+],Na2CO3,0.635928 milligram,6.0 micromole,0.6359280000000002 microliter,CNa2O3,CN1C=NC2=C1C(=O)N(C(=O)N2C)C,caffeine,0.1553528 milligram,0.8 micromole,0.15535280000000004 microliter,C8H10N4O2,C1COCCO1,dioxane,32.445 milligram,368.2496084262139 micromole,31.5 microliter,C4H8O2,O,water,3.5 milligram,194.2825423258396 micromole,3.5 microliter,H2O,Cc1cc(C2=CCN(C(=O)OC(C)(C)C)CC2)ccc1N1CCCC1=O,suzuki_product_0,0.0 milligram,0.0 micromole,0 microliter,C21H28N2O3,Cc1ccccc1N1CCCC1=O,dehalogenation_0,0.0 milligram,0.0 micromole,0 microliter,C11H13NO,CC(C)(C)OC(=O)N1CC=CCC1,deborylation_0,0.0 milligram,0.0 micromole,0 microliter,C10H17NO2,CC1=C(N2CCCC2=O)C=CC(Br)=C1.B1(OC(C(O1)(C)C)(C)C)C2=CCN(CC2)C(=O)OC(C)(C)C>>Cc1cc(C2=CCN(C(=O)OC(C)(C)C)CC2)ccc1N1CCCC1=O.Cc1ccccc1N1CCCC1=O.CC(C)(C)OC(=O)N1CC=CCC1,001_RLN-NB-2443_007_E21,,,,,,,,,3/29/2023 9:24:31 PM,kat78-2-e21-a1_03_22_2023_117.raw,2min_150_1200.EXP,001_RLN-NB-2443_007_E21,KAT78-2-E21-A1_KAT78-2-E21-A1_KAT78-2-E21-A1,0,0,0,0,0,0,0,0,0,0,0,0,0,0,0,deborylation_0,0,0,0,0,0,174.85844008168027,16.209279128073064,4.438118128597554,195,0.7318,0,0,0,0,0,0,0,0,0,0,0,0,0,0,0,0,0,0,0,0,0,0,0,0,0,0,0,0,0,0,0,0,0,0,0,50.582806042044766,3.876175618338968,1.0613010699275351,255.7,1.1868,315.70310866634503,39.83423776494885,10.906657314408358,357.2,1.3251,0.0,0.0,0.0,0.0,0.0,0.0,0.0,0.0,0.0,0.0,0.0,0.0,0.0019659967577933513,245.74959472416887,0.0,0.0,0.0,0.0,0.0,0.0,0.0,0.0,0.0,0.0,0.0,0.0,0.0,0.0,0.0,0.0,0.0,0.0,0.00019130650229229595,23.91331278653699
117,E22,NC1=C(C=CC=C1)C2=C([Pd]OS(C)(=O)=O)C=CC=C2.CN(C)C3=CC=C(C=C3)P(C(C)(C)C)C(C)(C)C,APhos Pd G3,0.10161904000000001 milligram,0.16000000000000003 micromole,0.10161904000000004 microliter,C29H41N2O3PPdS,CC1=C(N2CCCC2=O)C=CC(Br)=C1,1-(4-bromo-2-methylphenyl)pyrrolidin-2-one,0.20330160000000003 milligram,0.8 micromole,0.20330160000000008 microliter,C11H12BrNO,B1(OC(C(O1)(C)C)(C)C)C2=CCN(CC2)C(=O)OC(C)(C)C,"N-Boc-1,2,5,6-tetrahydropyridine-4-boronic acid pinacol ester",0.29684640000000007 milligram,0.9600000000000001 micromole,0.2968464000000001 microliter,C16H28BNO4,O=C([O-])[O-].[Na+].[Na+],Na2CO3,0.635928 milligram,6.0 micromole,0.6359280000000002 microliter,CNa2O3,CN1C=NC2=C1C(=O)N(C(=O)N2C)C,caffeine,0.1553528 milligram,0.8 micromole,0.15535280000000004 microliter,C8H10N4O2,C1COCCO1,dioxane,32.445 milligram,368.2496084262139 micromole,31.5 microliter,C4H8O2,O,water,3.5 milligram,194.2825423258396 micromole,3.5 microliter,H2O,Cc1cc(C2=CCN(C(=O)OC(C)(C)C)CC2)ccc1N1CCCC1=O,suzuki_product_0,0.0 milligram,0.0 micromole,0 microliter,C21H28N2O3,Cc1ccccc1N1CCCC1=O,dehalogenation_0,0.0 milligram,0.0 micromole,0 microliter,C11H13NO,CC(C)(C)OC(=O)N1CC=CCC1,deborylation_0,0.0 milligram,0.0 micromole,0 microliter,C10H17NO2,CC1=C(N2CCCC2=O)C=CC(Br)=C1.B1(OC(C(O1)(C)C)(C)C)C2=CCN(CC2)C(=O)OC(C)(C)C>>Cc1cc(C2=CCN(C(=O)OC(C)(C)C)CC2)ccc1N1CCCC1=O.Cc1ccccc1N1CCCC1=O.CC(C)(C)OC(=O)N1CC=CCC1,001_RLN-NB-2443_007_E22,,,,,,,,,3/29/2023 9:26:59 PM,kat78-2-e22-a1_03_22_2023_118.raw,2min_150_1200.EXP,001_RLN-NB-2443_007_E22,KAT78-2-E22-A1_KAT78-2-E22-A1_KAT78-2-E22-A1,0,0,0,0,0,0,0,0,0,0,0,0,0,0,0,deborylation_0,0,0,0,0,0,186.1889197399341,21.994229491126035,4.755840921020905,195,0.7318,0,0,0,0,0,0,0,0,0,0,0,0,0,0,0,0,0,0,0,0,0,0,0,0,0,0,0,0,0,0,0,0,0,0,0,0,0,0,0,0,43.03145839759381,7.072948735826581,1.5293929275266913,250.9,1.3201,0.0,0.0,0.0,0.0,0.0,0.0,0.0,0.0,0.0,0.0,0.0,0.0,0.0002572656155535811,32.158201944197636,0.0,0.0,0.0,0.0,0.0,0.0,0.0,0.0,0.0,0.0,0.0,0.0,0.0,0.0,0.0,0.0,0.0,0.0,0.0,0.0
118,E23,NC1=C(C=CC=C1)C2=C([Pd]OS(C)(=O)=O)C=CC=C2.CN(C)C3=CC=C(C=C3)P(C(C)(C)C)C(C)(C)C,APhos Pd G3,0.10161904000000001 milligram,0.16000000000000003 micromole,0.10161904000000004 microliter,C29H41N2O3PPdS,CC1=C(N2CCCC2=O)C=CC(Br)=C1,1-(4-bromo-2-methylphenyl)pyrrolidin-2-one,0.20330160000000003 milligram,0.8 micromole,0.20330160000000008 microliter,C11H12BrNO,B1(OC(C(O1)(C)C)(C)C)C2=CC=C(C=C2)N,"4-(4,4,5,5-tetramethyl-1,3,2-dioxaborolan-2-yl)aniline",0.21032928 milligram,0.9600000000000001 micromole,0.21032928000000006 microliter,C12H18BNO2,O=C([O-])[O-].[Na+].[Na+],Na2CO3,0.635928 milligram,6.0 micromole,0.6359280000000002 microliter,CNa2O3,CN1C=NC2=C1C(=O)N(C(=O)N2C)C,caffeine,0.1553528 milligram,0.8 micromole,0.15535280000000004 microliter,C8H10N4O2,C1COCCO1,dioxane,32.445 milligram,368.2496084262139 micromole,31.5 microliter,C4H8O2,O,water,3.5 milligram,194.2825423258396 micromole,3.5 microliter,H2O,Cc1cc(-c2ccc(N)cc2)ccc1N1CCCC1=O,suzuki_product_0,0.0 milligram,0.0 micromole,0 microliter,C17H18N2O,Cc1ccccc1N1CCCC1=O,dehalogenation_0,0.0 milligram,0.0 micromole,0 microliter,C11H13NO,Nc1ccccc1,deborylation_0,0.0 milligram,0.0 micromole,0 microliter,C6H7N,CC1=C(N2CCCC2=O)C=CC(Br)=C1.B1(OC(C(O1)(C)C)(C)C)C2=CC=C(C=C2)N>>Cc1cc(-c2ccc(N)cc2)ccc1N1CCCC1=O.Cc1ccccc1N1CCCC1=O.Nc1ccccc1,001_RLN-NB-2443_007_E23,,,,,,,,,3/29/2023 9:29:25 PM,kat78-2-e23-a1_03_22_2023_119.raw,2min_150_1200.EXP,001_RLN-NB-2443_007_E23,KAT78-2-E23-A1_KAT78-2-E23-A1_KAT78-2-E23-A1,0,0,0,0,0,0,0,0,0,0,0,0,0,0,0,deborylation_0,0,0,0,0,0,212.0224005919133,22.70998880557183,5.242621195061766,195,0.7334,0,0,0,0,0,0,0,0,0,0,0,0,0,0,0,30.764447714436447,4.028892319007617,0.9300733895152195,220.1,1.0984,0,0,0,0,0,0,0,0,0,0,0,0,0,0,0,182.65999713777057,21.225059954866556,4.899824043882362,502.2,1.1868,198.8962096676592,24.047330367363458,5.551347688804714,267.0,0.8868,0.0,0.0,0.0,0.0,0.0,0.0,0.0,0.0,0.0,0.0,0.0,0.0,0.0008471102499694238,105.88878124617797,0.0,0.0,0.0,0.0,0.0,0.0,0.0,0.0,0.0001419249424911787,17.740617811397335,0.0,0.0,0.0,0.0,0.0,0.0,0.0,0.0,0.0007476907236399537,93.46134045499421
119,E24,NC1=C(C=CC=C1)C2=C([Pd]OS(C)(=O)=O)C=CC=C2.CN(C)C3=CC=C(C=C3)P(C(C)(C)C)C(C)(C)C,APhos Pd G3,0.10161904000000001 milligram,0.16000000000000003 micromole,0.10161904000000004 microliter,C29H41N2O3PPdS,CC1=C(N2CCCC2=O)C=CC(Br)=C1,1-(4-bromo-2-methylphenyl)pyrrolidin-2-one,0.20330160000000003 milligram,0.8 micromole,0.20330160000000008 microliter,C11H12BrNO,B1(OC(C(O1)(C)C)(C)C)C2=CC=C(C=C2)N,"4-(4,4,5,5-tetramethyl-1,3,2-dioxaborolan-2-yl)aniline",0.21032928 milligram,0.9600000000000001 micromole,0.21032928000000006 microliter,C12H18BNO2,O=C([O-])[O-].[Na+].[Na+],Na2CO3,0.635928 milligram,6.0 micromole,0.6359280000000002 microliter,CNa2O3,CN1C=NC2=C1C(=O)N(C(=O)N2C)C,caffeine,0.1553528 milligram,0.8 micromole,0.15535280000000004 microliter,C8H10N4O2,C1COCCO1,dioxane,32.445 milligram,368.2496084262139 micromole,31.5 microliter,C4H8O2,O,water,3.5 milligram,194.2825423258396 micromole,3.5 microliter,H2O,Cc1cc(-c2ccc(N)cc2)ccc1N1CCCC1=O,suzuki_product_0,0.0 milligram,0.0 micromole,0 microliter,C17H18N2O,Cc1ccccc1N1CCCC1=O,dehalogenation_0,0.0 milligram,0.0 micromole,0 microliter,C11H13NO,Nc1ccccc1,deborylation_0,0.0 milligram,0.0 micromole,0 microliter,C6H7N,CC1=C(N2CCCC2=O)C=CC(Br)=C1.B1(OC(C(O1)(C)C)(C)C)C2=CC=C(C=C2)N>>Cc1cc(-c2ccc(N)cc2)ccc1N1CCCC1=O.Cc1ccccc1N1CCCC1=O.Nc1ccccc1,001_RLN-NB-2443_007_E24,,,,,,,,,3/29/2023 9:31:52 PM,kat78-2-e24-a1_03_22_2023_120.raw,2min_150_1200.EXP,001_RLN-NB-2443_007_E24,KAT78-2-E24-A1_KAT78-2-E24-A1_KAT78-2-E24-A1,0,0,0,0,0,0,0,0,0,0,0,0,0,0,0,deborylation_0,0,0,0,0,0,243.7551755531453,24.213567651902725,6.231654320215349,194.9,0.7334,0,0,0,0,0,0,0,0,0,0,0,0,0,0,0,0,0,0,0,0,0,0,0,0,0,0,0,0,0,0,0,0,0,0,0,163.16542646428414,14.968380960414537,3.852293772630675,253.9,1.1901,157.80650631490698,17.037330703294742,4.384762997689904,266.9,0.8868,0.0,0.0,0.0,0.0,0.0,0.0,0.0,0.0,0.0,0.0,0.0,0.0,0.0005629019547462162,70.36274434327701,0.0,0.0,0.0,0.0,0.0,0.0,0.0,0.0,0.0,0.0,0.0,0.0,0.0,0.0,0.0,0.0,0.0,0.0,0.0004945452458919513,61.81815573649391
120,F1,NC1=C(C=CC=C1)C2=C([Pd]OS(C)(=O)=O)C=CC=C2.CN(C)C3=CC=C(C=C3)P(C(C)(C)C)C(C)(C)C,APhos Pd G3,0.10161904000000001 milligram,0.16000000000000003 micromole,0.10161904000000004 microliter,C29H41N2O3PPdS,BrC1=CC=CN2C=CN=C12,"8-bromoimidazo[1,2-a]pyridine",0.15762800000000002 milligram,0.8 micromole,0.15762800000000005 microliter,C7H5BrN2,B1(OC(C(O1)(C)C)(C)C)C2=CN=C(C=C2)C,"2-methyl-5-(4,4,5,5-tetramethyl-1,3,2-dioxaborolan-2-yl)pyridine",0.21032928 milligram,0.9600000000000001 micromole,0.21032928000000006 microliter,C12H18BNO2,O=C([O-])[O-].[Na+].[Na+],Na2CO3,0.635928 milligram,6.0 micromole,0.6359280000000002 microliter,CNa2O3,CN1C=NC2=C1C(=O)N(C(=O)N2C)C,caffeine,0.1553528 milligram,0.8 micromole,0.15535280000000004 microliter,C8H10N4O2,C1COCCO1,dioxane,32.445 milligram,368.2496084262139 micromole,31.5 microliter,C4H8O2,O,water,3.5 milligram,194.2825423258396 micromole,3.5 microliter,H2O,Cc1ccc(-c2cccn3ccnc23)cn1,suzuki_product_0,0.0 milligram,0.0 micromole,0 microliter,C13H11N3,c1ccn2ccnc2c1,dehalogenation_0,0.0 milligram,0.0 micromole,0 microliter,C7H6N2,Cc1ccccn1,deborylation_0,0.0 milligram,0.0 micromole,0 microliter,C6H7N,BrC1=CC=CN2C=CN=C12.B1(OC(C(O1)(C)C)(C)C)C2=CN=C(C=C2)C>>Cc1ccc(-c2cccn3ccnc23)cn1.c1ccn2ccnc2c1.Cc1ccccn1,001_RLN-NB-2443_007_F1,,,,,,,,,3/29/2023 9:34:19 PM,kat78-2-f1-a1_03_22_2023_121.raw,2min_150_1200.EXP,001_RLN-NB-2443_007_F1,KAT78-2-F1-A1_KAT78-2-F1-A1_KAT78-2-F1-A1,0,0,0,0,0,0,0,0,0,0,0,0,0,0,0,deborylation_0,187.68206964569814,25.254781351399437,4.75099629485955,194.9,0.7334,187.68206964569814,25.254781351399437,4.75099629485955,194.9,0.7334,0,0,0,0,0,0,0,0,0,0,0,0,0,0,0,0,0,0,0,0,0,0,0,0,0,0,0,0,0,0,0,0,0,0,0,0,0,0,0,0,30.22110135167391,4.623957745038871,0.8698711665167305,210.0,0.5884,0.0,0.0,0.0,0.0,0.0,0.0,0.0,0.0,0.0,0.0,0.0008,100.0,0.00014647389516306847,18.309236895383556,0.0,0.0,0.0,0.0,0.0,0.0,0.0,0.0,0.0,0.0,0.0,0.0,0.0,0.0,0.0,0.0,0.0,0.0,0.0,0.0
121,F2,NC1=C(C=CC=C1)C2=C([Pd]OS(C)(=O)=O)C=CC=C2.CN(C)C3=CC=C(C=C3)P(C(C)(C)C)C(C)(C)C,APhos Pd G3,0.10161904000000001 milligram,0.16000000000000003 micromole,0.10161904000000004 microliter,C29H41N2O3PPdS,BrC1=CC=CN2C=CN=C12,"8-bromoimidazo[1,2-a]pyridine",0.15762800000000002 milligram,0.8 micromole,0.15762800000000005 microliter,C7H5BrN2,B1(OC(C(O1)(C)C)(C)C)C2=CN(N=C2C)C,"1,3-dimethyl-4-(4,4,5,5-tetramethyl-1,3,2-dioxaborolan-2-yl)-1H-pyrazole",0.21321311999999998 milligram,0.9600000000000001 micromole,0.21321312000000003 microliter,C11H19BN2O2,O=C([O-])[O-].[Na+].[Na+],Na2CO3,0.635928 milligram,6.0 micromole,0.6359280000000002 microliter,CNa2O3,CN1C=NC2=C1C(=O)N(C(=O)N2C)C,caffeine,0.1553528 milligram,0.8 micromole,0.15535280000000004 microliter,C8H10N4O2,C1COCCO1,dioxane,32.445 milligram,368.2496084262139 micromole,31.5 microliter,C4H8O2,O,water,3.5 milligram,194.2825423258396 micromole,3.5 microliter,H2O,Cc1nn(C)cc1-c1cccn2ccnc12,suzuki_product_0,0.0 milligram,0.0 micromole,0 microliter,C12H12N4,c1ccn2ccnc2c1,dehalogenation_0,0.0 milligram,0.0 micromole,0 microliter,C7H6N2,Cc1ccn(C)n1,deborylation_0,0.0 milligram,0.0 micromole,0 microliter,C5H8N2,BrC1=CC=CN2C=CN=C12.B1(OC(C(O1)(C)C)(C)C)C2=CN(N=C2C)C>>Cc1nn(C)cc1-c1cccn2ccnc12.c1ccn2ccnc2c1.Cc1ccn(C)n1,001_RLN-NB-2443_007_F2,,,,,,,,,3/29/2023 9:36:47 PM,kat78-2-f2-a1_03_22_2023_122.raw,2min_150_1200.EXP,001_RLN-NB-2443_007_F2,KAT78-2-F2-A1_KAT78-2-F2-A1_KAT78-2-F2-A1,0,0,0,0,0,0,0,0,0,0,0,0,0,0,0,deborylation_0,0,0,0,0,0,180.34818007845078,36.18555011336612,4.778407606493524,194.9,0.7334,0,0,0,0,0,0,0,0,0,0,0,0,0,0,0,0,0,0,0,0,0,0,0,0,0,0,0,0,0,0,0,0,0,0,0,0,0,0,0,0,15.76761618481499,2.3622997516028996,0.31194858352333066,213.0,0.6551,14.223197629232128,2.285382830528584,0.3017914793870635,222.9,0.6968,0.0,0.0,0.0,0.0,0.0,0.0,0.0,5.222636647395491e-05,6.528295809244364,0.0,0.0,0.0,0.0,5.052586622823049e-05,6.3157332785288105,0.0,0.0,0.0,0.0,0.0,0.0,0.0,0.0,0.0,0.0,0.0,0.0,0.0,0.0
122,F3,NC1=C(C=CC=C1)C2=C([Pd]OS(C)(=O)=O)C=CC=C2.CN(C)C3=CC=C(C=C3)P(C(C)(C)C)C(C)(C)C,APhos Pd G3,0.10161904000000001 milligram,0.16000000000000003 micromole,0.10161904000000004 microliter,C29H41N2O3PPdS,BrC1=CC=CN2C=CN=C12,"8-bromoimidazo[1,2-a]pyridine",0.15762800000000002 milligram,0.8 micromole,0.15762800000000005 microliter,C7H5BrN2,B1(OC(C(O1)(C)C)(C)C)C2=CCN(CC2)C(=O)OC(C)(C)C,"N-Boc-1,2,5,6-tetrahydropyridine-4-boronic acid pinacol ester",0.29684640000000007 milligram,0.9600000000000001 micromole,0.2968464000000001 microliter,C16H28BNO4,O=C([O-])[O-].[Na+].[Na+],Na2CO3,0.635928 milligram,6.0 micromole,0.6359280000000002 microliter,CNa2O3,CN1C=NC2=C1C(=O)N(C(=O)N2C)C,caffeine,0.1553528 milligram,0.8 micromole,0.15535280000000004 microliter,C8H10N4O2,C1COCCO1,dioxane,32.445 milligram,368.2496084262139 micromole,31.5 microliter,C4H8O2,O,water,3.5 milligram,194.2825423258396 micromole,3.5 microliter,H2O,CC(C)(C)OC(=O)N1CC=C(c2cccn3ccnc23)CC1,suzuki_product_0,0.0 milligram,0.0 micromole,0 microliter,C17H21N3O2,c1ccn2ccnc2c1,dehalogenation_0,0.0 milligram,0.0 micromole,0 microliter,C7H6N2,CC(C)(C)OC(=O)N1CC=CCC1,deborylation_0,0.0 milligram,0.0 micromole,0 microliter,C10H17NO2,BrC1=CC=CN2C=CN=C12.B1(OC(C(O1)(C)C)(C)C)C2=CCN(CC2)C(=O)OC(C)(C)C>>CC(C)(C)OC(=O)N1CC=C(c2cccn3ccnc23)CC1.c1ccn2ccnc2c1.CC(C)(C)OC(=O)N1CC=CCC1,001_RLN-NB-2443_007_F3,,,,,,,,,3/29/2023 9:39:15 PM,kat78-2-f3-a1_03_22_2023_123.raw,2min_150_1200.EXP,001_RLN-NB-2443_007_F3,KAT78-2-F3-A1_KAT78-2-F3-A1_KAT78-2-F3-A1,0,0,0,0,0,0,0,0,0,0,0,0,0,0,0,deborylation_0,0,0,0,0,0,178.45655625374823,17.94015834948729,4.473104849304889,195,0.7334,0,0,0,0,0,0,0,0,0,0,0,0,0,0,0,0,0,0,0,0,0,0,0,0,0,0,0,0,0,0,0,0,0,0,0,0,0,0,0,0,198.92285456297276,22.407161007363836,5.586883828372621,243.9,0.8701,0.0,0.0,0.0,0.0,0.0,0.0,0.0,0.0,0.0,0.0,0.0,0.0,0.0009991956847138625,124.8994605892328,0.0,0.0,0.0,0.0,0.0,0.0,0.0,0.0,0.0,0.0,0.0,0.0,0.0,0.0,0.0,0.0,0.0,0.0,0.0,0.0
123,F4,NC1=C(C=CC=C1)C2=C([Pd]OS(C)(=O)=O)C=CC=C2.CN(C)C3=CC=C(C=C3)P(C(C)(C)C)C(C)(C)C,APhos Pd G3,0.10161904000000001 milligram,0.16000000000000003 micromole,0.10161904000000004 microliter,C29H41N2O3PPdS,BrC1=CC=CN2C=CN=C12,"8-bromoimidazo[1,2-a]pyridine",0.15762800000000002 milligram,0.8 micromole,0.15762800000000005 microliter,C7H5BrN2,B1(OC(C(O1)(C)C)(C)C)C2=CCN(CC2)C(=O)OC(C)(C)C,"N-Boc-1,2,5,6-tetrahydropyridine-4-boronic acid pinacol ester",0.29684640000000007 milligram,0.9600000000000001 micromole,0.2968464000000001 microliter,C16H28BNO4,O=C([O-])[O-].[Na+].[Na+],Na2CO3,0.635928 milligram,6.0 micromole,0.6359280000000002 microliter,CNa2O3,CN1C=NC2=C1C(=O)N(C(=O)N2C)C,caffeine,0.1553528 milligram,0.8 micromole,0.15535280000000004 microliter,C8H10N4O2,C1COCCO1,dioxane,32.445 milligram,368.2496084262139 micromole,31.5 microliter,C4H8O2,O,water,3.5 milligram,194.2825423258396 micromole,3.5 microliter,H2O,CC(C)(C)OC(=O)N1CC=C(c2cccn3ccnc23)CC1,suzuki_product_0,0.0 milligram,0.0 micromole,0 microliter,C17H21N3O2,c1ccn2ccnc2c1,dehalogenation_0,0.0 milligram,0.0 micromole,0 microliter,C7H6N2,CC(C)(C)OC(=O)N1CC=CCC1,deborylation_0,0.0 milligram,0.0 micromole,0 microliter,C10H17NO2,BrC1=CC=CN2C=CN=C12.B1(OC(C(O1)(C)C)(C)C)C2=CCN(CC2)C(=O)OC(C)(C)C>>CC(C)(C)OC(=O)N1CC=C(c2cccn3ccnc23)CC1.c1ccn2ccnc2c1.CC(C)(C)OC(=O)N1CC=CCC1,001_RLN-NB-2443_007_F4,,,,,,,,,3/29/2023 9:41:41 PM,kat78-2-f4-a1_03_22_2023_124.raw,2min_150_1200.EXP,001_RLN-NB-2443_007_F4,KAT78-2-F4-A1_KAT78-2-F4-A1_KAT78-2-F4-A1,0,0,0,0,0,0,0,0,0,0,0,0,0,0,0,deborylation_0,0,0,0,0,0,178.97397272240107,19.290249717742814,4.47825164205108,194.9,0.7334,0,0,0,0,0,0,0,0,0,0,0,0,0,0,0,0,0,0,0,0,0,0,0,0,0,0,0,0,0,0,0,0,0,0,0,0,0,0,0,0,170.0134695360522,20.57413997205578,4.776308107038262,300.0,0.8701,0.0,0.0,0.0,0.0,0.0,0.0,0.0,0.0,0.0,0.0,0.0,0.0,0.0008532451481177899,106.65564351472374,0.0,0.0,0.0,0.0,0.0,0.0,0.0,0.0,0.0,0.0,0.0,0.0,0.0,0.0,0.0,0.0,0.0,0.0,0.0,0.0
124,F5,NC1=C(C=CC=C1)C2=C([Pd]OS(C)(=O)=O)C=CC=C2.CN(C)C3=CC=C(C=C3)P(C(C)(C)C)C(C)(C)C,APhos Pd G3,0.10161904000000001 milligram,0.16000000000000003 micromole,0.10161904000000004 microliter,C29H41N2O3PPdS,BrC1=CC=CN2C=CN=C12,"8-bromoimidazo[1,2-a]pyridine",0.15762800000000002 milligram,0.8 micromole,0.15762800000000005 microliter,C7H5BrN2,B1(OC(C(O1)(C)C)(C)C)C2=CC=C(C=C2)N,"4-(4,4,5,5-tetramethyl-1,3,2-dioxaborolan-2-yl)aniline",0.21032928 milligram,0.9600000000000001 micromole,0.21032928000000006 microliter,C12H18BNO2,O=C([O-])[O-].[Na+].[Na+],Na2CO3,0.635928 milligram,6.0 micromole,0.6359280000000002 microliter,CNa2O3,CN1C=NC2=C1C(=O)N(C(=O)N2C)C,caffeine,0.1553528 milligram,0.8 micromole,0.15535280000000004 microliter,C8H10N4O2,C1COCCO1,dioxane,32.445 milligram,368.2496084262139 micromole,31.5 microliter,C4H8O2,O,water,3.5 milligram,194.2825423258396 micromole,3.5 microliter,H2O,Nc1ccc(-c2cccn3ccnc23)cc1,suzuki_product_0,0.0 milligram,0.0 micromole,0 microliter,C13H11N3,c1ccn2ccnc2c1,dehalogenation_0,0.0 milligram,0.0 micromole,0 microliter,C7H6N2,Nc1ccccc1,deborylation_0,0.0 milligram,0.0 micromole,0 microliter,C6H7N,BrC1=CC=CN2C=CN=C12.B1(OC(C(O1)(C)C)(C)C)C2=CC=C(C=C2)N>>Nc1ccc(-c2cccn3ccnc23)cc1.c1ccn2ccnc2c1.Nc1ccccc1,001_RLN-NB-2443_007_F5,,,,,,,,,3/29/2023 9:44:09 PM,kat78-2-f5-a1_03_22_2023_125.raw,2min_150_1200.EXP,001_RLN-NB-2443_007_F5,KAT78-2-F5-A1_KAT78-2-F5-A1_KAT78-2-F5-A1,0,0,0,0,0,0,0,0,0,0,0,0,0,0,0,deborylation_0,0,0,0,0,0,177.09190883469543,28.663561075306355,4.543530730216703,194.9,0.7318,0,0,0,0,0,0,0,0,0,0,0,0,0,0,0,18.07030490248674,4.088396395498217,0.6480616491248309,220,1.1084,0,0,0,0,0,0,0,0,0,0,0,0,0,0,0,0,0,0,0,0,35.84423191909056,5.805416038697833,0.9202306058279817,210.0,0.6351,0.0,0.0,0.0,0.0,0.0,0.0,0.0,0.0,0.0,0.0,0.0,0.0,0.00016202916374404564,20.253645468005704,0.0,0.0,0.0,0.0,0.0,0.0,0.0,0.0,0.00011410714488006497,14.26339311000812,0.0,0.0,0.0,0.0,0.0,0.0,0.0,0.0,0.0,0.0
125,F6,NC1=C(C=CC=C1)C2=C([Pd]OS(C)(=O)=O)C=CC=C2.CN(C)C3=CC=C(C=C3)P(C(C)(C)C)C(C)(C)C,APhos Pd G3,0.10161904000000001 milligram,0.16000000000000003 micromole,0.10161904000000004 microliter,C29H41N2O3PPdS,BrC1=CC=CN2C=CN=C12,"8-bromoimidazo[1,2-a]pyridine",0.15762800000000002 milligram,0.8 micromole,0.15762800000000005 microliter,C7H5BrN2,B1(OC(C(O1)(C)C)(C)C)C2=CC=C(C=C2)N,"4-(4,4,5,5-tetramethyl-1,3,2-dioxaborolan-2-yl)aniline",0.21032928 milligram,0.9600000000000001 micromole,0.21032928000000006 microliter,C12H18BNO2,O=C([O-])[O-].[Na+].[Na+],Na2CO3,0.635928 milligram,6.0 micromole,0.6359280000000002 microliter,CNa2O3,CN1C=NC2=C1C(=O)N(C(=O)N2C)C,caffeine,0.1553528 milligram,0.8 micromole,0.15535280000000004 microliter,C8H10N4O2,C1COCCO1,dioxane,32.445 milligram,368.2496084262139 micromole,31.5 microliter,C4H8O2,O,water,3.5 milligram,194.2825423258396 micromole,3.5 microliter,H2O,Nc1ccc(-c2cccn3ccnc23)cc1,suzuki_product_0,0.0 milligram,0.0 micromole,0 microliter,C13H11N3,c1ccn2ccnc2c1,dehalogenation_0,0.0 milligram,0.0 micromole,0 microliter,C7H6N2,Nc1ccccc1,deborylation_0,0.0 milligram,0.0 micromole,0 microliter,C6H7N,BrC1=CC=CN2C=CN=C12.B1(OC(C(O1)(C)C)(C)C)C2=CC=C(C=C2)N>>Nc1ccc(-c2cccn3ccnc23)cc1.c1ccn2ccnc2c1.Nc1ccccc1,001_RLN-NB-2443_007_F6,,,,,,,,,3/29/2023 9:46:36 PM,kat78-2-f6-a1_03_22_2023_126.raw,2min_150_1200.EXP,001_RLN-NB-2443_007_F6,KAT78-2-F6-A1_KAT78-2-F6-A1_KAT78-2-F6-A1,0,0,0,0,0,0,0,0,0,0,0,0,0,0,0,deborylation_0,0,0,0,0,0,194.3137163540092,29.65043363915143,4.716284657099814,194.9,0.7318,0,0,0,0,0,0,0,0,0,0,0,0,0,0,0,16.525413737872245,4.112149862389415,0.6540905789004624,220,1.1134,0,0,0,0,0,0,0,0,0,0,0,0,0,0,0,0,0,0,0,0,35.896705118769496,5.450071104379024,0.8669042430376224,210.0,0.6351,0.0,0.0,0.0,0.0,0.0,0.0,0.0,0.0,0.0,0.0,0.0,0.0,0.0001470486717518375,18.381083968979688,0.0,0.0,0.0,0.0,0.0,0.0,0.0,0.0,0.00011095014426931263,13.868768033664077,0.0,0.0,0.0,0.0,0.0,0.0,0.0,0.0,0.0,0.0
126,F7,NC1=C(C=CC=C1)C2=C([Pd]OS(C)(=O)=O)C=CC=C2.CN(C)C3=CC=C(C=C3)P(C(C)(C)C)C(C)(C)C,APhos Pd G3,0.10161904000000001 milligram,0.16000000000000003 micromole,0.10161904000000004 microliter,C29H41N2O3PPdS,CC1=CC(C=O)=C(C)N1C2=CC(Cl)=CC(Cl)=C2,"1-(3,5-dichlorophenyl)-2,5-dimethyl-1H-pyrrole-3-carbaldehyde",0.2145144 milligram,0.8 micromole,0.21451440000000005 microliter,C13H11Cl2NO,B1(OC(C(O1)(C)C)(C)C)C2=CN=C(C=C2)C,"2-methyl-5-(4,4,5,5-tetramethyl-1,3,2-dioxaborolan-2-yl)pyridine",0.21032928 milligram,0.9600000000000001 micromole,0.21032928000000006 microliter,C12H18BNO2,O=C([O-])[O-].[Na+].[Na+],Na2CO3,0.635928 milligram,6.0 micromole,0.6359280000000002 microliter,CNa2O3,CN1C=NC2=C1C(=O)N(C(=O)N2C)C,caffeine,0.1553528 milligram,0.8 micromole,0.15535280000000004 microliter,C8H10N4O2,C1COCCO1,dioxane,32.445 milligram,368.2496084262139 micromole,31.5 microliter,C4H8O2,O,water,3.5 milligram,194.2825423258396 micromole,3.5 microliter,H2O,Cc1ccc(-c2cc(Cl)cc(-n3c(C)cc(C=O)c3C)c2)cn1,suzuki_product_0,0.0 milligram,0.0 micromole,0 microliter,C19H17ClN2O,Cc1ccc(-c2cc(-c3ccc(C)nc3)cc(-n3c(C)cc(C=O)c3C)c2)cn1,bis_addition_1,0.0 milligram,0.0 micromole,0 microliter,C25H23N3O,Cc1cc(C=O)c(C)n1-c1cccc(Cl)c1,dehalogenation_0,0.0 milligram,0.0 micromole,0 microliter,C13H12ClNO,CC1=CC(C=O)=C(C)N1C2=CC(Cl)=CC(Cl)=C2.B1(OC(C(O1)(C)C)(C)C)C2=CN=C(C=C2)C>>Cc1ccc(-c2cc(Cl)cc(-n3c(C)cc(C=O)c3C)c2)cn1.Cc1ccc(-c2cc(-c3ccc(C)nc3)cc(-n3c(C)cc(C=O)c3C)c2)cn1.Cc1cc(C=O)c(C)n1-c1cccc(Cl)c1.Cc1ccccn1,001_RLN-NB-2443_007_F7,,,Cc1ccccn1,deborylation_0,0.0 milligram,0.0 micromole,0 microliter,C6H7N,3/29/2023 9:49:04 PM,kat78-2-f7-a1_03_22_2023_127.raw,2min_150_1200.EXP,001_RLN-NB-2443_007_F7,KAT78-2-F7-A1_KAT78-2-F7-A1_KAT78-2-F7-A1,0,0,0,0,0,0,0,0,0,0,0,0,0,0,0,bis_addition_1,0,0,0,0,0,181.6737040710805,20.533082672513146,4.510903163577239,195,0.7334,0,0,0,0,0,0,0,0,0,0,0,0,0,0,0,0,0,0,0,0,87.52805635473948,10.818319532154078,2.376671471133289,382.1,0.8068,0,0,0,0,0,0,0,0,0,0,0,0,0,0,0,230.24024759993728,30.175462657428614,6.629233035038539,324.9,1.0368,0.0,0.0,0.0,0.0,0.0,121.40248864802423,12.46810888731068,2.739112909669663,267.8,1.3251,0.0,0.0,0.0011756817284069422,146.96021605086779,0.0,0.0,0.0,0.0,0.0,0.0,0.0,0.0,0.0,0.0,0.00048577640624809874,60.722050781012335,0.0004214981142266046,52.68726427832557,0.0,0.0,0.0,0.0,0.0,0.0
127,F8,NC1=C(C=CC=C1)C2=C([Pd]OS(C)(=O)=O)C=CC=C2.CN(C)C3=CC=C(C=C3)P(C(C)(C)C)C(C)(C)C,APhos Pd G3,0.10161904000000001 milligram,0.16000000000000003 micromole,0.10161904000000004 microliter,C29H41N2O3PPdS,CC1=CC(C=O)=C(C)N1C2=CC(Cl)=CC(Cl)=C2,"1-(3,5-dichlorophenyl)-2,5-dimethyl-1H-pyrrole-3-carbaldehyde",0.2145144 milligram,0.8 micromole,0.21451440000000005 microliter,C13H11Cl2NO,B1(OC(C(O1)(C)C)(C)C)C2=CN(N=C2C)C,"1,3-dimethyl-4-(4,4,5,5-tetramethyl-1,3,2-dioxaborolan-2-yl)-1H-pyrazole",0.21321311999999998 milligram,0.9600000000000001 micromole,0.21321312000000003 microliter,C11H19BN2O2,O=C([O-])[O-].[Na+].[Na+],Na2CO3,0.635928 milligram,6.0 micromole,0.6359280000000002 microliter,CNa2O3,CN1C=NC2=C1C(=O)N(C(=O)N2C)C,caffeine,0.1553528 milligram,0.8 micromole,0.15535280000000004 microliter,C8H10N4O2,C1COCCO1,dioxane,32.445 milligram,368.2496084262139 micromole,31.5 microliter,C4H8O2,O,water,3.5 milligram,194.2825423258396 micromole,3.5 microliter,H2O,Cc1nn(C)cc1-c1cc(Cl)cc(-n2c(C)cc(C=O)c2C)c1,suzuki_product_0,0.0 milligram,0.0 micromole,0 microliter,C18H18ClN3O,Cc1nn(C)cc1-c1cc(-c2cn(C)nc2C)cc(-n2c(C)cc(C=O)c2C)c1,bis_addition_1,0.0 milligram,0.0 micromole,0 microliter,C23H25N5O,Cc1cc(C=O)c(C)n1-c1cccc(Cl)c1,dehalogenation_0,0.0 milligram,0.0 micromole,0 microliter,C13H12ClNO,CC1=CC(C=O)=C(C)N1C2=CC(Cl)=CC(Cl)=C2.B1(OC(C(O1)(C)C)(C)C)C2=CN(N=C2C)C>>Cc1nn(C)cc1-c1cc(Cl)cc(-n2c(C)cc(C=O)c2C)c1.Cc1nn(C)cc1-c1cc(-c2cn(C)nc2C)cc(-n2c(C)cc(C=O)c2C)c1.Cc1cc(C=O)c(C)n1-c1cccc(Cl)c1.Cc1ccn(C)n1,001_RLN-NB-2443_007_F8,,,Cc1ccn(C)n1,deborylation_0,0.0 milligram,0.0 micromole,0 microliter,C5H8N2,3/29/2023 9:51:32 PM,kat78-2-f8-a1_03_22_2023_128.raw,2min_150_1200.EXP,001_RLN-NB-2443_007_F8,KAT78-2-F8-A1_KAT78-2-F8-A1_KAT78-2-F8-A1,0,0,0,0,0,0,0,0,0,0,0,0,0,0,0,bis_addition_2,0,0,0,0,0,181.91299041973696,23.19598026883606,4.828254504266349,195,0.7334,0,0,0,0,0,0,0,0,0,0,0,0,0,0,0,0,0,0,0,0,0,0,0,0,0,48.73505957005897,5.320290978550438,1.107421138640361,388.2,1.0701,0,0,0,0,0,0,0,0,0,0,196.8843027571547,26.229723380500104,5.459729599257621,328.0,1.2118,11.099561219150422,1.2689272916520091,0.2641278290677189,222.9,0.6984,182.67892918887057,20.96019722263222,4.362875182578484,267.8,1.3251,0.0,0.0,0.0009046299600707937,113.0787450088492,0.0,0.0,0.0,0.0,4.3763696190303134e-05,5.470462023787891,0.0,0.0,0.0,0.0,0.000722890672597868,90.3613340747335,0.0,0.0,0.0,0.0,0.0,0.0,0.0,0.0
128,F9,NC1=C(C=CC=C1)C2=C([Pd]OS(C)(=O)=O)C=CC=C2.CN(C)C3=CC=C(C=C3)P(C(C)(C)C)C(C)(C)C,APhos Pd G3,0.10161904000000001 milligram,0.16000000000000003 micromole,0.10161904000000004 microliter,C29H41N2O3PPdS,CC1=CC(C=O)=C(C)N1C2=CC(Cl)=CC(Cl)=C2,"1-(3,5-dichlorophenyl)-2,5-dimethyl-1H-pyrrole-3-carbaldehyde",0.2145144 milligram,0.8 micromole,0.21451440000000005 microliter,C13H11Cl2NO,B1(OC(C(O1)(C)C)(C)C)C2=CCN(CC2)C(=O)OC(C)(C)C,"N-Boc-1,2,5,6-tetrahydropyridine-4-boronic acid pinacol ester",0.29684640000000007 milligram,0.9600000000000001 micromole,0.2968464000000001 microliter,C16H28BNO4,O=C([O-])[O-].[Na+].[Na+],Na2CO3,0.635928 milligram,6.0 micromole,0.6359280000000002 microliter,CNa2O3,CN1C=NC2=C1C(=O)N(C(=O)N2C)C,caffeine,0.1553528 milligram,0.8 micromole,0.15535280000000004 microliter,C8H10N4O2,C1COCCO1,dioxane,32.445 milligram,368.2496084262139 micromole,31.5 microliter,C4H8O2,O,water,3.5 milligram,194.2825423258396 micromole,3.5 microliter,H2O,Cc1cc(C=O)c(C)n1-c1cc(Cl)cc(C2=CCN(C(=O)OC(C)(C)C)CC2)c1,suzuki_product_0,0.0 milligram,0.0 micromole,0 microliter,C23H27ClN2O3,Cc1cc(C=O)c(C)n1-c1cc(C2=CCN(C(=O)OC(C)(C)C)CC2)cc(C2=CCN(C(=O)OC(C)(C)C)CC2)c1,bis_addition_2,0.0 milligram,0.0 micromole,0 microliter,C33H43N3O5,Cc1cc(C=O)c(C)n1-c1cccc(Cl)c1,dehalogenation_0,0.0 milligram,0.0 micromole,0 microliter,C13H12ClNO,CC1=CC(C=O)=C(C)N1C2=CC(Cl)=CC(Cl)=C2.B1(OC(C(O1)(C)C)(C)C)C2=CCN(CC2)C(=O)OC(C)(C)C>>Cc1cc(C=O)c(C)n1-c1cc(Cl)cc(C2=CCN(C(=O)OC(C)(C)C)CC2)c1.Cc1cc(C=O)c(C)n1-c1cc(C2=CCN(C(=O)OC(C)(C)C)CC2)cc(C2=CCN(C(=O)OC(C)(C)C)CC2)c1.Cc1cc(C=O)c(C)n1-c1cccc(Cl)c1.CC(C)(C)OC(=O)N1CC=CCC1,001_RLN-NB-2443_007_F9,,,CC(C)(C)OC(=O)N1CC=CCC1,deborylation_0,0.0 milligram,0.0 micromole,0 microliter,C10H17NO2,3/29/2023 9:53:58 PM,kat78-2-f9-a1_03_22_2023_129.raw,2min_150_1200.EXP,001_RLN-NB-2443_007_F9,KAT78-2-F9-A1_KAT78-2-F9-A1_KAT78-2-F9-A1,0,0,0,0,0,0,0,0,0,0,0,0,0,0,0,bis_addition_1,0,0,0,0,0,180.45284260658175,26.674559025113364,4.558730627530556,194.9,0.7334,0,0,0,0,0,0,0,0,0,0,0,0,0,0,0,0,0,0,0,0,0,0,0,0,0,0,0,0,0,0,0,0,0,0,0,0,0,0,0,0,0.0,0.0,0.0,0.0,0.0,0.0,0.0,0.0,0.0,0.0,0.0,0.0,0.0,0.0,0.0,0.0,0.0,0.0,0.0,0.0,0.0,0.0,0.0,0.0,0.0,0.0,0.0,0.0,0.0,0.0,0.0,0.0,0.0,0.0,0.0,0.0,0.0,0.0,0.0
129,F10,NC1=C(C=CC=C1)C2=C([Pd]OS(C)(=O)=O)C=CC=C2.CN(C)C3=CC=C(C=C3)P(C(C)(C)C)C(C)(C)C,APhos Pd G3,0.10161904000000001 milligram,0.16000000000000003 micromole,0.10161904000000004 microliter,C29H41N2O3PPdS,CC1=CC(C=O)=C(C)N1C2=CC(Cl)=CC(Cl)=C2,"1-(3,5-dichlorophenyl)-2,5-dimethyl-1H-pyrrole-3-carbaldehyde",0.2145144 milligram,0.8 micromole,0.21451440000000005 microliter,C13H11Cl2NO,B1(OC(C(O1)(C)C)(C)C)C2=CCN(CC2)C(=O)OC(C)(C)C,"N-Boc-1,2,5,6-tetrahydropyridine-4-boronic acid pinacol ester",0.29684640000000007 milligram,0.9600000000000001 micromole,0.2968464000000001 microliter,C16H28BNO4,O=C([O-])[O-].[Na+].[Na+],Na2CO3,0.635928 milligram,6.0 micromole,0.6359280000000002 microliter,CNa2O3,CN1C=NC2=C1C(=O)N(C(=O)N2C)C,caffeine,0.1553528 milligram,0.8 micromole,0.15535280000000004 microliter,C8H10N4O2,C1COCCO1,dioxane,32.445 milligram,368.2496084262139 micromole,31.5 microliter,C4H8O2,O,water,3.5 milligram,194.2825423258396 micromole,3.5 microliter,H2O,Cc1cc(C=O)c(C)n1-c1cc(Cl)cc(C2=CCN(C(=O)OC(C)(C)C)CC2)c1,suzuki_product_0,0.0 milligram,0.0 micromole,0 microliter,C23H27ClN2O3,Cc1cc(C=O)c(C)n1-c1cc(C2=CCN(C(=O)OC(C)(C)C)CC2)cc(C2=CCN(C(=O)OC(C)(C)C)CC2)c1,bis_addition_2,0.0 milligram,0.0 micromole,0 microliter,C33H43N3O5,Cc1cc(C=O)c(C)n1-c1cccc(Cl)c1,dehalogenation_0,0.0 milligram,0.0 micromole,0 microliter,C13H12ClNO,CC1=CC(C=O)=C(C)N1C2=CC(Cl)=CC(Cl)=C2.B1(OC(C(O1)(C)C)(C)C)C2=CCN(CC2)C(=O)OC(C)(C)C>>Cc1cc(C=O)c(C)n1-c1cc(Cl)cc(C2=CCN(C(=O)OC(C)(C)C)CC2)c1.Cc1cc(C=O)c(C)n1-c1cc(C2=CCN(C(=O)OC(C)(C)C)CC2)cc(C2=CCN(C(=O)OC(C)(C)C)CC2)c1.Cc1cc(C=O)c(C)n1-c1cccc(Cl)c1.CC(C)(C)OC(=O)N1CC=CCC1,001_RLN-NB-2443_007_F10,,,CC(C)(C)OC(=O)N1CC=CCC1,deborylation_0,0.0 milligram,0.0 micromole,0 microliter,C10H17NO2,3/29/2023 9:56:26 PM,kat78-2-f10-a1_03_22_2023_130.raw,2min_150_1200.EXP,001_RLN-NB-2443_007_F10,KAT78-2-F10-A1_KAT78-2-F10-A1_KAT78-2-F10-A1,0,0,0,0,0,0,0,0,0,0,0,0,0,0,0,bis_addition_1,0,0,0,0,0,172.04971912631297,15.081735726340014,4.47083611767787,194.9,0.7334,0,0,0,0,0,0,0,0,0,0,0,0,0,0,0,0,0,0,0,0,121.69559547346749,12.334065023469174,3.6563154523657335,562.2,1.5534,0,0,0,0,0,0,0,0,0,0,0,0,0,0,0,247.2342609292856,16.89022284807961,5.006944804962953,415.0,1.4668,0.0,0.0,0.0,0.0,0.0,235.61247230434293,18.404334533845557,5.455788713499154,267.9,1.3251,0.0,0.0,0.0008959299197150684,111.99123996438354,0.0,0.0,0.0,0.0,0.0,0.0,0.0,0.0,0.0,0.0,0.0009762449027244352,122.03061284055438,0.0,0.0,0.0,0.0,0.0,0.0,0.0,0.0
130,F11,NC1=C(C=CC=C1)C2=C([Pd]OS(C)(=O)=O)C=CC=C2.CN(C)C3=CC=C(C=C3)P(C(C)(C)C)C(C)(C)C,APhos Pd G3,0.10161904000000001 milligram,0.16000000000000003 micromole,0.10161904000000004 microliter,C29H41N2O3PPdS,CC1=CC(C=O)=C(C)N1C2=CC(Cl)=CC(Cl)=C2,"1-(3,5-dichlorophenyl)-2,5-dimethyl-1H-pyrrole-3-carbaldehyde",0.2145144 milligram,0.8 micromole,0.21451440000000005 microliter,C13H11Cl2NO,B1(OC(C(O1)(C)C)(C)C)C2=CC=C(C=C2)N,"4-(4,4,5,5-tetramethyl-1,3,2-dioxaborolan-2-yl)aniline",0.21032928 milligram,0.9600000000000001 micromole,0.21032928000000006 microliter,C12H18BNO2,O=C([O-])[O-].[Na+].[Na+],Na2CO3,0.635928 milligram,6.0 micromole,0.6359280000000002 microliter,CNa2O3,CN1C=NC2=C1C(=O)N(C(=O)N2C)C,caffeine,0.1553528 milligram,0.8 micromole,0.15535280000000004 microliter,C8H10N4O2,C1COCCO1,dioxane,32.445 milligram,368.2496084262139 micromole,31.5 microliter,C4H8O2,O,water,3.5 milligram,194.2825423258396 micromole,3.5 microliter,H2O,Cc1cc(C=O)c(C)n1-c1cc(Cl)cc(-c2ccc(N)cc2)c1,suzuki_product_0,0.0 milligram,0.0 micromole,0 microliter,C19H17ClN2O,Cc1cc(C=O)c(C)n1-c1cc(-c2ccc(N)cc2)cc(-c2ccc(N)cc2)c1,bis_addition_1,0.0 milligram,0.0 micromole,0 microliter,C25H23N3O,Cc1cc(C=O)c(C)n1-c1cccc(Cl)c1,dehalogenation_0,0.0 milligram,0.0 micromole,0 microliter,C13H12ClNO,CC1=CC(C=O)=C(C)N1C2=CC(Cl)=CC(Cl)=C2.B1(OC(C(O1)(C)C)(C)C)C2=CC=C(C=C2)N>>Cc1cc(C=O)c(C)n1-c1cc(Cl)cc(-c2ccc(N)cc2)c1.Cc1cc(C=O)c(C)n1-c1cc(-c2ccc(N)cc2)cc(-c2ccc(N)cc2)c1.Cc1cc(C=O)c(C)n1-c1cccc(Cl)c1.Nc1ccccc1,001_RLN-NB-2443_007_F11,,,Nc1ccccc1,deborylation_0,0.0 milligram,0.0 micromole,0 microliter,C6H7N,3/29/2023 9:58:53 PM,kat78-2-f11-a1_03_22_2023_131.raw,2min_150_1200.EXP,001_RLN-NB-2443_007_F11,KAT78-2-F11-A1_KAT78-2-F11-A1_KAT78-2-F11-A1,0,0,0,0,0,0,0,0,0,0,0,0,0,0,0,bis_addition_1,0,0,0,0,0,175.00494832140168,23.748939830719713,4.451724870470076,194.9,0.7318,0,0,0,0,0,0,0,0,0,0,0,0,0,0,0,0,0,0,0,0,30.737499922398232,2.511653148556538,0.47080791256881827,382,1.0101,0,0,0,0,0,0,0,0,0,0,0,0,0,0,0,130.6505303294817,21.0770705623575,3.9508845400218475,324.8,1.2318,0.0,0.0,0.0,0.0,0.0,133.2689321379592,15.41373718004796,2.889296012386643,267.8,1.3251,0.0,0.0,0.0007099961754113807,88.74952192642257,0.0,0.0,0.0,0.0,0.0,0.0,0.0,0.0,0.0,0.0,0.0005192227456018055,64.90284320022569,8.46068301645252e-05,10.575853770565649,0.0,0.0,0.0,0.0,0.0,0.0
131,F12,NC1=C(C=CC=C1)C2=C([Pd]OS(C)(=O)=O)C=CC=C2.CN(C)C3=CC=C(C=C3)P(C(C)(C)C)C(C)(C)C,APhos Pd G3,0.10161904000000001 milligram,0.16000000000000003 micromole,0.10161904000000004 microliter,C29H41N2O3PPdS,CC1=CC(C=O)=C(C)N1C2=CC(Cl)=CC(Cl)=C2,"1-(3,5-dichlorophenyl)-2,5-dimethyl-1H-pyrrole-3-carbaldehyde",0.2145144 milligram,0.8 micromole,0.21451440000000005 microliter,C13H11Cl2NO,B1(OC(C(O1)(C)C)(C)C)C2=CC=C(C=C2)N,"4-(4,4,5,5-tetramethyl-1,3,2-dioxaborolan-2-yl)aniline",0.21032928 milligram,0.9600000000000001 micromole,0.21032928000000006 microliter,C12H18BNO2,O=C([O-])[O-].[Na+].[Na+],Na2CO3,0.635928 milligram,6.0 micromole,0.6359280000000002 microliter,CNa2O3,CN1C=NC2=C1C(=O)N(C(=O)N2C)C,caffeine,0.1553528 milligram,0.8 micromole,0.15535280000000004 microliter,C8H10N4O2,C1COCCO1,dioxane,32.445 milligram,368.2496084262139 micromole,31.5 microliter,C4H8O2,O,water,3.5 milligram,194.2825423258396 micromole,3.5 microliter,H2O,Cc1cc(C=O)c(C)n1-c1cc(Cl)cc(-c2ccc(N)cc2)c1,suzuki_product_0,0.0 milligram,0.0 micromole,0 microliter,C19H17ClN2O,Cc1cc(C=O)c(C)n1-c1cc(-c2ccc(N)cc2)cc(-c2ccc(N)cc2)c1,bis_addition_1,0.0 milligram,0.0 micromole,0 microliter,C25H23N3O,Cc1cc(C=O)c(C)n1-c1cccc(Cl)c1,dehalogenation_0,0.0 milligram,0.0 micromole,0 microliter,C13H12ClNO,CC1=CC(C=O)=C(C)N1C2=CC(Cl)=CC(Cl)=C2.B1(OC(C(O1)(C)C)(C)C)C2=CC=C(C=C2)N>>Cc1cc(C=O)c(C)n1-c1cc(Cl)cc(-c2ccc(N)cc2)c1.Cc1cc(C=O)c(C)n1-c1cc(-c2ccc(N)cc2)cc(-c2ccc(N)cc2)c1.Cc1cc(C=O)c(C)n1-c1cccc(Cl)c1.Nc1ccccc1,001_RLN-NB-2443_007_F12,,,Nc1ccccc1,deborylation_0,0.0 milligram,0.0 micromole,0 microliter,C6H7N,3/29/2023 10:01:20 PM,kat78-2-f12-a1_03_22_2023_132.raw,2min_150_1200.EXP,001_RLN-NB-2443_007_F12,KAT78-2-F12-A1_KAT78-2-F12-A1_KAT78-2-F12-A1,0,0,0,0,0,0,0,0,0,0,0,0,0,0,0,bis_addition_1,0,0,0,0,0,165.4766270753123,19.76294845118007,4.1995530559443415,194.9,0.7334,0,0,0,0,0,0,0,0,0,0,0,0,0,0,0,0,0,0,0,0,31.028212874118218,2.421834970535737,0.514630925473012,382.1,1.0118,0,0,0,0,0,0,0,0,0,0,0,0,0,0,0,151.75644181072943,23.481021810545744,4.989629818888941,325.0,1.2301,0.0,0.0,0.0,0.0,0.0,145.54798728482447,16.451397244186612,3.495860738697259,267.8,1.3251,0.0,0.0,0.0009505068282114012,118.81335352642515,0.0,0.0,0.0,0.0,0.0,0.0,0.0,0.0,0.0,0.0,0.0006659491030835241,83.2436378854405,9.803537064394363e-05,12.254421330492953,0.0,0.0,0.0,0.0,0.0,0.0
132,F13,NC1=C(C=CC=C1)C2=C([Pd]OS(C)(=O)=O)C=CC=C2.CN(C)C3=CC=C(C=C3)P(C(C)(C)C)C(C)(C)C,APhos Pd G3,0.10161904000000001 milligram,0.16000000000000003 micromole,0.10161904000000004 microliter,C29H41N2O3PPdS,COC1=C(N)C(Cl)=NC=N1,4-chloro-6-methoxypyrimidin-5-amine,0.12766080000000002 milligram,0.8 micromole,0.12766080000000005 microliter,C5H6ClN3O,B1(OC(C(O1)(C)C)(C)C)C2=CN=C(C=C2)C,"2-methyl-5-(4,4,5,5-tetramethyl-1,3,2-dioxaborolan-2-yl)pyridine",0.21032928 milligram,0.9600000000000001 micromole,0.21032928000000006 microliter,C12H18BNO2,O=C([O-])[O-].[Na+].[Na+],Na2CO3,0.635928 milligram,6.0 micromole,0.6359280000000002 microliter,CNa2O3,CN1C=NC2=C1C(=O)N(C(=O)N2C)C,caffeine,0.1553528 milligram,0.8 micromole,0.15535280000000004 microliter,C8H10N4O2,C1COCCO1,dioxane,32.445 milligram,368.2496084262139 micromole,31.5 microliter,C4H8O2,O,water,3.5 milligram,194.2825423258396 micromole,3.5 microliter,H2O,COc1ncnc(-c2ccc(C)nc2)c1N,suzuki_product_0,0.0 milligram,0.0 micromole,0 microliter,C11H12N4O,COc1ncncc1N,dehalogenation_0,0.0 milligram,0.0 micromole,0 microliter,C5H7N3O,Cc1ccccn1,deborylation_0,0.0 milligram,0.0 micromole,0 microliter,C6H7N,COC1=C(N)C(Cl)=NC=N1.B1(OC(C(O1)(C)C)(C)C)C2=CN=C(C=C2)C>>COc1ncnc(-c2ccc(C)nc2)c1N.COc1ncncc1N.Cc1ccccn1,001_RLN-NB-2443_007_F13,,,,,,,,,3/29/2023 10:03:46 PM,kat78-2-f13-a1_03_22_2023_133.raw,2min_150_1200.EXP,001_RLN-NB-2443_007_F13,KAT78-2-F13-A1_KAT78-2-F13-A1_KAT78-2-F13-A1,0,0,0,0,0,0,0,0,0,0,0,0,0,0,0,deborylation_0,0,0,0,0,0,175.244277108546,43.836105184675695,4.332468016251999,195,0.7334,0,0,0,0,0,0,0,0,0,0,0,0,0,0,0,0,0,0,0,0,0,0,0,0,0,0,0,0,0,0,0,0,0,0,0,0,0,0,0,0,26.016736105089045,5.989334812550553,0.5919458721225784,217.0,0.6501,0.0,0.0,0.0,0.0,0.0,0.0,0.0,0.0,0.0,0.0,0.0,0.0,0.00010930414163974249,13.663017704967812,0.0,0.0,0.0,0.0,0.0,0.0,0.0,0.0,0.0,0.0,0.0,0.0,0.0,0.0,0.0,0.0,0.0,0.0,0.0,0.0
133,F14,NC1=C(C=CC=C1)C2=C([Pd]OS(C)(=O)=O)C=CC=C2.CN(C)C3=CC=C(C=C3)P(C(C)(C)C)C(C)(C)C,APhos Pd G3,0.10161904000000001 milligram,0.16000000000000003 micromole,0.10161904000000004 microliter,C29H41N2O3PPdS,COC1=C(N)C(Cl)=NC=N1,4-chloro-6-methoxypyrimidin-5-amine,0.12766080000000002 milligram,0.8 micromole,0.12766080000000005 microliter,C5H6ClN3O,B1(OC(C(O1)(C)C)(C)C)C2=CN(N=C2C)C,"1,3-dimethyl-4-(4,4,5,5-tetramethyl-1,3,2-dioxaborolan-2-yl)-1H-pyrazole",0.21321311999999998 milligram,0.9600000000000001 micromole,0.21321312000000003 microliter,C11H19BN2O2,O=C([O-])[O-].[Na+].[Na+],Na2CO3,0.635928 milligram,6.0 micromole,0.6359280000000002 microliter,CNa2O3,CN1C=NC2=C1C(=O)N(C(=O)N2C)C,caffeine,0.1553528 milligram,0.8 micromole,0.15535280000000004 microliter,C8H10N4O2,C1COCCO1,dioxane,32.445 milligram,368.2496084262139 micromole,31.5 microliter,C4H8O2,O,water,3.5 milligram,194.2825423258396 micromole,3.5 microliter,H2O,COc1ncnc(-c2cn(C)nc2C)c1N,suzuki_product_0,0.0 milligram,0.0 micromole,0 microliter,C10H13N5O,COc1ncncc1N,dehalogenation_0,0.0 milligram,0.0 micromole,0 microliter,C5H7N3O,Cc1ccn(C)n1,deborylation_0,0.0 milligram,0.0 micromole,0 microliter,C5H8N2,COC1=C(N)C(Cl)=NC=N1.B1(OC(C(O1)(C)C)(C)C)C2=CN(N=C2C)C>>COc1ncnc(-c2cn(C)nc2C)c1N.COc1ncncc1N.Cc1ccn(C)n1,001_RLN-NB-2443_007_F14,,,,,,,,,3/29/2023 10:06:14 PM,kat78-2-f14-a1_03_22_2023_134.raw,2min_150_1200.EXP,001_RLN-NB-2443_007_F14,KAT78-2-F14-A1_KAT78-2-F14-A1_KAT78-2-F14-A1,0,0,0,0,0,0,0,0,0,0,0,0,0,0,0,deborylation_0,0,0,0,0,0,181.39447531919686,48.3461970830123,4.772525061831903,194.9,0.7334,0,0,0,0,0,0,0,0,0,0,0,0,0,0,0,0,0,0,0,0,0,0,0,0,0,0,0,0,0,0,0,0,0,0,0,0,0,0,0,0,16.838123372764976,3.312942680448182,0.3270392073176559,220.0,0.6734,8.916913220255193,1.8752716995816117,0.18511861788488196,220.0,0.6934,0.0,0.0,0.0,0.0,0.0,0.0,0.0,5.482032309196491e-05,6.852540386495614,0.0,0.0,0.0,0.0,3.103072113592218e-05,3.8788401419902723,0.0,0.0,0.0,0.0,0.0,0.0,0.0,0.0,0.0,0.0,0.0,0.0,0.0,0.0
134,F15,NC1=C(C=CC=C1)C2=C([Pd]OS(C)(=O)=O)C=CC=C2.CN(C)C3=CC=C(C=C3)P(C(C)(C)C)C(C)(C)C,APhos Pd G3,0.10161904000000001 milligram,0.16000000000000003 micromole,0.10161904000000004 microliter,C29H41N2O3PPdS,COC1=C(N)C(Cl)=NC=N1,4-chloro-6-methoxypyrimidin-5-amine,0.12766080000000002 milligram,0.8 micromole,0.12766080000000005 microliter,C5H6ClN3O,B1(OC(C(O1)(C)C)(C)C)C2=CCN(CC2)C(=O)OC(C)(C)C,"N-Boc-1,2,5,6-tetrahydropyridine-4-boronic acid pinacol ester",0.29684640000000007 milligram,0.9600000000000001 micromole,0.2968464000000001 microliter,C16H28BNO4,O=C([O-])[O-].[Na+].[Na+],Na2CO3,0.635928 milligram,6.0 micromole,0.6359280000000002 microliter,CNa2O3,CN1C=NC2=C1C(=O)N(C(=O)N2C)C,caffeine,0.1553528 milligram,0.8 micromole,0.15535280000000004 microliter,C8H10N4O2,C1COCCO1,dioxane,32.445 milligram,368.2496084262139 micromole,31.5 microliter,C4H8O2,O,water,3.5 milligram,194.2825423258396 micromole,3.5 microliter,H2O,COc1ncnc(C2=CCN(C(=O)OC(C)(C)C)CC2)c1N,suzuki_product_0,0.0 milligram,0.0 micromole,0 microliter,C15H22N4O3,COc1ncncc1N,dehalogenation_0,0.0 milligram,0.0 micromole,0 microliter,C5H7N3O,CC(C)(C)OC(=O)N1CC=CCC1,deborylation_0,0.0 milligram,0.0 micromole,0 microliter,C10H17NO2,COC1=C(N)C(Cl)=NC=N1.B1(OC(C(O1)(C)C)(C)C)C2=CCN(CC2)C(=O)OC(C)(C)C>>COc1ncnc(C2=CCN(C(=O)OC(C)(C)C)CC2)c1N.COc1ncncc1N.CC(C)(C)OC(=O)N1CC=CCC1,001_RLN-NB-2443_007_F15,,,,,,,,,3/29/2023 10:08:41 PM,kat78-2-f15-a1_03_22_2023_135.raw,2min_150_1200.EXP,001_RLN-NB-2443_007_F15,KAT78-2-F15-A1_KAT78-2-F15-A1_KAT78-2-F15-A1,0,0,0,0,0,0,0,0,0,0,0,0,0,0,0,deborylation_0,0,0,0,0,0,175.8463901939103,25.77477882146408,4.4716767588380755,194.9,0.7318,0,0,0,0,0,0,0,0,0,0,0,0,0,0,0,0,0,0,0,0,0,0,0,0,0,0,0,0,0,0,0,0,0,0,0,0,0,0,0,0,200.20775104967433,31.170289382881393,5.407746059245159,251.1,0.9968,0.0,0.0,0.0,0.0,0.0,0.0,0.0,0.0,0.0,0.0,0.0,0.0,0.0009674663623316661,120.93329529145826,0.0,0.0,0.0,0.0,0.0,0.0,0.0,0.0,0.0,0.0,0.0,0.0,0.0,0.0,0.0,0.0,0.0,0.0,0.0,0.0
135,F16,NC1=C(C=CC=C1)C2=C([Pd]OS(C)(=O)=O)C=CC=C2.CN(C)C3=CC=C(C=C3)P(C(C)(C)C)C(C)(C)C,APhos Pd G3,0.10161904000000001 milligram,0.16000000000000003 micromole,0.10161904000000004 microliter,C29H41N2O3PPdS,COC1=C(N)C(Cl)=NC=N1,4-chloro-6-methoxypyrimidin-5-amine,0.12766080000000002 milligram,0.8 micromole,0.12766080000000005 microliter,C5H6ClN3O,B1(OC(C(O1)(C)C)(C)C)C2=CCN(CC2)C(=O)OC(C)(C)C,"N-Boc-1,2,5,6-tetrahydropyridine-4-boronic acid pinacol ester",0.29684640000000007 milligram,0.9600000000000001 micromole,0.2968464000000001 microliter,C16H28BNO4,O=C([O-])[O-].[Na+].[Na+],Na2CO3,0.635928 milligram,6.0 micromole,0.6359280000000002 microliter,CNa2O3,CN1C=NC2=C1C(=O)N(C(=O)N2C)C,caffeine,0.1553528 milligram,0.8 micromole,0.15535280000000004 microliter,C8H10N4O2,C1COCCO1,dioxane,32.445 milligram,368.2496084262139 micromole,31.5 microliter,C4H8O2,O,water,3.5 milligram,194.2825423258396 micromole,3.5 microliter,H2O,COc1ncnc(C2=CCN(C(=O)OC(C)(C)C)CC2)c1N,suzuki_product_0,0.0 milligram,0.0 micromole,0 microliter,C15H22N4O3,COc1ncncc1N,dehalogenation_0,0.0 milligram,0.0 micromole,0 microliter,C5H7N3O,CC(C)(C)OC(=O)N1CC=CCC1,deborylation_0,0.0 milligram,0.0 micromole,0 microliter,C10H17NO2,COC1=C(N)C(Cl)=NC=N1.B1(OC(C(O1)(C)C)(C)C)C2=CCN(CC2)C(=O)OC(C)(C)C>>COc1ncnc(C2=CCN(C(=O)OC(C)(C)C)CC2)c1N.COc1ncncc1N.CC(C)(C)OC(=O)N1CC=CCC1,001_RLN-NB-2443_007_F16,,,,,,,,,3/29/2023 10:11:08 PM,kat78-2-f16-a1_03_22_2023_136.raw,2min_150_1200.EXP,001_RLN-NB-2443_007_F16,KAT78-2-F16-A1_KAT78-2-F16-A1_KAT78-2-F16-A1,0,0,0,0,0,0,0,0,0,0,0,0,0,0,0,deborylation_0,0,0,0,0,0,177.4457505541252,25.314763768366976,4.567289422950356,194.9,0.7334,0,0,0,0,0,0,0,0,0,0,0,0,0,0,0,0,0,0,0,0,0,0,0,0,0,0,0,0,0,0,0,0,0,0,0,0,0,0,0,0,176.41867846079177,27.386759976467506,4.941118957851099,307.0,0.9968,0.0,0.0,0.0,0.0,0.0,0.0,0.0,0.0,0.0,0.0,0.0,0.0,0.0008654794562433065,108.18493203041331,0.0,0.0,0.0,0.0,0.0,0.0,0.0,0.0,0.0,0.0,0.0,0.0,0.0,0.0,0.0,0.0,0.0,0.0,0.0,0.0
136,F17,NC1=C(C=CC=C1)C2=C([Pd]OS(C)(=O)=O)C=CC=C2.CN(C)C3=CC=C(C=C3)P(C(C)(C)C)C(C)(C)C,APhos Pd G3,0.10161904000000001 milligram,0.16000000000000003 micromole,0.10161904000000004 microliter,C29H41N2O3PPdS,COC1=C(N)C(Cl)=NC=N1,4-chloro-6-methoxypyrimidin-5-amine,0.12766080000000002 milligram,0.8 micromole,0.12766080000000005 microliter,C5H6ClN3O,B1(OC(C(O1)(C)C)(C)C)C2=CC=C(C=C2)N,"4-(4,4,5,5-tetramethyl-1,3,2-dioxaborolan-2-yl)aniline",0.21032928 milligram,0.9600000000000001 micromole,0.21032928000000006 microliter,C12H18BNO2,O=C([O-])[O-].[Na+].[Na+],Na2CO3,0.635928 milligram,6.0 micromole,0.6359280000000002 microliter,CNa2O3,CN1C=NC2=C1C(=O)N(C(=O)N2C)C,caffeine,0.1553528 milligram,0.8 micromole,0.15535280000000004 microliter,C8H10N4O2,C1COCCO1,dioxane,32.445 milligram,368.2496084262139 micromole,31.5 microliter,C4H8O2,O,water,3.5 milligram,194.2825423258396 micromole,3.5 microliter,H2O,COc1ncnc(-c2ccc(N)cc2)c1N,suzuki_product_0,0.0 milligram,0.0 micromole,0 microliter,C11H12N4O,COc1ncncc1N,dehalogenation_0,0.0 milligram,0.0 micromole,0 microliter,C5H7N3O,Nc1ccccc1,deborylation_0,0.0 milligram,0.0 micromole,0 microliter,C6H7N,COC1=C(N)C(Cl)=NC=N1.B1(OC(C(O1)(C)C)(C)C)C2=CC=C(C=C2)N>>COc1ncnc(-c2ccc(N)cc2)c1N.COc1ncncc1N.Nc1ccccc1,001_RLN-NB-2443_007_F17,,,,,,,,,3/29/2023 10:13:35 PM,kat78-2-f17-a1_03_22_2023_137.raw,2min_150_1200.EXP,001_RLN-NB-2443_007_F17,KAT78-2-F17-A1_KAT78-2-F17-A1_KAT78-2-F17-A1,0,0,0,0,0,0,0,0,0,0,0,0,0,0,0,deborylation_0,0,0,0,0,0,182.04587006013108,49.78039924808656,4.565842961865419,194.9,0.7334,0,0,0,0,0,0,0,0,0,0,0,0,0,0,0,0,0,0,0,0,0,0,0,0,0,0,0,0,0,0,0,0,0,0,0,0,0,0,0,0,38.00544382435398,11.82233334485848,1.0843407909695255,216.9,0.6568,0.0,0.0,0.0,0.0,0.0,0.0,0.0,0.0,0.0,0.0,0.0,0.0,0.0001899917802738459,23.748972534230735,0.0,0.0,0.0,0.0,0.0,0.0,0.0,0.0,0.0,0.0,0.0,0.0,0.0,0.0,0.0,0.0,0.0,0.0,0.0,0.0
137,F18,NC1=C(C=CC=C1)C2=C([Pd]OS(C)(=O)=O)C=CC=C2.CN(C)C3=CC=C(C=C3)P(C(C)(C)C)C(C)(C)C,APhos Pd G3,0.10161904000000001 milligram,0.16000000000000003 micromole,0.10161904000000004 microliter,C29H41N2O3PPdS,COC1=C(N)C(Cl)=NC=N1,4-chloro-6-methoxypyrimidin-5-amine,0.12766080000000002 milligram,0.8 micromole,0.12766080000000005 microliter,C5H6ClN3O,B1(OC(C(O1)(C)C)(C)C)C2=CC=C(C=C2)N,"4-(4,4,5,5-tetramethyl-1,3,2-dioxaborolan-2-yl)aniline",0.21032928 milligram,0.9600000000000001 micromole,0.21032928000000006 microliter,C12H18BNO2,O=C([O-])[O-].[Na+].[Na+],Na2CO3,0.635928 milligram,6.0 micromole,0.6359280000000002 microliter,CNa2O3,CN1C=NC2=C1C(=O)N(C(=O)N2C)C,caffeine,0.1553528 milligram,0.8 micromole,0.15535280000000004 microliter,C8H10N4O2,C1COCCO1,dioxane,32.445 milligram,368.2496084262139 micromole,31.5 microliter,C4H8O2,O,water,3.5 milligram,194.2825423258396 micromole,3.5 microliter,H2O,COc1ncnc(-c2ccc(N)cc2)c1N,suzuki_product_0,0.0 milligram,0.0 micromole,0 microliter,C11H12N4O,COc1ncncc1N,dehalogenation_0,0.0 milligram,0.0 micromole,0 microliter,C5H7N3O,Nc1ccccc1,deborylation_0,0.0 milligram,0.0 micromole,0 microliter,C6H7N,COC1=C(N)C(Cl)=NC=N1.B1(OC(C(O1)(C)C)(C)C)C2=CC=C(C=C2)N>>COc1ncnc(-c2ccc(N)cc2)c1N.COc1ncncc1N.Nc1ccccc1,001_RLN-NB-2443_007_F18,,,,,,,,,3/29/2023 10:16:02 PM,kat78-2-f18-a1_03_22_2023_138.raw,2min_150_1200.EXP,001_RLN-NB-2443_007_F18,KAT78-2-F18-A1_KAT78-2-F18-A1_KAT78-2-F18-A1,0,0,0,0,0,0,0,0,0,0,0,0,0,0,0,deborylation_0,0,0,0,0,0,172.8926712105124,45.90679665854893,4.432281452975822,194.9,0.7334,0,0,0,0,0,0,0,0,0,0,0,0,0,0,0,11.804950520125303,4.13285061139788,0.3990249472004354,220,1.1151,0,0,0,0,0,0,0,0,0,0,0,0,0,0,0,0,0,0,0,0,29.24469353280248,7.986420502526806,0.7710854610985681,216.9,0.6584,0.0,0.0,0.0,0.0,0.0,0.0,0.0,0.0,0.0,0.0,0.0,0.0,0.00013917626292993889,17.39703286624236,0.0,0.0,0.0,0.0,0.0,0.0,0.0,0.0,7.20215900427589e-05,9.002698755344861,0.0,0.0,0.0,0.0,0.0,0.0,0.0,0.0,0.0,0.0
138,F19,NC1=C(C=CC=C1)C2=C([Pd]OS(C)(=O)=O)C=CC=C2.CN(C)C3=CC=C(C=C3)P(C(C)(C)C)C(C)(C)C,APhos Pd G3,0.10161904000000001 milligram,0.16000000000000003 micromole,0.10161904000000004 microliter,C29H41N2O3PPdS,CC1=C(N2CCCC2=O)C=CC(Br)=C1,1-(4-bromo-2-methylphenyl)pyrrolidin-2-one,0.20330160000000003 milligram,0.8 micromole,0.20330160000000008 microliter,C11H12BrNO,B1(OC(C(O1)(C)C)(C)C)C2=CN=C(C=C2)C,"2-methyl-5-(4,4,5,5-tetramethyl-1,3,2-dioxaborolan-2-yl)pyridine",0.21032928 milligram,0.9600000000000001 micromole,0.21032928000000006 microliter,C12H18BNO2,O=C([O-])[O-].[Na+].[Na+],Na2CO3,0.635928 milligram,6.0 micromole,0.6359280000000002 microliter,CNa2O3,CN1C=NC2=C1C(=O)N(C(=O)N2C)C,caffeine,0.1553528 milligram,0.8 micromole,0.15535280000000004 microliter,C8H10N4O2,C1COCCO1,dioxane,32.445 milligram,368.2496084262139 micromole,31.5 microliter,C4H8O2,O,water,3.5 milligram,194.2825423258396 micromole,3.5 microliter,H2O,Cc1ccc(-c2ccc(N3CCCC3=O)c(C)c2)cn1,suzuki_product_0,0.0 milligram,0.0 micromole,0 microliter,C17H18N2O,Cc1ccccc1N1CCCC1=O,dehalogenation_0,0.0 milligram,0.0 micromole,0 microliter,C11H13NO,Cc1ccccn1,deborylation_0,0.0 milligram,0.0 micromole,0 microliter,C6H7N,CC1=C(N2CCCC2=O)C=CC(Br)=C1.B1(OC(C(O1)(C)C)(C)C)C2=CN=C(C=C2)C>>Cc1ccc(-c2ccc(N3CCCC3=O)c(C)c2)cn1.Cc1ccccc1N1CCCC1=O.Cc1ccccn1,001_RLN-NB-2443_007_F19,,,,,,,,,3/29/2023 10:18:29 PM,kat78-2-f19-a1_03_22_2023_139.raw,2min_150_1200.EXP,001_RLN-NB-2443_007_F19,KAT78-2-F19-A1_KAT78-2-F19-A1_KAT78-2-F19-A1,0,0,0,0,0,0,0,0,0,0,0,0,0,0,0,deborylation_0,0,0,0,0,0,171.34639573720509,41.337179223230414,4.445409614139914,195,0.7318,0,0,0,0,0,0,0,0,0,0,0,0,0,0,0,0,0,0,0,0,0,0,0,0,0,0,0,0,0,0,0,0,0,0,0,64.93853891445953,12.342357820365061,1.327299954830301,255.8,1.1868,0.0,0.0,0.0,0.0,0.0,0.0,0.0,0.0,0.0,0.0,0.0,0.0,0.0,0.0,0.0,0.0,0.0,0.0,0.0,0.0,0.0,0.0,0.0,0.0,0.0,0.0,0.0,0.0,0.0,0.0,0.0,0.0,0.0,0.0,0.0,0.0,0.0,0.00023886211981158072,29.857764976447587
139,F20,NC1=C(C=CC=C1)C2=C([Pd]OS(C)(=O)=O)C=CC=C2.CN(C)C3=CC=C(C=C3)P(C(C)(C)C)C(C)(C)C,APhos Pd G3,0.10161904000000001 milligram,0.16000000000000003 micromole,0.10161904000000004 microliter,C29H41N2O3PPdS,CC1=C(N2CCCC2=O)C=CC(Br)=C1,1-(4-bromo-2-methylphenyl)pyrrolidin-2-one,0.20330160000000003 milligram,0.8 micromole,0.20330160000000008 microliter,C11H12BrNO,B1(OC(C(O1)(C)C)(C)C)C2=CN(N=C2C)C,"1,3-dimethyl-4-(4,4,5,5-tetramethyl-1,3,2-dioxaborolan-2-yl)-1H-pyrazole",0.21321311999999998 milligram,0.9600000000000001 micromole,0.21321312000000003 microliter,C11H19BN2O2,O=C([O-])[O-].[Na+].[Na+],Na2CO3,0.635928 milligram,6.0 micromole,0.6359280000000002 microliter,CNa2O3,CN1C=NC2=C1C(=O)N(C(=O)N2C)C,caffeine,0.1553528 milligram,0.8 micromole,0.15535280000000004 microliter,C8H10N4O2,C1COCCO1,dioxane,32.445 milligram,368.2496084262139 micromole,31.5 microliter,C4H8O2,O,water,3.5 milligram,194.2825423258396 micromole,3.5 microliter,H2O,Cc1cc(-c2cn(C)nc2C)ccc1N1CCCC1=O,suzuki_product_0,0.0 milligram,0.0 micromole,0 microliter,C16H19N3O,Cc1ccccc1N1CCCC1=O,dehalogenation_0,0.0 milligram,0.0 micromole,0 microliter,C11H13NO,Cc1ccn(C)n1,deborylation_0,0.0 milligram,0.0 micromole,0 microliter,C5H8N2,CC1=C(N2CCCC2=O)C=CC(Br)=C1.B1(OC(C(O1)(C)C)(C)C)C2=CN(N=C2C)C>>Cc1cc(-c2cn(C)nc2C)ccc1N1CCCC1=O.Cc1ccccc1N1CCCC1=O.Cc1ccn(C)n1,001_RLN-NB-2443_007_F20,,,,,,,,,3/29/2023 10:20:57 PM,kat78-2-f20-a1_03_22_2023_140.raw,2min_150_1200.EXP,001_RLN-NB-2443_007_F20,KAT78-2-F20-A1_KAT78-2-F20-A1_KAT78-2-F20-A1,0,0,0,0,0,0,0,0,0,0,0,0,0,0,0,deborylation_0,0,0,0,0,0,183.12510679655654,50.68287226884293,4.953412537011962,194.9,0.7334,0,0,0,0,0,0,0,0,0,0,0,0,0,0,0,0,0,0,0,0,0,0,0,0,0,0,0,0,0,0,0,0,0,0,0,0,0,0,0,0,0.0,0.0,0.0,0.0,0.0,0.0,0.0,0.0,0.0,0.0,0.0,0.0,0.0,0.0,0.0,0.0,0.0,0.0,0.0,0.0,0.0,0.0,0.0,0.0,0.0,0.0,0.0,0.0,0.0,0.0,0.0,0.0,0.0,0.0,0.0,0.0,0.0,0.0,0.0
140,F21,NC1=C(C=CC=C1)C2=C([Pd]OS(C)(=O)=O)C=CC=C2.CN(C)C3=CC=C(C=C3)P(C(C)(C)C)C(C)(C)C,APhos Pd G3,0.10161904000000001 milligram,0.16000000000000003 micromole,0.10161904000000004 microliter,C29H41N2O3PPdS,CC1=C(N2CCCC2=O)C=CC(Br)=C1,1-(4-bromo-2-methylphenyl)pyrrolidin-2-one,0.20330160000000003 milligram,0.8 micromole,0.20330160000000008 microliter,C11H12BrNO,B1(OC(C(O1)(C)C)(C)C)C2=CCN(CC2)C(=O)OC(C)(C)C,"N-Boc-1,2,5,6-tetrahydropyridine-4-boronic acid pinacol ester",0.29684640000000007 milligram,0.9600000000000001 micromole,0.2968464000000001 microliter,C16H28BNO4,O=C([O-])[O-].[Na+].[Na+],Na2CO3,0.635928 milligram,6.0 micromole,0.6359280000000002 microliter,CNa2O3,CN1C=NC2=C1C(=O)N(C(=O)N2C)C,caffeine,0.1553528 milligram,0.8 micromole,0.15535280000000004 microliter,C8H10N4O2,C1COCCO1,dioxane,32.445 milligram,368.2496084262139 micromole,31.5 microliter,C4H8O2,O,water,3.5 milligram,194.2825423258396 micromole,3.5 microliter,H2O,Cc1cc(C2=CCN(C(=O)OC(C)(C)C)CC2)ccc1N1CCCC1=O,suzuki_product_0,0.0 milligram,0.0 micromole,0 microliter,C21H28N2O3,Cc1ccccc1N1CCCC1=O,dehalogenation_0,0.0 milligram,0.0 micromole,0 microliter,C11H13NO,CC(C)(C)OC(=O)N1CC=CCC1,deborylation_0,0.0 milligram,0.0 micromole,0 microliter,C10H17NO2,CC1=C(N2CCCC2=O)C=CC(Br)=C1.B1(OC(C(O1)(C)C)(C)C)C2=CCN(CC2)C(=O)OC(C)(C)C>>Cc1cc(C2=CCN(C(=O)OC(C)(C)C)CC2)ccc1N1CCCC1=O.Cc1ccccc1N1CCCC1=O.CC(C)(C)OC(=O)N1CC=CCC1,001_RLN-NB-2443_007_F21,,,,,,,,,3/29/2023 10:23:23 PM,kat78-2-f21-a1_03_22_2023_141.raw,2min_150_1200.EXP,001_RLN-NB-2443_007_F21,KAT78-2-F21-A1_KAT78-2-F21-A1_KAT78-2-F21-A1,0,0,0,0,0,0,0,0,0,0,0,0,0,0,0,deborylation_0,0,0,0,0,0,176.90461651957685,18.147988699527197,4.494771668469595,195,0.7334,0,0,0,0,0,0,0,0,0,0,0,0,0,0,0,0,0,0,0,0,0,0,0,0,0,0,0,0,0,0,0,0,0,0,0,62.85198299922088,5.207602310572019,1.28978388259773,255.8,1.1884,298.3418348324244,38.51961857045797,9.540279812674804,357.0,1.3251,0.0,0.0,0.0,0.0,0.0,0.0,0.0,0.0,0.0,0.0,0.0,0.0,0.0016980225944911024,212.2528243113878,0.0,0.0,0.0,0.0,0.0,0.0,0.0,0.0,0.0,0.0,0.0,0.0,0.0,0.0,0.0,0.0,0.0,0.0,0.00022956162897358172,28.69520362169771
141,F22,NC1=C(C=CC=C1)C2=C([Pd]OS(C)(=O)=O)C=CC=C2.CN(C)C3=CC=C(C=C3)P(C(C)(C)C)C(C)(C)C,APhos Pd G3,0.10161904000000001 milligram,0.16000000000000003 micromole,0.10161904000000004 microliter,C29H41N2O3PPdS,CC1=C(N2CCCC2=O)C=CC(Br)=C1,1-(4-bromo-2-methylphenyl)pyrrolidin-2-one,0.20330160000000003 milligram,0.8 micromole,0.20330160000000008 microliter,C11H12BrNO,B1(OC(C(O1)(C)C)(C)C)C2=CCN(CC2)C(=O)OC(C)(C)C,"N-Boc-1,2,5,6-tetrahydropyridine-4-boronic acid pinacol ester",0.29684640000000007 milligram,0.9600000000000001 micromole,0.2968464000000001 microliter,C16H28BNO4,O=C([O-])[O-].[Na+].[Na+],Na2CO3,0.635928 milligram,6.0 micromole,0.6359280000000002 microliter,CNa2O3,CN1C=NC2=C1C(=O)N(C(=O)N2C)C,caffeine,0.1553528 milligram,0.8 micromole,0.15535280000000004 microliter,C8H10N4O2,C1COCCO1,dioxane,32.445 milligram,368.2496084262139 micromole,31.5 microliter,C4H8O2,O,water,3.5 milligram,194.2825423258396 micromole,3.5 microliter,H2O,Cc1cc(C2=CCN(C(=O)OC(C)(C)C)CC2)ccc1N1CCCC1=O,suzuki_product_0,0.0 milligram,0.0 micromole,0 microliter,C21H28N2O3,Cc1ccccc1N1CCCC1=O,dehalogenation_0,0.0 milligram,0.0 micromole,0 microliter,C11H13NO,CC(C)(C)OC(=O)N1CC=CCC1,deborylation_0,0.0 milligram,0.0 micromole,0 microliter,C10H17NO2,CC1=C(N2CCCC2=O)C=CC(Br)=C1.B1(OC(C(O1)(C)C)(C)C)C2=CCN(CC2)C(=O)OC(C)(C)C>>Cc1cc(C2=CCN(C(=O)OC(C)(C)C)CC2)ccc1N1CCCC1=O.Cc1ccccc1N1CCCC1=O.CC(C)(C)OC(=O)N1CC=CCC1,001_RLN-NB-2443_007_F22,,,,,,,,,3/29/2023 10:25:51 PM,kat78-2-f22-a1_03_22_2023_142.raw,2min_150_1200.EXP,001_RLN-NB-2443_007_F22,KAT78-2-F22-A1_KAT78-2-F22-A1_KAT78-2-F22-A1,0,0,0,0,0,0,0,0,0,0,0,0,0,0,0,deborylation_0,0,0,0,0,0,181.46792523715868,17.49918793661967,4.500549574600322,194.9,0.7334,0,0,0,0,0,13.64054525890471,1.3751366682889823,0.3536661683902569,176,1.0268,0,0,0,0,0,0,0,0,0,0,0,0,0,0,0,0,0,0,0,0,0,0,0,0,0,59.165866745041406,4.777137066488459,1.228613708833919,255.9,1.1884,337.3474861724486,41.48541524102366,10.669476126054631,357.0,1.3251,0.0,0.0,0.0,0.0,0.0,0.0,0.0,0.0,0.0,0.0,0.0,0.0,0.0018965641327485475,237.07051659356844,6.286630777471922e-05,7.858288471839902,0.0,0.0,0.0,0.0,0.0,0.0,0.0,0.0,0.0,0.0,0.0,0.0,0.0,0.0,0.0,0.0,0.00021839354300511672,27.299192875639587
142,F23,NC1=C(C=CC=C1)C2=C([Pd]OS(C)(=O)=O)C=CC=C2.CN(C)C3=CC=C(C=C3)P(C(C)(C)C)C(C)(C)C,APhos Pd G3,0.10161904000000001 milligram,0.16000000000000003 micromole,0.10161904000000004 microliter,C29H41N2O3PPdS,CC1=C(N2CCCC2=O)C=CC(Br)=C1,1-(4-bromo-2-methylphenyl)pyrrolidin-2-one,0.20330160000000003 milligram,0.8 micromole,0.20330160000000008 microliter,C11H12BrNO,B1(OC(C(O1)(C)C)(C)C)C2=CC=C(C=C2)N,"4-(4,4,5,5-tetramethyl-1,3,2-dioxaborolan-2-yl)aniline",0.21032928 milligram,0.9600000000000001 micromole,0.21032928000000006 microliter,C12H18BNO2,O=C([O-])[O-].[Na+].[Na+],Na2CO3,0.635928 milligram,6.0 micromole,0.6359280000000002 microliter,CNa2O3,CN1C=NC2=C1C(=O)N(C(=O)N2C)C,caffeine,0.1553528 milligram,0.8 micromole,0.15535280000000004 microliter,C8H10N4O2,C1COCCO1,dioxane,32.445 milligram,368.2496084262139 micromole,31.5 microliter,C4H8O2,O,water,3.5 milligram,194.2825423258396 micromole,3.5 microliter,H2O,Cc1cc(-c2ccc(N)cc2)ccc1N1CCCC1=O,suzuki_product_0,0.0 milligram,0.0 micromole,0 microliter,C17H18N2O,Cc1ccccc1N1CCCC1=O,dehalogenation_0,0.0 milligram,0.0 micromole,0 microliter,C11H13NO,Nc1ccccc1,deborylation_0,0.0 milligram,0.0 micromole,0 microliter,C6H7N,CC1=C(N2CCCC2=O)C=CC(Br)=C1.B1(OC(C(O1)(C)C)(C)C)C2=CC=C(C=C2)N>>Cc1cc(-c2ccc(N)cc2)ccc1N1CCCC1=O.Cc1ccccc1N1CCCC1=O.Nc1ccccc1,001_RLN-NB-2443_007_F23,,,,,,,,,3/29/2023 10:28:19 PM,kat78-2-f23-a1_03_22_2023_143.raw,2min_150_1200.EXP,001_RLN-NB-2443_007_F23,KAT78-2-F23-A1_KAT78-2-F23-A1_KAT78-2-F23-A1,0,0,0,0,0,0,0,0,0,0,0,0,0,0,0,deborylation_0,0,0,0,0,0,185.83195897236857,28.00219400973274,4.6421763809266166,195,0.7318,0,0,0,0,0,0,0,0,0,0,0,0,0,0,0,0,0,0,0,0,0,0,0,0,0,0,0,0,0,0,0,0,0,0,0,146.0770497229187,21.325620387848847,3.535340525055661,502.1,1.1884,104.99610516228287,16.02806523713837,2.6571170048294674,267.1,0.8851,0.0,0.0,0.0,0.0,0.0,0.0,0.0,0.0,0.0,0.0,0.0,0.0,0.00045790884047349964,57.23860505918745,0.0,0.0,0.0,0.0,0.0,0.0,0.0,0.0,0.0,0.0,0.0,0.0,0.0,0.0,0.0,0.0,0.0,0.0,0.0006092556999051342,76.15696248814177
143,F24,NC1=C(C=CC=C1)C2=C([Pd]OS(C)(=O)=O)C=CC=C2.CN(C)C3=CC=C(C=C3)P(C(C)(C)C)C(C)(C)C,APhos Pd G3,0.10161904000000001 milligram,0.16000000000000003 micromole,0.10161904000000004 microliter,C29H41N2O3PPdS,CC1=C(N2CCCC2=O)C=CC(Br)=C1,1-(4-bromo-2-methylphenyl)pyrrolidin-2-one,0.20330160000000003 milligram,0.8 micromole,0.20330160000000008 microliter,C11H12BrNO,B1(OC(C(O1)(C)C)(C)C)C2=CC=C(C=C2)N,"4-(4,4,5,5-tetramethyl-1,3,2-dioxaborolan-2-yl)aniline",0.21032928 milligram,0.9600000000000001 micromole,0.21032928000000006 microliter,C12H18BNO2,O=C([O-])[O-].[Na+].[Na+],Na2CO3,0.635928 milligram,6.0 micromole,0.6359280000000002 microliter,CNa2O3,CN1C=NC2=C1C(=O)N(C(=O)N2C)C,caffeine,0.1553528 milligram,0.8 micromole,0.15535280000000004 microliter,C8H10N4O2,C1COCCO1,dioxane,32.445 milligram,368.2496084262139 micromole,31.5 microliter,C4H8O2,O,water,3.5 milligram,194.2825423258396 micromole,3.5 microliter,H2O,Cc1cc(-c2ccc(N)cc2)ccc1N1CCCC1=O,suzuki_product_0,0.0 milligram,0.0 micromole,0 microliter,C17H18N2O,Cc1ccccc1N1CCCC1=O,dehalogenation_0,0.0 milligram,0.0 micromole,0 microliter,C11H13NO,Nc1ccccc1,deborylation_0,0.0 milligram,0.0 micromole,0 microliter,C6H7N,CC1=C(N2CCCC2=O)C=CC(Br)=C1.B1(OC(C(O1)(C)C)(C)C)C2=CC=C(C=C2)N>>Cc1cc(-c2ccc(N)cc2)ccc1N1CCCC1=O.Cc1ccccc1N1CCCC1=O.Nc1ccccc1,001_RLN-NB-2443_007_F24,,,,,,,,,3/29/2023 10:30:46 PM,kat78-2-f24-a1_03_22_2023_144.raw,2min_150_1200.EXP,001_RLN-NB-2443_007_F24,KAT78-2-F24-A1_KAT78-2-F24-A1_KAT78-2-F24-A1,0,0,0,0,0,0,0,0,0,0,0,0,0,0,0,deborylation_0,0,0,0,0,0,183.4048204854739,34.077772842674584,4.722739723309235,195,0.7318,0,0,0,0,0,0,0,0,0,0,0,0,0,0,0,14.686686019769597,3.089910837056724,0.42822178312595865,220,1.0984,0,0,0,0,0,0,0,0,0,0,0,0,0,0,0,141.14581833712094,24.54626551000891,3.401795760485975,255.9,1.1868,71.23956388985249,12.767897396117739,1.7694658771910872,266.9,0.8834,0.0,0.0,0.0,0.0,0.0,0.0,0.0,0.0,0.0,0.0,0.0,0.0,0.0002997354892894615,37.46693616118269,0.0,0.0,0.0,0.0,0.0,0.0,0.0,0.0,7.253785865224901e-05,9.067232331531125,0.0,0.0,0.0,0.0,0.0,0.0,0.0,0.0,0.0005762410735779153,72.0301341972394
144,G1,NC1=C(C=CC=C1)C2=C([Pd]OS(C)(=O)=O)C=CC=C2.CN(C)C3=CC=C(C=C3)P(C(C)(C)C)C(C)(C)C,APhos Pd G3,0.10161904000000001 milligram,0.16000000000000003 micromole,0.10161904000000004 microliter,C29H41N2O3PPdS,BrC1=CC=CN2C=CN=C12,"8-bromoimidazo[1,2-a]pyridine",0.15762800000000002 milligram,0.8 micromole,0.15762800000000005 microliter,C7H5BrN2,B1(OC(C(O1)(C)C)(C)C)C2=CN=C(C=C2)C,"2-methyl-5-(4,4,5,5-tetramethyl-1,3,2-dioxaborolan-2-yl)pyridine",0.21032928 milligram,0.9600000000000001 micromole,0.21032928000000006 microliter,C12H18BNO2,O=C([O-])[O-].[Na+].[Na+],Na2CO3,0.635928 milligram,6.0 micromole,0.6359280000000002 microliter,CNa2O3,CN1C=NC2=C1C(=O)N(C(=O)N2C)C,caffeine,0.1553528 milligram,0.8 micromole,0.15535280000000004 microliter,C8H10N4O2,C1COCCO1,dioxane,32.445 milligram,368.2496084262139 micromole,31.5 microliter,C4H8O2,O,water,3.5 milligram,194.2825423258396 micromole,3.5 microliter,H2O,Cc1ccc(-c2cccn3ccnc23)cn1,suzuki_product_0,0.0 milligram,0.0 micromole,0 microliter,C13H11N3,c1ccn2ccnc2c1,dehalogenation_0,0.0 milligram,0.0 micromole,0 microliter,C7H6N2,Cc1ccccn1,deborylation_0,0.0 milligram,0.0 micromole,0 microliter,C6H7N,BrC1=CC=CN2C=CN=C12.B1(OC(C(O1)(C)C)(C)C)C2=CN=C(C=C2)C>>Cc1ccc(-c2cccn3ccnc23)cn1.c1ccn2ccnc2c1.Cc1ccccn1,001_RLN-NB-2443_007_G1,,,,,,,,,3/29/2023 10:33:12 PM,kat78-2-g1-a1_03_22_2023_145.raw,2min_150_1200.EXP,001_RLN-NB-2443_007_G1,KAT78-2-G1-A1_KAT78-2-G1-A1_KAT78-2-G1-A1,0,0,0,0,0,0,0,0,0,0,0,0,0,0,0,deborylation_0,0,0,0,0,0,187.03974222936642,7.1746542139347795,4.761050610407688,195.1,0.7334,0,0,0,0,0,0,0,0,0,0,0,0,0,0,0,0,0,0,0,0,0,0,0,0,0,0,0,0,0,0,0,0,0,0,0,0,0,0,0,0,53.762783209981215,2.7258942049137995,1.808884425817375,210.0,0.5851,0.0,0.0,0.0,0.0,0.0,0.0,0.0,0.0,0.0,0.0,0.0,0.0,0.0003039471030806758,37.99338788508448,0.0,0.0,0.0,0.0,0.0,0.0,0.0,0.0,0.0,0.0,0.0,0.0,0.0,0.0,0.0,0.0,0.0,0.0,0.0,0.0
145,G2,NC1=C(C=CC=C1)C2=C([Pd]OS(C)(=O)=O)C=CC=C2.CN(C)C3=CC=C(C=C3)P(C(C)(C)C)C(C)(C)C,APhos Pd G3,0.10161904000000001 milligram,0.16000000000000003 micromole,0.10161904000000004 microliter,C29H41N2O3PPdS,BrC1=CC=CN2C=CN=C12,"8-bromoimidazo[1,2-a]pyridine",0.15762800000000002 milligram,0.8 micromole,0.15762800000000005 microliter,C7H5BrN2,B1(OC(C(O1)(C)C)(C)C)C2=CN(N=C2C)C,"1,3-dimethyl-4-(4,4,5,5-tetramethyl-1,3,2-dioxaborolan-2-yl)-1H-pyrazole",0.21321311999999998 milligram,0.9600000000000001 micromole,0.21321312000000003 microliter,C11H19BN2O2,O=C([O-])[O-].[Na+].[Na+],Na2CO3,0.635928 milligram,6.0 micromole,0.6359280000000002 microliter,CNa2O3,CN1C=NC2=C1C(=O)N(C(=O)N2C)C,caffeine,0.1553528 milligram,0.8 micromole,0.15535280000000004 microliter,C8H10N4O2,C1COCCO1,dioxane,32.445 milligram,368.2496084262139 micromole,31.5 microliter,C4H8O2,O,water,3.5 milligram,194.2825423258396 micromole,3.5 microliter,H2O,Cc1nn(C)cc1-c1cccn2ccnc12,suzuki_product_0,0.0 milligram,0.0 micromole,0 microliter,C12H12N4,c1ccn2ccnc2c1,dehalogenation_0,0.0 milligram,0.0 micromole,0 microliter,C7H6N2,Cc1ccn(C)n1,deborylation_0,0.0 milligram,0.0 micromole,0 microliter,C5H8N2,BrC1=CC=CN2C=CN=C12.B1(OC(C(O1)(C)C)(C)C)C2=CN(N=C2C)C>>Cc1nn(C)cc1-c1cccn2ccnc12.c1ccn2ccnc2c1.Cc1ccn(C)n1,001_RLN-NB-2443_007_G2,,,,,,,,,3/29/2023 10:35:40 PM,kat78-2-g2-a1_03_22_2023_146.raw,2min_150_1200.EXP,001_RLN-NB-2443_007_G2,KAT78-2-G2-A1_KAT78-2-G2-A1_KAT78-2-G2-A1,0,0,0,0,0,0,0,0,0,0,0,0,0,0,0,deborylation_0,0,0,0,0,0,184.70901456771918,11.88427871831502,4.8088750506670275,195.1,0.7318,0,0,0,0,0,0,0,0,0,0,0,0,0,0,0,0,0,0,0,0,0,0,0,0,0,0,0,0,0,0,0,0,0,0,0,0,0,0,0,0,0.0,0.0,0.0,0.0,0.0,0.0,0.0,0.0,0.0,0.0,0.0,0.0,0.0,0.0,0.0,0.0,0.0,0.0,0.0,0.0,0.0,0.0,0.0,0.0,0.0,0.0,0.0,0.0,0.0,0.0,0.0,0.0,0.0,0.0,0.0,0.0,0.0,0.0,0.0
146,G3,NC1=C(C=CC=C1)C2=C([Pd]OS(C)(=O)=O)C=CC=C2.CN(C)C3=CC=C(C=C3)P(C(C)(C)C)C(C)(C)C,APhos Pd G3,0.10161904000000001 milligram,0.16000000000000003 micromole,0.10161904000000004 microliter,C29H41N2O3PPdS,BrC1=CC=CN2C=CN=C12,"8-bromoimidazo[1,2-a]pyridine",0.15762800000000002 milligram,0.8 micromole,0.15762800000000005 microliter,C7H5BrN2,B1(OC(C(O1)(C)C)(C)C)C2=CCN(CC2)C(=O)OC(C)(C)C,"N-Boc-1,2,5,6-tetrahydropyridine-4-boronic acid pinacol ester",0.29684640000000007 milligram,0.9600000000000001 micromole,0.2968464000000001 microliter,C16H28BNO4,O=C([O-])[O-].[Na+].[Na+],Na2CO3,0.635928 milligram,6.0 micromole,0.6359280000000002 microliter,CNa2O3,CN1C=NC2=C1C(=O)N(C(=O)N2C)C,caffeine,0.1553528 milligram,0.8 micromole,0.15535280000000004 microliter,C8H10N4O2,C1COCCO1,dioxane,32.445 milligram,368.2496084262139 micromole,31.5 microliter,C4H8O2,O,water,3.5 milligram,194.2825423258396 micromole,3.5 microliter,H2O,CC(C)(C)OC(=O)N1CC=C(c2cccn3ccnc23)CC1,suzuki_product_0,0.0 milligram,0.0 micromole,0 microliter,C17H21N3O2,c1ccn2ccnc2c1,dehalogenation_0,0.0 milligram,0.0 micromole,0 microliter,C7H6N2,CC(C)(C)OC(=O)N1CC=CCC1,deborylation_0,0.0 milligram,0.0 micromole,0 microliter,C10H17NO2,BrC1=CC=CN2C=CN=C12.B1(OC(C(O1)(C)C)(C)C)C2=CCN(CC2)C(=O)OC(C)(C)C>>CC(C)(C)OC(=O)N1CC=C(c2cccn3ccnc23)CC1.c1ccn2ccnc2c1.CC(C)(C)OC(=O)N1CC=CCC1,001_RLN-NB-2443_007_G3,,,,,,,,,3/29/2023 10:38:07 PM,kat78-2-g3-a1_03_22_2023_147.raw,2min_150_1200.EXP,001_RLN-NB-2443_007_G3,KAT78-2-G3-A1_KAT78-2-G3-A1_KAT78-2-G3-A1,0,0,0,0,0,0,0,0,0,0,0,0,0,0,0,deborylation_0,0,0,0,0,0,179.2052726998121,10.01103479588345,4.5600611465545695,194.9,0.7301,0,0,0,0,0,0,0,0,0,0,0,0,0,0,0,0,0,0,0,0,0,0,0,0,0,0,0,0,0,0,0,0,0,0,0,0,0,0,0,0,192.35976537623307,12.88349761201001,5.868477943600128,300.0,0.8684,0.0,0.0,0.0,0.0,0.0,0.0,0.0,0.0,0.0,0.0,0.0,0.0,0.0010295437284711245,128.69296605889056,0.0,0.0,0.0,0.0,0.0,0.0,0.0,0.0,0.0,0.0,0.0,0.0,0.0,0.0,0.0,0.0,0.0,0.0,0.0,0.0
147,G4,NC1=C(C=CC=C1)C2=C([Pd]OS(C)(=O)=O)C=CC=C2.CN(C)C3=CC=C(C=C3)P(C(C)(C)C)C(C)(C)C,APhos Pd G3,0.10161904000000001 milligram,0.16000000000000003 micromole,0.10161904000000004 microliter,C29H41N2O3PPdS,BrC1=CC=CN2C=CN=C12,"8-bromoimidazo[1,2-a]pyridine",0.15762800000000002 milligram,0.8 micromole,0.15762800000000005 microliter,C7H5BrN2,B1(OC(C(O1)(C)C)(C)C)C2=CCN(CC2)C(=O)OC(C)(C)C,"N-Boc-1,2,5,6-tetrahydropyridine-4-boronic acid pinacol ester",0.29684640000000007 milligram,0.9600000000000001 micromole,0.2968464000000001 microliter,C16H28BNO4,O=C([O-])[O-].[Na+].[Na+],Na2CO3,0.635928 milligram,6.0 micromole,0.6359280000000002 microliter,CNa2O3,CN1C=NC2=C1C(=O)N(C(=O)N2C)C,caffeine,0.1553528 milligram,0.8 micromole,0.15535280000000004 microliter,C8H10N4O2,C1COCCO1,dioxane,32.445 milligram,368.2496084262139 micromole,31.5 microliter,C4H8O2,O,water,3.5 milligram,194.2825423258396 micromole,3.5 microliter,H2O,CC(C)(C)OC(=O)N1CC=C(c2cccn3ccnc23)CC1,suzuki_product_0,0.0 milligram,0.0 micromole,0 microliter,C17H21N3O2,c1ccn2ccnc2c1,dehalogenation_0,0.0 milligram,0.0 micromole,0 microliter,C7H6N2,CC(C)(C)OC(=O)N1CC=CCC1,deborylation_0,0.0 milligram,0.0 micromole,0 microliter,C10H17NO2,BrC1=CC=CN2C=CN=C12.B1(OC(C(O1)(C)C)(C)C)C2=CCN(CC2)C(=O)OC(C)(C)C>>CC(C)(C)OC(=O)N1CC=C(c2cccn3ccnc23)CC1.c1ccn2ccnc2c1.CC(C)(C)OC(=O)N1CC=CCC1,001_RLN-NB-2443_007_G4,,,,,,,,,3/29/2023 10:40:34 PM,kat78-2-g4-a1_03_22_2023_148.raw,2min_150_1200.EXP,001_RLN-NB-2443_007_G4,KAT78-2-G4-A1_KAT78-2-G4-A1_KAT78-2-G4-A1,0,0,0,0,0,0,0,0,0,0,0,0,0,0,0,deborylation_0,0,0,0,0,0,171.58796569816354,13.208622978491361,4.303497476568069,194.9,0.7318,0,0,0,0,0,0,0,0,0,0,0,0,0,0,0,0,0,0,0,0,0,0,0,0,0,0,0,0,0,0,0,0,0,0,0,0,0,0,0,0,0.0,0.0,0.0,0.0,0.0,0.0,0.0,0.0,0.0,0.0,0.0,0.0,0.0,0.0,0.0,0.0,0.0,0.0,0.0,0.0,0.0,0.0,0.0,0.0,0.0,0.0,0.0,0.0,0.0,0.0,0.0,0.0,0.0,0.0,0.0,0.0,0.0,0.0,0.0
148,G5,NC1=C(C=CC=C1)C2=C([Pd]OS(C)(=O)=O)C=CC=C2.CN(C)C3=CC=C(C=C3)P(C(C)(C)C)C(C)(C)C,APhos Pd G3,0.10161904000000001 milligram,0.16000000000000003 micromole,0.10161904000000004 microliter,C29H41N2O3PPdS,BrC1=CC=CN2C=CN=C12,"8-bromoimidazo[1,2-a]pyridine",0.15762800000000002 milligram,0.8 micromole,0.15762800000000005 microliter,C7H5BrN2,B1(OC(C(O1)(C)C)(C)C)C2=CC=C(C=C2)N,"4-(4,4,5,5-tetramethyl-1,3,2-dioxaborolan-2-yl)aniline",0.21032928 milligram,0.9600000000000001 micromole,0.21032928000000006 microliter,C12H18BNO2,O=C([O-])[O-].[Na+].[Na+],Na2CO3,0.635928 milligram,6.0 micromole,0.6359280000000002 microliter,CNa2O3,CN1C=NC2=C1C(=O)N(C(=O)N2C)C,caffeine,0.1553528 milligram,0.8 micromole,0.15535280000000004 microliter,C8H10N4O2,C1COCCO1,dioxane,32.445 milligram,368.2496084262139 micromole,31.5 microliter,C4H8O2,O,water,3.5 milligram,194.2825423258396 micromole,3.5 microliter,H2O,Nc1ccc(-c2cccn3ccnc23)cc1,suzuki_product_0,0.0 milligram,0.0 micromole,0 microliter,C13H11N3,c1ccn2ccnc2c1,dehalogenation_0,0.0 milligram,0.0 micromole,0 microliter,C7H6N2,Nc1ccccc1,deborylation_0,0.0 milligram,0.0 micromole,0 microliter,C6H7N,BrC1=CC=CN2C=CN=C12.B1(OC(C(O1)(C)C)(C)C)C2=CC=C(C=C2)N>>Nc1ccc(-c2cccn3ccnc23)cc1.c1ccn2ccnc2c1.Nc1ccccc1,001_RLN-NB-2443_007_G5,,,,,,,,,3/29/2023 10:43:02 PM,kat78-2-g5-a1_03_22_2023_149.raw,2min_150_1200.EXP,001_RLN-NB-2443_007_G5,KAT78-2-G5-A1_KAT78-2-G5-A1_KAT78-2-G5-A1,0,0,0,0,0,0,0,0,0,0,0,0,0,0,0,deborylation_0,0,0,0,0,0,176.41907605375343,15.998107132463801,4.592509263028617,195,0.7318,0,0,0,0,0,0,0,0,0,0,0,0,0,0,0,26.115325397986012,2.932757073755092,0.8418942263551839,219.8,1.0951,0,0,0,0,0,0,0,0,0,0,0,0,0,0,0,0,0,0,0,0,49.81793825696075,4.7998676785636425,1.3778778072053313,210.1,0.6334,0.0,0.0,0.0,0.0,0.0,0.0,0.0,0.0,0.0,0.0,0.0,0.0,0.00024002177951783397,30.002722439729247,0.0,0.0,0.0,0.0,0.0,0.0,0.0,0.0,0.00014665520361737598,18.331900452171997,0.0,0.0,0.0,0.0,0.0,0.0,0.0,0.0,0.0,0.0
149,G6,NC1=C(C=CC=C1)C2=C([Pd]OS(C)(=O)=O)C=CC=C2.CN(C)C3=CC=C(C=C3)P(C(C)(C)C)C(C)(C)C,APhos Pd G3,0.10161904000000001 milligram,0.16000000000000003 micromole,0.10161904000000004 microliter,C29H41N2O3PPdS,BrC1=CC=CN2C=CN=C12,"8-bromoimidazo[1,2-a]pyridine",0.15762800000000002 milligram,0.8 micromole,0.15762800000000005 microliter,C7H5BrN2,B1(OC(C(O1)(C)C)(C)C)C2=CC=C(C=C2)N,"4-(4,4,5,5-tetramethyl-1,3,2-dioxaborolan-2-yl)aniline",0.21032928 milligram,0.9600000000000001 micromole,0.21032928000000006 microliter,C12H18BNO2,O=C([O-])[O-].[Na+].[Na+],Na2CO3,0.635928 milligram,6.0 micromole,0.6359280000000002 microliter,CNa2O3,CN1C=NC2=C1C(=O)N(C(=O)N2C)C,caffeine,0.1553528 milligram,0.8 micromole,0.15535280000000004 microliter,C8H10N4O2,C1COCCO1,dioxane,32.445 milligram,368.2496084262139 micromole,31.5 microliter,C4H8O2,O,water,3.5 milligram,194.2825423258396 micromole,3.5 microliter,H2O,Nc1ccc(-c2cccn3ccnc23)cc1,suzuki_product_0,0.0 milligram,0.0 micromole,0 microliter,C13H11N3,c1ccn2ccnc2c1,dehalogenation_0,0.0 milligram,0.0 micromole,0 microliter,C7H6N2,Nc1ccccc1,deborylation_0,0.0 milligram,0.0 micromole,0 microliter,C6H7N,BrC1=CC=CN2C=CN=C12.B1(OC(C(O1)(C)C)(C)C)C2=CC=C(C=C2)N>>Nc1ccc(-c2cccn3ccnc23)cc1.c1ccn2ccnc2c1.Nc1ccccc1,001_RLN-NB-2443_007_G6,,,,,,,,,3/29/2023 10:45:29 PM,kat78-2-g6-a1_03_22_2023_150.raw,2min_150_1200.EXP,001_RLN-NB-2443_007_G6,KAT78-2-G6-A1_KAT78-2-G6-A1_KAT78-2-G6-A1,0,0,0,0,0,0,0,0,0,0,0,0,0,0,0,deborylation_0,0,0,0,0,0,182.91276337965613,17.844199472708024,4.6549642093857075,194.9,0.7334,0,0,0,0,0,0,0,0,0,0,0,0,0,0,0,32.19003795101739,4.610112775071155,1.202626657587532,220,1.1018,0,0,0,0,0,0,0,0,0,0,0,0,0,0,0,0,0,0,0,0,48.87979563580327,4.974013395428601,1.2975563497896387,209.9,0.6351,0.0,0.0,0.0,0.0,0.0,0.0,0.0,0.0,0.0,0.0,0.0,0.0,0.0002229974352410105,27.87467940512631,0.0,0.0,0.0,0.0,0.0,0.0,0.0,0.0,0.00020668286216468876,25.835357770586093,0.0,0.0,0.0,0.0,0.0,0.0,0.0,0.0,0.0,0.0
150,G7,NC1=C(C=CC=C1)C2=C([Pd]OS(C)(=O)=O)C=CC=C2.CN(C)C3=CC=C(C=C3)P(C(C)(C)C)C(C)(C)C,APhos Pd G3,0.10161904000000001 milligram,0.16000000000000003 micromole,0.10161904000000004 microliter,C29H41N2O3PPdS,CC1=CC(C=O)=C(C)N1C2=CC(Cl)=CC(Cl)=C2,"1-(3,5-dichlorophenyl)-2,5-dimethyl-1H-pyrrole-3-carbaldehyde",0.2145144 milligram,0.8 micromole,0.21451440000000005 microliter,C13H11Cl2NO,B1(OC(C(O1)(C)C)(C)C)C2=CN=C(C=C2)C,"2-methyl-5-(4,4,5,5-tetramethyl-1,3,2-dioxaborolan-2-yl)pyridine",0.21032928 milligram,0.9600000000000001 micromole,0.21032928000000006 microliter,C12H18BNO2,O=C([O-])[O-].[Na+].[Na+],Na2CO3,0.635928 milligram,6.0 micromole,0.6359280000000002 microliter,CNa2O3,CN1C=NC2=C1C(=O)N(C(=O)N2C)C,caffeine,0.1553528 milligram,0.8 micromole,0.15535280000000004 microliter,C8H10N4O2,C1COCCO1,dioxane,32.445 milligram,368.2496084262139 micromole,31.5 microliter,C4H8O2,O,water,3.5 milligram,194.2825423258396 micromole,3.5 microliter,H2O,Cc1ccc(-c2cc(Cl)cc(-n3c(C)cc(C=O)c3C)c2)cn1,suzuki_product_0,0.0 milligram,0.0 micromole,0 microliter,C19H17ClN2O,Cc1ccc(-c2cc(-c3ccc(C)nc3)cc(-n3c(C)cc(C=O)c3C)c2)cn1,bis_addition_1,0.0 milligram,0.0 micromole,0 microliter,C25H23N3O,Cc1cc(C=O)c(C)n1-c1cccc(Cl)c1,dehalogenation_0,0.0 milligram,0.0 micromole,0 microliter,C13H12ClNO,CC1=CC(C=O)=C(C)N1C2=CC(Cl)=CC(Cl)=C2.B1(OC(C(O1)(C)C)(C)C)C2=CN=C(C=C2)C>>Cc1ccc(-c2cc(Cl)cc(-n3c(C)cc(C=O)c3C)c2)cn1.Cc1ccc(-c2cc(-c3ccc(C)nc3)cc(-n3c(C)cc(C=O)c3C)c2)cn1.Cc1cc(C=O)c(C)n1-c1cccc(Cl)c1.Cc1ccccn1,001_RLN-NB-2443_007_G7,,,Cc1ccccn1,deborylation_0,0.0 milligram,0.0 micromole,0 microliter,C6H7N,3/29/2023 10:47:57 PM,kat78-2-g7-a1_03_22_2023_151.raw,2min_150_1200.EXP,001_RLN-NB-2443_007_G7,KAT78-2-G7-A1_KAT78-2-G7-A1_KAT78-2-G7-A1,0,0,0,0,0,0,0,0,0,0,0,0,0,0,0,bis_addition_1,0,0,0,0,0,187.38874328251205,15.883911981160878,4.741205014556729,195,0.7318,0,0,0,0,0,21.458200546366978,1.5812336816191672,0.47198404708931646,233.8,1.2468,0,0,0,0,0,0,0,0,0,0,113.00602480160121,10.031314999255358,2.9942573991518473,382,0.8084,0,0,0,0,0,0,0,0,0,0,0,0,0,0,0,254.57678726302072,29.401037436533066,8.775945515978167,324.9,1.0368,0.0,0.0,0.0,0.0,0.0,112.13544673826331,10.679116381000078,3.187620291316424,267.9,1.3251,0.0,0.0,0.0014807957874057314,185.0994734257164,7.963950862959152e-05,9.95493857869894,0.0,0.0,0.0,0.0,0.0,0.0,0.0,0.0,0.0005378582502177574,67.23228127721967,0.0005052314573967927,63.15393217459909,0.0,0.0,0.0,0.0,0.0,0.0
151,G8,NC1=C(C=CC=C1)C2=C([Pd]OS(C)(=O)=O)C=CC=C2.CN(C)C3=CC=C(C=C3)P(C(C)(C)C)C(C)(C)C,APhos Pd G3,0.10161904000000001 milligram,0.16000000000000003 micromole,0.10161904000000004 microliter,C29H41N2O3PPdS,CC1=CC(C=O)=C(C)N1C2=CC(Cl)=CC(Cl)=C2,"1-(3,5-dichlorophenyl)-2,5-dimethyl-1H-pyrrole-3-carbaldehyde",0.2145144 milligram,0.8 micromole,0.21451440000000005 microliter,C13H11Cl2NO,B1(OC(C(O1)(C)C)(C)C)C2=CN(N=C2C)C,"1,3-dimethyl-4-(4,4,5,5-tetramethyl-1,3,2-dioxaborolan-2-yl)-1H-pyrazole",0.21321311999999998 milligram,0.9600000000000001 micromole,0.21321312000000003 microliter,C11H19BN2O2,O=C([O-])[O-].[Na+].[Na+],Na2CO3,0.635928 milligram,6.0 micromole,0.6359280000000002 microliter,CNa2O3,CN1C=NC2=C1C(=O)N(C(=O)N2C)C,caffeine,0.1553528 milligram,0.8 micromole,0.15535280000000004 microliter,C8H10N4O2,C1COCCO1,dioxane,32.445 milligram,368.2496084262139 micromole,31.5 microliter,C4H8O2,O,water,3.5 milligram,194.2825423258396 micromole,3.5 microliter,H2O,Cc1nn(C)cc1-c1cc(Cl)cc(-n2c(C)cc(C=O)c2C)c1,suzuki_product_0,0.0 milligram,0.0 micromole,0 microliter,C18H18ClN3O,Cc1nn(C)cc1-c1cc(-c2cn(C)nc2C)cc(-n2c(C)cc(C=O)c2C)c1,bis_addition_1,0.0 milligram,0.0 micromole,0 microliter,C23H25N5O,Cc1cc(C=O)c(C)n1-c1cccc(Cl)c1,dehalogenation_0,0.0 milligram,0.0 micromole,0 microliter,C13H12ClNO,CC1=CC(C=O)=C(C)N1C2=CC(Cl)=CC(Cl)=C2.B1(OC(C(O1)(C)C)(C)C)C2=CN(N=C2C)C>>Cc1nn(C)cc1-c1cc(Cl)cc(-n2c(C)cc(C=O)c2C)c1.Cc1nn(C)cc1-c1cc(-c2cn(C)nc2C)cc(-n2c(C)cc(C=O)c2C)c1.Cc1cc(C=O)c(C)n1-c1cccc(Cl)c1.Cc1ccn(C)n1,001_RLN-NB-2443_007_G8,,,Cc1ccn(C)n1,deborylation_0,0.0 milligram,0.0 micromole,0 microliter,C5H8N2,3/29/2023 10:50:24 PM,kat78-2-g8-a1_03_22_2023_152.raw,2min_150_1200.EXP,001_RLN-NB-2443_007_G8,KAT78-2-G8-A1_KAT78-2-G8-A1_KAT78-2-G8-A1,0,0,0,0,0,0,0,0,0,0,0,0,0,0,0,bis_addition_2,0,0,0,0,0,177.29374338562633,20.18989986975888,4.454755911502375,195,0.7334,0,0,0,0,0,20.54712916097709,1.5469636117045933,0.34132637301694574,233.9,1.2484,0,0,0,0,0,0,0,0,0,0,0,0,0,0,0,13.470615512287907,1.5038593951469175,0.3318157382560177,230.9,1.0651,0,0,0,0,0,0,0,0,0,0,78.7402307647213,8.735036317936581,1.927322816137406,328.0,1.2118,0.0,0.0,0.0,0.0,0.0,210.67218965105906,26.684339393618256,5.887707191470895,267.8,1.3268,0.0,0.0,0.00034611509217121844,43.2643865214023,6.129653427441464e-05,7.66206678430183,0.0,0.0,0.0,0.0,0.0,0.0,0.0,0.0,0.001057334194453811,132.16677430672635,0.0,0.0,0.0,0.0,0.0,0.0,0.0,0.0
152,G9,NC1=C(C=CC=C1)C2=C([Pd]OS(C)(=O)=O)C=CC=C2.CN(C)C3=CC=C(C=C3)P(C(C)(C)C)C(C)(C)C,APhos Pd G3,0.10161904000000001 milligram,0.16000000000000003 micromole,0.10161904000000004 microliter,C29H41N2O3PPdS,CC1=CC(C=O)=C(C)N1C2=CC(Cl)=CC(Cl)=C2,"1-(3,5-dichlorophenyl)-2,5-dimethyl-1H-pyrrole-3-carbaldehyde",0.2145144 milligram,0.8 micromole,0.21451440000000005 microliter,C13H11Cl2NO,B1(OC(C(O1)(C)C)(C)C)C2=CCN(CC2)C(=O)OC(C)(C)C,"N-Boc-1,2,5,6-tetrahydropyridine-4-boronic acid pinacol ester",0.29684640000000007 milligram,0.9600000000000001 micromole,0.2968464000000001 microliter,C16H28BNO4,O=C([O-])[O-].[Na+].[Na+],Na2CO3,0.635928 milligram,6.0 micromole,0.6359280000000002 microliter,CNa2O3,CN1C=NC2=C1C(=O)N(C(=O)N2C)C,caffeine,0.1553528 milligram,0.8 micromole,0.15535280000000004 microliter,C8H10N4O2,C1COCCO1,dioxane,32.445 milligram,368.2496084262139 micromole,31.5 microliter,C4H8O2,O,water,3.5 milligram,194.2825423258396 micromole,3.5 microliter,H2O,Cc1cc(C=O)c(C)n1-c1cc(Cl)cc(C2=CCN(C(=O)OC(C)(C)C)CC2)c1,suzuki_product_0,0.0 milligram,0.0 micromole,0 microliter,C23H27ClN2O3,Cc1cc(C=O)c(C)n1-c1cc(C2=CCN(C(=O)OC(C)(C)C)CC2)cc(C2=CCN(C(=O)OC(C)(C)C)CC2)c1,bis_addition_2,0.0 milligram,0.0 micromole,0 microliter,C33H43N3O5,Cc1cc(C=O)c(C)n1-c1cccc(Cl)c1,dehalogenation_0,0.0 milligram,0.0 micromole,0 microliter,C13H12ClNO,CC1=CC(C=O)=C(C)N1C2=CC(Cl)=CC(Cl)=C2.B1(OC(C(O1)(C)C)(C)C)C2=CCN(CC2)C(=O)OC(C)(C)C>>Cc1cc(C=O)c(C)n1-c1cc(Cl)cc(C2=CCN(C(=O)OC(C)(C)C)CC2)c1.Cc1cc(C=O)c(C)n1-c1cc(C2=CCN(C(=O)OC(C)(C)C)CC2)cc(C2=CCN(C(=O)OC(C)(C)C)CC2)c1.Cc1cc(C=O)c(C)n1-c1cccc(Cl)c1.CC(C)(C)OC(=O)N1CC=CCC1,001_RLN-NB-2443_007_G9,,,CC(C)(C)OC(=O)N1CC=CCC1,deborylation_0,0.0 milligram,0.0 micromole,0 microliter,C10H17NO2,3/29/2023 10:52:51 PM,kat78-2-g9-a1_03_22_2023_153.raw,2min_150_1200.EXP,001_RLN-NB-2443_007_G9,KAT78-2-G9-A1_KAT78-2-G9-A1_KAT78-2-G9-A1,0,0,0,0,0,0,0,0,0,0,0,0,0,0,0,bis_addition_1,0,0,0,0,0,182.63177040299308,12.443146327582697,4.692954216355721,195,0.7334,0,0,0,0,0,0,0,0,0,0,0,0,0,0,0,0,0,0,0,0,156.5066149467343,13.535279721101409,5.104854219699345,562.1,1.5534,0,0,0,0,0,0,0,0,0,0,0,0,0,0,0,300.82583565384914,32.89077648912455,12.40481339206728,415.1,1.4701,0.0,0.0,0.0,0.0,0.0,215.95530976125832,14.855692413830878,5.602850156622333,267.8,1.3251,0.0,0.0,0.002114627643088348,264.3284553860435,0.0,0.0,0.0,0.0,0.0,0.0,0.0,0.0,0.0,0.0,0.0009551084282212641,119.388553527658,0.0,0.0,0.0,0.0,0.0,0.0,0.0,0.0
153,G10,NC1=C(C=CC=C1)C2=C([Pd]OS(C)(=O)=O)C=CC=C2.CN(C)C3=CC=C(C=C3)P(C(C)(C)C)C(C)(C)C,APhos Pd G3,0.10161904000000001 milligram,0.16000000000000003 micromole,0.10161904000000004 microliter,C29H41N2O3PPdS,CC1=CC(C=O)=C(C)N1C2=CC(Cl)=CC(Cl)=C2,"1-(3,5-dichlorophenyl)-2,5-dimethyl-1H-pyrrole-3-carbaldehyde",0.2145144 milligram,0.8 micromole,0.21451440000000005 microliter,C13H11Cl2NO,B1(OC(C(O1)(C)C)(C)C)C2=CCN(CC2)C(=O)OC(C)(C)C,"N-Boc-1,2,5,6-tetrahydropyridine-4-boronic acid pinacol ester",0.29684640000000007 milligram,0.9600000000000001 micromole,0.2968464000000001 microliter,C16H28BNO4,O=C([O-])[O-].[Na+].[Na+],Na2CO3,0.635928 milligram,6.0 micromole,0.6359280000000002 microliter,CNa2O3,CN1C=NC2=C1C(=O)N(C(=O)N2C)C,caffeine,0.1553528 milligram,0.8 micromole,0.15535280000000004 microliter,C8H10N4O2,C1COCCO1,dioxane,32.445 milligram,368.2496084262139 micromole,31.5 microliter,C4H8O2,O,water,3.5 milligram,194.2825423258396 micromole,3.5 microliter,H2O,Cc1cc(C=O)c(C)n1-c1cc(Cl)cc(C2=CCN(C(=O)OC(C)(C)C)CC2)c1,suzuki_product_0,0.0 milligram,0.0 micromole,0 microliter,C23H27ClN2O3,Cc1cc(C=O)c(C)n1-c1cc(C2=CCN(C(=O)OC(C)(C)C)CC2)cc(C2=CCN(C(=O)OC(C)(C)C)CC2)c1,bis_addition_2,0.0 milligram,0.0 micromole,0 microliter,C33H43N3O5,Cc1cc(C=O)c(C)n1-c1cccc(Cl)c1,dehalogenation_0,0.0 milligram,0.0 micromole,0 microliter,C13H12ClNO,CC1=CC(C=O)=C(C)N1C2=CC(Cl)=CC(Cl)=C2.B1(OC(C(O1)(C)C)(C)C)C2=CCN(CC2)C(=O)OC(C)(C)C>>Cc1cc(C=O)c(C)n1-c1cc(Cl)cc(C2=CCN(C(=O)OC(C)(C)C)CC2)c1.Cc1cc(C=O)c(C)n1-c1cc(C2=CCN(C(=O)OC(C)(C)C)CC2)cc(C2=CCN(C(=O)OC(C)(C)C)CC2)c1.Cc1cc(C=O)c(C)n1-c1cccc(Cl)c1.CC(C)(C)OC(=O)N1CC=CCC1,001_RLN-NB-2443_007_G10,,,CC(C)(C)OC(=O)N1CC=CCC1,deborylation_0,0.0 milligram,0.0 micromole,0 microliter,C10H17NO2,3/29/2023 10:55:18 PM,kat78-2-g10-a1_03_22_2023_154.raw,2min_150_1200.EXP,001_RLN-NB-2443_007_G10,KAT78-2-G10-A1_KAT78-2-G10-A1_KAT78-2-G10-A1,0,0,0,0,0,0,0,0,0,0,0,0,0,0,0,bis_addition_1,0,0,0,0,0,174.0571092333637,13.023229883267701,4.406343778670344,194.9,0.7334,0,0,0,0,0,0,0,0,0,0,0,0,0,0,0,0,0,0,0,0,0,0,0,0,0,0,0,0,0,0,0,0,0,0,0,0,0,0,0,0,282.29950626298864,35.09430260568232,11.873979292341428,415.1,1.4701,0.0,0.0,0.0,0.0,0.0,183.82986314463645,13.54233198857992,4.581979343176194,267.9,1.3251,0.0,0.0,0.002155797166770227,269.47464584627835,0.0,0.0,0.0,0.0,0.0,0.0,0.0,0.0,0.0,0.0,0.0008318877642468195,103.98597053085243,0.0,0.0,0.0,0.0,0.0,0.0,0.0,0.0
154,G11,NC1=C(C=CC=C1)C2=C([Pd]OS(C)(=O)=O)C=CC=C2.CN(C)C3=CC=C(C=C3)P(C(C)(C)C)C(C)(C)C,APhos Pd G3,0.10161904000000001 milligram,0.16000000000000003 micromole,0.10161904000000004 microliter,C29H41N2O3PPdS,CC1=CC(C=O)=C(C)N1C2=CC(Cl)=CC(Cl)=C2,"1-(3,5-dichlorophenyl)-2,5-dimethyl-1H-pyrrole-3-carbaldehyde",0.2145144 milligram,0.8 micromole,0.21451440000000005 microliter,C13H11Cl2NO,B1(OC(C(O1)(C)C)(C)C)C2=CC=C(C=C2)N,"4-(4,4,5,5-tetramethyl-1,3,2-dioxaborolan-2-yl)aniline",0.21032928 milligram,0.9600000000000001 micromole,0.21032928000000006 microliter,C12H18BNO2,O=C([O-])[O-].[Na+].[Na+],Na2CO3,0.635928 milligram,6.0 micromole,0.6359280000000002 microliter,CNa2O3,CN1C=NC2=C1C(=O)N(C(=O)N2C)C,caffeine,0.1553528 milligram,0.8 micromole,0.15535280000000004 microliter,C8H10N4O2,C1COCCO1,dioxane,32.445 milligram,368.2496084262139 micromole,31.5 microliter,C4H8O2,O,water,3.5 milligram,194.2825423258396 micromole,3.5 microliter,H2O,Cc1cc(C=O)c(C)n1-c1cc(Cl)cc(-c2ccc(N)cc2)c1,suzuki_product_0,0.0 milligram,0.0 micromole,0 microliter,C19H17ClN2O,Cc1cc(C=O)c(C)n1-c1cc(-c2ccc(N)cc2)cc(-c2ccc(N)cc2)c1,bis_addition_1,0.0 milligram,0.0 micromole,0 microliter,C25H23N3O,Cc1cc(C=O)c(C)n1-c1cccc(Cl)c1,dehalogenation_0,0.0 milligram,0.0 micromole,0 microliter,C13H12ClNO,CC1=CC(C=O)=C(C)N1C2=CC(Cl)=CC(Cl)=C2.B1(OC(C(O1)(C)C)(C)C)C2=CC=C(C=C2)N>>Cc1cc(C=O)c(C)n1-c1cc(Cl)cc(-c2ccc(N)cc2)c1.Cc1cc(C=O)c(C)n1-c1cc(-c2ccc(N)cc2)cc(-c2ccc(N)cc2)c1.Cc1cc(C=O)c(C)n1-c1cccc(Cl)c1.Nc1ccccc1,001_RLN-NB-2443_007_G11,,,Nc1ccccc1,deborylation_0,0.0 milligram,0.0 micromole,0 microliter,C6H7N,3/29/2023 10:57:45 PM,kat78-2-g11-a1_03_22_2023_155.raw,2min_150_1200.EXP,001_RLN-NB-2443_007_G11,KAT78-2-G11-A1_KAT78-2-G11-A1_KAT78-2-G11-A1,0,0,0,0,0,0,0,0,0,0,0,0,0,0,0,bis_addition_1,0,0,0,0,0,166.3236010975162,13.120719469892734,4.1908361932752625,194.9,0.7318,0,0,0,0,0,0,0,0,0,0,0,0,0,0,0,0,0,0,0,0,42.90900536240507,2.715217603222082,0.8672567255409995,382.4,1.0101,0,0,0,0,0,0,0,0,0,0,0,0,0,0,0,197.90954209148606,22.629697026201946,7.228060439663985,324.9,1.2301,0.0,0.0,0.0,0.0,0.0,162.68648563465072,15.332043216113366,4.897146210189772,267.8,1.3234,0.0,0.0,0.0013797839106691578,172.47298883364473,0.0,0.0,0.0,0.0,0.0,0.0,0.0,0.0,0.0,0.0,0.0009348294200661672,116.85367750827089,0.0001655529704420564,20.69412130525705,0.0,0.0,0.0,0.0,0.0,0.0
155,G12,NC1=C(C=CC=C1)C2=C([Pd]OS(C)(=O)=O)C=CC=C2.CN(C)C3=CC=C(C=C3)P(C(C)(C)C)C(C)(C)C,APhos Pd G3,0.10161904000000001 milligram,0.16000000000000003 micromole,0.10161904000000004 microliter,C29H41N2O3PPdS,CC1=CC(C=O)=C(C)N1C2=CC(Cl)=CC(Cl)=C2,"1-(3,5-dichlorophenyl)-2,5-dimethyl-1H-pyrrole-3-carbaldehyde",0.2145144 milligram,0.8 micromole,0.21451440000000005 microliter,C13H11Cl2NO,B1(OC(C(O1)(C)C)(C)C)C2=CC=C(C=C2)N,"4-(4,4,5,5-tetramethyl-1,3,2-dioxaborolan-2-yl)aniline",0.21032928 milligram,0.9600000000000001 micromole,0.21032928000000006 microliter,C12H18BNO2,O=C([O-])[O-].[Na+].[Na+],Na2CO3,0.635928 milligram,6.0 micromole,0.6359280000000002 microliter,CNa2O3,CN1C=NC2=C1C(=O)N(C(=O)N2C)C,caffeine,0.1553528 milligram,0.8 micromole,0.15535280000000004 microliter,C8H10N4O2,C1COCCO1,dioxane,32.445 milligram,368.2496084262139 micromole,31.5 microliter,C4H8O2,O,water,3.5 milligram,194.2825423258396 micromole,3.5 microliter,H2O,Cc1cc(C=O)c(C)n1-c1cc(Cl)cc(-c2ccc(N)cc2)c1,suzuki_product_0,0.0 milligram,0.0 micromole,0 microliter,C19H17ClN2O,Cc1cc(C=O)c(C)n1-c1cc(-c2ccc(N)cc2)cc(-c2ccc(N)cc2)c1,bis_addition_1,0.0 milligram,0.0 micromole,0 microliter,C25H23N3O,Cc1cc(C=O)c(C)n1-c1cccc(Cl)c1,dehalogenation_0,0.0 milligram,0.0 micromole,0 microliter,C13H12ClNO,CC1=CC(C=O)=C(C)N1C2=CC(Cl)=CC(Cl)=C2.B1(OC(C(O1)(C)C)(C)C)C2=CC=C(C=C2)N>>Cc1cc(C=O)c(C)n1-c1cc(Cl)cc(-c2ccc(N)cc2)c1.Cc1cc(C=O)c(C)n1-c1cc(-c2ccc(N)cc2)cc(-c2ccc(N)cc2)c1.Cc1cc(C=O)c(C)n1-c1cccc(Cl)c1.Nc1ccccc1,001_RLN-NB-2443_007_G12,,,Nc1ccccc1,deborylation_0,0.0 milligram,0.0 micromole,0 microliter,C6H7N,3/29/2023 11:00:12 PM,kat78-2-g12-a1_03_22_2023_156.raw,2min_150_1200.EXP,001_RLN-NB-2443_007_G12,KAT78-2-G12-A1_KAT78-2-G12-A1_KAT78-2-G12-A1,0,0,0,0,0,0,0,0,0,0,0,0,0,0,0,bis_addition_1,0,0,0,0,0,180.23619726971276,15.124576363659983,4.628477410746251,194.9,0.7351,0,0,0,0,0,0,0,0,0,0,0,0,0,0,0,0,0,0,0,0,34.54499328984236,2.3735734887366493,0.7263695201248767,382.1,1.0118,0,0,0,0,0,0,0,0,0,0,0,0,0,0,0,178.78349692863387,22.91058695420476,7.011180454565386,324.9,1.2301,0.0,0.0,0.0,0.0,0.0,173.7372070041114,16.51743980588349,5.054726505172173,267.8,1.3251,0.0,0.0,0.0012118335828170275,151.47919785212844,0.0,0.0,0.0,0.0,0.0,0.0,0.0,0.0,0.0,0.0,0.0008736741794934585,109.2092724366823,0.00012554789934822455,15.693487418528068,0.0,0.0,0.0,0.0,0.0,0.0
156,G13,NC1=C(C=CC=C1)C2=C([Pd]OS(C)(=O)=O)C=CC=C2.CN(C)C3=CC=C(C=C3)P(C(C)(C)C)C(C)(C)C,APhos Pd G3,0.10161904000000001 milligram,0.16000000000000003 micromole,0.10161904000000004 microliter,C29H41N2O3PPdS,COC1=C(N)C(Cl)=NC=N1,4-chloro-6-methoxypyrimidin-5-amine,0.12766080000000002 milligram,0.8 micromole,0.12766080000000005 microliter,C5H6ClN3O,B1(OC(C(O1)(C)C)(C)C)C2=CN=C(C=C2)C,"2-methyl-5-(4,4,5,5-tetramethyl-1,3,2-dioxaborolan-2-yl)pyridine",0.21032928 milligram,0.9600000000000001 micromole,0.21032928000000006 microliter,C12H18BNO2,O=C([O-])[O-].[Na+].[Na+],Na2CO3,0.635928 milligram,6.0 micromole,0.6359280000000002 microliter,CNa2O3,CN1C=NC2=C1C(=O)N(C(=O)N2C)C,caffeine,0.1553528 milligram,0.8 micromole,0.15535280000000004 microliter,C8H10N4O2,C1COCCO1,dioxane,32.445 milligram,368.2496084262139 micromole,31.5 microliter,C4H8O2,O,water,3.5 milligram,194.2825423258396 micromole,3.5 microliter,H2O,COc1ncnc(-c2ccc(C)nc2)c1N,suzuki_product_0,0.0 milligram,0.0 micromole,0 microliter,C11H12N4O,COc1ncncc1N,dehalogenation_0,0.0 milligram,0.0 micromole,0 microliter,C5H7N3O,Cc1ccccn1,deborylation_0,0.0 milligram,0.0 micromole,0 microliter,C6H7N,COC1=C(N)C(Cl)=NC=N1.B1(OC(C(O1)(C)C)(C)C)C2=CN=C(C=C2)C>>COc1ncnc(-c2ccc(C)nc2)c1N.COc1ncncc1N.Cc1ccccn1,001_RLN-NB-2443_007_G13,,,,,,,,,3/29/2023 11:02:39 PM,kat78-2-g13-a1_03_22_2023_157.raw,2min_150_1200.EXP,001_RLN-NB-2443_007_G13,KAT78-2-G13-A1_KAT78-2-G13-A1_KAT78-2-G13-A1,0,0,0,0,0,0,0,0,0,0,0,0,0,0,0,deborylation_0,0,0,0,0,0,187.43140103054026,33.330156652550485,4.935401141295352,195,0.7334,0,0,0,0,0,0,0,0,0,0,0,0,0,0,0,0,0,0,0,0,0,0,0,0,0,0,0,0,0,0,0,0,0,0,0,0,0,0,0,0,30.327627464155388,4.604113785926101,0.6817594249733154,216.9,0.6501,0.0,0.0,0.0,0.0,0.0,0.0,0.0,0.0,0.0,0.0,0.0,0.0,0.00011050926244173618,13.813657805217023,0.0,0.0,0.0,0.0,0.0,0.0,0.0,0.0,0.0,0.0,0.0,0.0,0.0,0.0,0.0,0.0,0.0,0.0,0.0,0.0
157,G14,NC1=C(C=CC=C1)C2=C([Pd]OS(C)(=O)=O)C=CC=C2.CN(C)C3=CC=C(C=C3)P(C(C)(C)C)C(C)(C)C,APhos Pd G3,0.10161904000000001 milligram,0.16000000000000003 micromole,0.10161904000000004 microliter,C29H41N2O3PPdS,COC1=C(N)C(Cl)=NC=N1,4-chloro-6-methoxypyrimidin-5-amine,0.12766080000000002 milligram,0.8 micromole,0.12766080000000005 microliter,C5H6ClN3O,B1(OC(C(O1)(C)C)(C)C)C2=CN(N=C2C)C,"1,3-dimethyl-4-(4,4,5,5-tetramethyl-1,3,2-dioxaborolan-2-yl)-1H-pyrazole",0.21321311999999998 milligram,0.9600000000000001 micromole,0.21321312000000003 microliter,C11H19BN2O2,O=C([O-])[O-].[Na+].[Na+],Na2CO3,0.635928 milligram,6.0 micromole,0.6359280000000002 microliter,CNa2O3,CN1C=NC2=C1C(=O)N(C(=O)N2C)C,caffeine,0.1553528 milligram,0.8 micromole,0.15535280000000004 microliter,C8H10N4O2,C1COCCO1,dioxane,32.445 milligram,368.2496084262139 micromole,31.5 microliter,C4H8O2,O,water,3.5 milligram,194.2825423258396 micromole,3.5 microliter,H2O,COc1ncnc(-c2cn(C)nc2C)c1N,suzuki_product_0,0.0 milligram,0.0 micromole,0 microliter,C10H13N5O,COc1ncncc1N,dehalogenation_0,0.0 milligram,0.0 micromole,0 microliter,C5H7N3O,Cc1ccn(C)n1,deborylation_0,0.0 milligram,0.0 micromole,0 microliter,C5H8N2,COC1=C(N)C(Cl)=NC=N1.B1(OC(C(O1)(C)C)(C)C)C2=CN(N=C2C)C>>COc1ncnc(-c2cn(C)nc2C)c1N.COc1ncncc1N.Cc1ccn(C)n1,001_RLN-NB-2443_007_G14,,,,,,,,,3/29/2023 11:05:07 PM,kat78-2-g14-a1_03_22_2023_158.raw,2min_150_1200.EXP,001_RLN-NB-2443_007_G14,KAT78-2-G14-A1_KAT78-2-G14-A1_KAT78-2-G14-A1,0,0,0,0,0,0,0,0,0,0,0,0,0,0,0,deborylation_0,0,0,0,0,0,187.7886276851844,34.66642820616655,4.733105229593847,195,0.7318,0,0,0,0,0,0,0,0,0,0,0,0,0,0,0,0,0,0,0,0,0,0,0,0,0,0,0,0,0,0,0,0,0,0,0,0,0,0,0,0,26.40594329808091,5.9720399569337035,0.8153794611721277,220.0,0.6718,0.0,0.0,0.0,0.0,0.0,0.0,0.0,0.0,0.0,0.0,0.0,0.0,0.00013781725469764743,17.22715683720593,0.0,0.0,0.0,0.0,0.0,0.0,0.0,0.0,0.0,0.0,0.0,0.0,0.0,0.0,0.0,0.0,0.0,0.0,0.0,0.0
158,G15,NC1=C(C=CC=C1)C2=C([Pd]OS(C)(=O)=O)C=CC=C2.CN(C)C3=CC=C(C=C3)P(C(C)(C)C)C(C)(C)C,APhos Pd G3,0.10161904000000001 milligram,0.16000000000000003 micromole,0.10161904000000004 microliter,C29H41N2O3PPdS,COC1=C(N)C(Cl)=NC=N1,4-chloro-6-methoxypyrimidin-5-amine,0.12766080000000002 milligram,0.8 micromole,0.12766080000000005 microliter,C5H6ClN3O,B1(OC(C(O1)(C)C)(C)C)C2=CCN(CC2)C(=O)OC(C)(C)C,"N-Boc-1,2,5,6-tetrahydropyridine-4-boronic acid pinacol ester",0.29684640000000007 milligram,0.9600000000000001 micromole,0.2968464000000001 microliter,C16H28BNO4,O=C([O-])[O-].[Na+].[Na+],Na2CO3,0.635928 milligram,6.0 micromole,0.6359280000000002 microliter,CNa2O3,CN1C=NC2=C1C(=O)N(C(=O)N2C)C,caffeine,0.1553528 milligram,0.8 micromole,0.15535280000000004 microliter,C8H10N4O2,C1COCCO1,dioxane,32.445 milligram,368.2496084262139 micromole,31.5 microliter,C4H8O2,O,water,3.5 milligram,194.2825423258396 micromole,3.5 microliter,H2O,COc1ncnc(C2=CCN(C(=O)OC(C)(C)C)CC2)c1N,suzuki_product_0,0.0 milligram,0.0 micromole,0 microliter,C15H22N4O3,COc1ncncc1N,dehalogenation_0,0.0 milligram,0.0 micromole,0 microliter,C5H7N3O,CC(C)(C)OC(=O)N1CC=CCC1,deborylation_0,0.0 milligram,0.0 micromole,0 microliter,C10H17NO2,COC1=C(N)C(Cl)=NC=N1.B1(OC(C(O1)(C)C)(C)C)C2=CCN(CC2)C(=O)OC(C)(C)C>>COc1ncnc(C2=CCN(C(=O)OC(C)(C)C)CC2)c1N.COc1ncncc1N.CC(C)(C)OC(=O)N1CC=CCC1,001_RLN-NB-2443_007_G15,,,,,,,,,3/29/2023 11:07:34 PM,kat78-2-g15-a1_03_22_2023_159.raw,2min_150_1200.EXP,001_RLN-NB-2443_007_G15,KAT78-2-G15-A1_KAT78-2-G15-A1_KAT78-2-G15-A1,0,0,0,0,0,0,0,0,0,0,0,0,0,0,0,deborylation_0,0,0,0,0,0,188.1992054034959,25.112984186563814,4.771243515268243,194.9,0.7318,0,0,0,0,0,0,0,0,0,0,0,0,0,0,0,0,0,0,0,0,0,0,0,0,0,0,0,0,0,0,0,0,0,0,0,0,0,0,0,0,154.51973168847422,22.341856565960352,4.244753927588776,250.9,0.9951,0.0,0.0,0.0,0.0,0.0,0.0,0.0,0.0,0.0,0.0,0.0,0.0,0.0007117228729165181,88.96535911456476,0.0,0.0,0.0,0.0,0.0,0.0,0.0,0.0,0.0,0.0,0.0,0.0,0.0,0.0,0.0,0.0,0.0,0.0,0.0,0.0
159,G16,NC1=C(C=CC=C1)C2=C([Pd]OS(C)(=O)=O)C=CC=C2.CN(C)C3=CC=C(C=C3)P(C(C)(C)C)C(C)(C)C,APhos Pd G3,0.10161904000000001 milligram,0.16000000000000003 micromole,0.10161904000000004 microliter,C29H41N2O3PPdS,COC1=C(N)C(Cl)=NC=N1,4-chloro-6-methoxypyrimidin-5-amine,0.12766080000000002 milligram,0.8 micromole,0.12766080000000005 microliter,C5H6ClN3O,B1(OC(C(O1)(C)C)(C)C)C2=CCN(CC2)C(=O)OC(C)(C)C,"N-Boc-1,2,5,6-tetrahydropyridine-4-boronic acid pinacol ester",0.29684640000000007 milligram,0.9600000000000001 micromole,0.2968464000000001 microliter,C16H28BNO4,O=C([O-])[O-].[Na+].[Na+],Na2CO3,0.635928 milligram,6.0 micromole,0.6359280000000002 microliter,CNa2O3,CN1C=NC2=C1C(=O)N(C(=O)N2C)C,caffeine,0.1553528 milligram,0.8 micromole,0.15535280000000004 microliter,C8H10N4O2,C1COCCO1,dioxane,32.445 milligram,368.2496084262139 micromole,31.5 microliter,C4H8O2,O,water,3.5 milligram,194.2825423258396 micromole,3.5 microliter,H2O,COc1ncnc(C2=CCN(C(=O)OC(C)(C)C)CC2)c1N,suzuki_product_0,0.0 milligram,0.0 micromole,0 microliter,C15H22N4O3,COc1ncncc1N,dehalogenation_0,0.0 milligram,0.0 micromole,0 microliter,C5H7N3O,CC(C)(C)OC(=O)N1CC=CCC1,deborylation_0,0.0 milligram,0.0 micromole,0 microliter,C10H17NO2,COC1=C(N)C(Cl)=NC=N1.B1(OC(C(O1)(C)C)(C)C)C2=CCN(CC2)C(=O)OC(C)(C)C>>COc1ncnc(C2=CCN(C(=O)OC(C)(C)C)CC2)c1N.COc1ncncc1N.CC(C)(C)OC(=O)N1CC=CCC1,001_RLN-NB-2443_007_G16,,,,,,,,,3/29/2023 11:10:01 PM,kat78-2-g16-a1_03_22_2023_160.raw,2min_150_1200.EXP,001_RLN-NB-2443_007_G16,KAT78-2-G16-A1_KAT78-2-G16-A1_KAT78-2-G16-A1,0,0,0,0,0,0,0,0,0,0,0,0,0,0,0,deborylation_0,0,0,0,0,0,207.84222173143553,21.687213984758152,5.211402152723534,195,0.7351,0,0,0,0,0,0,0,0,0,0,0,0,0,0,0,0,0,0,0,0,0,0,0,0,0,0,0,0,0,0,0,0,0,0,0,0,0,0,0,0,165.96414831009236,18.42511838216795,4.427525899292537,251.0,0.9984,0.0,0.0,0.0,0.0,0.0,0.0,0.0,0.0,0.0,0.0,0.0,0.0,0.0006796675089798879,84.95843862248597,0.0,0.0,0.0,0.0,0.0,0.0,0.0,0.0,0.0,0.0,0.0,0.0,0.0,0.0,0.0,0.0,0.0,0.0,0.0,0.0
160,G17,NC1=C(C=CC=C1)C2=C([Pd]OS(C)(=O)=O)C=CC=C2.CN(C)C3=CC=C(C=C3)P(C(C)(C)C)C(C)(C)C,APhos Pd G3,0.10161904000000001 milligram,0.16000000000000003 micromole,0.10161904000000004 microliter,C29H41N2O3PPdS,COC1=C(N)C(Cl)=NC=N1,4-chloro-6-methoxypyrimidin-5-amine,0.12766080000000002 milligram,0.8 micromole,0.12766080000000005 microliter,C5H6ClN3O,B1(OC(C(O1)(C)C)(C)C)C2=CC=C(C=C2)N,"4-(4,4,5,5-tetramethyl-1,3,2-dioxaborolan-2-yl)aniline",0.21032928 milligram,0.9600000000000001 micromole,0.21032928000000006 microliter,C12H18BNO2,O=C([O-])[O-].[Na+].[Na+],Na2CO3,0.635928 milligram,6.0 micromole,0.6359280000000002 microliter,CNa2O3,CN1C=NC2=C1C(=O)N(C(=O)N2C)C,caffeine,0.1553528 milligram,0.8 micromole,0.15535280000000004 microliter,C8H10N4O2,C1COCCO1,dioxane,32.445 milligram,368.2496084262139 micromole,31.5 microliter,C4H8O2,O,water,3.5 milligram,194.2825423258396 micromole,3.5 microliter,H2O,COc1ncnc(-c2ccc(N)cc2)c1N,suzuki_product_0,0.0 milligram,0.0 micromole,0 microliter,C11H12N4O,COc1ncncc1N,dehalogenation_0,0.0 milligram,0.0 micromole,0 microliter,C5H7N3O,Nc1ccccc1,deborylation_0,0.0 milligram,0.0 micromole,0 microliter,C6H7N,COC1=C(N)C(Cl)=NC=N1.B1(OC(C(O1)(C)C)(C)C)C2=CC=C(C=C2)N>>COc1ncnc(-c2ccc(N)cc2)c1N.COc1ncncc1N.Nc1ccccc1,001_RLN-NB-2443_007_G17,,,,,,,,,3/29/2023 11:12:27 PM,kat78-2-g17-a1_03_22_2023_161.raw,2min_150_1200.EXP,001_RLN-NB-2443_007_G17,KAT78-2-G17-A1_KAT78-2-G17-A1_KAT78-2-G17-A1,0,0,0,0,0,0,0,0,0,0,0,0,0,0,0,deborylation_0,0,0,0,0,0,170.73016425071762,28.714155186060818,4.308782357569966,194.9,0.7334,0,0,0,0,0,0,0,0,0,0,0,0,0,0,0,0,0,0,0,0,0,0,0,0,0,0,0,0,0,0,0,0,0,0,0,0,0,0,0,0,62.77865713929061,11.353757445347759,1.7037196273283197,216.9,0.6551,0.0,0.0,0.0,0.0,0.0,0.0,0.0,0.0,0.0,0.0,0.0,0.0,0.0003163250284545206,39.54062855681507,0.0,0.0,0.0,0.0,0.0,0.0,0.0,0.0,0.0,0.0,0.0,0.0,0.0,0.0,0.0,0.0,0.0,0.0,0.0,0.0
161,G18,NC1=C(C=CC=C1)C2=C([Pd]OS(C)(=O)=O)C=CC=C2.CN(C)C3=CC=C(C=C3)P(C(C)(C)C)C(C)(C)C,APhos Pd G3,0.10161904000000001 milligram,0.16000000000000003 micromole,0.10161904000000004 microliter,C29H41N2O3PPdS,COC1=C(N)C(Cl)=NC=N1,4-chloro-6-methoxypyrimidin-5-amine,0.12766080000000002 milligram,0.8 micromole,0.12766080000000005 microliter,C5H6ClN3O,B1(OC(C(O1)(C)C)(C)C)C2=CC=C(C=C2)N,"4-(4,4,5,5-tetramethyl-1,3,2-dioxaborolan-2-yl)aniline",0.21032928 milligram,0.9600000000000001 micromole,0.21032928000000006 microliter,C12H18BNO2,O=C([O-])[O-].[Na+].[Na+],Na2CO3,0.635928 milligram,6.0 micromole,0.6359280000000002 microliter,CNa2O3,CN1C=NC2=C1C(=O)N(C(=O)N2C)C,caffeine,0.1553528 milligram,0.8 micromole,0.15535280000000004 microliter,C8H10N4O2,C1COCCO1,dioxane,32.445 milligram,368.2496084262139 micromole,31.5 microliter,C4H8O2,O,water,3.5 milligram,194.2825423258396 micromole,3.5 microliter,H2O,COc1ncnc(-c2ccc(N)cc2)c1N,suzuki_product_0,0.0 milligram,0.0 micromole,0 microliter,C11H12N4O,COc1ncncc1N,dehalogenation_0,0.0 milligram,0.0 micromole,0 microliter,C5H7N3O,Nc1ccccc1,deborylation_0,0.0 milligram,0.0 micromole,0 microliter,C6H7N,COC1=C(N)C(Cl)=NC=N1.B1(OC(C(O1)(C)C)(C)C)C2=CC=C(C=C2)N>>COc1ncnc(-c2ccc(N)cc2)c1N.COc1ncncc1N.Nc1ccccc1,001_RLN-NB-2443_007_G18,,,,,,,,,3/29/2023 11:14:54 PM,kat78-2-g18-a1_03_22_2023_162.raw,2min_150_1200.EXP,001_RLN-NB-2443_007_G18,KAT78-2-G18-A1_KAT78-2-G18-A1_KAT78-2-G18-A1,0,0,0,0,0,0,0,0,0,0,0,0,0,0,0,deborylation_0,0,0,0,0,0,190.1388008846427,33.47726279035142,4.681732329626552,194.9,0.7334,0,0,0,0,0,0,0,0,0,0,0,0,0,0,0,0,0,0,0,0,0,0,0,0,0,0,0,0,0,0,0,0,0,0,0,0,0,0,0,0,0.0,0.0,0.0,0.0,0.0,0.0,0.0,0.0,0.0,0.0,0.0,0.0,0.0,0.0,0.0,0.0,0.0,0.0,0.0,0.0,0.0,0.0,0.0,0.0,0.0,0.0,0.0,0.0,0.0,0.0,0.0,0.0,0.0,0.0,0.0,0.0,0.0,0.0,0.0
162,G19,NC1=C(C=CC=C1)C2=C([Pd]OS(C)(=O)=O)C=CC=C2.CN(C)C3=CC=C(C=C3)P(C(C)(C)C)C(C)(C)C,APhos Pd G3,0.10161904000000001 milligram,0.16000000000000003 micromole,0.10161904000000004 microliter,C29H41N2O3PPdS,CC1=C(N2CCCC2=O)C=CC(Br)=C1,1-(4-bromo-2-methylphenyl)pyrrolidin-2-one,0.20330160000000003 milligram,0.8 micromole,0.20330160000000008 microliter,C11H12BrNO,B1(OC(C(O1)(C)C)(C)C)C2=CN=C(C=C2)C,"2-methyl-5-(4,4,5,5-tetramethyl-1,3,2-dioxaborolan-2-yl)pyridine",0.21032928 milligram,0.9600000000000001 micromole,0.21032928000000006 microliter,C12H18BNO2,O=C([O-])[O-].[Na+].[Na+],Na2CO3,0.635928 milligram,6.0 micromole,0.6359280000000002 microliter,CNa2O3,CN1C=NC2=C1C(=O)N(C(=O)N2C)C,caffeine,0.1553528 milligram,0.8 micromole,0.15535280000000004 microliter,C8H10N4O2,C1COCCO1,dioxane,32.445 milligram,368.2496084262139 micromole,31.5 microliter,C4H8O2,O,water,3.5 milligram,194.2825423258396 micromole,3.5 microliter,H2O,Cc1ccc(-c2ccc(N3CCCC3=O)c(C)c2)cn1,suzuki_product_0,0.0 milligram,0.0 micromole,0 microliter,C17H18N2O,Cc1ccccc1N1CCCC1=O,dehalogenation_0,0.0 milligram,0.0 micromole,0 microliter,C11H13NO,Cc1ccccn1,deborylation_0,0.0 milligram,0.0 micromole,0 microliter,C6H7N,CC1=C(N2CCCC2=O)C=CC(Br)=C1.B1(OC(C(O1)(C)C)(C)C)C2=CN=C(C=C2)C>>Cc1ccc(-c2ccc(N3CCCC3=O)c(C)c2)cn1.Cc1ccccc1N1CCCC1=O.Cc1ccccn1,001_RLN-NB-2443_007_G19,,,,,,,,,3/29/2023 11:17:21 PM,kat78-2-g19-a1_03_22_2023_163.raw,2min_150_1200.EXP,001_RLN-NB-2443_007_G19,KAT78-2-G19-A1_KAT78-2-G19-A1_KAT78-2-G19-A1,0,0,0,0,0,0,0,0,0,0,0,0,0,0,0,deborylation_0,0,0,0,0,0,182.2048303847009,35.24754036796931,4.745890716141593,194.9,0.7334,0,0,0,0,0,0,0,0,0,0,0,0,0,0,0,0,0,0,0,0,0,0,0,0,0,0,0,0,0,0,0,0,0,0,0,0,0,0,0,0,0.0,0.0,0.0,0.0,0.0,0.0,0.0,0.0,0.0,0.0,0.0,0.0,0.0,0.0,0.0,0.0,0.0,0.0,0.0,0.0,0.0,0.0,0.0,0.0,0.0,0.0,0.0,0.0,0.0,0.0,0.0,0.0,0.0,0.0,0.0,0.0,0.0,0.0,0.0
163,G20,NC1=C(C=CC=C1)C2=C([Pd]OS(C)(=O)=O)C=CC=C2.CN(C)C3=CC=C(C=C3)P(C(C)(C)C)C(C)(C)C,APhos Pd G3,0.10161904000000001 milligram,0.16000000000000003 micromole,0.10161904000000004 microliter,C29H41N2O3PPdS,CC1=C(N2CCCC2=O)C=CC(Br)=C1,1-(4-bromo-2-methylphenyl)pyrrolidin-2-one,0.20330160000000003 milligram,0.8 micromole,0.20330160000000008 microliter,C11H12BrNO,B1(OC(C(O1)(C)C)(C)C)C2=CN(N=C2C)C,"1,3-dimethyl-4-(4,4,5,5-tetramethyl-1,3,2-dioxaborolan-2-yl)-1H-pyrazole",0.21321311999999998 milligram,0.9600000000000001 micromole,0.21321312000000003 microliter,C11H19BN2O2,O=C([O-])[O-].[Na+].[Na+],Na2CO3,0.635928 milligram,6.0 micromole,0.6359280000000002 microliter,CNa2O3,CN1C=NC2=C1C(=O)N(C(=O)N2C)C,caffeine,0.1553528 milligram,0.8 micromole,0.15535280000000004 microliter,C8H10N4O2,C1COCCO1,dioxane,32.445 milligram,368.2496084262139 micromole,31.5 microliter,C4H8O2,O,water,3.5 milligram,194.2825423258396 micromole,3.5 microliter,H2O,Cc1cc(-c2cn(C)nc2C)ccc1N1CCCC1=O,suzuki_product_0,0.0 milligram,0.0 micromole,0 microliter,C16H19N3O,Cc1ccccc1N1CCCC1=O,dehalogenation_0,0.0 milligram,0.0 micromole,0 microliter,C11H13NO,Cc1ccn(C)n1,deborylation_0,0.0 milligram,0.0 micromole,0 microliter,C5H8N2,CC1=C(N2CCCC2=O)C=CC(Br)=C1.B1(OC(C(O1)(C)C)(C)C)C2=CN(N=C2C)C>>Cc1cc(-c2cn(C)nc2C)ccc1N1CCCC1=O.Cc1ccccc1N1CCCC1=O.Cc1ccn(C)n1,001_RLN-NB-2443_007_G20,,,,,,,,,3/29/2023 11:19:49 PM,kat78-2-g20-a1_03_22_2023_164.raw,2min_150_1200.EXP,001_RLN-NB-2443_007_G20,KAT78-2-G20-A1_KAT78-2-G20-A1_KAT78-2-G20-A1,0,0,0,0,0,0,0,0,0,0,0,0,0,0,0,deborylation_0,0,0,0,0,0,176.88386662884207,34.68870809265236,4.570187819054073,195,0.7351,0,0,0,0,0,0,0,0,0,0,0,0,0,0,0,0,0,0,0,0,0,0,0,0,0,0,0,0,0,0,0,0,0,0,0,0,0,0,0,0,0.0,0.0,0.0,0.0,0.0,0.0,0.0,0.0,0.0,0.0,0.0,0.0,0.0,0.0,0.0,0.0,0.0,0.0,0.0,0.0,0.0,0.0,0.0,0.0,0.0,0.0,0.0,0.0,0.0,0.0,0.0,0.0,0.0,0.0,0.0,0.0,0.0,0.0,0.0
164,G21,NC1=C(C=CC=C1)C2=C([Pd]OS(C)(=O)=O)C=CC=C2.CN(C)C3=CC=C(C=C3)P(C(C)(C)C)C(C)(C)C,APhos Pd G3,0.10161904000000001 milligram,0.16000000000000003 micromole,0.10161904000000004 microliter,C29H41N2O3PPdS,CC1=C(N2CCCC2=O)C=CC(Br)=C1,1-(4-bromo-2-methylphenyl)pyrrolidin-2-one,0.20330160000000003 milligram,0.8 micromole,0.20330160000000008 microliter,C11H12BrNO,B1(OC(C(O1)(C)C)(C)C)C2=CCN(CC2)C(=O)OC(C)(C)C,"N-Boc-1,2,5,6-tetrahydropyridine-4-boronic acid pinacol ester",0.29684640000000007 milligram,0.9600000000000001 micromole,0.2968464000000001 microliter,C16H28BNO4,O=C([O-])[O-].[Na+].[Na+],Na2CO3,0.635928 milligram,6.0 micromole,0.6359280000000002 microliter,CNa2O3,CN1C=NC2=C1C(=O)N(C(=O)N2C)C,caffeine,0.1553528 milligram,0.8 micromole,0.15535280000000004 microliter,C8H10N4O2,C1COCCO1,dioxane,32.445 milligram,368.2496084262139 micromole,31.5 microliter,C4H8O2,O,water,3.5 milligram,194.2825423258396 micromole,3.5 microliter,H2O,Cc1cc(C2=CCN(C(=O)OC(C)(C)C)CC2)ccc1N1CCCC1=O,suzuki_product_0,0.0 milligram,0.0 micromole,0 microliter,C21H28N2O3,Cc1ccccc1N1CCCC1=O,dehalogenation_0,0.0 milligram,0.0 micromole,0 microliter,C11H13NO,CC(C)(C)OC(=O)N1CC=CCC1,deborylation_0,0.0 milligram,0.0 micromole,0 microliter,C10H17NO2,CC1=C(N2CCCC2=O)C=CC(Br)=C1.B1(OC(C(O1)(C)C)(C)C)C2=CCN(CC2)C(=O)OC(C)(C)C>>Cc1cc(C2=CCN(C(=O)OC(C)(C)C)CC2)ccc1N1CCCC1=O.Cc1ccccc1N1CCCC1=O.CC(C)(C)OC(=O)N1CC=CCC1,001_RLN-NB-2443_007_G21,,,,,,,,,3/29/2023 11:22:16 PM,kat78-2-g21-a1_03_22_2023_165.raw,2min_150_1200.EXP,001_RLN-NB-2443_007_G21,KAT78-2-G21-A1_KAT78-2-G21-A1_KAT78-2-G21-A1,0,0,0,0,0,0,0,0,0,0,0,0,0,0,0,deborylation_0,0,0,0,0,0,180.63265762885374,22.21745091130186,4.657809391946372,195,0.7318,0,0,0,0,0,0,0,0,0,0,0,0,0,0,0,0,0,0,0,0,0,0,0,0,0,0,0,0,0,0,0,0,0,0,0,0,0,0,0,0,0.0,0.0,0.0,0.0,0.0,0.0,0.0,0.0,0.0,0.0,0.0,0.0,0.0,0.0,0.0,0.0,0.0,0.0,0.0,0.0,0.0,0.0,0.0,0.0,0.0,0.0,0.0,0.0,0.0,0.0,0.0,0.0,0.0,0.0,0.0,0.0,0.0,0.0,0.0
165,G22,NC1=C(C=CC=C1)C2=C([Pd]OS(C)(=O)=O)C=CC=C2.CN(C)C3=CC=C(C=C3)P(C(C)(C)C)C(C)(C)C,APhos Pd G3,0.10161904000000001 milligram,0.16000000000000003 micromole,0.10161904000000004 microliter,C29H41N2O3PPdS,CC1=C(N2CCCC2=O)C=CC(Br)=C1,1-(4-bromo-2-methylphenyl)pyrrolidin-2-one,0.20330160000000003 milligram,0.8 micromole,0.20330160000000008 microliter,C11H12BrNO,B1(OC(C(O1)(C)C)(C)C)C2=CCN(CC2)C(=O)OC(C)(C)C,"N-Boc-1,2,5,6-tetrahydropyridine-4-boronic acid pinacol ester",0.29684640000000007 milligram,0.9600000000000001 micromole,0.2968464000000001 microliter,C16H28BNO4,O=C([O-])[O-].[Na+].[Na+],Na2CO3,0.635928 milligram,6.0 micromole,0.6359280000000002 microliter,CNa2O3,CN1C=NC2=C1C(=O)N(C(=O)N2C)C,caffeine,0.1553528 milligram,0.8 micromole,0.15535280000000004 microliter,C8H10N4O2,C1COCCO1,dioxane,32.445 milligram,368.2496084262139 micromole,31.5 microliter,C4H8O2,O,water,3.5 milligram,194.2825423258396 micromole,3.5 microliter,H2O,Cc1cc(C2=CCN(C(=O)OC(C)(C)C)CC2)ccc1N1CCCC1=O,suzuki_product_0,0.0 milligram,0.0 micromole,0 microliter,C21H28N2O3,Cc1ccccc1N1CCCC1=O,dehalogenation_0,0.0 milligram,0.0 micromole,0 microliter,C11H13NO,CC(C)(C)OC(=O)N1CC=CCC1,deborylation_0,0.0 milligram,0.0 micromole,0 microliter,C10H17NO2,CC1=C(N2CCCC2=O)C=CC(Br)=C1.B1(OC(C(O1)(C)C)(C)C)C2=CCN(CC2)C(=O)OC(C)(C)C>>Cc1cc(C2=CCN(C(=O)OC(C)(C)C)CC2)ccc1N1CCCC1=O.Cc1ccccc1N1CCCC1=O.CC(C)(C)OC(=O)N1CC=CCC1,001_RLN-NB-2443_007_G22,,,,,,,,,3/29/2023 11:24:42 PM,kat78-2-g22-a1_03_22_2023_166.raw,2min_150_1200.EXP,001_RLN-NB-2443_007_G22,KAT78-2-G22-A1_KAT78-2-G22-A1_KAT78-2-G22-A1,0,0,0,0,0,0,0,0,0,0,0,0,0,0,0,deborylation_0,0,0,0,0,0,183.51195456015594,21.02669737546414,4.7314025766006065,195,0.7334,0,0,0,0,0,0,0,0,0,0,0,0,0,0,0,0,0,0,0,0,0,0,0,0,0,0,0,0,0,0,0,0,0,0,0,0,0,0,0,0,0.0,0.0,0.0,0.0,0.0,0.0,0.0,0.0,0.0,0.0,0.0,0.0,0.0,0.0,0.0,0.0,0.0,0.0,0.0,0.0,0.0,0.0,0.0,0.0,0.0,0.0,0.0,0.0,0.0,0.0,0.0,0.0,0.0,0.0,0.0,0.0,0.0,0.0,0.0
166,G23,NC1=C(C=CC=C1)C2=C([Pd]OS(C)(=O)=O)C=CC=C2.CN(C)C3=CC=C(C=C3)P(C(C)(C)C)C(C)(C)C,APhos Pd G3,0.10161904000000001 milligram,0.16000000000000003 micromole,0.10161904000000004 microliter,C29H41N2O3PPdS,CC1=C(N2CCCC2=O)C=CC(Br)=C1,1-(4-bromo-2-methylphenyl)pyrrolidin-2-one,0.20330160000000003 milligram,0.8 micromole,0.20330160000000008 microliter,C11H12BrNO,B1(OC(C(O1)(C)C)(C)C)C2=CC=C(C=C2)N,"4-(4,4,5,5-tetramethyl-1,3,2-dioxaborolan-2-yl)aniline",0.21032928 milligram,0.9600000000000001 micromole,0.21032928000000006 microliter,C12H18BNO2,O=C([O-])[O-].[Na+].[Na+],Na2CO3,0.635928 milligram,6.0 micromole,0.6359280000000002 microliter,CNa2O3,CN1C=NC2=C1C(=O)N(C(=O)N2C)C,caffeine,0.1553528 milligram,0.8 micromole,0.15535280000000004 microliter,C8H10N4O2,C1COCCO1,dioxane,32.445 milligram,368.2496084262139 micromole,31.5 microliter,C4H8O2,O,water,3.5 milligram,194.2825423258396 micromole,3.5 microliter,H2O,Cc1cc(-c2ccc(N)cc2)ccc1N1CCCC1=O,suzuki_product_0,0.0 milligram,0.0 micromole,0 microliter,C17H18N2O,Cc1ccccc1N1CCCC1=O,dehalogenation_0,0.0 milligram,0.0 micromole,0 microliter,C11H13NO,Nc1ccccc1,deborylation_0,0.0 milligram,0.0 micromole,0 microliter,C6H7N,CC1=C(N2CCCC2=O)C=CC(Br)=C1.B1(OC(C(O1)(C)C)(C)C)C2=CC=C(C=C2)N>>Cc1cc(-c2ccc(N)cc2)ccc1N1CCCC1=O.Cc1ccccc1N1CCCC1=O.Nc1ccccc1,001_RLN-NB-2443_007_G23,,,,,,,,,3/29/2023 11:27:09 PM,kat78-2-g23-a1_03_22_2023_167.raw,2min_150_1200.EXP,001_RLN-NB-2443_007_G23,KAT78-2-G23-A1_KAT78-2-G23-A1_KAT78-2-G23-A1,0,0,0,0,0,0,0,0,0,0,0,0,0,0,0,deborylation_0,0,0,0,0,0,185.30285889065155,38.97043700714216,4.705112075020333,195,0.7318,0,0,0,0,0,0,0,0,0,0,0,0,0,0,0,0,0,0,0,0,0,0,0,0,0,0,0,0,0,0,0,0,0,0,0,0,0,0,0,0,0.0,0.0,0.0,0.0,0.0,0.0,0.0,0.0,0.0,0.0,0.0,0.0,0.0,0.0,0.0,0.0,0.0,0.0,0.0,0.0,0.0,0.0,0.0,0.0,0.0,0.0,0.0,0.0,0.0,0.0,0.0,0.0,0.0,0.0,0.0,0.0,0.0,0.0,0.0
167,G24,NC1=C(C=CC=C1)C2=C([Pd]OS(C)(=O)=O)C=CC=C2.CN(C)C3=CC=C(C=C3)P(C(C)(C)C)C(C)(C)C,APhos Pd G3,0.10161904000000001 milligram,0.16000000000000003 micromole,0.10161904000000004 microliter,C29H41N2O3PPdS,CC1=C(N2CCCC2=O)C=CC(Br)=C1,1-(4-bromo-2-methylphenyl)pyrrolidin-2-one,0.20330160000000003 milligram,0.8 micromole,0.20330160000000008 microliter,C11H12BrNO,B1(OC(C(O1)(C)C)(C)C)C2=CC=C(C=C2)N,"4-(4,4,5,5-tetramethyl-1,3,2-dioxaborolan-2-yl)aniline",0.21032928 milligram,0.9600000000000001 micromole,0.21032928000000006 microliter,C12H18BNO2,O=C([O-])[O-].[Na+].[Na+],Na2CO3,0.635928 milligram,6.0 micromole,0.6359280000000002 microliter,CNa2O3,CN1C=NC2=C1C(=O)N(C(=O)N2C)C,caffeine,0.1553528 milligram,0.8 micromole,0.15535280000000004 microliter,C8H10N4O2,C1COCCO1,dioxane,32.445 milligram,368.2496084262139 micromole,31.5 microliter,C4H8O2,O,water,3.5 milligram,194.2825423258396 micromole,3.5 microliter,H2O,Cc1cc(-c2ccc(N)cc2)ccc1N1CCCC1=O,suzuki_product_0,0.0 milligram,0.0 micromole,0 microliter,C17H18N2O,Cc1ccccc1N1CCCC1=O,dehalogenation_0,0.0 milligram,0.0 micromole,0 microliter,C11H13NO,Nc1ccccc1,deborylation_0,0.0 milligram,0.0 micromole,0 microliter,C6H7N,CC1=C(N2CCCC2=O)C=CC(Br)=C1.B1(OC(C(O1)(C)C)(C)C)C2=CC=C(C=C2)N>>Cc1cc(-c2ccc(N)cc2)ccc1N1CCCC1=O.Cc1ccccc1N1CCCC1=O.Nc1ccccc1,001_RLN-NB-2443_007_G24,,,,,,,,,3/29/2023 11:29:36 PM,kat78-2-g24-a1_03_22_2023_168.raw,2min_150_1200.EXP,001_RLN-NB-2443_007_G24,KAT78-2-G24-A1_KAT78-2-G24-A1_KAT78-2-G24-A1,0,0,0,0,0,0,0,0,0,0,0,0,0,0,0,deborylation_0,0,0,0,0,0,194.11699792693068,25.10151956306752,4.840701520714268,195,0.7318,0,0,0,0,0,0,0,0,0,0,0,0,0,0,0,0,0,0,0,0,0,0,0,0,0,0,0,0,0,0,0,0,0,0,0,150.05498559743373,18.129673092989655,3.496216071333446,255.8,1.1884,113.3208891585298,15.05362889718406,2.9030164533179383,267.0,0.8851,0.0,0.0,0.0,0.0,0.0,0.0,0.0,0.0,0.0,0.0,0.0,0.0,0.00047976789164056285,59.97098645507035,0.0,0.0,0.0,0.0,0.0,0.0,0.0,0.0,0.0,0.0,0.0,0.0,0.0,0.0,0.0,0.0,0.0,0.0,0.000577803205815931,72.22540072699137
168,H1,NC1=C(C=CC=C1)C2=C([Pd]OS(C)(=O)=O)C=CC=C2.CN(C)C3=CC=C(C=C3)P(C(C)(C)C)C(C)(C)C,APhos Pd G3,0.10161904000000001 milligram,0.16000000000000003 micromole,0.10161904000000004 microliter,C29H41N2O3PPdS,BrC1=CC=CN2C=CN=C12,"8-bromoimidazo[1,2-a]pyridine",0.15762800000000002 milligram,0.8 micromole,0.15762800000000005 microliter,C7H5BrN2,B1(OC(C(O1)(C)C)(C)C)C2=CN=C(C=C2)C,"2-methyl-5-(4,4,5,5-tetramethyl-1,3,2-dioxaborolan-2-yl)pyridine",0.21032928 milligram,0.9600000000000001 micromole,0.21032928000000006 microliter,C12H18BNO2,O=C([O-])[O-].[Na+].[Na+],Na2CO3,0.635928 milligram,6.0 micromole,0.6359280000000002 microliter,CNa2O3,CN1C=NC2=C1C(=O)N(C(=O)N2C)C,caffeine,0.1553528 milligram,0.8 micromole,0.15535280000000004 microliter,C8H10N4O2,C1COCCO1,dioxane,32.445 milligram,368.2496084262139 micromole,31.5 microliter,C4H8O2,O,water,3.5 milligram,194.2825423258396 micromole,3.5 microliter,H2O,Cc1ccc(-c2cccn3ccnc23)cn1,suzuki_product_0,0.0 milligram,0.0 micromole,0 microliter,C13H11N3,c1ccn2ccnc2c1,dehalogenation_0,0.0 milligram,0.0 micromole,0 microliter,C7H6N2,Cc1ccccn1,deborylation_0,0.0 milligram,0.0 micromole,0 microliter,C6H7N,BrC1=CC=CN2C=CN=C12.B1(OC(C(O1)(C)C)(C)C)C2=CN=C(C=C2)C>>Cc1ccc(-c2cccn3ccnc23)cn1.c1ccn2ccnc2c1.Cc1ccccn1,001_RLN-NB-2443_007_H1,,,,,,,,,3/29/2023 11:32:03 PM,kat78-2-h1-a1_03_22_2023_169.raw,2min_150_1200.EXP,001_RLN-NB-2443_007_H1,KAT78-2-H1-A1_KAT78-2-H1-A1_KAT78-2-H1-A1,0,0,0,0,0,0,0,0,0,0,0,0,0,0,0,deborylation_0,0,0,0,0,0,178.5110955535313,30.254922640228756,4.766700912025195,195,0.7334,0,0,0,0,0,0,0,0,0,0,0,0,0,0,0,0,0,0,0,0,0,0,0,0,0,0,0,0,0,0,0,0,0,0,0,0,0,0,0,0,35.63005142036072,6.690277544081844,1.0540615968613658,210.0,0.5884,0.0,0.0,0.0,0.0,0.0,0.0,0.0,0.0,0.0,0.0,0.0,0.0,0.00017690417188999323,22.113021486249153,0.0,0.0,0.0,0.0,0.0,0.0,0.0,0.0,0.0,0.0,0.0,0.0,0.0,0.0,0.0,0.0,0.0,0.0,0.0,0.0
169,H2,NC1=C(C=CC=C1)C2=C([Pd]OS(C)(=O)=O)C=CC=C2.CN(C)C3=CC=C(C=C3)P(C(C)(C)C)C(C)(C)C,APhos Pd G3,0.10161904000000001 milligram,0.16000000000000003 micromole,0.10161904000000004 microliter,C29H41N2O3PPdS,BrC1=CC=CN2C=CN=C12,"8-bromoimidazo[1,2-a]pyridine",0.15762800000000002 milligram,0.8 micromole,0.15762800000000005 microliter,C7H5BrN2,B1(OC(C(O1)(C)C)(C)C)C2=CN(N=C2C)C,"1,3-dimethyl-4-(4,4,5,5-tetramethyl-1,3,2-dioxaborolan-2-yl)-1H-pyrazole",0.21321311999999998 milligram,0.9600000000000001 micromole,0.21321312000000003 microliter,C11H19BN2O2,O=C([O-])[O-].[Na+].[Na+],Na2CO3,0.635928 milligram,6.0 micromole,0.6359280000000002 microliter,CNa2O3,CN1C=NC2=C1C(=O)N(C(=O)N2C)C,caffeine,0.1553528 milligram,0.8 micromole,0.15535280000000004 microliter,C8H10N4O2,C1COCCO1,dioxane,32.445 milligram,368.2496084262139 micromole,31.5 microliter,C4H8O2,O,water,3.5 milligram,194.2825423258396 micromole,3.5 microliter,H2O,Cc1nn(C)cc1-c1cccn2ccnc12,suzuki_product_0,0.0 milligram,0.0 micromole,0 microliter,C12H12N4,c1ccn2ccnc2c1,dehalogenation_0,0.0 milligram,0.0 micromole,0 microliter,C7H6N2,Cc1ccn(C)n1,deborylation_0,0.0 milligram,0.0 micromole,0 microliter,C5H8N2,BrC1=CC=CN2C=CN=C12.B1(OC(C(O1)(C)C)(C)C)C2=CN(N=C2C)C>>Cc1nn(C)cc1-c1cccn2ccnc12.c1ccn2ccnc2c1.Cc1ccn(C)n1,001_RLN-NB-2443_007_H2,,,,,,,,,3/29/2023 11:34:31 PM,kat78-2-h2-a1_03_22_2023_170.raw,2min_150_1200.EXP,001_RLN-NB-2443_007_H2,KAT78-2-H2-A1_KAT78-2-H2-A1_KAT78-2-H2-A1,0,0,0,0,0,0,0,0,0,0,0,0,0,0,0,deborylation_0,0,0,0,0,0,184.8701683768315,39.46650543523409,4.771232383950001,195,0.7334,0,0,0,0,0,0,0,0,0,0,0,0,0,0,0,0,0,0,0,0,0,0,0,0,0,0,0,0,0,0,0,0,0,0,0,0,0,0,0,0,15.859261169972138,2.7536799526530324,0.3329011986301322,213.1,0.6568,195.23455585303904,41.366831585782926,5.000968905326204,418.2,1.4318,0.0,0.0,0.0,0.0,0.0,0.0,0.0,5.5818064909180624e-05,6.9772581136475775,0.0,0.0,0.0,0.0,0.0008385202820384965,104.81503525481206,0.0,0.0,0.0,0.0,0.0,0.0,0.0,0.0,0.0,0.0,0.0,0.0,0.0,0.0
170,H3,NC1=C(C=CC=C1)C2=C([Pd]OS(C)(=O)=O)C=CC=C2.CN(C)C3=CC=C(C=C3)P(C(C)(C)C)C(C)(C)C,APhos Pd G3,0.10161904000000001 milligram,0.16000000000000003 micromole,0.10161904000000004 microliter,C29H41N2O3PPdS,BrC1=CC=CN2C=CN=C12,"8-bromoimidazo[1,2-a]pyridine",0.15762800000000002 milligram,0.8 micromole,0.15762800000000005 microliter,C7H5BrN2,B1(OC(C(O1)(C)C)(C)C)C2=CCN(CC2)C(=O)OC(C)(C)C,"N-Boc-1,2,5,6-tetrahydropyridine-4-boronic acid pinacol ester",0.29684640000000007 milligram,0.9600000000000001 micromole,0.2968464000000001 microliter,C16H28BNO4,O=C([O-])[O-].[Na+].[Na+],Na2CO3,0.635928 milligram,6.0 micromole,0.6359280000000002 microliter,CNa2O3,CN1C=NC2=C1C(=O)N(C(=O)N2C)C,caffeine,0.1553528 milligram,0.8 micromole,0.15535280000000004 microliter,C8H10N4O2,C1COCCO1,dioxane,32.445 milligram,368.2496084262139 micromole,31.5 microliter,C4H8O2,O,water,3.5 milligram,194.2825423258396 micromole,3.5 microliter,H2O,CC(C)(C)OC(=O)N1CC=C(c2cccn3ccnc23)CC1,suzuki_product_0,0.0 milligram,0.0 micromole,0 microliter,C17H21N3O2,c1ccn2ccnc2c1,dehalogenation_0,0.0 milligram,0.0 micromole,0 microliter,C7H6N2,CC(C)(C)OC(=O)N1CC=CCC1,deborylation_0,0.0 milligram,0.0 micromole,0 microliter,C10H17NO2,BrC1=CC=CN2C=CN=C12.B1(OC(C(O1)(C)C)(C)C)C2=CCN(CC2)C(=O)OC(C)(C)C>>CC(C)(C)OC(=O)N1CC=C(c2cccn3ccnc23)CC1.c1ccn2ccnc2c1.CC(C)(C)OC(=O)N1CC=CCC1,001_RLN-NB-2443_007_H3,,,,,,,,,3/29/2023 11:36:58 PM,kat78-2-h3-a1_03_22_2023_171.raw,2min_150_1200.EXP,001_RLN-NB-2443_007_H3,KAT78-2-H3-A1_KAT78-2-H3-A1_KAT78-2-H3-A1,0,0,0,0,0,0,0,0,0,0,0,0,0,0,0,deborylation_0,0,0,0,0,0,174.13091413776377,17.805852511336536,4.283437061811978,195,0.7334,0,0,0,0,0,0,0,0,0,0,0,0,0,0,0,0,0,0,0,0,0,0,0,0,0,0,0,0,0,0,0,0,0,0,0,0,0,0,0,0,177.2755136926982,21.49596207588928,5.171142498037994,243.9,0.8684,0.0,0.0,0.0,0.0,0.0,0.0,0.0,0.0,0.0,0.0,0.0,0.0,0.0009657931093028362,120.72413866285451,0.0,0.0,0.0,0.0,0.0,0.0,0.0,0.0,0.0,0.0,0.0,0.0,0.0,0.0,0.0,0.0,0.0,0.0,0.0,0.0
171,H4,NC1=C(C=CC=C1)C2=C([Pd]OS(C)(=O)=O)C=CC=C2.CN(C)C3=CC=C(C=C3)P(C(C)(C)C)C(C)(C)C,APhos Pd G3,0.10161904000000001 milligram,0.16000000000000003 micromole,0.10161904000000004 microliter,C29H41N2O3PPdS,BrC1=CC=CN2C=CN=C12,"8-bromoimidazo[1,2-a]pyridine",0.15762800000000002 milligram,0.8 micromole,0.15762800000000005 microliter,C7H5BrN2,B1(OC(C(O1)(C)C)(C)C)C2=CCN(CC2)C(=O)OC(C)(C)C,"N-Boc-1,2,5,6-tetrahydropyridine-4-boronic acid pinacol ester",0.29684640000000007 milligram,0.9600000000000001 micromole,0.2968464000000001 microliter,C16H28BNO4,O=C([O-])[O-].[Na+].[Na+],Na2CO3,0.635928 milligram,6.0 micromole,0.6359280000000002 microliter,CNa2O3,CN1C=NC2=C1C(=O)N(C(=O)N2C)C,caffeine,0.1553528 milligram,0.8 micromole,0.15535280000000004 microliter,C8H10N4O2,C1COCCO1,dioxane,32.445 milligram,368.2496084262139 micromole,31.5 microliter,C4H8O2,O,water,3.5 milligram,194.2825423258396 micromole,3.5 microliter,H2O,CC(C)(C)OC(=O)N1CC=C(c2cccn3ccnc23)CC1,suzuki_product_0,0.0 milligram,0.0 micromole,0 microliter,C17H21N3O2,c1ccn2ccnc2c1,dehalogenation_0,0.0 milligram,0.0 micromole,0 microliter,C7H6N2,CC(C)(C)OC(=O)N1CC=CCC1,deborylation_0,0.0 milligram,0.0 micromole,0 microliter,C10H17NO2,BrC1=CC=CN2C=CN=C12.B1(OC(C(O1)(C)C)(C)C)C2=CCN(CC2)C(=O)OC(C)(C)C>>CC(C)(C)OC(=O)N1CC=C(c2cccn3ccnc23)CC1.c1ccn2ccnc2c1.CC(C)(C)OC(=O)N1CC=CCC1,001_RLN-NB-2443_007_H4,,,,,,,,,3/29/2023 11:39:24 PM,kat78-2-h4-a1_03_22_2023_172.raw,2min_150_1200.EXP,001_RLN-NB-2443_007_H4,KAT78-2-H4-A1_KAT78-2-H4-A1_KAT78-2-H4-A1,0,0,0,0,0,0,0,0,0,0,0,0,0,0,0,deborylation_0,0,0,0,0,0,182.99120224183156,18.9302316118687,4.678695656377736,194.9,0.7334,0,0,0,0,0,0,0,0,0,0,0,0,0,0,0,0,0,0,0,0,0,0,0,0,0,0,0,0,0,0,0,0,0,0,0,0,0,0,0,0,192.43820373060078,22.516417195526675,5.565038267352728,300.0,0.8684,0.0,0.0,0.0,0.0,0.0,0.0,0.0,0.0,0.0,0.0,0.0,0.0,0.0009515537963691703,118.94422454614629,0.0,0.0,0.0,0.0,0.0,0.0,0.0,0.0,0.0,0.0,0.0,0.0,0.0,0.0,0.0,0.0,0.0,0.0,0.0,0.0
172,H5,NC1=C(C=CC=C1)C2=C([Pd]OS(C)(=O)=O)C=CC=C2.CN(C)C3=CC=C(C=C3)P(C(C)(C)C)C(C)(C)C,APhos Pd G3,0.10161904000000001 milligram,0.16000000000000003 micromole,0.10161904000000004 microliter,C29H41N2O3PPdS,BrC1=CC=CN2C=CN=C12,"8-bromoimidazo[1,2-a]pyridine",0.15762800000000002 milligram,0.8 micromole,0.15762800000000005 microliter,C7H5BrN2,B1(OC(C(O1)(C)C)(C)C)C2=CC=C(C=C2)N,"4-(4,4,5,5-tetramethyl-1,3,2-dioxaborolan-2-yl)aniline",0.21032928 milligram,0.9600000000000001 micromole,0.21032928000000006 microliter,C12H18BNO2,O=C([O-])[O-].[Na+].[Na+],Na2CO3,0.635928 milligram,6.0 micromole,0.6359280000000002 microliter,CNa2O3,CN1C=NC2=C1C(=O)N(C(=O)N2C)C,caffeine,0.1553528 milligram,0.8 micromole,0.15535280000000004 microliter,C8H10N4O2,C1COCCO1,dioxane,32.445 milligram,368.2496084262139 micromole,31.5 microliter,C4H8O2,O,water,3.5 milligram,194.2825423258396 micromole,3.5 microliter,H2O,Nc1ccc(-c2cccn3ccnc23)cc1,suzuki_product_0,0.0 milligram,0.0 micromole,0 microliter,C13H11N3,c1ccn2ccnc2c1,dehalogenation_0,0.0 milligram,0.0 micromole,0 microliter,C7H6N2,Nc1ccccc1,deborylation_0,0.0 milligram,0.0 micromole,0 microliter,C6H7N,BrC1=CC=CN2C=CN=C12.B1(OC(C(O1)(C)C)(C)C)C2=CC=C(C=C2)N>>Nc1ccc(-c2cccn3ccnc23)cc1.c1ccn2ccnc2c1.Nc1ccccc1,001_RLN-NB-2443_007_H5,,,,,,,,,3/29/2023 11:41:51 PM,kat78-2-h5-a1_03_22_2023_173.raw,2min_150_1200.EXP,001_RLN-NB-2443_007_H5,KAT78-2-H5-A1_KAT78-2-H5-A1_KAT78-2-H5-A1,0,0,0,0,0,0,0,0,0,0,0,0,0,0,0,deborylation_0,0,0,0,0,0,171.83092339613566,26.9417369571981,4.355206901116623,194.9,0.7334,0,0,0,0,0,0,0,0,0,0,0,0,0,0,0,19.177914153340545,4.470315660285256,0.722638991122747,220,1.1118,0,0,0,0,0,0,0,0,0,0,0,0,0,0,0,0,0,0,0,0,45.85042462219489,7.4086201435136525,1.1976241037481314,210.0,0.6351,0.0,0.0,0.0,0.0,0.0,0.0,0.0,0.0,0.0,0.0,0.0,0.0,0.00021998938391488588,27.498672989360735,0.0,0.0,0.0,0.0,0.0,0.0,0.0,0.0,0.00013274023623308844,16.592529529136055,0.0,0.0,0.0,0.0,0.0,0.0,0.0,0.0,0.0,0.0
173,H6,NC1=C(C=CC=C1)C2=C([Pd]OS(C)(=O)=O)C=CC=C2.CN(C)C3=CC=C(C=C3)P(C(C)(C)C)C(C)(C)C,APhos Pd G3,0.10161904000000001 milligram,0.16000000000000003 micromole,0.10161904000000004 microliter,C29H41N2O3PPdS,BrC1=CC=CN2C=CN=C12,"8-bromoimidazo[1,2-a]pyridine",0.15762800000000002 milligram,0.8 micromole,0.15762800000000005 microliter,C7H5BrN2,B1(OC(C(O1)(C)C)(C)C)C2=CC=C(C=C2)N,"4-(4,4,5,5-tetramethyl-1,3,2-dioxaborolan-2-yl)aniline",0.21032928 milligram,0.9600000000000001 micromole,0.21032928000000006 microliter,C12H18BNO2,O=C([O-])[O-].[Na+].[Na+],Na2CO3,0.635928 milligram,6.0 micromole,0.6359280000000002 microliter,CNa2O3,CN1C=NC2=C1C(=O)N(C(=O)N2C)C,caffeine,0.1553528 milligram,0.8 micromole,0.15535280000000004 microliter,C8H10N4O2,C1COCCO1,dioxane,32.445 milligram,368.2496084262139 micromole,31.5 microliter,C4H8O2,O,water,3.5 milligram,194.2825423258396 micromole,3.5 microliter,H2O,Nc1ccc(-c2cccn3ccnc23)cc1,suzuki_product_0,0.0 milligram,0.0 micromole,0 microliter,C13H11N3,c1ccn2ccnc2c1,dehalogenation_0,0.0 milligram,0.0 micromole,0 microliter,C7H6N2,Nc1ccccc1,deborylation_0,0.0 milligram,0.0 micromole,0 microliter,C6H7N,BrC1=CC=CN2C=CN=C12.B1(OC(C(O1)(C)C)(C)C)C2=CC=C(C=C2)N>>Nc1ccc(-c2cccn3ccnc23)cc1.c1ccn2ccnc2c1.Nc1ccccc1,001_RLN-NB-2443_007_H6,,,,,,,,,3/29/2023 11:44:17 PM,kat78-2-h6-a1_03_22_2023_174.raw,2min_150_1200.EXP,001_RLN-NB-2443_007_H6,KAT78-2-H6-A1_KAT78-2-H6-A1_KAT78-2-H6-A1,0,0,0,0,0,0,0,0,0,0,0,0,0,0,0,deborylation_0,0,0,0,0,0,177.98058193674973,29.941143902824457,4.514678775135758,194.9,0.7318,0,0,0,0,0,0,0,0,0,0,0,0,0,0,0,19.407616252405465,4.672375487279606,0.7045246671385835,220,1.1118,0,0,0,0,0,0,0,0,0,0,0,0,0,0,0,0,0,0,0,0,41.88460573452572,7.343900213300418,1.1073508255833437,210.0,0.6351,0.0,0.0,0.0,0.0,0.0,0.0,0.0,0.0,0.0,0.0,0.0,0.0,0.00019622230164980812,24.527787706226015,0.0,0.0,0.0,0.0,0.0,0.0,0.0,0.0,0.00012484160264401503,15.605200330501878,0.0,0.0,0.0,0.0,0.0,0.0,0.0,0.0,0.0,0.0
174,H7,NC1=C(C=CC=C1)C2=C([Pd]OS(C)(=O)=O)C=CC=C2.CN(C)C3=CC=C(C=C3)P(C(C)(C)C)C(C)(C)C,APhos Pd G3,0.10161904000000001 milligram,0.16000000000000003 micromole,0.10161904000000004 microliter,C29H41N2O3PPdS,CC1=CC(C=O)=C(C)N1C2=CC(Cl)=CC(Cl)=C2,"1-(3,5-dichlorophenyl)-2,5-dimethyl-1H-pyrrole-3-carbaldehyde",0.2145144 milligram,0.8 micromole,0.21451440000000005 microliter,C13H11Cl2NO,B1(OC(C(O1)(C)C)(C)C)C2=CN=C(C=C2)C,"2-methyl-5-(4,4,5,5-tetramethyl-1,3,2-dioxaborolan-2-yl)pyridine",0.21032928 milligram,0.9600000000000001 micromole,0.21032928000000006 microliter,C12H18BNO2,O=C([O-])[O-].[Na+].[Na+],Na2CO3,0.635928 milligram,6.0 micromole,0.6359280000000002 microliter,CNa2O3,CN1C=NC2=C1C(=O)N(C(=O)N2C)C,caffeine,0.1553528 milligram,0.8 micromole,0.15535280000000004 microliter,C8H10N4O2,C1COCCO1,dioxane,32.445 milligram,368.2496084262139 micromole,31.5 microliter,C4H8O2,O,water,3.5 milligram,194.2825423258396 micromole,3.5 microliter,H2O,Cc1ccc(-c2cc(Cl)cc(-n3c(C)cc(C=O)c3C)c2)cn1,suzuki_product_0,0.0 milligram,0.0 micromole,0 microliter,C19H17ClN2O,Cc1ccc(-c2cc(-c3ccc(C)nc3)cc(-n3c(C)cc(C=O)c3C)c2)cn1,bis_addition_1,0.0 milligram,0.0 micromole,0 microliter,C25H23N3O,Cc1cc(C=O)c(C)n1-c1cccc(Cl)c1,dehalogenation_0,0.0 milligram,0.0 micromole,0 microliter,C13H12ClNO,CC1=CC(C=O)=C(C)N1C2=CC(Cl)=CC(Cl)=C2.B1(OC(C(O1)(C)C)(C)C)C2=CN=C(C=C2)C>>Cc1ccc(-c2cc(Cl)cc(-n3c(C)cc(C=O)c3C)c2)cn1.Cc1ccc(-c2cc(-c3ccc(C)nc3)cc(-n3c(C)cc(C=O)c3C)c2)cn1.Cc1cc(C=O)c(C)n1-c1cccc(Cl)c1.Cc1ccccn1,001_RLN-NB-2443_007_H7,,,Cc1ccccn1,deborylation_0,0.0 milligram,0.0 micromole,0 microliter,C6H7N,3/29/2023 11:46:45 PM,kat78-2-h7-a1_03_22_2023_175.raw,2min_150_1200.EXP,001_RLN-NB-2443_007_H7,KAT78-2-H7-A1_KAT78-2-H7-A1_KAT78-2-H7-A1,0,0,0,0,0,0,0,0,0,0,0,0,0,0,0,bis_addition_1,0,0,0,0,0,178.62145374155145,20.672606786093393,4.513976709068699,194.9,0.7334,0,0,0,0,0,0,0,0,0,0,0,0,0,0,0,0,0,0,0,0,87.03674772316865,10.55043091594765,2.3037442697968458,382.2,0.8068,0,0,0,0,0,0,0,0,0,0,0,0,0,0,0,218.27622872949567,29.29113829679204,6.39588018201819,324.9,1.0368,0.0,0.0,0.0,0.0,0.0,131.7532338834613,13.031305292004095,2.8454567527710544,267.9,1.3251,0.0,0.0,0.0011335247112230237,141.69058890287795,0.0,0.0,0.0,0.0,0.0,0.0,0.0,0.0,0.0,0.0,0.0005042926778163399,63.03658472704248,0.0004082864256111136,51.03580320138919,0.0,0.0,0.0,0.0,0.0,0.0
175,H8,NC1=C(C=CC=C1)C2=C([Pd]OS(C)(=O)=O)C=CC=C2.CN(C)C3=CC=C(C=C3)P(C(C)(C)C)C(C)(C)C,APhos Pd G3,0.10161904000000001 milligram,0.16000000000000003 micromole,0.10161904000000004 microliter,C29H41N2O3PPdS,CC1=CC(C=O)=C(C)N1C2=CC(Cl)=CC(Cl)=C2,"1-(3,5-dichlorophenyl)-2,5-dimethyl-1H-pyrrole-3-carbaldehyde",0.2145144 milligram,0.8 micromole,0.21451440000000005 microliter,C13H11Cl2NO,B1(OC(C(O1)(C)C)(C)C)C2=CN(N=C2C)C,"1,3-dimethyl-4-(4,4,5,5-tetramethyl-1,3,2-dioxaborolan-2-yl)-1H-pyrazole",0.21321311999999998 milligram,0.9600000000000001 micromole,0.21321312000000003 microliter,C11H19BN2O2,O=C([O-])[O-].[Na+].[Na+],Na2CO3,0.635928 milligram,6.0 micromole,0.6359280000000002 microliter,CNa2O3,CN1C=NC2=C1C(=O)N(C(=O)N2C)C,caffeine,0.1553528 milligram,0.8 micromole,0.15535280000000004 microliter,C8H10N4O2,C1COCCO1,dioxane,32.445 milligram,368.2496084262139 micromole,31.5 microliter,C4H8O2,O,water,3.5 milligram,194.2825423258396 micromole,3.5 microliter,H2O,Cc1nn(C)cc1-c1cc(Cl)cc(-n2c(C)cc(C=O)c2C)c1,suzuki_product_0,0.0 milligram,0.0 micromole,0 microliter,C18H18ClN3O,Cc1nn(C)cc1-c1cc(-c2cn(C)nc2C)cc(-n2c(C)cc(C=O)c2C)c1,bis_addition_1,0.0 milligram,0.0 micromole,0 microliter,C23H25N5O,Cc1cc(C=O)c(C)n1-c1cccc(Cl)c1,dehalogenation_0,0.0 milligram,0.0 micromole,0 microliter,C13H12ClNO,CC1=CC(C=O)=C(C)N1C2=CC(Cl)=CC(Cl)=C2.B1(OC(C(O1)(C)C)(C)C)C2=CN(N=C2C)C>>Cc1nn(C)cc1-c1cc(Cl)cc(-n2c(C)cc(C=O)c2C)c1.Cc1nn(C)cc1-c1cc(-c2cn(C)nc2C)cc(-n2c(C)cc(C=O)c2C)c1.Cc1cc(C=O)c(C)n1-c1cccc(Cl)c1.Cc1ccn(C)n1,001_RLN-NB-2443_007_H8,,,Cc1ccn(C)n1,deborylation_0,0.0 milligram,0.0 micromole,0 microliter,C5H8N2,3/29/2023 11:49:11 PM,kat78-2-h8-a1_03_22_2023_176.raw,2min_150_1200.EXP,001_RLN-NB-2443_007_H8,KAT78-2-H8-A1_KAT78-2-H8-A1_KAT78-2-H8-A1,0,0,0,0,0,0,0,0,0,0,0,0,0,0,0,bis_addition_2,0,0,0,0,0,181.20574493266585,23.458138375784866,4.749158734189979,194.9,0.7334,0,0,0,0,0,0,0,0,0,0,0,0,0,0,0,0,0,0,0,0,0,0,0,0,0,51.21960368609046,6.015017878478133,1.2177554005466782,388,1.0684,0,0,0,0,0,0,0,0,0,0,186.4811359025283,24.52493791761149,4.9651349672795435,327.9,1.2118,0.0,0.0,0.0,0.0,0.0,181.0579914742035,20.870681402475682,4.2253216040954245,267.8,1.3251,0.0,0.0,0.0008363813879767323,104.54767349709154,0.0,0.0,0.0,0.0,0.0,0.0,0.0,0.0,0.0,0.0,0.0007117591709330136,88.96989636662668,0.0,0.0,0.0,0.0,0.0,0.0,0.0,0.0
176,H9,NC1=C(C=CC=C1)C2=C([Pd]OS(C)(=O)=O)C=CC=C2.CN(C)C3=CC=C(C=C3)P(C(C)(C)C)C(C)(C)C,APhos Pd G3,0.10161904000000001 milligram,0.16000000000000003 micromole,0.10161904000000004 microliter,C29H41N2O3PPdS,CC1=CC(C=O)=C(C)N1C2=CC(Cl)=CC(Cl)=C2,"1-(3,5-dichlorophenyl)-2,5-dimethyl-1H-pyrrole-3-carbaldehyde",0.2145144 milligram,0.8 micromole,0.21451440000000005 microliter,C13H11Cl2NO,B1(OC(C(O1)(C)C)(C)C)C2=CCN(CC2)C(=O)OC(C)(C)C,"N-Boc-1,2,5,6-tetrahydropyridine-4-boronic acid pinacol ester",0.29684640000000007 milligram,0.9600000000000001 micromole,0.2968464000000001 microliter,C16H28BNO4,O=C([O-])[O-].[Na+].[Na+],Na2CO3,0.635928 milligram,6.0 micromole,0.6359280000000002 microliter,CNa2O3,CN1C=NC2=C1C(=O)N(C(=O)N2C)C,caffeine,0.1553528 milligram,0.8 micromole,0.15535280000000004 microliter,C8H10N4O2,C1COCCO1,dioxane,32.445 milligram,368.2496084262139 micromole,31.5 microliter,C4H8O2,O,water,3.5 milligram,194.2825423258396 micromole,3.5 microliter,H2O,Cc1cc(C=O)c(C)n1-c1cc(Cl)cc(C2=CCN(C(=O)OC(C)(C)C)CC2)c1,suzuki_product_0,0.0 milligram,0.0 micromole,0 microliter,C23H27ClN2O3,Cc1cc(C=O)c(C)n1-c1cc(C2=CCN(C(=O)OC(C)(C)C)CC2)cc(C2=CCN(C(=O)OC(C)(C)C)CC2)c1,bis_addition_2,0.0 milligram,0.0 micromole,0 microliter,C33H43N3O5,Cc1cc(C=O)c(C)n1-c1cccc(Cl)c1,dehalogenation_0,0.0 milligram,0.0 micromole,0 microliter,C13H12ClNO,CC1=CC(C=O)=C(C)N1C2=CC(Cl)=CC(Cl)=C2.B1(OC(C(O1)(C)C)(C)C)C2=CCN(CC2)C(=O)OC(C)(C)C>>Cc1cc(C=O)c(C)n1-c1cc(Cl)cc(C2=CCN(C(=O)OC(C)(C)C)CC2)c1.Cc1cc(C=O)c(C)n1-c1cc(C2=CCN(C(=O)OC(C)(C)C)CC2)cc(C2=CCN(C(=O)OC(C)(C)C)CC2)c1.Cc1cc(C=O)c(C)n1-c1cccc(Cl)c1.CC(C)(C)OC(=O)N1CC=CCC1,001_RLN-NB-2443_007_H9,,,CC(C)(C)OC(=O)N1CC=CCC1,deborylation_0,0.0 milligram,0.0 micromole,0 microliter,C10H17NO2,3/29/2023 11:51:39 PM,kat78-2-h9-a1_03_22_2023_177.raw,2min_150_1200.EXP,001_RLN-NB-2443_007_H9,KAT78-2-H9-A1_KAT78-2-H9-A1_KAT78-2-H9-A1,0,0,0,0,0,0,0,0,0,0,0,0,0,0,0,bis_addition_1,0,0,0,0,0,189.01163828779806,30.074666621865166,4.761215670072304,194.9,0.7334,0,0,0,0,0,0,0,0,0,0,0,0,0,0,0,0,0,0,0,0,0,0,0,0,0,0,0,0,0,0,0,0,0,0,0,0,0,0,0,0,0.0,0.0,0.0,0.0,0.0,0.0,0.0,0.0,0.0,0.0,223.87048089589823,29.888060904608242,4.731673528298976,267.9,1.3251,0.0,0.0,0.0,0.0,0.0,0.0,0.0,0.0,0.0,0.0,0.0,0.0,0.0,0.0,0.0007950362018744042,99.37952523430052,0.0,0.0,0.0,0.0,0.0,0.0,0.0,0.0
177,H10,NC1=C(C=CC=C1)C2=C([Pd]OS(C)(=O)=O)C=CC=C2.CN(C)C3=CC=C(C=C3)P(C(C)(C)C)C(C)(C)C,APhos Pd G3,0.10161904000000001 milligram,0.16000000000000003 micromole,0.10161904000000004 microliter,C29H41N2O3PPdS,CC1=CC(C=O)=C(C)N1C2=CC(Cl)=CC(Cl)=C2,"1-(3,5-dichlorophenyl)-2,5-dimethyl-1H-pyrrole-3-carbaldehyde",0.2145144 milligram,0.8 micromole,0.21451440000000005 microliter,C13H11Cl2NO,B1(OC(C(O1)(C)C)(C)C)C2=CCN(CC2)C(=O)OC(C)(C)C,"N-Boc-1,2,5,6-tetrahydropyridine-4-boronic acid pinacol ester",0.29684640000000007 milligram,0.9600000000000001 micromole,0.2968464000000001 microliter,C16H28BNO4,O=C([O-])[O-].[Na+].[Na+],Na2CO3,0.635928 milligram,6.0 micromole,0.6359280000000002 microliter,CNa2O3,CN1C=NC2=C1C(=O)N(C(=O)N2C)C,caffeine,0.1553528 milligram,0.8 micromole,0.15535280000000004 microliter,C8H10N4O2,C1COCCO1,dioxane,32.445 milligram,368.2496084262139 micromole,31.5 microliter,C4H8O2,O,water,3.5 milligram,194.2825423258396 micromole,3.5 microliter,H2O,Cc1cc(C=O)c(C)n1-c1cc(Cl)cc(C2=CCN(C(=O)OC(C)(C)C)CC2)c1,suzuki_product_0,0.0 milligram,0.0 micromole,0 microliter,C23H27ClN2O3,Cc1cc(C=O)c(C)n1-c1cc(C2=CCN(C(=O)OC(C)(C)C)CC2)cc(C2=CCN(C(=O)OC(C)(C)C)CC2)c1,bis_addition_2,0.0 milligram,0.0 micromole,0 microliter,C33H43N3O5,Cc1cc(C=O)c(C)n1-c1cccc(Cl)c1,dehalogenation_0,0.0 milligram,0.0 micromole,0 microliter,C13H12ClNO,CC1=CC(C=O)=C(C)N1C2=CC(Cl)=CC(Cl)=C2.B1(OC(C(O1)(C)C)(C)C)C2=CCN(CC2)C(=O)OC(C)(C)C>>Cc1cc(C=O)c(C)n1-c1cc(Cl)cc(C2=CCN(C(=O)OC(C)(C)C)CC2)c1.Cc1cc(C=O)c(C)n1-c1cc(C2=CCN(C(=O)OC(C)(C)C)CC2)cc(C2=CCN(C(=O)OC(C)(C)C)CC2)c1.Cc1cc(C=O)c(C)n1-c1cccc(Cl)c1.CC(C)(C)OC(=O)N1CC=CCC1,001_RLN-NB-2443_007_H10,,,CC(C)(C)OC(=O)N1CC=CCC1,deborylation_0,0.0 milligram,0.0 micromole,0 microliter,C10H17NO2,3/29/2023 11:54:06 PM,kat78-2-h10-a1_03_22_2023_178.raw,2min_150_1200.EXP,001_RLN-NB-2443_007_H10,KAT78-2-H10-A1_KAT78-2-H10-A1_KAT78-2-H10-A1,0,0,0,0,0,0,0,0,0,0,0,0,0,0,0,bis_addition_1,0,0,0,0,0,183.9953009930882,16.01139980376581,4.640340022221166,195,0.7334,0,0,0,0,0,0,0,0,0,0,0,0,0,0,0,0,0,0,0,0,145.1563396043471,14.618507784204374,4.236659353184146,562.2,1.5518,0,0,0,0,0,0,0,0,0,0,0,0,0,0,0,260.4047302615487,18.335572786756828,5.313919661960211,415.1,1.4701,0.0,0.0,0.0,0.0,0.0,159.69221291279757,13.554796075749648,3.928379997641054,267.8,1.3251,0.0,0.0,0.0009161259108623039,114.51573885778798,0.0,0.0,0.0,0.0,0.0,0.0,0.0,0.0,0.0,0.0,0.0006772572662915641,84.65715828644551,0.0,0.0,0.0,0.0,0.0,0.0,0.0,0.0
178,H11,NC1=C(C=CC=C1)C2=C([Pd]OS(C)(=O)=O)C=CC=C2.CN(C)C3=CC=C(C=C3)P(C(C)(C)C)C(C)(C)C,APhos Pd G3,0.10161904000000001 milligram,0.16000000000000003 micromole,0.10161904000000004 microliter,C29H41N2O3PPdS,CC1=CC(C=O)=C(C)N1C2=CC(Cl)=CC(Cl)=C2,"1-(3,5-dichlorophenyl)-2,5-dimethyl-1H-pyrrole-3-carbaldehyde",0.2145144 milligram,0.8 micromole,0.21451440000000005 microliter,C13H11Cl2NO,B1(OC(C(O1)(C)C)(C)C)C2=CC=C(C=C2)N,"4-(4,4,5,5-tetramethyl-1,3,2-dioxaborolan-2-yl)aniline",0.21032928 milligram,0.9600000000000001 micromole,0.21032928000000006 microliter,C12H18BNO2,O=C([O-])[O-].[Na+].[Na+],Na2CO3,0.635928 milligram,6.0 micromole,0.6359280000000002 microliter,CNa2O3,CN1C=NC2=C1C(=O)N(C(=O)N2C)C,caffeine,0.1553528 milligram,0.8 micromole,0.15535280000000004 microliter,C8H10N4O2,C1COCCO1,dioxane,32.445 milligram,368.2496084262139 micromole,31.5 microliter,C4H8O2,O,water,3.5 milligram,194.2825423258396 micromole,3.5 microliter,H2O,Cc1cc(C=O)c(C)n1-c1cc(Cl)cc(-c2ccc(N)cc2)c1,suzuki_product_0,0.0 milligram,0.0 micromole,0 microliter,C19H17ClN2O,Cc1cc(C=O)c(C)n1-c1cc(-c2ccc(N)cc2)cc(-c2ccc(N)cc2)c1,bis_addition_1,0.0 milligram,0.0 micromole,0 microliter,C25H23N3O,Cc1cc(C=O)c(C)n1-c1cccc(Cl)c1,dehalogenation_0,0.0 milligram,0.0 micromole,0 microliter,C13H12ClNO,CC1=CC(C=O)=C(C)N1C2=CC(Cl)=CC(Cl)=C2.B1(OC(C(O1)(C)C)(C)C)C2=CC=C(C=C2)N>>Cc1cc(C=O)c(C)n1-c1cc(Cl)cc(-c2ccc(N)cc2)c1.Cc1cc(C=O)c(C)n1-c1cc(-c2ccc(N)cc2)cc(-c2ccc(N)cc2)c1.Cc1cc(C=O)c(C)n1-c1cccc(Cl)c1.Nc1ccccc1,001_RLN-NB-2443_007_H11,,,Nc1ccccc1,deborylation_0,0.0 milligram,0.0 micromole,0 microliter,C6H7N,3/29/2023 11:56:33 PM,kat78-2-h11-a1_03_22_2023_179.raw,2min_150_1200.EXP,001_RLN-NB-2443_007_H11,KAT78-2-H11-A1_KAT78-2-H11-A1_KAT78-2-H11-A1,0,0,0,0,0,0,0,0,0,0,0,0,0,0,0,bis_addition_1,0,0,0,0,0,188.01502424917777,18.531275848007986,4.709784039123175,195,0.7334,0,0,0,0,0,0,0,0,0,0,0,0,0,0,0,0,0,0,0,0,42.77591680573565,3.193420225918666,0.8116181386324574,382.1,1.0101,0,0,0,0,0,0,0,0,0,0,0,0,0,0,0,139.32868664630195,20.04921905278585,5.095574242495856,324.8,1.2301,0.0,0.0,0.0,0.0,0.0,177.47638255531908,16.853926539760735,4.283480256004734,267.8,1.3251,0.0,0.0,0.000865530003102988,108.1912503878735,0.0,0.0,0.0,0.0,0.0,0.0,0.0,0.0,0.0,0.0,0.0007275883939344605,90.94854924180757,0.0001378607820469929,17.232597755874114,0.0,0.0,0.0,0.0,0.0,0.0
179,H12,NC1=C(C=CC=C1)C2=C([Pd]OS(C)(=O)=O)C=CC=C2.CN(C)C3=CC=C(C=C3)P(C(C)(C)C)C(C)(C)C,APhos Pd G3,0.10161904000000001 milligram,0.16000000000000003 micromole,0.10161904000000004 microliter,C29H41N2O3PPdS,CC1=CC(C=O)=C(C)N1C2=CC(Cl)=CC(Cl)=C2,"1-(3,5-dichlorophenyl)-2,5-dimethyl-1H-pyrrole-3-carbaldehyde",0.2145144 milligram,0.8 micromole,0.21451440000000005 microliter,C13H11Cl2NO,B1(OC(C(O1)(C)C)(C)C)C2=CC=C(C=C2)N,"4-(4,4,5,5-tetramethyl-1,3,2-dioxaborolan-2-yl)aniline",0.21032928 milligram,0.9600000000000001 micromole,0.21032928000000006 microliter,C12H18BNO2,O=C([O-])[O-].[Na+].[Na+],Na2CO3,0.635928 milligram,6.0 micromole,0.6359280000000002 microliter,CNa2O3,CN1C=NC2=C1C(=O)N(C(=O)N2C)C,caffeine,0.1553528 milligram,0.8 micromole,0.15535280000000004 microliter,C8H10N4O2,C1COCCO1,dioxane,32.445 milligram,368.2496084262139 micromole,31.5 microliter,C4H8O2,O,water,3.5 milligram,194.2825423258396 micromole,3.5 microliter,H2O,Cc1cc(C=O)c(C)n1-c1cc(Cl)cc(-c2ccc(N)cc2)c1,suzuki_product_0,0.0 milligram,0.0 micromole,0 microliter,C19H17ClN2O,Cc1cc(C=O)c(C)n1-c1cc(-c2ccc(N)cc2)cc(-c2ccc(N)cc2)c1,bis_addition_1,0.0 milligram,0.0 micromole,0 microliter,C25H23N3O,Cc1cc(C=O)c(C)n1-c1cccc(Cl)c1,dehalogenation_0,0.0 milligram,0.0 micromole,0 microliter,C13H12ClNO,CC1=CC(C=O)=C(C)N1C2=CC(Cl)=CC(Cl)=C2.B1(OC(C(O1)(C)C)(C)C)C2=CC=C(C=C2)N>>Cc1cc(C=O)c(C)n1-c1cc(Cl)cc(-c2ccc(N)cc2)c1.Cc1cc(C=O)c(C)n1-c1cc(-c2ccc(N)cc2)cc(-c2ccc(N)cc2)c1.Cc1cc(C=O)c(C)n1-c1cccc(Cl)c1.Nc1ccccc1,001_RLN-NB-2443_007_H12,,,Nc1ccccc1,deborylation_0,0.0 milligram,0.0 micromole,0 microliter,C6H7N,3/29/2023 11:59:01 PM,kat78-2-h12-a1_03_22_2023_180.raw,2min_150_1200.EXP,001_RLN-NB-2443_007_H12,KAT78-2-H12-A1_KAT78-2-H12-A1_KAT78-2-H12-A1,0,0,0,0,0,0,0,0,0,0,0,0,0,0,0,bis_addition_1,0,0,0,0,0,183.93608748194424,17.501416335562205,4.62418193215422,195,0.7334,0,0,0,0,0,0,0,0,0,0,0,0,0,0,0,22.577914927207512,3.2799509068868673,0.8666207026433714,219.9,1.1034,52.1758679619193,3.340490861275776,0.8826164230977092,382.1,1.0134,0,0,0,0,0,0,0,0,0,0,0,0,0,0,0,173.91368997619108,23.14129042299892,6.114335834827597,324.9,1.2334,0.0,0.0,0.0,0.0,0.0,158.32208818714633,14.353172214986518,3.7923604783216267,267.8,1.3251,0.0,0.0,0.00105780195062164,132.225243827705,0.0,0.0,0.0,0.0,0.0,0.0,0.0,0.0,0.00014992847865562207,18.741059831952757,0.0006560919157529633,82.0114894691204,0.00015269579545916073,19.086974432395092,0.0,0.0,0.0,0.0,0.0,0.0
180,H13,NC1=C(C=CC=C1)C2=C([Pd]OS(C)(=O)=O)C=CC=C2.CN(C)C3=CC=C(C=C3)P(C(C)(C)C)C(C)(C)C,APhos Pd G3,0.10161904000000001 milligram,0.16000000000000003 micromole,0.10161904000000004 microliter,C29H41N2O3PPdS,COC1=C(N)C(Cl)=NC=N1,4-chloro-6-methoxypyrimidin-5-amine,0.12766080000000002 milligram,0.8 micromole,0.12766080000000005 microliter,C5H6ClN3O,B1(OC(C(O1)(C)C)(C)C)C2=CN=C(C=C2)C,"2-methyl-5-(4,4,5,5-tetramethyl-1,3,2-dioxaborolan-2-yl)pyridine",0.21032928 milligram,0.9600000000000001 micromole,0.21032928000000006 microliter,C12H18BNO2,O=C([O-])[O-].[Na+].[Na+],Na2CO3,0.635928 milligram,6.0 micromole,0.6359280000000002 microliter,CNa2O3,CN1C=NC2=C1C(=O)N(C(=O)N2C)C,caffeine,0.1553528 milligram,0.8 micromole,0.15535280000000004 microliter,C8H10N4O2,C1COCCO1,dioxane,32.445 milligram,368.2496084262139 micromole,31.5 microliter,C4H8O2,O,water,3.5 milligram,194.2825423258396 micromole,3.5 microliter,H2O,COc1ncnc(-c2ccc(C)nc2)c1N,suzuki_product_0,0.0 milligram,0.0 micromole,0 microliter,C11H12N4O,COc1ncncc1N,dehalogenation_0,0.0 milligram,0.0 micromole,0 microliter,C5H7N3O,Cc1ccccn1,deborylation_0,0.0 milligram,0.0 micromole,0 microliter,C6H7N,COC1=C(N)C(Cl)=NC=N1.B1(OC(C(O1)(C)C)(C)C)C2=CN=C(C=C2)C>>COc1ncnc(-c2ccc(C)nc2)c1N.COc1ncncc1N.Cc1ccccn1,001_RLN-NB-2443_007_H13,,,,,,,,,3/30/2023 12:01:28 AM,kat78-2-h13-a1_03_22_2023_181.raw,2min_150_1200.EXP,001_RLN-NB-2443_007_H13,KAT78-2-H13-A1_KAT78-2-H13-A1_KAT78-2-H13-A1,0,0,0,0,0,0,0,0,0,0,0,0,0,0,0,deborylation_0,0,0,0,0,0,183.74470445917564,43.64911812187945,4.672114124514019,195,0.7334,0,0,0,0,0,0,0,0,0,0,0,0,0,0,0,0,0,0,0,0,0,0,0,0,0,0,0,0,0,0,0,0,0,0,0,0,0,0,0,0,25.49448041544961,5.3802318443159125,0.5758892338397175,217.0,0.6501,0.0,0.0,0.0,0.0,0.0,0.0,0.0,0.0,0.0,0.0,0.0,0.0,9.860876142868107e-05,12.326095178585133,0.0,0.0,0.0,0.0,0.0,0.0,0.0,0.0,0.0,0.0,0.0,0.0,0.0,0.0,0.0,0.0,0.0,0.0,0.0,0.0
181,H14,NC1=C(C=CC=C1)C2=C([Pd]OS(C)(=O)=O)C=CC=C2.CN(C)C3=CC=C(C=C3)P(C(C)(C)C)C(C)(C)C,APhos Pd G3,0.10161904000000001 milligram,0.16000000000000003 micromole,0.10161904000000004 microliter,C29H41N2O3PPdS,COC1=C(N)C(Cl)=NC=N1,4-chloro-6-methoxypyrimidin-5-amine,0.12766080000000002 milligram,0.8 micromole,0.12766080000000005 microliter,C5H6ClN3O,B1(OC(C(O1)(C)C)(C)C)C2=CN(N=C2C)C,"1,3-dimethyl-4-(4,4,5,5-tetramethyl-1,3,2-dioxaborolan-2-yl)-1H-pyrazole",0.21321311999999998 milligram,0.9600000000000001 micromole,0.21321312000000003 microliter,C11H19BN2O2,O=C([O-])[O-].[Na+].[Na+],Na2CO3,0.635928 milligram,6.0 micromole,0.6359280000000002 microliter,CNa2O3,CN1C=NC2=C1C(=O)N(C(=O)N2C)C,caffeine,0.1553528 milligram,0.8 micromole,0.15535280000000004 microliter,C8H10N4O2,C1COCCO1,dioxane,32.445 milligram,368.2496084262139 micromole,31.5 microliter,C4H8O2,O,water,3.5 milligram,194.2825423258396 micromole,3.5 microliter,H2O,COc1ncnc(-c2cn(C)nc2C)c1N,suzuki_product_0,0.0 milligram,0.0 micromole,0 microliter,C10H13N5O,COc1ncncc1N,dehalogenation_0,0.0 milligram,0.0 micromole,0 microliter,C5H7N3O,Cc1ccn(C)n1,deborylation_0,0.0 milligram,0.0 micromole,0 microliter,C5H8N2,COC1=C(N)C(Cl)=NC=N1.B1(OC(C(O1)(C)C)(C)C)C2=CN(N=C2C)C>>COc1ncnc(-c2cn(C)nc2C)c1N.COc1ncncc1N.Cc1ccn(C)n1,001_RLN-NB-2443_007_H14,,,,,,,,,3/30/2023 12:03:55 AM,kat78-2-h14-a1_03_22_2023_182.raw,2min_150_1200.EXP,001_RLN-NB-2443_007_H14,KAT78-2-H14-A1_KAT78-2-H14-A1_KAT78-2-H14-A1,0,0,0,0,0,0,0,0,0,0,0,0,0,0,0,deborylation_0,0,0,0,0,0,182.56443981808715,46.942544377561504,4.733532485344024,194.9,0.7318,0,0,0,0,0,0,0,0,0,0,0,0,0,0,0,0,0,0,0,0,0,0,0,0,0,0,0,0,0,0,0,0,0,0,0,0,0,0,0,0,25.28944843724379,6.521962359601627,0.6576533314653906,220.0,0.6718,0.0,0.0,0.0,0.0,0.0,0.0,0.0,0.0,0.0,0.0,0.0,0.0,0.00011114799925875548,13.893499907344435,0.0,0.0,0.0,0.0,0.0,0.0,0.0,0.0,0.0,0.0,0.0,0.0,0.0,0.0,0.0,0.0,0.0,0.0,0.0,0.0
182,H15,NC1=C(C=CC=C1)C2=C([Pd]OS(C)(=O)=O)C=CC=C2.CN(C)C3=CC=C(C=C3)P(C(C)(C)C)C(C)(C)C,APhos Pd G3,0.10161904000000001 milligram,0.16000000000000003 micromole,0.10161904000000004 microliter,C29H41N2O3PPdS,COC1=C(N)C(Cl)=NC=N1,4-chloro-6-methoxypyrimidin-5-amine,0.12766080000000002 milligram,0.8 micromole,0.12766080000000005 microliter,C5H6ClN3O,B1(OC(C(O1)(C)C)(C)C)C2=CCN(CC2)C(=O)OC(C)(C)C,"N-Boc-1,2,5,6-tetrahydropyridine-4-boronic acid pinacol ester",0.29684640000000007 milligram,0.9600000000000001 micromole,0.2968464000000001 microliter,C16H28BNO4,O=C([O-])[O-].[Na+].[Na+],Na2CO3,0.635928 milligram,6.0 micromole,0.6359280000000002 microliter,CNa2O3,CN1C=NC2=C1C(=O)N(C(=O)N2C)C,caffeine,0.1553528 milligram,0.8 micromole,0.15535280000000004 microliter,C8H10N4O2,C1COCCO1,dioxane,32.445 milligram,368.2496084262139 micromole,31.5 microliter,C4H8O2,O,water,3.5 milligram,194.2825423258396 micromole,3.5 microliter,H2O,COc1ncnc(C2=CCN(C(=O)OC(C)(C)C)CC2)c1N,suzuki_product_0,0.0 milligram,0.0 micromole,0 microliter,C15H22N4O3,COc1ncncc1N,dehalogenation_0,0.0 milligram,0.0 micromole,0 microliter,C5H7N3O,CC(C)(C)OC(=O)N1CC=CCC1,deborylation_0,0.0 milligram,0.0 micromole,0 microliter,C10H17NO2,COC1=C(N)C(Cl)=NC=N1.B1(OC(C(O1)(C)C)(C)C)C2=CCN(CC2)C(=O)OC(C)(C)C>>COc1ncnc(C2=CCN(C(=O)OC(C)(C)C)CC2)c1N.COc1ncncc1N.CC(C)(C)OC(=O)N1CC=CCC1,001_RLN-NB-2443_007_H15,,,,,,,,,3/30/2023 12:06:22 AM,kat78-2-h15-a1_03_22_2023_183.raw,2min_150_1200.EXP,001_RLN-NB-2443_007_H15,KAT78-2-H15-A1_KAT78-2-H15-A1_KAT78-2-H15-A1,0,0,0,0,0,0,0,0,0,0,0,0,0,0,0,deborylation_0,0,0,0,0,0,193.08313622630746,25.29076287347304,4.777991422702222,195,0.7334,0,0,0,0,0,0,0,0,0,0,0,0,0,0,0,0,0,0,0,0,0,0,0,0,0,0,0,0,0,0,0,0,0,0,0,0,0,0,0,0,166.86263266369482,24.237922882974093,4.579086373089891,307.0,0.9984,0.0,0.0,0.0,0.0,0.0,0.0,0.0,0.0,0.0,0.0,0.0,0.0,0.0007666964576508446,95.83705720635557,0.0,0.0,0.0,0.0,0.0,0.0,0.0,0.0,0.0,0.0,0.0,0.0,0.0,0.0,0.0,0.0,0.0,0.0,0.0,0.0
183,H16,NC1=C(C=CC=C1)C2=C([Pd]OS(C)(=O)=O)C=CC=C2.CN(C)C3=CC=C(C=C3)P(C(C)(C)C)C(C)(C)C,APhos Pd G3,0.10161904000000001 milligram,0.16000000000000003 micromole,0.10161904000000004 microliter,C29H41N2O3PPdS,COC1=C(N)C(Cl)=NC=N1,4-chloro-6-methoxypyrimidin-5-amine,0.12766080000000002 milligram,0.8 micromole,0.12766080000000005 microliter,C5H6ClN3O,B1(OC(C(O1)(C)C)(C)C)C2=CCN(CC2)C(=O)OC(C)(C)C,"N-Boc-1,2,5,6-tetrahydropyridine-4-boronic acid pinacol ester",0.29684640000000007 milligram,0.9600000000000001 micromole,0.2968464000000001 microliter,C16H28BNO4,O=C([O-])[O-].[Na+].[Na+],Na2CO3,0.635928 milligram,6.0 micromole,0.6359280000000002 microliter,CNa2O3,CN1C=NC2=C1C(=O)N(C(=O)N2C)C,caffeine,0.1553528 milligram,0.8 micromole,0.15535280000000004 microliter,C8H10N4O2,C1COCCO1,dioxane,32.445 milligram,368.2496084262139 micromole,31.5 microliter,C4H8O2,O,water,3.5 milligram,194.2825423258396 micromole,3.5 microliter,H2O,COc1ncnc(C2=CCN(C(=O)OC(C)(C)C)CC2)c1N,suzuki_product_0,0.0 milligram,0.0 micromole,0 microliter,C15H22N4O3,COc1ncncc1N,dehalogenation_0,0.0 milligram,0.0 micromole,0 microliter,C5H7N3O,CC(C)(C)OC(=O)N1CC=CCC1,deborylation_0,0.0 milligram,0.0 micromole,0 microliter,C10H17NO2,COC1=C(N)C(Cl)=NC=N1.B1(OC(C(O1)(C)C)(C)C)C2=CCN(CC2)C(=O)OC(C)(C)C>>COc1ncnc(C2=CCN(C(=O)OC(C)(C)C)CC2)c1N.COc1ncncc1N.CC(C)(C)OC(=O)N1CC=CCC1,001_RLN-NB-2443_007_H16,,,,,,,,,3/30/2023 12:08:50 AM,kat78-2-h16-a1_03_22_2023_184.raw,2min_150_1200.EXP,001_RLN-NB-2443_007_H16,KAT78-2-H16-A1_KAT78-2-H16-A1_KAT78-2-H16-A1,0,0,0,0,0,0,0,0,0,0,0,0,0,0,0,deborylation_0,0,0,0,0,0,179.59594319565812,22.430211093822617,4.468192820306586,195,0.7334,0,0,0,0,0,0,0,0,0,0,0,0,0,0,0,0,0,0,0,0,0,0,0,0,0,0,0,0,0,0,0,0,0,0,0,0,0,0,0,0,223.1884967955367,31.689735896649452,6.312729283667648,307.0,0.9984,0.0,0.0,0.0,0.0,0.0,0.0,0.0,0.0,0.0,0.0,0.0,0.0,0.0011302519004960038,141.28148756200048,0.0,0.0,0.0,0.0,0.0,0.0,0.0,0.0,0.0,0.0,0.0,0.0,0.0,0.0,0.0,0.0,0.0,0.0,0.0,0.0
184,H17,NC1=C(C=CC=C1)C2=C([Pd]OS(C)(=O)=O)C=CC=C2.CN(C)C3=CC=C(C=C3)P(C(C)(C)C)C(C)(C)C,APhos Pd G3,0.10161904000000001 milligram,0.16000000000000003 micromole,0.10161904000000004 microliter,C29H41N2O3PPdS,COC1=C(N)C(Cl)=NC=N1,4-chloro-6-methoxypyrimidin-5-amine,0.12766080000000002 milligram,0.8 micromole,0.12766080000000005 microliter,C5H6ClN3O,B1(OC(C(O1)(C)C)(C)C)C2=CC=C(C=C2)N,"4-(4,4,5,5-tetramethyl-1,3,2-dioxaborolan-2-yl)aniline",0.21032928 milligram,0.9600000000000001 micromole,0.21032928000000006 microliter,C12H18BNO2,O=C([O-])[O-].[Na+].[Na+],Na2CO3,0.635928 milligram,6.0 micromole,0.6359280000000002 microliter,CNa2O3,CN1C=NC2=C1C(=O)N(C(=O)N2C)C,caffeine,0.1553528 milligram,0.8 micromole,0.15535280000000004 microliter,C8H10N4O2,C1COCCO1,dioxane,32.445 milligram,368.2496084262139 micromole,31.5 microliter,C4H8O2,O,water,3.5 milligram,194.2825423258396 micromole,3.5 microliter,H2O,COc1ncnc(-c2ccc(N)cc2)c1N,suzuki_product_0,0.0 milligram,0.0 micromole,0 microliter,C11H12N4O,COc1ncncc1N,dehalogenation_0,0.0 milligram,0.0 micromole,0 microliter,C5H7N3O,Nc1ccccc1,deborylation_0,0.0 milligram,0.0 micromole,0 microliter,C6H7N,COC1=C(N)C(Cl)=NC=N1.B1(OC(C(O1)(C)C)(C)C)C2=CC=C(C=C2)N>>COc1ncnc(-c2ccc(N)cc2)c1N.COc1ncncc1N.Nc1ccccc1,001_RLN-NB-2443_007_H17,,,,,,,,,3/30/2023 12:11:16 AM,kat78-2-h17-a1_03_22_2023_185.raw,2min_150_1200.EXP,001_RLN-NB-2443_007_H17,KAT78-2-H17-A1_KAT78-2-H17-A1_KAT78-2-H17-A1,0,0,0,0,0,0,0,0,0,0,0,0,0,0,0,deborylation_0,0,0,0,0,0,174.53351969811402,41.43602516627809,4.432980879657503,195,0.7334,0,0,0,0,0,0,0,0,0,0,0,0,0,0,0,16.909985529404228,4.264918832319827,0.45627696095598297,220,1.1168,0,0,0,0,0,0,0,0,0,0,0,0,0,0,0,0,0,0,0,0,64.67338188131879,15.814374526967537,1.6918809084719644,216.9,0.6568,0.0,0.0,0.0,0.0,0.0,0.0,0.0,0.0,0.0,0.0,0.0,0.0,0.00030532609174757934,38.16576146844742,0.0,0.0,0.0,0.0,0.0,0.0,0.0,0.0,8.234223847881527e-05,10.292779809851908,0.0,0.0,0.0,0.0,0.0,0.0,0.0,0.0,0.0,0.0
185,H18,NC1=C(C=CC=C1)C2=C([Pd]OS(C)(=O)=O)C=CC=C2.CN(C)C3=CC=C(C=C3)P(C(C)(C)C)C(C)(C)C,APhos Pd G3,0.10161904000000001 milligram,0.16000000000000003 micromole,0.10161904000000004 microliter,C29H41N2O3PPdS,COC1=C(N)C(Cl)=NC=N1,4-chloro-6-methoxypyrimidin-5-amine,0.12766080000000002 milligram,0.8 micromole,0.12766080000000005 microliter,C5H6ClN3O,B1(OC(C(O1)(C)C)(C)C)C2=CC=C(C=C2)N,"4-(4,4,5,5-tetramethyl-1,3,2-dioxaborolan-2-yl)aniline",0.21032928 milligram,0.9600000000000001 micromole,0.21032928000000006 microliter,C12H18BNO2,O=C([O-])[O-].[Na+].[Na+],Na2CO3,0.635928 milligram,6.0 micromole,0.6359280000000002 microliter,CNa2O3,CN1C=NC2=C1C(=O)N(C(=O)N2C)C,caffeine,0.1553528 milligram,0.8 micromole,0.15535280000000004 microliter,C8H10N4O2,C1COCCO1,dioxane,32.445 milligram,368.2496084262139 micromole,31.5 microliter,C4H8O2,O,water,3.5 milligram,194.2825423258396 micromole,3.5 microliter,H2O,COc1ncnc(-c2ccc(N)cc2)c1N,suzuki_product_0,0.0 milligram,0.0 micromole,0 microliter,C11H12N4O,COc1ncncc1N,dehalogenation_0,0.0 milligram,0.0 micromole,0 microliter,C5H7N3O,Nc1ccccc1,deborylation_0,0.0 milligram,0.0 micromole,0 microliter,C6H7N,COC1=C(N)C(Cl)=NC=N1.B1(OC(C(O1)(C)C)(C)C)C2=CC=C(C=C2)N>>COc1ncnc(-c2ccc(N)cc2)c1N.COc1ncncc1N.Nc1ccccc1,001_RLN-NB-2443_007_H18,,,,,,,,,3/30/2023 12:13:44 AM,kat78-2-h18-a1_03_22_2023_186.raw,2min_150_1200.EXP,001_RLN-NB-2443_007_H18,KAT78-2-H18-A1_KAT78-2-H18-A1_KAT78-2-H18-A1,0,0,0,0,0,0,0,0,0,0,0,0,0,0,0,deborylation_0,0,0,0,0,0,171.27890925411023,45.21397644329627,4.418419804429001,195,0.7318,0,0,0,0,0,0,0,0,0,0,0,0,0,0,0,0,0,0,0,0,0,0,0,0,0,0,0,0,0,0,0,0,0,0,0,0,0,0,0,0,43.278984491610046,12.336939952187658,1.2055957935741197,217.0,0.6534,0.0,0.0,0.0,0.0,0.0,0.0,0.0,0.0,0.0,0.0,0.0,0.0,0.00021828542274152164,27.285677842690205,0.0,0.0,0.0,0.0,0.0,0.0,0.0,0.0,0.0,0.0,0.0,0.0,0.0,0.0,0.0,0.0,0.0,0.0,0.0,0.0
186,H19,NC1=C(C=CC=C1)C2=C([Pd]OS(C)(=O)=O)C=CC=C2.CN(C)C3=CC=C(C=C3)P(C(C)(C)C)C(C)(C)C,APhos Pd G3,0.10161904000000001 milligram,0.16000000000000003 micromole,0.10161904000000004 microliter,C29H41N2O3PPdS,CC1=C(N2CCCC2=O)C=CC(Br)=C1,1-(4-bromo-2-methylphenyl)pyrrolidin-2-one,0.20330160000000003 milligram,0.8 micromole,0.20330160000000008 microliter,C11H12BrNO,B1(OC(C(O1)(C)C)(C)C)C2=CN=C(C=C2)C,"2-methyl-5-(4,4,5,5-tetramethyl-1,3,2-dioxaborolan-2-yl)pyridine",0.21032928 milligram,0.9600000000000001 micromole,0.21032928000000006 microliter,C12H18BNO2,O=C([O-])[O-].[Na+].[Na+],Na2CO3,0.635928 milligram,6.0 micromole,0.6359280000000002 microliter,CNa2O3,CN1C=NC2=C1C(=O)N(C(=O)N2C)C,caffeine,0.1553528 milligram,0.8 micromole,0.15535280000000004 microliter,C8H10N4O2,C1COCCO1,dioxane,32.445 milligram,368.2496084262139 micromole,31.5 microliter,C4H8O2,O,water,3.5 milligram,194.2825423258396 micromole,3.5 microliter,H2O,Cc1ccc(-c2ccc(N3CCCC3=O)c(C)c2)cn1,suzuki_product_0,0.0 milligram,0.0 micromole,0 microliter,C17H18N2O,Cc1ccccc1N1CCCC1=O,dehalogenation_0,0.0 milligram,0.0 micromole,0 microliter,C11H13NO,Cc1ccccn1,deborylation_0,0.0 milligram,0.0 micromole,0 microliter,C6H7N,CC1=C(N2CCCC2=O)C=CC(Br)=C1.B1(OC(C(O1)(C)C)(C)C)C2=CN=C(C=C2)C>>Cc1ccc(-c2ccc(N3CCCC3=O)c(C)c2)cn1.Cc1ccccc1N1CCCC1=O.Cc1ccccn1,001_RLN-NB-2443_007_H19,,,,,,,,,3/30/2023 12:16:11 AM,kat78-2-h19-a1_03_22_2023_187.raw,2min_150_1200.EXP,001_RLN-NB-2443_007_H19,KAT78-2-H19-A1_KAT78-2-H19-A1_KAT78-2-H19-A1,0,0,0,0,0,0,0,0,0,0,0,0,0,0,0,deborylation_0,0,0,0,0,0,168.17933804073058,47.249321277624276,4.381545716709629,194.9,0.7334,0,0,0,0,0,0,0,0,0,0,0,0,0,0,0,0,0,0,0,0,0,0,0,0,0,0,0,0,0,0,0,0,0,0,0,0,0,0,0,0,0.0,0.0,0.0,0.0,0.0,0.0,0.0,0.0,0.0,0.0,0.0,0.0,0.0,0.0,0.0,0.0,0.0,0.0,0.0,0.0,0.0,0.0,0.0,0.0,0.0,0.0,0.0,0.0,0.0,0.0,0.0,0.0,0.0,0.0,0.0,0.0,0.0,0.0,0.0
187,H20,NC1=C(C=CC=C1)C2=C([Pd]OS(C)(=O)=O)C=CC=C2.CN(C)C3=CC=C(C=C3)P(C(C)(C)C)C(C)(C)C,APhos Pd G3,0.10161904000000001 milligram,0.16000000000000003 micromole,0.10161904000000004 microliter,C29H41N2O3PPdS,CC1=C(N2CCCC2=O)C=CC(Br)=C1,1-(4-bromo-2-methylphenyl)pyrrolidin-2-one,0.20330160000000003 milligram,0.8 micromole,0.20330160000000008 microliter,C11H12BrNO,B1(OC(C(O1)(C)C)(C)C)C2=CN(N=C2C)C,"1,3-dimethyl-4-(4,4,5,5-tetramethyl-1,3,2-dioxaborolan-2-yl)-1H-pyrazole",0.21321311999999998 milligram,0.9600000000000001 micromole,0.21321312000000003 microliter,C11H19BN2O2,O=C([O-])[O-].[Na+].[Na+],Na2CO3,0.635928 milligram,6.0 micromole,0.6359280000000002 microliter,CNa2O3,CN1C=NC2=C1C(=O)N(C(=O)N2C)C,caffeine,0.1553528 milligram,0.8 micromole,0.15535280000000004 microliter,C8H10N4O2,C1COCCO1,dioxane,32.445 milligram,368.2496084262139 micromole,31.5 microliter,C4H8O2,O,water,3.5 milligram,194.2825423258396 micromole,3.5 microliter,H2O,Cc1cc(-c2cn(C)nc2C)ccc1N1CCCC1=O,suzuki_product_0,0.0 milligram,0.0 micromole,0 microliter,C16H19N3O,Cc1ccccc1N1CCCC1=O,dehalogenation_0,0.0 milligram,0.0 micromole,0 microliter,C11H13NO,Cc1ccn(C)n1,deborylation_0,0.0 milligram,0.0 micromole,0 microliter,C5H8N2,CC1=C(N2CCCC2=O)C=CC(Br)=C1.B1(OC(C(O1)(C)C)(C)C)C2=CN(N=C2C)C>>Cc1cc(-c2cn(C)nc2C)ccc1N1CCCC1=O.Cc1ccccc1N1CCCC1=O.Cc1ccn(C)n1,001_RLN-NB-2443_007_H20,,,,,,,,,3/30/2023 12:18:38 AM,kat78-2-h20-a1_03_22_2023_188.raw,2min_150_1200.EXP,001_RLN-NB-2443_007_H20,KAT78-2-H20-A1_KAT78-2-H20-A1_KAT78-2-H20-A1,0,0,0,0,0,0,0,0,0,0,0,0,0,0,0,deborylation_0,0,0,0,0,0,193.93424353874963,48.63664733229943,5.04765212536518,195,0.7334,0,0,0,0,0,0,0,0,0,0,0,0,0,0,0,0,0,0,0,0,0,0,0,0,0,0,0,0,0,0,0,0,0,0,0,0,0,0,0,0,7.982793026424986,1.5082119477398273,0.15652660413651448,270.1,0.9951,0.0,0.0,0.0,0.0,0.0,0.0,0.0,0.0,0.0,0.0,0.0,0.0,2.480782752043402e-05,3.1009784400542526,0.0,0.0,0.0,0.0,0.0,0.0,0.0,0.0,0.0,0.0,0.0,0.0,0.0,0.0,0.0,0.0,0.0,0.0,0.0,0.0
188,H21,NC1=C(C=CC=C1)C2=C([Pd]OS(C)(=O)=O)C=CC=C2.CN(C)C3=CC=C(C=C3)P(C(C)(C)C)C(C)(C)C,APhos Pd G3,0.10161904000000001 milligram,0.16000000000000003 micromole,0.10161904000000004 microliter,C29H41N2O3PPdS,CC1=C(N2CCCC2=O)C=CC(Br)=C1,1-(4-bromo-2-methylphenyl)pyrrolidin-2-one,0.20330160000000003 milligram,0.8 micromole,0.20330160000000008 microliter,C11H12BrNO,B1(OC(C(O1)(C)C)(C)C)C2=CCN(CC2)C(=O)OC(C)(C)C,"N-Boc-1,2,5,6-tetrahydropyridine-4-boronic acid pinacol ester",0.29684640000000007 milligram,0.9600000000000001 micromole,0.2968464000000001 microliter,C16H28BNO4,O=C([O-])[O-].[Na+].[Na+],Na2CO3,0.635928 milligram,6.0 micromole,0.6359280000000002 microliter,CNa2O3,CN1C=NC2=C1C(=O)N(C(=O)N2C)C,caffeine,0.1553528 milligram,0.8 micromole,0.15535280000000004 microliter,C8H10N4O2,C1COCCO1,dioxane,32.445 milligram,368.2496084262139 micromole,31.5 microliter,C4H8O2,O,water,3.5 milligram,194.2825423258396 micromole,3.5 microliter,H2O,Cc1cc(C2=CCN(C(=O)OC(C)(C)C)CC2)ccc1N1CCCC1=O,suzuki_product_0,0.0 milligram,0.0 micromole,0 microliter,C21H28N2O3,Cc1ccccc1N1CCCC1=O,dehalogenation_0,0.0 milligram,0.0 micromole,0 microliter,C11H13NO,CC(C)(C)OC(=O)N1CC=CCC1,deborylation_0,0.0 milligram,0.0 micromole,0 microliter,C10H17NO2,CC1=C(N2CCCC2=O)C=CC(Br)=C1.B1(OC(C(O1)(C)C)(C)C)C2=CCN(CC2)C(=O)OC(C)(C)C>>Cc1cc(C2=CCN(C(=O)OC(C)(C)C)CC2)ccc1N1CCCC1=O.Cc1ccccc1N1CCCC1=O.CC(C)(C)OC(=O)N1CC=CCC1,001_RLN-NB-2443_007_H21,,,,,,,,,3/30/2023 12:21:05 AM,kat78-2-h21-a1_03_22_2023_189.raw,2min_150_1200.EXP,001_RLN-NB-2443_007_H21,KAT78-2-H21-A1_KAT78-2-H21-A1_KAT78-2-H21-A1,0,0,0,0,0,0,0,0,0,0,0,0,0,0,0,deborylation_0,0,0,0,0,0,184.06064686275903,23.668058733800102,4.678991338045545,195,0.7318,0,0,0,0,0,0,0,0,0,0,0,0,0,0,0,0,0,0,0,0,0,0,0,0,0,0,0,0,0,0,0,0,0,0,0,29.90473991260805,3.726912380964367,0.7367816238888946,250.9,1.4334,0.0,0.0,0.0,0.0,0.0,0.0,0.0,0.0,0.0,0.0,0.0,0.0,0.0,0.0,0.0,0.0,0.0,0.0,0.0,0.0,0.0,0.0,0.0,0.0,0.0,0.0,0.0,0.0,0.0,0.0,0.0,0.0,0.0,0.0,0.0,0.0,0.0,0.0001259727271385212,15.746590892315151
189,H22,NC1=C(C=CC=C1)C2=C([Pd]OS(C)(=O)=O)C=CC=C2.CN(C)C3=CC=C(C=C3)P(C(C)(C)C)C(C)(C)C,APhos Pd G3,0.10161904000000001 milligram,0.16000000000000003 micromole,0.10161904000000004 microliter,C29H41N2O3PPdS,CC1=C(N2CCCC2=O)C=CC(Br)=C1,1-(4-bromo-2-methylphenyl)pyrrolidin-2-one,0.20330160000000003 milligram,0.8 micromole,0.20330160000000008 microliter,C11H12BrNO,B1(OC(C(O1)(C)C)(C)C)C2=CCN(CC2)C(=O)OC(C)(C)C,"N-Boc-1,2,5,6-tetrahydropyridine-4-boronic acid pinacol ester",0.29684640000000007 milligram,0.9600000000000001 micromole,0.2968464000000001 microliter,C16H28BNO4,O=C([O-])[O-].[Na+].[Na+],Na2CO3,0.635928 milligram,6.0 micromole,0.6359280000000002 microliter,CNa2O3,CN1C=NC2=C1C(=O)N(C(=O)N2C)C,caffeine,0.1553528 milligram,0.8 micromole,0.15535280000000004 microliter,C8H10N4O2,C1COCCO1,dioxane,32.445 milligram,368.2496084262139 micromole,31.5 microliter,C4H8O2,O,water,3.5 milligram,194.2825423258396 micromole,3.5 microliter,H2O,Cc1cc(C2=CCN(C(=O)OC(C)(C)C)CC2)ccc1N1CCCC1=O,suzuki_product_0,0.0 milligram,0.0 micromole,0 microliter,C21H28N2O3,Cc1ccccc1N1CCCC1=O,dehalogenation_0,0.0 milligram,0.0 micromole,0 microliter,C11H13NO,CC(C)(C)OC(=O)N1CC=CCC1,deborylation_0,0.0 milligram,0.0 micromole,0 microliter,C10H17NO2,CC1=C(N2CCCC2=O)C=CC(Br)=C1.B1(OC(C(O1)(C)C)(C)C)C2=CCN(CC2)C(=O)OC(C)(C)C>>Cc1cc(C2=CCN(C(=O)OC(C)(C)C)CC2)ccc1N1CCCC1=O.Cc1ccccc1N1CCCC1=O.CC(C)(C)OC(=O)N1CC=CCC1,001_RLN-NB-2443_007_H22,,,,,,,,,3/30/2023 12:23:33 AM,kat78-2-h22-a1_03_22_2023_190.raw,2min_150_1200.EXP,001_RLN-NB-2443_007_H22,KAT78-2-H22-A1_KAT78-2-H22-A1_KAT78-2-H22-A1,0,0,0,0,0,0,0,0,0,0,0,0,0,0,0,deborylation_0,0,0,0,0,0,172.68313181727765,23.701961600538958,4.4766141481837245,194.9,0.7334,0,0,0,0,0,0,0,0,0,0,0,0,0,0,0,0,0,0,0,0,0,0,0,0,0,0,0,0,0,0,0,0,0,0,0,26.94803965386965,2.9211529124602094,0.5517211898879336,251,1.4351,0.0,0.0,0.0,0.0,0.0,0.0,0.0,0.0,0.0,0.0,0.0,0.0,0.0,0.0,0.0,0.0,0.0,0.0,0.0,0.0,0.0,0.0,0.0,0.0,0.0,0.0,0.0,0.0,0.0,0.0,0.0,0.0,0.0,0.0,0.0,0.0,0.0,9.859615711785764e-05,12.324519639732204
190,H23,NC1=C(C=CC=C1)C2=C([Pd]OS(C)(=O)=O)C=CC=C2.CN(C)C3=CC=C(C=C3)P(C(C)(C)C)C(C)(C)C,APhos Pd G3,0.10161904000000001 milligram,0.16000000000000003 micromole,0.10161904000000004 microliter,C29H41N2O3PPdS,CC1=C(N2CCCC2=O)C=CC(Br)=C1,1-(4-bromo-2-methylphenyl)pyrrolidin-2-one,0.20330160000000003 milligram,0.8 micromole,0.20330160000000008 microliter,C11H12BrNO,B1(OC(C(O1)(C)C)(C)C)C2=CC=C(C=C2)N,"4-(4,4,5,5-tetramethyl-1,3,2-dioxaborolan-2-yl)aniline",0.21032928 milligram,0.9600000000000001 micromole,0.21032928000000006 microliter,C12H18BNO2,O=C([O-])[O-].[Na+].[Na+],Na2CO3,0.635928 milligram,6.0 micromole,0.6359280000000002 microliter,CNa2O3,CN1C=NC2=C1C(=O)N(C(=O)N2C)C,caffeine,0.1553528 milligram,0.8 micromole,0.15535280000000004 microliter,C8H10N4O2,C1COCCO1,dioxane,32.445 milligram,368.2496084262139 micromole,31.5 microliter,C4H8O2,O,water,3.5 milligram,194.2825423258396 micromole,3.5 microliter,H2O,Cc1cc(-c2ccc(N)cc2)ccc1N1CCCC1=O,suzuki_product_0,0.0 milligram,0.0 micromole,0 microliter,C17H18N2O,Cc1ccccc1N1CCCC1=O,dehalogenation_0,0.0 milligram,0.0 micromole,0 microliter,C11H13NO,Nc1ccccc1,deborylation_0,0.0 milligram,0.0 micromole,0 microliter,C6H7N,CC1=C(N2CCCC2=O)C=CC(Br)=C1.B1(OC(C(O1)(C)C)(C)C)C2=CC=C(C=C2)N>>Cc1cc(-c2ccc(N)cc2)ccc1N1CCCC1=O.Cc1ccccc1N1CCCC1=O.Nc1ccccc1,001_RLN-NB-2443_007_H23,,,,,,,,,3/30/2023 12:26:00 AM,kat78-2-h23-a1_03_22_2023_191.raw,2min_150_1200.EXP,001_RLN-NB-2443_007_H23,KAT78-2-H23-A1_KAT78-2-H23-A1_KAT78-2-H23-A1,0,0,0,0,0,0,0,0,0,0,0,0,0,0,0,deborylation_0,0,0,0,0,0,170.18626472494637,27.126690886887022,4.423023243010469,194.9,0.7318,0,0,0,0,0,0,0,0,0,0,0,0,0,0,0,10.321139757145133,1.1373468395498487,0.18544508534674303,220,1.1051,0,0,0,0,0,0,0,0,0,0,0,0,0,0,0,169.9706910906047,25.909362390435557,4.224537100464179,502.2,1.1884,126.18593362100701,20.62855182422743,3.363497765675113,267.0,0.8868,0.0,0.0,0.0,0.0,0.0,0.0,0.0,0.0,0.0,0.0,0.0,0.0,0.0006083617617864102,76.04522022330127,0.0,0.0,0.0,0.0,0.0,0.0,0.0,0.0,3.354177903356844e-05,4.192722379196055,0.0,0.0,0.0,0.0,0.0,0.0,0.0,0.0,0.0007640994619940196,95.51243274925245
191,H24,NC1=C(C=CC=C1)C2=C([Pd]OS(C)(=O)=O)C=CC=C2.CN(C)C3=CC=C(C=C3)P(C(C)(C)C)C(C)(C)C,APhos Pd G3,0.10161904000000001 milligram,0.16000000000000003 micromole,0.10161904000000004 microliter,C29H41N2O3PPdS,CC1=C(N2CCCC2=O)C=CC(Br)=C1,1-(4-bromo-2-methylphenyl)pyrrolidin-2-one,0.20330160000000003 milligram,0.8 micromole,0.20330160000000008 microliter,C11H12BrNO,B1(OC(C(O1)(C)C)(C)C)C2=CC=C(C=C2)N,"4-(4,4,5,5-tetramethyl-1,3,2-dioxaborolan-2-yl)aniline",0.21032928 milligram,0.9600000000000001 micromole,0.21032928000000006 microliter,C12H18BNO2,O=C([O-])[O-].[Na+].[Na+],Na2CO3,0.635928 milligram,6.0 micromole,0.6359280000000002 microliter,CNa2O3,CN1C=NC2=C1C(=O)N(C(=O)N2C)C,caffeine,0.1553528 milligram,0.8 micromole,0.15535280000000004 microliter,C8H10N4O2,C1COCCO1,dioxane,32.445 milligram,368.2496084262139 micromole,31.5 microliter,C4H8O2,O,water,3.5 milligram,194.2825423258396 micromole,3.5 microliter,H2O,Cc1cc(-c2ccc(N)cc2)ccc1N1CCCC1=O,suzuki_product_0,0.0 milligram,0.0 micromole,0 microliter,C17H18N2O,Cc1ccccc1N1CCCC1=O,dehalogenation_0,0.0 milligram,0.0 micromole,0 microliter,C11H13NO,Nc1ccccc1,deborylation_0,0.0 milligram,0.0 micromole,0 microliter,C6H7N,CC1=C(N2CCCC2=O)C=CC(Br)=C1.B1(OC(C(O1)(C)C)(C)C)C2=CC=C(C=C2)N>>Cc1cc(-c2ccc(N)cc2)ccc1N1CCCC1=O.Cc1ccccc1N1CCCC1=O.Nc1ccccc1,001_RLN-NB-2443_007_H24,,,,,,,,,3/30/2023 12:28:28 AM,kat78-2-h24-a1_03_22_2023_192.raw,2min_150_1200.EXP,001_RLN-NB-2443_007_H24,KAT78-2-H24-A1_KAT78-2-H24-A1_KAT78-2-H24-A1,0,0,0,0,0,0,0,0,0,0,0,0,0,0,0,deborylation_0,0,0,0,0,0,192.91955624697886,29.73322377653636,4.704109438603377,195,0.7334,0,0,0,0,0,0,0,0,0,0,0,0,0,0,0,0,0,0,0,0,0,0,0,0,0,0,0,0,0,0,0,0,0,0,0,157.28393531898425,24.08887107921175,3.8111133411117866,502.1,1.1884,127.6788862964345,20.975345849784514,3.3185208281318648,267.0,0.8851,0.0,0.0,0.0,0.0,0.0,0.0,0.0,0.0,0.0,0.0,0.0,0.0,0.0005643611606310103,70.54514507887629,0.0,0.0,0.0,0.0,0.0,0.0,0.0,0.0,0.0,0.0,0.0,0.0,0.0,0.0,0.0,0.0,0.0,0.0,0.0006481334485693061,81.01668107116326
192,I1,C[NH+]1C2=C(C3=C([Pd-2]1([P+](C4CCCCC4)(C5CCCCC5)C6CCCCC6)OS(C)(=O)=O)C=CC=C3)C=CC=C2,PCy Pd G4,0.10627216000000012 milligram,0.16000000000000003 micromole,0.10627216000000014 microliter,C32H48NO3PPdS,BrC1=CC=CN2C=CN=C12,"8-bromoimidazo[1,2-a]pyridine",0.15762800000000002 milligram,0.8 micromole,0.15762800000000005 microliter,C7H5BrN2,B1(OC(C(O1)(C)C)(C)C)C2=CN=C(C=C2)C,"2-methyl-5-(4,4,5,5-tetramethyl-1,3,2-dioxaborolan-2-yl)pyridine",0.21032928 milligram,0.9600000000000001 micromole,0.21032928000000006 microliter,C12H18BNO2,O=C([O-])[O-].[Na+].[Na+],Na2CO3,0.635928 milligram,6.0 micromole,0.6359280000000002 microliter,CNa2O3,CN1C=NC2=C1C(=O)N(C(=O)N2C)C,caffeine,0.1553528 milligram,0.8 micromole,0.15535280000000004 microliter,C8H10N4O2,C1COCCO1,dioxane,32.445 milligram,368.2496084262139 micromole,31.5 microliter,C4H8O2,O,water,3.5 milligram,194.2825423258396 micromole,3.5 microliter,H2O,Cc1ccc(-c2cccn3ccnc23)cn1,suzuki_product_0,0.0 milligram,0.0 micromole,0 microliter,C13H11N3,c1ccn2ccnc2c1,dehalogenation_0,0.0 milligram,0.0 micromole,0 microliter,C7H6N2,Cc1ccccn1,deborylation_0,0.0 milligram,0.0 micromole,0 microliter,C6H7N,BrC1=CC=CN2C=CN=C12.B1(OC(C(O1)(C)C)(C)C)C2=CN=C(C=C2)C>>Cc1ccc(-c2cccn3ccnc23)cn1.c1ccn2ccnc2c1.Cc1ccccn1,001_RLN-NB-2443_007_I1,,,,,,,,,3/30/2023 12:30:55 AM,kat78-2-i1-a1_03_22_2023_193.raw,2min_150_1200.EXP,001_RLN-NB-2443_007_I1,KAT78-2-I1-A1_KAT78-2-I1-A1_KAT78-2-I1-A1,0,0,0,0,0,0,0,0,0,0,0,0,0,0,0,deborylation_0,0,0,0,0,0,205.98738053254306,49.139635820535766,5.282960534033022,195,0.7334,0,0,0,0,0,0,0,0,0,0,0,0,0,0,0,0,0,0,0,0,0,0,0,0,0,0,0,0,0,0,0,0,0,0,0,0,0,0,0,0,0.0,0.0,0.0,0.0,0.0,0.0,0.0,0.0,0.0,0.0,0.0,0.0,0.0,0.0,0.0,0.0,0.0,0.0,0.0,0.0,0.0,0.0,0.0,0.0,0.0,0.0,0.0,0.0,0.0,0.0,0.0,0.0,0.0,0.0,0.0,0.0,0.0,0.0,0.0
193,I2,C[NH+]1C2=C(C3=C([Pd-2]1([P+](C4CCCCC4)(C5CCCCC5)C6CCCCC6)OS(C)(=O)=O)C=CC=C3)C=CC=C2,PCy Pd G4,0.10627216000000012 milligram,0.16000000000000003 micromole,0.10627216000000014 microliter,C32H48NO3PPdS,BrC1=CC=CN2C=CN=C12,"8-bromoimidazo[1,2-a]pyridine",0.15762800000000002 milligram,0.8 micromole,0.15762800000000005 microliter,C7H5BrN2,B1(OC(C(O1)(C)C)(C)C)C2=CN(N=C2C)C,"1,3-dimethyl-4-(4,4,5,5-tetramethyl-1,3,2-dioxaborolan-2-yl)-1H-pyrazole",0.21321311999999998 milligram,0.9600000000000001 micromole,0.21321312000000003 microliter,C11H19BN2O2,O=C([O-])[O-].[Na+].[Na+],Na2CO3,0.635928 milligram,6.0 micromole,0.6359280000000002 microliter,CNa2O3,CN1C=NC2=C1C(=O)N(C(=O)N2C)C,caffeine,0.1553528 milligram,0.8 micromole,0.15535280000000004 microliter,C8H10N4O2,C1COCCO1,dioxane,32.445 milligram,368.2496084262139 micromole,31.5 microliter,C4H8O2,O,water,3.5 milligram,194.2825423258396 micromole,3.5 microliter,H2O,Cc1nn(C)cc1-c1cccn2ccnc12,suzuki_product_0,0.0 milligram,0.0 micromole,0 microliter,C12H12N4,c1ccn2ccnc2c1,dehalogenation_0,0.0 milligram,0.0 micromole,0 microliter,C7H6N2,Cc1ccn(C)n1,deborylation_0,0.0 milligram,0.0 micromole,0 microliter,C5H8N2,BrC1=CC=CN2C=CN=C12.B1(OC(C(O1)(C)C)(C)C)C2=CN(N=C2C)C>>Cc1nn(C)cc1-c1cccn2ccnc12.c1ccn2ccnc2c1.Cc1ccn(C)n1,001_RLN-NB-2443_007_I2,,,,,,,,,3/30/2023 12:33:22 AM,kat78-2-i2-a1_03_22_2023_194.raw,2min_150_1200.EXP,001_RLN-NB-2443_007_I2,KAT78-2-I2-A1_KAT78-2-I2-A1_KAT78-2-I2-A1,0,0,0,0,0,0,0,0,0,0,0,0,0,0,0,deborylation_0,0,0,0,0,0,173.95598661721544,30.43015414080782,4.588701237692985,195,0.7334,0,0,0,0,0,0,0,0,0,0,0,0,0,0,0,0,0,0,0,0,0,0,0,0,0,0,0,0,0,0,0,0,0,0,0,0,0,0,0,0,0.0,0.0,0.0,0.0,0.0,0.0,0.0,0.0,0.0,0.0,0.0,0.0,0.0,0.0,0.0,0.0,0.0,0.0,0.0,0.0,0.0,0.0,0.0,0.0,0.0,0.0,0.0,0.0,0.0,0.0,0.0,0.0,0.0,0.0,0.0,0.0,0.0,0.0,0.0
194,I3,C[NH+]1C2=C(C3=C([Pd-2]1([P+](C4CCCCC4)(C5CCCCC5)C6CCCCC6)OS(C)(=O)=O)C=CC=C3)C=CC=C2,PCy Pd G4,0.10627216000000012 milligram,0.16000000000000003 micromole,0.10627216000000014 microliter,C32H48NO3PPdS,BrC1=CC=CN2C=CN=C12,"8-bromoimidazo[1,2-a]pyridine",0.15762800000000002 milligram,0.8 micromole,0.15762800000000005 microliter,C7H5BrN2,B1(OC(C(O1)(C)C)(C)C)C2=CCN(CC2)C(=O)OC(C)(C)C,"N-Boc-1,2,5,6-tetrahydropyridine-4-boronic acid pinacol ester",0.29684640000000007 milligram,0.9600000000000001 micromole,0.2968464000000001 microliter,C16H28BNO4,O=C([O-])[O-].[Na+].[Na+],Na2CO3,0.635928 milligram,6.0 micromole,0.6359280000000002 microliter,CNa2O3,CN1C=NC2=C1C(=O)N(C(=O)N2C)C,caffeine,0.1553528 milligram,0.8 micromole,0.15535280000000004 microliter,C8H10N4O2,C1COCCO1,dioxane,32.445 milligram,368.2496084262139 micromole,31.5 microliter,C4H8O2,O,water,3.5 milligram,194.2825423258396 micromole,3.5 microliter,H2O,CC(C)(C)OC(=O)N1CC=C(c2cccn3ccnc23)CC1,suzuki_product_0,0.0 milligram,0.0 micromole,0 microliter,C17H21N3O2,c1ccn2ccnc2c1,dehalogenation_0,0.0 milligram,0.0 micromole,0 microliter,C7H6N2,CC(C)(C)OC(=O)N1CC=CCC1,deborylation_0,0.0 milligram,0.0 micromole,0 microliter,C10H17NO2,BrC1=CC=CN2C=CN=C12.B1(OC(C(O1)(C)C)(C)C)C2=CCN(CC2)C(=O)OC(C)(C)C>>CC(C)(C)OC(=O)N1CC=C(c2cccn3ccnc23)CC1.c1ccn2ccnc2c1.CC(C)(C)OC(=O)N1CC=CCC1,001_RLN-NB-2443_007_I3,,,,,,,,,3/30/2023 12:35:49 AM,kat78-2-i3-a1_03_22_2023_195.raw,2min_150_1200.EXP,001_RLN-NB-2443_007_I3,KAT78-2-I3-A1_KAT78-2-I3-A1_KAT78-2-I3-A1,0,0,0,0,0,0,0,0,0,0,0,0,0,0,0,deborylation_0,0,0,0,0,0,186.6365745309686,15.766803360538884,4.732040300359348,195,0.7334,0,0,0,0,0,0,0,0,0,0,49.22724965014893,4.443337894086865,1.3335648008116112,309,1.5401,0,0,0,0,0,0,0,0,0,0,0,0,0,0,0,0,0,0,0,0,0,0,0,0,0,181.0887243500178,16.84311677500063,5.055070805439248,300.0,0.8701,0.0,0.0,0.0,0.0,0.0,0.0,0.0,0.0,0.0,0.0,0.0,0.0,0.0008546116236677646,106.82645295847057,0.0,0.0,0.0,0.0,0.0,0.0,0.00022545282223574323,28.1816027794679,0.0,0.0,0.0,0.0,0.0,0.0,0.0,0.0,0.0,0.0,0.0,0.0
195,I4,C[NH+]1C2=C(C3=C([Pd-2]1([P+](C4CCCCC4)(C5CCCCC5)C6CCCCC6)OS(C)(=O)=O)C=CC=C3)C=CC=C2,PCy Pd G4,0.10627216000000012 milligram,0.16000000000000003 micromole,0.10627216000000014 microliter,C32H48NO3PPdS,BrC1=CC=CN2C=CN=C12,"8-bromoimidazo[1,2-a]pyridine",0.15762800000000002 milligram,0.8 micromole,0.15762800000000005 microliter,C7H5BrN2,B1(OC(C(O1)(C)C)(C)C)C2=CCN(CC2)C(=O)OC(C)(C)C,"N-Boc-1,2,5,6-tetrahydropyridine-4-boronic acid pinacol ester",0.29684640000000007 milligram,0.9600000000000001 micromole,0.2968464000000001 microliter,C16H28BNO4,O=C([O-])[O-].[Na+].[Na+],Na2CO3,0.635928 milligram,6.0 micromole,0.6359280000000002 microliter,CNa2O3,CN1C=NC2=C1C(=O)N(C(=O)N2C)C,caffeine,0.1553528 milligram,0.8 micromole,0.15535280000000004 microliter,C8H10N4O2,C1COCCO1,dioxane,32.445 milligram,368.2496084262139 micromole,31.5 microliter,C4H8O2,O,water,3.5 milligram,194.2825423258396 micromole,3.5 microliter,H2O,CC(C)(C)OC(=O)N1CC=C(c2cccn3ccnc23)CC1,suzuki_product_0,0.0 milligram,0.0 micromole,0 microliter,C17H21N3O2,c1ccn2ccnc2c1,dehalogenation_0,0.0 milligram,0.0 micromole,0 microliter,C7H6N2,CC(C)(C)OC(=O)N1CC=CCC1,deborylation_0,0.0 milligram,0.0 micromole,0 microliter,C10H17NO2,BrC1=CC=CN2C=CN=C12.B1(OC(C(O1)(C)C)(C)C)C2=CCN(CC2)C(=O)OC(C)(C)C>>CC(C)(C)OC(=O)N1CC=C(c2cccn3ccnc23)CC1.c1ccn2ccnc2c1.CC(C)(C)OC(=O)N1CC=CCC1,001_RLN-NB-2443_007_I4,,,,,,,,,3/30/2023 12:38:15 AM,kat78-2-i4-a1_03_22_2023_196.raw,2min_150_1200.EXP,001_RLN-NB-2443_007_I4,KAT78-2-I4-A1_KAT78-2-I4-A1_KAT78-2-I4-A1,0,0,0,0,0,0,0,0,0,0,0,0,0,0,0,deborylation_0,0,0,0,0,0,175.99098970210278,15.867045108221125,4.632127165116863,195,0.7334,0,0,0,0,0,0,0,0,0,0,49.34811744561015,4.42404857273855,1.2915294204943613,309.1,1.5418,0,0,0,0,0,0,0,0,0,0,0,0,0,0,0,0,0,0,0,0,0,0,0,0,0,165.5351427543368,15.742076353451957,4.59564455856921,300.1,0.8701,0.0,0.0,0.0,0.0,0.0,0.0,0.0,0.0,0.0,0.0,0.0,0.0,0.0007936992046639146,99.21240058298932,0.0,0.0,0.0,0.0,0.0,0.0,0.0002230559523875727,27.881994048446586,0.0,0.0,0.0,0.0,0.0,0.0,0.0,0.0,0.0,0.0,0.0,0.0
196,I5,C[NH+]1C2=C(C3=C([Pd-2]1([P+](C4CCCCC4)(C5CCCCC5)C6CCCCC6)OS(C)(=O)=O)C=CC=C3)C=CC=C2,PCy Pd G4,0.10627216000000012 milligram,0.16000000000000003 micromole,0.10627216000000014 microliter,C32H48NO3PPdS,BrC1=CC=CN2C=CN=C12,"8-bromoimidazo[1,2-a]pyridine",0.15762800000000002 milligram,0.8 micromole,0.15762800000000005 microliter,C7H5BrN2,B1(OC(C(O1)(C)C)(C)C)C2=CC=C(C=C2)N,"4-(4,4,5,5-tetramethyl-1,3,2-dioxaborolan-2-yl)aniline",0.21032928 milligram,0.9600000000000001 micromole,0.21032928000000006 microliter,C12H18BNO2,O=C([O-])[O-].[Na+].[Na+],Na2CO3,0.635928 milligram,6.0 micromole,0.6359280000000002 microliter,CNa2O3,CN1C=NC2=C1C(=O)N(C(=O)N2C)C,caffeine,0.1553528 milligram,0.8 micromole,0.15535280000000004 microliter,C8H10N4O2,C1COCCO1,dioxane,32.445 milligram,368.2496084262139 micromole,31.5 microliter,C4H8O2,O,water,3.5 milligram,194.2825423258396 micromole,3.5 microliter,H2O,Nc1ccc(-c2cccn3ccnc23)cc1,suzuki_product_0,0.0 milligram,0.0 micromole,0 microliter,C13H11N3,c1ccn2ccnc2c1,dehalogenation_0,0.0 milligram,0.0 micromole,0 microliter,C7H6N2,Nc1ccccc1,deborylation_0,0.0 milligram,0.0 micromole,0 microliter,C6H7N,BrC1=CC=CN2C=CN=C12.B1(OC(C(O1)(C)C)(C)C)C2=CC=C(C=C2)N>>Nc1ccc(-c2cccn3ccnc23)cc1.c1ccn2ccnc2c1.Nc1ccccc1,001_RLN-NB-2443_007_I5,,,,,,,,,3/30/2023 12:40:42 AM,kat78-2-i5-a1_03_22_2023_197.raw,2min_150_1200.EXP,001_RLN-NB-2443_007_I5,KAT78-2-I5-A1_KAT78-2-I5-A1_KAT78-2-I5-A1,0,0,0,0,0,0,0,0,0,0,0,0,0,0,0,deborylation_0,0,0,0,0,0,166.12849943568656,25.88729861200386,4.366917240553787,195,0.7318,0,0,0,0,0,0,0,0,0,0,0,0,0,0,0,16.413871109310524,3.6184494504817186,0.610394677568014,220,1.0918,0,0,0,0,0,0,0,0,0,0,0,0,0,0,0,0,0,0,0,0,32.480751069515065,5.615455705354262,0.9472688016163561,210.0,0.6351,0.0,0.0,0.0,0.0,0.0,0.0,0.0,0.0,0.0,0.0,0.0,0.0,0.00017353547126003772,21.691933907504712,0.0,0.0,0.0,0.0,0.0,0.0,0.0,0.0,0.00011182161583453454,13.977701979316818,0.0,0.0,0.0,0.0,0.0,0.0,0.0,0.0,0.0,0.0
197,I6,C[NH+]1C2=C(C3=C([Pd-2]1([P+](C4CCCCC4)(C5CCCCC5)C6CCCCC6)OS(C)(=O)=O)C=CC=C3)C=CC=C2,PCy Pd G4,0.10627216000000012 milligram,0.16000000000000003 micromole,0.10627216000000014 microliter,C32H48NO3PPdS,BrC1=CC=CN2C=CN=C12,"8-bromoimidazo[1,2-a]pyridine",0.15762800000000002 milligram,0.8 micromole,0.15762800000000005 microliter,C7H5BrN2,B1(OC(C(O1)(C)C)(C)C)C2=CC=C(C=C2)N,"4-(4,4,5,5-tetramethyl-1,3,2-dioxaborolan-2-yl)aniline",0.21032928 milligram,0.9600000000000001 micromole,0.21032928000000006 microliter,C12H18BNO2,O=C([O-])[O-].[Na+].[Na+],Na2CO3,0.635928 milligram,6.0 micromole,0.6359280000000002 microliter,CNa2O3,CN1C=NC2=C1C(=O)N(C(=O)N2C)C,caffeine,0.1553528 milligram,0.8 micromole,0.15535280000000004 microliter,C8H10N4O2,C1COCCO1,dioxane,32.445 milligram,368.2496084262139 micromole,31.5 microliter,C4H8O2,O,water,3.5 milligram,194.2825423258396 micromole,3.5 microliter,H2O,Nc1ccc(-c2cccn3ccnc23)cc1,suzuki_product_0,0.0 milligram,0.0 micromole,0 microliter,C13H11N3,c1ccn2ccnc2c1,dehalogenation_0,0.0 milligram,0.0 micromole,0 microliter,C7H6N2,Nc1ccccc1,deborylation_0,0.0 milligram,0.0 micromole,0 microliter,C6H7N,BrC1=CC=CN2C=CN=C12.B1(OC(C(O1)(C)C)(C)C)C2=CC=C(C=C2)N>>Nc1ccc(-c2cccn3ccnc23)cc1.c1ccn2ccnc2c1.Nc1ccccc1,001_RLN-NB-2443_007_I6,,,,,,,,,3/30/2023 12:43:09 AM,kat78-2-i6-a1_03_22_2023_198.raw,2min_150_1200.EXP,001_RLN-NB-2443_007_I6,KAT78-2-I6-A1_KAT78-2-I6-A1_KAT78-2-I6-A1,0,0,0,0,0,0,0,0,0,0,0,0,0,0,0,deborylation_0,0,0,0,0,0,175.8649822437006,28.47144295347097,4.588453116191912,194.9,0.7334,0,0,0,0,0,0,0,0,0,0,0,0,0,0,0,0,0,0,0,0,0,0,0,0,0,0,0,0,0,0,0,0,0,0,0,0,0,0,0,0,24.34781598082026,4.432656111676884,0.714366138093868,209.9,0.6368,0.0,0.0,0.0,0.0,0.0,0.0,0.0,0.0,0.0,0.0,0.0,0.0,0.00012455023425179783,15.568779281474729,0.0,0.0,0.0,0.0,0.0,0.0,0.0,0.0,0.0,0.0,0.0,0.0,0.0,0.0,0.0,0.0,0.0,0.0,0.0,0.0
198,I7,C[NH+]1C2=C(C3=C([Pd-2]1([P+](C4CCCCC4)(C5CCCCC5)C6CCCCC6)OS(C)(=O)=O)C=CC=C3)C=CC=C2,PCy Pd G4,0.10627216000000012 milligram,0.16000000000000003 micromole,0.10627216000000014 microliter,C32H48NO3PPdS,CC1=CC(C=O)=C(C)N1C2=CC(Cl)=CC(Cl)=C2,"1-(3,5-dichlorophenyl)-2,5-dimethyl-1H-pyrrole-3-carbaldehyde",0.2145144 milligram,0.8 micromole,0.21451440000000005 microliter,C13H11Cl2NO,B1(OC(C(O1)(C)C)(C)C)C2=CN=C(C=C2)C,"2-methyl-5-(4,4,5,5-tetramethyl-1,3,2-dioxaborolan-2-yl)pyridine",0.21032928 milligram,0.9600000000000001 micromole,0.21032928000000006 microliter,C12H18BNO2,O=C([O-])[O-].[Na+].[Na+],Na2CO3,0.635928 milligram,6.0 micromole,0.6359280000000002 microliter,CNa2O3,CN1C=NC2=C1C(=O)N(C(=O)N2C)C,caffeine,0.1553528 milligram,0.8 micromole,0.15535280000000004 microliter,C8H10N4O2,C1COCCO1,dioxane,32.445 milligram,368.2496084262139 micromole,31.5 microliter,C4H8O2,O,water,3.5 milligram,194.2825423258396 micromole,3.5 microliter,H2O,Cc1ccc(-c2cc(Cl)cc(-n3c(C)cc(C=O)c3C)c2)cn1,suzuki_product_0,0.0 milligram,0.0 micromole,0 microliter,C19H17ClN2O,Cc1ccc(-c2cc(-c3ccc(C)nc3)cc(-n3c(C)cc(C=O)c3C)c2)cn1,bis_addition_1,0.0 milligram,0.0 micromole,0 microliter,C25H23N3O,Cc1cc(C=O)c(C)n1-c1cccc(Cl)c1,dehalogenation_0,0.0 milligram,0.0 micromole,0 microliter,C13H12ClNO,CC1=CC(C=O)=C(C)N1C2=CC(Cl)=CC(Cl)=C2.B1(OC(C(O1)(C)C)(C)C)C2=CN=C(C=C2)C>>Cc1ccc(-c2cc(Cl)cc(-n3c(C)cc(C=O)c3C)c2)cn1.Cc1ccc(-c2cc(-c3ccc(C)nc3)cc(-n3c(C)cc(C=O)c3C)c2)cn1.Cc1cc(C=O)c(C)n1-c1cccc(Cl)c1.Cc1ccccn1,001_RLN-NB-2443_007_I7,,,Cc1ccccn1,deborylation_0,0.0 milligram,0.0 micromole,0 microliter,C6H7N,3/30/2023 12:45:35 AM,kat78-2-i7-a1_03_22_2023_199.raw,2min_150_1200.EXP,001_RLN-NB-2443_007_I7,KAT78-2-I7-A1_KAT78-2-I7-A1_KAT78-2-I7-A1,0,0,0,0,0,0,0,0,0,0,0,0,0,0,0,bis_addition_1,0,0,0,0,0,177.7284149110367,38.74024825884965,4.5251742200687035,194.9,0.7334,0,0,0,0,0,0,0,0,0,0,0,0,0,0,0,0,0,0,0,0,0,0,0,0,0,0,0,0,0,0,0,0,0,0,0,0,0,0,0,0,0.0,0.0,0.0,0.0,0.0,0.0,0.0,0.0,0.0,0.0,218.94026705262257,39.90146225086552,4.660813403006901,267.9,1.3268,0.0,0.0,0.0,0.0,0.0,0.0,0.0,0.0,0.0,0.0,0.0,0.0,0.0,0.0,0.0008239794847829993,102.99743559787491,0.0,0.0,0.0,0.0,0.0,0.0,0.0,0.0
199,I8,C[NH+]1C2=C(C3=C([Pd-2]1([P+](C4CCCCC4)(C5CCCCC5)C6CCCCC6)OS(C)(=O)=O)C=CC=C3)C=CC=C2,PCy Pd G4,0.10627216000000012 milligram,0.16000000000000003 micromole,0.10627216000000014 microliter,C32H48NO3PPdS,CC1=CC(C=O)=C(C)N1C2=CC(Cl)=CC(Cl)=C2,"1-(3,5-dichlorophenyl)-2,5-dimethyl-1H-pyrrole-3-carbaldehyde",0.2145144 milligram,0.8 micromole,0.21451440000000005 microliter,C13H11Cl2NO,B1(OC(C(O1)(C)C)(C)C)C2=CN(N=C2C)C,"1,3-dimethyl-4-(4,4,5,5-tetramethyl-1,3,2-dioxaborolan-2-yl)-1H-pyrazole",0.21321311999999998 milligram,0.9600000000000001 micromole,0.21321312000000003 microliter,C11H19BN2O2,O=C([O-])[O-].[Na+].[Na+],Na2CO3,0.635928 milligram,6.0 micromole,0.6359280000000002 microliter,CNa2O3,CN1C=NC2=C1C(=O)N(C(=O)N2C)C,caffeine,0.1553528 milligram,0.8 micromole,0.15535280000000004 microliter,C8H10N4O2,C1COCCO1,dioxane,32.445 milligram,368.2496084262139 micromole,31.5 microliter,C4H8O2,O,water,3.5 milligram,194.2825423258396 micromole,3.5 microliter,H2O,Cc1nn(C)cc1-c1cc(Cl)cc(-n2c(C)cc(C=O)c2C)c1,suzuki_product_0,0.0 milligram,0.0 micromole,0 microliter,C18H18ClN3O,Cc1nn(C)cc1-c1cc(-c2cn(C)nc2C)cc(-n2c(C)cc(C=O)c2C)c1,bis_addition_1,0.0 milligram,0.0 micromole,0 microliter,C23H25N5O,Cc1cc(C=O)c(C)n1-c1cccc(Cl)c1,dehalogenation_0,0.0 milligram,0.0 micromole,0 microliter,C13H12ClNO,CC1=CC(C=O)=C(C)N1C2=CC(Cl)=CC(Cl)=C2.B1(OC(C(O1)(C)C)(C)C)C2=CN(N=C2C)C>>Cc1nn(C)cc1-c1cc(Cl)cc(-n2c(C)cc(C=O)c2C)c1.Cc1nn(C)cc1-c1cc(-c2cn(C)nc2C)cc(-n2c(C)cc(C=O)c2C)c1.Cc1cc(C=O)c(C)n1-c1cccc(Cl)c1.Cc1ccn(C)n1,001_RLN-NB-2443_007_I8,,,Cc1ccn(C)n1,deborylation_0,0.0 milligram,0.0 micromole,0 microliter,C5H8N2,3/30/2023 12:48:02 AM,kat78-2-i8-a1_03_22_2023_200.raw,2min_150_1200.EXP,001_RLN-NB-2443_007_I8,KAT78-2-I8-A1_KAT78-2-I8-A1_KAT78-2-I8-A1,0,0,0,0,0,0,0,0,0,0,0,0,0,0,0,bis_addition_2,0,0,0,0,0,181.07743411561026,32.22135827067403,4.688882685979998,195,0.7334,0,0,0,0,0,0,0,0,0,0,0,0,0,0,0,0,0,0,0,0,0,0,0,0,0,0,0,0,0,0,0,0,0,0,0,0,0,0,0,0,10.89645531963216,1.5417289685743123,0.224353865113169,278.1,1.2134,9.426450048929588,1.3705634495326913,0.19944569606799586,223.0,0.6984,187.27303837456526,25.504309631864952,3.7114113826655535,267.8,1.3251,0.0,0.0,3.827843520743203e-05,4.784804400929004,0.0,0.0,0.0,0.0,3.402869458250237e-05,4.253586822812796,0.0,0.0,0.0,0.0,0.0006332274243094827,79.15342803868533,0.0,0.0,0.0,0.0,0.0,0.0,0.0,0.0
200,I9,C[NH+]1C2=C(C3=C([Pd-2]1([P+](C4CCCCC4)(C5CCCCC5)C6CCCCC6)OS(C)(=O)=O)C=CC=C3)C=CC=C2,PCy Pd G4,0.10627216000000012 milligram,0.16000000000000003 micromole,0.10627216000000014 microliter,C32H48NO3PPdS,CC1=CC(C=O)=C(C)N1C2=CC(Cl)=CC(Cl)=C2,"1-(3,5-dichlorophenyl)-2,5-dimethyl-1H-pyrrole-3-carbaldehyde",0.2145144 milligram,0.8 micromole,0.21451440000000005 microliter,C13H11Cl2NO,B1(OC(C(O1)(C)C)(C)C)C2=CCN(CC2)C(=O)OC(C)(C)C,"N-Boc-1,2,5,6-tetrahydropyridine-4-boronic acid pinacol ester",0.29684640000000007 milligram,0.9600000000000001 micromole,0.2968464000000001 microliter,C16H28BNO4,O=C([O-])[O-].[Na+].[Na+],Na2CO3,0.635928 milligram,6.0 micromole,0.6359280000000002 microliter,CNa2O3,CN1C=NC2=C1C(=O)N(C(=O)N2C)C,caffeine,0.1553528 milligram,0.8 micromole,0.15535280000000004 microliter,C8H10N4O2,C1COCCO1,dioxane,32.445 milligram,368.2496084262139 micromole,31.5 microliter,C4H8O2,O,water,3.5 milligram,194.2825423258396 micromole,3.5 microliter,H2O,Cc1cc(C=O)c(C)n1-c1cc(Cl)cc(C2=CCN(C(=O)OC(C)(C)C)CC2)c1,suzuki_product_0,0.0 milligram,0.0 micromole,0 microliter,C23H27ClN2O3,Cc1cc(C=O)c(C)n1-c1cc(C2=CCN(C(=O)OC(C)(C)C)CC2)cc(C2=CCN(C(=O)OC(C)(C)C)CC2)c1,bis_addition_2,0.0 milligram,0.0 micromole,0 microliter,C33H43N3O5,Cc1cc(C=O)c(C)n1-c1cccc(Cl)c1,dehalogenation_0,0.0 milligram,0.0 micromole,0 microliter,C13H12ClNO,CC1=CC(C=O)=C(C)N1C2=CC(Cl)=CC(Cl)=C2.B1(OC(C(O1)(C)C)(C)C)C2=CCN(CC2)C(=O)OC(C)(C)C>>Cc1cc(C=O)c(C)n1-c1cc(Cl)cc(C2=CCN(C(=O)OC(C)(C)C)CC2)c1.Cc1cc(C=O)c(C)n1-c1cc(C2=CCN(C(=O)OC(C)(C)C)CC2)cc(C2=CCN(C(=O)OC(C)(C)C)CC2)c1.Cc1cc(C=O)c(C)n1-c1cccc(Cl)c1.CC(C)(C)OC(=O)N1CC=CCC1,001_RLN-NB-2443_007_I9,,,CC(C)(C)OC(=O)N1CC=CCC1,deborylation_0,0.0 milligram,0.0 micromole,0 microliter,C10H17NO2,3/30/2023 12:50:29 AM,kat78-2-i9-a1_03_22_2023_201.raw,2min_150_1200.EXP,001_RLN-NB-2443_007_I9,KAT78-2-I9-A1_KAT78-2-I9-A1_KAT78-2-I9-A1,0,0,0,0,0,0,0,0,0,0,0,0,0,0,0,bis_addition_1,0,0,0,0,0,173.7785171387215,12.92515405488103,4.4467235906834786,195,0.7334,151.83081858095113,8.967845836180743,3.0852654806306345,267.8,1.3268,0,0,0,0,0,60.03552624220728,5.928161283372531,2.0395033216794967,309,1.5468,0,0,0,0,0,0,0,0,0,0,0,0,0,0,0,0,0,0,0,0,0,0,0,0,0,259.94719022343975,13.888736032261217,4.77823087424702,415.1,1.4684,0.0,0.0,0.0,0.0,0.0,151.83081858095113,8.967845836180743,3.0852654806306345,267.8,1.3268,0.0,0.0,0.0008596407268053444,107.45509085066804,0.0,0.0,0.0005550631457452776,69.3828932181597,0.0,0.0,0.00036692243717645015,45.86530464705626,0.0,0.0,0.0005550631457452776,69.3828932181597,0.0,0.0,0.0,0.0,0.0,0.0,0.0,0.0
201,I10,C[NH+]1C2=C(C3=C([Pd-2]1([P+](C4CCCCC4)(C5CCCCC5)C6CCCCC6)OS(C)(=O)=O)C=CC=C3)C=CC=C2,PCy Pd G4,0.10627216000000012 milligram,0.16000000000000003 micromole,0.10627216000000014 microliter,C32H48NO3PPdS,CC1=CC(C=O)=C(C)N1C2=CC(Cl)=CC(Cl)=C2,"1-(3,5-dichlorophenyl)-2,5-dimethyl-1H-pyrrole-3-carbaldehyde",0.2145144 milligram,0.8 micromole,0.21451440000000005 microliter,C13H11Cl2NO,B1(OC(C(O1)(C)C)(C)C)C2=CCN(CC2)C(=O)OC(C)(C)C,"N-Boc-1,2,5,6-tetrahydropyridine-4-boronic acid pinacol ester",0.29684640000000007 milligram,0.9600000000000001 micromole,0.2968464000000001 microliter,C16H28BNO4,O=C([O-])[O-].[Na+].[Na+],Na2CO3,0.635928 milligram,6.0 micromole,0.6359280000000002 microliter,CNa2O3,CN1C=NC2=C1C(=O)N(C(=O)N2C)C,caffeine,0.1553528 milligram,0.8 micromole,0.15535280000000004 microliter,C8H10N4O2,C1COCCO1,dioxane,32.445 milligram,368.2496084262139 micromole,31.5 microliter,C4H8O2,O,water,3.5 milligram,194.2825423258396 micromole,3.5 microliter,H2O,Cc1cc(C=O)c(C)n1-c1cc(Cl)cc(C2=CCN(C(=O)OC(C)(C)C)CC2)c1,suzuki_product_0,0.0 milligram,0.0 micromole,0 microliter,C23H27ClN2O3,Cc1cc(C=O)c(C)n1-c1cc(C2=CCN(C(=O)OC(C)(C)C)CC2)cc(C2=CCN(C(=O)OC(C)(C)C)CC2)c1,bis_addition_2,0.0 milligram,0.0 micromole,0 microliter,C33H43N3O5,Cc1cc(C=O)c(C)n1-c1cccc(Cl)c1,dehalogenation_0,0.0 milligram,0.0 micromole,0 microliter,C13H12ClNO,CC1=CC(C=O)=C(C)N1C2=CC(Cl)=CC(Cl)=C2.B1(OC(C(O1)(C)C)(C)C)C2=CCN(CC2)C(=O)OC(C)(C)C>>Cc1cc(C=O)c(C)n1-c1cc(Cl)cc(C2=CCN(C(=O)OC(C)(C)C)CC2)c1.Cc1cc(C=O)c(C)n1-c1cc(C2=CCN(C(=O)OC(C)(C)C)CC2)cc(C2=CCN(C(=O)OC(C)(C)C)CC2)c1.Cc1cc(C=O)c(C)n1-c1cccc(Cl)c1.CC(C)(C)OC(=O)N1CC=CCC1,001_RLN-NB-2443_007_I10,,,CC(C)(C)OC(=O)N1CC=CCC1,deborylation_0,0.0 milligram,0.0 micromole,0 microliter,C10H17NO2,3/30/2023 12:52:57 AM,kat78-2-i10-a1_03_22_2023_202.raw,2min_150_1200.EXP,001_RLN-NB-2443_007_I10,KAT78-2-I10-A1_KAT78-2-I10-A1_KAT78-2-I10-A1,0,0,0,0,0,0,0,0,0,0,0,0,0,0,0,bis_addition_1,0,0,0,0,0,187.49895754032073,12.722066656972148,4.782038068661096,195,0.7351,179.92553410354682,10.174241475374203,3.8243479905307805,267.9,1.3268,0,0,0,0,0,62.56750416511221,5.725015503586368,2.151949272080042,309,1.5468,0,0,0,0,0,0,0,0,0,0,0,0,0,0,0,0,0,0,0,0,0,0,0,0,0,274.0287533906974,13.097236256498126,4.923058812814669,415.2,1.4701,0.0,0.0,0.0,0.0,0.0,179.92553410354682,10.174241475374203,3.8243479905307805,267.9,1.3268,0.0,0.0,0.0008235917392758117,102.94896740947645,0.0,0.0,0.000639785453084282,79.97318163553525,0.0,0.0,0.00036000537698480643,45.0006721231008,0.0,0.0,0.000639785453084282,79.97318163553525,0.0,0.0,0.0,0.0,0.0,0.0,0.0,0.0
202,I11,C[NH+]1C2=C(C3=C([Pd-2]1([P+](C4CCCCC4)(C5CCCCC5)C6CCCCC6)OS(C)(=O)=O)C=CC=C3)C=CC=C2,PCy Pd G4,0.10627216000000012 milligram,0.16000000000000003 micromole,0.10627216000000014 microliter,C32H48NO3PPdS,CC1=CC(C=O)=C(C)N1C2=CC(Cl)=CC(Cl)=C2,"1-(3,5-dichlorophenyl)-2,5-dimethyl-1H-pyrrole-3-carbaldehyde",0.2145144 milligram,0.8 micromole,0.21451440000000005 microliter,C13H11Cl2NO,B1(OC(C(O1)(C)C)(C)C)C2=CC=C(C=C2)N,"4-(4,4,5,5-tetramethyl-1,3,2-dioxaborolan-2-yl)aniline",0.21032928 milligram,0.9600000000000001 micromole,0.21032928000000006 microliter,C12H18BNO2,O=C([O-])[O-].[Na+].[Na+],Na2CO3,0.635928 milligram,6.0 micromole,0.6359280000000002 microliter,CNa2O3,CN1C=NC2=C1C(=O)N(C(=O)N2C)C,caffeine,0.1553528 milligram,0.8 micromole,0.15535280000000004 microliter,C8H10N4O2,C1COCCO1,dioxane,32.445 milligram,368.2496084262139 micromole,31.5 microliter,C4H8O2,O,water,3.5 milligram,194.2825423258396 micromole,3.5 microliter,H2O,Cc1cc(C=O)c(C)n1-c1cc(Cl)cc(-c2ccc(N)cc2)c1,suzuki_product_0,0.0 milligram,0.0 micromole,0 microliter,C19H17ClN2O,Cc1cc(C=O)c(C)n1-c1cc(-c2ccc(N)cc2)cc(-c2ccc(N)cc2)c1,bis_addition_1,0.0 milligram,0.0 micromole,0 microliter,C25H23N3O,Cc1cc(C=O)c(C)n1-c1cccc(Cl)c1,dehalogenation_0,0.0 milligram,0.0 micromole,0 microliter,C13H12ClNO,CC1=CC(C=O)=C(C)N1C2=CC(Cl)=CC(Cl)=C2.B1(OC(C(O1)(C)C)(C)C)C2=CC=C(C=C2)N>>Cc1cc(C=O)c(C)n1-c1cc(Cl)cc(-c2ccc(N)cc2)c1.Cc1cc(C=O)c(C)n1-c1cc(-c2ccc(N)cc2)cc(-c2ccc(N)cc2)c1.Cc1cc(C=O)c(C)n1-c1cccc(Cl)c1.Nc1ccccc1,001_RLN-NB-2443_007_I11,,,Nc1ccccc1,deborylation_0,0.0 milligram,0.0 micromole,0 microliter,C6H7N,3/30/2023 12:55:24 AM,kat78-2-i11-a1_03_22_2023_203.raw,2min_150_1200.EXP,001_RLN-NB-2443_007_I11,KAT78-2-I11-A1_KAT78-2-I11-A1_KAT78-2-I11-A1,0,0,0,0,0,0,0,0,0,0,0,0,0,0,0,bis_addition_1,0,0,0,0,0,168.7552973095647,21.5638868847252,4.309080208563029,195,0.7318,0,0,0,0,0,0,0,0,0,0,0,0,0,0,0,0,0,0,0,0,0,0,0,0,0,0,0,0,0,0,0,0,0,0,0,0,0,0,0,0,73.3577474653377,9.840383179906013,1.966389484042681,324.9,1.2301,0.0,0.0,0.0,0.0,0.0,166.27433766079346,16.388878980749528,3.2749658924665783,267.8,1.3251,0.0,0.0,0.00036506899642017534,45.633624552521916,0.0,0.0,0.0,0.0,0.0,0.0,0.0,0.0,0.0,0.0,0.0006080120552796484,76.00150690995603,0.0,0.0,0.0,0.0,0.0,0.0,0.0,0.0
203,I12,C[NH+]1C2=C(C3=C([Pd-2]1([P+](C4CCCCC4)(C5CCCCC5)C6CCCCC6)OS(C)(=O)=O)C=CC=C3)C=CC=C2,PCy Pd G4,0.10627216000000012 milligram,0.16000000000000003 micromole,0.10627216000000014 microliter,C32H48NO3PPdS,CC1=CC(C=O)=C(C)N1C2=CC(Cl)=CC(Cl)=C2,"1-(3,5-dichlorophenyl)-2,5-dimethyl-1H-pyrrole-3-carbaldehyde",0.2145144 milligram,0.8 micromole,0.21451440000000005 microliter,C13H11Cl2NO,B1(OC(C(O1)(C)C)(C)C)C2=CC=C(C=C2)N,"4-(4,4,5,5-tetramethyl-1,3,2-dioxaborolan-2-yl)aniline",0.21032928 milligram,0.9600000000000001 micromole,0.21032928000000006 microliter,C12H18BNO2,O=C([O-])[O-].[Na+].[Na+],Na2CO3,0.635928 milligram,6.0 micromole,0.6359280000000002 microliter,CNa2O3,CN1C=NC2=C1C(=O)N(C(=O)N2C)C,caffeine,0.1553528 milligram,0.8 micromole,0.15535280000000004 microliter,C8H10N4O2,C1COCCO1,dioxane,32.445 milligram,368.2496084262139 micromole,31.5 microliter,C4H8O2,O,water,3.5 milligram,194.2825423258396 micromole,3.5 microliter,H2O,Cc1cc(C=O)c(C)n1-c1cc(Cl)cc(-c2ccc(N)cc2)c1,suzuki_product_0,0.0 milligram,0.0 micromole,0 microliter,C19H17ClN2O,Cc1cc(C=O)c(C)n1-c1cc(-c2ccc(N)cc2)cc(-c2ccc(N)cc2)c1,bis_addition_1,0.0 milligram,0.0 micromole,0 microliter,C25H23N3O,Cc1cc(C=O)c(C)n1-c1cccc(Cl)c1,dehalogenation_0,0.0 milligram,0.0 micromole,0 microliter,C13H12ClNO,CC1=CC(C=O)=C(C)N1C2=CC(Cl)=CC(Cl)=C2.B1(OC(C(O1)(C)C)(C)C)C2=CC=C(C=C2)N>>Cc1cc(C=O)c(C)n1-c1cc(Cl)cc(-c2ccc(N)cc2)c1.Cc1cc(C=O)c(C)n1-c1cc(-c2ccc(N)cc2)cc(-c2ccc(N)cc2)c1.Cc1cc(C=O)c(C)n1-c1cccc(Cl)c1.Nc1ccccc1,001_RLN-NB-2443_007_I12,,,Nc1ccccc1,deborylation_0,0.0 milligram,0.0 micromole,0 microliter,C6H7N,3/30/2023 12:57:51 AM,kat78-2-i12-a1_03_22_2023_204.raw,2min_150_1200.EXP,001_RLN-NB-2443_007_I12,KAT78-2-I12-A1_KAT78-2-I12-A1_KAT78-2-I12-A1,0,0,0,0,0,0,0,0,0,0,0,0,0,0,0,bis_addition_1,0,0,0,0,0,174.19371345464592,18.431046277310692,4.432431567592372,194.9,0.7318,0,0,0,0,0,0,0,0,0,0,0,0,0,0,0,0,0,0,0,0,0,0,0,0,0,0,0,0,0,0,0,0,0,0,0,0,0,0,0,0,88.14691050227913,11.875937451753753,2.8560114962494976,324.8,1.2301,0.0,0.0,0.0,0.0,0.0,182.38006483827675,17.005143281173865,4.08952008241088,267.8,1.3251,0.0,0.0,0.0005154753462422142,64.43441828027677,0.0,0.0,0.0,0.0,0.0,0.0,0.0,0.0,0.0,0.0,0.0007381086466961059,92.26358083701322,0.0,0.0,0.0,0.0,0.0,0.0,0.0,0.0
204,I13,C[NH+]1C2=C(C3=C([Pd-2]1([P+](C4CCCCC4)(C5CCCCC5)C6CCCCC6)OS(C)(=O)=O)C=CC=C3)C=CC=C2,PCy Pd G4,0.10627216000000012 milligram,0.16000000000000003 micromole,0.10627216000000014 microliter,C32H48NO3PPdS,COC1=C(N)C(Cl)=NC=N1,4-chloro-6-methoxypyrimidin-5-amine,0.12766080000000002 milligram,0.8 micromole,0.12766080000000005 microliter,C5H6ClN3O,B1(OC(C(O1)(C)C)(C)C)C2=CN=C(C=C2)C,"2-methyl-5-(4,4,5,5-tetramethyl-1,3,2-dioxaborolan-2-yl)pyridine",0.21032928 milligram,0.9600000000000001 micromole,0.21032928000000006 microliter,C12H18BNO2,O=C([O-])[O-].[Na+].[Na+],Na2CO3,0.635928 milligram,6.0 micromole,0.6359280000000002 microliter,CNa2O3,CN1C=NC2=C1C(=O)N(C(=O)N2C)C,caffeine,0.1553528 milligram,0.8 micromole,0.15535280000000004 microliter,C8H10N4O2,C1COCCO1,dioxane,32.445 milligram,368.2496084262139 micromole,31.5 microliter,C4H8O2,O,water,3.5 milligram,194.2825423258396 micromole,3.5 microliter,H2O,COc1ncnc(-c2ccc(C)nc2)c1N,suzuki_product_0,0.0 milligram,0.0 micromole,0 microliter,C11H12N4O,COc1ncncc1N,dehalogenation_0,0.0 milligram,0.0 micromole,0 microliter,C5H7N3O,Cc1ccccn1,deborylation_0,0.0 milligram,0.0 micromole,0 microliter,C6H7N,COC1=C(N)C(Cl)=NC=N1.B1(OC(C(O1)(C)C)(C)C)C2=CN=C(C=C2)C>>COc1ncnc(-c2ccc(C)nc2)c1N.COc1ncncc1N.Cc1ccccn1,001_RLN-NB-2443_007_I13,,,,,,,,,3/30/2023 1:00:19 AM,kat78-2-i13-a1_03_22_2023_205.raw,2min_150_1200.EXP,001_RLN-NB-2443_007_I13,KAT78-2-I13-A1_KAT78-2-I13-A1_KAT78-2-I13-A1,0,0,0,0,0,0,0,0,0,0,0,0,0,0,0,deborylation_0,0,0,0,0,0,172.16647328581072,60.07973634804481,4.4866056850906295,194.9,0.7334,0,0,0,0,0,0,0,0,0,0,0,0,0,0,0,0,0,0,0,0,0,0,0,0,0,0,0,0,0,0,0,0,0,0,0,0,0,0,0,0,0.0,0.0,0.0,0.0,0.0,0.0,0.0,0.0,0.0,0.0,0.0,0.0,0.0,0.0,0.0,0.0,0.0,0.0,0.0,0.0,0.0,0.0,0.0,0.0,0.0,0.0,0.0,0.0,0.0,0.0,0.0,0.0,0.0,0.0,0.0,0.0,0.0,0.0,0.0
205,I14,C[NH+]1C2=C(C3=C([Pd-2]1([P+](C4CCCCC4)(C5CCCCC5)C6CCCCC6)OS(C)(=O)=O)C=CC=C3)C=CC=C2,PCy Pd G4,0.10627216000000012 milligram,0.16000000000000003 micromole,0.10627216000000014 microliter,C32H48NO3PPdS,COC1=C(N)C(Cl)=NC=N1,4-chloro-6-methoxypyrimidin-5-amine,0.12766080000000002 milligram,0.8 micromole,0.12766080000000005 microliter,C5H6ClN3O,B1(OC(C(O1)(C)C)(C)C)C2=CN(N=C2C)C,"1,3-dimethyl-4-(4,4,5,5-tetramethyl-1,3,2-dioxaborolan-2-yl)-1H-pyrazole",0.21321311999999998 milligram,0.9600000000000001 micromole,0.21321312000000003 microliter,C11H19BN2O2,O=C([O-])[O-].[Na+].[Na+],Na2CO3,0.635928 milligram,6.0 micromole,0.6359280000000002 microliter,CNa2O3,CN1C=NC2=C1C(=O)N(C(=O)N2C)C,caffeine,0.1553528 milligram,0.8 micromole,0.15535280000000004 microliter,C8H10N4O2,C1COCCO1,dioxane,32.445 milligram,368.2496084262139 micromole,31.5 microliter,C4H8O2,O,water,3.5 milligram,194.2825423258396 micromole,3.5 microliter,H2O,COc1ncnc(-c2cn(C)nc2C)c1N,suzuki_product_0,0.0 milligram,0.0 micromole,0 microliter,C10H13N5O,COc1ncncc1N,dehalogenation_0,0.0 milligram,0.0 micromole,0 microliter,C5H7N3O,Cc1ccn(C)n1,deborylation_0,0.0 milligram,0.0 micromole,0 microliter,C5H8N2,COC1=C(N)C(Cl)=NC=N1.B1(OC(C(O1)(C)C)(C)C)C2=CN(N=C2C)C>>COc1ncnc(-c2cn(C)nc2C)c1N.COc1ncncc1N.Cc1ccn(C)n1,001_RLN-NB-2443_007_I14,,,,,,,,,3/30/2023 1:02:45 AM,kat78-2-i14-a1_03_22_2023_206.raw,2min_150_1200.EXP,001_RLN-NB-2443_007_I14,KAT78-2-I14-A1_KAT78-2-I14-A1_KAT78-2-I14-A1,0,0,0,0,0,0,0,0,0,0,0,0,0,0,0,deborylation_0,0,0,0,0,0,183.62700551668277,93.46244922188215,4.7160096864977,194.9,0.7334,0,0,0,0,0,0,0,0,0,0,0,0,0,0,0,0,0,0,0,0,0,0,0,0,0,0,0,0,0,0,0,0,0,0,0,0,0,0,0,0,0.0,0.0,0.0,0.0,0.0,0.0,0.0,0.0,0.0,0.0,0.0,0.0,0.0,0.0,0.0,0.0,0.0,0.0,0.0,0.0,0.0,0.0,0.0,0.0,0.0,0.0,0.0,0.0,0.0,0.0,0.0,0.0,0.0,0.0,0.0,0.0,0.0,0.0,0.0
206,I15,C[NH+]1C2=C(C3=C([Pd-2]1([P+](C4CCCCC4)(C5CCCCC5)C6CCCCC6)OS(C)(=O)=O)C=CC=C3)C=CC=C2,PCy Pd G4,0.10627216000000012 milligram,0.16000000000000003 micromole,0.10627216000000014 microliter,C32H48NO3PPdS,COC1=C(N)C(Cl)=NC=N1,4-chloro-6-methoxypyrimidin-5-amine,0.12766080000000002 milligram,0.8 micromole,0.12766080000000005 microliter,C5H6ClN3O,B1(OC(C(O1)(C)C)(C)C)C2=CCN(CC2)C(=O)OC(C)(C)C,"N-Boc-1,2,5,6-tetrahydropyridine-4-boronic acid pinacol ester",0.29684640000000007 milligram,0.9600000000000001 micromole,0.2968464000000001 microliter,C16H28BNO4,O=C([O-])[O-].[Na+].[Na+],Na2CO3,0.635928 milligram,6.0 micromole,0.6359280000000002 microliter,CNa2O3,CN1C=NC2=C1C(=O)N(C(=O)N2C)C,caffeine,0.1553528 milligram,0.8 micromole,0.15535280000000004 microliter,C8H10N4O2,C1COCCO1,dioxane,32.445 milligram,368.2496084262139 micromole,31.5 microliter,C4H8O2,O,water,3.5 milligram,194.2825423258396 micromole,3.5 microliter,H2O,COc1ncnc(C2=CCN(C(=O)OC(C)(C)C)CC2)c1N,suzuki_product_0,0.0 milligram,0.0 micromole,0 microliter,C15H22N4O3,COc1ncncc1N,dehalogenation_0,0.0 milligram,0.0 micromole,0 microliter,C5H7N3O,CC(C)(C)OC(=O)N1CC=CCC1,deborylation_0,0.0 milligram,0.0 micromole,0 microliter,C10H17NO2,COC1=C(N)C(Cl)=NC=N1.B1(OC(C(O1)(C)C)(C)C)C2=CCN(CC2)C(=O)OC(C)(C)C>>COc1ncnc(C2=CCN(C(=O)OC(C)(C)C)CC2)c1N.COc1ncncc1N.CC(C)(C)OC(=O)N1CC=CCC1,001_RLN-NB-2443_007_I15,,,,,,,,,3/30/2023 1:05:12 AM,kat78-2-i15-a1_03_22_2023_207.raw,2min_150_1200.EXP,001_RLN-NB-2443_007_I15,KAT78-2-I15-A1_KAT78-2-I15-A1_KAT78-2-I15-A1,0,0,0,0,0,0,0,0,0,0,0,0,0,0,0,deborylation_0,0,0,0,0,0,180.10635079175444,17.750738418386405,4.72272744221647,194.9,0.7334,0,0,0,0,0,0,0,0,0,0,44.736778604834925,4.49294365518741,1.1953839776438335,309,1.5401,0,0,0,0,0,0,0,0,0,0,0,0,0,0,0,0,0,0,0,0,0,0,0,0,0,144.70045464424157,13.69970515253759,3.6449172957867892,306.9,0.9951,0.0,0.0,0.0,0.0,0.0,0.0,0.0,0.0,0.0,0.0,0.0,0.0,0.0006174258142792432,77.1782267849054,0.0,0.0,0.0,0.0,0.0,0.0,0.00020249044515392424,25.311305644240527,0.0,0.0,0.0,0.0,0.0,0.0,0.0,0.0,0.0,0.0,0.0,0.0
207,I16,C[NH+]1C2=C(C3=C([Pd-2]1([P+](C4CCCCC4)(C5CCCCC5)C6CCCCC6)OS(C)(=O)=O)C=CC=C3)C=CC=C2,PCy Pd G4,0.10627216000000012 milligram,0.16000000000000003 micromole,0.10627216000000014 microliter,C32H48NO3PPdS,COC1=C(N)C(Cl)=NC=N1,4-chloro-6-methoxypyrimidin-5-amine,0.12766080000000002 milligram,0.8 micromole,0.12766080000000005 microliter,C5H6ClN3O,B1(OC(C(O1)(C)C)(C)C)C2=CCN(CC2)C(=O)OC(C)(C)C,"N-Boc-1,2,5,6-tetrahydropyridine-4-boronic acid pinacol ester",0.29684640000000007 milligram,0.9600000000000001 micromole,0.2968464000000001 microliter,C16H28BNO4,O=C([O-])[O-].[Na+].[Na+],Na2CO3,0.635928 milligram,6.0 micromole,0.6359280000000002 microliter,CNa2O3,CN1C=NC2=C1C(=O)N(C(=O)N2C)C,caffeine,0.1553528 milligram,0.8 micromole,0.15535280000000004 microliter,C8H10N4O2,C1COCCO1,dioxane,32.445 milligram,368.2496084262139 micromole,31.5 microliter,C4H8O2,O,water,3.5 milligram,194.2825423258396 micromole,3.5 microliter,H2O,COc1ncnc(C2=CCN(C(=O)OC(C)(C)C)CC2)c1N,suzuki_product_0,0.0 milligram,0.0 micromole,0 microliter,C15H22N4O3,COc1ncncc1N,dehalogenation_0,0.0 milligram,0.0 micromole,0 microliter,C5H7N3O,CC(C)(C)OC(=O)N1CC=CCC1,deborylation_0,0.0 milligram,0.0 micromole,0 microliter,C10H17NO2,COC1=C(N)C(Cl)=NC=N1.B1(OC(C(O1)(C)C)(C)C)C2=CCN(CC2)C(=O)OC(C)(C)C>>COc1ncnc(C2=CCN(C(=O)OC(C)(C)C)CC2)c1N.COc1ncncc1N.CC(C)(C)OC(=O)N1CC=CCC1,001_RLN-NB-2443_007_I16,,,,,,,,,3/30/2023 1:07:40 AM,kat78-2-i16-a1_03_22_2023_208.raw,2min_150_1200.EXP,001_RLN-NB-2443_007_I16,KAT78-2-I16-A1_KAT78-2-I16-A1_KAT78-2-I16-A1,0,0,0,0,0,0,0,0,0,0,0,0,0,0,0,deborylation_0,0,0,0,0,0,186.6944127157727,17.035659270914127,4.710042680916349,195,0.7334,0,0,0,0,0,0,0,0,0,0,44.48681919799473,4.327673526338763,1.1965211732620877,308.9,1.5368,0,0,0,0,0,0,0,0,0,0,0,0,0,0,0,0,0,0,0,0,0,0,0,0,0,140.52992152215174,12.762512098448047,3.528597029528167,306.9,0.9951,0.0,0.0,0.0,0.0,0.0,0.0,0.0,0.0,0.0,0.0,0.0,0.0,0.0005993316440761716,74.91645550952144,0.0,0.0,0.0,0.0,0.0,0.0,0.00020322893091564122,25.40361636445515,0.0,0.0,0.0,0.0,0.0,0.0,0.0,0.0,0.0,0.0,0.0,0.0
208,I17,C[NH+]1C2=C(C3=C([Pd-2]1([P+](C4CCCCC4)(C5CCCCC5)C6CCCCC6)OS(C)(=O)=O)C=CC=C3)C=CC=C2,PCy Pd G4,0.10627216000000012 milligram,0.16000000000000003 micromole,0.10627216000000014 microliter,C32H48NO3PPdS,COC1=C(N)C(Cl)=NC=N1,4-chloro-6-methoxypyrimidin-5-amine,0.12766080000000002 milligram,0.8 micromole,0.12766080000000005 microliter,C5H6ClN3O,B1(OC(C(O1)(C)C)(C)C)C2=CC=C(C=C2)N,"4-(4,4,5,5-tetramethyl-1,3,2-dioxaborolan-2-yl)aniline",0.21032928 milligram,0.9600000000000001 micromole,0.21032928000000006 microliter,C12H18BNO2,O=C([O-])[O-].[Na+].[Na+],Na2CO3,0.635928 milligram,6.0 micromole,0.6359280000000002 microliter,CNa2O3,CN1C=NC2=C1C(=O)N(C(=O)N2C)C,caffeine,0.1553528 milligram,0.8 micromole,0.15535280000000004 microliter,C8H10N4O2,C1COCCO1,dioxane,32.445 milligram,368.2496084262139 micromole,31.5 microliter,C4H8O2,O,water,3.5 milligram,194.2825423258396 micromole,3.5 microliter,H2O,COc1ncnc(-c2ccc(N)cc2)c1N,suzuki_product_0,0.0 milligram,0.0 micromole,0 microliter,C11H12N4O,COc1ncncc1N,dehalogenation_0,0.0 milligram,0.0 micromole,0 microliter,C5H7N3O,Nc1ccccc1,deborylation_0,0.0 milligram,0.0 micromole,0 microliter,C6H7N,COC1=C(N)C(Cl)=NC=N1.B1(OC(C(O1)(C)C)(C)C)C2=CC=C(C=C2)N>>COc1ncnc(-c2ccc(N)cc2)c1N.COc1ncncc1N.Nc1ccccc1,001_RLN-NB-2443_007_I17,,,,,,,,,3/30/2023 1:10:06 AM,kat78-2-i17-a1_03_22_2023_209.raw,2min_150_1200.EXP,001_RLN-NB-2443_007_I17,KAT78-2-I17-A1_KAT78-2-I17-A1_KAT78-2-I17-A1,0,0,0,0,0,0,0,0,0,0,0,0,0,0,0,deborylation_0,0,0,0,0,0,181.11572697864452,33.26785960308564,4.5205401664481055,194.9,0.7351,0,0,0,0,0,0,0,0,0,0,0,0,0,0,0,0,0,0,0,0,0,0,0,0,0,0,0,0,0,0,0,0,0,0,0,0,0,0,0,0,19.679136381696235,3.8504604546735823,0.5232125346307978,217.0,0.6568,0.0,0.0,0.0,0.0,0.0,0.0,0.0,0.0,0.0,0.0,0.0,0.0,9.259292303413344e-05,11.574115379266681,0.0,0.0,0.0,0.0,0.0,0.0,0.0,0.0,0.0,0.0,0.0,0.0,0.0,0.0,0.0,0.0,0.0,0.0,0.0,0.0
209,I18,C[NH+]1C2=C(C3=C([Pd-2]1([P+](C4CCCCC4)(C5CCCCC5)C6CCCCC6)OS(C)(=O)=O)C=CC=C3)C=CC=C2,PCy Pd G4,0.10627216000000012 milligram,0.16000000000000003 micromole,0.10627216000000014 microliter,C32H48NO3PPdS,COC1=C(N)C(Cl)=NC=N1,4-chloro-6-methoxypyrimidin-5-amine,0.12766080000000002 milligram,0.8 micromole,0.12766080000000005 microliter,C5H6ClN3O,B1(OC(C(O1)(C)C)(C)C)C2=CC=C(C=C2)N,"4-(4,4,5,5-tetramethyl-1,3,2-dioxaborolan-2-yl)aniline",0.21032928 milligram,0.9600000000000001 micromole,0.21032928000000006 microliter,C12H18BNO2,O=C([O-])[O-].[Na+].[Na+],Na2CO3,0.635928 milligram,6.0 micromole,0.6359280000000002 microliter,CNa2O3,CN1C=NC2=C1C(=O)N(C(=O)N2C)C,caffeine,0.1553528 milligram,0.8 micromole,0.15535280000000004 microliter,C8H10N4O2,C1COCCO1,dioxane,32.445 milligram,368.2496084262139 micromole,31.5 microliter,C4H8O2,O,water,3.5 milligram,194.2825423258396 micromole,3.5 microliter,H2O,COc1ncnc(-c2ccc(N)cc2)c1N,suzuki_product_0,0.0 milligram,0.0 micromole,0 microliter,C11H12N4O,COc1ncncc1N,dehalogenation_0,0.0 milligram,0.0 micromole,0 microliter,C5H7N3O,Nc1ccccc1,deborylation_0,0.0 milligram,0.0 micromole,0 microliter,C6H7N,COC1=C(N)C(Cl)=NC=N1.B1(OC(C(O1)(C)C)(C)C)C2=CC=C(C=C2)N>>COc1ncnc(-c2ccc(N)cc2)c1N.COc1ncncc1N.Nc1ccccc1,001_RLN-NB-2443_007_I18,,,,,,,,,3/30/2023 1:12:33 AM,kat78-2-i18-a1_03_22_2023_210.raw,2min_150_1200.EXP,001_RLN-NB-2443_007_I18,KAT78-2-I18-A1_KAT78-2-I18-A1_KAT78-2-I18-A1,0,0,0,0,0,0,0,0,0,0,0,0,0,0,0,deborylation_0,0,0,0,0,0,175.3747813413258,33.08719604048796,4.485377164769126,194.9,0.7334,0,0,0,0,0,0,0,0,0,0,0,0,0,0,0,0,0,0,0,0,0,0,0,0,0,0,0,0,0,0,0,0,0,0,0,0,0,0,0,0,25.791776189154533,5.015356266467448,0.6798933473621439,216.9,0.6568,0.0,0.0,0.0,0.0,0.0,0.0,0.0,0.0,0.0,0.0,0.0,0.0,0.00012126397801325406,15.157997251656758,0.0,0.0,0.0,0.0,0.0,0.0,0.0,0.0,0.0,0.0,0.0,0.0,0.0,0.0,0.0,0.0,0.0,0.0,0.0,0.0
210,I19,C[NH+]1C2=C(C3=C([Pd-2]1([P+](C4CCCCC4)(C5CCCCC5)C6CCCCC6)OS(C)(=O)=O)C=CC=C3)C=CC=C2,PCy Pd G4,0.10627216000000012 milligram,0.16000000000000003 micromole,0.10627216000000014 microliter,C32H48NO3PPdS,CC1=C(N2CCCC2=O)C=CC(Br)=C1,1-(4-bromo-2-methylphenyl)pyrrolidin-2-one,0.20330160000000003 milligram,0.8 micromole,0.20330160000000008 microliter,C11H12BrNO,B1(OC(C(O1)(C)C)(C)C)C2=CN=C(C=C2)C,"2-methyl-5-(4,4,5,5-tetramethyl-1,3,2-dioxaborolan-2-yl)pyridine",0.21032928 milligram,0.9600000000000001 micromole,0.21032928000000006 microliter,C12H18BNO2,O=C([O-])[O-].[Na+].[Na+],Na2CO3,0.635928 milligram,6.0 micromole,0.6359280000000002 microliter,CNa2O3,CN1C=NC2=C1C(=O)N(C(=O)N2C)C,caffeine,0.1553528 milligram,0.8 micromole,0.15535280000000004 microliter,C8H10N4O2,C1COCCO1,dioxane,32.445 milligram,368.2496084262139 micromole,31.5 microliter,C4H8O2,O,water,3.5 milligram,194.2825423258396 micromole,3.5 microliter,H2O,Cc1ccc(-c2ccc(N3CCCC3=O)c(C)c2)cn1,suzuki_product_0,0.0 milligram,0.0 micromole,0 microliter,C17H18N2O,Cc1ccccc1N1CCCC1=O,dehalogenation_0,0.0 milligram,0.0 micromole,0 microliter,C11H13NO,Cc1ccccn1,deborylation_0,0.0 milligram,0.0 micromole,0 microliter,C6H7N,CC1=C(N2CCCC2=O)C=CC(Br)=C1.B1(OC(C(O1)(C)C)(C)C)C2=CN=C(C=C2)C>>Cc1ccc(-c2ccc(N3CCCC3=O)c(C)c2)cn1.Cc1ccccc1N1CCCC1=O.Cc1ccccn1,001_RLN-NB-2443_007_I19,,,,,,,,,3/30/2023 1:15:00 AM,kat78-2-i19-a1_03_22_2023_211.raw,2min_150_1200.EXP,001_RLN-NB-2443_007_I19,KAT78-2-I19-A1_KAT78-2-I19-A1_KAT78-2-I19-A1,0,0,0,0,0,0,0,0,0,0,0,0,0,0,0,deborylation_0,0,0,0,0,0,179.34667225200485,60.26036630961201,4.607959340625258,195,0.7318,0,0,0,0,0,15.705445150429357,3.082479435905781,0.2357094850036064,167.5,0.1601,0,0,0,0,0,0,0,0,0,0,0,0,0,0,0,0,0,0,0,0,0,0,0,0,0,0,0,0,0,0,0.0,0.0,0.0,0.0,0.0,0.0,0.0,0.0,0.0,0.0,0.0,0.0,0.0,0.0,0.0,0.0,0.0,0.0,0.0,4.0922146673563796e-05,5.115268334195474,0.0,0.0,0.0,0.0,0.0,0.0,0.0,0.0,0.0,0.0,0.0,0.0,0.0,0.0,0.0,0.0,0.0,0.0
211,I20,C[NH+]1C2=C(C3=C([Pd-2]1([P+](C4CCCCC4)(C5CCCCC5)C6CCCCC6)OS(C)(=O)=O)C=CC=C3)C=CC=C2,PCy Pd G4,0.10627216000000012 milligram,0.16000000000000003 micromole,0.10627216000000014 microliter,C32H48NO3PPdS,CC1=C(N2CCCC2=O)C=CC(Br)=C1,1-(4-bromo-2-methylphenyl)pyrrolidin-2-one,0.20330160000000003 milligram,0.8 micromole,0.20330160000000008 microliter,C11H12BrNO,B1(OC(C(O1)(C)C)(C)C)C2=CN(N=C2C)C,"1,3-dimethyl-4-(4,4,5,5-tetramethyl-1,3,2-dioxaborolan-2-yl)-1H-pyrazole",0.21321311999999998 milligram,0.9600000000000001 micromole,0.21321312000000003 microliter,C11H19BN2O2,O=C([O-])[O-].[Na+].[Na+],Na2CO3,0.635928 milligram,6.0 micromole,0.6359280000000002 microliter,CNa2O3,CN1C=NC2=C1C(=O)N(C(=O)N2C)C,caffeine,0.1553528 milligram,0.8 micromole,0.15535280000000004 microliter,C8H10N4O2,C1COCCO1,dioxane,32.445 milligram,368.2496084262139 micromole,31.5 microliter,C4H8O2,O,water,3.5 milligram,194.2825423258396 micromole,3.5 microliter,H2O,Cc1cc(-c2cn(C)nc2C)ccc1N1CCCC1=O,suzuki_product_0,0.0 milligram,0.0 micromole,0 microliter,C16H19N3O,Cc1ccccc1N1CCCC1=O,dehalogenation_0,0.0 milligram,0.0 micromole,0 microliter,C11H13NO,Cc1ccn(C)n1,deborylation_0,0.0 milligram,0.0 micromole,0 microliter,C5H8N2,CC1=C(N2CCCC2=O)C=CC(Br)=C1.B1(OC(C(O1)(C)C)(C)C)C2=CN(N=C2C)C>>Cc1cc(-c2cn(C)nc2C)ccc1N1CCCC1=O.Cc1ccccc1N1CCCC1=O.Cc1ccn(C)n1,001_RLN-NB-2443_007_I20,,,,,,,,,3/30/2023 1:17:27 AM,kat78-2-i20-a1_03_22_2023_212.raw,2min_150_1200.EXP,001_RLN-NB-2443_007_I20,KAT78-2-I20-A1_KAT78-2-I20-A1_KAT78-2-I20-A1,0,0,0,0,0,0,0,0,0,0,0,0,0,0,0,deborylation_0,0,0,0,0,0,161.6013881921659,39.85705442348701,4.210923279500409,194.9,0.7334,0,0,0,0,0,0,0,0,0,0,0,0,0,0,0,0,0,0,0,0,0,0,0,0,0,0,0,0,0,0,0,0,0,0,0,0,0,0,0,0,0.0,0.0,0.0,0.0,0.0,0.0,0.0,0.0,0.0,0.0,0.0,0.0,0.0,0.0,0.0,0.0,0.0,0.0,0.0,0.0,0.0,0.0,0.0,0.0,0.0,0.0,0.0,0.0,0.0,0.0,0.0,0.0,0.0,0.0,0.0,0.0,0.0,0.0,0.0
212,I21,C[NH+]1C2=C(C3=C([Pd-2]1([P+](C4CCCCC4)(C5CCCCC5)C6CCCCC6)OS(C)(=O)=O)C=CC=C3)C=CC=C2,PCy Pd G4,0.10627216000000012 milligram,0.16000000000000003 micromole,0.10627216000000014 microliter,C32H48NO3PPdS,CC1=C(N2CCCC2=O)C=CC(Br)=C1,1-(4-bromo-2-methylphenyl)pyrrolidin-2-one,0.20330160000000003 milligram,0.8 micromole,0.20330160000000008 microliter,C11H12BrNO,B1(OC(C(O1)(C)C)(C)C)C2=CCN(CC2)C(=O)OC(C)(C)C,"N-Boc-1,2,5,6-tetrahydropyridine-4-boronic acid pinacol ester",0.29684640000000007 milligram,0.9600000000000001 micromole,0.2968464000000001 microliter,C16H28BNO4,O=C([O-])[O-].[Na+].[Na+],Na2CO3,0.635928 milligram,6.0 micromole,0.6359280000000002 microliter,CNa2O3,CN1C=NC2=C1C(=O)N(C(=O)N2C)C,caffeine,0.1553528 milligram,0.8 micromole,0.15535280000000004 microliter,C8H10N4O2,C1COCCO1,dioxane,32.445 milligram,368.2496084262139 micromole,31.5 microliter,C4H8O2,O,water,3.5 milligram,194.2825423258396 micromole,3.5 microliter,H2O,Cc1cc(C2=CCN(C(=O)OC(C)(C)C)CC2)ccc1N1CCCC1=O,suzuki_product_0,0.0 milligram,0.0 micromole,0 microliter,C21H28N2O3,Cc1ccccc1N1CCCC1=O,dehalogenation_0,0.0 milligram,0.0 micromole,0 microliter,C11H13NO,CC(C)(C)OC(=O)N1CC=CCC1,deborylation_0,0.0 milligram,0.0 micromole,0 microliter,C10H17NO2,CC1=C(N2CCCC2=O)C=CC(Br)=C1.B1(OC(C(O1)(C)C)(C)C)C2=CCN(CC2)C(=O)OC(C)(C)C>>Cc1cc(C2=CCN(C(=O)OC(C)(C)C)CC2)ccc1N1CCCC1=O.Cc1ccccc1N1CCCC1=O.CC(C)(C)OC(=O)N1CC=CCC1,001_RLN-NB-2443_007_I21,,,,,,,,,3/30/2023 1:19:54 AM,kat78-2-i21-a1_03_22_2023_213.raw,2min_150_1200.EXP,001_RLN-NB-2443_007_I21,KAT78-2-I21-A1_KAT78-2-I21-A1_KAT78-2-I21-A1,0,0,0,0,0,0,0,0,0,0,0,0,0,0,0,deborylation_0,0,0,0,0,0,175.45316975219856,14.032447286786434,4.541247296247583,195,0.7318,334.29752291818835,28.31058066934926,9.16200469471524,357.1,1.3251,0,0,0,0,0,23.285470763860822,1.7189476138849424,0.5562939980752222,308.9,1.5401,0,0,0,0,0,0,0,0,0,0,0,0,0,0,0,0,0,0,0,0,29.435376581090043,1.8678389000504443,0.6044789038806839,255.7,1.1868,334.29752291818835,28.31058066934926,9.16200469471524,357.1,1.3251,0.0,0.0,0.0,0.0,0.0,0.0,0.0,0.0,0.0,0.0,0.0,0.0,0.001614006742559168,201.750842819896,0.0,0.0,0.001614006742559168,201.750842819896,0.0,0.0,9.799845051995051e-05,12.249806314993812,0.0,0.0,0.0,0.0,0.0,0.0,0.0,0.0,0.0,0.0,0.00010648685076105198,13.310856345131498
213,I22,C[NH+]1C2=C(C3=C([Pd-2]1([P+](C4CCCCC4)(C5CCCCC5)C6CCCCC6)OS(C)(=O)=O)C=CC=C3)C=CC=C2,PCy Pd G4,0.10627216000000012 milligram,0.16000000000000003 micromole,0.10627216000000014 microliter,C32H48NO3PPdS,CC1=C(N2CCCC2=O)C=CC(Br)=C1,1-(4-bromo-2-methylphenyl)pyrrolidin-2-one,0.20330160000000003 milligram,0.8 micromole,0.20330160000000008 microliter,C11H12BrNO,B1(OC(C(O1)(C)C)(C)C)C2=CCN(CC2)C(=O)OC(C)(C)C,"N-Boc-1,2,5,6-tetrahydropyridine-4-boronic acid pinacol ester",0.29684640000000007 milligram,0.9600000000000001 micromole,0.2968464000000001 microliter,C16H28BNO4,O=C([O-])[O-].[Na+].[Na+],Na2CO3,0.635928 milligram,6.0 micromole,0.6359280000000002 microliter,CNa2O3,CN1C=NC2=C1C(=O)N(C(=O)N2C)C,caffeine,0.1553528 milligram,0.8 micromole,0.15535280000000004 microliter,C8H10N4O2,C1COCCO1,dioxane,32.445 milligram,368.2496084262139 micromole,31.5 microliter,C4H8O2,O,water,3.5 milligram,194.2825423258396 micromole,3.5 microliter,H2O,Cc1cc(C2=CCN(C(=O)OC(C)(C)C)CC2)ccc1N1CCCC1=O,suzuki_product_0,0.0 milligram,0.0 micromole,0 microliter,C21H28N2O3,Cc1ccccc1N1CCCC1=O,dehalogenation_0,0.0 milligram,0.0 micromole,0 microliter,C11H13NO,CC(C)(C)OC(=O)N1CC=CCC1,deborylation_0,0.0 milligram,0.0 micromole,0 microliter,C10H17NO2,CC1=C(N2CCCC2=O)C=CC(Br)=C1.B1(OC(C(O1)(C)C)(C)C)C2=CCN(CC2)C(=O)OC(C)(C)C>>Cc1cc(C2=CCN(C(=O)OC(C)(C)C)CC2)ccc1N1CCCC1=O.Cc1ccccc1N1CCCC1=O.CC(C)(C)OC(=O)N1CC=CCC1,001_RLN-NB-2443_007_I22,,,,,,,,,3/30/2023 1:22:21 AM,kat78-2-i22-a1_03_22_2023_214.raw,2min_150_1200.EXP,001_RLN-NB-2443_007_I22,KAT78-2-I22-A1_KAT78-2-I22-A1_KAT78-2-I22-A1,0,0,0,0,0,0,0,0,0,0,0,0,0,0,0,deborylation_0,0,0,0,0,0,181.9133929942835,14.429871090612306,4.6069213037263275,195,0.7334,0,0,0,0,0,0,0,0,0,0,0,0,0,0,0,0,0,0,0,0,0,0,0,0,0,0,0,0,0,0,0,0,0,0,0,65.81177850618106,4.146014313513748,1.323668212040159,253.8,1.1868,344.89181758875236,29.107150209276895,9.292830791615193,357.0,1.3251,0.0,0.0,0.0,0.0,0.0,0.0,0.0,0.0,0.0,0.0,0.0,0.0,0.0016137164373263592,201.71455466579488,0.0,0.0,0.0,0.0,0.0,0.0,0.0,0.0,0.0,0.0,0.0,0.0,0.0,0.0,0.0,0.0,0.0,0.0,0.00022985731681060055,28.732164601325067
214,I23,C[NH+]1C2=C(C3=C([Pd-2]1([P+](C4CCCCC4)(C5CCCCC5)C6CCCCC6)OS(C)(=O)=O)C=CC=C3)C=CC=C2,PCy Pd G4,0.10627216000000012 milligram,0.16000000000000003 micromole,0.10627216000000014 microliter,C32H48NO3PPdS,CC1=C(N2CCCC2=O)C=CC(Br)=C1,1-(4-bromo-2-methylphenyl)pyrrolidin-2-one,0.20330160000000003 milligram,0.8 micromole,0.20330160000000008 microliter,C11H12BrNO,B1(OC(C(O1)(C)C)(C)C)C2=CC=C(C=C2)N,"4-(4,4,5,5-tetramethyl-1,3,2-dioxaborolan-2-yl)aniline",0.21032928 milligram,0.9600000000000001 micromole,0.21032928000000006 microliter,C12H18BNO2,O=C([O-])[O-].[Na+].[Na+],Na2CO3,0.635928 milligram,6.0 micromole,0.6359280000000002 microliter,CNa2O3,CN1C=NC2=C1C(=O)N(C(=O)N2C)C,caffeine,0.1553528 milligram,0.8 micromole,0.15535280000000004 microliter,C8H10N4O2,C1COCCO1,dioxane,32.445 milligram,368.2496084262139 micromole,31.5 microliter,C4H8O2,O,water,3.5 milligram,194.2825423258396 micromole,3.5 microliter,H2O,Cc1cc(-c2ccc(N)cc2)ccc1N1CCCC1=O,suzuki_product_0,0.0 milligram,0.0 micromole,0 microliter,C17H18N2O,Cc1ccccc1N1CCCC1=O,dehalogenation_0,0.0 milligram,0.0 micromole,0 microliter,C11H13NO,Nc1ccccc1,deborylation_0,0.0 milligram,0.0 micromole,0 microliter,C6H7N,CC1=C(N2CCCC2=O)C=CC(Br)=C1.B1(OC(C(O1)(C)C)(C)C)C2=CC=C(C=C2)N>>Cc1cc(-c2ccc(N)cc2)ccc1N1CCCC1=O.Cc1ccccc1N1CCCC1=O.Nc1ccccc1,001_RLN-NB-2443_007_I23,,,,,,,,,3/30/2023 1:24:47 AM,kat78-2-i23-a1_03_22_2023_215.raw,2min_150_1200.EXP,001_RLN-NB-2443_007_I23,KAT78-2-I23-A1_KAT78-2-I23-A1_KAT78-2-I23-A1,0,0,0,0,0,0,0,0,0,0,0,0,0,0,0,deborylation_0,0,0,0,0,0,177.91057120104003,24.667118225983195,4.4679406088189,195,0.7318,0,0,0,0,0,0,0,0,0,0,0,0,0,0,0,0,0,0,0,0,0,0,0,0,0,0,0,0,0,0,0,0,0,0,0,81.0549823148842,9.201427286714885,1.6666491098300602,255.9,1.1868,77.60627033775552,10.573896122212656,1.9152435823696043,267.0,0.8851,0.0,0.0,0.0,0.0,0.0,0.0,0.0,0.0,0.0,0.0,0.0,0.0,0.00034293089368095235,42.86636171011904,0.0,0.0,0.0,0.0,0.0,0.0,0.0,0.0,0.0,0.0,0.0,0.0,0.0,0.0,0.0,0.0,0.0,0.0,0.0002984192057594318,37.302400719928976
215,I24,C[NH+]1C2=C(C3=C([Pd-2]1([P+](C4CCCCC4)(C5CCCCC5)C6CCCCC6)OS(C)(=O)=O)C=CC=C3)C=CC=C2,PCy Pd G4,0.10627216000000012 milligram,0.16000000000000003 micromole,0.10627216000000014 microliter,C32H48NO3PPdS,CC1=C(N2CCCC2=O)C=CC(Br)=C1,1-(4-bromo-2-methylphenyl)pyrrolidin-2-one,0.20330160000000003 milligram,0.8 micromole,0.20330160000000008 microliter,C11H12BrNO,B1(OC(C(O1)(C)C)(C)C)C2=CC=C(C=C2)N,"4-(4,4,5,5-tetramethyl-1,3,2-dioxaborolan-2-yl)aniline",0.21032928 milligram,0.9600000000000001 micromole,0.21032928000000006 microliter,C12H18BNO2,O=C([O-])[O-].[Na+].[Na+],Na2CO3,0.635928 milligram,6.0 micromole,0.6359280000000002 microliter,CNa2O3,CN1C=NC2=C1C(=O)N(C(=O)N2C)C,caffeine,0.1553528 milligram,0.8 micromole,0.15535280000000004 microliter,C8H10N4O2,C1COCCO1,dioxane,32.445 milligram,368.2496084262139 micromole,31.5 microliter,C4H8O2,O,water,3.5 milligram,194.2825423258396 micromole,3.5 microliter,H2O,Cc1cc(-c2ccc(N)cc2)ccc1N1CCCC1=O,suzuki_product_0,0.0 milligram,0.0 micromole,0 microliter,C17H18N2O,Cc1ccccc1N1CCCC1=O,dehalogenation_0,0.0 milligram,0.0 micromole,0 microliter,C11H13NO,Nc1ccccc1,deborylation_0,0.0 milligram,0.0 micromole,0 microliter,C6H7N,CC1=C(N2CCCC2=O)C=CC(Br)=C1.B1(OC(C(O1)(C)C)(C)C)C2=CC=C(C=C2)N>>Cc1cc(-c2ccc(N)cc2)ccc1N1CCCC1=O.Cc1ccccc1N1CCCC1=O.Nc1ccccc1,001_RLN-NB-2443_007_I24,,,,,,,,,3/30/2023 1:27:13 AM,kat78-2-i24-a1_03_22_2023_216.raw,2min_150_1200.EXP,001_RLN-NB-2443_007_I24,KAT78-2-I24-A1_KAT78-2-I24-A1_KAT78-2-I24-A1,0,0,0,0,0,0,0,0,0,0,0,0,0,0,0,deborylation_0,0,0,0,0,0,186.38081244831977,24.27615431254914,4.7996383108261425,195,0.7334,0,0,0,0,0,0,0,0,0,0,0,0,0,0,0,0,0,0,0,0,0,0,0,0,0,0,0,0,0,0,0,0,0,0,0,88.27530947027785,9.429449935609961,1.8642964852787804,255.8,1.1884,75.53968277014204,9.532522368253927,1.8846749352646703,266.9,0.8851,0.0,0.0,0.0,0.0,0.0,0.0,0.0,0.0,0.0,0.0,0.0,0.0,0.0003141361599708156,39.26701999635195,0.0,0.0,0.0,0.0,0.0,0.0,0.0,0.0,0.0,0.0,0.0,0.0,0.0,0.0,0.0,0.0,0.0,0.0,0.000310739495694689,38.84243696183612
216,J1,C[NH+]1C2=C(C3=C([Pd-2]1([P+](C4CCCCC4)(C5CCCCC5)C6CCCCC6)OS(C)(=O)=O)C=CC=C3)C=CC=C2,PCy Pd G4,0.10627216000000012 milligram,0.16000000000000003 micromole,0.10627216000000014 microliter,C32H48NO3PPdS,BrC1=CC=CN2C=CN=C12,"8-bromoimidazo[1,2-a]pyridine",0.15762800000000002 milligram,0.8 micromole,0.15762800000000005 microliter,C7H5BrN2,B1(OC(C(O1)(C)C)(C)C)C2=CN=C(C=C2)C,"2-methyl-5-(4,4,5,5-tetramethyl-1,3,2-dioxaborolan-2-yl)pyridine",0.21032928 milligram,0.9600000000000001 micromole,0.21032928000000006 microliter,C12H18BNO2,O=C([O-])[O-].[Na+].[Na+],Na2CO3,0.635928 milligram,6.0 micromole,0.6359280000000002 microliter,CNa2O3,CN1C=NC2=C1C(=O)N(C(=O)N2C)C,caffeine,0.1553528 milligram,0.8 micromole,0.15535280000000004 microliter,C8H10N4O2,C1COCCO1,dioxane,32.445 milligram,368.2496084262139 micromole,31.5 microliter,C4H8O2,O,water,3.5 milligram,194.2825423258396 micromole,3.5 microliter,H2O,Cc1ccc(-c2cccn3ccnc23)cn1,suzuki_product_0,0.0 milligram,0.0 micromole,0 microliter,C13H11N3,c1ccn2ccnc2c1,dehalogenation_0,0.0 milligram,0.0 micromole,0 microliter,C7H6N2,Cc1ccccn1,deborylation_0,0.0 milligram,0.0 micromole,0 microliter,C6H7N,BrC1=CC=CN2C=CN=C12.B1(OC(C(O1)(C)C)(C)C)C2=CN=C(C=C2)C>>Cc1ccc(-c2cccn3ccnc23)cn1.c1ccn2ccnc2c1.Cc1ccccn1,001_RLN-NB-2443_007_J1,,,,,,,,,3/30/2023 1:29:40 AM,kat78-2-j1-a1_03_22_2023_217.raw,2min_150_1200.EXP,001_RLN-NB-2443_007_J1,KAT78-2-J1-A1_KAT78-2-J1-A1_KAT78-2-J1-A1,0,0,0,0,0,0,0,0,0,0,0,0,0,0,0,deborylation_0,0,0,0,0,0,177.1958018057763,49.031095110432084,4.684831488946158,195,0.7334,0,0,0,0,0,0,0,0,0,0,0,0,0,0,0,0,0,0,0,0,0,0,0,0,0,0,0,0,0,0,0,0,0,0,0,0,0,0,0,0,0.0,0.0,0.0,0.0,0.0,0.0,0.0,0.0,0.0,0.0,0.0,0.0,0.0,0.0,0.0,0.0,0.0,0.0,0.0,0.0,0.0,0.0,0.0,0.0,0.0,0.0,0.0,0.0,0.0,0.0,0.0,0.0,0.0,0.0,0.0,0.0,0.0,0.0,0.0
217,J2,C[NH+]1C2=C(C3=C([Pd-2]1([P+](C4CCCCC4)(C5CCCCC5)C6CCCCC6)OS(C)(=O)=O)C=CC=C3)C=CC=C2,PCy Pd G4,0.10627216000000012 milligram,0.16000000000000003 micromole,0.10627216000000014 microliter,C32H48NO3PPdS,BrC1=CC=CN2C=CN=C12,"8-bromoimidazo[1,2-a]pyridine",0.15762800000000002 milligram,0.8 micromole,0.15762800000000005 microliter,C7H5BrN2,B1(OC(C(O1)(C)C)(C)C)C2=CN(N=C2C)C,"1,3-dimethyl-4-(4,4,5,5-tetramethyl-1,3,2-dioxaborolan-2-yl)-1H-pyrazole",0.21321311999999998 milligram,0.9600000000000001 micromole,0.21321312000000003 microliter,C11H19BN2O2,O=C([O-])[O-].[Na+].[Na+],Na2CO3,0.635928 milligram,6.0 micromole,0.6359280000000002 microliter,CNa2O3,CN1C=NC2=C1C(=O)N(C(=O)N2C)C,caffeine,0.1553528 milligram,0.8 micromole,0.15535280000000004 microliter,C8H10N4O2,C1COCCO1,dioxane,32.445 milligram,368.2496084262139 micromole,31.5 microliter,C4H8O2,O,water,3.5 milligram,194.2825423258396 micromole,3.5 microliter,H2O,Cc1nn(C)cc1-c1cccn2ccnc12,suzuki_product_0,0.0 milligram,0.0 micromole,0 microliter,C12H12N4,c1ccn2ccnc2c1,dehalogenation_0,0.0 milligram,0.0 micromole,0 microliter,C7H6N2,Cc1ccn(C)n1,deborylation_0,0.0 milligram,0.0 micromole,0 microliter,C5H8N2,BrC1=CC=CN2C=CN=C12.B1(OC(C(O1)(C)C)(C)C)C2=CN(N=C2C)C>>Cc1nn(C)cc1-c1cccn2ccnc12.c1ccn2ccnc2c1.Cc1ccn(C)n1,001_RLN-NB-2443_007_J2,,,,,,,,,3/30/2023 1:32:08 AM,kat78-2-j2-a1_03_22_2023_218.raw,2min_150_1200.EXP,001_RLN-NB-2443_007_J2,KAT78-2-J2-A1_KAT78-2-J2-A1_KAT78-2-J2-A1,0,0,0,0,0,0,0,0,0,0,0,0,0,0,0,deborylation_0,0,0,0,0,0,175.7951949398044,33.34691918826208,4.554655855527465,195,0.7334,0,0,0,0,0,0,0,0,0,0,0,0,0,0,0,0,0,0,0,0,0,0,0,0,0,0,0,0,0,0,0,0,0,0,0,0,0,0,0,0,0.0,0.0,0.0,0.0,0.0,0.0,0.0,0.0,0.0,0.0,0.0,0.0,0.0,0.0,0.0,0.0,0.0,0.0,0.0,0.0,0.0,0.0,0.0,0.0,0.0,0.0,0.0,0.0,0.0,0.0,0.0,0.0,0.0,0.0,0.0,0.0,0.0,0.0,0.0
218,J3,C[NH+]1C2=C(C3=C([Pd-2]1([P+](C4CCCCC4)(C5CCCCC5)C6CCCCC6)OS(C)(=O)=O)C=CC=C3)C=CC=C2,PCy Pd G4,0.10627216000000012 milligram,0.16000000000000003 micromole,0.10627216000000014 microliter,C32H48NO3PPdS,BrC1=CC=CN2C=CN=C12,"8-bromoimidazo[1,2-a]pyridine",0.15762800000000002 milligram,0.8 micromole,0.15762800000000005 microliter,C7H5BrN2,B1(OC(C(O1)(C)C)(C)C)C2=CCN(CC2)C(=O)OC(C)(C)C,"N-Boc-1,2,5,6-tetrahydropyridine-4-boronic acid pinacol ester",0.29684640000000007 milligram,0.9600000000000001 micromole,0.2968464000000001 microliter,C16H28BNO4,O=C([O-])[O-].[Na+].[Na+],Na2CO3,0.635928 milligram,6.0 micromole,0.6359280000000002 microliter,CNa2O3,CN1C=NC2=C1C(=O)N(C(=O)N2C)C,caffeine,0.1553528 milligram,0.8 micromole,0.15535280000000004 microliter,C8H10N4O2,C1COCCO1,dioxane,32.445 milligram,368.2496084262139 micromole,31.5 microliter,C4H8O2,O,water,3.5 milligram,194.2825423258396 micromole,3.5 microliter,H2O,CC(C)(C)OC(=O)N1CC=C(c2cccn3ccnc23)CC1,suzuki_product_0,0.0 milligram,0.0 micromole,0 microliter,C17H21N3O2,c1ccn2ccnc2c1,dehalogenation_0,0.0 milligram,0.0 micromole,0 microliter,C7H6N2,CC(C)(C)OC(=O)N1CC=CCC1,deborylation_0,0.0 milligram,0.0 micromole,0 microliter,C10H17NO2,BrC1=CC=CN2C=CN=C12.B1(OC(C(O1)(C)C)(C)C)C2=CCN(CC2)C(=O)OC(C)(C)C>>CC(C)(C)OC(=O)N1CC=C(c2cccn3ccnc23)CC1.c1ccn2ccnc2c1.CC(C)(C)OC(=O)N1CC=CCC1,001_RLN-NB-2443_007_J3,,,,,,,,,3/30/2023 1:34:34 AM,kat78-2-j3-a1_03_22_2023_219.raw,2min_150_1200.EXP,001_RLN-NB-2443_007_J3,KAT78-2-J3-A1_KAT78-2-J3-A1_KAT78-2-J3-A1,0,0,0,0,0,0,0,0,0,0,0,0,0,0,0,deborylation_0,0,0,0,0,0,190.96945367782456,17.473735956968888,4.819633137043308,194.9,0.7318,0,0,0,0,0,0,0,0,0,0,47.02636640347617,4.728321126953581,1.3041729165513,309,1.5384,0,0,0,0,0,0,0,0,0,0,0,0,0,0,0,0,0,0,0,0,0,0,0,0,0,152.14561235041066,14.982409424113714,4.132471562522934,299.9,0.8718,0.0,0.0,0.0,0.0,0.0,0.0,0.0,0.0,0.0,0.0,0.0,0.0,0.0006859396049481184,85.7424506185148,0.0,0.0,0.0,0.0,0.0,0.0,0.00021647671172770943,27.059588965963677,0.0,0.0,0.0,0.0,0.0,0.0,0.0,0.0,0.0,0.0,0.0,0.0
219,J4,C[NH+]1C2=C(C3=C([Pd-2]1([P+](C4CCCCC4)(C5CCCCC5)C6CCCCC6)OS(C)(=O)=O)C=CC=C3)C=CC=C2,PCy Pd G4,0.10627216000000012 milligram,0.16000000000000003 micromole,0.10627216000000014 microliter,C32H48NO3PPdS,BrC1=CC=CN2C=CN=C12,"8-bromoimidazo[1,2-a]pyridine",0.15762800000000002 milligram,0.8 micromole,0.15762800000000005 microliter,C7H5BrN2,B1(OC(C(O1)(C)C)(C)C)C2=CCN(CC2)C(=O)OC(C)(C)C,"N-Boc-1,2,5,6-tetrahydropyridine-4-boronic acid pinacol ester",0.29684640000000007 milligram,0.9600000000000001 micromole,0.2968464000000001 microliter,C16H28BNO4,O=C([O-])[O-].[Na+].[Na+],Na2CO3,0.635928 milligram,6.0 micromole,0.6359280000000002 microliter,CNa2O3,CN1C=NC2=C1C(=O)N(C(=O)N2C)C,caffeine,0.1553528 milligram,0.8 micromole,0.15535280000000004 microliter,C8H10N4O2,C1COCCO1,dioxane,32.445 milligram,368.2496084262139 micromole,31.5 microliter,C4H8O2,O,water,3.5 milligram,194.2825423258396 micromole,3.5 microliter,H2O,CC(C)(C)OC(=O)N1CC=C(c2cccn3ccnc23)CC1,suzuki_product_0,0.0 milligram,0.0 micromole,0 microliter,C17H21N3O2,c1ccn2ccnc2c1,dehalogenation_0,0.0 milligram,0.0 micromole,0 microliter,C7H6N2,CC(C)(C)OC(=O)N1CC=CCC1,deborylation_0,0.0 milligram,0.0 micromole,0 microliter,C10H17NO2,BrC1=CC=CN2C=CN=C12.B1(OC(C(O1)(C)C)(C)C)C2=CCN(CC2)C(=O)OC(C)(C)C>>CC(C)(C)OC(=O)N1CC=C(c2cccn3ccnc23)CC1.c1ccn2ccnc2c1.CC(C)(C)OC(=O)N1CC=CCC1,001_RLN-NB-2443_007_J4,,,,,,,,,3/30/2023 1:37:01 AM,kat78-2-j4-a1_03_22_2023_220.raw,2min_150_1200.EXP,001_RLN-NB-2443_007_J4,KAT78-2-J4-A1_KAT78-2-J4-A1_KAT78-2-J4-A1,0,0,0,0,0,0,0,0,0,0,0,0,0,0,0,deborylation_0,0,0,0,0,0,193.93180800775994,17.707022157539917,4.787243825486648,194.9,0.7334,0,0,0,0,0,0,0,0,0,0,48.057829989520094,4.793923984199045,1.2960780637774776,309.1,1.5418,0,0,0,0,0,0,0,0,0,0,0,0,0,0,0,0,0,0,0,0,0,0,0,0,0,139.447856543372,14.73152005409108,3.9827915609712123,300.0,0.8701,0.0,0.0,0.0,0.0,0.0,0.0,0.0,0.0,0.0,0.0,0.0,0.0,0.0006655673629602671,83.19592037003339,0.0,0.0,0.0,0.0,0.0,0.0,0.00021658860271579747,27.073575339474683,0.0,0.0,0.0,0.0,0.0,0.0,0.0,0.0,0.0,0.0,0.0,0.0
220,J5,C[NH+]1C2=C(C3=C([Pd-2]1([P+](C4CCCCC4)(C5CCCCC5)C6CCCCC6)OS(C)(=O)=O)C=CC=C3)C=CC=C2,PCy Pd G4,0.10627216000000012 milligram,0.16000000000000003 micromole,0.10627216000000014 microliter,C32H48NO3PPdS,BrC1=CC=CN2C=CN=C12,"8-bromoimidazo[1,2-a]pyridine",0.15762800000000002 milligram,0.8 micromole,0.15762800000000005 microliter,C7H5BrN2,B1(OC(C(O1)(C)C)(C)C)C2=CC=C(C=C2)N,"4-(4,4,5,5-tetramethyl-1,3,2-dioxaborolan-2-yl)aniline",0.21032928 milligram,0.9600000000000001 micromole,0.21032928000000006 microliter,C12H18BNO2,O=C([O-])[O-].[Na+].[Na+],Na2CO3,0.635928 milligram,6.0 micromole,0.6359280000000002 microliter,CNa2O3,CN1C=NC2=C1C(=O)N(C(=O)N2C)C,caffeine,0.1553528 milligram,0.8 micromole,0.15535280000000004 microliter,C8H10N4O2,C1COCCO1,dioxane,32.445 milligram,368.2496084262139 micromole,31.5 microliter,C4H8O2,O,water,3.5 milligram,194.2825423258396 micromole,3.5 microliter,H2O,Nc1ccc(-c2cccn3ccnc23)cc1,suzuki_product_0,0.0 milligram,0.0 micromole,0 microliter,C13H11N3,c1ccn2ccnc2c1,dehalogenation_0,0.0 milligram,0.0 micromole,0 microliter,C7H6N2,Nc1ccccc1,deborylation_0,0.0 milligram,0.0 micromole,0 microliter,C6H7N,BrC1=CC=CN2C=CN=C12.B1(OC(C(O1)(C)C)(C)C)C2=CC=C(C=C2)N>>Nc1ccc(-c2cccn3ccnc23)cc1.c1ccn2ccnc2c1.Nc1ccccc1,001_RLN-NB-2443_007_J5,,,,,,,,,3/30/2023 1:39:27 AM,kat78-2-j5-a1_03_22_2023_221.raw,2min_150_1200.EXP,001_RLN-NB-2443_007_J5,KAT78-2-J5-A1_KAT78-2-J5-A1_KAT78-2-J5-A1,0,0,0,0,0,0,0,0,0,0,0,0,0,0,0,deborylation_0,0,0,0,0,0,171.3342642307329,26.896199587416938,4.508681936890788,195,0.7334,0,0,0,0,0,0,0,0,0,0,0,0,0,0,0,14.992606461642561,2.8454870418881932,0.47699661008688293,220,1.0951,0,0,0,0,0,0,0,0,0,0,0,0,0,0,0,0,0,0,0,0,34.74202368195858,5.416907743433641,0.9080507458774644,210.1,0.6368,0.0,0.0,0.0,0.0,0.0,0.0,0.0,0.0,0.0,0.0,0.0,0.0,0.000161120391030051,20.140048878756375,0.0,0.0,0.0,0.0,0.0,0.0,0.0,0.0,8.463610727277381e-05,10.579513409096727,0.0,0.0,0.0,0.0,0.0,0.0,0.0,0.0,0.0,0.0
221,J6,C[NH+]1C2=C(C3=C([Pd-2]1([P+](C4CCCCC4)(C5CCCCC5)C6CCCCC6)OS(C)(=O)=O)C=CC=C3)C=CC=C2,PCy Pd G4,0.10627216000000012 milligram,0.16000000000000003 micromole,0.10627216000000014 microliter,C32H48NO3PPdS,BrC1=CC=CN2C=CN=C12,"8-bromoimidazo[1,2-a]pyridine",0.15762800000000002 milligram,0.8 micromole,0.15762800000000005 microliter,C7H5BrN2,B1(OC(C(O1)(C)C)(C)C)C2=CC=C(C=C2)N,"4-(4,4,5,5-tetramethyl-1,3,2-dioxaborolan-2-yl)aniline",0.21032928 milligram,0.9600000000000001 micromole,0.21032928000000006 microliter,C12H18BNO2,O=C([O-])[O-].[Na+].[Na+],Na2CO3,0.635928 milligram,6.0 micromole,0.6359280000000002 microliter,CNa2O3,CN1C=NC2=C1C(=O)N(C(=O)N2C)C,caffeine,0.1553528 milligram,0.8 micromole,0.15535280000000004 microliter,C8H10N4O2,C1COCCO1,dioxane,32.445 milligram,368.2496084262139 micromole,31.5 microliter,C4H8O2,O,water,3.5 milligram,194.2825423258396 micromole,3.5 microliter,H2O,Nc1ccc(-c2cccn3ccnc23)cc1,suzuki_product_0,0.0 milligram,0.0 micromole,0 microliter,C13H11N3,c1ccn2ccnc2c1,dehalogenation_0,0.0 milligram,0.0 micromole,0 microliter,C7H6N2,Nc1ccccc1,deborylation_0,0.0 milligram,0.0 micromole,0 microliter,C6H7N,BrC1=CC=CN2C=CN=C12.B1(OC(C(O1)(C)C)(C)C)C2=CC=C(C=C2)N>>Nc1ccc(-c2cccn3ccnc23)cc1.c1ccn2ccnc2c1.Nc1ccccc1,001_RLN-NB-2443_007_J6,,,,,,,,,3/30/2023 1:41:53 AM,kat78-2-j6-a1_03_22_2023_222.raw,2min_150_1200.EXP,001_RLN-NB-2443_007_J6,KAT78-2-J6-A1_KAT78-2-J6-A1_KAT78-2-J6-A1,0,0,0,0,0,0,0,0,0,0,0,0,0,0,0,deborylation_0,0,0,0,0,0,184.99485602526002,89.56920165474894,4.593414518329885,195,0.7334,0,0,0,0,0,0,0,0,0,0,0,0,0,0,0,0,0,0,0,0,0,0,0,0,0,0,0,0,0,0,0,0,0,0,0,0,0,0,0,0,0.0,0.0,0.0,0.0,0.0,0.0,0.0,0.0,0.0,0.0,0.0,0.0,0.0,0.0,0.0,0.0,0.0,0.0,0.0,0.0,0.0,0.0,0.0,0.0,0.0,0.0,0.0,0.0,0.0,0.0,0.0,0.0,0.0,0.0,0.0,0.0,0.0,0.0,0.0
222,J7,C[NH+]1C2=C(C3=C([Pd-2]1([P+](C4CCCCC4)(C5CCCCC5)C6CCCCC6)OS(C)(=O)=O)C=CC=C3)C=CC=C2,PCy Pd G4,0.10627216000000012 milligram,0.16000000000000003 micromole,0.10627216000000014 microliter,C32H48NO3PPdS,CC1=CC(C=O)=C(C)N1C2=CC(Cl)=CC(Cl)=C2,"1-(3,5-dichlorophenyl)-2,5-dimethyl-1H-pyrrole-3-carbaldehyde",0.2145144 milligram,0.8 micromole,0.21451440000000005 microliter,C13H11Cl2NO,B1(OC(C(O1)(C)C)(C)C)C2=CN=C(C=C2)C,"2-methyl-5-(4,4,5,5-tetramethyl-1,3,2-dioxaborolan-2-yl)pyridine",0.21032928 milligram,0.9600000000000001 micromole,0.21032928000000006 microliter,C12H18BNO2,O=C([O-])[O-].[Na+].[Na+],Na2CO3,0.635928 milligram,6.0 micromole,0.6359280000000002 microliter,CNa2O3,CN1C=NC2=C1C(=O)N(C(=O)N2C)C,caffeine,0.1553528 milligram,0.8 micromole,0.15535280000000004 microliter,C8H10N4O2,C1COCCO1,dioxane,32.445 milligram,368.2496084262139 micromole,31.5 microliter,C4H8O2,O,water,3.5 milligram,194.2825423258396 micromole,3.5 microliter,H2O,Cc1ccc(-c2cc(Cl)cc(-n3c(C)cc(C=O)c3C)c2)cn1,suzuki_product_0,0.0 milligram,0.0 micromole,0 microliter,C19H17ClN2O,Cc1ccc(-c2cc(-c3ccc(C)nc3)cc(-n3c(C)cc(C=O)c3C)c2)cn1,bis_addition_1,0.0 milligram,0.0 micromole,0 microliter,C25H23N3O,Cc1cc(C=O)c(C)n1-c1cccc(Cl)c1,dehalogenation_0,0.0 milligram,0.0 micromole,0 microliter,C13H12ClNO,CC1=CC(C=O)=C(C)N1C2=CC(Cl)=CC(Cl)=C2.B1(OC(C(O1)(C)C)(C)C)C2=CN=C(C=C2)C>>Cc1ccc(-c2cc(Cl)cc(-n3c(C)cc(C=O)c3C)c2)cn1.Cc1ccc(-c2cc(-c3ccc(C)nc3)cc(-n3c(C)cc(C=O)c3C)c2)cn1.Cc1cc(C=O)c(C)n1-c1cccc(Cl)c1.Cc1ccccn1,001_RLN-NB-2443_007_J7,,,Cc1ccccn1,deborylation_0,0.0 milligram,0.0 micromole,0 microliter,C6H7N,3/30/2023 1:44:20 AM,kat78-2-j7-a1_03_22_2023_223.raw,2min_150_1200.EXP,001_RLN-NB-2443_007_J7,KAT78-2-J7-A1_KAT78-2-J7-A1_KAT78-2-J7-A1,0,0,0,0,0,0,0,0,0,0,0,0,0,0,0,bis_addition_1,0,0,0,0,0,175.4765300290106,40.219028749619135,4.423500307970982,195,0.7318,0,0,0,0,0,0,0,0,0,0,0,0,0,0,0,0,0,0,0,0,0,0,0,0,0,0,0,0,0,0,0,0,0,0,0,0,0,0,0,0,0.0,0.0,0.0,0.0,0.0,0.0,0.0,0.0,0.0,0.0,198.27520762314535,36.96841079676386,4.065980249367193,267.9,1.3234,0.0,0.0,0.0,0.0,0.0,0.0,0.0,0.0,0.0,0.0,0.0,0.0,0.0,0.0,0.0007353416916536345,91.9177114567043,0.0,0.0,0.0,0.0,0.0,0.0,0.0,0.0
223,J8,C[NH+]1C2=C(C3=C([Pd-2]1([P+](C4CCCCC4)(C5CCCCC5)C6CCCCC6)OS(C)(=O)=O)C=CC=C3)C=CC=C2,PCy Pd G4,0.10627216000000012 milligram,0.16000000000000003 micromole,0.10627216000000014 microliter,C32H48NO3PPdS,CC1=CC(C=O)=C(C)N1C2=CC(Cl)=CC(Cl)=C2,"1-(3,5-dichlorophenyl)-2,5-dimethyl-1H-pyrrole-3-carbaldehyde",0.2145144 milligram,0.8 micromole,0.21451440000000005 microliter,C13H11Cl2NO,B1(OC(C(O1)(C)C)(C)C)C2=CN(N=C2C)C,"1,3-dimethyl-4-(4,4,5,5-tetramethyl-1,3,2-dioxaborolan-2-yl)-1H-pyrazole",0.21321311999999998 milligram,0.9600000000000001 micromole,0.21321312000000003 microliter,C11H19BN2O2,O=C([O-])[O-].[Na+].[Na+],Na2CO3,0.635928 milligram,6.0 micromole,0.6359280000000002 microliter,CNa2O3,CN1C=NC2=C1C(=O)N(C(=O)N2C)C,caffeine,0.1553528 milligram,0.8 micromole,0.15535280000000004 microliter,C8H10N4O2,C1COCCO1,dioxane,32.445 milligram,368.2496084262139 micromole,31.5 microliter,C4H8O2,O,water,3.5 milligram,194.2825423258396 micromole,3.5 microliter,H2O,Cc1nn(C)cc1-c1cc(Cl)cc(-n2c(C)cc(C=O)c2C)c1,suzuki_product_0,0.0 milligram,0.0 micromole,0 microliter,C18H18ClN3O,Cc1nn(C)cc1-c1cc(-c2cn(C)nc2C)cc(-n2c(C)cc(C=O)c2C)c1,bis_addition_1,0.0 milligram,0.0 micromole,0 microliter,C23H25N5O,Cc1cc(C=O)c(C)n1-c1cccc(Cl)c1,dehalogenation_0,0.0 milligram,0.0 micromole,0 microliter,C13H12ClNO,CC1=CC(C=O)=C(C)N1C2=CC(Cl)=CC(Cl)=C2.B1(OC(C(O1)(C)C)(C)C)C2=CN(N=C2C)C>>Cc1nn(C)cc1-c1cc(Cl)cc(-n2c(C)cc(C=O)c2C)c1.Cc1nn(C)cc1-c1cc(-c2cn(C)nc2C)cc(-n2c(C)cc(C=O)c2C)c1.Cc1cc(C=O)c(C)n1-c1cccc(Cl)c1.Cc1ccn(C)n1,001_RLN-NB-2443_007_J8,,,Cc1ccn(C)n1,deborylation_0,0.0 milligram,0.0 micromole,0 microliter,C5H8N2,3/30/2023 1:46:47 AM,kat78-2-j8-a1_03_22_2023_224.raw,2min_150_1200.EXP,001_RLN-NB-2443_007_J8,KAT78-2-J8-A1_KAT78-2-J8-A1_KAT78-2-J8-A1,0,0,0,0,0,0,0,0,0,0,0,0,0,0,0,bis_addition_2,0,0,0,0,0,194.82668608292076,29.31683842933861,5.098897517454881,195,0.7334,0,0,0,0,0,0,0,0,0,0,0,0,0,0,0,0,0,0,0,0,0,0,0,0,0,0,0,0,0,0,0,0,0,0,0,0,0,0,0,0,32.87728363638766,4.292814139212286,0.746622778239957,328.1,1.2118,8.386330689478752,1.0592742935813757,0.18423306724782118,223.2,0.6984,189.18386758114082,21.85956460774512,3.8018997164282795,267.9,1.3251,0.0,0.0,0.00011714262162501897,14.64282770312737,0.0,0.0,0.0,0.0,2.8905553267880747e-05,3.613194158485093,0.0,0.0,0.0,0.0,0.0005965053744913864,74.56317181142329,0.0,0.0,0.0,0.0,0.0,0.0,0.0,0.0
224,J9,C[NH+]1C2=C(C3=C([Pd-2]1([P+](C4CCCCC4)(C5CCCCC5)C6CCCCC6)OS(C)(=O)=O)C=CC=C3)C=CC=C2,PCy Pd G4,0.10627216000000012 milligram,0.16000000000000003 micromole,0.10627216000000014 microliter,C32H48NO3PPdS,CC1=CC(C=O)=C(C)N1C2=CC(Cl)=CC(Cl)=C2,"1-(3,5-dichlorophenyl)-2,5-dimethyl-1H-pyrrole-3-carbaldehyde",0.2145144 milligram,0.8 micromole,0.21451440000000005 microliter,C13H11Cl2NO,B1(OC(C(O1)(C)C)(C)C)C2=CCN(CC2)C(=O)OC(C)(C)C,"N-Boc-1,2,5,6-tetrahydropyridine-4-boronic acid pinacol ester",0.29684640000000007 milligram,0.9600000000000001 micromole,0.2968464000000001 microliter,C16H28BNO4,O=C([O-])[O-].[Na+].[Na+],Na2CO3,0.635928 milligram,6.0 micromole,0.6359280000000002 microliter,CNa2O3,CN1C=NC2=C1C(=O)N(C(=O)N2C)C,caffeine,0.1553528 milligram,0.8 micromole,0.15535280000000004 microliter,C8H10N4O2,C1COCCO1,dioxane,32.445 milligram,368.2496084262139 micromole,31.5 microliter,C4H8O2,O,water,3.5 milligram,194.2825423258396 micromole,3.5 microliter,H2O,Cc1cc(C=O)c(C)n1-c1cc(Cl)cc(C2=CCN(C(=O)OC(C)(C)C)CC2)c1,suzuki_product_0,0.0 milligram,0.0 micromole,0 microliter,C23H27ClN2O3,Cc1cc(C=O)c(C)n1-c1cc(C2=CCN(C(=O)OC(C)(C)C)CC2)cc(C2=CCN(C(=O)OC(C)(C)C)CC2)c1,bis_addition_2,0.0 milligram,0.0 micromole,0 microliter,C33H43N3O5,Cc1cc(C=O)c(C)n1-c1cccc(Cl)c1,dehalogenation_0,0.0 milligram,0.0 micromole,0 microliter,C13H12ClNO,CC1=CC(C=O)=C(C)N1C2=CC(Cl)=CC(Cl)=C2.B1(OC(C(O1)(C)C)(C)C)C2=CCN(CC2)C(=O)OC(C)(C)C>>Cc1cc(C=O)c(C)n1-c1cc(Cl)cc(C2=CCN(C(=O)OC(C)(C)C)CC2)c1.Cc1cc(C=O)c(C)n1-c1cc(C2=CCN(C(=O)OC(C)(C)C)CC2)cc(C2=CCN(C(=O)OC(C)(C)C)CC2)c1.Cc1cc(C=O)c(C)n1-c1cccc(Cl)c1.CC(C)(C)OC(=O)N1CC=CCC1,001_RLN-NB-2443_007_J9,,,CC(C)(C)OC(=O)N1CC=CCC1,deborylation_0,0.0 milligram,0.0 micromole,0 microliter,C10H17NO2,3/30/2023 1:49:14 AM,kat78-2-j9-a1_03_22_2023_225.raw,2min_150_1200.EXP,001_RLN-NB-2443_007_J9,KAT78-2-J9-A1_KAT78-2-J9-A1_KAT78-2-J9-A1,0,0,0,0,0,0,0,0,0,0,0,0,0,0,0,bis_addition_1,0,0,0,0,0,174.71622373687728,13.832168782591234,4.461035740182222,195,0.7351,134.49106483333713,8.594648517906812,2.771874375979374,267.8,1.3268,0,0,0,0,0,58.41672902407721,5.7441328092374695,1.8525498178284423,309,1.5468,0,0,0,0,0,0,0,0,0,0,0,0,0,0,0,0,0,0,0,0,0,0,0,0,0,237.67557102999953,13.720164410241301,4.424913023928312,415.1,1.4684,0.0,0.0,0.0,0.0,0.0,0.0,0.0,0.0,0.0,0.0,0.0,0.0,0.000793522093368849,99.19026167110611,0.0,0.0,0.0004970817608138956,62.135220101736955,0.0,0.0,0.0003322187807000659,41.52734758750823,0.0,0.0,0.0,0.0,0.0,0.0,0.0,0.0,0.0,0.0,0.0,0.0
225,J10,C[NH+]1C2=C(C3=C([Pd-2]1([P+](C4CCCCC4)(C5CCCCC5)C6CCCCC6)OS(C)(=O)=O)C=CC=C3)C=CC=C2,PCy Pd G4,0.10627216000000012 milligram,0.16000000000000003 micromole,0.10627216000000014 microliter,C32H48NO3PPdS,CC1=CC(C=O)=C(C)N1C2=CC(Cl)=CC(Cl)=C2,"1-(3,5-dichlorophenyl)-2,5-dimethyl-1H-pyrrole-3-carbaldehyde",0.2145144 milligram,0.8 micromole,0.21451440000000005 microliter,C13H11Cl2NO,B1(OC(C(O1)(C)C)(C)C)C2=CCN(CC2)C(=O)OC(C)(C)C,"N-Boc-1,2,5,6-tetrahydropyridine-4-boronic acid pinacol ester",0.29684640000000007 milligram,0.9600000000000001 micromole,0.2968464000000001 microliter,C16H28BNO4,O=C([O-])[O-].[Na+].[Na+],Na2CO3,0.635928 milligram,6.0 micromole,0.6359280000000002 microliter,CNa2O3,CN1C=NC2=C1C(=O)N(C(=O)N2C)C,caffeine,0.1553528 milligram,0.8 micromole,0.15535280000000004 microliter,C8H10N4O2,C1COCCO1,dioxane,32.445 milligram,368.2496084262139 micromole,31.5 microliter,C4H8O2,O,water,3.5 milligram,194.2825423258396 micromole,3.5 microliter,H2O,Cc1cc(C=O)c(C)n1-c1cc(Cl)cc(C2=CCN(C(=O)OC(C)(C)C)CC2)c1,suzuki_product_0,0.0 milligram,0.0 micromole,0 microliter,C23H27ClN2O3,Cc1cc(C=O)c(C)n1-c1cc(C2=CCN(C(=O)OC(C)(C)C)CC2)cc(C2=CCN(C(=O)OC(C)(C)C)CC2)c1,bis_addition_2,0.0 milligram,0.0 micromole,0 microliter,C33H43N3O5,Cc1cc(C=O)c(C)n1-c1cccc(Cl)c1,dehalogenation_0,0.0 milligram,0.0 micromole,0 microliter,C13H12ClNO,CC1=CC(C=O)=C(C)N1C2=CC(Cl)=CC(Cl)=C2.B1(OC(C(O1)(C)C)(C)C)C2=CCN(CC2)C(=O)OC(C)(C)C>>Cc1cc(C=O)c(C)n1-c1cc(Cl)cc(C2=CCN(C(=O)OC(C)(C)C)CC2)c1.Cc1cc(C=O)c(C)n1-c1cc(C2=CCN(C(=O)OC(C)(C)C)CC2)cc(C2=CCN(C(=O)OC(C)(C)C)CC2)c1.Cc1cc(C=O)c(C)n1-c1cccc(Cl)c1.CC(C)(C)OC(=O)N1CC=CCC1,001_RLN-NB-2443_007_J10,,,CC(C)(C)OC(=O)N1CC=CCC1,deborylation_0,0.0 milligram,0.0 micromole,0 microliter,C10H17NO2,3/30/2023 1:51:40 AM,kat78-2-j10-a1_03_22_2023_226.raw,2min_150_1200.EXP,001_RLN-NB-2443_007_J10,KAT78-2-J10-A1_KAT78-2-J10-A1_KAT78-2-J10-A1,0,0,0,0,0,0,0,0,0,0,0,0,0,0,0,bis_addition_1,0,0,0,0,0,179.16798324747975,13.076346181064224,4.597303211612797,195,0.7351,152.66879351143373,9.1343730488581,3.2114079860011064,267.8,1.3251,0,0,0,0,0,65.19657051503913,6.222920234423322,2.1878169010814816,309,1.5484,0,0,0,0,0,0,0,0,0,0,0,0,0,0,0,0,0,0,0,0,0,0,0,0,0,283.7321125056592,15.51171893287681,5.453516928988631,415.0,1.4684,0.0,0.0,0.0,0.0,0.0,152.66879351143373,9.1343730488581,3.2114079860011064,267.8,1.3251,0.0,0.0,0.0009489940824808835,118.62426031011044,0.0,0.0,0.0005588333574151183,69.85416967688978,0.0,0.0,0.00038071309206754984,47.58913650844373,0.0,0.0,0.0005588333574151183,69.85416967688978,0.0,0.0,0.0,0.0,0.0,0.0,0.0,0.0
226,J11,C[NH+]1C2=C(C3=C([Pd-2]1([P+](C4CCCCC4)(C5CCCCC5)C6CCCCC6)OS(C)(=O)=O)C=CC=C3)C=CC=C2,PCy Pd G4,0.10627216000000012 milligram,0.16000000000000003 micromole,0.10627216000000014 microliter,C32H48NO3PPdS,CC1=CC(C=O)=C(C)N1C2=CC(Cl)=CC(Cl)=C2,"1-(3,5-dichlorophenyl)-2,5-dimethyl-1H-pyrrole-3-carbaldehyde",0.2145144 milligram,0.8 micromole,0.21451440000000005 microliter,C13H11Cl2NO,B1(OC(C(O1)(C)C)(C)C)C2=CC=C(C=C2)N,"4-(4,4,5,5-tetramethyl-1,3,2-dioxaborolan-2-yl)aniline",0.21032928 milligram,0.9600000000000001 micromole,0.21032928000000006 microliter,C12H18BNO2,O=C([O-])[O-].[Na+].[Na+],Na2CO3,0.635928 milligram,6.0 micromole,0.6359280000000002 microliter,CNa2O3,CN1C=NC2=C1C(=O)N(C(=O)N2C)C,caffeine,0.1553528 milligram,0.8 micromole,0.15535280000000004 microliter,C8H10N4O2,C1COCCO1,dioxane,32.445 milligram,368.2496084262139 micromole,31.5 microliter,C4H8O2,O,water,3.5 milligram,194.2825423258396 micromole,3.5 microliter,H2O,Cc1cc(C=O)c(C)n1-c1cc(Cl)cc(-c2ccc(N)cc2)c1,suzuki_product_0,0.0 milligram,0.0 micromole,0 microliter,C19H17ClN2O,Cc1cc(C=O)c(C)n1-c1cc(-c2ccc(N)cc2)cc(-c2ccc(N)cc2)c1,bis_addition_1,0.0 milligram,0.0 micromole,0 microliter,C25H23N3O,Cc1cc(C=O)c(C)n1-c1cccc(Cl)c1,dehalogenation_0,0.0 milligram,0.0 micromole,0 microliter,C13H12ClNO,CC1=CC(C=O)=C(C)N1C2=CC(Cl)=CC(Cl)=C2.B1(OC(C(O1)(C)C)(C)C)C2=CC=C(C=C2)N>>Cc1cc(C=O)c(C)n1-c1cc(Cl)cc(-c2ccc(N)cc2)c1.Cc1cc(C=O)c(C)n1-c1cc(-c2ccc(N)cc2)cc(-c2ccc(N)cc2)c1.Cc1cc(C=O)c(C)n1-c1cccc(Cl)c1.Nc1ccccc1,001_RLN-NB-2443_007_J11,,,Nc1ccccc1,deborylation_0,0.0 milligram,0.0 micromole,0 microliter,C6H7N,3/30/2023 1:54:06 AM,kat78-2-j11-a1_03_22_2023_227.raw,2min_150_1200.EXP,001_RLN-NB-2443_007_J11,KAT78-2-J11-A1_KAT78-2-J11-A1_KAT78-2-J11-A1,0,0,0,0,0,0,0,0,0,0,0,0,0,0,0,bis_addition_1,0,0,0,0,0,183.53276729525015,18.37283211468393,4.651376828964246,195,0.7351,0,0,0,0,0,0,0,0,0,0,0,0,0,0,0,0,0,0,0,0,0,0,0,0,0,0,0,0,0,0,0,0,0,0,0,0,0,0,0,0,113.54532856189847,13.109718230876071,3.3189352209130614,325.0,1.2318,0.0,0.0,0.0,0.0,0.0,177.26001058305374,14.564481693511436,3.6872319004607874,267.8,1.3268,0.0,0.0,0.0005708305893852272,71.3538236731534,0.0,0.0,0.0,0.0,0.0,0.0,0.0,0.0,0.0,0.0,0.0006341747032836037,79.27183791045046,0.0,0.0,0.0,0.0,0.0,0.0,0.0,0.0
227,J12,C[NH+]1C2=C(C3=C([Pd-2]1([P+](C4CCCCC4)(C5CCCCC5)C6CCCCC6)OS(C)(=O)=O)C=CC=C3)C=CC=C2,PCy Pd G4,0.10627216000000012 milligram,0.16000000000000003 micromole,0.10627216000000014 microliter,C32H48NO3PPdS,CC1=CC(C=O)=C(C)N1C2=CC(Cl)=CC(Cl)=C2,"1-(3,5-dichlorophenyl)-2,5-dimethyl-1H-pyrrole-3-carbaldehyde",0.2145144 milligram,0.8 micromole,0.21451440000000005 microliter,C13H11Cl2NO,B1(OC(C(O1)(C)C)(C)C)C2=CC=C(C=C2)N,"4-(4,4,5,5-tetramethyl-1,3,2-dioxaborolan-2-yl)aniline",0.21032928 milligram,0.9600000000000001 micromole,0.21032928000000006 microliter,C12H18BNO2,O=C([O-])[O-].[Na+].[Na+],Na2CO3,0.635928 milligram,6.0 micromole,0.6359280000000002 microliter,CNa2O3,CN1C=NC2=C1C(=O)N(C(=O)N2C)C,caffeine,0.1553528 milligram,0.8 micromole,0.15535280000000004 microliter,C8H10N4O2,C1COCCO1,dioxane,32.445 milligram,368.2496084262139 micromole,31.5 microliter,C4H8O2,O,water,3.5 milligram,194.2825423258396 micromole,3.5 microliter,H2O,Cc1cc(C=O)c(C)n1-c1cc(Cl)cc(-c2ccc(N)cc2)c1,suzuki_product_0,0.0 milligram,0.0 micromole,0 microliter,C19H17ClN2O,Cc1cc(C=O)c(C)n1-c1cc(-c2ccc(N)cc2)cc(-c2ccc(N)cc2)c1,bis_addition_1,0.0 milligram,0.0 micromole,0 microliter,C25H23N3O,Cc1cc(C=O)c(C)n1-c1cccc(Cl)c1,dehalogenation_0,0.0 milligram,0.0 micromole,0 microliter,C13H12ClNO,CC1=CC(C=O)=C(C)N1C2=CC(Cl)=CC(Cl)=C2.B1(OC(C(O1)(C)C)(C)C)C2=CC=C(C=C2)N>>Cc1cc(C=O)c(C)n1-c1cc(Cl)cc(-c2ccc(N)cc2)c1.Cc1cc(C=O)c(C)n1-c1cc(-c2ccc(N)cc2)cc(-c2ccc(N)cc2)c1.Cc1cc(C=O)c(C)n1-c1cccc(Cl)c1.Nc1ccccc1,001_RLN-NB-2443_007_J12,,,Nc1ccccc1,deborylation_0,0.0 milligram,0.0 micromole,0 microliter,C6H7N,3/30/2023 1:56:33 AM,kat78-2-j12-a1_03_22_2023_228.raw,2min_150_1200.EXP,001_RLN-NB-2443_007_J12,KAT78-2-J12-A1_KAT78-2-J12-A1_KAT78-2-J12-A1,0,0,0,0,0,0,0,0,0,0,0,0,0,0,0,bis_addition_1,0,0,0,0,0,172.14107480522125,20.20721217107345,4.3765197098328175,195,0.7334,0,0,0,0,0,0,0,0,0,0,0,0,0,0,0,0,0,0,0,0,0,0,0,0,0,0,0,0,0,0,0,0,0,0,0,0,0,0,0,0,81.75943741718766,11.563741205778328,2.5044989322644553,324.8,1.2301,0.0,0.0,0.0,0.0,0.0,175.21370131139778,17.06906263457007,3.6968528076081655,267.9,1.3251,0.0,0.0,0.00045780649434984535,57.225811793730664,0.0,0.0,0.0,0.0,0.0,0.0,0.0,0.0,0.0,0.0,0.0006757612080306403,84.47015100383004,0.0,0.0,0.0,0.0,0.0,0.0,0.0,0.0
228,J13,C[NH+]1C2=C(C3=C([Pd-2]1([P+](C4CCCCC4)(C5CCCCC5)C6CCCCC6)OS(C)(=O)=O)C=CC=C3)C=CC=C2,PCy Pd G4,0.10627216000000012 milligram,0.16000000000000003 micromole,0.10627216000000014 microliter,C32H48NO3PPdS,COC1=C(N)C(Cl)=NC=N1,4-chloro-6-methoxypyrimidin-5-amine,0.12766080000000002 milligram,0.8 micromole,0.12766080000000005 microliter,C5H6ClN3O,B1(OC(C(O1)(C)C)(C)C)C2=CN=C(C=C2)C,"2-methyl-5-(4,4,5,5-tetramethyl-1,3,2-dioxaborolan-2-yl)pyridine",0.21032928 milligram,0.9600000000000001 micromole,0.21032928000000006 microliter,C12H18BNO2,O=C([O-])[O-].[Na+].[Na+],Na2CO3,0.635928 milligram,6.0 micromole,0.6359280000000002 microliter,CNa2O3,CN1C=NC2=C1C(=O)N(C(=O)N2C)C,caffeine,0.1553528 milligram,0.8 micromole,0.15535280000000004 microliter,C8H10N4O2,C1COCCO1,dioxane,32.445 milligram,368.2496084262139 micromole,31.5 microliter,C4H8O2,O,water,3.5 milligram,194.2825423258396 micromole,3.5 microliter,H2O,COc1ncnc(-c2ccc(C)nc2)c1N,suzuki_product_0,0.0 milligram,0.0 micromole,0 microliter,C11H12N4O,COc1ncncc1N,dehalogenation_0,0.0 milligram,0.0 micromole,0 microliter,C5H7N3O,Cc1ccccn1,deborylation_0,0.0 milligram,0.0 micromole,0 microliter,C6H7N,COC1=C(N)C(Cl)=NC=N1.B1(OC(C(O1)(C)C)(C)C)C2=CN=C(C=C2)C>>COc1ncnc(-c2ccc(C)nc2)c1N.COc1ncncc1N.Cc1ccccn1,001_RLN-NB-2443_007_J13,,,,,,,,,3/30/2023 1:59:01 AM,kat78-2-j13-a1_03_22_2023_229.raw,2min_150_1200.EXP,001_RLN-NB-2443_007_J13,KAT78-2-J13-A1_KAT78-2-J13-A1_KAT78-2-J13-A1,0,0,0,0,0,0,0,0,0,0,0,0,0,0,0,deborylation_0,0,0,0,0,0,172.60935699255907,48.61697723862323,4.5439357766995405,195,0.7318,0,0,0,0,0,0,0,0,0,0,0,0,0,0,0,0,0,0,0,0,0,0,0,0,0,0,0,0,0,0,0,0,0,0,0,0,0,0,0,0,0.0,0.0,0.0,0.0,0.0,0.0,0.0,0.0,0.0,0.0,0.0,0.0,0.0,0.0,0.0,0.0,0.0,0.0,0.0,0.0,0.0,0.0,0.0,0.0,0.0,0.0,0.0,0.0,0.0,0.0,0.0,0.0,0.0,0.0,0.0,0.0,0.0,0.0,0.0
229,J14,C[NH+]1C2=C(C3=C([Pd-2]1([P+](C4CCCCC4)(C5CCCCC5)C6CCCCC6)OS(C)(=O)=O)C=CC=C3)C=CC=C2,PCy Pd G4,0.10627216000000012 milligram,0.16000000000000003 micromole,0.10627216000000014 microliter,C32H48NO3PPdS,COC1=C(N)C(Cl)=NC=N1,4-chloro-6-methoxypyrimidin-5-amine,0.12766080000000002 milligram,0.8 micromole,0.12766080000000005 microliter,C5H6ClN3O,B1(OC(C(O1)(C)C)(C)C)C2=CN(N=C2C)C,"1,3-dimethyl-4-(4,4,5,5-tetramethyl-1,3,2-dioxaborolan-2-yl)-1H-pyrazole",0.21321311999999998 milligram,0.9600000000000001 micromole,0.21321312000000003 microliter,C11H19BN2O2,O=C([O-])[O-].[Na+].[Na+],Na2CO3,0.635928 milligram,6.0 micromole,0.6359280000000002 microliter,CNa2O3,CN1C=NC2=C1C(=O)N(C(=O)N2C)C,caffeine,0.1553528 milligram,0.8 micromole,0.15535280000000004 microliter,C8H10N4O2,C1COCCO1,dioxane,32.445 milligram,368.2496084262139 micromole,31.5 microliter,C4H8O2,O,water,3.5 milligram,194.2825423258396 micromole,3.5 microliter,H2O,COc1ncnc(-c2cn(C)nc2C)c1N,suzuki_product_0,0.0 milligram,0.0 micromole,0 microliter,C10H13N5O,COc1ncncc1N,dehalogenation_0,0.0 milligram,0.0 micromole,0 microliter,C5H7N3O,Cc1ccn(C)n1,deborylation_0,0.0 milligram,0.0 micromole,0 microliter,C5H8N2,COC1=C(N)C(Cl)=NC=N1.B1(OC(C(O1)(C)C)(C)C)C2=CN(N=C2C)C>>COc1ncnc(-c2cn(C)nc2C)c1N.COc1ncncc1N.Cc1ccn(C)n1,001_RLN-NB-2443_007_J14,,,,,,,,,3/30/2023 2:01:27 AM,kat78-2-j14-a1_03_22_2023_230.raw,2min_150_1200.EXP,001_RLN-NB-2443_007_J14,KAT78-2-J14-A1_KAT78-2-J14-A1_KAT78-2-J14-A1,0,0,0,0,0,0,0,0,0,0,0,0,0,0,0,deborylation_0,0,0,0,0,0,175.38718280758334,36.86672833098986,4.587435992056176,194.9,0.7351,0,0,0,0,0,0,0,0,0,0,0,0,0,0,0,0,0,0,0,0,0,0,0,0,0,0,0,0,0,0,0,0,0,0,0,0,0,0,0,0,0.0,0.0,0.0,0.0,0.0,0.0,0.0,0.0,0.0,0.0,0.0,0.0,0.0,0.0,0.0,0.0,0.0,0.0,0.0,0.0,0.0,0.0,0.0,0.0,0.0,0.0,0.0,0.0,0.0,0.0,0.0,0.0,0.0,0.0,0.0,0.0,0.0,0.0,0.0
230,J15,C[NH+]1C2=C(C3=C([Pd-2]1([P+](C4CCCCC4)(C5CCCCC5)C6CCCCC6)OS(C)(=O)=O)C=CC=C3)C=CC=C2,PCy Pd G4,0.10627216000000012 milligram,0.16000000000000003 micromole,0.10627216000000014 microliter,C32H48NO3PPdS,COC1=C(N)C(Cl)=NC=N1,4-chloro-6-methoxypyrimidin-5-amine,0.12766080000000002 milligram,0.8 micromole,0.12766080000000005 microliter,C5H6ClN3O,B1(OC(C(O1)(C)C)(C)C)C2=CCN(CC2)C(=O)OC(C)(C)C,"N-Boc-1,2,5,6-tetrahydropyridine-4-boronic acid pinacol ester",0.29684640000000007 milligram,0.9600000000000001 micromole,0.2968464000000001 microliter,C16H28BNO4,O=C([O-])[O-].[Na+].[Na+],Na2CO3,0.635928 milligram,6.0 micromole,0.6359280000000002 microliter,CNa2O3,CN1C=NC2=C1C(=O)N(C(=O)N2C)C,caffeine,0.1553528 milligram,0.8 micromole,0.15535280000000004 microliter,C8H10N4O2,C1COCCO1,dioxane,32.445 milligram,368.2496084262139 micromole,31.5 microliter,C4H8O2,O,water,3.5 milligram,194.2825423258396 micromole,3.5 microliter,H2O,COc1ncnc(C2=CCN(C(=O)OC(C)(C)C)CC2)c1N,suzuki_product_0,0.0 milligram,0.0 micromole,0 microliter,C15H22N4O3,COc1ncncc1N,dehalogenation_0,0.0 milligram,0.0 micromole,0 microliter,C5H7N3O,CC(C)(C)OC(=O)N1CC=CCC1,deborylation_0,0.0 milligram,0.0 micromole,0 microliter,C10H17NO2,COC1=C(N)C(Cl)=NC=N1.B1(OC(C(O1)(C)C)(C)C)C2=CCN(CC2)C(=O)OC(C)(C)C>>COc1ncnc(C2=CCN(C(=O)OC(C)(C)C)CC2)c1N.COc1ncncc1N.CC(C)(C)OC(=O)N1CC=CCC1,001_RLN-NB-2443_007_J15,,,,,,,,,3/30/2023 2:03:53 AM,kat78-2-j15-a1_03_22_2023_231.raw,2min_150_1200.EXP,001_RLN-NB-2443_007_J15,KAT78-2-J15-A1_KAT78-2-J15-A1_KAT78-2-J15-A1,0,0,0,0,0,0,0,0,0,0,0,0,0,0,0,deborylation_0,0,0,0,0,0,193.75544675282634,16.790268120389378,4.896596182478145,195,0.7318,0,0,0,0,0,0,0,0,0,0,48.070837167742276,4.529150812862696,1.3208498173534204,309.1,1.5401,0,0,0,0,0,0,0,0,0,0,0,0,0,0,0,0,0,0,0,0,0,0,0,0,0,165.76188371228673,14.212803950371523,4.144922586506353,306.9,0.9968,0.0,0.0,0.0,0.0,0.0,0.0,0.0,0.0,0.0,0.0,0.0,0.0,0.0006771924711845242,84.64905889806552,0.0,0.0,0.0,0.0,0.0,0.0,0.00021579885587950516,26.974856984938146,0.0,0.0,0.0,0.0,0.0,0.0,0.0,0.0,0.0,0.0,0.0,0.0
231,J16,C[NH+]1C2=C(C3=C([Pd-2]1([P+](C4CCCCC4)(C5CCCCC5)C6CCCCC6)OS(C)(=O)=O)C=CC=C3)C=CC=C2,PCy Pd G4,0.10627216000000012 milligram,0.16000000000000003 micromole,0.10627216000000014 microliter,C32H48NO3PPdS,COC1=C(N)C(Cl)=NC=N1,4-chloro-6-methoxypyrimidin-5-amine,0.12766080000000002 milligram,0.8 micromole,0.12766080000000005 microliter,C5H6ClN3O,B1(OC(C(O1)(C)C)(C)C)C2=CCN(CC2)C(=O)OC(C)(C)C,"N-Boc-1,2,5,6-tetrahydropyridine-4-boronic acid pinacol ester",0.29684640000000007 milligram,0.9600000000000001 micromole,0.2968464000000001 microliter,C16H28BNO4,O=C([O-])[O-].[Na+].[Na+],Na2CO3,0.635928 milligram,6.0 micromole,0.6359280000000002 microliter,CNa2O3,CN1C=NC2=C1C(=O)N(C(=O)N2C)C,caffeine,0.1553528 milligram,0.8 micromole,0.15535280000000004 microliter,C8H10N4O2,C1COCCO1,dioxane,32.445 milligram,368.2496084262139 micromole,31.5 microliter,C4H8O2,O,water,3.5 milligram,194.2825423258396 micromole,3.5 microliter,H2O,COc1ncnc(C2=CCN(C(=O)OC(C)(C)C)CC2)c1N,suzuki_product_0,0.0 milligram,0.0 micromole,0 microliter,C15H22N4O3,COc1ncncc1N,dehalogenation_0,0.0 milligram,0.0 micromole,0 microliter,C5H7N3O,CC(C)(C)OC(=O)N1CC=CCC1,deborylation_0,0.0 milligram,0.0 micromole,0 microliter,C10H17NO2,COC1=C(N)C(Cl)=NC=N1.B1(OC(C(O1)(C)C)(C)C)C2=CCN(CC2)C(=O)OC(C)(C)C>>COc1ncnc(C2=CCN(C(=O)OC(C)(C)C)CC2)c1N.COc1ncncc1N.CC(C)(C)OC(=O)N1CC=CCC1,001_RLN-NB-2443_007_J16,,,,,,,,,3/30/2023 2:06:20 AM,kat78-2-j16-a1_03_22_2023_232.raw,2min_150_1200.EXP,001_RLN-NB-2443_007_J16,KAT78-2-J16-A1_KAT78-2-J16-A1_KAT78-2-J16-A1,0,0,0,0,0,0,0,0,0,0,0,0,0,0,0,deborylation_0,0,0,0,0,0,183.78689695074794,18.61229436702286,4.61233287922654,195,0.7334,0,0,0,0,0,0,0,0,0,0,42.21476922481244,4.452616557183247,1.1034077443816923,309,1.5384,0,0,0,0,0,0,0,0,0,0,0,0,0,0,0,0,0,0,0,0,0,0,0,0,0,115.79641876960521,11.323967261210347,2.806204624331861,307.0,0.9951,0.0,0.0,0.0,0.0,0.0,0.0,0.0,0.0,0.0,0.0,0.0,0.0,0.0004867306324694317,60.84132905867896,0.0,0.0,0.0,0.0,0.0,0.0,0.00019138388720403495,23.92298590050437,0.0,0.0,0.0,0.0,0.0,0.0,0.0,0.0,0.0,0.0,0.0,0.0
232,J17,C[NH+]1C2=C(C3=C([Pd-2]1([P+](C4CCCCC4)(C5CCCCC5)C6CCCCC6)OS(C)(=O)=O)C=CC=C3)C=CC=C2,PCy Pd G4,0.10627216000000012 milligram,0.16000000000000003 micromole,0.10627216000000014 microliter,C32H48NO3PPdS,COC1=C(N)C(Cl)=NC=N1,4-chloro-6-methoxypyrimidin-5-amine,0.12766080000000002 milligram,0.8 micromole,0.12766080000000005 microliter,C5H6ClN3O,B1(OC(C(O1)(C)C)(C)C)C2=CC=C(C=C2)N,"4-(4,4,5,5-tetramethyl-1,3,2-dioxaborolan-2-yl)aniline",0.21032928 milligram,0.9600000000000001 micromole,0.21032928000000006 microliter,C12H18BNO2,O=C([O-])[O-].[Na+].[Na+],Na2CO3,0.635928 milligram,6.0 micromole,0.6359280000000002 microliter,CNa2O3,CN1C=NC2=C1C(=O)N(C(=O)N2C)C,caffeine,0.1553528 milligram,0.8 micromole,0.15535280000000004 microliter,C8H10N4O2,C1COCCO1,dioxane,32.445 milligram,368.2496084262139 micromole,31.5 microliter,C4H8O2,O,water,3.5 milligram,194.2825423258396 micromole,3.5 microliter,H2O,COc1ncnc(-c2ccc(N)cc2)c1N,suzuki_product_0,0.0 milligram,0.0 micromole,0 microliter,C11H12N4O,COc1ncncc1N,dehalogenation_0,0.0 milligram,0.0 micromole,0 microliter,C5H7N3O,Nc1ccccc1,deborylation_0,0.0 milligram,0.0 micromole,0 microliter,C6H7N,COC1=C(N)C(Cl)=NC=N1.B1(OC(C(O1)(C)C)(C)C)C2=CC=C(C=C2)N>>COc1ncnc(-c2ccc(N)cc2)c1N.COc1ncncc1N.Nc1ccccc1,001_RLN-NB-2443_007_J17,,,,,,,,,3/30/2023 2:08:47 AM,kat78-2-j17-a1_03_22_2023_233.raw,2min_150_1200.EXP,001_RLN-NB-2443_007_J17,KAT78-2-J17-A1_KAT78-2-J17-A1_KAT78-2-J17-A1,0,0,0,0,0,0,0,0,0,0,0,0,0,0,0,deborylation_0,0,0,0,0,0,183.51365047494593,31.934319258785866,4.630670639750376,194.9,0.7334,0,0,0,0,0,0,0,0,0,0,0,0,0,0,0,0,0,0,0,0,0,0,0,0,0,0,0,0,0,0,0,0,0,0,0,0,0,0,0,0,27.845310231075988,5.3497757077484405,0.7757500355140609,216.9,0.6551,0.0,0.0,0.0,0.0,0.0,0.0,0.0,0.0,0.0,0.0,0.0,0.0,0.0001340194707617347,16.752433845216835,0.0,0.0,0.0,0.0,0.0,0.0,0.0,0.0,0.0,0.0,0.0,0.0,0.0,0.0,0.0,0.0,0.0,0.0,0.0,0.0
233,J18,C[NH+]1C2=C(C3=C([Pd-2]1([P+](C4CCCCC4)(C5CCCCC5)C6CCCCC6)OS(C)(=O)=O)C=CC=C3)C=CC=C2,PCy Pd G4,0.10627216000000012 milligram,0.16000000000000003 micromole,0.10627216000000014 microliter,C32H48NO3PPdS,COC1=C(N)C(Cl)=NC=N1,4-chloro-6-methoxypyrimidin-5-amine,0.12766080000000002 milligram,0.8 micromole,0.12766080000000005 microliter,C5H6ClN3O,B1(OC(C(O1)(C)C)(C)C)C2=CC=C(C=C2)N,"4-(4,4,5,5-tetramethyl-1,3,2-dioxaborolan-2-yl)aniline",0.21032928 milligram,0.9600000000000001 micromole,0.21032928000000006 microliter,C12H18BNO2,O=C([O-])[O-].[Na+].[Na+],Na2CO3,0.635928 milligram,6.0 micromole,0.6359280000000002 microliter,CNa2O3,CN1C=NC2=C1C(=O)N(C(=O)N2C)C,caffeine,0.1553528 milligram,0.8 micromole,0.15535280000000004 microliter,C8H10N4O2,C1COCCO1,dioxane,32.445 milligram,368.2496084262139 micromole,31.5 microliter,C4H8O2,O,water,3.5 milligram,194.2825423258396 micromole,3.5 microliter,H2O,COc1ncnc(-c2ccc(N)cc2)c1N,suzuki_product_0,0.0 milligram,0.0 micromole,0 microliter,C11H12N4O,COc1ncncc1N,dehalogenation_0,0.0 milligram,0.0 micromole,0 microliter,C5H7N3O,Nc1ccccc1,deborylation_0,0.0 milligram,0.0 micromole,0 microliter,C6H7N,COC1=C(N)C(Cl)=NC=N1.B1(OC(C(O1)(C)C)(C)C)C2=CC=C(C=C2)N>>COc1ncnc(-c2ccc(N)cc2)c1N.COc1ncncc1N.Nc1ccccc1,001_RLN-NB-2443_007_J18,,,,,,,,,3/30/2023 2:11:13 AM,kat78-2-j18-a1_03_22_2023_234.raw,2min_150_1200.EXP,001_RLN-NB-2443_007_J18,KAT78-2-J18-A1_KAT78-2-J18-A1_KAT78-2-J18-A1,0,0,0,0,0,0,0,0,0,0,0,0,0,0,0,deborylation_0,0,0,0,0,0,179.74361137675203,34.126190971498715,4.537470769502301,195,0.7334,0,0,0,0,0,0,0,0,0,0,0,0,0,0,0,0,0,0,0,0,0,0,0,0,0,0,0,0,0,0,0,0,0,0,0,0,0,0,0,0,17.342404076476807,3.9119225955478094,0.5201352370288931,217.0,0.6568,0.0,0.0,0.0,0.0,0.0,0.0,0.0,0.0,0.0,0.0,0.0,0.0,9.17048749757028e-05,11.46310937196285,0.0,0.0,0.0,0.0,0.0,0.0,0.0,0.0,0.0,0.0,0.0,0.0,0.0,0.0,0.0,0.0,0.0,0.0,0.0,0.0
234,J19,C[NH+]1C2=C(C3=C([Pd-2]1([P+](C4CCCCC4)(C5CCCCC5)C6CCCCC6)OS(C)(=O)=O)C=CC=C3)C=CC=C2,PCy Pd G4,0.10627216000000012 milligram,0.16000000000000003 micromole,0.10627216000000014 microliter,C32H48NO3PPdS,CC1=C(N2CCCC2=O)C=CC(Br)=C1,1-(4-bromo-2-methylphenyl)pyrrolidin-2-one,0.20330160000000003 milligram,0.8 micromole,0.20330160000000008 microliter,C11H12BrNO,B1(OC(C(O1)(C)C)(C)C)C2=CN=C(C=C2)C,"2-methyl-5-(4,4,5,5-tetramethyl-1,3,2-dioxaborolan-2-yl)pyridine",0.21032928 milligram,0.9600000000000001 micromole,0.21032928000000006 microliter,C12H18BNO2,O=C([O-])[O-].[Na+].[Na+],Na2CO3,0.635928 milligram,6.0 micromole,0.6359280000000002 microliter,CNa2O3,CN1C=NC2=C1C(=O)N(C(=O)N2C)C,caffeine,0.1553528 milligram,0.8 micromole,0.15535280000000004 microliter,C8H10N4O2,C1COCCO1,dioxane,32.445 milligram,368.2496084262139 micromole,31.5 microliter,C4H8O2,O,water,3.5 milligram,194.2825423258396 micromole,3.5 microliter,H2O,Cc1ccc(-c2ccc(N3CCCC3=O)c(C)c2)cn1,suzuki_product_0,0.0 milligram,0.0 micromole,0 microliter,C17H18N2O,Cc1ccccc1N1CCCC1=O,dehalogenation_0,0.0 milligram,0.0 micromole,0 microliter,C11H13NO,Cc1ccccn1,deborylation_0,0.0 milligram,0.0 micromole,0 microliter,C6H7N,CC1=C(N2CCCC2=O)C=CC(Br)=C1.B1(OC(C(O1)(C)C)(C)C)C2=CN=C(C=C2)C>>Cc1ccc(-c2ccc(N3CCCC3=O)c(C)c2)cn1.Cc1ccccc1N1CCCC1=O.Cc1ccccn1,001_RLN-NB-2443_007_J19,,,,,,,,,3/30/2023 2:13:39 AM,kat78-2-j19-a1_03_22_2023_235.raw,2min_150_1200.EXP,001_RLN-NB-2443_007_J19,KAT78-2-J19-A1_KAT78-2-J19-A1_KAT78-2-J19-A1,0,0,0,0,0,0,0,0,0,0,0,0,0,0,0,deborylation_0,0,0,0,0,0,177.475203299466,46.42502930771206,4.381690230471,195,0.7334,0,0,0,0,0,0,0,0,0,0,0,0,0,0,0,0,0,0,0,0,0,0,0,0,0,0,0,0,0,0,0,0,0,0,0,82.90914965100882,18.420599064390363,1.738574216612385,255.9,1.1884,15.136822475579848,3.2663267491828534,0.3082826703578002,266.9,0.7718,0.0,0.0,0.0,0.0,0.0,0.0,0.0,0.0,0.0,0.0,0.0,0.0,5.628561658036918e-05,7.035702072546147,0.0,0.0,0.0,0.0,0.0,0.0,0.0,0.0,0.0,0.0,0.0,0.0,0.0,0.0,0.0,0.0,0.0,0.0,0.00031742530852994614,39.67816356624327
235,J20,C[NH+]1C2=C(C3=C([Pd-2]1([P+](C4CCCCC4)(C5CCCCC5)C6CCCCC6)OS(C)(=O)=O)C=CC=C3)C=CC=C2,PCy Pd G4,0.10627216000000012 milligram,0.16000000000000003 micromole,0.10627216000000014 microliter,C32H48NO3PPdS,CC1=C(N2CCCC2=O)C=CC(Br)=C1,1-(4-bromo-2-methylphenyl)pyrrolidin-2-one,0.20330160000000003 milligram,0.8 micromole,0.20330160000000008 microliter,C11H12BrNO,B1(OC(C(O1)(C)C)(C)C)C2=CN(N=C2C)C,"1,3-dimethyl-4-(4,4,5,5-tetramethyl-1,3,2-dioxaborolan-2-yl)-1H-pyrazole",0.21321311999999998 milligram,0.9600000000000001 micromole,0.21321312000000003 microliter,C11H19BN2O2,O=C([O-])[O-].[Na+].[Na+],Na2CO3,0.635928 milligram,6.0 micromole,0.6359280000000002 microliter,CNa2O3,CN1C=NC2=C1C(=O)N(C(=O)N2C)C,caffeine,0.1553528 milligram,0.8 micromole,0.15535280000000004 microliter,C8H10N4O2,C1COCCO1,dioxane,32.445 milligram,368.2496084262139 micromole,31.5 microliter,C4H8O2,O,water,3.5 milligram,194.2825423258396 micromole,3.5 microliter,H2O,Cc1cc(-c2cn(C)nc2C)ccc1N1CCCC1=O,suzuki_product_0,0.0 milligram,0.0 micromole,0 microliter,C16H19N3O,Cc1ccccc1N1CCCC1=O,dehalogenation_0,0.0 milligram,0.0 micromole,0 microliter,C11H13NO,Cc1ccn(C)n1,deborylation_0,0.0 milligram,0.0 micromole,0 microliter,C5H8N2,CC1=C(N2CCCC2=O)C=CC(Br)=C1.B1(OC(C(O1)(C)C)(C)C)C2=CN(N=C2C)C>>Cc1cc(-c2cn(C)nc2C)ccc1N1CCCC1=O.Cc1ccccc1N1CCCC1=O.Cc1ccn(C)n1,001_RLN-NB-2443_007_J20,,,,,,,,,3/30/2023 2:16:06 AM,kat78-2-j20-a1_03_22_2023_236.raw,2min_150_1200.EXP,001_RLN-NB-2443_007_J20,KAT78-2-J20-A1_KAT78-2-J20-A1_KAT78-2-J20-A1,0,0,0,0,0,0,0,0,0,0,0,0,0,0,0,deborylation_0,0,0,0,0,0,176.61399818765074,38.634096751393734,4.534445631010333,195,0.7318,0,0,0,0,0,0,0,0,0,0,0,0,0,0,0,0,0,0,0,0,0,0,0,0,0,0,0,0,0,0,0,0,0,0,0,0,0,0,0,0,0.0,0.0,0.0,0.0,0.0,0.0,0.0,0.0,0.0,0.0,0.0,0.0,0.0,0.0,0.0,0.0,0.0,0.0,0.0,0.0,0.0,0.0,0.0,0.0,0.0,0.0,0.0,0.0,0.0,0.0,0.0,0.0,0.0,0.0,0.0,0.0,0.0,0.0,0.0
236,J21,C[NH+]1C2=C(C3=C([Pd-2]1([P+](C4CCCCC4)(C5CCCCC5)C6CCCCC6)OS(C)(=O)=O)C=CC=C3)C=CC=C2,PCy Pd G4,0.10627216000000012 milligram,0.16000000000000003 micromole,0.10627216000000014 microliter,C32H48NO3PPdS,CC1=C(N2CCCC2=O)C=CC(Br)=C1,1-(4-bromo-2-methylphenyl)pyrrolidin-2-one,0.20330160000000003 milligram,0.8 micromole,0.20330160000000008 microliter,C11H12BrNO,B1(OC(C(O1)(C)C)(C)C)C2=CCN(CC2)C(=O)OC(C)(C)C,"N-Boc-1,2,5,6-tetrahydropyridine-4-boronic acid pinacol ester",0.29684640000000007 milligram,0.9600000000000001 micromole,0.2968464000000001 microliter,C16H28BNO4,O=C([O-])[O-].[Na+].[Na+],Na2CO3,0.635928 milligram,6.0 micromole,0.6359280000000002 microliter,CNa2O3,CN1C=NC2=C1C(=O)N(C(=O)N2C)C,caffeine,0.1553528 milligram,0.8 micromole,0.15535280000000004 microliter,C8H10N4O2,C1COCCO1,dioxane,32.445 milligram,368.2496084262139 micromole,31.5 microliter,C4H8O2,O,water,3.5 milligram,194.2825423258396 micromole,3.5 microliter,H2O,Cc1cc(C2=CCN(C(=O)OC(C)(C)C)CC2)ccc1N1CCCC1=O,suzuki_product_0,0.0 milligram,0.0 micromole,0 microliter,C21H28N2O3,Cc1ccccc1N1CCCC1=O,dehalogenation_0,0.0 milligram,0.0 micromole,0 microliter,C11H13NO,CC(C)(C)OC(=O)N1CC=CCC1,deborylation_0,0.0 milligram,0.0 micromole,0 microliter,C10H17NO2,CC1=C(N2CCCC2=O)C=CC(Br)=C1.B1(OC(C(O1)(C)C)(C)C)C2=CCN(CC2)C(=O)OC(C)(C)C>>Cc1cc(C2=CCN(C(=O)OC(C)(C)C)CC2)ccc1N1CCCC1=O.Cc1ccccc1N1CCCC1=O.CC(C)(C)OC(=O)N1CC=CCC1,001_RLN-NB-2443_007_J21,,,,,,,,,3/30/2023 2:18:34 AM,kat78-2-j21-a1_03_22_2023_237.raw,2min_150_1200.EXP,001_RLN-NB-2443_007_J21,KAT78-2-J21-A1_KAT78-2-J21-A1_KAT78-2-J21-A1,0,0,0,0,0,0,0,0,0,0,0,0,0,0,0,deborylation_0,0,0,0,0,0,184.2493042427683,13.770393494044741,4.682515326514154,194.9,0.7334,362.50064574415404,29.458281443616485,10.01705974576223,357,1.3268,0,0,0,0,0,20.940915112458857,1.4091312045701243,0.479164118681322,308.9,1.5384,0,0,0,0,0,0,0,0,0,0,0,0,0,0,0,0,0,0,0,0,53.74790979837843,3.3277795323610784,1.1315855767142557,253.8,1.1868,0.0,0.0,0.0,0.0,0.0,0.0,0.0,0.0,0.0,0.0,0.0,0.0,0.0,0.0,0.0,0.0,0.0,0.0,0.0,0.0,0.0,0.0017113980922248162,213.924761528102,0.0,0.0,8.186439727692773e-05,10.233049659615965,0.0,0.0,0.0,0.0,0.0,0.0,0.0,0.0,0.0,0.0,0.0001933295244642203,24.166190558027537
237,J22,C[NH+]1C2=C(C3=C([Pd-2]1([P+](C4CCCCC4)(C5CCCCC5)C6CCCCC6)OS(C)(=O)=O)C=CC=C3)C=CC=C2,PCy Pd G4,0.10627216000000012 milligram,0.16000000000000003 micromole,0.10627216000000014 microliter,C32H48NO3PPdS,CC1=C(N2CCCC2=O)C=CC(Br)=C1,1-(4-bromo-2-methylphenyl)pyrrolidin-2-one,0.20330160000000003 milligram,0.8 micromole,0.20330160000000008 microliter,C11H12BrNO,B1(OC(C(O1)(C)C)(C)C)C2=CCN(CC2)C(=O)OC(C)(C)C,"N-Boc-1,2,5,6-tetrahydropyridine-4-boronic acid pinacol ester",0.29684640000000007 milligram,0.9600000000000001 micromole,0.2968464000000001 microliter,C16H28BNO4,O=C([O-])[O-].[Na+].[Na+],Na2CO3,0.635928 milligram,6.0 micromole,0.6359280000000002 microliter,CNa2O3,CN1C=NC2=C1C(=O)N(C(=O)N2C)C,caffeine,0.1553528 milligram,0.8 micromole,0.15535280000000004 microliter,C8H10N4O2,C1COCCO1,dioxane,32.445 milligram,368.2496084262139 micromole,31.5 microliter,C4H8O2,O,water,3.5 milligram,194.2825423258396 micromole,3.5 microliter,H2O,Cc1cc(C2=CCN(C(=O)OC(C)(C)C)CC2)ccc1N1CCCC1=O,suzuki_product_0,0.0 milligram,0.0 micromole,0 microliter,C21H28N2O3,Cc1ccccc1N1CCCC1=O,dehalogenation_0,0.0 milligram,0.0 micromole,0 microliter,C11H13NO,CC(C)(C)OC(=O)N1CC=CCC1,deborylation_0,0.0 milligram,0.0 micromole,0 microliter,C10H17NO2,CC1=C(N2CCCC2=O)C=CC(Br)=C1.B1(OC(C(O1)(C)C)(C)C)C2=CCN(CC2)C(=O)OC(C)(C)C>>Cc1cc(C2=CCN(C(=O)OC(C)(C)C)CC2)ccc1N1CCCC1=O.Cc1ccccc1N1CCCC1=O.CC(C)(C)OC(=O)N1CC=CCC1,001_RLN-NB-2443_007_J22,,,,,,,,,3/30/2023 2:21:01 AM,kat78-2-j22-a1_03_22_2023_238.raw,2min_150_1200.EXP,001_RLN-NB-2443_007_J22,KAT78-2-J22-A1_KAT78-2-J22-A1_KAT78-2-J22-A1,0,0,0,0,0,0,0,0,0,0,0,0,0,0,0,deborylation_0,0,0,0,0,0,184.7797649227209,13.78039754876202,4.6551153609546665,195,0.7318,0,0,0,0,0,0,0,0,0,0,23.59063645019636,1.56945051198998,0.5301714381439644,309,1.5384,0,0,0,0,0,0,0,0,0,0,0,0,0,0,0,0,0,0,0,0,56.81187088956936,3.414752821719501,1.1535275566616572,253.8,1.1884,342.0520554657947,27.82520750091543,9.399551094293276,357.0,1.3251,0.0,0.0,0.0,0.0,0.0,0.0,0.0,0.0,0.0,0.0,0.0,0.0,0.0016153500595294593,201.9187574411824,0.0,0.0,0.0,0.0,0.0,0.0,9.111206009472338e-05,11.389007511840422,0.0,0.0,0.0,0.0,0.0,0.0,0.0,0.0,0.0,0.0,0.00019823827634210861,24.779784542763576
238,J23,C[NH+]1C2=C(C3=C([Pd-2]1([P+](C4CCCCC4)(C5CCCCC5)C6CCCCC6)OS(C)(=O)=O)C=CC=C3)C=CC=C2,PCy Pd G4,0.10627216000000012 milligram,0.16000000000000003 micromole,0.10627216000000014 microliter,C32H48NO3PPdS,CC1=C(N2CCCC2=O)C=CC(Br)=C1,1-(4-bromo-2-methylphenyl)pyrrolidin-2-one,0.20330160000000003 milligram,0.8 micromole,0.20330160000000008 microliter,C11H12BrNO,B1(OC(C(O1)(C)C)(C)C)C2=CC=C(C=C2)N,"4-(4,4,5,5-tetramethyl-1,3,2-dioxaborolan-2-yl)aniline",0.21032928 milligram,0.9600000000000001 micromole,0.21032928000000006 microliter,C12H18BNO2,O=C([O-])[O-].[Na+].[Na+],Na2CO3,0.635928 milligram,6.0 micromole,0.6359280000000002 microliter,CNa2O3,CN1C=NC2=C1C(=O)N(C(=O)N2C)C,caffeine,0.1553528 milligram,0.8 micromole,0.15535280000000004 microliter,C8H10N4O2,C1COCCO1,dioxane,32.445 milligram,368.2496084262139 micromole,31.5 microliter,C4H8O2,O,water,3.5 milligram,194.2825423258396 micromole,3.5 microliter,H2O,Cc1cc(-c2ccc(N)cc2)ccc1N1CCCC1=O,suzuki_product_0,0.0 milligram,0.0 micromole,0 microliter,C17H18N2O,Cc1ccccc1N1CCCC1=O,dehalogenation_0,0.0 milligram,0.0 micromole,0 microliter,C11H13NO,Nc1ccccc1,deborylation_0,0.0 milligram,0.0 micromole,0 microliter,C6H7N,CC1=C(N2CCCC2=O)C=CC(Br)=C1.B1(OC(C(O1)(C)C)(C)C)C2=CC=C(C=C2)N>>Cc1cc(-c2ccc(N)cc2)ccc1N1CCCC1=O.Cc1ccccc1N1CCCC1=O.Nc1ccccc1,001_RLN-NB-2443_007_J23,,,,,,,,,3/30/2023 2:23:27 AM,kat78-2-j23-a1_03_22_2023_239.raw,2min_150_1200.EXP,001_RLN-NB-2443_007_J23,KAT78-2-J23-A1_KAT78-2-J23-A1_KAT78-2-J23-A1,0,0,0,0,0,0,0,0,0,0,0,0,0,0,0,deborylation_0,0,0,0,0,0,183.81603277353992,22.054463570707593,4.5615487961217696,194.9,0.7334,0,0,0,0,0,0,0,0,0,0,0,0,0,0,0,0,0,0,0,0,0,0,0,0,0,0,0,0,0,0,0,0,0,0,0,77.6611960515017,7.892075665518712,1.6323266324538297,253.9,1.1884,97.31450570888423,12.278987786174028,2.5396764593272305,267.0,0.8851,0.0,0.0,0.0,0.0,0.0,0.0,0.0,0.0,0.0,0.0,0.0,0.0,0.00044540599219045334,55.67574902380667,0.0,0.0,0.0,0.0,0.0,0.0,0.0,0.0,0.0,0.0,0.0,0.0,0.0,0.0,0.0,0.0,0.0,0.0,0.00028627586031159145,35.78448253894893
239,J24,C[NH+]1C2=C(C3=C([Pd-2]1([P+](C4CCCCC4)(C5CCCCC5)C6CCCCC6)OS(C)(=O)=O)C=CC=C3)C=CC=C2,PCy Pd G4,0.10627216000000012 milligram,0.16000000000000003 micromole,0.10627216000000014 microliter,C32H48NO3PPdS,CC1=C(N2CCCC2=O)C=CC(Br)=C1,1-(4-bromo-2-methylphenyl)pyrrolidin-2-one,0.20330160000000003 milligram,0.8 micromole,0.20330160000000008 microliter,C11H12BrNO,B1(OC(C(O1)(C)C)(C)C)C2=CC=C(C=C2)N,"4-(4,4,5,5-tetramethyl-1,3,2-dioxaborolan-2-yl)aniline",0.21032928 milligram,0.9600000000000001 micromole,0.21032928000000006 microliter,C12H18BNO2,O=C([O-])[O-].[Na+].[Na+],Na2CO3,0.635928 milligram,6.0 micromole,0.6359280000000002 microliter,CNa2O3,CN1C=NC2=C1C(=O)N(C(=O)N2C)C,caffeine,0.1553528 milligram,0.8 micromole,0.15535280000000004 microliter,C8H10N4O2,C1COCCO1,dioxane,32.445 milligram,368.2496084262139 micromole,31.5 microliter,C4H8O2,O,water,3.5 milligram,194.2825423258396 micromole,3.5 microliter,H2O,Cc1cc(-c2ccc(N)cc2)ccc1N1CCCC1=O,suzuki_product_0,0.0 milligram,0.0 micromole,0 microliter,C17H18N2O,Cc1ccccc1N1CCCC1=O,dehalogenation_0,0.0 milligram,0.0 micromole,0 microliter,C11H13NO,Nc1ccccc1,deborylation_0,0.0 milligram,0.0 micromole,0 microliter,C6H7N,CC1=C(N2CCCC2=O)C=CC(Br)=C1.B1(OC(C(O1)(C)C)(C)C)C2=CC=C(C=C2)N>>Cc1cc(-c2ccc(N)cc2)ccc1N1CCCC1=O.Cc1ccccc1N1CCCC1=O.Nc1ccccc1,001_RLN-NB-2443_007_J24,,,,,,,,,3/30/2023 2:25:54 AM,kat78-2-j24-a1_03_22_2023_240.raw,2min_150_1200.EXP,001_RLN-NB-2443_007_J24,KAT78-2-J24-A1_KAT78-2-J24-A1_KAT78-2-J24-A1,0,0,0,0,0,0,0,0,0,0,0,0,0,0,0,deborylation_0,0,0,0,0,0,178.4288299347367,22.076464130728297,4.424589941657508,195,0.7334,0,0,0,0,0,0,0,0,0,0,0,0,0,0,0,10.76136275431132,1.8883206519437197,0.37845936349856485,220,1.0918,0,0,0,0,0,0,0,0,0,0,0,0,0,0,0,72.1161833886757,7.67243749913133,1.5377186122573356,253.8,1.1868,96.02475241160222,12.098986749366297,2.424892625852197,267.0,0.8868,0.0,0.0,0.0,0.0,0.0,0.0,0.0,0.0,0.0,0.0,0.0,0.0,0.00043843929635545867,54.80491204443233,0.0,0.0,0.0,0.0,0.0,0.0,0.0,0.0,6.842837297718743e-05,8.553546622148428,0.0,0.0,0.0,0.0,0.0,0.0,0.0,0.0,0.00027803138958116185,34.75392369764523
240,K1,C[NH+]1C2=C(C3=C([Pd-2]1([P+](C4CCCCC4)(C5CCCCC5)C6CCCCC6)OS(C)(=O)=O)C=CC=C3)C=CC=C2,PCy Pd G4,0.10627216000000012 milligram,0.16000000000000003 micromole,0.10627216000000014 microliter,C32H48NO3PPdS,BrC1=CC=CN2C=CN=C12,"8-bromoimidazo[1,2-a]pyridine",0.15762800000000002 milligram,0.8 micromole,0.15762800000000005 microliter,C7H5BrN2,B1(OC(C(O1)(C)C)(C)C)C2=CN=C(C=C2)C,"2-methyl-5-(4,4,5,5-tetramethyl-1,3,2-dioxaborolan-2-yl)pyridine",0.21032928 milligram,0.9600000000000001 micromole,0.21032928000000006 microliter,C12H18BNO2,O=C([O-])[O-].[Na+].[Na+],Na2CO3,0.635928 milligram,6.0 micromole,0.6359280000000002 microliter,CNa2O3,CN1C=NC2=C1C(=O)N(C(=O)N2C)C,caffeine,0.1553528 milligram,0.8 micromole,0.15535280000000004 microliter,C8H10N4O2,C1COCCO1,dioxane,32.445 milligram,368.2496084262139 micromole,31.5 microliter,C4H8O2,O,water,3.5 milligram,194.2825423258396 micromole,3.5 microliter,H2O,Cc1ccc(-c2cccn3ccnc23)cn1,suzuki_product_0,0.0 milligram,0.0 micromole,0 microliter,C13H11N3,c1ccn2ccnc2c1,dehalogenation_0,0.0 milligram,0.0 micromole,0 microliter,C7H6N2,Cc1ccccn1,deborylation_0,0.0 milligram,0.0 micromole,0 microliter,C6H7N,BrC1=CC=CN2C=CN=C12.B1(OC(C(O1)(C)C)(C)C)C2=CN=C(C=C2)C>>Cc1ccc(-c2cccn3ccnc23)cn1.c1ccn2ccnc2c1.Cc1ccccn1,001_RLN-NB-2443_007_K1,,,,,,,,,3/30/2023 2:28:21 AM,kat78-2-k1-a1_03_22_2023_241.raw,2min_150_1200.EXP,001_RLN-NB-2443_007_K1,KAT78-2-K1-A1_KAT78-2-K1-A1_KAT78-2-K1-A1,0,0,0,0,0,0,0,0,0,0,0,0,0,0,0,deborylation_0,0,0,0,0,0,185.214913364941,53.64522458730466,4.737119866300839,194.9,0.7334,0,0,0,0,0,0,0,0,0,0,0,0,0,0,0,0,0,0,0,0,0,0,0,0,0,0,0,0,0,0,0,0,0,0,0,0,0,0,0,0,0.0,0.0,0.0,0.0,0.0,0.0,0.0,0.0,0.0,0.0,0.0,0.0,0.0,0.0,0.0,0.0,0.0,0.0,0.0,0.0,0.0,0.0,0.0,0.0,0.0,0.0,0.0,0.0,0.0,0.0,0.0,0.0,0.0,0.0,0.0,0.0,0.0,0.0,0.0
241,K2,C[NH+]1C2=C(C3=C([Pd-2]1([P+](C4CCCCC4)(C5CCCCC5)C6CCCCC6)OS(C)(=O)=O)C=CC=C3)C=CC=C2,PCy Pd G4,0.10627216000000012 milligram,0.16000000000000003 micromole,0.10627216000000014 microliter,C32H48NO3PPdS,BrC1=CC=CN2C=CN=C12,"8-bromoimidazo[1,2-a]pyridine",0.15762800000000002 milligram,0.8 micromole,0.15762800000000005 microliter,C7H5BrN2,B1(OC(C(O1)(C)C)(C)C)C2=CN(N=C2C)C,"1,3-dimethyl-4-(4,4,5,5-tetramethyl-1,3,2-dioxaborolan-2-yl)-1H-pyrazole",0.21321311999999998 milligram,0.9600000000000001 micromole,0.21321312000000003 microliter,C11H19BN2O2,O=C([O-])[O-].[Na+].[Na+],Na2CO3,0.635928 milligram,6.0 micromole,0.6359280000000002 microliter,CNa2O3,CN1C=NC2=C1C(=O)N(C(=O)N2C)C,caffeine,0.1553528 milligram,0.8 micromole,0.15535280000000004 microliter,C8H10N4O2,C1COCCO1,dioxane,32.445 milligram,368.2496084262139 micromole,31.5 microliter,C4H8O2,O,water,3.5 milligram,194.2825423258396 micromole,3.5 microliter,H2O,Cc1nn(C)cc1-c1cccn2ccnc12,suzuki_product_0,0.0 milligram,0.0 micromole,0 microliter,C12H12N4,c1ccn2ccnc2c1,dehalogenation_0,0.0 milligram,0.0 micromole,0 microliter,C7H6N2,Cc1ccn(C)n1,deborylation_0,0.0 milligram,0.0 micromole,0 microliter,C5H8N2,BrC1=CC=CN2C=CN=C12.B1(OC(C(O1)(C)C)(C)C)C2=CN(N=C2C)C>>Cc1nn(C)cc1-c1cccn2ccnc12.c1ccn2ccnc2c1.Cc1ccn(C)n1,001_RLN-NB-2443_007_K2,,,,,,,,,3/30/2023 2:30:48 AM,kat78-2-k2-a1_03_22_2023_242.raw,2min_150_1200.EXP,001_RLN-NB-2443_007_K2,KAT78-2-K2-A1_KAT78-2-K2-A1_KAT78-2-K2-A1,0,0,0,0,0,0,0,0,0,0,0,0,0,0,0,deborylation_0,0,0,0,0,0,187.9046016224198,34.98037747199954,4.826176523110316,195,0.7334,0,0,0,0,0,0,0,0,0,0,0,0,0,0,0,0,0,0,0,0,0,0,0,0,0,0,0,0,0,0,0,0,0,0,0,0,0,0,0,0,0.0,0.0,0.0,0.0,0.0,0.0,0.0,0.0,0.0,0.0,0.0,0.0,0.0,0.0,0.0,0.0,0.0,0.0,0.0,0.0,0.0,0.0,0.0,0.0,0.0,0.0,0.0,0.0,0.0,0.0,0.0,0.0,0.0,0.0,0.0,0.0,0.0,0.0,0.0
242,K3,C[NH+]1C2=C(C3=C([Pd-2]1([P+](C4CCCCC4)(C5CCCCC5)C6CCCCC6)OS(C)(=O)=O)C=CC=C3)C=CC=C2,PCy Pd G4,0.10627216000000012 milligram,0.16000000000000003 micromole,0.10627216000000014 microliter,C32H48NO3PPdS,BrC1=CC=CN2C=CN=C12,"8-bromoimidazo[1,2-a]pyridine",0.15762800000000002 milligram,0.8 micromole,0.15762800000000005 microliter,C7H5BrN2,B1(OC(C(O1)(C)C)(C)C)C2=CCN(CC2)C(=O)OC(C)(C)C,"N-Boc-1,2,5,6-tetrahydropyridine-4-boronic acid pinacol ester",0.29684640000000007 milligram,0.9600000000000001 micromole,0.2968464000000001 microliter,C16H28BNO4,O=C([O-])[O-].[Na+].[Na+],Na2CO3,0.635928 milligram,6.0 micromole,0.6359280000000002 microliter,CNa2O3,CN1C=NC2=C1C(=O)N(C(=O)N2C)C,caffeine,0.1553528 milligram,0.8 micromole,0.15535280000000004 microliter,C8H10N4O2,C1COCCO1,dioxane,32.445 milligram,368.2496084262139 micromole,31.5 microliter,C4H8O2,O,water,3.5 milligram,194.2825423258396 micromole,3.5 microliter,H2O,CC(C)(C)OC(=O)N1CC=C(c2cccn3ccnc23)CC1,suzuki_product_0,0.0 milligram,0.0 micromole,0 microliter,C17H21N3O2,c1ccn2ccnc2c1,dehalogenation_0,0.0 milligram,0.0 micromole,0 microliter,C7H6N2,CC(C)(C)OC(=O)N1CC=CCC1,deborylation_0,0.0 milligram,0.0 micromole,0 microliter,C10H17NO2,BrC1=CC=CN2C=CN=C12.B1(OC(C(O1)(C)C)(C)C)C2=CCN(CC2)C(=O)OC(C)(C)C>>CC(C)(C)OC(=O)N1CC=C(c2cccn3ccnc23)CC1.c1ccn2ccnc2c1.CC(C)(C)OC(=O)N1CC=CCC1,001_RLN-NB-2443_007_K3,,,,,,,,,3/30/2023 2:33:15 AM,kat78-2-k3-a1_03_22_2023_243.raw,2min_150_1200.EXP,001_RLN-NB-2443_007_K3,KAT78-2-K3-A1_KAT78-2-K3-A1_KAT78-2-K3-A1,0,0,0,0,0,0,0,0,0,0,0,0,0,0,0,deborylation_0,0,0,0,0,0,181.80887713632225,15.095674917448642,4.507736668745489,195,0.7334,0,0,0,0,0,0,0,0,0,0,54.9052065896774,4.608573405761661,1.3761713500960995,309,1.5418,0,0,0,0,0,0,0,0,0,0,0,0,0,0,0,0,0,0,0,0,0,0,0,0,0,158.23651212027443,15.453882206447483,4.614701355019012,299.9,0.8701,0.0,0.0,0.0,0.0,0.0,0.0,0.0,0.0,0.0,0.0,0.0,0.0,0.0008189833069913183,102.37291337391478,0.0,0.0,0.0,0.0,0.0,0.0,0.0002442327848718972,30.529098108987153,0.0,0.0,0.0,0.0,0.0,0.0,0.0,0.0,0.0,0.0,0.0,0.0
243,K4,C[NH+]1C2=C(C3=C([Pd-2]1([P+](C4CCCCC4)(C5CCCCC5)C6CCCCC6)OS(C)(=O)=O)C=CC=C3)C=CC=C2,PCy Pd G4,0.10627216000000012 milligram,0.16000000000000003 micromole,0.10627216000000014 microliter,C32H48NO3PPdS,BrC1=CC=CN2C=CN=C12,"8-bromoimidazo[1,2-a]pyridine",0.15762800000000002 milligram,0.8 micromole,0.15762800000000005 microliter,C7H5BrN2,B1(OC(C(O1)(C)C)(C)C)C2=CCN(CC2)C(=O)OC(C)(C)C,"N-Boc-1,2,5,6-tetrahydropyridine-4-boronic acid pinacol ester",0.29684640000000007 milligram,0.9600000000000001 micromole,0.2968464000000001 microliter,C16H28BNO4,O=C([O-])[O-].[Na+].[Na+],Na2CO3,0.635928 milligram,6.0 micromole,0.6359280000000002 microliter,CNa2O3,CN1C=NC2=C1C(=O)N(C(=O)N2C)C,caffeine,0.1553528 milligram,0.8 micromole,0.15535280000000004 microliter,C8H10N4O2,C1COCCO1,dioxane,32.445 milligram,368.2496084262139 micromole,31.5 microliter,C4H8O2,O,water,3.5 milligram,194.2825423258396 micromole,3.5 microliter,H2O,CC(C)(C)OC(=O)N1CC=C(c2cccn3ccnc23)CC1,suzuki_product_0,0.0 milligram,0.0 micromole,0 microliter,C17H21N3O2,c1ccn2ccnc2c1,dehalogenation_0,0.0 milligram,0.0 micromole,0 microliter,C7H6N2,CC(C)(C)OC(=O)N1CC=CCC1,deborylation_0,0.0 milligram,0.0 micromole,0 microliter,C10H17NO2,BrC1=CC=CN2C=CN=C12.B1(OC(C(O1)(C)C)(C)C)C2=CCN(CC2)C(=O)OC(C)(C)C>>CC(C)(C)OC(=O)N1CC=C(c2cccn3ccnc23)CC1.c1ccn2ccnc2c1.CC(C)(C)OC(=O)N1CC=CCC1,001_RLN-NB-2443_007_K4,,,,,,,,,3/30/2023 2:35:42 AM,kat78-2-k4-a1_03_22_2023_244.raw,2min_150_1200.EXP,001_RLN-NB-2443_007_K4,KAT78-2-K4-A1_KAT78-2-K4-A1_KAT78-2-K4-A1,0,0,0,0,0,0,0,0,0,0,0,0,0,0,0,deborylation_0,0,0,0,0,0,184.4995674762271,16.69021665782486,4.486759435553734,194.9,0.7334,0,0,0,0,0,0,0,0,0,0,42.63322772206191,4.554259928709314,1.2243021840894317,309.1,1.5401,0,0,0,0,0,0,0,0,0,0,0,0,0,0,0,0,0,0,0,0,0,0,0,0,0,144.62933588097033,14.77742891120145,3.972552900891972,300.1,0.8718,0.0,0.0,0.0,0.0,0.0,0.0,0.0,0.0,0.0,0.0,0.0,0.0,0.0007083157379756777,88.5394672469597,0.0,0.0,0.0,0.0,0.0,0.0,0.00021829602441136175,27.287003051420218,0.0,0.0,0.0,0.0,0.0,0.0,0.0,0.0,0.0,0.0,0.0,0.0
244,K5,C[NH+]1C2=C(C3=C([Pd-2]1([P+](C4CCCCC4)(C5CCCCC5)C6CCCCC6)OS(C)(=O)=O)C=CC=C3)C=CC=C2,PCy Pd G4,0.10627216000000012 milligram,0.16000000000000003 micromole,0.10627216000000014 microliter,C32H48NO3PPdS,BrC1=CC=CN2C=CN=C12,"8-bromoimidazo[1,2-a]pyridine",0.15762800000000002 milligram,0.8 micromole,0.15762800000000005 microliter,C7H5BrN2,B1(OC(C(O1)(C)C)(C)C)C2=CC=C(C=C2)N,"4-(4,4,5,5-tetramethyl-1,3,2-dioxaborolan-2-yl)aniline",0.21032928 milligram,0.9600000000000001 micromole,0.21032928000000006 microliter,C12H18BNO2,O=C([O-])[O-].[Na+].[Na+],Na2CO3,0.635928 milligram,6.0 micromole,0.6359280000000002 microliter,CNa2O3,CN1C=NC2=C1C(=O)N(C(=O)N2C)C,caffeine,0.1553528 milligram,0.8 micromole,0.15535280000000004 microliter,C8H10N4O2,C1COCCO1,dioxane,32.445 milligram,368.2496084262139 micromole,31.5 microliter,C4H8O2,O,water,3.5 milligram,194.2825423258396 micromole,3.5 microliter,H2O,Nc1ccc(-c2cccn3ccnc23)cc1,suzuki_product_0,0.0 milligram,0.0 micromole,0 microliter,C13H11N3,c1ccn2ccnc2c1,dehalogenation_0,0.0 milligram,0.0 micromole,0 microliter,C7H6N2,Nc1ccccc1,deborylation_0,0.0 milligram,0.0 micromole,0 microliter,C6H7N,BrC1=CC=CN2C=CN=C12.B1(OC(C(O1)(C)C)(C)C)C2=CC=C(C=C2)N>>Nc1ccc(-c2cccn3ccnc23)cc1.c1ccn2ccnc2c1.Nc1ccccc1,001_RLN-NB-2443_007_K5,,,,,,,,,3/30/2023 2:38:09 AM,kat78-2-k5-a1_03_22_2023_245.raw,2min_150_1200.EXP,001_RLN-NB-2443_007_K5,KAT78-2-K5-A1_KAT78-2-K5-A1_KAT78-2-K5-A1,0,0,0,0,0,0,0,0,0,0,0,0,0,0,0,deborylation_0,0,0,0,0,0,173.02719843066353,27.38937244077329,4.396910250645627,195,0.7334,0,0,0,0,0,0,0,0,0,0,0,0,0,0,0,15.675043871405716,4.173114758613652,0.6699244788812281,220,1.0951,0,0,0,0,0,0,0,0,0,0,0,0,0,0,0,0,0,0,0,0,33.654036450528835,5.663200292068546,0.9091330394480728,210.0,0.6351,0.0,0.0,0.0,0.0,0.0,0.0,0.0,0.0,0.0,0.0,0.0,0.0,0.00016541307192969497,20.676633991211872,0.0,0.0,0.0,0.0,0.0,0.0,0.0,0.0,0.00012189004381571969,15.23625547696496,0.0,0.0,0.0,0.0,0.0,0.0,0.0,0.0,0.0,0.0
245,K6,C[NH+]1C2=C(C3=C([Pd-2]1([P+](C4CCCCC4)(C5CCCCC5)C6CCCCC6)OS(C)(=O)=O)C=CC=C3)C=CC=C2,PCy Pd G4,0.10627216000000012 milligram,0.16000000000000003 micromole,0.10627216000000014 microliter,C32H48NO3PPdS,BrC1=CC=CN2C=CN=C12,"8-bromoimidazo[1,2-a]pyridine",0.15762800000000002 milligram,0.8 micromole,0.15762800000000005 microliter,C7H5BrN2,B1(OC(C(O1)(C)C)(C)C)C2=CC=C(C=C2)N,"4-(4,4,5,5-tetramethyl-1,3,2-dioxaborolan-2-yl)aniline",0.21032928 milligram,0.9600000000000001 micromole,0.21032928000000006 microliter,C12H18BNO2,O=C([O-])[O-].[Na+].[Na+],Na2CO3,0.635928 milligram,6.0 micromole,0.6359280000000002 microliter,CNa2O3,CN1C=NC2=C1C(=O)N(C(=O)N2C)C,caffeine,0.1553528 milligram,0.8 micromole,0.15535280000000004 microliter,C8H10N4O2,C1COCCO1,dioxane,32.445 milligram,368.2496084262139 micromole,31.5 microliter,C4H8O2,O,water,3.5 milligram,194.2825423258396 micromole,3.5 microliter,H2O,Nc1ccc(-c2cccn3ccnc23)cc1,suzuki_product_0,0.0 milligram,0.0 micromole,0 microliter,C13H11N3,c1ccn2ccnc2c1,dehalogenation_0,0.0 milligram,0.0 micromole,0 microliter,C7H6N2,Nc1ccccc1,deborylation_0,0.0 milligram,0.0 micromole,0 microliter,C6H7N,BrC1=CC=CN2C=CN=C12.B1(OC(C(O1)(C)C)(C)C)C2=CC=C(C=C2)N>>Nc1ccc(-c2cccn3ccnc23)cc1.c1ccn2ccnc2c1.Nc1ccccc1,001_RLN-NB-2443_007_K6,,,,,,,,,3/30/2023 2:40:36 AM,kat78-2-k6-a1_03_22_2023_246.raw,2min_150_1200.EXP,001_RLN-NB-2443_007_K6,KAT78-2-K6-A1_KAT78-2-K6-A1_KAT78-2-K6-A1,0,0,0,0,0,0,0,0,0,0,0,0,0,0,0,deborylation_0,0,0,0,0,0,173.55343176089613,25.201890791473197,4.469770016011433,195,0.7334,0,0,0,0,0,0,0,0,0,0,0,0,0,0,0,15.321914688373452,3.403199910294448,0.6035864944972138,220,1.1001,0,0,0,0,0,0,0,0,0,0,0,0,0,0,0,0,0,0,0,0,33.90757049513662,5.542390649207187,0.982990194895622,209.9,0.6368,0.0,0.0,0.0,0.0,0.0,0.0,0.0,0.0,0.0,0.0,0.0,0.0,0.00017593570879475117,21.991963599343894,0.0,0.0,0.0,0.0,0.0,0.0,0.0,0.0,0.000108029986748324,13.5037483435405,0.0,0.0,0.0,0.0,0.0,0.0,0.0,0.0,0.0,0.0
246,K7,C[NH+]1C2=C(C3=C([Pd-2]1([P+](C4CCCCC4)(C5CCCCC5)C6CCCCC6)OS(C)(=O)=O)C=CC=C3)C=CC=C2,PCy Pd G4,0.10627216000000012 milligram,0.16000000000000003 micromole,0.10627216000000014 microliter,C32H48NO3PPdS,CC1=CC(C=O)=C(C)N1C2=CC(Cl)=CC(Cl)=C2,"1-(3,5-dichlorophenyl)-2,5-dimethyl-1H-pyrrole-3-carbaldehyde",0.2145144 milligram,0.8 micromole,0.21451440000000005 microliter,C13H11Cl2NO,B1(OC(C(O1)(C)C)(C)C)C2=CN=C(C=C2)C,"2-methyl-5-(4,4,5,5-tetramethyl-1,3,2-dioxaborolan-2-yl)pyridine",0.21032928 milligram,0.9600000000000001 micromole,0.21032928000000006 microliter,C12H18BNO2,O=C([O-])[O-].[Na+].[Na+],Na2CO3,0.635928 milligram,6.0 micromole,0.6359280000000002 microliter,CNa2O3,CN1C=NC2=C1C(=O)N(C(=O)N2C)C,caffeine,0.1553528 milligram,0.8 micromole,0.15535280000000004 microliter,C8H10N4O2,C1COCCO1,dioxane,32.445 milligram,368.2496084262139 micromole,31.5 microliter,C4H8O2,O,water,3.5 milligram,194.2825423258396 micromole,3.5 microliter,H2O,Cc1ccc(-c2cc(Cl)cc(-n3c(C)cc(C=O)c3C)c2)cn1,suzuki_product_0,0.0 milligram,0.0 micromole,0 microliter,C19H17ClN2O,Cc1ccc(-c2cc(-c3ccc(C)nc3)cc(-n3c(C)cc(C=O)c3C)c2)cn1,bis_addition_1,0.0 milligram,0.0 micromole,0 microliter,C25H23N3O,Cc1cc(C=O)c(C)n1-c1cccc(Cl)c1,dehalogenation_0,0.0 milligram,0.0 micromole,0 microliter,C13H12ClNO,CC1=CC(C=O)=C(C)N1C2=CC(Cl)=CC(Cl)=C2.B1(OC(C(O1)(C)C)(C)C)C2=CN=C(C=C2)C>>Cc1ccc(-c2cc(Cl)cc(-n3c(C)cc(C=O)c3C)c2)cn1.Cc1ccc(-c2cc(-c3ccc(C)nc3)cc(-n3c(C)cc(C=O)c3C)c2)cn1.Cc1cc(C=O)c(C)n1-c1cccc(Cl)c1.Cc1ccccn1,001_RLN-NB-2443_007_K7,,,Cc1ccccn1,deborylation_0,0.0 milligram,0.0 micromole,0 microliter,C6H7N,3/30/2023 2:43:04 AM,kat78-2-k7-a1_03_22_2023_247.raw,2min_150_1200.EXP,001_RLN-NB-2443_007_K7,KAT78-2-K7-A1_KAT78-2-K7-A1_KAT78-2-K7-A1,0,0,0,0,0,0,0,0,0,0,0,0,0,0,0,bis_addition_1,0,0,0,0,0,183.46638140964825,37.97115391695555,4.671696046265302,195,0.7334,0,0,0,0,0,0,0,0,0,0,0,0,0,0,0,0,0,0,0,0,0,0,0,0,0,0,0,0,0,0,0,0,0,0,0,0,0,0,0,0,0.0,0.0,0.0,0.0,0.0,0.0,0.0,0.0,0.0,0.0,240.3223773647874,39.71059927518813,4.885704817779644,267.9,1.3268,0.0,0.0,0.0,0.0,0.0,0.0,0.0,0.0,0.0,0.0,0.0,0.0,0.0,0.0,0.0008366477218371991,104.58096522964988,0.0,0.0,0.0,0.0,0.0,0.0,0.0,0.0
247,K8,C[NH+]1C2=C(C3=C([Pd-2]1([P+](C4CCCCC4)(C5CCCCC5)C6CCCCC6)OS(C)(=O)=O)C=CC=C3)C=CC=C2,PCy Pd G4,0.10627216000000012 milligram,0.16000000000000003 micromole,0.10627216000000014 microliter,C32H48NO3PPdS,CC1=CC(C=O)=C(C)N1C2=CC(Cl)=CC(Cl)=C2,"1-(3,5-dichlorophenyl)-2,5-dimethyl-1H-pyrrole-3-carbaldehyde",0.2145144 milligram,0.8 micromole,0.21451440000000005 microliter,C13H11Cl2NO,B1(OC(C(O1)(C)C)(C)C)C2=CN(N=C2C)C,"1,3-dimethyl-4-(4,4,5,5-tetramethyl-1,3,2-dioxaborolan-2-yl)-1H-pyrazole",0.21321311999999998 milligram,0.9600000000000001 micromole,0.21321312000000003 microliter,C11H19BN2O2,O=C([O-])[O-].[Na+].[Na+],Na2CO3,0.635928 milligram,6.0 micromole,0.6359280000000002 microliter,CNa2O3,CN1C=NC2=C1C(=O)N(C(=O)N2C)C,caffeine,0.1553528 milligram,0.8 micromole,0.15535280000000004 microliter,C8H10N4O2,C1COCCO1,dioxane,32.445 milligram,368.2496084262139 micromole,31.5 microliter,C4H8O2,O,water,3.5 milligram,194.2825423258396 micromole,3.5 microliter,H2O,Cc1nn(C)cc1-c1cc(Cl)cc(-n2c(C)cc(C=O)c2C)c1,suzuki_product_0,0.0 milligram,0.0 micromole,0 microliter,C18H18ClN3O,Cc1nn(C)cc1-c1cc(-c2cn(C)nc2C)cc(-n2c(C)cc(C=O)c2C)c1,bis_addition_1,0.0 milligram,0.0 micromole,0 microliter,C23H25N5O,Cc1cc(C=O)c(C)n1-c1cccc(Cl)c1,dehalogenation_0,0.0 milligram,0.0 micromole,0 microliter,C13H12ClNO,CC1=CC(C=O)=C(C)N1C2=CC(Cl)=CC(Cl)=C2.B1(OC(C(O1)(C)C)(C)C)C2=CN(N=C2C)C>>Cc1nn(C)cc1-c1cc(Cl)cc(-n2c(C)cc(C=O)c2C)c1.Cc1nn(C)cc1-c1cc(-c2cn(C)nc2C)cc(-n2c(C)cc(C=O)c2C)c1.Cc1cc(C=O)c(C)n1-c1cccc(Cl)c1.Cc1ccn(C)n1,001_RLN-NB-2443_007_K8,,,Cc1ccn(C)n1,deborylation_0,0.0 milligram,0.0 micromole,0 microliter,C5H8N2,3/30/2023 2:45:31 AM,kat78-2-k8-a1_03_22_2023_248.raw,2min_150_1200.EXP,001_RLN-NB-2443_007_K8,KAT78-2-K8-A1_KAT78-2-K8-A1_KAT78-2-K8-A1,0,0,0,0,0,0,0,0,0,0,0,0,0,0,0,bis_addition_2,0,0,0,0,0,182.09172125827052,28.677360019593507,4.7299349407164755,195,0.7318,0,0,0,0,0,0,0,0,0,0,0,0,0,0,0,0,0,0,0,0,0,0,0,0,0,0,0,0,0,0,0,0,0,0,0,0,0,0,0,0,25.53664825087862,3.466940319879111,0.5718239804909143,327.9,1.2101,8.97976874545687,1.2764586798354487,0.21053425092161238,223.0,0.7001,192.11633279722074,22.93420216069829,3.7826802768185837,267.8,1.3251,0.0,0.0,9.671574559193345e-05,12.08946819899168,0.0,0.0,0.0,0.0,3.5608819750864705e-05,4.451102468858088,0.0,0.0,0.0,0.0,0.0006397855910035998,79.97319887544997,0.0,0.0,0.0,0.0,0.0,0.0,0.0,0.0
248,K9,C[NH+]1C2=C(C3=C([Pd-2]1([P+](C4CCCCC4)(C5CCCCC5)C6CCCCC6)OS(C)(=O)=O)C=CC=C3)C=CC=C2,PCy Pd G4,0.10627216000000012 milligram,0.16000000000000003 micromole,0.10627216000000014 microliter,C32H48NO3PPdS,CC1=CC(C=O)=C(C)N1C2=CC(Cl)=CC(Cl)=C2,"1-(3,5-dichlorophenyl)-2,5-dimethyl-1H-pyrrole-3-carbaldehyde",0.2145144 milligram,0.8 micromole,0.21451440000000005 microliter,C13H11Cl2NO,B1(OC(C(O1)(C)C)(C)C)C2=CCN(CC2)C(=O)OC(C)(C)C,"N-Boc-1,2,5,6-tetrahydropyridine-4-boronic acid pinacol ester",0.29684640000000007 milligram,0.9600000000000001 micromole,0.2968464000000001 microliter,C16H28BNO4,O=C([O-])[O-].[Na+].[Na+],Na2CO3,0.635928 milligram,6.0 micromole,0.6359280000000002 microliter,CNa2O3,CN1C=NC2=C1C(=O)N(C(=O)N2C)C,caffeine,0.1553528 milligram,0.8 micromole,0.15535280000000004 microliter,C8H10N4O2,C1COCCO1,dioxane,32.445 milligram,368.2496084262139 micromole,31.5 microliter,C4H8O2,O,water,3.5 milligram,194.2825423258396 micromole,3.5 microliter,H2O,Cc1cc(C=O)c(C)n1-c1cc(Cl)cc(C2=CCN(C(=O)OC(C)(C)C)CC2)c1,suzuki_product_0,0.0 milligram,0.0 micromole,0 microliter,C23H27ClN2O3,Cc1cc(C=O)c(C)n1-c1cc(C2=CCN(C(=O)OC(C)(C)C)CC2)cc(C2=CCN(C(=O)OC(C)(C)C)CC2)c1,bis_addition_2,0.0 milligram,0.0 micromole,0 microliter,C33H43N3O5,Cc1cc(C=O)c(C)n1-c1cccc(Cl)c1,dehalogenation_0,0.0 milligram,0.0 micromole,0 microliter,C13H12ClNO,CC1=CC(C=O)=C(C)N1C2=CC(Cl)=CC(Cl)=C2.B1(OC(C(O1)(C)C)(C)C)C2=CCN(CC2)C(=O)OC(C)(C)C>>Cc1cc(C=O)c(C)n1-c1cc(Cl)cc(C2=CCN(C(=O)OC(C)(C)C)CC2)c1.Cc1cc(C=O)c(C)n1-c1cc(C2=CCN(C(=O)OC(C)(C)C)CC2)cc(C2=CCN(C(=O)OC(C)(C)C)CC2)c1.Cc1cc(C=O)c(C)n1-c1cccc(Cl)c1.CC(C)(C)OC(=O)N1CC=CCC1,001_RLN-NB-2443_007_K9,,,CC(C)(C)OC(=O)N1CC=CCC1,deborylation_0,0.0 milligram,0.0 micromole,0 microliter,C10H17NO2,3/30/2023 2:47:58 AM,kat78-2-k9-a1_03_22_2023_249.raw,2min_150_1200.EXP,001_RLN-NB-2443_007_K9,KAT78-2-K9-A1_KAT78-2-K9-A1_KAT78-2-K9-A1,0,0,0,0,0,0,0,0,0,0,0,0,0,0,0,bis_addition_1,0,0,0,0,0,186.7448658128229,14.724028532542889,4.682540076967655,194.9,0.7351,155.4829266796377,10.001720531331674,3.1807502357849957,267.9,1.3268,0,0,0,0,0,54.9714010857078,5.780882414741963,1.8384380013553159,308.9,1.5501,0,0,0,0,0,0,0,0,0,0,0,0,0,0,0,0,0,0,0,0,0,0,0,0,0,238.37235856154703,13.837420811739456,4.400580817242285,415.1,1.4701,0.0,0.0,0.0,0.0,0.0,155.4829266796377,10.001720531331674,3.1807502357849957,267.9,1.3268,0.0,0.0,0.0007518279813792069,93.97849767240086,0.0,0.0,0.0005434230453561527,67.92788066951908,0.0,0.0,0.00031409243207944723,39.2615540099309,0.0,0.0,0.0005434230453561527,67.92788066951908,0.0,0.0,0.0,0.0,0.0,0.0,0.0,0.0
249,K10,C[NH+]1C2=C(C3=C([Pd-2]1([P+](C4CCCCC4)(C5CCCCC5)C6CCCCC6)OS(C)(=O)=O)C=CC=C3)C=CC=C2,PCy Pd G4,0.10627216000000012 milligram,0.16000000000000003 micromole,0.10627216000000014 microliter,C32H48NO3PPdS,CC1=CC(C=O)=C(C)N1C2=CC(Cl)=CC(Cl)=C2,"1-(3,5-dichlorophenyl)-2,5-dimethyl-1H-pyrrole-3-carbaldehyde",0.2145144 milligram,0.8 micromole,0.21451440000000005 microliter,C13H11Cl2NO,B1(OC(C(O1)(C)C)(C)C)C2=CCN(CC2)C(=O)OC(C)(C)C,"N-Boc-1,2,5,6-tetrahydropyridine-4-boronic acid pinacol ester",0.29684640000000007 milligram,0.9600000000000001 micromole,0.2968464000000001 microliter,C16H28BNO4,O=C([O-])[O-].[Na+].[Na+],Na2CO3,0.635928 milligram,6.0 micromole,0.6359280000000002 microliter,CNa2O3,CN1C=NC2=C1C(=O)N(C(=O)N2C)C,caffeine,0.1553528 milligram,0.8 micromole,0.15535280000000004 microliter,C8H10N4O2,C1COCCO1,dioxane,32.445 milligram,368.2496084262139 micromole,31.5 microliter,C4H8O2,O,water,3.5 milligram,194.2825423258396 micromole,3.5 microliter,H2O,Cc1cc(C=O)c(C)n1-c1cc(Cl)cc(C2=CCN(C(=O)OC(C)(C)C)CC2)c1,suzuki_product_0,0.0 milligram,0.0 micromole,0 microliter,C23H27ClN2O3,Cc1cc(C=O)c(C)n1-c1cc(C2=CCN(C(=O)OC(C)(C)C)CC2)cc(C2=CCN(C(=O)OC(C)(C)C)CC2)c1,bis_addition_2,0.0 milligram,0.0 micromole,0 microliter,C33H43N3O5,Cc1cc(C=O)c(C)n1-c1cccc(Cl)c1,dehalogenation_0,0.0 milligram,0.0 micromole,0 microliter,C13H12ClNO,CC1=CC(C=O)=C(C)N1C2=CC(Cl)=CC(Cl)=C2.B1(OC(C(O1)(C)C)(C)C)C2=CCN(CC2)C(=O)OC(C)(C)C>>Cc1cc(C=O)c(C)n1-c1cc(Cl)cc(C2=CCN(C(=O)OC(C)(C)C)CC2)c1.Cc1cc(C=O)c(C)n1-c1cc(C2=CCN(C(=O)OC(C)(C)C)CC2)cc(C2=CCN(C(=O)OC(C)(C)C)CC2)c1.Cc1cc(C=O)c(C)n1-c1cccc(Cl)c1.CC(C)(C)OC(=O)N1CC=CCC1,001_RLN-NB-2443_007_K10,,,CC(C)(C)OC(=O)N1CC=CCC1,deborylation_0,0.0 milligram,0.0 micromole,0 microliter,C10H17NO2,3/30/2023 2:50:25 AM,kat78-2-k10-a1_03_22_2023_250.raw,2min_150_1200.EXP,001_RLN-NB-2443_007_K10,KAT78-2-K10-A1_KAT78-2-K10-A1_KAT78-2-K10-A1,0,0,0,0,0,0,0,0,0,0,0,0,0,0,0,bis_addition_1,0,0,0,0,0,176.86887408463414,13.421244333205843,4.521195866787341,195,0.7334,147.98548707977722,9.394192887368689,3.1646086606955555,267.8,1.3251,0,0,0,0,0,61.64113983554396,5.784970972541243,1.948775106182032,309,1.5451,0,0,0,0,0,0,0,0,0,0,0,0,0,0,0,0,0,0,0,0,0,0,0,0,0,262.0068541285072,14.615425119099715,4.923477883218718,415.0,1.4684,0.0,0.0,0.0,0.0,0.0,147.98548707977722,9.394192887368689,3.1646086606955555,267.8,1.3251,0.0,0.0,0.0008711815242310623,108.89769052888279,0.0,0.0,0.0005599595777644121,69.99494722055151,0.0,0.0,0.00034482471692902567,43.10308961612821,0.0,0.0,0.0005599595777644121,69.99494722055151,0.0,0.0,0.0,0.0,0.0,0.0,0.0,0.0
250,K11,C[NH+]1C2=C(C3=C([Pd-2]1([P+](C4CCCCC4)(C5CCCCC5)C6CCCCC6)OS(C)(=O)=O)C=CC=C3)C=CC=C2,PCy Pd G4,0.10627216000000012 milligram,0.16000000000000003 micromole,0.10627216000000014 microliter,C32H48NO3PPdS,CC1=CC(C=O)=C(C)N1C2=CC(Cl)=CC(Cl)=C2,"1-(3,5-dichlorophenyl)-2,5-dimethyl-1H-pyrrole-3-carbaldehyde",0.2145144 milligram,0.8 micromole,0.21451440000000005 microliter,C13H11Cl2NO,B1(OC(C(O1)(C)C)(C)C)C2=CC=C(C=C2)N,"4-(4,4,5,5-tetramethyl-1,3,2-dioxaborolan-2-yl)aniline",0.21032928 milligram,0.9600000000000001 micromole,0.21032928000000006 microliter,C12H18BNO2,O=C([O-])[O-].[Na+].[Na+],Na2CO3,0.635928 milligram,6.0 micromole,0.6359280000000002 microliter,CNa2O3,CN1C=NC2=C1C(=O)N(C(=O)N2C)C,caffeine,0.1553528 milligram,0.8 micromole,0.15535280000000004 microliter,C8H10N4O2,C1COCCO1,dioxane,32.445 milligram,368.2496084262139 micromole,31.5 microliter,C4H8O2,O,water,3.5 milligram,194.2825423258396 micromole,3.5 microliter,H2O,Cc1cc(C=O)c(C)n1-c1cc(Cl)cc(-c2ccc(N)cc2)c1,suzuki_product_0,0.0 milligram,0.0 micromole,0 microliter,C19H17ClN2O,Cc1cc(C=O)c(C)n1-c1cc(-c2ccc(N)cc2)cc(-c2ccc(N)cc2)c1,bis_addition_1,0.0 milligram,0.0 micromole,0 microliter,C25H23N3O,Cc1cc(C=O)c(C)n1-c1cccc(Cl)c1,dehalogenation_0,0.0 milligram,0.0 micromole,0 microliter,C13H12ClNO,CC1=CC(C=O)=C(C)N1C2=CC(Cl)=CC(Cl)=C2.B1(OC(C(O1)(C)C)(C)C)C2=CC=C(C=C2)N>>Cc1cc(C=O)c(C)n1-c1cc(Cl)cc(-c2ccc(N)cc2)c1.Cc1cc(C=O)c(C)n1-c1cc(-c2ccc(N)cc2)cc(-c2ccc(N)cc2)c1.Cc1cc(C=O)c(C)n1-c1cccc(Cl)c1.Nc1ccccc1,001_RLN-NB-2443_007_K11,,,Nc1ccccc1,deborylation_0,0.0 milligram,0.0 micromole,0 microliter,C6H7N,3/30/2023 2:52:52 AM,kat78-2-k11-a1_03_22_2023_251.raw,2min_150_1200.EXP,001_RLN-NB-2443_007_K11,KAT78-2-K11-A1_KAT78-2-K11-A1_KAT78-2-K11-A1,0,0,0,0,0,0,0,0,0,0,0,0,0,0,0,bis_addition_1,0,0,0,0,0,167.7646610016777,19.023812048934417,4.410315010628861,194.9,0.7334,0,0,0,0,0,0,0,0,0,0,0,0,0,0,0,0,0,0,0,0,0,0,0,0,0,0,0,0,0,0,0,0,0,0,0,0,0,0,0,0,117.33092057312513,15.444775902116065,3.580582420688749,324.9,1.2284,0.0,0.0,0.0,0.0,0.0,175.0789451524483,15.630708407800956,3.623687394532929,267.9,1.3234,0.0,0.0,0.0006494923672453408,81.1865459056676,0.0,0.0,0.0,0.0,0.0,0.0,0.0,0.0,0.0,0.0,0.0006573113051199002,82.16391313998753,0.0,0.0,0.0,0.0,0.0,0.0,0.0,0.0
251,K12,C[NH+]1C2=C(C3=C([Pd-2]1([P+](C4CCCCC4)(C5CCCCC5)C6CCCCC6)OS(C)(=O)=O)C=CC=C3)C=CC=C2,PCy Pd G4,0.10627216000000012 milligram,0.16000000000000003 micromole,0.10627216000000014 microliter,C32H48NO3PPdS,CC1=CC(C=O)=C(C)N1C2=CC(Cl)=CC(Cl)=C2,"1-(3,5-dichlorophenyl)-2,5-dimethyl-1H-pyrrole-3-carbaldehyde",0.2145144 milligram,0.8 micromole,0.21451440000000005 microliter,C13H11Cl2NO,B1(OC(C(O1)(C)C)(C)C)C2=CC=C(C=C2)N,"4-(4,4,5,5-tetramethyl-1,3,2-dioxaborolan-2-yl)aniline",0.21032928 milligram,0.9600000000000001 micromole,0.21032928000000006 microliter,C12H18BNO2,O=C([O-])[O-].[Na+].[Na+],Na2CO3,0.635928 milligram,6.0 micromole,0.6359280000000002 microliter,CNa2O3,CN1C=NC2=C1C(=O)N(C(=O)N2C)C,caffeine,0.1553528 milligram,0.8 micromole,0.15535280000000004 microliter,C8H10N4O2,C1COCCO1,dioxane,32.445 milligram,368.2496084262139 micromole,31.5 microliter,C4H8O2,O,water,3.5 milligram,194.2825423258396 micromole,3.5 microliter,H2O,Cc1cc(C=O)c(C)n1-c1cc(Cl)cc(-c2ccc(N)cc2)c1,suzuki_product_0,0.0 milligram,0.0 micromole,0 microliter,C19H17ClN2O,Cc1cc(C=O)c(C)n1-c1cc(-c2ccc(N)cc2)cc(-c2ccc(N)cc2)c1,bis_addition_1,0.0 milligram,0.0 micromole,0 microliter,C25H23N3O,Cc1cc(C=O)c(C)n1-c1cccc(Cl)c1,dehalogenation_0,0.0 milligram,0.0 micromole,0 microliter,C13H12ClNO,CC1=CC(C=O)=C(C)N1C2=CC(Cl)=CC(Cl)=C2.B1(OC(C(O1)(C)C)(C)C)C2=CC=C(C=C2)N>>Cc1cc(C=O)c(C)n1-c1cc(Cl)cc(-c2ccc(N)cc2)c1.Cc1cc(C=O)c(C)n1-c1cc(-c2ccc(N)cc2)cc(-c2ccc(N)cc2)c1.Cc1cc(C=O)c(C)n1-c1cccc(Cl)c1.Nc1ccccc1,001_RLN-NB-2443_007_K12,,,Nc1ccccc1,deborylation_0,0.0 milligram,0.0 micromole,0 microliter,C6H7N,3/30/2023 2:55:19 AM,kat78-2-k12-a1_03_22_2023_252.raw,2min_150_1200.EXP,001_RLN-NB-2443_007_K12,KAT78-2-K12-A1_KAT78-2-K12-A1_KAT78-2-K12-A1,0,0,0,0,0,0,0,0,0,0,0,0,0,0,0,bis_addition_1,0,0,0,0,0,172.04967549081002,18.594214260525565,4.355620476248993,195,0.7334,0,0,0,0,0,0,0,0,0,0,0,0,0,0,0,0,0,0,0,0,0,0,0,0,0,0,0,0,0,0,0,0,0,0,0,0,0,0,0,0,126.83385114749859,16.473398539199355,3.8588278582479285,324.9,1.2334,0.0,0.0,0.0,0.0,0.0,169.1133992032581,15.112397101111558,3.5400187034817416,267.8,1.3251,0.0,0.0,0.0007087537363349167,88.59421704186458,0.0,0.0,0.0,0.0,0.0,0.0,0.0,0.0,0.0,0.0,0.0006501978255975806,81.27472819969756,0.0,0.0,0.0,0.0,0.0,0.0,0.0,0.0
252,K13,C[NH+]1C2=C(C3=C([Pd-2]1([P+](C4CCCCC4)(C5CCCCC5)C6CCCCC6)OS(C)(=O)=O)C=CC=C3)C=CC=C2,PCy Pd G4,0.10627216000000012 milligram,0.16000000000000003 micromole,0.10627216000000014 microliter,C32H48NO3PPdS,COC1=C(N)C(Cl)=NC=N1,4-chloro-6-methoxypyrimidin-5-amine,0.12766080000000002 milligram,0.8 micromole,0.12766080000000005 microliter,C5H6ClN3O,B1(OC(C(O1)(C)C)(C)C)C2=CN=C(C=C2)C,"2-methyl-5-(4,4,5,5-tetramethyl-1,3,2-dioxaborolan-2-yl)pyridine",0.21032928 milligram,0.9600000000000001 micromole,0.21032928000000006 microliter,C12H18BNO2,O=C([O-])[O-].[Na+].[Na+],Na2CO3,0.635928 milligram,6.0 micromole,0.6359280000000002 microliter,CNa2O3,CN1C=NC2=C1C(=O)N(C(=O)N2C)C,caffeine,0.1553528 milligram,0.8 micromole,0.15535280000000004 microliter,C8H10N4O2,C1COCCO1,dioxane,32.445 milligram,368.2496084262139 micromole,31.5 microliter,C4H8O2,O,water,3.5 milligram,194.2825423258396 micromole,3.5 microliter,H2O,COc1ncnc(-c2ccc(C)nc2)c1N,suzuki_product_0,0.0 milligram,0.0 micromole,0 microliter,C11H12N4O,COc1ncncc1N,dehalogenation_0,0.0 milligram,0.0 micromole,0 microliter,C5H7N3O,Cc1ccccn1,deborylation_0,0.0 milligram,0.0 micromole,0 microliter,C6H7N,COC1=C(N)C(Cl)=NC=N1.B1(OC(C(O1)(C)C)(C)C)C2=CN=C(C=C2)C>>COc1ncnc(-c2ccc(C)nc2)c1N.COc1ncncc1N.Cc1ccccn1,001_RLN-NB-2443_007_K13,,,,,,,,,3/30/2023 2:57:45 AM,kat78-2-k13-a1_03_22_2023_253.raw,2min_150_1200.EXP,001_RLN-NB-2443_007_K13,KAT78-2-K13-A1_KAT78-2-K13-A1_KAT78-2-K13-A1,0,0,0,0,0,0,0,0,0,0,0,0,0,0,0,deborylation_0,0,0,0,0,0,179.04177243894048,44.03512219158331,4.548490274946273,194.9,0.7334,0,0,0,0,0,0,0,0,0,0,0,0,0,0,0,0,0,0,0,0,0,0,0,0,0,0,0,0,0,0,0,0,0,0,0,0,0,0,0,0,0.0,0.0,0.0,0.0,0.0,0.0,0.0,0.0,0.0,0.0,0.0,0.0,0.0,0.0,0.0,0.0,0.0,0.0,0.0,0.0,0.0,0.0,0.0,0.0,0.0,0.0,0.0,0.0,0.0,0.0,0.0,0.0,0.0,0.0,0.0,0.0,0.0,0.0,0.0
253,K14,C[NH+]1C2=C(C3=C([Pd-2]1([P+](C4CCCCC4)(C5CCCCC5)C6CCCCC6)OS(C)(=O)=O)C=CC=C3)C=CC=C2,PCy Pd G4,0.10627216000000012 milligram,0.16000000000000003 micromole,0.10627216000000014 microliter,C32H48NO3PPdS,COC1=C(N)C(Cl)=NC=N1,4-chloro-6-methoxypyrimidin-5-amine,0.12766080000000002 milligram,0.8 micromole,0.12766080000000005 microliter,C5H6ClN3O,B1(OC(C(O1)(C)C)(C)C)C2=CN(N=C2C)C,"1,3-dimethyl-4-(4,4,5,5-tetramethyl-1,3,2-dioxaborolan-2-yl)-1H-pyrazole",0.21321311999999998 milligram,0.9600000000000001 micromole,0.21321312000000003 microliter,C11H19BN2O2,O=C([O-])[O-].[Na+].[Na+],Na2CO3,0.635928 milligram,6.0 micromole,0.6359280000000002 microliter,CNa2O3,CN1C=NC2=C1C(=O)N(C(=O)N2C)C,caffeine,0.1553528 milligram,0.8 micromole,0.15535280000000004 microliter,C8H10N4O2,C1COCCO1,dioxane,32.445 milligram,368.2496084262139 micromole,31.5 microliter,C4H8O2,O,water,3.5 milligram,194.2825423258396 micromole,3.5 microliter,H2O,COc1ncnc(-c2cn(C)nc2C)c1N,suzuki_product_0,0.0 milligram,0.0 micromole,0 microliter,C10H13N5O,COc1ncncc1N,dehalogenation_0,0.0 milligram,0.0 micromole,0 microliter,C5H7N3O,Cc1ccn(C)n1,deborylation_0,0.0 milligram,0.0 micromole,0 microliter,C5H8N2,COC1=C(N)C(Cl)=NC=N1.B1(OC(C(O1)(C)C)(C)C)C2=CN(N=C2C)C>>COc1ncnc(-c2cn(C)nc2C)c1N.COc1ncncc1N.Cc1ccn(C)n1,001_RLN-NB-2443_007_K14,,,,,,,,,3/30/2023 3:00:12 AM,kat78-2-k14-a1_03_22_2023_254.raw,2min_150_1200.EXP,001_RLN-NB-2443_007_K14,KAT78-2-K14-A1_KAT78-2-K14-A1_KAT78-2-K14-A1,0,0,0,0,0,0,0,0,0,0,0,0,0,0,0,deborylation_0,0,0,0,0,0,181.08398526547612,44.855723927449674,4.691097975710084,195,0.7334,0,0,0,0,0,0,0,0,0,0,0,0,0,0,0,0,0,0,0,0,0,0,0,0,0,0,0,0,0,0,0,0,0,0,0,0,0,0,0,0,0.0,0.0,0.0,0.0,0.0,0.0,0.0,0.0,0.0,0.0,0.0,0.0,0.0,0.0,0.0,0.0,0.0,0.0,0.0,0.0,0.0,0.0,0.0,0.0,0.0,0.0,0.0,0.0,0.0,0.0,0.0,0.0,0.0,0.0,0.0,0.0,0.0,0.0,0.0
254,K15,C[NH+]1C2=C(C3=C([Pd-2]1([P+](C4CCCCC4)(C5CCCCC5)C6CCCCC6)OS(C)(=O)=O)C=CC=C3)C=CC=C2,PCy Pd G4,0.10627216000000012 milligram,0.16000000000000003 micromole,0.10627216000000014 microliter,C32H48NO3PPdS,COC1=C(N)C(Cl)=NC=N1,4-chloro-6-methoxypyrimidin-5-amine,0.12766080000000002 milligram,0.8 micromole,0.12766080000000005 microliter,C5H6ClN3O,B1(OC(C(O1)(C)C)(C)C)C2=CCN(CC2)C(=O)OC(C)(C)C,"N-Boc-1,2,5,6-tetrahydropyridine-4-boronic acid pinacol ester",0.29684640000000007 milligram,0.9600000000000001 micromole,0.2968464000000001 microliter,C16H28BNO4,O=C([O-])[O-].[Na+].[Na+],Na2CO3,0.635928 milligram,6.0 micromole,0.6359280000000002 microliter,CNa2O3,CN1C=NC2=C1C(=O)N(C(=O)N2C)C,caffeine,0.1553528 milligram,0.8 micromole,0.15535280000000004 microliter,C8H10N4O2,C1COCCO1,dioxane,32.445 milligram,368.2496084262139 micromole,31.5 microliter,C4H8O2,O,water,3.5 milligram,194.2825423258396 micromole,3.5 microliter,H2O,COc1ncnc(C2=CCN(C(=O)OC(C)(C)C)CC2)c1N,suzuki_product_0,0.0 milligram,0.0 micromole,0 microliter,C15H22N4O3,COc1ncncc1N,dehalogenation_0,0.0 milligram,0.0 micromole,0 microliter,C5H7N3O,CC(C)(C)OC(=O)N1CC=CCC1,deborylation_0,0.0 milligram,0.0 micromole,0 microliter,C10H17NO2,COC1=C(N)C(Cl)=NC=N1.B1(OC(C(O1)(C)C)(C)C)C2=CCN(CC2)C(=O)OC(C)(C)C>>COc1ncnc(C2=CCN(C(=O)OC(C)(C)C)CC2)c1N.COc1ncncc1N.CC(C)(C)OC(=O)N1CC=CCC1,001_RLN-NB-2443_007_K15,,,,,,,,,3/30/2023 3:02:39 AM,kat78-2-k15-a1_03_22_2023_255.raw,2min_150_1200.EXP,001_RLN-NB-2443_007_K15,KAT78-2-K15-A1_KAT78-2-K15-A1_KAT78-2-K15-A1,0,0,0,0,0,0,0,0,0,0,0,0,0,0,0,deborylation_0,0,0,0,0,0,193.32147961359505,19.172321459684145,4.888388957041626,195,0.7334,0,0,0,0,0,0,0,0,0,0,42.041318399674864,4.472615470087358,1.1403879347132948,309.1,1.5401,0,0,0,0,0,0,0,0,0,0,0,0,0,0,0,230.21462577728315,24.757540174991536,6.312458626850964,209.1,1.4918,0,0,0,0,0,127.2251710223977,12.754704972815512,3.252081865544855,307.0,0.9984,0.0,0.0,0.0,0.0,0.0,0.0,0.0,0.0,0.0,0.0,0.0,0.0,0.0005322132742093357,66.52665927616695,0.0,0.0,0.0,0.0,0.0,0.0,0.0001866280191261113,23.328502390763912,0.0,0.0,0.0,0.0,0.0,0.0,0.0,0.0,0.0010330534140918545,129.1316767614818,0.0,0.0
255,K16,C[NH+]1C2=C(C3=C([Pd-2]1([P+](C4CCCCC4)(C5CCCCC5)C6CCCCC6)OS(C)(=O)=O)C=CC=C3)C=CC=C2,PCy Pd G4,0.10627216000000012 milligram,0.16000000000000003 micromole,0.10627216000000014 microliter,C32H48NO3PPdS,COC1=C(N)C(Cl)=NC=N1,4-chloro-6-methoxypyrimidin-5-amine,0.12766080000000002 milligram,0.8 micromole,0.12766080000000005 microliter,C5H6ClN3O,B1(OC(C(O1)(C)C)(C)C)C2=CCN(CC2)C(=O)OC(C)(C)C,"N-Boc-1,2,5,6-tetrahydropyridine-4-boronic acid pinacol ester",0.29684640000000007 milligram,0.9600000000000001 micromole,0.2968464000000001 microliter,C16H28BNO4,O=C([O-])[O-].[Na+].[Na+],Na2CO3,0.635928 milligram,6.0 micromole,0.6359280000000002 microliter,CNa2O3,CN1C=NC2=C1C(=O)N(C(=O)N2C)C,caffeine,0.1553528 milligram,0.8 micromole,0.15535280000000004 microliter,C8H10N4O2,C1COCCO1,dioxane,32.445 milligram,368.2496084262139 micromole,31.5 microliter,C4H8O2,O,water,3.5 milligram,194.2825423258396 micromole,3.5 microliter,H2O,COc1ncnc(C2=CCN(C(=O)OC(C)(C)C)CC2)c1N,suzuki_product_0,0.0 milligram,0.0 micromole,0 microliter,C15H22N4O3,COc1ncncc1N,dehalogenation_0,0.0 milligram,0.0 micromole,0 microliter,C5H7N3O,CC(C)(C)OC(=O)N1CC=CCC1,deborylation_0,0.0 milligram,0.0 micromole,0 microliter,C10H17NO2,COC1=C(N)C(Cl)=NC=N1.B1(OC(C(O1)(C)C)(C)C)C2=CCN(CC2)C(=O)OC(C)(C)C>>COc1ncnc(C2=CCN(C(=O)OC(C)(C)C)CC2)c1N.COc1ncncc1N.CC(C)(C)OC(=O)N1CC=CCC1,001_RLN-NB-2443_007_K16,,,,,,,,,3/30/2023 3:05:06 AM,kat78-2-k16-a1_03_22_2023_256.raw,2min_150_1200.EXP,001_RLN-NB-2443_007_K16,KAT78-2-K16-A1_KAT78-2-K16-A1_KAT78-2-K16-A1,0,0,0,0,0,0,0,0,0,0,0,0,0,0,0,deborylation_0,0,0,0,0,0,174.28626667355692,18.068514908258276,4.478927330549585,194.9,0.7334,12.587591214645428,1.326497669167143,0.32881986674109853,183.9,1.3201,0,0,0,0,0,192.0416804666212,26.653838848452168,6.607106775988179,308.9,1.5434,0,0,0,0,0,0,0,0,0,0,0,0,0,0,0,0,0,0,0,0,0,0,0,0,0,19.683038964272406,1.9886832013324374,0.49296622259650374,250.9,0.9951,0.0,0.0,0.0,0.0,0.0,0.0,0.0,0.0,0.0,0.0,0.0,0.0,8.805076505423268e-05,11.006345631779084,0.0,0.0,5.87318958266288e-05,7.3414869783286,0.0,0.0,0.001180123058648055,147.51538233100686,0.0,0.0,0.0,0.0,0.0,0.0,0.0,0.0,0.0,0.0,0.0,0.0
256,K17,C[NH+]1C2=C(C3=C([Pd-2]1([P+](C4CCCCC4)(C5CCCCC5)C6CCCCC6)OS(C)(=O)=O)C=CC=C3)C=CC=C2,PCy Pd G4,0.10627216000000012 milligram,0.16000000000000003 micromole,0.10627216000000014 microliter,C32H48NO3PPdS,COC1=C(N)C(Cl)=NC=N1,4-chloro-6-methoxypyrimidin-5-amine,0.12766080000000002 milligram,0.8 micromole,0.12766080000000005 microliter,C5H6ClN3O,B1(OC(C(O1)(C)C)(C)C)C2=CC=C(C=C2)N,"4-(4,4,5,5-tetramethyl-1,3,2-dioxaborolan-2-yl)aniline",0.21032928 milligram,0.9600000000000001 micromole,0.21032928000000006 microliter,C12H18BNO2,O=C([O-])[O-].[Na+].[Na+],Na2CO3,0.635928 milligram,6.0 micromole,0.6359280000000002 microliter,CNa2O3,CN1C=NC2=C1C(=O)N(C(=O)N2C)C,caffeine,0.1553528 milligram,0.8 micromole,0.15535280000000004 microliter,C8H10N4O2,C1COCCO1,dioxane,32.445 milligram,368.2496084262139 micromole,31.5 microliter,C4H8O2,O,water,3.5 milligram,194.2825423258396 micromole,3.5 microliter,H2O,COc1ncnc(-c2ccc(N)cc2)c1N,suzuki_product_0,0.0 milligram,0.0 micromole,0 microliter,C11H12N4O,COc1ncncc1N,dehalogenation_0,0.0 milligram,0.0 micromole,0 microliter,C5H7N3O,Nc1ccccc1,deborylation_0,0.0 milligram,0.0 micromole,0 microliter,C6H7N,COC1=C(N)C(Cl)=NC=N1.B1(OC(C(O1)(C)C)(C)C)C2=CC=C(C=C2)N>>COc1ncnc(-c2ccc(N)cc2)c1N.COc1ncncc1N.Nc1ccccc1,001_RLN-NB-2443_007_K17,,,,,,,,,3/30/2023 3:07:33 AM,kat78-2-k17-a1_03_22_2023_257.raw,2min_150_1200.EXP,001_RLN-NB-2443_007_K17,KAT78-2-K17-A1_KAT78-2-K17-A1_KAT78-2-K17-A1,0,0,0,0,0,0,0,0,0,0,0,0,0,0,0,deborylation_0,0,0,0,0,0,180.1344874126681,44.64946452389076,4.579620558851712,194.9,0.7318,0,0,0,0,0,0,0,0,0,0,0,0,0,0,0,0,0,0,0,0,0,0,0,0,0,0,0,0,0,0,0,0,0,0,0,0,0,0,0,0,0.0,0.0,0.0,0.0,0.0,0.0,0.0,0.0,0.0,0.0,0.0,0.0,0.0,0.0,0.0,0.0,0.0,0.0,0.0,0.0,0.0,0.0,0.0,0.0,0.0,0.0,0.0,0.0,0.0,0.0,0.0,0.0,0.0,0.0,0.0,0.0,0.0,0.0,0.0
257,K18,C[NH+]1C2=C(C3=C([Pd-2]1([P+](C4CCCCC4)(C5CCCCC5)C6CCCCC6)OS(C)(=O)=O)C=CC=C3)C=CC=C2,PCy Pd G4,0.10627216000000012 milligram,0.16000000000000003 micromole,0.10627216000000014 microliter,C32H48NO3PPdS,COC1=C(N)C(Cl)=NC=N1,4-chloro-6-methoxypyrimidin-5-amine,0.12766080000000002 milligram,0.8 micromole,0.12766080000000005 microliter,C5H6ClN3O,B1(OC(C(O1)(C)C)(C)C)C2=CC=C(C=C2)N,"4-(4,4,5,5-tetramethyl-1,3,2-dioxaborolan-2-yl)aniline",0.21032928 milligram,0.9600000000000001 micromole,0.21032928000000006 microliter,C12H18BNO2,O=C([O-])[O-].[Na+].[Na+],Na2CO3,0.635928 milligram,6.0 micromole,0.6359280000000002 microliter,CNa2O3,CN1C=NC2=C1C(=O)N(C(=O)N2C)C,caffeine,0.1553528 milligram,0.8 micromole,0.15535280000000004 microliter,C8H10N4O2,C1COCCO1,dioxane,32.445 milligram,368.2496084262139 micromole,31.5 microliter,C4H8O2,O,water,3.5 milligram,194.2825423258396 micromole,3.5 microliter,H2O,COc1ncnc(-c2ccc(N)cc2)c1N,suzuki_product_0,0.0 milligram,0.0 micromole,0 microliter,C11H12N4O,COc1ncncc1N,dehalogenation_0,0.0 milligram,0.0 micromole,0 microliter,C5H7N3O,Nc1ccccc1,deborylation_0,0.0 milligram,0.0 micromole,0 microliter,C6H7N,COC1=C(N)C(Cl)=NC=N1.B1(OC(C(O1)(C)C)(C)C)C2=CC=C(C=C2)N>>COc1ncnc(-c2ccc(N)cc2)c1N.COc1ncncc1N.Nc1ccccc1,001_RLN-NB-2443_007_K18,,,,,,,,,3/30/2023 3:10:01 AM,kat78-2-k18-a1_03_22_2023_258.raw,2min_150_1200.EXP,001_RLN-NB-2443_007_K18,KAT78-2-K18-A1_KAT78-2-K18-A1_KAT78-2-K18-A1,0,0,0,0,0,0,0,0,0,0,0,0,0,0,0,deborylation_0,0,0,0,0,0,187.87893707701235,39.532470677179894,4.775466193711327,195,0.7334,0,0,0,0,0,0,0,0,0,0,0,0,0,0,0,0,0,0,0,0,0,0,0,0,0,0,0,0,0,0,0,0,0,0,0,0,0,0,0,0,19.72099700594569,4.32636031417337,0.5226181685142044,217.0,0.6568,0.0,0.0,0.0,0.0,0.0,0.0,0.0,0.0,0.0,0.0,0.0,0.0,8.755051713316286e-05,10.943814641645357,0.0,0.0,0.0,0.0,0.0,0.0,0.0,0.0,0.0,0.0,0.0,0.0,0.0,0.0,0.0,0.0,0.0,0.0,0.0,0.0
258,K19,C[NH+]1C2=C(C3=C([Pd-2]1([P+](C4CCCCC4)(C5CCCCC5)C6CCCCC6)OS(C)(=O)=O)C=CC=C3)C=CC=C2,PCy Pd G4,0.10627216000000012 milligram,0.16000000000000003 micromole,0.10627216000000014 microliter,C32H48NO3PPdS,CC1=C(N2CCCC2=O)C=CC(Br)=C1,1-(4-bromo-2-methylphenyl)pyrrolidin-2-one,0.20330160000000003 milligram,0.8 micromole,0.20330160000000008 microliter,C11H12BrNO,B1(OC(C(O1)(C)C)(C)C)C2=CN=C(C=C2)C,"2-methyl-5-(4,4,5,5-tetramethyl-1,3,2-dioxaborolan-2-yl)pyridine",0.21032928 milligram,0.9600000000000001 micromole,0.21032928000000006 microliter,C12H18BNO2,O=C([O-])[O-].[Na+].[Na+],Na2CO3,0.635928 milligram,6.0 micromole,0.6359280000000002 microliter,CNa2O3,CN1C=NC2=C1C(=O)N(C(=O)N2C)C,caffeine,0.1553528 milligram,0.8 micromole,0.15535280000000004 microliter,C8H10N4O2,C1COCCO1,dioxane,32.445 milligram,368.2496084262139 micromole,31.5 microliter,C4H8O2,O,water,3.5 milligram,194.2825423258396 micromole,3.5 microliter,H2O,Cc1ccc(-c2ccc(N3CCCC3=O)c(C)c2)cn1,suzuki_product_0,0.0 milligram,0.0 micromole,0 microliter,C17H18N2O,Cc1ccccc1N1CCCC1=O,dehalogenation_0,0.0 milligram,0.0 micromole,0 microliter,C11H13NO,Cc1ccccn1,deborylation_0,0.0 milligram,0.0 micromole,0 microliter,C6H7N,CC1=C(N2CCCC2=O)C=CC(Br)=C1.B1(OC(C(O1)(C)C)(C)C)C2=CN=C(C=C2)C>>Cc1ccc(-c2ccc(N3CCCC3=O)c(C)c2)cn1.Cc1ccccc1N1CCCC1=O.Cc1ccccn1,001_RLN-NB-2443_007_K19,,,,,,,,,3/30/2023 3:12:26 AM,kat78-2-k19-a1_03_22_2023_259.raw,2min_150_1200.EXP,001_RLN-NB-2443_007_K19,KAT78-2-K19-A1_KAT78-2-K19-A1_KAT78-2-K19-A1,0,0,0,0,0,0,0,0,0,0,0,0,0,0,0,deborylation_0,0,0,0,0,0,178.0643741286028,49.17291075739616,4.356203460342418,194.9,0.7334,0,0,0,0,0,0,0,0,0,0,0,0,0,0,0,0,0,0,0,0,0,0,0,0,0,0,0,0,0,0,0,0,0,0,0,80.3679811180819,18.88789871820978,1.6732694584789614,255.8,1.1868,15.439859951484655,3.6158573785324215,0.32032698861737424,266.9,0.7892533080731888,0.0,0.0,0.0,0.0,0.0,0.0,0.0,0.0,0.0,0.0,0.0,0.0,5.8826818633892746e-05,7.353352329236593,0.0,0.0,0.0,0.0,0.0,0.0,0.0,0.0,0.0,0.0,0.0,0.0,0.0,0.0,0.0,0.0,0.0,0.0,0.0003072894962252171,38.411187028152135
259,K20,C[NH+]1C2=C(C3=C([Pd-2]1([P+](C4CCCCC4)(C5CCCCC5)C6CCCCC6)OS(C)(=O)=O)C=CC=C3)C=CC=C2,PCy Pd G4,0.10627216000000012 milligram,0.16000000000000003 micromole,0.10627216000000014 microliter,C32H48NO3PPdS,CC1=C(N2CCCC2=O)C=CC(Br)=C1,1-(4-bromo-2-methylphenyl)pyrrolidin-2-one,0.20330160000000003 milligram,0.8 micromole,0.20330160000000008 microliter,C11H12BrNO,B1(OC(C(O1)(C)C)(C)C)C2=CN(N=C2C)C,"1,3-dimethyl-4-(4,4,5,5-tetramethyl-1,3,2-dioxaborolan-2-yl)-1H-pyrazole",0.21321311999999998 milligram,0.9600000000000001 micromole,0.21321312000000003 microliter,C11H19BN2O2,O=C([O-])[O-].[Na+].[Na+],Na2CO3,0.635928 milligram,6.0 micromole,0.6359280000000002 microliter,CNa2O3,CN1C=NC2=C1C(=O)N(C(=O)N2C)C,caffeine,0.1553528 milligram,0.8 micromole,0.15535280000000004 microliter,C8H10N4O2,C1COCCO1,dioxane,32.445 milligram,368.2496084262139 micromole,31.5 microliter,C4H8O2,O,water,3.5 milligram,194.2825423258396 micromole,3.5 microliter,H2O,Cc1cc(-c2cn(C)nc2C)ccc1N1CCCC1=O,suzuki_product_0,0.0 milligram,0.0 micromole,0 microliter,C16H19N3O,Cc1ccccc1N1CCCC1=O,dehalogenation_0,0.0 milligram,0.0 micromole,0 microliter,C11H13NO,Cc1ccn(C)n1,deborylation_0,0.0 milligram,0.0 micromole,0 microliter,C5H8N2,CC1=C(N2CCCC2=O)C=CC(Br)=C1.B1(OC(C(O1)(C)C)(C)C)C2=CN(N=C2C)C>>Cc1cc(-c2cn(C)nc2C)ccc1N1CCCC1=O.Cc1ccccc1N1CCCC1=O.Cc1ccn(C)n1,001_RLN-NB-2443_007_K20,,,,,,,,,3/30/2023 3:14:53 AM,kat78-2-k20-a1_03_22_2023_260.raw,2min_150_1200.EXP,001_RLN-NB-2443_007_K20,KAT78-2-K20-A1_KAT78-2-K20-A1_KAT78-2-K20-A1,0,0,0,0,0,0,0,0,0,0,0,0,0,0,0,deborylation_0,0,0,0,0,0,172.5814494181482,33.966935210501155,4.479520369730896,194.9,0.7351,0,0,0,0,0,0,0,0,0,0,0,0,0,0,0,0,0,0,0,0,0,0,0,0,0,0,0,0,0,0,0,0,0,0,0,68.00895819194143,10.771231025829668,1.4204975658906238,255.8,1.1901,36.54982318946434,6.499042993446929,0.8570863191655274,269.9,0.9968,0.0,0.0,0.0,0.0,0.0,0.0,0.0,0.0,0.0,0.0,0.0,0.0,0.00015306751588086047,19.133439485107555,0.0,0.0,0.0,0.0,0.0,0.0,0.0,0.0,0.0,0.0,0.0,0.0,0.0,0.0,0.0,0.0,0.0,0.0,0.0002536874394837873,31.710929935473413
260,K21,C[NH+]1C2=C(C3=C([Pd-2]1([P+](C4CCCCC4)(C5CCCCC5)C6CCCCC6)OS(C)(=O)=O)C=CC=C3)C=CC=C2,PCy Pd G4,0.10627216000000012 milligram,0.16000000000000003 micromole,0.10627216000000014 microliter,C32H48NO3PPdS,CC1=C(N2CCCC2=O)C=CC(Br)=C1,1-(4-bromo-2-methylphenyl)pyrrolidin-2-one,0.20330160000000003 milligram,0.8 micromole,0.20330160000000008 microliter,C11H12BrNO,B1(OC(C(O1)(C)C)(C)C)C2=CCN(CC2)C(=O)OC(C)(C)C,"N-Boc-1,2,5,6-tetrahydropyridine-4-boronic acid pinacol ester",0.29684640000000007 milligram,0.9600000000000001 micromole,0.2968464000000001 microliter,C16H28BNO4,O=C([O-])[O-].[Na+].[Na+],Na2CO3,0.635928 milligram,6.0 micromole,0.6359280000000002 microliter,CNa2O3,CN1C=NC2=C1C(=O)N(C(=O)N2C)C,caffeine,0.1553528 milligram,0.8 micromole,0.15535280000000004 microliter,C8H10N4O2,C1COCCO1,dioxane,32.445 milligram,368.2496084262139 micromole,31.5 microliter,C4H8O2,O,water,3.5 milligram,194.2825423258396 micromole,3.5 microliter,H2O,Cc1cc(C2=CCN(C(=O)OC(C)(C)C)CC2)ccc1N1CCCC1=O,suzuki_product_0,0.0 milligram,0.0 micromole,0 microliter,C21H28N2O3,Cc1ccccc1N1CCCC1=O,dehalogenation_0,0.0 milligram,0.0 micromole,0 microliter,C11H13NO,CC(C)(C)OC(=O)N1CC=CCC1,deborylation_0,0.0 milligram,0.0 micromole,0 microliter,C10H17NO2,CC1=C(N2CCCC2=O)C=CC(Br)=C1.B1(OC(C(O1)(C)C)(C)C)C2=CCN(CC2)C(=O)OC(C)(C)C>>Cc1cc(C2=CCN(C(=O)OC(C)(C)C)CC2)ccc1N1CCCC1=O.Cc1ccccc1N1CCCC1=O.CC(C)(C)OC(=O)N1CC=CCC1,001_RLN-NB-2443_007_K21,,,,,,,,,3/30/2023 3:17:19 AM,kat78-2-k21-a1_03_22_2023_261.raw,2min_150_1200.EXP,001_RLN-NB-2443_007_K21,KAT78-2-K21-A1_KAT78-2-K21-A1_KAT78-2-K21-A1,0,0,0,0,0,0,0,0,0,0,0,0,0,0,0,deborylation_0,0,0,0,0,0,177.43153164493796,14.376271114178662,4.558964207738022,195,0.7318,348.57734071411915,29.643320597053247,9.400409642190443,357.1,1.3234,16.114908312933075,1.1266473990174461,0.35727937558133066,289,1.0268,19.869216965871992,1.4413424939971826,0.4570746328471994,309,1.5384,0,0,0,0,0,0,0,0,0,0,0,0,0,0,0,0,0,0,0,0,52.240133986231555,3.4796349246748006,1.1034524148575722,255.5,1.1868,0.0,0.0,0.0,0.0,0.0,0.0,0.0,0.0,0.0,0.0,0.0,0.0,0.0,0.0,0.0,0.0,0.0,0.0,0.0,6.26948331772227e-05,7.836854147152837,0.00164956936950458,206.19617118807247,0.0,0.0,8.02067508354459e-05,10.025843854430736,0.0,0.0,0.0,0.0,0.0,0.0,0.0,0.0,0.0,0.0,0.0001936321259964551,24.204015749556888
261,K22,C[NH+]1C2=C(C3=C([Pd-2]1([P+](C4CCCCC4)(C5CCCCC5)C6CCCCC6)OS(C)(=O)=O)C=CC=C3)C=CC=C2,PCy Pd G4,0.10627216000000012 milligram,0.16000000000000003 micromole,0.10627216000000014 microliter,C32H48NO3PPdS,CC1=C(N2CCCC2=O)C=CC(Br)=C1,1-(4-bromo-2-methylphenyl)pyrrolidin-2-one,0.20330160000000003 milligram,0.8 micromole,0.20330160000000008 microliter,C11H12BrNO,B1(OC(C(O1)(C)C)(C)C)C2=CCN(CC2)C(=O)OC(C)(C)C,"N-Boc-1,2,5,6-tetrahydropyridine-4-boronic acid pinacol ester",0.29684640000000007 milligram,0.9600000000000001 micromole,0.2968464000000001 microliter,C16H28BNO4,O=C([O-])[O-].[Na+].[Na+],Na2CO3,0.635928 milligram,6.0 micromole,0.6359280000000002 microliter,CNa2O3,CN1C=NC2=C1C(=O)N(C(=O)N2C)C,caffeine,0.1553528 milligram,0.8 micromole,0.15535280000000004 microliter,C8H10N4O2,C1COCCO1,dioxane,32.445 milligram,368.2496084262139 micromole,31.5 microliter,C4H8O2,O,water,3.5 milligram,194.2825423258396 micromole,3.5 microliter,H2O,Cc1cc(C2=CCN(C(=O)OC(C)(C)C)CC2)ccc1N1CCCC1=O,suzuki_product_0,0.0 milligram,0.0 micromole,0 microliter,C21H28N2O3,Cc1ccccc1N1CCCC1=O,dehalogenation_0,0.0 milligram,0.0 micromole,0 microliter,C11H13NO,CC(C)(C)OC(=O)N1CC=CCC1,deborylation_0,0.0 milligram,0.0 micromole,0 microliter,C10H17NO2,CC1=C(N2CCCC2=O)C=CC(Br)=C1.B1(OC(C(O1)(C)C)(C)C)C2=CCN(CC2)C(=O)OC(C)(C)C>>Cc1cc(C2=CCN(C(=O)OC(C)(C)C)CC2)ccc1N1CCCC1=O.Cc1ccccc1N1CCCC1=O.CC(C)(C)OC(=O)N1CC=CCC1,001_RLN-NB-2443_007_K22,,,,,,,,,3/30/2023 3:19:45 AM,kat78-2-k22-a1_03_22_2023_262.raw,2min_150_1200.EXP,001_RLN-NB-2443_007_K22,KAT78-2-K22-A1_KAT78-2-K22-A1_KAT78-2-K22-A1,0,0,0,0,0,0,0,0,0,0,0,0,0,0,0,deborylation_0,0,0,0,0,0,177.0011598970345,14.606303935756218,4.472479013125754,194.9,0.7318,312.2036907733511,26.778267711984622,8.19955827815749,357.1,1.3251,0,0,0,0,0,20.52188952482869,1.592874811633483,0.4877414024041773,309,1.5368,0,0,0,0,0,0,0,0,0,0,0,0,0,0,0,0,0,0,0,0,57.78915588308906,3.8743804848474332,1.1863429299814165,255.9,1.1868,312.2036907733511,26.778267711984622,8.19955827815749,357.1,1.3251,0.0,0.0,0.0,0.0,0.0,0.0,0.0,0.0,0.0,0.0,0.0,0.0,0.0014666690672610993,183.33363340763742,0.0,0.0,0.0014666690672610993,183.33363340763742,0.0,0.0,8.72431420646603e-05,10.905392758082538,0.0,0.0,0.0,0.0,0.0,0.0,0.0,0.0,0.0,0.0,0.0002122031967505731,26.525399593821636
262,K23,C[NH+]1C2=C(C3=C([Pd-2]1([P+](C4CCCCC4)(C5CCCCC5)C6CCCCC6)OS(C)(=O)=O)C=CC=C3)C=CC=C2,PCy Pd G4,0.10627216000000012 milligram,0.16000000000000003 micromole,0.10627216000000014 microliter,C32H48NO3PPdS,CC1=C(N2CCCC2=O)C=CC(Br)=C1,1-(4-bromo-2-methylphenyl)pyrrolidin-2-one,0.20330160000000003 milligram,0.8 micromole,0.20330160000000008 microliter,C11H12BrNO,B1(OC(C(O1)(C)C)(C)C)C2=CC=C(C=C2)N,"4-(4,4,5,5-tetramethyl-1,3,2-dioxaborolan-2-yl)aniline",0.21032928 milligram,0.9600000000000001 micromole,0.21032928000000006 microliter,C12H18BNO2,O=C([O-])[O-].[Na+].[Na+],Na2CO3,0.635928 milligram,6.0 micromole,0.6359280000000002 microliter,CNa2O3,CN1C=NC2=C1C(=O)N(C(=O)N2C)C,caffeine,0.1553528 milligram,0.8 micromole,0.15535280000000004 microliter,C8H10N4O2,C1COCCO1,dioxane,32.445 milligram,368.2496084262139 micromole,31.5 microliter,C4H8O2,O,water,3.5 milligram,194.2825423258396 micromole,3.5 microliter,H2O,Cc1cc(-c2ccc(N)cc2)ccc1N1CCCC1=O,suzuki_product_0,0.0 milligram,0.0 micromole,0 microliter,C17H18N2O,Cc1ccccc1N1CCCC1=O,dehalogenation_0,0.0 milligram,0.0 micromole,0 microliter,C11H13NO,Nc1ccccc1,deborylation_0,0.0 milligram,0.0 micromole,0 microliter,C6H7N,CC1=C(N2CCCC2=O)C=CC(Br)=C1.B1(OC(C(O1)(C)C)(C)C)C2=CC=C(C=C2)N>>Cc1cc(-c2ccc(N)cc2)ccc1N1CCCC1=O.Cc1ccccc1N1CCCC1=O.Nc1ccccc1,001_RLN-NB-2443_007_K23,,,,,,,,,3/30/2023 3:22:11 AM,kat78-2-k23-a1_03_22_2023_263.raw,2min_150_1200.EXP,001_RLN-NB-2443_007_K23,KAT78-2-K23-A1_KAT78-2-K23-A1_KAT78-2-K23-A1,0,0,0,0,0,0,0,0,0,0,0,0,0,0,0,deborylation_0,0,0,0,0,0,176.9144839400608,25.212795252440586,4.576139910880953,195,0.7318,0,0,0,0,0,0,0,0,0,0,0,0,0,0,0,0,0,0,0,0,0,0,0,0,0,0,0,0,0,0,0,0,0,0,0,80.48362869208773,8.697730930911113,1.5786442260182665,255.8,1.1868,70.6427828265264,9.623957419355223,1.746754979222988,267.0,0.8834,0.0,0.0,0.0,0.0,0.0,0.0,0.0,0.0,0.0,0.0,0.0,0.0,0.00030536740803219366,38.17092600402421,0.0,0.0,0.0,0.0,0.0,0.0,0.0,0.0,0.0,0.0,0.0,0.0,0.0,0.0,0.0,0.0,0.0,0.0,0.0002759783147826635,34.49728934783294
263,K24,C[NH+]1C2=C(C3=C([Pd-2]1([P+](C4CCCCC4)(C5CCCCC5)C6CCCCC6)OS(C)(=O)=O)C=CC=C3)C=CC=C2,PCy Pd G4,0.10627216000000012 milligram,0.16000000000000003 micromole,0.10627216000000014 microliter,C32H48NO3PPdS,CC1=C(N2CCCC2=O)C=CC(Br)=C1,1-(4-bromo-2-methylphenyl)pyrrolidin-2-one,0.20330160000000003 milligram,0.8 micromole,0.20330160000000008 microliter,C11H12BrNO,B1(OC(C(O1)(C)C)(C)C)C2=CC=C(C=C2)N,"4-(4,4,5,5-tetramethyl-1,3,2-dioxaborolan-2-yl)aniline",0.21032928 milligram,0.9600000000000001 micromole,0.21032928000000006 microliter,C12H18BNO2,O=C([O-])[O-].[Na+].[Na+],Na2CO3,0.635928 milligram,6.0 micromole,0.6359280000000002 microliter,CNa2O3,CN1C=NC2=C1C(=O)N(C(=O)N2C)C,caffeine,0.1553528 milligram,0.8 micromole,0.15535280000000004 microliter,C8H10N4O2,C1COCCO1,dioxane,32.445 milligram,368.2496084262139 micromole,31.5 microliter,C4H8O2,O,water,3.5 milligram,194.2825423258396 micromole,3.5 microliter,H2O,Cc1cc(-c2ccc(N)cc2)ccc1N1CCCC1=O,suzuki_product_0,0.0 milligram,0.0 micromole,0 microliter,C17H18N2O,Cc1ccccc1N1CCCC1=O,dehalogenation_0,0.0 milligram,0.0 micromole,0 microliter,C11H13NO,Nc1ccccc1,deborylation_0,0.0 milligram,0.0 micromole,0 microliter,C6H7N,CC1=C(N2CCCC2=O)C=CC(Br)=C1.B1(OC(C(O1)(C)C)(C)C)C2=CC=C(C=C2)N>>Cc1cc(-c2ccc(N)cc2)ccc1N1CCCC1=O.Cc1ccccc1N1CCCC1=O.Nc1ccccc1,001_RLN-NB-2443_007_K24,,,,,,,,,3/30/2023 3:24:38 AM,kat78-2-k24-a1_03_22_2023_264.raw,2min_150_1200.EXP,001_RLN-NB-2443_007_K24,KAT78-2-K24-A1_KAT78-2-K24-A1_KAT78-2-K24-A1,0,0,0,0,0,0,0,0,0,0,0,0,0,0,0,deborylation_0,0,0,0,0,0,249.4853264043408,25.383714578679317,6.491319167756881,195,0.7351,0,0,0,0,0,0,0,0,0,0,0,0,0,0,0,0,0,0,0,0,0,0,0,0,0,0,0,0,0,0,0,0,0,0,0,122.86960156769048,10.683005856820536,2.7319406099013186,253.9,1.1901,121.25525453172075,11.868811391671642,3.0351839423045495,267.2,0.8884,0.0,0.0,0.0,0.0,0.0,0.0,0.0,0.0,0.0,0.0,0.0,0.0,0.00037406066334013,46.75758291751625,0.0,0.0,0.0,0.0,0.0,0.0,0.0,0.0,0.0,0.0,0.0,0.0,0.0,0.0,0.0,0.0,0.0,0.0,0.00033668849604205907,42.08606200525738
264,L1,C[NH+]1C2=C(C3=C([Pd-2]1([P+](C4CCCCC4)(C5CCCCC5)C6CCCCC6)OS(C)(=O)=O)C=CC=C3)C=CC=C2,PCy Pd G4,0.10627216000000012 milligram,0.16000000000000003 micromole,0.10627216000000014 microliter,C32H48NO3PPdS,BrC1=CC=CN2C=CN=C12,"8-bromoimidazo[1,2-a]pyridine",0.15762800000000002 milligram,0.8 micromole,0.15762800000000005 microliter,C7H5BrN2,B1(OC(C(O1)(C)C)(C)C)C2=CN=C(C=C2)C,"2-methyl-5-(4,4,5,5-tetramethyl-1,3,2-dioxaborolan-2-yl)pyridine",0.21032928 milligram,0.9600000000000001 micromole,0.21032928000000006 microliter,C12H18BNO2,O=C([O-])[O-].[Na+].[Na+],Na2CO3,0.635928 milligram,6.0 micromole,0.6359280000000002 microliter,CNa2O3,CN1C=NC2=C1C(=O)N(C(=O)N2C)C,caffeine,0.1553528 milligram,0.8 micromole,0.15535280000000004 microliter,C8H10N4O2,C1COCCO1,dioxane,32.445 milligram,368.2496084262139 micromole,31.5 microliter,C4H8O2,O,water,3.5 milligram,194.2825423258396 micromole,3.5 microliter,H2O,Cc1ccc(-c2cccn3ccnc23)cn1,suzuki_product_0,0.0 milligram,0.0 micromole,0 microliter,C13H11N3,c1ccn2ccnc2c1,dehalogenation_0,0.0 milligram,0.0 micromole,0 microliter,C7H6N2,Cc1ccccn1,deborylation_0,0.0 milligram,0.0 micromole,0 microliter,C6H7N,BrC1=CC=CN2C=CN=C12.B1(OC(C(O1)(C)C)(C)C)C2=CN=C(C=C2)C>>Cc1ccc(-c2cccn3ccnc23)cn1.c1ccn2ccnc2c1.Cc1ccccn1,001_RLN-NB-2443_007_L1,,,,,,,,,3/30/2023 3:27:03 AM,kat78-2-l1-a1_03_22_2023_265.raw,2min_150_1200.EXP,001_RLN-NB-2443_007_L1,KAT78-2-L1-A1_KAT78-2-L1-A1_KAT78-2-L1-A1,0,0,0,0,0,0,0,0,0,0,0,0,0,0,0,deborylation_0,190.73873759629558,56.72442155504689,4.881416242676712,195,0.7334,190.73873759629558,56.72442155504689,4.881416242676712,195,0.7334,0,0,0,0,0,0,0,0,0,0,0,0,0,0,0,0,0,0,0,0,0,0,0,0,0,0,0,0,0,0,0,0,0,0,0,0,0,0,0,0,0.0,0.0,0.0,0.0,0.0,0.0,0.0,0.0,0.0,0.0,0.0,0.0,0.0,0.0,0.0,0.0008,100.0,0.0,0.0,0.0,0.0,0.0,0.0,0.0,0.0,0.0,0.0,0.0,0.0,0.0,0.0,0.0,0.0,0.0,0.0,0.0,0.0,0.0,0.0
265,L2,C[NH+]1C2=C(C3=C([Pd-2]1([P+](C4CCCCC4)(C5CCCCC5)C6CCCCC6)OS(C)(=O)=O)C=CC=C3)C=CC=C2,PCy Pd G4,0.10627216000000012 milligram,0.16000000000000003 micromole,0.10627216000000014 microliter,C32H48NO3PPdS,BrC1=CC=CN2C=CN=C12,"8-bromoimidazo[1,2-a]pyridine",0.15762800000000002 milligram,0.8 micromole,0.15762800000000005 microliter,C7H5BrN2,B1(OC(C(O1)(C)C)(C)C)C2=CN(N=C2C)C,"1,3-dimethyl-4-(4,4,5,5-tetramethyl-1,3,2-dioxaborolan-2-yl)-1H-pyrazole",0.21321311999999998 milligram,0.9600000000000001 micromole,0.21321312000000003 microliter,C11H19BN2O2,O=C([O-])[O-].[Na+].[Na+],Na2CO3,0.635928 milligram,6.0 micromole,0.6359280000000002 microliter,CNa2O3,CN1C=NC2=C1C(=O)N(C(=O)N2C)C,caffeine,0.1553528 milligram,0.8 micromole,0.15535280000000004 microliter,C8H10N4O2,C1COCCO1,dioxane,32.445 milligram,368.2496084262139 micromole,31.5 microliter,C4H8O2,O,water,3.5 milligram,194.2825423258396 micromole,3.5 microliter,H2O,Cc1nn(C)cc1-c1cccn2ccnc12,suzuki_product_0,0.0 milligram,0.0 micromole,0 microliter,C12H12N4,c1ccn2ccnc2c1,dehalogenation_0,0.0 milligram,0.0 micromole,0 microliter,C7H6N2,Cc1ccn(C)n1,deborylation_0,0.0 milligram,0.0 micromole,0 microliter,C5H8N2,BrC1=CC=CN2C=CN=C12.B1(OC(C(O1)(C)C)(C)C)C2=CN(N=C2C)C>>Cc1nn(C)cc1-c1cccn2ccnc12.c1ccn2ccnc2c1.Cc1ccn(C)n1,001_RLN-NB-2443_007_L2,,,,,,,,,3/30/2023 3:29:29 AM,kat78-2-l2-a1_03_22_2023_266.raw,2min_150_1200.EXP,001_RLN-NB-2443_007_L2,KAT78-2-L2-A1_KAT78-2-L2-A1_KAT78-2-L2-A1,0,0,0,0,0,0,0,0,0,0,0,0,0,0,0,deborylation_0,180.2661718457759,34.48741521064676,4.5999277440250985,195,0.7334,180.2661718457759,34.48741521064676,4.5999277440250985,195,0.7334,0,0,0,0,0,0,0,0,0,0,0,0,0,0,0,0,0,0,0,0,0,0,0,0,0,0,0,0,0,0,0,0,0,0,0,0,0,0,0,0,0.0,0.0,0.0,0.0,0.0,0.0,0.0,0.0,0.0,0.0,0.0,0.0,0.0,0.0,0.0,0.0008,100.0,0.0,0.0,0.0,0.0,0.0,0.0,0.0,0.0,0.0,0.0,0.0,0.0,0.0,0.0,0.0,0.0,0.0,0.0,0.0,0.0,0.0,0.0
266,L3,C[NH+]1C2=C(C3=C([Pd-2]1([P+](C4CCCCC4)(C5CCCCC5)C6CCCCC6)OS(C)(=O)=O)C=CC=C3)C=CC=C2,PCy Pd G4,0.10627216000000012 milligram,0.16000000000000003 micromole,0.10627216000000014 microliter,C32H48NO3PPdS,BrC1=CC=CN2C=CN=C12,"8-bromoimidazo[1,2-a]pyridine",0.15762800000000002 milligram,0.8 micromole,0.15762800000000005 microliter,C7H5BrN2,B1(OC(C(O1)(C)C)(C)C)C2=CCN(CC2)C(=O)OC(C)(C)C,"N-Boc-1,2,5,6-tetrahydropyridine-4-boronic acid pinacol ester",0.29684640000000007 milligram,0.9600000000000001 micromole,0.2968464000000001 microliter,C16H28BNO4,O=C([O-])[O-].[Na+].[Na+],Na2CO3,0.635928 milligram,6.0 micromole,0.6359280000000002 microliter,CNa2O3,CN1C=NC2=C1C(=O)N(C(=O)N2C)C,caffeine,0.1553528 milligram,0.8 micromole,0.15535280000000004 microliter,C8H10N4O2,C1COCCO1,dioxane,32.445 milligram,368.2496084262139 micromole,31.5 microliter,C4H8O2,O,water,3.5 milligram,194.2825423258396 micromole,3.5 microliter,H2O,CC(C)(C)OC(=O)N1CC=C(c2cccn3ccnc23)CC1,suzuki_product_0,0.0 milligram,0.0 micromole,0 microliter,C17H21N3O2,c1ccn2ccnc2c1,dehalogenation_0,0.0 milligram,0.0 micromole,0 microliter,C7H6N2,CC(C)(C)OC(=O)N1CC=CCC1,deborylation_0,0.0 milligram,0.0 micromole,0 microliter,C10H17NO2,BrC1=CC=CN2C=CN=C12.B1(OC(C(O1)(C)C)(C)C)C2=CCN(CC2)C(=O)OC(C)(C)C>>CC(C)(C)OC(=O)N1CC=C(c2cccn3ccnc23)CC1.c1ccn2ccnc2c1.CC(C)(C)OC(=O)N1CC=CCC1,001_RLN-NB-2443_007_L3,,,,,,,,,3/30/2023 3:31:56 AM,kat78-2-l3-a1_03_22_2023_267.raw,2min_150_1200.EXP,001_RLN-NB-2443_007_L3,KAT78-2-L3-A1_KAT78-2-L3-A1_KAT78-2-L3-A1,0,0,0,0,0,0,0,0,0,0,0,0,0,0,0,deborylation_0,0,0,0,0,0,168.93319899867632,16.30881226397218,4.3754428823319635,195,0.7351,0,0,0,0,0,0,0,0,0,0,43.209886881697315,4.642767388924608,1.2455942957335515,309,1.5401,0,0,0,0,0,0,0,0,0,0,0,0,0,0,0,0,0,0,0,0,0,0,0,0,0,156.92655926221656,16.176039714863357,4.339821728837506,243.9,0.8718,0.0,0.0,0.0,0.0,0.0,0.0,0.0,0.0,0.0,0.0,0.0,0.0,0.0007934870769515386,99.18588461894232,0.0,0.0,0.0,0.0,0.0,0.0,0.0002277427596211137,28.46784495263921,0.0,0.0,0.0,0.0,0.0,0.0,0.0,0.0,0.0,0.0,0.0,0.0
267,L4,C[NH+]1C2=C(C3=C([Pd-2]1([P+](C4CCCCC4)(C5CCCCC5)C6CCCCC6)OS(C)(=O)=O)C=CC=C3)C=CC=C2,PCy Pd G4,0.10627216000000012 milligram,0.16000000000000003 micromole,0.10627216000000014 microliter,C32H48NO3PPdS,BrC1=CC=CN2C=CN=C12,"8-bromoimidazo[1,2-a]pyridine",0.15762800000000002 milligram,0.8 micromole,0.15762800000000005 microliter,C7H5BrN2,B1(OC(C(O1)(C)C)(C)C)C2=CCN(CC2)C(=O)OC(C)(C)C,"N-Boc-1,2,5,6-tetrahydropyridine-4-boronic acid pinacol ester",0.29684640000000007 milligram,0.9600000000000001 micromole,0.2968464000000001 microliter,C16H28BNO4,O=C([O-])[O-].[Na+].[Na+],Na2CO3,0.635928 milligram,6.0 micromole,0.6359280000000002 microliter,CNa2O3,CN1C=NC2=C1C(=O)N(C(=O)N2C)C,caffeine,0.1553528 milligram,0.8 micromole,0.15535280000000004 microliter,C8H10N4O2,C1COCCO1,dioxane,32.445 milligram,368.2496084262139 micromole,31.5 microliter,C4H8O2,O,water,3.5 milligram,194.2825423258396 micromole,3.5 microliter,H2O,CC(C)(C)OC(=O)N1CC=C(c2cccn3ccnc23)CC1,suzuki_product_0,0.0 milligram,0.0 micromole,0 microliter,C17H21N3O2,c1ccn2ccnc2c1,dehalogenation_0,0.0 milligram,0.0 micromole,0 microliter,C7H6N2,CC(C)(C)OC(=O)N1CC=CCC1,deborylation_0,0.0 milligram,0.0 micromole,0 microliter,C10H17NO2,BrC1=CC=CN2C=CN=C12.B1(OC(C(O1)(C)C)(C)C)C2=CCN(CC2)C(=O)OC(C)(C)C>>CC(C)(C)OC(=O)N1CC=C(c2cccn3ccnc23)CC1.c1ccn2ccnc2c1.CC(C)(C)OC(=O)N1CC=CCC1,001_RLN-NB-2443_007_L4,,,,,,,,,3/30/2023 3:34:23 AM,kat78-2-l4-a1_03_22_2023_268.raw,2min_150_1200.EXP,001_RLN-NB-2443_007_L4,KAT78-2-L4-A1_KAT78-2-L4-A1_KAT78-2-L4-A1,0,0,0,0,0,0,0,0,0,0,0,0,0,0,0,deborylation_0,0,0,0,0,0,171.49488608933748,15.969593814462876,4.355595806713511,194.9,0.7334,0,0,0,0,0,0,0,0,0,0,47.74774519804624,4.8915981192157805,1.3341494156782068,309,1.5418,0,0,0,0,0,0,0,0,0,0,0,0,0,0,0,0,0,0,0,0,0,0,0,0,0,151.4581932337481,15.629726064666825,4.262899238281809,244.0,0.8701,0.0,0.0,0.0,0.0,0.0,0.0,0.0,0.0,0.0,0.0,0.0,0.0,0.0007829742570164434,97.87178212705541,0.0,0.0,0.0,0.0,0.0,0.0,0.00024504558731033973,30.630698413792466,0.0,0.0,0.0,0.0,0.0,0.0,0.0,0.0,0.0,0.0,0.0,0.0
268,L5,C[NH+]1C2=C(C3=C([Pd-2]1([P+](C4CCCCC4)(C5CCCCC5)C6CCCCC6)OS(C)(=O)=O)C=CC=C3)C=CC=C2,PCy Pd G4,0.10627216000000012 milligram,0.16000000000000003 micromole,0.10627216000000014 microliter,C32H48NO3PPdS,BrC1=CC=CN2C=CN=C12,"8-bromoimidazo[1,2-a]pyridine",0.15762800000000002 milligram,0.8 micromole,0.15762800000000005 microliter,C7H5BrN2,B1(OC(C(O1)(C)C)(C)C)C2=CC=C(C=C2)N,"4-(4,4,5,5-tetramethyl-1,3,2-dioxaborolan-2-yl)aniline",0.21032928 milligram,0.9600000000000001 micromole,0.21032928000000006 microliter,C12H18BNO2,O=C([O-])[O-].[Na+].[Na+],Na2CO3,0.635928 milligram,6.0 micromole,0.6359280000000002 microliter,CNa2O3,CN1C=NC2=C1C(=O)N(C(=O)N2C)C,caffeine,0.1553528 milligram,0.8 micromole,0.15535280000000004 microliter,C8H10N4O2,C1COCCO1,dioxane,32.445 milligram,368.2496084262139 micromole,31.5 microliter,C4H8O2,O,water,3.5 milligram,194.2825423258396 micromole,3.5 microliter,H2O,Nc1ccc(-c2cccn3ccnc23)cc1,suzuki_product_0,0.0 milligram,0.0 micromole,0 microliter,C13H11N3,c1ccn2ccnc2c1,dehalogenation_0,0.0 milligram,0.0 micromole,0 microliter,C7H6N2,Nc1ccccc1,deborylation_0,0.0 milligram,0.0 micromole,0 microliter,C6H7N,BrC1=CC=CN2C=CN=C12.B1(OC(C(O1)(C)C)(C)C)C2=CC=C(C=C2)N>>Nc1ccc(-c2cccn3ccnc23)cc1.c1ccn2ccnc2c1.Nc1ccccc1,001_RLN-NB-2443_007_L5,,,,,,,,,3/30/2023 3:36:49 AM,kat78-2-l5-a1_03_22_2023_269.raw,2min_150_1200.EXP,001_RLN-NB-2443_007_L5,KAT78-2-L5-A1_KAT78-2-L5-A1_KAT78-2-L5-A1,0,0,0,0,0,0,0,0,0,0,0,0,0,0,0,deborylation_0,0,0,0,0,0,179.1272110298742,24.972636683348515,4.50239994190486,195,0.7334,0,0,0,0,0,0,0,0,0,0,0,0,0,0,0,16.252678186201425,2.90991474826289,0.5246382334254251,220,1.0951,0,0,0,0,0,0,0,0,0,0,0,0,0,0,0,0,0,0,0,0,34.980517993070244,5.680200439788168,1.024102278601724,209.9,0.6368,0.0,0.0,0.0,0.0,0.0,0.0,0.0,0.0,0.0,0.0,0.0,0.0,0.0001819655813461032,22.7456976682629,0.0,0.0,0.0,0.0,0.0,0.0,0.0,0.0,9.321930351721939e-05,11.652412939652423,0.0,0.0,0.0,0.0,0.0,0.0,0.0,0.0,0.0,0.0
269,L6,C[NH+]1C2=C(C3=C([Pd-2]1([P+](C4CCCCC4)(C5CCCCC5)C6CCCCC6)OS(C)(=O)=O)C=CC=C3)C=CC=C2,PCy Pd G4,0.10627216000000012 milligram,0.16000000000000003 micromole,0.10627216000000014 microliter,C32H48NO3PPdS,BrC1=CC=CN2C=CN=C12,"8-bromoimidazo[1,2-a]pyridine",0.15762800000000002 milligram,0.8 micromole,0.15762800000000005 microliter,C7H5BrN2,B1(OC(C(O1)(C)C)(C)C)C2=CC=C(C=C2)N,"4-(4,4,5,5-tetramethyl-1,3,2-dioxaborolan-2-yl)aniline",0.21032928 milligram,0.9600000000000001 micromole,0.21032928000000006 microliter,C12H18BNO2,O=C([O-])[O-].[Na+].[Na+],Na2CO3,0.635928 milligram,6.0 micromole,0.6359280000000002 microliter,CNa2O3,CN1C=NC2=C1C(=O)N(C(=O)N2C)C,caffeine,0.1553528 milligram,0.8 micromole,0.15535280000000004 microliter,C8H10N4O2,C1COCCO1,dioxane,32.445 milligram,368.2496084262139 micromole,31.5 microliter,C4H8O2,O,water,3.5 milligram,194.2825423258396 micromole,3.5 microliter,H2O,Nc1ccc(-c2cccn3ccnc23)cc1,suzuki_product_0,0.0 milligram,0.0 micromole,0 microliter,C13H11N3,c1ccn2ccnc2c1,dehalogenation_0,0.0 milligram,0.0 micromole,0 microliter,C7H6N2,Nc1ccccc1,deborylation_0,0.0 milligram,0.0 micromole,0 microliter,C6H7N,BrC1=CC=CN2C=CN=C12.B1(OC(C(O1)(C)C)(C)C)C2=CC=C(C=C2)N>>Nc1ccc(-c2cccn3ccnc23)cc1.c1ccn2ccnc2c1.Nc1ccccc1,001_RLN-NB-2443_007_L6,,,,,,,,,3/30/2023 3:39:16 AM,kat78-2-l6-a1_03_22_2023_270.raw,2min_150_1200.EXP,001_RLN-NB-2443_007_L6,KAT78-2-L6-A1_KAT78-2-L6-A1_KAT78-2-L6-A1,0,0,0,0,0,0,0,0,0,0,0,0,0,0,0,deborylation_0,0,0,0,0,0,163.39877357302984,23.416958683777054,4.115227675893293,195,0.7334,0,0,0,0,0,0,0,0,0,0,0,0,0,0,0,13.893775827957063,2.5131501776867657,0.4416536453155059,220,1.0951,0,0,0,0,0,0,0,0,0,0,0,0,0,0,0,0,0,0,0,0,35.94949653076294,6.029375373734036,1.0595847539983645,210.0,0.6368,0.0,0.0,0.0,0.0,0.0,0.0,0.0,0.0,0.0,0.0,0.0,0.0,0.00020598320918287666,25.74790114785958,0.0,0.0,0.0,0.0,0.0,0.0,0.0,0.0,8.585744072488258e-05,10.73218009061032,0.0,0.0,0.0,0.0,0.0,0.0,0.0,0.0,0.0,0.0
270,L7,C[NH+]1C2=C(C3=C([Pd-2]1([P+](C4CCCCC4)(C5CCCCC5)C6CCCCC6)OS(C)(=O)=O)C=CC=C3)C=CC=C2,PCy Pd G4,0.10627216000000012 milligram,0.16000000000000003 micromole,0.10627216000000014 microliter,C32H48NO3PPdS,CC1=CC(C=O)=C(C)N1C2=CC(Cl)=CC(Cl)=C2,"1-(3,5-dichlorophenyl)-2,5-dimethyl-1H-pyrrole-3-carbaldehyde",0.2145144 milligram,0.8 micromole,0.21451440000000005 microliter,C13H11Cl2NO,B1(OC(C(O1)(C)C)(C)C)C2=CN=C(C=C2)C,"2-methyl-5-(4,4,5,5-tetramethyl-1,3,2-dioxaborolan-2-yl)pyridine",0.21032928 milligram,0.9600000000000001 micromole,0.21032928000000006 microliter,C12H18BNO2,O=C([O-])[O-].[Na+].[Na+],Na2CO3,0.635928 milligram,6.0 micromole,0.6359280000000002 microliter,CNa2O3,CN1C=NC2=C1C(=O)N(C(=O)N2C)C,caffeine,0.1553528 milligram,0.8 micromole,0.15535280000000004 microliter,C8H10N4O2,C1COCCO1,dioxane,32.445 milligram,368.2496084262139 micromole,31.5 microliter,C4H8O2,O,water,3.5 milligram,194.2825423258396 micromole,3.5 microliter,H2O,Cc1ccc(-c2cc(Cl)cc(-n3c(C)cc(C=O)c3C)c2)cn1,suzuki_product_0,0.0 milligram,0.0 micromole,0 microliter,C19H17ClN2O,Cc1ccc(-c2cc(-c3ccc(C)nc3)cc(-n3c(C)cc(C=O)c3C)c2)cn1,bis_addition_1,0.0 milligram,0.0 micromole,0 microliter,C25H23N3O,Cc1cc(C=O)c(C)n1-c1cccc(Cl)c1,dehalogenation_0,0.0 milligram,0.0 micromole,0 microliter,C13H12ClNO,CC1=CC(C=O)=C(C)N1C2=CC(Cl)=CC(Cl)=C2.B1(OC(C(O1)(C)C)(C)C)C2=CN=C(C=C2)C>>Cc1ccc(-c2cc(Cl)cc(-n3c(C)cc(C=O)c3C)c2)cn1.Cc1ccc(-c2cc(-c3ccc(C)nc3)cc(-n3c(C)cc(C=O)c3C)c2)cn1.Cc1cc(C=O)c(C)n1-c1cccc(Cl)c1.Cc1ccccn1,001_RLN-NB-2443_007_L7,,,Cc1ccccn1,deborylation_0,0.0 milligram,0.0 micromole,0 microliter,C6H7N,3/30/2023 3:41:43 AM,kat78-2-l7-a1_03_22_2023_271.raw,2min_150_1200.EXP,001_RLN-NB-2443_007_L7,KAT78-2-L7-A1_KAT78-2-L7-A1_KAT78-2-L7-A1,0,0,0,0,0,0,0,0,0,0,0,0,0,0,0,bis_addition_1,0,0,0,0,0,176.2271027789836,60.318607204212235,4.4857908846848416,194.9,0.7334,0,0,0,0,0,0,0,0,0,0,0,0,0,0,0,0,0,0,0,0,0,0,0,0,0,0,0,0,0,0,0,0,0,0,0,0,0,0,0,0,0.0,0.0,0.0,0.0,0.0,0.0,0.0,0.0,0.0,0.0,0.0,0.0,0.0,0.0,0.0,0.0,0.0,0.0,0.0,0.0,0.0,0.0,0.0,0.0,0.0,0.0,0.0,0.0,0.0,0.0,0.0,0.0,0.0,0.0,0.0,0.0,0.0,0.0,0.0
271,L8,C[NH+]1C2=C(C3=C([Pd-2]1([P+](C4CCCCC4)(C5CCCCC5)C6CCCCC6)OS(C)(=O)=O)C=CC=C3)C=CC=C2,PCy Pd G4,0.10627216000000012 milligram,0.16000000000000003 micromole,0.10627216000000014 microliter,C32H48NO3PPdS,CC1=CC(C=O)=C(C)N1C2=CC(Cl)=CC(Cl)=C2,"1-(3,5-dichlorophenyl)-2,5-dimethyl-1H-pyrrole-3-carbaldehyde",0.2145144 milligram,0.8 micromole,0.21451440000000005 microliter,C13H11Cl2NO,B1(OC(C(O1)(C)C)(C)C)C2=CN(N=C2C)C,"1,3-dimethyl-4-(4,4,5,5-tetramethyl-1,3,2-dioxaborolan-2-yl)-1H-pyrazole",0.21321311999999998 milligram,0.9600000000000001 micromole,0.21321312000000003 microliter,C11H19BN2O2,O=C([O-])[O-].[Na+].[Na+],Na2CO3,0.635928 milligram,6.0 micromole,0.6359280000000002 microliter,CNa2O3,CN1C=NC2=C1C(=O)N(C(=O)N2C)C,caffeine,0.1553528 milligram,0.8 micromole,0.15535280000000004 microliter,C8H10N4O2,C1COCCO1,dioxane,32.445 milligram,368.2496084262139 micromole,31.5 microliter,C4H8O2,O,water,3.5 milligram,194.2825423258396 micromole,3.5 microliter,H2O,Cc1nn(C)cc1-c1cc(Cl)cc(-n2c(C)cc(C=O)c2C)c1,suzuki_product_0,0.0 milligram,0.0 micromole,0 microliter,C18H18ClN3O,Cc1nn(C)cc1-c1cc(-c2cn(C)nc2C)cc(-n2c(C)cc(C=O)c2C)c1,bis_addition_1,0.0 milligram,0.0 micromole,0 microliter,C23H25N5O,Cc1cc(C=O)c(C)n1-c1cccc(Cl)c1,dehalogenation_0,0.0 milligram,0.0 micromole,0 microliter,C13H12ClNO,CC1=CC(C=O)=C(C)N1C2=CC(Cl)=CC(Cl)=C2.B1(OC(C(O1)(C)C)(C)C)C2=CN(N=C2C)C>>Cc1nn(C)cc1-c1cc(Cl)cc(-n2c(C)cc(C=O)c2C)c1.Cc1nn(C)cc1-c1cc(-c2cn(C)nc2C)cc(-n2c(C)cc(C=O)c2C)c1.Cc1cc(C=O)c(C)n1-c1cccc(Cl)c1.Cc1ccn(C)n1,001_RLN-NB-2443_007_L8,,,Cc1ccn(C)n1,deborylation_0,0.0 milligram,0.0 micromole,0 microliter,C5H8N2,3/30/2023 3:44:10 AM,kat78-2-l8-a1_03_22_2023_272.raw,2min_150_1200.EXP,001_RLN-NB-2443_007_L8,KAT78-2-L8-A1_KAT78-2-L8-A1_KAT78-2-L8-A1,0,0,0,0,0,0,0,0,0,0,0,0,0,0,0,bis_addition_2,0,0,0,0,0,174.3236203272998,26.435938207854658,4.430195379156431,195,0.7334,0,0,0,0,0,0,0,0,0,0,0,0,0,0,0,0,0,0,0,0,0,0,0,0,0,0,0,0,0,0,0,0,0,0,0,0,0,0,0,0,15.90974632212186,2.134267702070506,0.3576654944966633,327.9,1.2118,0.0,0.0,0.0,0.0,0.0,220.2492011933943,26.07215512339387,4.369231772450973,267.8,1.3268,0.0,0.0,6.458685703649804e-05,8.073357129562254,0.0,0.0,0.0,0.0,0.0,0.0,0.0,0.0,0.0,0.0,0.000788991256323857,98.62390704048212,0.0,0.0,0.0,0.0,0.0,0.0,0.0,0.0
272,L9,C[NH+]1C2=C(C3=C([Pd-2]1([P+](C4CCCCC4)(C5CCCCC5)C6CCCCC6)OS(C)(=O)=O)C=CC=C3)C=CC=C2,PCy Pd G4,0.10627216000000012 milligram,0.16000000000000003 micromole,0.10627216000000014 microliter,C32H48NO3PPdS,CC1=CC(C=O)=C(C)N1C2=CC(Cl)=CC(Cl)=C2,"1-(3,5-dichlorophenyl)-2,5-dimethyl-1H-pyrrole-3-carbaldehyde",0.2145144 milligram,0.8 micromole,0.21451440000000005 microliter,C13H11Cl2NO,B1(OC(C(O1)(C)C)(C)C)C2=CCN(CC2)C(=O)OC(C)(C)C,"N-Boc-1,2,5,6-tetrahydropyridine-4-boronic acid pinacol ester",0.29684640000000007 milligram,0.9600000000000001 micromole,0.2968464000000001 microliter,C16H28BNO4,O=C([O-])[O-].[Na+].[Na+],Na2CO3,0.635928 milligram,6.0 micromole,0.6359280000000002 microliter,CNa2O3,CN1C=NC2=C1C(=O)N(C(=O)N2C)C,caffeine,0.1553528 milligram,0.8 micromole,0.15535280000000004 microliter,C8H10N4O2,C1COCCO1,dioxane,32.445 milligram,368.2496084262139 micromole,31.5 microliter,C4H8O2,O,water,3.5 milligram,194.2825423258396 micromole,3.5 microliter,H2O,Cc1cc(C=O)c(C)n1-c1cc(Cl)cc(C2=CCN(C(=O)OC(C)(C)C)CC2)c1,suzuki_product_0,0.0 milligram,0.0 micromole,0 microliter,C23H27ClN2O3,Cc1cc(C=O)c(C)n1-c1cc(C2=CCN(C(=O)OC(C)(C)C)CC2)cc(C2=CCN(C(=O)OC(C)(C)C)CC2)c1,bis_addition_2,0.0 milligram,0.0 micromole,0 microliter,C33H43N3O5,Cc1cc(C=O)c(C)n1-c1cccc(Cl)c1,dehalogenation_0,0.0 milligram,0.0 micromole,0 microliter,C13H12ClNO,CC1=CC(C=O)=C(C)N1C2=CC(Cl)=CC(Cl)=C2.B1(OC(C(O1)(C)C)(C)C)C2=CCN(CC2)C(=O)OC(C)(C)C>>Cc1cc(C=O)c(C)n1-c1cc(Cl)cc(C2=CCN(C(=O)OC(C)(C)C)CC2)c1.Cc1cc(C=O)c(C)n1-c1cc(C2=CCN(C(=O)OC(C)(C)C)CC2)cc(C2=CCN(C(=O)OC(C)(C)C)CC2)c1.Cc1cc(C=O)c(C)n1-c1cccc(Cl)c1.CC(C)(C)OC(=O)N1CC=CCC1,001_RLN-NB-2443_007_L9,,,CC(C)(C)OC(=O)N1CC=CCC1,deborylation_0,0.0 milligram,0.0 micromole,0 microliter,C10H17NO2,3/30/2023 3:46:35 AM,kat78-2-l9-a1_03_22_2023_273.raw,2min_150_1200.EXP,001_RLN-NB-2443_007_L9,KAT78-2-L9-A1_KAT78-2-L9-A1_KAT78-2-L9-A1,0,0,0,0,0,0,0,0,0,0,0,0,0,0,0,bis_addition_1,0,0,0,0,0,172.2876711467471,14.469955272718927,4.407823616215854,195,0.7334,150.4246820195544,10.057817682660717,3.063802580842053,267.8,1.3268,0,0,0,0,0,56.851402822160615,5.9217878084533675,1.80388920769727,309.1,1.5484,0,0,0,0,0,0,0,0,0,0,0,0,0,0,0,0,0,0,0,0,0,0,0,0,0,250.61165701772865,17.738485140336614,5.403479986208558,415.0,1.4701,0.0,0.0,0.0,0.0,0.0,150.4246820195544,10.057817682660717,3.063802580842053,267.8,1.3268,0.0,0.0,0.0009807071165606183,122.58838957007727,0.0,0.0,0.0005560662762585493,69.50828453231865,0.0,0.0,0.000327397711843274,40.92471398040925,0.0,0.0,0.0005560662762585493,69.50828453231865,0.0,0.0,0.0,0.0,0.0,0.0,0.0,0.0
273,L10,C[NH+]1C2=C(C3=C([Pd-2]1([P+](C4CCCCC4)(C5CCCCC5)C6CCCCC6)OS(C)(=O)=O)C=CC=C3)C=CC=C2,PCy Pd G4,0.10627216000000012 milligram,0.16000000000000003 micromole,0.10627216000000014 microliter,C32H48NO3PPdS,CC1=CC(C=O)=C(C)N1C2=CC(Cl)=CC(Cl)=C2,"1-(3,5-dichlorophenyl)-2,5-dimethyl-1H-pyrrole-3-carbaldehyde",0.2145144 milligram,0.8 micromole,0.21451440000000005 microliter,C13H11Cl2NO,B1(OC(C(O1)(C)C)(C)C)C2=CCN(CC2)C(=O)OC(C)(C)C,"N-Boc-1,2,5,6-tetrahydropyridine-4-boronic acid pinacol ester",0.29684640000000007 milligram,0.9600000000000001 micromole,0.2968464000000001 microliter,C16H28BNO4,O=C([O-])[O-].[Na+].[Na+],Na2CO3,0.635928 milligram,6.0 micromole,0.6359280000000002 microliter,CNa2O3,CN1C=NC2=C1C(=O)N(C(=O)N2C)C,caffeine,0.1553528 milligram,0.8 micromole,0.15535280000000004 microliter,C8H10N4O2,C1COCCO1,dioxane,32.445 milligram,368.2496084262139 micromole,31.5 microliter,C4H8O2,O,water,3.5 milligram,194.2825423258396 micromole,3.5 microliter,H2O,Cc1cc(C=O)c(C)n1-c1cc(Cl)cc(C2=CCN(C(=O)OC(C)(C)C)CC2)c1,suzuki_product_0,0.0 milligram,0.0 micromole,0 microliter,C23H27ClN2O3,Cc1cc(C=O)c(C)n1-c1cc(C2=CCN(C(=O)OC(C)(C)C)CC2)cc(C2=CCN(C(=O)OC(C)(C)C)CC2)c1,bis_addition_2,0.0 milligram,0.0 micromole,0 microliter,C33H43N3O5,Cc1cc(C=O)c(C)n1-c1cccc(Cl)c1,dehalogenation_0,0.0 milligram,0.0 micromole,0 microliter,C13H12ClNO,CC1=CC(C=O)=C(C)N1C2=CC(Cl)=CC(Cl)=C2.B1(OC(C(O1)(C)C)(C)C)C2=CCN(CC2)C(=O)OC(C)(C)C>>Cc1cc(C=O)c(C)n1-c1cc(Cl)cc(C2=CCN(C(=O)OC(C)(C)C)CC2)c1.Cc1cc(C=O)c(C)n1-c1cc(C2=CCN(C(=O)OC(C)(C)C)CC2)cc(C2=CCN(C(=O)OC(C)(C)C)CC2)c1.Cc1cc(C=O)c(C)n1-c1cccc(Cl)c1.CC(C)(C)OC(=O)N1CC=CCC1,001_RLN-NB-2443_007_L10,,,CC(C)(C)OC(=O)N1CC=CCC1,deborylation_0,0.0 milligram,0.0 micromole,0 microliter,C10H17NO2,3/30/2023 3:49:01 AM,kat78-2-l10-a1_03_22_2023_274.raw,2min_150_1200.EXP,001_RLN-NB-2443_007_L10,KAT78-2-L10-A1_KAT78-2-L10-A1_KAT78-2-L10-A1,0,0,0,0,0,0,0,0,0,0,0,0,0,0,0,bis_addition_1,0,0,0,0,0,181.01486703923712,12.352514290311499,4.6039401067623125,195,0.7334,169.5485048331541,10.007135731885915,3.7297875126507516,267.8,1.3268,0,0,0,0,0,66.58109782344428,5.776724837299452,2.1530592508630293,309,1.5468,0,0,0,0,0,0,0,0,0,0,0,0,0,0,0,0,0,0,0,0,0,0,0,0,0,300.9930680062211,15.854710233125333,5.90925333967291,415.1,1.4701,0.0,0.0,0.0,0.0,0.0,169.5485048331541,10.007135731885915,3.7297875126507516,267.8,1.3268,0.0,0.0,0.0010268167183136619,128.35208978920772,0.0,0.0,0.0006481035680151275,81.01294600189092,0.0,0.0,0.0003741246325425641,46.76557906782051,0.0,0.0,0.0006481035680151275,81.01294600189092,0.0,0.0,0.0,0.0,0.0,0.0,0.0,0.0
274,L11,C[NH+]1C2=C(C3=C([Pd-2]1([P+](C4CCCCC4)(C5CCCCC5)C6CCCCC6)OS(C)(=O)=O)C=CC=C3)C=CC=C2,PCy Pd G4,0.10627216000000012 milligram,0.16000000000000003 micromole,0.10627216000000014 microliter,C32H48NO3PPdS,CC1=CC(C=O)=C(C)N1C2=CC(Cl)=CC(Cl)=C2,"1-(3,5-dichlorophenyl)-2,5-dimethyl-1H-pyrrole-3-carbaldehyde",0.2145144 milligram,0.8 micromole,0.21451440000000005 microliter,C13H11Cl2NO,B1(OC(C(O1)(C)C)(C)C)C2=CC=C(C=C2)N,"4-(4,4,5,5-tetramethyl-1,3,2-dioxaborolan-2-yl)aniline",0.21032928 milligram,0.9600000000000001 micromole,0.21032928000000006 microliter,C12H18BNO2,O=C([O-])[O-].[Na+].[Na+],Na2CO3,0.635928 milligram,6.0 micromole,0.6359280000000002 microliter,CNa2O3,CN1C=NC2=C1C(=O)N(C(=O)N2C)C,caffeine,0.1553528 milligram,0.8 micromole,0.15535280000000004 microliter,C8H10N4O2,C1COCCO1,dioxane,32.445 milligram,368.2496084262139 micromole,31.5 microliter,C4H8O2,O,water,3.5 milligram,194.2825423258396 micromole,3.5 microliter,H2O,Cc1cc(C=O)c(C)n1-c1cc(Cl)cc(-c2ccc(N)cc2)c1,suzuki_product_0,0.0 milligram,0.0 micromole,0 microliter,C19H17ClN2O,Cc1cc(C=O)c(C)n1-c1cc(-c2ccc(N)cc2)cc(-c2ccc(N)cc2)c1,bis_addition_1,0.0 milligram,0.0 micromole,0 microliter,C25H23N3O,Cc1cc(C=O)c(C)n1-c1cccc(Cl)c1,dehalogenation_0,0.0 milligram,0.0 micromole,0 microliter,C13H12ClNO,CC1=CC(C=O)=C(C)N1C2=CC(Cl)=CC(Cl)=C2.B1(OC(C(O1)(C)C)(C)C)C2=CC=C(C=C2)N>>Cc1cc(C=O)c(C)n1-c1cc(Cl)cc(-c2ccc(N)cc2)c1.Cc1cc(C=O)c(C)n1-c1cc(-c2ccc(N)cc2)cc(-c2ccc(N)cc2)c1.Cc1cc(C=O)c(C)n1-c1cccc(Cl)c1.Nc1ccccc1,001_RLN-NB-2443_007_L11,,,Nc1ccccc1,deborylation_0,0.0 milligram,0.0 micromole,0 microliter,C6H7N,3/30/2023 3:51:28 AM,kat78-2-l11-a1_03_22_2023_275.raw,2min_150_1200.EXP,001_RLN-NB-2443_007_L11,KAT78-2-L11-A1_KAT78-2-L11-A1_KAT78-2-L11-A1,0,0,0,0,0,0,0,0,0,0,0,0,0,0,0,bis_addition_1,0,0,0,0,0,171.13004944364508,38.927238933532585,4.3049169114435735,195,0.7351,0,0,0,0,0,0,0,0,0,0,0,0,0,0,0,0,0,0,0,0,0,0,0,0,0,0,0,0,0,0,0,0,0,0,0,0,0,0,0,0,0.0,0.0,0.0,0.0,0.0,0.0,0.0,0.0,0.0,0.0,168.66387820960176,31.71776324956963,3.507629596832666,267.9,1.3268,0.0,0.0,0.0,0.0,0.0,0.0,0.0,0.0,0.0,0.0,0.0,0.0,0.0,0.0,0.0006518368960866096,81.4796120108262,0.0,0.0,0.0,0.0,0.0,0.0,0.0,0.0
275,L12,C[NH+]1C2=C(C3=C([Pd-2]1([P+](C4CCCCC4)(C5CCCCC5)C6CCCCC6)OS(C)(=O)=O)C=CC=C3)C=CC=C2,PCy Pd G4,0.10627216000000012 milligram,0.16000000000000003 micromole,0.10627216000000014 microliter,C32H48NO3PPdS,CC1=CC(C=O)=C(C)N1C2=CC(Cl)=CC(Cl)=C2,"1-(3,5-dichlorophenyl)-2,5-dimethyl-1H-pyrrole-3-carbaldehyde",0.2145144 milligram,0.8 micromole,0.21451440000000005 microliter,C13H11Cl2NO,B1(OC(C(O1)(C)C)(C)C)C2=CC=C(C=C2)N,"4-(4,4,5,5-tetramethyl-1,3,2-dioxaborolan-2-yl)aniline",0.21032928 milligram,0.9600000000000001 micromole,0.21032928000000006 microliter,C12H18BNO2,O=C([O-])[O-].[Na+].[Na+],Na2CO3,0.635928 milligram,6.0 micromole,0.6359280000000002 microliter,CNa2O3,CN1C=NC2=C1C(=O)N(C(=O)N2C)C,caffeine,0.1553528 milligram,0.8 micromole,0.15535280000000004 microliter,C8H10N4O2,C1COCCO1,dioxane,32.445 milligram,368.2496084262139 micromole,31.5 microliter,C4H8O2,O,water,3.5 milligram,194.2825423258396 micromole,3.5 microliter,H2O,Cc1cc(C=O)c(C)n1-c1cc(Cl)cc(-c2ccc(N)cc2)c1,suzuki_product_0,0.0 milligram,0.0 micromole,0 microliter,C19H17ClN2O,Cc1cc(C=O)c(C)n1-c1cc(-c2ccc(N)cc2)cc(-c2ccc(N)cc2)c1,bis_addition_1,0.0 milligram,0.0 micromole,0 microliter,C25H23N3O,Cc1cc(C=O)c(C)n1-c1cccc(Cl)c1,dehalogenation_0,0.0 milligram,0.0 micromole,0 microliter,C13H12ClNO,CC1=CC(C=O)=C(C)N1C2=CC(Cl)=CC(Cl)=C2.B1(OC(C(O1)(C)C)(C)C)C2=CC=C(C=C2)N>>Cc1cc(C=O)c(C)n1-c1cc(Cl)cc(-c2ccc(N)cc2)c1.Cc1cc(C=O)c(C)n1-c1cc(-c2ccc(N)cc2)cc(-c2ccc(N)cc2)c1.Cc1cc(C=O)c(C)n1-c1cccc(Cl)c1.Nc1ccccc1,001_RLN-NB-2443_007_L12,,,Nc1ccccc1,deborylation_0,0.0 milligram,0.0 micromole,0 microliter,C6H7N,3/30/2023 3:53:54 AM,kat78-2-l12-a1_03_22_2023_276.raw,2min_150_1200.EXP,001_RLN-NB-2443_007_L12,KAT78-2-L12-A1_KAT78-2-L12-A1_KAT78-2-L12-A1,0,0,0,0,0,0,0,0,0,0,0,0,0,0,0,bis_addition_1,0,0,0,0,0,178.13771067724784,18.940368311502624,4.503424849839479,195,0.7334,0,0,0,0,0,0,0,0,0,0,0,0,0,0,0,0,0,0,0,0,0,0,0,0,0,0,0,0,0,0,0,0,0,0,0,0,0,0,0,0,123.07087309866802,15.389081340705813,3.6590403199206554,324.8,1.2334,0.0,0.0,0.0,0.0,0.0,154.98547337909625,12.948125120602313,3.078657577716618,267.9,1.3268,0.0,0.0,0.0006500013553109172,81.25016941386465,0.0,0.0,0.0,0.0,0.0,0.0,0.0,0.0,0.0,0.0,0.0005469006687790258,68.36258359737822,0.0,0.0,0.0,0.0,0.0,0.0,0.0,0.0
276,L13,C[NH+]1C2=C(C3=C([Pd-2]1([P+](C4CCCCC4)(C5CCCCC5)C6CCCCC6)OS(C)(=O)=O)C=CC=C3)C=CC=C2,PCy Pd G4,0.10627216000000012 milligram,0.16000000000000003 micromole,0.10627216000000014 microliter,C32H48NO3PPdS,COC1=C(N)C(Cl)=NC=N1,4-chloro-6-methoxypyrimidin-5-amine,0.12766080000000002 milligram,0.8 micromole,0.12766080000000005 microliter,C5H6ClN3O,B1(OC(C(O1)(C)C)(C)C)C2=CN=C(C=C2)C,"2-methyl-5-(4,4,5,5-tetramethyl-1,3,2-dioxaborolan-2-yl)pyridine",0.21032928 milligram,0.9600000000000001 micromole,0.21032928000000006 microliter,C12H18BNO2,O=C([O-])[O-].[Na+].[Na+],Na2CO3,0.635928 milligram,6.0 micromole,0.6359280000000002 microliter,CNa2O3,CN1C=NC2=C1C(=O)N(C(=O)N2C)C,caffeine,0.1553528 milligram,0.8 micromole,0.15535280000000004 microliter,C8H10N4O2,C1COCCO1,dioxane,32.445 milligram,368.2496084262139 micromole,31.5 microliter,C4H8O2,O,water,3.5 milligram,194.2825423258396 micromole,3.5 microliter,H2O,COc1ncnc(-c2ccc(C)nc2)c1N,suzuki_product_0,0.0 milligram,0.0 micromole,0 microliter,C11H12N4O,COc1ncncc1N,dehalogenation_0,0.0 milligram,0.0 micromole,0 microliter,C5H7N3O,Cc1ccccn1,deborylation_0,0.0 milligram,0.0 micromole,0 microliter,C6H7N,COC1=C(N)C(Cl)=NC=N1.B1(OC(C(O1)(C)C)(C)C)C2=CN=C(C=C2)C>>COc1ncnc(-c2ccc(C)nc2)c1N.COc1ncncc1N.Cc1ccccn1,001_RLN-NB-2443_007_L13,,,,,,,,,3/30/2023 3:56:21 AM,kat78-2-l13-a1_03_22_2023_277.raw,2min_150_1200.EXP,001_RLN-NB-2443_007_L13,KAT78-2-L13-A1_KAT78-2-L13-A1_KAT78-2-L13-A1,0,0,0,0,0,0,0,0,0,0,0,0,0,0,0,deborylation_0,0,0,0,0,0,176.75804407159208,55.34090374461099,4.519748099442799,194.9,0.7334,0,0,0,0,0,0,0,0,0,0,0,0,0,0,0,0,0,0,0,0,0,0,0,0,0,0,0,0,0,0,0,0,0,0,0,0,0,0,0,0,0.0,0.0,0.0,0.0,0.0,0.0,0.0,0.0,0.0,0.0,0.0,0.0,0.0,0.0,0.0,0.0,0.0,0.0,0.0,0.0,0.0,0.0,0.0,0.0,0.0,0.0,0.0,0.0,0.0,0.0,0.0,0.0,0.0,0.0,0.0,0.0,0.0,0.0,0.0
277,L14,C[NH+]1C2=C(C3=C([Pd-2]1([P+](C4CCCCC4)(C5CCCCC5)C6CCCCC6)OS(C)(=O)=O)C=CC=C3)C=CC=C2,PCy Pd G4,0.10627216000000012 milligram,0.16000000000000003 micromole,0.10627216000000014 microliter,C32H48NO3PPdS,COC1=C(N)C(Cl)=NC=N1,4-chloro-6-methoxypyrimidin-5-amine,0.12766080000000002 milligram,0.8 micromole,0.12766080000000005 microliter,C5H6ClN3O,B1(OC(C(O1)(C)C)(C)C)C2=CN(N=C2C)C,"1,3-dimethyl-4-(4,4,5,5-tetramethyl-1,3,2-dioxaborolan-2-yl)-1H-pyrazole",0.21321311999999998 milligram,0.9600000000000001 micromole,0.21321312000000003 microliter,C11H19BN2O2,O=C([O-])[O-].[Na+].[Na+],Na2CO3,0.635928 milligram,6.0 micromole,0.6359280000000002 microliter,CNa2O3,CN1C=NC2=C1C(=O)N(C(=O)N2C)C,caffeine,0.1553528 milligram,0.8 micromole,0.15535280000000004 microliter,C8H10N4O2,C1COCCO1,dioxane,32.445 milligram,368.2496084262139 micromole,31.5 microliter,C4H8O2,O,water,3.5 milligram,194.2825423258396 micromole,3.5 microliter,H2O,COc1ncnc(-c2cn(C)nc2C)c1N,suzuki_product_0,0.0 milligram,0.0 micromole,0 microliter,C10H13N5O,COc1ncncc1N,dehalogenation_0,0.0 milligram,0.0 micromole,0 microliter,C5H7N3O,Cc1ccn(C)n1,deborylation_0,0.0 milligram,0.0 micromole,0 microliter,C5H8N2,COC1=C(N)C(Cl)=NC=N1.B1(OC(C(O1)(C)C)(C)C)C2=CN(N=C2C)C>>COc1ncnc(-c2cn(C)nc2C)c1N.COc1ncncc1N.Cc1ccn(C)n1,001_RLN-NB-2443_007_L14,,,,,,,,,3/30/2023 3:58:47 AM,kat78-2-l14-a1_03_22_2023_278.raw,2min_150_1200.EXP,001_RLN-NB-2443_007_L14,KAT78-2-L14-A1_KAT78-2-L14-A1_KAT78-2-L14-A1,0,0,0,0,0,0,0,0,0,0,0,0,0,0,0,deborylation_0,0,0,0,0,0,181.2222539635415,40.53808049321205,4.781020667569249,195,0.7351,0,0,0,0,0,0,0,0,0,0,0,0,0,0,0,0,0,0,0,0,0,0,0,0,0,0,0,0,0,0,0,0,0,0,0,0,0,0,0,0,11.643101859180017,2.331953699032014,0.27502828686606157,223.0,0.7001,192.8653558227215,42.87003419224406,5.05604895443531,418.0,1.4352,0.0,0.0,0.0,0.0,0.0,0.0,0.0,4.602001220896468e-05,5.752501526120585,0.0,0.0,0.0,0.0,0.0008460200122089648,105.7525015261206,0.0,0.0,0.0,0.0,0.0,0.0,0.0,0.0,0.0,0.0,0.0,0.0,0.0,0.0
278,L15,C[NH+]1C2=C(C3=C([Pd-2]1([P+](C4CCCCC4)(C5CCCCC5)C6CCCCC6)OS(C)(=O)=O)C=CC=C3)C=CC=C2,PCy Pd G4,0.10627216000000012 milligram,0.16000000000000003 micromole,0.10627216000000014 microliter,C32H48NO3PPdS,COC1=C(N)C(Cl)=NC=N1,4-chloro-6-methoxypyrimidin-5-amine,0.12766080000000002 milligram,0.8 micromole,0.12766080000000005 microliter,C5H6ClN3O,B1(OC(C(O1)(C)C)(C)C)C2=CCN(CC2)C(=O)OC(C)(C)C,"N-Boc-1,2,5,6-tetrahydropyridine-4-boronic acid pinacol ester",0.29684640000000007 milligram,0.9600000000000001 micromole,0.2968464000000001 microliter,C16H28BNO4,O=C([O-])[O-].[Na+].[Na+],Na2CO3,0.635928 milligram,6.0 micromole,0.6359280000000002 microliter,CNa2O3,CN1C=NC2=C1C(=O)N(C(=O)N2C)C,caffeine,0.1553528 milligram,0.8 micromole,0.15535280000000004 microliter,C8H10N4O2,C1COCCO1,dioxane,32.445 milligram,368.2496084262139 micromole,31.5 microliter,C4H8O2,O,water,3.5 milligram,194.2825423258396 micromole,3.5 microliter,H2O,COc1ncnc(C2=CCN(C(=O)OC(C)(C)C)CC2)c1N,suzuki_product_0,0.0 milligram,0.0 micromole,0 microliter,C15H22N4O3,COc1ncncc1N,dehalogenation_0,0.0 milligram,0.0 micromole,0 microliter,C5H7N3O,CC(C)(C)OC(=O)N1CC=CCC1,deborylation_0,0.0 milligram,0.0 micromole,0 microliter,C10H17NO2,COC1=C(N)C(Cl)=NC=N1.B1(OC(C(O1)(C)C)(C)C)C2=CCN(CC2)C(=O)OC(C)(C)C>>COc1ncnc(C2=CCN(C(=O)OC(C)(C)C)CC2)c1N.COc1ncncc1N.CC(C)(C)OC(=O)N1CC=CCC1,001_RLN-NB-2443_007_L15,,,,,,,,,3/30/2023 4:01:14 AM,kat78-2-l15-a1_03_22_2023_279.raw,2min_150_1200.EXP,001_RLN-NB-2443_007_L15,KAT78-2-L15-A1_KAT78-2-L15-A1_KAT78-2-L15-A1,0,0,0,0,0,0,0,0,0,0,0,0,0,0,0,deborylation_0,0,0,0,0,0,182.16360003693552,18.61741146538342,4.653621660602624,195,0.7351,0,0,0,0,0,0,0,0,0,0,44.70528076422831,5.080120116940067,1.2698305056324626,309,1.5418,0,0,0,0,0,0,0,0,0,0,0,0,0,0,0,0,0,0,0,0,0,0,0,0,0,117.45608127377992,11.678743597359318,2.9192272123516845,307.0,0.9968,0.0,0.0,0.0,0.0,0.0,0.0,0.0,0.0,0.0,0.0,0.0,0.0,0.000501841778340641,62.73022229258013,0.0,0.0,0.0,0.0,0.0,0.0,0.00021829544354803003,27.286930443503753,0.0,0.0,0.0,0.0,0.0,0.0,0.0,0.0,0.0,0.0,0.0,0.0
279,L16,C[NH+]1C2=C(C3=C([Pd-2]1([P+](C4CCCCC4)(C5CCCCC5)C6CCCCC6)OS(C)(=O)=O)C=CC=C3)C=CC=C2,PCy Pd G4,0.10627216000000012 milligram,0.16000000000000003 micromole,0.10627216000000014 microliter,C32H48NO3PPdS,COC1=C(N)C(Cl)=NC=N1,4-chloro-6-methoxypyrimidin-5-amine,0.12766080000000002 milligram,0.8 micromole,0.12766080000000005 microliter,C5H6ClN3O,B1(OC(C(O1)(C)C)(C)C)C2=CCN(CC2)C(=O)OC(C)(C)C,"N-Boc-1,2,5,6-tetrahydropyridine-4-boronic acid pinacol ester",0.29684640000000007 milligram,0.9600000000000001 micromole,0.2968464000000001 microliter,C16H28BNO4,O=C([O-])[O-].[Na+].[Na+],Na2CO3,0.635928 milligram,6.0 micromole,0.6359280000000002 microliter,CNa2O3,CN1C=NC2=C1C(=O)N(C(=O)N2C)C,caffeine,0.1553528 milligram,0.8 micromole,0.15535280000000004 microliter,C8H10N4O2,C1COCCO1,dioxane,32.445 milligram,368.2496084262139 micromole,31.5 microliter,C4H8O2,O,water,3.5 milligram,194.2825423258396 micromole,3.5 microliter,H2O,COc1ncnc(C2=CCN(C(=O)OC(C)(C)C)CC2)c1N,suzuki_product_0,0.0 milligram,0.0 micromole,0 microliter,C15H22N4O3,COc1ncncc1N,dehalogenation_0,0.0 milligram,0.0 micromole,0 microliter,C5H7N3O,CC(C)(C)OC(=O)N1CC=CCC1,deborylation_0,0.0 milligram,0.0 micromole,0 microliter,C10H17NO2,COC1=C(N)C(Cl)=NC=N1.B1(OC(C(O1)(C)C)(C)C)C2=CCN(CC2)C(=O)OC(C)(C)C>>COc1ncnc(C2=CCN(C(=O)OC(C)(C)C)CC2)c1N.COc1ncncc1N.CC(C)(C)OC(=O)N1CC=CCC1,001_RLN-NB-2443_007_L16,,,,,,,,,3/30/2023 4:03:41 AM,kat78-2-l16-a1_03_22_2023_280.raw,2min_150_1200.EXP,001_RLN-NB-2443_007_L16,KAT78-2-L16-A1_KAT78-2-L16-A1_KAT78-2-L16-A1,0,0,0,0,0,0,0,0,0,0,0,0,0,0,0,deborylation_0,0,0,0,0,0,184.76882403149384,18.290551108857574,4.599950980614925,195,0.7351,0,0,0,0,0,0,0,0,0,0,39.37635470905385,4.038364445319542,1.0156215840501452,309,1.5418,0,0,0,0,0,0,0,0,0,0,0,0,0,0,0,0,0,0,0,0,0,0,0,0,0,140.45891605123703,13.691817341749804,3.443400268955388,306.9,0.9984,0.0,0.0,0.0,0.0,0.0,0.0,0.0,0.0,0.0,0.0,0.0,0.0,0.0005988586023575532,74.85732529469415,0.0,0.0,0.0,0.0,0.0,0.0,0.00017663172296055664,22.07896537006958,0.0,0.0,0.0,0.0,0.0,0.0,0.0,0.0,0.0,0.0,0.0,0.0
280,L17,C[NH+]1C2=C(C3=C([Pd-2]1([P+](C4CCCCC4)(C5CCCCC5)C6CCCCC6)OS(C)(=O)=O)C=CC=C3)C=CC=C2,PCy Pd G4,0.10627216000000012 milligram,0.16000000000000003 micromole,0.10627216000000014 microliter,C32H48NO3PPdS,COC1=C(N)C(Cl)=NC=N1,4-chloro-6-methoxypyrimidin-5-amine,0.12766080000000002 milligram,0.8 micromole,0.12766080000000005 microliter,C5H6ClN3O,B1(OC(C(O1)(C)C)(C)C)C2=CC=C(C=C2)N,"4-(4,4,5,5-tetramethyl-1,3,2-dioxaborolan-2-yl)aniline",0.21032928 milligram,0.9600000000000001 micromole,0.21032928000000006 microliter,C12H18BNO2,O=C([O-])[O-].[Na+].[Na+],Na2CO3,0.635928 milligram,6.0 micromole,0.6359280000000002 microliter,CNa2O3,CN1C=NC2=C1C(=O)N(C(=O)N2C)C,caffeine,0.1553528 milligram,0.8 micromole,0.15535280000000004 microliter,C8H10N4O2,C1COCCO1,dioxane,32.445 milligram,368.2496084262139 micromole,31.5 microliter,C4H8O2,O,water,3.5 milligram,194.2825423258396 micromole,3.5 microliter,H2O,COc1ncnc(-c2ccc(N)cc2)c1N,suzuki_product_0,0.0 milligram,0.0 micromole,0 microliter,C11H12N4O,COc1ncncc1N,dehalogenation_0,0.0 milligram,0.0 micromole,0 microliter,C5H7N3O,Nc1ccccc1,deborylation_0,0.0 milligram,0.0 micromole,0 microliter,C6H7N,COC1=C(N)C(Cl)=NC=N1.B1(OC(C(O1)(C)C)(C)C)C2=CC=C(C=C2)N>>COc1ncnc(-c2ccc(N)cc2)c1N.COc1ncncc1N.Nc1ccccc1,001_RLN-NB-2443_007_L17,,,,,,,,,3/30/2023 4:06:08 AM,kat78-2-l17-a1_03_22_2023_281.raw,2min_150_1200.EXP,001_RLN-NB-2443_007_L17,KAT78-2-L17-A1_KAT78-2-L17-A1_KAT78-2-L17-A1,0,0,0,0,0,0,0,0,0,0,0,0,0,0,0,deborylation_0,0,0,0,0,0,172.938703763037,32.79173488884191,4.361089852804392,195,0.7334,0,0,0,0,0,0,0,0,0,0,0,0,0,0,0,0,0,0,0,0,0,0,0,0,0,0,0,0,0,0,0,0,0,0,0,0,0,0,0,0,14.97861805327998,2.8053179220269056,0.37308924230796964,217.0,0.6568,0.0,0.0,0.0,0.0,0.0,0.0,0.0,0.0,0.0,0.0,0.0,0.0,6.843963410991043e-05,8.554954263738802,0.0,0.0,0.0,0.0,0.0,0.0,0.0,0.0,0.0,0.0,0.0,0.0,0.0,0.0,0.0,0.0,0.0,0.0,0.0,0.0
281,L18,C[NH+]1C2=C(C3=C([Pd-2]1([P+](C4CCCCC4)(C5CCCCC5)C6CCCCC6)OS(C)(=O)=O)C=CC=C3)C=CC=C2,PCy Pd G4,0.10627216000000012 milligram,0.16000000000000003 micromole,0.10627216000000014 microliter,C32H48NO3PPdS,COC1=C(N)C(Cl)=NC=N1,4-chloro-6-methoxypyrimidin-5-amine,0.12766080000000002 milligram,0.8 micromole,0.12766080000000005 microliter,C5H6ClN3O,B1(OC(C(O1)(C)C)(C)C)C2=CC=C(C=C2)N,"4-(4,4,5,5-tetramethyl-1,3,2-dioxaborolan-2-yl)aniline",0.21032928 milligram,0.9600000000000001 micromole,0.21032928000000006 microliter,C12H18BNO2,O=C([O-])[O-].[Na+].[Na+],Na2CO3,0.635928 milligram,6.0 micromole,0.6359280000000002 microliter,CNa2O3,CN1C=NC2=C1C(=O)N(C(=O)N2C)C,caffeine,0.1553528 milligram,0.8 micromole,0.15535280000000004 microliter,C8H10N4O2,C1COCCO1,dioxane,32.445 milligram,368.2496084262139 micromole,31.5 microliter,C4H8O2,O,water,3.5 milligram,194.2825423258396 micromole,3.5 microliter,H2O,COc1ncnc(-c2ccc(N)cc2)c1N,suzuki_product_0,0.0 milligram,0.0 micromole,0 microliter,C11H12N4O,COc1ncncc1N,dehalogenation_0,0.0 milligram,0.0 micromole,0 microliter,C5H7N3O,Nc1ccccc1,deborylation_0,0.0 milligram,0.0 micromole,0 microliter,C6H7N,COC1=C(N)C(Cl)=NC=N1.B1(OC(C(O1)(C)C)(C)C)C2=CC=C(C=C2)N>>COc1ncnc(-c2ccc(N)cc2)c1N.COc1ncncc1N.Nc1ccccc1,001_RLN-NB-2443_007_L18,,,,,,,,,3/30/2023 4:08:35 AM,kat78-2-l18-a1_03_22_2023_282.raw,2min_150_1200.EXP,001_RLN-NB-2443_007_L18,KAT78-2-L18-A1_KAT78-2-L18-A1_KAT78-2-L18-A1,0,0,0,0,0,0,0,0,0,0,0,0,0,0,0,deborylation_0,0,0,0,0,0,175.70120650124775,35.79778510031807,4.362857895654365,195,0.7351,0,0,0,0,0,0,0,0,0,0,0,0,0,0,0,0,0,0,0,0,0,0,0,0,0,0,0,0,0,0,0,0,0,0,0,0,0,0,0,0,13.792343396666432,2.9098462726123397,0.35463774504569473,217.1,0.6584,0.0,0.0,0.0,0.0,0.0,0.0,0.0,0.0,0.0,0.0,0.0,0.0,6.502852094246434e-05,8.128565117808042,0.0,0.0,0.0,0.0,0.0,0.0,0.0,0.0,0.0,0.0,0.0,0.0,0.0,0.0,0.0,0.0,0.0,0.0,0.0,0.0
282,L19,C[NH+]1C2=C(C3=C([Pd-2]1([P+](C4CCCCC4)(C5CCCCC5)C6CCCCC6)OS(C)(=O)=O)C=CC=C3)C=CC=C2,PCy Pd G4,0.10627216000000012 milligram,0.16000000000000003 micromole,0.10627216000000014 microliter,C32H48NO3PPdS,CC1=C(N2CCCC2=O)C=CC(Br)=C1,1-(4-bromo-2-methylphenyl)pyrrolidin-2-one,0.20330160000000003 milligram,0.8 micromole,0.20330160000000008 microliter,C11H12BrNO,B1(OC(C(O1)(C)C)(C)C)C2=CN=C(C=C2)C,"2-methyl-5-(4,4,5,5-tetramethyl-1,3,2-dioxaborolan-2-yl)pyridine",0.21032928 milligram,0.9600000000000001 micromole,0.21032928000000006 microliter,C12H18BNO2,O=C([O-])[O-].[Na+].[Na+],Na2CO3,0.635928 milligram,6.0 micromole,0.6359280000000002 microliter,CNa2O3,CN1C=NC2=C1C(=O)N(C(=O)N2C)C,caffeine,0.1553528 milligram,0.8 micromole,0.15535280000000004 microliter,C8H10N4O2,C1COCCO1,dioxane,32.445 milligram,368.2496084262139 micromole,31.5 microliter,C4H8O2,O,water,3.5 milligram,194.2825423258396 micromole,3.5 microliter,H2O,Cc1ccc(-c2ccc(N3CCCC3=O)c(C)c2)cn1,suzuki_product_0,0.0 milligram,0.0 micromole,0 microliter,C17H18N2O,Cc1ccccc1N1CCCC1=O,dehalogenation_0,0.0 milligram,0.0 micromole,0 microliter,C11H13NO,Cc1ccccn1,deborylation_0,0.0 milligram,0.0 micromole,0 microliter,C6H7N,CC1=C(N2CCCC2=O)C=CC(Br)=C1.B1(OC(C(O1)(C)C)(C)C)C2=CN=C(C=C2)C>>Cc1ccc(-c2ccc(N3CCCC3=O)c(C)c2)cn1.Cc1ccccc1N1CCCC1=O.Cc1ccccn1,001_RLN-NB-2443_007_L19,,,,,,,,,3/30/2023 4:11:00 AM,kat78-2-l19-a1_03_22_2023_283.raw,2min_150_1200.EXP,001_RLN-NB-2443_007_L19,KAT78-2-L19-A1_KAT78-2-L19-A1_KAT78-2-L19-A1,0,0,0,0,0,0,0,0,0,0,0,0,0,0,0,deborylation_0,0,0,0,0,0,184.3051234486883,48.03967012815032,4.465151102041729,194.9,0.7334,0,0,0,0,0,0,0,0,0,0,0,0,0,0,0,0,0,0,0,0,0,0,0,0,0,0,0,0,0,0,0,0,0,0,0,87.25146288305255,20.0296000587171,1.86169452323588,255.9,1.1884,15.123823166483307,3.4130677850542925,0.3172349714543113,266.9,0.7801,0.0,0.0,0.0,0.0,0.0,0.0,0.0,0.0,0.0,0.0,0.0,0.0,5.6837489115967934e-05,7.104686139495992,0.0,0.0,0.0,0.0,0.0,0.0,0.0,0.0,0.0,0.0,0.0,0.0,0.0,0.0,0.0,0.0,0.0,0.0,0.0003335510007506091,41.693875093826136
283,L20,C[NH+]1C2=C(C3=C([Pd-2]1([P+](C4CCCCC4)(C5CCCCC5)C6CCCCC6)OS(C)(=O)=O)C=CC=C3)C=CC=C2,PCy Pd G4,0.10627216000000012 milligram,0.16000000000000003 micromole,0.10627216000000014 microliter,C32H48NO3PPdS,CC1=C(N2CCCC2=O)C=CC(Br)=C1,1-(4-bromo-2-methylphenyl)pyrrolidin-2-one,0.20330160000000003 milligram,0.8 micromole,0.20330160000000008 microliter,C11H12BrNO,B1(OC(C(O1)(C)C)(C)C)C2=CN(N=C2C)C,"1,3-dimethyl-4-(4,4,5,5-tetramethyl-1,3,2-dioxaborolan-2-yl)-1H-pyrazole",0.21321311999999998 milligram,0.9600000000000001 micromole,0.21321312000000003 microliter,C11H19BN2O2,O=C([O-])[O-].[Na+].[Na+],Na2CO3,0.635928 milligram,6.0 micromole,0.6359280000000002 microliter,CNa2O3,CN1C=NC2=C1C(=O)N(C(=O)N2C)C,caffeine,0.1553528 milligram,0.8 micromole,0.15535280000000004 microliter,C8H10N4O2,C1COCCO1,dioxane,32.445 milligram,368.2496084262139 micromole,31.5 microliter,C4H8O2,O,water,3.5 milligram,194.2825423258396 micromole,3.5 microliter,H2O,Cc1cc(-c2cn(C)nc2C)ccc1N1CCCC1=O,suzuki_product_0,0.0 milligram,0.0 micromole,0 microliter,C16H19N3O,Cc1ccccc1N1CCCC1=O,dehalogenation_0,0.0 milligram,0.0 micromole,0 microliter,C11H13NO,Cc1ccn(C)n1,deborylation_0,0.0 milligram,0.0 micromole,0 microliter,C5H8N2,CC1=C(N2CCCC2=O)C=CC(Br)=C1.B1(OC(C(O1)(C)C)(C)C)C2=CN(N=C2C)C>>Cc1cc(-c2cn(C)nc2C)ccc1N1CCCC1=O.Cc1ccccc1N1CCCC1=O.Cc1ccn(C)n1,001_RLN-NB-2443_007_L20,,,,,,,,,3/30/2023 4:13:26 AM,kat78-2-l20-a1_03_22_2023_284.raw,2min_150_1200.EXP,001_RLN-NB-2443_007_L20,KAT78-2-L20-A1_KAT78-2-L20-A1_KAT78-2-L20-A1,0,0,0,0,0,0,0,0,0,0,0,0,0,0,0,deborylation_0,0,0,0,0,0,177.01711107209707,33.5825917595715,4.738055023968157,195,0.7334,0,0,0,0,0,0,0,0,0,0,0,0,0,0,0,0,0,0,0,0,0,0,0,0,0,0,0,0,0,0,0,0,0,0,0,68.47427580007529,10.342923012369607,1.459248252550564,255.9,1.1901,50.35309453302655,8.07590071256226,1.1394016941327305,539.8,2.0252,0.0,0.0,0.0,0.0,0.0,0.0,0.0,0.0,0.0,0.0,0.0,0.0,0.00019238302440455373,24.047878050569217,0.0,0.0,0.0,0.0,0.0,0.0,0.0,0.0,0.0,0.0,0.0,0.0,0.0,0.0,0.0,0.0,0.0,0.0,0.00024638772579359914,30.798465724199893
284,L21,C[NH+]1C2=C(C3=C([Pd-2]1([P+](C4CCCCC4)(C5CCCCC5)C6CCCCC6)OS(C)(=O)=O)C=CC=C3)C=CC=C2,PCy Pd G4,0.10627216000000012 milligram,0.16000000000000003 micromole,0.10627216000000014 microliter,C32H48NO3PPdS,CC1=C(N2CCCC2=O)C=CC(Br)=C1,1-(4-bromo-2-methylphenyl)pyrrolidin-2-one,0.20330160000000003 milligram,0.8 micromole,0.20330160000000008 microliter,C11H12BrNO,B1(OC(C(O1)(C)C)(C)C)C2=CCN(CC2)C(=O)OC(C)(C)C,"N-Boc-1,2,5,6-tetrahydropyridine-4-boronic acid pinacol ester",0.29684640000000007 milligram,0.9600000000000001 micromole,0.2968464000000001 microliter,C16H28BNO4,O=C([O-])[O-].[Na+].[Na+],Na2CO3,0.635928 milligram,6.0 micromole,0.6359280000000002 microliter,CNa2O3,CN1C=NC2=C1C(=O)N(C(=O)N2C)C,caffeine,0.1553528 milligram,0.8 micromole,0.15535280000000004 microliter,C8H10N4O2,C1COCCO1,dioxane,32.445 milligram,368.2496084262139 micromole,31.5 microliter,C4H8O2,O,water,3.5 milligram,194.2825423258396 micromole,3.5 microliter,H2O,Cc1cc(C2=CCN(C(=O)OC(C)(C)C)CC2)ccc1N1CCCC1=O,suzuki_product_0,0.0 milligram,0.0 micromole,0 microliter,C21H28N2O3,Cc1ccccc1N1CCCC1=O,dehalogenation_0,0.0 milligram,0.0 micromole,0 microliter,C11H13NO,CC(C)(C)OC(=O)N1CC=CCC1,deborylation_0,0.0 milligram,0.0 micromole,0 microliter,C10H17NO2,CC1=C(N2CCCC2=O)C=CC(Br)=C1.B1(OC(C(O1)(C)C)(C)C)C2=CCN(CC2)C(=O)OC(C)(C)C>>Cc1cc(C2=CCN(C(=O)OC(C)(C)C)CC2)ccc1N1CCCC1=O.Cc1ccccc1N1CCCC1=O.CC(C)(C)OC(=O)N1CC=CCC1,001_RLN-NB-2443_007_L21,,,,,,,,,3/30/2023 4:15:53 AM,kat78-2-l21-a1_03_22_2023_285.raw,2min_150_1200.EXP,001_RLN-NB-2443_007_L21,KAT78-2-L21-A1_KAT78-2-L21-A1_KAT78-2-L21-A1,0,0,0,0,0,0,0,0,0,0,0,0,0,0,0,deborylation_0,0,0,0,0,0,177.08485096156141,15.287393118422765,4.520051090328876,195,0.7334,303.7288433117305,28.458635842401502,8.414416177582464,357.1,1.3268,0,0,0,0,0,0,0,0,0,0,0,0,0,0,0,0,0,0,0,0,0,0,0,0,0,0,0,0,0,0,49.02350010873908,3.349757561100781,0.9904288585438772,255.8,1.1884,303.7288433117305,28.458635842401502,8.414416177582464,357.1,1.3268,0.0,0.0,0.0,0.0,0.0,0.0,0.0,0.0,0.0,0.0,0.0,0.0,0.0014892603662088671,186.15754577610838,0.0,0.0,0.0014892603662088671,186.15754577610838,0.0,0.0,0.0,0.0,0.0,0.0,0.0,0.0,0.0,0.0,0.0,0.0,0.0,0.0,0.00017529516171407953,21.911895214259943
285,L22,C[NH+]1C2=C(C3=C([Pd-2]1([P+](C4CCCCC4)(C5CCCCC5)C6CCCCC6)OS(C)(=O)=O)C=CC=C3)C=CC=C2,PCy Pd G4,0.10627216000000012 milligram,0.16000000000000003 micromole,0.10627216000000014 microliter,C32H48NO3PPdS,CC1=C(N2CCCC2=O)C=CC(Br)=C1,1-(4-bromo-2-methylphenyl)pyrrolidin-2-one,0.20330160000000003 milligram,0.8 micromole,0.20330160000000008 microliter,C11H12BrNO,B1(OC(C(O1)(C)C)(C)C)C2=CCN(CC2)C(=O)OC(C)(C)C,"N-Boc-1,2,5,6-tetrahydropyridine-4-boronic acid pinacol ester",0.29684640000000007 milligram,0.9600000000000001 micromole,0.2968464000000001 microliter,C16H28BNO4,O=C([O-])[O-].[Na+].[Na+],Na2CO3,0.635928 milligram,6.0 micromole,0.6359280000000002 microliter,CNa2O3,CN1C=NC2=C1C(=O)N(C(=O)N2C)C,caffeine,0.1553528 milligram,0.8 micromole,0.15535280000000004 microliter,C8H10N4O2,C1COCCO1,dioxane,32.445 milligram,368.2496084262139 micromole,31.5 microliter,C4H8O2,O,water,3.5 milligram,194.2825423258396 micromole,3.5 microliter,H2O,Cc1cc(C2=CCN(C(=O)OC(C)(C)C)CC2)ccc1N1CCCC1=O,suzuki_product_0,0.0 milligram,0.0 micromole,0 microliter,C21H28N2O3,Cc1ccccc1N1CCCC1=O,dehalogenation_0,0.0 milligram,0.0 micromole,0 microliter,C11H13NO,CC(C)(C)OC(=O)N1CC=CCC1,deborylation_0,0.0 milligram,0.0 micromole,0 microliter,C10H17NO2,CC1=C(N2CCCC2=O)C=CC(Br)=C1.B1(OC(C(O1)(C)C)(C)C)C2=CCN(CC2)C(=O)OC(C)(C)C>>Cc1cc(C2=CCN(C(=O)OC(C)(C)C)CC2)ccc1N1CCCC1=O.Cc1ccccc1N1CCCC1=O.CC(C)(C)OC(=O)N1CC=CCC1,001_RLN-NB-2443_007_L22,,,,,,,,,3/30/2023 4:18:19 AM,kat78-2-l22-a1_03_22_2023_286.raw,2min_150_1200.EXP,001_RLN-NB-2443_007_L22,KAT78-2-L22-A1_KAT78-2-L22-A1_KAT78-2-L22-A1,0,0,0,0,0,0,0,0,0,0,0,0,0,0,0,deborylation_0,0,0,0,0,0,168.42021545878572,32.94119157919061,4.22940416763494,195,0.7351,8.67721637096135,1.450488040414925,0.18623188382507977,184.2,1.3251,0,0,0,0,0,0,0,0,0,0,0,0,0,0,0,0,0,0,0,0,0,0,0,0,0,0,0,0,0,0,78.8121134993924,12.130886146123496,1.5575156199246485,255.9,1.1884,8.67721637096135,1.450488040414925,0.18623188382507977,184.2,1.3251,0.0,0.0,0.0,0.0,0.0,0.0,0.0,0.0,0.0,0.0,0.0,0.0,3.52261219677607e-05,4.403265245970087,0.0,0.0,3.52261219677607e-05,4.403265245970087,0.0,0.0,0.0,0.0,0.0,0.0,0.0,0.0,0.0,0.0,0.0,0.0,0.0,0.0,0.00029460709985455996,36.82588748181999
286,L23,C[NH+]1C2=C(C3=C([Pd-2]1([P+](C4CCCCC4)(C5CCCCC5)C6CCCCC6)OS(C)(=O)=O)C=CC=C3)C=CC=C2,PCy Pd G4,0.10627216000000012 milligram,0.16000000000000003 micromole,0.10627216000000014 microliter,C32H48NO3PPdS,CC1=C(N2CCCC2=O)C=CC(Br)=C1,1-(4-bromo-2-methylphenyl)pyrrolidin-2-one,0.20330160000000003 milligram,0.8 micromole,0.20330160000000008 microliter,C11H12BrNO,B1(OC(C(O1)(C)C)(C)C)C2=CC=C(C=C2)N,"4-(4,4,5,5-tetramethyl-1,3,2-dioxaborolan-2-yl)aniline",0.21032928 milligram,0.9600000000000001 micromole,0.21032928000000006 microliter,C12H18BNO2,O=C([O-])[O-].[Na+].[Na+],Na2CO3,0.635928 milligram,6.0 micromole,0.6359280000000002 microliter,CNa2O3,CN1C=NC2=C1C(=O)N(C(=O)N2C)C,caffeine,0.1553528 milligram,0.8 micromole,0.15535280000000004 microliter,C8H10N4O2,C1COCCO1,dioxane,32.445 milligram,368.2496084262139 micromole,31.5 microliter,C4H8O2,O,water,3.5 milligram,194.2825423258396 micromole,3.5 microliter,H2O,Cc1cc(-c2ccc(N)cc2)ccc1N1CCCC1=O,suzuki_product_0,0.0 milligram,0.0 micromole,0 microliter,C17H18N2O,Cc1ccccc1N1CCCC1=O,dehalogenation_0,0.0 milligram,0.0 micromole,0 microliter,C11H13NO,Nc1ccccc1,deborylation_0,0.0 milligram,0.0 micromole,0 microliter,C6H7N,CC1=C(N2CCCC2=O)C=CC(Br)=C1.B1(OC(C(O1)(C)C)(C)C)C2=CC=C(C=C2)N>>Cc1cc(-c2ccc(N)cc2)ccc1N1CCCC1=O.Cc1ccccc1N1CCCC1=O.Nc1ccccc1,001_RLN-NB-2443_007_L23,,,,,,,,,3/30/2023 4:20:45 AM,kat78-2-l23-a1_03_22_2023_287.raw,2min_150_1200.EXP,001_RLN-NB-2443_007_L23,KAT78-2-L23-A1_KAT78-2-L23-A1_KAT78-2-L23-A1,0,0,0,0,0,0,0,0,0,0,0,0,0,0,0,deborylation_0,0,0,0,0,0,171.85527940683033,29.051270193159027,4.385798019538216,194.9,0.7334,0,0,0,0,0,0,0,0,0,0,0,0,0,0,0,0,0,0,0,0,0,0,0,0,0,0,0,0,0,0,0,0,0,0,0,60.883323885879854,8.746784371935975,1.3204802860839449,255.9,1.1901,46.71566100265036,7.530309860521179,1.13683215409149,266.9,0.8868,0.0,0.0,0.0,0.0,0.0,0.0,0.0,0.0,0.0,0.0,0.0,0.0,0.00020736607550590085,25.920759438237607,0.0,0.0,0.0,0.0,0.0,0.0,0.0,0.0,0.0,0.0,0.0,0.0,0.0,0.0,0.0,0.0,0.0,0.0,0.00024086476945839457,30.10809618229932
287,L24,C[NH+]1C2=C(C3=C([Pd-2]1([P+](C4CCCCC4)(C5CCCCC5)C6CCCCC6)OS(C)(=O)=O)C=CC=C3)C=CC=C2,PCy Pd G4,0.10627216000000012 milligram,0.16000000000000003 micromole,0.10627216000000014 microliter,C32H48NO3PPdS,CC1=C(N2CCCC2=O)C=CC(Br)=C1,1-(4-bromo-2-methylphenyl)pyrrolidin-2-one,0.20330160000000003 milligram,0.8 micromole,0.20330160000000008 microliter,C11H12BrNO,B1(OC(C(O1)(C)C)(C)C)C2=CC=C(C=C2)N,"4-(4,4,5,5-tetramethyl-1,3,2-dioxaborolan-2-yl)aniline",0.21032928 milligram,0.9600000000000001 micromole,0.21032928000000006 microliter,C12H18BNO2,O=C([O-])[O-].[Na+].[Na+],Na2CO3,0.635928 milligram,6.0 micromole,0.6359280000000002 microliter,CNa2O3,CN1C=NC2=C1C(=O)N(C(=O)N2C)C,caffeine,0.1553528 milligram,0.8 micromole,0.15535280000000004 microliter,C8H10N4O2,C1COCCO1,dioxane,32.445 milligram,368.2496084262139 micromole,31.5 microliter,C4H8O2,O,water,3.5 milligram,194.2825423258396 micromole,3.5 microliter,H2O,Cc1cc(-c2ccc(N)cc2)ccc1N1CCCC1=O,suzuki_product_0,0.0 milligram,0.0 micromole,0 microliter,C17H18N2O,Cc1ccccc1N1CCCC1=O,dehalogenation_0,0.0 milligram,0.0 micromole,0 microliter,C11H13NO,Nc1ccccc1,deborylation_0,0.0 milligram,0.0 micromole,0 microliter,C6H7N,CC1=C(N2CCCC2=O)C=CC(Br)=C1.B1(OC(C(O1)(C)C)(C)C)C2=CC=C(C=C2)N>>Cc1cc(-c2ccc(N)cc2)ccc1N1CCCC1=O.Cc1ccccc1N1CCCC1=O.Nc1ccccc1,001_RLN-NB-2443_007_L24,,,,,,,,,3/30/2023 4:23:12 AM,kat78-2-l24-a1_03_22_2023_288.raw,2min_150_1200.EXP,001_RLN-NB-2443_007_L24,KAT78-2-L24-A1_KAT78-2-L24-A1_KAT78-2-L24-A1,0,0,0,0,0,0,0,0,0,0,0,0,0,0,0,deborylation_0,0,0,0,0,0,154.66544734635175,29.210914480615408,3.8951880388624187,195,0.7351,0,0,0,0,0,0,0,0,0,0,0,0,0,0,0,0,0,0,0,0,0,0,0,0,0,0,0,0,0,0,0,0,0,0,0,61.5671435149908,9.352841579756095,1.2471734383741042,255.8,1.1901,27.02180532415707,4.5200967430492724,0.6027413753071784,266.9,0.8868,0.0,0.0,0.0,0.0,0.0,0.0,0.0,0.0,0.0,0.0,0.0,0.0,0.00012379199551726036,15.473999439657545,0.0,0.0,0.0,0.0,0.0,0.0,0.0,0.0,0.0,0.0,0.0,0.0,0.0,0.0,0.0,0.0,0.0,0.0,0.000256146491708439,32.01831146355487
288,M1,CS(=O)(=O)O[Pd]c1ccccc1-c2ccccc2N.COc3cccc(OC)c3-c4ccccc4P(C5CCCCC5)C6CCCCC6,SPhos Pd G3,0.12484415999999997 milligram,0.16000000000000003 micromole,0.12484416 microliter,C39H48NO5PPdS,BrC1=CC=CN2C=CN=C12,"8-bromoimidazo[1,2-a]pyridine",0.15762800000000002 milligram,0.8 micromole,0.15762800000000005 microliter,C7H5BrN2,B1(OC(C(O1)(C)C)(C)C)C2=CN=C(C=C2)C,"2-methyl-5-(4,4,5,5-tetramethyl-1,3,2-dioxaborolan-2-yl)pyridine",0.21032928 milligram,0.9600000000000001 micromole,0.21032928000000006 microliter,C12H18BNO2,O=C([O-])[O-].[Na+].[Na+],Na2CO3,0.635928 milligram,6.0 micromole,0.6359280000000002 microliter,CNa2O3,CN1C=NC2=C1C(=O)N(C(=O)N2C)C,caffeine,0.1553528 milligram,0.8 micromole,0.15535280000000004 microliter,C8H10N4O2,C1COCCO1,dioxane,32.445 milligram,368.2496084262139 micromole,31.5 microliter,C4H8O2,O,water,3.5 milligram,194.2825423258396 micromole,3.5 microliter,H2O,Cc1ccc(-c2cccn3ccnc23)cn1,suzuki_product_0,0.0 milligram,0.0 micromole,0 microliter,C13H11N3,c1ccn2ccnc2c1,dehalogenation_0,0.0 milligram,0.0 micromole,0 microliter,C7H6N2,Cc1ccccn1,deborylation_0,0.0 milligram,0.0 micromole,0 microliter,C6H7N,BrC1=CC=CN2C=CN=C12.B1(OC(C(O1)(C)C)(C)C)C2=CN=C(C=C2)C>>Cc1ccc(-c2cccn3ccnc23)cn1.c1ccn2ccnc2c1.Cc1ccccn1,001_RLN-NB-2443_007_M1,,,,,,,,,3/30/2023 4:25:39 AM,kat78-2-m1-a1_03_22_2023_289.raw,2min_150_1200.EXP,001_RLN-NB-2443_007_M1,KAT78-2-M1-A1_KAT78-2-M1-A1_KAT78-2-M1-A1,0,0,0,0,0,0,0,0,0,0,0,0,0,0,0,deborylation_0,0,0,0,0,0,178.71274066934677,45.57152795895188,4.552992661485344,195,0.7334,0,0,0,0,0,0,0,0,0,0,0,0,0,0,0,0,0,0,0,0,0,0,0,0,0,0,0,0,0,0,0,0,0,0,0,0,0,0,0,0,39.10491765363332,12.235749390448424,1.2224579617489466,210.0,0.5884,0.0,0.0,0.0,0.0,0.0,0.0,0.0,0.0,0.0,0.0,0.0,0.0,0.00021479638604998558,26.849548256248195,0.0,0.0,0.0,0.0,0.0,0.0,0.0,0.0,0.0,0.0,0.0,0.0,0.0,0.0,0.0,0.0,0.0,0.0,0.0,0.0
289,M2,CS(=O)(=O)O[Pd]c1ccccc1-c2ccccc2N.COc3cccc(OC)c3-c4ccccc4P(C5CCCCC5)C6CCCCC6,SPhos Pd G3,0.12484415999999997 milligram,0.16000000000000003 micromole,0.12484416 microliter,C39H48NO5PPdS,BrC1=CC=CN2C=CN=C12,"8-bromoimidazo[1,2-a]pyridine",0.15762800000000002 milligram,0.8 micromole,0.15762800000000005 microliter,C7H5BrN2,B1(OC(C(O1)(C)C)(C)C)C2=CN(N=C2C)C,"1,3-dimethyl-4-(4,4,5,5-tetramethyl-1,3,2-dioxaborolan-2-yl)-1H-pyrazole",0.21321311999999998 milligram,0.9600000000000001 micromole,0.21321312000000003 microliter,C11H19BN2O2,O=C([O-])[O-].[Na+].[Na+],Na2CO3,0.635928 milligram,6.0 micromole,0.6359280000000002 microliter,CNa2O3,CN1C=NC2=C1C(=O)N(C(=O)N2C)C,caffeine,0.1553528 milligram,0.8 micromole,0.15535280000000004 microliter,C8H10N4O2,C1COCCO1,dioxane,32.445 milligram,368.2496084262139 micromole,31.5 microliter,C4H8O2,O,water,3.5 milligram,194.2825423258396 micromole,3.5 microliter,H2O,Cc1nn(C)cc1-c1cccn2ccnc12,suzuki_product_0,0.0 milligram,0.0 micromole,0 microliter,C12H12N4,c1ccn2ccnc2c1,dehalogenation_0,0.0 milligram,0.0 micromole,0 microliter,C7H6N2,Cc1ccn(C)n1,deborylation_0,0.0 milligram,0.0 micromole,0 microliter,C5H8N2,BrC1=CC=CN2C=CN=C12.B1(OC(C(O1)(C)C)(C)C)C2=CN(N=C2C)C>>Cc1nn(C)cc1-c1cccn2ccnc12.c1ccn2ccnc2c1.Cc1ccn(C)n1,001_RLN-NB-2443_007_M2,,,,,,,,,3/30/2023 4:28:06 AM,kat78-2-m2-a1_03_22_2023_290.raw,2min_150_1200.EXP,001_RLN-NB-2443_007_M2,KAT78-2-M2-A1_KAT78-2-M2-A1_KAT78-2-M2-A1,0,0,0,0,0,0,0,0,0,0,0,0,0,0,0,deborylation_0,0,0,0,0,0,178.71885537241812,56.4988136419158,4.564132146605669,195,0.7351,0,0,0,0,0,0,0,0,0,0,0,0,0,0,0,0,0,0,0,0,0,0,0,0,0,0,0,0,0,0,0,0,0,0,0,0,0,0,0,0,11.397546389312483,2.8376323389088998,0.22923187485574925,213.1,0.6568,0.0,0.0,0.0,0.0,0.0,0.0,0.0,0.0,0.0,0.0,0.0,0.0,4.017970864866011e-05,5.022463581082513,0.0,0.0,0.0,0.0,0.0,0.0,0.0,0.0,0.0,0.0,0.0,0.0,0.0,0.0,0.0,0.0,0.0,0.0,0.0,0.0
290,M3,CS(=O)(=O)O[Pd]c1ccccc1-c2ccccc2N.COc3cccc(OC)c3-c4ccccc4P(C5CCCCC5)C6CCCCC6,SPhos Pd G3,0.12484415999999997 milligram,0.16000000000000003 micromole,0.12484416 microliter,C39H48NO5PPdS,BrC1=CC=CN2C=CN=C12,"8-bromoimidazo[1,2-a]pyridine",0.15762800000000002 milligram,0.8 micromole,0.15762800000000005 microliter,C7H5BrN2,B1(OC(C(O1)(C)C)(C)C)C2=CCN(CC2)C(=O)OC(C)(C)C,"N-Boc-1,2,5,6-tetrahydropyridine-4-boronic acid pinacol ester",0.29684640000000007 milligram,0.9600000000000001 micromole,0.2968464000000001 microliter,C16H28BNO4,O=C([O-])[O-].[Na+].[Na+],Na2CO3,0.635928 milligram,6.0 micromole,0.6359280000000002 microliter,CNa2O3,CN1C=NC2=C1C(=O)N(C(=O)N2C)C,caffeine,0.1553528 milligram,0.8 micromole,0.15535280000000004 microliter,C8H10N4O2,C1COCCO1,dioxane,32.445 milligram,368.2496084262139 micromole,31.5 microliter,C4H8O2,O,water,3.5 milligram,194.2825423258396 micromole,3.5 microliter,H2O,CC(C)(C)OC(=O)N1CC=C(c2cccn3ccnc23)CC1,suzuki_product_0,0.0 milligram,0.0 micromole,0 microliter,C17H21N3O2,c1ccn2ccnc2c1,dehalogenation_0,0.0 milligram,0.0 micromole,0 microliter,C7H6N2,CC(C)(C)OC(=O)N1CC=CCC1,deborylation_0,0.0 milligram,0.0 micromole,0 microliter,C10H17NO2,BrC1=CC=CN2C=CN=C12.B1(OC(C(O1)(C)C)(C)C)C2=CCN(CC2)C(=O)OC(C)(C)C>>CC(C)(C)OC(=O)N1CC=C(c2cccn3ccnc23)CC1.c1ccn2ccnc2c1.CC(C)(C)OC(=O)N1CC=CCC1,001_RLN-NB-2443_007_M3,,,,,,,,,3/30/2023 4:30:32 AM,kat78-2-m3-a1_03_22_2023_291.raw,2min_150_1200.EXP,001_RLN-NB-2443_007_M3,KAT78-2-M3-A1_KAT78-2-M3-A1_KAT78-2-M3-A1,0,0,0,0,0,0,0,0,0,0,0,0,0,0,0,deborylation_0,0,0,0,0,0,181.52755491366133,18.567984185640867,4.543890461869953,195,0.7351,0,0,0,0,0,0,0,0,0,0,0,0,0,0,0,0,0,0,0,0,0,0,0,0,0,0,0,0,0,0,0,0,0,0,0,0,0,0,0,0,202.61822324187378,25.896282165443946,6.33724524714164,300.0,0.8684,0.0,0.0,0.0,0.0,0.0,0.0,0.0,0.0,0.0,0.0,0.0,0.0,0.0011157390875190536,139.4673859398817,0.0,0.0,0.0,0.0,0.0,0.0,0.0,0.0,0.0,0.0,0.0,0.0,0.0,0.0,0.0,0.0,0.0,0.0,0.0,0.0
291,M4,CS(=O)(=O)O[Pd]c1ccccc1-c2ccccc2N.COc3cccc(OC)c3-c4ccccc4P(C5CCCCC5)C6CCCCC6,SPhos Pd G3,0.12484415999999997 milligram,0.16000000000000003 micromole,0.12484416 microliter,C39H48NO5PPdS,BrC1=CC=CN2C=CN=C12,"8-bromoimidazo[1,2-a]pyridine",0.15762800000000002 milligram,0.8 micromole,0.15762800000000005 microliter,C7H5BrN2,B1(OC(C(O1)(C)C)(C)C)C2=CCN(CC2)C(=O)OC(C)(C)C,"N-Boc-1,2,5,6-tetrahydropyridine-4-boronic acid pinacol ester",0.29684640000000007 milligram,0.9600000000000001 micromole,0.2968464000000001 microliter,C16H28BNO4,O=C([O-])[O-].[Na+].[Na+],Na2CO3,0.635928 milligram,6.0 micromole,0.6359280000000002 microliter,CNa2O3,CN1C=NC2=C1C(=O)N(C(=O)N2C)C,caffeine,0.1553528 milligram,0.8 micromole,0.15535280000000004 microliter,C8H10N4O2,C1COCCO1,dioxane,32.445 milligram,368.2496084262139 micromole,31.5 microliter,C4H8O2,O,water,3.5 milligram,194.2825423258396 micromole,3.5 microliter,H2O,CC(C)(C)OC(=O)N1CC=C(c2cccn3ccnc23)CC1,suzuki_product_0,0.0 milligram,0.0 micromole,0 microliter,C17H21N3O2,c1ccn2ccnc2c1,dehalogenation_0,0.0 milligram,0.0 micromole,0 microliter,C7H6N2,CC(C)(C)OC(=O)N1CC=CCC1,deborylation_0,0.0 milligram,0.0 micromole,0 microliter,C10H17NO2,BrC1=CC=CN2C=CN=C12.B1(OC(C(O1)(C)C)(C)C)C2=CCN(CC2)C(=O)OC(C)(C)C>>CC(C)(C)OC(=O)N1CC=C(c2cccn3ccnc23)CC1.c1ccn2ccnc2c1.CC(C)(C)OC(=O)N1CC=CCC1,001_RLN-NB-2443_007_M4,,,,,,,,,3/30/2023 4:32:58 AM,kat78-2-m4-a1_03_22_2023_292.raw,2min_150_1200.EXP,001_RLN-NB-2443_007_M4,KAT78-2-M4-A1_KAT78-2-M4-A1_KAT78-2-M4-A1,0,0,0,0,0,0,0,0,0,0,0,0,0,0,0,deborylation_0,0,0,0,0,0,174.555591987849,62.75996089905205,4.606897916540579,194.9,0.7334,0,0,0,0,0,0,0,0,0,0,0,0,0,0,0,0,0,0,0,0,0,0,0,0,0,0,0,0,0,0,0,0,0,0,0,0,0,0,0,0,0.0,0.0,0.0,0.0,0.0,0.0,0.0,0.0,0.0,0.0,0.0,0.0,0.0,0.0,0.0,0.0,0.0,0.0,0.0,0.0,0.0,0.0,0.0,0.0,0.0,0.0,0.0,0.0,0.0,0.0,0.0,0.0,0.0,0.0,0.0,0.0,0.0,0.0,0.0
292,M5,CS(=O)(=O)O[Pd]c1ccccc1-c2ccccc2N.COc3cccc(OC)c3-c4ccccc4P(C5CCCCC5)C6CCCCC6,SPhos Pd G3,0.12484415999999997 milligram,0.16000000000000003 micromole,0.12484416 microliter,C39H48NO5PPdS,BrC1=CC=CN2C=CN=C12,"8-bromoimidazo[1,2-a]pyridine",0.15762800000000002 milligram,0.8 micromole,0.15762800000000005 microliter,C7H5BrN2,B1(OC(C(O1)(C)C)(C)C)C2=CC=C(C=C2)N,"4-(4,4,5,5-tetramethyl-1,3,2-dioxaborolan-2-yl)aniline",0.21032928 milligram,0.9600000000000001 micromole,0.21032928000000006 microliter,C12H18BNO2,O=C([O-])[O-].[Na+].[Na+],Na2CO3,0.635928 milligram,6.0 micromole,0.6359280000000002 microliter,CNa2O3,CN1C=NC2=C1C(=O)N(C(=O)N2C)C,caffeine,0.1553528 milligram,0.8 micromole,0.15535280000000004 microliter,C8H10N4O2,C1COCCO1,dioxane,32.445 milligram,368.2496084262139 micromole,31.5 microliter,C4H8O2,O,water,3.5 milligram,194.2825423258396 micromole,3.5 microliter,H2O,Nc1ccc(-c2cccn3ccnc23)cc1,suzuki_product_0,0.0 milligram,0.0 micromole,0 microliter,C13H11N3,c1ccn2ccnc2c1,dehalogenation_0,0.0 milligram,0.0 micromole,0 microliter,C7H6N2,Nc1ccccc1,deborylation_0,0.0 milligram,0.0 micromole,0 microliter,C6H7N,BrC1=CC=CN2C=CN=C12.B1(OC(C(O1)(C)C)(C)C)C2=CC=C(C=C2)N>>Nc1ccc(-c2cccn3ccnc23)cc1.c1ccn2ccnc2c1.Nc1ccccc1,001_RLN-NB-2443_007_M5,,,,,,,,,3/30/2023 4:35:25 AM,kat78-2-m5-a1_03_22_2023_293.raw,2min_150_1200.EXP,001_RLN-NB-2443_007_M5,KAT78-2-M5-A1_KAT78-2-M5-A1_KAT78-2-M5-A1,0,0,0,0,0,0,0,0,0,0,0,0,0,0,0,deborylation_0,0,0,0,0,0,170.42393229894162,30.63649241643113,4.390767889457376,194.9,0.7334,0,0,0,0,0,0,0,0,0,0,0,0,0,0,0,21.33155329581863,4.430594189129764,0.6349849203498862,219.8,1.1018,0,0,0,0,0,0,0,0,0,0,0,0,0,0,0,0,0,0,0,0,63.38409470881365,12.056881484010852,1.7279709226306708,210.0,0.6368,0.0,0.0,0.0,0.0,0.0,0.0,0.0,0.0,0.0,0.0,0.0,0.0,0.0003148371248281528,39.3546406035191,0.0,0.0,0.0,0.0,0.0,0.0,0.0,0.0,0.00011569455481799283,14.461819352249103,0.0,0.0,0.0,0.0,0.0,0.0,0.0,0.0,0.0,0.0
293,M6,CS(=O)(=O)O[Pd]c1ccccc1-c2ccccc2N.COc3cccc(OC)c3-c4ccccc4P(C5CCCCC5)C6CCCCC6,SPhos Pd G3,0.12484415999999997 milligram,0.16000000000000003 micromole,0.12484416 microliter,C39H48NO5PPdS,BrC1=CC=CN2C=CN=C12,"8-bromoimidazo[1,2-a]pyridine",0.15762800000000002 milligram,0.8 micromole,0.15762800000000005 microliter,C7H5BrN2,B1(OC(C(O1)(C)C)(C)C)C2=CC=C(C=C2)N,"4-(4,4,5,5-tetramethyl-1,3,2-dioxaborolan-2-yl)aniline",0.21032928 milligram,0.9600000000000001 micromole,0.21032928000000006 microliter,C12H18BNO2,O=C([O-])[O-].[Na+].[Na+],Na2CO3,0.635928 milligram,6.0 micromole,0.6359280000000002 microliter,CNa2O3,CN1C=NC2=C1C(=O)N(C(=O)N2C)C,caffeine,0.1553528 milligram,0.8 micromole,0.15535280000000004 microliter,C8H10N4O2,C1COCCO1,dioxane,32.445 milligram,368.2496084262139 micromole,31.5 microliter,C4H8O2,O,water,3.5 milligram,194.2825423258396 micromole,3.5 microliter,H2O,Nc1ccc(-c2cccn3ccnc23)cc1,suzuki_product_0,0.0 milligram,0.0 micromole,0 microliter,C13H11N3,c1ccn2ccnc2c1,dehalogenation_0,0.0 milligram,0.0 micromole,0 microliter,C7H6N2,Nc1ccccc1,deborylation_0,0.0 milligram,0.0 micromole,0 microliter,C6H7N,BrC1=CC=CN2C=CN=C12.B1(OC(C(O1)(C)C)(C)C)C2=CC=C(C=C2)N>>Nc1ccc(-c2cccn3ccnc23)cc1.c1ccn2ccnc2c1.Nc1ccccc1,001_RLN-NB-2443_007_M6,,,,,,,,,3/30/2023 4:37:51 AM,kat78-2-m6-a1_03_22_2023_294.raw,2min_150_1200.EXP,001_RLN-NB-2443_007_M6,KAT78-2-M6-A1_KAT78-2-M6-A1_KAT78-2-M6-A1,0,0,0,0,0,0,0,0,0,0,0,0,0,0,0,deborylation_0,0,0,0,0,0,176.62430924825094,32.824610326386505,4.464671865068769,195,0.7334,0,0,0,0,0,0,0,0,0,0,0,0,0,0,0,0,0,0,0,0,0,0,0,0,0,0,0,0,0,0,0,0,0,0,0,0,0,0,0,0,59.87091160503809,12.341946269968306,1.6787020386171303,210.1,0.6384,0.0,0.0,0.0,0.0,0.0,0.0,0.0,0.0,0.0,0.0,0.0,0.0,0.0003007973870153655,37.599673376920684,0.0,0.0,0.0,0.0,0.0,0.0,0.0,0.0,0.0,0.0,0.0,0.0,0.0,0.0,0.0,0.0,0.0,0.0,0.0,0.0
294,M7,CS(=O)(=O)O[Pd]c1ccccc1-c2ccccc2N.COc3cccc(OC)c3-c4ccccc4P(C5CCCCC5)C6CCCCC6,SPhos Pd G3,0.12484415999999997 milligram,0.16000000000000003 micromole,0.12484416 microliter,C39H48NO5PPdS,CC1=CC(C=O)=C(C)N1C2=CC(Cl)=CC(Cl)=C2,"1-(3,5-dichlorophenyl)-2,5-dimethyl-1H-pyrrole-3-carbaldehyde",0.2145144 milligram,0.8 micromole,0.21451440000000005 microliter,C13H11Cl2NO,B1(OC(C(O1)(C)C)(C)C)C2=CN=C(C=C2)C,"2-methyl-5-(4,4,5,5-tetramethyl-1,3,2-dioxaborolan-2-yl)pyridine",0.21032928 milligram,0.9600000000000001 micromole,0.21032928000000006 microliter,C12H18BNO2,O=C([O-])[O-].[Na+].[Na+],Na2CO3,0.635928 milligram,6.0 micromole,0.6359280000000002 microliter,CNa2O3,CN1C=NC2=C1C(=O)N(C(=O)N2C)C,caffeine,0.1553528 milligram,0.8 micromole,0.15535280000000004 microliter,C8H10N4O2,C1COCCO1,dioxane,32.445 milligram,368.2496084262139 micromole,31.5 microliter,C4H8O2,O,water,3.5 milligram,194.2825423258396 micromole,3.5 microliter,H2O,Cc1ccc(-c2cc(Cl)cc(-n3c(C)cc(C=O)c3C)c2)cn1,suzuki_product_0,0.0 milligram,0.0 micromole,0 microliter,C19H17ClN2O,Cc1ccc(-c2cc(-c3ccc(C)nc3)cc(-n3c(C)cc(C=O)c3C)c2)cn1,bis_addition_1,0.0 milligram,0.0 micromole,0 microliter,C25H23N3O,Cc1cc(C=O)c(C)n1-c1cccc(Cl)c1,dehalogenation_0,0.0 milligram,0.0 micromole,0 microliter,C13H12ClNO,CC1=CC(C=O)=C(C)N1C2=CC(Cl)=CC(Cl)=C2.B1(OC(C(O1)(C)C)(C)C)C2=CN=C(C=C2)C>>Cc1ccc(-c2cc(Cl)cc(-n3c(C)cc(C=O)c3C)c2)cn1.Cc1ccc(-c2cc(-c3ccc(C)nc3)cc(-n3c(C)cc(C=O)c3C)c2)cn1.Cc1cc(C=O)c(C)n1-c1cccc(Cl)c1.Cc1ccccn1,001_RLN-NB-2443_007_M7,,,Cc1ccccn1,deborylation_0,0.0 milligram,0.0 micromole,0 microliter,C6H7N,3/30/2023 4:40:18 AM,kat78-2-m7-a1_03_22_2023_295.raw,2min_150_1200.EXP,001_RLN-NB-2443_007_M7,KAT78-2-M7-A1_KAT78-2-M7-A1_KAT78-2-M7-A1,0,0,0,0,0,0,0,0,0,0,0,0,0,0,0,bis_addition_1,0,0,0,0,0,171.6822918346136,25.0835187670069,4.2359212257315635,195,0.7351,0,0,0,0,0,0,0,0,0,0,0,0,0,0,0,0,0,0,0,0,48.79689723916382,6.326003651612874,1.068289237679385,382.1,0.8068,0,0,0,0,0,0,0,0,0,0,0,0,0,0,0,214.35884453964835,33.608983254367786,5.675639325758797,324.9,1.0368,0.0,0.0,0.0,0.0,0.0,161.02749670460022,21.295260323824674,3.5961878415486717,268.0,1.3251,0.0,0.0,0.0010719064917981025,133.9883114747628,0.0,0.0,0.0,0.0,0.0,0.0,0.0,0.0,0.0,0.0,0.0006791793614486008,84.89742018107509,0.00020175809336395517,25.219761670494396,0.0,0.0,0.0,0.0,0.0,0.0
295,M8,CS(=O)(=O)O[Pd]c1ccccc1-c2ccccc2N.COc3cccc(OC)c3-c4ccccc4P(C5CCCCC5)C6CCCCC6,SPhos Pd G3,0.12484415999999997 milligram,0.16000000000000003 micromole,0.12484416 microliter,C39H48NO5PPdS,CC1=CC(C=O)=C(C)N1C2=CC(Cl)=CC(Cl)=C2,"1-(3,5-dichlorophenyl)-2,5-dimethyl-1H-pyrrole-3-carbaldehyde",0.2145144 milligram,0.8 micromole,0.21451440000000005 microliter,C13H11Cl2NO,B1(OC(C(O1)(C)C)(C)C)C2=CN(N=C2C)C,"1,3-dimethyl-4-(4,4,5,5-tetramethyl-1,3,2-dioxaborolan-2-yl)-1H-pyrazole",0.21321311999999998 milligram,0.9600000000000001 micromole,0.21321312000000003 microliter,C11H19BN2O2,O=C([O-])[O-].[Na+].[Na+],Na2CO3,0.635928 milligram,6.0 micromole,0.6359280000000002 microliter,CNa2O3,CN1C=NC2=C1C(=O)N(C(=O)N2C)C,caffeine,0.1553528 milligram,0.8 micromole,0.15535280000000004 microliter,C8H10N4O2,C1COCCO1,dioxane,32.445 milligram,368.2496084262139 micromole,31.5 microliter,C4H8O2,O,water,3.5 milligram,194.2825423258396 micromole,3.5 microliter,H2O,Cc1nn(C)cc1-c1cc(Cl)cc(-n2c(C)cc(C=O)c2C)c1,suzuki_product_0,0.0 milligram,0.0 micromole,0 microliter,C18H18ClN3O,Cc1nn(C)cc1-c1cc(-c2cn(C)nc2C)cc(-n2c(C)cc(C=O)c2C)c1,bis_addition_1,0.0 milligram,0.0 micromole,0 microliter,C23H25N5O,Cc1cc(C=O)c(C)n1-c1cccc(Cl)c1,dehalogenation_0,0.0 milligram,0.0 micromole,0 microliter,C13H12ClNO,CC1=CC(C=O)=C(C)N1C2=CC(Cl)=CC(Cl)=C2.B1(OC(C(O1)(C)C)(C)C)C2=CN(N=C2C)C>>Cc1nn(C)cc1-c1cc(Cl)cc(-n2c(C)cc(C=O)c2C)c1.Cc1nn(C)cc1-c1cc(-c2cn(C)nc2C)cc(-n2c(C)cc(C=O)c2C)c1.Cc1cc(C=O)c(C)n1-c1cccc(Cl)c1.Cc1ccn(C)n1,001_RLN-NB-2443_007_M8,,,Cc1ccn(C)n1,deborylation_0,0.0 milligram,0.0 micromole,0 microliter,C5H8N2,3/30/2023 4:42:46 AM,kat78-2-m8-a1_03_22_2023_296.raw,2min_150_1200.EXP,001_RLN-NB-2443_007_M8,KAT78-2-M8-A1_KAT78-2-M8-A1_KAT78-2-M8-A1,0,0,0,0,0,0,0,0,0,0,0,0,0,0,0,bis_addition_2,0,0,0,0,0,168.5005179596871,37.092567220269565,4.224274390822616,195,0.7334,0,0,0,0,0,0,0,0,0,0,0,0,0,0,0,0,0,0,0,0,0,0,0,0,0,0,0,0,0,0,0,0,0,0,0,0,0,0,0,0,0.0,0.0,0.0,0.0,0.0,0.0,0.0,0.0,0.0,0.0,183.40542638293337,36.95861102262577,4.2090188348553434,267.8,1.3268,0.0,0.0,0.0,0.0,0.0,0.0,0.0,0.0,0.0,0.0,0.0,0.0,0.0,0.0,0.0007971108778349407,99.63885972936758,0.0,0.0,0.0,0.0,0.0,0.0,0.0,0.0
296,M9,CS(=O)(=O)O[Pd]c1ccccc1-c2ccccc2N.COc3cccc(OC)c3-c4ccccc4P(C5CCCCC5)C6CCCCC6,SPhos Pd G3,0.12484415999999997 milligram,0.16000000000000003 micromole,0.12484416 microliter,C39H48NO5PPdS,CC1=CC(C=O)=C(C)N1C2=CC(Cl)=CC(Cl)=C2,"1-(3,5-dichlorophenyl)-2,5-dimethyl-1H-pyrrole-3-carbaldehyde",0.2145144 milligram,0.8 micromole,0.21451440000000005 microliter,C13H11Cl2NO,B1(OC(C(O1)(C)C)(C)C)C2=CCN(CC2)C(=O)OC(C)(C)C,"N-Boc-1,2,5,6-tetrahydropyridine-4-boronic acid pinacol ester",0.29684640000000007 milligram,0.9600000000000001 micromole,0.2968464000000001 microliter,C16H28BNO4,O=C([O-])[O-].[Na+].[Na+],Na2CO3,0.635928 milligram,6.0 micromole,0.6359280000000002 microliter,CNa2O3,CN1C=NC2=C1C(=O)N(C(=O)N2C)C,caffeine,0.1553528 milligram,0.8 micromole,0.15535280000000004 microliter,C8H10N4O2,C1COCCO1,dioxane,32.445 milligram,368.2496084262139 micromole,31.5 microliter,C4H8O2,O,water,3.5 milligram,194.2825423258396 micromole,3.5 microliter,H2O,Cc1cc(C=O)c(C)n1-c1cc(Cl)cc(C2=CCN(C(=O)OC(C)(C)C)CC2)c1,suzuki_product_0,0.0 milligram,0.0 micromole,0 microliter,C23H27ClN2O3,Cc1cc(C=O)c(C)n1-c1cc(C2=CCN(C(=O)OC(C)(C)C)CC2)cc(C2=CCN(C(=O)OC(C)(C)C)CC2)c1,bis_addition_2,0.0 milligram,0.0 micromole,0 microliter,C33H43N3O5,Cc1cc(C=O)c(C)n1-c1cccc(Cl)c1,dehalogenation_0,0.0 milligram,0.0 micromole,0 microliter,C13H12ClNO,CC1=CC(C=O)=C(C)N1C2=CC(Cl)=CC(Cl)=C2.B1(OC(C(O1)(C)C)(C)C)C2=CCN(CC2)C(=O)OC(C)(C)C>>Cc1cc(C=O)c(C)n1-c1cc(Cl)cc(C2=CCN(C(=O)OC(C)(C)C)CC2)c1.Cc1cc(C=O)c(C)n1-c1cc(C2=CCN(C(=O)OC(C)(C)C)CC2)cc(C2=CCN(C(=O)OC(C)(C)C)CC2)c1.Cc1cc(C=O)c(C)n1-c1cccc(Cl)c1.CC(C)(C)OC(=O)N1CC=CCC1,001_RLN-NB-2443_007_M9,,,CC(C)(C)OC(=O)N1CC=CCC1,deborylation_0,0.0 milligram,0.0 micromole,0 microliter,C10H17NO2,3/30/2023 4:45:11 AM,kat78-2-m9-a1_03_22_2023_297.raw,2min_150_1200.EXP,001_RLN-NB-2443_007_M9,KAT78-2-M9-A1_KAT78-2-M9-A1_KAT78-2-M9-A1,0,0,0,0,0,0,0,0,0,0,0,0,0,0,0,bis_addition_1,0,0,0,0,0,180.78790110963743,38.72623469404038,4.64434003099085,195,0.7334,0,0,0,0,0,0,0,0,0,0,0,0,0,0,0,0,0,0,0,0,0,0,0,0,0,0,0,0,0,0,0,0,0,0,0,0,0,0,0,0,0.0,0.0,0.0,0.0,0.0,0.0,0.0,0.0,0.0,0.0,379.1450748601569,74.66234599363841,8.95406757319753,462.8,2.0585,0.0,0.0,0.0,0.0,0.0,0.0,0.0,0.0,0.0,0.0,0.0,0.0,0.0,0.0,0.0015423621032824714,192.7952629103089,0.0,0.0,0.0,0.0,0.0,0.0,0.0,0.0
297,M10,CS(=O)(=O)O[Pd]c1ccccc1-c2ccccc2N.COc3cccc(OC)c3-c4ccccc4P(C5CCCCC5)C6CCCCC6,SPhos Pd G3,0.12484415999999997 milligram,0.16000000000000003 micromole,0.12484416 microliter,C39H48NO5PPdS,CC1=CC(C=O)=C(C)N1C2=CC(Cl)=CC(Cl)=C2,"1-(3,5-dichlorophenyl)-2,5-dimethyl-1H-pyrrole-3-carbaldehyde",0.2145144 milligram,0.8 micromole,0.21451440000000005 microliter,C13H11Cl2NO,B1(OC(C(O1)(C)C)(C)C)C2=CCN(CC2)C(=O)OC(C)(C)C,"N-Boc-1,2,5,6-tetrahydropyridine-4-boronic acid pinacol ester",0.29684640000000007 milligram,0.9600000000000001 micromole,0.2968464000000001 microliter,C16H28BNO4,O=C([O-])[O-].[Na+].[Na+],Na2CO3,0.635928 milligram,6.0 micromole,0.6359280000000002 microliter,CNa2O3,CN1C=NC2=C1C(=O)N(C(=O)N2C)C,caffeine,0.1553528 milligram,0.8 micromole,0.15535280000000004 microliter,C8H10N4O2,C1COCCO1,dioxane,32.445 milligram,368.2496084262139 micromole,31.5 microliter,C4H8O2,O,water,3.5 milligram,194.2825423258396 micromole,3.5 microliter,H2O,Cc1cc(C=O)c(C)n1-c1cc(Cl)cc(C2=CCN(C(=O)OC(C)(C)C)CC2)c1,suzuki_product_0,0.0 milligram,0.0 micromole,0 microliter,C23H27ClN2O3,Cc1cc(C=O)c(C)n1-c1cc(C2=CCN(C(=O)OC(C)(C)C)CC2)cc(C2=CCN(C(=O)OC(C)(C)C)CC2)c1,bis_addition_2,0.0 milligram,0.0 micromole,0 microliter,C33H43N3O5,Cc1cc(C=O)c(C)n1-c1cccc(Cl)c1,dehalogenation_0,0.0 milligram,0.0 micromole,0 microliter,C13H12ClNO,CC1=CC(C=O)=C(C)N1C2=CC(Cl)=CC(Cl)=C2.B1(OC(C(O1)(C)C)(C)C)C2=CCN(CC2)C(=O)OC(C)(C)C>>Cc1cc(C=O)c(C)n1-c1cc(Cl)cc(C2=CCN(C(=O)OC(C)(C)C)CC2)c1.Cc1cc(C=O)c(C)n1-c1cc(C2=CCN(C(=O)OC(C)(C)C)CC2)cc(C2=CCN(C(=O)OC(C)(C)C)CC2)c1.Cc1cc(C=O)c(C)n1-c1cccc(Cl)c1.CC(C)(C)OC(=O)N1CC=CCC1,001_RLN-NB-2443_007_M10,,,CC(C)(C)OC(=O)N1CC=CCC1,deborylation_0,0.0 milligram,0.0 micromole,0 microliter,C10H17NO2,3/30/2023 4:47:38 AM,kat78-2-m10-a1_03_22_2023_298.raw,2min_150_1200.EXP,001_RLN-NB-2443_007_M10,KAT78-2-M10-A1_KAT78-2-M10-A1_KAT78-2-M10-A1,0,0,0,0,0,0,0,0,0,0,0,0,0,0,0,bis_addition_1,0,0,0,0,0,189.9413988755273,38.209238725338764,4.775157358189985,195,0.7351,0,0,0,0,0,0,0,0,0,0,0,0,0,0,0,0,0,0,0,0,0,0,0,0,0,0,0,0,0,0,0,0,0,0,0,0,0,0,0,0,0.0,0.0,0.0,0.0,0.0,0.0,0.0,0.0,0.0,0.0,213.99335845500812,37.48339788842206,4.684446202226047,267.8,1.3268,0.0,0.0,0.0,0.0,0.0,0.0,0.0,0.0,0.0,0.0,0.0,0.0,0.0,0.0,0.000784802820236555,98.10035252956938,0.0,0.0,0.0,0.0,0.0,0.0,0.0,0.0
298,M11,CS(=O)(=O)O[Pd]c1ccccc1-c2ccccc2N.COc3cccc(OC)c3-c4ccccc4P(C5CCCCC5)C6CCCCC6,SPhos Pd G3,0.12484415999999997 milligram,0.16000000000000003 micromole,0.12484416 microliter,C39H48NO5PPdS,CC1=CC(C=O)=C(C)N1C2=CC(Cl)=CC(Cl)=C2,"1-(3,5-dichlorophenyl)-2,5-dimethyl-1H-pyrrole-3-carbaldehyde",0.2145144 milligram,0.8 micromole,0.21451440000000005 microliter,C13H11Cl2NO,B1(OC(C(O1)(C)C)(C)C)C2=CC=C(C=C2)N,"4-(4,4,5,5-tetramethyl-1,3,2-dioxaborolan-2-yl)aniline",0.21032928 milligram,0.9600000000000001 micromole,0.21032928000000006 microliter,C12H18BNO2,O=C([O-])[O-].[Na+].[Na+],Na2CO3,0.635928 milligram,6.0 micromole,0.6359280000000002 microliter,CNa2O3,CN1C=NC2=C1C(=O)N(C(=O)N2C)C,caffeine,0.1553528 milligram,0.8 micromole,0.15535280000000004 microliter,C8H10N4O2,C1COCCO1,dioxane,32.445 milligram,368.2496084262139 micromole,31.5 microliter,C4H8O2,O,water,3.5 milligram,194.2825423258396 micromole,3.5 microliter,H2O,Cc1cc(C=O)c(C)n1-c1cc(Cl)cc(-c2ccc(N)cc2)c1,suzuki_product_0,0.0 milligram,0.0 micromole,0 microliter,C19H17ClN2O,Cc1cc(C=O)c(C)n1-c1cc(-c2ccc(N)cc2)cc(-c2ccc(N)cc2)c1,bis_addition_1,0.0 milligram,0.0 micromole,0 microliter,C25H23N3O,Cc1cc(C=O)c(C)n1-c1cccc(Cl)c1,dehalogenation_0,0.0 milligram,0.0 micromole,0 microliter,C13H12ClNO,CC1=CC(C=O)=C(C)N1C2=CC(Cl)=CC(Cl)=C2.B1(OC(C(O1)(C)C)(C)C)C2=CC=C(C=C2)N>>Cc1cc(C=O)c(C)n1-c1cc(Cl)cc(-c2ccc(N)cc2)c1.Cc1cc(C=O)c(C)n1-c1cc(-c2ccc(N)cc2)cc(-c2ccc(N)cc2)c1.Cc1cc(C=O)c(C)n1-c1cccc(Cl)c1.Nc1ccccc1,001_RLN-NB-2443_007_M11,,,Nc1ccccc1,deborylation_0,0.0 milligram,0.0 micromole,0 microliter,C6H7N,3/30/2023 4:50:04 AM,kat78-2-m11-a1_03_22_2023_299.raw,2min_150_1200.EXP,001_RLN-NB-2443_007_M11,KAT78-2-M11-A1_KAT78-2-M11-A1_KAT78-2-M11-A1,0,0,0,0,0,0,0,0,0,0,0,0,0,0,0,bis_addition_1,0,0,0,0,0,180.44768343045376,20.013573001626966,4.687283886160722,195,0.7334,0,0,0,0,0,0,0,0,0,0,0,0,0,0,0,0,0,0,0,0,86.6631710316935,17.121286338562175,4.009895162576028,261,1.0251,0,0,0,0,0,0,0,0,0,0,0,0,0,0,0,192.35464011318396,27.883453402355507,6.530451199930642,325.0,1.2318,0.0,0.0,0.0,0.0,0.0,161.8473561935625,18.47004760733886,4.325782133927956,267.8,1.3251,0.0,0.0,0.001114581725115801,139.32271563947515,0.0,0.0,0.0,0.0,0.0,0.0,0.0,0.0,0.0,0.0,0.000738300856357328,92.287607044666,0.0006843869942531634,85.54837428164541,0.0,0.0,0.0,0.0,0.0,0.0
299,M12,CS(=O)(=O)O[Pd]c1ccccc1-c2ccccc2N.COc3cccc(OC)c3-c4ccccc4P(C5CCCCC5)C6CCCCC6,SPhos Pd G3,0.12484415999999997 milligram,0.16000000000000003 micromole,0.12484416 microliter,C39H48NO5PPdS,CC1=CC(C=O)=C(C)N1C2=CC(Cl)=CC(Cl)=C2,"1-(3,5-dichlorophenyl)-2,5-dimethyl-1H-pyrrole-3-carbaldehyde",0.2145144 milligram,0.8 micromole,0.21451440000000005 microliter,C13H11Cl2NO,B1(OC(C(O1)(C)C)(C)C)C2=CC=C(C=C2)N,"4-(4,4,5,5-tetramethyl-1,3,2-dioxaborolan-2-yl)aniline",0.21032928 milligram,0.9600000000000001 micromole,0.21032928000000006 microliter,C12H18BNO2,O=C([O-])[O-].[Na+].[Na+],Na2CO3,0.635928 milligram,6.0 micromole,0.6359280000000002 microliter,CNa2O3,CN1C=NC2=C1C(=O)N(C(=O)N2C)C,caffeine,0.1553528 milligram,0.8 micromole,0.15535280000000004 microliter,C8H10N4O2,C1COCCO1,dioxane,32.445 milligram,368.2496084262139 micromole,31.5 microliter,C4H8O2,O,water,3.5 milligram,194.2825423258396 micromole,3.5 microliter,H2O,Cc1cc(C=O)c(C)n1-c1cc(Cl)cc(-c2ccc(N)cc2)c1,suzuki_product_0,0.0 milligram,0.0 micromole,0 microliter,C19H17ClN2O,Cc1cc(C=O)c(C)n1-c1cc(-c2ccc(N)cc2)cc(-c2ccc(N)cc2)c1,bis_addition_1,0.0 milligram,0.0 micromole,0 microliter,C25H23N3O,Cc1cc(C=O)c(C)n1-c1cccc(Cl)c1,dehalogenation_0,0.0 milligram,0.0 micromole,0 microliter,C13H12ClNO,CC1=CC(C=O)=C(C)N1C2=CC(Cl)=CC(Cl)=C2.B1(OC(C(O1)(C)C)(C)C)C2=CC=C(C=C2)N>>Cc1cc(C=O)c(C)n1-c1cc(Cl)cc(-c2ccc(N)cc2)c1.Cc1cc(C=O)c(C)n1-c1cc(-c2ccc(N)cc2)cc(-c2ccc(N)cc2)c1.Cc1cc(C=O)c(C)n1-c1cccc(Cl)c1.Nc1ccccc1,001_RLN-NB-2443_007_M12,,,Nc1ccccc1,deborylation_0,0.0 milligram,0.0 micromole,0 microliter,C6H7N,3/30/2023 4:52:31 AM,kat78-2-m12-a1_03_22_2023_300.raw,2min_150_1200.EXP,001_RLN-NB-2443_007_M12,KAT78-2-M12-A1_KAT78-2-M12-A1_KAT78-2-M12-A1,0,0,0,0,0,0,0,0,0,0,0,0,0,0,0,bis_addition_1,0,0,0,0,0,178.57995651913723,32.57823955743919,4.45374721907645,195,0.7351,0,0,0,0,0,33.18571979587889,7.001159278857472,0.9571233465069947,325,1.2318,0,0,0,0,0,0,0,0,0,0,0,0,0,0,0,0,0,0,0,0,0,0,0,0,0,0,0,0,0,0,33.18571979587889,7.001159278857472,0.9571233465069947,325.0,1.2318,0.0,0.0,0.0,0.0,0.0,172.81631822198872,33.08985547392747,4.523689855518714,267.9,1.3268,0.0,0.0,0.00017192234752927326,21.490293441159157,0.00017192234752927326,21.490293441159157,0.0,0.0,0.0,0.0,0.0,0.0,0.0,0.0,0.0008125633778482412,101.57042223103015,0.0,0.0,0.0,0.0,0.0,0.0,0.0,0.0
300,M13,CS(=O)(=O)O[Pd]c1ccccc1-c2ccccc2N.COc3cccc(OC)c3-c4ccccc4P(C5CCCCC5)C6CCCCC6,SPhos Pd G3,0.12484415999999997 milligram,0.16000000000000003 micromole,0.12484416 microliter,C39H48NO5PPdS,COC1=C(N)C(Cl)=NC=N1,4-chloro-6-methoxypyrimidin-5-amine,0.12766080000000002 milligram,0.8 micromole,0.12766080000000005 microliter,C5H6ClN3O,B1(OC(C(O1)(C)C)(C)C)C2=CN=C(C=C2)C,"2-methyl-5-(4,4,5,5-tetramethyl-1,3,2-dioxaborolan-2-yl)pyridine",0.21032928 milligram,0.9600000000000001 micromole,0.21032928000000006 microliter,C12H18BNO2,O=C([O-])[O-].[Na+].[Na+],Na2CO3,0.635928 milligram,6.0 micromole,0.6359280000000002 microliter,CNa2O3,CN1C=NC2=C1C(=O)N(C(=O)N2C)C,caffeine,0.1553528 milligram,0.8 micromole,0.15535280000000004 microliter,C8H10N4O2,C1COCCO1,dioxane,32.445 milligram,368.2496084262139 micromole,31.5 microliter,C4H8O2,O,water,3.5 milligram,194.2825423258396 micromole,3.5 microliter,H2O,COc1ncnc(-c2ccc(C)nc2)c1N,suzuki_product_0,0.0 milligram,0.0 micromole,0 microliter,C11H12N4O,COc1ncncc1N,dehalogenation_0,0.0 milligram,0.0 micromole,0 microliter,C5H7N3O,Cc1ccccn1,deborylation_0,0.0 milligram,0.0 micromole,0 microliter,C6H7N,COC1=C(N)C(Cl)=NC=N1.B1(OC(C(O1)(C)C)(C)C)C2=CN=C(C=C2)C>>COc1ncnc(-c2ccc(C)nc2)c1N.COc1ncncc1N.Cc1ccccn1,001_RLN-NB-2443_007_M13,,,,,,,,,3/30/2023 4:54:57 AM,kat78-2-m13-a1_03_22_2023_301.raw,2min_150_1200.EXP,001_RLN-NB-2443_007_M13,KAT78-2-M13-A1_KAT78-2-M13-A1_KAT78-2-M13-A1,0,0,0,0,0,0,0,0,0,0,0,0,0,0,0,deborylation_0,0,0,0,0,0,166.37588727697957,65.00798858436684,4.280434818363176,194.9,0.7334,0,0,0,0,0,0,0,0,0,0,0,0,0,0,0,0,0,0,0,0,0,0,0,0,0,0,0,0,0,0,0,0,0,0,0,0,0,0,0,0,17.01845685743387,5.536424311338562,0.3645444799561901,216.9,0.6518,0.0,0.0,0.0,0.0,0.0,0.0,0.0,0.0,0.0,0.0,0.0,0.0,6.813223336886895e-05,8.516529171108617,0.0,0.0,0.0,0.0,0.0,0.0,0.0,0.0,0.0,0.0,0.0,0.0,0.0,0.0,0.0,0.0,0.0,0.0,0.0,0.0
301,M14,CS(=O)(=O)O[Pd]c1ccccc1-c2ccccc2N.COc3cccc(OC)c3-c4ccccc4P(C5CCCCC5)C6CCCCC6,SPhos Pd G3,0.12484415999999997 milligram,0.16000000000000003 micromole,0.12484416 microliter,C39H48NO5PPdS,COC1=C(N)C(Cl)=NC=N1,4-chloro-6-methoxypyrimidin-5-amine,0.12766080000000002 milligram,0.8 micromole,0.12766080000000005 microliter,C5H6ClN3O,B1(OC(C(O1)(C)C)(C)C)C2=CN(N=C2C)C,"1,3-dimethyl-4-(4,4,5,5-tetramethyl-1,3,2-dioxaborolan-2-yl)-1H-pyrazole",0.21321311999999998 milligram,0.9600000000000001 micromole,0.21321312000000003 microliter,C11H19BN2O2,O=C([O-])[O-].[Na+].[Na+],Na2CO3,0.635928 milligram,6.0 micromole,0.6359280000000002 microliter,CNa2O3,CN1C=NC2=C1C(=O)N(C(=O)N2C)C,caffeine,0.1553528 milligram,0.8 micromole,0.15535280000000004 microliter,C8H10N4O2,C1COCCO1,dioxane,32.445 milligram,368.2496084262139 micromole,31.5 microliter,C4H8O2,O,water,3.5 milligram,194.2825423258396 micromole,3.5 microliter,H2O,COc1ncnc(-c2cn(C)nc2C)c1N,suzuki_product_0,0.0 milligram,0.0 micromole,0 microliter,C10H13N5O,COc1ncncc1N,dehalogenation_0,0.0 milligram,0.0 micromole,0 microliter,C5H7N3O,Cc1ccn(C)n1,deborylation_0,0.0 milligram,0.0 micromole,0 microliter,C5H8N2,COC1=C(N)C(Cl)=NC=N1.B1(OC(C(O1)(C)C)(C)C)C2=CN(N=C2C)C>>COc1ncnc(-c2cn(C)nc2C)c1N.COc1ncncc1N.Cc1ccn(C)n1,001_RLN-NB-2443_007_M14,,,,,,,,,3/30/2023 4:57:24 AM,kat78-2-m14-a1_03_22_2023_302.raw,2min_150_1200.EXP,001_RLN-NB-2443_007_M14,KAT78-2-M14-A1_KAT78-2-M14-A1_KAT78-2-M14-A1,0,0,0,0,0,0,0,0,0,0,0,0,0,0,0,deborylation_0,0,0,0,0,0,184.1604188354854,49.91376261173796,4.9086850408851435,195,0.7351,0,0,0,0,0,0,0,0,0,0,0,0,0,0,0,0,0,0,0,0,0,0,0,0,0,0,0,0,0,0,0,0,0,0,0,0,0,0,0,0,0.0,0.0,0.0,0.0,0.0,0.0,0.0,0.0,0.0,0.0,0.0,0.0,0.0,0.0,0.0,0.0,0.0,0.0,0.0,0.0,0.0,0.0,0.0,0.0,0.0,0.0,0.0,0.0,0.0,0.0,0.0,0.0,0.0,0.0,0.0,0.0,0.0,0.0,0.0
302,M15,CS(=O)(=O)O[Pd]c1ccccc1-c2ccccc2N.COc3cccc(OC)c3-c4ccccc4P(C5CCCCC5)C6CCCCC6,SPhos Pd G3,0.12484415999999997 milligram,0.16000000000000003 micromole,0.12484416 microliter,C39H48NO5PPdS,COC1=C(N)C(Cl)=NC=N1,4-chloro-6-methoxypyrimidin-5-amine,0.12766080000000002 milligram,0.8 micromole,0.12766080000000005 microliter,C5H6ClN3O,B1(OC(C(O1)(C)C)(C)C)C2=CCN(CC2)C(=O)OC(C)(C)C,"N-Boc-1,2,5,6-tetrahydropyridine-4-boronic acid pinacol ester",0.29684640000000007 milligram,0.9600000000000001 micromole,0.2968464000000001 microliter,C16H28BNO4,O=C([O-])[O-].[Na+].[Na+],Na2CO3,0.635928 milligram,6.0 micromole,0.6359280000000002 microliter,CNa2O3,CN1C=NC2=C1C(=O)N(C(=O)N2C)C,caffeine,0.1553528 milligram,0.8 micromole,0.15535280000000004 microliter,C8H10N4O2,C1COCCO1,dioxane,32.445 milligram,368.2496084262139 micromole,31.5 microliter,C4H8O2,O,water,3.5 milligram,194.2825423258396 micromole,3.5 microliter,H2O,COc1ncnc(C2=CCN(C(=O)OC(C)(C)C)CC2)c1N,suzuki_product_0,0.0 milligram,0.0 micromole,0 microliter,C15H22N4O3,COc1ncncc1N,dehalogenation_0,0.0 milligram,0.0 micromole,0 microliter,C5H7N3O,CC(C)(C)OC(=O)N1CC=CCC1,deborylation_0,0.0 milligram,0.0 micromole,0 microliter,C10H17NO2,COC1=C(N)C(Cl)=NC=N1.B1(OC(C(O1)(C)C)(C)C)C2=CCN(CC2)C(=O)OC(C)(C)C>>COc1ncnc(C2=CCN(C(=O)OC(C)(C)C)CC2)c1N.COc1ncncc1N.CC(C)(C)OC(=O)N1CC=CCC1,001_RLN-NB-2443_007_M15,,,,,,,,,3/30/2023 4:59:51 AM,kat78-2-m15-a1_03_22_2023_303.raw,2min_150_1200.EXP,001_RLN-NB-2443_007_M15,KAT78-2-M15-A1_KAT78-2-M15-A1_KAT78-2-M15-A1,0,0,0,0,0,0,0,0,0,0,0,0,0,0,0,deborylation_0,0,0,0,0,0,185.48131365655001,22.505576508640186,4.645533296196583,195,0.7334,0,0,0,0,0,0,0,0,0,0,0,0,0,0,0,0,0,0,0,0,0,0,0,0,0,0,0,0,0,0,0,0,0,0,0,0,0,0,0,0,123.4085597438473,17.785093693509165,3.671145455769743,306.9,0.9984,0.0,0.0,0.0,0.0,0.0,0.0,0.0,0.0,0.0,0.0,0.0,0.0,0.0006322021988348082,79.02527485435103,0.0,0.0,0.0,0.0,0.0,0.0,0.0,0.0,0.0,0.0,0.0,0.0,0.0,0.0,0.0,0.0,0.0,0.0,0.0,0.0
303,M16,CS(=O)(=O)O[Pd]c1ccccc1-c2ccccc2N.COc3cccc(OC)c3-c4ccccc4P(C5CCCCC5)C6CCCCC6,SPhos Pd G3,0.12484415999999997 milligram,0.16000000000000003 micromole,0.12484416 microliter,C39H48NO5PPdS,COC1=C(N)C(Cl)=NC=N1,4-chloro-6-methoxypyrimidin-5-amine,0.12766080000000002 milligram,0.8 micromole,0.12766080000000005 microliter,C5H6ClN3O,B1(OC(C(O1)(C)C)(C)C)C2=CCN(CC2)C(=O)OC(C)(C)C,"N-Boc-1,2,5,6-tetrahydropyridine-4-boronic acid pinacol ester",0.29684640000000007 milligram,0.9600000000000001 micromole,0.2968464000000001 microliter,C16H28BNO4,O=C([O-])[O-].[Na+].[Na+],Na2CO3,0.635928 milligram,6.0 micromole,0.6359280000000002 microliter,CNa2O3,CN1C=NC2=C1C(=O)N(C(=O)N2C)C,caffeine,0.1553528 milligram,0.8 micromole,0.15535280000000004 microliter,C8H10N4O2,C1COCCO1,dioxane,32.445 milligram,368.2496084262139 micromole,31.5 microliter,C4H8O2,O,water,3.5 milligram,194.2825423258396 micromole,3.5 microliter,H2O,COc1ncnc(C2=CCN(C(=O)OC(C)(C)C)CC2)c1N,suzuki_product_0,0.0 milligram,0.0 micromole,0 microliter,C15H22N4O3,COc1ncncc1N,dehalogenation_0,0.0 milligram,0.0 micromole,0 microliter,C5H7N3O,CC(C)(C)OC(=O)N1CC=CCC1,deborylation_0,0.0 milligram,0.0 micromole,0 microliter,C10H17NO2,COC1=C(N)C(Cl)=NC=N1.B1(OC(C(O1)(C)C)(C)C)C2=CCN(CC2)C(=O)OC(C)(C)C>>COc1ncnc(C2=CCN(C(=O)OC(C)(C)C)CC2)c1N.COc1ncncc1N.CC(C)(C)OC(=O)N1CC=CCC1,001_RLN-NB-2443_007_M16,,,,,,,,,3/30/2023 5:02:18 AM,kat78-2-m16-a1_03_22_2023_304.raw,2min_150_1200.EXP,001_RLN-NB-2443_007_M16,KAT78-2-M16-A1_KAT78-2-M16-A1_KAT78-2-M16-A1,0,0,0,0,0,0,0,0,0,0,0,0,0,0,0,deborylation_0,0,0,0,0,0,180.9723494481679,58.17581426038617,4.599702387267992,195,0.7351,0,0,0,0,0,0,0,0,0,0,0,0,0,0,0,0,0,0,0,0,0,0,0,0,0,0,0,0,0,0,0,0,0,0,0,0,0,0,0,0,0.0,0.0,0.0,0.0,0.0,0.0,0.0,0.0,0.0,0.0,0.0,0.0,0.0,0.0,0.0,0.0,0.0,0.0,0.0,0.0,0.0,0.0,0.0,0.0,0.0,0.0,0.0,0.0,0.0,0.0,0.0,0.0,0.0,0.0,0.0,0.0,0.0,0.0,0.0
304,M17,CS(=O)(=O)O[Pd]c1ccccc1-c2ccccc2N.COc3cccc(OC)c3-c4ccccc4P(C5CCCCC5)C6CCCCC6,SPhos Pd G3,0.12484415999999997 milligram,0.16000000000000003 micromole,0.12484416 microliter,C39H48NO5PPdS,COC1=C(N)C(Cl)=NC=N1,4-chloro-6-methoxypyrimidin-5-amine,0.12766080000000002 milligram,0.8 micromole,0.12766080000000005 microliter,C5H6ClN3O,B1(OC(C(O1)(C)C)(C)C)C2=CC=C(C=C2)N,"4-(4,4,5,5-tetramethyl-1,3,2-dioxaborolan-2-yl)aniline",0.21032928 milligram,0.9600000000000001 micromole,0.21032928000000006 microliter,C12H18BNO2,O=C([O-])[O-].[Na+].[Na+],Na2CO3,0.635928 milligram,6.0 micromole,0.6359280000000002 microliter,CNa2O3,CN1C=NC2=C1C(=O)N(C(=O)N2C)C,caffeine,0.1553528 milligram,0.8 micromole,0.15535280000000004 microliter,C8H10N4O2,C1COCCO1,dioxane,32.445 milligram,368.2496084262139 micromole,31.5 microliter,C4H8O2,O,water,3.5 milligram,194.2825423258396 micromole,3.5 microliter,H2O,COc1ncnc(-c2ccc(N)cc2)c1N,suzuki_product_0,0.0 milligram,0.0 micromole,0 microliter,C11H12N4O,COc1ncncc1N,dehalogenation_0,0.0 milligram,0.0 micromole,0 microliter,C5H7N3O,Nc1ccccc1,deborylation_0,0.0 milligram,0.0 micromole,0 microliter,C6H7N,COC1=C(N)C(Cl)=NC=N1.B1(OC(C(O1)(C)C)(C)C)C2=CC=C(C=C2)N>>COc1ncnc(-c2ccc(N)cc2)c1N.COc1ncncc1N.Nc1ccccc1,001_RLN-NB-2443_007_M17,,,,,,,,,3/30/2023 5:04:43 AM,kat78-2-m17-a1_03_22_2023_305.raw,2min_150_1200.EXP,001_RLN-NB-2443_007_M17,KAT78-2-M17-A1_KAT78-2-M17-A1_KAT78-2-M17-A1,0,0,0,0,0,0,0,0,0,0,0,0,0,0,0,deborylation_0,0,0,0,0,0,188.60099364885303,51.36871005749071,4.685157092230146,195,0.7351,0,0,0,0,0,0,0,0,0,0,0,0,0,0,0,0,0,0,0,0,0,0,0,0,0,0,0,0,0,0,0,0,0,0,0,0,0,0,0,0,0.0,0.0,0.0,0.0,0.0,0.0,0.0,0.0,0.0,0.0,0.0,0.0,0.0,0.0,0.0,0.0,0.0,0.0,0.0,0.0,0.0,0.0,0.0,0.0,0.0,0.0,0.0,0.0,0.0,0.0,0.0,0.0,0.0,0.0,0.0,0.0,0.0,0.0,0.0
305,M18,CS(=O)(=O)O[Pd]c1ccccc1-c2ccccc2N.COc3cccc(OC)c3-c4ccccc4P(C5CCCCC5)C6CCCCC6,SPhos Pd G3,0.12484415999999997 milligram,0.16000000000000003 micromole,0.12484416 microliter,C39H48NO5PPdS,COC1=C(N)C(Cl)=NC=N1,4-chloro-6-methoxypyrimidin-5-amine,0.12766080000000002 milligram,0.8 micromole,0.12766080000000005 microliter,C5H6ClN3O,B1(OC(C(O1)(C)C)(C)C)C2=CC=C(C=C2)N,"4-(4,4,5,5-tetramethyl-1,3,2-dioxaborolan-2-yl)aniline",0.21032928 milligram,0.9600000000000001 micromole,0.21032928000000006 microliter,C12H18BNO2,O=C([O-])[O-].[Na+].[Na+],Na2CO3,0.635928 milligram,6.0 micromole,0.6359280000000002 microliter,CNa2O3,CN1C=NC2=C1C(=O)N(C(=O)N2C)C,caffeine,0.1553528 milligram,0.8 micromole,0.15535280000000004 microliter,C8H10N4O2,C1COCCO1,dioxane,32.445 milligram,368.2496084262139 micromole,31.5 microliter,C4H8O2,O,water,3.5 milligram,194.2825423258396 micromole,3.5 microliter,H2O,COc1ncnc(-c2ccc(N)cc2)c1N,suzuki_product_0,0.0 milligram,0.0 micromole,0 microliter,C11H12N4O,COc1ncncc1N,dehalogenation_0,0.0 milligram,0.0 micromole,0 microliter,C5H7N3O,Nc1ccccc1,deborylation_0,0.0 milligram,0.0 micromole,0 microliter,C6H7N,COC1=C(N)C(Cl)=NC=N1.B1(OC(C(O1)(C)C)(C)C)C2=CC=C(C=C2)N>>COc1ncnc(-c2ccc(N)cc2)c1N.COc1ncncc1N.Nc1ccccc1,001_RLN-NB-2443_007_M18,,,,,,,,,3/30/2023 5:07:10 AM,kat78-2-m18-a1_03_22_2023_306.raw,2min_150_1200.EXP,001_RLN-NB-2443_007_M18,KAT78-2-M18-A1_KAT78-2-M18-A1_KAT78-2-M18-A1,0,0,0,0,0,0,0,0,0,0,0,0,0,0,0,deborylation_0,0,0,0,0,0,172.2238313269481,45.893938104684075,4.347493954559165,195,0.7318,0,0,0,0,0,0,0,0,0,0,0,0,0,0,0,0,0,0,0,0,0,0,0,0,0,0,0,0,0,0,0,0,0,0,0,0,0,0,0,0,8.601625410434583,1.8701210766696577,0.17715498845554956,216.9,0.6568,0.0,0.0,0.0,0.0,0.0,0.0,0.0,0.0,0.0,0.0,0.0,0.0,3.259900812876701e-05,4.074876016095876,0.0,0.0,0.0,0.0,0.0,0.0,0.0,0.0,0.0,0.0,0.0,0.0,0.0,0.0,0.0,0.0,0.0,0.0,0.0,0.0
306,M19,CS(=O)(=O)O[Pd]c1ccccc1-c2ccccc2N.COc3cccc(OC)c3-c4ccccc4P(C5CCCCC5)C6CCCCC6,SPhos Pd G3,0.12484415999999997 milligram,0.16000000000000003 micromole,0.12484416 microliter,C39H48NO5PPdS,CC1=C(N2CCCC2=O)C=CC(Br)=C1,1-(4-bromo-2-methylphenyl)pyrrolidin-2-one,0.20330160000000003 milligram,0.8 micromole,0.20330160000000008 microliter,C11H12BrNO,B1(OC(C(O1)(C)C)(C)C)C2=CN=C(C=C2)C,"2-methyl-5-(4,4,5,5-tetramethyl-1,3,2-dioxaborolan-2-yl)pyridine",0.21032928 milligram,0.9600000000000001 micromole,0.21032928000000006 microliter,C12H18BNO2,O=C([O-])[O-].[Na+].[Na+],Na2CO3,0.635928 milligram,6.0 micromole,0.6359280000000002 microliter,CNa2O3,CN1C=NC2=C1C(=O)N(C(=O)N2C)C,caffeine,0.1553528 milligram,0.8 micromole,0.15535280000000004 microliter,C8H10N4O2,C1COCCO1,dioxane,32.445 milligram,368.2496084262139 micromole,31.5 microliter,C4H8O2,O,water,3.5 milligram,194.2825423258396 micromole,3.5 microliter,H2O,Cc1ccc(-c2ccc(N3CCCC3=O)c(C)c2)cn1,suzuki_product_0,0.0 milligram,0.0 micromole,0 microliter,C17H18N2O,Cc1ccccc1N1CCCC1=O,dehalogenation_0,0.0 milligram,0.0 micromole,0 microliter,C11H13NO,Cc1ccccn1,deborylation_0,0.0 milligram,0.0 micromole,0 microliter,C6H7N,CC1=C(N2CCCC2=O)C=CC(Br)=C1.B1(OC(C(O1)(C)C)(C)C)C2=CN=C(C=C2)C>>Cc1ccc(-c2ccc(N3CCCC3=O)c(C)c2)cn1.Cc1ccccc1N1CCCC1=O.Cc1ccccn1,001_RLN-NB-2443_007_M19,,,,,,,,,3/30/2023 5:09:36 AM,kat78-2-m19-a1_03_22_2023_307.raw,2min_150_1200.EXP,001_RLN-NB-2443_007_M19,KAT78-2-M19-A1_KAT78-2-M19-A1_KAT78-2-M19-A1,0,0,0,0,0,0,0,0,0,0,0,0,0,0,0,deborylation_0,0,0,0,0,0,178.49294103011414,26.24675698194444,4.084548446234178,195,0.7351,0,0,0,0,0,0,0,0,0,0,0,0,0,0,0,0,0,0,0,0,0,0,0,0,0,0,0,0,0,0,0,0,0,0,0,63.91070815513613,9.361274534495049,1.45681157412883,255.9,1.1851,212.81389949293572,41.22790060840007,6.415930070422828,267.1,0.7784,0.0,0.0,0.0,0.0,0.0,0.0,0.0,0.0,0.0,0.0,0.0,0.0,0.001256624599732802,157.07807496660024,0.0,0.0,0.0,0.0,0.0,0.0,0.0,0.0,0.0,0.0,0.0,0.0,0.0,0.0,0.0,0.0,0.0,0.0,0.0002853312366456494,35.66640458070617
307,M20,CS(=O)(=O)O[Pd]c1ccccc1-c2ccccc2N.COc3cccc(OC)c3-c4ccccc4P(C5CCCCC5)C6CCCCC6,SPhos Pd G3,0.12484415999999997 milligram,0.16000000000000003 micromole,0.12484416 microliter,C39H48NO5PPdS,CC1=C(N2CCCC2=O)C=CC(Br)=C1,1-(4-bromo-2-methylphenyl)pyrrolidin-2-one,0.20330160000000003 milligram,0.8 micromole,0.20330160000000008 microliter,C11H12BrNO,B1(OC(C(O1)(C)C)(C)C)C2=CN(N=C2C)C,"1,3-dimethyl-4-(4,4,5,5-tetramethyl-1,3,2-dioxaborolan-2-yl)-1H-pyrazole",0.21321311999999998 milligram,0.9600000000000001 micromole,0.21321312000000003 microliter,C11H19BN2O2,O=C([O-])[O-].[Na+].[Na+],Na2CO3,0.635928 milligram,6.0 micromole,0.6359280000000002 microliter,CNa2O3,CN1C=NC2=C1C(=O)N(C(=O)N2C)C,caffeine,0.1553528 milligram,0.8 micromole,0.15535280000000004 microliter,C8H10N4O2,C1COCCO1,dioxane,32.445 milligram,368.2496084262139 micromole,31.5 microliter,C4H8O2,O,water,3.5 milligram,194.2825423258396 micromole,3.5 microliter,H2O,Cc1cc(-c2cn(C)nc2C)ccc1N1CCCC1=O,suzuki_product_0,0.0 milligram,0.0 micromole,0 microliter,C16H19N3O,Cc1ccccc1N1CCCC1=O,dehalogenation_0,0.0 milligram,0.0 micromole,0 microliter,C11H13NO,Cc1ccn(C)n1,deborylation_0,0.0 milligram,0.0 micromole,0 microliter,C5H8N2,CC1=C(N2CCCC2=O)C=CC(Br)=C1.B1(OC(C(O1)(C)C)(C)C)C2=CN(N=C2C)C>>Cc1cc(-c2cn(C)nc2C)ccc1N1CCCC1=O.Cc1ccccc1N1CCCC1=O.Cc1ccn(C)n1,001_RLN-NB-2443_007_M20,,,,,,,,,3/30/2023 5:12:02 AM,kat78-2-m20-a1_03_22_2023_308.raw,2min_150_1200.EXP,001_RLN-NB-2443_007_M20,KAT78-2-M20-A1_KAT78-2-M20-A1_KAT78-2-M20-A1,0,0,0,0,0,0,0,0,0,0,0,0,0,0,0,deborylation_0,0,0,0,0,0,171.6950880554086,34.52034671805854,4.7052913790367334,195,0.7318,0,0,0,0,0,0,0,0,0,0,0,0,0,0,0,0,0,0,0,0,0,0,0,0,0,0,0,0,0,0,0,0,0,0,0,104.54924070512203,21.114625809598767,2.878026330526936,255.9,1.1868,59.353164847955966,16.14205236484399,2.200240352525973,270.0,0.9951,0.0,0.0,0.0,0.0,0.0,0.0,0.0,0.0,0.0,0.0,0.0,0.0,0.00037408783861141555,46.76097982642694,0.0,0.0,0.0,0.0,0.0,0.0,0.0,0.0,0.0,0.0,0.0,0.0,0.0,0.0,0.0,0.0,0.0,0.0,0.0004893259266959361,61.16574083699201
308,M21,CS(=O)(=O)O[Pd]c1ccccc1-c2ccccc2N.COc3cccc(OC)c3-c4ccccc4P(C5CCCCC5)C6CCCCC6,SPhos Pd G3,0.12484415999999997 milligram,0.16000000000000003 micromole,0.12484416 microliter,C39H48NO5PPdS,CC1=C(N2CCCC2=O)C=CC(Br)=C1,1-(4-bromo-2-methylphenyl)pyrrolidin-2-one,0.20330160000000003 milligram,0.8 micromole,0.20330160000000008 microliter,C11H12BrNO,B1(OC(C(O1)(C)C)(C)C)C2=CCN(CC2)C(=O)OC(C)(C)C,"N-Boc-1,2,5,6-tetrahydropyridine-4-boronic acid pinacol ester",0.29684640000000007 milligram,0.9600000000000001 micromole,0.2968464000000001 microliter,C16H28BNO4,O=C([O-])[O-].[Na+].[Na+],Na2CO3,0.635928 milligram,6.0 micromole,0.6359280000000002 microliter,CNa2O3,CN1C=NC2=C1C(=O)N(C(=O)N2C)C,caffeine,0.1553528 milligram,0.8 micromole,0.15535280000000004 microliter,C8H10N4O2,C1COCCO1,dioxane,32.445 milligram,368.2496084262139 micromole,31.5 microliter,C4H8O2,O,water,3.5 milligram,194.2825423258396 micromole,3.5 microliter,H2O,Cc1cc(C2=CCN(C(=O)OC(C)(C)C)CC2)ccc1N1CCCC1=O,suzuki_product_0,0.0 milligram,0.0 micromole,0 microliter,C21H28N2O3,Cc1ccccc1N1CCCC1=O,dehalogenation_0,0.0 milligram,0.0 micromole,0 microliter,C11H13NO,CC(C)(C)OC(=O)N1CC=CCC1,deborylation_0,0.0 milligram,0.0 micromole,0 microliter,C10H17NO2,CC1=C(N2CCCC2=O)C=CC(Br)=C1.B1(OC(C(O1)(C)C)(C)C)C2=CCN(CC2)C(=O)OC(C)(C)C>>Cc1cc(C2=CCN(C(=O)OC(C)(C)C)CC2)ccc1N1CCCC1=O.Cc1ccccc1N1CCCC1=O.CC(C)(C)OC(=O)N1CC=CCC1,001_RLN-NB-2443_007_M21,,,,,,,,,3/30/2023 5:14:29 AM,kat78-2-m21-a1_03_22_2023_309.raw,2min_150_1200.EXP,001_RLN-NB-2443_007_M21,KAT78-2-M21-A1_KAT78-2-M21-A1_KAT78-2-M21-A1,0,0,0,0,0,0,0,0,0,0,0,0,0,0,0,deborylation_0,0,0,0,0,0,177.79051931017872,44.474376901245584,4.562920432855856,195,0.7351,0,0,0,0,0,0,0,0,0,0,0,0,0,0,0,0,0,0,0,0,0,0,0,0,0,0,0,0,0,0,0,0,0,0,0,97.96101088140306,26.22130342029626,2.690216917895303,255.9,1.1884,0.0,0.0,0.0,0.0,0.0,0.0,0.0,0.0,0.0,0.0,0.0,0.0,0.0,0.0,0.0,0.0,0.0,0.0,0.0,0.0,0.0,0.0,0.0,0.0,0.0,0.0,0.0,0.0,0.0,0.0,0.0,0.0,0.0,0.0,0.0,0.0,0.0,0.0004716658039485542,58.95822549356927
309,M22,CS(=O)(=O)O[Pd]c1ccccc1-c2ccccc2N.COc3cccc(OC)c3-c4ccccc4P(C5CCCCC5)C6CCCCC6,SPhos Pd G3,0.12484415999999997 milligram,0.16000000000000003 micromole,0.12484416 microliter,C39H48NO5PPdS,CC1=C(N2CCCC2=O)C=CC(Br)=C1,1-(4-bromo-2-methylphenyl)pyrrolidin-2-one,0.20330160000000003 milligram,0.8 micromole,0.20330160000000008 microliter,C11H12BrNO,B1(OC(C(O1)(C)C)(C)C)C2=CCN(CC2)C(=O)OC(C)(C)C,"N-Boc-1,2,5,6-tetrahydropyridine-4-boronic acid pinacol ester",0.29684640000000007 milligram,0.9600000000000001 micromole,0.2968464000000001 microliter,C16H28BNO4,O=C([O-])[O-].[Na+].[Na+],Na2CO3,0.635928 milligram,6.0 micromole,0.6359280000000002 microliter,CNa2O3,CN1C=NC2=C1C(=O)N(C(=O)N2C)C,caffeine,0.1553528 milligram,0.8 micromole,0.15535280000000004 microliter,C8H10N4O2,C1COCCO1,dioxane,32.445 milligram,368.2496084262139 micromole,31.5 microliter,C4H8O2,O,water,3.5 milligram,194.2825423258396 micromole,3.5 microliter,H2O,Cc1cc(C2=CCN(C(=O)OC(C)(C)C)CC2)ccc1N1CCCC1=O,suzuki_product_0,0.0 milligram,0.0 micromole,0 microliter,C21H28N2O3,Cc1ccccc1N1CCCC1=O,dehalogenation_0,0.0 milligram,0.0 micromole,0 microliter,C11H13NO,CC(C)(C)OC(=O)N1CC=CCC1,deborylation_0,0.0 milligram,0.0 micromole,0 microliter,C10H17NO2,CC1=C(N2CCCC2=O)C=CC(Br)=C1.B1(OC(C(O1)(C)C)(C)C)C2=CCN(CC2)C(=O)OC(C)(C)C>>Cc1cc(C2=CCN(C(=O)OC(C)(C)C)CC2)ccc1N1CCCC1=O.Cc1ccccc1N1CCCC1=O.CC(C)(C)OC(=O)N1CC=CCC1,001_RLN-NB-2443_007_M22,,,,,,,,,3/30/2023 5:16:55 AM,kat78-2-m22-a1_03_22_2023_310.raw,2min_150_1200.EXP,001_RLN-NB-2443_007_M22,KAT78-2-M22-A1_KAT78-2-M22-A1_KAT78-2-M22-A1,0,0,0,0,0,0,0,0,0,0,0,0,0,0,0,deborylation_0,0,0,0,0,0,188.42416203699423,14.133573549696004,4.783914639337462,195,0.7351,0,0,0,0,0,0,0,0,0,0,0,0,0,0,0,0,0,0,0,0,0,0,0,0,0,0,0,0,0,0,0,0,0,0,0,75.3792001906938,6.30841518775544,2.1352646350625983,255.8,1.1884,475.0140485133122,45.099557812010964,15.265243010616096,357.0,1.3268,0.0,0.0,0.0,0.0,0.0,0.0,0.0,0.0,0.0,0.0,0.0,0.0,0.0025527617713062244,319.095221413278,0.0,0.0,0.0,0.0,0.0,0.0,0.0,0.0,0.0,0.0,0.0,0.0,0.0,0.0,0.0,0.0,0.0,0.0,0.00035707403597959135,44.634254497448914
310,M23,CS(=O)(=O)O[Pd]c1ccccc1-c2ccccc2N.COc3cccc(OC)c3-c4ccccc4P(C5CCCCC5)C6CCCCC6,SPhos Pd G3,0.12484415999999997 milligram,0.16000000000000003 micromole,0.12484416 microliter,C39H48NO5PPdS,CC1=C(N2CCCC2=O)C=CC(Br)=C1,1-(4-bromo-2-methylphenyl)pyrrolidin-2-one,0.20330160000000003 milligram,0.8 micromole,0.20330160000000008 microliter,C11H12BrNO,B1(OC(C(O1)(C)C)(C)C)C2=CC=C(C=C2)N,"4-(4,4,5,5-tetramethyl-1,3,2-dioxaborolan-2-yl)aniline",0.21032928 milligram,0.9600000000000001 micromole,0.21032928000000006 microliter,C12H18BNO2,O=C([O-])[O-].[Na+].[Na+],Na2CO3,0.635928 milligram,6.0 micromole,0.6359280000000002 microliter,CNa2O3,CN1C=NC2=C1C(=O)N(C(=O)N2C)C,caffeine,0.1553528 milligram,0.8 micromole,0.15535280000000004 microliter,C8H10N4O2,C1COCCO1,dioxane,32.445 milligram,368.2496084262139 micromole,31.5 microliter,C4H8O2,O,water,3.5 milligram,194.2825423258396 micromole,3.5 microliter,H2O,Cc1cc(-c2ccc(N)cc2)ccc1N1CCCC1=O,suzuki_product_0,0.0 milligram,0.0 micromole,0 microliter,C17H18N2O,Cc1ccccc1N1CCCC1=O,dehalogenation_0,0.0 milligram,0.0 micromole,0 microliter,C11H13NO,Nc1ccccc1,deborylation_0,0.0 milligram,0.0 micromole,0 microliter,C6H7N,CC1=C(N2CCCC2=O)C=CC(Br)=C1.B1(OC(C(O1)(C)C)(C)C)C2=CC=C(C=C2)N>>Cc1cc(-c2ccc(N)cc2)ccc1N1CCCC1=O.Cc1ccccc1N1CCCC1=O.Nc1ccccc1,001_RLN-NB-2443_007_M23,,,,,,,,,3/30/2023 5:19:22 AM,kat78-2-m23-a1_03_22_2023_311.raw,2min_150_1200.EXP,001_RLN-NB-2443_007_M23,KAT78-2-M23-A1_KAT78-2-M23-A1_KAT78-2-M23-A1,0,0,0,0,0,0,0,0,0,0,0,0,0,0,0,deborylation_0,0,0,0,0,0,184.9126033977747,22.396985274333776,4.796062598807051,195,0.7334,0,0,0,0,0,0,0,0,0,0,0,0,0,0,0,0,0,0,0,0,0,0,0,0,0,0,0,0,0,0,0,0,0,0,0,98.47623300221477,12.18872306859825,2.6100780136472936,255.8,1.1868,169.1733158785015,26.402720859413307,5.653845839943817,267.0,0.8884,0.0,0.0,0.0,0.0,0.0,0.0,0.0,0.0,0.0,0.0,0.0,0.0,0.0009430812419087487,117.88515523859357,0.0,0.0,0.0,0.0,0.0,0.0,0.0,0.0,0.0,0.0,0.0,0.0,0.0,0.0,0.0,0.0,0.0,0.0,0.00043537013287466464,54.421266609333074
311,M24,CS(=O)(=O)O[Pd]c1ccccc1-c2ccccc2N.COc3cccc(OC)c3-c4ccccc4P(C5CCCCC5)C6CCCCC6,SPhos Pd G3,0.12484415999999997 milligram,0.16000000000000003 micromole,0.12484416 microliter,C39H48NO5PPdS,CC1=C(N2CCCC2=O)C=CC(Br)=C1,1-(4-bromo-2-methylphenyl)pyrrolidin-2-one,0.20330160000000003 milligram,0.8 micromole,0.20330160000000008 microliter,C11H12BrNO,B1(OC(C(O1)(C)C)(C)C)C2=CC=C(C=C2)N,"4-(4,4,5,5-tetramethyl-1,3,2-dioxaborolan-2-yl)aniline",0.21032928 milligram,0.9600000000000001 micromole,0.21032928000000006 microliter,C12H18BNO2,O=C([O-])[O-].[Na+].[Na+],Na2CO3,0.635928 milligram,6.0 micromole,0.6359280000000002 microliter,CNa2O3,CN1C=NC2=C1C(=O)N(C(=O)N2C)C,caffeine,0.1553528 milligram,0.8 micromole,0.15535280000000004 microliter,C8H10N4O2,C1COCCO1,dioxane,32.445 milligram,368.2496084262139 micromole,31.5 microliter,C4H8O2,O,water,3.5 milligram,194.2825423258396 micromole,3.5 microliter,H2O,Cc1cc(-c2ccc(N)cc2)ccc1N1CCCC1=O,suzuki_product_0,0.0 milligram,0.0 micromole,0 microliter,C17H18N2O,Cc1ccccc1N1CCCC1=O,dehalogenation_0,0.0 milligram,0.0 micromole,0 microliter,C11H13NO,Nc1ccccc1,deborylation_0,0.0 milligram,0.0 micromole,0 microliter,C6H7N,CC1=C(N2CCCC2=O)C=CC(Br)=C1.B1(OC(C(O1)(C)C)(C)C)C2=CC=C(C=C2)N>>Cc1cc(-c2ccc(N)cc2)ccc1N1CCCC1=O.Cc1ccccc1N1CCCC1=O.Nc1ccccc1,001_RLN-NB-2443_007_M24,,,,,,,,,3/30/2023 5:21:49 AM,kat78-2-m24-a1_03_22_2023_312.raw,2min_150_1200.EXP,001_RLN-NB-2443_007_M24,KAT78-2-M24-A1_KAT78-2-M24-A1_KAT78-2-M24-A1,0,0,0,0,0,0,0,0,0,0,0,0,0,0,0,deborylation_0,0,0,0,0,0,173.41475256563857,21.510383243147775,4.331558228670491,195,0.7334,0,0,0,0,0,0,0,0,0,0,0,0,0,0,0,0,0,0,0,0,0,0,0,0,0,0,0,0,0,0,0,0,0,0,0,99.41157366752219,12.345268238051114,2.4859737558934105,253.8,1.1868,170.07791645529647,25.250133384750807,5.084633862699117,267.2,0.8868,0.0,0.0,0.0,0.0,0.0,0.0,0.0,0.0,0.0,0.0,0.0,0.0,0.0009390863230777386,117.38579038471732,0.0,0.0,0.0,0.0,0.0,0.0,0.0,0.0,0.0,0.0,0.0,0.0,0.0,0.0,0.0,0.0,0.0,0.0,0.0004591370817898841,57.39213522373551
312,N1,CS(=O)(=O)O[Pd]c1ccccc1-c2ccccc2N.COc3cccc(OC)c3-c4ccccc4P(C5CCCCC5)C6CCCCC6,SPhos Pd G3,0.12484415999999997 milligram,0.16000000000000003 micromole,0.12484416 microliter,C39H48NO5PPdS,BrC1=CC=CN2C=CN=C12,"8-bromoimidazo[1,2-a]pyridine",0.15762800000000002 milligram,0.8 micromole,0.15762800000000005 microliter,C7H5BrN2,B1(OC(C(O1)(C)C)(C)C)C2=CN=C(C=C2)C,"2-methyl-5-(4,4,5,5-tetramethyl-1,3,2-dioxaborolan-2-yl)pyridine",0.21032928 milligram,0.9600000000000001 micromole,0.21032928000000006 microliter,C12H18BNO2,O=C([O-])[O-].[Na+].[Na+],Na2CO3,0.635928 milligram,6.0 micromole,0.6359280000000002 microliter,CNa2O3,CN1C=NC2=C1C(=O)N(C(=O)N2C)C,caffeine,0.1553528 milligram,0.8 micromole,0.15535280000000004 microliter,C8H10N4O2,C1COCCO1,dioxane,32.445 milligram,368.2496084262139 micromole,31.5 microliter,C4H8O2,O,water,3.5 milligram,194.2825423258396 micromole,3.5 microliter,H2O,Cc1ccc(-c2cccn3ccnc23)cn1,suzuki_product_0,0.0 milligram,0.0 micromole,0 microliter,C13H11N3,c1ccn2ccnc2c1,dehalogenation_0,0.0 milligram,0.0 micromole,0 microliter,C7H6N2,Cc1ccccn1,deborylation_0,0.0 milligram,0.0 micromole,0 microliter,C6H7N,BrC1=CC=CN2C=CN=C12.B1(OC(C(O1)(C)C)(C)C)C2=CN=C(C=C2)C>>Cc1ccc(-c2cccn3ccnc23)cn1.c1ccn2ccnc2c1.Cc1ccccn1,001_RLN-NB-2443_007_N1,,,,,,,,,3/30/2023 5:24:15 AM,kat78-2-n1-a1_03_22_2023_313.raw,2min_150_1200.EXP,001_RLN-NB-2443_007_N1,KAT78-2-N1-A1_KAT78-2-N1-A1_KAT78-2-N1-A1,0,0,0,0,0,0,0,0,0,0,0,0,0,0,0,deborylation_0,0,0,0,0,0,162.38992807438967,41.425746438822294,4.279166834659411,195.1,0.7334,0,0,0,0,0,0,0,0,0,0,0,0,0,0,0,0,0,0,0,0,0,0,0,0,0,0,0,0,0,0,0,0,0,0,0,0,0,0,0,0,43.03392323655881,12.478071407352683,1.2889508075783385,210.0,0.5868,0.0,0.0,0.0,0.0,0.0,0.0,0.0,0.0,0.0,0.0,0.0,0.0,0.00024097229341719353,30.12153667714919,0.0,0.0,0.0,0.0,0.0,0.0,0.0,0.0,0.0,0.0,0.0,0.0,0.0,0.0,0.0,0.0,0.0,0.0,0.0,0.0
313,N2,CS(=O)(=O)O[Pd]c1ccccc1-c2ccccc2N.COc3cccc(OC)c3-c4ccccc4P(C5CCCCC5)C6CCCCC6,SPhos Pd G3,0.12484415999999997 milligram,0.16000000000000003 micromole,0.12484416 microliter,C39H48NO5PPdS,BrC1=CC=CN2C=CN=C12,"8-bromoimidazo[1,2-a]pyridine",0.15762800000000002 milligram,0.8 micromole,0.15762800000000005 microliter,C7H5BrN2,B1(OC(C(O1)(C)C)(C)C)C2=CN(N=C2C)C,"1,3-dimethyl-4-(4,4,5,5-tetramethyl-1,3,2-dioxaborolan-2-yl)-1H-pyrazole",0.21321311999999998 milligram,0.9600000000000001 micromole,0.21321312000000003 microliter,C11H19BN2O2,O=C([O-])[O-].[Na+].[Na+],Na2CO3,0.635928 milligram,6.0 micromole,0.6359280000000002 microliter,CNa2O3,CN1C=NC2=C1C(=O)N(C(=O)N2C)C,caffeine,0.1553528 milligram,0.8 micromole,0.15535280000000004 microliter,C8H10N4O2,C1COCCO1,dioxane,32.445 milligram,368.2496084262139 micromole,31.5 microliter,C4H8O2,O,water,3.5 milligram,194.2825423258396 micromole,3.5 microliter,H2O,Cc1nn(C)cc1-c1cccn2ccnc12,suzuki_product_0,0.0 milligram,0.0 micromole,0 microliter,C12H12N4,c1ccn2ccnc2c1,dehalogenation_0,0.0 milligram,0.0 micromole,0 microliter,C7H6N2,Cc1ccn(C)n1,deborylation_0,0.0 milligram,0.0 micromole,0 microliter,C5H8N2,BrC1=CC=CN2C=CN=C12.B1(OC(C(O1)(C)C)(C)C)C2=CN(N=C2C)C>>Cc1nn(C)cc1-c1cccn2ccnc12.c1ccn2ccnc2c1.Cc1ccn(C)n1,001_RLN-NB-2443_007_N2,,,,,,,,,3/30/2023 5:26:42 AM,kat78-2-n2-a1_03_22_2023_314.raw,2min_150_1200.EXP,001_RLN-NB-2443_007_N2,KAT78-2-N2-A1_KAT78-2-N2-A1_KAT78-2-N2-A1,0,0,0,0,0,0,0,0,0,0,0,0,0,0,0,deborylation_0,0,0,0,0,0,168.0411570658731,49.077552507694264,4.3422252356189475,195,0.7318,0,0,0,0,0,0,0,0,0,0,0,0,0,0,0,0,0,0,0,0,0,0,0,0,0,0,0,0,0,0,0,0,0,0,0,0,0,0,0,0,6.77339069409602,1.4542949022544964,0.12867137218408423,212.9,0.6551,0.0,0.0,0.0,0.0,0.0,0.0,0.0,0.0,0.0,0.0,0.0,0.0,2.370607054256009e-05,2.9632588178200114,0.0,0.0,0.0,0.0,0.0,0.0,0.0,0.0,0.0,0.0,0.0,0.0,0.0,0.0,0.0,0.0,0.0,0.0,0.0,0.0
314,N3,CS(=O)(=O)O[Pd]c1ccccc1-c2ccccc2N.COc3cccc(OC)c3-c4ccccc4P(C5CCCCC5)C6CCCCC6,SPhos Pd G3,0.12484415999999997 milligram,0.16000000000000003 micromole,0.12484416 microliter,C39H48NO5PPdS,BrC1=CC=CN2C=CN=C12,"8-bromoimidazo[1,2-a]pyridine",0.15762800000000002 milligram,0.8 micromole,0.15762800000000005 microliter,C7H5BrN2,B1(OC(C(O1)(C)C)(C)C)C2=CCN(CC2)C(=O)OC(C)(C)C,"N-Boc-1,2,5,6-tetrahydropyridine-4-boronic acid pinacol ester",0.29684640000000007 milligram,0.9600000000000001 micromole,0.2968464000000001 microliter,C16H28BNO4,O=C([O-])[O-].[Na+].[Na+],Na2CO3,0.635928 milligram,6.0 micromole,0.6359280000000002 microliter,CNa2O3,CN1C=NC2=C1C(=O)N(C(=O)N2C)C,caffeine,0.1553528 milligram,0.8 micromole,0.15535280000000004 microliter,C8H10N4O2,C1COCCO1,dioxane,32.445 milligram,368.2496084262139 micromole,31.5 microliter,C4H8O2,O,water,3.5 milligram,194.2825423258396 micromole,3.5 microliter,H2O,CC(C)(C)OC(=O)N1CC=C(c2cccn3ccnc23)CC1,suzuki_product_0,0.0 milligram,0.0 micromole,0 microliter,C17H21N3O2,c1ccn2ccnc2c1,dehalogenation_0,0.0 milligram,0.0 micromole,0 microliter,C7H6N2,CC(C)(C)OC(=O)N1CC=CCC1,deborylation_0,0.0 milligram,0.0 micromole,0 microliter,C10H17NO2,BrC1=CC=CN2C=CN=C12.B1(OC(C(O1)(C)C)(C)C)C2=CCN(CC2)C(=O)OC(C)(C)C>>CC(C)(C)OC(=O)N1CC=C(c2cccn3ccnc23)CC1.c1ccn2ccnc2c1.CC(C)(C)OC(=O)N1CC=CCC1,001_RLN-NB-2443_007_N3,,,,,,,,,3/30/2023 5:29:08 AM,kat78-2-n3-a1_03_22_2023_315.raw,2min_150_1200.EXP,001_RLN-NB-2443_007_N3,KAT78-2-N3-A1_KAT78-2-N3-A1_KAT78-2-N3-A1,0,0,0,0,0,0,0,0,0,0,0,0,0,0,0,deborylation_0,0,0,0,0,0,169.8246053632599,17.388639172533793,4.410578635133371,195,0.7318,0,0,0,0,0,0,0,0,0,0,0,0,0,0,0,0,0,0,0,0,0,0,0,0,0,0,0,0,0,0,0,0,0,0,0,0,0,0,0,0,204.4699522671058,24.63284454891154,6.248050627308491,300.0,0.8701,0.0,0.0,0.0,0.0,0.0,0.0,0.0,0.0,0.0,0.0,0.0,0.0,0.0011332845223596484,141.66056529495606,0.0,0.0,0.0,0.0,0.0,0.0,0.0,0.0,0.0,0.0,0.0,0.0,0.0,0.0,0.0,0.0,0.0,0.0,0.0,0.0
315,N4,CS(=O)(=O)O[Pd]c1ccccc1-c2ccccc2N.COc3cccc(OC)c3-c4ccccc4P(C5CCCCC5)C6CCCCC6,SPhos Pd G3,0.12484415999999997 milligram,0.16000000000000003 micromole,0.12484416 microliter,C39H48NO5PPdS,BrC1=CC=CN2C=CN=C12,"8-bromoimidazo[1,2-a]pyridine",0.15762800000000002 milligram,0.8 micromole,0.15762800000000005 microliter,C7H5BrN2,B1(OC(C(O1)(C)C)(C)C)C2=CCN(CC2)C(=O)OC(C)(C)C,"N-Boc-1,2,5,6-tetrahydropyridine-4-boronic acid pinacol ester",0.29684640000000007 milligram,0.9600000000000001 micromole,0.2968464000000001 microliter,C16H28BNO4,O=C([O-])[O-].[Na+].[Na+],Na2CO3,0.635928 milligram,6.0 micromole,0.6359280000000002 microliter,CNa2O3,CN1C=NC2=C1C(=O)N(C(=O)N2C)C,caffeine,0.1553528 milligram,0.8 micromole,0.15535280000000004 microliter,C8H10N4O2,C1COCCO1,dioxane,32.445 milligram,368.2496084262139 micromole,31.5 microliter,C4H8O2,O,water,3.5 milligram,194.2825423258396 micromole,3.5 microliter,H2O,CC(C)(C)OC(=O)N1CC=C(c2cccn3ccnc23)CC1,suzuki_product_0,0.0 milligram,0.0 micromole,0 microliter,C17H21N3O2,c1ccn2ccnc2c1,dehalogenation_0,0.0 milligram,0.0 micromole,0 microliter,C7H6N2,CC(C)(C)OC(=O)N1CC=CCC1,deborylation_0,0.0 milligram,0.0 micromole,0 microliter,C10H17NO2,BrC1=CC=CN2C=CN=C12.B1(OC(C(O1)(C)C)(C)C)C2=CCN(CC2)C(=O)OC(C)(C)C>>CC(C)(C)OC(=O)N1CC=C(c2cccn3ccnc23)CC1.c1ccn2ccnc2c1.CC(C)(C)OC(=O)N1CC=CCC1,001_RLN-NB-2443_007_N4,,,,,,,,,3/30/2023 5:31:35 AM,kat78-2-n4-a1_03_22_2023_316.raw,2min_150_1200.EXP,001_RLN-NB-2443_007_N4,KAT78-2-N4-A1_KAT78-2-N4-A1_KAT78-2-N4-A1,0,0,0,0,0,0,0,0,0,0,0,0,0,0,0,deborylation_0,0,0,0,0,0,187.4155069932478,17.844024691164353,4.758224840240346,194.9,0.7334,0,0,0,0,0,0,0,0,0,0,0,0,0,0,0,0,0,0,0,0,0,0,0,0,0,0,0,0,0,0,0,0,0,0,0,0,0,0,0,0,219.44110509100224,23.758858007216123,6.335453481055584,299.9,0.8701,0.0,0.0,0.0,0.0,0.0,0.0,0.0,0.0,0.0,0.0,0.0,0.0,0.0010651793378869537,133.1474172358692,0.0,0.0,0.0,0.0,0.0,0.0,0.0,0.0,0.0,0.0,0.0,0.0,0.0,0.0,0.0,0.0,0.0,0.0,0.0,0.0
316,N5,CS(=O)(=O)O[Pd]c1ccccc1-c2ccccc2N.COc3cccc(OC)c3-c4ccccc4P(C5CCCCC5)C6CCCCC6,SPhos Pd G3,0.12484415999999997 milligram,0.16000000000000003 micromole,0.12484416 microliter,C39H48NO5PPdS,BrC1=CC=CN2C=CN=C12,"8-bromoimidazo[1,2-a]pyridine",0.15762800000000002 milligram,0.8 micromole,0.15762800000000005 microliter,C7H5BrN2,B1(OC(C(O1)(C)C)(C)C)C2=CC=C(C=C2)N,"4-(4,4,5,5-tetramethyl-1,3,2-dioxaborolan-2-yl)aniline",0.21032928 milligram,0.9600000000000001 micromole,0.21032928000000006 microliter,C12H18BNO2,O=C([O-])[O-].[Na+].[Na+],Na2CO3,0.635928 milligram,6.0 micromole,0.6359280000000002 microliter,CNa2O3,CN1C=NC2=C1C(=O)N(C(=O)N2C)C,caffeine,0.1553528 milligram,0.8 micromole,0.15535280000000004 microliter,C8H10N4O2,C1COCCO1,dioxane,32.445 milligram,368.2496084262139 micromole,31.5 microliter,C4H8O2,O,water,3.5 milligram,194.2825423258396 micromole,3.5 microliter,H2O,Nc1ccc(-c2cccn3ccnc23)cc1,suzuki_product_0,0.0 milligram,0.0 micromole,0 microliter,C13H11N3,c1ccn2ccnc2c1,dehalogenation_0,0.0 milligram,0.0 micromole,0 microliter,C7H6N2,Nc1ccccc1,deborylation_0,0.0 milligram,0.0 micromole,0 microliter,C6H7N,BrC1=CC=CN2C=CN=C12.B1(OC(C(O1)(C)C)(C)C)C2=CC=C(C=C2)N>>Nc1ccc(-c2cccn3ccnc23)cc1.c1ccn2ccnc2c1.Nc1ccccc1,001_RLN-NB-2443_007_N5,,,,,,,,,3/30/2023 5:34:01 AM,kat78-2-n5-a1_03_22_2023_317.raw,2min_150_1200.EXP,001_RLN-NB-2443_007_N5,KAT78-2-N5-A1_KAT78-2-N5-A1_KAT78-2-N5-A1,0,0,0,0,0,0,0,0,0,0,0,0,0,0,0,deborylation_0,0,0,0,0,0,175.55874781439633,26.370714741286378,4.474498269276445,195,0.7351,0,0,0,0,0,0,0,0,0,0,0,0,0,0,0,0,0,0,0,0,0,0,0,0,0,0,0,0,0,0,0,0,0,0,0,0,0,0,0,0,73.77995210167587,12.447264773099068,2.1120119507894914,210.0,0.6351,0.0,0.0,0.0,0.0,0.0,0.0,0.0,0.0,0.0,0.0,0.0,0.0,0.0003776087192240246,47.20108990300307,0.0,0.0,0.0,0.0,0.0,0.0,0.0,0.0,0.0,0.0,0.0,0.0,0.0,0.0,0.0,0.0,0.0,0.0,0.0,0.0
317,N6,CS(=O)(=O)O[Pd]c1ccccc1-c2ccccc2N.COc3cccc(OC)c3-c4ccccc4P(C5CCCCC5)C6CCCCC6,SPhos Pd G3,0.12484415999999997 milligram,0.16000000000000003 micromole,0.12484416 microliter,C39H48NO5PPdS,BrC1=CC=CN2C=CN=C12,"8-bromoimidazo[1,2-a]pyridine",0.15762800000000002 milligram,0.8 micromole,0.15762800000000005 microliter,C7H5BrN2,B1(OC(C(O1)(C)C)(C)C)C2=CC=C(C=C2)N,"4-(4,4,5,5-tetramethyl-1,3,2-dioxaborolan-2-yl)aniline",0.21032928 milligram,0.9600000000000001 micromole,0.21032928000000006 microliter,C12H18BNO2,O=C([O-])[O-].[Na+].[Na+],Na2CO3,0.635928 milligram,6.0 micromole,0.6359280000000002 microliter,CNa2O3,CN1C=NC2=C1C(=O)N(C(=O)N2C)C,caffeine,0.1553528 milligram,0.8 micromole,0.15535280000000004 microliter,C8H10N4O2,C1COCCO1,dioxane,32.445 milligram,368.2496084262139 micromole,31.5 microliter,C4H8O2,O,water,3.5 milligram,194.2825423258396 micromole,3.5 microliter,H2O,Nc1ccc(-c2cccn3ccnc23)cc1,suzuki_product_0,0.0 milligram,0.0 micromole,0 microliter,C13H11N3,c1ccn2ccnc2c1,dehalogenation_0,0.0 milligram,0.0 micromole,0 microliter,C7H6N2,Nc1ccccc1,deborylation_0,0.0 milligram,0.0 micromole,0 microliter,C6H7N,BrC1=CC=CN2C=CN=C12.B1(OC(C(O1)(C)C)(C)C)C2=CC=C(C=C2)N>>Nc1ccc(-c2cccn3ccnc23)cc1.c1ccn2ccnc2c1.Nc1ccccc1,001_RLN-NB-2443_007_N6,,,,,,,,,3/30/2023 5:36:28 AM,kat78-2-n6-a1_03_22_2023_318.raw,2min_150_1200.EXP,001_RLN-NB-2443_007_N6,KAT78-2-N6-A1_KAT78-2-N6-A1_KAT78-2-N6-A1,0,0,0,0,0,0,0,0,0,0,0,0,0,0,0,deborylation_0,0,0,0,0,0,177.17083130776504,28.182904286009343,4.524748466238285,195,0.7318,0,0,0,0,0,0,0,0,0,0,0,0,0,0,0,0,0,0,0,0,0,0,0,0,0,0,0,0,0,0,0,0,0,0,0,0,0,0,0,0,73.90145117570391,13.177086004265782,2.1155732951514805,209.9,0.6351,0.0,0.0,0.0,0.0,0.0,0.0,0.0,0.0,0.0,0.0,0.0,0.0,0.0003740448002247149,46.75560002808936,0.0,0.0,0.0,0.0,0.0,0.0,0.0,0.0,0.0,0.0,0.0,0.0,0.0,0.0,0.0,0.0,0.0,0.0,0.0,0.0
318,N7,CS(=O)(=O)O[Pd]c1ccccc1-c2ccccc2N.COc3cccc(OC)c3-c4ccccc4P(C5CCCCC5)C6CCCCC6,SPhos Pd G3,0.12484415999999997 milligram,0.16000000000000003 micromole,0.12484416 microliter,C39H48NO5PPdS,CC1=CC(C=O)=C(C)N1C2=CC(Cl)=CC(Cl)=C2,"1-(3,5-dichlorophenyl)-2,5-dimethyl-1H-pyrrole-3-carbaldehyde",0.2145144 milligram,0.8 micromole,0.21451440000000005 microliter,C13H11Cl2NO,B1(OC(C(O1)(C)C)(C)C)C2=CN=C(C=C2)C,"2-methyl-5-(4,4,5,5-tetramethyl-1,3,2-dioxaborolan-2-yl)pyridine",0.21032928 milligram,0.9600000000000001 micromole,0.21032928000000006 microliter,C12H18BNO2,O=C([O-])[O-].[Na+].[Na+],Na2CO3,0.635928 milligram,6.0 micromole,0.6359280000000002 microliter,CNa2O3,CN1C=NC2=C1C(=O)N(C(=O)N2C)C,caffeine,0.1553528 milligram,0.8 micromole,0.15535280000000004 microliter,C8H10N4O2,C1COCCO1,dioxane,32.445 milligram,368.2496084262139 micromole,31.5 microliter,C4H8O2,O,water,3.5 milligram,194.2825423258396 micromole,3.5 microliter,H2O,Cc1ccc(-c2cc(Cl)cc(-n3c(C)cc(C=O)c3C)c2)cn1,suzuki_product_0,0.0 milligram,0.0 micromole,0 microliter,C19H17ClN2O,Cc1ccc(-c2cc(-c3ccc(C)nc3)cc(-n3c(C)cc(C=O)c3C)c2)cn1,bis_addition_1,0.0 milligram,0.0 micromole,0 microliter,C25H23N3O,Cc1cc(C=O)c(C)n1-c1cccc(Cl)c1,dehalogenation_0,0.0 milligram,0.0 micromole,0 microliter,C13H12ClNO,CC1=CC(C=O)=C(C)N1C2=CC(Cl)=CC(Cl)=C2.B1(OC(C(O1)(C)C)(C)C)C2=CN=C(C=C2)C>>Cc1ccc(-c2cc(Cl)cc(-n3c(C)cc(C=O)c3C)c2)cn1.Cc1ccc(-c2cc(-c3ccc(C)nc3)cc(-n3c(C)cc(C=O)c3C)c2)cn1.Cc1cc(C=O)c(C)n1-c1cccc(Cl)c1.Cc1ccccn1,001_RLN-NB-2443_007_N7,,,Cc1ccccn1,deborylation_0,0.0 milligram,0.0 micromole,0 microliter,C6H7N,3/30/2023 5:38:55 AM,kat78-2-n7-a1_03_22_2023_319.raw,2min_150_1200.EXP,001_RLN-NB-2443_007_N7,KAT78-2-N7-A1_KAT78-2-N7-A1_KAT78-2-N7-A1,0,0,0,0,0,0,0,0,0,0,0,0,0,0,0,bis_addition_1,0,0,0,0,0,178.4553840294169,23.660323037468828,4.49462460655202,195,0.7334,0,0,0,0,0,0,0,0,0,0,0,0,0,0,0,0,0,0,0,0,54.807201185111616,7.300303434891801,1.3867994702269775,382.1,0.8068,0,0,0,0,0,0,0,0,0,0,0,0,0,0,0,197.32280120616176,31.633028291281978,6.00915664222319,325.0,1.0384,0.0,0.0,0.0,0.0,0.0,141.56838755406483,17.405465692476497,3.306422920177973,267.9,1.3251,0.0,0.0,0.0010695721522039224,133.6965190254903,0.0,0.0,0.0,0.0,0.0,0.0,0.0,0.0,0.0,0.0,0.0005885115149074829,73.56393936343537,0.00024683698268467203,30.854622835584,0.0,0.0,0.0,0.0,0.0,0.0
319,N8,CS(=O)(=O)O[Pd]c1ccccc1-c2ccccc2N.COc3cccc(OC)c3-c4ccccc4P(C5CCCCC5)C6CCCCC6,SPhos Pd G3,0.12484415999999997 milligram,0.16000000000000003 micromole,0.12484416 microliter,C39H48NO5PPdS,CC1=CC(C=O)=C(C)N1C2=CC(Cl)=CC(Cl)=C2,"1-(3,5-dichlorophenyl)-2,5-dimethyl-1H-pyrrole-3-carbaldehyde",0.2145144 milligram,0.8 micromole,0.21451440000000005 microliter,C13H11Cl2NO,B1(OC(C(O1)(C)C)(C)C)C2=CN(N=C2C)C,"1,3-dimethyl-4-(4,4,5,5-tetramethyl-1,3,2-dioxaborolan-2-yl)-1H-pyrazole",0.21321311999999998 milligram,0.9600000000000001 micromole,0.21321312000000003 microliter,C11H19BN2O2,O=C([O-])[O-].[Na+].[Na+],Na2CO3,0.635928 milligram,6.0 micromole,0.6359280000000002 microliter,CNa2O3,CN1C=NC2=C1C(=O)N(C(=O)N2C)C,caffeine,0.1553528 milligram,0.8 micromole,0.15535280000000004 microliter,C8H10N4O2,C1COCCO1,dioxane,32.445 milligram,368.2496084262139 micromole,31.5 microliter,C4H8O2,O,water,3.5 milligram,194.2825423258396 micromole,3.5 microliter,H2O,Cc1nn(C)cc1-c1cc(Cl)cc(-n2c(C)cc(C=O)c2C)c1,suzuki_product_0,0.0 milligram,0.0 micromole,0 microliter,C18H18ClN3O,Cc1nn(C)cc1-c1cc(-c2cn(C)nc2C)cc(-n2c(C)cc(C=O)c2C)c1,bis_addition_1,0.0 milligram,0.0 micromole,0 microliter,C23H25N5O,Cc1cc(C=O)c(C)n1-c1cccc(Cl)c1,dehalogenation_0,0.0 milligram,0.0 micromole,0 microliter,C13H12ClNO,CC1=CC(C=O)=C(C)N1C2=CC(Cl)=CC(Cl)=C2.B1(OC(C(O1)(C)C)(C)C)C2=CN(N=C2C)C>>Cc1nn(C)cc1-c1cc(Cl)cc(-n2c(C)cc(C=O)c2C)c1.Cc1nn(C)cc1-c1cc(-c2cn(C)nc2C)cc(-n2c(C)cc(C=O)c2C)c1.Cc1cc(C=O)c(C)n1-c1cccc(Cl)c1.Cc1ccn(C)n1,001_RLN-NB-2443_007_N8,,,Cc1ccn(C)n1,deborylation_0,0.0 milligram,0.0 micromole,0 microliter,C5H8N2,3/30/2023 5:41:21 AM,kat78-2-n8-a1_03_22_2023_320.raw,2min_150_1200.EXP,001_RLN-NB-2443_007_N8,KAT78-2-N8-A1_KAT78-2-N8-A1_KAT78-2-N8-A1,0,0,0,0,0,0,0,0,0,0,0,0,0,0,0,bis_addition_2,0,0,0,0,0,183.40168367002684,38.45745830104544,4.83857055232496,194.9,0.7334,0,0,0,0,0,0,0,0,0,0,0,0,0,0,0,0,0,0,0,0,0,0,0,0,0,0,0,0,0,0,0,0,0,0,0,0,0,0,0,0,0.0,0.0,0.0,0.0,0.0,7.165006322683349,1.2894979241524467,0.16223970482517772,222.9,0.6984,0.0,0.0,0.0,0.0,0.0,0.0,0.0,0.0,0.0,0.0,0.0,0.0,0.0,2.6824402466917946e-05,3.353050308364743,0.0,0.0,0.0,0.0,0.0,0.0,0.0,0.0,0.0,0.0,0.0,0.0,0.0,0.0
320,N9,CS(=O)(=O)O[Pd]c1ccccc1-c2ccccc2N.COc3cccc(OC)c3-c4ccccc4P(C5CCCCC5)C6CCCCC6,SPhos Pd G3,0.12484415999999997 milligram,0.16000000000000003 micromole,0.12484416 microliter,C39H48NO5PPdS,CC1=CC(C=O)=C(C)N1C2=CC(Cl)=CC(Cl)=C2,"1-(3,5-dichlorophenyl)-2,5-dimethyl-1H-pyrrole-3-carbaldehyde",0.2145144 milligram,0.8 micromole,0.21451440000000005 microliter,C13H11Cl2NO,B1(OC(C(O1)(C)C)(C)C)C2=CCN(CC2)C(=O)OC(C)(C)C,"N-Boc-1,2,5,6-tetrahydropyridine-4-boronic acid pinacol ester",0.29684640000000007 milligram,0.9600000000000001 micromole,0.2968464000000001 microliter,C16H28BNO4,O=C([O-])[O-].[Na+].[Na+],Na2CO3,0.635928 milligram,6.0 micromole,0.6359280000000002 microliter,CNa2O3,CN1C=NC2=C1C(=O)N(C(=O)N2C)C,caffeine,0.1553528 milligram,0.8 micromole,0.15535280000000004 microliter,C8H10N4O2,C1COCCO1,dioxane,32.445 milligram,368.2496084262139 micromole,31.5 microliter,C4H8O2,O,water,3.5 milligram,194.2825423258396 micromole,3.5 microliter,H2O,Cc1cc(C=O)c(C)n1-c1cc(Cl)cc(C2=CCN(C(=O)OC(C)(C)C)CC2)c1,suzuki_product_0,0.0 milligram,0.0 micromole,0 microliter,C23H27ClN2O3,Cc1cc(C=O)c(C)n1-c1cc(C2=CCN(C(=O)OC(C)(C)C)CC2)cc(C2=CCN(C(=O)OC(C)(C)C)CC2)c1,bis_addition_2,0.0 milligram,0.0 micromole,0 microliter,C33H43N3O5,Cc1cc(C=O)c(C)n1-c1cccc(Cl)c1,dehalogenation_0,0.0 milligram,0.0 micromole,0 microliter,C13H12ClNO,CC1=CC(C=O)=C(C)N1C2=CC(Cl)=CC(Cl)=C2.B1(OC(C(O1)(C)C)(C)C)C2=CCN(CC2)C(=O)OC(C)(C)C>>Cc1cc(C=O)c(C)n1-c1cc(Cl)cc(C2=CCN(C(=O)OC(C)(C)C)CC2)c1.Cc1cc(C=O)c(C)n1-c1cc(C2=CCN(C(=O)OC(C)(C)C)CC2)cc(C2=CCN(C(=O)OC(C)(C)C)CC2)c1.Cc1cc(C=O)c(C)n1-c1cccc(Cl)c1.CC(C)(C)OC(=O)N1CC=CCC1,001_RLN-NB-2443_007_N9,,,CC(C)(C)OC(=O)N1CC=CCC1,deborylation_0,0.0 milligram,0.0 micromole,0 microliter,C10H17NO2,3/30/2023 5:43:47 AM,kat78-2-n9-a1_03_22_2023_321.raw,2min_150_1200.EXP,001_RLN-NB-2443_007_N9,KAT78-2-N9-A1_KAT78-2-N9-A1_KAT78-2-N9-A1,0,0,0,0,0,0,0,0,0,0,0,0,0,0,0,bis_addition_1,0,0,0,0,0,183.53519460010227,14.684726415505612,4.630292250843718,194.9,0.7351,0,0,0,0,0,0,0,0,0,0,0,0,0,0,0,0,0,0,0,0,37.9580377328115,5.196130578570254,1.6384100371745018,562.1,1.5501,0,0,0,0,0,0,0,0,0,0,0,0,0,0,0,262.7727637100963,17.24962679744258,5.439039926941294,415.2,1.4701,0.0,0.0,0.0,0.0,0.0,180.7898781340813,16.18692392717984,5.103955382231544,267.9,1.3268,0.0,0.0,0.0009397315991793319,117.46644989741648,0.0,0.0,0.0,0.0,0.0,0.0,0.0,0.0,0.0,0.0,0.0008818372760469305,110.22965950586632,0.0,0.0,0.0,0.0,0.0,0.0,0.0,0.0
321,N10,CS(=O)(=O)O[Pd]c1ccccc1-c2ccccc2N.COc3cccc(OC)c3-c4ccccc4P(C5CCCCC5)C6CCCCC6,SPhos Pd G3,0.12484415999999997 milligram,0.16000000000000003 micromole,0.12484416 microliter,C39H48NO5PPdS,CC1=CC(C=O)=C(C)N1C2=CC(Cl)=CC(Cl)=C2,"1-(3,5-dichlorophenyl)-2,5-dimethyl-1H-pyrrole-3-carbaldehyde",0.2145144 milligram,0.8 micromole,0.21451440000000005 microliter,C13H11Cl2NO,B1(OC(C(O1)(C)C)(C)C)C2=CCN(CC2)C(=O)OC(C)(C)C,"N-Boc-1,2,5,6-tetrahydropyridine-4-boronic acid pinacol ester",0.29684640000000007 milligram,0.9600000000000001 micromole,0.2968464000000001 microliter,C16H28BNO4,O=C([O-])[O-].[Na+].[Na+],Na2CO3,0.635928 milligram,6.0 micromole,0.6359280000000002 microliter,CNa2O3,CN1C=NC2=C1C(=O)N(C(=O)N2C)C,caffeine,0.1553528 milligram,0.8 micromole,0.15535280000000004 microliter,C8H10N4O2,C1COCCO1,dioxane,32.445 milligram,368.2496084262139 micromole,31.5 microliter,C4H8O2,O,water,3.5 milligram,194.2825423258396 micromole,3.5 microliter,H2O,Cc1cc(C=O)c(C)n1-c1cc(Cl)cc(C2=CCN(C(=O)OC(C)(C)C)CC2)c1,suzuki_product_0,0.0 milligram,0.0 micromole,0 microliter,C23H27ClN2O3,Cc1cc(C=O)c(C)n1-c1cc(C2=CCN(C(=O)OC(C)(C)C)CC2)cc(C2=CCN(C(=O)OC(C)(C)C)CC2)c1,bis_addition_2,0.0 milligram,0.0 micromole,0 microliter,C33H43N3O5,Cc1cc(C=O)c(C)n1-c1cccc(Cl)c1,dehalogenation_0,0.0 milligram,0.0 micromole,0 microliter,C13H12ClNO,CC1=CC(C=O)=C(C)N1C2=CC(Cl)=CC(Cl)=C2.B1(OC(C(O1)(C)C)(C)C)C2=CCN(CC2)C(=O)OC(C)(C)C>>Cc1cc(C=O)c(C)n1-c1cc(Cl)cc(C2=CCN(C(=O)OC(C)(C)C)CC2)c1.Cc1cc(C=O)c(C)n1-c1cc(C2=CCN(C(=O)OC(C)(C)C)CC2)cc(C2=CCN(C(=O)OC(C)(C)C)CC2)c1.Cc1cc(C=O)c(C)n1-c1cccc(Cl)c1.CC(C)(C)OC(=O)N1CC=CCC1,001_RLN-NB-2443_007_N10,,,CC(C)(C)OC(=O)N1CC=CCC1,deborylation_0,0.0 milligram,0.0 micromole,0 microliter,C10H17NO2,3/30/2023 5:46:14 AM,kat78-2-n10-a1_03_22_2023_322.raw,2min_150_1200.EXP,001_RLN-NB-2443_007_N10,KAT78-2-N10-A1_KAT78-2-N10-A1_KAT78-2-N10-A1,0,0,0,0,0,0,0,0,0,0,0,0,0,0,0,bis_addition_1,0,0,0,0,0,188.54430802683623,15.943444713924759,4.8206283280386195,195,0.7351,0,0,0,0,0,0,0,0,0,0,0,0,0,0,0,0,0,0,0,0,22.852937133936585,2.5214428484545035,0.7623784596671402,562.2,1.5518,0,0,0,0,0,0,0,0,0,0,0,0,0,0,0,232.90255547320328,14.41726006646476,4.35917416443885,415.1,1.4684,0.0,0.0,0.0,0.0,0.0,190.6852787444259,17.249054840809396,5.215390016993907,267.9,1.3268,0.0,0.0,0.0007234200801724082,90.42751002155103,0.0,0.0,0.0,0.0,0.0,0.0,0.0,0.0,0.0,0.0,0.0008655120722183377,108.1890090272922,0.0,0.0,0.0,0.0,0.0,0.0,0.0,0.0
322,N11,CS(=O)(=O)O[Pd]c1ccccc1-c2ccccc2N.COc3cccc(OC)c3-c4ccccc4P(C5CCCCC5)C6CCCCC6,SPhos Pd G3,0.12484415999999997 milligram,0.16000000000000003 micromole,0.12484416 microliter,C39H48NO5PPdS,CC1=CC(C=O)=C(C)N1C2=CC(Cl)=CC(Cl)=C2,"1-(3,5-dichlorophenyl)-2,5-dimethyl-1H-pyrrole-3-carbaldehyde",0.2145144 milligram,0.8 micromole,0.21451440000000005 microliter,C13H11Cl2NO,B1(OC(C(O1)(C)C)(C)C)C2=CC=C(C=C2)N,"4-(4,4,5,5-tetramethyl-1,3,2-dioxaborolan-2-yl)aniline",0.21032928 milligram,0.9600000000000001 micromole,0.21032928000000006 microliter,C12H18BNO2,O=C([O-])[O-].[Na+].[Na+],Na2CO3,0.635928 milligram,6.0 micromole,0.6359280000000002 microliter,CNa2O3,CN1C=NC2=C1C(=O)N(C(=O)N2C)C,caffeine,0.1553528 milligram,0.8 micromole,0.15535280000000004 microliter,C8H10N4O2,C1COCCO1,dioxane,32.445 milligram,368.2496084262139 micromole,31.5 microliter,C4H8O2,O,water,3.5 milligram,194.2825423258396 micromole,3.5 microliter,H2O,Cc1cc(C=O)c(C)n1-c1cc(Cl)cc(-c2ccc(N)cc2)c1,suzuki_product_0,0.0 milligram,0.0 micromole,0 microliter,C19H17ClN2O,Cc1cc(C=O)c(C)n1-c1cc(-c2ccc(N)cc2)cc(-c2ccc(N)cc2)c1,bis_addition_1,0.0 milligram,0.0 micromole,0 microliter,C25H23N3O,Cc1cc(C=O)c(C)n1-c1cccc(Cl)c1,dehalogenation_0,0.0 milligram,0.0 micromole,0 microliter,C13H12ClNO,CC1=CC(C=O)=C(C)N1C2=CC(Cl)=CC(Cl)=C2.B1(OC(C(O1)(C)C)(C)C)C2=CC=C(C=C2)N>>Cc1cc(C=O)c(C)n1-c1cc(Cl)cc(-c2ccc(N)cc2)c1.Cc1cc(C=O)c(C)n1-c1cc(-c2ccc(N)cc2)cc(-c2ccc(N)cc2)c1.Cc1cc(C=O)c(C)n1-c1cccc(Cl)c1.Nc1ccccc1,001_RLN-NB-2443_007_N11,,,Nc1ccccc1,deborylation_0,0.0 milligram,0.0 micromole,0 microliter,C6H7N,3/30/2023 5:48:40 AM,kat78-2-n11-a1_03_22_2023_323.raw,2min_150_1200.EXP,001_RLN-NB-2443_007_N11,KAT78-2-N11-A1_KAT78-2-N11-A1_KAT78-2-N11-A1,0,0,0,0,0,0,0,0,0,0,0,0,0,0,0,bis_addition_1,0,0,0,0,0,175.51509646881027,19.64345830137845,4.585496149860456,195,0.7351,0,0,0,0,0,0,0,0,0,0,0,0,0,0,0,0,0,0,0,0,0,0,0,0,0,0,0,0,0,0,0,0,0,0,0,0,0,0,0,0,203.43853769685956,30.04130282295422,7.012730463137538,325.0,1.2351,0.0,0.0,0.0,0.0,0.0,153.7584824757133,17.865511996164734,4.1704589495807065,267.9,1.3268,0.0,0.0,0.0012234628897640134,152.93286122050168,0.0,0.0,0.0,0.0,0.0,0.0,0.0,0.0,0.0,0.0,0.0007275913119600148,90.94891399500185,0.0,0.0,0.0,0.0,0.0,0.0,0.0,0.0
323,N12,CS(=O)(=O)O[Pd]c1ccccc1-c2ccccc2N.COc3cccc(OC)c3-c4ccccc4P(C5CCCCC5)C6CCCCC6,SPhos Pd G3,0.12484415999999997 milligram,0.16000000000000003 micromole,0.12484416 microliter,C39H48NO5PPdS,CC1=CC(C=O)=C(C)N1C2=CC(Cl)=CC(Cl)=C2,"1-(3,5-dichlorophenyl)-2,5-dimethyl-1H-pyrrole-3-carbaldehyde",0.2145144 milligram,0.8 micromole,0.21451440000000005 microliter,C13H11Cl2NO,B1(OC(C(O1)(C)C)(C)C)C2=CC=C(C=C2)N,"4-(4,4,5,5-tetramethyl-1,3,2-dioxaborolan-2-yl)aniline",0.21032928 milligram,0.9600000000000001 micromole,0.21032928000000006 microliter,C12H18BNO2,O=C([O-])[O-].[Na+].[Na+],Na2CO3,0.635928 milligram,6.0 micromole,0.6359280000000002 microliter,CNa2O3,CN1C=NC2=C1C(=O)N(C(=O)N2C)C,caffeine,0.1553528 milligram,0.8 micromole,0.15535280000000004 microliter,C8H10N4O2,C1COCCO1,dioxane,32.445 milligram,368.2496084262139 micromole,31.5 microliter,C4H8O2,O,water,3.5 milligram,194.2825423258396 micromole,3.5 microliter,H2O,Cc1cc(C=O)c(C)n1-c1cc(Cl)cc(-c2ccc(N)cc2)c1,suzuki_product_0,0.0 milligram,0.0 micromole,0 microliter,C19H17ClN2O,Cc1cc(C=O)c(C)n1-c1cc(-c2ccc(N)cc2)cc(-c2ccc(N)cc2)c1,bis_addition_1,0.0 milligram,0.0 micromole,0 microliter,C25H23N3O,Cc1cc(C=O)c(C)n1-c1cccc(Cl)c1,dehalogenation_0,0.0 milligram,0.0 micromole,0 microliter,C13H12ClNO,CC1=CC(C=O)=C(C)N1C2=CC(Cl)=CC(Cl)=C2.B1(OC(C(O1)(C)C)(C)C)C2=CC=C(C=C2)N>>Cc1cc(C=O)c(C)n1-c1cc(Cl)cc(-c2ccc(N)cc2)c1.Cc1cc(C=O)c(C)n1-c1cc(-c2ccc(N)cc2)cc(-c2ccc(N)cc2)c1.Cc1cc(C=O)c(C)n1-c1cccc(Cl)c1.Nc1ccccc1,001_RLN-NB-2443_007_N12,,,Nc1ccccc1,deborylation_0,0.0 milligram,0.0 micromole,0 microliter,C6H7N,3/30/2023 5:51:06 AM,kat78-2-n12-a1_03_22_2023_324.raw,2min_150_1200.EXP,001_RLN-NB-2443_007_N12,KAT78-2-N12-A1_KAT78-2-N12-A1_KAT78-2-N12-A1,0,0,0,0,0,0,0,0,0,0,0,0,0,0,0,bis_addition_1,0,0,0,0,0,181.77386253900073,26.62033358566337,4.580886567676048,195,0.7334,0,0,0,0,0,58.93065726282622,13.001107984371762,2.237259752544543,325,1.2334,0,0,0,0,0,0,0,0,0,0,0,0,0,0,0,0,0,0,0,0,0,0,0,0,0,0,0,0,0,0,58.93065726282622,13.001107984371762,2.237259752544543,325.0,1.2334,0.0,0.0,0.0,0.0,0.0,188.67135845623866,29.356625148412085,5.051753742375599,267.8,1.3251,0.0,0.0,0.0003907120981045446,48.83901226306807,0.0003907120981045446,48.83901226306807,0.0,0.0,0.0,0.0,0.0,0.0,0.0,0.0,0.0008822316235502735,110.27895294378418,0.0,0.0,0.0,0.0,0.0,0.0,0.0,0.0
324,N13,CS(=O)(=O)O[Pd]c1ccccc1-c2ccccc2N.COc3cccc(OC)c3-c4ccccc4P(C5CCCCC5)C6CCCCC6,SPhos Pd G3,0.12484415999999997 milligram,0.16000000000000003 micromole,0.12484416 microliter,C39H48NO5PPdS,COC1=C(N)C(Cl)=NC=N1,4-chloro-6-methoxypyrimidin-5-amine,0.12766080000000002 milligram,0.8 micromole,0.12766080000000005 microliter,C5H6ClN3O,B1(OC(C(O1)(C)C)(C)C)C2=CN=C(C=C2)C,"2-methyl-5-(4,4,5,5-tetramethyl-1,3,2-dioxaborolan-2-yl)pyridine",0.21032928 milligram,0.9600000000000001 micromole,0.21032928000000006 microliter,C12H18BNO2,O=C([O-])[O-].[Na+].[Na+],Na2CO3,0.635928 milligram,6.0 micromole,0.6359280000000002 microliter,CNa2O3,CN1C=NC2=C1C(=O)N(C(=O)N2C)C,caffeine,0.1553528 milligram,0.8 micromole,0.15535280000000004 microliter,C8H10N4O2,C1COCCO1,dioxane,32.445 milligram,368.2496084262139 micromole,31.5 microliter,C4H8O2,O,water,3.5 milligram,194.2825423258396 micromole,3.5 microliter,H2O,COc1ncnc(-c2ccc(C)nc2)c1N,suzuki_product_0,0.0 milligram,0.0 micromole,0 microliter,C11H12N4O,COc1ncncc1N,dehalogenation_0,0.0 milligram,0.0 micromole,0 microliter,C5H7N3O,Cc1ccccn1,deborylation_0,0.0 milligram,0.0 micromole,0 microliter,C6H7N,COC1=C(N)C(Cl)=NC=N1.B1(OC(C(O1)(C)C)(C)C)C2=CN=C(C=C2)C>>COc1ncnc(-c2ccc(C)nc2)c1N.COc1ncncc1N.Cc1ccccn1,001_RLN-NB-2443_007_N13,,,,,,,,,3/30/2023 5:53:33 AM,kat78-2-n13-a1_03_22_2023_325.raw,2min_150_1200.EXP,001_RLN-NB-2443_007_N13,KAT78-2-N13-A1_KAT78-2-N13-A1_KAT78-2-N13-A1,0,0,0,0,0,0,0,0,0,0,0,0,0,0,0,deborylation_0,0,0,0,0,0,181.33292131381214,57.57004027894731,4.50294121284754,194.9,0.7351,0,0,0,0,0,0,0,0,0,0,0,0,0,0,0,0,0,0,0,0,0,0,0,0,0,0,0,0,0,0,0,0,0,0,0,0,0,0,0,0,0.0,0.0,0.0,0.0,0.0,0.0,0.0,0.0,0.0,0.0,0.0,0.0,0.0,0.0,0.0,0.0,0.0,0.0,0.0,0.0,0.0,0.0,0.0,0.0,0.0,0.0,0.0,0.0,0.0,0.0,0.0,0.0,0.0,0.0,0.0,0.0,0.0,0.0,0.0
325,N14,CS(=O)(=O)O[Pd]c1ccccc1-c2ccccc2N.COc3cccc(OC)c3-c4ccccc4P(C5CCCCC5)C6CCCCC6,SPhos Pd G3,0.12484415999999997 milligram,0.16000000000000003 micromole,0.12484416 microliter,C39H48NO5PPdS,COC1=C(N)C(Cl)=NC=N1,4-chloro-6-methoxypyrimidin-5-amine,0.12766080000000002 milligram,0.8 micromole,0.12766080000000005 microliter,C5H6ClN3O,B1(OC(C(O1)(C)C)(C)C)C2=CN(N=C2C)C,"1,3-dimethyl-4-(4,4,5,5-tetramethyl-1,3,2-dioxaborolan-2-yl)-1H-pyrazole",0.21321311999999998 milligram,0.9600000000000001 micromole,0.21321312000000003 microliter,C11H19BN2O2,O=C([O-])[O-].[Na+].[Na+],Na2CO3,0.635928 milligram,6.0 micromole,0.6359280000000002 microliter,CNa2O3,CN1C=NC2=C1C(=O)N(C(=O)N2C)C,caffeine,0.1553528 milligram,0.8 micromole,0.15535280000000004 microliter,C8H10N4O2,C1COCCO1,dioxane,32.445 milligram,368.2496084262139 micromole,31.5 microliter,C4H8O2,O,water,3.5 milligram,194.2825423258396 micromole,3.5 microliter,H2O,COc1ncnc(-c2cn(C)nc2C)c1N,suzuki_product_0,0.0 milligram,0.0 micromole,0 microliter,C10H13N5O,COc1ncncc1N,dehalogenation_0,0.0 milligram,0.0 micromole,0 microliter,C5H7N3O,Cc1ccn(C)n1,deborylation_0,0.0 milligram,0.0 micromole,0 microliter,C5H8N2,COC1=C(N)C(Cl)=NC=N1.B1(OC(C(O1)(C)C)(C)C)C2=CN(N=C2C)C>>COc1ncnc(-c2cn(C)nc2C)c1N.COc1ncncc1N.Cc1ccn(C)n1,001_RLN-NB-2443_007_N14,,,,,,,,,3/30/2023 5:55:59 AM,kat78-2-n14-a1_03_22_2023_326.raw,2min_150_1200.EXP,001_RLN-NB-2443_007_N14,KAT78-2-N14-A1_KAT78-2-N14-A1_KAT78-2-N14-A1,0,0,0,0,0,0,0,0,0,0,0,0,0,0,0,deborylation_0,0,0,0,0,0,173.85763727153437,58.21025705933973,4.506189757998266,194.9,0.7318,0,0,0,0,0,0,0,0,0,0,0,0,0,0,0,0,0,0,0,0,0,0,0,0,0,0,0,0,0,0,0,0,0,0,0,0,0,0,0,0,0.0,0.0,0.0,0.0,0.0,0.0,0.0,0.0,0.0,0.0,0.0,0.0,0.0,0.0,0.0,0.0,0.0,0.0,0.0,0.0,0.0,0.0,0.0,0.0,0.0,0.0,0.0,0.0,0.0,0.0,0.0,0.0,0.0,0.0,0.0,0.0,0.0,0.0,0.0
326,N15,CS(=O)(=O)O[Pd]c1ccccc1-c2ccccc2N.COc3cccc(OC)c3-c4ccccc4P(C5CCCCC5)C6CCCCC6,SPhos Pd G3,0.12484415999999997 milligram,0.16000000000000003 micromole,0.12484416 microliter,C39H48NO5PPdS,COC1=C(N)C(Cl)=NC=N1,4-chloro-6-methoxypyrimidin-5-amine,0.12766080000000002 milligram,0.8 micromole,0.12766080000000005 microliter,C5H6ClN3O,B1(OC(C(O1)(C)C)(C)C)C2=CCN(CC2)C(=O)OC(C)(C)C,"N-Boc-1,2,5,6-tetrahydropyridine-4-boronic acid pinacol ester",0.29684640000000007 milligram,0.9600000000000001 micromole,0.2968464000000001 microliter,C16H28BNO4,O=C([O-])[O-].[Na+].[Na+],Na2CO3,0.635928 milligram,6.0 micromole,0.6359280000000002 microliter,CNa2O3,CN1C=NC2=C1C(=O)N(C(=O)N2C)C,caffeine,0.1553528 milligram,0.8 micromole,0.15535280000000004 microliter,C8H10N4O2,C1COCCO1,dioxane,32.445 milligram,368.2496084262139 micromole,31.5 microliter,C4H8O2,O,water,3.5 milligram,194.2825423258396 micromole,3.5 microliter,H2O,COc1ncnc(C2=CCN(C(=O)OC(C)(C)C)CC2)c1N,suzuki_product_0,0.0 milligram,0.0 micromole,0 microliter,C15H22N4O3,COc1ncncc1N,dehalogenation_0,0.0 milligram,0.0 micromole,0 microliter,C5H7N3O,CC(C)(C)OC(=O)N1CC=CCC1,deborylation_0,0.0 milligram,0.0 micromole,0 microliter,C10H17NO2,COC1=C(N)C(Cl)=NC=N1.B1(OC(C(O1)(C)C)(C)C)C2=CCN(CC2)C(=O)OC(C)(C)C>>COc1ncnc(C2=CCN(C(=O)OC(C)(C)C)CC2)c1N.COc1ncncc1N.CC(C)(C)OC(=O)N1CC=CCC1,001_RLN-NB-2443_007_N15,,,,,,,,,3/30/2023 5:58:26 AM,kat78-2-n15-a1_03_22_2023_327.raw,2min_150_1200.EXP,001_RLN-NB-2443_007_N15,KAT78-2-N15-A1_KAT78-2-N15-A1_KAT78-2-N15-A1,0,0,0,0,0,0,0,0,0,0,0,0,0,0,0,deborylation_0,0,0,0,0,0,180.33720565012672,24.273521877217796,4.508598534496231,194.9,0.7351,0,0,0,0,0,0,0,0,0,0,0,0,0,0,0,0,0,0,0,0,0,0,0,0,0,0,0,0,0,0,0,0,0,0,0,0,0,0,0,0,92.08712398848662,16.83068744976325,3.126155864583764,307.0,0.9968,0.0,0.0,0.0,0.0,0.0,0.0,0.0,0.0,0.0,0.0,0.0,0.0,0.0005547011277522079,69.33764096902598,0.0,0.0,0.0,0.0,0.0,0.0,0.0,0.0,0.0,0.0,0.0,0.0,0.0,0.0,0.0,0.0,0.0,0.0,0.0,0.0
327,N16,CS(=O)(=O)O[Pd]c1ccccc1-c2ccccc2N.COc3cccc(OC)c3-c4ccccc4P(C5CCCCC5)C6CCCCC6,SPhos Pd G3,0.12484415999999997 milligram,0.16000000000000003 micromole,0.12484416 microliter,C39H48NO5PPdS,COC1=C(N)C(Cl)=NC=N1,4-chloro-6-methoxypyrimidin-5-amine,0.12766080000000002 milligram,0.8 micromole,0.12766080000000005 microliter,C5H6ClN3O,B1(OC(C(O1)(C)C)(C)C)C2=CCN(CC2)C(=O)OC(C)(C)C,"N-Boc-1,2,5,6-tetrahydropyridine-4-boronic acid pinacol ester",0.29684640000000007 milligram,0.9600000000000001 micromole,0.2968464000000001 microliter,C16H28BNO4,O=C([O-])[O-].[Na+].[Na+],Na2CO3,0.635928 milligram,6.0 micromole,0.6359280000000002 microliter,CNa2O3,CN1C=NC2=C1C(=O)N(C(=O)N2C)C,caffeine,0.1553528 milligram,0.8 micromole,0.15535280000000004 microliter,C8H10N4O2,C1COCCO1,dioxane,32.445 milligram,368.2496084262139 micromole,31.5 microliter,C4H8O2,O,water,3.5 milligram,194.2825423258396 micromole,3.5 microliter,H2O,COc1ncnc(C2=CCN(C(=O)OC(C)(C)C)CC2)c1N,suzuki_product_0,0.0 milligram,0.0 micromole,0 microliter,C15H22N4O3,COc1ncncc1N,dehalogenation_0,0.0 milligram,0.0 micromole,0 microliter,C5H7N3O,CC(C)(C)OC(=O)N1CC=CCC1,deborylation_0,0.0 milligram,0.0 micromole,0 microliter,C10H17NO2,COC1=C(N)C(Cl)=NC=N1.B1(OC(C(O1)(C)C)(C)C)C2=CCN(CC2)C(=O)OC(C)(C)C>>COc1ncnc(C2=CCN(C(=O)OC(C)(C)C)CC2)c1N.COc1ncncc1N.CC(C)(C)OC(=O)N1CC=CCC1,001_RLN-NB-2443_007_N16,,,,,,,,,3/30/2023 6:00:52 AM,kat78-2-n16-a1_03_22_2023_328.raw,2min_150_1200.EXP,001_RLN-NB-2443_007_N16,KAT78-2-N16-A1_KAT78-2-N16-A1_KAT78-2-N16-A1,0,0,0,0,0,0,0,0,0,0,0,0,0,0,0,deborylation_0,0,0,0,0,0,170.09599425923798,56.714260310130825,4.384424270409679,195.1,0.7334,0,0,0,0,0,0,0,0,0,0,0,0,0,0,0,0,0,0,0,0,0,0,0,0,0,0,0,0,0,0,0,0,0,0,0,0,0,0,0,0,0.0,0.0,0.0,0.0,0.0,0.0,0.0,0.0,0.0,0.0,0.0,0.0,0.0,0.0,0.0,0.0,0.0,0.0,0.0,0.0,0.0,0.0,0.0,0.0,0.0,0.0,0.0,0.0,0.0,0.0,0.0,0.0,0.0,0.0,0.0,0.0,0.0,0.0,0.0
328,N17,CS(=O)(=O)O[Pd]c1ccccc1-c2ccccc2N.COc3cccc(OC)c3-c4ccccc4P(C5CCCCC5)C6CCCCC6,SPhos Pd G3,0.12484415999999997 milligram,0.16000000000000003 micromole,0.12484416 microliter,C39H48NO5PPdS,COC1=C(N)C(Cl)=NC=N1,4-chloro-6-methoxypyrimidin-5-amine,0.12766080000000002 milligram,0.8 micromole,0.12766080000000005 microliter,C5H6ClN3O,B1(OC(C(O1)(C)C)(C)C)C2=CC=C(C=C2)N,"4-(4,4,5,5-tetramethyl-1,3,2-dioxaborolan-2-yl)aniline",0.21032928 milligram,0.9600000000000001 micromole,0.21032928000000006 microliter,C12H18BNO2,O=C([O-])[O-].[Na+].[Na+],Na2CO3,0.635928 milligram,6.0 micromole,0.6359280000000002 microliter,CNa2O3,CN1C=NC2=C1C(=O)N(C(=O)N2C)C,caffeine,0.1553528 milligram,0.8 micromole,0.15535280000000004 microliter,C8H10N4O2,C1COCCO1,dioxane,32.445 milligram,368.2496084262139 micromole,31.5 microliter,C4H8O2,O,water,3.5 milligram,194.2825423258396 micromole,3.5 microliter,H2O,COc1ncnc(-c2ccc(N)cc2)c1N,suzuki_product_0,0.0 milligram,0.0 micromole,0 microliter,C11H12N4O,COc1ncncc1N,dehalogenation_0,0.0 milligram,0.0 micromole,0 microliter,C5H7N3O,Nc1ccccc1,deborylation_0,0.0 milligram,0.0 micromole,0 microliter,C6H7N,COC1=C(N)C(Cl)=NC=N1.B1(OC(C(O1)(C)C)(C)C)C2=CC=C(C=C2)N>>COc1ncnc(-c2ccc(N)cc2)c1N.COc1ncncc1N.Nc1ccccc1,001_RLN-NB-2443_007_N17,,,,,,,,,3/30/2023 6:03:19 AM,kat78-2-n17-a1_03_22_2023_329.raw,2min_150_1200.EXP,001_RLN-NB-2443_007_N17,KAT78-2-N17-A1_KAT78-2-N17-A1_KAT78-2-N17-A1,0,0,0,0,0,0,0,0,0,0,0,0,0,0,0,deborylation_0,0,0,0,0,0,183.20197323562493,37.0275394167247,4.6546473172344465,195,0.7318,0,0,0,0,0,0,0,0,0,0,0,0,0,0,0,0,0,0,0,0,0,0,0,0,0,0,0,0,0,0,0,0,0,0,0,0,0,0,0,0,45.60351601704928,9.435508628033611,1.1861162154993667,217.0,0.6551,0.0,0.0,0.0,0.0,0.0,0.0,0.0,0.0,0.0,0.0,0.0,0.0,0.00020385926316825162,25.48240789603145,0.0,0.0,0.0,0.0,0.0,0.0,0.0,0.0,0.0,0.0,0.0,0.0,0.0,0.0,0.0,0.0,0.0,0.0,0.0,0.0
329,N18,CS(=O)(=O)O[Pd]c1ccccc1-c2ccccc2N.COc3cccc(OC)c3-c4ccccc4P(C5CCCCC5)C6CCCCC6,SPhos Pd G3,0.12484415999999997 milligram,0.16000000000000003 micromole,0.12484416 microliter,C39H48NO5PPdS,COC1=C(N)C(Cl)=NC=N1,4-chloro-6-methoxypyrimidin-5-amine,0.12766080000000002 milligram,0.8 micromole,0.12766080000000005 microliter,C5H6ClN3O,B1(OC(C(O1)(C)C)(C)C)C2=CC=C(C=C2)N,"4-(4,4,5,5-tetramethyl-1,3,2-dioxaborolan-2-yl)aniline",0.21032928 milligram,0.9600000000000001 micromole,0.21032928000000006 microliter,C12H18BNO2,O=C([O-])[O-].[Na+].[Na+],Na2CO3,0.635928 milligram,6.0 micromole,0.6359280000000002 microliter,CNa2O3,CN1C=NC2=C1C(=O)N(C(=O)N2C)C,caffeine,0.1553528 milligram,0.8 micromole,0.15535280000000004 microliter,C8H10N4O2,C1COCCO1,dioxane,32.445 milligram,368.2496084262139 micromole,31.5 microliter,C4H8O2,O,water,3.5 milligram,194.2825423258396 micromole,3.5 microliter,H2O,COc1ncnc(-c2ccc(N)cc2)c1N,suzuki_product_0,0.0 milligram,0.0 micromole,0 microliter,C11H12N4O,COc1ncncc1N,dehalogenation_0,0.0 milligram,0.0 micromole,0 microliter,C5H7N3O,Nc1ccccc1,deborylation_0,0.0 milligram,0.0 micromole,0 microliter,C6H7N,COC1=C(N)C(Cl)=NC=N1.B1(OC(C(O1)(C)C)(C)C)C2=CC=C(C=C2)N>>COc1ncnc(-c2ccc(N)cc2)c1N.COc1ncncc1N.Nc1ccccc1,001_RLN-NB-2443_007_N18,,,,,,,,,3/30/2023 6:05:46 AM,kat78-2-n18-a1_03_22_2023_330.raw,2min_150_1200.EXP,001_RLN-NB-2443_007_N18,KAT78-2-N18-A1_KAT78-2-N18-A1_KAT78-2-N18-A1,0,0,0,0,0,0,0,0,0,0,0,0,0,0,0,deborylation_0,0,0,0,0,0,173.66135456441742,39.65767337436502,4.535954167467985,195,0.7351,0,0,0,0,0,0,0,0,0,0,0,0,0,0,0,0,0,0,0,0,0,0,0,0,0,0,0,0,0,0,0,0,0,0,0,0,0,0,0,0,47.62626737731021,10.589965750217884,1.2112561123944945,217.0,0.6568,0.0,0.0,0.0,0.0,0.0,0.0,0.0,0.0,0.0,0.0,0.0,0.0,0.000213627575178191,26.703446897273874,0.0,0.0,0.0,0.0,0.0,0.0,0.0,0.0,0.0,0.0,0.0,0.0,0.0,0.0,0.0,0.0,0.0,0.0,0.0,0.0
330,N19,CS(=O)(=O)O[Pd]c1ccccc1-c2ccccc2N.COc3cccc(OC)c3-c4ccccc4P(C5CCCCC5)C6CCCCC6,SPhos Pd G3,0.12484415999999997 milligram,0.16000000000000003 micromole,0.12484416 microliter,C39H48NO5PPdS,CC1=C(N2CCCC2=O)C=CC(Br)=C1,1-(4-bromo-2-methylphenyl)pyrrolidin-2-one,0.20330160000000003 milligram,0.8 micromole,0.20330160000000008 microliter,C11H12BrNO,B1(OC(C(O1)(C)C)(C)C)C2=CN=C(C=C2)C,"2-methyl-5-(4,4,5,5-tetramethyl-1,3,2-dioxaborolan-2-yl)pyridine",0.21032928 milligram,0.9600000000000001 micromole,0.21032928000000006 microliter,C12H18BNO2,O=C([O-])[O-].[Na+].[Na+],Na2CO3,0.635928 milligram,6.0 micromole,0.6359280000000002 microliter,CNa2O3,CN1C=NC2=C1C(=O)N(C(=O)N2C)C,caffeine,0.1553528 milligram,0.8 micromole,0.15535280000000004 microliter,C8H10N4O2,C1COCCO1,dioxane,32.445 milligram,368.2496084262139 micromole,31.5 microliter,C4H8O2,O,water,3.5 milligram,194.2825423258396 micromole,3.5 microliter,H2O,Cc1ccc(-c2ccc(N3CCCC3=O)c(C)c2)cn1,suzuki_product_0,0.0 milligram,0.0 micromole,0 microliter,C17H18N2O,Cc1ccccc1N1CCCC1=O,dehalogenation_0,0.0 milligram,0.0 micromole,0 microliter,C11H13NO,Cc1ccccn1,deborylation_0,0.0 milligram,0.0 micromole,0 microliter,C6H7N,CC1=C(N2CCCC2=O)C=CC(Br)=C1.B1(OC(C(O1)(C)C)(C)C)C2=CN=C(C=C2)C>>Cc1ccc(-c2ccc(N3CCCC3=O)c(C)c2)cn1.Cc1ccccc1N1CCCC1=O.Cc1ccccn1,001_RLN-NB-2443_007_N19,,,,,,,,,3/30/2023 6:08:12 AM,kat78-2-n19-a1_03_22_2023_331.raw,2min_150_1200.EXP,001_RLN-NB-2443_007_N19,KAT78-2-N19-A1_KAT78-2-N19-A1_KAT78-2-N19-A1,0,0,0,0,0,0,0,0,0,0,0,0,0,0,0,deborylation_0,0,0,0,0,0,172.22502245684393,23.07927772021083,4.076837692616718,195,0.7334,0,0,0,0,0,0,0,0,0,0,0,0,0,0,0,0,0,0,0,0,0,0,0,0,0,0,0,0,0,0,0,0,0,0,0,68.3788915713813,8.59409785385898,1.518103923762163,282,1.1868,261.0442450620409,44.180479819574956,7.804258330346487,267.0,0.7768,0.0,0.0,0.0,0.0,0.0,0.0,0.0,0.0,0.0,0.0,0.0,0.0,0.0015314337079408867,191.42921349261084,0.0,0.0,0.0,0.0,0.0,0.0,0.0,0.0,0.0,0.0,0.0,0.0,0.0,0.0,0.0,0.0,0.0,0.0,0.0002978983296806733,37.23729121008416
331,N20,CS(=O)(=O)O[Pd]c1ccccc1-c2ccccc2N.COc3cccc(OC)c3-c4ccccc4P(C5CCCCC5)C6CCCCC6,SPhos Pd G3,0.12484415999999997 milligram,0.16000000000000003 micromole,0.12484416 microliter,C39H48NO5PPdS,CC1=C(N2CCCC2=O)C=CC(Br)=C1,1-(4-bromo-2-methylphenyl)pyrrolidin-2-one,0.20330160000000003 milligram,0.8 micromole,0.20330160000000008 microliter,C11H12BrNO,B1(OC(C(O1)(C)C)(C)C)C2=CN(N=C2C)C,"1,3-dimethyl-4-(4,4,5,5-tetramethyl-1,3,2-dioxaborolan-2-yl)-1H-pyrazole",0.21321311999999998 milligram,0.9600000000000001 micromole,0.21321312000000003 microliter,C11H19BN2O2,O=C([O-])[O-].[Na+].[Na+],Na2CO3,0.635928 milligram,6.0 micromole,0.6359280000000002 microliter,CNa2O3,CN1C=NC2=C1C(=O)N(C(=O)N2C)C,caffeine,0.1553528 milligram,0.8 micromole,0.15535280000000004 microliter,C8H10N4O2,C1COCCO1,dioxane,32.445 milligram,368.2496084262139 micromole,31.5 microliter,C4H8O2,O,water,3.5 milligram,194.2825423258396 micromole,3.5 microliter,H2O,Cc1cc(-c2cn(C)nc2C)ccc1N1CCCC1=O,suzuki_product_0,0.0 milligram,0.0 micromole,0 microliter,C16H19N3O,Cc1ccccc1N1CCCC1=O,dehalogenation_0,0.0 milligram,0.0 micromole,0 microliter,C11H13NO,Cc1ccn(C)n1,deborylation_0,0.0 milligram,0.0 micromole,0 microliter,C5H8N2,CC1=C(N2CCCC2=O)C=CC(Br)=C1.B1(OC(C(O1)(C)C)(C)C)C2=CN(N=C2C)C>>Cc1cc(-c2cn(C)nc2C)ccc1N1CCCC1=O.Cc1ccccc1N1CCCC1=O.Cc1ccn(C)n1,001_RLN-NB-2443_007_N20,,,,,,,,,3/30/2023 6:10:38 AM,kat78-2-n20-a1_03_22_2023_332.raw,2min_150_1200.EXP,001_RLN-NB-2443_007_N20,KAT78-2-N20-A1_KAT78-2-N20-A1_KAT78-2-N20-A1,0,0,0,0,0,0,0,0,0,0,0,0,0,0,0,deborylation_0,0,0,0,0,0,177.10213448697942,30.42575735052579,4.757489867388091,195,0.7334,0,0,0,0,0,0,0,0,0,0,0,0,0,0,0,0,0,0,0,0,0,0,0,0,0,0,0,0,0,0,0,0,0,0,0,102.59808089695812,17.172798423616577,2.685205615551989,255.8,1.1868,141.75373109280184,33.97796722465392,5.31292723212828,270.0,0.9968,0.0,0.0,0.0,0.0,0.0,0.0,0.0,0.0,0.0,0.0,0.0,0.0,0.0008934000710833053,111.67500888541315,0.0,0.0,0.0,0.0,0.0,0.0,0.0,0.0,0.0,0.0,0.0,0.0,0.0,0.0,0.0,0.0,0.0,0.0,0.0004515331723913802,56.44164654892252
332,N21,CS(=O)(=O)O[Pd]c1ccccc1-c2ccccc2N.COc3cccc(OC)c3-c4ccccc4P(C5CCCCC5)C6CCCCC6,SPhos Pd G3,0.12484415999999997 milligram,0.16000000000000003 micromole,0.12484416 microliter,C39H48NO5PPdS,CC1=C(N2CCCC2=O)C=CC(Br)=C1,1-(4-bromo-2-methylphenyl)pyrrolidin-2-one,0.20330160000000003 milligram,0.8 micromole,0.20330160000000008 microliter,C11H12BrNO,B1(OC(C(O1)(C)C)(C)C)C2=CCN(CC2)C(=O)OC(C)(C)C,"N-Boc-1,2,5,6-tetrahydropyridine-4-boronic acid pinacol ester",0.29684640000000007 milligram,0.9600000000000001 micromole,0.2968464000000001 microliter,C16H28BNO4,O=C([O-])[O-].[Na+].[Na+],Na2CO3,0.635928 milligram,6.0 micromole,0.6359280000000002 microliter,CNa2O3,CN1C=NC2=C1C(=O)N(C(=O)N2C)C,caffeine,0.1553528 milligram,0.8 micromole,0.15535280000000004 microliter,C8H10N4O2,C1COCCO1,dioxane,32.445 milligram,368.2496084262139 micromole,31.5 microliter,C4H8O2,O,water,3.5 milligram,194.2825423258396 micromole,3.5 microliter,H2O,Cc1cc(C2=CCN(C(=O)OC(C)(C)C)CC2)ccc1N1CCCC1=O,suzuki_product_0,0.0 milligram,0.0 micromole,0 microliter,C21H28N2O3,Cc1ccccc1N1CCCC1=O,dehalogenation_0,0.0 milligram,0.0 micromole,0 microliter,C11H13NO,CC(C)(C)OC(=O)N1CC=CCC1,deborylation_0,0.0 milligram,0.0 micromole,0 microliter,C10H17NO2,CC1=C(N2CCCC2=O)C=CC(Br)=C1.B1(OC(C(O1)(C)C)(C)C)C2=CCN(CC2)C(=O)OC(C)(C)C>>Cc1cc(C2=CCN(C(=O)OC(C)(C)C)CC2)ccc1N1CCCC1=O.Cc1ccccc1N1CCCC1=O.CC(C)(C)OC(=O)N1CC=CCC1,001_RLN-NB-2443_007_N21,,,,,,,,,3/30/2023 6:13:05 AM,kat78-2-n21-a1_03_22_2023_333.raw,2min_150_1200.EXP,001_RLN-NB-2443_007_N21,KAT78-2-N21-A1_KAT78-2-N21-A1_KAT78-2-N21-A1,0,0,0,0,0,0,0,0,0,0,0,0,0,0,0,deborylation_0,0,0,0,0,0,189.9636525643733,15.478691223561755,4.835564757220024,195,0.7318,0,0,0,0,0,0,0,0,0,0,0,0,0,0,0,0,0,0,0,0,0,0,0,0,0,0,0,0,0,0,0,0,0,0,0,71.28914737190203,6.633554704768942,2.072331754809089,255.8,1.1884,418.3577235547944,41.73700130623418,13.038697501844181,357.0,1.3234,0.0,0.0,0.0,0.0,0.0,0.0,0.0,0.0,0.0,0.0,0.0,0.0,0.0021571333495018943,269.64166868773674,0.0,0.0,0.0,0.0,0.0,0.0,0.0,0.0,0.0,0.0,0.0,0.0,0.0,0.0,0.0,0.0,0.0,0.0,0.0003428483511407635,42.85604389259543
333,N22,CS(=O)(=O)O[Pd]c1ccccc1-c2ccccc2N.COc3cccc(OC)c3-c4ccccc4P(C5CCCCC5)C6CCCCC6,SPhos Pd G3,0.12484415999999997 milligram,0.16000000000000003 micromole,0.12484416 microliter,C39H48NO5PPdS,CC1=C(N2CCCC2=O)C=CC(Br)=C1,1-(4-bromo-2-methylphenyl)pyrrolidin-2-one,0.20330160000000003 milligram,0.8 micromole,0.20330160000000008 microliter,C11H12BrNO,B1(OC(C(O1)(C)C)(C)C)C2=CCN(CC2)C(=O)OC(C)(C)C,"N-Boc-1,2,5,6-tetrahydropyridine-4-boronic acid pinacol ester",0.29684640000000007 milligram,0.9600000000000001 micromole,0.2968464000000001 microliter,C16H28BNO4,O=C([O-])[O-].[Na+].[Na+],Na2CO3,0.635928 milligram,6.0 micromole,0.6359280000000002 microliter,CNa2O3,CN1C=NC2=C1C(=O)N(C(=O)N2C)C,caffeine,0.1553528 milligram,0.8 micromole,0.15535280000000004 microliter,C8H10N4O2,C1COCCO1,dioxane,32.445 milligram,368.2496084262139 micromole,31.5 microliter,C4H8O2,O,water,3.5 milligram,194.2825423258396 micromole,3.5 microliter,H2O,Cc1cc(C2=CCN(C(=O)OC(C)(C)C)CC2)ccc1N1CCCC1=O,suzuki_product_0,0.0 milligram,0.0 micromole,0 microliter,C21H28N2O3,Cc1ccccc1N1CCCC1=O,dehalogenation_0,0.0 milligram,0.0 micromole,0 microliter,C11H13NO,CC(C)(C)OC(=O)N1CC=CCC1,deborylation_0,0.0 milligram,0.0 micromole,0 microliter,C10H17NO2,CC1=C(N2CCCC2=O)C=CC(Br)=C1.B1(OC(C(O1)(C)C)(C)C)C2=CCN(CC2)C(=O)OC(C)(C)C>>Cc1cc(C2=CCN(C(=O)OC(C)(C)C)CC2)ccc1N1CCCC1=O.Cc1ccccc1N1CCCC1=O.CC(C)(C)OC(=O)N1CC=CCC1,001_RLN-NB-2443_007_N22,,,,,,,,,3/30/2023 6:15:31 AM,kat78-2-n22-a1_03_22_2023_334.raw,2min_150_1200.EXP,001_RLN-NB-2443_007_N22,KAT78-2-N22-A1_KAT78-2-N22-A1_KAT78-2-N22-A1,0,0,0,0,0,0,0,0,0,0,0,0,0,0,0,deborylation_0,0,0,0,0,0,175.45238108275444,39.215100459794314,4.473288637240086,194.9,0.7318,0,0,0,0,0,0,0,0,0,0,0,0,0,0,0,0,0,0,0,0,0,0,0,0,0,0,0,0,0,0,0,0,0,0,0,119.682819721044,28.737658458332326,3.2781209160574134,255.8,1.1868,9.034160234385878,1.606118199645401,0.1832108093132234,357.1,1.3234,0.0,0.0,0.0,0.0,0.0,0.0,0.0,0.0,0.0,0.0,0.0,0.0,3.2765300729846965e-05,4.09566259123087,0.0,0.0,0.0,0.0,0.0,0.0,0.0,0.0,0.0,0.0,0.0,0.0,0.0,0.0,0.0,0.0,0.0,0.0,0.0005862569902182636,73.28212377728293
334,N23,CS(=O)(=O)O[Pd]c1ccccc1-c2ccccc2N.COc3cccc(OC)c3-c4ccccc4P(C5CCCCC5)C6CCCCC6,SPhos Pd G3,0.12484415999999997 milligram,0.16000000000000003 micromole,0.12484416 microliter,C39H48NO5PPdS,CC1=C(N2CCCC2=O)C=CC(Br)=C1,1-(4-bromo-2-methylphenyl)pyrrolidin-2-one,0.20330160000000003 milligram,0.8 micromole,0.20330160000000008 microliter,C11H12BrNO,B1(OC(C(O1)(C)C)(C)C)C2=CC=C(C=C2)N,"4-(4,4,5,5-tetramethyl-1,3,2-dioxaborolan-2-yl)aniline",0.21032928 milligram,0.9600000000000001 micromole,0.21032928000000006 microliter,C12H18BNO2,O=C([O-])[O-].[Na+].[Na+],Na2CO3,0.635928 milligram,6.0 micromole,0.6359280000000002 microliter,CNa2O3,CN1C=NC2=C1C(=O)N(C(=O)N2C)C,caffeine,0.1553528 milligram,0.8 micromole,0.15535280000000004 microliter,C8H10N4O2,C1COCCO1,dioxane,32.445 milligram,368.2496084262139 micromole,31.5 microliter,C4H8O2,O,water,3.5 milligram,194.2825423258396 micromole,3.5 microliter,H2O,Cc1cc(-c2ccc(N)cc2)ccc1N1CCCC1=O,suzuki_product_0,0.0 milligram,0.0 micromole,0 microliter,C17H18N2O,Cc1ccccc1N1CCCC1=O,dehalogenation_0,0.0 milligram,0.0 micromole,0 microliter,C11H13NO,Nc1ccccc1,deborylation_0,0.0 milligram,0.0 micromole,0 microliter,C6H7N,CC1=C(N2CCCC2=O)C=CC(Br)=C1.B1(OC(C(O1)(C)C)(C)C)C2=CC=C(C=C2)N>>Cc1cc(-c2ccc(N)cc2)ccc1N1CCCC1=O.Cc1ccccc1N1CCCC1=O.Nc1ccccc1,001_RLN-NB-2443_007_N23,,,,,,,,,3/30/2023 6:17:57 AM,kat78-2-n23-a1_03_22_2023_335.raw,2min_150_1200.EXP,001_RLN-NB-2443_007_N23,KAT78-2-N23-A1_KAT78-2-N23-A1_KAT78-2-N23-A1,0,0,0,0,0,0,0,0,0,0,0,0,0,0,0,deborylation_0,0,0,0,0,0,180.83246984963955,25.10680529292271,4.53902794475903,195,0.7351,0,0,0,0,0,0,0,0,0,0,0,0,0,0,0,0,0,0,0,0,0,0,0,0,0,0,0,0,0,0,0,0,0,0,0,80.74460081232584,10.982003854211863,1.9854227490173917,253.8,1.1884,189.27519298819607,31.407710783686877,5.678160772141338,267.0,0.8884,0.0,0.0,0.0,0.0,0.0,0.0,0.0,0.0,0.0,0.0,0.0,0.0,0.0010007712384670561,125.096404808382,0.0,0.0,0.0,0.0,0.0,0.0,0.0,0.0,0.0,0.0,0.0,0.0,0.0,0.0,0.0,0.0,0.0,0.0,0.0003499291519118937,43.741143988986714
335,N24,CS(=O)(=O)O[Pd]c1ccccc1-c2ccccc2N.COc3cccc(OC)c3-c4ccccc4P(C5CCCCC5)C6CCCCC6,SPhos Pd G3,0.12484415999999997 milligram,0.16000000000000003 micromole,0.12484416 microliter,C39H48NO5PPdS,CC1=C(N2CCCC2=O)C=CC(Br)=C1,1-(4-bromo-2-methylphenyl)pyrrolidin-2-one,0.20330160000000003 milligram,0.8 micromole,0.20330160000000008 microliter,C11H12BrNO,B1(OC(C(O1)(C)C)(C)C)C2=CC=C(C=C2)N,"4-(4,4,5,5-tetramethyl-1,3,2-dioxaborolan-2-yl)aniline",0.21032928 milligram,0.9600000000000001 micromole,0.21032928000000006 microliter,C12H18BNO2,O=C([O-])[O-].[Na+].[Na+],Na2CO3,0.635928 milligram,6.0 micromole,0.6359280000000002 microliter,CNa2O3,CN1C=NC2=C1C(=O)N(C(=O)N2C)C,caffeine,0.1553528 milligram,0.8 micromole,0.15535280000000004 microliter,C8H10N4O2,C1COCCO1,dioxane,32.445 milligram,368.2496084262139 micromole,31.5 microliter,C4H8O2,O,water,3.5 milligram,194.2825423258396 micromole,3.5 microliter,H2O,Cc1cc(-c2ccc(N)cc2)ccc1N1CCCC1=O,suzuki_product_0,0.0 milligram,0.0 micromole,0 microliter,C17H18N2O,Cc1ccccc1N1CCCC1=O,dehalogenation_0,0.0 milligram,0.0 micromole,0 microliter,C11H13NO,Nc1ccccc1,deborylation_0,0.0 milligram,0.0 micromole,0 microliter,C6H7N,CC1=C(N2CCCC2=O)C=CC(Br)=C1.B1(OC(C(O1)(C)C)(C)C)C2=CC=C(C=C2)N>>Cc1cc(-c2ccc(N)cc2)ccc1N1CCCC1=O.Cc1ccccc1N1CCCC1=O.Nc1ccccc1,001_RLN-NB-2443_007_N24,,,,,,,,,3/30/2023 6:20:23 AM,kat78-2-n24-a1_03_22_2023_336.raw,2min_150_1200.EXP,001_RLN-NB-2443_007_N24,KAT78-2-N24-A1_KAT78-2-N24-A1_KAT78-2-N24-A1,0,0,0,0,0,0,0,0,0,0,0,0,0,0,0,deborylation_0,0,0,0,0,0,197.84062930867745,24.754366014981493,4.951106160880766,195,0.7318,0,0,0,0,0,0,0,0,0,0,0,0,0,0,0,18.18537230706454,3.8013736977529056,0.7603105134408986,220,1.0968,0,0,0,0,0,0,0,0,0,0,0,0,0,0,0,89.42672603170976,11.845091240508198,2.3691297196454895,255.9,1.1868,178.45262459693592,26.805461881321158,5.3613446365599815,267.0,0.8868,0.0,0.0,0.0,0.0,0.0,0.0,0.0,0.0,0.0,0.0,0.0,0.0,0.0008662863549839516,108.28579437299395,0.0,0.0,0.0,0.0,0.0,0.0,0.0,0.0,0.00012285101369034591,15.356376711293237,0.0,0.0,0.0,0.0,0.0,0.0,0.0,0.0,0.0003828041076338446,47.85051345423057
336,O1,CS(=O)(=O)O[Pd]c1ccccc1-c2ccccc2N.COc3cccc(OC)c3-c4ccccc4P(C5CCCCC5)C6CCCCC6,SPhos Pd G3,0.12484415999999997 milligram,0.16000000000000003 micromole,0.12484416 microliter,C39H48NO5PPdS,BrC1=CC=CN2C=CN=C12,"8-bromoimidazo[1,2-a]pyridine",0.15762800000000002 milligram,0.8 micromole,0.15762800000000005 microliter,C7H5BrN2,B1(OC(C(O1)(C)C)(C)C)C2=CN=C(C=C2)C,"2-methyl-5-(4,4,5,5-tetramethyl-1,3,2-dioxaborolan-2-yl)pyridine",0.21032928 milligram,0.9600000000000001 micromole,0.21032928000000006 microliter,C12H18BNO2,O=C([O-])[O-].[Na+].[Na+],Na2CO3,0.635928 milligram,6.0 micromole,0.6359280000000002 microliter,CNa2O3,CN1C=NC2=C1C(=O)N(C(=O)N2C)C,caffeine,0.1553528 milligram,0.8 micromole,0.15535280000000004 microliter,C8H10N4O2,C1COCCO1,dioxane,32.445 milligram,368.2496084262139 micromole,31.5 microliter,C4H8O2,O,water,3.5 milligram,194.2825423258396 micromole,3.5 microliter,H2O,Cc1ccc(-c2cccn3ccnc23)cn1,suzuki_product_0,0.0 milligram,0.0 micromole,0 microliter,C13H11N3,c1ccn2ccnc2c1,dehalogenation_0,0.0 milligram,0.0 micromole,0 microliter,C7H6N2,Cc1ccccn1,deborylation_0,0.0 milligram,0.0 micromole,0 microliter,C6H7N,BrC1=CC=CN2C=CN=C12.B1(OC(C(O1)(C)C)(C)C)C2=CN=C(C=C2)C>>Cc1ccc(-c2cccn3ccnc23)cn1.c1ccn2ccnc2c1.Cc1ccccn1,001_RLN-NB-2443_007_O1,,,,,,,,,3/30/2023 6:22:50 AM,kat78-2-o1-a1_03_22_2023_337.raw,2min_150_1200.EXP,001_RLN-NB-2443_007_O1,KAT78-2-O1-A1_KAT78-2-O1-A1_KAT78-2-O1-A1,0,0,0,0,0,0,0,0,0,0,0,0,0,0,0,deborylation_0,0,0,0,0,0,173.61944111649558,46.80314304009309,4.394707533270237,195,0.7318,0,0,0,0,0,0,0,0,0,0,0,0,0,0,0,0,0,0,0,0,0,0,0,0,0,0,0,0,0,0,0,0,0,0,0,0,0,0,0,0,42.52601825054057,13.277858994011533,1.246760434372879,210.0,0.5884,0.0,0.0,0.0,0.0,0.0,0.0,0.0,0.0,0.0,0.0,0.0,0.0,0.00022695670643550222,28.369588304437777,0.0,0.0,0.0,0.0,0.0,0.0,0.0,0.0,0.0,0.0,0.0,0.0,0.0,0.0,0.0,0.0,0.0,0.0,0.0,0.0
337,O2,CS(=O)(=O)O[Pd]c1ccccc1-c2ccccc2N.COc3cccc(OC)c3-c4ccccc4P(C5CCCCC5)C6CCCCC6,SPhos Pd G3,0.12484415999999997 milligram,0.16000000000000003 micromole,0.12484416 microliter,C39H48NO5PPdS,BrC1=CC=CN2C=CN=C12,"8-bromoimidazo[1,2-a]pyridine",0.15762800000000002 milligram,0.8 micromole,0.15762800000000005 microliter,C7H5BrN2,B1(OC(C(O1)(C)C)(C)C)C2=CN(N=C2C)C,"1,3-dimethyl-4-(4,4,5,5-tetramethyl-1,3,2-dioxaborolan-2-yl)-1H-pyrazole",0.21321311999999998 milligram,0.9600000000000001 micromole,0.21321312000000003 microliter,C11H19BN2O2,O=C([O-])[O-].[Na+].[Na+],Na2CO3,0.635928 milligram,6.0 micromole,0.6359280000000002 microliter,CNa2O3,CN1C=NC2=C1C(=O)N(C(=O)N2C)C,caffeine,0.1553528 milligram,0.8 micromole,0.15535280000000004 microliter,C8H10N4O2,C1COCCO1,dioxane,32.445 milligram,368.2496084262139 micromole,31.5 microliter,C4H8O2,O,water,3.5 milligram,194.2825423258396 micromole,3.5 microliter,H2O,Cc1nn(C)cc1-c1cccn2ccnc12,suzuki_product_0,0.0 milligram,0.0 micromole,0 microliter,C12H12N4,c1ccn2ccnc2c1,dehalogenation_0,0.0 milligram,0.0 micromole,0 microliter,C7H6N2,Cc1ccn(C)n1,deborylation_0,0.0 milligram,0.0 micromole,0 microliter,C5H8N2,BrC1=CC=CN2C=CN=C12.B1(OC(C(O1)(C)C)(C)C)C2=CN(N=C2C)C>>Cc1nn(C)cc1-c1cccn2ccnc12.c1ccn2ccnc2c1.Cc1ccn(C)n1,001_RLN-NB-2443_007_O2,,,,,,,,,3/30/2023 6:25:17 AM,kat78-2-o2-a1_03_22_2023_338.raw,2min_150_1200.EXP,001_RLN-NB-2443_007_O2,KAT78-2-O2-A1_KAT78-2-O2-A1_KAT78-2-O2-A1,0,0,0,0,0,0,0,0,0,0,0,0,0,0,0,deborylation_0,0,0,0,0,0,176.60097543703102,46.043234855372155,4.5594708704382905,195,0.7351,0,0,0,0,0,0,0,0,0,0,0,0,0,0,0,0,0,0,0,0,0,0,0,0,0,0,0,0,0,0,0,0,0,0,0,0,0,0,0,0,10.432935430426776,2.222357736312686,0.22007088325221388,213.0,0.6584,0.0,0.0,0.0,0.0,0.0,0.0,0.0,0.0,0.0,0.0,0.0,0.0,3.861340747744425e-05,4.826675934680531,0.0,0.0,0.0,0.0,0.0,0.0,0.0,0.0,0.0,0.0,0.0,0.0,0.0,0.0,0.0,0.0,0.0,0.0,0.0,0.0
338,O3,CS(=O)(=O)O[Pd]c1ccccc1-c2ccccc2N.COc3cccc(OC)c3-c4ccccc4P(C5CCCCC5)C6CCCCC6,SPhos Pd G3,0.12484415999999997 milligram,0.16000000000000003 micromole,0.12484416 microliter,C39H48NO5PPdS,BrC1=CC=CN2C=CN=C12,"8-bromoimidazo[1,2-a]pyridine",0.15762800000000002 milligram,0.8 micromole,0.15762800000000005 microliter,C7H5BrN2,B1(OC(C(O1)(C)C)(C)C)C2=CCN(CC2)C(=O)OC(C)(C)C,"N-Boc-1,2,5,6-tetrahydropyridine-4-boronic acid pinacol ester",0.29684640000000007 milligram,0.9600000000000001 micromole,0.2968464000000001 microliter,C16H28BNO4,O=C([O-])[O-].[Na+].[Na+],Na2CO3,0.635928 milligram,6.0 micromole,0.6359280000000002 microliter,CNa2O3,CN1C=NC2=C1C(=O)N(C(=O)N2C)C,caffeine,0.1553528 milligram,0.8 micromole,0.15535280000000004 microliter,C8H10N4O2,C1COCCO1,dioxane,32.445 milligram,368.2496084262139 micromole,31.5 microliter,C4H8O2,O,water,3.5 milligram,194.2825423258396 micromole,3.5 microliter,H2O,CC(C)(C)OC(=O)N1CC=C(c2cccn3ccnc23)CC1,suzuki_product_0,0.0 milligram,0.0 micromole,0 microliter,C17H21N3O2,c1ccn2ccnc2c1,dehalogenation_0,0.0 milligram,0.0 micromole,0 microliter,C7H6N2,CC(C)(C)OC(=O)N1CC=CCC1,deborylation_0,0.0 milligram,0.0 micromole,0 microliter,C10H17NO2,BrC1=CC=CN2C=CN=C12.B1(OC(C(O1)(C)C)(C)C)C2=CCN(CC2)C(=O)OC(C)(C)C>>CC(C)(C)OC(=O)N1CC=C(c2cccn3ccnc23)CC1.c1ccn2ccnc2c1.CC(C)(C)OC(=O)N1CC=CCC1,001_RLN-NB-2443_007_O3,,,,,,,,,3/30/2023 6:27:44 AM,kat78-2-o3-a1_03_22_2023_339.raw,2min_150_1200.EXP,001_RLN-NB-2443_007_O3,KAT78-2-O3-A1_KAT78-2-O3-A1_KAT78-2-O3-A1,0,0,0,0,0,0,0,0,0,0,0,0,0,0,0,deborylation_0,0,0,0,0,0,181.39508170718207,16.726215254808814,4.470692096287068,194.9,0.7334,0,0,0,0,0,0,0,0,0,0,0,0,0,0,0,0,0,0,0,0,0,0,0,0,0,0,0,0,0,0,0,0,0,0,0,0,0,0,0,0,196.33842399552552,23.311433264867844,6.230832191425086,300.0,0.8701,0.0,0.0,0.0,0.0,0.0,0.0,0.0,0.0,0.0,0.0,0.0,0.0,0.0011149651207874188,139.37064009842734,0.0,0.0,0.0,0.0,0.0,0.0,0.0,0.0,0.0,0.0,0.0,0.0,0.0,0.0,0.0,0.0,0.0,0.0,0.0,0.0
339,O4,CS(=O)(=O)O[Pd]c1ccccc1-c2ccccc2N.COc3cccc(OC)c3-c4ccccc4P(C5CCCCC5)C6CCCCC6,SPhos Pd G3,0.12484415999999997 milligram,0.16000000000000003 micromole,0.12484416 microliter,C39H48NO5PPdS,BrC1=CC=CN2C=CN=C12,"8-bromoimidazo[1,2-a]pyridine",0.15762800000000002 milligram,0.8 micromole,0.15762800000000005 microliter,C7H5BrN2,B1(OC(C(O1)(C)C)(C)C)C2=CCN(CC2)C(=O)OC(C)(C)C,"N-Boc-1,2,5,6-tetrahydropyridine-4-boronic acid pinacol ester",0.29684640000000007 milligram,0.9600000000000001 micromole,0.2968464000000001 microliter,C16H28BNO4,O=C([O-])[O-].[Na+].[Na+],Na2CO3,0.635928 milligram,6.0 micromole,0.6359280000000002 microliter,CNa2O3,CN1C=NC2=C1C(=O)N(C(=O)N2C)C,caffeine,0.1553528 milligram,0.8 micromole,0.15535280000000004 microliter,C8H10N4O2,C1COCCO1,dioxane,32.445 milligram,368.2496084262139 micromole,31.5 microliter,C4H8O2,O,water,3.5 milligram,194.2825423258396 micromole,3.5 microliter,H2O,CC(C)(C)OC(=O)N1CC=C(c2cccn3ccnc23)CC1,suzuki_product_0,0.0 milligram,0.0 micromole,0 microliter,C17H21N3O2,c1ccn2ccnc2c1,dehalogenation_0,0.0 milligram,0.0 micromole,0 microliter,C7H6N2,CC(C)(C)OC(=O)N1CC=CCC1,deborylation_0,0.0 milligram,0.0 micromole,0 microliter,C10H17NO2,BrC1=CC=CN2C=CN=C12.B1(OC(C(O1)(C)C)(C)C)C2=CCN(CC2)C(=O)OC(C)(C)C>>CC(C)(C)OC(=O)N1CC=C(c2cccn3ccnc23)CC1.c1ccn2ccnc2c1.CC(C)(C)OC(=O)N1CC=CCC1,001_RLN-NB-2443_007_O4,,,,,,,,,3/30/2023 6:30:11 AM,kat78-2-o4-a1_03_22_2023_340.raw,2min_150_1200.EXP,001_RLN-NB-2443_007_O4,KAT78-2-O4-A1_KAT78-2-O4-A1_KAT78-2-O4-A1,0,0,0,0,0,0,0,0,0,0,0,0,0,0,0,deborylation_0,0,0,0,0,0,179.89194055684646,18.26331519763692,4.531751718173153,195,0.7351,0,0,0,0,0,0,0,0,0,0,0,0,0,0,0,0,0,0,0,0,0,0,0,0,0,0,0,0,0,0,0,0,0,0,0,0,0,0,0,0,197.27590245629239,25.28685207594799,6.274530888959026,299.9,0.8684,0.0,0.0,0.0,0.0,0.0,0.0,0.0,0.0,0.0,0.0,0.0,0.0,0.001107656602421004,138.4570753026255,0.0,0.0,0.0,0.0,0.0,0.0,0.0,0.0,0.0,0.0,0.0,0.0,0.0,0.0,0.0,0.0,0.0,0.0,0.0,0.0
340,O5,CS(=O)(=O)O[Pd]c1ccccc1-c2ccccc2N.COc3cccc(OC)c3-c4ccccc4P(C5CCCCC5)C6CCCCC6,SPhos Pd G3,0.12484415999999997 milligram,0.16000000000000003 micromole,0.12484416 microliter,C39H48NO5PPdS,BrC1=CC=CN2C=CN=C12,"8-bromoimidazo[1,2-a]pyridine",0.15762800000000002 milligram,0.8 micromole,0.15762800000000005 microliter,C7H5BrN2,B1(OC(C(O1)(C)C)(C)C)C2=CC=C(C=C2)N,"4-(4,4,5,5-tetramethyl-1,3,2-dioxaborolan-2-yl)aniline",0.21032928 milligram,0.9600000000000001 micromole,0.21032928000000006 microliter,C12H18BNO2,O=C([O-])[O-].[Na+].[Na+],Na2CO3,0.635928 milligram,6.0 micromole,0.6359280000000002 microliter,CNa2O3,CN1C=NC2=C1C(=O)N(C(=O)N2C)C,caffeine,0.1553528 milligram,0.8 micromole,0.15535280000000004 microliter,C8H10N4O2,C1COCCO1,dioxane,32.445 milligram,368.2496084262139 micromole,31.5 microliter,C4H8O2,O,water,3.5 milligram,194.2825423258396 micromole,3.5 microliter,H2O,Nc1ccc(-c2cccn3ccnc23)cc1,suzuki_product_0,0.0 milligram,0.0 micromole,0 microliter,C13H11N3,c1ccn2ccnc2c1,dehalogenation_0,0.0 milligram,0.0 micromole,0 microliter,C7H6N2,Nc1ccccc1,deborylation_0,0.0 milligram,0.0 micromole,0 microliter,C6H7N,BrC1=CC=CN2C=CN=C12.B1(OC(C(O1)(C)C)(C)C)C2=CC=C(C=C2)N>>Nc1ccc(-c2cccn3ccnc23)cc1.c1ccn2ccnc2c1.Nc1ccccc1,001_RLN-NB-2443_007_O5,,,,,,,,,3/30/2023 6:32:37 AM,kat78-2-o5-a1_03_22_2023_341.raw,2min_150_1200.EXP,001_RLN-NB-2443_007_O5,KAT78-2-O5-A1_KAT78-2-O5-A1_KAT78-2-O5-A1,0,0,0,0,0,0,0,0,0,0,0,0,0,0,0,deborylation_0,0,0,0,0,0,177.33515512640167,37.40011463660284,4.370309072243436,195,0.7334,0,0,0,0,0,0,0,0,0,0,0,0,0,0,0,15.247514289240183,4.1788965435277765,0.4883158689110656,220,1.0984,0,0,0,0,0,0,0,0,0,0,0,0,0,0,0,0,0,0,0,0,56.74339263400381,13.371752186031285,1.5625270258720172,210.1,0.6351,0.0,0.0,0.0,0.0,0.0,0.0,0.0,0.0,0.0,0.0,0.0,0.0,0.0002860259080156848,35.7532385019606,0.0,0.0,0.0,0.0,0.0,0.0,0.0,0.0,8.938788737161707e-05,11.173485921452132,0.0,0.0,0.0,0.0,0.0,0.0,0.0,0.0,0.0,0.0
341,O6,CS(=O)(=O)O[Pd]c1ccccc1-c2ccccc2N.COc3cccc(OC)c3-c4ccccc4P(C5CCCCC5)C6CCCCC6,SPhos Pd G3,0.12484415999999997 milligram,0.16000000000000003 micromole,0.12484416 microliter,C39H48NO5PPdS,BrC1=CC=CN2C=CN=C12,"8-bromoimidazo[1,2-a]pyridine",0.15762800000000002 milligram,0.8 micromole,0.15762800000000005 microliter,C7H5BrN2,B1(OC(C(O1)(C)C)(C)C)C2=CC=C(C=C2)N,"4-(4,4,5,5-tetramethyl-1,3,2-dioxaborolan-2-yl)aniline",0.21032928 milligram,0.9600000000000001 micromole,0.21032928000000006 microliter,C12H18BNO2,O=C([O-])[O-].[Na+].[Na+],Na2CO3,0.635928 milligram,6.0 micromole,0.6359280000000002 microliter,CNa2O3,CN1C=NC2=C1C(=O)N(C(=O)N2C)C,caffeine,0.1553528 milligram,0.8 micromole,0.15535280000000004 microliter,C8H10N4O2,C1COCCO1,dioxane,32.445 milligram,368.2496084262139 micromole,31.5 microliter,C4H8O2,O,water,3.5 milligram,194.2825423258396 micromole,3.5 microliter,H2O,Nc1ccc(-c2cccn3ccnc23)cc1,suzuki_product_0,0.0 milligram,0.0 micromole,0 microliter,C13H11N3,c1ccn2ccnc2c1,dehalogenation_0,0.0 milligram,0.0 micromole,0 microliter,C7H6N2,Nc1ccccc1,deborylation_0,0.0 milligram,0.0 micromole,0 microliter,C6H7N,BrC1=CC=CN2C=CN=C12.B1(OC(C(O1)(C)C)(C)C)C2=CC=C(C=C2)N>>Nc1ccc(-c2cccn3ccnc23)cc1.c1ccn2ccnc2c1.Nc1ccccc1,001_RLN-NB-2443_007_O6,,,,,,,,,3/30/2023 6:35:03 AM,kat78-2-o6-a1_03_22_2023_342.raw,2min_150_1200.EXP,001_RLN-NB-2443_007_O6,KAT78-2-O6-A1_KAT78-2-O6-A1_KAT78-2-O6-A1,0,0,0,0,0,0,0,0,0,0,0,0,0,0,0,deborylation_0,0,0,0,0,0,169.99539058901965,32.63426211482688,4.214049785896234,195,0.7334,0,0,0,0,0,0,0,0,0,0,0,0,0,0,0,0,0,0,0,0,0,0,0,0,0,0,0,0,0,0,0,0,0,0,0,0,0,0,0,0,54.54127720730184,11.853321052037593,1.5306148141405072,210.0,0.6351,0.0,0.0,0.0,0.0,0.0,0.0,0.0,0.0,0.0,0.0,0.0,0.0,0.0002905736556342046,36.32170695427558,0.0,0.0,0.0,0.0,0.0,0.0,0.0,0.0,0.0,0.0,0.0,0.0,0.0,0.0,0.0,0.0,0.0,0.0,0.0,0.0
342,O7,CS(=O)(=O)O[Pd]c1ccccc1-c2ccccc2N.COc3cccc(OC)c3-c4ccccc4P(C5CCCCC5)C6CCCCC6,SPhos Pd G3,0.12484415999999997 milligram,0.16000000000000003 micromole,0.12484416 microliter,C39H48NO5PPdS,CC1=CC(C=O)=C(C)N1C2=CC(Cl)=CC(Cl)=C2,"1-(3,5-dichlorophenyl)-2,5-dimethyl-1H-pyrrole-3-carbaldehyde",0.2145144 milligram,0.8 micromole,0.21451440000000005 microliter,C13H11Cl2NO,B1(OC(C(O1)(C)C)(C)C)C2=CN=C(C=C2)C,"2-methyl-5-(4,4,5,5-tetramethyl-1,3,2-dioxaborolan-2-yl)pyridine",0.21032928 milligram,0.9600000000000001 micromole,0.21032928000000006 microliter,C12H18BNO2,O=C([O-])[O-].[Na+].[Na+],Na2CO3,0.635928 milligram,6.0 micromole,0.6359280000000002 microliter,CNa2O3,CN1C=NC2=C1C(=O)N(C(=O)N2C)C,caffeine,0.1553528 milligram,0.8 micromole,0.15535280000000004 microliter,C8H10N4O2,C1COCCO1,dioxane,32.445 milligram,368.2496084262139 micromole,31.5 microliter,C4H8O2,O,water,3.5 milligram,194.2825423258396 micromole,3.5 microliter,H2O,Cc1ccc(-c2cc(Cl)cc(-n3c(C)cc(C=O)c3C)c2)cn1,suzuki_product_0,0.0 milligram,0.0 micromole,0 microliter,C19H17ClN2O,Cc1ccc(-c2cc(-c3ccc(C)nc3)cc(-n3c(C)cc(C=O)c3C)c2)cn1,bis_addition_1,0.0 milligram,0.0 micromole,0 microliter,C25H23N3O,Cc1cc(C=O)c(C)n1-c1cccc(Cl)c1,dehalogenation_0,0.0 milligram,0.0 micromole,0 microliter,C13H12ClNO,CC1=CC(C=O)=C(C)N1C2=CC(Cl)=CC(Cl)=C2.B1(OC(C(O1)(C)C)(C)C)C2=CN=C(C=C2)C>>Cc1ccc(-c2cc(Cl)cc(-n3c(C)cc(C=O)c3C)c2)cn1.Cc1ccc(-c2cc(-c3ccc(C)nc3)cc(-n3c(C)cc(C=O)c3C)c2)cn1.Cc1cc(C=O)c(C)n1-c1cccc(Cl)c1.Cc1ccccn1,001_RLN-NB-2443_007_O7,,,Cc1ccccn1,deborylation_0,0.0 milligram,0.0 micromole,0 microliter,C6H7N,3/30/2023 6:37:29 AM,kat78-2-o7-a1_03_22_2023_343.raw,2min_150_1200.EXP,001_RLN-NB-2443_007_O7,KAT78-2-O7-A1_KAT78-2-O7-A1_KAT78-2-O7-A1,0,0,0,0,0,0,0,0,0,0,0,0,0,0,0,bis_addition_1,0,0,0,0,0,170.13677743869937,23.826130344868762,4.333239160698125,195,0.7334,0,0,0,0,0,0,0,0,0,0,0,0,0,0,0,0,0,0,0,0,73.90439372376099,9.952197857341895,1.8099982190241564,382.2,0.8084,0,0,0,0,0,0,0,0,0,0,0,0,0,0,0,203.21076554913117,31.596087763192326,5.7463550664157985,324.9,1.0368,0.0,0.0,0.0,0.0,0.0,142.83537440471187,17.97901334691485,3.2698286955499665,267.7,1.3251,0.0,0.0,0.0010608886061096168,132.61107576370208,0.0,0.0,0.0,0.0,0.0,0.0,0.0,0.0,0.0,0.0,0.0006036738013829206,75.45922517286508,0.00033416077938934696,41.77009742366837,0.0,0.0,0.0,0.0,0.0,0.0
343,O8,CS(=O)(=O)O[Pd]c1ccccc1-c2ccccc2N.COc3cccc(OC)c3-c4ccccc4P(C5CCCCC5)C6CCCCC6,SPhos Pd G3,0.12484415999999997 milligram,0.16000000000000003 micromole,0.12484416 microliter,C39H48NO5PPdS,CC1=CC(C=O)=C(C)N1C2=CC(Cl)=CC(Cl)=C2,"1-(3,5-dichlorophenyl)-2,5-dimethyl-1H-pyrrole-3-carbaldehyde",0.2145144 milligram,0.8 micromole,0.21451440000000005 microliter,C13H11Cl2NO,B1(OC(C(O1)(C)C)(C)C)C2=CN(N=C2C)C,"1,3-dimethyl-4-(4,4,5,5-tetramethyl-1,3,2-dioxaborolan-2-yl)-1H-pyrazole",0.21321311999999998 milligram,0.9600000000000001 micromole,0.21321312000000003 microliter,C11H19BN2O2,O=C([O-])[O-].[Na+].[Na+],Na2CO3,0.635928 milligram,6.0 micromole,0.6359280000000002 microliter,CNa2O3,CN1C=NC2=C1C(=O)N(C(=O)N2C)C,caffeine,0.1553528 milligram,0.8 micromole,0.15535280000000004 microliter,C8H10N4O2,C1COCCO1,dioxane,32.445 milligram,368.2496084262139 micromole,31.5 microliter,C4H8O2,O,water,3.5 milligram,194.2825423258396 micromole,3.5 microliter,H2O,Cc1nn(C)cc1-c1cc(Cl)cc(-n2c(C)cc(C=O)c2C)c1,suzuki_product_0,0.0 milligram,0.0 micromole,0 microliter,C18H18ClN3O,Cc1nn(C)cc1-c1cc(-c2cn(C)nc2C)cc(-n2c(C)cc(C=O)c2C)c1,bis_addition_1,0.0 milligram,0.0 micromole,0 microliter,C23H25N5O,Cc1cc(C=O)c(C)n1-c1cccc(Cl)c1,dehalogenation_0,0.0 milligram,0.0 micromole,0 microliter,C13H12ClNO,CC1=CC(C=O)=C(C)N1C2=CC(Cl)=CC(Cl)=C2.B1(OC(C(O1)(C)C)(C)C)C2=CN(N=C2C)C>>Cc1nn(C)cc1-c1cc(Cl)cc(-n2c(C)cc(C=O)c2C)c1.Cc1nn(C)cc1-c1cc(-c2cn(C)nc2C)cc(-n2c(C)cc(C=O)c2C)c1.Cc1cc(C=O)c(C)n1-c1cccc(Cl)c1.Cc1ccn(C)n1,001_RLN-NB-2443_007_O8,,,Cc1ccn(C)n1,deborylation_0,0.0 milligram,0.0 micromole,0 microliter,C5H8N2,3/30/2023 6:39:56 AM,kat78-2-o8-a1_03_22_2023_344.raw,2min_150_1200.EXP,001_RLN-NB-2443_007_O8,KAT78-2-O8-A1_KAT78-2-O8-A1_KAT78-2-O8-A1,0,0,0,0,0,0,0,0,0,0,0,0,0,0,0,bis_addition_2,0,0,0,0,0,190.08465596213992,38.90464666758348,4.77089685408677,194.9,0.7334,0,0,0,0,0,0,0,0,0,0,0,0,0,0,0,0,0,0,0,0,0,0,0,0,0,0,0,0,0,0,0,0,0,0,0,0,0,0,0,0,0.0,0.0,0.0,0.0,0.0,0.0,0.0,0.0,0.0,0.0,191.4997762787216,35.78091528561542,4.387832066207301,267.9,1.3251,0.0,0.0,0.0,0.0,0.0,0.0,0.0,0.0,0.0,0.0,0.0,0.0,0.0,0.0,0.0007357664104515136,91.9708013064392,0.0,0.0,0.0,0.0,0.0,0.0,0.0,0.0
344,O9,CS(=O)(=O)O[Pd]c1ccccc1-c2ccccc2N.COc3cccc(OC)c3-c4ccccc4P(C5CCCCC5)C6CCCCC6,SPhos Pd G3,0.12484415999999997 milligram,0.16000000000000003 micromole,0.12484416 microliter,C39H48NO5PPdS,CC1=CC(C=O)=C(C)N1C2=CC(Cl)=CC(Cl)=C2,"1-(3,5-dichlorophenyl)-2,5-dimethyl-1H-pyrrole-3-carbaldehyde",0.2145144 milligram,0.8 micromole,0.21451440000000005 microliter,C13H11Cl2NO,B1(OC(C(O1)(C)C)(C)C)C2=CCN(CC2)C(=O)OC(C)(C)C,"N-Boc-1,2,5,6-tetrahydropyridine-4-boronic acid pinacol ester",0.29684640000000007 milligram,0.9600000000000001 micromole,0.2968464000000001 microliter,C16H28BNO4,O=C([O-])[O-].[Na+].[Na+],Na2CO3,0.635928 milligram,6.0 micromole,0.6359280000000002 microliter,CNa2O3,CN1C=NC2=C1C(=O)N(C(=O)N2C)C,caffeine,0.1553528 milligram,0.8 micromole,0.15535280000000004 microliter,C8H10N4O2,C1COCCO1,dioxane,32.445 milligram,368.2496084262139 micromole,31.5 microliter,C4H8O2,O,water,3.5 milligram,194.2825423258396 micromole,3.5 microliter,H2O,Cc1cc(C=O)c(C)n1-c1cc(Cl)cc(C2=CCN(C(=O)OC(C)(C)C)CC2)c1,suzuki_product_0,0.0 milligram,0.0 micromole,0 microliter,C23H27ClN2O3,Cc1cc(C=O)c(C)n1-c1cc(C2=CCN(C(=O)OC(C)(C)C)CC2)cc(C2=CCN(C(=O)OC(C)(C)C)CC2)c1,bis_addition_2,0.0 milligram,0.0 micromole,0 microliter,C33H43N3O5,Cc1cc(C=O)c(C)n1-c1cccc(Cl)c1,dehalogenation_0,0.0 milligram,0.0 micromole,0 microliter,C13H12ClNO,CC1=CC(C=O)=C(C)N1C2=CC(Cl)=CC(Cl)=C2.B1(OC(C(O1)(C)C)(C)C)C2=CCN(CC2)C(=O)OC(C)(C)C>>Cc1cc(C=O)c(C)n1-c1cc(Cl)cc(C2=CCN(C(=O)OC(C)(C)C)CC2)c1.Cc1cc(C=O)c(C)n1-c1cc(C2=CCN(C(=O)OC(C)(C)C)CC2)cc(C2=CCN(C(=O)OC(C)(C)C)CC2)c1.Cc1cc(C=O)c(C)n1-c1cccc(Cl)c1.CC(C)(C)OC(=O)N1CC=CCC1,001_RLN-NB-2443_007_O9,,,CC(C)(C)OC(=O)N1CC=CCC1,deborylation_0,0.0 milligram,0.0 micromole,0 microliter,C10H17NO2,3/30/2023 6:42:23 AM,kat78-2-o9-a1_03_22_2023_345.raw,2min_150_1200.EXP,001_RLN-NB-2443_007_O9,KAT78-2-O9-A1_KAT78-2-O9-A1_KAT78-2-O9-A1,0,0,0,0,0,0,0,0,0,0,0,0,0,0,0,bis_addition_1,0,0,0,0,0,170.65776448377179,36.02518476835249,4.38525165873793,195,0.7334,0,0,0,0,0,0,0,0,0,0,0,0,0,0,0,0,0,0,0,0,0,0,0,0,0,0,0,0,0,0,0,0,0,0,0,0,0,0,0,0,0.0,0.0,0.0,0.0,0.0,0.0,0.0,0.0,0.0,0.0,194.9136224298766,36.75778420517242,4.474429074930597,267.8,1.3251,0.0,0.0,0.0,0.0,0.0,0.0,0.0,0.0,0.0,0.0,0.0,0.0,0.0,0.0,0.0008162686063437156,102.03357579296444,0.0,0.0,0.0,0.0,0.0,0.0,0.0,0.0
345,O10,CS(=O)(=O)O[Pd]c1ccccc1-c2ccccc2N.COc3cccc(OC)c3-c4ccccc4P(C5CCCCC5)C6CCCCC6,SPhos Pd G3,0.12484415999999997 milligram,0.16000000000000003 micromole,0.12484416 microliter,C39H48NO5PPdS,CC1=CC(C=O)=C(C)N1C2=CC(Cl)=CC(Cl)=C2,"1-(3,5-dichlorophenyl)-2,5-dimethyl-1H-pyrrole-3-carbaldehyde",0.2145144 milligram,0.8 micromole,0.21451440000000005 microliter,C13H11Cl2NO,B1(OC(C(O1)(C)C)(C)C)C2=CCN(CC2)C(=O)OC(C)(C)C,"N-Boc-1,2,5,6-tetrahydropyridine-4-boronic acid pinacol ester",0.29684640000000007 milligram,0.9600000000000001 micromole,0.2968464000000001 microliter,C16H28BNO4,O=C([O-])[O-].[Na+].[Na+],Na2CO3,0.635928 milligram,6.0 micromole,0.6359280000000002 microliter,CNa2O3,CN1C=NC2=C1C(=O)N(C(=O)N2C)C,caffeine,0.1553528 milligram,0.8 micromole,0.15535280000000004 microliter,C8H10N4O2,C1COCCO1,dioxane,32.445 milligram,368.2496084262139 micromole,31.5 microliter,C4H8O2,O,water,3.5 milligram,194.2825423258396 micromole,3.5 microliter,H2O,Cc1cc(C=O)c(C)n1-c1cc(Cl)cc(C2=CCN(C(=O)OC(C)(C)C)CC2)c1,suzuki_product_0,0.0 milligram,0.0 micromole,0 microliter,C23H27ClN2O3,Cc1cc(C=O)c(C)n1-c1cc(C2=CCN(C(=O)OC(C)(C)C)CC2)cc(C2=CCN(C(=O)OC(C)(C)C)CC2)c1,bis_addition_2,0.0 milligram,0.0 micromole,0 microliter,C33H43N3O5,Cc1cc(C=O)c(C)n1-c1cccc(Cl)c1,dehalogenation_0,0.0 milligram,0.0 micromole,0 microliter,C13H12ClNO,CC1=CC(C=O)=C(C)N1C2=CC(Cl)=CC(Cl)=C2.B1(OC(C(O1)(C)C)(C)C)C2=CCN(CC2)C(=O)OC(C)(C)C>>Cc1cc(C=O)c(C)n1-c1cc(Cl)cc(C2=CCN(C(=O)OC(C)(C)C)CC2)c1.Cc1cc(C=O)c(C)n1-c1cc(C2=CCN(C(=O)OC(C)(C)C)CC2)cc(C2=CCN(C(=O)OC(C)(C)C)CC2)c1.Cc1cc(C=O)c(C)n1-c1cccc(Cl)c1.CC(C)(C)OC(=O)N1CC=CCC1,001_RLN-NB-2443_007_O10,,,CC(C)(C)OC(=O)N1CC=CCC1,deborylation_0,0.0 milligram,0.0 micromole,0 microliter,C10H17NO2,3/30/2023 6:44:50 AM,kat78-2-o10-a1_03_22_2023_346.raw,2min_150_1200.EXP,001_RLN-NB-2443_007_O10,KAT78-2-O10-A1_KAT78-2-O10-A1_KAT78-2-O10-A1,0,0,0,0,0,0,0,0,0,0,0,0,0,0,0,bis_addition_1,0,0,0,0,0,171.0377938401742,37.09020291461147,4.442243675206077,195,0.7334,0,0,0,0,0,0,0,0,0,0,0,0,0,0,0,0,0,0,0,0,0,0,0,0,0,0,0,0,0,0,0,0,0,0,0,0,0,0,0,0,0.0,0.0,0.0,0.0,0.0,0.0,0.0,0.0,0.0,0.0,184.50667953440086,32.781290401165414,3.926171023785465,267.9,1.3251,0.0,0.0,0.0,0.0,0.0,0.0,0.0,0.0,0.0,0.0,0.0,0.0,0.0,0.0,0.0007070609018049112,88.38261272561388,0.0,0.0,0.0,0.0,0.0,0.0,0.0,0.0
346,O11,CS(=O)(=O)O[Pd]c1ccccc1-c2ccccc2N.COc3cccc(OC)c3-c4ccccc4P(C5CCCCC5)C6CCCCC6,SPhos Pd G3,0.12484415999999997 milligram,0.16000000000000003 micromole,0.12484416 microliter,C39H48NO5PPdS,CC1=CC(C=O)=C(C)N1C2=CC(Cl)=CC(Cl)=C2,"1-(3,5-dichlorophenyl)-2,5-dimethyl-1H-pyrrole-3-carbaldehyde",0.2145144 milligram,0.8 micromole,0.21451440000000005 microliter,C13H11Cl2NO,B1(OC(C(O1)(C)C)(C)C)C2=CC=C(C=C2)N,"4-(4,4,5,5-tetramethyl-1,3,2-dioxaborolan-2-yl)aniline",0.21032928 milligram,0.9600000000000001 micromole,0.21032928000000006 microliter,C12H18BNO2,O=C([O-])[O-].[Na+].[Na+],Na2CO3,0.635928 milligram,6.0 micromole,0.6359280000000002 microliter,CNa2O3,CN1C=NC2=C1C(=O)N(C(=O)N2C)C,caffeine,0.1553528 milligram,0.8 micromole,0.15535280000000004 microliter,C8H10N4O2,C1COCCO1,dioxane,32.445 milligram,368.2496084262139 micromole,31.5 microliter,C4H8O2,O,water,3.5 milligram,194.2825423258396 micromole,3.5 microliter,H2O,Cc1cc(C=O)c(C)n1-c1cc(Cl)cc(-c2ccc(N)cc2)c1,suzuki_product_0,0.0 milligram,0.0 micromole,0 microliter,C19H17ClN2O,Cc1cc(C=O)c(C)n1-c1cc(-c2ccc(N)cc2)cc(-c2ccc(N)cc2)c1,bis_addition_1,0.0 milligram,0.0 micromole,0 microliter,C25H23N3O,Cc1cc(C=O)c(C)n1-c1cccc(Cl)c1,dehalogenation_0,0.0 milligram,0.0 micromole,0 microliter,C13H12ClNO,CC1=CC(C=O)=C(C)N1C2=CC(Cl)=CC(Cl)=C2.B1(OC(C(O1)(C)C)(C)C)C2=CC=C(C=C2)N>>Cc1cc(C=O)c(C)n1-c1cc(Cl)cc(-c2ccc(N)cc2)c1.Cc1cc(C=O)c(C)n1-c1cc(-c2ccc(N)cc2)cc(-c2ccc(N)cc2)c1.Cc1cc(C=O)c(C)n1-c1cccc(Cl)c1.Nc1ccccc1,001_RLN-NB-2443_007_O11,,,Nc1ccccc1,deborylation_0,0.0 milligram,0.0 micromole,0 microliter,C6H7N,3/30/2023 6:47:17 AM,kat78-2-o11-a1_03_22_2023_347.raw,2min_150_1200.EXP,001_RLN-NB-2443_007_O11,KAT78-2-O11-A1_KAT78-2-O11-A1_KAT78-2-O11-A1,0,0,0,0,0,0,0,0,0,0,0,0,0,0,0,bis_addition_1,0,0,0,0,0,180.77325680358274,27.611854388684055,4.5371056786843935,195,0.7334,0,0,0,0,0,54.10672579403972,11.68452841902524,1.9199702959622618,325,1.2318,0,0,0,0,0,0,0,0,0,0,0,0,0,0,0,0,0,0,0,0,0,0,0,0,0,0,0,0,0,0,54.10672579403972,11.68452841902524,1.9199702959622618,325.0,1.2318,0.0,0.0,0.0,0.0,0.0,177.8456049499589,29.75905371943818,4.889927699969006,267.9,1.3268,0.0,0.0,0.0003385365793849418,42.31707242311772,0.0003385365793849418,42.31707242311772,0.0,0.0,0.0,0.0,0.0,0.0,0.0,0.0,0.0008622109417362161,107.77636771702701,0.0,0.0,0.0,0.0,0.0,0.0,0.0,0.0
347,O12,CS(=O)(=O)O[Pd]c1ccccc1-c2ccccc2N.COc3cccc(OC)c3-c4ccccc4P(C5CCCCC5)C6CCCCC6,SPhos Pd G3,0.12484415999999997 milligram,0.16000000000000003 micromole,0.12484416 microliter,C39H48NO5PPdS,CC1=CC(C=O)=C(C)N1C2=CC(Cl)=CC(Cl)=C2,"1-(3,5-dichlorophenyl)-2,5-dimethyl-1H-pyrrole-3-carbaldehyde",0.2145144 milligram,0.8 micromole,0.21451440000000005 microliter,C13H11Cl2NO,B1(OC(C(O1)(C)C)(C)C)C2=CC=C(C=C2)N,"4-(4,4,5,5-tetramethyl-1,3,2-dioxaborolan-2-yl)aniline",0.21032928 milligram,0.9600000000000001 micromole,0.21032928000000006 microliter,C12H18BNO2,O=C([O-])[O-].[Na+].[Na+],Na2CO3,0.635928 milligram,6.0 micromole,0.6359280000000002 microliter,CNa2O3,CN1C=NC2=C1C(=O)N(C(=O)N2C)C,caffeine,0.1553528 milligram,0.8 micromole,0.15535280000000004 microliter,C8H10N4O2,C1COCCO1,dioxane,32.445 milligram,368.2496084262139 micromole,31.5 microliter,C4H8O2,O,water,3.5 milligram,194.2825423258396 micromole,3.5 microliter,H2O,Cc1cc(C=O)c(C)n1-c1cc(Cl)cc(-c2ccc(N)cc2)c1,suzuki_product_0,0.0 milligram,0.0 micromole,0 microliter,C19H17ClN2O,Cc1cc(C=O)c(C)n1-c1cc(-c2ccc(N)cc2)cc(-c2ccc(N)cc2)c1,bis_addition_1,0.0 milligram,0.0 micromole,0 microliter,C25H23N3O,Cc1cc(C=O)c(C)n1-c1cccc(Cl)c1,dehalogenation_0,0.0 milligram,0.0 micromole,0 microliter,C13H12ClNO,CC1=CC(C=O)=C(C)N1C2=CC(Cl)=CC(Cl)=C2.B1(OC(C(O1)(C)C)(C)C)C2=CC=C(C=C2)N>>Cc1cc(C=O)c(C)n1-c1cc(Cl)cc(-c2ccc(N)cc2)c1.Cc1cc(C=O)c(C)n1-c1cc(-c2ccc(N)cc2)cc(-c2ccc(N)cc2)c1.Cc1cc(C=O)c(C)n1-c1cccc(Cl)c1.Nc1ccccc1,001_RLN-NB-2443_007_O12,,,Nc1ccccc1,deborylation_0,0.0 milligram,0.0 micromole,0 microliter,C6H7N,3/30/2023 6:49:43 AM,kat78-2-o12-a1_03_22_2023_348.raw,2min_150_1200.EXP,001_RLN-NB-2443_007_O12,KAT78-2-O12-A1_KAT78-2-O12-A1_KAT78-2-O12-A1,0,0,0,0,0,0,0,0,0,0,0,0,0,0,0,bis_addition_1,0,0,0,0,0,173.32989341112284,26.06480787246334,4.415239304162819,195,0.7334,0,0,0,0,0,71.19784958657391,14.742178735306835,2.4972463752508944,325,1.2318,0,0,0,0,0,0,0,0,0,0,0,0,0,0,0,0,0,0,0,0,0,0,0,0,0,0,0,0,0,0,71.19784958657391,14.742178735306835,2.4972463752508944,325.0,1.2318,0.0,0.0,0.0,0.0,0.0,179.91107712829788,29.10761479952898,4.930674553296286,267.8,1.3268,0.0,0.0,0.0004524776490182838,56.559706127285466,0.0004524776490182838,56.559706127285466,0.0,0.0,0.0,0.0,0.0,0.0,0.0,0.0,0.0008933920385511153,111.6740048188894,0.0,0.0,0.0,0.0,0.0,0.0,0.0,0.0
348,O13,CS(=O)(=O)O[Pd]c1ccccc1-c2ccccc2N.COc3cccc(OC)c3-c4ccccc4P(C5CCCCC5)C6CCCCC6,SPhos Pd G3,0.12484415999999997 milligram,0.16000000000000003 micromole,0.12484416 microliter,C39H48NO5PPdS,COC1=C(N)C(Cl)=NC=N1,4-chloro-6-methoxypyrimidin-5-amine,0.12766080000000002 milligram,0.8 micromole,0.12766080000000005 microliter,C5H6ClN3O,B1(OC(C(O1)(C)C)(C)C)C2=CN=C(C=C2)C,"2-methyl-5-(4,4,5,5-tetramethyl-1,3,2-dioxaborolan-2-yl)pyridine",0.21032928 milligram,0.9600000000000001 micromole,0.21032928000000006 microliter,C12H18BNO2,O=C([O-])[O-].[Na+].[Na+],Na2CO3,0.635928 milligram,6.0 micromole,0.6359280000000002 microliter,CNa2O3,CN1C=NC2=C1C(=O)N(C(=O)N2C)C,caffeine,0.1553528 milligram,0.8 micromole,0.15535280000000004 microliter,C8H10N4O2,C1COCCO1,dioxane,32.445 milligram,368.2496084262139 micromole,31.5 microliter,C4H8O2,O,water,3.5 milligram,194.2825423258396 micromole,3.5 microliter,H2O,COc1ncnc(-c2ccc(C)nc2)c1N,suzuki_product_0,0.0 milligram,0.0 micromole,0 microliter,C11H12N4O,COc1ncncc1N,dehalogenation_0,0.0 milligram,0.0 micromole,0 microliter,C5H7N3O,Cc1ccccn1,deborylation_0,0.0 milligram,0.0 micromole,0 microliter,C6H7N,COC1=C(N)C(Cl)=NC=N1.B1(OC(C(O1)(C)C)(C)C)C2=CN=C(C=C2)C>>COc1ncnc(-c2ccc(C)nc2)c1N.COc1ncncc1N.Cc1ccccn1,001_RLN-NB-2443_007_O13,,,,,,,,,3/30/2023 6:52:10 AM,kat78-2-o13-a1_03_22_2023_349.raw,2min_150_1200.EXP,001_RLN-NB-2443_007_O13,KAT78-2-O13-A1_KAT78-2-O13-A1_KAT78-2-O13-A1,0,0,0,0,0,0,0,0,0,0,0,0,0,0,0,deborylation_0,0,0,0,0,0,174.2290533091228,51.67346705845901,4.522319983446176,194.9,0.7318,0,0,0,0,0,0,0,0,0,0,0,0,0,0,0,0,0,0,0,0,0,0,0,0,0,0,0,0,0,0,0,0,0,0,0,0,0,0,0,0,0.0,0.0,0.0,0.0,0.0,0.0,0.0,0.0,0.0,0.0,0.0,0.0,0.0,0.0,0.0,0.0,0.0,0.0,0.0,0.0,0.0,0.0,0.0,0.0,0.0,0.0,0.0,0.0,0.0,0.0,0.0,0.0,0.0,0.0,0.0,0.0,0.0,0.0,0.0
349,O14,CS(=O)(=O)O[Pd]c1ccccc1-c2ccccc2N.COc3cccc(OC)c3-c4ccccc4P(C5CCCCC5)C6CCCCC6,SPhos Pd G3,0.12484415999999997 milligram,0.16000000000000003 micromole,0.12484416 microliter,C39H48NO5PPdS,COC1=C(N)C(Cl)=NC=N1,4-chloro-6-methoxypyrimidin-5-amine,0.12766080000000002 milligram,0.8 micromole,0.12766080000000005 microliter,C5H6ClN3O,B1(OC(C(O1)(C)C)(C)C)C2=CN(N=C2C)C,"1,3-dimethyl-4-(4,4,5,5-tetramethyl-1,3,2-dioxaborolan-2-yl)-1H-pyrazole",0.21321311999999998 milligram,0.9600000000000001 micromole,0.21321312000000003 microliter,C11H19BN2O2,O=C([O-])[O-].[Na+].[Na+],Na2CO3,0.635928 milligram,6.0 micromole,0.6359280000000002 microliter,CNa2O3,CN1C=NC2=C1C(=O)N(C(=O)N2C)C,caffeine,0.1553528 milligram,0.8 micromole,0.15535280000000004 microliter,C8H10N4O2,C1COCCO1,dioxane,32.445 milligram,368.2496084262139 micromole,31.5 microliter,C4H8O2,O,water,3.5 milligram,194.2825423258396 micromole,3.5 microliter,H2O,COc1ncnc(-c2cn(C)nc2C)c1N,suzuki_product_0,0.0 milligram,0.0 micromole,0 microliter,C10H13N5O,COc1ncncc1N,dehalogenation_0,0.0 milligram,0.0 micromole,0 microliter,C5H7N3O,Cc1ccn(C)n1,deborylation_0,0.0 milligram,0.0 micromole,0 microliter,C5H8N2,COC1=C(N)C(Cl)=NC=N1.B1(OC(C(O1)(C)C)(C)C)C2=CN(N=C2C)C>>COc1ncnc(-c2cn(C)nc2C)c1N.COc1ncncc1N.Cc1ccn(C)n1,001_RLN-NB-2443_007_O14,,,,,,,,,3/30/2023 6:54:37 AM,kat78-2-o14-a1_03_22_2023_350.raw,2min_150_1200.EXP,001_RLN-NB-2443_007_O14,KAT78-2-O14-A1_KAT78-2-O14-A1_KAT78-2-O14-A1,0,0,0,0,0,0,0,0,0,0,0,0,0,0,0,deborylation_0,0,0,0,0,0,179.37041189227114,51.54776733454952,4.6482818786379205,195,0.7334,0,0,0,0,0,0,0,0,0,0,0,0,0,0,0,0,0,0,0,0,0,0,0,0,0,0,0,0,0,0,0,0,0,0,0,0,0,0,0,0,0.0,0.0,0.0,0.0,0.0,0.0,0.0,0.0,0.0,0.0,0.0,0.0,0.0,0.0,0.0,0.0,0.0,0.0,0.0,0.0,0.0,0.0,0.0,0.0,0.0,0.0,0.0,0.0,0.0,0.0,0.0,0.0,0.0,0.0,0.0,0.0,0.0,0.0,0.0
350,O15,CS(=O)(=O)O[Pd]c1ccccc1-c2ccccc2N.COc3cccc(OC)c3-c4ccccc4P(C5CCCCC5)C6CCCCC6,SPhos Pd G3,0.12484415999999997 milligram,0.16000000000000003 micromole,0.12484416 microliter,C39H48NO5PPdS,COC1=C(N)C(Cl)=NC=N1,4-chloro-6-methoxypyrimidin-5-amine,0.12766080000000002 milligram,0.8 micromole,0.12766080000000005 microliter,C5H6ClN3O,B1(OC(C(O1)(C)C)(C)C)C2=CCN(CC2)C(=O)OC(C)(C)C,"N-Boc-1,2,5,6-tetrahydropyridine-4-boronic acid pinacol ester",0.29684640000000007 milligram,0.9600000000000001 micromole,0.2968464000000001 microliter,C16H28BNO4,O=C([O-])[O-].[Na+].[Na+],Na2CO3,0.635928 milligram,6.0 micromole,0.6359280000000002 microliter,CNa2O3,CN1C=NC2=C1C(=O)N(C(=O)N2C)C,caffeine,0.1553528 milligram,0.8 micromole,0.15535280000000004 microliter,C8H10N4O2,C1COCCO1,dioxane,32.445 milligram,368.2496084262139 micromole,31.5 microliter,C4H8O2,O,water,3.5 milligram,194.2825423258396 micromole,3.5 microliter,H2O,COc1ncnc(C2=CCN(C(=O)OC(C)(C)C)CC2)c1N,suzuki_product_0,0.0 milligram,0.0 micromole,0 microliter,C15H22N4O3,COc1ncncc1N,dehalogenation_0,0.0 milligram,0.0 micromole,0 microliter,C5H7N3O,CC(C)(C)OC(=O)N1CC=CCC1,deborylation_0,0.0 milligram,0.0 micromole,0 microliter,C10H17NO2,COC1=C(N)C(Cl)=NC=N1.B1(OC(C(O1)(C)C)(C)C)C2=CCN(CC2)C(=O)OC(C)(C)C>>COc1ncnc(C2=CCN(C(=O)OC(C)(C)C)CC2)c1N.COc1ncncc1N.CC(C)(C)OC(=O)N1CC=CCC1,001_RLN-NB-2443_007_O15,,,,,,,,,3/30/2023 6:57:04 AM,kat78-2-o15-a1_03_22_2023_351.raw,2min_150_1200.EXP,001_RLN-NB-2443_007_O15,KAT78-2-O15-A1_KAT78-2-O15-A1_KAT78-2-O15-A1,0,0,0,0,0,0,0,0,0,0,0,0,0,0,0,deborylation_0,0,0,0,0,0,177.34927862397285,23.007200817903286,4.490395572201118,195,0.7351,0,0,0,0,0,0,0,0,0,0,0,0,0,0,0,0,0,0,0,0,0,0,0,0,0,0,0,0,0,0,0,0,0,0,0,0,0,0,0,0,118.36508186173836,18.814213691294295,3.6720356605959665,251.0,0.9984,0.0,0.0,0.0,0.0,0.0,0.0,0.0,0.0,0.0,0.0,0.0,0.0,0.0006542026156142846,81.77532695178556,0.0,0.0,0.0,0.0,0.0,0.0,0.0,0.0,0.0,0.0,0.0,0.0,0.0,0.0,0.0,0.0,0.0,0.0,0.0,0.0
351,O16,CS(=O)(=O)O[Pd]c1ccccc1-c2ccccc2N.COc3cccc(OC)c3-c4ccccc4P(C5CCCCC5)C6CCCCC6,SPhos Pd G3,0.12484415999999997 milligram,0.16000000000000003 micromole,0.12484416 microliter,C39H48NO5PPdS,COC1=C(N)C(Cl)=NC=N1,4-chloro-6-methoxypyrimidin-5-amine,0.12766080000000002 milligram,0.8 micromole,0.12766080000000005 microliter,C5H6ClN3O,B1(OC(C(O1)(C)C)(C)C)C2=CCN(CC2)C(=O)OC(C)(C)C,"N-Boc-1,2,5,6-tetrahydropyridine-4-boronic acid pinacol ester",0.29684640000000007 milligram,0.9600000000000001 micromole,0.2968464000000001 microliter,C16H28BNO4,O=C([O-])[O-].[Na+].[Na+],Na2CO3,0.635928 milligram,6.0 micromole,0.6359280000000002 microliter,CNa2O3,CN1C=NC2=C1C(=O)N(C(=O)N2C)C,caffeine,0.1553528 milligram,0.8 micromole,0.15535280000000004 microliter,C8H10N4O2,C1COCCO1,dioxane,32.445 milligram,368.2496084262139 micromole,31.5 microliter,C4H8O2,O,water,3.5 milligram,194.2825423258396 micromole,3.5 microliter,H2O,COc1ncnc(C2=CCN(C(=O)OC(C)(C)C)CC2)c1N,suzuki_product_0,0.0 milligram,0.0 micromole,0 microliter,C15H22N4O3,COc1ncncc1N,dehalogenation_0,0.0 milligram,0.0 micromole,0 microliter,C5H7N3O,CC(C)(C)OC(=O)N1CC=CCC1,deborylation_0,0.0 milligram,0.0 micromole,0 microliter,C10H17NO2,COC1=C(N)C(Cl)=NC=N1.B1(OC(C(O1)(C)C)(C)C)C2=CCN(CC2)C(=O)OC(C)(C)C>>COc1ncnc(C2=CCN(C(=O)OC(C)(C)C)CC2)c1N.COc1ncncc1N.CC(C)(C)OC(=O)N1CC=CCC1,001_RLN-NB-2443_007_O16,,,,,,,,,3/30/2023 6:59:30 AM,kat78-2-o16-a1_03_22_2023_352.raw,2min_150_1200.EXP,001_RLN-NB-2443_007_O16,KAT78-2-O16-A1_KAT78-2-O16-A1_KAT78-2-O16-A1,0,0,0,0,0,0,0,0,0,0,0,0,0,0,0,deborylation_0,0,0,0,0,0,163.65698782854025,56.84407943024049,4.23775164037672,195,0.7318,0,0,0,0,0,0,0,0,0,0,0,0,0,0,0,0,0,0,0,0,0,0,0,0,0,0,0,0,0,0,0,0,0,0,0,0,0,0,0,0,0.0,0.0,0.0,0.0,0.0,0.0,0.0,0.0,0.0,0.0,0.0,0.0,0.0,0.0,0.0,0.0,0.0,0.0,0.0,0.0,0.0,0.0,0.0,0.0,0.0,0.0,0.0,0.0,0.0,0.0,0.0,0.0,0.0,0.0,0.0,0.0,0.0,0.0,0.0
352,O17,CS(=O)(=O)O[Pd]c1ccccc1-c2ccccc2N.COc3cccc(OC)c3-c4ccccc4P(C5CCCCC5)C6CCCCC6,SPhos Pd G3,0.12484415999999997 milligram,0.16000000000000003 micromole,0.12484416 microliter,C39H48NO5PPdS,COC1=C(N)C(Cl)=NC=N1,4-chloro-6-methoxypyrimidin-5-amine,0.12766080000000002 milligram,0.8 micromole,0.12766080000000005 microliter,C5H6ClN3O,B1(OC(C(O1)(C)C)(C)C)C2=CC=C(C=C2)N,"4-(4,4,5,5-tetramethyl-1,3,2-dioxaborolan-2-yl)aniline",0.21032928 milligram,0.9600000000000001 micromole,0.21032928000000006 microliter,C12H18BNO2,O=C([O-])[O-].[Na+].[Na+],Na2CO3,0.635928 milligram,6.0 micromole,0.6359280000000002 microliter,CNa2O3,CN1C=NC2=C1C(=O)N(C(=O)N2C)C,caffeine,0.1553528 milligram,0.8 micromole,0.15535280000000004 microliter,C8H10N4O2,C1COCCO1,dioxane,32.445 milligram,368.2496084262139 micromole,31.5 microliter,C4H8O2,O,water,3.5 milligram,194.2825423258396 micromole,3.5 microliter,H2O,COc1ncnc(-c2ccc(N)cc2)c1N,suzuki_product_0,0.0 milligram,0.0 micromole,0 microliter,C11H12N4O,COc1ncncc1N,dehalogenation_0,0.0 milligram,0.0 micromole,0 microliter,C5H7N3O,Nc1ccccc1,deborylation_0,0.0 milligram,0.0 micromole,0 microliter,C6H7N,COC1=C(N)C(Cl)=NC=N1.B1(OC(C(O1)(C)C)(C)C)C2=CC=C(C=C2)N>>COc1ncnc(-c2ccc(N)cc2)c1N.COc1ncncc1N.Nc1ccccc1,001_RLN-NB-2443_007_O17,,,,,,,,,3/30/2023 7:01:57 AM,kat78-2-o17-a1_03_22_2023_353.raw,2min_150_1200.EXP,001_RLN-NB-2443_007_O17,KAT78-2-O17-A1_KAT78-2-O17-A1_KAT78-2-O17-A1,0,0,0,0,0,0,0,0,0,0,0,0,0,0,0,deborylation_0,0,0,0,0,0,185.20855762409872,43.84044793446051,4.6193250625549815,194.9,0.7334,0,0,0,0,0,0,0,0,0,0,0,0,0,0,0,0,0,0,0,0,0,0,0,0,0,0,0,0,0,0,0,0,0,0,0,0,0,0,0,0,50.46090756065678,12.28329184825687,1.2942504139135342,216.9,0.6568,0.0,0.0,0.0,0.0,0.0,0.0,0.0,0.0,0.0,0.0,0.0,0.0,0.0002241453712629914,28.018171407873925,0.0,0.0,0.0,0.0,0.0,0.0,0.0,0.0,0.0,0.0,0.0,0.0,0.0,0.0,0.0,0.0,0.0,0.0,0.0,0.0
353,O18,CS(=O)(=O)O[Pd]c1ccccc1-c2ccccc2N.COc3cccc(OC)c3-c4ccccc4P(C5CCCCC5)C6CCCCC6,SPhos Pd G3,0.12484415999999997 milligram,0.16000000000000003 micromole,0.12484416 microliter,C39H48NO5PPdS,COC1=C(N)C(Cl)=NC=N1,4-chloro-6-methoxypyrimidin-5-amine,0.12766080000000002 milligram,0.8 micromole,0.12766080000000005 microliter,C5H6ClN3O,B1(OC(C(O1)(C)C)(C)C)C2=CC=C(C=C2)N,"4-(4,4,5,5-tetramethyl-1,3,2-dioxaborolan-2-yl)aniline",0.21032928 milligram,0.9600000000000001 micromole,0.21032928000000006 microliter,C12H18BNO2,O=C([O-])[O-].[Na+].[Na+],Na2CO3,0.635928 milligram,6.0 micromole,0.6359280000000002 microliter,CNa2O3,CN1C=NC2=C1C(=O)N(C(=O)N2C)C,caffeine,0.1553528 milligram,0.8 micromole,0.15535280000000004 microliter,C8H10N4O2,C1COCCO1,dioxane,32.445 milligram,368.2496084262139 micromole,31.5 microliter,C4H8O2,O,water,3.5 milligram,194.2825423258396 micromole,3.5 microliter,H2O,COc1ncnc(-c2ccc(N)cc2)c1N,suzuki_product_0,0.0 milligram,0.0 micromole,0 microliter,C11H12N4O,COc1ncncc1N,dehalogenation_0,0.0 milligram,0.0 micromole,0 microliter,C5H7N3O,Nc1ccccc1,deborylation_0,0.0 milligram,0.0 micromole,0 microliter,C6H7N,COC1=C(N)C(Cl)=NC=N1.B1(OC(C(O1)(C)C)(C)C)C2=CC=C(C=C2)N>>COc1ncnc(-c2ccc(N)cc2)c1N.COc1ncncc1N.Nc1ccccc1,001_RLN-NB-2443_007_O18,,,,,,,,,3/30/2023 7:04:23 AM,kat78-2-o18-a1_03_22_2023_354.raw,2min_150_1200.EXP,001_RLN-NB-2443_007_O18,KAT78-2-O18-A1_KAT78-2-O18-A1_KAT78-2-O18-A1,0,0,0,0,0,0,0,0,0,0,0,0,0,0,0,deborylation_0,0,0,0,0,0,178.55886160298581,43.25895822477341,4.523036297893438,194.9,0.7334,0,0,0,0,0,0,0,0,0,0,0,0,0,0,0,0,0,0,0,0,0,0,0,0,0,0,0,0,0,0,0,0,0,0,0,0,0,0,0,0,42.41274488677749,10.406669809192492,1.0880924372379743,217.1,0.6568,0.0,0.0,0.0,0.0,0.0,0.0,0.0,0.0,0.0,0.0,0.0,0.0,0.00019245345216349348,24.056681520436683,0.0,0.0,0.0,0.0,0.0,0.0,0.0,0.0,0.0,0.0,0.0,0.0,0.0,0.0,0.0,0.0,0.0,0.0,0.0,0.0
354,O19,CS(=O)(=O)O[Pd]c1ccccc1-c2ccccc2N.COc3cccc(OC)c3-c4ccccc4P(C5CCCCC5)C6CCCCC6,SPhos Pd G3,0.12484415999999997 milligram,0.16000000000000003 micromole,0.12484416 microliter,C39H48NO5PPdS,CC1=C(N2CCCC2=O)C=CC(Br)=C1,1-(4-bromo-2-methylphenyl)pyrrolidin-2-one,0.20330160000000003 milligram,0.8 micromole,0.20330160000000008 microliter,C11H12BrNO,B1(OC(C(O1)(C)C)(C)C)C2=CN=C(C=C2)C,"2-methyl-5-(4,4,5,5-tetramethyl-1,3,2-dioxaborolan-2-yl)pyridine",0.21032928 milligram,0.9600000000000001 micromole,0.21032928000000006 microliter,C12H18BNO2,O=C([O-])[O-].[Na+].[Na+],Na2CO3,0.635928 milligram,6.0 micromole,0.6359280000000002 microliter,CNa2O3,CN1C=NC2=C1C(=O)N(C(=O)N2C)C,caffeine,0.1553528 milligram,0.8 micromole,0.15535280000000004 microliter,C8H10N4O2,C1COCCO1,dioxane,32.445 milligram,368.2496084262139 micromole,31.5 microliter,C4H8O2,O,water,3.5 milligram,194.2825423258396 micromole,3.5 microliter,H2O,Cc1ccc(-c2ccc(N3CCCC3=O)c(C)c2)cn1,suzuki_product_0,0.0 milligram,0.0 micromole,0 microliter,C17H18N2O,Cc1ccccc1N1CCCC1=O,dehalogenation_0,0.0 milligram,0.0 micromole,0 microliter,C11H13NO,Cc1ccccn1,deborylation_0,0.0 milligram,0.0 micromole,0 microliter,C6H7N,CC1=C(N2CCCC2=O)C=CC(Br)=C1.B1(OC(C(O1)(C)C)(C)C)C2=CN=C(C=C2)C>>Cc1ccc(-c2ccc(N3CCCC3=O)c(C)c2)cn1.Cc1ccccc1N1CCCC1=O.Cc1ccccn1,001_RLN-NB-2443_007_O19,,,,,,,,,3/30/2023 7:06:50 AM,kat78-2-o19-a1_03_22_2023_355.raw,2min_150_1200.EXP,001_RLN-NB-2443_007_O19,KAT78-2-O19-A1_KAT78-2-O19-A1_KAT78-2-O19-A1,0,0,0,0,0,0,0,0,0,0,0,0,0,0,0,deborylation_0,0,0,0,0,0,172.80931850987193,24.462001663953366,4.050043865992103,195,0.7318,0,0,0,0,0,0,0,0,0,0,0,0,0,0,0,0,0,0,0,0,0,0,0,0,0,0,0,0,0,0,0,0,0,0,0,67.08700022000674,9.040892793890455,1.4968526658611403,255.6,1.1851,247.40993431649244,43.44840849916289,7.193522539427184,267.1,0.7751,0.0,0.0,0.0,0.0,0.0,0.0,0.0,0.0,0.0,0.0,0.0,0.0,0.0014209273336184076,177.61591670230095,0.0,0.0,0.0,0.0,0.0,0.0,0.0,0.0,0.0,0.0,0.0,0.0,0.0,0.0,0.0,0.0,0.0,0.0,0.00029567139821473897,36.958924776842366
355,O20,CS(=O)(=O)O[Pd]c1ccccc1-c2ccccc2N.COc3cccc(OC)c3-c4ccccc4P(C5CCCCC5)C6CCCCC6,SPhos Pd G3,0.12484415999999997 milligram,0.16000000000000003 micromole,0.12484416 microliter,C39H48NO5PPdS,CC1=C(N2CCCC2=O)C=CC(Br)=C1,1-(4-bromo-2-methylphenyl)pyrrolidin-2-one,0.20330160000000003 milligram,0.8 micromole,0.20330160000000008 microliter,C11H12BrNO,B1(OC(C(O1)(C)C)(C)C)C2=CN(N=C2C)C,"1,3-dimethyl-4-(4,4,5,5-tetramethyl-1,3,2-dioxaborolan-2-yl)-1H-pyrazole",0.21321311999999998 milligram,0.9600000000000001 micromole,0.21321312000000003 microliter,C11H19BN2O2,O=C([O-])[O-].[Na+].[Na+],Na2CO3,0.635928 milligram,6.0 micromole,0.6359280000000002 microliter,CNa2O3,CN1C=NC2=C1C(=O)N(C(=O)N2C)C,caffeine,0.1553528 milligram,0.8 micromole,0.15535280000000004 microliter,C8H10N4O2,C1COCCO1,dioxane,32.445 milligram,368.2496084262139 micromole,31.5 microliter,C4H8O2,O,water,3.5 milligram,194.2825423258396 micromole,3.5 microliter,H2O,Cc1cc(-c2cn(C)nc2C)ccc1N1CCCC1=O,suzuki_product_0,0.0 milligram,0.0 micromole,0 microliter,C16H19N3O,Cc1ccccc1N1CCCC1=O,dehalogenation_0,0.0 milligram,0.0 micromole,0 microliter,C11H13NO,Cc1ccn(C)n1,deborylation_0,0.0 milligram,0.0 micromole,0 microliter,C5H8N2,CC1=C(N2CCCC2=O)C=CC(Br)=C1.B1(OC(C(O1)(C)C)(C)C)C2=CN(N=C2C)C>>Cc1cc(-c2cn(C)nc2C)ccc1N1CCCC1=O.Cc1ccccc1N1CCCC1=O.Cc1ccn(C)n1,001_RLN-NB-2443_007_O20,,,,,,,,,3/30/2023 7:09:17 AM,kat78-2-o20-a1_03_22_2023_356.raw,2min_150_1200.EXP,001_RLN-NB-2443_007_O20,KAT78-2-O20-A1_KAT78-2-O20-A1_KAT78-2-O20-A1,0,0,0,0,0,0,0,0,0,0,0,0,0,0,0,deborylation_0,0,0,0,0,0,172.04303990236363,33.65754019781219,4.589147217575615,195,0.7334,0,0,0,0,0,0,0,0,0,0,0,0,0,0,0,0,0,0,0,0,0,0,0,0,0,0,0,0,0,0,0,0,0,0,0,104.40286141265844,21.251244807981724,2.897570363353734,255.9,1.1868,78.78460555109476,25.503867647065032,3.477408110101675,270.1,0.9968,0.0,0.0,0.0,0.0,0.0,0.0,0.0,0.0,0.0,0.0,0.0,0.0,0.0006061968283403631,75.77460354254539,0.0,0.0,0.0,0.0,0.0,0.0,0.0,0.0,0.0,0.0,0.0,0.0,0.0,0.0,0.0,0.0,0.0,0.0,0.0005051170033955864,63.13962542444828
356,O21,CS(=O)(=O)O[Pd]c1ccccc1-c2ccccc2N.COc3cccc(OC)c3-c4ccccc4P(C5CCCCC5)C6CCCCC6,SPhos Pd G3,0.12484415999999997 milligram,0.16000000000000003 micromole,0.12484416 microliter,C39H48NO5PPdS,CC1=C(N2CCCC2=O)C=CC(Br)=C1,1-(4-bromo-2-methylphenyl)pyrrolidin-2-one,0.20330160000000003 milligram,0.8 micromole,0.20330160000000008 microliter,C11H12BrNO,B1(OC(C(O1)(C)C)(C)C)C2=CCN(CC2)C(=O)OC(C)(C)C,"N-Boc-1,2,5,6-tetrahydropyridine-4-boronic acid pinacol ester",0.29684640000000007 milligram,0.9600000000000001 micromole,0.2968464000000001 microliter,C16H28BNO4,O=C([O-])[O-].[Na+].[Na+],Na2CO3,0.635928 milligram,6.0 micromole,0.6359280000000002 microliter,CNa2O3,CN1C=NC2=C1C(=O)N(C(=O)N2C)C,caffeine,0.1553528 milligram,0.8 micromole,0.15535280000000004 microliter,C8H10N4O2,C1COCCO1,dioxane,32.445 milligram,368.2496084262139 micromole,31.5 microliter,C4H8O2,O,water,3.5 milligram,194.2825423258396 micromole,3.5 microliter,H2O,Cc1cc(C2=CCN(C(=O)OC(C)(C)C)CC2)ccc1N1CCCC1=O,suzuki_product_0,0.0 milligram,0.0 micromole,0 microliter,C21H28N2O3,Cc1ccccc1N1CCCC1=O,dehalogenation_0,0.0 milligram,0.0 micromole,0 microliter,C11H13NO,CC(C)(C)OC(=O)N1CC=CCC1,deborylation_0,0.0 milligram,0.0 micromole,0 microliter,C10H17NO2,CC1=C(N2CCCC2=O)C=CC(Br)=C1.B1(OC(C(O1)(C)C)(C)C)C2=CCN(CC2)C(=O)OC(C)(C)C>>Cc1cc(C2=CCN(C(=O)OC(C)(C)C)CC2)ccc1N1CCCC1=O.Cc1ccccc1N1CCCC1=O.CC(C)(C)OC(=O)N1CC=CCC1,001_RLN-NB-2443_007_O21,,,,,,,,,3/30/2023 7:11:44 AM,kat78-2-o21-a1_03_22_2023_357.raw,2min_150_1200.EXP,001_RLN-NB-2443_007_O21,KAT78-2-O21-A1_KAT78-2-O21-A1_KAT78-2-O21-A1,0,0,0,0,0,0,0,0,0,0,0,0,0,0,0,deborylation_0,0,0,0,0,0,171.06190579355538,43.35794185978451,4.309463329581709,195,0.7334,0,0,0,0,0,0,0,0,0,0,0,0,0,0,0,0,0,0,0,0,0,0,0,0,0,0,0,0,0,0,0,0,0,0,0,105.88429678727242,29.273033822137627,2.9095261534799746,255.8,1.1884,0.0,0.0,0.0,0.0,0.0,0.0,0.0,0.0,0.0,0.0,0.0,0.0,0.0,0.0,0.0,0.0,0.0,0.0,0.0,0.0,0.0,0.0,0.0,0.0,0.0,0.0,0.0,0.0,0.0,0.0,0.0,0.0,0.0,0.0,0.0,0.0,0.0,0.0005401185123925643,67.51481404907052
357,O22,CS(=O)(=O)O[Pd]c1ccccc1-c2ccccc2N.COc3cccc(OC)c3-c4ccccc4P(C5CCCCC5)C6CCCCC6,SPhos Pd G3,0.12484415999999997 milligram,0.16000000000000003 micromole,0.12484416 microliter,C39H48NO5PPdS,CC1=C(N2CCCC2=O)C=CC(Br)=C1,1-(4-bromo-2-methylphenyl)pyrrolidin-2-one,0.20330160000000003 milligram,0.8 micromole,0.20330160000000008 microliter,C11H12BrNO,B1(OC(C(O1)(C)C)(C)C)C2=CCN(CC2)C(=O)OC(C)(C)C,"N-Boc-1,2,5,6-tetrahydropyridine-4-boronic acid pinacol ester",0.29684640000000007 milligram,0.9600000000000001 micromole,0.2968464000000001 microliter,C16H28BNO4,O=C([O-])[O-].[Na+].[Na+],Na2CO3,0.635928 milligram,6.0 micromole,0.6359280000000002 microliter,CNa2O3,CN1C=NC2=C1C(=O)N(C(=O)N2C)C,caffeine,0.1553528 milligram,0.8 micromole,0.15535280000000004 microliter,C8H10N4O2,C1COCCO1,dioxane,32.445 milligram,368.2496084262139 micromole,31.5 microliter,C4H8O2,O,water,3.5 milligram,194.2825423258396 micromole,3.5 microliter,H2O,Cc1cc(C2=CCN(C(=O)OC(C)(C)C)CC2)ccc1N1CCCC1=O,suzuki_product_0,0.0 milligram,0.0 micromole,0 microliter,C21H28N2O3,Cc1ccccc1N1CCCC1=O,dehalogenation_0,0.0 milligram,0.0 micromole,0 microliter,C11H13NO,CC(C)(C)OC(=O)N1CC=CCC1,deborylation_0,0.0 milligram,0.0 micromole,0 microliter,C10H17NO2,CC1=C(N2CCCC2=O)C=CC(Br)=C1.B1(OC(C(O1)(C)C)(C)C)C2=CCN(CC2)C(=O)OC(C)(C)C>>Cc1cc(C2=CCN(C(=O)OC(C)(C)C)CC2)ccc1N1CCCC1=O.Cc1ccccc1N1CCCC1=O.CC(C)(C)OC(=O)N1CC=CCC1,001_RLN-NB-2443_007_O22,,,,,,,,,3/30/2023 7:14:11 AM,kat78-2-o22-a1_03_22_2023_358.raw,2min_150_1200.EXP,001_RLN-NB-2443_007_O22,KAT78-2-O22-A1_KAT78-2-O22-A1_KAT78-2-O22-A1,0,0,0,0,0,0,0,0,0,0,0,0,0,0,0,deborylation_0,0,0,0,0,0,178.56421949943834,14.0858682879134,4.590813922833666,195,0.7318,0,0,0,0,0,0,0,0,0,0,0,0,0,0,0,0,0,0,0,0,0,0,0,0,0,0,0,0,0,0,0,0,0,0,0,79.57990807896826,7.052210141094928,2.298430159982937,255.8,1.1868,397.22408301199954,40.33436947426795,13.14562802706827,357.1,1.3268,0.0,0.0,0.0,0.0,0.0,0.0,0.0,0.0,0.0,0.0,0.0,0.0,0.0022907707867112453,286.34634833890567,0.0,0.0,0.0,0.0,0.0,0.0,0.0,0.0,0.0,0.0,0.0,0.0,0.0,0.0,0.0,0.0,0.0,0.0,0.0004005268257205664,50.0658532150708
358,O23,CS(=O)(=O)O[Pd]c1ccccc1-c2ccccc2N.COc3cccc(OC)c3-c4ccccc4P(C5CCCCC5)C6CCCCC6,SPhos Pd G3,0.12484415999999997 milligram,0.16000000000000003 micromole,0.12484416 microliter,C39H48NO5PPdS,CC1=C(N2CCCC2=O)C=CC(Br)=C1,1-(4-bromo-2-methylphenyl)pyrrolidin-2-one,0.20330160000000003 milligram,0.8 micromole,0.20330160000000008 microliter,C11H12BrNO,B1(OC(C(O1)(C)C)(C)C)C2=CC=C(C=C2)N,"4-(4,4,5,5-tetramethyl-1,3,2-dioxaborolan-2-yl)aniline",0.21032928 milligram,0.9600000000000001 micromole,0.21032928000000006 microliter,C12H18BNO2,O=C([O-])[O-].[Na+].[Na+],Na2CO3,0.635928 milligram,6.0 micromole,0.6359280000000002 microliter,CNa2O3,CN1C=NC2=C1C(=O)N(C(=O)N2C)C,caffeine,0.1553528 milligram,0.8 micromole,0.15535280000000004 microliter,C8H10N4O2,C1COCCO1,dioxane,32.445 milligram,368.2496084262139 micromole,31.5 microliter,C4H8O2,O,water,3.5 milligram,194.2825423258396 micromole,3.5 microliter,H2O,Cc1cc(-c2ccc(N)cc2)ccc1N1CCCC1=O,suzuki_product_0,0.0 milligram,0.0 micromole,0 microliter,C17H18N2O,Cc1ccccc1N1CCCC1=O,dehalogenation_0,0.0 milligram,0.0 micromole,0 microliter,C11H13NO,Nc1ccccc1,deborylation_0,0.0 milligram,0.0 micromole,0 microliter,C6H7N,CC1=C(N2CCCC2=O)C=CC(Br)=C1.B1(OC(C(O1)(C)C)(C)C)C2=CC=C(C=C2)N>>Cc1cc(-c2ccc(N)cc2)ccc1N1CCCC1=O.Cc1ccccc1N1CCCC1=O.Nc1ccccc1,001_RLN-NB-2443_007_O23,,,,,,,,,3/30/2023 7:16:38 AM,kat78-2-o23-a1_03_22_2023_359.raw,2min_150_1200.EXP,001_RLN-NB-2443_007_O23,KAT78-2-O23-A1_KAT78-2-O23-A1_KAT78-2-O23-A1,0,0,0,0,0,0,0,0,0,0,0,0,0,0,0,deborylation_0,0,0,0,0,0,171.44585475302895,23.674618807845267,4.464440346842847,194.9,0.7334,0,0,0,0,0,0,0,0,0,0,0,0,0,0,0,0,0,0,0,0,0,0,0,0,0,0,0,0,0,0,0,0,0,0,0,82.70187165513848,11.832271842696047,2.2312702155035278,253.9,1.1851,173.69254434107813,29.269144343073012,5.519427788188118,267.1,0.8868,0.0,0.0,0.0,0.0,0.0,0.0,0.0,0.0,0.0,0.0,0.0,0.0,0.0009890472013301887,123.63090016627358,0.0,0.0,0.0,0.0,0.0,0.0,0.0,0.0,0.0,0.0,0.0,0.0,0.0,0.0,0.0,0.0,0.0,0.0,0.0003998297734373685,49.97872167967106
359,O24,CS(=O)(=O)O[Pd]c1ccccc1-c2ccccc2N.COc3cccc(OC)c3-c4ccccc4P(C5CCCCC5)C6CCCCC6,SPhos Pd G3,0.12484415999999997 milligram,0.16000000000000003 micromole,0.12484416 microliter,C39H48NO5PPdS,CC1=C(N2CCCC2=O)C=CC(Br)=C1,1-(4-bromo-2-methylphenyl)pyrrolidin-2-one,0.20330160000000003 milligram,0.8 micromole,0.20330160000000008 microliter,C11H12BrNO,B1(OC(C(O1)(C)C)(C)C)C2=CC=C(C=C2)N,"4-(4,4,5,5-tetramethyl-1,3,2-dioxaborolan-2-yl)aniline",0.21032928 milligram,0.9600000000000001 micromole,0.21032928000000006 microliter,C12H18BNO2,O=C([O-])[O-].[Na+].[Na+],Na2CO3,0.635928 milligram,6.0 micromole,0.6359280000000002 microliter,CNa2O3,CN1C=NC2=C1C(=O)N(C(=O)N2C)C,caffeine,0.1553528 milligram,0.8 micromole,0.15535280000000004 microliter,C8H10N4O2,C1COCCO1,dioxane,32.445 milligram,368.2496084262139 micromole,31.5 microliter,C4H8O2,O,water,3.5 milligram,194.2825423258396 micromole,3.5 microliter,H2O,Cc1cc(-c2ccc(N)cc2)ccc1N1CCCC1=O,suzuki_product_0,0.0 milligram,0.0 micromole,0 microliter,C17H18N2O,Cc1ccccc1N1CCCC1=O,dehalogenation_0,0.0 milligram,0.0 micromole,0 microliter,C11H13NO,Nc1ccccc1,deborylation_0,0.0 milligram,0.0 micromole,0 microliter,C6H7N,CC1=C(N2CCCC2=O)C=CC(Br)=C1.B1(OC(C(O1)(C)C)(C)C)C2=CC=C(C=C2)N>>Cc1cc(-c2ccc(N)cc2)ccc1N1CCCC1=O.Cc1ccccc1N1CCCC1=O.Nc1ccccc1,001_RLN-NB-2443_007_O24,,,,,,,,,3/30/2023 7:19:04 AM,kat78-2-o24-a1_03_22_2023_360.raw,2min_150_1200.EXP,001_RLN-NB-2443_007_O24,KAT78-2-O24-A1_KAT78-2-O24-A1_KAT78-2-O24-A1,0,0,0,0,0,0,0,0,0,0,0,0,0,0,0,deborylation_0,0,0,0,0,0,168.71158033383838,22.902016421233007,4.312114010588084,195,0.7334,0,0,0,0,0,0,0,0,0,0,0,0,0,0,0,0,0,0,0,0,0,0,0,0,0,0,0,0,0,0,0,0,0,0,0,99.18424453467846,14.290604299789441,2.690711328097751,282.1,1.1868,148.9147810333789,23.795242813088024,4.480295447894804,267.0,0.8851,0.0,0.0,0.0,0.0,0.0,0.0,0.0,0.0,0.0,0.0,0.0,0.0,0.0008312016680252447,103.90020850315558,0.0,0.0,0.0,0.0,0.0,0.0,0.0,0.0,0.0,0.0,0.0,0.0,0.0,0.0,0.0,0.0,0.0,0.0,0.0004991911292680859,62.39889115851073
