,well,catalyst_1&smiles,catalyst_1&name,catalyst_1&mass,catalyst_1&umol,catalyst_1&volume,catalyst_1&formula,reactant_1&smiles,reactant_1&name,reactant_1&mass,reactant_1&umol,reactant_1&volume,reactant_1&formula,reactant_2&smiles,reactant_2&name,reactant_2&mass,reactant_2&umol,reactant_2&volume,reactant_2&formula,base_1&smiles,base_1&name,base_1&mass,base_1&umol,base_1&volume,base_1&formula,IS_1&smiles,IS_1&name,IS_1&mass,IS_1&umol,IS_1&volume,IS_1&formula,solvent_1&smiles,solvent_1&name,solvent_1&mass,solvent_1&umol,solvent_1&volume,solvent_1&formula,solvent_2&smiles,solvent_2&name,solvent_2&mass,solvent_2&umol,solvent_2&volume,solvent_2&formula,product_1&smiles,product_1&name,product_1&mass,product_1&umol,product_1&volume,product_1&formula,product_2&smiles,product_2&name,product_2&mass,product_2&umol,product_2&volume,product_2&formula,product_3&smiles,product_3&name,product_3&mass,product_3&umol,product_3&volume,product_3&formula,reaction_smiles,id,conversion,product_yield,product_4&smiles,product_4&name,product_4&mass,product_4&umol,product_4&volume,product_4&formula,product_5&smiles,product_5&name,product_5&mass,product_5&umol,product_5&volume,product_5&formula,product_6&smiles,product_6&name,product_6&mass,product_6&umol,product_6&volume,product_6&formula,Sample_Attributes__Acquired,Sample_Attributes__Data_File,Sample_Attributes__MS_Method,Sample_Attributes__Sample_Id,Sample_Attributes__Sample_Name,Expressions__Method_Name,Expressions__Primary_Detector,Expressions__Product_/_IS_Area_Ratio,Expressions__Conversion_%,Expressions__Product_Area,Expressions__Product_Area_%,Expressions__Product_Retention_Time,Expressions__Internal_Standard_Area,Expressions__Internal_Standard_Retention_Time,Expressions__Starting_Material_Area,Expressions__Starting_Material_Retention_Time,Expressions__Observed_Masses,Expressions__Product_Found,Expressions__Target_MW,Expressions__Intercept,Starting_Materials__Product_Substance_Name,1-(4-bromo-2-methylphenyl)pyrrolidin-2-one__Absolute_Height,1-(4-bromo-2-methylphenyl)pyrrolidin-2-one__Area_%,1-(4-bromo-2-methylphenyl)pyrrolidin-2-one__Area_Abs,1-(4-bromo-2-methylphenyl)pyrrolidin-2-one__BPM(+),1-(4-bromo-2-methylphenyl)pyrrolidin-2-one__Rt_(min),caffeine__Absolute_Height,caffeine__Area_%,caffeine__Area_Abs,caffeine__BPM(+),caffeine__Rt_(min),dehalogenation_0__Absolute_Height,dehalogenation_0__Area_%,dehalogenation_0__Area_Abs,dehalogenation_0__BPM(+),dehalogenation_0__Rt_(min),"1-methyl-4-(tetramethyl-1,3,2-dioxaborolan-2-yl)-1H-pyrazole__Absolute_Height","1-methyl-4-(tetramethyl-1,3,2-dioxaborolan-2-yl)-1H-pyrazole__Area_%","1-methyl-4-(tetramethyl-1,3,2-dioxaborolan-2-yl)-1H-pyrazole__Area_Abs","1-methyl-4-(tetramethyl-1,3,2-dioxaborolan-2-yl)-1H-pyrazole__BPM(+)","1-methyl-4-(tetramethyl-1,3,2-dioxaborolan-2-yl)-1H-pyrazole__Rt_(min)","5-(tetramethyl-1,3,2-dioxaborolan-2-yl)-1H-indole__Absolute_Height","5-(tetramethyl-1,3,2-dioxaborolan-2-yl)-1H-indole__Area_%","5-(tetramethyl-1,3,2-dioxaborolan-2-yl)-1H-indole__Area_Abs","5-(tetramethyl-1,3,2-dioxaborolan-2-yl)-1H-indole__BPM(+)","5-(tetramethyl-1,3,2-dioxaborolan-2-yl)-1H-indole__Rt_(min)","4,4,5,5-tetramethyl-2-(2-nitrophenyl)-1,3,2-dioxaborolane__Absolute_Height","4,4,5,5-tetramethyl-2-(2-nitrophenyl)-1,3,2-dioxaborolane__Area_%","4,4,5,5-tetramethyl-2-(2-nitrophenyl)-1,3,2-dioxaborolane__Area_Abs","4,4,5,5-tetramethyl-2-(2-nitrophenyl)-1,3,2-dioxaborolane__BPM(+)","4,4,5,5-tetramethyl-2-(2-nitrophenyl)-1,3,2-dioxaborolane__Rt_(min)","8-bromoimidazo[1,2-a]pyridine__Absolute_Height","8-bromoimidazo[1,2-a]pyridine__Area_%","8-bromoimidazo[1,2-a]pyridine__Area_Abs","8-bromoimidazo[1,2-a]pyridine__BPM(+)","8-bromoimidazo[1,2-a]pyridine__Rt_(min)","1-(3,5-dichlorophenyl)-2,5-dimethyl-1H-pyrrole-3-carbaldehyde__Absolute_Height","1-(3,5-dichlorophenyl)-2,5-dimethyl-1H-pyrrole-3-carbaldehyde__Area_%","1-(3,5-dichlorophenyl)-2,5-dimethyl-1H-pyrrole-3-carbaldehyde__Area_Abs","1-(3,5-dichlorophenyl)-2,5-dimethyl-1H-pyrrole-3-carbaldehyde__BPM(+)","1-(3,5-dichlorophenyl)-2,5-dimethyl-1H-pyrrole-3-carbaldehyde__Rt_(min)",bis_addition_2__Absolute_Height,bis_addition_2__Area_%,bis_addition_2__Area_Abs,bis_addition_2__BPM(+),bis_addition_2__Rt_(min),bis_addition_1__Absolute_Height,bis_addition_1__Area_%,bis_addition_1__Area_Abs,bis_addition_1__BPM(+),bis_addition_1__Rt_(min),4-chloro-6-methoxypyrimidin-5-amine__Absolute_Height,4-chloro-6-methoxypyrimidin-5-amine__Area_%,4-chloro-6-methoxypyrimidin-5-amine__Area_Abs,4-chloro-6-methoxypyrimidin-5-amine__BPM(+),4-chloro-6-methoxypyrimidin-5-amine__Rt_(min),3-(4-CHLORO-1H-PYRAZOL-1-YL)PENTANENITRILE__Absolute_Height,3-(4-CHLORO-1H-PYRAZOL-1-YL)PENTANENITRILE__Area_%,3-(4-CHLORO-1H-PYRAZOL-1-YL)PENTANENITRILE__Area_Abs,3-(4-CHLORO-1H-PYRAZOL-1-YL)PENTANENITRILE__BPM(+),3-(4-CHLORO-1H-PYRAZOL-1-YL)PENTANENITRILE__Rt_(min),4-BROMO-1-ISOPROPYL-5-METHYL-1H-PYRAZOL-3-AMINE__Absolute_Height,4-BROMO-1-ISOPROPYL-5-METHYL-1H-PYRAZOL-3-AMINE__Area_%,4-BROMO-1-ISOPROPYL-5-METHYL-1H-PYRAZOL-3-AMINE__Area_Abs,4-BROMO-1-ISOPROPYL-5-METHYL-1H-PYRAZOL-3-AMINE__BPM(+),4-BROMO-1-ISOPROPYL-5-METHYL-1H-PYRAZOL-3-AMINE__Rt_(min),"5,6-dichloropyridazin-4-amine__Absolute_Height","5,6-dichloropyridazin-4-amine__Area_%","5,6-dichloropyridazin-4-amine__Area_Abs","5,6-dichloropyridazin-4-amine__BPM(+)","5,6-dichloropyridazin-4-amine__Rt_(min)",bis_addition_3__Absolute_Height,bis_addition_3__Area_%,bis_addition_3__Area_Abs,bis_addition_3__BPM(+),bis_addition_3__Rt_(min),dehalogenation_1__Absolute_Height,dehalogenation_1__Area_%,dehalogenation_1__Area_Abs,dehalogenation_1__BPM(+),dehalogenation_1__Rt_(min),"3-(4-bromophenyl)-4,5-dihydro-1,2-oxazole__Absolute_Height","3-(4-bromophenyl)-4,5-dihydro-1,2-oxazole__Area_%","3-(4-bromophenyl)-4,5-dihydro-1,2-oxazole__Area_Abs","3-(4-bromophenyl)-4,5-dihydro-1,2-oxazole__BPM(+)","3-(4-bromophenyl)-4,5-dihydro-1,2-oxazole__Rt_(min)",(1H-indol-5-yl)boronic_acid__Absolute_Height,(1H-indol-5-yl)boronic_acid__Area_%,(1H-indol-5-yl)boronic_acid__Area_Abs,(1H-indol-5-yl)boronic_acid__BPM(+),(1H-indol-5-yl)boronic_acid__Rt_(min),suzuki_product_0__Absolute_Height,suzuki_product_0__Area_%,suzuki_product_0__Area_Abs,suzuki_product_0__BPM(+),suzuki_product_0__Rt_(min),suzuki_product_1__Absolute_Height,suzuki_product_1__Area_%,suzuki_product_1__Area_Abs,suzuki_product_1__BPM(+),suzuki_product_1__Rt_(min),"1,3-dimethyl-4-(4,4,5,5-tetramethyl-1,3,2-dioxaborolan-2-yl)-1H-pyrazole__Absolute_Height","1,3-dimethyl-4-(4,4,5,5-tetramethyl-1,3,2-dioxaborolan-2-yl)-1H-pyrazole__Area_%","1,3-dimethyl-4-(4,4,5,5-tetramethyl-1,3,2-dioxaborolan-2-yl)-1H-pyrazole__Area_Abs","1,3-dimethyl-4-(4,4,5,5-tetramethyl-1,3,2-dioxaborolan-2-yl)-1H-pyrazole__BPM(+)","1,3-dimethyl-4-(4,4,5,5-tetramethyl-1,3,2-dioxaborolan-2-yl)-1H-pyrazole__Rt_(min)",1-(4-bromo-2-methylphenyl)pyrrolidin-2-one__Estimated_mmol,1-(4-bromo-2-methylphenyl)pyrrolidin-2-one__Estimated_%remaining,"1,3-dimethyl-4-(4,4,5,5-tetramethyl-1,3,2-dioxaborolan-2-yl)-1H-pyrazole__Estimated_mmol","1,3-dimethyl-4-(4,4,5,5-tetramethyl-1,3,2-dioxaborolan-2-yl)-1H-pyrazole__Estimated_%remaining",suzuki_product_0__Estimated_mmol,suzuki_product_0__Estimated_%conversion,dehalogenation_0__Estimated_mmol,dehalogenation_0__Estimated_%conversion,"1-methyl-4-(tetramethyl-1,3,2-dioxaborolan-2-yl)-1H-pyrazole__Estimated_mmol","1-methyl-4-(tetramethyl-1,3,2-dioxaborolan-2-yl)-1H-pyrazole__Estimated_%remaining","5-(tetramethyl-1,3,2-dioxaborolan-2-yl)-1H-indole__Estimated_mmol","5-(tetramethyl-1,3,2-dioxaborolan-2-yl)-1H-indole__Estimated_%remaining","4,4,5,5-tetramethyl-2-(2-nitrophenyl)-1,3,2-dioxaborolane__Estimated_mmol","4,4,5,5-tetramethyl-2-(2-nitrophenyl)-1,3,2-dioxaborolane__Estimated_%remaining","8-bromoimidazo[1,2-a]pyridine__Estimated_mmol","8-bromoimidazo[1,2-a]pyridine__Estimated_%remaining","1-(3,5-dichlorophenyl)-2,5-dimethyl-1H-pyrrole-3-carbaldehyde__Estimated_mmol","1-(3,5-dichlorophenyl)-2,5-dimethyl-1H-pyrrole-3-carbaldehyde__Estimated_%remaining",bis_addition_1__Estimated_mmol,bis_addition_1__Estimated_%conversion,4-chloro-6-methoxypyrimidin-5-amine__Estimated_mmol,4-chloro-6-methoxypyrimidin-5-amine__Estimated_%remaining,3-(4-CHLORO-1H-PYRAZOL-1-YL)PENTANENITRILE__Estimated_mmol,3-(4-CHLORO-1H-PYRAZOL-1-YL)PENTANENITRILE__Estimated_%remaining,4-BROMO-1-ISOPROPYL-5-METHYL-1H-PYRAZOL-3-AMINE__Estimated_mmol,4-BROMO-1-ISOPROPYL-5-METHYL-1H-PYRAZOL-3-AMINE__Estimated_%remaining,"5,6-dichloropyridazin-4-amine__Estimated_mmol","5,6-dichloropyridazin-4-amine__Estimated_%remaining",suzuki_product_1__Estimated_mmol,suzuki_product_1__Estimated_%conversion,dehalogenation_1__Estimated_mmol,dehalogenation_1__Estimated_%conversion,bis_addition_3__Estimated_mmol,bis_addition_3__Estimated_%conversion,bis_addition_2__Estimated_mmol,bis_addition_2__Estimated_%conversion,"3-(4-bromophenyl)-4,5-dihydro-1,2-oxazole__Estimated_mmol","3-(4-bromophenyl)-4,5-dihydro-1,2-oxazole__Estimated_%remaining",(1H-indol-5-yl)boronic_acid__Estimated_mmol,(1H-indol-5-yl)boronic_acid__Estimated_%remaining
0,A1,CC(C)C1=CC(C(C)C)=CC(C(C)C)=C1C2=C([P+](C3CCCCC3)([Pd-2]4(OS(C)(=O)=O)C(C=CC=C5)=C5C6=C([NH+]4C)C=CC=C6)C7CCCCC7)C=CC=C2,XPhos Pd G4,0.06883952 milligram,0.08000000000000002 micromole,0.06883952000000002 microliter,C47H64NO3PPdS,CC1=C(N2CCCC2=O)C=CC(Br)=C1,1-(4-bromo-2-methylphenyl)pyrrolidin-2-one,0.10165080000000001 milligram,0.4 micromole,0.10165080000000004 microliter,C11H12BrNO,B1(OC(C(O1)(C)C)(C)C)C2=CN(N=C2C)C,"1,3-dimethyl-4-(4,4,5,5-tetramethyl-1,3,2-dioxaborolan-2-yl)-1H-pyrazole",0.10660655999999999 milligram,0.48000000000000004 micromole,0.10660656000000002 microliter,C11H19BN2O2,[Na+].[Na+].[O-]C([O-])=O,Na2CO3,0.31796399999999997 milligram,3.0 micromole,0.317964 microliter,CNa2O3,CN1C=NC2=C1C(=O)N(C(=O)N2C)C,caffeine,0.0776764 milligram,0.4 micromole,0.07767640000000002 microliter,C8H10N4O2,C1COCCO1,dioxane,16.2225 milligram,184.12480421310696 micromole,15.75 microliter,C4H8O2,O,water,1.75 milligram,97.1412711629198 micromole,1.75 microliter,H2O,Cc1cc(-c2cn(C)nc2C)ccc1N1CCCC1=O,suzuki_product_0,0.0 milligram,0.0 micromole,0 microliter,C16H19N3O,Cc1ccccc1N1CCCC1=O,dehalogenation_0,0.0 milligram,0.0 micromole,0 microliter,C11H13NO,Cc1ccn(C)n1,deborylation_0,0.0 milligram,0.0 micromole,0 microliter,C5H8N2,CC1=C(N2CCCC2=O)C=CC(Br)=C1.B1(OC(C(O1)(C)C)(C)C)C2=CN(N=C2C)C>>Cc1cc(-c2cn(C)nc2C)ccc1N1CCCC1=O.Cc1ccccc1N1CCCC1=O.Cc1ccn(C)n1,004_RLN-NB-2443_011_A1,,,,,,,,,,,,,,,,,,,,,6/9/2023 12:00:02 AM,004_rln-nb-2443_011_a1.raw,2min_150_1200.EXP,004_RLN-NB-2443_011_A1,004_RLN-NB-2443_011_A1_004_RLN-NB-2443_011_A1_,Rxn_Opt_HSST3_2_98,Analog,2.0821504789087735,0,8.839761568589234,0,0,4.245496018722927,0.6976,0,0,0,False,96.06874826542,1.25,deborylation_0,0,0,0,0,0,169.50147945477082,6.1744460718364484,4.245496018722927,194.9,0.6976,0,0,0,0,0,0,0,0,0,0,0,0,0,0,0,0,0,0,0,0,0,0,0,0,0,0,0,0,0,0,0,0,0,0,0,0,0,0,0,0,0,0,0,0,0,0,0,0,0,0,0,0,0,0,0,0,0,0,0,0,0,0,0,0,0,0,0,0,0,0,0,0,0,0,0,0,0,0,0,0,288.9944613415797,12.856125845470656,8.839761568589234,270.0,0.9943,0.0,0.0,0.0,0.0,0.0,0.0,0.0,0.0,0.0,0.0,0.0,0.0,0.0,0.0,0.0008328601915635095,208.21504789087734,0.0,0.0,0.0,0.0,0.0,0.0,0.0,0.0,0.0,0.0,0.0,0.0,0.0,0.0,0.0,0.0,0.0,0.0,0.0,0.0,0.0,0.0,0.0,0.0,0.0,0.0,0.0,0.0,0.0,0.0,0.0,0.0,0.0,0.0
1,A2,CC(C)C1=CC(C(C)C)=CC(C(C)C)=C1C2=C([P+](C3CCCCC3)([Pd-2]4(OS(C)(=O)=O)C(C=CC=C5)=C5C6=C([NH+]4C)C=CC=C6)C7CCCCC7)C=CC=C2,XPhos Pd G4,0.06883952 milligram,0.08000000000000002 micromole,0.06883952000000002 microliter,C47H64NO3PPdS,CC1=C(N2CCCC2=O)C=CC(Br)=C1,1-(4-bromo-2-methylphenyl)pyrrolidin-2-one,0.10165080000000001 milligram,0.4 micromole,0.10165080000000004 microliter,C11H12BrNO,B1(OC(C(O1)(C)C)(C)C)C2=CN=C(C=C2)C,"2-methyl-5-(4,4,5,5-tetramethyl-1,3,2-dioxaborolan-2-yl)pyridine",0.10516464 milligram,0.48000000000000004 micromole,0.10516464000000003 microliter,C12H18BNO2,[Na+].[Na+].[O-]C([O-])=O,Na2CO3,0.31796399999999997 milligram,3.0 micromole,0.317964 microliter,CNa2O3,CN1C=NC2=C1C(=O)N(C(=O)N2C)C,caffeine,0.0776764 milligram,0.4 micromole,0.07767640000000002 microliter,C8H10N4O2,C1COCCO1,dioxane,16.2225 milligram,184.12480421310696 micromole,15.75 microliter,C4H8O2,O,water,1.75 milligram,97.1412711629198 micromole,1.75 microliter,H2O,Cc1ccc(-c2ccc(N3CCCC3=O)c(C)c2)cn1,suzuki_product_0,0.0 milligram,0.0 micromole,0 microliter,C17H18N2O,Cc1ccccc1N1CCCC1=O,dehalogenation_0,0.0 milligram,0.0 micromole,0 microliter,C11H13NO,Cc1ccccn1,deborylation_0,0.0 milligram,0.0 micromole,0 microliter,C6H7N,CC1=C(N2CCCC2=O)C=CC(Br)=C1.B1(OC(C(O1)(C)C)(C)C)C2=CN=C(C=C2)C>>Cc1ccc(-c2ccc(N3CCCC3=O)c(C)c2)cn1.Cc1ccccc1N1CCCC1=O.Cc1ccccn1,004_RLN-NB-2443_011_A2,,,,,,,,,,,,,,,,,,,,,6/9/2023 12:03:30 AM,004_rln-nb-2443_011_a2.raw,2min_150_1200.EXP,004_RLN-NB-2443_011_A2,004_RLN-NB-2443_011_A2_004_RLN-NB-2443_011_A2_00,Rxn_Opt_HSST3_2_98,Analog,1.6930818132697427,0,8.586422386654009,0,0,5.0714751758342915,0.7293,0,0,0,False,93.05784922892,1.25,deborylation_0,0,0,0,0,0,187.25781397799537,10.180394399458086,5.0714751758342915,194.9,0.7293,0,0,0,0,0,0,0,0,0,0,0,0,0,0,0,0,0,0,0,0,0,0,0,0,0,0,0,0,0,0,0,0,0,0,0,0,0,0,0,0,0,0,0,0,0,0,0,0,0,0,0,0,0,0,0,0,0,0,0,0,0,0,0,0,0,0,0,0,0,0,0,0,0,0,0,0,0,0,0,0,267.0087741162286,17.23624060963563,8.586422386654009,267.0,0.7743,0.0,0.0,0.0,0.0,0.0,0.0,0.0,0.0,0.0,0.0,0.0,0.0,0.0,0.0,0.0006772327253078971,169.30818132697428,0.0,0.0,0.0,0.0,0.0,0.0,0.0,0.0,0.0,0.0,0.0,0.0,0.0,0.0,0.0,0.0,0.0,0.0,0.0,0.0,0.0,0.0,0.0,0.0,0.0,0.0,0.0,0.0,0.0,0.0,0.0,0.0,0.0,0.0
2,A3,CC(C)C1=CC(C(C)C)=CC(C(C)C)=C1C2=C([P+](C3CCCCC3)([Pd-2]4(OS(C)(=O)=O)C(C=CC=C5)=C5C6=C([NH+]4C)C=CC=C6)C7CCCCC7)C=CC=C2,XPhos Pd G4,0.06883952 milligram,0.08000000000000002 micromole,0.06883952000000002 microliter,C47H64NO3PPdS,CC1=C(N2CCCC2=O)C=CC(Br)=C1,1-(4-bromo-2-methylphenyl)pyrrolidin-2-one,0.10165080000000001 milligram,0.4 micromole,0.10165080000000004 microliter,C11H12BrNO,CC1(C)OB(C2=CN(C)N=C2)OC1(C)C,"1-methyl-4-(tetramethyl-1,3,2-dioxaborolan-2-yl)-1H-pyrazole",0.09987359999999999 milligram,0.48000000000000004 micromole,0.09987360000000002 microliter,C10H17BN2O2,[Na+].[Na+].[O-]C([O-])=O,Na2CO3,0.31796399999999997 milligram,3.0 micromole,0.317964 microliter,CNa2O3,CN1C=NC2=C1C(=O)N(C(=O)N2C)C,caffeine,0.0776764 milligram,0.4 micromole,0.07767640000000002 microliter,C8H10N4O2,C1COCCO1,dioxane,16.2225 milligram,184.12480421310696 micromole,15.75 microliter,C4H8O2,O,water,1.75 milligram,97.1412711629198 micromole,1.75 microliter,H2O,Cc1cc(-c2cnn(C)c2)ccc1N1CCCC1=O,suzuki_product_0,0.0 milligram,0.0 micromole,0 microliter,C15H17N3O,Cc1ccccc1N1CCCC1=O,dehalogenation_0,0.0 milligram,0.0 micromole,0 microliter,C11H13NO,Cn1cccn1,deborylation_0,0.0 milligram,0.0 micromole,0 microliter,C4H6N2,CC1=C(N2CCCC2=O)C=CC(Br)=C1.CC1(C)OB(C2=CN(C)N=C2)OC1(C)C>>Cc1cc(-c2cnn(C)c2)ccc1N1CCCC1=O.Cc1ccccc1N1CCCC1=O.Cn1cccn1,004_RLN-NB-2443_011_A3,,,,,,,,,,,,,,,,,,,,,6/9/2023 12:05:57 AM,004_rln-nb-2443_011_a3.raw,2min_150_1200.EXP,004_RLN-NB-2443_011_A3,004_RLN-NB-2443_011_A3_004_RLN-NB-2443_011_A3_,Rxn_Opt_HSST3_2_98,Analog,1.5942448273855798,0,8.690368369492106,0,0,5.451087700089038,0.7343,0,0,0,False,82.05309820128,1.25,deborylation_0,0,0,0,0,0,203.360785973038,9.152205691452561,5.451087700089038,194.9,0.7343,0,0,0,0,0,0,0,0,0,0,0,0,0,0,0,0,0,0,0,0,0,0,0,0,0,0,0,0,0,0,0,0,0,0,0,0,0,0,0,0,0,0,0,0,0,0,0,0,0,0,0,0,0,0,0,0,0,0,0,0,0,0,0,0,0,0,0,0,0,0,0,0,0,0,0,0,0,0,0,0,277.1982499776178,14.59085658276711,8.690368369492106,256.0,0.986,0.0,0.0,0.0,0.0,0.0,0.0,0.0,0.0,0.0,0.0,0.0,0.0,0.0,0.0,0.000637697930954232,159.42448273855797,0.0,0.0,0.0,0.0,0.0,0.0,0.0,0.0,0.0,0.0,0.0,0.0,0.0,0.0,0.0,0.0,0.0,0.0,0.0,0.0,0.0,0.0,0.0,0.0,0.0,0.0,0.0,0.0,0.0,0.0,0.0,0.0,0.0,0.0
3,A4,CC(C)C1=CC(C(C)C)=CC(C(C)C)=C1C2=C([P+](C3CCCCC3)([Pd-2]4(OS(C)(=O)=O)C(C=CC=C5)=C5C6=C([NH+]4C)C=CC=C6)C7CCCCC7)C=CC=C2,XPhos Pd G4,0.06883952 milligram,0.08000000000000002 micromole,0.06883952000000002 microliter,C47H64NO3PPdS,CC1=C(N2CCCC2=O)C=CC(Br)=C1,1-(4-bromo-2-methylphenyl)pyrrolidin-2-one,0.10165080000000001 milligram,0.4 micromole,0.10165080000000004 microliter,C11H12BrNO,CC1(C)OB(C2=CC3=C(NC=C3)C=C2)OC1(C)C,"5-(tetramethyl-1,3,2-dioxaborolan-2-yl)-1H-indole",0.11669520000000001 milligram,0.48000000000000004 micromole,0.11669520000000004 microliter,C14H18BNO2,[Na+].[Na+].[O-]C([O-])=O,Na2CO3,0.31796399999999997 milligram,3.0 micromole,0.317964 microliter,CNa2O3,CN1C=NC2=C1C(=O)N(C(=O)N2C)C,caffeine,0.0776764 milligram,0.4 micromole,0.07767640000000002 microliter,C8H10N4O2,C1COCCO1,dioxane,16.2225 milligram,184.12480421310696 micromole,15.75 microliter,C4H8O2,O,water,1.75 milligram,97.1412711629198 micromole,1.75 microliter,H2O,Cc1cc(-c2ccc3[nH]ccc3c2)ccc1N1CCCC1=O,suzuki_product_0,0.0 milligram,0.0 micromole,0 microliter,C19H18N2O,Cc1ccccc1N1CCCC1=O,dehalogenation_0,0.0 milligram,0.0 micromole,0 microliter,C11H13NO,c1ccc2[nH]ccc2c1,deborylation_0,0.0 milligram,0.0 micromole,0 microliter,C8H7N,CC1=C(N2CCCC2=O)C=CC(Br)=C1.CC1(C)OB(C2=CC3=C(NC=C3)C=C2)OC1(C)C>>Cc1cc(-c2ccc3[nH]ccc3c2)ccc1N1CCCC1=O.Cc1ccccc1N1CCCC1=O.c1ccc2[nH]ccc2c1,004_RLN-NB-2443_011_A4,,,,,,,,,,,,,,,,,,,,,6/9/2023 12:08:26 AM,004_rln-nb-2443_011_a4.raw,2min_150_1200.EXP,004_RLN-NB-2443_011_A4,004_RLN-NB-2443_011_A4_004_RLN-NB-2443_011_A4_00,Rxn_Opt_HSST3_2_98,Analog,2.3962427959070336,0,13.438455126793949,1.4543507762548575,1.0343,5.608135849066656,0.7326,13.438455126793949,1.1826,0,False,117.05784922892,1.25,deborylation_0,424.17482950075004,23.913898168092715,13.438455126793949,290.9,1.1826,178.80057383336938,9.979747548511982,5.608135849066656,195,0.7326,29.7525600968757,1.4543507762548578,0.817274854477547,176,1.0343,0,0,0,0,0,238.12551434657925,10.192382877016433,5.727626628043493,244.1,1.2693,0,0,0,0,0,0,0,0,0,0,0,0,0,0,0,0,0,0,0,0,0,0,0,0,0,0,0,0,0,0,0,0,0,0,0,0,0,0,0,0,0,0,0,0,0,0,0,0,0,0,0,0,0,0,0,0,0,0,0,0,0,0,0,0,0,424.17482950075004,23.913898168092715,13.438455126793949,290.9,1.1826,0.0,0.0,0.0,0.0,0.0,0.0,0.0,0.0,0.0,0.0,0.0009584971183628135,239.62427959070337,0.0,0.0,0.0009584971183628135,239.62427959070337,5.8292086816232416e-05,14.573021704058103,0.0,0.0,0.00040852267364362957,102.13066841090739,0.0,0.0,0.0,0.0,0.0,0.0,0.0,0.0,0.0,0.0,0.0,0.0,0.0,0.0,0.0,0.0,0.0,0.0,0.0,0.0,0.0,0.0,0.0,0.0,0.0,0.0,0.0,0.0
4,A5,CC(C)C1=CC(C(C)C)=CC(C(C)C)=C1C2=C([P+](C3CCCCC3)([Pd-2]4(OS(C)(=O)=O)C(C=CC=C5)=C5C6=C([NH+]4C)C=CC=C6)C7CCCCC7)C=CC=C2,XPhos Pd G4,0.06883952 milligram,0.08000000000000002 micromole,0.06883952000000002 microliter,C47H64NO3PPdS,CC1=C(N2CCCC2=O)C=CC(Br)=C1,1-(4-bromo-2-methylphenyl)pyrrolidin-2-one,0.10165080000000001 milligram,0.4 micromole,0.10165080000000004 microliter,C11H12BrNO,O=[N+](C1=CC=CC=C1B2OC(C)(C)C(C)(C)O2)[O-],"4,4,5,5-tetramethyl-2-(2-nitrophenyl)-1,3,2-dioxaborolane",0.11955599999999997 milligram,0.48000000000000004 micromole,0.119556 microliter,C12H16BNO4,[Na+].[Na+].[O-]C([O-])=O,Na2CO3,0.31796399999999997 milligram,3.0 micromole,0.317964 microliter,CNa2O3,CN1C=NC2=C1C(=O)N(C(=O)N2C)C,caffeine,0.0776764 milligram,0.4 micromole,0.07767640000000002 microliter,C8H10N4O2,C1COCCO1,dioxane,16.2225 milligram,184.12480421310696 micromole,15.75 microliter,C4H8O2,O,water,1.75 milligram,97.1412711629198 micromole,1.75 microliter,H2O,Cc1cc(-c2ccccc2[N+](=O)[O-])ccc1N1CCCC1=O,suzuki_product_0,0.0 milligram,0.0 micromole,0 microliter,C17H16N2O3,Cc1ccccc1N1CCCC1=O,dehalogenation_0,0.0 milligram,0.0 micromole,0 microliter,C11H13NO,O=[N+]([O-])c1ccccc1,deborylation_0,0.0 milligram,0.0 micromole,0 microliter,C6H5NO2,CC1=C(N2CCCC2=O)C=CC(Br)=C1.O=[N+](C1=CC=CC=C1B2OC(C)(C)C(C)(C)O2)[O-]>>Cc1cc(-c2ccccc2[N+](=O)[O-])ccc1N1CCCC1=O.Cc1ccccc1N1CCCC1=O.O=[N+]([O-])c1ccccc1,004_RLN-NB-2443_011_A5,,,,,,,,,,,,,,,,,,,,,6/9/2023 12:10:53 AM,004_rln-nb-2443_011_a5.raw,2min_150_1200.EXP,004_RLN-NB-2443_011_A5,004_RLN-NB-2443_011_A5_004_RLN-NB-2443_011_A5,Rxn_Opt_HSST3_2_98,Analog,2.359449641514782,0,11.691240683374245,0,0,4.955071079994906,0.7343,0,0,0,False,123.03202840392001,1.25,deborylation_0,0,0,0,0,0,190.40430908344618,10.64673825400564,4.955071079994906,195,0.7343,0,0,0,0,0,0,0,0,0,0,0,0,0,0,0,0,0,0,0,0,0,0,0,0,0,0,0,0,0,0,0,0,0,0,0,0,0,0,0,0,0,0,0,0,0,0,0,0,0,0,0,0,0,0,0,0,0,0,0,0,0,0,0,0,0,0,0,0,0,0,0,0,0,0,0,0,0,0,0,0,361.3462443623406,25.12044275671532,11.691240683374245,297.0,1.206,0.0,0.0,0.0,0.0,0.0,0.0,0.0,0.0,0.0,0.0,0.0,0.0,0.0,0.0,0.0009437798566059128,235.9449641514782,0.0,0.0,0.0,0.0,0.0,0.0,0.0,0.0,0.0,0.0,0.0,0.0,0.0,0.0,0.0,0.0,0.0,0.0,0.0,0.0,0.0,0.0,0.0,0.0,0.0,0.0,0.0,0.0,0.0,0.0,0.0,0.0,0.0,0.0
5,A6,CC(C)C1=CC(C(C)C)=CC(C(C)C)=C1C2=C([P+](C3CCCCC3)([Pd-2]4(OS(C)(=O)=O)C(C=CC=C5)=C5C6=C([NH+]4C)C=CC=C6)C7CCCCC7)C=CC=C2,XPhos Pd G4,0.06883952 milligram,0.08000000000000002 micromole,0.06883952000000002 microliter,C47H64NO3PPdS,CC1=C(N2CCCC2=O)C=CC(Br)=C1,1-(4-bromo-2-methylphenyl)pyrrolidin-2-one,0.10165080000000001 milligram,0.4 micromole,0.10165080000000004 microliter,C11H12BrNO,O=C(O)C1=CC=CC(B2OC(C)(C)C(C)(C)O2)=C1,"3-(tetramethyl-1,3,2-dioxaborolan-2-yl)benzoic acid",0.11908175999999998 milligram,0.48000000000000004 micromole,0.11908176000000001 microliter,C13H17BO4,[Na+].[Na+].[O-]C([O-])=O,Na2CO3,0.31796399999999997 milligram,3.0 micromole,0.317964 microliter,CNa2O3,CN1C=NC2=C1C(=O)N(C(=O)N2C)C,caffeine,0.0776764 milligram,0.4 micromole,0.07767640000000002 microliter,C8H10N4O2,C1COCCO1,dioxane,16.2225 milligram,184.12480421310696 micromole,15.75 microliter,C4H8O2,O,water,1.75 milligram,97.1412711629198 micromole,1.75 microliter,H2O,Cc1cc(-c2cccc(C(=O)O)c2)ccc1N1CCCC1=O,suzuki_product_0,0.0 milligram,0.0 micromole,0 microliter,C18H17NO3,Cc1ccccc1N1CCCC1=O,dehalogenation_0,0.0 milligram,0.0 micromole,0 microliter,C11H13NO,O=C(O)c1ccccc1,deborylation_0,0.0 milligram,0.0 micromole,0 microliter,C7H6O2,CC1=C(N2CCCC2=O)C=CC(Br)=C1.O=C(O)C1=CC=CC(B2OC(C)(C)C(C)(C)O2)=C1>>Cc1cc(-c2cccc(C(=O)O)c2)ccc1N1CCCC1=O.Cc1ccccc1N1CCCC1=O.O=C(O)c1ccccc1,004_RLN-NB-2443_011_A6,,,,,,,,,,,,,,,,,,,,,6/9/2023 12:13:20 AM,004_rln-nb-2443_011_a6.raw,2min_150_1200.EXP,004_RLN-NB-2443_011_A6,004_RLN-NB-2443_011_A6_004_RLN-NB-2443_011_A6_00,Rxn_Opt_HSST3_2_98,Analog,1.0026502862908095,0,4.518559447348822,0,0,4.506615625737981,0.736,1.3526077508864824,1.1876,0,False,122.03677943156,1.25,deborylation_0,56.22854962306488,2.7828533436976786,1.3526077508864824,253.9,1.1876,195.65467862491684,9.271904847969239,4.506615625737981,194.9,0.736,0,0,0,0,0,0,0,0,0,0,0,0,0,0,0,0,0,0,0,0,0,0,0,0,0,0,0,0,0,0,0,0,0,0,0,0,0,0,0,0,0,0,0,0,0,0,0,0,0,0,0,0,0,0,0,0,0,0,0,0,0,0,0,0,0,0,0,0,0,0,0,0,0,0,0,0,0,0,0,0,149.03854219866116,9.296478050277504,4.518559447348822,296.0,1.0793,0.0,0.0,0.0,0.0,0.0,0.0,0.0,0.0,0.0,0.0,0.00012005530209068907,30.013825522672267,0.0,0.0,0.00040106011451632384,100.26502862908096,0.0,0.0,0.0,0.0,0.0,0.0,0.0,0.0,0.0,0.0,0.0,0.0,0.0,0.0,0.0,0.0,0.0,0.0,0.0,0.0,0.0,0.0,0.0,0.0,0.0,0.0,0.0,0.0,0.0,0.0,0.0,0.0,0.0,0.0
6,A7,NC1=C(C=CC=C1)C2=C([Pd]OS(C)(=O)=O)C=CC=C2.CN(C)C3=CC=C(C=C3)P(C(C)(C)C)C(C)(C)C,APhos Pd G3,0.050809520000000004 milligram,0.08000000000000002 micromole,0.05080952000000002 microliter,C29H41N2O3PPdS,CC1=C(N2CCCC2=O)C=CC(Br)=C1,1-(4-bromo-2-methylphenyl)pyrrolidin-2-one,0.10165080000000001 milligram,0.4 micromole,0.10165080000000004 microliter,C11H12BrNO,B1(OC(C(O1)(C)C)(C)C)C2=CN(N=C2C)C,"1,3-dimethyl-4-(4,4,5,5-tetramethyl-1,3,2-dioxaborolan-2-yl)-1H-pyrazole",0.10660655999999999 milligram,0.48000000000000004 micromole,0.10660656000000002 microliter,C11H19BN2O2,[Na+].[Na+].[O-]C([O-])=O,Na2CO3,0.31796399999999997 milligram,3.0 micromole,0.317964 microliter,CNa2O3,CN1C=NC2=C1C(=O)N(C(=O)N2C)C,caffeine,0.0776764 milligram,0.4 micromole,0.07767640000000002 microliter,C8H10N4O2,C1COCCO1,dioxane,16.2225 milligram,184.12480421310696 micromole,15.75 microliter,C4H8O2,O,water,1.75 milligram,97.1412711629198 micromole,1.75 microliter,H2O,Cc1cc(-c2cn(C)nc2C)ccc1N1CCCC1=O,suzuki_product_0,0.0 milligram,0.0 micromole,0 microliter,C16H19N3O,Cc1ccccc1N1CCCC1=O,dehalogenation_0,0.0 milligram,0.0 micromole,0 microliter,C11H13NO,Cc1ccn(C)n1,deborylation_0,0.0 milligram,0.0 micromole,0 microliter,C5H8N2,CC1=C(N2CCCC2=O)C=CC(Br)=C1.B1(OC(C(O1)(C)C)(C)C)C2=CN(N=C2C)C>>Cc1cc(-c2cn(C)nc2C)ccc1N1CCCC1=O.Cc1ccccc1N1CCCC1=O.Cc1ccn(C)n1,004_RLN-NB-2443_011_A7,,,,,,,,,,,,,,,,,,,,,6/9/2023 12:15:47 AM,004_rln-nb-2443_011_a7.raw,2min_150_1200.EXP,004_RLN-NB-2443_011_A7,004_RLN-NB-2443_011_A7_004_RLN-NB-2443_011_A7,Rxn_Opt_HSST3_2_98,Analog,1.1026467115391438,0,5.245729909250571,0,0,4.757398588645179,0.7343,0,0,0,False,96.06874826542,1.25,deborylation_0,0,0,0,0,0,176.22597687673354,13.715395693597712,4.757398588645179,195,0.7343,0,0,0,0,0,0,0,0,0,0,0,0,0,0,0,0,0,0,0,0,0,0,0,0,0,0,0,0,0,0,0,0,0,0,0,0,0,0,0,0,0,0,0,0,0,0,0,0,0,0,0,0,0,0,0,0,0,0,0,0,0,0,0,0,0,0,0,0,0,0,0,0,0,0,0,0,0,0,0,0,114.95912632860626,15.123235959003653,5.245729909250571,270.0,1.0026,0.0,0.0,0.0,0.0,0.0,0.0,0.0,0.0,0.0,0.0,0.0,0.0,0.0,0.0,0.00044105868461565754,110.26467115391438,0.0,0.0,0.0,0.0,0.0,0.0,0.0,0.0,0.0,0.0,0.0,0.0,0.0,0.0,0.0,0.0,0.0,0.0,0.0,0.0,0.0,0.0,0.0,0.0,0.0,0.0,0.0,0.0,0.0,0.0,0.0,0.0,0.0,0.0
7,A8,NC1=C(C=CC=C1)C2=C([Pd]OS(C)(=O)=O)C=CC=C2.CN(C)C3=CC=C(C=C3)P(C(C)(C)C)C(C)(C)C,APhos Pd G3,0.050809520000000004 milligram,0.08000000000000002 micromole,0.05080952000000002 microliter,C29H41N2O3PPdS,CC1=C(N2CCCC2=O)C=CC(Br)=C1,1-(4-bromo-2-methylphenyl)pyrrolidin-2-one,0.10165080000000001 milligram,0.4 micromole,0.10165080000000004 microliter,C11H12BrNO,B1(OC(C(O1)(C)C)(C)C)C2=CN=C(C=C2)C,"2-methyl-5-(4,4,5,5-tetramethyl-1,3,2-dioxaborolan-2-yl)pyridine",0.10516464 milligram,0.48000000000000004 micromole,0.10516464000000003 microliter,C12H18BNO2,[Na+].[Na+].[O-]C([O-])=O,Na2CO3,0.31796399999999997 milligram,3.0 micromole,0.317964 microliter,CNa2O3,CN1C=NC2=C1C(=O)N(C(=O)N2C)C,caffeine,0.0776764 milligram,0.4 micromole,0.07767640000000002 microliter,C8H10N4O2,C1COCCO1,dioxane,16.2225 milligram,184.12480421310696 micromole,15.75 microliter,C4H8O2,O,water,1.75 milligram,97.1412711629198 micromole,1.75 microliter,H2O,Cc1ccc(-c2ccc(N3CCCC3=O)c(C)c2)cn1,suzuki_product_0,0.0 milligram,0.0 micromole,0 microliter,C17H18N2O,Cc1ccccc1N1CCCC1=O,dehalogenation_0,0.0 milligram,0.0 micromole,0 microliter,C11H13NO,Cc1ccccn1,deborylation_0,0.0 milligram,0.0 micromole,0 microliter,C6H7N,CC1=C(N2CCCC2=O)C=CC(Br)=C1.B1(OC(C(O1)(C)C)(C)C)C2=CN=C(C=C2)C>>Cc1ccc(-c2ccc(N3CCCC3=O)c(C)c2)cn1.Cc1ccccc1N1CCCC1=O.Cc1ccccn1,004_RLN-NB-2443_011_A8,,,,,,,,,,,,,,,,,,,,,6/9/2023 12:18:14 AM,004_rln-nb-2443_011_a8.raw,2min_150_1200.EXP,004_RLN-NB-2443_011_A8,004_RLN-NB-2443_011_A8_004_RLN-NB-2443_011_A8_0,Rxn_Opt_HSST3_2_98,Analog,0.215373710603302,0,1.1504805565649006,0,0,5.34178732094177,0.7343,6.512802531717945,1.1726,0,False,93.05784922892,1.25,deborylation_0,167.8002150543747,26.142536291362557,6.512802531717945,282.1,1.1726,190.6255903601434,21.442054817163985,5.34178732094177,194.9,0.7343,0,0,0,0,0,0,0,0,0,0,0,0,0,0,0,0,0,0,0,0,0,0,0,0,0,0,0,0,0,0,0,0,0,0,0,0,0,0,0,0,0,0,0,0,0,0,0,0,0,0,0,0,0,0,0,0,0,0,0,0,0,0,0,0,0,0,0,0,0,0,0,0,0,0,0,0,0,0,0,0,43.8744728785342,4.618054908932014,1.1504805565649006,267.0,0.7776,0.0,0.0,0.0,0.0,0.0,0.0,0.0,0.0,0.0,0.0,0.0004876871459247631,121.92178648119076,0.0,0.0,8.61494842413208e-05,21.537371060330194,0.0,0.0,0.0,0.0,0.0,0.0,0.0,0.0,0.0,0.0,0.0,0.0,0.0,0.0,0.0,0.0,0.0,0.0,0.0,0.0,0.0,0.0,0.0,0.0,0.0,0.0,0.0,0.0,0.0,0.0,0.0,0.0,0.0,0.0
8,A9,NC1=C(C=CC=C1)C2=C([Pd]OS(C)(=O)=O)C=CC=C2.CN(C)C3=CC=C(C=C3)P(C(C)(C)C)C(C)(C)C,APhos Pd G3,0.050809520000000004 milligram,0.08000000000000002 micromole,0.05080952000000002 microliter,C29H41N2O3PPdS,CC1=C(N2CCCC2=O)C=CC(Br)=C1,1-(4-bromo-2-methylphenyl)pyrrolidin-2-one,0.10165080000000001 milligram,0.4 micromole,0.10165080000000004 microliter,C11H12BrNO,CC1(C)OB(C2=CN(C)N=C2)OC1(C)C,"1-methyl-4-(tetramethyl-1,3,2-dioxaborolan-2-yl)-1H-pyrazole",0.09987359999999999 milligram,0.48000000000000004 micromole,0.09987360000000002 microliter,C10H17BN2O2,[Na+].[Na+].[O-]C([O-])=O,Na2CO3,0.31796399999999997 milligram,3.0 micromole,0.317964 microliter,CNa2O3,CN1C=NC2=C1C(=O)N(C(=O)N2C)C,caffeine,0.0776764 milligram,0.4 micromole,0.07767640000000002 microliter,C8H10N4O2,C1COCCO1,dioxane,16.2225 milligram,184.12480421310696 micromole,15.75 microliter,C4H8O2,O,water,1.75 milligram,97.1412711629198 micromole,1.75 microliter,H2O,Cc1cc(-c2cnn(C)c2)ccc1N1CCCC1=O,suzuki_product_0,0.0 milligram,0.0 micromole,0 microliter,C15H17N3O,Cc1ccccc1N1CCCC1=O,dehalogenation_0,0.0 milligram,0.0 micromole,0 microliter,C11H13NO,Cn1cccn1,deborylation_0,0.0 milligram,0.0 micromole,0 microliter,C4H6N2,CC1=C(N2CCCC2=O)C=CC(Br)=C1.CC1(C)OB(C2=CN(C)N=C2)OC1(C)C>>Cc1cc(-c2cnn(C)c2)ccc1N1CCCC1=O.Cc1ccccc1N1CCCC1=O.Cn1cccn1,004_RLN-NB-2443_011_A9,,,,,,,,,,,,,,,,,,,,,6/9/2023 12:20:41 AM,004_rln-nb-2443_011_a9.raw,2min_150_1200.EXP,004_RLN-NB-2443_011_A9,004_RLN-NB-2443_011_A9_004_RLN-NB-2443_011_A9,Rxn_Opt_HSST3_2_98,Analog,1.8189909002124376,0,9.84620051560345,0,0,5.413001524336116,0.736,0,0,0,False,82.05309820128,1.25,deborylation_0,0,0,0,0,0,206.11174211520662,17.17261041252897,5.413001524336116,195.1,0.736,0,0,0,0,0,0,0,0,0,0,0,0,0,0,0,0,0,0,0,0,0,0,0,0,0,0,0,0,0,0,0,0,0,0,0,0,0,0,0,0,0,0,0,0,0,0,0,0,0,0,0,0,0,0,0,0,0,0,0,0,0,0,0,0,0,0,0,0,0,0,0,0,0,0,0,0,0,0,0,0,261.65883914722895,31.236822073283555,9.84620051560345,255.8,0.9843,0.0,0.0,0.0,0.0,0.0,0.0,0.0,0.0,0.0,0.0,0.0,0.0,0.0,0.0,0.000727596360084975,181.89909002124375,0.0,0.0,0.0,0.0,0.0,0.0,0.0,0.0,0.0,0.0,0.0,0.0,0.0,0.0,0.0,0.0,0.0,0.0,0.0,0.0,0.0,0.0,0.0,0.0,0.0,0.0,0.0,0.0,0.0,0.0,0.0,0.0,0.0,0.0
9,A10,NC1=C(C=CC=C1)C2=C([Pd]OS(C)(=O)=O)C=CC=C2.CN(C)C3=CC=C(C=C3)P(C(C)(C)C)C(C)(C)C,APhos Pd G3,0.050809520000000004 milligram,0.08000000000000002 micromole,0.05080952000000002 microliter,C29H41N2O3PPdS,CC1=C(N2CCCC2=O)C=CC(Br)=C1,1-(4-bromo-2-methylphenyl)pyrrolidin-2-one,0.10165080000000001 milligram,0.4 micromole,0.10165080000000004 microliter,C11H12BrNO,CC1(C)OB(C2=CC3=C(NC=C3)C=C2)OC1(C)C,"5-(tetramethyl-1,3,2-dioxaborolan-2-yl)-1H-indole",0.11669520000000001 milligram,0.48000000000000004 micromole,0.11669520000000004 microliter,C14H18BNO2,[Na+].[Na+].[O-]C([O-])=O,Na2CO3,0.31796399999999997 milligram,3.0 micromole,0.317964 microliter,CNa2O3,CN1C=NC2=C1C(=O)N(C(=O)N2C)C,caffeine,0.0776764 milligram,0.4 micromole,0.07767640000000002 microliter,C8H10N4O2,C1COCCO1,dioxane,16.2225 milligram,184.12480421310696 micromole,15.75 microliter,C4H8O2,O,water,1.75 milligram,97.1412711629198 micromole,1.75 microliter,H2O,Cc1cc(-c2ccc3[nH]ccc3c2)ccc1N1CCCC1=O,suzuki_product_0,0.0 milligram,0.0 micromole,0 microliter,C19H18N2O,Cc1ccccc1N1CCCC1=O,dehalogenation_0,0.0 milligram,0.0 micromole,0 microliter,C11H13NO,c1ccc2[nH]ccc2c1,deborylation_0,0.0 milligram,0.0 micromole,0 microliter,C8H7N,CC1=C(N2CCCC2=O)C=CC(Br)=C1.CC1(C)OB(C2=CC3=C(NC=C3)C=C2)OC1(C)C>>Cc1cc(-c2ccc3[nH]ccc3c2)ccc1N1CCCC1=O.Cc1ccccc1N1CCCC1=O.c1ccc2[nH]ccc2c1,004_RLN-NB-2443_011_A10,,,,,,,,,,,,,,,,,,,,,6/9/2023 12:23:09 AM,004_rln-nb-2443_011_a10.raw,2min_150_1200.EXP,004_RLN-NB-2443_011_A10,004_RLN-NB-2443_011_A10_004_RLN-NB-2443_011_A10,Rxn_Opt_HSST3_2_98,Analog,2.106961256096027,0,9.657151245298428,0,0,4.583449846245436,0.736,9.657151245298428,1.1843,0,False,117.05784922892,1.25,deborylation_0,274.2659202762006,37.30120303734502,9.657151245298428,291.1,1.1843,181.50607883065405,17.703791623800495,4.583449846245436,194.9,0.736,0,0,0,0,0,0,0,0,0,0,0,0,0,0,0,0,0,0,0,0,0,0,0,0,0,0,0,0,0,0,0,0,0,0,0,0,0,0,0,0,0,0,0,0,0,0,0,0,0,0,0,0,0,0,0,0,0,0,0,0,0,0,0,0,0,0,0,0,0,0,0,0,0,0,0,0,0,0,0,0,274.2659202762006,37.30120303734502,9.657151245298428,291.1,1.1843,0.0,0.0,0.0,0.0,0.0,0.0,0.0,0.0,0.0,0.0,0.0008427845024384109,210.69612560960272,0.0,0.0,0.0008427845024384109,210.69612560960272,0.0,0.0,0.0,0.0,0.0,0.0,0.0,0.0,0.0,0.0,0.0,0.0,0.0,0.0,0.0,0.0,0.0,0.0,0.0,0.0,0.0,0.0,0.0,0.0,0.0,0.0,0.0,0.0,0.0,0.0,0.0,0.0,0.0,0.0
10,A11,NC1=C(C=CC=C1)C2=C([Pd]OS(C)(=O)=O)C=CC=C2.CN(C)C3=CC=C(C=C3)P(C(C)(C)C)C(C)(C)C,APhos Pd G3,0.050809520000000004 milligram,0.08000000000000002 micromole,0.05080952000000002 microliter,C29H41N2O3PPdS,CC1=C(N2CCCC2=O)C=CC(Br)=C1,1-(4-bromo-2-methylphenyl)pyrrolidin-2-one,0.10165080000000001 milligram,0.4 micromole,0.10165080000000004 microliter,C11H12BrNO,O=[N+](C1=CC=CC=C1B2OC(C)(C)C(C)(C)O2)[O-],"4,4,5,5-tetramethyl-2-(2-nitrophenyl)-1,3,2-dioxaborolane",0.11955599999999997 milligram,0.48000000000000004 micromole,0.119556 microliter,C12H16BNO4,[Na+].[Na+].[O-]C([O-])=O,Na2CO3,0.31796399999999997 milligram,3.0 micromole,0.317964 microliter,CNa2O3,CN1C=NC2=C1C(=O)N(C(=O)N2C)C,caffeine,0.0776764 milligram,0.4 micromole,0.07767640000000002 microliter,C8H10N4O2,C1COCCO1,dioxane,16.2225 milligram,184.12480421310696 micromole,15.75 microliter,C4H8O2,O,water,1.75 milligram,97.1412711629198 micromole,1.75 microliter,H2O,Cc1cc(-c2ccccc2[N+](=O)[O-])ccc1N1CCCC1=O,suzuki_product_0,0.0 milligram,0.0 micromole,0 microliter,C17H16N2O3,Cc1ccccc1N1CCCC1=O,dehalogenation_0,0.0 milligram,0.0 micromole,0 microliter,C11H13NO,O=[N+]([O-])c1ccccc1,deborylation_0,0.0 milligram,0.0 micromole,0 microliter,C6H5NO2,CC1=C(N2CCCC2=O)C=CC(Br)=C1.O=[N+](C1=CC=CC=C1B2OC(C)(C)C(C)(C)O2)[O-]>>Cc1cc(-c2ccccc2[N+](=O)[O-])ccc1N1CCCC1=O.Cc1ccccc1N1CCCC1=O.O=[N+]([O-])c1ccccc1,004_RLN-NB-2443_011_A11,,,,,,,,,,,,,,,,,,,,,6/9/2023 12:25:36 AM,004_rln-nb-2443_011_a11.raw,2min_150_1200.EXP,004_RLN-NB-2443_011_A11,004_RLN-NB-2443_011_A11_004_RLN-NB-2443_011_,Rxn_Opt_HSST3_2_98,Analog,0.8457408117591091,0,4.630034475150898,0,0,5.474531216627232,0.736,4.381408709172485,1.186,0,False,123.03202840392001,1.25,deborylation_0,142.94654171999034,18.576014490348083,4.381408709172485,282.1,1.186,210.16103299602986,23.210564902341076,5.474531216627232,194.9,0.736,0,0,0,0,0,0,0,0,0,0,0,0,0,0,0,0,0,0,0,0,0,0,0,0,0,0,0,0,0,0,0,0,0,0,0,0,0,0,0,0,0,0,0,0,0,0,0,0,0,0,0,0,0,0,0,0,0,0,0,0,0,0,0,0,0,0,0,0,0,0,0,0,0,0,0,0,0,0,0,0,153.7068622589991,19.63012200189343,4.630034475150898,297.0,1.2076,0.0,0.0,0.0,0.0,0.0,0.0,0.0,0.0,0.0,0.0,0.0003201303297615899,80.03258244039748,0.0,0.0,0.00033829632470364367,84.5740811759109,0.0,0.0,0.0,0.0,0.0,0.0,0.0,0.0,0.0,0.0,0.0,0.0,0.0,0.0,0.0,0.0,0.0,0.0,0.0,0.0,0.0,0.0,0.0,0.0,0.0,0.0,0.0,0.0,0.0,0.0,0.0,0.0,0.0,0.0
11,A12,NC1=C(C=CC=C1)C2=C([Pd]OS(C)(=O)=O)C=CC=C2.CN(C)C3=CC=C(C=C3)P(C(C)(C)C)C(C)(C)C,APhos Pd G3,0.050809520000000004 milligram,0.08000000000000002 micromole,0.05080952000000002 microliter,C29H41N2O3PPdS,CC1=C(N2CCCC2=O)C=CC(Br)=C1,1-(4-bromo-2-methylphenyl)pyrrolidin-2-one,0.10165080000000001 milligram,0.4 micromole,0.10165080000000004 microliter,C11H12BrNO,O=C(O)C1=CC=CC(B2OC(C)(C)C(C)(C)O2)=C1,"3-(tetramethyl-1,3,2-dioxaborolan-2-yl)benzoic acid",0.11908175999999998 milligram,0.48000000000000004 micromole,0.11908176000000001 microliter,C13H17BO4,[Na+].[Na+].[O-]C([O-])=O,Na2CO3,0.31796399999999997 milligram,3.0 micromole,0.317964 microliter,CNa2O3,CN1C=NC2=C1C(=O)N(C(=O)N2C)C,caffeine,0.0776764 milligram,0.4 micromole,0.07767640000000002 microliter,C8H10N4O2,C1COCCO1,dioxane,16.2225 milligram,184.12480421310696 micromole,15.75 microliter,C4H8O2,O,water,1.75 milligram,97.1412711629198 micromole,1.75 microliter,H2O,Cc1cc(-c2cccc(C(=O)O)c2)ccc1N1CCCC1=O,suzuki_product_0,0.0 milligram,0.0 micromole,0 microliter,C18H17NO3,Cc1ccccc1N1CCCC1=O,dehalogenation_0,0.0 milligram,0.0 micromole,0 microliter,C11H13NO,O=C(O)c1ccccc1,deborylation_0,0.0 milligram,0.0 micromole,0 microliter,C7H6O2,CC1=C(N2CCCC2=O)C=CC(Br)=C1.O=C(O)C1=CC=CC(B2OC(C)(C)C(C)(C)O2)=C1>>Cc1cc(-c2cccc(C(=O)O)c2)ccc1N1CCCC1=O.Cc1ccccc1N1CCCC1=O.O=C(O)c1ccccc1,004_RLN-NB-2443_011_A12,,,,,,,,,,,,,,,,,,,,,6/9/2023 12:28:03 AM,004_rln-nb-2443_011_a12.raw,2min_150_1200.EXP,004_RLN-NB-2443_011_A12,004_RLN-NB-2443_011_A12_004_RLN-NB-2443_011_A12,Rxn_Opt_HSST3_2_98,Analog,0.9083219824934695,0,3.8425780460681396,0,0,4.230414016315812,0.736,2.3608853152168394,1.186,0,False,122.03677943156,1.25,deborylation_0,106.17597499559918,8.678723746836054,2.3608853152168394,255.8,1.186,183.25448385569638,15.551197826386588,4.230414016315812,195,0.736,0,0,0,0,0,0,0,0,0,0,0,0,0,0,0,0,0,0,0,0,0,0,0,0,0,0,0,0,0,0,0,0,0,0,0,0,0,0,0,0,0,0,0,0,0,0,0,0,0,0,0,0,0,0,0,0,0,0,0,0,0,0,0,0,0,0,0,0,0,0,0,0,0,0,0,0,0,0,0,0,156.75971312713023,14.1254948398116,3.8425780460681396,296.0,1.081,0.0,0.0,0.0,0.0,0.0,0.0,0.0,0.0,0.0,0.0,0.0002232297175748193,55.80742939370482,0.0,0.0,0.0003633287929973878,90.83219824934694,0.0,0.0,0.0,0.0,0.0,0.0,0.0,0.0,0.0,0.0,0.0,0.0,0.0,0.0,0.0,0.0,0.0,0.0,0.0,0.0,0.0,0.0,0.0,0.0,0.0,0.0,0.0,0.0,0.0,0.0,0.0,0.0,0.0,0.0
12,A13,[Fe].Cl[Pd]Cl.[CH]1[CH][CH][C]([CH]1)P(C2CCCCC2)C3CCCCC3.[CH]4[CH][CH][C]([CH]4)P(C5CCCCC5)C6CCCCC6,PdCl2(dcypf),0.06047272000000001 milligram,0.08000000000000002 micromole,0.06047272000000002 microliter,C34H52Cl2FeP2Pd,CC1=C(N2CCCC2=O)C=CC(Br)=C1,1-(4-bromo-2-methylphenyl)pyrrolidin-2-one,0.10165080000000001 milligram,0.4 micromole,0.10165080000000004 microliter,C11H12BrNO,B1(OC(C(O1)(C)C)(C)C)C2=CN(N=C2C)C,"1,3-dimethyl-4-(4,4,5,5-tetramethyl-1,3,2-dioxaborolan-2-yl)-1H-pyrazole",0.10660655999999999 milligram,0.48000000000000004 micromole,0.10660656000000002 microliter,C11H19BN2O2,[Na+].[Na+].[O-]C([O-])=O,Na2CO3,0.31796399999999997 milligram,3.0 micromole,0.317964 microliter,CNa2O3,CN1C=NC2=C1C(=O)N(C(=O)N2C)C,caffeine,0.0776764 milligram,0.4 micromole,0.07767640000000002 microliter,C8H10N4O2,C1COCCO1,dioxane,16.2225 milligram,184.12480421310696 micromole,15.75 microliter,C4H8O2,O,water,1.75 milligram,97.1412711629198 micromole,1.75 microliter,H2O,Cc1cc(-c2cn(C)nc2C)ccc1N1CCCC1=O,suzuki_product_0,0.0 milligram,0.0 micromole,0 microliter,C16H19N3O,Cc1ccccc1N1CCCC1=O,dehalogenation_0,0.0 milligram,0.0 micromole,0 microliter,C11H13NO,Cc1ccn(C)n1,deborylation_0,0.0 milligram,0.0 micromole,0 microliter,C5H8N2,CC1=C(N2CCCC2=O)C=CC(Br)=C1.B1(OC(C(O1)(C)C)(C)C)C2=CN(N=C2C)C>>Cc1cc(-c2cn(C)nc2C)ccc1N1CCCC1=O.Cc1ccccc1N1CCCC1=O.Cc1ccn(C)n1,004_RLN-NB-2443_011_A13,,,,,,,,,,,,,,,,,,,,,6/9/2023 12:30:30 AM,004_rln-nb-2443_011_a13.raw,2min_150_1200.EXP,004_RLN-NB-2443_011_A13,004_RLN-NB-2443_011_A13_004_RLN-NB-2443_011_,Rxn_Opt_HSST3_2_98,Analog,0.0904050860674025,0,0.4859196130634916,0,0,5.374914556258582,0.736,0,0,0,False,96.06874826542,1.25,deborylation_0,83.6111883199267,10.549666858743235,1.6173966675221256,255.8,1.191,205.7914511105722,35.05853517653676,5.374914556258582,194.9,0.736,0,0,0,0,0,0,0,0,0,0,0,0,0,0,0,0,0,0,0,0,0,0,0,0,0,0,0,0,0,0,0,0,0,0,0,0,0,0,0,0,0,0,0,0,0,0,0,0,0,0,0,0,0,0,0,0,0,0,0,0,0,0,0,0,0,0,0,0,0,0,0,0,0,0,0,0,0,0,0,0,29.419265047892388,4.426641097565813,0.6786597771649774,541.9,2.0336,0.0,0.0,0.0,0.0,0.0,0.0,0.0,0.0,0.0,0.0,0.00012036631656879602,30.091579142199006,0.0,0.0,5.0505716514115894e-05,12.626429128528974,0.0,0.0,0.0,0.0,0.0,0.0,0.0,0.0,0.0,0.0,0.0,0.0,0.0,0.0,0.0,0.0,0.0,0.0,0.0,0.0,0.0,0.0,0.0,0.0,0.0,0.0,0.0,0.0,0.0,0.0,0.0,0.0,0.0,0.0
13,A14,[Fe].Cl[Pd]Cl.[CH]1[CH][CH][C]([CH]1)P(C2CCCCC2)C3CCCCC3.[CH]4[CH][CH][C]([CH]4)P(C5CCCCC5)C6CCCCC6,PdCl2(dcypf),0.06047272000000001 milligram,0.08000000000000002 micromole,0.06047272000000002 microliter,C34H52Cl2FeP2Pd,CC1=C(N2CCCC2=O)C=CC(Br)=C1,1-(4-bromo-2-methylphenyl)pyrrolidin-2-one,0.10165080000000001 milligram,0.4 micromole,0.10165080000000004 microliter,C11H12BrNO,B1(OC(C(O1)(C)C)(C)C)C2=CN=C(C=C2)C,"2-methyl-5-(4,4,5,5-tetramethyl-1,3,2-dioxaborolan-2-yl)pyridine",0.10516464 milligram,0.48000000000000004 micromole,0.10516464000000003 microliter,C12H18BNO2,[Na+].[Na+].[O-]C([O-])=O,Na2CO3,0.31796399999999997 milligram,3.0 micromole,0.317964 microliter,CNa2O3,CN1C=NC2=C1C(=O)N(C(=O)N2C)C,caffeine,0.0776764 milligram,0.4 micromole,0.07767640000000002 microliter,C8H10N4O2,C1COCCO1,dioxane,16.2225 milligram,184.12480421310696 micromole,15.75 microliter,C4H8O2,O,water,1.75 milligram,97.1412711629198 micromole,1.75 microliter,H2O,Cc1ccc(-c2ccc(N3CCCC3=O)c(C)c2)cn1,suzuki_product_0,0.0 milligram,0.0 micromole,0 microliter,C17H18N2O,Cc1ccccc1N1CCCC1=O,dehalogenation_0,0.0 milligram,0.0 micromole,0 microliter,C11H13NO,Cc1ccccn1,deborylation_0,0.0 milligram,0.0 micromole,0 microliter,C6H7N,CC1=C(N2CCCC2=O)C=CC(Br)=C1.B1(OC(C(O1)(C)C)(C)C)C2=CN=C(C=C2)C>>Cc1ccc(-c2ccc(N3CCCC3=O)c(C)c2)cn1.Cc1ccccc1N1CCCC1=O.Cc1ccccn1,004_RLN-NB-2443_011_A14,,,,,,,,,,,,,,,,,,,,,6/9/2023 12:32:59 AM,004_rln-nb-2443_011_a14.raw,2min_150_1200.EXP,004_RLN-NB-2443_011_A14,004_RLN-NB-2443_011_A14_004_RLN-NB-2443_011_A1,Rxn_Opt_HSST3_2_98,Analog,0.08553601823193667,0,0.4447540576880589,0,0,5.199611425470827,0.736,1.590862734638265,1.1893,0,False,93.05784922892,1.25,deborylation_0,80.9111747310413,11.372432095451657,1.590862734638265,255.8,1.1893,207.31440425630765,37.169912005228554,5.199611425470827,194.9,0.736,0,0,0,0,0,0,0,0,0,0,0,0,0,0,0,0,0,0,0,0,0,0,0,0,0,0,0,0,0,0,0,0,0,0,0,0,0,0,0,0,0,0,0,0,0,0,0,0,0,0,0,0,0,0,0,0,0,0,0,0,0,0,0,0,0,0,0,0,0,0,0,0,0,0,0,0,0,0,0,0,21.353098149754974,3.1793662709587114,0.4447540576880589,266.9,0.776,0.0,0.0,0.0,0.0,0.0,0.0,0.0,0.0,0.0,0.0,0.0001223832017019781,30.595800425494517,0.0,0.0,3.421440729277467e-05,8.553601823193667,0.0,0.0,0.0,0.0,0.0,0.0,0.0,0.0,0.0,0.0,0.0,0.0,0.0,0.0,0.0,0.0,0.0,0.0,0.0,0.0,0.0,0.0,0.0,0.0,0.0,0.0,0.0,0.0,0.0,0.0,0.0,0.0,0.0,0.0
14,A15,[Fe].Cl[Pd]Cl.[CH]1[CH][CH][C]([CH]1)P(C2CCCCC2)C3CCCCC3.[CH]4[CH][CH][C]([CH]4)P(C5CCCCC5)C6CCCCC6,PdCl2(dcypf),0.06047272000000001 milligram,0.08000000000000002 micromole,0.06047272000000002 microliter,C34H52Cl2FeP2Pd,CC1=C(N2CCCC2=O)C=CC(Br)=C1,1-(4-bromo-2-methylphenyl)pyrrolidin-2-one,0.10165080000000001 milligram,0.4 micromole,0.10165080000000004 microliter,C11H12BrNO,CC1(C)OB(C2=CN(C)N=C2)OC1(C)C,"1-methyl-4-(tetramethyl-1,3,2-dioxaborolan-2-yl)-1H-pyrazole",0.09987359999999999 milligram,0.48000000000000004 micromole,0.09987360000000002 microliter,C10H17BN2O2,[Na+].[Na+].[O-]C([O-])=O,Na2CO3,0.31796399999999997 milligram,3.0 micromole,0.317964 microliter,CNa2O3,CN1C=NC2=C1C(=O)N(C(=O)N2C)C,caffeine,0.0776764 milligram,0.4 micromole,0.07767640000000002 microliter,C8H10N4O2,C1COCCO1,dioxane,16.2225 milligram,184.12480421310696 micromole,15.75 microliter,C4H8O2,O,water,1.75 milligram,97.1412711629198 micromole,1.75 microliter,H2O,Cc1cc(-c2cnn(C)c2)ccc1N1CCCC1=O,suzuki_product_0,0.0 milligram,0.0 micromole,0 microliter,C15H17N3O,Cc1ccccc1N1CCCC1=O,dehalogenation_0,0.0 milligram,0.0 micromole,0 microliter,C11H13NO,Cn1cccn1,deborylation_0,0.0 milligram,0.0 micromole,0 microliter,C4H6N2,CC1=C(N2CCCC2=O)C=CC(Br)=C1.CC1(C)OB(C2=CN(C)N=C2)OC1(C)C>>Cc1cc(-c2cnn(C)c2)ccc1N1CCCC1=O.Cc1ccccc1N1CCCC1=O.Cn1cccn1,004_RLN-NB-2443_011_A15,,,,,,,,,,,,,,,,,,,,,6/9/2023 12:35:26 AM,004_rln-nb-2443_011_a15.raw,2min_150_1200.EXP,004_RLN-NB-2443_011_A15,004_RLN-NB-2443_011_A15_004_RLN-NB-2443_011_,Rxn_Opt_HSST3_2_98,Analog,0.29475337772529914,0,1.6728641710370837,13.952802197803349,1.191,5.675470740817567,0.7376,1.6728641710370837,1.191,0,False,82.05309820128,1.25,deborylation_0,83.8219705279269,13.952802197803349,1.6728641710370837,255.9,1.191,219.53441067485957,47.33720884042564,5.675470740817567,194.9,0.7376,0,0,0,0,0,21.595257079303423,4.068045647257989,0.4877362778433597,273.8,1.031,0,0,0,0,0,0,0,0,0,0,0,0,0,0,0,0,0,0,0,0,0,0,0,0,0,0,0,0,0,0,0,0,0,0,0,0,0,0,0,0,0,0,0,0,0,0,0,0,0,0,0,0,0,0,0,0,0,0,0,0,0,0,0,0,0,0,0,0,0,0,83.8219705279269,13.952802197803349,1.6728641710370837,255.9,1.191,0.0,0.0,0.0,0.0,0.0,0.0,0.0,0.0,0.0,0.0,0.00011790135109011966,29.475337772529915,0.0,0.0,0.00011790135109011966,29.475337772529915,0.0,0.0,3.4375036018464255e-05,8.593759004616064,0.0,0.0,0.0,0.0,0.0,0.0,0.0,0.0,0.0,0.0,0.0,0.0,0.0,0.0,0.0,0.0,0.0,0.0,0.0,0.0,0.0,0.0,0.0,0.0,0.0,0.0,0.0,0.0,0.0,0.0
15,A16,[Fe].Cl[Pd]Cl.[CH]1[CH][CH][C]([CH]1)P(C2CCCCC2)C3CCCCC3.[CH]4[CH][CH][C]([CH]4)P(C5CCCCC5)C6CCCCC6,PdCl2(dcypf),0.06047272000000001 milligram,0.08000000000000002 micromole,0.06047272000000002 microliter,C34H52Cl2FeP2Pd,CC1=C(N2CCCC2=O)C=CC(Br)=C1,1-(4-bromo-2-methylphenyl)pyrrolidin-2-one,0.10165080000000001 milligram,0.4 micromole,0.10165080000000004 microliter,C11H12BrNO,CC1(C)OB(C2=CC3=C(NC=C3)C=C2)OC1(C)C,"5-(tetramethyl-1,3,2-dioxaborolan-2-yl)-1H-indole",0.11669520000000001 milligram,0.48000000000000004 micromole,0.11669520000000004 microliter,C14H18BNO2,[Na+].[Na+].[O-]C([O-])=O,Na2CO3,0.31796399999999997 milligram,3.0 micromole,0.317964 microliter,CNa2O3,CN1C=NC2=C1C(=O)N(C(=O)N2C)C,caffeine,0.0776764 milligram,0.4 micromole,0.07767640000000002 microliter,C8H10N4O2,C1COCCO1,dioxane,16.2225 milligram,184.12480421310696 micromole,15.75 microliter,C4H8O2,O,water,1.75 milligram,97.1412711629198 micromole,1.75 microliter,H2O,Cc1cc(-c2ccc3[nH]ccc3c2)ccc1N1CCCC1=O,suzuki_product_0,0.0 milligram,0.0 micromole,0 microliter,C19H18N2O,Cc1ccccc1N1CCCC1=O,dehalogenation_0,0.0 milligram,0.0 micromole,0 microliter,C11H13NO,c1ccc2[nH]ccc2c1,deborylation_0,0.0 milligram,0.0 micromole,0 microliter,C8H7N,CC1=C(N2CCCC2=O)C=CC(Br)=C1.CC1(C)OB(C2=CC3=C(NC=C3)C=C2)OC1(C)C>>Cc1cc(-c2ccc3[nH]ccc3c2)ccc1N1CCCC1=O.Cc1ccccc1N1CCCC1=O.c1ccc2[nH]ccc2c1,004_RLN-NB-2443_011_A16,,,,,,,,,,,,,,,,,,,,,6/9/2023 12:37:53 AM,004_rln-nb-2443_011_a16.raw,2min_150_1200.EXP,004_RLN-NB-2443_011_A16,004_RLN-NB-2443_011_A16_004_RLN-NB-2443_011_A1,Rxn_Opt_HSST3_2_98,Analog,0.69980982758654,0,3.669254291713722,0,0,5.243216295444171,0.736,3.669254291713722,1.1893,0,False,117.05784922892,1.25,deborylation_0,160.36275356522617,23.91618845168762,3.669254291713722,255.8,1.1893,199.6717227157346,34.17526806413717,5.243216295444171,194.9,0.736,0,0,0,0,0,0,0,0,0,0,86.17035977625815,18.33281357383691,2.812645293411793,243.9,1.2726,0,0,0,0,0,0,0,0,0,0,0,0,0,0,0,0,0,0,0,0,0,0,0,0,0,0,0,0,0,0,0,0,0,0,0,0,0,0,0,0,0,0,0,0,0,0,0,0,0,0,0,0,0,0,0,0,0,0,0,0,0,0,0,0,0,160.36275356522617,23.91618845168762,3.669254291713722,255.8,1.1893,0.0,0.0,0.0,0.0,0.0,0.0,0.0,0.0,0.0,0.0,0.000279923931034616,69.980982758654,0.0,0.0,0.000279923931034616,69.980982758654,0.0,0.0,0.0,0.0,0.00021457404271921413,53.643510679803526,0.0,0.0,0.0,0.0,0.0,0.0,0.0,0.0,0.0,0.0,0.0,0.0,0.0,0.0,0.0,0.0,0.0,0.0,0.0,0.0,0.0,0.0,0.0,0.0,0.0,0.0,0.0,0.0
16,A17,[Fe].Cl[Pd]Cl.[CH]1[CH][CH][C]([CH]1)P(C2CCCCC2)C3CCCCC3.[CH]4[CH][CH][C]([CH]4)P(C5CCCCC5)C6CCCCC6,PdCl2(dcypf),0.06047272000000001 milligram,0.08000000000000002 micromole,0.06047272000000002 microliter,C34H52Cl2FeP2Pd,CC1=C(N2CCCC2=O)C=CC(Br)=C1,1-(4-bromo-2-methylphenyl)pyrrolidin-2-one,0.10165080000000001 milligram,0.4 micromole,0.10165080000000004 microliter,C11H12BrNO,O=[N+](C1=CC=CC=C1B2OC(C)(C)C(C)(C)O2)[O-],"4,4,5,5-tetramethyl-2-(2-nitrophenyl)-1,3,2-dioxaborolane",0.11955599999999997 milligram,0.48000000000000004 micromole,0.119556 microliter,C12H16BNO4,[Na+].[Na+].[O-]C([O-])=O,Na2CO3,0.31796399999999997 milligram,3.0 micromole,0.317964 microliter,CNa2O3,CN1C=NC2=C1C(=O)N(C(=O)N2C)C,caffeine,0.0776764 milligram,0.4 micromole,0.07767640000000002 microliter,C8H10N4O2,C1COCCO1,dioxane,16.2225 milligram,184.12480421310696 micromole,15.75 microliter,C4H8O2,O,water,1.75 milligram,97.1412711629198 micromole,1.75 microliter,H2O,Cc1cc(-c2ccccc2[N+](=O)[O-])ccc1N1CCCC1=O,suzuki_product_0,0.0 milligram,0.0 micromole,0 microliter,C17H16N2O3,Cc1ccccc1N1CCCC1=O,dehalogenation_0,0.0 milligram,0.0 micromole,0 microliter,C11H13NO,O=[N+]([O-])c1ccccc1,deborylation_0,0.0 milligram,0.0 micromole,0 microliter,C6H5NO2,CC1=C(N2CCCC2=O)C=CC(Br)=C1.O=[N+](C1=CC=CC=C1B2OC(C)(C)C(C)(C)O2)[O-]>>Cc1cc(-c2ccccc2[N+](=O)[O-])ccc1N1CCCC1=O.Cc1ccccc1N1CCCC1=O.O=[N+]([O-])c1ccccc1,004_RLN-NB-2443_011_A17,,,,,,,,,,,,,,,,,,,,,6/9/2023 12:40:20 AM,004_rln-nb-2443_011_a17.raw,2min_150_1200.EXP,004_RLN-NB-2443_011_A17,004_RLN-NB-2443_011_A17_004_RLN-NB-2443_011,Rxn_Opt_HSST3_2_98,Analog,0,0,0,0,0,5.581362490652313,0.7376,3.1065188653010205,1.1926,0,False,123.03202840392001,1.25,deborylation_0,88.0791221642639,24.933004058408244,3.1065188653010205,255.9,1.1926,207.9349752951008,44.79616563261949,5.581362490652313,194.9,0.7376,0,0,0,0,0,0,0,0,0,0,0,0,0,0,0,0,0,0,0,0,0,0,0,0,0,0,0,0,0,0,0,0,0,0,0,0,0,0,0,0,0,0,0,0,0,0,0,0,0,0,0,0,0,0,0,0,0,0,0,0,0,0,0,0,0,0,0,0,0,0,0,0,0,0,0,0,0,0,0,0,0.0,0.0,0.0,0.0,0.0,0.0,0.0,0.0,0.0,0.0,0.0,0.0,0.0,0.0,0.0,0.0002226351626868049,55.65879067170122,0.0,0.0,0.0,0.0,0.0,0.0,0.0,0.0,0.0,0.0,0.0,0.0,0.0,0.0,0.0,0.0,0.0,0.0,0.0,0.0,0.0,0.0,0.0,0.0,0.0,0.0,0.0,0.0,0.0,0.0,0.0,0.0,0.0,0.0,0.0,0.0,0.0,0.0
17,A18,[Fe].Cl[Pd]Cl.[CH]1[CH][CH][C]([CH]1)P(C2CCCCC2)C3CCCCC3.[CH]4[CH][CH][C]([CH]4)P(C5CCCCC5)C6CCCCC6,PdCl2(dcypf),0.06047272000000001 milligram,0.08000000000000002 micromole,0.06047272000000002 microliter,C34H52Cl2FeP2Pd,CC1=C(N2CCCC2=O)C=CC(Br)=C1,1-(4-bromo-2-methylphenyl)pyrrolidin-2-one,0.10165080000000001 milligram,0.4 micromole,0.10165080000000004 microliter,C11H12BrNO,O=C(O)C1=CC=CC(B2OC(C)(C)C(C)(C)O2)=C1,"3-(tetramethyl-1,3,2-dioxaborolan-2-yl)benzoic acid",0.11908175999999998 milligram,0.48000000000000004 micromole,0.11908176000000001 microliter,C13H17BO4,[Na+].[Na+].[O-]C([O-])=O,Na2CO3,0.31796399999999997 milligram,3.0 micromole,0.317964 microliter,CNa2O3,CN1C=NC2=C1C(=O)N(C(=O)N2C)C,caffeine,0.0776764 milligram,0.4 micromole,0.07767640000000002 microliter,C8H10N4O2,C1COCCO1,dioxane,16.2225 milligram,184.12480421310696 micromole,15.75 microliter,C4H8O2,O,water,1.75 milligram,97.1412711629198 micromole,1.75 microliter,H2O,Cc1cc(-c2cccc(C(=O)O)c2)ccc1N1CCCC1=O,suzuki_product_0,0.0 milligram,0.0 micromole,0 microliter,C18H17NO3,Cc1ccccc1N1CCCC1=O,dehalogenation_0,0.0 milligram,0.0 micromole,0 microliter,C11H13NO,O=C(O)c1ccccc1,deborylation_0,0.0 milligram,0.0 micromole,0 microliter,C7H6O2,CC1=C(N2CCCC2=O)C=CC(Br)=C1.O=C(O)C1=CC=CC(B2OC(C)(C)C(C)(C)O2)=C1>>Cc1cc(-c2cccc(C(=O)O)c2)ccc1N1CCCC1=O.Cc1ccccc1N1CCCC1=O.O=C(O)c1ccccc1,004_RLN-NB-2443_011_A18,,,,,,,,,,,,,,,,,,,,,6/9/2023 12:42:48 AM,004_rln-nb-2443_011_a18.raw,2min_150_1200.EXP,004_RLN-NB-2443_011_A18,004_RLN-NB-2443_011_A18_004_RLN-NB-2443_011_A1,Rxn_Opt_HSST3_2_98,Analog,0.3577090617962206,0,1.960892299314838,0,0,5.48180772795719,0.736,1.7233264404280282,1.191,0,False,122.03677943156,1.25,deborylation_0,87.37235100626029,8.586721564121632,1.7233264404280282,253.8,1.191,227.7874139084318,27.31389452617433,5.48180772795719,195,0.736,0,0,0,0,0,0,0,0,0,0,0,0,0,0,0,0,0,0,0,0,0,0,0,0,0,0,0,0,0,0,0,0,0,0,0,0,0,0,0,0,0,0,0,0,0,0,0,0,0,0,0,0,0,0,0,0,0,0,0,0,0,0,0,0,0,0,0,0,0,0,0,0,0,0,0,0,0,0,0,0,74.30974734373177,9.770427584958744,1.960892299314838,295.9,1.081,0.0,0.0,0.0,0.0,0.0,0.0,0.0,0.0,0.0,0.0,0.0001257487694534832,31.437192363370798,0.0,0.0,0.00014308362471848824,35.77090617962206,0.0,0.0,0.0,0.0,0.0,0.0,0.0,0.0,0.0,0.0,0.0,0.0,0.0,0.0,0.0,0.0,0.0,0.0,0.0,0.0,0.0,0.0,0.0,0.0,0.0,0.0,0.0,0.0,0.0,0.0,0.0,0.0,0.0,0.0
18,A19,COC1=CC=C(C(P(C(C)(C)C)C(C)(C)C)=C1C2=C(C=C(C=C2C(C)C)C(C)C)C(C)C)OC.NC3=C(C=CC=C3)C4=C(C=CC=C4)[Pd]OS(C)(=O)=O,tBuBrettPhos Pd G3,0.06835544000000003 milligram,0.08000000000000002 micromole,0.06835544000000005 microliter,C44H62NO5PPdS,CC1=C(N2CCCC2=O)C=CC(Br)=C1,1-(4-bromo-2-methylphenyl)pyrrolidin-2-one,0.10165080000000001 milligram,0.4 micromole,0.10165080000000004 microliter,C11H12BrNO,B1(OC(C(O1)(C)C)(C)C)C2=CN(N=C2C)C,"1,3-dimethyl-4-(4,4,5,5-tetramethyl-1,3,2-dioxaborolan-2-yl)-1H-pyrazole",0.10660655999999999 milligram,0.48000000000000004 micromole,0.10660656000000002 microliter,C11H19BN2O2,[Na+].[Na+].[O-]C([O-])=O,Na2CO3,0.31796399999999997 milligram,3.0 micromole,0.317964 microliter,CNa2O3,CN1C=NC2=C1C(=O)N(C(=O)N2C)C,caffeine,0.0776764 milligram,0.4 micromole,0.07767640000000002 microliter,C8H10N4O2,C1COCCO1,dioxane,16.2225 milligram,184.12480421310696 micromole,15.75 microliter,C4H8O2,O,water,1.75 milligram,97.1412711629198 micromole,1.75 microliter,H2O,Cc1cc(-c2cn(C)nc2C)ccc1N1CCCC1=O,suzuki_product_0,0.0 milligram,0.0 micromole,0 microliter,C16H19N3O,Cc1ccccc1N1CCCC1=O,dehalogenation_0,0.0 milligram,0.0 micromole,0 microliter,C11H13NO,Cc1ccn(C)n1,deborylation_0,0.0 milligram,0.0 micromole,0 microliter,C5H8N2,CC1=C(N2CCCC2=O)C=CC(Br)=C1.B1(OC(C(O1)(C)C)(C)C)C2=CN(N=C2C)C>>Cc1cc(-c2cn(C)nc2C)ccc1N1CCCC1=O.Cc1ccccc1N1CCCC1=O.Cc1ccn(C)n1,004_RLN-NB-2443_011_A19,,,,,,,,,,,,,,,,,,,,,6/9/2023 12:45:17 AM,004_rln-nb-2443_011_a19.raw,2min_150_1200.EXP,004_RLN-NB-2443_011_A19,004_RLN-NB-2443_011_A19_004_RLN-NB-2443_011_A1,Rxn_Opt_HSST3_2_98,Analog,0,0,0,0,0,4.721619292045088,0.736,0.6853490698978913,1.191,0,False,96.06874826542,1.25,deborylation_0,33.50470691589072,1.4074728317828729,0.6853490698978913,255.8,1.191,193.57070339127628,9.696592827601632,4.721619292045088,195,0.736,0,0,0,0,0,0,0,0,0,0,0,0,0,0,0,0,0,0,0,0,0,0,0,0,0,0,0,0,0,0,0,0,0,0,0,0,0,0,0,0,0,0,0,0,0,0,0,0,0,0,0,0,0,0,0,0,0,0,0,0,0,0,0,0,0,0,0,0,0,0,0,0,0,0,0,0,0,0,0,0,0.0,0.0,0.0,0.0,0.0,0.0,0.0,0.0,0.0,0.0,0.0,0.0,0.0,0.0,0.0,5.806051081268301e-05,14.515127703170752,0.0,0.0,0.0,0.0,0.0,0.0,0.0,0.0,0.0,0.0,0.0,0.0,0.0,0.0,0.0,0.0,0.0,0.0,0.0,0.0,0.0,0.0,0.0,0.0,0.0,0.0,0.0,0.0,0.0,0.0,0.0,0.0,0.0,0.0,0.0,0.0,0.0,0.0
19,A20,COC1=CC=C(C(P(C(C)(C)C)C(C)(C)C)=C1C2=C(C=C(C=C2C(C)C)C(C)C)C(C)C)OC.NC3=C(C=CC=C3)C4=C(C=CC=C4)[Pd]OS(C)(=O)=O,tBuBrettPhos Pd G3,0.06835544000000003 milligram,0.08000000000000002 micromole,0.06835544000000005 microliter,C44H62NO5PPdS,CC1=C(N2CCCC2=O)C=CC(Br)=C1,1-(4-bromo-2-methylphenyl)pyrrolidin-2-one,0.10165080000000001 milligram,0.4 micromole,0.10165080000000004 microliter,C11H12BrNO,B1(OC(C(O1)(C)C)(C)C)C2=CN=C(C=C2)C,"2-methyl-5-(4,4,5,5-tetramethyl-1,3,2-dioxaborolan-2-yl)pyridine",0.10516464 milligram,0.48000000000000004 micromole,0.10516464000000003 microliter,C12H18BNO2,[Na+].[Na+].[O-]C([O-])=O,Na2CO3,0.31796399999999997 milligram,3.0 micromole,0.317964 microliter,CNa2O3,CN1C=NC2=C1C(=O)N(C(=O)N2C)C,caffeine,0.0776764 milligram,0.4 micromole,0.07767640000000002 microliter,C8H10N4O2,C1COCCO1,dioxane,16.2225 milligram,184.12480421310696 micromole,15.75 microliter,C4H8O2,O,water,1.75 milligram,97.1412711629198 micromole,1.75 microliter,H2O,Cc1ccc(-c2ccc(N3CCCC3=O)c(C)c2)cn1,suzuki_product_0,0.0 milligram,0.0 micromole,0 microliter,C17H18N2O,Cc1ccccc1N1CCCC1=O,dehalogenation_0,0.0 milligram,0.0 micromole,0 microliter,C11H13NO,Cc1ccccn1,deborylation_0,0.0 milligram,0.0 micromole,0 microliter,C6H7N,CC1=C(N2CCCC2=O)C=CC(Br)=C1.B1(OC(C(O1)(C)C)(C)C)C2=CN=C(C=C2)C>>Cc1ccc(-c2ccc(N3CCCC3=O)c(C)c2)cn1.Cc1ccccc1N1CCCC1=O.Cc1ccccn1,004_RLN-NB-2443_011_A20,,,,,,,,,,,,,,,,,,,,,6/9/2023 12:47:44 AM,004_rln-nb-2443_011_a20.raw,2min_150_1200.EXP,004_RLN-NB-2443_011_A20,004_RLN-NB-2443_011_A20_004_RLN-NB-2443_011_A20_,Rxn_Opt_HSST3_2_98,Analog,0,0,0,0,0,4.819327216472728,0.736,2.3048847100486,1.1876,0,False,93.05784922892,1.25,deborylation_0,87.39101484046924,4.203191280622068,2.3048847100486,255.9,1.1876,183.26214737917343,8.788532479056478,4.819327216472728,195,0.736,0,0,0,0,0,0,0,0,0,0,0,0,0,0,0,0,0,0,0,0,0,0,0,0,0,0,0,0,0,0,0,0,0,0,0,0,0,0,0,0,0,0,0,0,0,0,0,0,0,0,0,0,0,0,0,0,0,0,0,0,0,0,0,0,0,0,0,0,0,0,0,0,0,0,0,0,0,0,0,0,0.0,0.0,0.0,0.0,0.0,0.0,0.0,0.0,0.0,0.0,0.0,0.0,0.0,0.0,0.0,0.0001913034418721664,47.82586046804159,0.0,0.0,0.0,0.0,0.0,0.0,0.0,0.0,0.0,0.0,0.0,0.0,0.0,0.0,0.0,0.0,0.0,0.0,0.0,0.0,0.0,0.0,0.0,0.0,0.0,0.0,0.0,0.0,0.0,0.0,0.0,0.0,0.0,0.0,0.0,0.0,0.0,0.0
20,A21,COC1=CC=C(C(P(C(C)(C)C)C(C)(C)C)=C1C2=C(C=C(C=C2C(C)C)C(C)C)C(C)C)OC.NC3=C(C=CC=C3)C4=C(C=CC=C4)[Pd]OS(C)(=O)=O,tBuBrettPhos Pd G3,0.06835544000000003 milligram,0.08000000000000002 micromole,0.06835544000000005 microliter,C44H62NO5PPdS,CC1=C(N2CCCC2=O)C=CC(Br)=C1,1-(4-bromo-2-methylphenyl)pyrrolidin-2-one,0.10165080000000001 milligram,0.4 micromole,0.10165080000000004 microliter,C11H12BrNO,CC1(C)OB(C2=CN(C)N=C2)OC1(C)C,"1-methyl-4-(tetramethyl-1,3,2-dioxaborolan-2-yl)-1H-pyrazole",0.09987359999999999 milligram,0.48000000000000004 micromole,0.09987360000000002 microliter,C10H17BN2O2,[Na+].[Na+].[O-]C([O-])=O,Na2CO3,0.31796399999999997 milligram,3.0 micromole,0.317964 microliter,CNa2O3,CN1C=NC2=C1C(=O)N(C(=O)N2C)C,caffeine,0.0776764 milligram,0.4 micromole,0.07767640000000002 microliter,C8H10N4O2,C1COCCO1,dioxane,16.2225 milligram,184.12480421310696 micromole,15.75 microliter,C4H8O2,O,water,1.75 milligram,97.1412711629198 micromole,1.75 microliter,H2O,Cc1cc(-c2cnn(C)c2)ccc1N1CCCC1=O,suzuki_product_0,0.0 milligram,0.0 micromole,0 microliter,C15H17N3O,Cc1ccccc1N1CCCC1=O,dehalogenation_0,0.0 milligram,0.0 micromole,0 microliter,C11H13NO,Cn1cccn1,deborylation_0,0.0 milligram,0.0 micromole,0 microliter,C4H6N2,CC1=C(N2CCCC2=O)C=CC(Br)=C1.CC1(C)OB(C2=CN(C)N=C2)OC1(C)C>>Cc1cc(-c2cnn(C)c2)ccc1N1CCCC1=O.Cc1ccccc1N1CCCC1=O.Cn1cccn1,004_RLN-NB-2443_011_A21,,,,,,,,,,,,,,,,,,,,,6/9/2023 12:50:11 AM,004_rln-nb-2443_011_a21.raw,2min_150_1200.EXP,004_RLN-NB-2443_011_A21,004_RLN-NB-2443_011_A21_004_RLN-NB-2443_011_A2,Rxn_Opt_HSST3_2_98,Analog,0.38637049123452477,0,1.917743258469112,0,0,4.963482724422276,0.736,1.917743258469112,1.1893,0,False,82.05309820128,1.25,deborylation_0,77.19788141104549,4.180548870073025,1.917743258469112,253.8,1.1893,193.3717827247853,10.820052164738055,4.963482724422276,195,0.736,0,0,0,0,0,0,0,0,0,0,0,0,0,0,0,0,0,0,0,0,0,0,0,0,0,0,0,0,0,0,0,0,0,0,0,0,0,0,0,0,0,0,0,0,0,0,0,0,0,0,0,0,0,0,0,0,0,0,0,0,0,0,0,0,0,0,0,0,0,0,0,0,0,0,0,0,0,0,0,0,95.3190021264794,5.349592633048761,2.4540187249159184,509.70000000000005,2.1803,0.0,0.0,0.0,0.0,0.0,0.0,0.0,0.0,0.0,0.0,0.00015454819649380992,38.63704912345248,0.0,0.0,0.0001977658721640099,49.44146804100247,0.0,0.0,0.0,0.0,0.0,0.0,0.0,0.0,0.0,0.0,0.0,0.0,0.0,0.0,0.0,0.0,0.0,0.0,0.0,0.0,0.0,0.0,0.0,0.0,0.0,0.0,0.0,0.0,0.0,0.0,0.0,0.0,0.0,0.0
21,A22,COC1=CC=C(C(P(C(C)(C)C)C(C)(C)C)=C1C2=C(C=C(C=C2C(C)C)C(C)C)C(C)C)OC.NC3=C(C=CC=C3)C4=C(C=CC=C4)[Pd]OS(C)(=O)=O,tBuBrettPhos Pd G3,0.06835544000000003 milligram,0.08000000000000002 micromole,0.06835544000000005 microliter,C44H62NO5PPdS,CC1=C(N2CCCC2=O)C=CC(Br)=C1,1-(4-bromo-2-methylphenyl)pyrrolidin-2-one,0.10165080000000001 milligram,0.4 micromole,0.10165080000000004 microliter,C11H12BrNO,CC1(C)OB(C2=CC3=C(NC=C3)C=C2)OC1(C)C,"5-(tetramethyl-1,3,2-dioxaborolan-2-yl)-1H-indole",0.11669520000000001 milligram,0.48000000000000004 micromole,0.11669520000000004 microliter,C14H18BNO2,[Na+].[Na+].[O-]C([O-])=O,Na2CO3,0.31796399999999997 milligram,3.0 micromole,0.317964 microliter,CNa2O3,CN1C=NC2=C1C(=O)N(C(=O)N2C)C,caffeine,0.0776764 milligram,0.4 micromole,0.07767640000000002 microliter,C8H10N4O2,C1COCCO1,dioxane,16.2225 milligram,184.12480421310696 micromole,15.75 microliter,C4H8O2,O,water,1.75 milligram,97.1412711629198 micromole,1.75 microliter,H2O,Cc1cc(-c2ccc3[nH]ccc3c2)ccc1N1CCCC1=O,suzuki_product_0,0.0 milligram,0.0 micromole,0 microliter,C19H18N2O,Cc1ccccc1N1CCCC1=O,dehalogenation_0,0.0 milligram,0.0 micromole,0 microliter,C11H13NO,c1ccc2[nH]ccc2c1,deborylation_0,0.0 milligram,0.0 micromole,0 microliter,C8H7N,CC1=C(N2CCCC2=O)C=CC(Br)=C1.CC1(C)OB(C2=CC3=C(NC=C3)C=C2)OC1(C)C>>Cc1cc(-c2ccc3[nH]ccc3c2)ccc1N1CCCC1=O.Cc1ccccc1N1CCCC1=O.c1ccc2[nH]ccc2c1,004_RLN-NB-2443_011_A22,,,,,,,,,,,,,,,,,,,,,6/9/2023 12:52:40 AM,004_rln-nb-2443_011_a22.raw,2min_150_1200.EXP,004_RLN-NB-2443_011_A22,004_RLN-NB-2443_011_A22_004_RLN-NB-2443_011_A22_,Rxn_Opt_HSST3_2_98,Analog,0.584453871004686,0,2.456139458283737,0,0,4.2024522039037775,0.736,2.456139458283737,1.1893,0,False,117.05784922892,1.25,deborylation_0,87.81381468818319,8.807165108923318,2.456139458283737,253.8,1.1893,168.06774030729827,15.069050862446426,4.2024522039037775,194.9,0.736,0,0,0,0,0,0,0,0,0,0,0,0,0,0,0,0,0,0,0,0,0,0,0,0,0,0,0,0,0,0,0,0,0,0,0,0,0,0,0,0,0,0,0,0,0,0,0,0,0,0,0,0,0,0,0,0,0,0,0,0,0,0,0,0,0,0,0,0,0,0,0,0,0,0,0,0,0,0,0,0,87.81381468818319,8.807165108923318,2.456139458283737,253.8,1.1893,0.0,0.0,0.0,0.0,0.0,0.0,0.0,0.0,0.0,0.0,0.00023378154840187444,58.44538710046861,0.0,0.0,0.00023378154840187444,58.44538710046861,0.0,0.0,0.0,0.0,0.0,0.0,0.0,0.0,0.0,0.0,0.0,0.0,0.0,0.0,0.0,0.0,0.0,0.0,0.0,0.0,0.0,0.0,0.0,0.0,0.0,0.0,0.0,0.0,0.0,0.0,0.0,0.0,0.0,0.0
22,A23,COC1=CC=C(C(P(C(C)(C)C)C(C)(C)C)=C1C2=C(C=C(C=C2C(C)C)C(C)C)C(C)C)OC.NC3=C(C=CC=C3)C4=C(C=CC=C4)[Pd]OS(C)(=O)=O,tBuBrettPhos Pd G3,0.06835544000000003 milligram,0.08000000000000002 micromole,0.06835544000000005 microliter,C44H62NO5PPdS,CC1=C(N2CCCC2=O)C=CC(Br)=C1,1-(4-bromo-2-methylphenyl)pyrrolidin-2-one,0.10165080000000001 milligram,0.4 micromole,0.10165080000000004 microliter,C11H12BrNO,O=[N+](C1=CC=CC=C1B2OC(C)(C)C(C)(C)O2)[O-],"4,4,5,5-tetramethyl-2-(2-nitrophenyl)-1,3,2-dioxaborolane",0.11955599999999997 milligram,0.48000000000000004 micromole,0.119556 microliter,C12H16BNO4,[Na+].[Na+].[O-]C([O-])=O,Na2CO3,0.31796399999999997 milligram,3.0 micromole,0.317964 microliter,CNa2O3,CN1C=NC2=C1C(=O)N(C(=O)N2C)C,caffeine,0.0776764 milligram,0.4 micromole,0.07767640000000002 microliter,C8H10N4O2,C1COCCO1,dioxane,16.2225 milligram,184.12480421310696 micromole,15.75 microliter,C4H8O2,O,water,1.75 milligram,97.1412711629198 micromole,1.75 microliter,H2O,Cc1cc(-c2ccccc2[N+](=O)[O-])ccc1N1CCCC1=O,suzuki_product_0,0.0 milligram,0.0 micromole,0 microliter,C17H16N2O3,Cc1ccccc1N1CCCC1=O,dehalogenation_0,0.0 milligram,0.0 micromole,0 microliter,C11H13NO,O=[N+]([O-])c1ccccc1,deborylation_0,0.0 milligram,0.0 micromole,0 microliter,C6H5NO2,CC1=C(N2CCCC2=O)C=CC(Br)=C1.O=[N+](C1=CC=CC=C1B2OC(C)(C)C(C)(C)O2)[O-]>>Cc1cc(-c2ccccc2[N+](=O)[O-])ccc1N1CCCC1=O.Cc1ccccc1N1CCCC1=O.O=[N+]([O-])c1ccccc1,004_RLN-NB-2443_011_A23,,,,,,,,,,,,,,,,,,,,,6/9/2023 12:55:08 AM,004_rln-nb-2443_011_a23.raw,2min_150_1200.EXP,004_RLN-NB-2443_011_A23,004_RLN-NB-2443_011_A23_004_RLN-NB-2443_011_A,Rxn_Opt_HSST3_2_98,Analog,0,0,0,0,0,0,0,0,0,0,False,123.03202840392001,1.25,deborylation_0,0,0,0,0,0,0,0,0,0,0,0,0,0,0,0,0,0,0,0,0,0,0,0,0,0,0,0,0,0,0,0,0,0,0,0,0,0,0,0,0,0,0,0,0,0,0,0,0,0,0,0,0,0,0,0,0,0,0,0,0,0,0,0,0,0,0,0,0,0,0,0,0,0,0,0,0,0,0,0,0,0,0,0,0,0,0,0,0,0,0,0.0,0.0,0.0,0.0,0.0,0.0,0.0,0.0,0.0,0.0,0.0,0.0,0.0,0.0,0.0,,,,,,,,,,,,,,,,,,,,,,,,,,,,,,,,,,,,,,,,
23,A24,COC1=CC=C(C(P(C(C)(C)C)C(C)(C)C)=C1C2=C(C=C(C=C2C(C)C)C(C)C)C(C)C)OC.NC3=C(C=CC=C3)C4=C(C=CC=C4)[Pd]OS(C)(=O)=O,tBuBrettPhos Pd G3,0.06835544000000003 milligram,0.08000000000000002 micromole,0.06835544000000005 microliter,C44H62NO5PPdS,CC1=C(N2CCCC2=O)C=CC(Br)=C1,1-(4-bromo-2-methylphenyl)pyrrolidin-2-one,0.10165080000000001 milligram,0.4 micromole,0.10165080000000004 microliter,C11H12BrNO,O=C(O)C1=CC=CC(B2OC(C)(C)C(C)(C)O2)=C1,"3-(tetramethyl-1,3,2-dioxaborolan-2-yl)benzoic acid",0.11908175999999998 milligram,0.48000000000000004 micromole,0.11908176000000001 microliter,C13H17BO4,[Na+].[Na+].[O-]C([O-])=O,Na2CO3,0.31796399999999997 milligram,3.0 micromole,0.317964 microliter,CNa2O3,CN1C=NC2=C1C(=O)N(C(=O)N2C)C,caffeine,0.0776764 milligram,0.4 micromole,0.07767640000000002 microliter,C8H10N4O2,C1COCCO1,dioxane,16.2225 milligram,184.12480421310696 micromole,15.75 microliter,C4H8O2,O,water,1.75 milligram,97.1412711629198 micromole,1.75 microliter,H2O,Cc1cc(-c2cccc(C(=O)O)c2)ccc1N1CCCC1=O,suzuki_product_0,0.0 milligram,0.0 micromole,0 microliter,C18H17NO3,Cc1ccccc1N1CCCC1=O,dehalogenation_0,0.0 milligram,0.0 micromole,0 microliter,C11H13NO,O=C(O)c1ccccc1,deborylation_0,0.0 milligram,0.0 micromole,0 microliter,C7H6O2,CC1=C(N2CCCC2=O)C=CC(Br)=C1.O=C(O)C1=CC=CC(B2OC(C)(C)C(C)(C)O2)=C1>>Cc1cc(-c2cccc(C(=O)O)c2)ccc1N1CCCC1=O.Cc1ccccc1N1CCCC1=O.O=C(O)c1ccccc1,004_RLN-NB-2443_011_A24,,,,,,,,,,,,,,,,,,,,,6/9/2023 12:57:35 AM,004_rln-nb-2443_011_a24.raw,2min_150_1200.EXP,004_RLN-NB-2443_011_A24,004_RLN-NB-2443_011_A24_004_RLN-NB-2443_011_A24_,Rxn_Opt_HSST3_2_98,Analog,0.36270022455070605,0,1.7470907159836628,0,0,4.816900011980602,0.736,2.1874214633549602,1.1893,0,False,122.03677943156,1.25,deborylation_0,69.62812789971241,5.8952628264935,2.1874214633549602,255.8,1.1893,201.27021325565133,12.98190223296592,4.816900011980602,195,0.736,0,0,0,0,0,0,0,0,0,0,0,0,0,0,0,0,0,0,0,0,0,0,0,0,0,0,0,0,0,0,0,0,0,0,0,0,0,0,0,0,0,0,0,0,0,0,0,0,0,0,0,0,0,0,0,0,0,0,0,0,0,0,0,0,0,0,0,0,0,0,0,0,0,0,0,0,0,0,0,0,67.25739177714827,4.708538854992051,1.7470907159836628,296.0,1.0793,0.0,0.0,0.0,0.0,0.0,0.0,0.0,0.0,0.0,0.0,0.00018164557768809002,45.4113944220225,0.0,0.0,0.00014508008982028244,36.2700224550706,0.0,0.0,0.0,0.0,0.0,0.0,0.0,0.0,0.0,0.0,0.0,0.0,0.0,0.0,0.0,0.0,0.0,0.0,0.0,0.0,0.0,0.0,0.0,0.0,0.0,0.0,0.0,0.0,0.0,0.0,0.0,0.0,0.0,0.0
24,B1,CC(C)C1=CC(C(C)C)=CC(C(C)C)=C1C2=C([P+](C3CCCCC3)([Pd-2]4(OS(C)(=O)=O)C(C=CC=C5)=C5C6=C([NH+]4C)C=CC=C6)C7CCCCC7)C=CC=C2,XPhos Pd G4,0.06883952 milligram,0.08000000000000002 micromole,0.06883952000000002 microliter,C47H64NO3PPdS,BrC1=CC=CN2C=CN=C12,"8-bromoimidazo[1,2-a]pyridine",0.07881400000000001 milligram,0.4 micromole,0.07881400000000002 microliter,C7H5BrN2,B1(OC(C(O1)(C)C)(C)C)C2=CN(N=C2C)C,"1,3-dimethyl-4-(4,4,5,5-tetramethyl-1,3,2-dioxaborolan-2-yl)-1H-pyrazole",0.10660655999999999 milligram,0.48000000000000004 micromole,0.10660656000000002 microliter,C11H19BN2O2,[Na+].[Na+].[O-]C([O-])=O,Na2CO3,0.31796399999999997 milligram,3.0 micromole,0.317964 microliter,CNa2O3,CN1C=NC2=C1C(=O)N(C(=O)N2C)C,caffeine,0.0776764 milligram,0.4 micromole,0.07767640000000002 microliter,C8H10N4O2,C1COCCO1,dioxane,16.2225 milligram,184.12480421310696 micromole,15.75 microliter,C4H8O2,O,water,1.75 milligram,97.1412711629198 micromole,1.75 microliter,H2O,Cc1nn(C)cc1-c1cccn2ccnc12,suzuki_product_0,0.0 milligram,0.0 micromole,0 microliter,C12H12N4,c1ccn2ccnc2c1,dehalogenation_0,0.0 milligram,0.0 micromole,0 microliter,C7H6N2,Cc1ccn(C)n1,deborylation_0,0.0 milligram,0.0 micromole,0 microliter,C5H8N2,BrC1=CC=CN2C=CN=C12.B1(OC(C(O1)(C)C)(C)C)C2=CN(N=C2C)C>>Cc1nn(C)cc1-c1cccn2ccnc12.c1ccn2ccnc2c1.Cc1ccn(C)n1,004_RLN-NB-2443_011_B1,,,,,,,,,,,,,,,,,,,,,6/9/2023 1:00:02 AM,004_rln-nb-2443_011_b1.raw,2min_150_1200.EXP,004_RLN-NB-2443_011_B1,004_RLN-NB-2443_011_B1_004_RLN-NB-2443_011_B1_004_R,Rxn_Opt_HSST3_2_98,Analog,0.11887850873123779,0,0.6520753225814983,1.9756141807380347,0.6576,5.485224617476649,0.736,0.6550380493068861,0.6993,0,False,96.06874826542,1.25,deborylation_0,0,0,0,0,0,198.9483012235534,16.61876651905629,5.485224617476649,195,0.736,0,0,0,0,0,0,0,0,0,0,0,0,0,0,0,0,0,0,0,0,0,0,0,0,0,0,0,0,0,0,0,0,0,0,0,0,0,0,0,0,0,0,0,0,0,0,0,0,0,0,0,0,0,0,0,0,0,0,0,0,0,0,0,0,0,0,0,0,0,0,0,0,0,0,0,0,0,0,0,0,28.853934280646182,1.9756141807380354,0.6520753225814983,212.9,0.6576,0.0,0.0,0.0,0.0,0.0,29.70849984298252,1.9845904519288475,0.6550380493068861,223.0,0.6993,0.0,0.0,4.7767454934833374e-05,11.941863733708342,4.755140349249512e-05,11.887850873123778,0.0,0.0,0.0,0.0,0.0,0.0,0.0,0.0,0.0,0.0,0.0,0.0,0.0,0.0,0.0,0.0,0.0,0.0,0.0,0.0,0.0,0.0,0.0,0.0,0.0,0.0,0.0,0.0,0.0,0.0,0.0,0.0,0.0,0.0
25,B2,CC(C)C1=CC(C(C)C)=CC(C(C)C)=C1C2=C([P+](C3CCCCC3)([Pd-2]4(OS(C)(=O)=O)C(C=CC=C5)=C5C6=C([NH+]4C)C=CC=C6)C7CCCCC7)C=CC=C2,XPhos Pd G4,0.06883952 milligram,0.08000000000000002 micromole,0.06883952000000002 microliter,C47H64NO3PPdS,BrC1=CC=CN2C=CN=C12,"8-bromoimidazo[1,2-a]pyridine",0.07881400000000001 milligram,0.4 micromole,0.07881400000000002 microliter,C7H5BrN2,B1(OC(C(O1)(C)C)(C)C)C2=CN=C(C=C2)C,"2-methyl-5-(4,4,5,5-tetramethyl-1,3,2-dioxaborolan-2-yl)pyridine",0.10516464 milligram,0.48000000000000004 micromole,0.10516464000000003 microliter,C12H18BNO2,[Na+].[Na+].[O-]C([O-])=O,Na2CO3,0.31796399999999997 milligram,3.0 micromole,0.317964 microliter,CNa2O3,CN1C=NC2=C1C(=O)N(C(=O)N2C)C,caffeine,0.0776764 milligram,0.4 micromole,0.07767640000000002 microliter,C8H10N4O2,C1COCCO1,dioxane,16.2225 milligram,184.12480421310696 micromole,15.75 microliter,C4H8O2,O,water,1.75 milligram,97.1412711629198 micromole,1.75 microliter,H2O,Cc1ccc(-c2cccn3ccnc23)cn1,suzuki_product_0,0.0 milligram,0.0 micromole,0 microliter,C13H11N3,c1ccn2ccnc2c1,dehalogenation_0,0.0 milligram,0.0 micromole,0 microliter,C7H6N2,Cc1ccccn1,deborylation_0,0.0 milligram,0.0 micromole,0 microliter,C6H7N,BrC1=CC=CN2C=CN=C12.B1(OC(C(O1)(C)C)(C)C)C2=CN=C(C=C2)C>>Cc1ccc(-c2cccn3ccnc23)cn1.c1ccn2ccnc2c1.Cc1ccccn1,004_RLN-NB-2443_011_B2,,,,,,,,,,,,,,,,,,,,,6/9/2023 1:02:29 AM,004_rln-nb-2443_011_b2.raw,2min_150_1200.EXP,004_RLN-NB-2443_011_B2,004_RLN-NB-2443_011_B2_004_RLN-NB-2443_011_B2_004_RLN,Rxn_Opt_HSST3_2_98,Analog,0.24050582356418407,0,1.4332425184854687,3.8129334817628564,0.5876,5.959284050778827,0.7326,0,0,0,False,93.05784922892,1.25,deborylation_0,0,0,0,0,0,208.7869680675086,15.85380938081649,5.959284050778827,195,0.7326,0,0,0,0,0,0,0,0,0,0,0,0,0,0,0,0,0,0,0,0,0,0,0,0,0,0,0,0,0,0,0,0,0,0,0,0,0,0,0,0,0,0,0,0,0,0,0,0,0,0,0,0,0,0,0,0,0,0,0,0,0,0,0,0,0,0,0,0,0,0,0,0,0,0,0,0,0,0,0,0,49.74601091190632,3.8129334817628564,1.4332425184854687,210.0,0.5876,0.0,0.0,0.0,0.0,0.0,0.0,0.0,0.0,0.0,0.0,0.0,0.0,0.0,0.0,9.620232942567363e-05,24.050582356418406,0.0,0.0,0.0,0.0,0.0,0.0,0.0,0.0,0.0,0.0,0.0,0.0,0.0,0.0,0.0,0.0,0.0,0.0,0.0,0.0,0.0,0.0,0.0,0.0,0.0,0.0,0.0,0.0,0.0,0.0,0.0,0.0,0.0,0.0
26,B3,CC(C)C1=CC(C(C)C)=CC(C(C)C)=C1C2=C([P+](C3CCCCC3)([Pd-2]4(OS(C)(=O)=O)C(C=CC=C5)=C5C6=C([NH+]4C)C=CC=C6)C7CCCCC7)C=CC=C2,XPhos Pd G4,0.06883952 milligram,0.08000000000000002 micromole,0.06883952000000002 microliter,C47H64NO3PPdS,BrC1=CC=CN2C=CN=C12,"8-bromoimidazo[1,2-a]pyridine",0.07881400000000001 milligram,0.4 micromole,0.07881400000000002 microliter,C7H5BrN2,CC1(C)OB(C2=CN(C)N=C2)OC1(C)C,"1-methyl-4-(tetramethyl-1,3,2-dioxaborolan-2-yl)-1H-pyrazole",0.09987359999999999 milligram,0.48000000000000004 micromole,0.09987360000000002 microliter,C10H17BN2O2,[Na+].[Na+].[O-]C([O-])=O,Na2CO3,0.31796399999999997 milligram,3.0 micromole,0.317964 microliter,CNa2O3,CN1C=NC2=C1C(=O)N(C(=O)N2C)C,caffeine,0.0776764 milligram,0.4 micromole,0.07767640000000002 microliter,C8H10N4O2,C1COCCO1,dioxane,16.2225 milligram,184.12480421310696 micromole,15.75 microliter,C4H8O2,O,water,1.75 milligram,97.1412711629198 micromole,1.75 microliter,H2O,Cn1cc(-c2cccn3ccnc23)cn1,suzuki_product_0,0.0 milligram,0.0 micromole,0 microliter,C11H10N4,c1ccn2ccnc2c1,dehalogenation_0,0.0 milligram,0.0 micromole,0 microliter,C7H6N2,Cn1cccn1,deborylation_0,0.0 milligram,0.0 micromole,0 microliter,C4H6N2,BrC1=CC=CN2C=CN=C12.CC1(C)OB(C2=CN(C)N=C2)OC1(C)C>>Cn1cc(-c2cccn3ccnc23)cn1.c1ccn2ccnc2c1.Cn1cccn1,004_RLN-NB-2443_011_B3,,,,,,,,,,,,,,,,,,,,,6/9/2023 1:04:58 AM,004_rln-nb-2443_011_b3.raw,2min_150_1200.EXP,004_RLN-NB-2443_011_B3,004_RLN-NB-2443_011_B3_004_RLN-NB-2443_011_B3_004_R,Rxn_Opt_HSST3_2_98,Analog,0.14883928669419688,0,0.7352948884420993,2.2751422676852826,0.6426,4.940193579083901,0.7376,0,0,0,False,82.05309820128,1.25,deborylation_0,0,0,0,0,0,196.06839502031065,15.285898758435717,4.940193579083901,195,0.7376,0,0,0,0,0,0,0,0,0,0,0,0,0,0,0,0,0,0,0,0,0,0,0,0,0,0,0,0,0,0,0,0,0,0,0,0,0,0,0,0,0,0,0,0,0,0,0,0,0,0,0,0,0,0,0,0,0,0,0,0,0,0,0,0,0,0,0,0,0,0,0,0,0,0,0,0,0,0,0,0,32.35345470863958,2.275142267685282,0.7352948884420993,199.0,0.6426,0.0,0.0,0.0,0.0,0.0,0.0,0.0,0.0,0.0,0.0,0.0,0.0,0.0,0.0,5.953571467767876e-05,14.883928669419689,0.0,0.0,0.0,0.0,0.0,0.0,0.0,0.0,0.0,0.0,0.0,0.0,0.0,0.0,0.0,0.0,0.0,0.0,0.0,0.0,0.0,0.0,0.0,0.0,0.0,0.0,0.0,0.0,0.0,0.0,0.0,0.0,0.0,0.0
27,B4,CC(C)C1=CC(C(C)C)=CC(C(C)C)=C1C2=C([P+](C3CCCCC3)([Pd-2]4(OS(C)(=O)=O)C(C=CC=C5)=C5C6=C([NH+]4C)C=CC=C6)C7CCCCC7)C=CC=C2,XPhos Pd G4,0.06883952 milligram,0.08000000000000002 micromole,0.06883952000000002 microliter,C47H64NO3PPdS,BrC1=CC=CN2C=CN=C12,"8-bromoimidazo[1,2-a]pyridine",0.07881400000000001 milligram,0.4 micromole,0.07881400000000002 microliter,C7H5BrN2,CC1(C)OB(C2=CC3=C(NC=C3)C=C2)OC1(C)C,"5-(tetramethyl-1,3,2-dioxaborolan-2-yl)-1H-indole",0.11669520000000001 milligram,0.48000000000000004 micromole,0.11669520000000004 microliter,C14H18BNO2,[Na+].[Na+].[O-]C([O-])=O,Na2CO3,0.31796399999999997 milligram,3.0 micromole,0.317964 microliter,CNa2O3,CN1C=NC2=C1C(=O)N(C(=O)N2C)C,caffeine,0.0776764 milligram,0.4 micromole,0.07767640000000002 microliter,C8H10N4O2,C1COCCO1,dioxane,16.2225 milligram,184.12480421310696 micromole,15.75 microliter,C4H8O2,O,water,1.75 milligram,97.1412711629198 micromole,1.75 microliter,H2O,c1cc(-c2ccc3[nH]ccc3c2)c2nccn2c1,suzuki_product_0,0.0 milligram,0.0 micromole,0 microliter,C15H11N3,c1ccn2ccnc2c1,dehalogenation_0,0.0 milligram,0.0 micromole,0 microliter,C7H6N2,c1ccc2[nH]ccc2c1,deborylation_0,0.0 milligram,0.0 micromole,0 microliter,C8H7N,BrC1=CC=CN2C=CN=C12.CC1(C)OB(C2=CC3=C(NC=C3)C=C2)OC1(C)C>>c1cc(-c2ccc3[nH]ccc3c2)c2nccn2c1.c1ccn2ccnc2c1.c1ccc2[nH]ccc2c1,004_RLN-NB-2443_011_B4,,,,,,,,,,,,,,,,,,,,,6/9/2023 1:07:25 AM,004_rln-nb-2443_011_b4.raw,2min_150_1200.EXP,004_RLN-NB-2443_011_B4,004_RLN-NB-2443_011_B4_004_RLN-NB-2443_011_B4_004_RLN,Rxn_Opt_HSST3_2_98,Analog,1.6404196203541368,0,7.425754993766665,15.509977370676914,0.776,4.526741146977734,0.7343,6.127213264092854,1.2726,0,False,117.05784922892,1.25,deborylation_0,0,0,0,0,0,198.26064071120493,9.45488409077221,4.526741146977734,195,0.7343,0,0,0,0,0,0,0,0,0,0,263.75333032908947,12.797747724125594,6.127213264092854,243.9,1.2726,0,0,0,0,0,0,0,0,0,0,0,0,0,0,0,0,0,0,0,0,0,0,0,0,0,0,0,0,0,0,0,0,0,0,0,0,0,0,0,0,0,0,0,0,0,0,0,0,0,0,0,0,0,0,0,0,0,0,0,0,0,0,0,0,0,219.54054860865475,15.509977370676914,7.425754993766665,234.0,0.776,0.0,0.0,0.0,0.0,0.0,0.0,0.0,0.0,0.0,0.0,0.0,0.0,0.0,0.0,0.0006561678481416547,164.0419620354137,0.0,0.0,0.0,0.0,0.0005414237806094718,135.35594515236792,0.0,0.0,0.0,0.0,0.0,0.0,0.0,0.0,0.0,0.0,0.0,0.0,0.0,0.0,0.0,0.0,0.0,0.0,0.0,0.0,0.0,0.0,0.0,0.0,0.0,0.0,0.0,0.0
28,B5,CC(C)C1=CC(C(C)C)=CC(C(C)C)=C1C2=C([P+](C3CCCCC3)([Pd-2]4(OS(C)(=O)=O)C(C=CC=C5)=C5C6=C([NH+]4C)C=CC=C6)C7CCCCC7)C=CC=C2,XPhos Pd G4,0.06883952 milligram,0.08000000000000002 micromole,0.06883952000000002 microliter,C47H64NO3PPdS,BrC1=CC=CN2C=CN=C12,"8-bromoimidazo[1,2-a]pyridine",0.07881400000000001 milligram,0.4 micromole,0.07881400000000002 microliter,C7H5BrN2,O=[N+](C1=CC=CC=C1B2OC(C)(C)C(C)(C)O2)[O-],"4,4,5,5-tetramethyl-2-(2-nitrophenyl)-1,3,2-dioxaborolane",0.11955599999999997 milligram,0.48000000000000004 micromole,0.119556 microliter,C12H16BNO4,[Na+].[Na+].[O-]C([O-])=O,Na2CO3,0.31796399999999997 milligram,3.0 micromole,0.317964 microliter,CNa2O3,CN1C=NC2=C1C(=O)N(C(=O)N2C)C,caffeine,0.0776764 milligram,0.4 micromole,0.07767640000000002 microliter,C8H10N4O2,C1COCCO1,dioxane,16.2225 milligram,184.12480421310696 micromole,15.75 microliter,C4H8O2,O,water,1.75 milligram,97.1412711629198 micromole,1.75 microliter,H2O,O=[N+]([O-])c1ccccc1-c1cccn2ccnc12,suzuki_product_0,0.0 milligram,0.0 micromole,0 microliter,C13H9N3O2,c1ccn2ccnc2c1,dehalogenation_0,0.0 milligram,0.0 micromole,0 microliter,C7H6N2,O=[N+]([O-])c1ccccc1,deborylation_0,0.0 milligram,0.0 micromole,0 microliter,C6H5NO2,BrC1=CC=CN2C=CN=C12.O=[N+](C1=CC=CC=C1B2OC(C)(C)C(C)(C)O2)[O-]>>O=[N+]([O-])c1ccccc1-c1cccn2ccnc12.c1ccn2ccnc2c1.O=[N+]([O-])c1ccccc1,004_RLN-NB-2443_011_B5,,,,,,,,,,,,,,,,,,,,,6/9/2023 1:09:52 AM,004_rln-nb-2443_011_b5.raw,2min_150_1200.EXP,004_RLN-NB-2443_011_B5,004_RLN-NB-2443_011_B5_004_RLN-NB-2443_011_B5_004_,Rxn_Opt_HSST3_2_98,Analog,1,0,5.7407898722941715,19.753258340324926,0.736,5.7407898722941715,0.736,0,0,0,False,123.03202840392001,1.25,deborylation_0,0,0,0,0,0,214.19115909134226,19.753258340324926,5.7407898722941715,240.1,0.736,0,0,0,0,0,0,0,0,0,0,0,0,0,0,0,0,0,0,0,0,0,0,0,0,0,0,0,0,0,0,0,0,0,0,0,0,0,0,0,0,0,0,0,0,0,0,0,0,0,0,0,0,0,0,0,0,0,0,0,0,0,0,0,0,0,0,0,0,0,0,0,0,0,0,0,0,0,0,0,0,214.19115909134226,19.753258340324926,5.7407898722941715,240.1,0.736,0.0,0.0,0.0,0.0,0.0,0.0,0.0,0.0,0.0,0.0,0.0,0.0,0.0,0.0,0.0004,100.0,0.0,0.0,0.0,0.0,0.0,0.0,0.0,0.0,0.0,0.0,0.0,0.0,0.0,0.0,0.0,0.0,0.0,0.0,0.0,0.0,0.0,0.0,0.0,0.0,0.0,0.0,0.0,0.0,0.0,0.0,0.0,0.0,0.0,0.0
29,B6,CC(C)C1=CC(C(C)C)=CC(C(C)C)=C1C2=C([P+](C3CCCCC3)([Pd-2]4(OS(C)(=O)=O)C(C=CC=C5)=C5C6=C([NH+]4C)C=CC=C6)C7CCCCC7)C=CC=C2,XPhos Pd G4,0.06883952 milligram,0.08000000000000002 micromole,0.06883952000000002 microliter,C47H64NO3PPdS,BrC1=CC=CN2C=CN=C12,"8-bromoimidazo[1,2-a]pyridine",0.07881400000000001 milligram,0.4 micromole,0.07881400000000002 microliter,C7H5BrN2,O=C(O)C1=CC=CC(B2OC(C)(C)C(C)(C)O2)=C1,"3-(tetramethyl-1,3,2-dioxaborolan-2-yl)benzoic acid",0.11908175999999998 milligram,0.48000000000000004 micromole,0.11908176000000001 microliter,C13H17BO4,[Na+].[Na+].[O-]C([O-])=O,Na2CO3,0.31796399999999997 milligram,3.0 micromole,0.317964 microliter,CNa2O3,CN1C=NC2=C1C(=O)N(C(=O)N2C)C,caffeine,0.0776764 milligram,0.4 micromole,0.07767640000000002 microliter,C8H10N4O2,C1COCCO1,dioxane,16.2225 milligram,184.12480421310696 micromole,15.75 microliter,C4H8O2,O,water,1.75 milligram,97.1412711629198 micromole,1.75 microliter,H2O,O=C(O)c1cccc(-c2cccn3ccnc23)c1,suzuki_product_0,0.0 milligram,0.0 micromole,0 microliter,C14H10N2O2,c1ccn2ccnc2c1,dehalogenation_0,0.0 milligram,0.0 micromole,0 microliter,C7H6N2,O=C(O)c1ccccc1,deborylation_0,0.0 milligram,0.0 micromole,0 microliter,C7H6O2,BrC1=CC=CN2C=CN=C12.O=C(O)C1=CC=CC(B2OC(C)(C)C(C)(C)O2)=C1>>O=C(O)c1cccc(-c2cccn3ccnc23)c1.c1ccn2ccnc2c1.O=C(O)c1ccccc1,004_RLN-NB-2443_011_B6,,,,,,,,,,,,,,,,,,,,,6/9/2023 1:12:20 AM,004_rln-nb-2443_011_b6.raw,2min_150_1200.EXP,004_RLN-NB-2443_011_B6,004_RLN-NB-2443_011_B6_004_RLN-NB-2443_011_B6_004_R,Rxn_Opt_HSST3_2_98,Analog,0.1825629535101671,0,1.239042382896547,3.349957000494345,0.701,6.786932173659994,0.7376,0,0,0,False,122.03677943156,1.25,deborylation_0,0,0,0,0,0,242.58235964688944,18.349599062045097,6.786932173659994,195,0.7376,0,0,0,0,0,0,0,0,0,0,0,0,0,0,0,0,0,0,0,0,0,0,0,0,0,0,0,0,0,0,0,0,0,0,0,0,0,0,0,0,0,0,0,0,0,0,0,0,0,0,0,0,0,0,0,0,0,0,0,0,0,0,0,0,0,0,0,0,0,0,0,0,0,0,0,0,0,0,0,0,56.540875316411494,3.349957000494345,1.239042382896547,239.0,0.701,0.0,0.0,0.0,0.0,0.0,0.0,0.0,0.0,0.0,0.0,0.0,0.0,0.0,0.0,7.302518140406684e-05,18.25629535101671,0.0,0.0,0.0,0.0,0.0,0.0,0.0,0.0,0.0,0.0,0.0,0.0,0.0,0.0,0.0,0.0,0.0,0.0,0.0,0.0,0.0,0.0,0.0,0.0,0.0,0.0,0.0,0.0,0.0,0.0,0.0,0.0,0.0,0.0
30,B7,NC1=C(C=CC=C1)C2=C([Pd]OS(C)(=O)=O)C=CC=C2.CN(C)C3=CC=C(C=C3)P(C(C)(C)C)C(C)(C)C,APhos Pd G3,0.050809520000000004 milligram,0.08000000000000002 micromole,0.05080952000000002 microliter,C29H41N2O3PPdS,BrC1=CC=CN2C=CN=C12,"8-bromoimidazo[1,2-a]pyridine",0.07881400000000001 milligram,0.4 micromole,0.07881400000000002 microliter,C7H5BrN2,B1(OC(C(O1)(C)C)(C)C)C2=CN(N=C2C)C,"1,3-dimethyl-4-(4,4,5,5-tetramethyl-1,3,2-dioxaborolan-2-yl)-1H-pyrazole",0.10660655999999999 milligram,0.48000000000000004 micromole,0.10660656000000002 microliter,C11H19BN2O2,[Na+].[Na+].[O-]C([O-])=O,Na2CO3,0.31796399999999997 milligram,3.0 micromole,0.317964 microliter,CNa2O3,CN1C=NC2=C1C(=O)N(C(=O)N2C)C,caffeine,0.0776764 milligram,0.4 micromole,0.07767640000000002 microliter,C8H10N4O2,C1COCCO1,dioxane,16.2225 milligram,184.12480421310696 micromole,15.75 microliter,C4H8O2,O,water,1.75 milligram,97.1412711629198 micromole,1.75 microliter,H2O,Cc1nn(C)cc1-c1cccn2ccnc12,suzuki_product_0,0.0 milligram,0.0 micromole,0 microliter,C12H12N4,c1ccn2ccnc2c1,dehalogenation_0,0.0 milligram,0.0 micromole,0 microliter,C7H6N2,Cc1ccn(C)n1,deborylation_0,0.0 milligram,0.0 micromole,0 microliter,C5H8N2,BrC1=CC=CN2C=CN=C12.B1(OC(C(O1)(C)C)(C)C)C2=CN(N=C2C)C>>Cc1nn(C)cc1-c1cccn2ccnc12.c1ccn2ccnc2c1.Cc1ccn(C)n1,004_RLN-NB-2443_011_B7,,,,,,,,,,,,,,,,,,,,,6/9/2023 1:14:49 AM,004_rln-nb-2443_011_b7.raw,2min_150_1200.EXP,004_RLN-NB-2443_011_B7,004_RLN-NB-2443_011_B7_004_RLN-NB-2443_011_B7_004_,Rxn_Opt_HSST3_2_98,Analog,0,0,0,0,0,4.674242259676482,0.7376,0.22323130664974936,0.7026,0,False,96.06874826542,1.25,deborylation_0,0,0,0,0,0,172.8949204025788,24.75383412977846,4.674242259676482,195,0.7376,0,0,0,0,0,0,0,0,0,0,0,0,0,0,0,0,0,0,0,0,0,0,0,0,0,0,0,0,0,0,0,0,0,0,0,0,0,0,0,0,0,0,0,0,0,0,0,0,0,0,0,0,0,0,0,0,0,0,0,0,0,0,0,0,0,0,0,0,0,0,0,0,0,0,0,0,0,0,0,0,0.0,0.0,0.0,0.0,0.0,0.0,0.0,0.0,0.0,0.0,10.94731081757004,1.1821874927304403,0.22323130664974936,223.3,0.7026,0.0,0.0,1.9103101144372425e-05,4.775775286093106,0.0,0.0,0.0,0.0,0.0,0.0,0.0,0.0,0.0,0.0,0.0,0.0,0.0,0.0,0.0,0.0,0.0,0.0,0.0,0.0,0.0,0.0,0.0,0.0,0.0,0.0,0.0,0.0,0.0,0.0,0.0,0.0,0.0,0.0,0.0,0.0
31,B8,NC1=C(C=CC=C1)C2=C([Pd]OS(C)(=O)=O)C=CC=C2.CN(C)C3=CC=C(C=C3)P(C(C)(C)C)C(C)(C)C,APhos Pd G3,0.050809520000000004 milligram,0.08000000000000002 micromole,0.05080952000000002 microliter,C29H41N2O3PPdS,BrC1=CC=CN2C=CN=C12,"8-bromoimidazo[1,2-a]pyridine",0.07881400000000001 milligram,0.4 micromole,0.07881400000000002 microliter,C7H5BrN2,B1(OC(C(O1)(C)C)(C)C)C2=CN=C(C=C2)C,"2-methyl-5-(4,4,5,5-tetramethyl-1,3,2-dioxaborolan-2-yl)pyridine",0.10516464 milligram,0.48000000000000004 micromole,0.10516464000000003 microliter,C12H18BNO2,[Na+].[Na+].[O-]C([O-])=O,Na2CO3,0.31796399999999997 milligram,3.0 micromole,0.317964 microliter,CNa2O3,CN1C=NC2=C1C(=O)N(C(=O)N2C)C,caffeine,0.0776764 milligram,0.4 micromole,0.07767640000000002 microliter,C8H10N4O2,C1COCCO1,dioxane,16.2225 milligram,184.12480421310696 micromole,15.75 microliter,C4H8O2,O,water,1.75 milligram,97.1412711629198 micromole,1.75 microliter,H2O,Cc1ccc(-c2cccn3ccnc23)cn1,suzuki_product_0,0.0 milligram,0.0 micromole,0 microliter,C13H11N3,c1ccn2ccnc2c1,dehalogenation_0,0.0 milligram,0.0 micromole,0 microliter,C7H6N2,Cc1ccccn1,deborylation_0,0.0 milligram,0.0 micromole,0 microliter,C6H7N,BrC1=CC=CN2C=CN=C12.B1(OC(C(O1)(C)C)(C)C)C2=CN=C(C=C2)C>>Cc1ccc(-c2cccn3ccnc23)cn1.c1ccn2ccnc2c1.Cc1ccccn1,004_RLN-NB-2443_011_B8,,,,,,,,,,,,,,,,,,,,,6/9/2023 1:17:17 AM,004_rln-nb-2443_011_b8.raw,2min_150_1200.EXP,004_RLN-NB-2443_011_B8,004_RLN-NB-2443_011_B8_004_RLN-NB-2443_011_B8_004_RL,Rxn_Opt_HSST3_2_98,Analog,0.052279638350026615,0,0.2885218580404085,1.783960782184943,0.591,5.5188189349871735,0.736,0,0,0,False,93.05784922892,1.25,deborylation_0,0,0,0,0,0,206.46559118059872,34.123433873831196,5.5188189349871735,194.9,0.736,0,0,0,0,0,0,0,0,0,0,0,0,0,0,0,0,0,0,0,0,0,0,0,0,0,0,0,0,0,0,0,0,0,0,0,0,0,0,0,0,0,0,0,0,0,0,0,0,0,0,0,0,0,0,0,0,0,0,0,0,0,0,0,0,0,0,0,0,0,0,0,0,0,0,0,0,0,0,0,0,11.628062692087678,1.7839607821849426,0.2885218580404085,185.0,0.591,0.0,0.0,0.0,0.0,0.0,0.0,0.0,0.0,0.0,0.0,0.0,0.0,0.0,0.0,2.091185534001065e-05,5.2279638350026625,0.0,0.0,0.0,0.0,0.0,0.0,0.0,0.0,0.0,0.0,0.0,0.0,0.0,0.0,0.0,0.0,0.0,0.0,0.0,0.0,0.0,0.0,0.0,0.0,0.0,0.0,0.0,0.0,0.0,0.0,0.0,0.0,0.0,0.0
32,B9,NC1=C(C=CC=C1)C2=C([Pd]OS(C)(=O)=O)C=CC=C2.CN(C)C3=CC=C(C=C3)P(C(C)(C)C)C(C)(C)C,APhos Pd G3,0.050809520000000004 milligram,0.08000000000000002 micromole,0.05080952000000002 microliter,C29H41N2O3PPdS,BrC1=CC=CN2C=CN=C12,"8-bromoimidazo[1,2-a]pyridine",0.07881400000000001 milligram,0.4 micromole,0.07881400000000002 microliter,C7H5BrN2,CC1(C)OB(C2=CN(C)N=C2)OC1(C)C,"1-methyl-4-(tetramethyl-1,3,2-dioxaborolan-2-yl)-1H-pyrazole",0.09987359999999999 milligram,0.48000000000000004 micromole,0.09987360000000002 microliter,C10H17BN2O2,[Na+].[Na+].[O-]C([O-])=O,Na2CO3,0.31796399999999997 milligram,3.0 micromole,0.317964 microliter,CNa2O3,CN1C=NC2=C1C(=O)N(C(=O)N2C)C,caffeine,0.0776764 milligram,0.4 micromole,0.07767640000000002 microliter,C8H10N4O2,C1COCCO1,dioxane,16.2225 milligram,184.12480421310696 micromole,15.75 microliter,C4H8O2,O,water,1.75 milligram,97.1412711629198 micromole,1.75 microliter,H2O,Cn1cc(-c2cccn3ccnc23)cn1,suzuki_product_0,0.0 milligram,0.0 micromole,0 microliter,C11H10N4,c1ccn2ccnc2c1,dehalogenation_0,0.0 milligram,0.0 micromole,0 microliter,C7H6N2,Cn1cccn1,deborylation_0,0.0 milligram,0.0 micromole,0 microliter,C4H6N2,BrC1=CC=CN2C=CN=C12.CC1(C)OB(C2=CN(C)N=C2)OC1(C)C>>Cn1cc(-c2cccn3ccnc23)cn1.c1ccn2ccnc2c1.Cn1cccn1,004_RLN-NB-2443_011_B9,,,,,,,,,,,,,,,,,,,,,6/9/2023 1:19:44 AM,004_rln-nb-2443_011_b9.raw,2min_150_1200.EXP,004_RLN-NB-2443_011_B9,004_RLN-NB-2443_011_B9_004_RLN-NB-2443_011_B9_004_,Rxn_Opt_HSST3_2_98,Analog,0.04538309085265297,0,0.22299016567295815,1.3937099038882932,0.6426,4.9135076849866595,0.7376,0,0,0,False,82.05309820128,1.25,deborylation_0,0,0,0,0,0,193.97975106390584,30.70989387684731,4.9135076849866595,195,0.7376,0,0,0,0,0,0,0,0,0,0,0,0,0,0,0,0,0,0,0,0,0,0,0,0,0,0,0,0,0,0,0,0,0,0,0,0,0,0,0,0,0,0,0,0,0,0,0,0,0,0,0,0,0,0,0,0,0,0,0,0,0,0,0,0,0,0,0,0,0,0,0,0,0,0,0,0,0,0,0,0,11.495714337544127,1.3937099038882927,0.22299016567295815,198.9,0.6426,0.0,0.0,0.0,0.0,0.0,0.0,0.0,0.0,0.0,0.0,0.0,0.0,0.0,0.0,1.815323634106119e-05,4.538309085265297,0.0,0.0,0.0,0.0,0.0,0.0,0.0,0.0,0.0,0.0,0.0,0.0,0.0,0.0,0.0,0.0,0.0,0.0,0.0,0.0,0.0,0.0,0.0,0.0,0.0,0.0,0.0,0.0,0.0,0.0,0.0,0.0,0.0,0.0
33,B10,NC1=C(C=CC=C1)C2=C([Pd]OS(C)(=O)=O)C=CC=C2.CN(C)C3=CC=C(C=C3)P(C(C)(C)C)C(C)(C)C,APhos Pd G3,0.050809520000000004 milligram,0.08000000000000002 micromole,0.05080952000000002 microliter,C29H41N2O3PPdS,BrC1=CC=CN2C=CN=C12,"8-bromoimidazo[1,2-a]pyridine",0.07881400000000001 milligram,0.4 micromole,0.07881400000000002 microliter,C7H5BrN2,CC1(C)OB(C2=CC3=C(NC=C3)C=C2)OC1(C)C,"5-(tetramethyl-1,3,2-dioxaborolan-2-yl)-1H-indole",0.11669520000000001 milligram,0.48000000000000004 micromole,0.11669520000000004 microliter,C14H18BNO2,[Na+].[Na+].[O-]C([O-])=O,Na2CO3,0.31796399999999997 milligram,3.0 micromole,0.317964 microliter,CNa2O3,CN1C=NC2=C1C(=O)N(C(=O)N2C)C,caffeine,0.0776764 milligram,0.4 micromole,0.07767640000000002 microliter,C8H10N4O2,C1COCCO1,dioxane,16.2225 milligram,184.12480421310696 micromole,15.75 microliter,C4H8O2,O,water,1.75 milligram,97.1412711629198 micromole,1.75 microliter,H2O,c1cc(-c2ccc3[nH]ccc3c2)c2nccn2c1,suzuki_product_0,0.0 milligram,0.0 micromole,0 microliter,C15H11N3,c1ccn2ccnc2c1,dehalogenation_0,0.0 milligram,0.0 micromole,0 microliter,C7H6N2,c1ccc2[nH]ccc2c1,deborylation_0,0.0 milligram,0.0 micromole,0 microliter,C8H7N,BrC1=CC=CN2C=CN=C12.CC1(C)OB(C2=CC3=C(NC=C3)C=C2)OC1(C)C>>c1cc(-c2ccc3[nH]ccc3c2)c2nccn2c1.c1ccn2ccnc2c1.c1ccc2[nH]ccc2c1,004_RLN-NB-2443_011_B10,,,,,,,,,,,,,,,,,,,,,6/9/2023 1:22:12 AM,004_rln-nb-2443_011_b10.raw,2min_150_1200.EXP,004_RLN-NB-2443_011_B10,004_RLN-NB-2443_011_B10_004_RLN-NB-2443_011_B10_004_,Rxn_Opt_HSST3_2_98,Analog,0.5457062126096812,0,2.8315706068926376,10.330237118704673,0.7826,5.188818711356565,0.7376,3.439696875519455,1.271,0,False,117.05784922892,1.25,deborylation_0,0,0,0,0,0,210.81857370045046,18.93003392668615,5.188818711356565,195,0.7376,0,0,0,0,0,0,0,0,0,0,131.08411763298972,12.548825112850462,3.439696875519455,285.1,1.271,0,0,0,0,0,0,0,0,0,0,0,0,0,0,0,0,0,0,0,0,0,0,0,0,0,0,0,0,0,0,0,0,0,0,0,0,0,0,0,0,0,0,0,0,0,0,0,0,0,0,0,0,0,0,0,0,0,0,0,0,0,0,0,0,0,100.284459138914,10.330237118704671,2.8315706068926376,234.0,0.7826,0.0,0.0,0.0,0.0,0.0,0.0,0.0,0.0,0.0,0.0,0.0,0.0,0.0,0.0,0.0002182824850438725,54.570621260968124,0.0,0.0,0.0,0.0,0.00026516223185759984,66.29055796439995,0.0,0.0,0.0,0.0,0.0,0.0,0.0,0.0,0.0,0.0,0.0,0.0,0.0,0.0,0.0,0.0,0.0,0.0,0.0,0.0,0.0,0.0,0.0,0.0,0.0,0.0,0.0,0.0
34,B11,NC1=C(C=CC=C1)C2=C([Pd]OS(C)(=O)=O)C=CC=C2.CN(C)C3=CC=C(C=C3)P(C(C)(C)C)C(C)(C)C,APhos Pd G3,0.050809520000000004 milligram,0.08000000000000002 micromole,0.05080952000000002 microliter,C29H41N2O3PPdS,BrC1=CC=CN2C=CN=C12,"8-bromoimidazo[1,2-a]pyridine",0.07881400000000001 milligram,0.4 micromole,0.07881400000000002 microliter,C7H5BrN2,O=[N+](C1=CC=CC=C1B2OC(C)(C)C(C)(C)O2)[O-],"4,4,5,5-tetramethyl-2-(2-nitrophenyl)-1,3,2-dioxaborolane",0.11955599999999997 milligram,0.48000000000000004 micromole,0.119556 microliter,C12H16BNO4,[Na+].[Na+].[O-]C([O-])=O,Na2CO3,0.31796399999999997 milligram,3.0 micromole,0.317964 microliter,CNa2O3,CN1C=NC2=C1C(=O)N(C(=O)N2C)C,caffeine,0.0776764 milligram,0.4 micromole,0.07767640000000002 microliter,C8H10N4O2,C1COCCO1,dioxane,16.2225 milligram,184.12480421310696 micromole,15.75 microliter,C4H8O2,O,water,1.75 milligram,97.1412711629198 micromole,1.75 microliter,H2O,O=[N+]([O-])c1ccccc1-c1cccn2ccnc12,suzuki_product_0,0.0 milligram,0.0 micromole,0 microliter,C13H9N3O2,c1ccn2ccnc2c1,dehalogenation_0,0.0 milligram,0.0 micromole,0 microliter,C7H6N2,O=[N+]([O-])c1ccccc1,deborylation_0,0.0 milligram,0.0 micromole,0 microliter,C6H5NO2,BrC1=CC=CN2C=CN=C12.O=[N+](C1=CC=CC=C1B2OC(C)(C)C(C)(C)O2)[O-]>>O=[N+]([O-])c1ccccc1-c1cccn2ccnc12.c1ccn2ccnc2c1.O=[N+]([O-])c1ccccc1,004_RLN-NB-2443_011_B11,,,,,,,,,,,,,,,,,,,,,6/9/2023 1:24:41 AM,004_rln-nb-2443_011_b11.raw,2min_150_1200.EXP,004_RLN-NB-2443_011_B11,004_RLN-NB-2443_011_B11_004_RLN-NB-2443_011_B11_0,Rxn_Opt_HSST3_2_98,Analog,1,0,5.556606681911399,26.657738881068948,0.7376,5.556606681911399,0.7376,0,0,0,False,123.03202840392001,1.25,deborylation_0,0,0,0,0,0,219.7500175525109,26.657738881068948,5.556606681911399,195,0.7376,0,0,0,0,0,0,0,0,0,0,0,0,0,0,0,0,0,0,0,0,0,0,0,0,0,0,0,0,0,0,0,0,0,0,0,0,0,0,0,0,0,0,0,0,0,0,0,0,0,0,0,0,0,0,0,0,0,0,0,0,0,0,0,0,0,0,0,0,0,0,0,0,0,0,0,0,0,0,0,0,219.7500175525109,26.657738881068948,5.556606681911399,195.0,0.7376,0.0,0.0,0.0,0.0,0.0,0.0,0.0,0.0,0.0,0.0,0.0,0.0,0.0,0.0,0.0004,100.0,0.0,0.0,0.0,0.0,0.0,0.0,0.0,0.0,0.0,0.0,0.0,0.0,0.0,0.0,0.0,0.0,0.0,0.0,0.0,0.0,0.0,0.0,0.0,0.0,0.0,0.0,0.0,0.0,0.0,0.0,0.0,0.0,0.0,0.0
35,B12,NC1=C(C=CC=C1)C2=C([Pd]OS(C)(=O)=O)C=CC=C2.CN(C)C3=CC=C(C=C3)P(C(C)(C)C)C(C)(C)C,APhos Pd G3,0.050809520000000004 milligram,0.08000000000000002 micromole,0.05080952000000002 microliter,C29H41N2O3PPdS,BrC1=CC=CN2C=CN=C12,"8-bromoimidazo[1,2-a]pyridine",0.07881400000000001 milligram,0.4 micromole,0.07881400000000002 microliter,C7H5BrN2,O=C(O)C1=CC=CC(B2OC(C)(C)C(C)(C)O2)=C1,"3-(tetramethyl-1,3,2-dioxaborolan-2-yl)benzoic acid",0.11908175999999998 milligram,0.48000000000000004 micromole,0.11908176000000001 microliter,C13H17BO4,[Na+].[Na+].[O-]C([O-])=O,Na2CO3,0.31796399999999997 milligram,3.0 micromole,0.317964 microliter,CNa2O3,CN1C=NC2=C1C(=O)N(C(=O)N2C)C,caffeine,0.0776764 milligram,0.4 micromole,0.07767640000000002 microliter,C8H10N4O2,C1COCCO1,dioxane,16.2225 milligram,184.12480421310696 micromole,15.75 microliter,C4H8O2,O,water,1.75 milligram,97.1412711629198 micromole,1.75 microliter,H2O,O=C(O)c1cccc(-c2cccn3ccnc23)c1,suzuki_product_0,0.0 milligram,0.0 micromole,0 microliter,C14H10N2O2,c1ccn2ccnc2c1,dehalogenation_0,0.0 milligram,0.0 micromole,0 microliter,C7H6N2,O=C(O)c1ccccc1,deborylation_0,0.0 milligram,0.0 micromole,0 microliter,C7H6O2,BrC1=CC=CN2C=CN=C12.O=C(O)C1=CC=CC(B2OC(C)(C)C(C)(C)O2)=C1>>O=C(O)c1cccc(-c2cccn3ccnc23)c1.c1ccn2ccnc2c1.O=C(O)c1ccccc1,004_RLN-NB-2443_011_B12,,,,,,,,,,,,,,,,,,,,,6/9/2023 1:27:09 AM,004_rln-nb-2443_011_b12.raw,2min_150_1200.EXP,004_RLN-NB-2443_011_B12,004_RLN-NB-2443_011_B12_004_RLN-NB-2443_011_B12_00,Rxn_Opt_HSST3_2_98,Analog,0.2862330137097828,0,1.488664813405316,5.612180491614345,0.701,5.200884391744909,0.7376,0,0,0,False,122.03677943156,1.25,deborylation_0,0,0,0,0,0,200.49591650009685,19.607034209214742,5.200884391744909,194.9,0.7376,0,0,0,0,0,0,0,0,0,0,0,0,0,0,0,0,0,0,0,0,0,0,0,0,0,0,0,0,0,0,0,0,0,0,0,0,0,0,0,0,0,0,0,0,0,0,0,0,0,0,0,0,0,0,0,0,0,0,0,0,0,0,0,0,0,0,0,0,0,0,0,0,0,0,0,0,0,0,0,0,65.22915237026045,5.612180491614345,1.488664813405316,238.9,0.701,0.0,0.0,0.0,0.0,0.0,0.0,0.0,0.0,0.0,0.0,0.0,0.0,0.0,0.0,0.00011449320548391313,28.623301370978282,0.0,0.0,0.0,0.0,0.0,0.0,0.0,0.0,0.0,0.0,0.0,0.0,0.0,0.0,0.0,0.0,0.0,0.0,0.0,0.0,0.0,0.0,0.0,0.0,0.0,0.0,0.0,0.0,0.0,0.0,0.0,0.0,0.0,0.0
36,B13,[Fe].Cl[Pd]Cl.[CH]1[CH][CH][C]([CH]1)P(C2CCCCC2)C3CCCCC3.[CH]4[CH][CH][C]([CH]4)P(C5CCCCC5)C6CCCCC6,PdCl2(dcypf),0.06047272000000001 milligram,0.08000000000000002 micromole,0.06047272000000002 microliter,C34H52Cl2FeP2Pd,BrC1=CC=CN2C=CN=C12,"8-bromoimidazo[1,2-a]pyridine",0.07881400000000001 milligram,0.4 micromole,0.07881400000000002 microliter,C7H5BrN2,B1(OC(C(O1)(C)C)(C)C)C2=CN(N=C2C)C,"1,3-dimethyl-4-(4,4,5,5-tetramethyl-1,3,2-dioxaborolan-2-yl)-1H-pyrazole",0.10660655999999999 milligram,0.48000000000000004 micromole,0.10660656000000002 microliter,C11H19BN2O2,[Na+].[Na+].[O-]C([O-])=O,Na2CO3,0.31796399999999997 milligram,3.0 micromole,0.317964 microliter,CNa2O3,CN1C=NC2=C1C(=O)N(C(=O)N2C)C,caffeine,0.0776764 milligram,0.4 micromole,0.07767640000000002 microliter,C8H10N4O2,C1COCCO1,dioxane,16.2225 milligram,184.12480421310696 micromole,15.75 microliter,C4H8O2,O,water,1.75 milligram,97.1412711629198 micromole,1.75 microliter,H2O,Cc1nn(C)cc1-c1cccn2ccnc12,suzuki_product_0,0.0 milligram,0.0 micromole,0 microliter,C12H12N4,c1ccn2ccnc2c1,dehalogenation_0,0.0 milligram,0.0 micromole,0 microliter,C7H6N2,Cc1ccn(C)n1,deborylation_0,0.0 milligram,0.0 micromole,0 microliter,C5H8N2,BrC1=CC=CN2C=CN=C12.B1(OC(C(O1)(C)C)(C)C)C2=CN(N=C2C)C>>Cc1nn(C)cc1-c1cccn2ccnc12.c1ccn2ccnc2c1.Cc1ccn(C)n1,004_RLN-NB-2443_011_B13,,,,,,,,,,,,,,,,,,,,,6/9/2023 1:29:36 AM,004_rln-nb-2443_011_b13.raw,2min_150_1200.EXP,004_RLN-NB-2443_011_B13,004_RLN-NB-2443_011_B13_004_RLN-NB-2443_011_B13_0,Rxn_Opt_HSST3_2_98,Analog,0,0,0,0,0,5.531297269382883,0.736,0,0,0,False,96.06874826542,1.25,deborylation_0,0,0,0,0,0,207.43791216642964,81.41325458087366,5.531297269382883,194.9,0.736,0,0,0,0,0,0,0,0,0,0,0,0,0,0,0,0,0,0,0,0,0,0,0,0,0,0,0,0,0,0,0,0,0,0,0,0,0,0,0,0,0,0,0,0,0,0,0,0,0,0,0,0,0,0,0,0,0,0,0,0,0,0,0,0,0,0,0,0,0,0,0,0,0,0,0,0,0,0,0,0,0.0,0.0,0.0,0.0,0.0,0.0,0.0,0.0,0.0,0.0,0.0,0.0,0.0,0.0,0.0,0.0,0.0,0.0,0.0,0.0,0.0,0.0,0.0,0.0,0.0,0.0,0.0,0.0,0.0,0.0,0.0,0.0,0.0,0.0,0.0,0.0,0.0,0.0,0.0,0.0,0.0,0.0,0.0,0.0,0.0,0.0,0.0,0.0,0.0,0.0,0.0,0.0,0.0,0.0,0.0
37,B14,[Fe].Cl[Pd]Cl.[CH]1[CH][CH][C]([CH]1)P(C2CCCCC2)C3CCCCC3.[CH]4[CH][CH][C]([CH]4)P(C5CCCCC5)C6CCCCC6,PdCl2(dcypf),0.06047272000000001 milligram,0.08000000000000002 micromole,0.06047272000000002 microliter,C34H52Cl2FeP2Pd,BrC1=CC=CN2C=CN=C12,"8-bromoimidazo[1,2-a]pyridine",0.07881400000000001 milligram,0.4 micromole,0.07881400000000002 microliter,C7H5BrN2,B1(OC(C(O1)(C)C)(C)C)C2=CN=C(C=C2)C,"2-methyl-5-(4,4,5,5-tetramethyl-1,3,2-dioxaborolan-2-yl)pyridine",0.10516464 milligram,0.48000000000000004 micromole,0.10516464000000003 microliter,C12H18BNO2,[Na+].[Na+].[O-]C([O-])=O,Na2CO3,0.31796399999999997 milligram,3.0 micromole,0.317964 microliter,CNa2O3,CN1C=NC2=C1C(=O)N(C(=O)N2C)C,caffeine,0.0776764 milligram,0.4 micromole,0.07767640000000002 microliter,C8H10N4O2,C1COCCO1,dioxane,16.2225 milligram,184.12480421310696 micromole,15.75 microliter,C4H8O2,O,water,1.75 milligram,97.1412711629198 micromole,1.75 microliter,H2O,Cc1ccc(-c2cccn3ccnc23)cn1,suzuki_product_0,0.0 milligram,0.0 micromole,0 microliter,C13H11N3,c1ccn2ccnc2c1,dehalogenation_0,0.0 milligram,0.0 micromole,0 microliter,C7H6N2,Cc1ccccn1,deborylation_0,0.0 milligram,0.0 micromole,0 microliter,C6H7N,BrC1=CC=CN2C=CN=C12.B1(OC(C(O1)(C)C)(C)C)C2=CN=C(C=C2)C>>Cc1ccc(-c2cccn3ccnc23)cn1.c1ccn2ccnc2c1.Cc1ccccn1,004_RLN-NB-2443_011_B14,,,,,,,,,,,,,,,,,,,,,6/9/2023 1:32:03 AM,004_rln-nb-2443_011_b14.raw,2min_150_1200.EXP,004_RLN-NB-2443_011_B14,004_RLN-NB-2443_011_B14_004_RLN-NB-2443_011_B14_004,Rxn_Opt_HSST3_2_98,Analog,0,0,0,0,0,4.852515809416552,0.736,0,0,0,False,93.05784922892,1.25,deborylation_0,0,0,0,0,0,186.75095076560245,61.61522353731738,4.852515809416552,195,0.736,0,0,0,0,0,0,0,0,0,0,0,0,0,0,0,0,0,0,0,0,0,0,0,0,0,0,0,0,0,0,0,0,0,0,0,0,0,0,0,0,0,0,0,0,0,0,0,0,0,0,0,0,0,0,0,0,0,0,0,0,0,0,0,0,0,0,0,0,0,0,0,0,0,0,0,0,0,0,0,0,0.0,0.0,0.0,0.0,0.0,0.0,0.0,0.0,0.0,0.0,0.0,0.0,0.0,0.0,0.0,0.0,0.0,0.0,0.0,0.0,0.0,0.0,0.0,0.0,0.0,0.0,0.0,0.0,0.0,0.0,0.0,0.0,0.0,0.0,0.0,0.0,0.0,0.0,0.0,0.0,0.0,0.0,0.0,0.0,0.0,0.0,0.0,0.0,0.0,0.0,0.0,0.0,0.0,0.0,0.0
38,B15,[Fe].Cl[Pd]Cl.[CH]1[CH][CH][C]([CH]1)P(C2CCCCC2)C3CCCCC3.[CH]4[CH][CH][C]([CH]4)P(C5CCCCC5)C6CCCCC6,PdCl2(dcypf),0.06047272000000001 milligram,0.08000000000000002 micromole,0.06047272000000002 microliter,C34H52Cl2FeP2Pd,BrC1=CC=CN2C=CN=C12,"8-bromoimidazo[1,2-a]pyridine",0.07881400000000001 milligram,0.4 micromole,0.07881400000000002 microliter,C7H5BrN2,CC1(C)OB(C2=CN(C)N=C2)OC1(C)C,"1-methyl-4-(tetramethyl-1,3,2-dioxaborolan-2-yl)-1H-pyrazole",0.09987359999999999 milligram,0.48000000000000004 micromole,0.09987360000000002 microliter,C10H17BN2O2,[Na+].[Na+].[O-]C([O-])=O,Na2CO3,0.31796399999999997 milligram,3.0 micromole,0.317964 microliter,CNa2O3,CN1C=NC2=C1C(=O)N(C(=O)N2C)C,caffeine,0.0776764 milligram,0.4 micromole,0.07767640000000002 microliter,C8H10N4O2,C1COCCO1,dioxane,16.2225 milligram,184.12480421310696 micromole,15.75 microliter,C4H8O2,O,water,1.75 milligram,97.1412711629198 micromole,1.75 microliter,H2O,Cn1cc(-c2cccn3ccnc23)cn1,suzuki_product_0,0.0 milligram,0.0 micromole,0 microliter,C11H10N4,c1ccn2ccnc2c1,dehalogenation_0,0.0 milligram,0.0 micromole,0 microliter,C7H6N2,Cn1cccn1,deborylation_0,0.0 milligram,0.0 micromole,0 microliter,C4H6N2,BrC1=CC=CN2C=CN=C12.CC1(C)OB(C2=CN(C)N=C2)OC1(C)C>>Cn1cc(-c2cccn3ccnc23)cn1.c1ccn2ccnc2c1.Cn1cccn1,004_RLN-NB-2443_011_B15,,,,,,,,,,,,,,,,,,,,,6/9/2023 1:34:30 AM,004_rln-nb-2443_011_b15.raw,2min_150_1200.EXP,004_RLN-NB-2443_011_B15,004_RLN-NB-2443_011_B15_004_RLN-NB-2443_011_B15_0,Rxn_Opt_HSST3_2_98,Analog,0,0,0,0,0,5.447841648651901,0.7376,0,0,0,False,82.05309820128,1.25,deborylation_0,0,0,0,0,0,207.40555514122508,78.34382263672606,5.447841648651901,195,0.7376,0,0,0,0,0,0,0,0,0,0,0,0,0,0,0,0,0,0,0,0,0,0,0,0,0,0,0,0,0,0,0,0,0,0,0,0,0,0,0,0,0,0,0,0,0,0,0,0,0,0,0,0,0,0,0,0,0,0,0,0,0,0,0,0,0,0,0,0,0,0,0,0,0,0,0,0,0,0,0,0,0.0,0.0,0.0,0.0,0.0,0.0,0.0,0.0,0.0,0.0,0.0,0.0,0.0,0.0,0.0,0.0,0.0,0.0,0.0,0.0,0.0,0.0,0.0,0.0,0.0,0.0,0.0,0.0,0.0,0.0,0.0,0.0,0.0,0.0,0.0,0.0,0.0,0.0,0.0,0.0,0.0,0.0,0.0,0.0,0.0,0.0,0.0,0.0,0.0,0.0,0.0,0.0,0.0,0.0,0.0
39,B16,[Fe].Cl[Pd]Cl.[CH]1[CH][CH][C]([CH]1)P(C2CCCCC2)C3CCCCC3.[CH]4[CH][CH][C]([CH]4)P(C5CCCCC5)C6CCCCC6,PdCl2(dcypf),0.06047272000000001 milligram,0.08000000000000002 micromole,0.06047272000000002 microliter,C34H52Cl2FeP2Pd,BrC1=CC=CN2C=CN=C12,"8-bromoimidazo[1,2-a]pyridine",0.07881400000000001 milligram,0.4 micromole,0.07881400000000002 microliter,C7H5BrN2,CC1(C)OB(C2=CC3=C(NC=C3)C=C2)OC1(C)C,"5-(tetramethyl-1,3,2-dioxaborolan-2-yl)-1H-indole",0.11669520000000001 milligram,0.48000000000000004 micromole,0.11669520000000004 microliter,C14H18BNO2,[Na+].[Na+].[O-]C([O-])=O,Na2CO3,0.31796399999999997 milligram,3.0 micromole,0.317964 microliter,CNa2O3,CN1C=NC2=C1C(=O)N(C(=O)N2C)C,caffeine,0.0776764 milligram,0.4 micromole,0.07767640000000002 microliter,C8H10N4O2,C1COCCO1,dioxane,16.2225 milligram,184.12480421310696 micromole,15.75 microliter,C4H8O2,O,water,1.75 milligram,97.1412711629198 micromole,1.75 microliter,H2O,c1cc(-c2ccc3[nH]ccc3c2)c2nccn2c1,suzuki_product_0,0.0 milligram,0.0 micromole,0 microliter,C15H11N3,c1ccn2ccnc2c1,dehalogenation_0,0.0 milligram,0.0 micromole,0 microliter,C7H6N2,c1ccc2[nH]ccc2c1,deborylation_0,0.0 milligram,0.0 micromole,0 microliter,C8H7N,BrC1=CC=CN2C=CN=C12.CC1(C)OB(C2=CC3=C(NC=C3)C=C2)OC1(C)C>>c1cc(-c2ccc3[nH]ccc3c2)c2nccn2c1.c1ccn2ccnc2c1.c1ccc2[nH]ccc2c1,004_RLN-NB-2443_011_B16,,,,,,,,,,,,,,,,,,,,,6/9/2023 1:36:57 AM,004_rln-nb-2443_011_b16.raw,2min_150_1200.EXP,004_RLN-NB-2443_011_B16,004_RLN-NB-2443_011_B16_004_RLN-NB-2443_011_B16_004,Rxn_Opt_HSST3_2_98,Analog,0,0,0,0,0,6.21219433636841,0.736,1.9919925480737215,1.2726,0,False,117.05784922892,1.25,deborylation_0,0,0,0,0,0,207.24682435404705,65.46113973717928,6.21219433636841,195,0.736,0,0,0,0,0,0,0,0,0,0,87.89684691997894,20.99066698243429,1.9919925480737215,243.9,1.2726,0,0,0,0,0,0,0,0,0,0,0,0,0,0,0,0,0,0,0,0,0,0,0,0,0,0,0,0,0,0,0,0,0,0,0,0,0,0,0,0,0,0,0,0,0,0,0,0,0,0,0,0,0,0,0,0,0,0,0,0,0,0,0,0,0,0.0,0.0,0.0,0.0,0.0,0.0,0.0,0.0,0.0,0.0,0.0,0.0,0.0,0.0,0.0,0.0,0.0,0.0,0.0,0.0,0.0,0.0,0.0,0.0,0.0,0.00012826337620585267,32.065844051463166,0.0,0.0,0.0,0.0,0.0,0.0,0.0,0.0,0.0,0.0,0.0,0.0,0.0,0.0,0.0,0.0,0.0,0.0,0.0,0.0,0.0,0.0,0.0,0.0,0.0,0.0,0.0,0.0
40,B17,[Fe].Cl[Pd]Cl.[CH]1[CH][CH][C]([CH]1)P(C2CCCCC2)C3CCCCC3.[CH]4[CH][CH][C]([CH]4)P(C5CCCCC5)C6CCCCC6,PdCl2(dcypf),0.06047272000000001 milligram,0.08000000000000002 micromole,0.06047272000000002 microliter,C34H52Cl2FeP2Pd,BrC1=CC=CN2C=CN=C12,"8-bromoimidazo[1,2-a]pyridine",0.07881400000000001 milligram,0.4 micromole,0.07881400000000002 microliter,C7H5BrN2,O=[N+](C1=CC=CC=C1B2OC(C)(C)C(C)(C)O2)[O-],"4,4,5,5-tetramethyl-2-(2-nitrophenyl)-1,3,2-dioxaborolane",0.11955599999999997 milligram,0.48000000000000004 micromole,0.119556 microliter,C12H16BNO4,[Na+].[Na+].[O-]C([O-])=O,Na2CO3,0.31796399999999997 milligram,3.0 micromole,0.317964 microliter,CNa2O3,CN1C=NC2=C1C(=O)N(C(=O)N2C)C,caffeine,0.0776764 milligram,0.4 micromole,0.07767640000000002 microliter,C8H10N4O2,C1COCCO1,dioxane,16.2225 milligram,184.12480421310696 micromole,15.75 microliter,C4H8O2,O,water,1.75 milligram,97.1412711629198 micromole,1.75 microliter,H2O,O=[N+]([O-])c1ccccc1-c1cccn2ccnc12,suzuki_product_0,0.0 milligram,0.0 micromole,0 microliter,C13H9N3O2,c1ccn2ccnc2c1,dehalogenation_0,0.0 milligram,0.0 micromole,0 microliter,C7H6N2,O=[N+]([O-])c1ccccc1,deborylation_0,0.0 milligram,0.0 micromole,0 microliter,C6H5NO2,BrC1=CC=CN2C=CN=C12.O=[N+](C1=CC=CC=C1B2OC(C)(C)C(C)(C)O2)[O-]>>O=[N+]([O-])c1ccccc1-c1cccn2ccnc12.c1ccn2ccnc2c1.O=[N+]([O-])c1ccccc1,004_RLN-NB-2443_011_B17,,,,,,,,,,,,,,,,,,,,,6/9/2023 1:39:24 AM,004_rln-nb-2443_011_b17.raw,2min_150_1200.EXP,004_RLN-NB-2443_011_B17,004_RLN-NB-2443_011_B17_004_RLN-NB-2443_011_B17_,Rxn_Opt_HSST3_2_98,Analog,1,0,5.465772351528036,66.61359203293125,0.736,5.465772351528036,0.736,0,0,0,False,123.03202840392001,1.25,deborylation_0,0,0,0,0,0,211.13525380912859,66.61359203293125,5.465772351528036,194.9,0.736,0,0,0,0,0,0,0,0,0,0,0,0,0,0,0,0,0,0,0,0,0,0,0,0,0,0,0,0,0,0,0,0,0,0,0,0,0,0,0,0,0,0,0,0,0,0,0,0,0,0,0,0,0,0,0,0,0,0,0,0,0,0,0,0,0,0,0,0,0,0,0,0,0,0,0,0,0,0,0,0,211.13525380912859,66.61359203293125,5.465772351528036,194.9,0.736,0.0,0.0,0.0,0.0,0.0,0.0,0.0,0.0,0.0,0.0,0.0,0.0,0.0,0.0,0.0004,100.0,0.0,0.0,0.0,0.0,0.0,0.0,0.0,0.0,0.0,0.0,0.0,0.0,0.0,0.0,0.0,0.0,0.0,0.0,0.0,0.0,0.0,0.0,0.0,0.0,0.0,0.0,0.0,0.0,0.0,0.0,0.0,0.0,0.0,0.0
41,B18,[Fe].Cl[Pd]Cl.[CH]1[CH][CH][C]([CH]1)P(C2CCCCC2)C3CCCCC3.[CH]4[CH][CH][C]([CH]4)P(C5CCCCC5)C6CCCCC6,PdCl2(dcypf),0.06047272000000001 milligram,0.08000000000000002 micromole,0.06047272000000002 microliter,C34H52Cl2FeP2Pd,BrC1=CC=CN2C=CN=C12,"8-bromoimidazo[1,2-a]pyridine",0.07881400000000001 milligram,0.4 micromole,0.07881400000000002 microliter,C7H5BrN2,O=C(O)C1=CC=CC(B2OC(C)(C)C(C)(C)O2)=C1,"3-(tetramethyl-1,3,2-dioxaborolan-2-yl)benzoic acid",0.11908175999999998 milligram,0.48000000000000004 micromole,0.11908176000000001 microliter,C13H17BO4,[Na+].[Na+].[O-]C([O-])=O,Na2CO3,0.31796399999999997 milligram,3.0 micromole,0.317964 microliter,CNa2O3,CN1C=NC2=C1C(=O)N(C(=O)N2C)C,caffeine,0.0776764 milligram,0.4 micromole,0.07767640000000002 microliter,C8H10N4O2,C1COCCO1,dioxane,16.2225 milligram,184.12480421310696 micromole,15.75 microliter,C4H8O2,O,water,1.75 milligram,97.1412711629198 micromole,1.75 microliter,H2O,O=C(O)c1cccc(-c2cccn3ccnc23)c1,suzuki_product_0,0.0 milligram,0.0 micromole,0 microliter,C14H10N2O2,c1ccn2ccnc2c1,dehalogenation_0,0.0 milligram,0.0 micromole,0 microliter,C7H6N2,O=C(O)c1ccccc1,deborylation_0,0.0 milligram,0.0 micromole,0 microliter,C7H6O2,BrC1=CC=CN2C=CN=C12.O=C(O)C1=CC=CC(B2OC(C)(C)C(C)(C)O2)=C1>>O=C(O)c1cccc(-c2cccn3ccnc23)c1.c1ccn2ccnc2c1.O=C(O)c1ccccc1,004_RLN-NB-2443_011_B18,,,,,,,,,,,,,,,,,,,,,6/9/2023 1:41:52 AM,004_rln-nb-2443_011_b18.raw,2min_150_1200.EXP,004_RLN-NB-2443_011_B18,004_RLN-NB-2443_011_B18_004_RLN-NB-2443_011_B18_0,Rxn_Opt_HSST3_2_98,Analog,0.042549256096551115,0,0.24933409358187883,1.9608162584062985,0.701,5.859893132234783,0.736,0,0,0,False,122.03677943156,1.25,deborylation_0,0,0,0,0,0,225.86985716454157,46.08344394921713,5.859893132234783,195,0.736,0,0,0,0,0,0,0,0,0,0,0,0,0,0,0,0,0,0,0,0,0,0,0,0,0,0,0,0,0,0,0,0,0,0,0,0,0,0,0,0,0,0,0,0,0,0,0,0,0,0,0,0,0,0,0,0,0,0,0,0,0,0,0,0,0,0,0,0,0,0,0,0,0,0,0,0,0,0,0,0,12.251269857012758,1.9608162584062985,0.24933409358187883,238.9,0.701,0.0,0.0,0.0,0.0,0.0,0.0,0.0,0.0,0.0,0.0,0.0,0.0,0.0,0.0,1.7019702438620448e-05,4.254925609655111,0.0,0.0,0.0,0.0,0.0,0.0,0.0,0.0,0.0,0.0,0.0,0.0,0.0,0.0,0.0,0.0,0.0,0.0,0.0,0.0,0.0,0.0,0.0,0.0,0.0,0.0,0.0,0.0,0.0,0.0,0.0,0.0,0.0,0.0
42,B19,COC1=CC=C(C(P(C(C)(C)C)C(C)(C)C)=C1C2=C(C=C(C=C2C(C)C)C(C)C)C(C)C)OC.NC3=C(C=CC=C3)C4=C(C=CC=C4)[Pd]OS(C)(=O)=O,tBuBrettPhos Pd G3,0.06835544000000003 milligram,0.08000000000000002 micromole,0.06835544000000005 microliter,C44H62NO5PPdS,BrC1=CC=CN2C=CN=C12,"8-bromoimidazo[1,2-a]pyridine",0.07881400000000001 milligram,0.4 micromole,0.07881400000000002 microliter,C7H5BrN2,B1(OC(C(O1)(C)C)(C)C)C2=CN(N=C2C)C,"1,3-dimethyl-4-(4,4,5,5-tetramethyl-1,3,2-dioxaborolan-2-yl)-1H-pyrazole",0.10660655999999999 milligram,0.48000000000000004 micromole,0.10660656000000002 microliter,C11H19BN2O2,[Na+].[Na+].[O-]C([O-])=O,Na2CO3,0.31796399999999997 milligram,3.0 micromole,0.317964 microliter,CNa2O3,CN1C=NC2=C1C(=O)N(C(=O)N2C)C,caffeine,0.0776764 milligram,0.4 micromole,0.07767640000000002 microliter,C8H10N4O2,C1COCCO1,dioxane,16.2225 milligram,184.12480421310696 micromole,15.75 microliter,C4H8O2,O,water,1.75 milligram,97.1412711629198 micromole,1.75 microliter,H2O,Cc1nn(C)cc1-c1cccn2ccnc12,suzuki_product_0,0.0 milligram,0.0 micromole,0 microliter,C12H12N4,c1ccn2ccnc2c1,dehalogenation_0,0.0 milligram,0.0 micromole,0 microliter,C7H6N2,Cc1ccn(C)n1,deborylation_0,0.0 milligram,0.0 micromole,0 microliter,C5H8N2,BrC1=CC=CN2C=CN=C12.B1(OC(C(O1)(C)C)(C)C)C2=CN(N=C2C)C>>Cc1nn(C)cc1-c1cccn2ccnc12.c1ccn2ccnc2c1.Cc1ccn(C)n1,004_RLN-NB-2443_011_B19,,,,,,,,,,,,,,,,,,,,,6/9/2023 1:44:19 AM,004_rln-nb-2443_011_b19.raw,2min_150_1200.EXP,004_RLN-NB-2443_011_B19,004_RLN-NB-2443_011_B19_004_RLN-NB-2443_011_B19_004,Rxn_Opt_HSST3_2_98,Analog,0,0,0,0,0,4.971062779473482,0.736,0,0,0,False,96.06874826542,1.25,deborylation_0,0,0,0,0,0,188.89289481207015,18.670766878408145,4.971062779473482,195,0.736,0,0,0,0,0,0,0,0,0,0,0,0,0,0,0,0,0,0,0,0,0,0,0,0,0,0,0,0,0,0,0,0,0,0,0,0,0,0,0,0,0,0,0,0,0,0,0,0,0,0,0,0,0,0,0,0,0,0,0,0,0,0,0,0,0,0,0,0,0,0,0,0,0,0,0,0,0,0,0,0,0.0,0.0,0.0,0.0,0.0,0.0,0.0,0.0,0.0,0.0,0.0,0.0,0.0,0.0,0.0,0.0,0.0,0.0,0.0,0.0,0.0,0.0,0.0,0.0,0.0,0.0,0.0,0.0,0.0,0.0,0.0,0.0,0.0,0.0,0.0,0.0,0.0,0.0,0.0,0.0,0.0,0.0,0.0,0.0,0.0,0.0,0.0,0.0,0.0,0.0,0.0,0.0,0.0,0.0,0.0
43,B20,COC1=CC=C(C(P(C(C)(C)C)C(C)(C)C)=C1C2=C(C=C(C=C2C(C)C)C(C)C)C(C)C)OC.NC3=C(C=CC=C3)C4=C(C=CC=C4)[Pd]OS(C)(=O)=O,tBuBrettPhos Pd G3,0.06835544000000003 milligram,0.08000000000000002 micromole,0.06835544000000005 microliter,C44H62NO5PPdS,BrC1=CC=CN2C=CN=C12,"8-bromoimidazo[1,2-a]pyridine",0.07881400000000001 milligram,0.4 micromole,0.07881400000000002 microliter,C7H5BrN2,B1(OC(C(O1)(C)C)(C)C)C2=CN=C(C=C2)C,"2-methyl-5-(4,4,5,5-tetramethyl-1,3,2-dioxaborolan-2-yl)pyridine",0.10516464 milligram,0.48000000000000004 micromole,0.10516464000000003 microliter,C12H18BNO2,[Na+].[Na+].[O-]C([O-])=O,Na2CO3,0.31796399999999997 milligram,3.0 micromole,0.317964 microliter,CNa2O3,CN1C=NC2=C1C(=O)N(C(=O)N2C)C,caffeine,0.0776764 milligram,0.4 micromole,0.07767640000000002 microliter,C8H10N4O2,C1COCCO1,dioxane,16.2225 milligram,184.12480421310696 micromole,15.75 microliter,C4H8O2,O,water,1.75 milligram,97.1412711629198 micromole,1.75 microliter,H2O,Cc1ccc(-c2cccn3ccnc23)cn1,suzuki_product_0,0.0 milligram,0.0 micromole,0 microliter,C13H11N3,c1ccn2ccnc2c1,dehalogenation_0,0.0 milligram,0.0 micromole,0 microliter,C7H6N2,Cc1ccccn1,deborylation_0,0.0 milligram,0.0 micromole,0 microliter,C6H7N,BrC1=CC=CN2C=CN=C12.B1(OC(C(O1)(C)C)(C)C)C2=CN=C(C=C2)C>>Cc1ccc(-c2cccn3ccnc23)cn1.c1ccn2ccnc2c1.Cc1ccccn1,004_RLN-NB-2443_011_B20,,,,,,,,,,,,,,,,,,,,,6/9/2023 1:46:47 AM,004_rln-nb-2443_011_b20.raw,2min_150_1200.EXP,004_RLN-NB-2443_011_B20,004_RLN-NB-2443_011_B20_004_RLN-NB-2443_011_B20_004_R,Rxn_Opt_HSST3_2_98,Analog,0,0,0,0,0,5.115972909765291,0.736,0,0,0,False,93.05784922892,1.25,deborylation_0,0,0,0,0,0,197.05574675052603,17.53993443184366,5.115972909765291,195,0.736,0,0,0,0,0,0,0,0,0,0,0,0,0,0,0,0,0,0,0,0,0,0,0,0,0,0,0,0,0,0,0,0,0,0,0,0,0,0,0,0,0,0,0,0,0,0,0,0,0,0,0,0,0,0,0,0,0,0,0,0,0,0,0,0,0,0,0,0,0,0,0,0,0,0,0,0,0,0,0,0,0.0,0.0,0.0,0.0,0.0,0.0,0.0,0.0,0.0,0.0,0.0,0.0,0.0,0.0,0.0,0.0,0.0,0.0,0.0,0.0,0.0,0.0,0.0,0.0,0.0,0.0,0.0,0.0,0.0,0.0,0.0,0.0,0.0,0.0,0.0,0.0,0.0,0.0,0.0,0.0,0.0,0.0,0.0,0.0,0.0,0.0,0.0,0.0,0.0,0.0,0.0,0.0,0.0,0.0,0.0
44,B21,COC1=CC=C(C(P(C(C)(C)C)C(C)(C)C)=C1C2=C(C=C(C=C2C(C)C)C(C)C)C(C)C)OC.NC3=C(C=CC=C3)C4=C(C=CC=C4)[Pd]OS(C)(=O)=O,tBuBrettPhos Pd G3,0.06835544000000003 milligram,0.08000000000000002 micromole,0.06835544000000005 microliter,C44H62NO5PPdS,BrC1=CC=CN2C=CN=C12,"8-bromoimidazo[1,2-a]pyridine",0.07881400000000001 milligram,0.4 micromole,0.07881400000000002 microliter,C7H5BrN2,CC1(C)OB(C2=CN(C)N=C2)OC1(C)C,"1-methyl-4-(tetramethyl-1,3,2-dioxaborolan-2-yl)-1H-pyrazole",0.09987359999999999 milligram,0.48000000000000004 micromole,0.09987360000000002 microliter,C10H17BN2O2,[Na+].[Na+].[O-]C([O-])=O,Na2CO3,0.31796399999999997 milligram,3.0 micromole,0.317964 microliter,CNa2O3,CN1C=NC2=C1C(=O)N(C(=O)N2C)C,caffeine,0.0776764 milligram,0.4 micromole,0.07767640000000002 microliter,C8H10N4O2,C1COCCO1,dioxane,16.2225 milligram,184.12480421310696 micromole,15.75 microliter,C4H8O2,O,water,1.75 milligram,97.1412711629198 micromole,1.75 microliter,H2O,Cn1cc(-c2cccn3ccnc23)cn1,suzuki_product_0,0.0 milligram,0.0 micromole,0 microliter,C11H10N4,c1ccn2ccnc2c1,dehalogenation_0,0.0 milligram,0.0 micromole,0 microliter,C7H6N2,Cn1cccn1,deborylation_0,0.0 milligram,0.0 micromole,0 microliter,C4H6N2,BrC1=CC=CN2C=CN=C12.CC1(C)OB(C2=CN(C)N=C2)OC1(C)C>>Cn1cc(-c2cccn3ccnc23)cn1.c1ccn2ccnc2c1.Cn1cccn1,004_RLN-NB-2443_011_B21,,,,,,,,,,,,,,,,,,,,,6/9/2023 1:49:14 AM,004_rln-nb-2443_011_b21.raw,2min_150_1200.EXP,004_RLN-NB-2443_011_B21,004_RLN-NB-2443_011_B21_004_RLN-NB-2443_011_B21_004,Rxn_Opt_HSST3_2_98,Analog,0,0,0,0,0,5.001189334539328,0.7343,0,0,0,False,82.05309820128,1.25,deborylation_0,0,0,0,0,0,196.53305253520392,20.71406648846749,5.001189334539328,195,0.7343,0,0,0,0,0,0,0,0,0,0,0,0,0,0,0,0,0,0,0,0,0,0,0,0,0,0,0,0,0,0,0,0,0,0,0,0,0,0,0,0,0,0,0,0,0,0,0,0,0,0,0,0,0,0,0,0,0,0,0,0,0,0,0,0,0,0,0,0,0,0,0,0,0,0,0,0,0,0,0,0,0.0,0.0,0.0,0.0,0.0,0.0,0.0,0.0,0.0,0.0,0.0,0.0,0.0,0.0,0.0,0.0,0.0,0.0,0.0,0.0,0.0,0.0,0.0,0.0,0.0,0.0,0.0,0.0,0.0,0.0,0.0,0.0,0.0,0.0,0.0,0.0,0.0,0.0,0.0,0.0,0.0,0.0,0.0,0.0,0.0,0.0,0.0,0.0,0.0,0.0,0.0,0.0,0.0,0.0,0.0
45,B22,COC1=CC=C(C(P(C(C)(C)C)C(C)(C)C)=C1C2=C(C=C(C=C2C(C)C)C(C)C)C(C)C)OC.NC3=C(C=CC=C3)C4=C(C=CC=C4)[Pd]OS(C)(=O)=O,tBuBrettPhos Pd G3,0.06835544000000003 milligram,0.08000000000000002 micromole,0.06835544000000005 microliter,C44H62NO5PPdS,BrC1=CC=CN2C=CN=C12,"8-bromoimidazo[1,2-a]pyridine",0.07881400000000001 milligram,0.4 micromole,0.07881400000000002 microliter,C7H5BrN2,CC1(C)OB(C2=CC3=C(NC=C3)C=C2)OC1(C)C,"5-(tetramethyl-1,3,2-dioxaborolan-2-yl)-1H-indole",0.11669520000000001 milligram,0.48000000000000004 micromole,0.11669520000000004 microliter,C14H18BNO2,[Na+].[Na+].[O-]C([O-])=O,Na2CO3,0.31796399999999997 milligram,3.0 micromole,0.317964 microliter,CNa2O3,CN1C=NC2=C1C(=O)N(C(=O)N2C)C,caffeine,0.0776764 milligram,0.4 micromole,0.07767640000000002 microliter,C8H10N4O2,C1COCCO1,dioxane,16.2225 milligram,184.12480421310696 micromole,15.75 microliter,C4H8O2,O,water,1.75 milligram,97.1412711629198 micromole,1.75 microliter,H2O,c1cc(-c2ccc3[nH]ccc3c2)c2nccn2c1,suzuki_product_0,0.0 milligram,0.0 micromole,0 microliter,C15H11N3,c1ccn2ccnc2c1,dehalogenation_0,0.0 milligram,0.0 micromole,0 microliter,C7H6N2,c1ccc2[nH]ccc2c1,deborylation_0,0.0 milligram,0.0 micromole,0 microliter,C8H7N,BrC1=CC=CN2C=CN=C12.CC1(C)OB(C2=CC3=C(NC=C3)C=C2)OC1(C)C>>c1cc(-c2ccc3[nH]ccc3c2)c2nccn2c1.c1ccn2ccnc2c1.c1ccc2[nH]ccc2c1,004_RLN-NB-2443_011_B22,,,,,,,,,,,,,,,,,,,,,6/9/2023 1:51:41 AM,004_rln-nb-2443_011_b22.raw,2min_150_1200.EXP,004_RLN-NB-2443_011_B22,004_RLN-NB-2443_011_B22_004_RLN-NB-2443_011_B22_004_R,Rxn_Opt_HSST3_2_98,Analog,0.1024881495603888,0,0.49629264924140826,2.060639366206402,0.7843,4.842439358796103,0.736,0.905250048381594,1.2693,0,False,117.05784922892,1.25,deborylation_0,0,0,0,0,0,196.0251948432224,20.10612324493396,4.842439358796103,195,0.736,0,0,0,0,0,0,0,0,0,0,47.307387932518196,3.758657092355989,0.905250048381594,244,1.2693,0,0,0,0,0,0,0,0,0,0,0,0,0,0,0,0,0,0,0,0,0,0,0,0,0,0,0,0,0,0,0,0,0,0,0,0,0,0,0,0,0,0,0,0,0,0,0,0,0,0,0,0,0,0,0,0,0,0,0,0,0,0,0,0,0,18.461882334081324,2.0606393662064018,0.49629264924140826,195.0,0.7843,0.0,0.0,0.0,0.0,0.0,0.0,0.0,0.0,0.0,0.0,0.0,0.0,0.0,0.0,4.099525982415553e-05,10.248814956038881,0.0,0.0,0.0,0.0,7.477636631523263e-05,18.694091578808155,0.0,0.0,0.0,0.0,0.0,0.0,0.0,0.0,0.0,0.0,0.0,0.0,0.0,0.0,0.0,0.0,0.0,0.0,0.0,0.0,0.0,0.0,0.0,0.0,0.0,0.0,0.0,0.0
46,B23,COC1=CC=C(C(P(C(C)(C)C)C(C)(C)C)=C1C2=C(C=C(C=C2C(C)C)C(C)C)C(C)C)OC.NC3=C(C=CC=C3)C4=C(C=CC=C4)[Pd]OS(C)(=O)=O,tBuBrettPhos Pd G3,0.06835544000000003 milligram,0.08000000000000002 micromole,0.06835544000000005 microliter,C44H62NO5PPdS,BrC1=CC=CN2C=CN=C12,"8-bromoimidazo[1,2-a]pyridine",0.07881400000000001 milligram,0.4 micromole,0.07881400000000002 microliter,C7H5BrN2,O=[N+](C1=CC=CC=C1B2OC(C)(C)C(C)(C)O2)[O-],"4,4,5,5-tetramethyl-2-(2-nitrophenyl)-1,3,2-dioxaborolane",0.11955599999999997 milligram,0.48000000000000004 micromole,0.119556 microliter,C12H16BNO4,[Na+].[Na+].[O-]C([O-])=O,Na2CO3,0.31796399999999997 milligram,3.0 micromole,0.317964 microliter,CNa2O3,CN1C=NC2=C1C(=O)N(C(=O)N2C)C,caffeine,0.0776764 milligram,0.4 micromole,0.07767640000000002 microliter,C8H10N4O2,C1COCCO1,dioxane,16.2225 milligram,184.12480421310696 micromole,15.75 microliter,C4H8O2,O,water,1.75 milligram,97.1412711629198 micromole,1.75 microliter,H2O,O=[N+]([O-])c1ccccc1-c1cccn2ccnc12,suzuki_product_0,0.0 milligram,0.0 micromole,0 microliter,C13H9N3O2,c1ccn2ccnc2c1,dehalogenation_0,0.0 milligram,0.0 micromole,0 microliter,C7H6N2,O=[N+]([O-])c1ccccc1,deborylation_0,0.0 milligram,0.0 micromole,0 microliter,C6H5NO2,BrC1=CC=CN2C=CN=C12.O=[N+](C1=CC=CC=C1B2OC(C)(C)C(C)(C)O2)[O-]>>O=[N+]([O-])c1ccccc1-c1cccn2ccnc12.c1ccn2ccnc2c1.O=[N+]([O-])c1ccccc1,004_RLN-NB-2443_011_B23,,,,,,,,,,,,,,,,,,,,,6/9/2023 1:54:08 AM,004_rln-nb-2443_011_b23.raw,2min_150_1200.EXP,004_RLN-NB-2443_011_B23,004_RLN-NB-2443_011_B23_004_RLN-NB-2443_011_B23_00,Rxn_Opt_HSST3_2_98,Analog,1,0,5.022540915784742,17.84929079148752,0.736,5.022540915784742,0.736,0,0,0,False,123.03202840392001,1.25,deborylation_0,0,0,0,0,0,193.80580960282498,17.84929079148752,5.022540915784742,194.9,0.736,0,0,0,0,0,0,0,0,0,0,0,0,0,0,0,0,0,0,0,0,0,0,0,0,0,0,0,0,0,0,0,0,0,0,0,0,0,0,0,0,0,0,0,0,0,0,0,0,0,0,0,0,0,0,0,0,0,0,0,0,0,0,0,0,0,0,0,0,0,0,0,0,0,0,0,0,0,0,0,0,193.80580960282498,17.84929079148752,5.022540915784742,194.9,0.736,0.0,0.0,0.0,0.0,0.0,0.0,0.0,0.0,0.0,0.0,0.0,0.0,0.0,0.0,0.0004,100.0,0.0,0.0,0.0,0.0,0.0,0.0,0.0,0.0,0.0,0.0,0.0,0.0,0.0,0.0,0.0,0.0,0.0,0.0,0.0,0.0,0.0,0.0,0.0,0.0,0.0,0.0,0.0,0.0,0.0,0.0,0.0,0.0,0.0,0.0
47,B24,COC1=CC=C(C(P(C(C)(C)C)C(C)(C)C)=C1C2=C(C=C(C=C2C(C)C)C(C)C)C(C)C)OC.NC3=C(C=CC=C3)C4=C(C=CC=C4)[Pd]OS(C)(=O)=O,tBuBrettPhos Pd G3,0.06835544000000003 milligram,0.08000000000000002 micromole,0.06835544000000005 microliter,C44H62NO5PPdS,BrC1=CC=CN2C=CN=C12,"8-bromoimidazo[1,2-a]pyridine",0.07881400000000001 milligram,0.4 micromole,0.07881400000000002 microliter,C7H5BrN2,O=C(O)C1=CC=CC(B2OC(C)(C)C(C)(C)O2)=C1,"3-(tetramethyl-1,3,2-dioxaborolan-2-yl)benzoic acid",0.11908175999999998 milligram,0.48000000000000004 micromole,0.11908176000000001 microliter,C13H17BO4,[Na+].[Na+].[O-]C([O-])=O,Na2CO3,0.31796399999999997 milligram,3.0 micromole,0.317964 microliter,CNa2O3,CN1C=NC2=C1C(=O)N(C(=O)N2C)C,caffeine,0.0776764 milligram,0.4 micromole,0.07767640000000002 microliter,C8H10N4O2,C1COCCO1,dioxane,16.2225 milligram,184.12480421310696 micromole,15.75 microliter,C4H8O2,O,water,1.75 milligram,97.1412711629198 micromole,1.75 microliter,H2O,O=C(O)c1cccc(-c2cccn3ccnc23)c1,suzuki_product_0,0.0 milligram,0.0 micromole,0 microliter,C14H10N2O2,c1ccn2ccnc2c1,dehalogenation_0,0.0 milligram,0.0 micromole,0 microliter,C7H6N2,O=C(O)c1ccccc1,deborylation_0,0.0 milligram,0.0 micromole,0 microliter,C7H6O2,BrC1=CC=CN2C=CN=C12.O=C(O)C1=CC=CC(B2OC(C)(C)C(C)(C)O2)=C1>>O=C(O)c1cccc(-c2cccn3ccnc23)c1.c1ccn2ccnc2c1.O=C(O)c1ccccc1,004_RLN-NB-2443_011_B24,,,,,,,,,,,,,,,,,,,,,6/9/2023 1:56:35 AM,004_rln-nb-2443_011_b24.raw,2min_150_1200.EXP,004_RLN-NB-2443_011_B24,004_RLN-NB-2443_011_B24_004_RLN-NB-2443_011_B24_004,Rxn_Opt_HSST3_2_98,Analog,0,0,0,0,0,4.3521915092141,0.736,0,0,0,False,122.03677943156,1.25,deborylation_0,0,0,0,0,0,186.34039654417384,17.110023219948463,4.3521915092141,195,0.736,0,0,0,0,0,0,0,0,0,0,0,0,0,0,0,0,0,0,0,0,0,0,0,0,0,0,0,0,0,0,0,0,0,0,0,0,0,0,0,0,0,0,0,0,0,0,0,0,0,0,0,0,0,0,0,0,0,0,0,0,0,0,0,0,0,0,0,0,0,0,0,0,0,0,0,0,0,0,0,0,0.0,0.0,0.0,0.0,0.0,0.0,0.0,0.0,0.0,0.0,0.0,0.0,0.0,0.0,0.0,0.0,0.0,0.0,0.0,0.0,0.0,0.0,0.0,0.0,0.0,0.0,0.0,0.0,0.0,0.0,0.0,0.0,0.0,0.0,0.0,0.0,0.0,0.0,0.0,0.0,0.0,0.0,0.0,0.0,0.0,0.0,0.0,0.0,0.0,0.0,0.0,0.0,0.0,0.0,0.0
48,C1,CC(C)C1=CC(C(C)C)=CC(C(C)C)=C1C2=C([P+](C3CCCCC3)([Pd-2]4(OS(C)(=O)=O)C(C=CC=C5)=C5C6=C([NH+]4C)C=CC=C6)C7CCCCC7)C=CC=C2,XPhos Pd G4,0.06883952 milligram,0.08000000000000002 micromole,0.06883952000000002 microliter,C47H64NO3PPdS,CC1=CC(C=O)=C(C)N1C2=CC(Cl)=CC(Cl)=C2,"1-(3,5-dichlorophenyl)-2,5-dimethyl-1H-pyrrole-3-carbaldehyde",0.1072572 milligram,0.4 micromole,0.10725720000000002 microliter,C13H11Cl2NO,B1(OC(C(O1)(C)C)(C)C)C2=CN(N=C2C)C,"1,3-dimethyl-4-(4,4,5,5-tetramethyl-1,3,2-dioxaborolan-2-yl)-1H-pyrazole",0.10660655999999999 milligram,0.48000000000000004 micromole,0.10660656000000002 microliter,C11H19BN2O2,[Na+].[Na+].[O-]C([O-])=O,Na2CO3,0.31796399999999997 milligram,3.0 micromole,0.317964 microliter,CNa2O3,CN1C=NC2=C1C(=O)N(C(=O)N2C)C,caffeine,0.0776764 milligram,0.4 micromole,0.07767640000000002 microliter,C8H10N4O2,C1COCCO1,dioxane,16.2225 milligram,184.12480421310696 micromole,15.75 microliter,C4H8O2,O,water,1.75 milligram,97.1412711629198 micromole,1.75 microliter,H2O,Cc1nn(C)cc1-c1cc(Cl)cc(-n2c(C)cc(C=O)c2C)c1,suzuki_product_0,0.0 milligram,0.0 micromole,0 microliter,C18H18ClN3O,Cc1nn(C)cc1-c1cc(-c2cn(C)nc2C)cc(-n2c(C)cc(C=O)c2C)c1,bis_addition_1,0.0 milligram,0.0 micromole,0 microliter,C23H25N5O,Cc1cc(C=O)c(C)n1-c1cccc(Cl)c1,dehalogenation_0,0.0 milligram,0.0 micromole,0 microliter,C13H12ClNO,CC1=CC(C=O)=C(C)N1C2=CC(Cl)=CC(Cl)=C2.B1(OC(C(O1)(C)C)(C)C)C2=CN(N=C2C)C>>Cc1nn(C)cc1-c1cc(Cl)cc(-n2c(C)cc(C=O)c2C)c1.Cc1nn(C)cc1-c1cc(-c2cn(C)nc2C)cc(-n2c(C)cc(C=O)c2C)c1.Cc1cc(C=O)c(C)n1-c1cccc(Cl)c1.Cc1ccn(C)n1,004_RLN-NB-2443_011_C1,,,Cc1ccn(C)n1,deborylation_0,0.0 milligram,0.0 micromole,0 microliter,C5H8N2,,,,,,,,,,,,,6/9/2023 1:59:03 AM,004_rln-nb-2443_011_c1.raw,2min_150_1200.EXP,004_RLN-NB-2443_011_C1,004_RLN-NB-2443_0,Rxn_Opt_HSST3_2_98,Analog,1.2552749851054896,0,7.337020465982642,5.157555439617263,1.0793,5.8449507502661335,0.7376,0.6176817060152476,0.7026,"388.2,410.2",True,387.20591044347003,1.25,bis_addition_2,0,0,0,0,0,211.37561718436072,15.838323437536946,5.8449507502661335,194.9,0.7376,0,0,0,0,0,0,0,0,0,0,0,0,0,0,0,0,0,0,0,0,0,0,0,0,0,89.74345364208428,5.387498448991184,1.9881942192731024,267.8,1.3276,63.216076202842096,5.157555439617263,1.9033364014327843,388.1,1.0793,0,0,0,0,0,0,0,0,0,0,0,0,0,0,0,0,0,0,0,0,0,0,0,0,0,0,0,0,0,0,0,0,0,0,0,0,0,0,0,0,0,0,0,0,0,244.70274940178157,19.88145121715012,7.337020465982642,328.0,1.2193,0.0,0.0,0.0,0.0,0.0,28.499865040860637,1.6737596361908884,0.6176817060152476,222.9,0.7026,0.0,0.0,4.227113160788383e-05,10.567782901970958,0.0005021099940421959,125.52749851054898,0.0,0.0,0.0,0.0,0.0,0.0,0.0,0.0,0.0,0.0,0.00013606234195780525,34.01558548945131,0.0,0.0,0.0,0.0,0.0,0.0,0.0,0.0,0.0,0.0,0.0,0.0,0.0,0.0,0.0,0.0,0.0,0.0,0.0,0.0,0.0,0.0
49,C2,CC(C)C1=CC(C(C)C)=CC(C(C)C)=C1C2=C([P+](C3CCCCC3)([Pd-2]4(OS(C)(=O)=O)C(C=CC=C5)=C5C6=C([NH+]4C)C=CC=C6)C7CCCCC7)C=CC=C2,XPhos Pd G4,0.06883952 milligram,0.08000000000000002 micromole,0.06883952000000002 microliter,C47H64NO3PPdS,CC1=CC(C=O)=C(C)N1C2=CC(Cl)=CC(Cl)=C2,"1-(3,5-dichlorophenyl)-2,5-dimethyl-1H-pyrrole-3-carbaldehyde",0.1072572 milligram,0.4 micromole,0.10725720000000002 microliter,C13H11Cl2NO,B1(OC(C(O1)(C)C)(C)C)C2=CN=C(C=C2)C,"2-methyl-5-(4,4,5,5-tetramethyl-1,3,2-dioxaborolan-2-yl)pyridine",0.10516464 milligram,0.48000000000000004 micromole,0.10516464000000003 microliter,C12H18BNO2,[Na+].[Na+].[O-]C([O-])=O,Na2CO3,0.31796399999999997 milligram,3.0 micromole,0.317964 microliter,CNa2O3,CN1C=NC2=C1C(=O)N(C(=O)N2C)C,caffeine,0.0776764 milligram,0.4 micromole,0.07767640000000002 microliter,C8H10N4O2,C1COCCO1,dioxane,16.2225 milligram,184.12480421310696 micromole,15.75 microliter,C4H8O2,O,water,1.75 milligram,97.1412711629198 micromole,1.75 microliter,H2O,Cc1ccc(-c2cc(Cl)cc(-n3c(C)cc(C=O)c3C)c2)cn1,suzuki_product_0,0.0 milligram,0.0 micromole,0 microliter,C19H17ClN2O,Cc1ccc(-c2cc(-c3ccc(C)nc3)cc(-n3c(C)cc(C=O)c3C)c2)cn1,bis_addition_1,0.0 milligram,0.0 micromole,0 microliter,C25H23N3O,Cc1cc(C=O)c(C)n1-c1cccc(Cl)c1,dehalogenation_0,0.0 milligram,0.0 micromole,0 microliter,C13H12ClNO,CC1=CC(C=O)=C(C)N1C2=CC(Cl)=CC(Cl)=C2.B1(OC(C(O1)(C)C)(C)C)C2=CN=C(C=C2)C>>Cc1ccc(-c2cc(Cl)cc(-n3c(C)cc(C=O)c3C)c2)cn1.Cc1ccc(-c2cc(-c3ccc(C)nc3)cc(-n3c(C)cc(C=O)c3C)c2)cn1.Cc1cc(C=O)c(C)n1-c1cccc(Cl)c1.Cc1ccccn1,004_RLN-NB-2443_011_C2,,,Cc1ccccn1,deborylation_0,0.0 milligram,0.0 micromole,0 microliter,C6H7N,,,,,,,,,,,,,6/9/2023 2:01:31 AM,004_rln-nb-2443_011_c2.raw,2min_150_1200.EXP,004_RLN-NB-2443_011_C2,004_RLN-NB-2443_011,Rxn_Opt_HSST3_2_98,Analog,1.4212312768299369,0,7.615135082239759,5.811547612281625,0.8093,5.358125173845987,0.7393,1.2439876067536415,1.3276,"382.2,404.2",True,381.18411237047,1.25,bis_addition_1,0,0,0,0,0,189.4496492456931,15.126124990185097,5.358125173845987,195,0.7393,0,0,0,0,0,0,0,0,0,0,0,0,0,0,0,0,0,0,0,0,0,0,0,0,0,62.40262246412648,3.5118089659130596,1.2439876067536415,267.8,1.3276,0,0,0,0,0,68.85425181413879,5.811547612281625,2.058623711001721,382,0.8093,0,0,0,0,0,0,0,0,0,0,0,0,0,0,0,0,0,0,0,0,0,0,0,0,0,0,0,0,0,0,0,0,0,0,0,0,0,0,0,0,263.3134744855473,21.497721933289984,7.615135082239759,324.9,1.0393,0.0,0.0,0.0,0.0,0.0,0.0,0.0,0.0,0.0,0.0,0.0,0.0,0.0,0.0,0.0005684925107319748,142.1231276829937,0.0,0.0,0.0,0.0,0.0,0.0,0.0,0.0,0.0,0.0,9.286737927107625e-05,23.21684481776906,0.00015368239032938232,38.42059758234558,0.0,0.0,0.0,0.0,0.0,0.0,0.0,0.0,0.0,0.0,0.0,0.0,0.0,0.0,0.0,0.0,0.0,0.0,0.0,0.0
50,C3,CC(C)C1=CC(C(C)C)=CC(C(C)C)=C1C2=C([P+](C3CCCCC3)([Pd-2]4(OS(C)(=O)=O)C(C=CC=C5)=C5C6=C([NH+]4C)C=CC=C6)C7CCCCC7)C=CC=C2,XPhos Pd G4,0.06883952 milligram,0.08000000000000002 micromole,0.06883952000000002 microliter,C47H64NO3PPdS,CC1=CC(C=O)=C(C)N1C2=CC(Cl)=CC(Cl)=C2,"1-(3,5-dichlorophenyl)-2,5-dimethyl-1H-pyrrole-3-carbaldehyde",0.1072572 milligram,0.4 micromole,0.10725720000000002 microliter,C13H11Cl2NO,CC1(C)OB(C2=CN(C)N=C2)OC1(C)C,"1-methyl-4-(tetramethyl-1,3,2-dioxaborolan-2-yl)-1H-pyrazole",0.09987359999999999 milligram,0.48000000000000004 micromole,0.09987360000000002 microliter,C10H17BN2O2,[Na+].[Na+].[O-]C([O-])=O,Na2CO3,0.31796399999999997 milligram,3.0 micromole,0.317964 microliter,CNa2O3,CN1C=NC2=C1C(=O)N(C(=O)N2C)C,caffeine,0.0776764 milligram,0.4 micromole,0.07767640000000002 microliter,C8H10N4O2,C1COCCO1,dioxane,16.2225 milligram,184.12480421310696 micromole,15.75 microliter,C4H8O2,O,water,1.75 milligram,97.1412711629198 micromole,1.75 microliter,H2O,Cc1cc(C=O)c(C)n1-c1cc(Cl)cc(-c2cnn(C)c2)c1,suzuki_product_0,0.0 milligram,0.0 micromole,0 microliter,C17H16ClN3O,Cc1cc(C=O)c(C)n1-c1cc(-c2cnn(C)c2)cc(-c2cnn(C)c2)c1,bis_addition_1,0.0 milligram,0.0 micromole,0 microliter,C21H21N5O,Cc1cc(C=O)c(C)n1-c1cccc(Cl)c1,dehalogenation_0,0.0 milligram,0.0 micromole,0 microliter,C13H12ClNO,CC1=CC(C=O)=C(C)N1C2=CC(Cl)=CC(Cl)=C2.CC1(C)OB(C2=CN(C)N=C2)OC1(C)C>>Cc1cc(C=O)c(C)n1-c1cc(Cl)cc(-c2cnn(C)c2)c1.Cc1cc(C=O)c(C)n1-c1cc(-c2cnn(C)c2)cc(-c2cnn(C)c2)c1.Cc1cc(C=O)c(C)n1-c1cccc(Cl)c1.Cn1cccn1,004_RLN-NB-2443_011_C3,,,Cn1cccn1,deborylation_0,0.0 milligram,0.0 micromole,0 microliter,C4H6N2,,,,,,,,,,,,,6/9/2023 2:03:58 AM,004_rln-nb-2443_011_c3.raw,2min_150_1200.EXP,004_RLN-NB-2443_011_C3,004_RLN-NB-2443_0,Rxn_Opt_HSST3_2_98,Analog,1.799718842448746,0,8.345375932202131,8.456698063934406,1.051,4.637044262339993,0.736,1.307716246476688,1.326,"360.2,382.2",True,359.17461031519,1.25,bis_addition_1,0,0,0,0,0,181.33633018884123,12.98025858019638,4.637044262339993,194.9,0.736,0,0,0,0,0,0,0,0,0,0,0,0,0,0,0,0,0,0,0,0,0,0,0,0,0,64.7628667249698,3.6606282080700674,1.307716246476688,267.9,1.326,0,0,0,0,0,93.54524429873766,8.456698063934407,3.0210556279315273,360,1.051,0,0,0,0,0,0,0,0,0,0,0,0,0,0,0,0,0,0,0,0,0,0,0,0,0,0,0,0,0,0,0,0,0,0,0,0,0,0,0,0,294.5659156133806,23.360815946636432,8.345375932202131,313.9,1.1926,0.0,0.0,0.0,0.0,0.0,0.0,0.0,0.0,0.0,0.0,0.0,0.0,0.0,0.0,0.0007198875369794984,179.97188424487462,0.0,0.0,0.0,0.0,0.0,0.0,0.0,0.0,0.0,0.0,0.0001128060180143094,28.201504503577347,0.0002606018366024405,65.15045915061012,0.0,0.0,0.0,0.0,0.0,0.0,0.0,0.0,0.0,0.0,0.0,0.0,0.0,0.0,0.0,0.0,0.0,0.0,0.0,0.0
51,C4,CC(C)C1=CC(C(C)C)=CC(C(C)C)=C1C2=C([P+](C3CCCCC3)([Pd-2]4(OS(C)(=O)=O)C(C=CC=C5)=C5C6=C([NH+]4C)C=CC=C6)C7CCCCC7)C=CC=C2,XPhos Pd G4,0.06883952 milligram,0.08000000000000002 micromole,0.06883952000000002 microliter,C47H64NO3PPdS,CC1=CC(C=O)=C(C)N1C2=CC(Cl)=CC(Cl)=C2,"1-(3,5-dichlorophenyl)-2,5-dimethyl-1H-pyrrole-3-carbaldehyde",0.1072572 milligram,0.4 micromole,0.10725720000000002 microliter,C13H11Cl2NO,CC1(C)OB(C2=CC3=C(NC=C3)C=C2)OC1(C)C,"5-(tetramethyl-1,3,2-dioxaborolan-2-yl)-1H-indole",0.11669520000000001 milligram,0.48000000000000004 micromole,0.11669520000000004 microliter,C14H18BNO2,[Na+].[Na+].[O-]C([O-])=O,Na2CO3,0.31796399999999997 milligram,3.0 micromole,0.317964 microliter,CNa2O3,CN1C=NC2=C1C(=O)N(C(=O)N2C)C,caffeine,0.0776764 milligram,0.4 micromole,0.07767640000000002 microliter,C8H10N4O2,C1COCCO1,dioxane,16.2225 milligram,184.12480421310696 micromole,15.75 microliter,C4H8O2,O,water,1.75 milligram,97.1412711629198 micromole,1.75 microliter,H2O,Cc1cc(C=O)c(C)n1-c1cc(Cl)cc(-c2ccc3[nH]ccc3c2)c1,suzuki_product_0,0.0 milligram,0.0 micromole,0 microliter,C21H17ClN2O,Cc1cc(C=O)c(C)n1-c1cc(-c2ccc3[nH]ccc3c2)cc(-c2ccc3[nH]ccc3c2)c1,bis_addition_1,0.0 milligram,0.0 micromole,0 microliter,C29H23N3O,Cc1cc(C=O)c(C)n1-c1cccc(Cl)c1,dehalogenation_0,0.0 milligram,0.0 micromole,0 microliter,C13H12ClNO,CC1=CC(C=O)=C(C)N1C2=CC(Cl)=CC(Cl)=C2.CC1(C)OB(C2=CC3=C(NC=C3)C=C2)OC1(C)C>>Cc1cc(C=O)c(C)n1-c1cc(Cl)cc(-c2ccc3[nH]ccc3c2)c1.Cc1cc(C=O)c(C)n1-c1cc(-c2ccc3[nH]ccc3c2)cc(-c2ccc3[nH]ccc3c2)c1.Cc1cc(C=O)c(C)n1-c1cccc(Cl)c1.c1ccc2[nH]ccc2c1,004_RLN-NB-2443_011_C4,,,c1ccc2[nH]ccc2c1,deborylation_0,0.0 milligram,0.0 micromole,0 microliter,C8H7N,,,,,,,,,,,,,6/9/2023 2:06:25 AM,004_rln-nb-2443_011_c4.raw,2min_150_1200.EXP,004_RLN-NB-2443_011_C4,004_RLN-NB-2443_011,Rxn_Opt_HSST3_2_98,Analog,2.284462530610516,0,12.113352637526743,9.06934189319072,1.3226,5.302495652791244,0.7343,0,0,430.2,True,429.18411237047,1.25,bis_addition_2,0,0,0,0,0,199.89255088340542,10.411846072354962,5.302495652791244,195,0.7343,0,0,0,0,0,0,0,0,0,0,185.35170033401357,8.295900379293784,4.224896852249088,243.9,1.2726,0,0,0,0,0,0,0,0,0,0,0,0,0,0,0,140.70611480507011,9.06934189319072,4.61879148309808,267.8,1.3226,0,0,0,0,0,0,0,0,0,0,0,0,0,0,0,0,0,0,0,0,0,0,0,0,0,0,0,0,0,0,0,0,0,0,0,0,0,0,0,0,0,0,0,0,0,360.92350803045986,23.785472226779174,12.113352637526743,349.0,1.3576,0.0,0.0,0.0,0.0,0.0,0.0,0.0,0.0,0.0,0.0,0.0,0.0,0.0,0.0,0.0009137850122442064,228.4462530610516,0.0,0.0,0.0,0.0,0.0003187100662704057,79.67751656760143,0.0,0.0,0.0,0.0,0.0,0.0,0.0,0.0,0.0,0.0,0.0,0.0,0.0,0.0,0.0,0.0,0.0,0.0,0.0,0.0,0.0,0.0,0.0,0.0,0.0,0.0,0.0,0.0
52,C5,CC(C)C1=CC(C(C)C)=CC(C(C)C)=C1C2=C([P+](C3CCCCC3)([Pd-2]4(OS(C)(=O)=O)C(C=CC=C5)=C5C6=C([NH+]4C)C=CC=C6)C7CCCCC7)C=CC=C2,XPhos Pd G4,0.06883952 milligram,0.08000000000000002 micromole,0.06883952000000002 microliter,C47H64NO3PPdS,CC1=CC(C=O)=C(C)N1C2=CC(Cl)=CC(Cl)=C2,"1-(3,5-dichlorophenyl)-2,5-dimethyl-1H-pyrrole-3-carbaldehyde",0.1072572 milligram,0.4 micromole,0.10725720000000002 microliter,C13H11Cl2NO,O=[N+](C1=CC=CC=C1B2OC(C)(C)C(C)(C)O2)[O-],"4,4,5,5-tetramethyl-2-(2-nitrophenyl)-1,3,2-dioxaborolane",0.11955599999999997 milligram,0.48000000000000004 micromole,0.119556 microliter,C12H16BNO4,[Na+].[Na+].[O-]C([O-])=O,Na2CO3,0.31796399999999997 milligram,3.0 micromole,0.317964 microliter,CNa2O3,CN1C=NC2=C1C(=O)N(C(=O)N2C)C,caffeine,0.0776764 milligram,0.4 micromole,0.07767640000000002 microliter,C8H10N4O2,C1COCCO1,dioxane,16.2225 milligram,184.12480421310696 micromole,15.75 microliter,C4H8O2,O,water,1.75 milligram,97.1412711629198 micromole,1.75 microliter,H2O,Cc1cc(C=O)c(C)n1-c1cc(Cl)cc(-c2ccccc2[N+](=O)[O-])c1,suzuki_product_0,0.0 milligram,0.0 micromole,0 microliter,C19H15ClN2O3,Cc1cc(C=O)c(C)n1-c1cc(-c2ccccc2[N+](=O)[O-])cc(-c2ccccc2[N+](=O)[O-])c1,bis_addition_1,0.0 milligram,0.0 micromole,0 microliter,C25H19N3O5,Cc1cc(C=O)c(C)n1-c1cccc(Cl)c1,dehalogenation_0,0.0 milligram,0.0 micromole,0 microliter,C13H12ClNO,CC1=CC(C=O)=C(C)N1C2=CC(Cl)=CC(Cl)=C2.O=[N+](C1=CC=CC=C1B2OC(C)(C)C(C)(C)O2)[O-]>>Cc1cc(C=O)c(C)n1-c1cc(Cl)cc(-c2ccccc2[N+](=O)[O-])c1.Cc1cc(C=O)c(C)n1-c1cc(-c2ccccc2[N+](=O)[O-])cc(-c2ccccc2[N+](=O)[O-])c1.Cc1cc(C=O)c(C)n1-c1cccc(Cl)c1.O=[N+]([O-])c1ccccc1,004_RLN-NB-2443_011_C5,,,O=[N+]([O-])c1ccccc1,deborylation_0,0.0 milligram,0.0 micromole,0 microliter,C6H5NO2,,,,,,,,,,,,,6/9/2023 2:08:52 AM,004_rln-nb-2443_011_c5.raw,2min_150_1200.EXP,004_RLN-NB-2443_011_C5,004_RLN-NB-2443,Rxn_Opt_HSST3_2_98,Analog,2.1542193162096908,0,11.347055674356097,0,0,5.267363257294078,0.736,11.347055674356097,1.3326,0,False,441.13247072047,1.25,bis_addition_2,0,0,0,0,0,208.21957863575474,14.795411063349695,5.267363257294078,195,0.736,0,0,0,0,0,0,0,0,0,0,0,0,0,0,0,0,0,0,0,0,0,0,0,0,0,319.17446373783457,31.872560303930474,11.347055674356097,267.8,1.3326,0,0,0,0,0,0,0,0,0,0,0,0,0,0,0,0,0,0,0,0,0,0,0,0,0,0,0,0,0,0,0,0,0,0,0,0,0,0,0,0,0,0,0,0,0,0,0,0,0,0,319.17446373783457,31.872560303930474,11.347055674356097,267.8,1.3326,0.0,0.0,0.0,0.0,0.0,0.0,0.0,0.0,0.0,0.0,0.0,0.0,0.0,0.0,0.0008616877264838764,215.42193162096908,0.0,0.0,0.0,0.0,0.0,0.0,0.0,0.0,0.0,0.0,0.0008616877264838764,215.42193162096908,0.0,0.0,0.0,0.0,0.0,0.0,0.0,0.0,0.0,0.0,0.0,0.0,0.0,0.0,0.0,0.0,0.0,0.0,0.0,0.0,0.0,0.0
53,C6,CC(C)C1=CC(C(C)C)=CC(C(C)C)=C1C2=C([P+](C3CCCCC3)([Pd-2]4(OS(C)(=O)=O)C(C=CC=C5)=C5C6=C([NH+]4C)C=CC=C6)C7CCCCC7)C=CC=C2,XPhos Pd G4,0.06883952 milligram,0.08000000000000002 micromole,0.06883952000000002 microliter,C47H64NO3PPdS,CC1=CC(C=O)=C(C)N1C2=CC(Cl)=CC(Cl)=C2,"1-(3,5-dichlorophenyl)-2,5-dimethyl-1H-pyrrole-3-carbaldehyde",0.1072572 milligram,0.4 micromole,0.10725720000000002 microliter,C13H11Cl2NO,O=C(O)C1=CC=CC(B2OC(C)(C)C(C)(C)O2)=C1,"3-(tetramethyl-1,3,2-dioxaborolan-2-yl)benzoic acid",0.11908175999999998 milligram,0.48000000000000004 micromole,0.11908176000000001 microliter,C13H17BO4,[Na+].[Na+].[O-]C([O-])=O,Na2CO3,0.31796399999999997 milligram,3.0 micromole,0.317964 microliter,CNa2O3,CN1C=NC2=C1C(=O)N(C(=O)N2C)C,caffeine,0.0776764 milligram,0.4 micromole,0.07767640000000002 microliter,C8H10N4O2,C1COCCO1,dioxane,16.2225 milligram,184.12480421310696 micromole,15.75 microliter,C4H8O2,O,water,1.75 milligram,97.1412711629198 micromole,1.75 microliter,H2O,Cc1cc(C=O)c(C)n1-c1cc(Cl)cc(-c2cccc(C(=O)O)c2)c1,suzuki_product_0,0.0 milligram,0.0 micromole,0 microliter,C20H16ClNO3,Cc1cc(C=O)c(C)n1-c1cc(-c2cccc(C(=O)O)c2)cc(-c2cccc(C(=O)O)c2)c1,bis_addition_1,0.0 milligram,0.0 micromole,0 microliter,C27H21NO5,Cc1cc(C=O)c(C)n1-c1cccc(Cl)c1,dehalogenation_0,0.0 milligram,0.0 micromole,0 microliter,C13H12ClNO,CC1=CC(C=O)=C(C)N1C2=CC(Cl)=CC(Cl)=C2.O=C(O)C1=CC=CC(B2OC(C)(C)C(C)(C)O2)=C1>>Cc1cc(C=O)c(C)n1-c1cc(Cl)cc(-c2cccc(C(=O)O)c2)c1.Cc1cc(C=O)c(C)n1-c1cc(-c2cccc(C(=O)O)c2)cc(-c2cccc(C(=O)O)c2)c1.Cc1cc(C=O)c(C)n1-c1cccc(Cl)c1.O=C(O)c1ccccc1,004_RLN-NB-2443_011_C6,,,O=C(O)c1ccccc1,deborylation_0,0.0 milligram,0.0 micromole,0 microliter,C7H6O2,,,,,,,,,,,,,6/9/2023 2:11:20 AM,004_rln-nb-2443_011_c6.raw,2min_150_1200.EXP,004_RLN-NB-2443_011_C6,004_RLN-NB-2443_011,Rxn_Opt_HSST3_2_98,Analog,0.5638188285435026,0,2.895911467793046,0,0,5.136244696321996,0.7343,3.710865304257865,1.3276,0,False,439.14197277575,1.25,bis_addition_2,0,0,0,0,0,215.77862382141927,12.323165800395756,5.136244696321996,194.9,0.7343,118.37664111441815,6.94803290552649,2.895911467793046,353.8,1.2343,0,0,0,0,0,0,0,0,0,0,0,0,0,0,0,0,0,0,0,0,137.47075330561879,8.90331577077162,3.710865304257865,267.9,1.3276,0,0,0,0,0,0,0,0,0,0,0,0,0,0,0,0,0,0,0,0,0,0,0,0,0,0,0,0,0,0,0,0,0,0,0,0,0,0,0,0,0,0,0,0,0,0,0,0,0,0,118.37664111441815,6.94803290552649,2.895911467793046,353.8,1.2343,0.0,0.0,0.0,0.0,0.0,0.0,0.0,0.0,0.0,0.0,0.0,0.0,0.0,0.0,0.00022552753141740105,56.381882854350266,0.00022552753141740105,56.381882854350266,0.0,0.0,0.0,0.0,0.0,0.0,0.0,0.0,0.0002889944325989899,72.24860814974747,0.0,0.0,0.0,0.0,0.0,0.0,0.0,0.0,0.0,0.0,0.0,0.0,0.0,0.0,0.0,0.0,0.0,0.0,0.0,0.0,0.0,0.0
54,C7,NC1=C(C=CC=C1)C2=C([Pd]OS(C)(=O)=O)C=CC=C2.CN(C)C3=CC=C(C=C3)P(C(C)(C)C)C(C)(C)C,APhos Pd G3,0.050809520000000004 milligram,0.08000000000000002 micromole,0.05080952000000002 microliter,C29H41N2O3PPdS,CC1=CC(C=O)=C(C)N1C2=CC(Cl)=CC(Cl)=C2,"1-(3,5-dichlorophenyl)-2,5-dimethyl-1H-pyrrole-3-carbaldehyde",0.1072572 milligram,0.4 micromole,0.10725720000000002 microliter,C13H11Cl2NO,B1(OC(C(O1)(C)C)(C)C)C2=CN(N=C2C)C,"1,3-dimethyl-4-(4,4,5,5-tetramethyl-1,3,2-dioxaborolan-2-yl)-1H-pyrazole",0.10660655999999999 milligram,0.48000000000000004 micromole,0.10660656000000002 microliter,C11H19BN2O2,[Na+].[Na+].[O-]C([O-])=O,Na2CO3,0.31796399999999997 milligram,3.0 micromole,0.317964 microliter,CNa2O3,CN1C=NC2=C1C(=O)N(C(=O)N2C)C,caffeine,0.0776764 milligram,0.4 micromole,0.07767640000000002 microliter,C8H10N4O2,C1COCCO1,dioxane,16.2225 milligram,184.12480421310696 micromole,15.75 microliter,C4H8O2,O,water,1.75 milligram,97.1412711629198 micromole,1.75 microliter,H2O,Cc1nn(C)cc1-c1cc(Cl)cc(-n2c(C)cc(C=O)c2C)c1,suzuki_product_0,0.0 milligram,0.0 micromole,0 microliter,C18H18ClN3O,Cc1nn(C)cc1-c1cc(-c2cn(C)nc2C)cc(-n2c(C)cc(C=O)c2C)c1,bis_addition_1,0.0 milligram,0.0 micromole,0 microliter,C23H25N5O,Cc1cc(C=O)c(C)n1-c1cccc(Cl)c1,dehalogenation_0,0.0 milligram,0.0 micromole,0 microliter,C13H12ClNO,CC1=CC(C=O)=C(C)N1C2=CC(Cl)=CC(Cl)=C2.B1(OC(C(O1)(C)C)(C)C)C2=CN(N=C2C)C>>Cc1nn(C)cc1-c1cc(Cl)cc(-n2c(C)cc(C=O)c2C)c1.Cc1nn(C)cc1-c1cc(-c2cn(C)nc2C)cc(-n2c(C)cc(C=O)c2C)c1.Cc1cc(C=O)c(C)n1-c1cccc(Cl)c1.Cc1ccn(C)n1,004_RLN-NB-2443_011_C7,,,Cc1ccn(C)n1,deborylation_0,0.0 milligram,0.0 micromole,0 microliter,C5H8N2,,,,,,,,,,,,,6/9/2023 2:13:47 AM,004_rln-nb-2443_011_c7.raw,2min_150_1200.EXP,004_RLN-NB-2443_011_C7,004_RLN-NB-2443_,Rxn_Opt_HSST3_2_98,Analog,0.293827135076019,0,1.156424325307083,0,0,3.9357301870975694,0.7343,2.621688078548752,1.326,0,False,387.20591044347003,1.25,bis_addition_2,0,0,0,0,0,161.02534360500331,22.44745151905053,3.9357301870975694,195,0.7343,0,0,0,0,0,0,0,0,0,0,0,0,0,0,0,0,0,0,0,0,0,0,0,0,0,110.65481440024865,14.95280754616346,2.621688078548752,267.8,1.326,0,0,0,0,0,0,0,0,0,0,0,0,0,0,0,0,0,0,0,0,0,0,0,0,0,0,0,0,0,0,0,0,0,0,0,0,0,0,0,0,0,0,0,0,0,0,0,0,0,0,28.964556421911972,6.595670369600448,1.156424325307083,349.0,1.2093,0.0,0.0,0.0,0.0,0.0,0.0,0.0,0.0,0.0,0.0,0.0,0.0,0.0,0.0,0.0001175308540304076,29.3827135076019,0.0,0.0,0.0,0.0,0.0,0.0,0.0,0.0,0.0,0.0,0.0002664499804527641,66.61249511319102,0.0,0.0,0.0,0.0,0.0,0.0,0.0,0.0,0.0,0.0,0.0,0.0,0.0,0.0,0.0,0.0,0.0,0.0,0.0,0.0,0.0,0.0
55,C8,NC1=C(C=CC=C1)C2=C([Pd]OS(C)(=O)=O)C=CC=C2.CN(C)C3=CC=C(C=C3)P(C(C)(C)C)C(C)(C)C,APhos Pd G3,0.050809520000000004 milligram,0.08000000000000002 micromole,0.05080952000000002 microliter,C29H41N2O3PPdS,CC1=CC(C=O)=C(C)N1C2=CC(Cl)=CC(Cl)=C2,"1-(3,5-dichlorophenyl)-2,5-dimethyl-1H-pyrrole-3-carbaldehyde",0.1072572 milligram,0.4 micromole,0.10725720000000002 microliter,C13H11Cl2NO,B1(OC(C(O1)(C)C)(C)C)C2=CN=C(C=C2)C,"2-methyl-5-(4,4,5,5-tetramethyl-1,3,2-dioxaborolan-2-yl)pyridine",0.10516464 milligram,0.48000000000000004 micromole,0.10516464000000003 microliter,C12H18BNO2,[Na+].[Na+].[O-]C([O-])=O,Na2CO3,0.31796399999999997 milligram,3.0 micromole,0.317964 microliter,CNa2O3,CN1C=NC2=C1C(=O)N(C(=O)N2C)C,caffeine,0.0776764 milligram,0.4 micromole,0.07767640000000002 microliter,C8H10N4O2,C1COCCO1,dioxane,16.2225 milligram,184.12480421310696 micromole,15.75 microliter,C4H8O2,O,water,1.75 milligram,97.1412711629198 micromole,1.75 microliter,H2O,Cc1ccc(-c2cc(Cl)cc(-n3c(C)cc(C=O)c3C)c2)cn1,suzuki_product_0,0.0 milligram,0.0 micromole,0 microliter,C19H17ClN2O,Cc1ccc(-c2cc(-c3ccc(C)nc3)cc(-n3c(C)cc(C=O)c3C)c2)cn1,bis_addition_1,0.0 milligram,0.0 micromole,0 microliter,C25H23N3O,Cc1cc(C=O)c(C)n1-c1cccc(Cl)c1,dehalogenation_0,0.0 milligram,0.0 micromole,0 microliter,C13H12ClNO,CC1=CC(C=O)=C(C)N1C2=CC(Cl)=CC(Cl)=C2.B1(OC(C(O1)(C)C)(C)C)C2=CN=C(C=C2)C>>Cc1ccc(-c2cc(Cl)cc(-n3c(C)cc(C=O)c3C)c2)cn1.Cc1ccc(-c2cc(-c3ccc(C)nc3)cc(-n3c(C)cc(C=O)c3C)c2)cn1.Cc1cc(C=O)c(C)n1-c1cccc(Cl)c1.Cc1ccccn1,004_RLN-NB-2443_011_C8,,,Cc1ccccn1,deborylation_0,0.0 milligram,0.0 micromole,0 microliter,C6H7N,,,,,,,,,,,,,6/9/2023 2:16:14 AM,004_rln-nb-2443_011_c8.raw,2min_150_1200.EXP,004_RLN-NB-2443_011_C8,004_RLN-NB-2443_01,Rxn_Opt_HSST3_2_98,Analog,0.12030947352867336,0,0.5945292590617153,4.044900356106016,1.0343,4.941666201539991,0.736,3.268100075391734,1.326,0,False,381.18411237047,1.25,bis_addition_1,0,0,0,0,0,184.26098741569098,33.620796745835605,4.941666201539991,195,0.736,0,0,0,0,0,0,0,0,0,0,0,0,0,0,0,0,0,0,0,0,0,0,0,0,0,135.71546758559342,22.234631781797482,3.268100075391734,267.8,1.326,0,0,0,0,0,0,0,0,0,0,0,0,0,0,0,0,0,0,0,0,0,0,0,0,0,0,0,0,0,0,0,0,0,0,0,0,0,0,0,0,0,0,0,0,0,0,0,0,0,0,19.083307509521646,4.044900356106016,0.5945292590617153,325.3,1.0343,0.0,0.0,0.0,0.0,0.0,0.0,0.0,0.0,0.0,0.0,0.0,0.0,0.0,0.0,4.8123789411469346e-05,12.030947352867335,0.0,0.0,0.0,0.0,0.0,0.0,0.0,0.0,0.0,0.0,0.00026453426371641885,66.1335659291047,0.0,0.0,0.0,0.0,0.0,0.0,0.0,0.0,0.0,0.0,0.0,0.0,0.0,0.0,0.0,0.0,0.0,0.0,0.0,0.0,0.0,0.0
56,C9,NC1=C(C=CC=C1)C2=C([Pd]OS(C)(=O)=O)C=CC=C2.CN(C)C3=CC=C(C=C3)P(C(C)(C)C)C(C)(C)C,APhos Pd G3,0.050809520000000004 milligram,0.08000000000000002 micromole,0.05080952000000002 microliter,C29H41N2O3PPdS,CC1=CC(C=O)=C(C)N1C2=CC(Cl)=CC(Cl)=C2,"1-(3,5-dichlorophenyl)-2,5-dimethyl-1H-pyrrole-3-carbaldehyde",0.1072572 milligram,0.4 micromole,0.10725720000000002 microliter,C13H11Cl2NO,CC1(C)OB(C2=CN(C)N=C2)OC1(C)C,"1-methyl-4-(tetramethyl-1,3,2-dioxaborolan-2-yl)-1H-pyrazole",0.09987359999999999 milligram,0.48000000000000004 micromole,0.09987360000000002 microliter,C10H17BN2O2,[Na+].[Na+].[O-]C([O-])=O,Na2CO3,0.31796399999999997 milligram,3.0 micromole,0.317964 microliter,CNa2O3,CN1C=NC2=C1C(=O)N(C(=O)N2C)C,caffeine,0.0776764 milligram,0.4 micromole,0.07767640000000002 microliter,C8H10N4O2,C1COCCO1,dioxane,16.2225 milligram,184.12480421310696 micromole,15.75 microliter,C4H8O2,O,water,1.75 milligram,97.1412711629198 micromole,1.75 microliter,H2O,Cc1cc(C=O)c(C)n1-c1cc(Cl)cc(-c2cnn(C)c2)c1,suzuki_product_0,0.0 milligram,0.0 micromole,0 microliter,C17H16ClN3O,Cc1cc(C=O)c(C)n1-c1cc(-c2cnn(C)c2)cc(-c2cnn(C)c2)c1,bis_addition_1,0.0 milligram,0.0 micromole,0 microliter,C21H21N5O,Cc1cc(C=O)c(C)n1-c1cccc(Cl)c1,dehalogenation_0,0.0 milligram,0.0 micromole,0 microliter,C13H12ClNO,CC1=CC(C=O)=C(C)N1C2=CC(Cl)=CC(Cl)=C2.CC1(C)OB(C2=CN(C)N=C2)OC1(C)C>>Cc1cc(C=O)c(C)n1-c1cc(Cl)cc(-c2cnn(C)c2)c1.Cc1cc(C=O)c(C)n1-c1cc(-c2cnn(C)c2)cc(-c2cnn(C)c2)c1.Cc1cc(C=O)c(C)n1-c1cccc(Cl)c1.Cn1cccn1,004_RLN-NB-2443_011_C9,,,Cn1cccn1,deborylation_0,0.0 milligram,0.0 micromole,0 microliter,C4H6N2,,,,,,,,,,,,,6/9/2023 2:18:41 AM,004_rln-nb-2443_011_c9.raw,2min_150_1200.EXP,004_RLN-NB-2443_011_C9,004_RLN-NB-2443_,Rxn_Opt_HSST3_2_98,Analog,0,0,0,0,0,4.846936717736397,0.7343,3.3919044251425547,1.326,0,False,359.17461031519,1.25,bis_addition_1,0,0,0,0,0,185.82064454409033,30.838626128622472,4.846936717736397,195,0.7343,0,0,0,0,0,0,0,0,0,0,0,0,0,0,0,0,0,0,0,0,0,0,0,0,0,142.72692434924863,21.580985790101703,3.3919044251425547,267.8,1.326,0,0,0,0,0,0,0,0,0,0,0,0,0,0,0,0,0,0,0,0,0,0,0,0,0,0,0,0,0,0,0,0,0,0,0,0,0,0,0,0,0,0,0,0,0,0,0,0,0,0,0.0,0.0,0.0,0.0,0.0,0.0,0.0,0.0,0.0,0.0,0.0,0.0,0.0,0.0,0.0,0.0,0.0,0.0,0.0,0.0,0.0,0.0,0.0,0.0,0.0,0.0,0.0,0.0,0.0,0.0,0.0,0.0002799214945580418,69.98037363951045,0.0,0.0,0.0,0.0,0.0,0.0,0.0,0.0,0.0,0.0,0.0,0.0,0.0,0.0,0.0,0.0,0.0,0.0,0.0,0.0,0.0,0.0
57,C10,NC1=C(C=CC=C1)C2=C([Pd]OS(C)(=O)=O)C=CC=C2.CN(C)C3=CC=C(C=C3)P(C(C)(C)C)C(C)(C)C,APhos Pd G3,0.050809520000000004 milligram,0.08000000000000002 micromole,0.05080952000000002 microliter,C29H41N2O3PPdS,CC1=CC(C=O)=C(C)N1C2=CC(Cl)=CC(Cl)=C2,"1-(3,5-dichlorophenyl)-2,5-dimethyl-1H-pyrrole-3-carbaldehyde",0.1072572 milligram,0.4 micromole,0.10725720000000002 microliter,C13H11Cl2NO,CC1(C)OB(C2=CC3=C(NC=C3)C=C2)OC1(C)C,"5-(tetramethyl-1,3,2-dioxaborolan-2-yl)-1H-indole",0.11669520000000001 milligram,0.48000000000000004 micromole,0.11669520000000004 microliter,C14H18BNO2,[Na+].[Na+].[O-]C([O-])=O,Na2CO3,0.31796399999999997 milligram,3.0 micromole,0.317964 microliter,CNa2O3,CN1C=NC2=C1C(=O)N(C(=O)N2C)C,caffeine,0.0776764 milligram,0.4 micromole,0.07767640000000002 microliter,C8H10N4O2,C1COCCO1,dioxane,16.2225 milligram,184.12480421310696 micromole,15.75 microliter,C4H8O2,O,water,1.75 milligram,97.1412711629198 micromole,1.75 microliter,H2O,Cc1cc(C=O)c(C)n1-c1cc(Cl)cc(-c2ccc3[nH]ccc3c2)c1,suzuki_product_0,0.0 milligram,0.0 micromole,0 microliter,C21H17ClN2O,Cc1cc(C=O)c(C)n1-c1cc(-c2ccc3[nH]ccc3c2)cc(-c2ccc3[nH]ccc3c2)c1,bis_addition_1,0.0 milligram,0.0 micromole,0 microliter,C29H23N3O,Cc1cc(C=O)c(C)n1-c1cccc(Cl)c1,dehalogenation_0,0.0 milligram,0.0 micromole,0 microliter,C13H12ClNO,CC1=CC(C=O)=C(C)N1C2=CC(Cl)=CC(Cl)=C2.CC1(C)OB(C2=CC3=C(NC=C3)C=C2)OC1(C)C>>Cc1cc(C=O)c(C)n1-c1cc(Cl)cc(-c2ccc3[nH]ccc3c2)c1.Cc1cc(C=O)c(C)n1-c1cc(-c2ccc3[nH]ccc3c2)cc(-c2ccc3[nH]ccc3c2)c1.Cc1cc(C=O)c(C)n1-c1cccc(Cl)c1.c1ccc2[nH]ccc2c1,004_RLN-NB-2443_011_C10,,,c1ccc2[nH]ccc2c1,deborylation_0,0.0 milligram,0.0 micromole,0 microliter,C8H7N,,,,,,,,,,,,,6/9/2023 2:21:08 AM,004_rln-nb-2443_011_c10.raw,2min_150_1200.EXP,004_RLN-NB-2443_011_C10,004_RLN-NB-2443_01,Rxn_Opt_HSST3_2_98,Analog,0,0,0,0,0,5.250595984176462,0.736,5.373940697621713,1.3243,0,False,429.18411237047,1.25,bis_addition_2,0,0,0,0,0,210.15170618529515,22.578447254551946,5.250595984176462,195,0.736,0,0,0,0,0,0,0,0,0,0,0,0,0,0,0,0,0,0,0,0,0,0,0,0,0,177.13244340868306,23.108850301185942,5.373940697621713,267.9,1.3243,0,0,0,0,0,0,0,0,0,0,0,0,0,0,0,0,0,0,0,0,0,0,0,0,0,0,0,0,0,0,0,0,0,0,0,0,0,0,0,0,0,0,0,0,0,0,0,0,0,0,0.0,0.0,0.0,0.0,0.0,0.0,0.0,0.0,0.0,0.0,0.0,0.0,0.0,0.0,0.0,0.0,0.0,0.0,0.0,0.0,0.0,0.0,0.0,0.0,0.0,0.0,0.0,0.0,0.0,0.0,0.0,0.00040939662574054225,102.34915643513555,0.0,0.0,0.0,0.0,0.0,0.0,0.0,0.0,0.0,0.0,0.0,0.0,0.0,0.0,0.0,0.0,0.0,0.0,0.0,0.0,0.0,0.0
58,C11,NC1=C(C=CC=C1)C2=C([Pd]OS(C)(=O)=O)C=CC=C2.CN(C)C3=CC=C(C=C3)P(C(C)(C)C)C(C)(C)C,APhos Pd G3,0.050809520000000004 milligram,0.08000000000000002 micromole,0.05080952000000002 microliter,C29H41N2O3PPdS,CC1=CC(C=O)=C(C)N1C2=CC(Cl)=CC(Cl)=C2,"1-(3,5-dichlorophenyl)-2,5-dimethyl-1H-pyrrole-3-carbaldehyde",0.1072572 milligram,0.4 micromole,0.10725720000000002 microliter,C13H11Cl2NO,O=[N+](C1=CC=CC=C1B2OC(C)(C)C(C)(C)O2)[O-],"4,4,5,5-tetramethyl-2-(2-nitrophenyl)-1,3,2-dioxaborolane",0.11955599999999997 milligram,0.48000000000000004 micromole,0.119556 microliter,C12H16BNO4,[Na+].[Na+].[O-]C([O-])=O,Na2CO3,0.31796399999999997 milligram,3.0 micromole,0.317964 microliter,CNa2O3,CN1C=NC2=C1C(=O)N(C(=O)N2C)C,caffeine,0.0776764 milligram,0.4 micromole,0.07767640000000002 microliter,C8H10N4O2,C1COCCO1,dioxane,16.2225 milligram,184.12480421310696 micromole,15.75 microliter,C4H8O2,O,water,1.75 milligram,97.1412711629198 micromole,1.75 microliter,H2O,Cc1cc(C=O)c(C)n1-c1cc(Cl)cc(-c2ccccc2[N+](=O)[O-])c1,suzuki_product_0,0.0 milligram,0.0 micromole,0 microliter,C19H15ClN2O3,Cc1cc(C=O)c(C)n1-c1cc(-c2ccccc2[N+](=O)[O-])cc(-c2ccccc2[N+](=O)[O-])c1,bis_addition_1,0.0 milligram,0.0 micromole,0 microliter,C25H19N3O5,Cc1cc(C=O)c(C)n1-c1cccc(Cl)c1,dehalogenation_0,0.0 milligram,0.0 micromole,0 microliter,C13H12ClNO,CC1=CC(C=O)=C(C)N1C2=CC(Cl)=CC(Cl)=C2.O=[N+](C1=CC=CC=C1B2OC(C)(C)C(C)(C)O2)[O-]>>Cc1cc(C=O)c(C)n1-c1cc(Cl)cc(-c2ccccc2[N+](=O)[O-])c1.Cc1cc(C=O)c(C)n1-c1cc(-c2ccccc2[N+](=O)[O-])cc(-c2ccccc2[N+](=O)[O-])c1.Cc1cc(C=O)c(C)n1-c1cccc(Cl)c1.O=[N+]([O-])c1ccccc1,004_RLN-NB-2443_011_C11,,,O=[N+]([O-])c1ccccc1,deborylation_0,0.0 milligram,0.0 micromole,0 microliter,C6H5NO2,,,,,,,,,,,,,6/9/2023 2:23:35 AM,004_rln-nb-2443_011_c11.raw,2min_150_1200.EXP,004_RLN-NB-2443_011_C11,004_RLN-NB-244,Rxn_Opt_HSST3_2_98,Analog,0.07759301620653808,0,0.3036147148649978,1.900175871739019,1.2526,3.912912910316984,0.7343,3.4887288588040466,1.326,0,False,441.13247072047,1.25,bis_addition_2,0,0,0,0,0,158.99879643993216,24.489006416261827,3.912912910316984,194.9,0.7343,10.85341149301462,1.900175871739019,0.3036147148649978,282.1,1.2526,0,0,0,0,0,0,0,0,0,0,0,0,0,0,0,0,0,0,0,0,135.6886831010431,21.83424608878632,3.4887288588040466,267.9,1.326,0,0,0,0,0,0,0,0,0,0,0,0,0,0,0,0,0,0,0,0,0,0,0,0,0,0,0,0,0,0,0,0,0,0,0,0,0,0,0,0,0,0,0,0,0,0,0,0,0,0,0.0,0.0,0.0,0.0,0.0,0.0,0.0,0.0,0.0,0.0,0.0,0.0,0.0,0.0,0.0,0.0,0.0,0.0,0.0,0.0,0.0,3.1037206482615234e-05,7.759301620653808,0.0,0.0,0.0,0.0,0.0,0.0,0.0,0.0,0.0003566375167313832,89.1593791828458,0.0,0.0,0.0,0.0,0.0,0.0,0.0,0.0,0.0,0.0,0.0,0.0,0.0,0.0,0.0,0.0,0.0,0.0,0.0,0.0,0.0,0.0
59,C12,NC1=C(C=CC=C1)C2=C([Pd]OS(C)(=O)=O)C=CC=C2.CN(C)C3=CC=C(C=C3)P(C(C)(C)C)C(C)(C)C,APhos Pd G3,0.050809520000000004 milligram,0.08000000000000002 micromole,0.05080952000000002 microliter,C29H41N2O3PPdS,CC1=CC(C=O)=C(C)N1C2=CC(Cl)=CC(Cl)=C2,"1-(3,5-dichlorophenyl)-2,5-dimethyl-1H-pyrrole-3-carbaldehyde",0.1072572 milligram,0.4 micromole,0.10725720000000002 microliter,C13H11Cl2NO,O=C(O)C1=CC=CC(B2OC(C)(C)C(C)(C)O2)=C1,"3-(tetramethyl-1,3,2-dioxaborolan-2-yl)benzoic acid",0.11908175999999998 milligram,0.48000000000000004 micromole,0.11908176000000001 microliter,C13H17BO4,[Na+].[Na+].[O-]C([O-])=O,Na2CO3,0.31796399999999997 milligram,3.0 micromole,0.317964 microliter,CNa2O3,CN1C=NC2=C1C(=O)N(C(=O)N2C)C,caffeine,0.0776764 milligram,0.4 micromole,0.07767640000000002 microliter,C8H10N4O2,C1COCCO1,dioxane,16.2225 milligram,184.12480421310696 micromole,15.75 microliter,C4H8O2,O,water,1.75 milligram,97.1412711629198 micromole,1.75 microliter,H2O,Cc1cc(C=O)c(C)n1-c1cc(Cl)cc(-c2cccc(C(=O)O)c2)c1,suzuki_product_0,0.0 milligram,0.0 micromole,0 microliter,C20H16ClNO3,Cc1cc(C=O)c(C)n1-c1cc(-c2cccc(C(=O)O)c2)cc(-c2cccc(C(=O)O)c2)c1,bis_addition_1,0.0 milligram,0.0 micromole,0 microliter,C27H21NO5,Cc1cc(C=O)c(C)n1-c1cccc(Cl)c1,dehalogenation_0,0.0 milligram,0.0 micromole,0 microliter,C13H12ClNO,CC1=CC(C=O)=C(C)N1C2=CC(Cl)=CC(Cl)=C2.O=C(O)C1=CC=CC(B2OC(C)(C)C(C)(C)O2)=C1>>Cc1cc(C=O)c(C)n1-c1cc(Cl)cc(-c2cccc(C(=O)O)c2)c1.Cc1cc(C=O)c(C)n1-c1cc(-c2cccc(C(=O)O)c2)cc(-c2cccc(C(=O)O)c2)c1.Cc1cc(C=O)c(C)n1-c1cccc(Cl)c1.O=C(O)c1ccccc1,004_RLN-NB-2443_011_C12,,,O=C(O)c1ccccc1,deborylation_0,0.0 milligram,0.0 micromole,0 microliter,C7H6O2,,,,,,,,,,,,,6/9/2023 2:26:03 AM,004_rln-nb-2443_011_c12.raw,2min_150_1200.EXP,004_RLN-NB-2443_011_C12,004_RLN-NB-2443_01,Rxn_Opt_HSST3_2_98,Analog,0.7445718138778006,0,3.515404383900288,12.756954442866913,1.2343,4.721377197441479,0.736,3.7972226816312027,1.326,0,False,439.14197277575,1.25,bis_addition_2,0,0,0,0,0,192.60945852480438,17.13327607236095,4.721377197441479,194.9,0.736,0,0,0,0,0,0,0,0,0,0,0,0,0,0,0,0,0,0,0,0,0,0,0,0,0,151.0453552810992,13.779637125344202,3.7972226816312027,267.9,1.326,0,0,0,0,0,0,0,0,0,0,0,0,0,0,0,0,0,0,0,0,0,0,0,0,0,0,0,0,0,0,0,0,0,0,0,0,0,0,0,0,0,0,0,0,0,0,0,0,0,0,88.91286917643964,12.756954442866911,3.515404383900288,353.8,1.2343,0.0,0.0,0.0,0.0,0.0,0.0,0.0,0.0,0.0,0.0,0.0,0.0,0.0,0.0,0.00029782872555112025,74.45718138778005,0.0,0.0,0.0,0.0,0.0,0.0,0.0,0.0,0.0,0.0,0.00032170466563772313,80.42616640943078,0.0,0.0,0.0,0.0,0.0,0.0,0.0,0.0,0.0,0.0,0.0,0.0,0.0,0.0,0.0,0.0,0.0,0.0,0.0,0.0,0.0,0.0
60,C13,[Fe].Cl[Pd]Cl.[CH]1[CH][CH][C]([CH]1)P(C2CCCCC2)C3CCCCC3.[CH]4[CH][CH][C]([CH]4)P(C5CCCCC5)C6CCCCC6,PdCl2(dcypf),0.06047272000000001 milligram,0.08000000000000002 micromole,0.06047272000000002 microliter,C34H52Cl2FeP2Pd,CC1=CC(C=O)=C(C)N1C2=CC(Cl)=CC(Cl)=C2,"1-(3,5-dichlorophenyl)-2,5-dimethyl-1H-pyrrole-3-carbaldehyde",0.1072572 milligram,0.4 micromole,0.10725720000000002 microliter,C13H11Cl2NO,B1(OC(C(O1)(C)C)(C)C)C2=CN(N=C2C)C,"1,3-dimethyl-4-(4,4,5,5-tetramethyl-1,3,2-dioxaborolan-2-yl)-1H-pyrazole",0.10660655999999999 milligram,0.48000000000000004 micromole,0.10660656000000002 microliter,C11H19BN2O2,[Na+].[Na+].[O-]C([O-])=O,Na2CO3,0.31796399999999997 milligram,3.0 micromole,0.317964 microliter,CNa2O3,CN1C=NC2=C1C(=O)N(C(=O)N2C)C,caffeine,0.0776764 milligram,0.4 micromole,0.07767640000000002 microliter,C8H10N4O2,C1COCCO1,dioxane,16.2225 milligram,184.12480421310696 micromole,15.75 microliter,C4H8O2,O,water,1.75 milligram,97.1412711629198 micromole,1.75 microliter,H2O,Cc1nn(C)cc1-c1cc(Cl)cc(-n2c(C)cc(C=O)c2C)c1,suzuki_product_0,0.0 milligram,0.0 micromole,0 microliter,C18H18ClN3O,Cc1nn(C)cc1-c1cc(-c2cn(C)nc2C)cc(-n2c(C)cc(C=O)c2C)c1,bis_addition_1,0.0 milligram,0.0 micromole,0 microliter,C23H25N5O,Cc1cc(C=O)c(C)n1-c1cccc(Cl)c1,dehalogenation_0,0.0 milligram,0.0 micromole,0 microliter,C13H12ClNO,CC1=CC(C=O)=C(C)N1C2=CC(Cl)=CC(Cl)=C2.B1(OC(C(O1)(C)C)(C)C)C2=CN(N=C2C)C>>Cc1nn(C)cc1-c1cc(Cl)cc(-n2c(C)cc(C=O)c2C)c1.Cc1nn(C)cc1-c1cc(-c2cn(C)nc2C)cc(-n2c(C)cc(C=O)c2C)c1.Cc1cc(C=O)c(C)n1-c1cccc(Cl)c1.Cc1ccn(C)n1,004_RLN-NB-2443_011_C13,,,Cc1ccn(C)n1,deborylation_0,0.0 milligram,0.0 micromole,0 microliter,C5H8N2,,,,,,,,,,,,,6/9/2023 2:28:30 AM,004_rln-nb-2443_011_c13.raw,2min_150_1200.EXP,004_RLN-NB-2443_011_C13,004_RLN-NB-2443,Rxn_Opt_HSST3_2_98,Analog,0,0,0,0,0,5.528516813409044,0.736,0,0,0,False,387.20591044347003,1.25,bis_addition_2,0,0,0,0,0,209.60695657314776,48.46479817858526,5.528516813409044,195.1,0.736,0,0,0,0,0,0,0,0,0,0,0,0,0,0,0,0,0,0,0,0,0,0,0,0,0,199.27451637714032,37.671365388150235,4.297279360682229,267.9,1.326,0,0,0,0,0,0,0,0,0,0,0,0,0,0,0,0,0,0,0,0,0,0,0,0,0,0,0,0,0,0,0,0,0,0,0,0,0,0,0,0,0,0,0,0,0,0,0,0,0,0,0.0,0.0,0.0,0.0,0.0,0.0,0.0,0.0,0.0,0.0,0.0,0.0,0.0,0.0,0.0,0.0,0.0,0.0,0.0,0.0,0.0,0.0,0.0,0.0,0.0,0.0,0.0,0.0,0.0,0.0,0.0,0.0003109173404526486,77.72933511316215,0.0,0.0,0.0,0.0,0.0,0.0,0.0,0.0,0.0,0.0,0.0,0.0,0.0,0.0,0.0,0.0,0.0,0.0,0.0,0.0,0.0,0.0
61,C14,[Fe].Cl[Pd]Cl.[CH]1[CH][CH][C]([CH]1)P(C2CCCCC2)C3CCCCC3.[CH]4[CH][CH][C]([CH]4)P(C5CCCCC5)C6CCCCC6,PdCl2(dcypf),0.06047272000000001 milligram,0.08000000000000002 micromole,0.06047272000000002 microliter,C34H52Cl2FeP2Pd,CC1=CC(C=O)=C(C)N1C2=CC(Cl)=CC(Cl)=C2,"1-(3,5-dichlorophenyl)-2,5-dimethyl-1H-pyrrole-3-carbaldehyde",0.1072572 milligram,0.4 micromole,0.10725720000000002 microliter,C13H11Cl2NO,B1(OC(C(O1)(C)C)(C)C)C2=CN=C(C=C2)C,"2-methyl-5-(4,4,5,5-tetramethyl-1,3,2-dioxaborolan-2-yl)pyridine",0.10516464 milligram,0.48000000000000004 micromole,0.10516464000000003 microliter,C12H18BNO2,[Na+].[Na+].[O-]C([O-])=O,Na2CO3,0.31796399999999997 milligram,3.0 micromole,0.317964 microliter,CNa2O3,CN1C=NC2=C1C(=O)N(C(=O)N2C)C,caffeine,0.0776764 milligram,0.4 micromole,0.07767640000000002 microliter,C8H10N4O2,C1COCCO1,dioxane,16.2225 milligram,184.12480421310696 micromole,15.75 microliter,C4H8O2,O,water,1.75 milligram,97.1412711629198 micromole,1.75 microliter,H2O,Cc1ccc(-c2cc(Cl)cc(-n3c(C)cc(C=O)c3C)c2)cn1,suzuki_product_0,0.0 milligram,0.0 micromole,0 microliter,C19H17ClN2O,Cc1ccc(-c2cc(-c3ccc(C)nc3)cc(-n3c(C)cc(C=O)c3C)c2)cn1,bis_addition_1,0.0 milligram,0.0 micromole,0 microliter,C25H23N3O,Cc1cc(C=O)c(C)n1-c1cccc(Cl)c1,dehalogenation_0,0.0 milligram,0.0 micromole,0 microliter,C13H12ClNO,CC1=CC(C=O)=C(C)N1C2=CC(Cl)=CC(Cl)=C2.B1(OC(C(O1)(C)C)(C)C)C2=CN=C(C=C2)C>>Cc1ccc(-c2cc(Cl)cc(-n3c(C)cc(C=O)c3C)c2)cn1.Cc1ccc(-c2cc(-c3ccc(C)nc3)cc(-n3c(C)cc(C=O)c3C)c2)cn1.Cc1cc(C=O)c(C)n1-c1cccc(Cl)c1.Cc1ccccn1,004_RLN-NB-2443_011_C14,,,Cc1ccccn1,deborylation_0,0.0 milligram,0.0 micromole,0 microliter,C6H7N,,,,,,,,,,,,,6/9/2023 2:30:57 AM,004_rln-nb-2443_011_c14.raw,2min_150_1200.EXP,004_RLN-NB-2443_011_C14,004_RLN-NB-2443_0,Rxn_Opt_HSST3_2_98,Analog,0,0,0,0,0,5.561677595989726,0.7376,4.375212683743051,1.326,0,False,381.18411237047,1.25,bis_addition_1,0,0,0,0,0,215.35637136126982,37.916054641654654,5.561677595989726,194.9,0.7376,0,0,0,0,0,0,0,0,0,0,0,0,0,0,0,0,0,0,0,0,0,0,0,0,0,183.48280339028474,29.82747567123962,4.375212683743051,267.9,1.326,0,0,0,0,0,0,0,0,0,0,0,0,0,0,0,0,0,0,0,0,0,0,0,0,0,0,0,0,0,0,0,0,0,0,0,0,0,0,0,0,0,0,0,0,0,0,0,0,0,0,0.0,0.0,0.0,0.0,0.0,0.0,0.0,0.0,0.0,0.0,0.0,0.0,0.0,0.0,0.0,0.0,0.0,0.0,0.0,0.0,0.0,0.0,0.0,0.0,0.0,0.0,0.0,0.0,0.0,0.0,0.0,0.00031466855877426757,78.6671396935669,0.0,0.0,0.0,0.0,0.0,0.0,0.0,0.0,0.0,0.0,0.0,0.0,0.0,0.0,0.0,0.0,0.0,0.0,0.0,0.0,0.0,0.0
62,C15,[Fe].Cl[Pd]Cl.[CH]1[CH][CH][C]([CH]1)P(C2CCCCC2)C3CCCCC3.[CH]4[CH][CH][C]([CH]4)P(C5CCCCC5)C6CCCCC6,PdCl2(dcypf),0.06047272000000001 milligram,0.08000000000000002 micromole,0.06047272000000002 microliter,C34H52Cl2FeP2Pd,CC1=CC(C=O)=C(C)N1C2=CC(Cl)=CC(Cl)=C2,"1-(3,5-dichlorophenyl)-2,5-dimethyl-1H-pyrrole-3-carbaldehyde",0.1072572 milligram,0.4 micromole,0.10725720000000002 microliter,C13H11Cl2NO,CC1(C)OB(C2=CN(C)N=C2)OC1(C)C,"1-methyl-4-(tetramethyl-1,3,2-dioxaborolan-2-yl)-1H-pyrazole",0.09987359999999999 milligram,0.48000000000000004 micromole,0.09987360000000002 microliter,C10H17BN2O2,[Na+].[Na+].[O-]C([O-])=O,Na2CO3,0.31796399999999997 milligram,3.0 micromole,0.317964 microliter,CNa2O3,CN1C=NC2=C1C(=O)N(C(=O)N2C)C,caffeine,0.0776764 milligram,0.4 micromole,0.07767640000000002 microliter,C8H10N4O2,C1COCCO1,dioxane,16.2225 milligram,184.12480421310696 micromole,15.75 microliter,C4H8O2,O,water,1.75 milligram,97.1412711629198 micromole,1.75 microliter,H2O,Cc1cc(C=O)c(C)n1-c1cc(Cl)cc(-c2cnn(C)c2)c1,suzuki_product_0,0.0 milligram,0.0 micromole,0 microliter,C17H16ClN3O,Cc1cc(C=O)c(C)n1-c1cc(-c2cnn(C)c2)cc(-c2cnn(C)c2)c1,bis_addition_1,0.0 milligram,0.0 micromole,0 microliter,C21H21N5O,Cc1cc(C=O)c(C)n1-c1cccc(Cl)c1,dehalogenation_0,0.0 milligram,0.0 micromole,0 microliter,C13H12ClNO,CC1=CC(C=O)=C(C)N1C2=CC(Cl)=CC(Cl)=C2.CC1(C)OB(C2=CN(C)N=C2)OC1(C)C>>Cc1cc(C=O)c(C)n1-c1cc(Cl)cc(-c2cnn(C)c2)c1.Cc1cc(C=O)c(C)n1-c1cc(-c2cnn(C)c2)cc(-c2cnn(C)c2)c1.Cc1cc(C=O)c(C)n1-c1cccc(Cl)c1.Cn1cccn1,004_RLN-NB-2443_011_C15,,,Cn1cccn1,deborylation_0,0.0 milligram,0.0 micromole,0 microliter,C4H6N2,,,,,,,,,,,,,6/9/2023 2:33:24 AM,004_rln-nb-2443_011_c15.raw,2min_150_1200.EXP,004_RLN-NB-2443_011_C15,004_RLN-NB-2443,Rxn_Opt_HSST3_2_98,Analog,0,0,0,0,0,5.579768317309232,0.7343,3.604432898323415,1.3243,0,False,359.17461031519,1.25,bis_addition_1,0,0,0,0,0,216.44642639907298,52.05425558774195,5.579768317309232,195,0.7343,0,0,0,0,0,0,0,0,0,0,0,0,0,0,0,0,0,0,0,0,0,0,0,0,0,170.2094666274312,33.62614013132944,3.604432898323415,267.8,1.3243,0,0,0,0,0,0,0,0,0,0,0,0,0,0,0,0,0,0,0,0,0,0,0,0,0,0,0,0,0,0,0,0,0,0,0,0,0,0,0,0,0,0,0,0,0,0,0,0,0,0,0.0,0.0,0.0,0.0,0.0,0.0,0.0,0.0,0.0,0.0,0.0,0.0,0.0,0.0,0.0,0.0,0.0,0.0,0.0,0.0,0.0,0.0,0.0,0.0,0.0,0.0,0.0,0.0,0.0,0.0,0.0,0.00025839301514666505,64.59825378666626,0.0,0.0,0.0,0.0,0.0,0.0,0.0,0.0,0.0,0.0,0.0,0.0,0.0,0.0,0.0,0.0,0.0,0.0,0.0,0.0,0.0,0.0
63,C16,[Fe].Cl[Pd]Cl.[CH]1[CH][CH][C]([CH]1)P(C2CCCCC2)C3CCCCC3.[CH]4[CH][CH][C]([CH]4)P(C5CCCCC5)C6CCCCC6,PdCl2(dcypf),0.06047272000000001 milligram,0.08000000000000002 micromole,0.06047272000000002 microliter,C34H52Cl2FeP2Pd,CC1=CC(C=O)=C(C)N1C2=CC(Cl)=CC(Cl)=C2,"1-(3,5-dichlorophenyl)-2,5-dimethyl-1H-pyrrole-3-carbaldehyde",0.1072572 milligram,0.4 micromole,0.10725720000000002 microliter,C13H11Cl2NO,CC1(C)OB(C2=CC3=C(NC=C3)C=C2)OC1(C)C,"5-(tetramethyl-1,3,2-dioxaborolan-2-yl)-1H-indole",0.11669520000000001 milligram,0.48000000000000004 micromole,0.11669520000000004 microliter,C14H18BNO2,[Na+].[Na+].[O-]C([O-])=O,Na2CO3,0.31796399999999997 milligram,3.0 micromole,0.317964 microliter,CNa2O3,CN1C=NC2=C1C(=O)N(C(=O)N2C)C,caffeine,0.0776764 milligram,0.4 micromole,0.07767640000000002 microliter,C8H10N4O2,C1COCCO1,dioxane,16.2225 milligram,184.12480421310696 micromole,15.75 microliter,C4H8O2,O,water,1.75 milligram,97.1412711629198 micromole,1.75 microliter,H2O,Cc1cc(C=O)c(C)n1-c1cc(Cl)cc(-c2ccc3[nH]ccc3c2)c1,suzuki_product_0,0.0 milligram,0.0 micromole,0 microliter,C21H17ClN2O,Cc1cc(C=O)c(C)n1-c1cc(-c2ccc3[nH]ccc3c2)cc(-c2ccc3[nH]ccc3c2)c1,bis_addition_1,0.0 milligram,0.0 micromole,0 microliter,C29H23N3O,Cc1cc(C=O)c(C)n1-c1cccc(Cl)c1,dehalogenation_0,0.0 milligram,0.0 micromole,0 microliter,C13H12ClNO,CC1=CC(C=O)=C(C)N1C2=CC(Cl)=CC(Cl)=C2.CC1(C)OB(C2=CC3=C(NC=C3)C=C2)OC1(C)C>>Cc1cc(C=O)c(C)n1-c1cc(Cl)cc(-c2ccc3[nH]ccc3c2)c1.Cc1cc(C=O)c(C)n1-c1cc(-c2ccc3[nH]ccc3c2)cc(-c2ccc3[nH]ccc3c2)c1.Cc1cc(C=O)c(C)n1-c1cccc(Cl)c1.c1ccc2[nH]ccc2c1,004_RLN-NB-2443_011_C16,,,c1ccc2[nH]ccc2c1,deborylation_0,0.0 milligram,0.0 micromole,0 microliter,C8H7N,,,,,,,,,,,,,6/9/2023 2:35:51 AM,004_rln-nb-2443_011_c16.raw,2min_150_1200.EXP,004_RLN-NB-2443_011_C16,004_RLN-NB-2443_0,Rxn_Opt_HSST3_2_98,Analog,0,0,0,0,0,5.910534083393552,0.736,4.240683479056022,1.326,0,False,429.18411237047,1.25,bis_addition_2,0,0,0,0,0,206.23805158804262,41.104606300965024,5.910534083393552,194.9,0.736,0,0,0,0,0,0,0,0,0,0,89.39019870738099,13.834012710630821,1.989227266588938,244,1.2726,0,0,0,0,0,0,0,0,0,0,194.82437625999617,29.49168761979677,4.240683479056022,267.8,1.326,0,0,0,0,0,0,0,0,0,0,0,0,0,0,0,0,0,0,0,0,0,0,0,0,0,0,0,0,0,0,0,0,0,0,0,0,0,0,0,0,0,0,0,0,0,0,0,0,0,0,0.0,0.0,0.0,0.0,0.0,0.0,0.0,0.0,0.0,0.0,0.0,0.0,0.0,0.0,0.0,0.0,0.0,0.0,0.0,0.0,0.0,0.0,0.0,0.0,0.0,0.00013462250541303481,33.6556263532587,0.0,0.0,0.0,0.0,0.0002869915590857211,71.74788977143027,0.0,0.0,0.0,0.0,0.0,0.0,0.0,0.0,0.0,0.0,0.0,0.0,0.0,0.0,0.0,0.0,0.0,0.0,0.0,0.0,0.0,0.0
64,C17,[Fe].Cl[Pd]Cl.[CH]1[CH][CH][C]([CH]1)P(C2CCCCC2)C3CCCCC3.[CH]4[CH][CH][C]([CH]4)P(C5CCCCC5)C6CCCCC6,PdCl2(dcypf),0.06047272000000001 milligram,0.08000000000000002 micromole,0.06047272000000002 microliter,C34H52Cl2FeP2Pd,CC1=CC(C=O)=C(C)N1C2=CC(Cl)=CC(Cl)=C2,"1-(3,5-dichlorophenyl)-2,5-dimethyl-1H-pyrrole-3-carbaldehyde",0.1072572 milligram,0.4 micromole,0.10725720000000002 microliter,C13H11Cl2NO,O=[N+](C1=CC=CC=C1B2OC(C)(C)C(C)(C)O2)[O-],"4,4,5,5-tetramethyl-2-(2-nitrophenyl)-1,3,2-dioxaborolane",0.11955599999999997 milligram,0.48000000000000004 micromole,0.119556 microliter,C12H16BNO4,[Na+].[Na+].[O-]C([O-])=O,Na2CO3,0.31796399999999997 milligram,3.0 micromole,0.317964 microliter,CNa2O3,CN1C=NC2=C1C(=O)N(C(=O)N2C)C,caffeine,0.0776764 milligram,0.4 micromole,0.07767640000000002 microliter,C8H10N4O2,C1COCCO1,dioxane,16.2225 milligram,184.12480421310696 micromole,15.75 microliter,C4H8O2,O,water,1.75 milligram,97.1412711629198 micromole,1.75 microliter,H2O,Cc1cc(C=O)c(C)n1-c1cc(Cl)cc(-c2ccccc2[N+](=O)[O-])c1,suzuki_product_0,0.0 milligram,0.0 micromole,0 microliter,C19H15ClN2O3,Cc1cc(C=O)c(C)n1-c1cc(-c2ccccc2[N+](=O)[O-])cc(-c2ccccc2[N+](=O)[O-])c1,bis_addition_1,0.0 milligram,0.0 micromole,0 microliter,C25H19N3O5,Cc1cc(C=O)c(C)n1-c1cccc(Cl)c1,dehalogenation_0,0.0 milligram,0.0 micromole,0 microliter,C13H12ClNO,CC1=CC(C=O)=C(C)N1C2=CC(Cl)=CC(Cl)=C2.O=[N+](C1=CC=CC=C1B2OC(C)(C)C(C)(C)O2)[O-]>>Cc1cc(C=O)c(C)n1-c1cc(Cl)cc(-c2ccccc2[N+](=O)[O-])c1.Cc1cc(C=O)c(C)n1-c1cc(-c2ccccc2[N+](=O)[O-])cc(-c2ccccc2[N+](=O)[O-])c1.Cc1cc(C=O)c(C)n1-c1cccc(Cl)c1.O=[N+]([O-])c1ccccc1,004_RLN-NB-2443_011_C17,,,O=[N+]([O-])c1ccccc1,deborylation_0,0.0 milligram,0.0 micromole,0 microliter,C6H5NO2,,,,,,,,,,,,,6/9/2023 2:38:19 AM,004_rln-nb-2443_011_c17.raw,2min_150_1200.EXP,004_RLN-NB-2443_011_C17,004_RLN-NB-24,Rxn_Opt_HSST3_2_98,Analog,0,0,0,0,0,5.700591672230471,0.736,3.660467237983742,1.326,0,False,441.13247072047,1.25,bis_addition_2,0,0,0,0,0,215.6521003322274,46.51590856788912,5.700591672230471,194.9,0.736,0,0,0,0,0,0,0,0,0,0,0,0,0,0,0,0,0,0,0,0,0,0,0,0,0,170.46265625555563,29.868822246513204,3.660467237983742,267.8,1.326,0,0,0,0,0,0,0,0,0,0,0,0,0,0,0,0,0,0,0,0,0,0,0,0,0,0,0,0,0,0,0,0,0,0,0,0,0,0,0,0,0,0,0,0,0,0,0,0,0,0,0.0,0.0,0.0,0.0,0.0,0.0,0.0,0.0,0.0,0.0,0.0,0.0,0.0,0.0,0.0,0.0,0.0,0.0,0.0,0.0,0.0,0.0,0.0,0.0,0.0,0.0,0.0,0.0,0.0,0.0,0.0,0.00025684823249594454,64.21205812398613,0.0,0.0,0.0,0.0,0.0,0.0,0.0,0.0,0.0,0.0,0.0,0.0,0.0,0.0,0.0,0.0,0.0,0.0,0.0,0.0,0.0,0.0
65,C18,[Fe].Cl[Pd]Cl.[CH]1[CH][CH][C]([CH]1)P(C2CCCCC2)C3CCCCC3.[CH]4[CH][CH][C]([CH]4)P(C5CCCCC5)C6CCCCC6,PdCl2(dcypf),0.06047272000000001 milligram,0.08000000000000002 micromole,0.06047272000000002 microliter,C34H52Cl2FeP2Pd,CC1=CC(C=O)=C(C)N1C2=CC(Cl)=CC(Cl)=C2,"1-(3,5-dichlorophenyl)-2,5-dimethyl-1H-pyrrole-3-carbaldehyde",0.1072572 milligram,0.4 micromole,0.10725720000000002 microliter,C13H11Cl2NO,O=C(O)C1=CC=CC(B2OC(C)(C)C(C)(C)O2)=C1,"3-(tetramethyl-1,3,2-dioxaborolan-2-yl)benzoic acid",0.11908175999999998 milligram,0.48000000000000004 micromole,0.11908176000000001 microliter,C13H17BO4,[Na+].[Na+].[O-]C([O-])=O,Na2CO3,0.31796399999999997 milligram,3.0 micromole,0.317964 microliter,CNa2O3,CN1C=NC2=C1C(=O)N(C(=O)N2C)C,caffeine,0.0776764 milligram,0.4 micromole,0.07767640000000002 microliter,C8H10N4O2,C1COCCO1,dioxane,16.2225 milligram,184.12480421310696 micromole,15.75 microliter,C4H8O2,O,water,1.75 milligram,97.1412711629198 micromole,1.75 microliter,H2O,Cc1cc(C=O)c(C)n1-c1cc(Cl)cc(-c2cccc(C(=O)O)c2)c1,suzuki_product_0,0.0 milligram,0.0 micromole,0 microliter,C20H16ClNO3,Cc1cc(C=O)c(C)n1-c1cc(-c2cccc(C(=O)O)c2)cc(-c2cccc(C(=O)O)c2)c1,bis_addition_1,0.0 milligram,0.0 micromole,0 microliter,C27H21NO5,Cc1cc(C=O)c(C)n1-c1cccc(Cl)c1,dehalogenation_0,0.0 milligram,0.0 micromole,0 microliter,C13H12ClNO,CC1=CC(C=O)=C(C)N1C2=CC(Cl)=CC(Cl)=C2.O=C(O)C1=CC=CC(B2OC(C)(C)C(C)(C)O2)=C1>>Cc1cc(C=O)c(C)n1-c1cc(Cl)cc(-c2cccc(C(=O)O)c2)c1.Cc1cc(C=O)c(C)n1-c1cc(-c2cccc(C(=O)O)c2)cc(-c2cccc(C(=O)O)c2)c1.Cc1cc(C=O)c(C)n1-c1cccc(Cl)c1.O=C(O)c1ccccc1,004_RLN-NB-2443_011_C18,,,O=C(O)c1ccccc1,deborylation_0,0.0 milligram,0.0 micromole,0 microliter,C7H6O2,,,,,,,,,,,,,6/9/2023 2:40:46 AM,004_rln-nb-2443_011_c18.raw,2min_150_1200.EXP,004_RLN-NB-2443_011_C18,004_RLN-NB-2443_0,Rxn_Opt_HSST3_2_98,Analog,0,0,0,0,0,5.994857078337463,0.7376,3.1386433080366123,1.326,0,False,439.14197277575,1.25,bis_addition_2,0,0,0,0,0,236.55665668953156,31.99169884959409,5.994857078337463,195,0.7376,0,0,0,0,0,0,0,0,0,0,0,0,0,0,0,0,0,0,0,0,0,0,0,0,0,146.00227597365455,16.749445432124904,3.1386433080366123,267.8,1.326,0,0,0,0,0,0,0,0,0,0,0,0,0,0,0,0,0,0,0,0,0,0,0,0,0,0,0,0,0,0,0,0,0,0,0,0,0,0,0,0,0,0,0,0,0,0,0,0,0,0,0.0,0.0,0.0,0.0,0.0,0.0,0.0,0.0,0.0,0.0,0.0,0.0,0.0,0.0,0.0,0.0,0.0,0.0,0.0,0.0,0.0,0.0,0.0,0.0,0.0,0.0,0.0,0.0,0.0,0.0,0.0,0.0002094223943638732,52.3555985909683,0.0,0.0,0.0,0.0,0.0,0.0,0.0,0.0,0.0,0.0,0.0,0.0,0.0,0.0,0.0,0.0,0.0,0.0,0.0,0.0,0.0,0.0
66,C19,COC1=CC=C(C(P(C(C)(C)C)C(C)(C)C)=C1C2=C(C=C(C=C2C(C)C)C(C)C)C(C)C)OC.NC3=C(C=CC=C3)C4=C(C=CC=C4)[Pd]OS(C)(=O)=O,tBuBrettPhos Pd G3,0.06835544000000003 milligram,0.08000000000000002 micromole,0.06835544000000005 microliter,C44H62NO5PPdS,CC1=CC(C=O)=C(C)N1C2=CC(Cl)=CC(Cl)=C2,"1-(3,5-dichlorophenyl)-2,5-dimethyl-1H-pyrrole-3-carbaldehyde",0.1072572 milligram,0.4 micromole,0.10725720000000002 microliter,C13H11Cl2NO,B1(OC(C(O1)(C)C)(C)C)C2=CN(N=C2C)C,"1,3-dimethyl-4-(4,4,5,5-tetramethyl-1,3,2-dioxaborolan-2-yl)-1H-pyrazole",0.10660655999999999 milligram,0.48000000000000004 micromole,0.10660656000000002 microliter,C11H19BN2O2,[Na+].[Na+].[O-]C([O-])=O,Na2CO3,0.31796399999999997 milligram,3.0 micromole,0.317964 microliter,CNa2O3,CN1C=NC2=C1C(=O)N(C(=O)N2C)C,caffeine,0.0776764 milligram,0.4 micromole,0.07767640000000002 microliter,C8H10N4O2,C1COCCO1,dioxane,16.2225 milligram,184.12480421310696 micromole,15.75 microliter,C4H8O2,O,water,1.75 milligram,97.1412711629198 micromole,1.75 microliter,H2O,Cc1nn(C)cc1-c1cc(Cl)cc(-n2c(C)cc(C=O)c2C)c1,suzuki_product_0,0.0 milligram,0.0 micromole,0 microliter,C18H18ClN3O,Cc1nn(C)cc1-c1cc(-c2cn(C)nc2C)cc(-n2c(C)cc(C=O)c2C)c1,bis_addition_1,0.0 milligram,0.0 micromole,0 microliter,C23H25N5O,Cc1cc(C=O)c(C)n1-c1cccc(Cl)c1,dehalogenation_0,0.0 milligram,0.0 micromole,0 microliter,C13H12ClNO,CC1=CC(C=O)=C(C)N1C2=CC(Cl)=CC(Cl)=C2.B1(OC(C(O1)(C)C)(C)C)C2=CN(N=C2C)C>>Cc1nn(C)cc1-c1cc(Cl)cc(-n2c(C)cc(C=O)c2C)c1.Cc1nn(C)cc1-c1cc(-c2cn(C)nc2C)cc(-n2c(C)cc(C=O)c2C)c1.Cc1cc(C=O)c(C)n1-c1cccc(Cl)c1.Cc1ccn(C)n1,004_RLN-NB-2443_011_C19,,,Cc1ccn(C)n1,deborylation_0,0.0 milligram,0.0 micromole,0 microliter,C5H8N2,,,,,,,,,,,,,6/9/2023 2:43:13 AM,004_rln-nb-2443_011_c19.raw,2min_150_1200.EXP,004_RLN-NB-2443_011_C19,004_RLN-NB-2443_0,Rxn_Opt_HSST3_2_98,Analog,0.1646049976115862,0,0.6292164612201614,2.3343799261223293,1.2326,3.822584188512343,0.736,3.6108465074334704,1.326,0,False,387.20591044347003,1.25,bis_addition_2,0,0,0,0,0,154.61680107213468,14.181707481510978,3.822584188512343,195,0.736,32.375569326509336,2.334379926122329,0.6292164612201614,233.9,1.2326,0,0,0,0,0,0,0,0,0,0,0,0,0,0,0,0,0,0,0,0,98.82829418664352,13.396165108134852,3.6108465074334704,267.8,1.326,0,0,0,0,0,0,0,0,0,0,0,0,0,0,0,0,0,0,0,0,0,0,0,0,0,0,0,0,0,0,0,0,0,0,0,0,0,0,0,0,0,0,0,0,0,0,0,0,0,0,0.0,0.0,0.0,0.0,0.0,0.0,0.0,0.0,0.0,0.0,0.0,0.0,0.0,0.0,0.0,0.0,0.0,0.0,0.0,0.0,0.0,6.584199904463448e-05,16.460499761158616,0.0,0.0,0.0,0.0,0.0,0.0,0.0,0.0,0.00037784350369938867,94.46087592484716,0.0,0.0,0.0,0.0,0.0,0.0,0.0,0.0,0.0,0.0,0.0,0.0,0.0,0.0,0.0,0.0,0.0,0.0,0.0,0.0,0.0,0.0
67,C20,COC1=CC=C(C(P(C(C)(C)C)C(C)(C)C)=C1C2=C(C=C(C=C2C(C)C)C(C)C)C(C)C)OC.NC3=C(C=CC=C3)C4=C(C=CC=C4)[Pd]OS(C)(=O)=O,tBuBrettPhos Pd G3,0.06835544000000003 milligram,0.08000000000000002 micromole,0.06835544000000005 microliter,C44H62NO5PPdS,CC1=CC(C=O)=C(C)N1C2=CC(Cl)=CC(Cl)=C2,"1-(3,5-dichlorophenyl)-2,5-dimethyl-1H-pyrrole-3-carbaldehyde",0.1072572 milligram,0.4 micromole,0.10725720000000002 microliter,C13H11Cl2NO,B1(OC(C(O1)(C)C)(C)C)C2=CN=C(C=C2)C,"2-methyl-5-(4,4,5,5-tetramethyl-1,3,2-dioxaborolan-2-yl)pyridine",0.10516464 milligram,0.48000000000000004 micromole,0.10516464000000003 microliter,C12H18BNO2,[Na+].[Na+].[O-]C([O-])=O,Na2CO3,0.31796399999999997 milligram,3.0 micromole,0.317964 microliter,CNa2O3,CN1C=NC2=C1C(=O)N(C(=O)N2C)C,caffeine,0.0776764 milligram,0.4 micromole,0.07767640000000002 microliter,C8H10N4O2,C1COCCO1,dioxane,16.2225 milligram,184.12480421310696 micromole,15.75 microliter,C4H8O2,O,water,1.75 milligram,97.1412711629198 micromole,1.75 microliter,H2O,Cc1ccc(-c2cc(Cl)cc(-n3c(C)cc(C=O)c3C)c2)cn1,suzuki_product_0,0.0 milligram,0.0 micromole,0 microliter,C19H17ClN2O,Cc1ccc(-c2cc(-c3ccc(C)nc3)cc(-n3c(C)cc(C=O)c3C)c2)cn1,bis_addition_1,0.0 milligram,0.0 micromole,0 microliter,C25H23N3O,Cc1cc(C=O)c(C)n1-c1cccc(Cl)c1,dehalogenation_0,0.0 milligram,0.0 micromole,0 microliter,C13H12ClNO,CC1=CC(C=O)=C(C)N1C2=CC(Cl)=CC(Cl)=C2.B1(OC(C(O1)(C)C)(C)C)C2=CN=C(C=C2)C>>Cc1ccc(-c2cc(Cl)cc(-n3c(C)cc(C=O)c3C)c2)cn1.Cc1ccc(-c2cc(-c3ccc(C)nc3)cc(-n3c(C)cc(C=O)c3C)c2)cn1.Cc1cc(C=O)c(C)n1-c1cccc(Cl)c1.Cc1ccccn1,004_RLN-NB-2443_011_C20,,,Cc1ccccn1,deborylation_0,0.0 milligram,0.0 micromole,0 microliter,C6H7N,,,,,,,,,,,,,6/9/2023 2:45:40 AM,004_rln-nb-2443_011_c20.raw,2min_150_1200.EXP,004_RLN-NB-2443_011_C20,004_RLN-NB-2443_011,Rxn_Opt_HSST3_2_98,Analog,0.2578202722479012,0,1.1046348369393924,4.823004903233657,1.2543,4.284515051156474,0.736,3.055283634756446,1.3243,0,False,381.18411237047,1.25,bis_addition_1,0,0,0,0,0,166.87762573776882,18.706849004473185,4.284515051156474,195,0.736,27.099714231951253,4.823004903233657,1.1046348369393924,234,1.2543,0,0,0,0,0,0,0,0,0,0,0,0,0,0,0,0,0,0,0,0,105.75441655299815,13.339836349927086,3.055283634756446,267.8,1.3243,0,0,0,0,0,0,0,0,0,0,0,0,0,0,0,0,0,0,0,0,0,0,0,0,0,0,0,0,0,0,0,0,0,0,0,0,0,0,0,0,0,0,0,0,0,0,0,0,0,0,0.0,0.0,0.0,0.0,0.0,0.0,0.0,0.0,0.0,0.0,0.0,0.0,0.0,0.0,0.0,0.0,0.0,0.0,0.0,0.0,0.0,0.00010312810889916049,25.78202722479012,0.0,0.0,0.0,0.0,0.0,0.0,0.0,0.0,0.0002852396220600757,71.30990551501893,0.0,0.0,0.0,0.0,0.0,0.0,0.0,0.0,0.0,0.0,0.0,0.0,0.0,0.0,0.0,0.0,0.0,0.0,0.0,0.0,0.0,0.0
68,C21,COC1=CC=C(C(P(C(C)(C)C)C(C)(C)C)=C1C2=C(C=C(C=C2C(C)C)C(C)C)C(C)C)OC.NC3=C(C=CC=C3)C4=C(C=CC=C4)[Pd]OS(C)(=O)=O,tBuBrettPhos Pd G3,0.06835544000000003 milligram,0.08000000000000002 micromole,0.06835544000000005 microliter,C44H62NO5PPdS,CC1=CC(C=O)=C(C)N1C2=CC(Cl)=CC(Cl)=C2,"1-(3,5-dichlorophenyl)-2,5-dimethyl-1H-pyrrole-3-carbaldehyde",0.1072572 milligram,0.4 micromole,0.10725720000000002 microliter,C13H11Cl2NO,CC1(C)OB(C2=CN(C)N=C2)OC1(C)C,"1-methyl-4-(tetramethyl-1,3,2-dioxaborolan-2-yl)-1H-pyrazole",0.09987359999999999 milligram,0.48000000000000004 micromole,0.09987360000000002 microliter,C10H17BN2O2,[Na+].[Na+].[O-]C([O-])=O,Na2CO3,0.31796399999999997 milligram,3.0 micromole,0.317964 microliter,CNa2O3,CN1C=NC2=C1C(=O)N(C(=O)N2C)C,caffeine,0.0776764 milligram,0.4 micromole,0.07767640000000002 microliter,C8H10N4O2,C1COCCO1,dioxane,16.2225 milligram,184.12480421310696 micromole,15.75 microliter,C4H8O2,O,water,1.75 milligram,97.1412711629198 micromole,1.75 microliter,H2O,Cc1cc(C=O)c(C)n1-c1cc(Cl)cc(-c2cnn(C)c2)c1,suzuki_product_0,0.0 milligram,0.0 micromole,0 microliter,C17H16ClN3O,Cc1cc(C=O)c(C)n1-c1cc(-c2cnn(C)c2)cc(-c2cnn(C)c2)c1,bis_addition_1,0.0 milligram,0.0 micromole,0 microliter,C21H21N5O,Cc1cc(C=O)c(C)n1-c1cccc(Cl)c1,dehalogenation_0,0.0 milligram,0.0 micromole,0 microliter,C13H12ClNO,CC1=CC(C=O)=C(C)N1C2=CC(Cl)=CC(Cl)=C2.CC1(C)OB(C2=CN(C)N=C2)OC1(C)C>>Cc1cc(C=O)c(C)n1-c1cc(Cl)cc(-c2cnn(C)c2)c1.Cc1cc(C=O)c(C)n1-c1cc(-c2cnn(C)c2)cc(-c2cnn(C)c2)c1.Cc1cc(C=O)c(C)n1-c1cccc(Cl)c1.Cn1cccn1,004_RLN-NB-2443_011_C21,,,Cn1cccn1,deborylation_0,0.0 milligram,0.0 micromole,0 microliter,C4H6N2,,,,,,,,,,,,,6/9/2023 2:48:07 AM,004_rln-nb-2443_011_c21.raw,2min_150_1200.EXP,004_RLN-NB-2443_011_C21,004_RLN-NB-2443_0,Rxn_Opt_HSST3_2_98,Analog,0.17062476340004396,0,0.7000639399638809,2.7144272987440012,1.2276,4.102944531694516,0.736,3.2987536007575584,1.326,0,False,359.17461031519,1.25,bis_addition_1,0,0,0,0,0,163.8967193527221,15.908753481344325,4.102944531694516,195,0.736,31.85732473744019,2.7144272987440012,0.7000639399638809,234,1.2276,0,0,0,0,0,0,0,0,0,0,0,0,0,0,0,0,0,0,0,0,94.22079641264793,12.790584280327838,3.2987536007575584,267.8,1.326,0,0,0,0,0,0,0,0,0,0,0,0,0,0,0,0,0,0,0,0,0,0,0,0,0,0,0,0,0,0,0,0,0,0,0,0,0,0,0,0,0,0,0,0,0,0,0,0,0,0,0.0,0.0,0.0,0.0,0.0,0.0,0.0,0.0,0.0,0.0,0.0,0.0,0.0,0.0,0.0,0.0,0.0,0.0,0.0,0.0,0.0,6.824990536001759e-05,17.062476340004395,0.0,0.0,0.0,0.0,0.0,0.0,0.0,0.0,0.0003215986543591096,80.39966358977739,0.0,0.0,0.0,0.0,0.0,0.0,0.0,0.0,0.0,0.0,0.0,0.0,0.0,0.0,0.0,0.0,0.0,0.0,0.0,0.0,0.0,0.0
69,C22,COC1=CC=C(C(P(C(C)(C)C)C(C)(C)C)=C1C2=C(C=C(C=C2C(C)C)C(C)C)C(C)C)OC.NC3=C(C=CC=C3)C4=C(C=CC=C4)[Pd]OS(C)(=O)=O,tBuBrettPhos Pd G3,0.06835544000000003 milligram,0.08000000000000002 micromole,0.06835544000000005 microliter,C44H62NO5PPdS,CC1=CC(C=O)=C(C)N1C2=CC(Cl)=CC(Cl)=C2,"1-(3,5-dichlorophenyl)-2,5-dimethyl-1H-pyrrole-3-carbaldehyde",0.1072572 milligram,0.4 micromole,0.10725720000000002 microliter,C13H11Cl2NO,CC1(C)OB(C2=CC3=C(NC=C3)C=C2)OC1(C)C,"5-(tetramethyl-1,3,2-dioxaborolan-2-yl)-1H-indole",0.11669520000000001 milligram,0.48000000000000004 micromole,0.11669520000000004 microliter,C14H18BNO2,[Na+].[Na+].[O-]C([O-])=O,Na2CO3,0.31796399999999997 milligram,3.0 micromole,0.317964 microliter,CNa2O3,CN1C=NC2=C1C(=O)N(C(=O)N2C)C,caffeine,0.0776764 milligram,0.4 micromole,0.07767640000000002 microliter,C8H10N4O2,C1COCCO1,dioxane,16.2225 milligram,184.12480421310696 micromole,15.75 microliter,C4H8O2,O,water,1.75 milligram,97.1412711629198 micromole,1.75 microliter,H2O,Cc1cc(C=O)c(C)n1-c1cc(Cl)cc(-c2ccc3[nH]ccc3c2)c1,suzuki_product_0,0.0 milligram,0.0 micromole,0 microliter,C21H17ClN2O,Cc1cc(C=O)c(C)n1-c1cc(-c2ccc3[nH]ccc3c2)cc(-c2ccc3[nH]ccc3c2)c1,bis_addition_1,0.0 milligram,0.0 micromole,0 microliter,C29H23N3O,Cc1cc(C=O)c(C)n1-c1cccc(Cl)c1,dehalogenation_0,0.0 milligram,0.0 micromole,0 microliter,C13H12ClNO,CC1=CC(C=O)=C(C)N1C2=CC(Cl)=CC(Cl)=C2.CC1(C)OB(C2=CC3=C(NC=C3)C=C2)OC1(C)C>>Cc1cc(C=O)c(C)n1-c1cc(Cl)cc(-c2ccc3[nH]ccc3c2)c1.Cc1cc(C=O)c(C)n1-c1cc(-c2ccc3[nH]ccc3c2)cc(-c2ccc3[nH]ccc3c2)c1.Cc1cc(C=O)c(C)n1-c1cccc(Cl)c1.c1ccc2[nH]ccc2c1,004_RLN-NB-2443_011_C22,,,c1ccc2[nH]ccc2c1,deborylation_0,0.0 milligram,0.0 micromole,0 microliter,C8H7N,,,,,,,,,,,,,6/9/2023 2:50:34 AM,004_rln-nb-2443_011_c22.raw,2min_150_1200.EXP,004_RLN-NB-2443_011_C22,004_RLN-NB-2443_011,Rxn_Opt_HSST3_2_98,Analog,0.5661449879515905,0,2.3287879583649156,9.11890321914428,1.256,4.113412655635916,0.7343,2.9535740499965613,1.3243,0,False,429.18411237047,1.25,bis_addition_2,0,0,0,0,0,165.84649068000869,16.107010418193457,4.113412655635916,195,0.7343,37.596857923596055,9.11890321914428,2.3287879583649156,234,1.256,0,0,0,0,0,0,0,0,0,0,0,0,0,0,0,0,0,0,0,0,108.87573031833034,11.565396418231675,2.9535740499965613,267.9,1.3243,0,0,0,0,0,0,0,0,0,0,0,0,0,0,0,0,0,0,0,0,0,0,0,0,0,0,0,0,0,0,0,0,0,0,0,0,0,0,0,0,0,0,0,0,0,0,0,0,0,0,41.13701050479728,5.196814370310852,1.3271638525596003,267.9,1.3593,0.0,0.0,0.0,0.0,0.0,0.0,0.0,0.0,0.0,0.0,0.0,0.0,0.0,0.0,0.00012905720516430186,32.26430129107546,0.00022645799518063623,56.61449879515905,0.0,0.0,0.0,0.0,0.0,0.0,0.0,0.0,0.0002872139799492061,71.80349498730153,0.0,0.0,0.0,0.0,0.0,0.0,0.0,0.0,0.0,0.0,0.0,0.0,0.0,0.0,0.0,0.0,0.0,0.0,0.0,0.0,0.0,0.0
70,C23,COC1=CC=C(C(P(C(C)(C)C)C(C)(C)C)=C1C2=C(C=C(C=C2C(C)C)C(C)C)C(C)C)OC.NC3=C(C=CC=C3)C4=C(C=CC=C4)[Pd]OS(C)(=O)=O,tBuBrettPhos Pd G3,0.06835544000000003 milligram,0.08000000000000002 micromole,0.06835544000000005 microliter,C44H62NO5PPdS,CC1=CC(C=O)=C(C)N1C2=CC(Cl)=CC(Cl)=C2,"1-(3,5-dichlorophenyl)-2,5-dimethyl-1H-pyrrole-3-carbaldehyde",0.1072572 milligram,0.4 micromole,0.10725720000000002 microliter,C13H11Cl2NO,O=[N+](C1=CC=CC=C1B2OC(C)(C)C(C)(C)O2)[O-],"4,4,5,5-tetramethyl-2-(2-nitrophenyl)-1,3,2-dioxaborolane",0.11955599999999997 milligram,0.48000000000000004 micromole,0.119556 microliter,C12H16BNO4,[Na+].[Na+].[O-]C([O-])=O,Na2CO3,0.31796399999999997 milligram,3.0 micromole,0.317964 microliter,CNa2O3,CN1C=NC2=C1C(=O)N(C(=O)N2C)C,caffeine,0.0776764 milligram,0.4 micromole,0.07767640000000002 microliter,C8H10N4O2,C1COCCO1,dioxane,16.2225 milligram,184.12480421310696 micromole,15.75 microliter,C4H8O2,O,water,1.75 milligram,97.1412711629198 micromole,1.75 microliter,H2O,Cc1cc(C=O)c(C)n1-c1cc(Cl)cc(-c2ccccc2[N+](=O)[O-])c1,suzuki_product_0,0.0 milligram,0.0 micromole,0 microliter,C19H15ClN2O3,Cc1cc(C=O)c(C)n1-c1cc(-c2ccccc2[N+](=O)[O-])cc(-c2ccccc2[N+](=O)[O-])c1,bis_addition_1,0.0 milligram,0.0 micromole,0 microliter,C25H19N3O5,Cc1cc(C=O)c(C)n1-c1cccc(Cl)c1,dehalogenation_0,0.0 milligram,0.0 micromole,0 microliter,C13H12ClNO,CC1=CC(C=O)=C(C)N1C2=CC(Cl)=CC(Cl)=C2.O=[N+](C1=CC=CC=C1B2OC(C)(C)C(C)(C)O2)[O-]>>Cc1cc(C=O)c(C)n1-c1cc(Cl)cc(-c2ccccc2[N+](=O)[O-])c1.Cc1cc(C=O)c(C)n1-c1cc(-c2ccccc2[N+](=O)[O-])cc(-c2ccccc2[N+](=O)[O-])c1.Cc1cc(C=O)c(C)n1-c1cccc(Cl)c1.O=[N+]([O-])c1ccccc1,004_RLN-NB-2443_011_C23,,,O=[N+]([O-])c1ccccc1,deborylation_0,0.0 milligram,0.0 micromole,0 microliter,C6H5NO2,,,,,,,,,,,,,6/9/2023 2:53:02 AM,004_rln-nb-2443_011_c23.raw,2min_150_1200.EXP,004_RLN-NB-2443_011_C23,004_RLN-NB-2443,Rxn_Opt_HSST3_2_98,Analog,0.17741265525734046,0,0.8069293176916446,3.503871136821595,1.2276,4.548318813678642,0.736,3.8589923494520133,1.326,0,False,441.13247072047,1.25,bis_addition_2,0,0,0,0,0,182.344437518086,19.749837641171442,4.548318813678642,195,0.736,27.298898589700354,3.5038711368215942,0.8069293176916446,233.8,1.2276,0,0,0,0,0,0,0,0,0,0,41.86678276200415,5.410378957672143,1.2459914278491073,249.9,1.1193,0,0,0,0,0,137.43120403265905,16.75662491622006,3.8589923494520133,267.8,1.326,0,0,0,0,0,0,0,0,0,0,0,0,0,0,0,0,0,0,0,0,0,0,0,0,0,0,0,0,0,0,0,0,0,0,0,0,0,0,0,0,0,0,0,0,0,0,0,0,0,0,0.0,0.0,0.0,0.0,0.0,0.0,0.0,0.0,0.0,0.0,0.0,0.0,0.0,0.0,0.0,0.0,0.0,0.0,0.0,0.0,0.0,7.096506210293619e-05,17.741265525734047,0.0,0.0,0.0,0.0,0.00010957819615475548,27.39454903868887,0.0,0.0,0.0003393774717679382,84.84436794198456,0.0,0.0,0.0,0.0,0.0,0.0,0.0,0.0,0.0,0.0,0.0,0.0,0.0,0.0,0.0,0.0,0.0,0.0,0.0,0.0,0.0,0.0
71,C24,COC1=CC=C(C(P(C(C)(C)C)C(C)(C)C)=C1C2=C(C=C(C=C2C(C)C)C(C)C)C(C)C)OC.NC3=C(C=CC=C3)C4=C(C=CC=C4)[Pd]OS(C)(=O)=O,tBuBrettPhos Pd G3,0.06835544000000003 milligram,0.08000000000000002 micromole,0.06835544000000005 microliter,C44H62NO5PPdS,CC1=CC(C=O)=C(C)N1C2=CC(Cl)=CC(Cl)=C2,"1-(3,5-dichlorophenyl)-2,5-dimethyl-1H-pyrrole-3-carbaldehyde",0.1072572 milligram,0.4 micromole,0.10725720000000002 microliter,C13H11Cl2NO,O=C(O)C1=CC=CC(B2OC(C)(C)C(C)(C)O2)=C1,"3-(tetramethyl-1,3,2-dioxaborolan-2-yl)benzoic acid",0.11908175999999998 milligram,0.48000000000000004 micromole,0.11908176000000001 microliter,C13H17BO4,[Na+].[Na+].[O-]C([O-])=O,Na2CO3,0.31796399999999997 milligram,3.0 micromole,0.317964 microliter,CNa2O3,CN1C=NC2=C1C(=O)N(C(=O)N2C)C,caffeine,0.0776764 milligram,0.4 micromole,0.07767640000000002 microliter,C8H10N4O2,C1COCCO1,dioxane,16.2225 milligram,184.12480421310696 micromole,15.75 microliter,C4H8O2,O,water,1.75 milligram,97.1412711629198 micromole,1.75 microliter,H2O,Cc1cc(C=O)c(C)n1-c1cc(Cl)cc(-c2cccc(C(=O)O)c2)c1,suzuki_product_0,0.0 milligram,0.0 micromole,0 microliter,C20H16ClNO3,Cc1cc(C=O)c(C)n1-c1cc(-c2cccc(C(=O)O)c2)cc(-c2cccc(C(=O)O)c2)c1,bis_addition_1,0.0 milligram,0.0 micromole,0 microliter,C27H21NO5,Cc1cc(C=O)c(C)n1-c1cccc(Cl)c1,dehalogenation_0,0.0 milligram,0.0 micromole,0 microliter,C13H12ClNO,CC1=CC(C=O)=C(C)N1C2=CC(Cl)=CC(Cl)=C2.O=C(O)C1=CC=CC(B2OC(C)(C)C(C)(C)O2)=C1>>Cc1cc(C=O)c(C)n1-c1cc(Cl)cc(-c2cccc(C(=O)O)c2)c1.Cc1cc(C=O)c(C)n1-c1cc(-c2cccc(C(=O)O)c2)cc(-c2cccc(C(=O)O)c2)c1.Cc1cc(C=O)c(C)n1-c1cccc(Cl)c1.O=C(O)c1ccccc1,004_RLN-NB-2443_011_C24,,,O=C(O)c1ccccc1,deborylation_0,0.0 milligram,0.0 micromole,0 microliter,C7H6O2,,,,,,,,,,,,,6/9/2023 2:55:30 AM,004_rln-nb-2443_011_c24.raw,2min_150_1200.EXP,004_RLN-NB-2443_011_C24,004_RLN-NB-2443_011,Rxn_Opt_HSST3_2_98,Analog,0.2459747019015751,0,1.0889035644920866,4.413262118613164,1.2326,4.426892505912266,0.7343,2.931259091438777,1.326,0,False,439.14197277575,1.25,bis_addition_2,0,0,0,0,0,184.29687724126458,17.9419350221597,4.426892505912266,195,0.7343,30.40896957623623,4.413262118613163,1.0889035644920866,234,1.2326,0,0,0,0,0,0,0,0,0,0,0,0,0,0,0,0,0,0,0,0,104.19278926618804,11.88022073756487,2.931259091438777,267.8,1.326,0,0,0,0,0,0,0,0,0,0,0,0,0,0,0,0,0,0,0,0,0,0,0,0,0,0,0,0,0,0,0,0,0,0,0,0,0,0,0,0,0,0,0,0,0,0,0,0,0,0,30.40896957623623,4.413262118613163,1.0889035644920866,234.0,1.2326,0.0,0.0,0.0,0.0,0.0,0.0,0.0,0.0,0.0,0.0,0.0,0.0,0.0,0.0,9.838988076063005e-05,24.597470190157512,9.838988076063005e-05,24.597470190157512,0.0,0.0,0.0,0.0,0.0,0.0,0.0,0.0,0.00026485929690174136,66.21482422543534,0.0,0.0,0.0,0.0,0.0,0.0,0.0,0.0,0.0,0.0,0.0,0.0,0.0,0.0,0.0,0.0,0.0,0.0,0.0,0.0,0.0,0.0
72,D1,CC(C)C1=CC(C(C)C)=CC(C(C)C)=C1C2=C([P+](C3CCCCC3)([Pd-2]4(OS(C)(=O)=O)C(C=CC=C5)=C5C6=C([NH+]4C)C=CC=C6)C7CCCCC7)C=CC=C2,XPhos Pd G4,0.06883952 milligram,0.08000000000000002 micromole,0.06883952000000002 microliter,C47H64NO3PPdS,COC1=C(N)C(Cl)=NC=N1,4-chloro-6-methoxypyrimidin-5-amine,0.06383040000000001 milligram,0.4 micromole,0.06383040000000002 microliter,C5H6ClN3O,B1(OC(C(O1)(C)C)(C)C)C2=CN(N=C2C)C,"1,3-dimethyl-4-(4,4,5,5-tetramethyl-1,3,2-dioxaborolan-2-yl)-1H-pyrazole",0.10660655999999999 milligram,0.48000000000000004 micromole,0.10660656000000002 microliter,C11H19BN2O2,[Na+].[Na+].[O-]C([O-])=O,Na2CO3,0.31796399999999997 milligram,3.0 micromole,0.317964 microliter,CNa2O3,CN1C=NC2=C1C(=O)N(C(=O)N2C)C,caffeine,0.0776764 milligram,0.4 micromole,0.07767640000000002 microliter,C8H10N4O2,C1COCCO1,dioxane,16.2225 milligram,184.12480421310696 micromole,15.75 microliter,C4H8O2,O,water,1.75 milligram,97.1412711629198 micromole,1.75 microliter,H2O,COc1ncnc(-c2cn(C)nc2C)c1N,suzuki_product_0,0.0 milligram,0.0 micromole,0 microliter,C10H13N5O,COc1ncncc1N,dehalogenation_0,0.0 milligram,0.0 micromole,0 microliter,C5H7N3O,Cc1ccn(C)n1,deborylation_0,0.0 milligram,0.0 micromole,0 microliter,C5H8N2,COC1=C(N)C(Cl)=NC=N1.B1(OC(C(O1)(C)C)(C)C)C2=CN(N=C2C)C>>COc1ncnc(-c2cn(C)nc2C)c1N.COc1ncncc1N.Cc1ccn(C)n1,004_RLN-NB-2443_011_D1,,,,,,,,,,,,,,,,,,,,,6/9/2023 2:57:57 AM,004_rln-nb-2443_011_d1.raw,2min_150_1200.EXP,004_RLN-NB-2443_011_D1,004_RLN-NB-2443_011_D1_004_RLN-NB-2443_011_D1_00,Rxn_Opt_HSST3_2_98,Analog,0.23451428492183093,0,1.2491710891826122,4.990679829242758,0.6743,5.326631124406728,0.736,0,0,0,False,96.06874826542,1.25,deborylation_0,0,0,0,0,0,204.4117076777388,21.28092039641111,5.326631124406728,194.9,0.736,0,0,0,0,0,0,0,0,0,0,0,0,0,0,0,0,0,0,0,0,0,0,0,0,0,0,0,0,0,0,0,0,0,0,0,0,0,0,0,0,0,0,0,0,0,0,0,0,0,0,0,0,0,0,0,0,0,0,0,0,0,0,0,0,0,0,0,0,0,0,0,0,0,0,0,0,0,0,0,0,42.701496584430096,4.990679829242758,1.2491710891826122,220.0,0.6743,0.0,0.0,0.0,0.0,0.0,0.0,0.0,0.0,0.0,0.0,0.0,0.0,0.0,0.0,9.380571396873238e-05,23.451428492183094,0.0,0.0,0.0,0.0,0.0,0.0,0.0,0.0,0.0,0.0,0.0,0.0,0.0,0.0,0.0,0.0,0.0,0.0,0.0,0.0,0.0,0.0,0.0,0.0,0.0,0.0,0.0,0.0,0.0,0.0,0.0,0.0,0.0,0.0
73,D2,CC(C)C1=CC(C(C)C)=CC(C(C)C)=C1C2=C([P+](C3CCCCC3)([Pd-2]4(OS(C)(=O)=O)C(C=CC=C5)=C5C6=C([NH+]4C)C=CC=C6)C7CCCCC7)C=CC=C2,XPhos Pd G4,0.06883952 milligram,0.08000000000000002 micromole,0.06883952000000002 microliter,C47H64NO3PPdS,COC1=C(N)C(Cl)=NC=N1,4-chloro-6-methoxypyrimidin-5-amine,0.06383040000000001 milligram,0.4 micromole,0.06383040000000002 microliter,C5H6ClN3O,B1(OC(C(O1)(C)C)(C)C)C2=CN=C(C=C2)C,"2-methyl-5-(4,4,5,5-tetramethyl-1,3,2-dioxaborolan-2-yl)pyridine",0.10516464 milligram,0.48000000000000004 micromole,0.10516464000000003 microliter,C12H18BNO2,[Na+].[Na+].[O-]C([O-])=O,Na2CO3,0.31796399999999997 milligram,3.0 micromole,0.317964 microliter,CNa2O3,CN1C=NC2=C1C(=O)N(C(=O)N2C)C,caffeine,0.0776764 milligram,0.4 micromole,0.07767640000000002 microliter,C8H10N4O2,C1COCCO1,dioxane,16.2225 milligram,184.12480421310696 micromole,15.75 microliter,C4H8O2,O,water,1.75 milligram,97.1412711629198 micromole,1.75 microliter,H2O,COc1ncnc(-c2ccc(C)nc2)c1N,suzuki_product_0,0.0 milligram,0.0 micromole,0 microliter,C11H12N4O,COc1ncncc1N,dehalogenation_0,0.0 milligram,0.0 micromole,0 microliter,C5H7N3O,Cc1ccccn1,deborylation_0,0.0 milligram,0.0 micromole,0 microliter,C6H7N,COC1=C(N)C(Cl)=NC=N1.B1(OC(C(O1)(C)C)(C)C)C2=CN=C(C=C2)C>>COc1ncnc(-c2ccc(C)nc2)c1N.COc1ncncc1N.Cc1ccccn1,004_RLN-NB-2443_011_D2,,,,,,,,,,,,,,,,,,,,,6/9/2023 3:00:25 AM,004_rln-nb-2443_011_d2.raw,2min_150_1200.EXP,004_RLN-NB-2443_011_D2,004_RLN-NB-2443_011_D2_004_RLN-NB-2443_011_D2_004_,Rxn_Opt_HSST3_2_98,Analog,0.07413160032179308,0,0.39736481334028767,1.7186251159026271,0.6526,5.360262177200982,0.7343,0,0,0,False,93.05784922892,1.25,deborylation_0,0,0,0,0,0,186.67787478297265,23.183434708577153,5.360262177200982,195,0.7343,0,0,0,0,0,0,0,0,0,0,0,0,0,0,0,0,0,0,0,0,0,0,0,0,0,0,0,0,0,0,0,0,0,0,0,0,0,0,0,0,0,0,0,0,0,0,0,0,0,0,0,0,0,0,0,0,0,0,0,0,0,0,0,0,0,0,0,0,0,0,0,0,0,0,0,0,0,0,0,0,17.27076913949812,1.7186251159026271,0.39736481334028767,216.9,0.6526,0.0,0.0,0.0,0.0,0.0,0.0,0.0,0.0,0.0,0.0,0.0,0.0,0.0,0.0,2.9652640128717235e-05,7.4131600321793085,0.0,0.0,0.0,0.0,0.0,0.0,0.0,0.0,0.0,0.0,0.0,0.0,0.0,0.0,0.0,0.0,0.0,0.0,0.0,0.0,0.0,0.0,0.0,0.0,0.0,0.0,0.0,0.0,0.0,0.0,0.0,0.0,0.0,0.0
74,D3,CC(C)C1=CC(C(C)C)=CC(C(C)C)=C1C2=C([P+](C3CCCCC3)([Pd-2]4(OS(C)(=O)=O)C(C=CC=C5)=C5C6=C([NH+]4C)C=CC=C6)C7CCCCC7)C=CC=C2,XPhos Pd G4,0.06883952 milligram,0.08000000000000002 micromole,0.06883952000000002 microliter,C47H64NO3PPdS,COC1=C(N)C(Cl)=NC=N1,4-chloro-6-methoxypyrimidin-5-amine,0.06383040000000001 milligram,0.4 micromole,0.06383040000000002 microliter,C5H6ClN3O,CC1(C)OB(C2=CN(C)N=C2)OC1(C)C,"1-methyl-4-(tetramethyl-1,3,2-dioxaborolan-2-yl)-1H-pyrazole",0.09987359999999999 milligram,0.48000000000000004 micromole,0.09987360000000002 microliter,C10H17BN2O2,[Na+].[Na+].[O-]C([O-])=O,Na2CO3,0.31796399999999997 milligram,3.0 micromole,0.317964 microliter,CNa2O3,CN1C=NC2=C1C(=O)N(C(=O)N2C)C,caffeine,0.0776764 milligram,0.4 micromole,0.07767640000000002 microliter,C8H10N4O2,C1COCCO1,dioxane,16.2225 milligram,184.12480421310696 micromole,15.75 microliter,C4H8O2,O,water,1.75 milligram,97.1412711629198 micromole,1.75 microliter,H2O,COc1ncnc(-c2cnn(C)c2)c1N,suzuki_product_0,0.0 milligram,0.0 micromole,0 microliter,C9H11N5O,COc1ncncc1N,dehalogenation_0,0.0 milligram,0.0 micromole,0 microliter,C5H7N3O,Cn1cccn1,deborylation_0,0.0 milligram,0.0 micromole,0 microliter,C4H6N2,COC1=C(N)C(Cl)=NC=N1.CC1(C)OB(C2=CN(C)N=C2)OC1(C)C>>COc1ncnc(-c2cnn(C)c2)c1N.COc1ncncc1N.Cn1cccn1,004_RLN-NB-2443_011_D3,,,,,,,,,,,,,,,,,,,,,6/9/2023 3:02:51 AM,004_rln-nb-2443_011_d3.raw,2min_150_1200.EXP,004_RLN-NB-2443_011_D3,004_RLN-NB-2443_011_D3_004_RLN-NB-2443_011_D3_004,Rxn_Opt_HSST3_2_98,Analog,0.24535023344500884,0,1.0845711990611908,4.237479622336227,0.6893,4.420502005775671,0.7343,0,0,0,False,82.05309820128,1.25,deborylation_0,0,0,0,0,0,177.73823585085756,17.27114567138159,4.420502005775671,195,0.7343,0,0,0,0,0,0,0,0,0,0,0,0,0,0,0,0,0,0,0,0,0,0,0,0,0,0,0,0,0,0,0,0,0,0,0,0,0,0,0,0,0,0,0,0,0,0,0,0,0,0,0,0,0,0,0,0,0,0,0,0,0,0,0,0,0,0,0,0,0,0,0,0,0,0,0,0,0,0,0,0,51.67313463011653,4.237479622336227,1.0845711990611908,206.0,0.6893,0.0,0.0,0.0,0.0,0.0,0.0,0.0,0.0,0.0,0.0,0.0,0.0,0.0,0.0,9.814009337800354e-05,24.535023344500885,0.0,0.0,0.0,0.0,0.0,0.0,0.0,0.0,0.0,0.0,0.0,0.0,0.0,0.0,0.0,0.0,0.0,0.0,0.0,0.0,0.0,0.0,0.0,0.0,0.0,0.0,0.0,0.0,0.0,0.0,0.0,0.0,0.0,0.0
75,D4,CC(C)C1=CC(C(C)C)=CC(C(C)C)=C1C2=C([P+](C3CCCCC3)([Pd-2]4(OS(C)(=O)=O)C(C=CC=C5)=C5C6=C([NH+]4C)C=CC=C6)C7CCCCC7)C=CC=C2,XPhos Pd G4,0.06883952 milligram,0.08000000000000002 micromole,0.06883952000000002 microliter,C47H64NO3PPdS,COC1=C(N)C(Cl)=NC=N1,4-chloro-6-methoxypyrimidin-5-amine,0.06383040000000001 milligram,0.4 micromole,0.06383040000000002 microliter,C5H6ClN3O,CC1(C)OB(C2=CC3=C(NC=C3)C=C2)OC1(C)C,"5-(tetramethyl-1,3,2-dioxaborolan-2-yl)-1H-indole",0.11669520000000001 milligram,0.48000000000000004 micromole,0.11669520000000004 microliter,C14H18BNO2,[Na+].[Na+].[O-]C([O-])=O,Na2CO3,0.31796399999999997 milligram,3.0 micromole,0.317964 microliter,CNa2O3,CN1C=NC2=C1C(=O)N(C(=O)N2C)C,caffeine,0.0776764 milligram,0.4 micromole,0.07767640000000002 microliter,C8H10N4O2,C1COCCO1,dioxane,16.2225 milligram,184.12480421310696 micromole,15.75 microliter,C4H8O2,O,water,1.75 milligram,97.1412711629198 micromole,1.75 microliter,H2O,COc1ncnc(-c2ccc3[nH]ccc3c2)c1N,suzuki_product_0,0.0 milligram,0.0 micromole,0 microliter,C13H12N4O,COc1ncncc1N,dehalogenation_0,0.0 milligram,0.0 micromole,0 microliter,C5H7N3O,c1ccc2[nH]ccc2c1,deborylation_0,0.0 milligram,0.0 micromole,0 microliter,C8H7N,COC1=C(N)C(Cl)=NC=N1.CC1(C)OB(C2=CC3=C(NC=C3)C=C2)OC1(C)C>>COc1ncnc(-c2ccc3[nH]ccc3c2)c1N.COc1ncncc1N.c1ccc2[nH]ccc2c1,004_RLN-NB-2443_011_D4,,,,,,,,,,,,,,,,,,,,,6/9/2023 3:05:19 AM,004_rln-nb-2443_011_d4.raw,2min_150_1200.EXP,004_RLN-NB-2443_011_D4,004_RLN-NB-2443_011_D4_004_RLN-NB-2443_011_D4_004_,Rxn_Opt_HSST3_2_98,Analog,1.4485635010287599,0,6.688394185477583,16.099206910918145,0.7793,4.6172599135126156,0.736,0,0,0,False,117.05784922892,1.25,deborylation_0,0,0,0,0,0,201.65795753661183,11.113911747386018,4.6172599135126156,195,0.736,0,0,0,0,0,0,0,0,0,0,247.34364957989467,13.443821706347276,5.585217919669706,244,1.2743,0,0,0,0,0,0,0,0,0,0,0,0,0,0,0,0,0,0,0,0,0,0,0,0,0,0,0,0,0,0,0,0,0,0,0,0,0,0,0,0,0,0,0,0,0,0,0,0,0,0,0,0,0,0,0,0,0,0,0,0,0,0,0,0,0,197.6494957609952,16.099206910918152,6.688394185477583,240.9,0.7793,0.0,0.0,0.0,0.0,0.0,0.0,0.0,0.0,0.0,0.0,0.0,0.0,0.0,0.0,0.0005794254004115039,144.85635010287595,0.0,0.0,0.0,0.0,0.00048385562210386457,120.96390552596614,0.0,0.0,0.0,0.0,0.0,0.0,0.0,0.0,0.0,0.0,0.0,0.0,0.0,0.0,0.0,0.0,0.0,0.0,0.0,0.0,0.0,0.0,0.0,0.0,0.0,0.0,0.0,0.0
76,D5,CC(C)C1=CC(C(C)C)=CC(C(C)C)=C1C2=C([P+](C3CCCCC3)([Pd-2]4(OS(C)(=O)=O)C(C=CC=C5)=C5C6=C([NH+]4C)C=CC=C6)C7CCCCC7)C=CC=C2,XPhos Pd G4,0.06883952 milligram,0.08000000000000002 micromole,0.06883952000000002 microliter,C47H64NO3PPdS,COC1=C(N)C(Cl)=NC=N1,4-chloro-6-methoxypyrimidin-5-amine,0.06383040000000001 milligram,0.4 micromole,0.06383040000000002 microliter,C5H6ClN3O,O=[N+](C1=CC=CC=C1B2OC(C)(C)C(C)(C)O2)[O-],"4,4,5,5-tetramethyl-2-(2-nitrophenyl)-1,3,2-dioxaborolane",0.11955599999999997 milligram,0.48000000000000004 micromole,0.119556 microliter,C12H16BNO4,[Na+].[Na+].[O-]C([O-])=O,Na2CO3,0.31796399999999997 milligram,3.0 micromole,0.317964 microliter,CNa2O3,CN1C=NC2=C1C(=O)N(C(=O)N2C)C,caffeine,0.0776764 milligram,0.4 micromole,0.07767640000000002 microliter,C8H10N4O2,C1COCCO1,dioxane,16.2225 milligram,184.12480421310696 micromole,15.75 microliter,C4H8O2,O,water,1.75 milligram,97.1412711629198 micromole,1.75 microliter,H2O,COc1ncnc(-c2ccccc2[N+](=O)[O-])c1N,suzuki_product_0,0.0 milligram,0.0 micromole,0 microliter,C11H10N4O3,COc1ncncc1N,dehalogenation_0,0.0 milligram,0.0 micromole,0 microliter,C5H7N3O,O=[N+]([O-])c1ccccc1,deborylation_0,0.0 milligram,0.0 micromole,0 microliter,C6H5NO2,COC1=C(N)C(Cl)=NC=N1.O=[N+](C1=CC=CC=C1B2OC(C)(C)C(C)(C)O2)[O-]>>COc1ncnc(-c2ccccc2[N+](=O)[O-])c1N.COc1ncncc1N.O=[N+]([O-])c1ccccc1,004_RLN-NB-2443_011_D5,,,,,,,,,,,,,,,,,,,,,6/9/2023 3:07:45 AM,004_rln-nb-2443_011_d5.raw,2min_150_1200.EXP,004_RLN-NB-2443_011_D5,004_RLN-NB-2443_011_D5_004_RLN-NB-2443_011_D5_0,Rxn_Opt_HSST3_2_98,Analog,0.48464277885648793,0,2.6560136920636648,8.946760626422485,0.9143,5.480353381784652,0.7343,0,0,0,False,123.03202840392001,1.25,deborylation_0,0,0,0,0,0,214.1920984906115,18.460526013680262,5.480353381784652,194.9,0.7343,0,0,0,0,0,0,0,0,0,0,0,0,0,0,0,0,0,0,0,0,0,0,0,0,0,0,0,0,0,0,0,0,0,0,0,0,0,0,0,0,0,0,0,0,0,0,0,0,0,0,0,0,0,0,0,0,0,0,0,0,0,0,0,0,0,0,0,0,0,0,0,0,0,0,0,0,0,0,0,0,101.51672757186074,8.946760626422485,2.6560136920636648,246.9,0.9143,0.0,0.0,0.0,0.0,0.0,0.0,0.0,0.0,0.0,0.0,0.0,0.0,0.0,0.0,0.00019385711154259517,48.46427788564879,0.0,0.0,0.0,0.0,0.0,0.0,0.0,0.0,0.0,0.0,0.0,0.0,0.0,0.0,0.0,0.0,0.0,0.0,0.0,0.0,0.0,0.0,0.0,0.0,0.0,0.0,0.0,0.0,0.0,0.0,0.0,0.0,0.0,0.0
77,D6,CC(C)C1=CC(C(C)C)=CC(C(C)C)=C1C2=C([P+](C3CCCCC3)([Pd-2]4(OS(C)(=O)=O)C(C=CC=C5)=C5C6=C([NH+]4C)C=CC=C6)C7CCCCC7)C=CC=C2,XPhos Pd G4,0.06883952 milligram,0.08000000000000002 micromole,0.06883952000000002 microliter,C47H64NO3PPdS,COC1=C(N)C(Cl)=NC=N1,4-chloro-6-methoxypyrimidin-5-amine,0.06383040000000001 milligram,0.4 micromole,0.06383040000000002 microliter,C5H6ClN3O,O=C(O)C1=CC=CC(B2OC(C)(C)C(C)(C)O2)=C1,"3-(tetramethyl-1,3,2-dioxaborolan-2-yl)benzoic acid",0.11908175999999998 milligram,0.48000000000000004 micromole,0.11908176000000001 microliter,C13H17BO4,[Na+].[Na+].[O-]C([O-])=O,Na2CO3,0.31796399999999997 milligram,3.0 micromole,0.317964 microliter,CNa2O3,CN1C=NC2=C1C(=O)N(C(=O)N2C)C,caffeine,0.0776764 milligram,0.4 micromole,0.07767640000000002 microliter,C8H10N4O2,C1COCCO1,dioxane,16.2225 milligram,184.12480421310696 micromole,15.75 microliter,C4H8O2,O,water,1.75 milligram,97.1412711629198 micromole,1.75 microliter,H2O,COc1ncnc(-c2cccc(C(=O)O)c2)c1N,suzuki_product_0,0.0 milligram,0.0 micromole,0 microliter,C12H11N3O3,COc1ncncc1N,dehalogenation_0,0.0 milligram,0.0 micromole,0 microliter,C5H7N3O,O=C(O)c1ccccc1,deborylation_0,0.0 milligram,0.0 micromole,0 microliter,C7H6O2,COC1=C(N)C(Cl)=NC=N1.O=C(O)C1=CC=CC(B2OC(C)(C)C(C)(C)O2)=C1>>COc1ncnc(-c2cccc(C(=O)O)c2)c1N.COc1ncncc1N.O=C(O)c1ccccc1,004_RLN-NB-2443_011_D6,,,,,,,,,,,,,,,,,,,,,6/9/2023 3:10:13 AM,004_rln-nb-2443_011_d6.raw,2min_150_1200.EXP,004_RLN-NB-2443_011_D6,004_RLN-NB-2443_011_D6_004_RLN-NB-2443_011_D6_004,Rxn_Opt_HSST3_2_98,Analog,0.24967045012405253,0,1.1730579675787671,4.281849010439794,0.7926,4.698425332256643,0.7343,1.1730579675787671,0.7926,0,False,122.03677943156,1.25,deborylation_0,0,0,0,0,0,200.60358986523562,17.150003167424472,4.698425332256643,194.9,0.7343,0,0,0,0,0,0,0,0,0,0,0,0,0,0,0,0,0,0,0,0,0,0,0,0,0,0,0,0,0,0,0,0,0,0,0,0,0,0,0,0,49.461891805887966,4.281849010439794,1.1730579675787671,159.8,0.7926,0,0,0,0,0,0,0,0,0,0,0,0,0,0,0,0,0,0,0,0,0,0,0,0,0,0,0,0,0,0,0,0,0,0,0,49.461891805887966,4.281849010439794,1.1730579675787671,159.8,0.7926,0.0,0.0,0.0,0.0,0.0,0.0,0.0,0.0,0.0,0.0,0.0,0.0,0.0,0.0,9.986818004962102e-05,24.967045012405254,0.0,0.0,0.0,0.0,0.0,0.0,0.0,0.0,0.0,0.0,0.0,0.0,0.0,0.0,9.986818004962102e-05,24.967045012405254,0.0,0.0,0.0,0.0,0.0,0.0,0.0,0.0,0.0,0.0,0.0,0.0,0.0,0.0,0.0,0.0,0.0,0.0
78,D7,NC1=C(C=CC=C1)C2=C([Pd]OS(C)(=O)=O)C=CC=C2.CN(C)C3=CC=C(C=C3)P(C(C)(C)C)C(C)(C)C,APhos Pd G3,0.050809520000000004 milligram,0.08000000000000002 micromole,0.05080952000000002 microliter,C29H41N2O3PPdS,COC1=C(N)C(Cl)=NC=N1,4-chloro-6-methoxypyrimidin-5-amine,0.06383040000000001 milligram,0.4 micromole,0.06383040000000002 microliter,C5H6ClN3O,B1(OC(C(O1)(C)C)(C)C)C2=CN(N=C2C)C,"1,3-dimethyl-4-(4,4,5,5-tetramethyl-1,3,2-dioxaborolan-2-yl)-1H-pyrazole",0.10660655999999999 milligram,0.48000000000000004 micromole,0.10660656000000002 microliter,C11H19BN2O2,[Na+].[Na+].[O-]C([O-])=O,Na2CO3,0.31796399999999997 milligram,3.0 micromole,0.317964 microliter,CNa2O3,CN1C=NC2=C1C(=O)N(C(=O)N2C)C,caffeine,0.0776764 milligram,0.4 micromole,0.07767640000000002 microliter,C8H10N4O2,C1COCCO1,dioxane,16.2225 milligram,184.12480421310696 micromole,15.75 microliter,C4H8O2,O,water,1.75 milligram,97.1412711629198 micromole,1.75 microliter,H2O,COc1ncnc(-c2cn(C)nc2C)c1N,suzuki_product_0,0.0 milligram,0.0 micromole,0 microliter,C10H13N5O,COc1ncncc1N,dehalogenation_0,0.0 milligram,0.0 micromole,0 microliter,C5H7N3O,Cc1ccn(C)n1,deborylation_0,0.0 milligram,0.0 micromole,0 microliter,C5H8N2,COC1=C(N)C(Cl)=NC=N1.B1(OC(C(O1)(C)C)(C)C)C2=CN(N=C2C)C>>COc1ncnc(-c2cn(C)nc2C)c1N.COc1ncncc1N.Cc1ccn(C)n1,004_RLN-NB-2443_011_D7,,,,,,,,,,,,,,,,,,,,,6/9/2023 3:12:40 AM,004_rln-nb-2443_011_d7.raw,2min_150_1200.EXP,004_RLN-NB-2443_011_D7,004_RLN-NB-2443_011_D7_004_RLN-NB-2443_011_D7_0,Rxn_Opt_HSST3_2_98,Analog,0,0,0,0,0,4.631295285125808,0.736,0,0,0,False,96.06874826542,1.25,deborylation_0,0,0,0,0,0,178.6378893064192,32.331880655715196,4.631295285125808,194.9,0.736,0,0,0,0,0,0,0,0,0,0,0,0,0,0,0,0,0,0,0,0,0,0,0,0,0,0,0,0,0,0,0,0,0,0,0,0,0,0,0,0,0,0,0,0,0,0,0,0,0,0,0,0,0,0,0,0,0,0,0,0,0,0,0,0,0,0,0,0,0,0,0,0,0,0,0,0,0,0,0,0,0.0,0.0,0.0,0.0,0.0,0.0,0.0,0.0,0.0,0.0,0.0,0.0,0.0,0.0,0.0,0.0,0.0,0.0,0.0,0.0,0.0,0.0,0.0,0.0,0.0,0.0,0.0,0.0,0.0,0.0,0.0,0.0,0.0,0.0,0.0,0.0,0.0,0.0,0.0,0.0,0.0,0.0,0.0,0.0,0.0,0.0,0.0,0.0,0.0,0.0,0.0,0.0,0.0,0.0,0.0
79,D8,NC1=C(C=CC=C1)C2=C([Pd]OS(C)(=O)=O)C=CC=C2.CN(C)C3=CC=C(C=C3)P(C(C)(C)C)C(C)(C)C,APhos Pd G3,0.050809520000000004 milligram,0.08000000000000002 micromole,0.05080952000000002 microliter,C29H41N2O3PPdS,COC1=C(N)C(Cl)=NC=N1,4-chloro-6-methoxypyrimidin-5-amine,0.06383040000000001 milligram,0.4 micromole,0.06383040000000002 microliter,C5H6ClN3O,B1(OC(C(O1)(C)C)(C)C)C2=CN=C(C=C2)C,"2-methyl-5-(4,4,5,5-tetramethyl-1,3,2-dioxaborolan-2-yl)pyridine",0.10516464 milligram,0.48000000000000004 micromole,0.10516464000000003 microliter,C12H18BNO2,[Na+].[Na+].[O-]C([O-])=O,Na2CO3,0.31796399999999997 milligram,3.0 micromole,0.317964 microliter,CNa2O3,CN1C=NC2=C1C(=O)N(C(=O)N2C)C,caffeine,0.0776764 milligram,0.4 micromole,0.07767640000000002 microliter,C8H10N4O2,C1COCCO1,dioxane,16.2225 milligram,184.12480421310696 micromole,15.75 microliter,C4H8O2,O,water,1.75 milligram,97.1412711629198 micromole,1.75 microliter,H2O,COc1ncnc(-c2ccc(C)nc2)c1N,suzuki_product_0,0.0 milligram,0.0 micromole,0 microliter,C11H12N4O,COc1ncncc1N,dehalogenation_0,0.0 milligram,0.0 micromole,0 microliter,C5H7N3O,Cc1ccccn1,deborylation_0,0.0 milligram,0.0 micromole,0 microliter,C6H7N,COC1=C(N)C(Cl)=NC=N1.B1(OC(C(O1)(C)C)(C)C)C2=CN=C(C=C2)C>>COc1ncnc(-c2ccc(C)nc2)c1N.COc1ncncc1N.Cc1ccccn1,004_RLN-NB-2443_011_D8,,,,,,,,,,,,,,,,,,,,,6/9/2023 3:15:07 AM,004_rln-nb-2443_011_d8.raw,2min_150_1200.EXP,004_RLN-NB-2443_011_D8,004_RLN-NB-2443_011_D8_004_RLN-NB-2443_011_D8_004,Rxn_Opt_HSST3_2_98,Analog,0,0,0,0,0,4.894453496651028,0.7343,0,0,0,False,93.05784922892,1.25,deborylation_0,0,0,0,0,0,176.08789732632314,43.83070550746957,4.894453496651028,195,0.7343,0,0,0,0,0,0,0,0,0,0,0,0,0,0,0,0,0,0,0,0,0,0,0,0,0,0,0,0,0,0,0,0,0,0,0,0,0,0,0,0,0,0,0,0,0,0,0,0,0,0,0,0,0,0,0,0,0,0,0,0,0,0,0,0,0,0,0,0,0,0,0,0,0,0,0,0,0,0,0,0,0.0,0.0,0.0,0.0,0.0,0.0,0.0,0.0,0.0,0.0,0.0,0.0,0.0,0.0,0.0,0.0,0.0,0.0,0.0,0.0,0.0,0.0,0.0,0.0,0.0,0.0,0.0,0.0,0.0,0.0,0.0,0.0,0.0,0.0,0.0,0.0,0.0,0.0,0.0,0.0,0.0,0.0,0.0,0.0,0.0,0.0,0.0,0.0,0.0,0.0,0.0,0.0,0.0,0.0,0.0
80,D9,NC1=C(C=CC=C1)C2=C([Pd]OS(C)(=O)=O)C=CC=C2.CN(C)C3=CC=C(C=C3)P(C(C)(C)C)C(C)(C)C,APhos Pd G3,0.050809520000000004 milligram,0.08000000000000002 micromole,0.05080952000000002 microliter,C29H41N2O3PPdS,COC1=C(N)C(Cl)=NC=N1,4-chloro-6-methoxypyrimidin-5-amine,0.06383040000000001 milligram,0.4 micromole,0.06383040000000002 microliter,C5H6ClN3O,CC1(C)OB(C2=CN(C)N=C2)OC1(C)C,"1-methyl-4-(tetramethyl-1,3,2-dioxaborolan-2-yl)-1H-pyrazole",0.09987359999999999 milligram,0.48000000000000004 micromole,0.09987360000000002 microliter,C10H17BN2O2,[Na+].[Na+].[O-]C([O-])=O,Na2CO3,0.31796399999999997 milligram,3.0 micromole,0.317964 microliter,CNa2O3,CN1C=NC2=C1C(=O)N(C(=O)N2C)C,caffeine,0.0776764 milligram,0.4 micromole,0.07767640000000002 microliter,C8H10N4O2,C1COCCO1,dioxane,16.2225 milligram,184.12480421310696 micromole,15.75 microliter,C4H8O2,O,water,1.75 milligram,97.1412711629198 micromole,1.75 microliter,H2O,COc1ncnc(-c2cnn(C)c2)c1N,suzuki_product_0,0.0 milligram,0.0 micromole,0 microliter,C9H11N5O,COc1ncncc1N,dehalogenation_0,0.0 milligram,0.0 micromole,0 microliter,C5H7N3O,Cn1cccn1,deborylation_0,0.0 milligram,0.0 micromole,0 microliter,C4H6N2,COC1=C(N)C(Cl)=NC=N1.CC1(C)OB(C2=CN(C)N=C2)OC1(C)C>>COc1ncnc(-c2cnn(C)c2)c1N.COc1ncncc1N.Cn1cccn1,004_RLN-NB-2443_011_D9,,,,,,,,,,,,,,,,,,,,,6/9/2023 3:17:35 AM,004_rln-nb-2443_011_d9.raw,2min_150_1200.EXP,004_RLN-NB-2443_011_D9,004_RLN-NB-2443_011_D9_004_RLN-NB-2443_011_D9_00,Rxn_Opt_HSST3_2_98,Analog,0,0,0,0,0,5.313492429868637,0.736,0,0,0,False,82.05309820128,1.25,deborylation_0,0,0,0,0,0,197.5787096165233,37.186865536382044,5.313492429868637,194.9,0.736,0,0,0,0,0,0,0,0,0,0,0,0,0,0,0,0,0,0,0,0,0,0,0,0,0,0,0,0,0,0,0,0,0,0,0,0,0,0,0,0,0,0,0,0,0,0,0,0,0,0,0,0,0,0,0,0,0,0,0,0,0,0,0,0,0,0,0,0,0,0,0,0,0,0,0,0,0,0,0,0,0.0,0.0,0.0,0.0,0.0,0.0,0.0,0.0,0.0,0.0,0.0,0.0,0.0,0.0,0.0,0.0,0.0,0.0,0.0,0.0,0.0,0.0,0.0,0.0,0.0,0.0,0.0,0.0,0.0,0.0,0.0,0.0,0.0,0.0,0.0,0.0,0.0,0.0,0.0,0.0,0.0,0.0,0.0,0.0,0.0,0.0,0.0,0.0,0.0,0.0,0.0,0.0,0.0,0.0,0.0
81,D10,NC1=C(C=CC=C1)C2=C([Pd]OS(C)(=O)=O)C=CC=C2.CN(C)C3=CC=C(C=C3)P(C(C)(C)C)C(C)(C)C,APhos Pd G3,0.050809520000000004 milligram,0.08000000000000002 micromole,0.05080952000000002 microliter,C29H41N2O3PPdS,COC1=C(N)C(Cl)=NC=N1,4-chloro-6-methoxypyrimidin-5-amine,0.06383040000000001 milligram,0.4 micromole,0.06383040000000002 microliter,C5H6ClN3O,CC1(C)OB(C2=CC3=C(NC=C3)C=C2)OC1(C)C,"5-(tetramethyl-1,3,2-dioxaborolan-2-yl)-1H-indole",0.11669520000000001 milligram,0.48000000000000004 micromole,0.11669520000000004 microliter,C14H18BNO2,[Na+].[Na+].[O-]C([O-])=O,Na2CO3,0.31796399999999997 milligram,3.0 micromole,0.317964 microliter,CNa2O3,CN1C=NC2=C1C(=O)N(C(=O)N2C)C,caffeine,0.0776764 milligram,0.4 micromole,0.07767640000000002 microliter,C8H10N4O2,C1COCCO1,dioxane,16.2225 milligram,184.12480421310696 micromole,15.75 microliter,C4H8O2,O,water,1.75 milligram,97.1412711629198 micromole,1.75 microliter,H2O,COc1ncnc(-c2ccc3[nH]ccc3c2)c1N,suzuki_product_0,0.0 milligram,0.0 micromole,0 microliter,C13H12N4O,COc1ncncc1N,dehalogenation_0,0.0 milligram,0.0 micromole,0 microliter,C5H7N3O,c1ccc2[nH]ccc2c1,deborylation_0,0.0 milligram,0.0 micromole,0 microliter,C8H7N,COC1=C(N)C(Cl)=NC=N1.CC1(C)OB(C2=CC3=C(NC=C3)C=C2)OC1(C)C>>COc1ncnc(-c2ccc3[nH]ccc3c2)c1N.COc1ncncc1N.c1ccc2[nH]ccc2c1,004_RLN-NB-2443_011_D10,,,,,,,,,,,,,,,,,,,,,6/9/2023 3:20:03 AM,004_rln-nb-2443_011_d10.raw,2min_150_1200.EXP,004_RLN-NB-2443_011_D10,004_RLN-NB-2443_011_D10_004_RLN-NB-2443_011_D10_0,Rxn_Opt_HSST3_2_98,Analog,0.14003579223187523,0,0.7349584635036963,3.893588329888399,0.7843,5.248361520936956,0.736,0.4330375056147331,0.816,0,False,117.05784922892,1.25,deborylation_0,0,0,0,0,0,213.41419053421504,27.80423681569413,5.248361520936956,195,0.736,0,0,0,0,0,0,0,0,0,0,0,0,0,0,0,0,0,0,0,0,0,0,0,0,0,0,0,0,0,0,0,0,0,0,0,0,0,0,0,0,18.7362389627988,2.2941021322860475,0.4330375056147331,159.9,0.816,0,0,0,0,0,0,0,0,0,0,0,0,0,0,0,0,0,0,0,0,0,0,0,0,0,0,0,0,0,0,0,0,0,0,0,29.561155754585258,3.8935883298884,0.7349584635036963,195.0,0.7843,0.0,0.0,0.0,0.0,0.0,0.0,0.0,0.0,0.0,0.0,0.0,0.0,0.0,0.0,5.6014316892750094e-05,14.003579223187524,0.0,0.0,0.0,0.0,0.0,0.0,0.0,0.0,0.0,0.0,0.0,0.0,0.0,0.0,3.300363390648636e-05,8.25090847662159,0.0,0.0,0.0,0.0,0.0,0.0,0.0,0.0,0.0,0.0,0.0,0.0,0.0,0.0,0.0,0.0,0.0,0.0
82,D11,NC1=C(C=CC=C1)C2=C([Pd]OS(C)(=O)=O)C=CC=C2.CN(C)C3=CC=C(C=C3)P(C(C)(C)C)C(C)(C)C,APhos Pd G3,0.050809520000000004 milligram,0.08000000000000002 micromole,0.05080952000000002 microliter,C29H41N2O3PPdS,COC1=C(N)C(Cl)=NC=N1,4-chloro-6-methoxypyrimidin-5-amine,0.06383040000000001 milligram,0.4 micromole,0.06383040000000002 microliter,C5H6ClN3O,O=[N+](C1=CC=CC=C1B2OC(C)(C)C(C)(C)O2)[O-],"4,4,5,5-tetramethyl-2-(2-nitrophenyl)-1,3,2-dioxaborolane",0.11955599999999997 milligram,0.48000000000000004 micromole,0.119556 microliter,C12H16BNO4,[Na+].[Na+].[O-]C([O-])=O,Na2CO3,0.31796399999999997 milligram,3.0 micromole,0.317964 microliter,CNa2O3,CN1C=NC2=C1C(=O)N(C(=O)N2C)C,caffeine,0.0776764 milligram,0.4 micromole,0.07767640000000002 microliter,C8H10N4O2,C1COCCO1,dioxane,16.2225 milligram,184.12480421310696 micromole,15.75 microliter,C4H8O2,O,water,1.75 milligram,97.1412711629198 micromole,1.75 microliter,H2O,COc1ncnc(-c2ccccc2[N+](=O)[O-])c1N,suzuki_product_0,0.0 milligram,0.0 micromole,0 microliter,C11H10N4O3,COc1ncncc1N,dehalogenation_0,0.0 milligram,0.0 micromole,0 microliter,C5H7N3O,O=[N+]([O-])c1ccccc1,deborylation_0,0.0 milligram,0.0 micromole,0 microliter,C6H5NO2,COC1=C(N)C(Cl)=NC=N1.O=[N+](C1=CC=CC=C1B2OC(C)(C)C(C)(C)O2)[O-]>>COc1ncnc(-c2ccccc2[N+](=O)[O-])c1N.COc1ncncc1N.O=[N+]([O-])c1ccccc1,004_RLN-NB-2443_011_D11,,,,,,,,,,,,,,,,,,,,,6/9/2023 3:22:31 AM,004_rln-nb-2443_011_d11.raw,2min_150_1200.EXP,004_RLN-NB-2443_011_D11,004_RLN-NB-2443_011_D11_004_RLN-NB-2443_011_D1,Rxn_Opt_HSST3_2_98,Analog,0.06867976824934664,0,0.38249667694024425,2.57844360991999,0.911,5.569277338728978,0.736,0,0,0,False,123.03202840392001,1.25,deborylation_0,0,0,0,0,0,206.09249769943779,37.54298646668073,5.569277338728978,194.9,0.736,0,0,0,0,0,0,0,0,0,0,0,0,0,0,0,0,0,0,0,0,0,0,0,0,0,0,0,0,0,0,0,0,0,0,0,0,0,0,0,0,0,0,0,0,0,0,0,0,0,0,0,0,0,0,0,0,0,0,0,0,0,0,0,0,0,0,0,0,0,0,0,0,0,0,0,0,0,0,0,0,12.254647644233073,2.57844360991999,0.38249667694024425,314.9,0.911,0.0,0.0,0.0,0.0,0.0,0.0,0.0,0.0,0.0,0.0,0.0,0.0,0.0,0.0,2.7471907299738657e-05,6.867976824934664,0.0,0.0,0.0,0.0,0.0,0.0,0.0,0.0,0.0,0.0,0.0,0.0,0.0,0.0,0.0,0.0,0.0,0.0,0.0,0.0,0.0,0.0,0.0,0.0,0.0,0.0,0.0,0.0,0.0,0.0,0.0,0.0,0.0,0.0
83,D12,NC1=C(C=CC=C1)C2=C([Pd]OS(C)(=O)=O)C=CC=C2.CN(C)C3=CC=C(C=C3)P(C(C)(C)C)C(C)(C)C,APhos Pd G3,0.050809520000000004 milligram,0.08000000000000002 micromole,0.05080952000000002 microliter,C29H41N2O3PPdS,COC1=C(N)C(Cl)=NC=N1,4-chloro-6-methoxypyrimidin-5-amine,0.06383040000000001 milligram,0.4 micromole,0.06383040000000002 microliter,C5H6ClN3O,O=C(O)C1=CC=CC(B2OC(C)(C)C(C)(C)O2)=C1,"3-(tetramethyl-1,3,2-dioxaborolan-2-yl)benzoic acid",0.11908175999999998 milligram,0.48000000000000004 micromole,0.11908176000000001 microliter,C13H17BO4,[Na+].[Na+].[O-]C([O-])=O,Na2CO3,0.31796399999999997 milligram,3.0 micromole,0.317964 microliter,CNa2O3,CN1C=NC2=C1C(=O)N(C(=O)N2C)C,caffeine,0.0776764 milligram,0.4 micromole,0.07767640000000002 microliter,C8H10N4O2,C1COCCO1,dioxane,16.2225 milligram,184.12480421310696 micromole,15.75 microliter,C4H8O2,O,water,1.75 milligram,97.1412711629198 micromole,1.75 microliter,H2O,COc1ncnc(-c2cccc(C(=O)O)c2)c1N,suzuki_product_0,0.0 milligram,0.0 micromole,0 microliter,C12H11N3O3,COc1ncncc1N,dehalogenation_0,0.0 milligram,0.0 micromole,0 microliter,C5H7N3O,O=C(O)c1ccccc1,deborylation_0,0.0 milligram,0.0 micromole,0 microliter,C7H6O2,COC1=C(N)C(Cl)=NC=N1.O=C(O)C1=CC=CC(B2OC(C)(C)C(C)(C)O2)=C1>>COc1ncnc(-c2cccc(C(=O)O)c2)c1N.COc1ncncc1N.O=C(O)c1ccccc1,004_RLN-NB-2443_011_D12,,,,,,,,,,,,,,,,,,,,,6/9/2023 3:24:59 AM,004_rln-nb-2443_011_d12.raw,2min_150_1200.EXP,004_RLN-NB-2443_011_D12,004_RLN-NB-2443_011_D12_004_RLN-NB-2443_011_D12_,Rxn_Opt_HSST3_2_98,Analog,0,0,0,0,0,4.829229989487875,0.736,0,0,0,False,122.03677943156,1.25,deborylation_0,0,0,0,0,0,200.61698778575297,26.83162394338114,4.829229989487875,194.9,0.736,0,0,0,0,0,0,0,0,0,0,0,0,0,0,0,0,0,0,0,0,0,0,0,0,0,0,0,0,0,0,0,0,0,0,0,0,0,0,0,0,0,0,0,0,0,0,0,0,0,0,0,0,0,0,0,0,0,0,0,0,0,0,0,0,0,0,0,0,0,0,0,0,0,0,0,0,0,0,0,0,0.0,0.0,0.0,0.0,0.0,0.0,0.0,0.0,0.0,0.0,0.0,0.0,0.0,0.0,0.0,0.0,0.0,0.0,0.0,0.0,0.0,0.0,0.0,0.0,0.0,0.0,0.0,0.0,0.0,0.0,0.0,0.0,0.0,0.0,0.0,0.0,0.0,0.0,0.0,0.0,0.0,0.0,0.0,0.0,0.0,0.0,0.0,0.0,0.0,0.0,0.0,0.0,0.0,0.0,0.0
84,D13,[Fe].Cl[Pd]Cl.[CH]1[CH][CH][C]([CH]1)P(C2CCCCC2)C3CCCCC3.[CH]4[CH][CH][C]([CH]4)P(C5CCCCC5)C6CCCCC6,PdCl2(dcypf),0.06047272000000001 milligram,0.08000000000000002 micromole,0.06047272000000002 microliter,C34H52Cl2FeP2Pd,COC1=C(N)C(Cl)=NC=N1,4-chloro-6-methoxypyrimidin-5-amine,0.06383040000000001 milligram,0.4 micromole,0.06383040000000002 microliter,C5H6ClN3O,B1(OC(C(O1)(C)C)(C)C)C2=CN(N=C2C)C,"1,3-dimethyl-4-(4,4,5,5-tetramethyl-1,3,2-dioxaborolan-2-yl)-1H-pyrazole",0.10660655999999999 milligram,0.48000000000000004 micromole,0.10660656000000002 microliter,C11H19BN2O2,[Na+].[Na+].[O-]C([O-])=O,Na2CO3,0.31796399999999997 milligram,3.0 micromole,0.317964 microliter,CNa2O3,CN1C=NC2=C1C(=O)N(C(=O)N2C)C,caffeine,0.0776764 milligram,0.4 micromole,0.07767640000000002 microliter,C8H10N4O2,C1COCCO1,dioxane,16.2225 milligram,184.12480421310696 micromole,15.75 microliter,C4H8O2,O,water,1.75 milligram,97.1412711629198 micromole,1.75 microliter,H2O,COc1ncnc(-c2cn(C)nc2C)c1N,suzuki_product_0,0.0 milligram,0.0 micromole,0 microliter,C10H13N5O,COc1ncncc1N,dehalogenation_0,0.0 milligram,0.0 micromole,0 microliter,C5H7N3O,Cc1ccn(C)n1,deborylation_0,0.0 milligram,0.0 micromole,0 microliter,C5H8N2,COC1=C(N)C(Cl)=NC=N1.B1(OC(C(O1)(C)C)(C)C)C2=CN(N=C2C)C>>COc1ncnc(-c2cn(C)nc2C)c1N.COc1ncncc1N.Cc1ccn(C)n1,004_RLN-NB-2443_011_D13,,,,,,,,,,,,,,,,,,,,,6/9/2023 3:27:25 AM,004_rln-nb-2443_011_d13.raw,2min_150_1200.EXP,004_RLN-NB-2443_011_D13,004_RLN-NB-2443_011_D13_004_RLN-NB-2443_011_D1,Rxn_Opt_HSST3_2_98,Analog,0,0,0,0,0,5.331855722752184,0.7343,0,0,0,False,96.06874826542,1.25,deborylation_0,0,0,0,0,0,200.13142270021675,84.47790928408983,5.331855722752184,195,0.7343,0,0,0,0,0,0,0,0,0,0,0,0,0,0,0,0,0,0,0,0,0,0,0,0,0,0,0,0,0,0,0,0,0,0,0,0,0,0,0,0,0,0,0,0,0,0,0,0,0,0,0,0,0,0,0,0,0,0,0,0,0,0,0,0,0,0,0,0,0,0,0,0,0,0,0,0,0,0,0,0,0.0,0.0,0.0,0.0,0.0,0.0,0.0,0.0,0.0,0.0,0.0,0.0,0.0,0.0,0.0,0.0,0.0,0.0,0.0,0.0,0.0,0.0,0.0,0.0,0.0,0.0,0.0,0.0,0.0,0.0,0.0,0.0,0.0,0.0,0.0,0.0,0.0,0.0,0.0,0.0,0.0,0.0,0.0,0.0,0.0,0.0,0.0,0.0,0.0,0.0,0.0,0.0,0.0,0.0,0.0
85,D14,[Fe].Cl[Pd]Cl.[CH]1[CH][CH][C]([CH]1)P(C2CCCCC2)C3CCCCC3.[CH]4[CH][CH][C]([CH]4)P(C5CCCCC5)C6CCCCC6,PdCl2(dcypf),0.06047272000000001 milligram,0.08000000000000002 micromole,0.06047272000000002 microliter,C34H52Cl2FeP2Pd,COC1=C(N)C(Cl)=NC=N1,4-chloro-6-methoxypyrimidin-5-amine,0.06383040000000001 milligram,0.4 micromole,0.06383040000000002 microliter,C5H6ClN3O,B1(OC(C(O1)(C)C)(C)C)C2=CN=C(C=C2)C,"2-methyl-5-(4,4,5,5-tetramethyl-1,3,2-dioxaborolan-2-yl)pyridine",0.10516464 milligram,0.48000000000000004 micromole,0.10516464000000003 microliter,C12H18BNO2,[Na+].[Na+].[O-]C([O-])=O,Na2CO3,0.31796399999999997 milligram,3.0 micromole,0.317964 microliter,CNa2O3,CN1C=NC2=C1C(=O)N(C(=O)N2C)C,caffeine,0.0776764 milligram,0.4 micromole,0.07767640000000002 microliter,C8H10N4O2,C1COCCO1,dioxane,16.2225 milligram,184.12480421310696 micromole,15.75 microliter,C4H8O2,O,water,1.75 milligram,97.1412711629198 micromole,1.75 microliter,H2O,COc1ncnc(-c2ccc(C)nc2)c1N,suzuki_product_0,0.0 milligram,0.0 micromole,0 microliter,C11H12N4O,COc1ncncc1N,dehalogenation_0,0.0 milligram,0.0 micromole,0 microliter,C5H7N3O,Cc1ccccn1,deborylation_0,0.0 milligram,0.0 micromole,0 microliter,C6H7N,COC1=C(N)C(Cl)=NC=N1.B1(OC(C(O1)(C)C)(C)C)C2=CN=C(C=C2)C>>COc1ncnc(-c2ccc(C)nc2)c1N.COc1ncncc1N.Cc1ccccn1,004_RLN-NB-2443_011_D14,,,,,,,,,,,,,,,,,,,,,6/9/2023 3:29:53 AM,004_rln-nb-2443_011_d14.raw,2min_150_1200.EXP,004_RLN-NB-2443_011_D14,004_RLN-NB-2443_011_D14_004_RLN-NB-2443_011_D14_,Rxn_Opt_HSST3_2_98,Analog,0,0,0,0,0,5.405502241617308,0.7376,0,0,0,False,93.05784922892,1.25,deborylation_0,0,0,0,0,0,213.65479908612605,65.57524981643533,5.405502241617308,195.1,0.7376,0,0,0,0,0,0,0,0,0,0,0,0,0,0,0,0,0,0,0,0,0,0,0,0,0,0,0,0,0,0,0,0,0,0,0,0,0,0,0,0,0,0,0,0,0,0,0,0,0,0,0,0,0,0,0,0,0,0,0,0,0,0,0,0,0,0,0,0,0,0,0,0,0,0,0,0,0,0,0,0,0.0,0.0,0.0,0.0,0.0,0.0,0.0,0.0,0.0,0.0,0.0,0.0,0.0,0.0,0.0,0.0,0.0,0.0,0.0,0.0,0.0,0.0,0.0,0.0,0.0,0.0,0.0,0.0,0.0,0.0,0.0,0.0,0.0,0.0,0.0,0.0,0.0,0.0,0.0,0.0,0.0,0.0,0.0,0.0,0.0,0.0,0.0,0.0,0.0,0.0,0.0,0.0,0.0,0.0,0.0
86,D15,[Fe].Cl[Pd]Cl.[CH]1[CH][CH][C]([CH]1)P(C2CCCCC2)C3CCCCC3.[CH]4[CH][CH][C]([CH]4)P(C5CCCCC5)C6CCCCC6,PdCl2(dcypf),0.06047272000000001 milligram,0.08000000000000002 micromole,0.06047272000000002 microliter,C34H52Cl2FeP2Pd,COC1=C(N)C(Cl)=NC=N1,4-chloro-6-methoxypyrimidin-5-amine,0.06383040000000001 milligram,0.4 micromole,0.06383040000000002 microliter,C5H6ClN3O,CC1(C)OB(C2=CN(C)N=C2)OC1(C)C,"1-methyl-4-(tetramethyl-1,3,2-dioxaborolan-2-yl)-1H-pyrazole",0.09987359999999999 milligram,0.48000000000000004 micromole,0.09987360000000002 microliter,C10H17BN2O2,[Na+].[Na+].[O-]C([O-])=O,Na2CO3,0.31796399999999997 milligram,3.0 micromole,0.317964 microliter,CNa2O3,CN1C=NC2=C1C(=O)N(C(=O)N2C)C,caffeine,0.0776764 milligram,0.4 micromole,0.07767640000000002 microliter,C8H10N4O2,C1COCCO1,dioxane,16.2225 milligram,184.12480421310696 micromole,15.75 microliter,C4H8O2,O,water,1.75 milligram,97.1412711629198 micromole,1.75 microliter,H2O,COc1ncnc(-c2cnn(C)c2)c1N,suzuki_product_0,0.0 milligram,0.0 micromole,0 microliter,C9H11N5O,COc1ncncc1N,dehalogenation_0,0.0 milligram,0.0 micromole,0 microliter,C5H7N3O,Cn1cccn1,deborylation_0,0.0 milligram,0.0 micromole,0 microliter,C4H6N2,COC1=C(N)C(Cl)=NC=N1.CC1(C)OB(C2=CN(C)N=C2)OC1(C)C>>COc1ncnc(-c2cnn(C)c2)c1N.COc1ncncc1N.Cn1cccn1,004_RLN-NB-2443_011_D15,,,,,,,,,,,,,,,,,,,,,6/9/2023 3:32:20 AM,004_rln-nb-2443_011_d15.raw,2min_150_1200.EXP,004_RLN-NB-2443_011_D15,004_RLN-NB-2443_011_D15_004_RLN-NB-2443_011_D15,Rxn_Opt_HSST3_2_98,Analog,0,0,0,0,0,5.666778780958307,0.736,0,0,0,False,82.05309820128,1.25,deborylation_0,0,0,0,0,0,221.18280017469192,77.14129232892911,5.666778780958307,195,0.736,0,0,0,0,0,0,0,0,0,0,0,0,0,0,0,0,0,0,0,0,0,0,0,0,0,0,0,0,0,0,0,0,0,0,0,0,0,0,0,0,0,0,0,0,0,0,0,0,0,0,0,0,0,0,0,0,0,0,0,0,0,0,0,0,0,0,0,0,0,0,0,0,0,0,0,0,0,0,0,0,0.0,0.0,0.0,0.0,0.0,0.0,0.0,0.0,0.0,0.0,0.0,0.0,0.0,0.0,0.0,0.0,0.0,0.0,0.0,0.0,0.0,0.0,0.0,0.0,0.0,0.0,0.0,0.0,0.0,0.0,0.0,0.0,0.0,0.0,0.0,0.0,0.0,0.0,0.0,0.0,0.0,0.0,0.0,0.0,0.0,0.0,0.0,0.0,0.0,0.0,0.0,0.0,0.0,0.0,0.0
87,D16,[Fe].Cl[Pd]Cl.[CH]1[CH][CH][C]([CH]1)P(C2CCCCC2)C3CCCCC3.[CH]4[CH][CH][C]([CH]4)P(C5CCCCC5)C6CCCCC6,PdCl2(dcypf),0.06047272000000001 milligram,0.08000000000000002 micromole,0.06047272000000002 microliter,C34H52Cl2FeP2Pd,COC1=C(N)C(Cl)=NC=N1,4-chloro-6-methoxypyrimidin-5-amine,0.06383040000000001 milligram,0.4 micromole,0.06383040000000002 microliter,C5H6ClN3O,CC1(C)OB(C2=CC3=C(NC=C3)C=C2)OC1(C)C,"5-(tetramethyl-1,3,2-dioxaborolan-2-yl)-1H-indole",0.11669520000000001 milligram,0.48000000000000004 micromole,0.11669520000000004 microliter,C14H18BNO2,[Na+].[Na+].[O-]C([O-])=O,Na2CO3,0.31796399999999997 milligram,3.0 micromole,0.317964 microliter,CNa2O3,CN1C=NC2=C1C(=O)N(C(=O)N2C)C,caffeine,0.0776764 milligram,0.4 micromole,0.07767640000000002 microliter,C8H10N4O2,C1COCCO1,dioxane,16.2225 milligram,184.12480421310696 micromole,15.75 microliter,C4H8O2,O,water,1.75 milligram,97.1412711629198 micromole,1.75 microliter,H2O,COc1ncnc(-c2ccc3[nH]ccc3c2)c1N,suzuki_product_0,0.0 milligram,0.0 micromole,0 microliter,C13H12N4O,COc1ncncc1N,dehalogenation_0,0.0 milligram,0.0 micromole,0 microliter,C5H7N3O,c1ccc2[nH]ccc2c1,deborylation_0,0.0 milligram,0.0 micromole,0 microliter,C8H7N,COC1=C(N)C(Cl)=NC=N1.CC1(C)OB(C2=CC3=C(NC=C3)C=C2)OC1(C)C>>COc1ncnc(-c2ccc3[nH]ccc3c2)c1N.COc1ncncc1N.c1ccc2[nH]ccc2c1,004_RLN-NB-2443_011_D16,,,,,,,,,,,,,,,,,,,,,6/9/2023 3:34:47 AM,004_rln-nb-2443_011_d16.raw,2min_150_1200.EXP,004_RLN-NB-2443_011_D16,004_RLN-NB-2443_011_D16_004_RLN-NB-2443_011_D16_,Rxn_Opt_HSST3_2_98,Analog,0,0,0,0,0,6.602259958057925,0.736,0,0,0,False,117.05784922892,1.25,deborylation_0,0,0,0,0,0,223.7333241042562,62.077305969675635,6.602259958057925,194.9,0.736,0,0,0,0,0,0,0,0,0,0,60.68178433586184,13.460619486260041,1.431610274585717,243.9,1.2726,0,0,0,0,0,0,0,0,0,0,0,0,0,0,0,0,0,0,0,0,0,0,0,0,0,0,0,0,0,0,0,0,0,0,0,0,0,0,0,0,0,0,0,0,0,0,0,0,0,0,0,0,0,0,0,0,0,0,0,0,0,0,0,0,0,0.0,0.0,0.0,0.0,0.0,0.0,0.0,0.0,0.0,0.0,0.0,0.0,0.0,0.0,0.0,0.0,0.0,0.0,0.0,0.0,0.0,0.0,0.0,0.0,0.0,8.67345596011236e-05,21.683639900280898,0.0,0.0,0.0,0.0,0.0,0.0,0.0,0.0,0.0,0.0,0.0,0.0,0.0,0.0,0.0,0.0,0.0,0.0,0.0,0.0,0.0,0.0,0.0,0.0,0.0,0.0,0.0,0.0
88,D17,[Fe].Cl[Pd]Cl.[CH]1[CH][CH][C]([CH]1)P(C2CCCCC2)C3CCCCC3.[CH]4[CH][CH][C]([CH]4)P(C5CCCCC5)C6CCCCC6,PdCl2(dcypf),0.06047272000000001 milligram,0.08000000000000002 micromole,0.06047272000000002 microliter,C34H52Cl2FeP2Pd,COC1=C(N)C(Cl)=NC=N1,4-chloro-6-methoxypyrimidin-5-amine,0.06383040000000001 milligram,0.4 micromole,0.06383040000000002 microliter,C5H6ClN3O,O=[N+](C1=CC=CC=C1B2OC(C)(C)C(C)(C)O2)[O-],"4,4,5,5-tetramethyl-2-(2-nitrophenyl)-1,3,2-dioxaborolane",0.11955599999999997 milligram,0.48000000000000004 micromole,0.119556 microliter,C12H16BNO4,[Na+].[Na+].[O-]C([O-])=O,Na2CO3,0.31796399999999997 milligram,3.0 micromole,0.317964 microliter,CNa2O3,CN1C=NC2=C1C(=O)N(C(=O)N2C)C,caffeine,0.0776764 milligram,0.4 micromole,0.07767640000000002 microliter,C8H10N4O2,C1COCCO1,dioxane,16.2225 milligram,184.12480421310696 micromole,15.75 microliter,C4H8O2,O,water,1.75 milligram,97.1412711629198 micromole,1.75 microliter,H2O,COc1ncnc(-c2ccccc2[N+](=O)[O-])c1N,suzuki_product_0,0.0 milligram,0.0 micromole,0 microliter,C11H10N4O3,COc1ncncc1N,dehalogenation_0,0.0 milligram,0.0 micromole,0 microliter,C5H7N3O,O=[N+]([O-])c1ccccc1,deborylation_0,0.0 milligram,0.0 micromole,0 microliter,C6H5NO2,COC1=C(N)C(Cl)=NC=N1.O=[N+](C1=CC=CC=C1B2OC(C)(C)C(C)(C)O2)[O-]>>COc1ncnc(-c2ccccc2[N+](=O)[O-])c1N.COc1ncncc1N.O=[N+]([O-])c1ccccc1,004_RLN-NB-2443_011_D17,,,,,,,,,,,,,,,,,,,,,6/9/2023 3:37:14 AM,004_rln-nb-2443_011_d17.raw,2min_150_1200.EXP,004_RLN-NB-2443_011_D17,004_RLN-NB-2443_011_D17_004_RLN-NB-2443_011_D,Rxn_Opt_HSST3_2_98,Analog,0,0,0,0,0,5.367258677314746,0.7343,0,0,0,False,123.03202840392001,1.25,deborylation_0,0,0,0,0,0,208.96247858210296,63.678697850576626,5.367258677314746,195,0.7343,0,0,0,0,0,0,0,0,0,0,0,0,0,0,0,0,0,0,0,0,0,0,0,0,0,0,0,0,0,0,0,0,0,0,0,0,0,0,0,0,0,0,0,0,0,0,0,0,0,0,0,0,0,0,0,0,0,0,0,0,0,0,0,0,0,0,0,0,0,0,0,0,0,0,0,0,0,0,0,0,0.0,0.0,0.0,0.0,0.0,0.0,0.0,0.0,0.0,0.0,0.0,0.0,0.0,0.0,0.0,0.0,0.0,0.0,0.0,0.0,0.0,0.0,0.0,0.0,0.0,0.0,0.0,0.0,0.0,0.0,0.0,0.0,0.0,0.0,0.0,0.0,0.0,0.0,0.0,0.0,0.0,0.0,0.0,0.0,0.0,0.0,0.0,0.0,0.0,0.0,0.0,0.0,0.0,0.0,0.0
89,D18,[Fe].Cl[Pd]Cl.[CH]1[CH][CH][C]([CH]1)P(C2CCCCC2)C3CCCCC3.[CH]4[CH][CH][C]([CH]4)P(C5CCCCC5)C6CCCCC6,PdCl2(dcypf),0.06047272000000001 milligram,0.08000000000000002 micromole,0.06047272000000002 microliter,C34H52Cl2FeP2Pd,COC1=C(N)C(Cl)=NC=N1,4-chloro-6-methoxypyrimidin-5-amine,0.06383040000000001 milligram,0.4 micromole,0.06383040000000002 microliter,C5H6ClN3O,O=C(O)C1=CC=CC(B2OC(C)(C)C(C)(C)O2)=C1,"3-(tetramethyl-1,3,2-dioxaborolan-2-yl)benzoic acid",0.11908175999999998 milligram,0.48000000000000004 micromole,0.11908176000000001 microliter,C13H17BO4,[Na+].[Na+].[O-]C([O-])=O,Na2CO3,0.31796399999999997 milligram,3.0 micromole,0.317964 microliter,CNa2O3,CN1C=NC2=C1C(=O)N(C(=O)N2C)C,caffeine,0.0776764 milligram,0.4 micromole,0.07767640000000002 microliter,C8H10N4O2,C1COCCO1,dioxane,16.2225 milligram,184.12480421310696 micromole,15.75 microliter,C4H8O2,O,water,1.75 milligram,97.1412711629198 micromole,1.75 microliter,H2O,COc1ncnc(-c2cccc(C(=O)O)c2)c1N,suzuki_product_0,0.0 milligram,0.0 micromole,0 microliter,C12H11N3O3,COc1ncncc1N,dehalogenation_0,0.0 milligram,0.0 micromole,0 microliter,C5H7N3O,O=C(O)c1ccccc1,deborylation_0,0.0 milligram,0.0 micromole,0 microliter,C7H6O2,COC1=C(N)C(Cl)=NC=N1.O=C(O)C1=CC=CC(B2OC(C)(C)C(C)(C)O2)=C1>>COc1ncnc(-c2cccc(C(=O)O)c2)c1N.COc1ncncc1N.O=C(O)c1ccccc1,004_RLN-NB-2443_011_D18,,,,,,,,,,,,,,,,,,,,,6/9/2023 3:39:41 AM,004_rln-nb-2443_011_d18.raw,2min_150_1200.EXP,004_RLN-NB-2443_011_D18,004_RLN-NB-2443_011_D18_004_RLN-NB-2443_011_D18,Rxn_Opt_HSST3_2_98,Analog,0,0,0,0,0,4.639813583463404,0.736,0,0,0,False,122.03677943156,1.25,deborylation_0,0,0,0,0,0,196.03891004815938,27.573567022885143,4.639813583463404,195,0.736,0,0,0,0,0,0,0,0,0,0,0,0,0,0,0,0,0,0,0,0,0,0,0,0,0,0,0,0,0,0,0,0,0,0,0,0,0,0,0,0,0,0,0,0,0,0,0,0,0,0,0,0,0,0,0,0,0,0,0,0,0,0,0,0,0,0,0,0,0,0,0,0,0,0,0,0,0,0,0,0,0.0,0.0,0.0,0.0,0.0,0.0,0.0,0.0,0.0,0.0,0.0,0.0,0.0,0.0,0.0,0.0,0.0,0.0,0.0,0.0,0.0,0.0,0.0,0.0,0.0,0.0,0.0,0.0,0.0,0.0,0.0,0.0,0.0,0.0,0.0,0.0,0.0,0.0,0.0,0.0,0.0,0.0,0.0,0.0,0.0,0.0,0.0,0.0,0.0,0.0,0.0,0.0,0.0,0.0,0.0
90,D19,COC1=CC=C(C(P(C(C)(C)C)C(C)(C)C)=C1C2=C(C=C(C=C2C(C)C)C(C)C)C(C)C)OC.NC3=C(C=CC=C3)C4=C(C=CC=C4)[Pd]OS(C)(=O)=O,tBuBrettPhos Pd G3,0.06835544000000003 milligram,0.08000000000000002 micromole,0.06835544000000005 microliter,C44H62NO5PPdS,COC1=C(N)C(Cl)=NC=N1,4-chloro-6-methoxypyrimidin-5-amine,0.06383040000000001 milligram,0.4 micromole,0.06383040000000002 microliter,C5H6ClN3O,B1(OC(C(O1)(C)C)(C)C)C2=CN(N=C2C)C,"1,3-dimethyl-4-(4,4,5,5-tetramethyl-1,3,2-dioxaborolan-2-yl)-1H-pyrazole",0.10660655999999999 milligram,0.48000000000000004 micromole,0.10660656000000002 microliter,C11H19BN2O2,[Na+].[Na+].[O-]C([O-])=O,Na2CO3,0.31796399999999997 milligram,3.0 micromole,0.317964 microliter,CNa2O3,CN1C=NC2=C1C(=O)N(C(=O)N2C)C,caffeine,0.0776764 milligram,0.4 micromole,0.07767640000000002 microliter,C8H10N4O2,C1COCCO1,dioxane,16.2225 milligram,184.12480421310696 micromole,15.75 microliter,C4H8O2,O,water,1.75 milligram,97.1412711629198 micromole,1.75 microliter,H2O,COc1ncnc(-c2cn(C)nc2C)c1N,suzuki_product_0,0.0 milligram,0.0 micromole,0 microliter,C10H13N5O,COc1ncncc1N,dehalogenation_0,0.0 milligram,0.0 micromole,0 microliter,C5H7N3O,Cc1ccn(C)n1,deborylation_0,0.0 milligram,0.0 micromole,0 microliter,C5H8N2,COC1=C(N)C(Cl)=NC=N1.B1(OC(C(O1)(C)C)(C)C)C2=CN(N=C2C)C>>COc1ncnc(-c2cn(C)nc2C)c1N.COc1ncncc1N.Cc1ccn(C)n1,004_RLN-NB-2443_011_D19,,,,,,,,,,,,,,,,,,,,,6/9/2023 3:42:08 AM,004_rln-nb-2443_011_d19.raw,2min_150_1200.EXP,004_RLN-NB-2443_011_D19,004_RLN-NB-2443_011_D19_004_RLN-NB-2443_011_D19_,Rxn_Opt_HSST3_2_98,Analog,0,0,0,0,0,5.889022560728924,0.736,0.6577703844090591,0.6976,0,False,96.06874826542,1.25,deborylation_0,0,0,0,0,0,203.8368613024039,23.953058931073887,5.889022560728924,195,0.736,0,0,0,0,0,0,0,0,0,0,0,0,0,0,0,0,0,0,0,0,0,0,0,0,0,0,0,0,0,0,0,0,0,0,0,0,0,0,0,0,0,0,0,0,0,0,0,0,0,0,0,0,0,0,0,0,0,0,0,0,0,0,0,0,0,0,0,0,0,0,0,0,0,0,0,0,0,0,0,0,0.0,0.0,0.0,0.0,0.0,0.0,0.0,0.0,0.0,0.0,24.047532458820243,2.675420686266676,0.6577703844090591,223.0,0.6976,0.0,0.0,4.467772895253724e-05,11.16943223813431,0.0,0.0,0.0,0.0,0.0,0.0,0.0,0.0,0.0,0.0,0.0,0.0,0.0,0.0,0.0,0.0,0.0,0.0,0.0,0.0,0.0,0.0,0.0,0.0,0.0,0.0,0.0,0.0,0.0,0.0,0.0,0.0,0.0,0.0,0.0,0.0
91,D20,COC1=CC=C(C(P(C(C)(C)C)C(C)(C)C)=C1C2=C(C=C(C=C2C(C)C)C(C)C)C(C)C)OC.NC3=C(C=CC=C3)C4=C(C=CC=C4)[Pd]OS(C)(=O)=O,tBuBrettPhos Pd G3,0.06835544000000003 milligram,0.08000000000000002 micromole,0.06835544000000005 microliter,C44H62NO5PPdS,COC1=C(N)C(Cl)=NC=N1,4-chloro-6-methoxypyrimidin-5-amine,0.06383040000000001 milligram,0.4 micromole,0.06383040000000002 microliter,C5H6ClN3O,B1(OC(C(O1)(C)C)(C)C)C2=CN=C(C=C2)C,"2-methyl-5-(4,4,5,5-tetramethyl-1,3,2-dioxaborolan-2-yl)pyridine",0.10516464 milligram,0.48000000000000004 micromole,0.10516464000000003 microliter,C12H18BNO2,[Na+].[Na+].[O-]C([O-])=O,Na2CO3,0.31796399999999997 milligram,3.0 micromole,0.317964 microliter,CNa2O3,CN1C=NC2=C1C(=O)N(C(=O)N2C)C,caffeine,0.0776764 milligram,0.4 micromole,0.07767640000000002 microliter,C8H10N4O2,C1COCCO1,dioxane,16.2225 milligram,184.12480421310696 micromole,15.75 microliter,C4H8O2,O,water,1.75 milligram,97.1412711629198 micromole,1.75 microliter,H2O,COc1ncnc(-c2ccc(C)nc2)c1N,suzuki_product_0,0.0 milligram,0.0 micromole,0 microliter,C11H12N4O,COc1ncncc1N,dehalogenation_0,0.0 milligram,0.0 micromole,0 microliter,C5H7N3O,Cc1ccccn1,deborylation_0,0.0 milligram,0.0 micromole,0 microliter,C6H7N,COC1=C(N)C(Cl)=NC=N1.B1(OC(C(O1)(C)C)(C)C)C2=CN=C(C=C2)C>>COc1ncnc(-c2ccc(C)nc2)c1N.COc1ncncc1N.Cc1ccccn1,004_RLN-NB-2443_011_D20,,,,,,,,,,,,,,,,,,,,,6/9/2023 3:44:37 AM,004_rln-nb-2443_011_d20.raw,2min_150_1200.EXP,004_RLN-NB-2443_011_D20,004_RLN-NB-2443_011_D20_004_RLN-NB-2443_011_D20_00,Rxn_Opt_HSST3_2_98,Analog,0,0,0,0,0,4.915047884631013,0.7376,0,0,0,False,93.05784922892,1.25,deborylation_0,0,0,0,0,0,193.3207846588831,26.947788216894253,4.915047884631013,195,0.7376,0,0,0,0,0,0,0,0,0,0,0,0,0,0,0,0,0,0,0,0,0,0,0,0,0,0,0,0,0,0,0,0,0,0,0,0,0,0,0,0,0,0,0,0,0,0,0,0,0,0,0,0,0,0,0,0,0,0,0,0,0,0,0,0,0,0,0,0,0,0,0,0,0,0,0,0,0,0,0,0,0.0,0.0,0.0,0.0,0.0,0.0,0.0,0.0,0.0,0.0,0.0,0.0,0.0,0.0,0.0,0.0,0.0,0.0,0.0,0.0,0.0,0.0,0.0,0.0,0.0,0.0,0.0,0.0,0.0,0.0,0.0,0.0,0.0,0.0,0.0,0.0,0.0,0.0,0.0,0.0,0.0,0.0,0.0,0.0,0.0,0.0,0.0,0.0,0.0,0.0,0.0,0.0,0.0,0.0,0.0
92,D21,COC1=CC=C(C(P(C(C)(C)C)C(C)(C)C)=C1C2=C(C=C(C=C2C(C)C)C(C)C)C(C)C)OC.NC3=C(C=CC=C3)C4=C(C=CC=C4)[Pd]OS(C)(=O)=O,tBuBrettPhos Pd G3,0.06835544000000003 milligram,0.08000000000000002 micromole,0.06835544000000005 microliter,C44H62NO5PPdS,COC1=C(N)C(Cl)=NC=N1,4-chloro-6-methoxypyrimidin-5-amine,0.06383040000000001 milligram,0.4 micromole,0.06383040000000002 microliter,C5H6ClN3O,CC1(C)OB(C2=CN(C)N=C2)OC1(C)C,"1-methyl-4-(tetramethyl-1,3,2-dioxaborolan-2-yl)-1H-pyrazole",0.09987359999999999 milligram,0.48000000000000004 micromole,0.09987360000000002 microliter,C10H17BN2O2,[Na+].[Na+].[O-]C([O-])=O,Na2CO3,0.31796399999999997 milligram,3.0 micromole,0.317964 microliter,CNa2O3,CN1C=NC2=C1C(=O)N(C(=O)N2C)C,caffeine,0.0776764 milligram,0.4 micromole,0.07767640000000002 microliter,C8H10N4O2,C1COCCO1,dioxane,16.2225 milligram,184.12480421310696 micromole,15.75 microliter,C4H8O2,O,water,1.75 milligram,97.1412711629198 micromole,1.75 microliter,H2O,COc1ncnc(-c2cnn(C)c2)c1N,suzuki_product_0,0.0 milligram,0.0 micromole,0 microliter,C9H11N5O,COc1ncncc1N,dehalogenation_0,0.0 milligram,0.0 micromole,0 microliter,C5H7N3O,Cn1cccn1,deborylation_0,0.0 milligram,0.0 micromole,0 microliter,C4H6N2,COC1=C(N)C(Cl)=NC=N1.CC1(C)OB(C2=CN(C)N=C2)OC1(C)C>>COc1ncnc(-c2cnn(C)c2)c1N.COc1ncncc1N.Cn1cccn1,004_RLN-NB-2443_011_D21,,,,,,,,,,,,,,,,,,,,,6/9/2023 3:47:04 AM,004_rln-nb-2443_011_d21.raw,2min_150_1200.EXP,004_RLN-NB-2443_011_D21,004_RLN-NB-2443_011_D21_004_RLN-NB-2443_011_D21_0,Rxn_Opt_HSST3_2_98,Analog,0,0,0,0,0,5.001792006700527,0.736,0,0,0,False,82.05309820128,1.25,deborylation_0,0,0,0,0,0,197.00038208709313,22.375408906516785,5.001792006700527,195,0.736,0,0,0,0,0,0,0,0,0,0,0,0,0,0,0,0,0,0,0,0,0,0,0,0,0,0,0,0,0,0,0,0,0,0,0,0,0,0,0,0,0,0,0,0,0,0,0,0,0,0,0,0,0,0,0,0,0,0,0,0,0,0,0,0,0,0,0,0,0,0,0,0,0,0,0,0,0,0,0,0,0.0,0.0,0.0,0.0,0.0,0.0,0.0,0.0,0.0,0.0,0.0,0.0,0.0,0.0,0.0,0.0,0.0,0.0,0.0,0.0,0.0,0.0,0.0,0.0,0.0,0.0,0.0,0.0,0.0,0.0,0.0,0.0,0.0,0.0,0.0,0.0,0.0,0.0,0.0,0.0,0.0,0.0,0.0,0.0,0.0,0.0,0.0,0.0,0.0,0.0,0.0,0.0,0.0,0.0,0.0
93,D22,COC1=CC=C(C(P(C(C)(C)C)C(C)(C)C)=C1C2=C(C=C(C=C2C(C)C)C(C)C)C(C)C)OC.NC3=C(C=CC=C3)C4=C(C=CC=C4)[Pd]OS(C)(=O)=O,tBuBrettPhos Pd G3,0.06835544000000003 milligram,0.08000000000000002 micromole,0.06835544000000005 microliter,C44H62NO5PPdS,COC1=C(N)C(Cl)=NC=N1,4-chloro-6-methoxypyrimidin-5-amine,0.06383040000000001 milligram,0.4 micromole,0.06383040000000002 microliter,C5H6ClN3O,CC1(C)OB(C2=CC3=C(NC=C3)C=C2)OC1(C)C,"5-(tetramethyl-1,3,2-dioxaborolan-2-yl)-1H-indole",0.11669520000000001 milligram,0.48000000000000004 micromole,0.11669520000000004 microliter,C14H18BNO2,[Na+].[Na+].[O-]C([O-])=O,Na2CO3,0.31796399999999997 milligram,3.0 micromole,0.317964 microliter,CNa2O3,CN1C=NC2=C1C(=O)N(C(=O)N2C)C,caffeine,0.0776764 milligram,0.4 micromole,0.07767640000000002 microliter,C8H10N4O2,C1COCCO1,dioxane,16.2225 milligram,184.12480421310696 micromole,15.75 microliter,C4H8O2,O,water,1.75 milligram,97.1412711629198 micromole,1.75 microliter,H2O,COc1ncnc(-c2ccc3[nH]ccc3c2)c1N,suzuki_product_0,0.0 milligram,0.0 micromole,0 microliter,C13H12N4O,COc1ncncc1N,dehalogenation_0,0.0 milligram,0.0 micromole,0 microliter,C5H7N3O,c1ccc2[nH]ccc2c1,deborylation_0,0.0 milligram,0.0 micromole,0 microliter,C8H7N,COC1=C(N)C(Cl)=NC=N1.CC1(C)OB(C2=CC3=C(NC=C3)C=C2)OC1(C)C>>COc1ncnc(-c2ccc3[nH]ccc3c2)c1N.COc1ncncc1N.c1ccc2[nH]ccc2c1,004_RLN-NB-2443_011_D22,,,,,,,,,,,,,,,,,,,,,6/9/2023 3:49:31 AM,004_rln-nb-2443_011_d22.raw,2min_150_1200.EXP,004_RLN-NB-2443_011_D22,004_RLN-NB-2443_011_D22_004_RLN-NB-2443_011_D22_00,Rxn_Opt_HSST3_2_98,Analog,0,0,0,0,0,5.490993057654289,0.736,0,0,0,False,117.05784922892,1.25,deborylation_0,0,0,0,0,0,206.2506602344369,17.360046182362478,5.490993057654289,195,0.736,0,0,0,0,0,0,0,0,0,0,117.78291549357962,10.374221828487212,3.2813726092885713,243.9,1.2726,0,0,0,0,0,0,0,0,0,0,0,0,0,0,0,0,0,0,0,0,0,0,0,0,0,0,0,0,0,0,0,0,0,0,0,0,0,0,0,0,0,0,0,0,0,0,0,0,0,0,0,0,0,0,0,0,0,0,0,0,0,0,0,0,0,0.0,0.0,0.0,0.0,0.0,0.0,0.0,0.0,0.0,0.0,0.0,0.0,0.0,0.0,0.0,0.0,0.0,0.0,0.0,0.0,0.0,0.0,0.0,0.0,0.0,0.00023903673341669452,59.75918335417363,0.0,0.0,0.0,0.0,0.0,0.0,0.0,0.0,0.0,0.0,0.0,0.0,0.0,0.0,0.0,0.0,0.0,0.0,0.0,0.0,0.0,0.0,0.0,0.0,0.0,0.0,0.0,0.0
94,D23,COC1=CC=C(C(P(C(C)(C)C)C(C)(C)C)=C1C2=C(C=C(C=C2C(C)C)C(C)C)C(C)C)OC.NC3=C(C=CC=C3)C4=C(C=CC=C4)[Pd]OS(C)(=O)=O,tBuBrettPhos Pd G3,0.06835544000000003 milligram,0.08000000000000002 micromole,0.06835544000000005 microliter,C44H62NO5PPdS,COC1=C(N)C(Cl)=NC=N1,4-chloro-6-methoxypyrimidin-5-amine,0.06383040000000001 milligram,0.4 micromole,0.06383040000000002 microliter,C5H6ClN3O,O=[N+](C1=CC=CC=C1B2OC(C)(C)C(C)(C)O2)[O-],"4,4,5,5-tetramethyl-2-(2-nitrophenyl)-1,3,2-dioxaborolane",0.11955599999999997 milligram,0.48000000000000004 micromole,0.119556 microliter,C12H16BNO4,[Na+].[Na+].[O-]C([O-])=O,Na2CO3,0.31796399999999997 milligram,3.0 micromole,0.317964 microliter,CNa2O3,CN1C=NC2=C1C(=O)N(C(=O)N2C)C,caffeine,0.0776764 milligram,0.4 micromole,0.07767640000000002 microliter,C8H10N4O2,C1COCCO1,dioxane,16.2225 milligram,184.12480421310696 micromole,15.75 microliter,C4H8O2,O,water,1.75 milligram,97.1412711629198 micromole,1.75 microliter,H2O,COc1ncnc(-c2ccccc2[N+](=O)[O-])c1N,suzuki_product_0,0.0 milligram,0.0 micromole,0 microliter,C11H10N4O3,COc1ncncc1N,dehalogenation_0,0.0 milligram,0.0 micromole,0 microliter,C5H7N3O,O=[N+]([O-])c1ccccc1,deborylation_0,0.0 milligram,0.0 micromole,0 microliter,C6H5NO2,COC1=C(N)C(Cl)=NC=N1.O=[N+](C1=CC=CC=C1B2OC(C)(C)C(C)(C)O2)[O-]>>COc1ncnc(-c2ccccc2[N+](=O)[O-])c1N.COc1ncncc1N.O=[N+]([O-])c1ccccc1,004_RLN-NB-2443_011_D23,,,,,,,,,,,,,,,,,,,,,6/9/2023 3:51:59 AM,004_rln-nb-2443_011_d23.raw,2min_150_1200.EXP,004_RLN-NB-2443_011_D23,004_RLN-NB-2443_011_D23_004_RLN-NB-2443_011_D23,Rxn_Opt_HSST3_2_98,Analog,0,0,0,0,0,4.611926691891854,0.7343,0,0,0,False,123.03202840392001,1.25,deborylation_0,0,0,0,0,0,181.8424995402396,31.426645862591386,4.611926691891854,194.9,0.7343,0,0,0,0,0,0,0,0,0,0,0,0,0,0,0,0,0,0,0,0,0,0,0,0,0,0,0,0,0,0,0,0,0,0,0,0,0,0,0,0,0,0,0,0,0,0,0,0,0,0,0,0,0,0,0,0,0,0,0,0,0,0,0,0,0,0,0,0,0,0,0,0,0,0,0,0,0,0,0,0,0.0,0.0,0.0,0.0,0.0,0.0,0.0,0.0,0.0,0.0,0.0,0.0,0.0,0.0,0.0,0.0,0.0,0.0,0.0,0.0,0.0,0.0,0.0,0.0,0.0,0.0,0.0,0.0,0.0,0.0,0.0,0.0,0.0,0.0,0.0,0.0,0.0,0.0,0.0,0.0,0.0,0.0,0.0,0.0,0.0,0.0,0.0,0.0,0.0,0.0,0.0,0.0,0.0,0.0,0.0
95,D24,COC1=CC=C(C(P(C(C)(C)C)C(C)(C)C)=C1C2=C(C=C(C=C2C(C)C)C(C)C)C(C)C)OC.NC3=C(C=CC=C3)C4=C(C=CC=C4)[Pd]OS(C)(=O)=O,tBuBrettPhos Pd G3,0.06835544000000003 milligram,0.08000000000000002 micromole,0.06835544000000005 microliter,C44H62NO5PPdS,COC1=C(N)C(Cl)=NC=N1,4-chloro-6-methoxypyrimidin-5-amine,0.06383040000000001 milligram,0.4 micromole,0.06383040000000002 microliter,C5H6ClN3O,O=C(O)C1=CC=CC(B2OC(C)(C)C(C)(C)O2)=C1,"3-(tetramethyl-1,3,2-dioxaborolan-2-yl)benzoic acid",0.11908175999999998 milligram,0.48000000000000004 micromole,0.11908176000000001 microliter,C13H17BO4,[Na+].[Na+].[O-]C([O-])=O,Na2CO3,0.31796399999999997 milligram,3.0 micromole,0.317964 microliter,CNa2O3,CN1C=NC2=C1C(=O)N(C(=O)N2C)C,caffeine,0.0776764 milligram,0.4 micromole,0.07767640000000002 microliter,C8H10N4O2,C1COCCO1,dioxane,16.2225 milligram,184.12480421310696 micromole,15.75 microliter,C4H8O2,O,water,1.75 milligram,97.1412711629198 micromole,1.75 microliter,H2O,COc1ncnc(-c2cccc(C(=O)O)c2)c1N,suzuki_product_0,0.0 milligram,0.0 micromole,0 microliter,C12H11N3O3,COc1ncncc1N,dehalogenation_0,0.0 milligram,0.0 micromole,0 microliter,C5H7N3O,O=C(O)c1ccccc1,deborylation_0,0.0 milligram,0.0 micromole,0 microliter,C7H6O2,COC1=C(N)C(Cl)=NC=N1.O=C(O)C1=CC=CC(B2OC(C)(C)C(C)(C)O2)=C1>>COc1ncnc(-c2cccc(C(=O)O)c2)c1N.COc1ncncc1N.O=C(O)c1ccccc1,004_RLN-NB-2443_011_D24,,,,,,,,,,,,,,,,,,,,,6/9/2023 3:54:26 AM,004_rln-nb-2443_011_d24.raw,2min_150_1200.EXP,004_RLN-NB-2443_011_D24,004_RLN-NB-2443_011_D24_004_RLN-NB-2443_011_D24_0,Rxn_Opt_HSST3_2_98,Analog,0,0,0,0,0,3.9198103958124255,0.736,0,0,0,False,122.03677943156,1.25,deborylation_0,0,0,0,0,0,165.63973501800277,16.711096142163154,3.9198103958124255,195,0.736,0,0,0,0,0,0,0,0,0,0,0,0,0,0,0,0,0,0,0,0,0,0,0,0,0,0,0,0,0,0,0,0,0,0,0,0,0,0,0,0,0,0,0,0,0,0,0,0,0,0,0,0,0,0,0,0,0,0,0,0,0,0,0,0,0,0,0,0,0,0,0,0,0,0,0,0,0,0,0,0,0.0,0.0,0.0,0.0,0.0,0.0,0.0,0.0,0.0,0.0,0.0,0.0,0.0,0.0,0.0,0.0,0.0,0.0,0.0,0.0,0.0,0.0,0.0,0.0,0.0,0.0,0.0,0.0,0.0,0.0,0.0,0.0,0.0,0.0,0.0,0.0,0.0,0.0,0.0,0.0,0.0,0.0,0.0,0.0,0.0,0.0,0.0,0.0,0.0,0.0,0.0,0.0,0.0,0.0,0.0
96,E1,CC(C)C1=CC(C(C)C)=CC(C(C)C)=C1C2=C([P+](C3CCCCC3)([Pd-2]4(OS(C)(=O)=O)C(C=CC=C5)=C5C6=C([NH+]4C)C=CC=C6)C7CCCCC7)C=CC=C2,XPhos Pd G4,0.06883952 milligram,0.08000000000000002 micromole,0.06883952000000002 microliter,C47H64NO3PPdS,CCC(CC#N)N1C=C(C=N1)Cl,3-(4-CHLORO-1H-PYRAZOL-1-YL)PENTANENITRILE,0.07345680000000002 milligram,0.4 micromole,0.07345680000000003 microliter,C8H10ClN3,B1(OC(C(O1)(C)C)(C)C)C2=CN(N=C2C)C,"1,3-dimethyl-4-(4,4,5,5-tetramethyl-1,3,2-dioxaborolan-2-yl)-1H-pyrazole",0.10660655999999999 milligram,0.48000000000000004 micromole,0.10660656000000002 microliter,C11H19BN2O2,[Na+].[Na+].[O-]C([O-])=O,Na2CO3,0.31796399999999997 milligram,3.0 micromole,0.317964 microliter,CNa2O3,CN1C=NC2=C1C(=O)N(C(=O)N2C)C,caffeine,0.0776764 milligram,0.4 micromole,0.07767640000000002 microliter,C8H10N4O2,C1COCCO1,dioxane,16.2225 milligram,184.12480421310696 micromole,15.75 microliter,C4H8O2,O,water,1.75 milligram,97.1412711629198 micromole,1.75 microliter,H2O,CCC(CC#N)n1cc(-c2cn(C)nc2C)cn1,suzuki_product_0,0.0 milligram,0.0 micromole,0 microliter,C13H17N5,CCC(CC#N)n1cccn1,dehalogenation_0,0.0 milligram,0.0 micromole,0 microliter,C8H11N3,Cc1ccn(C)n1,deborylation_0,0.0 milligram,0.0 micromole,0 microliter,C5H8N2,CCC(CC#N)N1C=C(C=N1)Cl.B1(OC(C(O1)(C)C)(C)C)C2=CN(N=C2C)C>>CCC(CC#N)n1cc(-c2cn(C)nc2C)cn1.CCC(CC#N)n1cccn1.Cc1ccn(C)n1,004_RLN-NB-2443_011_E1,,,,,,,,,,,,,,,,,,,,,6/9/2023 3:56:52 AM,004_rln-nb-2443_011_e1.raw,2min_150_1200.EXP,004_RLN-NB-2443_011_E1,004_RLN-NB-2443_011_E1_004_RLN-NB-2443_011_E1_004,Rxn_Opt_HSST3_2_98,Analog,0.1704935836013102,0,0.9216605462103584,3.4948092832704565,0.921,5.405837139100851,0.736,0.37181285847308554,0.6993,0,False,96.06874826542,1.25,deborylation_0,0,0,0,0,0,205.18509154364062,20.498186556057586,5.405837139100851,195.1,0.736,0,0,0,0,0,0,0,0,0,0,0,0,0,0,0,0,0,0,0,0,0,0,0,0,0,0,0,0,0,0,0,0,0,0,0,0,0,0,0,0,0,0,0,0,0,0,0,0,0,0,0,0,0,0,0,0,0,0,0,0,0,0,0,0,0,0,0,0,0,0,0,0,0,0,0,0,0,0,0,0,36.19843074671949,3.4948092832704565,0.9216605462103584,244.0,0.921,0.0,0.0,0.0,0.0,0.0,17.53874455358727,1.4098629205448132,0.37181285847308554,223.0,0.6993,0.0,0.0,2.7511954127047855e-05,6.877988531761964,6.819743344052408e-05,17.04935836013102,0.0,0.0,0.0,0.0,0.0,0.0,0.0,0.0,0.0,0.0,0.0,0.0,0.0,0.0,0.0,0.0,0.0,0.0,0.0,0.0,0.0,0.0,0.0,0.0,0.0,0.0,0.0,0.0,0.0,0.0,0.0,0.0,0.0,0.0
97,E2,CC(C)C1=CC(C(C)C)=CC(C(C)C)=C1C2=C([P+](C3CCCCC3)([Pd-2]4(OS(C)(=O)=O)C(C=CC=C5)=C5C6=C([NH+]4C)C=CC=C6)C7CCCCC7)C=CC=C2,XPhos Pd G4,0.06883952 milligram,0.08000000000000002 micromole,0.06883952000000002 microliter,C47H64NO3PPdS,CCC(CC#N)N1C=C(C=N1)Cl,3-(4-CHLORO-1H-PYRAZOL-1-YL)PENTANENITRILE,0.07345680000000002 milligram,0.4 micromole,0.07345680000000003 microliter,C8H10ClN3,B1(OC(C(O1)(C)C)(C)C)C2=CN=C(C=C2)C,"2-methyl-5-(4,4,5,5-tetramethyl-1,3,2-dioxaborolan-2-yl)pyridine",0.10516464 milligram,0.48000000000000004 micromole,0.10516464000000003 microliter,C12H18BNO2,[Na+].[Na+].[O-]C([O-])=O,Na2CO3,0.31796399999999997 milligram,3.0 micromole,0.317964 microliter,CNa2O3,CN1C=NC2=C1C(=O)N(C(=O)N2C)C,caffeine,0.0776764 milligram,0.4 micromole,0.07767640000000002 microliter,C8H10N4O2,C1COCCO1,dioxane,16.2225 milligram,184.12480421310696 micromole,15.75 microliter,C4H8O2,O,water,1.75 milligram,97.1412711629198 micromole,1.75 microliter,H2O,CCC(CC#N)n1cc(-c2ccc(C)nc2)cn1,suzuki_product_0,0.0 milligram,0.0 micromole,0 microliter,C14H16N4,CCC(CC#N)n1cccn1,dehalogenation_0,0.0 milligram,0.0 micromole,0 microliter,C8H11N3,Cc1ccccn1,deborylation_0,0.0 milligram,0.0 micromole,0 microliter,C6H7N,CCC(CC#N)N1C=C(C=N1)Cl.B1(OC(C(O1)(C)C)(C)C)C2=CN=C(C=C2)C>>CCC(CC#N)n1cc(-c2ccc(C)nc2)cn1.CCC(CC#N)n1cccn1.Cc1ccccn1,004_RLN-NB-2443_011_E2,,,,,,,,,,,,,,,,,,,,,6/9/2023 3:59:20 AM,004_rln-nb-2443_011_e2.raw,2min_150_1200.EXP,004_RLN-NB-2443_011_E2,004_RLN-NB-2443_011_E2_004_RLN-NB-2443_011_E2_004_R,Rxn_Opt_HSST3_2_98,Analog,1,0,5.459009360195096,22.490867164229016,0.736,5.459009360195096,0.736,0,0,0,False,93.05784922892,1.25,deborylation_0,0,0,0,0,0,194.21897788041662,22.49086716422902,5.459009360195096,195,0.736,0,0,0,0,0,0,0,0,0,0,0,0,0,0,0,0,0,0,0,0,0,0,0,0,0,0,0,0,0,0,0,0,0,0,0,0,0,0,0,0,0,0,0,0,0,0,0,0,0,0,0,0,0,0,0,0,0,0,0,0,0,0,0,0,0,0,0,0,0,0,0,0,0,0,0,0,0,0,0,0,194.21897788041662,22.49086716422902,5.459009360195096,195.0,0.736,0.0,0.0,0.0,0.0,0.0,0.0,0.0,0.0,0.0,0.0,0.0,0.0,0.0,0.0,0.0004,100.0,0.0,0.0,0.0,0.0,0.0,0.0,0.0,0.0,0.0,0.0,0.0,0.0,0.0,0.0,0.0,0.0,0.0,0.0,0.0,0.0,0.0,0.0,0.0,0.0,0.0,0.0,0.0,0.0,0.0,0.0,0.0,0.0,0.0,0.0
98,E3,CC(C)C1=CC(C(C)C)=CC(C(C)C)=C1C2=C([P+](C3CCCCC3)([Pd-2]4(OS(C)(=O)=O)C(C=CC=C5)=C5C6=C([NH+]4C)C=CC=C6)C7CCCCC7)C=CC=C2,XPhos Pd G4,0.06883952 milligram,0.08000000000000002 micromole,0.06883952000000002 microliter,C47H64NO3PPdS,CCC(CC#N)N1C=C(C=N1)Cl,3-(4-CHLORO-1H-PYRAZOL-1-YL)PENTANENITRILE,0.07345680000000002 milligram,0.4 micromole,0.07345680000000003 microliter,C8H10ClN3,CC1(C)OB(C2=CN(C)N=C2)OC1(C)C,"1-methyl-4-(tetramethyl-1,3,2-dioxaborolan-2-yl)-1H-pyrazole",0.09987359999999999 milligram,0.48000000000000004 micromole,0.09987360000000002 microliter,C10H17BN2O2,[Na+].[Na+].[O-]C([O-])=O,Na2CO3,0.31796399999999997 milligram,3.0 micromole,0.317964 microliter,CNa2O3,CN1C=NC2=C1C(=O)N(C(=O)N2C)C,caffeine,0.0776764 milligram,0.4 micromole,0.07767640000000002 microliter,C8H10N4O2,C1COCCO1,dioxane,16.2225 milligram,184.12480421310696 micromole,15.75 microliter,C4H8O2,O,water,1.75 milligram,97.1412711629198 micromole,1.75 microliter,H2O,CCC(CC#N)n1cc(-c2cnn(C)c2)cn1,suzuki_product_0,0.0 milligram,0.0 micromole,0 microliter,C12H15N5,CCC(CC#N)n1cccn1,dehalogenation_0,0.0 milligram,0.0 micromole,0 microliter,C8H11N3,Cn1cccn1,deborylation_0,0.0 milligram,0.0 micromole,0 microliter,C4H6N2,CCC(CC#N)N1C=C(C=N1)Cl.CC1(C)OB(C2=CN(C)N=C2)OC1(C)C>>CCC(CC#N)n1cc(-c2cnn(C)c2)cn1.CCC(CC#N)n1cccn1.Cn1cccn1,004_RLN-NB-2443_011_E3,,,,,,,,,,,,,,,,,,,,,6/9/2023 4:01:47 AM,004_rln-nb-2443_011_e3.raw,2min_150_1200.EXP,004_RLN-NB-2443_011_E3,004_RLN-NB-2443_011_E3_004_RLN-NB-2443_011_E3_004,Rxn_Opt_HSST3_2_98,Analog,0.17731006718784317,0,0.847035833034932,3.268913634064004,0.8993,4.7771446171614045,0.736,0,0,0,False,82.05309820128,1.25,deborylation_0,0,0,0,0,0,184.632913591807,18.436142323497627,4.7771446171614045,194.9,0.736,0,0,0,0,0,0,0,0,0,0,0,0,0,0,0,0,0,0,0,0,0,0,0,0,0,0,0,0,0,0,0,0,0,0,0,0,0,0,0,0,0,0,0,0,0,0,0,0,0,0,0,0,0,0,0,0,0,0,0,0,0,0,0,0,0,0,0,0,0,0,0,0,0,0,0,0,0,0,0,0,34.75454034591214,3.268913634064004,0.847035833034932,229.9,0.8993,0.0,0.0,0.0,0.0,0.0,0.0,0.0,0.0,0.0,0.0,0.0,0.0,0.0,0.0,7.092402687513728e-05,17.731006718784318,0.0,0.0,0.0,0.0,0.0,0.0,0.0,0.0,0.0,0.0,0.0,0.0,0.0,0.0,0.0,0.0,0.0,0.0,0.0,0.0,0.0,0.0,0.0,0.0,0.0,0.0,0.0,0.0,0.0,0.0,0.0,0.0,0.0,0.0
99,E4,CC(C)C1=CC(C(C)C)=CC(C(C)C)=C1C2=C([P+](C3CCCCC3)([Pd-2]4(OS(C)(=O)=O)C(C=CC=C5)=C5C6=C([NH+]4C)C=CC=C6)C7CCCCC7)C=CC=C2,XPhos Pd G4,0.06883952 milligram,0.08000000000000002 micromole,0.06883952000000002 microliter,C47H64NO3PPdS,CCC(CC#N)N1C=C(C=N1)Cl,3-(4-CHLORO-1H-PYRAZOL-1-YL)PENTANENITRILE,0.07345680000000002 milligram,0.4 micromole,0.07345680000000003 microliter,C8H10ClN3,CC1(C)OB(C2=CC3=C(NC=C3)C=C2)OC1(C)C,"5-(tetramethyl-1,3,2-dioxaborolan-2-yl)-1H-indole",0.11669520000000001 milligram,0.48000000000000004 micromole,0.11669520000000004 microliter,C14H18BNO2,[Na+].[Na+].[O-]C([O-])=O,Na2CO3,0.31796399999999997 milligram,3.0 micromole,0.317964 microliter,CNa2O3,CN1C=NC2=C1C(=O)N(C(=O)N2C)C,caffeine,0.0776764 milligram,0.4 micromole,0.07767640000000002 microliter,C8H10N4O2,C1COCCO1,dioxane,16.2225 milligram,184.12480421310696 micromole,15.75 microliter,C4H8O2,O,water,1.75 milligram,97.1412711629198 micromole,1.75 microliter,H2O,CCC(CC#N)n1cc(-c2ccc3[nH]ccc3c2)cn1,suzuki_product_0,0.0 milligram,0.0 micromole,0 microliter,C16H16N4,CCC(CC#N)n1cccn1,dehalogenation_0,0.0 milligram,0.0 micromole,0 microliter,C8H11N3,c1ccc2[nH]ccc2c1,deborylation_0,0.0 milligram,0.0 micromole,0 microliter,C8H7N,CCC(CC#N)N1C=C(C=N1)Cl.CC1(C)OB(C2=CC3=C(NC=C3)C=C2)OC1(C)C>>CCC(CC#N)n1cc(-c2ccc3[nH]ccc3c2)cn1.CCC(CC#N)n1cccn1.c1ccc2[nH]ccc2c1,004_RLN-NB-2443_011_E4,,,,,,,,,,,,,,,,,,,,,6/9/2023 4:04:14 AM,004_rln-nb-2443_011_e4.raw,2min_150_1200.EXP,004_RLN-NB-2443_011_E4,004_RLN-NB-2443_011_E4_004_RLN-NB-2443_011_E4_004_R,Rxn_Opt_HSST3_2_98,Analog,0.8974051401826914,0,4.624635403825608,11.667427934570785,1.0976,5.153341781488055,0.736,0,0,0,False,117.05784922892,1.25,deborylation_0,0,0,0,0,0,206.73623716694718,13.001293855075932,5.153341781488055,195.1,0.736,0,0,0,0,0,0,0,0,0,0,102.26876018058691,7.147724621566414,2.8331540187831536,243.9,1.2743,0,0,0,0,0,0,0,0,0,0,0,0,0,0,0,0,0,0,0,0,0,0,0,0,0,0,0,0,0,0,0,0,0,0,0,0,0,0,0,0,0,0,0,0,0,0,0,0,0,0,0,0,0,0,0,0,0,0,0,0,0,0,0,0,0,151.24692518978227,11.66742793457078,4.624635403825608,265.0,1.0976,0.0,0.0,0.0,0.0,0.0,0.0,0.0,0.0,0.0,0.0,0.0,0.0,0.0,0.0,0.00035896205607307657,89.74051401826914,0.0,0.0,0.0,0.0,0.00021990810149332383,54.97702537333096,0.0,0.0,0.0,0.0,0.0,0.0,0.0,0.0,0.0,0.0,0.0,0.0,0.0,0.0,0.0,0.0,0.0,0.0,0.0,0.0,0.0,0.0,0.0,0.0,0.0,0.0,0.0,0.0
100,E5,CC(C)C1=CC(C(C)C)=CC(C(C)C)=C1C2=C([P+](C3CCCCC3)([Pd-2]4(OS(C)(=O)=O)C(C=CC=C5)=C5C6=C([NH+]4C)C=CC=C6)C7CCCCC7)C=CC=C2,XPhos Pd G4,0.06883952 milligram,0.08000000000000002 micromole,0.06883952000000002 microliter,C47H64NO3PPdS,CCC(CC#N)N1C=C(C=N1)Cl,3-(4-CHLORO-1H-PYRAZOL-1-YL)PENTANENITRILE,0.07345680000000002 milligram,0.4 micromole,0.07345680000000003 microliter,C8H10ClN3,O=[N+](C1=CC=CC=C1B2OC(C)(C)C(C)(C)O2)[O-],"4,4,5,5-tetramethyl-2-(2-nitrophenyl)-1,3,2-dioxaborolane",0.11955599999999997 milligram,0.48000000000000004 micromole,0.119556 microliter,C12H16BNO4,[Na+].[Na+].[O-]C([O-])=O,Na2CO3,0.31796399999999997 milligram,3.0 micromole,0.317964 microliter,CNa2O3,CN1C=NC2=C1C(=O)N(C(=O)N2C)C,caffeine,0.0776764 milligram,0.4 micromole,0.07767640000000002 microliter,C8H10N4O2,C1COCCO1,dioxane,16.2225 milligram,184.12480421310696 micromole,15.75 microliter,C4H8O2,O,water,1.75 milligram,97.1412711629198 micromole,1.75 microliter,H2O,CCC(CC#N)n1cc(-c2ccccc2[N+](=O)[O-])cn1,suzuki_product_0,0.0 milligram,0.0 micromole,0 microliter,C14H14N4O2,CCC(CC#N)n1cccn1,dehalogenation_0,0.0 milligram,0.0 micromole,0 microliter,C8H11N3,O=[N+]([O-])c1ccccc1,deborylation_0,0.0 milligram,0.0 micromole,0 microliter,C6H5NO2,CCC(CC#N)N1C=C(C=N1)Cl.O=[N+](C1=CC=CC=C1B2OC(C)(C)C(C)(C)O2)[O-]>>CCC(CC#N)n1cc(-c2ccccc2[N+](=O)[O-])cn1.CCC(CC#N)n1cccn1.O=[N+]([O-])c1ccccc1,004_RLN-NB-2443_011_E5,,,,,,,,,,,,,,,,,,,,,6/9/2023 4:06:41 AM,004_rln-nb-2443_011_e5.raw,2min_150_1200.EXP,004_RLN-NB-2443_011_E5,004_RLN-NB-2443_011_E5_004_RLN-NB-2443_011_E5_0,Rxn_Opt_HSST3_2_98,Analog,0,0,0,0,0,5.033094190605572,0.736,0,0,0,False,123.03202840392001,1.25,deborylation_0,0,0,0,0,0,199.72492285317418,21.499327885994333,5.033094190605572,194.9,0.736,0,0,0,0,0,0,0,0,0,0,0,0,0,0,0,0,0,0,0,0,0,0,0,0,0,0,0,0,0,0,0,0,0,0,0,0,0,0,0,0,0,0,0,0,0,0,0,0,0,0,0,0,0,0,0,0,0,0,0,0,0,0,0,0,0,0,0,0,0,0,0,0,0,0,0,0,0,0,0,0,0.0,0.0,0.0,0.0,0.0,0.0,0.0,0.0,0.0,0.0,0.0,0.0,0.0,0.0,0.0,0.0,0.0,0.0,0.0,0.0,0.0,0.0,0.0,0.0,0.0,0.0,0.0,0.0,0.0,0.0,0.0,0.0,0.0,0.0,0.0,0.0,0.0,0.0,0.0,0.0,0.0,0.0,0.0,0.0,0.0,0.0,0.0,0.0,0.0,0.0,0.0,0.0,0.0,0.0,0.0
101,E6,CC(C)C1=CC(C(C)C)=CC(C(C)C)=C1C2=C([P+](C3CCCCC3)([Pd-2]4(OS(C)(=O)=O)C(C=CC=C5)=C5C6=C([NH+]4C)C=CC=C6)C7CCCCC7)C=CC=C2,XPhos Pd G4,0.06883952 milligram,0.08000000000000002 micromole,0.06883952000000002 microliter,C47H64NO3PPdS,CCC(CC#N)N1C=C(C=N1)Cl,3-(4-CHLORO-1H-PYRAZOL-1-YL)PENTANENITRILE,0.07345680000000002 milligram,0.4 micromole,0.07345680000000003 microliter,C8H10ClN3,O=C(O)C1=CC=CC(B2OC(C)(C)C(C)(C)O2)=C1,"3-(tetramethyl-1,3,2-dioxaborolan-2-yl)benzoic acid",0.11908175999999998 milligram,0.48000000000000004 micromole,0.11908176000000001 microliter,C13H17BO4,[Na+].[Na+].[O-]C([O-])=O,Na2CO3,0.31796399999999997 milligram,3.0 micromole,0.317964 microliter,CNa2O3,CN1C=NC2=C1C(=O)N(C(=O)N2C)C,caffeine,0.0776764 milligram,0.4 micromole,0.07767640000000002 microliter,C8H10N4O2,C1COCCO1,dioxane,16.2225 milligram,184.12480421310696 micromole,15.75 microliter,C4H8O2,O,water,1.75 milligram,97.1412711629198 micromole,1.75 microliter,H2O,CCC(CC#N)n1cc(-c2cccc(C(=O)O)c2)cn1,suzuki_product_0,0.0 milligram,0.0 micromole,0 microliter,C15H15N3O2,CCC(CC#N)n1cccn1,dehalogenation_0,0.0 milligram,0.0 micromole,0 microliter,C8H11N3,O=C(O)c1ccccc1,deborylation_0,0.0 milligram,0.0 micromole,0 microliter,C7H6O2,CCC(CC#N)N1C=C(C=N1)Cl.O=C(O)C1=CC=CC(B2OC(C)(C)C(C)(C)O2)=C1>>CCC(CC#N)n1cc(-c2cccc(C(=O)O)c2)cn1.CCC(CC#N)n1cccn1.O=C(O)c1ccccc1,004_RLN-NB-2443_011_E6,,,,,,,,,,,,,,,,,,,,,6/9/2023 4:09:08 AM,004_rln-nb-2443_011_e6.raw,2min_150_1200.EXP,004_RLN-NB-2443_011_E6,004_RLN-NB-2443_011_E6_004_RLN-NB-2443_011_E6_004,Rxn_Opt_HSST3_2_98,Analog,0,0,0,0,0,5.096528852608701,0.736,0,0,0,False,122.03677943156,1.25,deborylation_0,0,0,0,0,0,203.19552550077623,17.97687313678007,5.096528852608701,194.9,0.736,0,0,0,0,0,0,0,0,0,0,0,0,0,0,0,0,0,0,0,0,0,0,0,0,0,0,0,0,0,0,0,0,0,0,0,0,0,0,0,0,0,0,0,0,0,0,0,0,0,0,0,0,0,0,0,0,0,0,0,0,0,0,0,0,0,0,0,0,0,0,0,0,0,0,0,0,0,0,0,0,0.0,0.0,0.0,0.0,0.0,0.0,0.0,0.0,0.0,0.0,0.0,0.0,0.0,0.0,0.0,0.0,0.0,0.0,0.0,0.0,0.0,0.0,0.0,0.0,0.0,0.0,0.0,0.0,0.0,0.0,0.0,0.0,0.0,0.0,0.0,0.0,0.0,0.0,0.0,0.0,0.0,0.0,0.0,0.0,0.0,0.0,0.0,0.0,0.0,0.0,0.0,0.0,0.0,0.0,0.0
102,E7,NC1=C(C=CC=C1)C2=C([Pd]OS(C)(=O)=O)C=CC=C2.CN(C)C3=CC=C(C=C3)P(C(C)(C)C)C(C)(C)C,APhos Pd G3,0.050809520000000004 milligram,0.08000000000000002 micromole,0.05080952000000002 microliter,C29H41N2O3PPdS,CCC(CC#N)N1C=C(C=N1)Cl,3-(4-CHLORO-1H-PYRAZOL-1-YL)PENTANENITRILE,0.07345680000000002 milligram,0.4 micromole,0.07345680000000003 microliter,C8H10ClN3,B1(OC(C(O1)(C)C)(C)C)C2=CN(N=C2C)C,"1,3-dimethyl-4-(4,4,5,5-tetramethyl-1,3,2-dioxaborolan-2-yl)-1H-pyrazole",0.10660655999999999 milligram,0.48000000000000004 micromole,0.10660656000000002 microliter,C11H19BN2O2,[Na+].[Na+].[O-]C([O-])=O,Na2CO3,0.31796399999999997 milligram,3.0 micromole,0.317964 microliter,CNa2O3,CN1C=NC2=C1C(=O)N(C(=O)N2C)C,caffeine,0.0776764 milligram,0.4 micromole,0.07767640000000002 microliter,C8H10N4O2,C1COCCO1,dioxane,16.2225 milligram,184.12480421310696 micromole,15.75 microliter,C4H8O2,O,water,1.75 milligram,97.1412711629198 micromole,1.75 microliter,H2O,CCC(CC#N)n1cc(-c2cn(C)nc2C)cn1,suzuki_product_0,0.0 milligram,0.0 micromole,0 microliter,C13H17N5,CCC(CC#N)n1cccn1,dehalogenation_0,0.0 milligram,0.0 micromole,0 microliter,C8H11N3,Cc1ccn(C)n1,deborylation_0,0.0 milligram,0.0 micromole,0 microliter,C5H8N2,CCC(CC#N)N1C=C(C=N1)Cl.B1(OC(C(O1)(C)C)(C)C)C2=CN(N=C2C)C>>CCC(CC#N)n1cc(-c2cn(C)nc2C)cn1.CCC(CC#N)n1cccn1.Cc1ccn(C)n1,004_RLN-NB-2443_011_E7,,,,,,,,,,,,,,,,,,,,,6/9/2023 4:11:35 AM,004_rln-nb-2443_011_e7.raw,2min_150_1200.EXP,004_RLN-NB-2443_011_E7,004_RLN-NB-2443_011_E7_004_RLN-NB-2443_011_E7_00,Rxn_Opt_HSST3_2_98,Analog,0,0,0,0,0,4.634908786367521,0.7343,0,0,0,False,96.06874826542,1.25,deborylation_0,0,0,0,0,0,184.11442226400294,32.3576203958575,4.634908786367521,195,0.7343,0,0,0,0,0,0,0,0,0,0,0,0,0,0,0,0,0,0,0,0,0,0,0,0,0,0,0,0,0,0,0,0,0,0,0,0,0,0,0,0,0,0,0,0,0,0,0,0,0,0,0,0,0,0,0,0,0,0,0,0,0,0,0,0,0,0,0,0,0,0,0,0,0,0,0,0,0,0,0,0,0.0,0.0,0.0,0.0,0.0,0.0,0.0,0.0,0.0,0.0,0.0,0.0,0.0,0.0,0.0,0.0,0.0,0.0,0.0,0.0,0.0,0.0,0.0,0.0,0.0,0.0,0.0,0.0,0.0,0.0,0.0,0.0,0.0,0.0,0.0,0.0,0.0,0.0,0.0,0.0,0.0,0.0,0.0,0.0,0.0,0.0,0.0,0.0,0.0,0.0,0.0,0.0,0.0,0.0,0.0
103,E8,NC1=C(C=CC=C1)C2=C([Pd]OS(C)(=O)=O)C=CC=C2.CN(C)C3=CC=C(C=C3)P(C(C)(C)C)C(C)(C)C,APhos Pd G3,0.050809520000000004 milligram,0.08000000000000002 micromole,0.05080952000000002 microliter,C29H41N2O3PPdS,CCC(CC#N)N1C=C(C=N1)Cl,3-(4-CHLORO-1H-PYRAZOL-1-YL)PENTANENITRILE,0.07345680000000002 milligram,0.4 micromole,0.07345680000000003 microliter,C8H10ClN3,B1(OC(C(O1)(C)C)(C)C)C2=CN=C(C=C2)C,"2-methyl-5-(4,4,5,5-tetramethyl-1,3,2-dioxaborolan-2-yl)pyridine",0.10516464 milligram,0.48000000000000004 micromole,0.10516464000000003 microliter,C12H18BNO2,[Na+].[Na+].[O-]C([O-])=O,Na2CO3,0.31796399999999997 milligram,3.0 micromole,0.317964 microliter,CNa2O3,CN1C=NC2=C1C(=O)N(C(=O)N2C)C,caffeine,0.0776764 milligram,0.4 micromole,0.07767640000000002 microliter,C8H10N4O2,C1COCCO1,dioxane,16.2225 milligram,184.12480421310696 micromole,15.75 microliter,C4H8O2,O,water,1.75 milligram,97.1412711629198 micromole,1.75 microliter,H2O,CCC(CC#N)n1cc(-c2ccc(C)nc2)cn1,suzuki_product_0,0.0 milligram,0.0 micromole,0 microliter,C14H16N4,CCC(CC#N)n1cccn1,dehalogenation_0,0.0 milligram,0.0 micromole,0 microliter,C8H11N3,Cc1ccccn1,deborylation_0,0.0 milligram,0.0 micromole,0 microliter,C6H7N,CCC(CC#N)N1C=C(C=N1)Cl.B1(OC(C(O1)(C)C)(C)C)C2=CN=C(C=C2)C>>CCC(CC#N)n1cc(-c2ccc(C)nc2)cn1.CCC(CC#N)n1cccn1.Cc1ccccn1,004_RLN-NB-2443_011_E8,,,,,,,,,,,,,,,,,,,,,6/9/2023 4:14:02 AM,004_rln-nb-2443_011_e8.raw,2min_150_1200.EXP,004_RLN-NB-2443_011_E8,004_RLN-NB-2443_011_E8_004_RLN-NB-2443_011_E8_004_,Rxn_Opt_HSST3_2_98,Analog,0,0,0,0,0,5.612548362859693,0.736,0,0,0,False,93.05784922892,1.25,deborylation_0,0,0,0,0,0,201.81397348372758,42.8976828929463,5.612548362859693,195,0.736,0,0,0,0,0,0,0,0,0,0,0,0,0,0,0,0,0,0,0,0,0,0,0,0,0,0,0,0,0,0,0,0,0,0,0,0,0,0,0,0,0,0,0,0,0,0,0,0,0,0,0,0,0,0,0,0,0,0,0,0,0,0,0,0,0,0,0,0,0,0,0,0,0,0,0,0,0,0,0,0,0.0,0.0,0.0,0.0,0.0,0.0,0.0,0.0,0.0,0.0,0.0,0.0,0.0,0.0,0.0,0.0,0.0,0.0,0.0,0.0,0.0,0.0,0.0,0.0,0.0,0.0,0.0,0.0,0.0,0.0,0.0,0.0,0.0,0.0,0.0,0.0,0.0,0.0,0.0,0.0,0.0,0.0,0.0,0.0,0.0,0.0,0.0,0.0,0.0,0.0,0.0,0.0,0.0,0.0,0.0
104,E9,NC1=C(C=CC=C1)C2=C([Pd]OS(C)(=O)=O)C=CC=C2.CN(C)C3=CC=C(C=C3)P(C(C)(C)C)C(C)(C)C,APhos Pd G3,0.050809520000000004 milligram,0.08000000000000002 micromole,0.05080952000000002 microliter,C29H41N2O3PPdS,CCC(CC#N)N1C=C(C=N1)Cl,3-(4-CHLORO-1H-PYRAZOL-1-YL)PENTANENITRILE,0.07345680000000002 milligram,0.4 micromole,0.07345680000000003 microliter,C8H10ClN3,CC1(C)OB(C2=CN(C)N=C2)OC1(C)C,"1-methyl-4-(tetramethyl-1,3,2-dioxaborolan-2-yl)-1H-pyrazole",0.09987359999999999 milligram,0.48000000000000004 micromole,0.09987360000000002 microliter,C10H17BN2O2,[Na+].[Na+].[O-]C([O-])=O,Na2CO3,0.31796399999999997 milligram,3.0 micromole,0.317964 microliter,CNa2O3,CN1C=NC2=C1C(=O)N(C(=O)N2C)C,caffeine,0.0776764 milligram,0.4 micromole,0.07767640000000002 microliter,C8H10N4O2,C1COCCO1,dioxane,16.2225 milligram,184.12480421310696 micromole,15.75 microliter,C4H8O2,O,water,1.75 milligram,97.1412711629198 micromole,1.75 microliter,H2O,CCC(CC#N)n1cc(-c2cnn(C)c2)cn1,suzuki_product_0,0.0 milligram,0.0 micromole,0 microliter,C12H15N5,CCC(CC#N)n1cccn1,dehalogenation_0,0.0 milligram,0.0 micromole,0 microliter,C8H11N3,Cn1cccn1,deborylation_0,0.0 milligram,0.0 micromole,0 microliter,C4H6N2,CCC(CC#N)N1C=C(C=N1)Cl.CC1(C)OB(C2=CN(C)N=C2)OC1(C)C>>CCC(CC#N)n1cc(-c2cnn(C)c2)cn1.CCC(CC#N)n1cccn1.Cn1cccn1,004_RLN-NB-2443_011_E9,,,,,,,,,,,,,,,,,,,,,6/9/2023 4:16:29 AM,004_rln-nb-2443_011_e9.raw,2min_150_1200.EXP,004_RLN-NB-2443_011_E9,004_RLN-NB-2443_011_E9_004_RLN-NB-2443_011_E9_00,Rxn_Opt_HSST3_2_98,Analog,0,0,0,0,0,4.629317784432378,0.736,0,0,0,False,82.05309820128,1.25,deborylation_0,0,0,0,0,0,177.80481343260587,35.126708568763554,4.629317784432378,195,0.736,0,0,0,0,0,0,0,0,0,0,0,0,0,0,0,0,0,0,0,0,0,0,0,0,0,0,0,0,0,0,0,0,0,0,0,0,0,0,0,0,0,0,0,0,0,0,0,0,0,0,0,0,0,0,0,0,0,0,0,0,0,0,0,0,0,0,0,0,0,0,0,0,0,0,0,0,0,0,0,0,0.0,0.0,0.0,0.0,0.0,0.0,0.0,0.0,0.0,0.0,0.0,0.0,0.0,0.0,0.0,0.0,0.0,0.0,0.0,0.0,0.0,0.0,0.0,0.0,0.0,0.0,0.0,0.0,0.0,0.0,0.0,0.0,0.0,0.0,0.0,0.0,0.0,0.0,0.0,0.0,0.0,0.0,0.0,0.0,0.0,0.0,0.0,0.0,0.0,0.0,0.0,0.0,0.0,0.0,0.0
105,E10,NC1=C(C=CC=C1)C2=C([Pd]OS(C)(=O)=O)C=CC=C2.CN(C)C3=CC=C(C=C3)P(C(C)(C)C)C(C)(C)C,APhos Pd G3,0.050809520000000004 milligram,0.08000000000000002 micromole,0.05080952000000002 microliter,C29H41N2O3PPdS,CCC(CC#N)N1C=C(C=N1)Cl,3-(4-CHLORO-1H-PYRAZOL-1-YL)PENTANENITRILE,0.07345680000000002 milligram,0.4 micromole,0.07345680000000003 microliter,C8H10ClN3,CC1(C)OB(C2=CC3=C(NC=C3)C=C2)OC1(C)C,"5-(tetramethyl-1,3,2-dioxaborolan-2-yl)-1H-indole",0.11669520000000001 milligram,0.48000000000000004 micromole,0.11669520000000004 microliter,C14H18BNO2,[Na+].[Na+].[O-]C([O-])=O,Na2CO3,0.31796399999999997 milligram,3.0 micromole,0.317964 microliter,CNa2O3,CN1C=NC2=C1C(=O)N(C(=O)N2C)C,caffeine,0.0776764 milligram,0.4 micromole,0.07767640000000002 microliter,C8H10N4O2,C1COCCO1,dioxane,16.2225 milligram,184.12480421310696 micromole,15.75 microliter,C4H8O2,O,water,1.75 milligram,97.1412711629198 micromole,1.75 microliter,H2O,CCC(CC#N)n1cc(-c2ccc3[nH]ccc3c2)cn1,suzuki_product_0,0.0 milligram,0.0 micromole,0 microliter,C16H16N4,CCC(CC#N)n1cccn1,dehalogenation_0,0.0 milligram,0.0 micromole,0 microliter,C8H11N3,c1ccc2[nH]ccc2c1,deborylation_0,0.0 milligram,0.0 micromole,0 microliter,C8H7N,CCC(CC#N)N1C=C(C=N1)Cl.CC1(C)OB(C2=CC3=C(NC=C3)C=C2)OC1(C)C>>CCC(CC#N)n1cc(-c2ccc3[nH]ccc3c2)cn1.CCC(CC#N)n1cccn1.c1ccc2[nH]ccc2c1,004_RLN-NB-2443_011_E10,,,,,,,,,,,,,,,,,,,,,6/9/2023 4:18:56 AM,004_rln-nb-2443_011_e10.raw,2min_150_1200.EXP,004_RLN-NB-2443_011_E10,004_RLN-NB-2443_011_E10_004_RLN-NB-2443_011_E10_00,Rxn_Opt_HSST3_2_98,Analog,0,0,0,0,0,4.93516532793081,0.736,0,0,0,False,117.05784922892,1.25,deborylation_0,0,0,0,0,0,194.8312397259747,29.360968674298714,4.93516532793081,194.9,0.736,0,0,0,0,0,0,0,0,0,0,0,0,0,0,0,0,0,0,0,0,0,0,0,0,0,0,0,0,0,0,0,0,0,0,0,0,0,0,0,0,0,0,0,0,0,0,0,0,0,0,0,0,0,0,0,0,0,0,0,0,0,0,0,0,0,0,0,0,0,0,0,0,0,0,0,0,0,0,0,0,0.0,0.0,0.0,0.0,0.0,0.0,0.0,0.0,0.0,0.0,0.0,0.0,0.0,0.0,0.0,0.0,0.0,0.0,0.0,0.0,0.0,0.0,0.0,0.0,0.0,0.0,0.0,0.0,0.0,0.0,0.0,0.0,0.0,0.0,0.0,0.0,0.0,0.0,0.0,0.0,0.0,0.0,0.0,0.0,0.0,0.0,0.0,0.0,0.0,0.0,0.0,0.0,0.0,0.0,0.0
106,E11,NC1=C(C=CC=C1)C2=C([Pd]OS(C)(=O)=O)C=CC=C2.CN(C)C3=CC=C(C=C3)P(C(C)(C)C)C(C)(C)C,APhos Pd G3,0.050809520000000004 milligram,0.08000000000000002 micromole,0.05080952000000002 microliter,C29H41N2O3PPdS,CCC(CC#N)N1C=C(C=N1)Cl,3-(4-CHLORO-1H-PYRAZOL-1-YL)PENTANENITRILE,0.07345680000000002 milligram,0.4 micromole,0.07345680000000003 microliter,C8H10ClN3,O=[N+](C1=CC=CC=C1B2OC(C)(C)C(C)(C)O2)[O-],"4,4,5,5-tetramethyl-2-(2-nitrophenyl)-1,3,2-dioxaborolane",0.11955599999999997 milligram,0.48000000000000004 micromole,0.119556 microliter,C12H16BNO4,[Na+].[Na+].[O-]C([O-])=O,Na2CO3,0.31796399999999997 milligram,3.0 micromole,0.317964 microliter,CNa2O3,CN1C=NC2=C1C(=O)N(C(=O)N2C)C,caffeine,0.0776764 milligram,0.4 micromole,0.07767640000000002 microliter,C8H10N4O2,C1COCCO1,dioxane,16.2225 milligram,184.12480421310696 micromole,15.75 microliter,C4H8O2,O,water,1.75 milligram,97.1412711629198 micromole,1.75 microliter,H2O,CCC(CC#N)n1cc(-c2ccccc2[N+](=O)[O-])cn1,suzuki_product_0,0.0 milligram,0.0 micromole,0 microliter,C14H14N4O2,CCC(CC#N)n1cccn1,dehalogenation_0,0.0 milligram,0.0 micromole,0 microliter,C8H11N3,O=[N+]([O-])c1ccccc1,deborylation_0,0.0 milligram,0.0 micromole,0 microliter,C6H5NO2,CCC(CC#N)N1C=C(C=N1)Cl.O=[N+](C1=CC=CC=C1B2OC(C)(C)C(C)(C)O2)[O-]>>CCC(CC#N)n1cc(-c2ccccc2[N+](=O)[O-])cn1.CCC(CC#N)n1cccn1.O=[N+]([O-])c1ccccc1,004_RLN-NB-2443_011_E11,,,,,,,,,,,,,,,,,,,,,6/9/2023 4:21:23 AM,004_rln-nb-2443_011_e11.raw,2min_150_1200.EXP,004_RLN-NB-2443_011_E11,004_RLN-NB-2443_011_E11_004_RLN-NB-2443_011_E1,Rxn_Opt_HSST3_2_98,Analog,0,0,0,0,0,5.295323519283792,0.7343,0,0,0,False,123.03202840392001,1.25,deborylation_0,0,0,0,0,0,199.79486442354712,39.92319971484852,5.295323519283792,194.9,0.7343,0,0,0,0,0,0,0,0,0,0,0,0,0,0,0,0,0,0,0,0,0,0,0,0,0,0,0,0,0,0,0,0,0,0,0,0,0,0,0,0,0,0,0,0,0,0,0,0,0,0,0,0,0,0,0,0,0,0,0,0,0,0,0,0,0,0,0,0,0,0,0,0,0,0,0,0,0,0,0,0,0.0,0.0,0.0,0.0,0.0,0.0,0.0,0.0,0.0,0.0,0.0,0.0,0.0,0.0,0.0,0.0,0.0,0.0,0.0,0.0,0.0,0.0,0.0,0.0,0.0,0.0,0.0,0.0,0.0,0.0,0.0,0.0,0.0,0.0,0.0,0.0,0.0,0.0,0.0,0.0,0.0,0.0,0.0,0.0,0.0,0.0,0.0,0.0,0.0,0.0,0.0,0.0,0.0,0.0,0.0
107,E12,NC1=C(C=CC=C1)C2=C([Pd]OS(C)(=O)=O)C=CC=C2.CN(C)C3=CC=C(C=C3)P(C(C)(C)C)C(C)(C)C,APhos Pd G3,0.050809520000000004 milligram,0.08000000000000002 micromole,0.05080952000000002 microliter,C29H41N2O3PPdS,CCC(CC#N)N1C=C(C=N1)Cl,3-(4-CHLORO-1H-PYRAZOL-1-YL)PENTANENITRILE,0.07345680000000002 milligram,0.4 micromole,0.07345680000000003 microliter,C8H10ClN3,O=C(O)C1=CC=CC(B2OC(C)(C)C(C)(C)O2)=C1,"3-(tetramethyl-1,3,2-dioxaborolan-2-yl)benzoic acid",0.11908175999999998 milligram,0.48000000000000004 micromole,0.11908176000000001 microliter,C13H17BO4,[Na+].[Na+].[O-]C([O-])=O,Na2CO3,0.31796399999999997 milligram,3.0 micromole,0.317964 microliter,CNa2O3,CN1C=NC2=C1C(=O)N(C(=O)N2C)C,caffeine,0.0776764 milligram,0.4 micromole,0.07767640000000002 microliter,C8H10N4O2,C1COCCO1,dioxane,16.2225 milligram,184.12480421310696 micromole,15.75 microliter,C4H8O2,O,water,1.75 milligram,97.1412711629198 micromole,1.75 microliter,H2O,CCC(CC#N)n1cc(-c2cccc(C(=O)O)c2)cn1,suzuki_product_0,0.0 milligram,0.0 micromole,0 microliter,C15H15N3O2,CCC(CC#N)n1cccn1,dehalogenation_0,0.0 milligram,0.0 micromole,0 microliter,C8H11N3,O=C(O)c1ccccc1,deborylation_0,0.0 milligram,0.0 micromole,0 microliter,C7H6O2,CCC(CC#N)N1C=C(C=N1)Cl.O=C(O)C1=CC=CC(B2OC(C)(C)C(C)(C)O2)=C1>>CCC(CC#N)n1cc(-c2cccc(C(=O)O)c2)cn1.CCC(CC#N)n1cccn1.O=C(O)c1ccccc1,004_RLN-NB-2443_011_E12,,,,,,,,,,,,,,,,,,,,,6/9/2023 4:23:50 AM,004_rln-nb-2443_011_e12.raw,2min_150_1200.EXP,004_RLN-NB-2443_011_E12,004_RLN-NB-2443_011_E12_004_RLN-NB-2443_011_E12_,Rxn_Opt_HSST3_2_98,Analog,0,0,0,0,0,4.697729014605399,0.7376,0,0,0,False,122.03677943156,1.25,deborylation_0,0,0,0,0,0,193.7118745921594,23.024242309224206,4.697729014605399,194.9,0.7376,0,0,0,0,0,0,0,0,0,0,0,0,0,0,0,0,0,0,0,0,0,0,0,0,0,0,0,0,0,0,0,0,0,0,0,0,0,0,0,0,0,0,0,0,0,0,0,0,0,0,0,0,0,0,0,0,0,0,0,0,0,0,0,0,0,0,0,0,0,0,0,0,0,0,0,0,0,0,0,0,0.0,0.0,0.0,0.0,0.0,0.0,0.0,0.0,0.0,0.0,0.0,0.0,0.0,0.0,0.0,0.0,0.0,0.0,0.0,0.0,0.0,0.0,0.0,0.0,0.0,0.0,0.0,0.0,0.0,0.0,0.0,0.0,0.0,0.0,0.0,0.0,0.0,0.0,0.0,0.0,0.0,0.0,0.0,0.0,0.0,0.0,0.0,0.0,0.0,0.0,0.0,0.0,0.0,0.0,0.0
108,E13,[Fe].Cl[Pd]Cl.[CH]1[CH][CH][C]([CH]1)P(C2CCCCC2)C3CCCCC3.[CH]4[CH][CH][C]([CH]4)P(C5CCCCC5)C6CCCCC6,PdCl2(dcypf),0.06047272000000001 milligram,0.08000000000000002 micromole,0.06047272000000002 microliter,C34H52Cl2FeP2Pd,CCC(CC#N)N1C=C(C=N1)Cl,3-(4-CHLORO-1H-PYRAZOL-1-YL)PENTANENITRILE,0.07345680000000002 milligram,0.4 micromole,0.07345680000000003 microliter,C8H10ClN3,B1(OC(C(O1)(C)C)(C)C)C2=CN(N=C2C)C,"1,3-dimethyl-4-(4,4,5,5-tetramethyl-1,3,2-dioxaborolan-2-yl)-1H-pyrazole",0.10660655999999999 milligram,0.48000000000000004 micromole,0.10660656000000002 microliter,C11H19BN2O2,[Na+].[Na+].[O-]C([O-])=O,Na2CO3,0.31796399999999997 milligram,3.0 micromole,0.317964 microliter,CNa2O3,CN1C=NC2=C1C(=O)N(C(=O)N2C)C,caffeine,0.0776764 milligram,0.4 micromole,0.07767640000000002 microliter,C8H10N4O2,C1COCCO1,dioxane,16.2225 milligram,184.12480421310696 micromole,15.75 microliter,C4H8O2,O,water,1.75 milligram,97.1412711629198 micromole,1.75 microliter,H2O,CCC(CC#N)n1cc(-c2cn(C)nc2C)cn1,suzuki_product_0,0.0 milligram,0.0 micromole,0 microliter,C13H17N5,CCC(CC#N)n1cccn1,dehalogenation_0,0.0 milligram,0.0 micromole,0 microliter,C8H11N3,Cc1ccn(C)n1,deborylation_0,0.0 milligram,0.0 micromole,0 microliter,C5H8N2,CCC(CC#N)N1C=C(C=N1)Cl.B1(OC(C(O1)(C)C)(C)C)C2=CN(N=C2C)C>>CCC(CC#N)n1cc(-c2cn(C)nc2C)cn1.CCC(CC#N)n1cccn1.Cc1ccn(C)n1,004_RLN-NB-2443_011_E13,,,,,,,,,,,,,,,,,,,,,6/9/2023 4:26:18 AM,004_rln-nb-2443_011_e13.raw,2min_150_1200.EXP,004_RLN-NB-2443_011_E13,004_RLN-NB-2443_011_E13_004_RLN-NB-2443_011_E13,Rxn_Opt_HSST3_2_98,Analog,0,0,0,0,0,5.760529268681556,0.736,0,0,0,False,96.06874826542,1.25,deborylation_0,0,0,0,0,0,220.61637588771123,80.84405717775272,5.760529268681556,194.9,0.736,0,0,0,0,0,0,0,0,0,0,0,0,0,0,0,0,0,0,0,0,0,0,0,0,0,0,0,0,0,0,0,0,0,0,0,0,0,0,0,0,0,0,0,0,0,0,0,0,0,0,0,0,0,0,0,0,0,0,0,0,0,0,0,0,0,0,0,0,0,0,0,0,0,0,0,0,0,0,0,0,0.0,0.0,0.0,0.0,0.0,0.0,0.0,0.0,0.0,0.0,0.0,0.0,0.0,0.0,0.0,0.0,0.0,0.0,0.0,0.0,0.0,0.0,0.0,0.0,0.0,0.0,0.0,0.0,0.0,0.0,0.0,0.0,0.0,0.0,0.0,0.0,0.0,0.0,0.0,0.0,0.0,0.0,0.0,0.0,0.0,0.0,0.0,0.0,0.0,0.0,0.0,0.0,0.0,0.0,0.0
109,E14,[Fe].Cl[Pd]Cl.[CH]1[CH][CH][C]([CH]1)P(C2CCCCC2)C3CCCCC3.[CH]4[CH][CH][C]([CH]4)P(C5CCCCC5)C6CCCCC6,PdCl2(dcypf),0.06047272000000001 milligram,0.08000000000000002 micromole,0.06047272000000002 microliter,C34H52Cl2FeP2Pd,CCC(CC#N)N1C=C(C=N1)Cl,3-(4-CHLORO-1H-PYRAZOL-1-YL)PENTANENITRILE,0.07345680000000002 milligram,0.4 micromole,0.07345680000000003 microliter,C8H10ClN3,B1(OC(C(O1)(C)C)(C)C)C2=CN=C(C=C2)C,"2-methyl-5-(4,4,5,5-tetramethyl-1,3,2-dioxaborolan-2-yl)pyridine",0.10516464 milligram,0.48000000000000004 micromole,0.10516464000000003 microliter,C12H18BNO2,[Na+].[Na+].[O-]C([O-])=O,Na2CO3,0.31796399999999997 milligram,3.0 micromole,0.317964 microliter,CNa2O3,CN1C=NC2=C1C(=O)N(C(=O)N2C)C,caffeine,0.0776764 milligram,0.4 micromole,0.07767640000000002 microliter,C8H10N4O2,C1COCCO1,dioxane,16.2225 milligram,184.12480421310696 micromole,15.75 microliter,C4H8O2,O,water,1.75 milligram,97.1412711629198 micromole,1.75 microliter,H2O,CCC(CC#N)n1cc(-c2ccc(C)nc2)cn1,suzuki_product_0,0.0 milligram,0.0 micromole,0 microliter,C14H16N4,CCC(CC#N)n1cccn1,dehalogenation_0,0.0 milligram,0.0 micromole,0 microliter,C8H11N3,Cc1ccccn1,deborylation_0,0.0 milligram,0.0 micromole,0 microliter,C6H7N,CCC(CC#N)N1C=C(C=N1)Cl.B1(OC(C(O1)(C)C)(C)C)C2=CN=C(C=C2)C>>CCC(CC#N)n1cc(-c2ccc(C)nc2)cn1.CCC(CC#N)n1cccn1.Cc1ccccn1,004_RLN-NB-2443_011_E14,,,,,,,,,,,,,,,,,,,,,6/9/2023 4:28:44 AM,004_rln-nb-2443_011_e14.raw,2min_150_1200.EXP,004_RLN-NB-2443_011_E14,004_RLN-NB-2443_011_E14_004_RLN-NB-2443_011_E14_0,Rxn_Opt_HSST3_2_98,Analog,0,0,0,0,0,4.981924593724014,0.736,0,0,0,False,93.05784922892,1.25,deborylation_0,0,0,0,0,0,195.54437656766876,65.99493925020242,4.981924593724014,195,0.736,0,0,0,0,0,0,0,0,0,0,0,0,0,0,0,0,0,0,0,0,0,0,0,0,0,0,0,0,0,0,0,0,0,0,0,0,0,0,0,0,0,0,0,0,0,0,0,0,0,0,0,0,0,0,0,0,0,0,0,0,0,0,0,0,0,0,0,0,0,0,0,0,0,0,0,0,0,0,0,0,0.0,0.0,0.0,0.0,0.0,0.0,0.0,0.0,0.0,0.0,0.0,0.0,0.0,0.0,0.0,0.0,0.0,0.0,0.0,0.0,0.0,0.0,0.0,0.0,0.0,0.0,0.0,0.0,0.0,0.0,0.0,0.0,0.0,0.0,0.0,0.0,0.0,0.0,0.0,0.0,0.0,0.0,0.0,0.0,0.0,0.0,0.0,0.0,0.0,0.0,0.0,0.0,0.0,0.0,0.0
110,E15,[Fe].Cl[Pd]Cl.[CH]1[CH][CH][C]([CH]1)P(C2CCCCC2)C3CCCCC3.[CH]4[CH][CH][C]([CH]4)P(C5CCCCC5)C6CCCCC6,PdCl2(dcypf),0.06047272000000001 milligram,0.08000000000000002 micromole,0.06047272000000002 microliter,C34H52Cl2FeP2Pd,CCC(CC#N)N1C=C(C=N1)Cl,3-(4-CHLORO-1H-PYRAZOL-1-YL)PENTANENITRILE,0.07345680000000002 milligram,0.4 micromole,0.07345680000000003 microliter,C8H10ClN3,CC1(C)OB(C2=CN(C)N=C2)OC1(C)C,"1-methyl-4-(tetramethyl-1,3,2-dioxaborolan-2-yl)-1H-pyrazole",0.09987359999999999 milligram,0.48000000000000004 micromole,0.09987360000000002 microliter,C10H17BN2O2,[Na+].[Na+].[O-]C([O-])=O,Na2CO3,0.31796399999999997 milligram,3.0 micromole,0.317964 microliter,CNa2O3,CN1C=NC2=C1C(=O)N(C(=O)N2C)C,caffeine,0.0776764 milligram,0.4 micromole,0.07767640000000002 microliter,C8H10N4O2,C1COCCO1,dioxane,16.2225 milligram,184.12480421310696 micromole,15.75 microliter,C4H8O2,O,water,1.75 milligram,97.1412711629198 micromole,1.75 microliter,H2O,CCC(CC#N)n1cc(-c2cnn(C)c2)cn1,suzuki_product_0,0.0 milligram,0.0 micromole,0 microliter,C12H15N5,CCC(CC#N)n1cccn1,dehalogenation_0,0.0 milligram,0.0 micromole,0 microliter,C8H11N3,Cn1cccn1,deborylation_0,0.0 milligram,0.0 micromole,0 microliter,C4H6N2,CCC(CC#N)N1C=C(C=N1)Cl.CC1(C)OB(C2=CN(C)N=C2)OC1(C)C>>CCC(CC#N)n1cc(-c2cnn(C)c2)cn1.CCC(CC#N)n1cccn1.Cn1cccn1,004_RLN-NB-2443_011_E15,,,,,,,,,,,,,,,,,,,,,6/9/2023 4:31:11 AM,004_rln-nb-2443_011_e15.raw,2min_150_1200.EXP,004_RLN-NB-2443_011_E15,004_RLN-NB-2443_011_E15_004_RLN-NB-2443_011_E15,Rxn_Opt_HSST3_2_98,Analog,0,0,0,0,0,5.549801088775132,0.736,0,0,0,False,82.05309820128,1.25,deborylation_0,0,0,0,0,0,214.4074559014072,80.93092157053557,5.549801088775132,195,0.736,0,0,0,0,0,0,0,0,0,0,0,0,0,0,0,0,0,0,0,0,0,0,0,0,0,0,0,0,0,0,0,0,0,0,0,0,0,0,0,0,0,0,0,0,0,0,0,0,0,0,0,0,0,0,0,0,0,0,0,0,0,0,0,0,0,0,0,0,0,0,0,0,0,0,0,0,0,0,0,0,0.0,0.0,0.0,0.0,0.0,0.0,0.0,0.0,0.0,0.0,0.0,0.0,0.0,0.0,0.0,0.0,0.0,0.0,0.0,0.0,0.0,0.0,0.0,0.0,0.0,0.0,0.0,0.0,0.0,0.0,0.0,0.0,0.0,0.0,0.0,0.0,0.0,0.0,0.0,0.0,0.0,0.0,0.0,0.0,0.0,0.0,0.0,0.0,0.0,0.0,0.0,0.0,0.0,0.0,0.0
111,E16,[Fe].Cl[Pd]Cl.[CH]1[CH][CH][C]([CH]1)P(C2CCCCC2)C3CCCCC3.[CH]4[CH][CH][C]([CH]4)P(C5CCCCC5)C6CCCCC6,PdCl2(dcypf),0.06047272000000001 milligram,0.08000000000000002 micromole,0.06047272000000002 microliter,C34H52Cl2FeP2Pd,CCC(CC#N)N1C=C(C=N1)Cl,3-(4-CHLORO-1H-PYRAZOL-1-YL)PENTANENITRILE,0.07345680000000002 milligram,0.4 micromole,0.07345680000000003 microliter,C8H10ClN3,CC1(C)OB(C2=CC3=C(NC=C3)C=C2)OC1(C)C,"5-(tetramethyl-1,3,2-dioxaborolan-2-yl)-1H-indole",0.11669520000000001 milligram,0.48000000000000004 micromole,0.11669520000000004 microliter,C14H18BNO2,[Na+].[Na+].[O-]C([O-])=O,Na2CO3,0.31796399999999997 milligram,3.0 micromole,0.317964 microliter,CNa2O3,CN1C=NC2=C1C(=O)N(C(=O)N2C)C,caffeine,0.0776764 milligram,0.4 micromole,0.07767640000000002 microliter,C8H10N4O2,C1COCCO1,dioxane,16.2225 milligram,184.12480421310696 micromole,15.75 microliter,C4H8O2,O,water,1.75 milligram,97.1412711629198 micromole,1.75 microliter,H2O,CCC(CC#N)n1cc(-c2ccc3[nH]ccc3c2)cn1,suzuki_product_0,0.0 milligram,0.0 micromole,0 microliter,C16H16N4,CCC(CC#N)n1cccn1,dehalogenation_0,0.0 milligram,0.0 micromole,0 microliter,C8H11N3,c1ccc2[nH]ccc2c1,deborylation_0,0.0 milligram,0.0 micromole,0 microliter,C8H7N,CCC(CC#N)N1C=C(C=N1)Cl.CC1(C)OB(C2=CC3=C(NC=C3)C=C2)OC1(C)C>>CCC(CC#N)n1cc(-c2ccc3[nH]ccc3c2)cn1.CCC(CC#N)n1cccn1.c1ccc2[nH]ccc2c1,004_RLN-NB-2443_011_E16,,,,,,,,,,,,,,,,,,,,,6/9/2023 4:33:39 AM,004_rln-nb-2443_011_e16.raw,2min_150_1200.EXP,004_RLN-NB-2443_011_E16,004_RLN-NB-2443_011_E16_004_RLN-NB-2443_011_E16_0,Rxn_Opt_HSST3_2_98,Analog,0,0,0,0,0,5.519427656112974,0.736,0,0,0,False,117.05784922892,1.25,deborylation_0,0,0,0,0,0,208.7087674456309,59.62897587877143,5.519427656112974,194.9,0.736,0,0,0,0,0,0,0,0,0,0,59.16608014499227,14.609830033008734,1.3523274338844766,243.8,1.2693,0,0,0,0,0,0,0,0,0,0,0,0,0,0,0,0,0,0,0,0,0,0,0,0,0,0,0,0,0,0,0,0,0,0,0,0,0,0,0,0,0,0,0,0,0,0,0,0,0,0,0,0,0,0,0,0,0,0,0,0,0,0,0,0,0,0.0,0.0,0.0,0.0,0.0,0.0,0.0,0.0,0.0,0.0,0.0,0.0,0.0,0.0,0.0,0.0,0.0,0.0,0.0,0.0,0.0,0.0,0.0,0.0,0.0,9.800490327193422e-05,24.501225817983556,0.0,0.0,0.0,0.0,0.0,0.0,0.0,0.0,0.0,0.0,0.0,0.0,0.0,0.0,0.0,0.0,0.0,0.0,0.0,0.0,0.0,0.0,0.0,0.0,0.0,0.0,0.0,0.0
112,E17,[Fe].Cl[Pd]Cl.[CH]1[CH][CH][C]([CH]1)P(C2CCCCC2)C3CCCCC3.[CH]4[CH][CH][C]([CH]4)P(C5CCCCC5)C6CCCCC6,PdCl2(dcypf),0.06047272000000001 milligram,0.08000000000000002 micromole,0.06047272000000002 microliter,C34H52Cl2FeP2Pd,CCC(CC#N)N1C=C(C=N1)Cl,3-(4-CHLORO-1H-PYRAZOL-1-YL)PENTANENITRILE,0.07345680000000002 milligram,0.4 micromole,0.07345680000000003 microliter,C8H10ClN3,O=[N+](C1=CC=CC=C1B2OC(C)(C)C(C)(C)O2)[O-],"4,4,5,5-tetramethyl-2-(2-nitrophenyl)-1,3,2-dioxaborolane",0.11955599999999997 milligram,0.48000000000000004 micromole,0.119556 microliter,C12H16BNO4,[Na+].[Na+].[O-]C([O-])=O,Na2CO3,0.31796399999999997 milligram,3.0 micromole,0.317964 microliter,CNa2O3,CN1C=NC2=C1C(=O)N(C(=O)N2C)C,caffeine,0.0776764 milligram,0.4 micromole,0.07767640000000002 microliter,C8H10N4O2,C1COCCO1,dioxane,16.2225 milligram,184.12480421310696 micromole,15.75 microliter,C4H8O2,O,water,1.75 milligram,97.1412711629198 micromole,1.75 microliter,H2O,CCC(CC#N)n1cc(-c2ccccc2[N+](=O)[O-])cn1,suzuki_product_0,0.0 milligram,0.0 micromole,0 microliter,C14H14N4O2,CCC(CC#N)n1cccn1,dehalogenation_0,0.0 milligram,0.0 micromole,0 microliter,C8H11N3,O=[N+]([O-])c1ccccc1,deborylation_0,0.0 milligram,0.0 micromole,0 microliter,C6H5NO2,CCC(CC#N)N1C=C(C=N1)Cl.O=[N+](C1=CC=CC=C1B2OC(C)(C)C(C)(C)O2)[O-]>>CCC(CC#N)n1cc(-c2ccccc2[N+](=O)[O-])cn1.CCC(CC#N)n1cccn1.O=[N+]([O-])c1ccccc1,004_RLN-NB-2443_011_E17,,,,,,,,,,,,,,,,,,,,,6/9/2023 4:36:05 AM,004_rln-nb-2443_011_e17.raw,2min_150_1200.EXP,004_RLN-NB-2443_011_E17,004_RLN-NB-2443_011_E17_004_RLN-NB-2443_011_E,Rxn_Opt_HSST3_2_98,Analog,0,0,0,0,0,5.836808175604155,0.7376,0,0,0,False,123.03202840392001,1.25,deborylation_0,0,0,0,0,0,223.3715492992348,65.30389550799576,5.836808175604155,194.9,0.7376,0,0,0,0,0,0,0,0,0,0,0,0,0,0,0,0,0,0,0,0,0,0,0,0,0,0,0,0,0,0,0,0,0,0,0,0,0,0,0,0,0,0,0,0,0,0,0,0,0,0,0,0,0,0,0,0,0,0,0,0,0,0,0,0,0,0,0,0,0,0,0,0,0,0,0,0,0,0,0,0,0.0,0.0,0.0,0.0,0.0,0.0,0.0,0.0,0.0,0.0,0.0,0.0,0.0,0.0,0.0,0.0,0.0,0.0,0.0,0.0,0.0,0.0,0.0,0.0,0.0,0.0,0.0,0.0,0.0,0.0,0.0,0.0,0.0,0.0,0.0,0.0,0.0,0.0,0.0,0.0,0.0,0.0,0.0,0.0,0.0,0.0,0.0,0.0,0.0,0.0,0.0,0.0,0.0,0.0,0.0
113,E18,[Fe].Cl[Pd]Cl.[CH]1[CH][CH][C]([CH]1)P(C2CCCCC2)C3CCCCC3.[CH]4[CH][CH][C]([CH]4)P(C5CCCCC5)C6CCCCC6,PdCl2(dcypf),0.06047272000000001 milligram,0.08000000000000002 micromole,0.06047272000000002 microliter,C34H52Cl2FeP2Pd,CCC(CC#N)N1C=C(C=N1)Cl,3-(4-CHLORO-1H-PYRAZOL-1-YL)PENTANENITRILE,0.07345680000000002 milligram,0.4 micromole,0.07345680000000003 microliter,C8H10ClN3,O=C(O)C1=CC=CC(B2OC(C)(C)C(C)(C)O2)=C1,"3-(tetramethyl-1,3,2-dioxaborolan-2-yl)benzoic acid",0.11908175999999998 milligram,0.48000000000000004 micromole,0.11908176000000001 microliter,C13H17BO4,[Na+].[Na+].[O-]C([O-])=O,Na2CO3,0.31796399999999997 milligram,3.0 micromole,0.317964 microliter,CNa2O3,CN1C=NC2=C1C(=O)N(C(=O)N2C)C,caffeine,0.0776764 milligram,0.4 micromole,0.07767640000000002 microliter,C8H10N4O2,C1COCCO1,dioxane,16.2225 milligram,184.12480421310696 micromole,15.75 microliter,C4H8O2,O,water,1.75 milligram,97.1412711629198 micromole,1.75 microliter,H2O,CCC(CC#N)n1cc(-c2cccc(C(=O)O)c2)cn1,suzuki_product_0,0.0 milligram,0.0 micromole,0 microliter,C15H15N3O2,CCC(CC#N)n1cccn1,dehalogenation_0,0.0 milligram,0.0 micromole,0 microliter,C8H11N3,O=C(O)c1ccccc1,deborylation_0,0.0 milligram,0.0 micromole,0 microliter,C7H6O2,CCC(CC#N)N1C=C(C=N1)Cl.O=C(O)C1=CC=CC(B2OC(C)(C)C(C)(C)O2)=C1>>CCC(CC#N)n1cc(-c2cccc(C(=O)O)c2)cn1.CCC(CC#N)n1cccn1.O=C(O)c1ccccc1,004_RLN-NB-2443_011_E18,,,,,,,,,,,,,,,,,,,,,6/9/2023 4:38:32 AM,004_rln-nb-2443_011_e18.raw,2min_150_1200.EXP,004_RLN-NB-2443_011_E18,004_RLN-NB-2443_011_E18_004_RLN-NB-2443_011_E18,Rxn_Opt_HSST3_2_98,Analog,0,0,0,0,0,4.572810897366412,0.736,0,0,0,False,122.03677943156,1.25,deborylation_0,0,0,0,0,0,187.43133434820916,31.384737841009276,4.572810897366412,194.9,0.736,0,0,0,0,0,0,0,0,0,0,0,0,0,0,0,0,0,0,0,0,0,0,0,0,0,0,0,0,0,0,0,0,0,0,0,0,0,0,0,0,0,0,0,0,0,0,0,0,0,0,0,0,0,0,0,0,0,0,0,0,0,0,0,0,0,0,0,0,0,0,0,0,0,0,0,0,0,0,0,0,0.0,0.0,0.0,0.0,0.0,0.0,0.0,0.0,0.0,0.0,0.0,0.0,0.0,0.0,0.0,0.0,0.0,0.0,0.0,0.0,0.0,0.0,0.0,0.0,0.0,0.0,0.0,0.0,0.0,0.0,0.0,0.0,0.0,0.0,0.0,0.0,0.0,0.0,0.0,0.0,0.0,0.0,0.0,0.0,0.0,0.0,0.0,0.0,0.0,0.0,0.0,0.0,0.0,0.0,0.0
114,E19,COC1=CC=C(C(P(C(C)(C)C)C(C)(C)C)=C1C2=C(C=C(C=C2C(C)C)C(C)C)C(C)C)OC.NC3=C(C=CC=C3)C4=C(C=CC=C4)[Pd]OS(C)(=O)=O,tBuBrettPhos Pd G3,0.06835544000000003 milligram,0.08000000000000002 micromole,0.06835544000000005 microliter,C44H62NO5PPdS,CCC(CC#N)N1C=C(C=N1)Cl,3-(4-CHLORO-1H-PYRAZOL-1-YL)PENTANENITRILE,0.07345680000000002 milligram,0.4 micromole,0.07345680000000003 microliter,C8H10ClN3,B1(OC(C(O1)(C)C)(C)C)C2=CN(N=C2C)C,"1,3-dimethyl-4-(4,4,5,5-tetramethyl-1,3,2-dioxaborolan-2-yl)-1H-pyrazole",0.10660655999999999 milligram,0.48000000000000004 micromole,0.10660656000000002 microliter,C11H19BN2O2,[Na+].[Na+].[O-]C([O-])=O,Na2CO3,0.31796399999999997 milligram,3.0 micromole,0.317964 microliter,CNa2O3,CN1C=NC2=C1C(=O)N(C(=O)N2C)C,caffeine,0.0776764 milligram,0.4 micromole,0.07767640000000002 microliter,C8H10N4O2,C1COCCO1,dioxane,16.2225 milligram,184.12480421310696 micromole,15.75 microliter,C4H8O2,O,water,1.75 milligram,97.1412711629198 micromole,1.75 microliter,H2O,CCC(CC#N)n1cc(-c2cn(C)nc2C)cn1,suzuki_product_0,0.0 milligram,0.0 micromole,0 microliter,C13H17N5,CCC(CC#N)n1cccn1,dehalogenation_0,0.0 milligram,0.0 micromole,0 microliter,C8H11N3,Cc1ccn(C)n1,deborylation_0,0.0 milligram,0.0 micromole,0 microliter,C5H8N2,CCC(CC#N)N1C=C(C=N1)Cl.B1(OC(C(O1)(C)C)(C)C)C2=CN(N=C2C)C>>CCC(CC#N)n1cc(-c2cn(C)nc2C)cn1.CCC(CC#N)n1cccn1.Cc1ccn(C)n1,004_RLN-NB-2443_011_E19,,,,,,,,,,,,,,,,,,,,,6/9/2023 4:41:00 AM,004_rln-nb-2443_011_e19.raw,2min_150_1200.EXP,004_RLN-NB-2443_011_E19,004_RLN-NB-2443_011_E19_004_RLN-NB-2443_011_E19_0,Rxn_Opt_HSST3_2_98,Analog,0,0,0,0,0,5.302812792912368,0.7343,0,0,0,False,96.06874826542,1.25,deborylation_0,0,0,0,0,0,210.30697033184177,28.174952330555627,5.302812792912368,195,0.7343,0,0,0,0,0,0,0,0,0,0,0,0,0,0,0,0,0,0,0,0,0,0,0,0,0,0,0,0,0,0,0,0,0,0,0,0,0,0,0,0,0,0,0,0,0,0,0,0,0,0,0,0,0,0,0,0,0,0,0,0,0,0,0,0,0,0,0,0,0,0,0,0,0,0,0,0,0,0,0,0,0.0,0.0,0.0,0.0,0.0,0.0,0.0,0.0,0.0,0.0,0.0,0.0,0.0,0.0,0.0,0.0,0.0,0.0,0.0,0.0,0.0,0.0,0.0,0.0,0.0,0.0,0.0,0.0,0.0,0.0,0.0,0.0,0.0,0.0,0.0,0.0,0.0,0.0,0.0,0.0,0.0,0.0,0.0,0.0,0.0,0.0,0.0,0.0,0.0,0.0,0.0,0.0,0.0,0.0,0.0
115,E20,COC1=CC=C(C(P(C(C)(C)C)C(C)(C)C)=C1C2=C(C=C(C=C2C(C)C)C(C)C)C(C)C)OC.NC3=C(C=CC=C3)C4=C(C=CC=C4)[Pd]OS(C)(=O)=O,tBuBrettPhos Pd G3,0.06835544000000003 milligram,0.08000000000000002 micromole,0.06835544000000005 microliter,C44H62NO5PPdS,CCC(CC#N)N1C=C(C=N1)Cl,3-(4-CHLORO-1H-PYRAZOL-1-YL)PENTANENITRILE,0.07345680000000002 milligram,0.4 micromole,0.07345680000000003 microliter,C8H10ClN3,B1(OC(C(O1)(C)C)(C)C)C2=CN=C(C=C2)C,"2-methyl-5-(4,4,5,5-tetramethyl-1,3,2-dioxaborolan-2-yl)pyridine",0.10516464 milligram,0.48000000000000004 micromole,0.10516464000000003 microliter,C12H18BNO2,[Na+].[Na+].[O-]C([O-])=O,Na2CO3,0.31796399999999997 milligram,3.0 micromole,0.317964 microliter,CNa2O3,CN1C=NC2=C1C(=O)N(C(=O)N2C)C,caffeine,0.0776764 milligram,0.4 micromole,0.07767640000000002 microliter,C8H10N4O2,C1COCCO1,dioxane,16.2225 milligram,184.12480421310696 micromole,15.75 microliter,C4H8O2,O,water,1.75 milligram,97.1412711629198 micromole,1.75 microliter,H2O,CCC(CC#N)n1cc(-c2ccc(C)nc2)cn1,suzuki_product_0,0.0 milligram,0.0 micromole,0 microliter,C14H16N4,CCC(CC#N)n1cccn1,dehalogenation_0,0.0 milligram,0.0 micromole,0 microliter,C8H11N3,Cc1ccccn1,deborylation_0,0.0 milligram,0.0 micromole,0 microliter,C6H7N,CCC(CC#N)N1C=C(C=N1)Cl.B1(OC(C(O1)(C)C)(C)C)C2=CN=C(C=C2)C>>CCC(CC#N)n1cc(-c2ccc(C)nc2)cn1.CCC(CC#N)n1cccn1.Cc1ccccn1,004_RLN-NB-2443_011_E20,,,,,,,,,,,,,,,,,,,,,6/9/2023 4:43:27 AM,004_rln-nb-2443_011_e20.raw,2min_150_1200.EXP,004_RLN-NB-2443_011_E20,004_RLN-NB-2443_011_E20_004_RLN-NB-2443_011_E20_004,Rxn_Opt_HSST3_2_98,Analog,0,0,0,0,0,4.859771334212461,0.736,0,0,0,False,93.05784922892,1.25,deborylation_0,0,0,0,0,0,189.47119876475423,29.98064451916062,4.859771334212461,194.9,0.736,0,0,0,0,0,0,0,0,0,0,0,0,0,0,0,0,0,0,0,0,0,0,0,0,0,0,0,0,0,0,0,0,0,0,0,0,0,0,0,0,0,0,0,0,0,0,0,0,0,0,0,0,0,0,0,0,0,0,0,0,0,0,0,0,0,0,0,0,0,0,0,0,0,0,0,0,0,0,0,0,0.0,0.0,0.0,0.0,0.0,0.0,0.0,0.0,0.0,0.0,0.0,0.0,0.0,0.0,0.0,0.0,0.0,0.0,0.0,0.0,0.0,0.0,0.0,0.0,0.0,0.0,0.0,0.0,0.0,0.0,0.0,0.0,0.0,0.0,0.0,0.0,0.0,0.0,0.0,0.0,0.0,0.0,0.0,0.0,0.0,0.0,0.0,0.0,0.0,0.0,0.0,0.0,0.0,0.0,0.0
116,E21,COC1=CC=C(C(P(C(C)(C)C)C(C)(C)C)=C1C2=C(C=C(C=C2C(C)C)C(C)C)C(C)C)OC.NC3=C(C=CC=C3)C4=C(C=CC=C4)[Pd]OS(C)(=O)=O,tBuBrettPhos Pd G3,0.06835544000000003 milligram,0.08000000000000002 micromole,0.06835544000000005 microliter,C44H62NO5PPdS,CCC(CC#N)N1C=C(C=N1)Cl,3-(4-CHLORO-1H-PYRAZOL-1-YL)PENTANENITRILE,0.07345680000000002 milligram,0.4 micromole,0.07345680000000003 microliter,C8H10ClN3,CC1(C)OB(C2=CN(C)N=C2)OC1(C)C,"1-methyl-4-(tetramethyl-1,3,2-dioxaborolan-2-yl)-1H-pyrazole",0.09987359999999999 milligram,0.48000000000000004 micromole,0.09987360000000002 microliter,C10H17BN2O2,[Na+].[Na+].[O-]C([O-])=O,Na2CO3,0.31796399999999997 milligram,3.0 micromole,0.317964 microliter,CNa2O3,CN1C=NC2=C1C(=O)N(C(=O)N2C)C,caffeine,0.0776764 milligram,0.4 micromole,0.07767640000000002 microliter,C8H10N4O2,C1COCCO1,dioxane,16.2225 milligram,184.12480421310696 micromole,15.75 microliter,C4H8O2,O,water,1.75 milligram,97.1412711629198 micromole,1.75 microliter,H2O,CCC(CC#N)n1cc(-c2cnn(C)c2)cn1,suzuki_product_0,0.0 milligram,0.0 micromole,0 microliter,C12H15N5,CCC(CC#N)n1cccn1,dehalogenation_0,0.0 milligram,0.0 micromole,0 microliter,C8H11N3,Cn1cccn1,deborylation_0,0.0 milligram,0.0 micromole,0 microliter,C4H6N2,CCC(CC#N)N1C=C(C=N1)Cl.CC1(C)OB(C2=CN(C)N=C2)OC1(C)C>>CCC(CC#N)n1cc(-c2cnn(C)c2)cn1.CCC(CC#N)n1cccn1.Cn1cccn1,004_RLN-NB-2443_011_E21,,,,,,,,,,,,,,,,,,,,,6/9/2023 4:45:55 AM,004_rln-nb-2443_011_e21.raw,2min_150_1200.EXP,004_RLN-NB-2443_011_E21,004_RLN-NB-2443_011_E21_004_RLN-NB-2443_011_E21_0,Rxn_Opt_HSST3_2_98,Analog,0,0,0,0,0,5.293748583391616,0.7343,0,0,0,False,82.05309820128,1.25,deborylation_0,0,0,0,0,0,206.78996909150786,25.09582333526116,5.293748583391616,194.9,0.7343,0,0,0,0,0,0,0,0,0,0,0,0,0,0,0,0,0,0,0,0,0,0,0,0,0,0,0,0,0,0,0,0,0,0,0,0,0,0,0,0,0,0,0,0,0,0,0,0,0,0,0,0,0,0,0,0,0,0,0,0,0,0,0,0,0,0,0,0,0,0,0,0,0,0,0,0,0,0,0,0,0.0,0.0,0.0,0.0,0.0,0.0,0.0,0.0,0.0,0.0,0.0,0.0,0.0,0.0,0.0,0.0,0.0,0.0,0.0,0.0,0.0,0.0,0.0,0.0,0.0,0.0,0.0,0.0,0.0,0.0,0.0,0.0,0.0,0.0,0.0,0.0,0.0,0.0,0.0,0.0,0.0,0.0,0.0,0.0,0.0,0.0,0.0,0.0,0.0,0.0,0.0,0.0,0.0,0.0,0.0
117,E22,COC1=CC=C(C(P(C(C)(C)C)C(C)(C)C)=C1C2=C(C=C(C=C2C(C)C)C(C)C)C(C)C)OC.NC3=C(C=CC=C3)C4=C(C=CC=C4)[Pd]OS(C)(=O)=O,tBuBrettPhos Pd G3,0.06835544000000003 milligram,0.08000000000000002 micromole,0.06835544000000005 microliter,C44H62NO5PPdS,CCC(CC#N)N1C=C(C=N1)Cl,3-(4-CHLORO-1H-PYRAZOL-1-YL)PENTANENITRILE,0.07345680000000002 milligram,0.4 micromole,0.07345680000000003 microliter,C8H10ClN3,CC1(C)OB(C2=CC3=C(NC=C3)C=C2)OC1(C)C,"5-(tetramethyl-1,3,2-dioxaborolan-2-yl)-1H-indole",0.11669520000000001 milligram,0.48000000000000004 micromole,0.11669520000000004 microliter,C14H18BNO2,[Na+].[Na+].[O-]C([O-])=O,Na2CO3,0.31796399999999997 milligram,3.0 micromole,0.317964 microliter,CNa2O3,CN1C=NC2=C1C(=O)N(C(=O)N2C)C,caffeine,0.0776764 milligram,0.4 micromole,0.07767640000000002 microliter,C8H10N4O2,C1COCCO1,dioxane,16.2225 milligram,184.12480421310696 micromole,15.75 microliter,C4H8O2,O,water,1.75 milligram,97.1412711629198 micromole,1.75 microliter,H2O,CCC(CC#N)n1cc(-c2ccc3[nH]ccc3c2)cn1,suzuki_product_0,0.0 milligram,0.0 micromole,0 microliter,C16H16N4,CCC(CC#N)n1cccn1,dehalogenation_0,0.0 milligram,0.0 micromole,0 microliter,C8H11N3,c1ccc2[nH]ccc2c1,deborylation_0,0.0 milligram,0.0 micromole,0 microliter,C8H7N,CCC(CC#N)N1C=C(C=N1)Cl.CC1(C)OB(C2=CC3=C(NC=C3)C=C2)OC1(C)C>>CCC(CC#N)n1cc(-c2ccc3[nH]ccc3c2)cn1.CCC(CC#N)n1cccn1.c1ccc2[nH]ccc2c1,004_RLN-NB-2443_011_E22,,,,,,,,,,,,,,,,,,,,,6/9/2023 4:48:22 AM,004_rln-nb-2443_011_e22.raw,2min_150_1200.EXP,004_RLN-NB-2443_011_E22,004_RLN-NB-2443_011_E22_004_RLN-NB-2443_011_E22_004,Rxn_Opt_HSST3_2_98,Analog,0,0,0,0,0,4.64896156197079,0.736,0,0,0,False,117.05784922892,1.25,deborylation_0,0,0,0,0,0,185.40395906718072,24.056154516203243,4.64896156197079,194.9,0.736,0,0,0,0,0,0,0,0,0,0,0,0,0,0,0,0,0,0,0,0,0,0,0,0,0,0,0,0,0,0,0,0,0,0,0,0,0,0,0,0,0,0,0,0,0,0,0,0,0,0,0,0,0,0,0,0,0,0,0,0,0,0,0,0,0,0,0,0,0,0,0,0,0,0,0,0,0,0,0,0,0.0,0.0,0.0,0.0,0.0,0.0,0.0,0.0,0.0,0.0,0.0,0.0,0.0,0.0,0.0,0.0,0.0,0.0,0.0,0.0,0.0,0.0,0.0,0.0,0.0,0.0,0.0,0.0,0.0,0.0,0.0,0.0,0.0,0.0,0.0,0.0,0.0,0.0,0.0,0.0,0.0,0.0,0.0,0.0,0.0,0.0,0.0,0.0,0.0,0.0,0.0,0.0,0.0,0.0,0.0
118,E23,COC1=CC=C(C(P(C(C)(C)C)C(C)(C)C)=C1C2=C(C=C(C=C2C(C)C)C(C)C)C(C)C)OC.NC3=C(C=CC=C3)C4=C(C=CC=C4)[Pd]OS(C)(=O)=O,tBuBrettPhos Pd G3,0.06835544000000003 milligram,0.08000000000000002 micromole,0.06835544000000005 microliter,C44H62NO5PPdS,CCC(CC#N)N1C=C(C=N1)Cl,3-(4-CHLORO-1H-PYRAZOL-1-YL)PENTANENITRILE,0.07345680000000002 milligram,0.4 micromole,0.07345680000000003 microliter,C8H10ClN3,O=[N+](C1=CC=CC=C1B2OC(C)(C)C(C)(C)O2)[O-],"4,4,5,5-tetramethyl-2-(2-nitrophenyl)-1,3,2-dioxaborolane",0.11955599999999997 milligram,0.48000000000000004 micromole,0.119556 microliter,C12H16BNO4,[Na+].[Na+].[O-]C([O-])=O,Na2CO3,0.31796399999999997 milligram,3.0 micromole,0.317964 microliter,CNa2O3,CN1C=NC2=C1C(=O)N(C(=O)N2C)C,caffeine,0.0776764 milligram,0.4 micromole,0.07767640000000002 microliter,C8H10N4O2,C1COCCO1,dioxane,16.2225 milligram,184.12480421310696 micromole,15.75 microliter,C4H8O2,O,water,1.75 milligram,97.1412711629198 micromole,1.75 microliter,H2O,CCC(CC#N)n1cc(-c2ccccc2[N+](=O)[O-])cn1,suzuki_product_0,0.0 milligram,0.0 micromole,0 microliter,C14H14N4O2,CCC(CC#N)n1cccn1,dehalogenation_0,0.0 milligram,0.0 micromole,0 microliter,C8H11N3,O=[N+]([O-])c1ccccc1,deborylation_0,0.0 milligram,0.0 micromole,0 microliter,C6H5NO2,CCC(CC#N)N1C=C(C=N1)Cl.O=[N+](C1=CC=CC=C1B2OC(C)(C)C(C)(C)O2)[O-]>>CCC(CC#N)n1cc(-c2ccccc2[N+](=O)[O-])cn1.CCC(CC#N)n1cccn1.O=[N+]([O-])c1ccccc1,004_RLN-NB-2443_011_E23,,,,,,,,,,,,,,,,,,,,,6/9/2023 4:50:49 AM,004_rln-nb-2443_011_e23.raw,2min_150_1200.EXP,004_RLN-NB-2443_011_E23,004_RLN-NB-2443_011_E23_004_RLN-NB-2443_011_E23,Rxn_Opt_HSST3_2_98,Analog,0,0,0,0,0,5.175963218125739,0.7343,0,0,0,False,123.03202840392001,1.25,deborylation_0,0,0,0,0,0,197.18610342061885,26.866050176580586,5.175963218125739,195,0.7343,0,0,0,0,0,0,0,0,0,0,0,0,0,0,0,0,0,0,0,0,0,0,0,0,0,0,0,0,0,0,0,0,0,0,0,0,0,0,0,0,0,0,0,0,0,0,0,0,0,0,0,0,0,0,0,0,0,0,0,0,0,0,0,0,0,0,0,0,0,0,0,0,0,0,0,0,0,0,0,0,0.0,0.0,0.0,0.0,0.0,0.0,0.0,0.0,0.0,0.0,0.0,0.0,0.0,0.0,0.0,0.0,0.0,0.0,0.0,0.0,0.0,0.0,0.0,0.0,0.0,0.0,0.0,0.0,0.0,0.0,0.0,0.0,0.0,0.0,0.0,0.0,0.0,0.0,0.0,0.0,0.0,0.0,0.0,0.0,0.0,0.0,0.0,0.0,0.0,0.0,0.0,0.0,0.0,0.0,0.0
119,E24,COC1=CC=C(C(P(C(C)(C)C)C(C)(C)C)=C1C2=C(C=C(C=C2C(C)C)C(C)C)C(C)C)OC.NC3=C(C=CC=C3)C4=C(C=CC=C4)[Pd]OS(C)(=O)=O,tBuBrettPhos Pd G3,0.06835544000000003 milligram,0.08000000000000002 micromole,0.06835544000000005 microliter,C44H62NO5PPdS,CCC(CC#N)N1C=C(C=N1)Cl,3-(4-CHLORO-1H-PYRAZOL-1-YL)PENTANENITRILE,0.07345680000000002 milligram,0.4 micromole,0.07345680000000003 microliter,C8H10ClN3,O=C(O)C1=CC=CC(B2OC(C)(C)C(C)(C)O2)=C1,"3-(tetramethyl-1,3,2-dioxaborolan-2-yl)benzoic acid",0.11908175999999998 milligram,0.48000000000000004 micromole,0.11908176000000001 microliter,C13H17BO4,[Na+].[Na+].[O-]C([O-])=O,Na2CO3,0.31796399999999997 milligram,3.0 micromole,0.317964 microliter,CNa2O3,CN1C=NC2=C1C(=O)N(C(=O)N2C)C,caffeine,0.0776764 milligram,0.4 micromole,0.07767640000000002 microliter,C8H10N4O2,C1COCCO1,dioxane,16.2225 milligram,184.12480421310696 micromole,15.75 microliter,C4H8O2,O,water,1.75 milligram,97.1412711629198 micromole,1.75 microliter,H2O,CCC(CC#N)n1cc(-c2cccc(C(=O)O)c2)cn1,suzuki_product_0,0.0 milligram,0.0 micromole,0 microliter,C15H15N3O2,CCC(CC#N)n1cccn1,dehalogenation_0,0.0 milligram,0.0 micromole,0 microliter,C8H11N3,O=C(O)c1ccccc1,deborylation_0,0.0 milligram,0.0 micromole,0 microliter,C7H6O2,CCC(CC#N)N1C=C(C=N1)Cl.O=C(O)C1=CC=CC(B2OC(C)(C)C(C)(C)O2)=C1>>CCC(CC#N)n1cc(-c2cccc(C(=O)O)c2)cn1.CCC(CC#N)n1cccn1.O=C(O)c1ccccc1,004_RLN-NB-2443_011_E24,,,,,,,,,,,,,,,,,,,,,6/9/2023 4:53:17 AM,004_rln-nb-2443_011_e24.raw,2min_150_1200.EXP,004_RLN-NB-2443_011_E24,004_RLN-NB-2443_011_E24_004_RLN-NB-2443_011_E24_0,Rxn_Opt_HSST3_2_98,Analog,0,0,0,0,0,5.469827321118966,0.7343,0,0,0,False,122.03677943156,1.25,deborylation_0,0,0,0,0,0,225.56509651119887,19.25392546509016,5.469827321118966,195,0.7343,0,0,0,0,0,0,0,0,0,0,0,0,0,0,0,0,0,0,0,0,0,0,0,0,0,0,0,0,0,0,0,0,0,0,0,0,0,0,0,0,0,0,0,0,0,0,0,0,0,0,0,0,0,0,0,0,0,0,0,0,0,0,0,0,0,0,0,0,0,0,0,0,0,0,0,0,0,0,0,0,0.0,0.0,0.0,0.0,0.0,0.0,0.0,0.0,0.0,0.0,0.0,0.0,0.0,0.0,0.0,0.0,0.0,0.0,0.0,0.0,0.0,0.0,0.0,0.0,0.0,0.0,0.0,0.0,0.0,0.0,0.0,0.0,0.0,0.0,0.0,0.0,0.0,0.0,0.0,0.0,0.0,0.0,0.0,0.0,0.0,0.0,0.0,0.0,0.0,0.0,0.0,0.0,0.0,0.0,0.0
120,F1,CC(C)C1=CC(C(C)C)=CC(C(C)C)=C1C2=C([P+](C3CCCCC3)([Pd-2]4(OS(C)(=O)=O)C(C=CC=C5)=C5C6=C([NH+]4C)C=CC=C6)C7CCCCC7)C=CC=C2,XPhos Pd G4,0.06883952 milligram,0.08000000000000002 micromole,0.06883952000000002 microliter,C47H64NO3PPdS,C1=CC=C(C=C1)OCCC(C2=CC=C(C=C2)Cl)N.Cl,1-(1-amino-3-phenoxypropyl)-4-chlorobenzene hydrochloride,0.11928520000000001 milligram,0.4 micromole,0.11928520000000004 microliter,C15H17Cl2NO,B1(OC(C(O1)(C)C)(C)C)C2=CN(N=C2C)C,"1,3-dimethyl-4-(4,4,5,5-tetramethyl-1,3,2-dioxaborolan-2-yl)-1H-pyrazole",0.10660655999999999 milligram,0.48000000000000004 micromole,0.10660656000000002 microliter,C11H19BN2O2,[Na+].[Na+].[O-]C([O-])=O,Na2CO3,0.31796399999999997 milligram,3.0 micromole,0.317964 microliter,CNa2O3,CN1C=NC2=C1C(=O)N(C(=O)N2C)C,caffeine,0.0776764 milligram,0.4 micromole,0.07767640000000002 microliter,C8H10N4O2,C1COCCO1,dioxane,16.2225 milligram,184.12480421310696 micromole,15.75 microliter,C4H8O2,O,water,1.75 milligram,97.1412711629198 micromole,1.75 microliter,H2O,Cc1nn(C)cc1-c1ccc(C(N)CCOc2ccccc2)cc1,suzuki_product_0,0.0 milligram,0.0 micromole,0 microliter,C20H23N3O,NC(CCOc1ccccc1)c1ccccc1,dehalogenation_0,0.0 milligram,0.0 micromole,0 microliter,C15H17NO,Cc1ccn(C)n1,deborylation_0,0.0 milligram,0.0 micromole,0 microliter,C5H8N2,C1=CC=C(C=C1)OCCC(C2=CC=C(C=C2)Cl)N.Cl.B1(OC(C(O1)(C)C)(C)C)C2=CN(N=C2C)C>>Cc1nn(C)cc1-c1ccc(C(N)CCOc2ccccc2)cc1.NC(CCOc1ccccc1)c1ccccc1.Cc1ccn(C)n1,004_RLN-NB-2443_011_F1,,,,,,,,,,,,,,,,,,,,,6/9/2023 4:55:43 AM,004_rln-nb-2443_011_f1.raw,2min_150_1200.EXP,004_RLN-NB-2443_011_F1,004_RLN-NB-2443_011_F1_004_RLN-NB-2443_011_F1,Rxn_Opt_HSST3_2_98,Analog,0,0,0,0,0,5.5151385560665735,0.7343,0.39198201821572615,1.1076,0,False,96.06874826542,1.25,deborylation_0,0,0,0,0,0,209.1523717713422,15.75461623322456,5.5151385560665735,195,0.7343,0,0,0,0,0,0,0,0,0,0,0,0,0,0,0,0,0,0,0,0,0,0,0,0,0,0,0,0,0,0,0,0,0,0,0,0,0,0,0,0,0,0,0,0,0,0,0,0,0,0,0,0,0,0,0,0,0,0,0,0,0,0,0,0,0,0,0,0,0,0,0,0,0,0,0,0,0,0,0,0,0.0,0.0,0.0,0.0,0.0,0.0,0.0,0.0,0.0,0.0,12.564334004352158,1.1197409103204876,0.39198201821572615,223.1,1.1076,0.0,0.0,2.842953185896311e-05,7.107382964740777,0.0,0.0,0.0,0.0,0.0,0.0,0.0,0.0,0.0,0.0,0.0,0.0,0.0,0.0,0.0,0.0,0.0,0.0,0.0,0.0,0.0,0.0,0.0,0.0,0.0,0.0,0.0,0.0,0.0,0.0,0.0,0.0,0.0,0.0,0.0,0.0
121,F2,CC(C)C1=CC(C(C)C)=CC(C(C)C)=C1C2=C([P+](C3CCCCC3)([Pd-2]4(OS(C)(=O)=O)C(C=CC=C5)=C5C6=C([NH+]4C)C=CC=C6)C7CCCCC7)C=CC=C2,XPhos Pd G4,0.06883952 milligram,0.08000000000000002 micromole,0.06883952000000002 microliter,C47H64NO3PPdS,C1=CC=C(C=C1)OCCC(C2=CC=C(C=C2)Cl)N.Cl,1-(1-amino-3-phenoxypropyl)-4-chlorobenzene hydrochloride,0.11928520000000001 milligram,0.4 micromole,0.11928520000000004 microliter,C15H17Cl2NO,B1(OC(C(O1)(C)C)(C)C)C2=CN=C(C=C2)C,"2-methyl-5-(4,4,5,5-tetramethyl-1,3,2-dioxaborolan-2-yl)pyridine",0.10516464 milligram,0.48000000000000004 micromole,0.10516464000000003 microliter,C12H18BNO2,[Na+].[Na+].[O-]C([O-])=O,Na2CO3,0.31796399999999997 milligram,3.0 micromole,0.317964 microliter,CNa2O3,CN1C=NC2=C1C(=O)N(C(=O)N2C)C,caffeine,0.0776764 milligram,0.4 micromole,0.07767640000000002 microliter,C8H10N4O2,C1COCCO1,dioxane,16.2225 milligram,184.12480421310696 micromole,15.75 microliter,C4H8O2,O,water,1.75 milligram,97.1412711629198 micromole,1.75 microliter,H2O,Cc1ccc(-c2ccc(C(N)CCOc3ccccc3)cc2)cn1,suzuki_product_0,0.0 milligram,0.0 micromole,0 microliter,C21H22N2O,NC(CCOc1ccccc1)c1ccccc1,dehalogenation_0,0.0 milligram,0.0 micromole,0 microliter,C15H17NO,Cc1ccccn1,deborylation_0,0.0 milligram,0.0 micromole,0 microliter,C6H7N,C1=CC=C(C=C1)OCCC(C2=CC=C(C=C2)Cl)N.Cl.B1(OC(C(O1)(C)C)(C)C)C2=CN=C(C=C2)C>>Cc1ccc(-c2ccc(C(N)CCOc3ccccc3)cc2)cn1.NC(CCOc1ccccc1)c1ccccc1.Cc1ccccn1,004_RLN-NB-2443_011_F2,,,,,,,,,,,,,,,,,,,,,6/9/2023 4:58:11 AM,004_rln-nb-2443_011_f2.raw,2min_150_1200.EXP,004_RLN-NB-2443_011_F2,004_RLN-NB-2443_011_F2_004_RLN-NB-2443_011_F2_0,Rxn_Opt_HSST3_2_98,Analog,0,0,0,0,0,5.85893132222173,0.7376,0,0,0,False,93.05784922892,1.25,deborylation_0,0,0,0,0,0,206.97622616963838,16.572471913134574,5.85893132222173,195,0.7376,0,0,0,0,0,0,0,0,0,0,0,0,0,0,0,0,0,0,0,0,0,0,0,0,0,0,0,0,0,0,0,0,0,0,0,0,0,0,0,0,0,0,0,0,0,0,0,0,0,0,0,0,0,0,0,0,0,0,0,0,0,0,0,0,0,0,0,0,0,0,0,0,0,0,0,0,0,0,0,0,0.0,0.0,0.0,0.0,0.0,0.0,0.0,0.0,0.0,0.0,0.0,0.0,0.0,0.0,0.0,0.0,0.0,0.0,0.0,0.0,0.0,0.0,0.0,0.0,0.0,0.0,0.0,0.0,0.0,0.0,0.0,0.0,0.0,0.0,0.0,0.0,0.0,0.0,0.0,0.0,0.0,0.0,0.0,0.0,0.0,0.0,0.0,0.0,0.0,0.0,0.0,0.0,0.0,0.0,0.0
122,F3,CC(C)C1=CC(C(C)C)=CC(C(C)C)=C1C2=C([P+](C3CCCCC3)([Pd-2]4(OS(C)(=O)=O)C(C=CC=C5)=C5C6=C([NH+]4C)C=CC=C6)C7CCCCC7)C=CC=C2,XPhos Pd G4,0.06883952 milligram,0.08000000000000002 micromole,0.06883952000000002 microliter,C47H64NO3PPdS,C1=CC=C(C=C1)OCCC(C2=CC=C(C=C2)Cl)N.Cl,1-(1-amino-3-phenoxypropyl)-4-chlorobenzene hydrochloride,0.11928520000000001 milligram,0.4 micromole,0.11928520000000004 microliter,C15H17Cl2NO,CC1(C)OB(C2=CN(C)N=C2)OC1(C)C,"1-methyl-4-(tetramethyl-1,3,2-dioxaborolan-2-yl)-1H-pyrazole",0.09987359999999999 milligram,0.48000000000000004 micromole,0.09987360000000002 microliter,C10H17BN2O2,[Na+].[Na+].[O-]C([O-])=O,Na2CO3,0.31796399999999997 milligram,3.0 micromole,0.317964 microliter,CNa2O3,CN1C=NC2=C1C(=O)N(C(=O)N2C)C,caffeine,0.0776764 milligram,0.4 micromole,0.07767640000000002 microliter,C8H10N4O2,C1COCCO1,dioxane,16.2225 milligram,184.12480421310696 micromole,15.75 microliter,C4H8O2,O,water,1.75 milligram,97.1412711629198 micromole,1.75 microliter,H2O,Cn1cc(-c2ccc(C(N)CCOc3ccccc3)cc2)cn1,suzuki_product_0,0.0 milligram,0.0 micromole,0 microliter,C19H21N3O,NC(CCOc1ccccc1)c1ccccc1,dehalogenation_0,0.0 milligram,0.0 micromole,0 microliter,C15H17NO,Cn1cccn1,deborylation_0,0.0 milligram,0.0 micromole,0 microliter,C4H6N2,C1=CC=C(C=C1)OCCC(C2=CC=C(C=C2)Cl)N.Cl.CC1(C)OB(C2=CN(C)N=C2)OC1(C)C>>Cn1cc(-c2ccc(C(N)CCOc3ccccc3)cc2)cn1.NC(CCOc1ccccc1)c1ccccc1.Cn1cccn1,004_RLN-NB-2443_011_F3,,,,,,,,,,,,,,,,,,,,,6/9/2023 5:00:38 AM,004_rln-nb-2443_011_f3.raw,2min_150_1200.EXP,004_RLN-NB-2443_011_F3,004_RLN-NB-2443_011_F3_004_RLN-NB-2443_011_F3,Rxn_Opt_HSST3_2_98,Analog,0,0,0,0,0,5.4678630434472995,0.7343,0,0,0,False,82.05309820128,1.25,deborylation_0,0,0,0,0,0,218.4672004976965,15.64008911903646,5.4678630434472995,194.9,0.7343,0,0,0,0,0,0,0,0,0,0,0,0,0,0,0,0,0,0,0,0,0,0,0,0,0,0,0,0,0,0,0,0,0,0,0,0,0,0,0,0,0,0,0,0,0,0,0,0,0,0,0,0,0,0,0,0,0,0,0,0,0,0,0,0,0,0,0,0,0,0,0,0,0,0,0,0,0,0,0,0,0.0,0.0,0.0,0.0,0.0,0.0,0.0,0.0,0.0,0.0,0.0,0.0,0.0,0.0,0.0,0.0,0.0,0.0,0.0,0.0,0.0,0.0,0.0,0.0,0.0,0.0,0.0,0.0,0.0,0.0,0.0,0.0,0.0,0.0,0.0,0.0,0.0,0.0,0.0,0.0,0.0,0.0,0.0,0.0,0.0,0.0,0.0,0.0,0.0,0.0,0.0,0.0,0.0,0.0,0.0
123,F4,CC(C)C1=CC(C(C)C)=CC(C(C)C)=C1C2=C([P+](C3CCCCC3)([Pd-2]4(OS(C)(=O)=O)C(C=CC=C5)=C5C6=C([NH+]4C)C=CC=C6)C7CCCCC7)C=CC=C2,XPhos Pd G4,0.06883952 milligram,0.08000000000000002 micromole,0.06883952000000002 microliter,C47H64NO3PPdS,C1=CC=C(C=C1)OCCC(C2=CC=C(C=C2)Cl)N.Cl,1-(1-amino-3-phenoxypropyl)-4-chlorobenzene hydrochloride,0.11928520000000001 milligram,0.4 micromole,0.11928520000000004 microliter,C15H17Cl2NO,CC1(C)OB(C2=CC3=C(NC=C3)C=C2)OC1(C)C,"5-(tetramethyl-1,3,2-dioxaborolan-2-yl)-1H-indole",0.11669520000000001 milligram,0.48000000000000004 micromole,0.11669520000000004 microliter,C14H18BNO2,[Na+].[Na+].[O-]C([O-])=O,Na2CO3,0.31796399999999997 milligram,3.0 micromole,0.317964 microliter,CNa2O3,CN1C=NC2=C1C(=O)N(C(=O)N2C)C,caffeine,0.0776764 milligram,0.4 micromole,0.07767640000000002 microliter,C8H10N4O2,C1COCCO1,dioxane,16.2225 milligram,184.12480421310696 micromole,15.75 microliter,C4H8O2,O,water,1.75 milligram,97.1412711629198 micromole,1.75 microliter,H2O,NC(CCOc1ccccc1)c1ccc(-c2ccc3[nH]ccc3c2)cc1,suzuki_product_0,0.0 milligram,0.0 micromole,0 microliter,C23H22N2O,NC(CCOc1ccccc1)c1ccccc1,dehalogenation_0,0.0 milligram,0.0 micromole,0 microliter,C15H17NO,c1ccc2[nH]ccc2c1,deborylation_0,0.0 milligram,0.0 micromole,0 microliter,C8H7N,C1=CC=C(C=C1)OCCC(C2=CC=C(C=C2)Cl)N.Cl.CC1(C)OB(C2=CC3=C(NC=C3)C=C2)OC1(C)C>>NC(CCOc1ccccc1)c1ccc(-c2ccc3[nH]ccc3c2)cc1.NC(CCOc1ccccc1)c1ccccc1.c1ccc2[nH]ccc2c1,004_RLN-NB-2443_011_F4,,,,,,,,,,,,,,,,,,,,,6/9/2023 5:03:05 AM,004_rln-nb-2443_011_f4.raw,2min_150_1200.EXP,004_RLN-NB-2443_011_F4,004_RLN-NB-2443_011_F4_004_RLN-NB-2443_011_F4_0,Rxn_Opt_HSST3_2_98,Analog,0,0,0,0,0,6.564499348261834,0.7343,5.337816831225298,1.2726,0,False,117.05784922892,1.25,deborylation_0,0,0,0,0,0,211.0109034535629,16.160828309336832,6.564499348261834,195,0.7343,0,0,0,0,0,0,0,0,0,0,241.80350696734268,13.140917041748434,5.337816831225298,244,1.2726,0,0,0,0,0,0,0,0,0,0,0,0,0,0,0,0,0,0,0,0,0,0,0,0,0,0,0,0,0,0,0,0,0,0,0,0,0,0,0,0,0,0,0,0,0,0,0,0,0,0,0,0,0,0,0,0,0,0,0,0,0,0,0,0,0,0.0,0.0,0.0,0.0,0.0,0.0,0.0,0.0,0.0,0.0,0.0,0.0,0.0,0.0,0.0,0.0,0.0,0.0,0.0,0.0,0.0,0.0,0.0,0.0,0.0,0.00032525355236046505,81.31338809011626,0.0,0.0,0.0,0.0,0.0,0.0,0.0,0.0,0.0,0.0,0.0,0.0,0.0,0.0,0.0,0.0,0.0,0.0,0.0,0.0,0.0,0.0,0.0,0.0,0.0,0.0,0.0,0.0
124,F5,CC(C)C1=CC(C(C)C)=CC(C(C)C)=C1C2=C([P+](C3CCCCC3)([Pd-2]4(OS(C)(=O)=O)C(C=CC=C5)=C5C6=C([NH+]4C)C=CC=C6)C7CCCCC7)C=CC=C2,XPhos Pd G4,0.06883952 milligram,0.08000000000000002 micromole,0.06883952000000002 microliter,C47H64NO3PPdS,C1=CC=C(C=C1)OCCC(C2=CC=C(C=C2)Cl)N.Cl,1-(1-amino-3-phenoxypropyl)-4-chlorobenzene hydrochloride,0.11928520000000001 milligram,0.4 micromole,0.11928520000000004 microliter,C15H17Cl2NO,O=[N+](C1=CC=CC=C1B2OC(C)(C)C(C)(C)O2)[O-],"4,4,5,5-tetramethyl-2-(2-nitrophenyl)-1,3,2-dioxaborolane",0.11955599999999997 milligram,0.48000000000000004 micromole,0.119556 microliter,C12H16BNO4,[Na+].[Na+].[O-]C([O-])=O,Na2CO3,0.31796399999999997 milligram,3.0 micromole,0.317964 microliter,CNa2O3,CN1C=NC2=C1C(=O)N(C(=O)N2C)C,caffeine,0.0776764 milligram,0.4 micromole,0.07767640000000002 microliter,C8H10N4O2,C1COCCO1,dioxane,16.2225 milligram,184.12480421310696 micromole,15.75 microliter,C4H8O2,O,water,1.75 milligram,97.1412711629198 micromole,1.75 microliter,H2O,NC(CCOc1ccccc1)c1ccc(-c2ccccc2[N+](=O)[O-])cc1,suzuki_product_0,0.0 milligram,0.0 micromole,0 microliter,C21H20N2O3,NC(CCOc1ccccc1)c1ccccc1,dehalogenation_0,0.0 milligram,0.0 micromole,0 microliter,C15H17NO,O=[N+]([O-])c1ccccc1,deborylation_0,0.0 milligram,0.0 micromole,0 microliter,C6H5NO2,C1=CC=C(C=C1)OCCC(C2=CC=C(C=C2)Cl)N.Cl.O=[N+](C1=CC=CC=C1B2OC(C)(C)C(C)(C)O2)[O-]>>NC(CCOc1ccccc1)c1ccc(-c2ccccc2[N+](=O)[O-])cc1.NC(CCOc1ccccc1)c1ccccc1.O=[N+]([O-])c1ccccc1,004_RLN-NB-2443_011_F5,,,,,,,,,,,,,,,,,,,,,6/9/2023 5:05:31 AM,004_rln-nb-2443_011_f5.raw,2min_150_1200.EXP,004_RLN-NB-2443_011_F5,004_RLN-NB-2443_011_F5_004_RLN-NB-2443_011_F,Rxn_Opt_HSST3_2_98,Analog,0,0,0,0,0,5.391119663110524,0.736,0,0,0,False,123.03202840392001,1.25,deborylation_0,0,0,0,0,0,212.49289446596174,18.080458691211984,5.391119663110524,195,0.736,0,0,0,0,0,0,0,0,0,0,0,0,0,0,0,0,0,0,0,0,0,0,0,0,0,0,0,0,0,0,0,0,0,0,0,0,0,0,0,0,0,0,0,0,0,0,0,0,0,0,0,0,0,0,0,0,0,0,0,0,0,0,0,0,0,0,0,0,0,0,0,0,0,0,0,0,0,0,0,0,0.0,0.0,0.0,0.0,0.0,0.0,0.0,0.0,0.0,0.0,0.0,0.0,0.0,0.0,0.0,0.0,0.0,0.0,0.0,0.0,0.0,0.0,0.0,0.0,0.0,0.0,0.0,0.0,0.0,0.0,0.0,0.0,0.0,0.0,0.0,0.0,0.0,0.0,0.0,0.0,0.0,0.0,0.0,0.0,0.0,0.0,0.0,0.0,0.0,0.0,0.0,0.0,0.0,0.0,0.0
125,F6,CC(C)C1=CC(C(C)C)=CC(C(C)C)=C1C2=C([P+](C3CCCCC3)([Pd-2]4(OS(C)(=O)=O)C(C=CC=C5)=C5C6=C([NH+]4C)C=CC=C6)C7CCCCC7)C=CC=C2,XPhos Pd G4,0.06883952 milligram,0.08000000000000002 micromole,0.06883952000000002 microliter,C47H64NO3PPdS,C1=CC=C(C=C1)OCCC(C2=CC=C(C=C2)Cl)N.Cl,1-(1-amino-3-phenoxypropyl)-4-chlorobenzene hydrochloride,0.11928520000000001 milligram,0.4 micromole,0.11928520000000004 microliter,C15H17Cl2NO,O=C(O)C1=CC=CC(B2OC(C)(C)C(C)(C)O2)=C1,"3-(tetramethyl-1,3,2-dioxaborolan-2-yl)benzoic acid",0.11908175999999998 milligram,0.48000000000000004 micromole,0.11908176000000001 microliter,C13H17BO4,[Na+].[Na+].[O-]C([O-])=O,Na2CO3,0.31796399999999997 milligram,3.0 micromole,0.317964 microliter,CNa2O3,CN1C=NC2=C1C(=O)N(C(=O)N2C)C,caffeine,0.0776764 milligram,0.4 micromole,0.07767640000000002 microliter,C8H10N4O2,C1COCCO1,dioxane,16.2225 milligram,184.12480421310696 micromole,15.75 microliter,C4H8O2,O,water,1.75 milligram,97.1412711629198 micromole,1.75 microliter,H2O,NC(CCOc1ccccc1)c1ccc(-c2cccc(C(=O)O)c2)cc1,suzuki_product_0,0.0 milligram,0.0 micromole,0 microliter,C22H21NO3,NC(CCOc1ccccc1)c1ccccc1,dehalogenation_0,0.0 milligram,0.0 micromole,0 microliter,C15H17NO,O=C(O)c1ccccc1,deborylation_0,0.0 milligram,0.0 micromole,0 microliter,C7H6O2,C1=CC=C(C=C1)OCCC(C2=CC=C(C=C2)Cl)N.Cl.O=C(O)C1=CC=CC(B2OC(C)(C)C(C)(C)O2)=C1>>NC(CCOc1ccccc1)c1ccc(-c2cccc(C(=O)O)c2)cc1.NC(CCOc1ccccc1)c1ccccc1.O=C(O)c1ccccc1,004_RLN-NB-2443_011_F6,,,,,,,,,,,,,,,,,,,,,6/9/2023 5:07:59 AM,004_rln-nb-2443_011_f6.raw,2min_150_1200.EXP,004_RLN-NB-2443_011_F6,004_RLN-NB-2443_011_F6_004_RLN-NB-2443_011_F6_0,Rxn_Opt_HSST3_2_98,Analog,0,0,0,0,0,5.9152049196585335,0.736,0,0,0,False,122.03677943156,1.25,deborylation_0,0,0,0,0,0,231.96814784223932,16.33806512051997,5.9152049196585335,195,0.736,0,0,0,0,0,0,0,0,0,0,0,0,0,0,0,0,0,0,0,0,0,0,0,0,0,0,0,0,0,0,0,0,0,0,0,0,0,0,0,0,0,0,0,0,0,0,0,0,0,0,0,0,0,0,0,0,0,0,0,0,0,0,0,0,0,0,0,0,0,0,0,0,0,0,0,0,0,0,0,0,0.0,0.0,0.0,0.0,0.0,0.0,0.0,0.0,0.0,0.0,0.0,0.0,0.0,0.0,0.0,0.0,0.0,0.0,0.0,0.0,0.0,0.0,0.0,0.0,0.0,0.0,0.0,0.0,0.0,0.0,0.0,0.0,0.0,0.0,0.0,0.0,0.0,0.0,0.0,0.0,0.0,0.0,0.0,0.0,0.0,0.0,0.0,0.0,0.0,0.0,0.0,0.0,0.0,0.0,0.0
126,F7,NC1=C(C=CC=C1)C2=C([Pd]OS(C)(=O)=O)C=CC=C2.CN(C)C3=CC=C(C=C3)P(C(C)(C)C)C(C)(C)C,APhos Pd G3,0.050809520000000004 milligram,0.08000000000000002 micromole,0.05080952000000002 microliter,C29H41N2O3PPdS,C1=CC=C(C=C1)OCCC(C2=CC=C(C=C2)Cl)N.Cl,1-(1-amino-3-phenoxypropyl)-4-chlorobenzene hydrochloride,0.11928520000000001 milligram,0.4 micromole,0.11928520000000004 microliter,C15H17Cl2NO,B1(OC(C(O1)(C)C)(C)C)C2=CN(N=C2C)C,"1,3-dimethyl-4-(4,4,5,5-tetramethyl-1,3,2-dioxaborolan-2-yl)-1H-pyrazole",0.10660655999999999 milligram,0.48000000000000004 micromole,0.10660656000000002 microliter,C11H19BN2O2,[Na+].[Na+].[O-]C([O-])=O,Na2CO3,0.31796399999999997 milligram,3.0 micromole,0.317964 microliter,CNa2O3,CN1C=NC2=C1C(=O)N(C(=O)N2C)C,caffeine,0.0776764 milligram,0.4 micromole,0.07767640000000002 microliter,C8H10N4O2,C1COCCO1,dioxane,16.2225 milligram,184.12480421310696 micromole,15.75 microliter,C4H8O2,O,water,1.75 milligram,97.1412711629198 micromole,1.75 microliter,H2O,Cc1nn(C)cc1-c1ccc(C(N)CCOc2ccccc2)cc1,suzuki_product_0,0.0 milligram,0.0 micromole,0 microliter,C20H23N3O,NC(CCOc1ccccc1)c1ccccc1,dehalogenation_0,0.0 milligram,0.0 micromole,0 microliter,C15H17NO,Cc1ccn(C)n1,deborylation_0,0.0 milligram,0.0 micromole,0 microliter,C5H8N2,C1=CC=C(C=C1)OCCC(C2=CC=C(C=C2)Cl)N.Cl.B1(OC(C(O1)(C)C)(C)C)C2=CN(N=C2C)C>>Cc1nn(C)cc1-c1ccc(C(N)CCOc2ccccc2)cc1.NC(CCOc1ccccc1)c1ccccc1.Cc1ccn(C)n1,004_RLN-NB-2443_011_F7,,,,,,,,,,,,,,,,,,,,,6/9/2023 5:10:26 AM,004_rln-nb-2443_011_f7.raw,2min_150_1200.EXP,004_RLN-NB-2443_011_F7,004_RLN-NB-2443_011_F7_004_RLN-NB-2443_011_F,Rxn_Opt_HSST3_2_98,Analog,0,0,0,0,0,4.8952494898223256,0.7343,0.32875561385633584,1.1026,0,False,96.06874826542,1.25,deborylation_0,0,0,0,0,0,192.63703938036417,17.006541797258542,4.8952494898223256,195,0.7343,0,0,0,0,0,0,0,0,0,0,0,0,0,0,0,0,0,0,0,0,0,0,0,0,0,0,0,0,0,0,0,0,0,0,0,0,0,0,0,0,0,0,0,0,0,0,0,0,0,0,0,0,0,0,0,0,0,0,0,0,0,0,0,0,0,0,0,0,0,0,0,0,0,0,0,0,0,0,0,0,0.0,0.0,0.0,0.0,0.0,0.0,0.0,0.0,0.0,0.0,11.288659953206132,1.1421268925629553,0.32875561385633584,223.0,1.1026,0.0,0.0,2.686323665748592e-05,6.715809164371479,0.0,0.0,0.0,0.0,0.0,0.0,0.0,0.0,0.0,0.0,0.0,0.0,0.0,0.0,0.0,0.0,0.0,0.0,0.0,0.0,0.0,0.0,0.0,0.0,0.0,0.0,0.0,0.0,0.0,0.0,0.0,0.0,0.0,0.0,0.0,0.0
127,F8,NC1=C(C=CC=C1)C2=C([Pd]OS(C)(=O)=O)C=CC=C2.CN(C)C3=CC=C(C=C3)P(C(C)(C)C)C(C)(C)C,APhos Pd G3,0.050809520000000004 milligram,0.08000000000000002 micromole,0.05080952000000002 microliter,C29H41N2O3PPdS,C1=CC=C(C=C1)OCCC(C2=CC=C(C=C2)Cl)N.Cl,1-(1-amino-3-phenoxypropyl)-4-chlorobenzene hydrochloride,0.11928520000000001 milligram,0.4 micromole,0.11928520000000004 microliter,C15H17Cl2NO,B1(OC(C(O1)(C)C)(C)C)C2=CN=C(C=C2)C,"2-methyl-5-(4,4,5,5-tetramethyl-1,3,2-dioxaborolan-2-yl)pyridine",0.10516464 milligram,0.48000000000000004 micromole,0.10516464000000003 microliter,C12H18BNO2,[Na+].[Na+].[O-]C([O-])=O,Na2CO3,0.31796399999999997 milligram,3.0 micromole,0.317964 microliter,CNa2O3,CN1C=NC2=C1C(=O)N(C(=O)N2C)C,caffeine,0.0776764 milligram,0.4 micromole,0.07767640000000002 microliter,C8H10N4O2,C1COCCO1,dioxane,16.2225 milligram,184.12480421310696 micromole,15.75 microliter,C4H8O2,O,water,1.75 milligram,97.1412711629198 micromole,1.75 microliter,H2O,Cc1ccc(-c2ccc(C(N)CCOc3ccccc3)cc2)cn1,suzuki_product_0,0.0 milligram,0.0 micromole,0 microliter,C21H22N2O,NC(CCOc1ccccc1)c1ccccc1,dehalogenation_0,0.0 milligram,0.0 micromole,0 microliter,C15H17NO,Cc1ccccn1,deborylation_0,0.0 milligram,0.0 micromole,0 microliter,C6H7N,C1=CC=C(C=C1)OCCC(C2=CC=C(C=C2)Cl)N.Cl.B1(OC(C(O1)(C)C)(C)C)C2=CN=C(C=C2)C>>Cc1ccc(-c2ccc(C(N)CCOc3ccccc3)cc2)cn1.NC(CCOc1ccccc1)c1ccccc1.Cc1ccccn1,004_RLN-NB-2443_011_F8,,,,,,,,,,,,,,,,,,,,,6/9/2023 5:12:53 AM,004_rln-nb-2443_011_f8.raw,2min_150_1200.EXP,004_RLN-NB-2443_011_F8,004_RLN-NB-2443_011_F8_004_RLN-NB-2443_011_F8_,Rxn_Opt_HSST3_2_98,Analog,0,0,0,0,0,4.702742456880331,0.736,0,0,0,False,93.05784922892,1.25,deborylation_0,0,0,0,0,0,187.39586347216616,19.68701133938903,4.702742456880331,194.9,0.736,0,0,0,0,0,0,0,0,0,0,0,0,0,0,0,0,0,0,0,0,0,0,0,0,0,0,0,0,0,0,0,0,0,0,0,0,0,0,0,0,0,0,0,0,0,0,0,0,0,0,0,0,0,0,0,0,0,0,0,0,0,0,0,0,0,0,0,0,0,0,0,0,0,0,0,0,0,0,0,0,0.0,0.0,0.0,0.0,0.0,0.0,0.0,0.0,0.0,0.0,0.0,0.0,0.0,0.0,0.0,0.0,0.0,0.0,0.0,0.0,0.0,0.0,0.0,0.0,0.0,0.0,0.0,0.0,0.0,0.0,0.0,0.0,0.0,0.0,0.0,0.0,0.0,0.0,0.0,0.0,0.0,0.0,0.0,0.0,0.0,0.0,0.0,0.0,0.0,0.0,0.0,0.0,0.0,0.0,0.0
128,F9,NC1=C(C=CC=C1)C2=C([Pd]OS(C)(=O)=O)C=CC=C2.CN(C)C3=CC=C(C=C3)P(C(C)(C)C)C(C)(C)C,APhos Pd G3,0.050809520000000004 milligram,0.08000000000000002 micromole,0.05080952000000002 microliter,C29H41N2O3PPdS,C1=CC=C(C=C1)OCCC(C2=CC=C(C=C2)Cl)N.Cl,1-(1-amino-3-phenoxypropyl)-4-chlorobenzene hydrochloride,0.11928520000000001 milligram,0.4 micromole,0.11928520000000004 microliter,C15H17Cl2NO,CC1(C)OB(C2=CN(C)N=C2)OC1(C)C,"1-methyl-4-(tetramethyl-1,3,2-dioxaborolan-2-yl)-1H-pyrazole",0.09987359999999999 milligram,0.48000000000000004 micromole,0.09987360000000002 microliter,C10H17BN2O2,[Na+].[Na+].[O-]C([O-])=O,Na2CO3,0.31796399999999997 milligram,3.0 micromole,0.317964 microliter,CNa2O3,CN1C=NC2=C1C(=O)N(C(=O)N2C)C,caffeine,0.0776764 milligram,0.4 micromole,0.07767640000000002 microliter,C8H10N4O2,C1COCCO1,dioxane,16.2225 milligram,184.12480421310696 micromole,15.75 microliter,C4H8O2,O,water,1.75 milligram,97.1412711629198 micromole,1.75 microliter,H2O,Cn1cc(-c2ccc(C(N)CCOc3ccccc3)cc2)cn1,suzuki_product_0,0.0 milligram,0.0 micromole,0 microliter,C19H21N3O,NC(CCOc1ccccc1)c1ccccc1,dehalogenation_0,0.0 milligram,0.0 micromole,0 microliter,C15H17NO,Cn1cccn1,deborylation_0,0.0 milligram,0.0 micromole,0 microliter,C4H6N2,C1=CC=C(C=C1)OCCC(C2=CC=C(C=C2)Cl)N.Cl.CC1(C)OB(C2=CN(C)N=C2)OC1(C)C>>Cn1cc(-c2ccc(C(N)CCOc3ccccc3)cc2)cn1.NC(CCOc1ccccc1)c1ccccc1.Cn1cccn1,004_RLN-NB-2443_011_F9,,,,,,,,,,,,,,,,,,,,,6/9/2023 5:15:21 AM,004_rln-nb-2443_011_f9.raw,2min_150_1200.EXP,004_RLN-NB-2443_011_F9,004_RLN-NB-2443_011_F9_004_RLN-NB-2443_011_F,Rxn_Opt_HSST3_2_98,Analog,0,0,0,0,0,4.900661054603049,0.736,0,0,0,False,82.05309820128,1.25,deborylation_0,0,0,0,0,0,189.2195001344701,17.34448842669979,4.900661054603049,195,0.736,0,0,0,0,0,0,0,0,0,0,0,0,0,0,0,0,0,0,0,0,0,0,0,0,0,0,0,0,0,0,0,0,0,0,0,0,0,0,0,0,0,0,0,0,0,0,0,0,0,0,0,0,0,0,0,0,0,0,0,0,0,0,0,0,0,0,0,0,0,0,0,0,0,0,0,0,0,0,0,0,0.0,0.0,0.0,0.0,0.0,0.0,0.0,0.0,0.0,0.0,0.0,0.0,0.0,0.0,0.0,0.0,0.0,0.0,0.0,0.0,0.0,0.0,0.0,0.0,0.0,0.0,0.0,0.0,0.0,0.0,0.0,0.0,0.0,0.0,0.0,0.0,0.0,0.0,0.0,0.0,0.0,0.0,0.0,0.0,0.0,0.0,0.0,0.0,0.0,0.0,0.0,0.0,0.0,0.0,0.0
129,F10,NC1=C(C=CC=C1)C2=C([Pd]OS(C)(=O)=O)C=CC=C2.CN(C)C3=CC=C(C=C3)P(C(C)(C)C)C(C)(C)C,APhos Pd G3,0.050809520000000004 milligram,0.08000000000000002 micromole,0.05080952000000002 microliter,C29H41N2O3PPdS,C1=CC=C(C=C1)OCCC(C2=CC=C(C=C2)Cl)N.Cl,1-(1-amino-3-phenoxypropyl)-4-chlorobenzene hydrochloride,0.11928520000000001 milligram,0.4 micromole,0.11928520000000004 microliter,C15H17Cl2NO,CC1(C)OB(C2=CC3=C(NC=C3)C=C2)OC1(C)C,"5-(tetramethyl-1,3,2-dioxaborolan-2-yl)-1H-indole",0.11669520000000001 milligram,0.48000000000000004 micromole,0.11669520000000004 microliter,C14H18BNO2,[Na+].[Na+].[O-]C([O-])=O,Na2CO3,0.31796399999999997 milligram,3.0 micromole,0.317964 microliter,CNa2O3,CN1C=NC2=C1C(=O)N(C(=O)N2C)C,caffeine,0.0776764 milligram,0.4 micromole,0.07767640000000002 microliter,C8H10N4O2,C1COCCO1,dioxane,16.2225 milligram,184.12480421310696 micromole,15.75 microliter,C4H8O2,O,water,1.75 milligram,97.1412711629198 micromole,1.75 microliter,H2O,NC(CCOc1ccccc1)c1ccc(-c2ccc3[nH]ccc3c2)cc1,suzuki_product_0,0.0 milligram,0.0 micromole,0 microliter,C23H22N2O,NC(CCOc1ccccc1)c1ccccc1,dehalogenation_0,0.0 milligram,0.0 micromole,0 microliter,C15H17NO,c1ccc2[nH]ccc2c1,deborylation_0,0.0 milligram,0.0 micromole,0 microliter,C8H7N,C1=CC=C(C=C1)OCCC(C2=CC=C(C=C2)Cl)N.Cl.CC1(C)OB(C2=CC3=C(NC=C3)C=C2)OC1(C)C>>NC(CCOc1ccccc1)c1ccc(-c2ccc3[nH]ccc3c2)cc1.NC(CCOc1ccccc1)c1ccccc1.c1ccc2[nH]ccc2c1,004_RLN-NB-2443_011_F10,,,,,,,,,,,,,,,,,,,,,6/9/2023 5:17:48 AM,004_rln-nb-2443_011_f10.raw,2min_150_1200.EXP,004_RLN-NB-2443_011_F10,004_RLN-NB-2443_011_F10_004_RLN-NB-2443_011_F1,Rxn_Opt_HSST3_2_98,Analog,0,0,0,0,0,6.415235384353524,0.736,0,0,0,False,117.05784922892,1.25,deborylation_0,0,0,0,0,0,209.90930782873272,17.972398748225345,6.415235384353524,195,0.736,0,0,0,0,0,0,0,0,0,0,194.35570820826135,16.141538961949994,5.761711241625312,285,1.2726,0,0,0,0,0,0,0,0,0,0,0,0,0,0,0,0,0,0,0,0,0,0,0,0,0,0,0,0,0,0,0,0,0,0,0,0,0,0,0,0,0,0,0,0,0,0,0,0,0,0,0,0,0,0,0,0,0,0,0,0,0,0,0,0,0,0.0,0.0,0.0,0.0,0.0,0.0,0.0,0.0,0.0,0.0,0.0,0.0,0.0,0.0,0.0,0.0,0.0,0.0,0.0,0.0,0.0,0.0,0.0,0.0,0.0,0.0003592517434779009,89.81293586947523,0.0,0.0,0.0,0.0,0.0,0.0,0.0,0.0,0.0,0.0,0.0,0.0,0.0,0.0,0.0,0.0,0.0,0.0,0.0,0.0,0.0,0.0,0.0,0.0,0.0,0.0,0.0,0.0
130,F11,NC1=C(C=CC=C1)C2=C([Pd]OS(C)(=O)=O)C=CC=C2.CN(C)C3=CC=C(C=C3)P(C(C)(C)C)C(C)(C)C,APhos Pd G3,0.050809520000000004 milligram,0.08000000000000002 micromole,0.05080952000000002 microliter,C29H41N2O3PPdS,C1=CC=C(C=C1)OCCC(C2=CC=C(C=C2)Cl)N.Cl,1-(1-amino-3-phenoxypropyl)-4-chlorobenzene hydrochloride,0.11928520000000001 milligram,0.4 micromole,0.11928520000000004 microliter,C15H17Cl2NO,O=[N+](C1=CC=CC=C1B2OC(C)(C)C(C)(C)O2)[O-],"4,4,5,5-tetramethyl-2-(2-nitrophenyl)-1,3,2-dioxaborolane",0.11955599999999997 milligram,0.48000000000000004 micromole,0.119556 microliter,C12H16BNO4,[Na+].[Na+].[O-]C([O-])=O,Na2CO3,0.31796399999999997 milligram,3.0 micromole,0.317964 microliter,CNa2O3,CN1C=NC2=C1C(=O)N(C(=O)N2C)C,caffeine,0.0776764 milligram,0.4 micromole,0.07767640000000002 microliter,C8H10N4O2,C1COCCO1,dioxane,16.2225 milligram,184.12480421310696 micromole,15.75 microliter,C4H8O2,O,water,1.75 milligram,97.1412711629198 micromole,1.75 microliter,H2O,NC(CCOc1ccccc1)c1ccc(-c2ccccc2[N+](=O)[O-])cc1,suzuki_product_0,0.0 milligram,0.0 micromole,0 microliter,C21H20N2O3,NC(CCOc1ccccc1)c1ccccc1,dehalogenation_0,0.0 milligram,0.0 micromole,0 microliter,C15H17NO,O=[N+]([O-])c1ccccc1,deborylation_0,0.0 milligram,0.0 micromole,0 microliter,C6H5NO2,C1=CC=C(C=C1)OCCC(C2=CC=C(C=C2)Cl)N.Cl.O=[N+](C1=CC=CC=C1B2OC(C)(C)C(C)(C)O2)[O-]>>NC(CCOc1ccccc1)c1ccc(-c2ccccc2[N+](=O)[O-])cc1.NC(CCOc1ccccc1)c1ccccc1.O=[N+]([O-])c1ccccc1,004_RLN-NB-2443_011_F11,,,,,,,,,,,,,,,,,,,,,6/9/2023 5:20:16 AM,004_rln-nb-2443_011_f11.raw,2min_150_1200.EXP,004_RLN-NB-2443_011_F11,004_RLN-NB-2443_011_F11_004_RLN-NB-2443_011,Rxn_Opt_HSST3_2_98,Analog,0,0,0,0,0,4.905433466800071,0.736,0,0,0,False,123.03202840392001,1.25,deborylation_0,0,0,0,0,0,190.3854465934849,18.88878934813031,4.905433466800071,195,0.736,0,0,0,0,0,0,0,0,0,0,0,0,0,0,0,0,0,0,0,0,0,0,0,0,0,0,0,0,0,0,0,0,0,0,0,0,0,0,0,0,0,0,0,0,0,0,0,0,0,0,0,0,0,0,0,0,0,0,0,0,0,0,0,0,0,0,0,0,0,0,0,0,0,0,0,0,0,0,0,0,0.0,0.0,0.0,0.0,0.0,0.0,0.0,0.0,0.0,0.0,0.0,0.0,0.0,0.0,0.0,0.0,0.0,0.0,0.0,0.0,0.0,0.0,0.0,0.0,0.0,0.0,0.0,0.0,0.0,0.0,0.0,0.0,0.0,0.0,0.0,0.0,0.0,0.0,0.0,0.0,0.0,0.0,0.0,0.0,0.0,0.0,0.0,0.0,0.0,0.0,0.0,0.0,0.0,0.0,0.0
131,F12,NC1=C(C=CC=C1)C2=C([Pd]OS(C)(=O)=O)C=CC=C2.CN(C)C3=CC=C(C=C3)P(C(C)(C)C)C(C)(C)C,APhos Pd G3,0.050809520000000004 milligram,0.08000000000000002 micromole,0.05080952000000002 microliter,C29H41N2O3PPdS,C1=CC=C(C=C1)OCCC(C2=CC=C(C=C2)Cl)N.Cl,1-(1-amino-3-phenoxypropyl)-4-chlorobenzene hydrochloride,0.11928520000000001 milligram,0.4 micromole,0.11928520000000004 microliter,C15H17Cl2NO,O=C(O)C1=CC=CC(B2OC(C)(C)C(C)(C)O2)=C1,"3-(tetramethyl-1,3,2-dioxaborolan-2-yl)benzoic acid",0.11908175999999998 milligram,0.48000000000000004 micromole,0.11908176000000001 microliter,C13H17BO4,[Na+].[Na+].[O-]C([O-])=O,Na2CO3,0.31796399999999997 milligram,3.0 micromole,0.317964 microliter,CNa2O3,CN1C=NC2=C1C(=O)N(C(=O)N2C)C,caffeine,0.0776764 milligram,0.4 micromole,0.07767640000000002 microliter,C8H10N4O2,C1COCCO1,dioxane,16.2225 milligram,184.12480421310696 micromole,15.75 microliter,C4H8O2,O,water,1.75 milligram,97.1412711629198 micromole,1.75 microliter,H2O,NC(CCOc1ccccc1)c1ccc(-c2cccc(C(=O)O)c2)cc1,suzuki_product_0,0.0 milligram,0.0 micromole,0 microliter,C22H21NO3,NC(CCOc1ccccc1)c1ccccc1,dehalogenation_0,0.0 milligram,0.0 micromole,0 microliter,C15H17NO,O=C(O)c1ccccc1,deborylation_0,0.0 milligram,0.0 micromole,0 microliter,C7H6O2,C1=CC=C(C=C1)OCCC(C2=CC=C(C=C2)Cl)N.Cl.O=C(O)C1=CC=CC(B2OC(C)(C)C(C)(C)O2)=C1>>NC(CCOc1ccccc1)c1ccc(-c2cccc(C(=O)O)c2)cc1.NC(CCOc1ccccc1)c1ccccc1.O=C(O)c1ccccc1,004_RLN-NB-2443_011_F12,,,,,,,,,,,,,,,,,,,,,6/9/2023 5:22:43 AM,004_rln-nb-2443_011_f12.raw,2min_150_1200.EXP,004_RLN-NB-2443_011_F12,004_RLN-NB-2443_011_F12_004_RLN-NB-2443_011_F1,Rxn_Opt_HSST3_2_98,Analog,0,0,0,0,0,8.549828936274343,0.7376,0,0,0,False,122.03677943156,1.25,deborylation_0,0,0,0,0,0,247.0952293489697,25.80167637384617,8.549828936274343,194.9,0.7376,0,0,0,0,0,0,0,0,0,0,0,0,0,0,0,0,0,0,0,0,0,0,0,0,0,0,0,0,0,0,0,0,0,0,0,0,0,0,0,0,0,0,0,0,0,0,0,0,0,0,0,0,0,0,0,0,0,0,0,0,0,0,0,0,0,0,0,0,0,0,0,0,0,0,0,0,0,0,0,0,0.0,0.0,0.0,0.0,0.0,0.0,0.0,0.0,0.0,0.0,0.0,0.0,0.0,0.0,0.0,0.0,0.0,0.0,0.0,0.0,0.0,0.0,0.0,0.0,0.0,0.0,0.0,0.0,0.0,0.0,0.0,0.0,0.0,0.0,0.0,0.0,0.0,0.0,0.0,0.0,0.0,0.0,0.0,0.0,0.0,0.0,0.0,0.0,0.0,0.0,0.0,0.0,0.0,0.0,0.0
132,F13,[Fe].Cl[Pd]Cl.[CH]1[CH][CH][C]([CH]1)P(C2CCCCC2)C3CCCCC3.[CH]4[CH][CH][C]([CH]4)P(C5CCCCC5)C6CCCCC6,PdCl2(dcypf),0.06047272000000001 milligram,0.08000000000000002 micromole,0.06047272000000002 microliter,C34H52Cl2FeP2Pd,C1=CC=C(C=C1)OCCC(C2=CC=C(C=C2)Cl)N.Cl,1-(1-amino-3-phenoxypropyl)-4-chlorobenzene hydrochloride,0.11928520000000001 milligram,0.4 micromole,0.11928520000000004 microliter,C15H17Cl2NO,B1(OC(C(O1)(C)C)(C)C)C2=CN(N=C2C)C,"1,3-dimethyl-4-(4,4,5,5-tetramethyl-1,3,2-dioxaborolan-2-yl)-1H-pyrazole",0.10660655999999999 milligram,0.48000000000000004 micromole,0.10660656000000002 microliter,C11H19BN2O2,[Na+].[Na+].[O-]C([O-])=O,Na2CO3,0.31796399999999997 milligram,3.0 micromole,0.317964 microliter,CNa2O3,CN1C=NC2=C1C(=O)N(C(=O)N2C)C,caffeine,0.0776764 milligram,0.4 micromole,0.07767640000000002 microliter,C8H10N4O2,C1COCCO1,dioxane,16.2225 milligram,184.12480421310696 micromole,15.75 microliter,C4H8O2,O,water,1.75 milligram,97.1412711629198 micromole,1.75 microliter,H2O,Cc1nn(C)cc1-c1ccc(C(N)CCOc2ccccc2)cc1,suzuki_product_0,0.0 milligram,0.0 micromole,0 microliter,C20H23N3O,NC(CCOc1ccccc1)c1ccccc1,dehalogenation_0,0.0 milligram,0.0 micromole,0 microliter,C15H17NO,Cc1ccn(C)n1,deborylation_0,0.0 milligram,0.0 micromole,0 microliter,C5H8N2,C1=CC=C(C=C1)OCCC(C2=CC=C(C=C2)Cl)N.Cl.B1(OC(C(O1)(C)C)(C)C)C2=CN(N=C2C)C>>Cc1nn(C)cc1-c1ccc(C(N)CCOc2ccccc2)cc1.NC(CCOc1ccccc1)c1ccccc1.Cc1ccn(C)n1,004_RLN-NB-2443_011_F13,,,,,,,,,,,,,,,,,,,,,6/9/2023 5:25:10 AM,004_rln-nb-2443_011_f13.raw,2min_150_1200.EXP,004_RLN-NB-2443_011_F13,004_RLN-NB-2443_011_F13_004_RLN-NB-2443_011,Rxn_Opt_HSST3_2_98,Analog,0,0,0,0,0,5.550454694572308,0.736,0.6967109720751583,1.1093,0,False,96.06874826542,1.25,deborylation_0,0,0,0,0,0,214.58460018925146,21.412696344589868,5.550454694572308,194.9,0.736,0,0,0,0,0,0,0,0,0,0,0,0,0,0,0,0,0,0,0,0,0,0,0,0,0,0,0,0,0,0,0,0,0,0,0,0,0,0,0,0,0,0,0,0,0,0,0,0,0,0,0,0,0,0,0,0,0,0,0,0,0,0,0,0,0,0,0,0,0,0,0,0,0,0,0,0,0,0,0,0,0.0,0.0,0.0,0.0,0.0,0.0,0.0,0.0,0.0,0.0,31.892325086247244,2.6877906957024433,0.6967109720751583,223.0,1.1093,0.0,0.0,5.020928989882286e-05,12.552322474705715,0.0,0.0,0.0,0.0,0.0,0.0,0.0,0.0,0.0,0.0,0.0,0.0,0.0,0.0,0.0,0.0,0.0,0.0,0.0,0.0,0.0,0.0,0.0,0.0,0.0,0.0,0.0,0.0,0.0,0.0,0.0,0.0,0.0,0.0,0.0,0.0
133,F14,[Fe].Cl[Pd]Cl.[CH]1[CH][CH][C]([CH]1)P(C2CCCCC2)C3CCCCC3.[CH]4[CH][CH][C]([CH]4)P(C5CCCCC5)C6CCCCC6,PdCl2(dcypf),0.06047272000000001 milligram,0.08000000000000002 micromole,0.06047272000000002 microliter,C34H52Cl2FeP2Pd,C1=CC=C(C=C1)OCCC(C2=CC=C(C=C2)Cl)N.Cl,1-(1-amino-3-phenoxypropyl)-4-chlorobenzene hydrochloride,0.11928520000000001 milligram,0.4 micromole,0.11928520000000004 microliter,C15H17Cl2NO,B1(OC(C(O1)(C)C)(C)C)C2=CN=C(C=C2)C,"2-methyl-5-(4,4,5,5-tetramethyl-1,3,2-dioxaborolan-2-yl)pyridine",0.10516464 milligram,0.48000000000000004 micromole,0.10516464000000003 microliter,C12H18BNO2,[Na+].[Na+].[O-]C([O-])=O,Na2CO3,0.31796399999999997 milligram,3.0 micromole,0.317964 microliter,CNa2O3,CN1C=NC2=C1C(=O)N(C(=O)N2C)C,caffeine,0.0776764 milligram,0.4 micromole,0.07767640000000002 microliter,C8H10N4O2,C1COCCO1,dioxane,16.2225 milligram,184.12480421310696 micromole,15.75 microliter,C4H8O2,O,water,1.75 milligram,97.1412711629198 micromole,1.75 microliter,H2O,Cc1ccc(-c2ccc(C(N)CCOc3ccccc3)cc2)cn1,suzuki_product_0,0.0 milligram,0.0 micromole,0 microliter,C21H22N2O,NC(CCOc1ccccc1)c1ccccc1,dehalogenation_0,0.0 milligram,0.0 micromole,0 microliter,C15H17NO,Cc1ccccn1,deborylation_0,0.0 milligram,0.0 micromole,0 microliter,C6H7N,C1=CC=C(C=C1)OCCC(C2=CC=C(C=C2)Cl)N.Cl.B1(OC(C(O1)(C)C)(C)C)C2=CN=C(C=C2)C>>Cc1ccc(-c2ccc(C(N)CCOc3ccccc3)cc2)cn1.NC(CCOc1ccccc1)c1ccccc1.Cc1ccccn1,004_RLN-NB-2443_011_F14,,,,,,,,,,,,,,,,,,,,,6/9/2023 5:27:37 AM,004_rln-nb-2443_011_f14.raw,2min_150_1200.EXP,004_RLN-NB-2443_011_F14,004_RLN-NB-2443_011_F14_004_RLN-NB-2443_011_F,Rxn_Opt_HSST3_2_98,Analog,0,0,0,0,0,5.050400539536715,0.736,0,0,0,False,93.05784922892,1.25,deborylation_0,0,0,0,0,0,197.32715629507476,22.03788006624426,5.050400539536715,195,0.736,0,0,0,0,0,0,0,0,0,0,0,0,0,0,0,0,0,0,0,0,0,0,0,0,0,0,0,0,0,0,0,0,0,0,0,0,0,0,0,0,0,0,0,0,0,0,0,0,0,0,0,0,0,0,0,0,0,0,0,0,0,0,0,0,0,0,0,0,0,0,0,0,0,0,0,0,0,0,0,0,0.0,0.0,0.0,0.0,0.0,0.0,0.0,0.0,0.0,0.0,0.0,0.0,0.0,0.0,0.0,0.0,0.0,0.0,0.0,0.0,0.0,0.0,0.0,0.0,0.0,0.0,0.0,0.0,0.0,0.0,0.0,0.0,0.0,0.0,0.0,0.0,0.0,0.0,0.0,0.0,0.0,0.0,0.0,0.0,0.0,0.0,0.0,0.0,0.0,0.0,0.0,0.0,0.0,0.0,0.0
134,F15,[Fe].Cl[Pd]Cl.[CH]1[CH][CH][C]([CH]1)P(C2CCCCC2)C3CCCCC3.[CH]4[CH][CH][C]([CH]4)P(C5CCCCC5)C6CCCCC6,PdCl2(dcypf),0.06047272000000001 milligram,0.08000000000000002 micromole,0.06047272000000002 microliter,C34H52Cl2FeP2Pd,C1=CC=C(C=C1)OCCC(C2=CC=C(C=C2)Cl)N.Cl,1-(1-amino-3-phenoxypropyl)-4-chlorobenzene hydrochloride,0.11928520000000001 milligram,0.4 micromole,0.11928520000000004 microliter,C15H17Cl2NO,CC1(C)OB(C2=CN(C)N=C2)OC1(C)C,"1-methyl-4-(tetramethyl-1,3,2-dioxaborolan-2-yl)-1H-pyrazole",0.09987359999999999 milligram,0.48000000000000004 micromole,0.09987360000000002 microliter,C10H17BN2O2,[Na+].[Na+].[O-]C([O-])=O,Na2CO3,0.31796399999999997 milligram,3.0 micromole,0.317964 microliter,CNa2O3,CN1C=NC2=C1C(=O)N(C(=O)N2C)C,caffeine,0.0776764 milligram,0.4 micromole,0.07767640000000002 microliter,C8H10N4O2,C1COCCO1,dioxane,16.2225 milligram,184.12480421310696 micromole,15.75 microliter,C4H8O2,O,water,1.75 milligram,97.1412711629198 micromole,1.75 microliter,H2O,Cn1cc(-c2ccc(C(N)CCOc3ccccc3)cc2)cn1,suzuki_product_0,0.0 milligram,0.0 micromole,0 microliter,C19H21N3O,NC(CCOc1ccccc1)c1ccccc1,dehalogenation_0,0.0 milligram,0.0 micromole,0 microliter,C15H17NO,Cn1cccn1,deborylation_0,0.0 milligram,0.0 micromole,0 microliter,C4H6N2,C1=CC=C(C=C1)OCCC(C2=CC=C(C=C2)Cl)N.Cl.CC1(C)OB(C2=CN(C)N=C2)OC1(C)C>>Cn1cc(-c2ccc(C(N)CCOc3ccccc3)cc2)cn1.NC(CCOc1ccccc1)c1ccccc1.Cn1cccn1,004_RLN-NB-2443_011_F15,,,,,,,,,,,,,,,,,,,,,6/9/2023 5:30:05 AM,004_rln-nb-2443_011_f15.raw,2min_150_1200.EXP,004_RLN-NB-2443_011_F15,004_RLN-NB-2443_011_F15_004_RLN-NB-2443_011,Rxn_Opt_HSST3_2_98,Analog,0,0,0,0,0,5.45946970525214,0.736,0,0,0,False,82.05309820128,1.25,deborylation_0,0,0,0,0,0,215.4582600676444,18.96356782459189,5.45946970525214,195,0.736,0,0,0,0,0,0,0,0,0,0,0,0,0,0,0,0,0,0,0,0,0,0,0,0,0,0,0,0,0,0,0,0,0,0,0,0,0,0,0,0,0,0,0,0,0,0,0,0,0,0,0,0,0,0,0,0,0,0,0,0,0,0,0,0,0,0,0,0,0,0,0,0,0,0,0,0,0,0,0,0,0.0,0.0,0.0,0.0,0.0,0.0,0.0,0.0,0.0,0.0,0.0,0.0,0.0,0.0,0.0,0.0,0.0,0.0,0.0,0.0,0.0,0.0,0.0,0.0,0.0,0.0,0.0,0.0,0.0,0.0,0.0,0.0,0.0,0.0,0.0,0.0,0.0,0.0,0.0,0.0,0.0,0.0,0.0,0.0,0.0,0.0,0.0,0.0,0.0,0.0,0.0,0.0,0.0,0.0,0.0
135,F16,[Fe].Cl[Pd]Cl.[CH]1[CH][CH][C]([CH]1)P(C2CCCCC2)C3CCCCC3.[CH]4[CH][CH][C]([CH]4)P(C5CCCCC5)C6CCCCC6,PdCl2(dcypf),0.06047272000000001 milligram,0.08000000000000002 micromole,0.06047272000000002 microliter,C34H52Cl2FeP2Pd,C1=CC=C(C=C1)OCCC(C2=CC=C(C=C2)Cl)N.Cl,1-(1-amino-3-phenoxypropyl)-4-chlorobenzene hydrochloride,0.11928520000000001 milligram,0.4 micromole,0.11928520000000004 microliter,C15H17Cl2NO,CC1(C)OB(C2=CC3=C(NC=C3)C=C2)OC1(C)C,"5-(tetramethyl-1,3,2-dioxaborolan-2-yl)-1H-indole",0.11669520000000001 milligram,0.48000000000000004 micromole,0.11669520000000004 microliter,C14H18BNO2,[Na+].[Na+].[O-]C([O-])=O,Na2CO3,0.31796399999999997 milligram,3.0 micromole,0.317964 microliter,CNa2O3,CN1C=NC2=C1C(=O)N(C(=O)N2C)C,caffeine,0.0776764 milligram,0.4 micromole,0.07767640000000002 microliter,C8H10N4O2,C1COCCO1,dioxane,16.2225 milligram,184.12480421310696 micromole,15.75 microliter,C4H8O2,O,water,1.75 milligram,97.1412711629198 micromole,1.75 microliter,H2O,NC(CCOc1ccccc1)c1ccc(-c2ccc3[nH]ccc3c2)cc1,suzuki_product_0,0.0 milligram,0.0 micromole,0 microliter,C23H22N2O,NC(CCOc1ccccc1)c1ccccc1,dehalogenation_0,0.0 milligram,0.0 micromole,0 microliter,C15H17NO,c1ccc2[nH]ccc2c1,deborylation_0,0.0 milligram,0.0 micromole,0 microliter,C8H7N,C1=CC=C(C=C1)OCCC(C2=CC=C(C=C2)Cl)N.Cl.CC1(C)OB(C2=CC3=C(NC=C3)C=C2)OC1(C)C>>NC(CCOc1ccccc1)c1ccc(-c2ccc3[nH]ccc3c2)cc1.NC(CCOc1ccccc1)c1ccccc1.c1ccc2[nH]ccc2c1,004_RLN-NB-2443_011_F16,,,,,,,,,,,,,,,,,,,,,6/9/2023 5:32:33 AM,004_rln-nb-2443_011_f16.raw,2min_150_1200.EXP,004_RLN-NB-2443_011_F16,004_RLN-NB-2443_011_F16_004_RLN-NB-2443_011_F,Rxn_Opt_HSST3_2_98,Analog,0,0,0,0,0,5.926717837553327,0.736,2.134458354458096,1.2726,0,False,117.05784922892,1.25,deborylation_0,0,0,0,0,0,199.53216082587983,24.92690756687675,5.926717837553327,194.9,0.736,0,0,0,0,0,0,0,0,0,0,90.88660182276993,8.977219359052384,2.134458354458096,243.9,1.2726,0,0,0,0,0,0,0,0,0,0,0,0,0,0,0,0,0,0,0,0,0,0,0,0,0,0,0,0,0,0,0,0,0,0,0,0,0,0,0,0,0,0,0,0,0,0,0,0,0,0,0,0,0,0,0,0,0,0,0,0,0,0,0,0,0,0.0,0.0,0.0,0.0,0.0,0.0,0.0,0.0,0.0,0.0,0.0,0.0,0.0,0.0,0.0,0.0,0.0,0.0,0.0,0.0,0.0,0.0,0.0,0.0,0.0,0.00014405668789788348,36.01417197447086,0.0,0.0,0.0,0.0,0.0,0.0,0.0,0.0,0.0,0.0,0.0,0.0,0.0,0.0,0.0,0.0,0.0,0.0,0.0,0.0,0.0,0.0,0.0,0.0,0.0,0.0,0.0,0.0
136,F17,[Fe].Cl[Pd]Cl.[CH]1[CH][CH][C]([CH]1)P(C2CCCCC2)C3CCCCC3.[CH]4[CH][CH][C]([CH]4)P(C5CCCCC5)C6CCCCC6,PdCl2(dcypf),0.06047272000000001 milligram,0.08000000000000002 micromole,0.06047272000000002 microliter,C34H52Cl2FeP2Pd,C1=CC=C(C=C1)OCCC(C2=CC=C(C=C2)Cl)N.Cl,1-(1-amino-3-phenoxypropyl)-4-chlorobenzene hydrochloride,0.11928520000000001 milligram,0.4 micromole,0.11928520000000004 microliter,C15H17Cl2NO,O=[N+](C1=CC=CC=C1B2OC(C)(C)C(C)(C)O2)[O-],"4,4,5,5-tetramethyl-2-(2-nitrophenyl)-1,3,2-dioxaborolane",0.11955599999999997 milligram,0.48000000000000004 micromole,0.119556 microliter,C12H16BNO4,[Na+].[Na+].[O-]C([O-])=O,Na2CO3,0.31796399999999997 milligram,3.0 micromole,0.317964 microliter,CNa2O3,CN1C=NC2=C1C(=O)N(C(=O)N2C)C,caffeine,0.0776764 milligram,0.4 micromole,0.07767640000000002 microliter,C8H10N4O2,C1COCCO1,dioxane,16.2225 milligram,184.12480421310696 micromole,15.75 microliter,C4H8O2,O,water,1.75 milligram,97.1412711629198 micromole,1.75 microliter,H2O,NC(CCOc1ccccc1)c1ccc(-c2ccccc2[N+](=O)[O-])cc1,suzuki_product_0,0.0 milligram,0.0 micromole,0 microliter,C21H20N2O3,NC(CCOc1ccccc1)c1ccccc1,dehalogenation_0,0.0 milligram,0.0 micromole,0 microliter,C15H17NO,O=[N+]([O-])c1ccccc1,deborylation_0,0.0 milligram,0.0 micromole,0 microliter,C6H5NO2,C1=CC=C(C=C1)OCCC(C2=CC=C(C=C2)Cl)N.Cl.O=[N+](C1=CC=CC=C1B2OC(C)(C)C(C)(C)O2)[O-]>>NC(CCOc1ccccc1)c1ccc(-c2ccccc2[N+](=O)[O-])cc1.NC(CCOc1ccccc1)c1ccccc1.O=[N+]([O-])c1ccccc1,004_RLN-NB-2443_011_F17,,,,,,,,,,,,,,,,,,,,,6/9/2023 5:34:59 AM,004_rln-nb-2443_011_f17.raw,2min_150_1200.EXP,004_RLN-NB-2443_011_F17,004_RLN-NB-2443_011_F17_004_RLN-NB-2443_01,Rxn_Opt_HSST3_2_98,Analog,0,0,0,0,0,5.645042423378144,0.7343,0,0,0,False,123.03202840392001,1.25,deborylation_0,0,0,0,0,0,209.30263260093997,24.25660083616579,5.645042423378144,194.9,0.7343,0,0,0,0,0,0,0,0,0,0,0,0,0,0,0,0,0,0,0,0,0,0,0,0,0,0,0,0,0,0,0,0,0,0,0,0,0,0,0,0,0,0,0,0,0,0,0,0,0,0,0,0,0,0,0,0,0,0,0,0,0,0,0,0,0,0,0,0,0,0,0,0,0,0,0,0,0,0,0,0,0.0,0.0,0.0,0.0,0.0,0.0,0.0,0.0,0.0,0.0,0.0,0.0,0.0,0.0,0.0,0.0,0.0,0.0,0.0,0.0,0.0,0.0,0.0,0.0,0.0,0.0,0.0,0.0,0.0,0.0,0.0,0.0,0.0,0.0,0.0,0.0,0.0,0.0,0.0,0.0,0.0,0.0,0.0,0.0,0.0,0.0,0.0,0.0,0.0,0.0,0.0,0.0,0.0,0.0,0.0
137,F18,[Fe].Cl[Pd]Cl.[CH]1[CH][CH][C]([CH]1)P(C2CCCCC2)C3CCCCC3.[CH]4[CH][CH][C]([CH]4)P(C5CCCCC5)C6CCCCC6,PdCl2(dcypf),0.06047272000000001 milligram,0.08000000000000002 micromole,0.06047272000000002 microliter,C34H52Cl2FeP2Pd,C1=CC=C(C=C1)OCCC(C2=CC=C(C=C2)Cl)N.Cl,1-(1-amino-3-phenoxypropyl)-4-chlorobenzene hydrochloride,0.11928520000000001 milligram,0.4 micromole,0.11928520000000004 microliter,C15H17Cl2NO,O=C(O)C1=CC=CC(B2OC(C)(C)C(C)(C)O2)=C1,"3-(tetramethyl-1,3,2-dioxaborolan-2-yl)benzoic acid",0.11908175999999998 milligram,0.48000000000000004 micromole,0.11908176000000001 microliter,C13H17BO4,[Na+].[Na+].[O-]C([O-])=O,Na2CO3,0.31796399999999997 milligram,3.0 micromole,0.317964 microliter,CNa2O3,CN1C=NC2=C1C(=O)N(C(=O)N2C)C,caffeine,0.0776764 milligram,0.4 micromole,0.07767640000000002 microliter,C8H10N4O2,C1COCCO1,dioxane,16.2225 milligram,184.12480421310696 micromole,15.75 microliter,C4H8O2,O,water,1.75 milligram,97.1412711629198 micromole,1.75 microliter,H2O,NC(CCOc1ccccc1)c1ccc(-c2cccc(C(=O)O)c2)cc1,suzuki_product_0,0.0 milligram,0.0 micromole,0 microliter,C22H21NO3,NC(CCOc1ccccc1)c1ccccc1,dehalogenation_0,0.0 milligram,0.0 micromole,0 microliter,C15H17NO,O=C(O)c1ccccc1,deborylation_0,0.0 milligram,0.0 micromole,0 microliter,C7H6O2,C1=CC=C(C=C1)OCCC(C2=CC=C(C=C2)Cl)N.Cl.O=C(O)C1=CC=CC(B2OC(C)(C)C(C)(C)O2)=C1>>NC(CCOc1ccccc1)c1ccc(-c2cccc(C(=O)O)c2)cc1.NC(CCOc1ccccc1)c1ccccc1.O=C(O)c1ccccc1,004_RLN-NB-2443_011_F18,,,,,,,,,,,,,,,,,,,,,6/9/2023 5:37:26 AM,004_rln-nb-2443_011_f18.raw,2min_150_1200.EXP,004_RLN-NB-2443_011_F18,004_RLN-NB-2443_011_F18_004_RLN-NB-2443_011_F,Rxn_Opt_HSST3_2_98,Analog,0,0,0,0,0,6.928695037200872,0.7376,0,0,0,False,122.03677943156,1.25,deborylation_0,0,0,0,0,0,252.17175331419926,25.818769198071536,6.928695037200872,195,0.7376,0,0,0,0,0,0,0,0,0,0,0,0,0,0,0,0,0,0,0,0,0,0,0,0,0,0,0,0,0,0,0,0,0,0,0,0,0,0,0,0,0,0,0,0,0,0,0,0,0,0,0,0,0,0,0,0,0,0,0,0,0,0,0,0,0,0,0,0,0,0,0,0,0,0,0,0,0,0,0,0,0.0,0.0,0.0,0.0,0.0,0.0,0.0,0.0,0.0,0.0,0.0,0.0,0.0,0.0,0.0,0.0,0.0,0.0,0.0,0.0,0.0,0.0,0.0,0.0,0.0,0.0,0.0,0.0,0.0,0.0,0.0,0.0,0.0,0.0,0.0,0.0,0.0,0.0,0.0,0.0,0.0,0.0,0.0,0.0,0.0,0.0,0.0,0.0,0.0,0.0,0.0,0.0,0.0,0.0,0.0
138,F19,COC1=CC=C(C(P(C(C)(C)C)C(C)(C)C)=C1C2=C(C=C(C=C2C(C)C)C(C)C)C(C)C)OC.NC3=C(C=CC=C3)C4=C(C=CC=C4)[Pd]OS(C)(=O)=O,tBuBrettPhos Pd G3,0.06835544000000003 milligram,0.08000000000000002 micromole,0.06835544000000005 microliter,C44H62NO5PPdS,C1=CC=C(C=C1)OCCC(C2=CC=C(C=C2)Cl)N.Cl,1-(1-amino-3-phenoxypropyl)-4-chlorobenzene hydrochloride,0.11928520000000001 milligram,0.4 micromole,0.11928520000000004 microliter,C15H17Cl2NO,B1(OC(C(O1)(C)C)(C)C)C2=CN(N=C2C)C,"1,3-dimethyl-4-(4,4,5,5-tetramethyl-1,3,2-dioxaborolan-2-yl)-1H-pyrazole",0.10660655999999999 milligram,0.48000000000000004 micromole,0.10660656000000002 microliter,C11H19BN2O2,[Na+].[Na+].[O-]C([O-])=O,Na2CO3,0.31796399999999997 milligram,3.0 micromole,0.317964 microliter,CNa2O3,CN1C=NC2=C1C(=O)N(C(=O)N2C)C,caffeine,0.0776764 milligram,0.4 micromole,0.07767640000000002 microliter,C8H10N4O2,C1COCCO1,dioxane,16.2225 milligram,184.12480421310696 micromole,15.75 microliter,C4H8O2,O,water,1.75 milligram,97.1412711629198 micromole,1.75 microliter,H2O,Cc1nn(C)cc1-c1ccc(C(N)CCOc2ccccc2)cc1,suzuki_product_0,0.0 milligram,0.0 micromole,0 microliter,C20H23N3O,NC(CCOc1ccccc1)c1ccccc1,dehalogenation_0,0.0 milligram,0.0 micromole,0 microliter,C15H17NO,Cc1ccn(C)n1,deborylation_0,0.0 milligram,0.0 micromole,0 microliter,C5H8N2,C1=CC=C(C=C1)OCCC(C2=CC=C(C=C2)Cl)N.Cl.B1(OC(C(O1)(C)C)(C)C)C2=CN(N=C2C)C>>Cc1nn(C)cc1-c1ccc(C(N)CCOc2ccccc2)cc1.NC(CCOc1ccccc1)c1ccccc1.Cc1ccn(C)n1,004_RLN-NB-2443_011_F19,,,,,,,,,,,,,,,,,,,,,6/9/2023 5:39:54 AM,004_rln-nb-2443_011_f19.raw,2min_150_1200.EXP,004_RLN-NB-2443_011_F19,004_RLN-NB-2443_011_F19_004_RLN-NB-2443_011_F,Rxn_Opt_HSST3_2_98,Analog,0,0,0,0,0,4.861556853553248,0.7343,0.9234326329580314,0.7676,0,False,96.06874826542,1.25,deborylation_0,0,0,0,0,0,196.05588519053953,12.742958398674045,4.861556853553248,195,0.7343,0,0,0,0,0,0,0,0,0,0,0,0,0,0,0,0,0,0,0,0,0,0,0,0,0,0,0,0,0,0,0,0,0,0,0,0,0,0,0,0,0,0,0,0,0,0,0,0,0,0,0,0,0,0,0,0,0,0,0,0,0,0,0,0,0,0,0,0,0,0,0,0,0,0,0,0,0,0,0,0,0.0,0.0,0.0,0.0,0.0,0.0,0.0,0.0,0.0,0.0,82.97085033301632,4.601760155756983,1.755614192851519,555.9,1.4668999999999999,0.0,0.0,0.0001444487225583602,36.11218063959004,0.0,0.0,0.0,0.0,0.0,0.0,0.0,0.0,0.0,0.0,0.0,0.0,0.0,0.0,0.0,0.0,0.0,0.0,0.0,0.0,0.0,0.0,0.0,0.0,0.0,0.0,0.0,0.0,0.0,0.0,0.0,0.0,0.0,0.0,0.0,0.0
139,F20,COC1=CC=C(C(P(C(C)(C)C)C(C)(C)C)=C1C2=C(C=C(C=C2C(C)C)C(C)C)C(C)C)OC.NC3=C(C=CC=C3)C4=C(C=CC=C4)[Pd]OS(C)(=O)=O,tBuBrettPhos Pd G3,0.06835544000000003 milligram,0.08000000000000002 micromole,0.06835544000000005 microliter,C44H62NO5PPdS,C1=CC=C(C=C1)OCCC(C2=CC=C(C=C2)Cl)N.Cl,1-(1-amino-3-phenoxypropyl)-4-chlorobenzene hydrochloride,0.11928520000000001 milligram,0.4 micromole,0.11928520000000004 microliter,C15H17Cl2NO,B1(OC(C(O1)(C)C)(C)C)C2=CN=C(C=C2)C,"2-methyl-5-(4,4,5,5-tetramethyl-1,3,2-dioxaborolan-2-yl)pyridine",0.10516464 milligram,0.48000000000000004 micromole,0.10516464000000003 microliter,C12H18BNO2,[Na+].[Na+].[O-]C([O-])=O,Na2CO3,0.31796399999999997 milligram,3.0 micromole,0.317964 microliter,CNa2O3,CN1C=NC2=C1C(=O)N(C(=O)N2C)C,caffeine,0.0776764 milligram,0.4 micromole,0.07767640000000002 microliter,C8H10N4O2,C1COCCO1,dioxane,16.2225 milligram,184.12480421310696 micromole,15.75 microliter,C4H8O2,O,water,1.75 milligram,97.1412711629198 micromole,1.75 microliter,H2O,Cc1ccc(-c2ccc(C(N)CCOc3ccccc3)cc2)cn1,suzuki_product_0,0.0 milligram,0.0 micromole,0 microliter,C21H22N2O,NC(CCOc1ccccc1)c1ccccc1,dehalogenation_0,0.0 milligram,0.0 micromole,0 microliter,C15H17NO,Cc1ccccn1,deborylation_0,0.0 milligram,0.0 micromole,0 microliter,C6H7N,C1=CC=C(C=C1)OCCC(C2=CC=C(C=C2)Cl)N.Cl.B1(OC(C(O1)(C)C)(C)C)C2=CN=C(C=C2)C>>Cc1ccc(-c2ccc(C(N)CCOc3ccccc3)cc2)cn1.NC(CCOc1ccccc1)c1ccccc1.Cc1ccccn1,004_RLN-NB-2443_011_F20,,,,,,,,,,,,,,,,,,,,,6/9/2023 5:42:21 AM,004_rln-nb-2443_011_f20.raw,2min_150_1200.EXP,004_RLN-NB-2443_011_F20,004_RLN-NB-2443_011_F20_004_RLN-NB-2443_011_F20,Rxn_Opt_HSST3_2_98,Analog,0,0,0,0,0,4.76754310049945,0.736,0,0,0,False,93.05784922892,1.25,deborylation_0,0,0,0,0,0,189.5464974188766,14.203548574969929,4.76754310049945,195,0.736,0,0,0,0,0,0,0,0,0,0,0,0,0,0,0,0,0,0,0,0,0,0,0,0,0,0,0,0,0,0,0,0,0,0,0,0,0,0,0,0,0,0,0,0,0,0,0,0,0,0,0,0,0,0,0,0,0,0,0,0,0,0,0,0,0,0,0,0,0,0,0,0,0,0,0,0,0,0,0,0,0.0,0.0,0.0,0.0,0.0,0.0,0.0,0.0,0.0,0.0,0.0,0.0,0.0,0.0,0.0,0.0,0.0,0.0,0.0,0.0,0.0,0.0,0.0,0.0,0.0,0.0,0.0,0.0,0.0,0.0,0.0,0.0,0.0,0.0,0.0,0.0,0.0,0.0,0.0,0.0,0.0,0.0,0.0,0.0,0.0,0.0,0.0,0.0,0.0,0.0,0.0,0.0,0.0,0.0,0.0
140,F21,COC1=CC=C(C(P(C(C)(C)C)C(C)(C)C)=C1C2=C(C=C(C=C2C(C)C)C(C)C)C(C)C)OC.NC3=C(C=CC=C3)C4=C(C=CC=C4)[Pd]OS(C)(=O)=O,tBuBrettPhos Pd G3,0.06835544000000003 milligram,0.08000000000000002 micromole,0.06835544000000005 microliter,C44H62NO5PPdS,C1=CC=C(C=C1)OCCC(C2=CC=C(C=C2)Cl)N.Cl,1-(1-amino-3-phenoxypropyl)-4-chlorobenzene hydrochloride,0.11928520000000001 milligram,0.4 micromole,0.11928520000000004 microliter,C15H17Cl2NO,CC1(C)OB(C2=CN(C)N=C2)OC1(C)C,"1-methyl-4-(tetramethyl-1,3,2-dioxaborolan-2-yl)-1H-pyrazole",0.09987359999999999 milligram,0.48000000000000004 micromole,0.09987360000000002 microliter,C10H17BN2O2,[Na+].[Na+].[O-]C([O-])=O,Na2CO3,0.31796399999999997 milligram,3.0 micromole,0.317964 microliter,CNa2O3,CN1C=NC2=C1C(=O)N(C(=O)N2C)C,caffeine,0.0776764 milligram,0.4 micromole,0.07767640000000002 microliter,C8H10N4O2,C1COCCO1,dioxane,16.2225 milligram,184.12480421310696 micromole,15.75 microliter,C4H8O2,O,water,1.75 milligram,97.1412711629198 micromole,1.75 microliter,H2O,Cn1cc(-c2ccc(C(N)CCOc3ccccc3)cc2)cn1,suzuki_product_0,0.0 milligram,0.0 micromole,0 microliter,C19H21N3O,NC(CCOc1ccccc1)c1ccccc1,dehalogenation_0,0.0 milligram,0.0 micromole,0 microliter,C15H17NO,Cn1cccn1,deborylation_0,0.0 milligram,0.0 micromole,0 microliter,C4H6N2,C1=CC=C(C=C1)OCCC(C2=CC=C(C=C2)Cl)N.Cl.CC1(C)OB(C2=CN(C)N=C2)OC1(C)C>>Cn1cc(-c2ccc(C(N)CCOc3ccccc3)cc2)cn1.NC(CCOc1ccccc1)c1ccccc1.Cn1cccn1,004_RLN-NB-2443_011_F21,,,,,,,,,,,,,,,,,,,,,6/9/2023 5:44:49 AM,004_rln-nb-2443_011_f21.raw,2min_150_1200.EXP,004_RLN-NB-2443_011_F21,004_RLN-NB-2443_011_F21_004_RLN-NB-2443_011_F,Rxn_Opt_HSST3_2_98,Analog,0,0,0,0,0,4.6466349461151415,0.736,0,0,0,False,82.05309820128,1.25,deborylation_0,0,0,0,0,0,189.26493879790152,15.495460773219536,4.6466349461151415,194.9,0.736,0,0,0,0,0,0,0,0,0,0,0,0,0,0,0,0,0,0,0,0,0,0,0,0,0,0,0,0,0,0,0,0,0,0,0,0,0,0,0,0,0,0,0,0,0,0,0,0,0,0,0,0,0,0,0,0,0,0,0,0,0,0,0,0,0,0,0,0,0,0,0,0,0,0,0,0,0,0,0,0,0.0,0.0,0.0,0.0,0.0,0.0,0.0,0.0,0.0,0.0,0.0,0.0,0.0,0.0,0.0,0.0,0.0,0.0,0.0,0.0,0.0,0.0,0.0,0.0,0.0,0.0,0.0,0.0,0.0,0.0,0.0,0.0,0.0,0.0,0.0,0.0,0.0,0.0,0.0,0.0,0.0,0.0,0.0,0.0,0.0,0.0,0.0,0.0,0.0,0.0,0.0,0.0,0.0,0.0,0.0
141,F22,COC1=CC=C(C(P(C(C)(C)C)C(C)(C)C)=C1C2=C(C=C(C=C2C(C)C)C(C)C)C(C)C)OC.NC3=C(C=CC=C3)C4=C(C=CC=C4)[Pd]OS(C)(=O)=O,tBuBrettPhos Pd G3,0.06835544000000003 milligram,0.08000000000000002 micromole,0.06835544000000005 microliter,C44H62NO5PPdS,C1=CC=C(C=C1)OCCC(C2=CC=C(C=C2)Cl)N.Cl,1-(1-amino-3-phenoxypropyl)-4-chlorobenzene hydrochloride,0.11928520000000001 milligram,0.4 micromole,0.11928520000000004 microliter,C15H17Cl2NO,CC1(C)OB(C2=CC3=C(NC=C3)C=C2)OC1(C)C,"5-(tetramethyl-1,3,2-dioxaborolan-2-yl)-1H-indole",0.11669520000000001 milligram,0.48000000000000004 micromole,0.11669520000000004 microliter,C14H18BNO2,[Na+].[Na+].[O-]C([O-])=O,Na2CO3,0.31796399999999997 milligram,3.0 micromole,0.317964 microliter,CNa2O3,CN1C=NC2=C1C(=O)N(C(=O)N2C)C,caffeine,0.0776764 milligram,0.4 micromole,0.07767640000000002 microliter,C8H10N4O2,C1COCCO1,dioxane,16.2225 milligram,184.12480421310696 micromole,15.75 microliter,C4H8O2,O,water,1.75 milligram,97.1412711629198 micromole,1.75 microliter,H2O,NC(CCOc1ccccc1)c1ccc(-c2ccc3[nH]ccc3c2)cc1,suzuki_product_0,0.0 milligram,0.0 micromole,0 microliter,C23H22N2O,NC(CCOc1ccccc1)c1ccccc1,dehalogenation_0,0.0 milligram,0.0 micromole,0 microliter,C15H17NO,c1ccc2[nH]ccc2c1,deborylation_0,0.0 milligram,0.0 micromole,0 microliter,C8H7N,C1=CC=C(C=C1)OCCC(C2=CC=C(C=C2)Cl)N.Cl.CC1(C)OB(C2=CC3=C(NC=C3)C=C2)OC1(C)C>>NC(CCOc1ccccc1)c1ccc(-c2ccc3[nH]ccc3c2)cc1.NC(CCOc1ccccc1)c1ccccc1.c1ccc2[nH]ccc2c1,004_RLN-NB-2443_011_F22,,,,,,,,,,,,,,,,,,,,,6/9/2023 5:47:16 AM,004_rln-nb-2443_011_f22.raw,2min_150_1200.EXP,004_RLN-NB-2443_011_F22,004_RLN-NB-2443_011_F22_004_RLN-NB-2443_011_F22,Rxn_Opt_HSST3_2_98,Analog,0,0,0,0,0,5.23592589117664,0.7343,1.428826233082178,1.271,0,False,117.05784922892,1.25,deborylation_0,0,0,0,0,0,203.6189090352601,17.830106839755132,5.23592589117664,195,0.7343,0,0,0,0,0,0,0,0,0,0,52.2631982191529,4.865638842259281,1.428826233082178,243.9,1.271,0,0,0,0,0,0,0,0,0,0,0,0,0,0,0,0,0,0,0,0,0,0,0,0,0,0,0,0,0,0,0,0,0,0,0,0,0,0,0,0,0,0,0,0,0,0,0,0,0,0,0,0,0,0,0,0,0,0,0,0,0,0,0,0,0,0.0,0.0,0.0,0.0,0.0,0.0,0.0,0.0,0.0,0.0,0.0,0.0,0.0,0.0,0.0,0.0,0.0,0.0,0.0,0.0,0.0,0.0,0.0,0.0,0.0,0.00010915557345759804,27.28889336439951,0.0,0.0,0.0,0.0,0.0,0.0,0.0,0.0,0.0,0.0,0.0,0.0,0.0,0.0,0.0,0.0,0.0,0.0,0.0,0.0,0.0,0.0,0.0,0.0,0.0,0.0,0.0,0.0
142,F23,COC1=CC=C(C(P(C(C)(C)C)C(C)(C)C)=C1C2=C(C=C(C=C2C(C)C)C(C)C)C(C)C)OC.NC3=C(C=CC=C3)C4=C(C=CC=C4)[Pd]OS(C)(=O)=O,tBuBrettPhos Pd G3,0.06835544000000003 milligram,0.08000000000000002 micromole,0.06835544000000005 microliter,C44H62NO5PPdS,C1=CC=C(C=C1)OCCC(C2=CC=C(C=C2)Cl)N.Cl,1-(1-amino-3-phenoxypropyl)-4-chlorobenzene hydrochloride,0.11928520000000001 milligram,0.4 micromole,0.11928520000000004 microliter,C15H17Cl2NO,O=[N+](C1=CC=CC=C1B2OC(C)(C)C(C)(C)O2)[O-],"4,4,5,5-tetramethyl-2-(2-nitrophenyl)-1,3,2-dioxaborolane",0.11955599999999997 milligram,0.48000000000000004 micromole,0.119556 microliter,C12H16BNO4,[Na+].[Na+].[O-]C([O-])=O,Na2CO3,0.31796399999999997 milligram,3.0 micromole,0.317964 microliter,CNa2O3,CN1C=NC2=C1C(=O)N(C(=O)N2C)C,caffeine,0.0776764 milligram,0.4 micromole,0.07767640000000002 microliter,C8H10N4O2,C1COCCO1,dioxane,16.2225 milligram,184.12480421310696 micromole,15.75 microliter,C4H8O2,O,water,1.75 milligram,97.1412711629198 micromole,1.75 microliter,H2O,NC(CCOc1ccccc1)c1ccc(-c2ccccc2[N+](=O)[O-])cc1,suzuki_product_0,0.0 milligram,0.0 micromole,0 microliter,C21H20N2O3,NC(CCOc1ccccc1)c1ccccc1,dehalogenation_0,0.0 milligram,0.0 micromole,0 microliter,C15H17NO,O=[N+]([O-])c1ccccc1,deborylation_0,0.0 milligram,0.0 micromole,0 microliter,C6H5NO2,C1=CC=C(C=C1)OCCC(C2=CC=C(C=C2)Cl)N.Cl.O=[N+](C1=CC=CC=C1B2OC(C)(C)C(C)(C)O2)[O-]>>NC(CCOc1ccccc1)c1ccc(-c2ccccc2[N+](=O)[O-])cc1.NC(CCOc1ccccc1)c1ccccc1.O=[N+]([O-])c1ccccc1,004_RLN-NB-2443_011_F23,,,,,,,,,,,,,,,,,,,,,6/9/2023 5:49:43 AM,004_rln-nb-2443_011_f23.raw,2min_150_1200.EXP,004_RLN-NB-2443_011_F23,004_RLN-NB-2443_011_F23_004_RLN-NB-2443_011_,Rxn_Opt_HSST3_2_98,Analog,0,0,0,0,0,4.465156307225559,0.736,0,0,0,False,123.03202840392001,1.25,deborylation_0,0,0,0,0,0,175.01932052401705,13.48177440230238,4.465156307225559,195,0.736,0,0,0,0,0,0,0,0,0,0,0,0,0,0,0,0,0,0,0,0,0,0,0,0,0,0,0,0,0,0,0,0,0,0,0,0,0,0,0,0,0,0,0,0,0,0,0,0,0,0,0,0,0,0,0,0,0,0,0,0,0,0,0,0,0,0,0,0,0,0,0,0,0,0,0,0,0,0,0,0,0.0,0.0,0.0,0.0,0.0,0.0,0.0,0.0,0.0,0.0,0.0,0.0,0.0,0.0,0.0,0.0,0.0,0.0,0.0,0.0,0.0,0.0,0.0,0.0,0.0,0.0,0.0,0.0,0.0,0.0,0.0,0.0,0.0,0.0,0.0,0.0,0.0,0.0,0.0,0.0,0.0,0.0,0.0,0.0,0.0,0.0,0.0,0.0,0.0,0.0,0.0,0.0,0.0,0.0,0.0
143,F24,COC1=CC=C(C(P(C(C)(C)C)C(C)(C)C)=C1C2=C(C=C(C=C2C(C)C)C(C)C)C(C)C)OC.NC3=C(C=CC=C3)C4=C(C=CC=C4)[Pd]OS(C)(=O)=O,tBuBrettPhos Pd G3,0.06835544000000003 milligram,0.08000000000000002 micromole,0.06835544000000005 microliter,C44H62NO5PPdS,C1=CC=C(C=C1)OCCC(C2=CC=C(C=C2)Cl)N.Cl,1-(1-amino-3-phenoxypropyl)-4-chlorobenzene hydrochloride,0.11928520000000001 milligram,0.4 micromole,0.11928520000000004 microliter,C15H17Cl2NO,O=C(O)C1=CC=CC(B2OC(C)(C)C(C)(C)O2)=C1,"3-(tetramethyl-1,3,2-dioxaborolan-2-yl)benzoic acid",0.11908175999999998 milligram,0.48000000000000004 micromole,0.11908176000000001 microliter,C13H17BO4,[Na+].[Na+].[O-]C([O-])=O,Na2CO3,0.31796399999999997 milligram,3.0 micromole,0.317964 microliter,CNa2O3,CN1C=NC2=C1C(=O)N(C(=O)N2C)C,caffeine,0.0776764 milligram,0.4 micromole,0.07767640000000002 microliter,C8H10N4O2,C1COCCO1,dioxane,16.2225 milligram,184.12480421310696 micromole,15.75 microliter,C4H8O2,O,water,1.75 milligram,97.1412711629198 micromole,1.75 microliter,H2O,NC(CCOc1ccccc1)c1ccc(-c2cccc(C(=O)O)c2)cc1,suzuki_product_0,0.0 milligram,0.0 micromole,0 microliter,C22H21NO3,NC(CCOc1ccccc1)c1ccccc1,dehalogenation_0,0.0 milligram,0.0 micromole,0 microliter,C15H17NO,O=C(O)c1ccccc1,deborylation_0,0.0 milligram,0.0 micromole,0 microliter,C7H6O2,C1=CC=C(C=C1)OCCC(C2=CC=C(C=C2)Cl)N.Cl.O=C(O)C1=CC=CC(B2OC(C)(C)C(C)(C)O2)=C1>>NC(CCOc1ccccc1)c1ccc(-c2cccc(C(=O)O)c2)cc1.NC(CCOc1ccccc1)c1ccccc1.O=C(O)c1ccccc1,004_RLN-NB-2443_011_F24,,,,,,,,,,,,,,,,,,,,,6/9/2023 5:52:10 AM,004_rln-nb-2443_011_f24.raw,2min_150_1200.EXP,004_RLN-NB-2443_011_F24,004_RLN-NB-2443_011_F24_004_RLN-NB-2443_011_F24,Rxn_Opt_HSST3_2_98,Analog,0,0,0,0,0,5.370802489081027,0.736,0,0,0,False,122.03677943156,1.25,deborylation_0,0,0,0,0,0,221.08970611262964,15.942572754764964,5.370802489081027,194.9,0.736,0,0,0,0,0,0,0,0,0,0,0,0,0,0,0,0,0,0,0,0,0,0,0,0,0,0,0,0,0,0,0,0,0,0,0,0,0,0,0,0,0,0,0,0,0,0,0,0,0,0,0,0,0,0,0,0,0,0,0,0,0,0,0,0,0,0,0,0,0,0,0,0,0,0,0,0,0,0,0,0,0.0,0.0,0.0,0.0,0.0,0.0,0.0,0.0,0.0,0.0,0.0,0.0,0.0,0.0,0.0,0.0,0.0,0.0,0.0,0.0,0.0,0.0,0.0,0.0,0.0,0.0,0.0,0.0,0.0,0.0,0.0,0.0,0.0,0.0,0.0,0.0,0.0,0.0,0.0,0.0,0.0,0.0,0.0,0.0,0.0,0.0,0.0,0.0,0.0,0.0,0.0,0.0,0.0,0.0,0.0
144,G1,CC(C)C1=CC(C(C)C)=CC(C(C)C)=C1C2=C([P+](C3CCCCC3)([Pd-2]4(OS(C)(=O)=O)C(C=CC=C5)=C5C6=C([NH+]4C)C=CC=C6)C7CCCCC7)C=CC=C2,XPhos Pd G4,0.06883952 milligram,0.08000000000000002 micromole,0.06883952000000002 microliter,C47H64NO3PPdS,CC1=C(C(=NN1C(C)C)N)Br,4-BROMO-1-ISOPROPYL-5-METHYL-1H-PYRAZOL-3-AMINE,0.0872392 milligram,0.4 micromole,0.08723920000000002 microliter,C7H12BrN3,B1(OC(C(O1)(C)C)(C)C)C2=CN(N=C2C)C,"1,3-dimethyl-4-(4,4,5,5-tetramethyl-1,3,2-dioxaborolan-2-yl)-1H-pyrazole",0.10660655999999999 milligram,0.48000000000000004 micromole,0.10660656000000002 microliter,C11H19BN2O2,[Na+].[Na+].[O-]C([O-])=O,Na2CO3,0.31796399999999997 milligram,3.0 micromole,0.317964 microliter,CNa2O3,CN1C=NC2=C1C(=O)N(C(=O)N2C)C,caffeine,0.0776764 milligram,0.4 micromole,0.07767640000000002 microliter,C8H10N4O2,C1COCCO1,dioxane,16.2225 milligram,184.12480421310696 micromole,15.75 microliter,C4H8O2,O,water,1.75 milligram,97.1412711629198 micromole,1.75 microliter,H2O,Cc1nn(C)cc1-c1c(N)nn(C(C)C)c1C,suzuki_product_0,0.0 milligram,0.0 micromole,0 microliter,C12H19N5,Cc1cc(N)nn1C(C)C,dehalogenation_0,0.0 milligram,0.0 micromole,0 microliter,C7H13N3,Cc1ccn(C)n1,deborylation_0,0.0 milligram,0.0 micromole,0 microliter,C5H8N2,CC1=C(C(=NN1C(C)C)N)Br.B1(OC(C(O1)(C)C)(C)C)C2=CN(N=C2C)C>>Cc1nn(C)cc1-c1c(N)nn(C(C)C)c1C.Cc1cc(N)nn1C(C)C.Cc1ccn(C)n1,004_RLN-NB-2443_011_G1,,,,,,,,,,,,,,,,,,,,,6/9/2023 5:54:37 AM,004_rln-nb-2443_011_g1.raw,2min_150_1200.EXP,004_RLN-NB-2443_011_G1,004_RLN-NB-2443_011_G1_004_RLN-NB-2443_011_G1_004,Rxn_Opt_HSST3_2_98,Analog,0,0,0,0,0,4.720365731270209,0.736,0,0,0,False,96.06874826542,1.25,deborylation_0,0,0,0,0,0,174.54890953130035,22.791811455041124,4.720365731270209,195,0.736,0,0,0,0,0,0,0,0,0,0,0,0,0,0,0,0,0,0,0,0,0,0,0,0,0,0,0,0,0,0,0,0,0,0,0,0,0,0,0,0,0,0,0,0,0,0,0,0,0,0,0,0,0,0,0,0,0,0,0,0,0,0,0,0,0,0,0,0,0,0,0,0,0,0,0,0,0,0,0,0,0.0,0.0,0.0,0.0,0.0,0.0,0.0,0.0,0.0,0.0,0.0,0.0,0.0,0.0,0.0,0.0,0.0,0.0,0.0,0.0,0.0,0.0,0.0,0.0,0.0,0.0,0.0,0.0,0.0,0.0,0.0,0.0,0.0,0.0,0.0,0.0,0.0,0.0,0.0,0.0,0.0,0.0,0.0,0.0,0.0,0.0,0.0,0.0,0.0,0.0,0.0,0.0,0.0,0.0,0.0
145,G2,CC(C)C1=CC(C(C)C)=CC(C(C)C)=C1C2=C([P+](C3CCCCC3)([Pd-2]4(OS(C)(=O)=O)C(C=CC=C5)=C5C6=C([NH+]4C)C=CC=C6)C7CCCCC7)C=CC=C2,XPhos Pd G4,0.06883952 milligram,0.08000000000000002 micromole,0.06883952000000002 microliter,C47H64NO3PPdS,CC1=C(C(=NN1C(C)C)N)Br,4-BROMO-1-ISOPROPYL-5-METHYL-1H-PYRAZOL-3-AMINE,0.0872392 milligram,0.4 micromole,0.08723920000000002 microliter,C7H12BrN3,B1(OC(C(O1)(C)C)(C)C)C2=CN=C(C=C2)C,"2-methyl-5-(4,4,5,5-tetramethyl-1,3,2-dioxaborolan-2-yl)pyridine",0.10516464 milligram,0.48000000000000004 micromole,0.10516464000000003 microliter,C12H18BNO2,[Na+].[Na+].[O-]C([O-])=O,Na2CO3,0.31796399999999997 milligram,3.0 micromole,0.317964 microliter,CNa2O3,CN1C=NC2=C1C(=O)N(C(=O)N2C)C,caffeine,0.0776764 milligram,0.4 micromole,0.07767640000000002 microliter,C8H10N4O2,C1COCCO1,dioxane,16.2225 milligram,184.12480421310696 micromole,15.75 microliter,C4H8O2,O,water,1.75 milligram,97.1412711629198 micromole,1.75 microliter,H2O,Cc1ccc(-c2c(N)nn(C(C)C)c2C)cn1,suzuki_product_0,0.0 milligram,0.0 micromole,0 microliter,C13H18N4,Cc1cc(N)nn1C(C)C,dehalogenation_0,0.0 milligram,0.0 micromole,0 microliter,C7H13N3,Cc1ccccn1,deborylation_0,0.0 milligram,0.0 micromole,0 microliter,C6H7N,CC1=C(C(=NN1C(C)C)N)Br.B1(OC(C(O1)(C)C)(C)C)C2=CN=C(C=C2)C>>Cc1ccc(-c2c(N)nn(C(C)C)c2C)cn1.Cc1cc(N)nn1C(C)C.Cc1ccccn1,004_RLN-NB-2443_011_G2,,,,,,,,,,,,,,,,,,,,,6/9/2023 5:57:04 AM,004_rln-nb-2443_011_g2.raw,2min_150_1200.EXP,004_RLN-NB-2443_011_G2,004_RLN-NB-2443_011_G2_004_RLN-NB-2443_011_G2_004_R,Rxn_Opt_HSST3_2_98,Analog,0.0827067263263375,0,0.48030073247177446,2.0512609007779905,1.0643,5.807275342716899,0.7343,0,0,0,False,93.05784922892,1.25,deborylation_0,0,0,0,0,0,213.01178116917995,24.80162124522123,5.807275342716899,194.9,0.7343,0,0,0,0,0,0,0,0,0,0,0,0,0,0,0,0,0,0,0,0,0,0,0,0,0,0,0,0,0,0,0,0,0,0,0,0,0,0,0,0,0,0,0,0,0,0,0,0,0,0,0,0,0,0,0,0,0,0,0,0,0,0,0,0,0,0,0,0,0,0,0,0,0,0,0,0,0,0,0,0,19.338390959829816,2.0512609007779905,0.48030073247177446,231.0,1.0643,0.0,0.0,0.0,0.0,0.0,0.0,0.0,0.0,0.0,0.0,0.0,0.0,0.0,0.0,3.308269053053501e-05,8.270672632633753,0.0,0.0,0.0,0.0,0.0,0.0,0.0,0.0,0.0,0.0,0.0,0.0,0.0,0.0,0.0,0.0,0.0,0.0,0.0,0.0,0.0,0.0,0.0,0.0,0.0,0.0,0.0,0.0,0.0,0.0,0.0,0.0,0.0,0.0
146,G3,CC(C)C1=CC(C(C)C)=CC(C(C)C)=C1C2=C([P+](C3CCCCC3)([Pd-2]4(OS(C)(=O)=O)C(C=CC=C5)=C5C6=C([NH+]4C)C=CC=C6)C7CCCCC7)C=CC=C2,XPhos Pd G4,0.06883952 milligram,0.08000000000000002 micromole,0.06883952000000002 microliter,C47H64NO3PPdS,CC1=C(C(=NN1C(C)C)N)Br,4-BROMO-1-ISOPROPYL-5-METHYL-1H-PYRAZOL-3-AMINE,0.0872392 milligram,0.4 micromole,0.08723920000000002 microliter,C7H12BrN3,CC1(C)OB(C2=CN(C)N=C2)OC1(C)C,"1-methyl-4-(tetramethyl-1,3,2-dioxaborolan-2-yl)-1H-pyrazole",0.09987359999999999 milligram,0.48000000000000004 micromole,0.09987360000000002 microliter,C10H17BN2O2,[Na+].[Na+].[O-]C([O-])=O,Na2CO3,0.31796399999999997 milligram,3.0 micromole,0.317964 microliter,CNa2O3,CN1C=NC2=C1C(=O)N(C(=O)N2C)C,caffeine,0.0776764 milligram,0.4 micromole,0.07767640000000002 microliter,C8H10N4O2,C1COCCO1,dioxane,16.2225 milligram,184.12480421310696 micromole,15.75 microliter,C4H8O2,O,water,1.75 milligram,97.1412711629198 micromole,1.75 microliter,H2O,Cc1c(-c2cnn(C)c2)c(N)nn1C(C)C,suzuki_product_0,0.0 milligram,0.0 micromole,0 microliter,C11H17N5,Cc1cc(N)nn1C(C)C,dehalogenation_0,0.0 milligram,0.0 micromole,0 microliter,C7H13N3,Cn1cccn1,deborylation_0,0.0 milligram,0.0 micromole,0 microliter,C4H6N2,CC1=C(C(=NN1C(C)C)N)Br.CC1(C)OB(C2=CN(C)N=C2)OC1(C)C>>Cc1c(-c2cnn(C)c2)c(N)nn1C(C)C.Cc1cc(N)nn1C(C)C.Cn1cccn1,004_RLN-NB-2443_011_G3,,,,,,,,,,,,,,,,,,,,,6/9/2023 5:59:31 AM,004_rln-nb-2443_011_g3.raw,2min_150_1200.EXP,004_RLN-NB-2443_011_G3,004_RLN-NB-2443_011_G3_004_RLN-NB-2443_011_G3_004,Rxn_Opt_HSST3_2_98,Analog,0,0,0,0,0,5.092656420366756,0.736,0,0,0,False,82.05309820128,1.25,deborylation_0,0,0,0,0,0,185.52732118031395,22.46626319726548,5.092656420366756,195,0.736,0,0,0,0,0,0,0,0,0,0,0,0,0,0,0,0,0,0,0,0,0,0,0,0,0,0,0,0,0,0,0,0,0,0,0,0,0,0,0,0,0,0,0,0,0,0,0,0,0,0,0,0,0,0,0,0,0,0,0,0,0,0,0,0,0,0,0,0,0,0,0,0,0,0,0,0,0,0,0,0,0.0,0.0,0.0,0.0,0.0,0.0,0.0,0.0,0.0,0.0,0.0,0.0,0.0,0.0,0.0,0.0,0.0,0.0,0.0,0.0,0.0,0.0,0.0,0.0,0.0,0.0,0.0,0.0,0.0,0.0,0.0,0.0,0.0,0.0,0.0,0.0,0.0,0.0,0.0,0.0,0.0,0.0,0.0,0.0,0.0,0.0,0.0,0.0,0.0,0.0,0.0,0.0,0.0,0.0,0.0
147,G4,CC(C)C1=CC(C(C)C)=CC(C(C)C)=C1C2=C([P+](C3CCCCC3)([Pd-2]4(OS(C)(=O)=O)C(C=CC=C5)=C5C6=C([NH+]4C)C=CC=C6)C7CCCCC7)C=CC=C2,XPhos Pd G4,0.06883952 milligram,0.08000000000000002 micromole,0.06883952000000002 microliter,C47H64NO3PPdS,CC1=C(C(=NN1C(C)C)N)Br,4-BROMO-1-ISOPROPYL-5-METHYL-1H-PYRAZOL-3-AMINE,0.0872392 milligram,0.4 micromole,0.08723920000000002 microliter,C7H12BrN3,CC1(C)OB(C2=CC3=C(NC=C3)C=C2)OC1(C)C,"5-(tetramethyl-1,3,2-dioxaborolan-2-yl)-1H-indole",0.11669520000000001 milligram,0.48000000000000004 micromole,0.11669520000000004 microliter,C14H18BNO2,[Na+].[Na+].[O-]C([O-])=O,Na2CO3,0.31796399999999997 milligram,3.0 micromole,0.317964 microliter,CNa2O3,CN1C=NC2=C1C(=O)N(C(=O)N2C)C,caffeine,0.0776764 milligram,0.4 micromole,0.07767640000000002 microliter,C8H10N4O2,C1COCCO1,dioxane,16.2225 milligram,184.12480421310696 micromole,15.75 microliter,C4H8O2,O,water,1.75 milligram,97.1412711629198 micromole,1.75 microliter,H2O,Cc1c(-c2ccc3[nH]ccc3c2)c(N)nn1C(C)C,suzuki_product_0,0.0 milligram,0.0 micromole,0 microliter,C15H18N4,Cc1cc(N)nn1C(C)C,dehalogenation_0,0.0 milligram,0.0 micromole,0 microliter,C7H13N3,c1ccc2[nH]ccc2c1,deborylation_0,0.0 milligram,0.0 micromole,0 microliter,C8H7N,CC1=C(C(=NN1C(C)C)N)Br.CC1(C)OB(C2=CC3=C(NC=C3)C=C2)OC1(C)C>>Cc1c(-c2ccc3[nH]ccc3c2)c(N)nn1C(C)C.Cc1cc(N)nn1C(C)C.c1ccc2[nH]ccc2c1,004_RLN-NB-2443_011_G4,,,,,,,,,,,,,,,,,,,,,6/9/2023 6:01:59 AM,004_rln-nb-2443_011_g4.raw,2min_150_1200.EXP,004_RLN-NB-2443_011_G4,004_RLN-NB-2443_011_G4_004_RLN-NB-2443_011_G4_004_R,Rxn_Opt_HSST3_2_98,Analog,0.33162896346987336,0,1.611195935952062,5.2503408287908275,0.9043,4.858429490277106,0.736,0,0,0,False,117.05784922892,1.25,deborylation_0,0,0,0,0,0,194.70115356955705,15.831973099864033,4.858429490277106,195.1,0.736,0,0,0,0,0,0,0,0,0,0,113.54759308672342,9.4873863204905,2.911437329660351,243.9,1.2726,0,0,0,0,0,0,0,0,0,0,0,0,0,0,0,0,0,0,0,0,0,0,0,0,0,0,0,0,0,0,0,0,0,0,0,0,0,0,0,0,0,0,0,0,0,0,0,0,0,0,0,0,0,0,0,0,0,0,0,0,0,0,0,0,0,50.824178830890816,5.2503408287908275,1.611195935952062,255.0,0.9043,0.0,0.0,0.0,0.0,0.0,0.0,0.0,0.0,0.0,0.0,0.0,0.0,0.0,0.0,0.00013265158538794934,33.16289634698733,0.0,0.0,0.0,0.0,0.00023970193129173466,59.92548282293366,0.0,0.0,0.0,0.0,0.0,0.0,0.0,0.0,0.0,0.0,0.0,0.0,0.0,0.0,0.0,0.0,0.0,0.0,0.0,0.0,0.0,0.0,0.0,0.0,0.0,0.0,0.0,0.0
148,G5,CC(C)C1=CC(C(C)C)=CC(C(C)C)=C1C2=C([P+](C3CCCCC3)([Pd-2]4(OS(C)(=O)=O)C(C=CC=C5)=C5C6=C([NH+]4C)C=CC=C6)C7CCCCC7)C=CC=C2,XPhos Pd G4,0.06883952 milligram,0.08000000000000002 micromole,0.06883952000000002 microliter,C47H64NO3PPdS,CC1=C(C(=NN1C(C)C)N)Br,4-BROMO-1-ISOPROPYL-5-METHYL-1H-PYRAZOL-3-AMINE,0.0872392 milligram,0.4 micromole,0.08723920000000002 microliter,C7H12BrN3,O=[N+](C1=CC=CC=C1B2OC(C)(C)C(C)(C)O2)[O-],"4,4,5,5-tetramethyl-2-(2-nitrophenyl)-1,3,2-dioxaborolane",0.11955599999999997 milligram,0.48000000000000004 micromole,0.119556 microliter,C12H16BNO4,[Na+].[Na+].[O-]C([O-])=O,Na2CO3,0.31796399999999997 milligram,3.0 micromole,0.317964 microliter,CNa2O3,CN1C=NC2=C1C(=O)N(C(=O)N2C)C,caffeine,0.0776764 milligram,0.4 micromole,0.07767640000000002 microliter,C8H10N4O2,C1COCCO1,dioxane,16.2225 milligram,184.12480421310696 micromole,15.75 microliter,C4H8O2,O,water,1.75 milligram,97.1412711629198 micromole,1.75 microliter,H2O,Cc1c(-c2ccccc2[N+](=O)[O-])c(N)nn1C(C)C,suzuki_product_0,0.0 milligram,0.0 micromole,0 microliter,C13H16N4O2,Cc1cc(N)nn1C(C)C,dehalogenation_0,0.0 milligram,0.0 micromole,0 microliter,C7H13N3,O=[N+]([O-])c1ccccc1,deborylation_0,0.0 milligram,0.0 micromole,0 microliter,C6H5NO2,CC1=C(C(=NN1C(C)C)N)Br.O=[N+](C1=CC=CC=C1B2OC(C)(C)C(C)(C)O2)[O-]>>Cc1c(-c2ccccc2[N+](=O)[O-])c(N)nn1C(C)C.Cc1cc(N)nn1C(C)C.O=[N+]([O-])c1ccccc1,004_RLN-NB-2443_011_G5,,,,,,,,,,,,,,,,,,,,,6/9/2023 6:04:26 AM,004_rln-nb-2443_011_g5.raw,2min_150_1200.EXP,004_RLN-NB-2443_011_G5,004_RLN-NB-2443_011_G5_004_RLN-NB-2443_011_G5_0,Rxn_Opt_HSST3_2_98,Analog,0.04457537690664334,0,0.22907202376703878,1.1093494100675838,1.0043,5.1389811968790955,0.736,0,0,0,False,123.03202840392001,1.25,deborylation_0,0,0,0,0,0,201.64304809640507,24.88704497980926,5.1389811968790955,194.9,0.736,0,0,0,0,0,0,0,0,0,0,0,0,0,0,0,0,0,0,0,0,0,0,0,0,0,0,0,0,0,0,0,0,0,0,0,0,0,0,0,0,0,0,0,0,0,0,0,0,0,0,0,0,0,0,0,0,0,0,0,0,0,0,0,0,0,0,0,0,0,0,0,0,0,0,0,0,0,0,0,0,10.837404940610751,1.1093494100675838,0.22907202376703878,260.9,1.0043,0.0,0.0,0.0,0.0,0.0,0.0,0.0,0.0,0.0,0.0,0.0,0.0,0.0,0.0,1.7830150762657336e-05,4.457537690664334,0.0,0.0,0.0,0.0,0.0,0.0,0.0,0.0,0.0,0.0,0.0,0.0,0.0,0.0,0.0,0.0,0.0,0.0,0.0,0.0,0.0,0.0,0.0,0.0,0.0,0.0,0.0,0.0,0.0,0.0,0.0,0.0,0.0,0.0
149,G6,CC(C)C1=CC(C(C)C)=CC(C(C)C)=C1C2=C([P+](C3CCCCC3)([Pd-2]4(OS(C)(=O)=O)C(C=CC=C5)=C5C6=C([NH+]4C)C=CC=C6)C7CCCCC7)C=CC=C2,XPhos Pd G4,0.06883952 milligram,0.08000000000000002 micromole,0.06883952000000002 microliter,C47H64NO3PPdS,CC1=C(C(=NN1C(C)C)N)Br,4-BROMO-1-ISOPROPYL-5-METHYL-1H-PYRAZOL-3-AMINE,0.0872392 milligram,0.4 micromole,0.08723920000000002 microliter,C7H12BrN3,O=C(O)C1=CC=CC(B2OC(C)(C)C(C)(C)O2)=C1,"3-(tetramethyl-1,3,2-dioxaborolan-2-yl)benzoic acid",0.11908175999999998 milligram,0.48000000000000004 micromole,0.11908176000000001 microliter,C13H17BO4,[Na+].[Na+].[O-]C([O-])=O,Na2CO3,0.31796399999999997 milligram,3.0 micromole,0.317964 microliter,CNa2O3,CN1C=NC2=C1C(=O)N(C(=O)N2C)C,caffeine,0.0776764 milligram,0.4 micromole,0.07767640000000002 microliter,C8H10N4O2,C1COCCO1,dioxane,16.2225 milligram,184.12480421310696 micromole,15.75 microliter,C4H8O2,O,water,1.75 milligram,97.1412711629198 micromole,1.75 microliter,H2O,Cc1c(-c2cccc(C(=O)O)c2)c(N)nn1C(C)C,suzuki_product_0,0.0 milligram,0.0 micromole,0 microliter,C14H17N3O2,Cc1cc(N)nn1C(C)C,dehalogenation_0,0.0 milligram,0.0 micromole,0 microliter,C7H13N3,O=C(O)c1ccccc1,deborylation_0,0.0 milligram,0.0 micromole,0 microliter,C7H6O2,CC1=C(C(=NN1C(C)C)N)Br.O=C(O)C1=CC=CC(B2OC(C)(C)C(C)(C)O2)=C1>>Cc1c(-c2cccc(C(=O)O)c2)c(N)nn1C(C)C.Cc1cc(N)nn1C(C)C.O=C(O)c1ccccc1,004_RLN-NB-2443_011_G6,,,,,,,,,,,,,,,,,,,,,6/9/2023 6:06:53 AM,004_rln-nb-2443_011_g6.raw,2min_150_1200.EXP,004_RLN-NB-2443_011_G6,004_RLN-NB-2443_011_G6_004_RLN-NB-2443_011_G6_004,Rxn_Opt_HSST3_2_98,Analog,0,0,0,0,0,4.765509568582916,0.736,0,0,0,False,122.03677943156,1.25,deborylation_0,0,0,0,0,0,204.778521357464,17.77834466684795,4.765509568582916,195,0.736,0,0,0,0,0,0,0,0,0,0,0,0,0,0,0,0,0,0,0,0,0,0,0,0,0,0,0,0,0,0,0,0,0,0,0,0,0,0,0,0,0,0,0,0,0,0,0,0,0,0,0,0,0,0,0,0,0,0,0,0,0,0,0,0,0,0,0,0,0,0,0,0,0,0,0,0,0,0,0,0,0.0,0.0,0.0,0.0,0.0,0.0,0.0,0.0,0.0,0.0,0.0,0.0,0.0,0.0,0.0,0.0,0.0,0.0,0.0,0.0,0.0,0.0,0.0,0.0,0.0,0.0,0.0,0.0,0.0,0.0,0.0,0.0,0.0,0.0,0.0,0.0,0.0,0.0,0.0,0.0,0.0,0.0,0.0,0.0,0.0,0.0,0.0,0.0,0.0,0.0,0.0,0.0,0.0,0.0,0.0
150,G7,NC1=C(C=CC=C1)C2=C([Pd]OS(C)(=O)=O)C=CC=C2.CN(C)C3=CC=C(C=C3)P(C(C)(C)C)C(C)(C)C,APhos Pd G3,0.050809520000000004 milligram,0.08000000000000002 micromole,0.05080952000000002 microliter,C29H41N2O3PPdS,CC1=C(C(=NN1C(C)C)N)Br,4-BROMO-1-ISOPROPYL-5-METHYL-1H-PYRAZOL-3-AMINE,0.0872392 milligram,0.4 micromole,0.08723920000000002 microliter,C7H12BrN3,B1(OC(C(O1)(C)C)(C)C)C2=CN(N=C2C)C,"1,3-dimethyl-4-(4,4,5,5-tetramethyl-1,3,2-dioxaborolan-2-yl)-1H-pyrazole",0.10660655999999999 milligram,0.48000000000000004 micromole,0.10660656000000002 microliter,C11H19BN2O2,[Na+].[Na+].[O-]C([O-])=O,Na2CO3,0.31796399999999997 milligram,3.0 micromole,0.317964 microliter,CNa2O3,CN1C=NC2=C1C(=O)N(C(=O)N2C)C,caffeine,0.0776764 milligram,0.4 micromole,0.07767640000000002 microliter,C8H10N4O2,C1COCCO1,dioxane,16.2225 milligram,184.12480421310696 micromole,15.75 microliter,C4H8O2,O,water,1.75 milligram,97.1412711629198 micromole,1.75 microliter,H2O,Cc1nn(C)cc1-c1c(N)nn(C(C)C)c1C,suzuki_product_0,0.0 milligram,0.0 micromole,0 microliter,C12H19N5,Cc1cc(N)nn1C(C)C,dehalogenation_0,0.0 milligram,0.0 micromole,0 microliter,C7H13N3,Cc1ccn(C)n1,deborylation_0,0.0 milligram,0.0 micromole,0 microliter,C5H8N2,CC1=C(C(=NN1C(C)C)N)Br.B1(OC(C(O1)(C)C)(C)C)C2=CN(N=C2C)C>>Cc1nn(C)cc1-c1c(N)nn(C(C)C)c1C.Cc1cc(N)nn1C(C)C.Cc1ccn(C)n1,004_RLN-NB-2443_011_G7,,,,,,,,,,,,,,,,,,,,,6/9/2023 6:09:19 AM,004_rln-nb-2443_011_g7.raw,2min_150_1200.EXP,004_RLN-NB-2443_011_G7,004_RLN-NB-2443_011_G7_004_RLN-NB-2443_011_G7_00,Rxn_Opt_HSST3_2_98,Analog,0,0,0,0,0,5.33663607320731,0.736,0.33834847285534025,0.6993,0,False,96.06874826542,1.25,deborylation_0,0,0,0,0,0,194.4466833916475,32.24566144553343,5.33663607320731,195,0.736,0,0,0,0,0,0,0,0,0,0,0,0,0,0,0,0,0,0,0,0,0,0,0,0,0,0,0,0,0,0,0,0,0,0,0,0,0,0,0,0,0,0,0,0,0,0,0,0,0,0,13.738324716599488,3.487869475022594,0.5772401378859761,217.9,0.9793,0,0,0,0,0,0,0,0,0,0,0,0,0,0,0,0,0,0,0,0,0,0,0,0,0,0.0,0.0,0.0,0.0,0.0,0.0,0.0,0.0,0.0,0.0,15.8864768880691,2.0444096536921066,0.33834847285534025,222.9,0.6993,0.0,0.0,2.5360430669351853e-05,6.340107667337963,0.0,0.0,0.0,0.0,0.0,0.0,0.0,0.0,0.0,0.0,0.0,0.0,0.0,0.0,0.0,0.0,0.0,0.0,0.0,0.0,4.326621714259452e-05,10.81655428564863,0.0,0.0,0.0,0.0,0.0,0.0,0.0,0.0,0.0,0.0,0.0,0.0,0.0,0.0
151,G8,NC1=C(C=CC=C1)C2=C([Pd]OS(C)(=O)=O)C=CC=C2.CN(C)C3=CC=C(C=C3)P(C(C)(C)C)C(C)(C)C,APhos Pd G3,0.050809520000000004 milligram,0.08000000000000002 micromole,0.05080952000000002 microliter,C29H41N2O3PPdS,CC1=C(C(=NN1C(C)C)N)Br,4-BROMO-1-ISOPROPYL-5-METHYL-1H-PYRAZOL-3-AMINE,0.0872392 milligram,0.4 micromole,0.08723920000000002 microliter,C7H12BrN3,B1(OC(C(O1)(C)C)(C)C)C2=CN=C(C=C2)C,"2-methyl-5-(4,4,5,5-tetramethyl-1,3,2-dioxaborolan-2-yl)pyridine",0.10516464 milligram,0.48000000000000004 micromole,0.10516464000000003 microliter,C12H18BNO2,[Na+].[Na+].[O-]C([O-])=O,Na2CO3,0.31796399999999997 milligram,3.0 micromole,0.317964 microliter,CNa2O3,CN1C=NC2=C1C(=O)N(C(=O)N2C)C,caffeine,0.0776764 milligram,0.4 micromole,0.07767640000000002 microliter,C8H10N4O2,C1COCCO1,dioxane,16.2225 milligram,184.12480421310696 micromole,15.75 microliter,C4H8O2,O,water,1.75 milligram,97.1412711629198 micromole,1.75 microliter,H2O,Cc1ccc(-c2c(N)nn(C(C)C)c2C)cn1,suzuki_product_0,0.0 milligram,0.0 micromole,0 microliter,C13H18N4,Cc1cc(N)nn1C(C)C,dehalogenation_0,0.0 milligram,0.0 micromole,0 microliter,C7H13N3,Cc1ccccn1,deborylation_0,0.0 milligram,0.0 micromole,0 microliter,C6H7N,CC1=C(C(=NN1C(C)C)N)Br.B1(OC(C(O1)(C)C)(C)C)C2=CN=C(C=C2)C>>Cc1ccc(-c2c(N)nn(C(C)C)c2C)cn1.Cc1cc(N)nn1C(C)C.Cc1ccccn1,004_RLN-NB-2443_011_G8,,,,,,,,,,,,,,,,,,,,,6/9/2023 6:11:46 AM,004_rln-nb-2443_011_g8.raw,2min_150_1200.EXP,004_RLN-NB-2443_011_G8,004_RLN-NB-2443_011_G8_004_RLN-NB-2443_011_G8_004_,Rxn_Opt_HSST3_2_98,Analog,0,0,0,0,0,5.260875102959144,0.736,0,0,0,False,93.05784922892,1.25,deborylation_0,0,0,0,0,0,196.0137197217261,42.97571416313383,5.260875102959144,195,0.736,0,0,0,0,0,0,0,0,0,0,0,0,0,0,0,0,0,0,0,0,0,0,0,0,0,0,0,0,0,0,0,0,0,0,0,0,0,0,0,0,0,0,0,0,0,0,0,0,0,0,0,0,0,0,0,0,0,0,0,0,0,0,0,0,0,0,0,0,0,0,0,0,0,0,0,0,0,0,0,0,0.0,0.0,0.0,0.0,0.0,0.0,0.0,0.0,0.0,0.0,0.0,0.0,0.0,0.0,0.0,0.0,0.0,0.0,0.0,0.0,0.0,0.0,0.0,0.0,0.0,0.0,0.0,0.0,0.0,0.0,0.0,0.0,0.0,0.0,0.0,0.0,0.0,0.0,0.0,0.0,0.0,0.0,0.0,0.0,0.0,0.0,0.0,0.0,0.0,0.0,0.0,0.0,0.0,0.0,0.0
152,G9,NC1=C(C=CC=C1)C2=C([Pd]OS(C)(=O)=O)C=CC=C2.CN(C)C3=CC=C(C=C3)P(C(C)(C)C)C(C)(C)C,APhos Pd G3,0.050809520000000004 milligram,0.08000000000000002 micromole,0.05080952000000002 microliter,C29H41N2O3PPdS,CC1=C(C(=NN1C(C)C)N)Br,4-BROMO-1-ISOPROPYL-5-METHYL-1H-PYRAZOL-3-AMINE,0.0872392 milligram,0.4 micromole,0.08723920000000002 microliter,C7H12BrN3,CC1(C)OB(C2=CN(C)N=C2)OC1(C)C,"1-methyl-4-(tetramethyl-1,3,2-dioxaborolan-2-yl)-1H-pyrazole",0.09987359999999999 milligram,0.48000000000000004 micromole,0.09987360000000002 microliter,C10H17BN2O2,[Na+].[Na+].[O-]C([O-])=O,Na2CO3,0.31796399999999997 milligram,3.0 micromole,0.317964 microliter,CNa2O3,CN1C=NC2=C1C(=O)N(C(=O)N2C)C,caffeine,0.0776764 milligram,0.4 micromole,0.07767640000000002 microliter,C8H10N4O2,C1COCCO1,dioxane,16.2225 milligram,184.12480421310696 micromole,15.75 microliter,C4H8O2,O,water,1.75 milligram,97.1412711629198 micromole,1.75 microliter,H2O,Cc1c(-c2cnn(C)c2)c(N)nn1C(C)C,suzuki_product_0,0.0 milligram,0.0 micromole,0 microliter,C11H17N5,Cc1cc(N)nn1C(C)C,dehalogenation_0,0.0 milligram,0.0 micromole,0 microliter,C7H13N3,Cn1cccn1,deborylation_0,0.0 milligram,0.0 micromole,0 microliter,C4H6N2,CC1=C(C(=NN1C(C)C)N)Br.CC1(C)OB(C2=CN(C)N=C2)OC1(C)C>>Cc1c(-c2cnn(C)c2)c(N)nn1C(C)C.Cc1cc(N)nn1C(C)C.Cn1cccn1,004_RLN-NB-2443_011_G9,,,,,,,,,,,,,,,,,,,,,6/9/2023 6:14:14 AM,004_rln-nb-2443_011_g9.raw,2min_150_1200.EXP,004_RLN-NB-2443_011_G9,004_RLN-NB-2443_011_G9_004_RLN-NB-2443_011_G9_00,Rxn_Opt_HSST3_2_98,Analog,0,0,0,0,0,5.078604567472881,0.7343,0,0,0,False,82.05309820128,1.25,deborylation_0,0,0,0,0,0,189.46775341645235,34.99500652339426,5.078604567472881,195,0.7343,0,0,0,0,0,0,0,0,0,0,0,0,0,0,0,0,0,0,0,0,0,0,0,0,0,0,0,0,0,0,0,0,0,0,0,0,0,0,0,0,0,0,0,0,0,0,0,0,0,0,0,0,0,0,0,0,0,0,0,0,0,0,0,0,0,0,0,0,0,0,0,0,0,0,0,0,0,0,0,0,0.0,0.0,0.0,0.0,0.0,0.0,0.0,0.0,0.0,0.0,0.0,0.0,0.0,0.0,0.0,0.0,0.0,0.0,0.0,0.0,0.0,0.0,0.0,0.0,0.0,0.0,0.0,0.0,0.0,0.0,0.0,0.0,0.0,0.0,0.0,0.0,0.0,0.0,0.0,0.0,0.0,0.0,0.0,0.0,0.0,0.0,0.0,0.0,0.0,0.0,0.0,0.0,0.0,0.0,0.0
153,G10,NC1=C(C=CC=C1)C2=C([Pd]OS(C)(=O)=O)C=CC=C2.CN(C)C3=CC=C(C=C3)P(C(C)(C)C)C(C)(C)C,APhos Pd G3,0.050809520000000004 milligram,0.08000000000000002 micromole,0.05080952000000002 microliter,C29H41N2O3PPdS,CC1=C(C(=NN1C(C)C)N)Br,4-BROMO-1-ISOPROPYL-5-METHYL-1H-PYRAZOL-3-AMINE,0.0872392 milligram,0.4 micromole,0.08723920000000002 microliter,C7H12BrN3,CC1(C)OB(C2=CC3=C(NC=C3)C=C2)OC1(C)C,"5-(tetramethyl-1,3,2-dioxaborolan-2-yl)-1H-indole",0.11669520000000001 milligram,0.48000000000000004 micromole,0.11669520000000004 microliter,C14H18BNO2,[Na+].[Na+].[O-]C([O-])=O,Na2CO3,0.31796399999999997 milligram,3.0 micromole,0.317964 microliter,CNa2O3,CN1C=NC2=C1C(=O)N(C(=O)N2C)C,caffeine,0.0776764 milligram,0.4 micromole,0.07767640000000002 microliter,C8H10N4O2,C1COCCO1,dioxane,16.2225 milligram,184.12480421310696 micromole,15.75 microliter,C4H8O2,O,water,1.75 milligram,97.1412711629198 micromole,1.75 microliter,H2O,Cc1c(-c2ccc3[nH]ccc3c2)c(N)nn1C(C)C,suzuki_product_0,0.0 milligram,0.0 micromole,0 microliter,C15H18N4,Cc1cc(N)nn1C(C)C,dehalogenation_0,0.0 milligram,0.0 micromole,0 microliter,C7H13N3,c1ccc2[nH]ccc2c1,deborylation_0,0.0 milligram,0.0 micromole,0 microliter,C8H7N,CC1=C(C(=NN1C(C)C)N)Br.CC1(C)OB(C2=CC3=C(NC=C3)C=C2)OC1(C)C>>Cc1c(-c2ccc3[nH]ccc3c2)c(N)nn1C(C)C.Cc1cc(N)nn1C(C)C.c1ccc2[nH]ccc2c1,004_RLN-NB-2443_011_G10,,,,,,,,,,,,,,,,,,,,,6/9/2023 6:16:41 AM,004_rln-nb-2443_011_g10.raw,2min_150_1200.EXP,004_RLN-NB-2443_011_G10,004_RLN-NB-2443_011_G10_004_RLN-NB-2443_011_G10_00,Rxn_Opt_HSST3_2_98,Analog,0.2802432583092125,0,1.4541356709288835,7.423648300090748,0.911,5.188833728604566,0.736,0.6358475325873738,0.986,0,False,117.05784922892,1.25,deborylation_0,0,0,0,0,0,202.57721331312342,26.49001565596879,5.188833728604566,195,0.736,0,0,0,0,0,0,0,0,0,0,0,0,0,0,0,0,0,0,0,0,0,0,0,0,0,0,0,0,0,0,0,0,0,0,0,0,0,0,0,0,0,0,0,0,0,0,0,0,0,0,15.808168460956471,3.2461265814309326,0.6358475325873738,217.8,0.986,0,0,0,0,0,0,0,0,0,0,0,0,0,0,0,0,0,0,0,0,0,0,0,0,0,43.55586706922909,7.423648300090746,1.4541356709288835,255.0,0.911,0.0,0.0,0.0,0.0,0.0,0.0,0.0,0.0,0.0,0.0,0.0,0.0,0.0,0.0,0.000112097303323685,28.02432583092125,0.0,0.0,0.0,0.0,0.0,0.0,0.0,0.0,0.0,0.0,0.0,0.0,0.0,0.0,0.0,0.0,0.0,0.0,4.9016604951677456e-05,12.254151237919364,0.0,0.0,0.0,0.0,0.0,0.0,0.0,0.0,0.0,0.0,0.0,0.0,0.0,0.0
154,G11,NC1=C(C=CC=C1)C2=C([Pd]OS(C)(=O)=O)C=CC=C2.CN(C)C3=CC=C(C=C3)P(C(C)(C)C)C(C)(C)C,APhos Pd G3,0.050809520000000004 milligram,0.08000000000000002 micromole,0.05080952000000002 microliter,C29H41N2O3PPdS,CC1=C(C(=NN1C(C)C)N)Br,4-BROMO-1-ISOPROPYL-5-METHYL-1H-PYRAZOL-3-AMINE,0.0872392 milligram,0.4 micromole,0.08723920000000002 microliter,C7H12BrN3,O=[N+](C1=CC=CC=C1B2OC(C)(C)C(C)(C)O2)[O-],"4,4,5,5-tetramethyl-2-(2-nitrophenyl)-1,3,2-dioxaborolane",0.11955599999999997 milligram,0.48000000000000004 micromole,0.119556 microliter,C12H16BNO4,[Na+].[Na+].[O-]C([O-])=O,Na2CO3,0.31796399999999997 milligram,3.0 micromole,0.317964 microliter,CNa2O3,CN1C=NC2=C1C(=O)N(C(=O)N2C)C,caffeine,0.0776764 milligram,0.4 micromole,0.07767640000000002 microliter,C8H10N4O2,C1COCCO1,dioxane,16.2225 milligram,184.12480421310696 micromole,15.75 microliter,C4H8O2,O,water,1.75 milligram,97.1412711629198 micromole,1.75 microliter,H2O,Cc1c(-c2ccccc2[N+](=O)[O-])c(N)nn1C(C)C,suzuki_product_0,0.0 milligram,0.0 micromole,0 microliter,C13H16N4O2,Cc1cc(N)nn1C(C)C,dehalogenation_0,0.0 milligram,0.0 micromole,0 microliter,C7H13N3,O=[N+]([O-])c1ccccc1,deborylation_0,0.0 milligram,0.0 micromole,0 microliter,C6H5NO2,CC1=C(C(=NN1C(C)C)N)Br.O=[N+](C1=CC=CC=C1B2OC(C)(C)C(C)(C)O2)[O-]>>Cc1c(-c2ccccc2[N+](=O)[O-])c(N)nn1C(C)C.Cc1cc(N)nn1C(C)C.O=[N+]([O-])c1ccccc1,004_RLN-NB-2443_011_G11,,,,,,,,,,,,,,,,,,,,,6/9/2023 6:19:08 AM,004_rln-nb-2443_011_g11.raw,2min_150_1200.EXP,004_RLN-NB-2443_011_G11,004_RLN-NB-2443_011_G11_004_RLN-NB-2443_011_G1,Rxn_Opt_HSST3_2_98,Analog,0,0,0,0,0,5.426394420809711,0.7343,0,0,0,False,123.03202840392001,1.25,deborylation_0,0,0,0,0,0,202.898058325236,30.339830547556545,5.426394420809711,194.9,0.7343,0,0,0,0,0,0,0,0,0,0,0,0,0,0,0,0,0,0,0,0,0,0,0,0,0,0,0,0,0,0,0,0,0,0,0,0,0,0,0,0,0,0,0,0,0,0,0,0,0,0,0,0,0,0,0,0,0,0,0,0,0,0,0,0,0,0,0,0,0,0,0,0,0,0,0,0,0,0,0,0,0.0,0.0,0.0,0.0,0.0,0.0,0.0,0.0,0.0,0.0,0.0,0.0,0.0,0.0,0.0,0.0,0.0,0.0,0.0,0.0,0.0,0.0,0.0,0.0,0.0,0.0,0.0,0.0,0.0,0.0,0.0,0.0,0.0,0.0,0.0,0.0,0.0,0.0,0.0,0.0,0.0,0.0,0.0,0.0,0.0,0.0,0.0,0.0,0.0,0.0,0.0,0.0,0.0,0.0,0.0
155,G12,NC1=C(C=CC=C1)C2=C([Pd]OS(C)(=O)=O)C=CC=C2.CN(C)C3=CC=C(C=C3)P(C(C)(C)C)C(C)(C)C,APhos Pd G3,0.050809520000000004 milligram,0.08000000000000002 micromole,0.05080952000000002 microliter,C29H41N2O3PPdS,CC1=C(C(=NN1C(C)C)N)Br,4-BROMO-1-ISOPROPYL-5-METHYL-1H-PYRAZOL-3-AMINE,0.0872392 milligram,0.4 micromole,0.08723920000000002 microliter,C7H12BrN3,O=C(O)C1=CC=CC(B2OC(C)(C)C(C)(C)O2)=C1,"3-(tetramethyl-1,3,2-dioxaborolan-2-yl)benzoic acid",0.11908175999999998 milligram,0.48000000000000004 micromole,0.11908176000000001 microliter,C13H17BO4,[Na+].[Na+].[O-]C([O-])=O,Na2CO3,0.31796399999999997 milligram,3.0 micromole,0.317964 microliter,CNa2O3,CN1C=NC2=C1C(=O)N(C(=O)N2C)C,caffeine,0.0776764 milligram,0.4 micromole,0.07767640000000002 microliter,C8H10N4O2,C1COCCO1,dioxane,16.2225 milligram,184.12480421310696 micromole,15.75 microliter,C4H8O2,O,water,1.75 milligram,97.1412711629198 micromole,1.75 microliter,H2O,Cc1c(-c2cccc(C(=O)O)c2)c(N)nn1C(C)C,suzuki_product_0,0.0 milligram,0.0 micromole,0 microliter,C14H17N3O2,Cc1cc(N)nn1C(C)C,dehalogenation_0,0.0 milligram,0.0 micromole,0 microliter,C7H13N3,O=C(O)c1ccccc1,deborylation_0,0.0 milligram,0.0 micromole,0 microliter,C7H6O2,CC1=C(C(=NN1C(C)C)N)Br.O=C(O)C1=CC=CC(B2OC(C)(C)C(C)(C)O2)=C1>>Cc1c(-c2cccc(C(=O)O)c2)c(N)nn1C(C)C.Cc1cc(N)nn1C(C)C.O=C(O)c1ccccc1,004_RLN-NB-2443_011_G12,,,,,,,,,,,,,,,,,,,,,6/9/2023 2:06:37 PM,004_rln-nb-2443_011_g12.raw,2min_150_1200.EXP,004_RLN-NB-2443_011_G12,004_RLN-NB-2443_011_G12_004_RLN-NB-2443_011_G12_,Rxn_Opt_HSST3_2_98,Analog,0.1565833366392663,0,1.008642233770383,3.8571183045467894,0.861,6.441568147791318,0.6926,0,0,0,False,122.03677943156,1.25,deborylation_0,0,0,0,0,0,165.1563892986904,24.633006214657087,6.441568147791318,195,0.6926,0,0,0,0,0,0,0,0,0,0,0,0,0,0,0,0,0,0,0,0,0,0,0,0,0,0,0,0,0,0,0,0,0,0,0,0,0,0,0,0,0,0,0,0,0,0,0,0,0,0,0,0,0,0,0,0,0,0,0,0,0,0,0,0,0,0,0,0,0,0,0,0,0,0,0,0,0,0,0,0,43.44229746019023,3.8571183045467894,1.008642233770383,260.0,0.861,0.0,0.0,0.0,0.0,0.0,0.0,0.0,0.0,0.0,0.0,0.0,0.0,0.0,0.0,6.263333465570652e-05,15.658333663926626,0.0,0.0,0.0,0.0,0.0,0.0,0.0,0.0,0.0,0.0,0.0,0.0,0.0,0.0,0.0,0.0,0.0,0.0,0.0,0.0,0.0,0.0,0.0,0.0,0.0,0.0,0.0,0.0,0.0,0.0,0.0,0.0,0.0,0.0
156,G13,[Fe].Cl[Pd]Cl.[CH]1[CH][CH][C]([CH]1)P(C2CCCCC2)C3CCCCC3.[CH]4[CH][CH][C]([CH]4)P(C5CCCCC5)C6CCCCC6,PdCl2(dcypf),0.06047272000000001 milligram,0.08000000000000002 micromole,0.06047272000000002 microliter,C34H52Cl2FeP2Pd,CC1=C(C(=NN1C(C)C)N)Br,4-BROMO-1-ISOPROPYL-5-METHYL-1H-PYRAZOL-3-AMINE,0.0872392 milligram,0.4 micromole,0.08723920000000002 microliter,C7H12BrN3,B1(OC(C(O1)(C)C)(C)C)C2=CN(N=C2C)C,"1,3-dimethyl-4-(4,4,5,5-tetramethyl-1,3,2-dioxaborolan-2-yl)-1H-pyrazole",0.10660655999999999 milligram,0.48000000000000004 micromole,0.10660656000000002 microliter,C11H19BN2O2,[Na+].[Na+].[O-]C([O-])=O,Na2CO3,0.31796399999999997 milligram,3.0 micromole,0.317964 microliter,CNa2O3,CN1C=NC2=C1C(=O)N(C(=O)N2C)C,caffeine,0.0776764 milligram,0.4 micromole,0.07767640000000002 microliter,C8H10N4O2,C1COCCO1,dioxane,16.2225 milligram,184.12480421310696 micromole,15.75 microliter,C4H8O2,O,water,1.75 milligram,97.1412711629198 micromole,1.75 microliter,H2O,Cc1nn(C)cc1-c1c(N)nn(C(C)C)c1C,suzuki_product_0,0.0 milligram,0.0 micromole,0 microliter,C12H19N5,Cc1cc(N)nn1C(C)C,dehalogenation_0,0.0 milligram,0.0 micromole,0 microliter,C7H13N3,Cc1ccn(C)n1,deborylation_0,0.0 milligram,0.0 micromole,0 microliter,C5H8N2,CC1=C(C(=NN1C(C)C)N)Br.B1(OC(C(O1)(C)C)(C)C)C2=CN(N=C2C)C>>Cc1nn(C)cc1-c1c(N)nn(C(C)C)c1C.Cc1cc(N)nn1C(C)C.Cc1ccn(C)n1,004_RLN-NB-2443_011_G13,,,,,,,,,,,,,,,,,,,,,6/9/2023 2:09:57 PM,004_rln-nb-2443_011_g13.raw,2min_150_1200.EXP,004_RLN-NB-2443_011_G13,004_RLN-NB-2443_011_G13_004_RLN-NB-2443_011_G13,Rxn_Opt_HSST3_2_98,Analog,0,0,0,0,0,5.681130194948562,0.7293,0,0,0,False,96.06874826542,1.25,deborylation_0,0,0,0,0,0,219.4238215391835,74.27849710846094,5.681130194948562,194.9,0.7293,0,0,0,0,0,0,0,0,0,0,0,0,0,0,0,0,0,0,0,0,0,0,0,0,0,0,0,0,0,0,0,0,0,0,0,0,0,0,0,0,0,0,0,0,0,0,0,0,0,0,0,0,0,0,0,0,0,0,0,0,0,0,0,0,0,0,0,0,0,0,0,0,0,0,0,0,0,0,0,0,0.0,0.0,0.0,0.0,0.0,0.0,0.0,0.0,0.0,0.0,0.0,0.0,0.0,0.0,0.0,0.0,0.0,0.0,0.0,0.0,0.0,0.0,0.0,0.0,0.0,0.0,0.0,0.0,0.0,0.0,0.0,0.0,0.0,0.0,0.0,0.0,0.0,0.0,0.0,0.0,0.0,0.0,0.0,0.0,0.0,0.0,0.0,0.0,0.0,0.0,0.0,0.0,0.0,0.0,0.0
157,G14,[Fe].Cl[Pd]Cl.[CH]1[CH][CH][C]([CH]1)P(C2CCCCC2)C3CCCCC3.[CH]4[CH][CH][C]([CH]4)P(C5CCCCC5)C6CCCCC6,PdCl2(dcypf),0.06047272000000001 milligram,0.08000000000000002 micromole,0.06047272000000002 microliter,C34H52Cl2FeP2Pd,CC1=C(C(=NN1C(C)C)N)Br,4-BROMO-1-ISOPROPYL-5-METHYL-1H-PYRAZOL-3-AMINE,0.0872392 milligram,0.4 micromole,0.08723920000000002 microliter,C7H12BrN3,B1(OC(C(O1)(C)C)(C)C)C2=CN=C(C=C2)C,"2-methyl-5-(4,4,5,5-tetramethyl-1,3,2-dioxaborolan-2-yl)pyridine",0.10516464 milligram,0.48000000000000004 micromole,0.10516464000000003 microliter,C12H18BNO2,[Na+].[Na+].[O-]C([O-])=O,Na2CO3,0.31796399999999997 milligram,3.0 micromole,0.317964 microliter,CNa2O3,CN1C=NC2=C1C(=O)N(C(=O)N2C)C,caffeine,0.0776764 milligram,0.4 micromole,0.07767640000000002 microliter,C8H10N4O2,C1COCCO1,dioxane,16.2225 milligram,184.12480421310696 micromole,15.75 microliter,C4H8O2,O,water,1.75 milligram,97.1412711629198 micromole,1.75 microliter,H2O,Cc1ccc(-c2c(N)nn(C(C)C)c2C)cn1,suzuki_product_0,0.0 milligram,0.0 micromole,0 microliter,C13H18N4,Cc1cc(N)nn1C(C)C,dehalogenation_0,0.0 milligram,0.0 micromole,0 microliter,C7H13N3,Cc1ccccn1,deborylation_0,0.0 milligram,0.0 micromole,0 microliter,C6H7N,CC1=C(C(=NN1C(C)C)N)Br.B1(OC(C(O1)(C)C)(C)C)C2=CN=C(C=C2)C>>Cc1ccc(-c2c(N)nn(C(C)C)c2C)cn1.Cc1cc(N)nn1C(C)C.Cc1ccccn1,004_RLN-NB-2443_011_G14,,,,,,,,,,,,,,,,,,,,,6/9/2023 2:12:24 PM,004_rln-nb-2443_011_g14.raw,2min_150_1200.EXP,004_RLN-NB-2443_011_G14,004_RLN-NB-2443_011_G14_004_RLN-NB-2443_011_G14_0,Rxn_Opt_HSST3_2_98,Analog,0,0,0,0,0,4.27373372991407,0.731,0,0,0,False,93.05784922892,1.25,deborylation_0,0,0,0,0,0,160.92859659621155,59.70756800828128,4.27373372991407,194.9,0.731,0,0,0,0,0,0,0,0,0,0,0,0,0,0,0,0,0,0,0,0,0,0,0,0,0,0,0,0,0,0,0,0,0,0,0,0,0,0,0,0,0,0,0,0,0,0,0,0,0,0,0,0,0,0,0,0,0,0,0,0,0,0,0,0,0,0,0,0,0,0,0,0,0,0,0,0,0,0,0,0,0.0,0.0,0.0,0.0,0.0,0.0,0.0,0.0,0.0,0.0,0.0,0.0,0.0,0.0,0.0,0.0,0.0,0.0,0.0,0.0,0.0,0.0,0.0,0.0,0.0,0.0,0.0,0.0,0.0,0.0,0.0,0.0,0.0,0.0,0.0,0.0,0.0,0.0,0.0,0.0,0.0,0.0,0.0,0.0,0.0,0.0,0.0,0.0,0.0,0.0,0.0,0.0,0.0,0.0,0.0
158,G15,[Fe].Cl[Pd]Cl.[CH]1[CH][CH][C]([CH]1)P(C2CCCCC2)C3CCCCC3.[CH]4[CH][CH][C]([CH]4)P(C5CCCCC5)C6CCCCC6,PdCl2(dcypf),0.06047272000000001 milligram,0.08000000000000002 micromole,0.06047272000000002 microliter,C34H52Cl2FeP2Pd,CC1=C(C(=NN1C(C)C)N)Br,4-BROMO-1-ISOPROPYL-5-METHYL-1H-PYRAZOL-3-AMINE,0.0872392 milligram,0.4 micromole,0.08723920000000002 microliter,C7H12BrN3,CC1(C)OB(C2=CN(C)N=C2)OC1(C)C,"1-methyl-4-(tetramethyl-1,3,2-dioxaborolan-2-yl)-1H-pyrazole",0.09987359999999999 milligram,0.48000000000000004 micromole,0.09987360000000002 microliter,C10H17BN2O2,[Na+].[Na+].[O-]C([O-])=O,Na2CO3,0.31796399999999997 milligram,3.0 micromole,0.317964 microliter,CNa2O3,CN1C=NC2=C1C(=O)N(C(=O)N2C)C,caffeine,0.0776764 milligram,0.4 micromole,0.07767640000000002 microliter,C8H10N4O2,C1COCCO1,dioxane,16.2225 milligram,184.12480421310696 micromole,15.75 microliter,C4H8O2,O,water,1.75 milligram,97.1412711629198 micromole,1.75 microliter,H2O,Cc1c(-c2cnn(C)c2)c(N)nn1C(C)C,suzuki_product_0,0.0 milligram,0.0 micromole,0 microliter,C11H17N5,Cc1cc(N)nn1C(C)C,dehalogenation_0,0.0 milligram,0.0 micromole,0 microliter,C7H13N3,Cn1cccn1,deborylation_0,0.0 milligram,0.0 micromole,0 microliter,C4H6N2,CC1=C(C(=NN1C(C)C)N)Br.CC1(C)OB(C2=CN(C)N=C2)OC1(C)C>>Cc1c(-c2cnn(C)c2)c(N)nn1C(C)C.Cc1cc(N)nn1C(C)C.Cn1cccn1,004_RLN-NB-2443_011_G15,,,,,,,,,,,,,,,,,,,,,6/9/2023 2:14:51 PM,004_rln-nb-2443_011_g15.raw,2min_150_1200.EXP,004_RLN-NB-2443_011_G15,004_RLN-NB-2443_011_G15_004_RLN-NB-2443_011_G15,Rxn_Opt_HSST3_2_98,Analog,0,0,0,0,0,5.653547673236329,0.7326,0,0,0,False,82.05309820128,1.25,deborylation_0,0,0,0,0,0,215.47302677152211,74.59570510966903,5.653547673236329,195,0.7326,0,0,0,0,0,0,0,0,0,0,0,0,0,0,0,0,0,0,0,0,0,0,0,0,0,0,0,0,0,0,0,0,0,0,0,0,0,0,0,0,0,0,0,0,0,0,0,0,0,0,0,0,0,0,0,0,0,0,0,0,0,0,0,0,0,0,0,0,0,0,0,0,0,0,0,0,0,0,0,0,0.0,0.0,0.0,0.0,0.0,0.0,0.0,0.0,0.0,0.0,0.0,0.0,0.0,0.0,0.0,0.0,0.0,0.0,0.0,0.0,0.0,0.0,0.0,0.0,0.0,0.0,0.0,0.0,0.0,0.0,0.0,0.0,0.0,0.0,0.0,0.0,0.0,0.0,0.0,0.0,0.0,0.0,0.0,0.0,0.0,0.0,0.0,0.0,0.0,0.0,0.0,0.0,0.0,0.0,0.0
159,G16,[Fe].Cl[Pd]Cl.[CH]1[CH][CH][C]([CH]1)P(C2CCCCC2)C3CCCCC3.[CH]4[CH][CH][C]([CH]4)P(C5CCCCC5)C6CCCCC6,PdCl2(dcypf),0.06047272000000001 milligram,0.08000000000000002 micromole,0.06047272000000002 microliter,C34H52Cl2FeP2Pd,CC1=C(C(=NN1C(C)C)N)Br,4-BROMO-1-ISOPROPYL-5-METHYL-1H-PYRAZOL-3-AMINE,0.0872392 milligram,0.4 micromole,0.08723920000000002 microliter,C7H12BrN3,CC1(C)OB(C2=CC3=C(NC=C3)C=C2)OC1(C)C,"5-(tetramethyl-1,3,2-dioxaborolan-2-yl)-1H-indole",0.11669520000000001 milligram,0.48000000000000004 micromole,0.11669520000000004 microliter,C14H18BNO2,[Na+].[Na+].[O-]C([O-])=O,Na2CO3,0.31796399999999997 milligram,3.0 micromole,0.317964 microliter,CNa2O3,CN1C=NC2=C1C(=O)N(C(=O)N2C)C,caffeine,0.0776764 milligram,0.4 micromole,0.07767640000000002 microliter,C8H10N4O2,C1COCCO1,dioxane,16.2225 milligram,184.12480421310696 micromole,15.75 microliter,C4H8O2,O,water,1.75 milligram,97.1412711629198 micromole,1.75 microliter,H2O,Cc1c(-c2ccc3[nH]ccc3c2)c(N)nn1C(C)C,suzuki_product_0,0.0 milligram,0.0 micromole,0 microliter,C15H18N4,Cc1cc(N)nn1C(C)C,dehalogenation_0,0.0 milligram,0.0 micromole,0 microliter,C7H13N3,c1ccc2[nH]ccc2c1,deborylation_0,0.0 milligram,0.0 micromole,0 microliter,C8H7N,CC1=C(C(=NN1C(C)C)N)Br.CC1(C)OB(C2=CC3=C(NC=C3)C=C2)OC1(C)C>>Cc1c(-c2ccc3[nH]ccc3c2)c(N)nn1C(C)C.Cc1cc(N)nn1C(C)C.c1ccc2[nH]ccc2c1,004_RLN-NB-2443_011_G16,,,,,,,,,,,,,,,,,,,,,6/9/2023 2:17:18 PM,004_rln-nb-2443_011_g16.raw,2min_150_1200.EXP,004_RLN-NB-2443_011_G16,004_RLN-NB-2443_011_G16_004_RLN-NB-2443_011_G16_0,Rxn_Opt_HSST3_2_98,Analog,0,0,0,0,0,5.856551373448802,0.7343,0,0,0,False,117.05784922892,1.25,deborylation_0,0,0,0,0,0,220.18643471994312,50.3547483927184,5.856551373448802,195,0.7343,0,0,0,0,0,0,0,0,0,0,100.26861090699789,19.682590166480917,2.289200207565783,244,1.271,0,0,0,0,0,0,0,0,0,0,0,0,0,0,0,0,0,0,0,0,0,0,0,0,0,0,0,0,0,0,0,0,0,0,0,0,0,0,0,0,0,0,0,0,0,0,0,0,0,0,0,0,0,0,0,0,0,0,0,0,0,0,0,0,0,0.0,0.0,0.0,0.0,0.0,0.0,0.0,0.0,0.0,0.0,0.0,0.0,0.0,0.0,0.0,0.0,0.0,0.0,0.0,0.0,0.0,0.0,0.0,0.0,0.0,0.00015635141308204526,39.08785327051131,0.0,0.0,0.0,0.0,0.0,0.0,0.0,0.0,0.0,0.0,0.0,0.0,0.0,0.0,0.0,0.0,0.0,0.0,0.0,0.0,0.0,0.0,0.0,0.0,0.0,0.0,0.0,0.0
160,G17,[Fe].Cl[Pd]Cl.[CH]1[CH][CH][C]([CH]1)P(C2CCCCC2)C3CCCCC3.[CH]4[CH][CH][C]([CH]4)P(C5CCCCC5)C6CCCCC6,PdCl2(dcypf),0.06047272000000001 milligram,0.08000000000000002 micromole,0.06047272000000002 microliter,C34H52Cl2FeP2Pd,CC1=C(C(=NN1C(C)C)N)Br,4-BROMO-1-ISOPROPYL-5-METHYL-1H-PYRAZOL-3-AMINE,0.0872392 milligram,0.4 micromole,0.08723920000000002 microliter,C7H12BrN3,O=[N+](C1=CC=CC=C1B2OC(C)(C)C(C)(C)O2)[O-],"4,4,5,5-tetramethyl-2-(2-nitrophenyl)-1,3,2-dioxaborolane",0.11955599999999997 milligram,0.48000000000000004 micromole,0.119556 microliter,C12H16BNO4,[Na+].[Na+].[O-]C([O-])=O,Na2CO3,0.31796399999999997 milligram,3.0 micromole,0.317964 microliter,CNa2O3,CN1C=NC2=C1C(=O)N(C(=O)N2C)C,caffeine,0.0776764 milligram,0.4 micromole,0.07767640000000002 microliter,C8H10N4O2,C1COCCO1,dioxane,16.2225 milligram,184.12480421310696 micromole,15.75 microliter,C4H8O2,O,water,1.75 milligram,97.1412711629198 micromole,1.75 microliter,H2O,Cc1c(-c2ccccc2[N+](=O)[O-])c(N)nn1C(C)C,suzuki_product_0,0.0 milligram,0.0 micromole,0 microliter,C13H16N4O2,Cc1cc(N)nn1C(C)C,dehalogenation_0,0.0 milligram,0.0 micromole,0 microliter,C7H13N3,O=[N+]([O-])c1ccccc1,deborylation_0,0.0 milligram,0.0 micromole,0 microliter,C6H5NO2,CC1=C(C(=NN1C(C)C)N)Br.O=[N+](C1=CC=CC=C1B2OC(C)(C)C(C)(C)O2)[O-]>>Cc1c(-c2ccccc2[N+](=O)[O-])c(N)nn1C(C)C.Cc1cc(N)nn1C(C)C.O=[N+]([O-])c1ccccc1,004_RLN-NB-2443_011_G17,,,,,,,,,,,,,,,,,,,,,6/9/2023 2:19:45 PM,004_rln-nb-2443_011_g17.raw,2min_150_1200.EXP,004_RLN-NB-2443_011_G17,004_RLN-NB-2443_011_G17_004_RLN-NB-2443_011_G,Rxn_Opt_HSST3_2_98,Analog,0,0,0,0,0,5.150595217669749,0.7343,0,0,0,False,123.03202840392001,1.25,deborylation_0,0,0,0,0,0,194.2518730984999,58.509019749389665,5.150595217669749,194.9,0.7343,0,0,0,0,0,0,0,0,0,0,0,0,0,0,0,0,0,0,0,0,0,0,0,0,0,0,0,0,0,0,0,0,0,0,0,0,0,0,0,0,0,0,0,0,0,0,0,0,0,0,0,0,0,0,0,0,0,0,0,0,0,0,0,0,0,0,0,0,0,0,0,0,0,0,0,0,0,0,0,0,0.0,0.0,0.0,0.0,0.0,0.0,0.0,0.0,0.0,0.0,0.0,0.0,0.0,0.0,0.0,0.0,0.0,0.0,0.0,0.0,0.0,0.0,0.0,0.0,0.0,0.0,0.0,0.0,0.0,0.0,0.0,0.0,0.0,0.0,0.0,0.0,0.0,0.0,0.0,0.0,0.0,0.0,0.0,0.0,0.0,0.0,0.0,0.0,0.0,0.0,0.0,0.0,0.0,0.0,0.0
161,G18,[Fe].Cl[Pd]Cl.[CH]1[CH][CH][C]([CH]1)P(C2CCCCC2)C3CCCCC3.[CH]4[CH][CH][C]([CH]4)P(C5CCCCC5)C6CCCCC6,PdCl2(dcypf),0.06047272000000001 milligram,0.08000000000000002 micromole,0.06047272000000002 microliter,C34H52Cl2FeP2Pd,CC1=C(C(=NN1C(C)C)N)Br,4-BROMO-1-ISOPROPYL-5-METHYL-1H-PYRAZOL-3-AMINE,0.0872392 milligram,0.4 micromole,0.08723920000000002 microliter,C7H12BrN3,O=C(O)C1=CC=CC(B2OC(C)(C)C(C)(C)O2)=C1,"3-(tetramethyl-1,3,2-dioxaborolan-2-yl)benzoic acid",0.11908175999999998 milligram,0.48000000000000004 micromole,0.11908176000000001 microliter,C13H17BO4,[Na+].[Na+].[O-]C([O-])=O,Na2CO3,0.31796399999999997 milligram,3.0 micromole,0.317964 microliter,CNa2O3,CN1C=NC2=C1C(=O)N(C(=O)N2C)C,caffeine,0.0776764 milligram,0.4 micromole,0.07767640000000002 microliter,C8H10N4O2,C1COCCO1,dioxane,16.2225 milligram,184.12480421310696 micromole,15.75 microliter,C4H8O2,O,water,1.75 milligram,97.1412711629198 micromole,1.75 microliter,H2O,Cc1c(-c2cccc(C(=O)O)c2)c(N)nn1C(C)C,suzuki_product_0,0.0 milligram,0.0 micromole,0 microliter,C14H17N3O2,Cc1cc(N)nn1C(C)C,dehalogenation_0,0.0 milligram,0.0 micromole,0 microliter,C7H13N3,O=C(O)c1ccccc1,deborylation_0,0.0 milligram,0.0 micromole,0 microliter,C7H6O2,CC1=C(C(=NN1C(C)C)N)Br.O=C(O)C1=CC=CC(B2OC(C)(C)C(C)(C)O2)=C1>>Cc1c(-c2cccc(C(=O)O)c2)c(N)nn1C(C)C.Cc1cc(N)nn1C(C)C.O=C(O)c1ccccc1,004_RLN-NB-2443_011_G18,,,,,,,,,,,,,,,,,,,,,6/9/2023 2:22:12 PM,004_rln-nb-2443_011_g18.raw,2min_150_1200.EXP,004_RLN-NB-2443_011_G18,004_RLN-NB-2443_011_G18_004_RLN-NB-2443_011_G18,Rxn_Opt_HSST3_2_98,Analog,0,0,0,0,0,4.787776757024213,0.7343,0,0,0,False,122.03677943156,1.25,deborylation_0,0,0,0,0,0,209.075858530754,36.584405185572564,4.787776757024213,195,0.7343,0,0,0,0,0,0,0,0,0,0,0,0,0,0,0,0,0,0,0,0,0,0,0,0,0,0,0,0,0,0,0,0,0,0,0,0,0,0,0,0,0,0,0,0,0,0,0,0,0,0,0,0,0,0,0,0,0,0,0,0,0,0,0,0,0,0,0,0,0,0,0,0,0,0,0,0,0,0,0,0,0.0,0.0,0.0,0.0,0.0,0.0,0.0,0.0,0.0,0.0,0.0,0.0,0.0,0.0,0.0,0.0,0.0,0.0,0.0,0.0,0.0,0.0,0.0,0.0,0.0,0.0,0.0,0.0,0.0,0.0,0.0,0.0,0.0,0.0,0.0,0.0,0.0,0.0,0.0,0.0,0.0,0.0,0.0,0.0,0.0,0.0,0.0,0.0,0.0,0.0,0.0,0.0,0.0,0.0,0.0
162,G19,COC1=CC=C(C(P(C(C)(C)C)C(C)(C)C)=C1C2=C(C=C(C=C2C(C)C)C(C)C)C(C)C)OC.NC3=C(C=CC=C3)C4=C(C=CC=C4)[Pd]OS(C)(=O)=O,tBuBrettPhos Pd G3,0.06835544000000003 milligram,0.08000000000000002 micromole,0.06835544000000005 microliter,C44H62NO5PPdS,CC1=C(C(=NN1C(C)C)N)Br,4-BROMO-1-ISOPROPYL-5-METHYL-1H-PYRAZOL-3-AMINE,0.0872392 milligram,0.4 micromole,0.08723920000000002 microliter,C7H12BrN3,B1(OC(C(O1)(C)C)(C)C)C2=CN(N=C2C)C,"1,3-dimethyl-4-(4,4,5,5-tetramethyl-1,3,2-dioxaborolan-2-yl)-1H-pyrazole",0.10660655999999999 milligram,0.48000000000000004 micromole,0.10660656000000002 microliter,C11H19BN2O2,[Na+].[Na+].[O-]C([O-])=O,Na2CO3,0.31796399999999997 milligram,3.0 micromole,0.317964 microliter,CNa2O3,CN1C=NC2=C1C(=O)N(C(=O)N2C)C,caffeine,0.0776764 milligram,0.4 micromole,0.07767640000000002 microliter,C8H10N4O2,C1COCCO1,dioxane,16.2225 milligram,184.12480421310696 micromole,15.75 microliter,C4H8O2,O,water,1.75 milligram,97.1412711629198 micromole,1.75 microliter,H2O,Cc1nn(C)cc1-c1c(N)nn(C(C)C)c1C,suzuki_product_0,0.0 milligram,0.0 micromole,0 microliter,C12H19N5,Cc1cc(N)nn1C(C)C,dehalogenation_0,0.0 milligram,0.0 micromole,0 microliter,C7H13N3,Cc1ccn(C)n1,deborylation_0,0.0 milligram,0.0 micromole,0 microliter,C5H8N2,CC1=C(C(=NN1C(C)C)N)Br.B1(OC(C(O1)(C)C)(C)C)C2=CN(N=C2C)C>>Cc1nn(C)cc1-c1c(N)nn(C(C)C)c1C.Cc1cc(N)nn1C(C)C.Cc1ccn(C)n1,004_RLN-NB-2443_011_G19,,,,,,,,,,,,,,,,,,,,,6/9/2023 2:24:39 PM,004_rln-nb-2443_011_g19.raw,2min_150_1200.EXP,004_RLN-NB-2443_011_G19,004_RLN-NB-2443_011_G19_004_RLN-NB-2443_011_G19_0,Rxn_Opt_HSST3_2_98,Analog,0,0,0,0,0,5.1244729997009095,0.7343,0,0,0,False,96.06874826542,1.25,deborylation_0,0,0,0,0,0,192.26575225110042,28.474568924405485,5.1244729997009095,195,0.7343,0,0,0,0,0,0,0,0,0,0,0,0,0,0,0,0,0,0,0,0,0,0,0,0,0,0,0,0,0,0,0,0,0,0,0,0,0,0,0,0,0,0,0,0,0,0,0,0,0,0,0,0,0,0,0,0,0,0,0,0,0,0,0,0,0,0,0,0,0,0,0,0,0,0,0,0,0,0,0,0,0.0,0.0,0.0,0.0,0.0,0.0,0.0,0.0,0.0,0.0,0.0,0.0,0.0,0.0,0.0,0.0,0.0,0.0,0.0,0.0,0.0,0.0,0.0,0.0,0.0,0.0,0.0,0.0,0.0,0.0,0.0,0.0,0.0,0.0,0.0,0.0,0.0,0.0,0.0,0.0,0.0,0.0,0.0,0.0,0.0,0.0,0.0,0.0,0.0,0.0,0.0,0.0,0.0,0.0,0.0
163,G20,COC1=CC=C(C(P(C(C)(C)C)C(C)(C)C)=C1C2=C(C=C(C=C2C(C)C)C(C)C)C(C)C)OC.NC3=C(C=CC=C3)C4=C(C=CC=C4)[Pd]OS(C)(=O)=O,tBuBrettPhos Pd G3,0.06835544000000003 milligram,0.08000000000000002 micromole,0.06835544000000005 microliter,C44H62NO5PPdS,CC1=C(C(=NN1C(C)C)N)Br,4-BROMO-1-ISOPROPYL-5-METHYL-1H-PYRAZOL-3-AMINE,0.0872392 milligram,0.4 micromole,0.08723920000000002 microliter,C7H12BrN3,B1(OC(C(O1)(C)C)(C)C)C2=CN=C(C=C2)C,"2-methyl-5-(4,4,5,5-tetramethyl-1,3,2-dioxaborolan-2-yl)pyridine",0.10516464 milligram,0.48000000000000004 micromole,0.10516464000000003 microliter,C12H18BNO2,[Na+].[Na+].[O-]C([O-])=O,Na2CO3,0.31796399999999997 milligram,3.0 micromole,0.317964 microliter,CNa2O3,CN1C=NC2=C1C(=O)N(C(=O)N2C)C,caffeine,0.0776764 milligram,0.4 micromole,0.07767640000000002 microliter,C8H10N4O2,C1COCCO1,dioxane,16.2225 milligram,184.12480421310696 micromole,15.75 microliter,C4H8O2,O,water,1.75 milligram,97.1412711629198 micromole,1.75 microliter,H2O,Cc1ccc(-c2c(N)nn(C(C)C)c2C)cn1,suzuki_product_0,0.0 milligram,0.0 micromole,0 microliter,C13H18N4,Cc1cc(N)nn1C(C)C,dehalogenation_0,0.0 milligram,0.0 micromole,0 microliter,C7H13N3,Cc1ccccn1,deborylation_0,0.0 milligram,0.0 micromole,0 microliter,C6H7N,CC1=C(C(=NN1C(C)C)N)Br.B1(OC(C(O1)(C)C)(C)C)C2=CN=C(C=C2)C>>Cc1ccc(-c2c(N)nn(C(C)C)c2C)cn1.Cc1cc(N)nn1C(C)C.Cc1ccccn1,004_RLN-NB-2443_011_G20,,,,,,,,,,,,,,,,,,,,,6/9/2023 2:27:06 PM,004_rln-nb-2443_011_g20.raw,2min_150_1200.EXP,004_RLN-NB-2443_011_G20,004_RLN-NB-2443_011_G20_004_RLN-NB-2443_011_G20_004,Rxn_Opt_HSST3_2_98,Analog,0,0,0,0,0,5.191476838298469,0.736,0,0,0,False,93.05784922892,1.25,deborylation_0,0,0,0,0,0,205.4402560031896,24.394678692999005,5.191476838298469,194.9,0.736,0,0,0,0,0,0,0,0,0,0,0,0,0,0,0,0,0,0,0,0,0,0,0,0,0,0,0,0,0,0,0,0,0,0,0,0,0,0,0,0,0,0,0,0,0,0,0,0,0,0,0,0,0,0,0,0,0,0,0,0,0,0,0,0,0,0,0,0,0,0,0,0,0,0,0,0,0,0,0,0,0.0,0.0,0.0,0.0,0.0,0.0,0.0,0.0,0.0,0.0,0.0,0.0,0.0,0.0,0.0,0.0,0.0,0.0,0.0,0.0,0.0,0.0,0.0,0.0,0.0,0.0,0.0,0.0,0.0,0.0,0.0,0.0,0.0,0.0,0.0,0.0,0.0,0.0,0.0,0.0,0.0,0.0,0.0,0.0,0.0,0.0,0.0,0.0,0.0,0.0,0.0,0.0,0.0,0.0,0.0
164,G21,COC1=CC=C(C(P(C(C)(C)C)C(C)(C)C)=C1C2=C(C=C(C=C2C(C)C)C(C)C)C(C)C)OC.NC3=C(C=CC=C3)C4=C(C=CC=C4)[Pd]OS(C)(=O)=O,tBuBrettPhos Pd G3,0.06835544000000003 milligram,0.08000000000000002 micromole,0.06835544000000005 microliter,C44H62NO5PPdS,CC1=C(C(=NN1C(C)C)N)Br,4-BROMO-1-ISOPROPYL-5-METHYL-1H-PYRAZOL-3-AMINE,0.0872392 milligram,0.4 micromole,0.08723920000000002 microliter,C7H12BrN3,CC1(C)OB(C2=CN(C)N=C2)OC1(C)C,"1-methyl-4-(tetramethyl-1,3,2-dioxaborolan-2-yl)-1H-pyrazole",0.09987359999999999 milligram,0.48000000000000004 micromole,0.09987360000000002 microliter,C10H17BN2O2,[Na+].[Na+].[O-]C([O-])=O,Na2CO3,0.31796399999999997 milligram,3.0 micromole,0.317964 microliter,CNa2O3,CN1C=NC2=C1C(=O)N(C(=O)N2C)C,caffeine,0.0776764 milligram,0.4 micromole,0.07767640000000002 microliter,C8H10N4O2,C1COCCO1,dioxane,16.2225 milligram,184.12480421310696 micromole,15.75 microliter,C4H8O2,O,water,1.75 milligram,97.1412711629198 micromole,1.75 microliter,H2O,Cc1c(-c2cnn(C)c2)c(N)nn1C(C)C,suzuki_product_0,0.0 milligram,0.0 micromole,0 microliter,C11H17N5,Cc1cc(N)nn1C(C)C,dehalogenation_0,0.0 milligram,0.0 micromole,0 microliter,C7H13N3,Cn1cccn1,deborylation_0,0.0 milligram,0.0 micromole,0 microliter,C4H6N2,CC1=C(C(=NN1C(C)C)N)Br.CC1(C)OB(C2=CN(C)N=C2)OC1(C)C>>Cc1c(-c2cnn(C)c2)c(N)nn1C(C)C.Cc1cc(N)nn1C(C)C.Cn1cccn1,004_RLN-NB-2443_011_G21,,,,,,,,,,,,,,,,,,,,,6/9/2023 2:29:33 PM,004_rln-nb-2443_011_g21.raw,2min_150_1200.EXP,004_RLN-NB-2443_011_G21,004_RLN-NB-2443_011_G21_004_RLN-NB-2443_011_G21_0,Rxn_Opt_HSST3_2_98,Analog,0,0,0,0,0,4.993032925329754,0.7343,0,0,0,False,82.05309820128,1.25,deborylation_0,0,0,0,0,0,198.0940752054939,32.62846645561582,4.993032925329754,195,0.7343,0,0,0,0,0,0,0,0,0,0,0,0,0,0,0,0,0,0,0,0,0,0,0,0,0,0,0,0,0,0,0,0,0,0,0,0,0,0,0,0,0,0,0,0,0,0,0,0,0,0,0,0,0,0,0,0,0,0,0,0,0,0,0,0,0,0,0,0,0,0,0,0,0,0,0,0,0,0,0,0,0.0,0.0,0.0,0.0,0.0,0.0,0.0,0.0,0.0,0.0,0.0,0.0,0.0,0.0,0.0,0.0,0.0,0.0,0.0,0.0,0.0,0.0,0.0,0.0,0.0,0.0,0.0,0.0,0.0,0.0,0.0,0.0,0.0,0.0,0.0,0.0,0.0,0.0,0.0,0.0,0.0,0.0,0.0,0.0,0.0,0.0,0.0,0.0,0.0,0.0,0.0,0.0,0.0,0.0,0.0
165,G22,COC1=CC=C(C(P(C(C)(C)C)C(C)(C)C)=C1C2=C(C=C(C=C2C(C)C)C(C)C)C(C)C)OC.NC3=C(C=CC=C3)C4=C(C=CC=C4)[Pd]OS(C)(=O)=O,tBuBrettPhos Pd G3,0.06835544000000003 milligram,0.08000000000000002 micromole,0.06835544000000005 microliter,C44H62NO5PPdS,CC1=C(C(=NN1C(C)C)N)Br,4-BROMO-1-ISOPROPYL-5-METHYL-1H-PYRAZOL-3-AMINE,0.0872392 milligram,0.4 micromole,0.08723920000000002 microliter,C7H12BrN3,CC1(C)OB(C2=CC3=C(NC=C3)C=C2)OC1(C)C,"5-(tetramethyl-1,3,2-dioxaborolan-2-yl)-1H-indole",0.11669520000000001 milligram,0.48000000000000004 micromole,0.11669520000000004 microliter,C14H18BNO2,[Na+].[Na+].[O-]C([O-])=O,Na2CO3,0.31796399999999997 milligram,3.0 micromole,0.317964 microliter,CNa2O3,CN1C=NC2=C1C(=O)N(C(=O)N2C)C,caffeine,0.0776764 milligram,0.4 micromole,0.07767640000000002 microliter,C8H10N4O2,C1COCCO1,dioxane,16.2225 milligram,184.12480421310696 micromole,15.75 microliter,C4H8O2,O,water,1.75 milligram,97.1412711629198 micromole,1.75 microliter,H2O,Cc1c(-c2ccc3[nH]ccc3c2)c(N)nn1C(C)C,suzuki_product_0,0.0 milligram,0.0 micromole,0 microliter,C15H18N4,Cc1cc(N)nn1C(C)C,dehalogenation_0,0.0 milligram,0.0 micromole,0 microliter,C7H13N3,c1ccc2[nH]ccc2c1,deborylation_0,0.0 milligram,0.0 micromole,0 microliter,C8H7N,CC1=C(C(=NN1C(C)C)N)Br.CC1(C)OB(C2=CC3=C(NC=C3)C=C2)OC1(C)C>>Cc1c(-c2ccc3[nH]ccc3c2)c(N)nn1C(C)C.Cc1cc(N)nn1C(C)C.c1ccc2[nH]ccc2c1,004_RLN-NB-2443_011_G22,,,,,,,,,,,,,,,,,,,,,6/9/2023 2:32:00 PM,004_rln-nb-2443_011_g22.raw,2min_150_1200.EXP,004_RLN-NB-2443_011_G22,004_RLN-NB-2443_011_G22_004_RLN-NB-2443_011_G22_004,Rxn_Opt_HSST3_2_98,Analog,0,0,0,0,0,5.122970783673416,0.736,0,0,0,False,117.05784922892,1.25,deborylation_0,0,0,0,0,0,202.1499658117814,21.833341829618362,5.122970783673416,194.9,0.736,0,0,0,0,0,0,0,0,0,0,47.22627650981004,8.909574437923553,2.0905406921503635,284.9,1.271,0,0,0,0,0,0,0,0,0,0,0,0,0,0,0,0,0,0,0,0,0,0,0,0,0,0,0,0,0,0,0,0,0,0,0,0,0,0,0,0,0,0,0,0,0,0,0,0,0,0,0,0,0,0,0,0,0,0,0,0,0,0,0,0,0,0.0,0.0,0.0,0.0,0.0,0.0,0.0,0.0,0.0,0.0,0.0,0.0,0.0,0.0,0.0,0.0,0.0,0.0,0.0,0.0,0.0,0.0,0.0,0.0,0.0,0.00016322878114493914,40.80719528623478,0.0,0.0,0.0,0.0,0.0,0.0,0.0,0.0,0.0,0.0,0.0,0.0,0.0,0.0,0.0,0.0,0.0,0.0,0.0,0.0,0.0,0.0,0.0,0.0,0.0,0.0,0.0,0.0
166,G23,COC1=CC=C(C(P(C(C)(C)C)C(C)(C)C)=C1C2=C(C=C(C=C2C(C)C)C(C)C)C(C)C)OC.NC3=C(C=CC=C3)C4=C(C=CC=C4)[Pd]OS(C)(=O)=O,tBuBrettPhos Pd G3,0.06835544000000003 milligram,0.08000000000000002 micromole,0.06835544000000005 microliter,C44H62NO5PPdS,CC1=C(C(=NN1C(C)C)N)Br,4-BROMO-1-ISOPROPYL-5-METHYL-1H-PYRAZOL-3-AMINE,0.0872392 milligram,0.4 micromole,0.08723920000000002 microliter,C7H12BrN3,O=[N+](C1=CC=CC=C1B2OC(C)(C)C(C)(C)O2)[O-],"4,4,5,5-tetramethyl-2-(2-nitrophenyl)-1,3,2-dioxaborolane",0.11955599999999997 milligram,0.48000000000000004 micromole,0.119556 microliter,C12H16BNO4,[Na+].[Na+].[O-]C([O-])=O,Na2CO3,0.31796399999999997 milligram,3.0 micromole,0.317964 microliter,CNa2O3,CN1C=NC2=C1C(=O)N(C(=O)N2C)C,caffeine,0.0776764 milligram,0.4 micromole,0.07767640000000002 microliter,C8H10N4O2,C1COCCO1,dioxane,16.2225 milligram,184.12480421310696 micromole,15.75 microliter,C4H8O2,O,water,1.75 milligram,97.1412711629198 micromole,1.75 microliter,H2O,Cc1c(-c2ccccc2[N+](=O)[O-])c(N)nn1C(C)C,suzuki_product_0,0.0 milligram,0.0 micromole,0 microliter,C13H16N4O2,Cc1cc(N)nn1C(C)C,dehalogenation_0,0.0 milligram,0.0 micromole,0 microliter,C7H13N3,O=[N+]([O-])c1ccccc1,deborylation_0,0.0 milligram,0.0 micromole,0 microliter,C6H5NO2,CC1=C(C(=NN1C(C)C)N)Br.O=[N+](C1=CC=CC=C1B2OC(C)(C)C(C)(C)O2)[O-]>>Cc1c(-c2ccccc2[N+](=O)[O-])c(N)nn1C(C)C.Cc1cc(N)nn1C(C)C.O=[N+]([O-])c1ccccc1,004_RLN-NB-2443_011_G23,,,,,,,,,,,,,,,,,,,,,6/9/2023 2:34:27 PM,004_rln-nb-2443_011_g23.raw,2min_150_1200.EXP,004_RLN-NB-2443_011_G23,004_RLN-NB-2443_011_G23_004_RLN-NB-2443_011_G23,Rxn_Opt_HSST3_2_98,Analog,0,0,0,0,0,5.266453061328917,0.7343,0,0,0,False,123.03202840392001,1.25,deborylation_0,0,0,0,0,0,200.77211252686217,21.737971879650924,5.266453061328917,194.9,0.7343,0,0,0,0,0,0,0,0,0,0,0,0,0,0,0,0,0,0,0,0,0,0,0,0,0,0,0,0,0,0,0,0,0,0,0,0,0,0,0,0,0,0,0,0,0,0,0,0,0,0,0,0,0,0,0,0,0,0,0,0,0,0,0,0,0,0,0,0,0,0,0,0,0,0,0,0,0,0,0,0,0.0,0.0,0.0,0.0,0.0,0.0,0.0,0.0,0.0,0.0,0.0,0.0,0.0,0.0,0.0,0.0,0.0,0.0,0.0,0.0,0.0,0.0,0.0,0.0,0.0,0.0,0.0,0.0,0.0,0.0,0.0,0.0,0.0,0.0,0.0,0.0,0.0,0.0,0.0,0.0,0.0,0.0,0.0,0.0,0.0,0.0,0.0,0.0,0.0,0.0,0.0,0.0,0.0,0.0,0.0
167,G24,COC1=CC=C(C(P(C(C)(C)C)C(C)(C)C)=C1C2=C(C=C(C=C2C(C)C)C(C)C)C(C)C)OC.NC3=C(C=CC=C3)C4=C(C=CC=C4)[Pd]OS(C)(=O)=O,tBuBrettPhos Pd G3,0.06835544000000003 milligram,0.08000000000000002 micromole,0.06835544000000005 microliter,C44H62NO5PPdS,CC1=C(C(=NN1C(C)C)N)Br,4-BROMO-1-ISOPROPYL-5-METHYL-1H-PYRAZOL-3-AMINE,0.0872392 milligram,0.4 micromole,0.08723920000000002 microliter,C7H12BrN3,O=C(O)C1=CC=CC(B2OC(C)(C)C(C)(C)O2)=C1,"3-(tetramethyl-1,3,2-dioxaborolan-2-yl)benzoic acid",0.11908175999999998 milligram,0.48000000000000004 micromole,0.11908176000000001 microliter,C13H17BO4,[Na+].[Na+].[O-]C([O-])=O,Na2CO3,0.31796399999999997 milligram,3.0 micromole,0.317964 microliter,CNa2O3,CN1C=NC2=C1C(=O)N(C(=O)N2C)C,caffeine,0.0776764 milligram,0.4 micromole,0.07767640000000002 microliter,C8H10N4O2,C1COCCO1,dioxane,16.2225 milligram,184.12480421310696 micromole,15.75 microliter,C4H8O2,O,water,1.75 milligram,97.1412711629198 micromole,1.75 microliter,H2O,Cc1c(-c2cccc(C(=O)O)c2)c(N)nn1C(C)C,suzuki_product_0,0.0 milligram,0.0 micromole,0 microliter,C14H17N3O2,Cc1cc(N)nn1C(C)C,dehalogenation_0,0.0 milligram,0.0 micromole,0 microliter,C7H13N3,O=C(O)c1ccccc1,deborylation_0,0.0 milligram,0.0 micromole,0 microliter,C7H6O2,CC1=C(C(=NN1C(C)C)N)Br.O=C(O)C1=CC=CC(B2OC(C)(C)C(C)(C)O2)=C1>>Cc1c(-c2cccc(C(=O)O)c2)c(N)nn1C(C)C.Cc1cc(N)nn1C(C)C.O=C(O)c1ccccc1,004_RLN-NB-2443_011_G24,,,,,,,,,,,,,,,,,,,,,6/9/2023 2:36:54 PM,004_rln-nb-2443_011_g24.raw,2min_150_1200.EXP,004_RLN-NB-2443_011_G24,004_RLN-NB-2443_011_G24_004_RLN-NB-2443_011_G24_0,Rxn_Opt_HSST3_2_98,Analog,0,0,0,0,0,4.011875320293575,0.736,0,0,0,False,122.03677943156,1.25,deborylation_0,0,0,0,0,0,173.1315313287628,16.93462275351216,4.011875320293575,195,0.736,0,0,0,0,0,0,0,0,0,0,0,0,0,0,0,0,0,0,0,0,0,0,0,0,0,0,0,0,0,0,0,0,0,0,0,0,0,0,0,0,0,0,0,0,0,0,0,0,0,0,0,0,0,0,0,0,0,0,0,0,0,0,0,0,0,0,0,0,0,0,0,0,0,0,0,0,0,0,0,0,0.0,0.0,0.0,0.0,0.0,0.0,0.0,0.0,0.0,0.0,0.0,0.0,0.0,0.0,0.0,0.0,0.0,0.0,0.0,0.0,0.0,0.0,0.0,0.0,0.0,0.0,0.0,0.0,0.0,0.0,0.0,0.0,0.0,0.0,0.0,0.0,0.0,0.0,0.0,0.0,0.0,0.0,0.0,0.0,0.0,0.0,0.0,0.0,0.0,0.0,0.0,0.0,0.0,0.0,0.0
168,H1,CC(C)C1=CC(C(C)C)=CC(C(C)C)=C1C2=C([P+](C3CCCCC3)([Pd-2]4(OS(C)(=O)=O)C(C=CC=C5)=C5C6=C([NH+]4C)C=CC=C6)C7CCCCC7)C=CC=C2,XPhos Pd G4,0.06883952 milligram,0.08000000000000002 micromole,0.06883952000000002 microliter,C47H64NO3PPdS,C1=C(C(=C(N=N1)Cl)Cl)N,"5,6-dichloropyridazin-4-amine",0.06559799999999999 milligram,0.4 micromole,0.065598 microliter,C4H3Cl2N3,B1(OC(C(O1)(C)C)(C)C)C2=CN(N=C2C)C,"1,3-dimethyl-4-(4,4,5,5-tetramethyl-1,3,2-dioxaborolan-2-yl)-1H-pyrazole",0.10660655999999999 milligram,0.48000000000000004 micromole,0.10660656000000002 microliter,C11H19BN2O2,[Na+].[Na+].[O-]C([O-])=O,Na2CO3,0.31796399999999997 milligram,3.0 micromole,0.317964 microliter,CNa2O3,CN1C=NC2=C1C(=O)N(C(=O)N2C)C,caffeine,0.0776764 milligram,0.4 micromole,0.07767640000000002 microliter,C8H10N4O2,C1COCCO1,dioxane,16.2225 milligram,184.12480421310696 micromole,15.75 microliter,C4H8O2,O,water,1.75 milligram,97.1412711629198 micromole,1.75 microliter,H2O,Cc1nn(C)cc1-c1nncc(N)c1Cl,suzuki_product_0,0.0 milligram,0.0 micromole,0 microliter,C9H10ClN5,Cc1nn(C)cc1-c1c(N)cnnc1Cl,suzuki_product_1,0.0 milligram,0.0 micromole,0 microliter,C9H10ClN5,Cc1nn(C)cc1-c1nncc(N)c1-c1cn(C)nc1C,bis_addition_4,0.0 milligram,0.0 micromole,0 microliter,C14H17N7,C1=C(C(=C(N=N1)Cl)Cl)N.B1(OC(C(O1)(C)C)(C)C)C2=CN(N=C2C)C>>Cc1nn(C)cc1-c1nncc(N)c1Cl.Cc1nn(C)cc1-c1c(N)cnnc1Cl.Cc1nn(C)cc1-c1nncc(N)c1-c1cn(C)nc1C.Nc1cnnc(Cl)c1.Nc1cnncc1Cl.Cc1ccn(C)n1,004_RLN-NB-2443_011_H1,,,Nc1cnnc(Cl)c1,dehalogenation_0,0.0 milligram,0.0 micromole,0 microliter,C4H4ClN3,Nc1cnncc1Cl,dehalogenation_1,0.0 milligram,0.0 micromole,0 microliter,C4H4ClN3,Cc1ccn(C)n1,deborylation_0,0.0 milligram,0.0 micromole,0 microliter,C5H8N2,6/9/2023 2:39:21 PM,004_rln-nb-2443_011_h1.raw,2min_150_1200.EXP,004_RLN-NB-2443_011_H1,004_RLN-NB-2443_011_H1,Rxn_Opt_HSST3_2_98,Analog,0.11941720872280207,0,0.6339303523116733,2.4375704308370145,0.636,5.308534331791225,0.736,0,0,"284.2,306.1",False,283.1545435762,1.25,bis_addition_3,0,0,0,0,0,212.75420427963454,20.412220792191178,5.308534331791225,195,0.736,0,0,0,0,0,0,0,0,0,0,0,0,0,0,0,0,0,0,0,0,0,0,0,0,0,0,0,0,0,0,0,0,0,0,0,0,0,0,0,0,0,0,0,0,0,0,0,0,0,0,0,0,0,0,0,125.33362805230576,12.392895481580615,3.2229766571718983,163.8,0.7793,25.1645386518252,2.437570430837014,0.6339303523116733,223.9,0.636,0,0,0,0,0,0,0,0,0,0,0,0,0,0,0,25.1645386518252,2.437570430837014,0.6339303523116733,223.9,0.636,25.1645386518252,2.437570430837014,0.6339303523116733,223.9,0.636,0.0,0.0,0.0,0.0,0.0,0.0,0.0,0.0,0.0,4.776688348912083e-05,11.941720872280207,0.0,0.0,0.0,0.0,0.0,0.0,0.0,0.0,0.0,0.0,0.0,0.0,0.0,0.0,0.0,0.0,0.0,0.0,0.0,0.0,0.00024285246779853754,60.71311694963438,4.776688348912083e-05,11.941720872280207,0.0,0.0,0.0,0.0,0.0,0.0,0.0,0.0,0.0,0.0
169,H2,CC(C)C1=CC(C(C)C)=CC(C(C)C)=C1C2=C([P+](C3CCCCC3)([Pd-2]4(OS(C)(=O)=O)C(C=CC=C5)=C5C6=C([NH+]4C)C=CC=C6)C7CCCCC7)C=CC=C2,XPhos Pd G4,0.06883952 milligram,0.08000000000000002 micromole,0.06883952000000002 microliter,C47H64NO3PPdS,C1=C(C(=C(N=N1)Cl)Cl)N,"5,6-dichloropyridazin-4-amine",0.06559799999999999 milligram,0.4 micromole,0.065598 microliter,C4H3Cl2N3,B1(OC(C(O1)(C)C)(C)C)C2=CN=C(C=C2)C,"2-methyl-5-(4,4,5,5-tetramethyl-1,3,2-dioxaborolan-2-yl)pyridine",0.10516464 milligram,0.48000000000000004 micromole,0.10516464000000003 microliter,C12H18BNO2,[Na+].[Na+].[O-]C([O-])=O,Na2CO3,0.31796399999999997 milligram,3.0 micromole,0.317964 microliter,CNa2O3,CN1C=NC2=C1C(=O)N(C(=O)N2C)C,caffeine,0.0776764 milligram,0.4 micromole,0.07767640000000002 microliter,C8H10N4O2,C1COCCO1,dioxane,16.2225 milligram,184.12480421310696 micromole,15.75 microliter,C4H8O2,O,water,1.75 milligram,97.1412711629198 micromole,1.75 microliter,H2O,Cc1ccc(-c2nncc(N)c2Cl)cn1,suzuki_product_0,0.0 milligram,0.0 micromole,0 microliter,C10H9ClN4,Cc1ccc(-c2c(N)cnnc2Cl)cn1,suzuki_product_1,0.0 milligram,0.0 micromole,0 microliter,C10H9ClN4,Cc1ccc(-c2nncc(N)c2-c2ccc(C)nc2)cn1,bis_addition_3,0.0 milligram,0.0 micromole,0 microliter,C16H15N5,C1=C(C(=C(N=N1)Cl)Cl)N.B1(OC(C(O1)(C)C)(C)C)C2=CN=C(C=C2)C>>Cc1ccc(-c2nncc(N)c2Cl)cn1.Cc1ccc(-c2c(N)cnnc2Cl)cn1.Cc1ccc(-c2nncc(N)c2-c2ccc(C)nc2)cn1.Nc1cnnc(Cl)c1.Nc1cnncc1Cl.Cc1ccccn1,004_RLN-NB-2443_011_H2,,,Nc1cnnc(Cl)c1,dehalogenation_0,0.0 milligram,0.0 micromole,0 microliter,C4H4ClN3,Nc1cnncc1Cl,dehalogenation_1,0.0 milligram,0.0 micromole,0 microliter,C4H4ClN3,Cc1ccccn1,deborylation_0,0.0 milligram,0.0 micromole,0 microliter,C6H7N,6/9/2023 2:41:48 PM,004_rln-nb-2443_011_h2.raw,2min_150_1200.EXP,004_RLN-NB-2443_011_H2,004_RLN-NB-2443_011_H2,Rxn_Opt_HSST3_2_98,Analog,0.15496014083155965,0,0.8161869551854649,0,0,5.2670767515154315,0.7343,3.334486401992208,0.7793,0,False,277.1327455032,1.25,bis_addition_3,0,0,0,0,0,213.5119419262931,18.642785156879953,5.2670767515154315,195,0.7343,0,0,0,0,0,0,0,0,0,0,0,0,0,0,0,0,0,0,0,0,0,0,0,0,0,0,0,0,0,0,0,0,0,0,0,0,0,0,0,0,0,0,0,0,0,0,0,0,0,0,0,0,0,0,0,119.18533319845677,11.8023937249429,3.334486401992208,163.8,0.7793,0,0,0,0,0,0,0,0,0,0,0,0,0,0,0,0,0,0,0,0,29.00890904916376,2.888888613402627,0.8161869551854649,220.9,0.6326,29.00890904916376,2.888888613402627,0.8161869551854649,220.9,0.6326,0.0,0.0,0.0,0.0,0.0,0.0,0.0,0.0,0.0,6.198405633262386e-05,15.496014083155965,0.0,0.0,0.0,0.0,0.0,0.0,0.0,0.0,0.0,0.0,0.0,0.0,0.0,0.0,0.0,0.0,0.0,0.0,0.0,0.0,0.0002532324140545563,63.30810351363908,6.198405633262386e-05,15.496014083155965,0.0,0.0,0.0,0.0,0.0,0.0,0.0,0.0,0.0,0.0
170,H3,CC(C)C1=CC(C(C)C)=CC(C(C)C)=C1C2=C([P+](C3CCCCC3)([Pd-2]4(OS(C)(=O)=O)C(C=CC=C5)=C5C6=C([NH+]4C)C=CC=C6)C7CCCCC7)C=CC=C2,XPhos Pd G4,0.06883952 milligram,0.08000000000000002 micromole,0.06883952000000002 microliter,C47H64NO3PPdS,C1=C(C(=C(N=N1)Cl)Cl)N,"5,6-dichloropyridazin-4-amine",0.06559799999999999 milligram,0.4 micromole,0.065598 microliter,C4H3Cl2N3,CC1(C)OB(C2=CN(C)N=C2)OC1(C)C,"1-methyl-4-(tetramethyl-1,3,2-dioxaborolan-2-yl)-1H-pyrazole",0.09987359999999999 milligram,0.48000000000000004 micromole,0.09987360000000002 microliter,C10H17BN2O2,[Na+].[Na+].[O-]C([O-])=O,Na2CO3,0.31796399999999997 milligram,3.0 micromole,0.317964 microliter,CNa2O3,CN1C=NC2=C1C(=O)N(C(=O)N2C)C,caffeine,0.0776764 milligram,0.4 micromole,0.07767640000000002 microliter,C8H10N4O2,C1COCCO1,dioxane,16.2225 milligram,184.12480421310696 micromole,15.75 microliter,C4H8O2,O,water,1.75 milligram,97.1412711629198 micromole,1.75 microliter,H2O,Cn1cc(-c2c(N)cnnc2Cl)cn1,suzuki_product_0,0.0 milligram,0.0 micromole,0 microliter,C8H8ClN5,Cn1cc(-c2nncc(N)c2Cl)cn1,suzuki_product_1,0.0 milligram,0.0 micromole,0 microliter,C8H8ClN5,Cn1cc(-c2nncc(N)c2-c2cnn(C)c2)cn1,bis_addition_2,0.0 milligram,0.0 micromole,0 microliter,C12H13N7,C1=C(C(=C(N=N1)Cl)Cl)N.CC1(C)OB(C2=CN(C)N=C2)OC1(C)C>>Cn1cc(-c2c(N)cnnc2Cl)cn1.Cn1cc(-c2nncc(N)c2Cl)cn1.Cn1cc(-c2nncc(N)c2-c2cnn(C)c2)cn1.Nc1cnnc(Cl)c1.Nc1cnncc1Cl.Cn1cccn1,004_RLN-NB-2443_011_H3,,,Nc1cnnc(Cl)c1,dehalogenation_0,0.0 milligram,0.0 micromole,0 microliter,C4H4ClN3,Nc1cnncc1Cl,dehalogenation_1,0.0 milligram,0.0 micromole,0 microliter,C4H4ClN3,Cn1cccn1,deborylation_0,0.0 milligram,0.0 micromole,0 microliter,C4H6N2,6/9/2023 2:44:15 PM,004_rln-nb-2443_011_h3.raw,2min_150_1200.EXP,004_RLN-NB-2443_011_H3,004_RLN-NB-2443_011_H3,Rxn_Opt_HSST3_2_98,Analog,0.12472977467189114,0,0.6059806836602952,2.3122276546338805,0.626,4.858348259301858,0.736,3.134031966804722,0.7793,"256.1,278.1",False,255.12324344792,1.25,bis_addition_2,0,0,0,0,0,197.50213216179193,18.537896510406824,4.858348259301858,195.1,0.736,0,0,0,0,0,0,0,0,0,0,0,0,0,0,0,0,0,0,0,0,0,0,0,0,0,0,0,0,0,0,20.838958896808663,2.3122276546338805,0.6059806836602952,209.9,0.626,0,0,0,0,0,0,0,0,0,0,0,0,0,0,0,0,0,0,0,0,108.30903548932872,11.958459369333355,3.134031966804722,163.8,0.7793,0,0,0,0,0,0,0,0,0,0,0,0,0,0,0,0,0,0,0,0,20.838958896808663,2.3122276546338805,0.6059806836602952,209.9,0.626,20.838958896808663,2.3122276546338805,0.6059806836602952,209.9,0.626,0.0,0.0,0.0,0.0,0.0,0.0,0.0,0.0,0.0,4.9891909868756456e-05,12.472977467189112,0.0,0.0,0.0,0.0,0.0,0.0,0.0,0.0,0.0,0.0,0.0,0.0,0.0,0.0,0.0,0.0,0.0,0.0,0.0,0.0,0.00025803271396234416,64.50817849058603,4.9891909868756456e-05,12.472977467189112,0.0,0.0,0.0,0.0,4.9891909868756456e-05,12.472977467189112,0.0,0.0,0.0,0.0
171,H4,CC(C)C1=CC(C(C)C)=CC(C(C)C)=C1C2=C([P+](C3CCCCC3)([Pd-2]4(OS(C)(=O)=O)C(C=CC=C5)=C5C6=C([NH+]4C)C=CC=C6)C7CCCCC7)C=CC=C2,XPhos Pd G4,0.06883952 milligram,0.08000000000000002 micromole,0.06883952000000002 microliter,C47H64NO3PPdS,C1=C(C(=C(N=N1)Cl)Cl)N,"5,6-dichloropyridazin-4-amine",0.06559799999999999 milligram,0.4 micromole,0.065598 microliter,C4H3Cl2N3,CC1(C)OB(C2=CC3=C(NC=C3)C=C2)OC1(C)C,"5-(tetramethyl-1,3,2-dioxaborolan-2-yl)-1H-indole",0.11669520000000001 milligram,0.48000000000000004 micromole,0.11669520000000004 microliter,C14H18BNO2,[Na+].[Na+].[O-]C([O-])=O,Na2CO3,0.31796399999999997 milligram,3.0 micromole,0.317964 microliter,CNa2O3,CN1C=NC2=C1C(=O)N(C(=O)N2C)C,caffeine,0.0776764 milligram,0.4 micromole,0.07767640000000002 microliter,C8H10N4O2,C1COCCO1,dioxane,16.2225 milligram,184.12480421310696 micromole,15.75 microliter,C4H8O2,O,water,1.75 milligram,97.1412711629198 micromole,1.75 microliter,H2O,Nc1cnnc(Cl)c1-c1ccc2[nH]ccc2c1,suzuki_product_0,0.0 milligram,0.0 micromole,0 microliter,C12H9ClN4,Nc1cnnc(-c2ccc3[nH]ccc3c2)c1Cl,suzuki_product_1,0.0 milligram,0.0 micromole,0 microliter,C12H9ClN4,Nc1cnnc(-c2ccc3[nH]ccc3c2)c1-c1ccc2[nH]ccc2c1,bis_addition_2,0.0 milligram,0.0 micromole,0 microliter,C20H15N5,C1=C(C(=C(N=N1)Cl)Cl)N.CC1(C)OB(C2=CC3=C(NC=C3)C=C2)OC1(C)C>>Nc1cnnc(Cl)c1-c1ccc2[nH]ccc2c1.Nc1cnnc(-c2ccc3[nH]ccc3c2)c1Cl.Nc1cnnc(-c2ccc3[nH]ccc3c2)c1-c1ccc2[nH]ccc2c1.Nc1cnnc(Cl)c1.Nc1cnncc1Cl.c1ccc2[nH]ccc2c1,004_RLN-NB-2443_011_H4,,,Nc1cnnc(Cl)c1,dehalogenation_0,0.0 milligram,0.0 micromole,0 microliter,C4H4ClN3,Nc1cnncc1Cl,dehalogenation_1,0.0 milligram,0.0 micromole,0 microliter,C4H4ClN3,c1ccc2[nH]ccc2c1,deborylation_0,0.0 milligram,0.0 micromole,0 microliter,C8H7N,6/9/2023 2:46:42 PM,004_rln-nb-2443_011_h4.raw,2min_150_1200.EXP,004_RLN-NB-2443_011_H4,004_RLN-NB-2443_011_H4,Rxn_Opt_HSST3_2_98,Analog,1,0,4.905372743308893,0,0,4.905372743308893,0.736,2.1899654302642015,0.781,0,False,325.1327455032,1.25,bis_addition_2,0,0,0,0,0,192.59703093188534,10.534569364820614,4.905372743308893,195,0.736,0,0,0,0,0,0,0,0,0,0,75.42786742977216,6.868790867141613,3.198420204216794,244,1.2726,0,0,0,0,0,0,0,0,0,0,0,0,0,0,0,0,0,0,0,0,0,0,0,0,0,0,0,0,0,0,0,0,0,0,0,0,0,0,0,0,71.5614777385192,4.703076389688476,2.1899654302642015,165.7,0.781,0,0,0,0,0,0,0,0,0,0,0,0,0,0,0,0,0,0,0,0,227.2130137544732,13.454896267998981,6.265209248846656,439.9,1.6153,227.2130137544732,13.454896267998981,6.265209248846656,439.9,1.6153,0.0,0.0,0.0,0.0,0.0,0.0,0.0,0.0,0.0,0.0005108854781641318,127.72136954103293,0.0,0.0,0.0,0.0,0.0002608095548767058,65.20238871917645,0.0,0.0,0.0,0.0,0.0,0.0,0.0,0.0,0.0,0.0,0.0,0.0,0.0,0.0,0.00017857688252142666,44.64422063035666,0.0005108854781641318,127.72136954103293,0.0,0.0,0.0,0.0,0.0,0.0,0.0,0.0,0.0,0.0
172,H5,CC(C)C1=CC(C(C)C)=CC(C(C)C)=C1C2=C([P+](C3CCCCC3)([Pd-2]4(OS(C)(=O)=O)C(C=CC=C5)=C5C6=C([NH+]4C)C=CC=C6)C7CCCCC7)C=CC=C2,XPhos Pd G4,0.06883952 milligram,0.08000000000000002 micromole,0.06883952000000002 microliter,C47H64NO3PPdS,C1=C(C(=C(N=N1)Cl)Cl)N,"5,6-dichloropyridazin-4-amine",0.06559799999999999 milligram,0.4 micromole,0.065598 microliter,C4H3Cl2N3,O=[N+](C1=CC=CC=C1B2OC(C)(C)C(C)(C)O2)[O-],"4,4,5,5-tetramethyl-2-(2-nitrophenyl)-1,3,2-dioxaborolane",0.11955599999999997 milligram,0.48000000000000004 micromole,0.119556 microliter,C12H16BNO4,[Na+].[Na+].[O-]C([O-])=O,Na2CO3,0.31796399999999997 milligram,3.0 micromole,0.317964 microliter,CNa2O3,CN1C=NC2=C1C(=O)N(C(=O)N2C)C,caffeine,0.0776764 milligram,0.4 micromole,0.07767640000000002 microliter,C8H10N4O2,C1COCCO1,dioxane,16.2225 milligram,184.12480421310696 micromole,15.75 microliter,C4H8O2,O,water,1.75 milligram,97.1412711629198 micromole,1.75 microliter,H2O,Nc1cnnc(Cl)c1-c1ccccc1[N+](=O)[O-],suzuki_product_0,0.0 milligram,0.0 micromole,0 microliter,C10H7ClN4O2,Nc1cnnc(-c2ccccc2[N+](=O)[O-])c1Cl,suzuki_product_1,0.0 milligram,0.0 micromole,0 microliter,C10H7ClN4O2,Nc1cnnc(-c2ccccc2[N+](=O)[O-])c1-c1ccccc1[N+](=O)[O-],bis_addition_3,0.0 milligram,0.0 micromole,0 microliter,C16H11N5O4,C1=C(C(=C(N=N1)Cl)Cl)N.O=[N+](C1=CC=CC=C1B2OC(C)(C)C(C)(C)O2)[O-]>>Nc1cnnc(Cl)c1-c1ccccc1[N+](=O)[O-].Nc1cnnc(-c2ccccc2[N+](=O)[O-])c1Cl.Nc1cnnc(-c2ccccc2[N+](=O)[O-])c1-c1ccccc1[N+](=O)[O-].Nc1cnnc(Cl)c1.Nc1cnncc1Cl.O=[N+]([O-])c1ccccc1,004_RLN-NB-2443_011_H5,,,Nc1cnnc(Cl)c1,dehalogenation_0,0.0 milligram,0.0 micromole,0 microliter,C4H4ClN3,Nc1cnncc1Cl,dehalogenation_1,0.0 milligram,0.0 micromole,0 microliter,C4H4ClN3,O=[N+]([O-])c1ccccc1,deborylation_0,0.0 milligram,0.0 micromole,0 microliter,C6H5NO2,6/9/2023 2:49:30 PM,004_rln-nb-2443_011_h5.raw,2min_150_1200.EXP,004_RLN-NB-2443_011_H5,004_RLN-NB-2443_011_H5,Rxn_Opt_HSST3_2_98,Analog,0,0,0,0,0,4.990035870722632,0.736,1.9308579888166515,0.7793,0,False,337.0811038532,1.25,bis_addition_4,0,0,0,0,0,206.2245219573541,10.646680585406314,4.990035870722632,194.9,0.736,0,0,0,0,0,0,0,0,0,0,0,0,0,0,0,0,0,0,0,0,0,0,0,0,0,0,0,0,0,0,0,0,0,0,0,0,0,0,0,0,0,0,0,0,0,0,0,0,0,0,0,0,0,0,0,76.6840551593157,4.119655408355597,1.9308579888166515,163.7,0.7793,0,0,0,0,0,0,0,0,0,0,0,0,0,0,0,0,0,0,0,0,0.0,0.0,0.0,0.0,0.0,0.0,0.0,0.0,0.0,0.0,0.0,0.0,0.0,0.0,0.0,0.0,0.0,0.0,0.0,0.0,0.0,0.0,0.0,0.0,0.0,0.0,0.0,0.0,0.0,0.0,0.0,0.0,0.0,0.0,0.0,0.0,0.0,0.0,0.0,0.0,0.0,0.00015477708287792602,38.69427071948151,0.0,0.0,0.0,0.0,0.0,0.0,0.0,0.0,0.0,0.0,0.0,0.0
173,H6,CC(C)C1=CC(C(C)C)=CC(C(C)C)=C1C2=C([P+](C3CCCCC3)([Pd-2]4(OS(C)(=O)=O)C(C=CC=C5)=C5C6=C([NH+]4C)C=CC=C6)C7CCCCC7)C=CC=C2,XPhos Pd G4,0.06883952 milligram,0.08000000000000002 micromole,0.06883952000000002 microliter,C47H64NO3PPdS,C1=C(C(=C(N=N1)Cl)Cl)N,"5,6-dichloropyridazin-4-amine",0.06559799999999999 milligram,0.4 micromole,0.065598 microliter,C4H3Cl2N3,O=C(O)C1=CC=CC(B2OC(C)(C)C(C)(C)O2)=C1,"3-(tetramethyl-1,3,2-dioxaborolan-2-yl)benzoic acid",0.11908175999999998 milligram,0.48000000000000004 micromole,0.11908176000000001 microliter,C13H17BO4,[Na+].[Na+].[O-]C([O-])=O,Na2CO3,0.31796399999999997 milligram,3.0 micromole,0.317964 microliter,CNa2O3,CN1C=NC2=C1C(=O)N(C(=O)N2C)C,caffeine,0.0776764 milligram,0.4 micromole,0.07767640000000002 microliter,C8H10N4O2,C1COCCO1,dioxane,16.2225 milligram,184.12480421310696 micromole,15.75 microliter,C4H8O2,O,water,1.75 milligram,97.1412711629198 micromole,1.75 microliter,H2O,Nc1cnnc(Cl)c1-c1cccc(C(=O)O)c1,suzuki_product_0,0.0 milligram,0.0 micromole,0 microliter,C11H8ClN3O2,Nc1cnnc(-c2cccc(C(=O)O)c2)c1Cl,suzuki_product_1,0.0 milligram,0.0 micromole,0 microliter,C11H8ClN3O2,Nc1cnnc(-c2cccc(C(=O)O)c2)c1-c1cccc(C(=O)O)c1,bis_addition_2,0.0 milligram,0.0 micromole,0 microliter,C18H13N3O4,C1=C(C(=C(N=N1)Cl)Cl)N.O=C(O)C1=CC=CC(B2OC(C)(C)C(C)(C)O2)=C1>>Nc1cnnc(Cl)c1-c1cccc(C(=O)O)c1.Nc1cnnc(-c2cccc(C(=O)O)c2)c1Cl.Nc1cnnc(-c2cccc(C(=O)O)c2)c1-c1cccc(C(=O)O)c1.Nc1cnnc(Cl)c1.Nc1cnncc1Cl.O=C(O)c1ccccc1,004_RLN-NB-2443_011_H6,,,Nc1cnnc(Cl)c1,dehalogenation_0,0.0 milligram,0.0 micromole,0 microliter,C4H4ClN3,Nc1cnncc1Cl,dehalogenation_1,0.0 milligram,0.0 micromole,0 microliter,C4H4ClN3,O=C(O)c1ccccc1,deborylation_0,0.0 milligram,0.0 micromole,0 microliter,C7H6O2,6/9/2023 2:51:55 PM,004_rln-nb-2443_011_h6.raw,2min_150_1200.EXP,004_RLN-NB-2443_011_H6,004_RLN-NB-2443_011_H6,Rxn_Opt_HSST3_2_98,Analog,0,0,0,0,0,4.903050285973257,0.7343,4.650260525020182,0.776,0,False,335.09060590848,1.25,bis_addition_4,0,0,0,0,0,202.85380977936603,11.218135629825428,4.903050285973257,194.9,0.7343,0,0,0,0,0,0,0,0,0,0,0,0,0,0,0,0,0,0,0,0,0,0,0,0,0,0,0,0,0,0,0,0,0,0,0,0,0,0,0,0,0,0,0,0,0,0,0,0,0,0,0,0,0,0,0,141.56037878333834,10.639754895629098,4.650260525020182,163.8,0.776,0,0,0,0,0,0,0,0,0,0,0,0,0,0,0,0,0,0,0,0,0.0,0.0,0.0,0.0,0.0,0.0,0.0,0.0,0.0,0.0,0.0,0.0,0.0,0.0,0.0,0.0,0.0,0.0,0.0,0.0,0.0,0.0,0.0,0.0,0.0,0.0,0.0,0.0,0.0,0.0,0.0,0.0,0.0,0.0,0.0,0.0,0.0,0.0,0.0,0.0,0.0,0.0003793769391534686,94.84423478836715,0.0,0.0,0.0,0.0,0.0,0.0,0.0,0.0,0.0,0.0,0.0,0.0
174,H7,NC1=C(C=CC=C1)C2=C([Pd]OS(C)(=O)=O)C=CC=C2.CN(C)C3=CC=C(C=C3)P(C(C)(C)C)C(C)(C)C,APhos Pd G3,0.050809520000000004 milligram,0.08000000000000002 micromole,0.05080952000000002 microliter,C29H41N2O3PPdS,C1=C(C(=C(N=N1)Cl)Cl)N,"5,6-dichloropyridazin-4-amine",0.06559799999999999 milligram,0.4 micromole,0.065598 microliter,C4H3Cl2N3,B1(OC(C(O1)(C)C)(C)C)C2=CN(N=C2C)C,"1,3-dimethyl-4-(4,4,5,5-tetramethyl-1,3,2-dioxaborolan-2-yl)-1H-pyrazole",0.10660655999999999 milligram,0.48000000000000004 micromole,0.10660656000000002 microliter,C11H19BN2O2,[Na+].[Na+].[O-]C([O-])=O,Na2CO3,0.31796399999999997 milligram,3.0 micromole,0.317964 microliter,CNa2O3,CN1C=NC2=C1C(=O)N(C(=O)N2C)C,caffeine,0.0776764 milligram,0.4 micromole,0.07767640000000002 microliter,C8H10N4O2,C1COCCO1,dioxane,16.2225 milligram,184.12480421310696 micromole,15.75 microliter,C4H8O2,O,water,1.75 milligram,97.1412711629198 micromole,1.75 microliter,H2O,Cc1nn(C)cc1-c1nncc(N)c1Cl,suzuki_product_0,0.0 milligram,0.0 micromole,0 microliter,C9H10ClN5,Cc1nn(C)cc1-c1c(N)cnnc1Cl,suzuki_product_1,0.0 milligram,0.0 micromole,0 microliter,C9H10ClN5,Cc1nn(C)cc1-c1nncc(N)c1-c1cn(C)nc1C,bis_addition_4,0.0 milligram,0.0 micromole,0 microliter,C14H17N7,C1=C(C(=C(N=N1)Cl)Cl)N.B1(OC(C(O1)(C)C)(C)C)C2=CN(N=C2C)C>>Cc1nn(C)cc1-c1nncc(N)c1Cl.Cc1nn(C)cc1-c1c(N)cnnc1Cl.Cc1nn(C)cc1-c1nncc(N)c1-c1cn(C)nc1C.Nc1cnnc(Cl)c1.Nc1cnncc1Cl.Cc1ccn(C)n1,004_RLN-NB-2443_011_H7,,,Nc1cnnc(Cl)c1,dehalogenation_0,0.0 milligram,0.0 micromole,0 microliter,C4H4ClN3,Nc1cnncc1Cl,dehalogenation_1,0.0 milligram,0.0 micromole,0 microliter,C4H4ClN3,Cc1ccn(C)n1,deborylation_0,0.0 milligram,0.0 micromole,0 microliter,C5H8N2,6/9/2023 2:58:27 PM,004_rln-nb-2443_011_h7.raw,2min_150_1200.EXP,004_RLN-NB-2443_011_H7,004_RLN-NB-2443_011_H7,Rxn_Opt_HSST3_2_98,Analog,0.08470773770998191,0,0.39091990845014996,2.2781666215826943,1.1176,4.614925613862595,0.7326,0.39091990845014996,1.1176,0,False,283.1545435762,1.25,bis_addition_3,0,0,0,0,0,197.87761725069348,26.894433533127355,4.614925613862595,195,0.7326,0,0,0,0,0,0,0,0,0,0,0,0,0,0,0,0,0,0,0,0,0,0,0,0,0,0,0,0,0,0,0,0,0,0,0,0,0,0,0,0,0,0,0,0,0,0,0,0,0,0,0,0,0,0,0,103.49045495928866,15.549319385690286,2.668171174632209,163.8,0.7726,0,0,0,0,0,0,0,0,0,0,0,0,0,0,0,0,0,0,0,0,12.614160655285405,2.2781666215826943,0.39091990845014996,223.2,1.1176,12.614160655285405,2.2781666215826943,0.39091990845014996,223.2,1.1176,12.614160655285405,2.2781666215826943,0.39091990845014996,223.2,1.1176,0.0,0.0,3.388309508399276e-05,8.47077377099819,3.388309508399276e-05,8.47077377099819,0.0,0.0,0.0,0.0,0.0,0.0,0.0,0.0,0.0,0.0,0.0,0.0,0.0,0.0,0.0,0.0,0.0,0.0,0.0,0.0,0.00023126450113236012,57.816125283090024,3.388309508399276e-05,8.47077377099819,0.0,0.0,0.0,0.0,0.0,0.0,0.0,0.0,0.0,0.0
175,H8,NC1=C(C=CC=C1)C2=C([Pd]OS(C)(=O)=O)C=CC=C2.CN(C)C3=CC=C(C=C3)P(C(C)(C)C)C(C)(C)C,APhos Pd G3,0.050809520000000004 milligram,0.08000000000000002 micromole,0.05080952000000002 microliter,C29H41N2O3PPdS,C1=C(C(=C(N=N1)Cl)Cl)N,"5,6-dichloropyridazin-4-amine",0.06559799999999999 milligram,0.4 micromole,0.065598 microliter,C4H3Cl2N3,B1(OC(C(O1)(C)C)(C)C)C2=CN=C(C=C2)C,"2-methyl-5-(4,4,5,5-tetramethyl-1,3,2-dioxaborolan-2-yl)pyridine",0.10516464 milligram,0.48000000000000004 micromole,0.10516464000000003 microliter,C12H18BNO2,[Na+].[Na+].[O-]C([O-])=O,Na2CO3,0.31796399999999997 milligram,3.0 micromole,0.317964 microliter,CNa2O3,CN1C=NC2=C1C(=O)N(C(=O)N2C)C,caffeine,0.0776764 milligram,0.4 micromole,0.07767640000000002 microliter,C8H10N4O2,C1COCCO1,dioxane,16.2225 milligram,184.12480421310696 micromole,15.75 microliter,C4H8O2,O,water,1.75 milligram,97.1412711629198 micromole,1.75 microliter,H2O,Cc1ccc(-c2nncc(N)c2Cl)cn1,suzuki_product_0,0.0 milligram,0.0 micromole,0 microliter,C10H9ClN4,Cc1ccc(-c2c(N)cnnc2Cl)cn1,suzuki_product_1,0.0 milligram,0.0 micromole,0 microliter,C10H9ClN4,Cc1ccc(-c2nncc(N)c2-c2ccc(C)nc2)cn1,bis_addition_3,0.0 milligram,0.0 micromole,0 microliter,C16H15N5,C1=C(C(=C(N=N1)Cl)Cl)N.B1(OC(C(O1)(C)C)(C)C)C2=CN=C(C=C2)C>>Cc1ccc(-c2nncc(N)c2Cl)cn1.Cc1ccc(-c2c(N)cnnc2Cl)cn1.Cc1ccc(-c2nncc(N)c2-c2ccc(C)nc2)cn1.Nc1cnnc(Cl)c1.Nc1cnncc1Cl.Cc1ccccn1,004_RLN-NB-2443_011_H8,,,Nc1cnnc(Cl)c1,dehalogenation_0,0.0 milligram,0.0 micromole,0 microliter,C4H4ClN3,Nc1cnncc1Cl,dehalogenation_1,0.0 milligram,0.0 micromole,0 microliter,C4H4ClN3,Cc1ccccn1,deborylation_0,0.0 milligram,0.0 micromole,0 microliter,C6H7N,6/9/2023 3:01:41 PM,004_rln-nb-2443_011_h8.raw,2min_150_1200.EXP,004_RLN-NB-2443_011_H8,004_RLN-NB-2443_011_H8,Rxn_Opt_HSST3_2_98,Analog,0,0,0,0,0,4.439389315902388,0.7343,0,0,0,False,277.1327455032,1.25,bis_addition_3,0,0,0,0,0,180.16196523567564,34.18297459526604,4.439389315902388,194.9,0.7343,0,0,0,0,0,0,0,0,0,0,0,0,0,0,0,0,0,0,0,0,0,0,0,0,0,0,0,0,0,0,0,0,0,0,0,0,0,0,0,0,0,0,0,0,0,0,0,0,0,0,0,0,0,0,0,82.35334982864335,16.22373448857158,2.106998422617563,163.8,0.7743,0,0,0,0,0,0,0,0,0,0,0,0,0,0,0,0,0,0,0,0,0.0,0.0,0.0,0.0,0.0,0.0,0.0,0.0,0.0,0.0,0.0,0.0,0.0,0.0,0.0,0.0,0.0,0.0,0.0,0.0,0.0,0.0,0.0,0.0,0.0,0.0,0.0,0.0,0.0,0.0,0.0,0.0,0.0,0.0,0.0,0.0,0.0,0.0,0.0,0.0,0.0,0.00018984578938099073,47.461447345247684,0.0,0.0,0.0,0.0,0.0,0.0,0.0,0.0,0.0,0.0,0.0,0.0
176,H9,NC1=C(C=CC=C1)C2=C([Pd]OS(C)(=O)=O)C=CC=C2.CN(C)C3=CC=C(C=C3)P(C(C)(C)C)C(C)(C)C,APhos Pd G3,0.050809520000000004 milligram,0.08000000000000002 micromole,0.05080952000000002 microliter,C29H41N2O3PPdS,C1=C(C(=C(N=N1)Cl)Cl)N,"5,6-dichloropyridazin-4-amine",0.06559799999999999 milligram,0.4 micromole,0.065598 microliter,C4H3Cl2N3,CC1(C)OB(C2=CN(C)N=C2)OC1(C)C,"1-methyl-4-(tetramethyl-1,3,2-dioxaborolan-2-yl)-1H-pyrazole",0.09987359999999999 milligram,0.48000000000000004 micromole,0.09987360000000002 microliter,C10H17BN2O2,[Na+].[Na+].[O-]C([O-])=O,Na2CO3,0.31796399999999997 milligram,3.0 micromole,0.317964 microliter,CNa2O3,CN1C=NC2=C1C(=O)N(C(=O)N2C)C,caffeine,0.0776764 milligram,0.4 micromole,0.07767640000000002 microliter,C8H10N4O2,C1COCCO1,dioxane,16.2225 milligram,184.12480421310696 micromole,15.75 microliter,C4H8O2,O,water,1.75 milligram,97.1412711629198 micromole,1.75 microliter,H2O,Cn1cc(-c2c(N)cnnc2Cl)cn1,suzuki_product_0,0.0 milligram,0.0 micromole,0 microliter,C8H8ClN5,Cn1cc(-c2nncc(N)c2Cl)cn1,suzuki_product_1,0.0 milligram,0.0 micromole,0 microliter,C8H8ClN5,Cn1cc(-c2nncc(N)c2-c2cnn(C)c2)cn1,bis_addition_2,0.0 milligram,0.0 micromole,0 microliter,C12H13N7,C1=C(C(=C(N=N1)Cl)Cl)N.CC1(C)OB(C2=CN(C)N=C2)OC1(C)C>>Cn1cc(-c2c(N)cnnc2Cl)cn1.Cn1cc(-c2nncc(N)c2Cl)cn1.Cn1cc(-c2nncc(N)c2-c2cnn(C)c2)cn1.Nc1cnnc(Cl)c1.Nc1cnncc1Cl.Cn1cccn1,004_RLN-NB-2443_011_H9,,,Nc1cnnc(Cl)c1,dehalogenation_0,0.0 milligram,0.0 micromole,0 microliter,C4H4ClN3,Nc1cnncc1Cl,dehalogenation_1,0.0 milligram,0.0 micromole,0 microliter,C4H4ClN3,Cn1cccn1,deborylation_0,0.0 milligram,0.0 micromole,0 microliter,C4H6N2,6/9/2023 3:04:08 PM,004_rln-nb-2443_011_h9.raw,2min_150_1200.EXP,004_RLN-NB-2443_011_H9,004_RLN-NB-2443_011_H9,Rxn_Opt_HSST3_2_98,Analog,0,0,0,0,0,4.326117964367056,0.736,4.096809832777088,0.7793,0,False,255.12324344792,1.25,bis_addition_2,0,0,0,0,0,174.8397674700536,26.85904224625241,4.326117964367056,195,0.736,0,0,0,0,0,0,0,0,0,0,0,0,0,0,0,0,0,0,0,0,0,0,0,0,0,0,0,0,0,0,0,0,0,0,0,0,0,0,0,0,0,0,0,0,0,0,0,0,0,0,0,0,0,0,0,112.31582067374912,25.435364749588196,4.096809832777088,162.9,0.7793,0,0,0,0,0,0,0,0,0,0,0,0,0,0,0,0,0,0,0,0,0.0,0.0,0.0,0.0,0.0,0.0,0.0,0.0,0.0,0.0,0.0,0.0,0.0,0.0,0.0,0.0,0.0,0.0,0.0,0.0,0.0,0.0,0.0,0.0,0.0,0.0,0.0,0.0,0.0,0.0,0.0,0.0,0.0,0.0,0.0,0.0,0.0,0.0,0.0,0.0,0.0,0.0003787977920640434,94.69944801601085,0.0,0.0,0.0,0.0,0.0,0.0,0.0,0.0,0.0,0.0,0.0,0.0
177,H10,NC1=C(C=CC=C1)C2=C([Pd]OS(C)(=O)=O)C=CC=C2.CN(C)C3=CC=C(C=C3)P(C(C)(C)C)C(C)(C)C,APhos Pd G3,0.050809520000000004 milligram,0.08000000000000002 micromole,0.05080952000000002 microliter,C29H41N2O3PPdS,C1=C(C(=C(N=N1)Cl)Cl)N,"5,6-dichloropyridazin-4-amine",0.06559799999999999 milligram,0.4 micromole,0.065598 microliter,C4H3Cl2N3,CC1(C)OB(C2=CC3=C(NC=C3)C=C2)OC1(C)C,"5-(tetramethyl-1,3,2-dioxaborolan-2-yl)-1H-indole",0.11669520000000001 milligram,0.48000000000000004 micromole,0.11669520000000004 microliter,C14H18BNO2,[Na+].[Na+].[O-]C([O-])=O,Na2CO3,0.31796399999999997 milligram,3.0 micromole,0.317964 microliter,CNa2O3,CN1C=NC2=C1C(=O)N(C(=O)N2C)C,caffeine,0.0776764 milligram,0.4 micromole,0.07767640000000002 microliter,C8H10N4O2,C1COCCO1,dioxane,16.2225 milligram,184.12480421310696 micromole,15.75 microliter,C4H8O2,O,water,1.75 milligram,97.1412711629198 micromole,1.75 microliter,H2O,Nc1cnnc(Cl)c1-c1ccc2[nH]ccc2c1,suzuki_product_0,0.0 milligram,0.0 micromole,0 microliter,C12H9ClN4,Nc1cnnc(-c2ccc3[nH]ccc3c2)c1Cl,suzuki_product_1,0.0 milligram,0.0 micromole,0 microliter,C12H9ClN4,Nc1cnnc(-c2ccc3[nH]ccc3c2)c1-c1ccc2[nH]ccc2c1,bis_addition_2,0.0 milligram,0.0 micromole,0 microliter,C20H15N5,C1=C(C(=C(N=N1)Cl)Cl)N.CC1(C)OB(C2=CC3=C(NC=C3)C=C2)OC1(C)C>>Nc1cnnc(Cl)c1-c1ccc2[nH]ccc2c1.Nc1cnnc(-c2ccc3[nH]ccc3c2)c1Cl.Nc1cnnc(-c2ccc3[nH]ccc3c2)c1-c1ccc2[nH]ccc2c1.Nc1cnnc(Cl)c1.Nc1cnncc1Cl.c1ccc2[nH]ccc2c1,004_RLN-NB-2443_011_H10,,,Nc1cnnc(Cl)c1,dehalogenation_0,0.0 milligram,0.0 micromole,0 microliter,C4H4ClN3,Nc1cnncc1Cl,dehalogenation_1,0.0 milligram,0.0 micromole,0 microliter,C4H4ClN3,c1ccc2[nH]ccc2c1,deborylation_0,0.0 milligram,0.0 micromole,0 microliter,C8H7N,6/9/2023 3:06:35 PM,004_rln-nb-2443_011_h10.raw,2min_150_1200.EXP,004_RLN-NB-2443_011_H10,004_RLN-NB-2443_011_H10,Rxn_Opt_HSST3_2_98,Analog,0,0,0,0,0,4.7844410066097955,0.7343,3.273428792803986,0.781,0,False,325.1327455032,1.25,bis_addition_2,0,0,0,0,0,191.9387079139551,12.783134502771345,4.7844410066097955,194.9,0.7343,0,0,0,0,0,0,0,0,0,0,0,0,0,0,0,0,0,0,0,0,0,0,0,0,0,0,0,0,0,0,0,0,0,0,0,0,0,0,0,0,0,0,0,0,0,0,0,0,0,0,0,0,0,0,0,112.46972823871506,8.745991535029603,3.273428792803986,163.7,0.781,0,0,0,0,0,0,0,0,0,0,0,0,0,0,0,0,0,0,0,0,0.0,0.0,0.0,0.0,0.0,0.0,0.0,0.0,0.0,0.0,0.0,0.0,0.0,0.0,0.0,0.0,0.0,0.0,0.0,0.0,0.0,0.0,0.0,0.0,0.0,0.0,0.0,0.0,0.0,0.0,0.0,0.0,0.0,0.0,0.0,0.0,0.0,0.0,0.0,0.0,0.0,0.0002736728314368749,68.41820785921871,0.0,0.0,0.0,0.0,0.0,0.0,0.0,0.0,0.0,0.0,0.0,0.0
178,H11,NC1=C(C=CC=C1)C2=C([Pd]OS(C)(=O)=O)C=CC=C2.CN(C)C3=CC=C(C=C3)P(C(C)(C)C)C(C)(C)C,APhos Pd G3,0.050809520000000004 milligram,0.08000000000000002 micromole,0.05080952000000002 microliter,C29H41N2O3PPdS,C1=C(C(=C(N=N1)Cl)Cl)N,"5,6-dichloropyridazin-4-amine",0.06559799999999999 milligram,0.4 micromole,0.065598 microliter,C4H3Cl2N3,O=[N+](C1=CC=CC=C1B2OC(C)(C)C(C)(C)O2)[O-],"4,4,5,5-tetramethyl-2-(2-nitrophenyl)-1,3,2-dioxaborolane",0.11955599999999997 milligram,0.48000000000000004 micromole,0.119556 microliter,C12H16BNO4,[Na+].[Na+].[O-]C([O-])=O,Na2CO3,0.31796399999999997 milligram,3.0 micromole,0.317964 microliter,CNa2O3,CN1C=NC2=C1C(=O)N(C(=O)N2C)C,caffeine,0.0776764 milligram,0.4 micromole,0.07767640000000002 microliter,C8H10N4O2,C1COCCO1,dioxane,16.2225 milligram,184.12480421310696 micromole,15.75 microliter,C4H8O2,O,water,1.75 milligram,97.1412711629198 micromole,1.75 microliter,H2O,Nc1cnnc(Cl)c1-c1ccccc1[N+](=O)[O-],suzuki_product_0,0.0 milligram,0.0 micromole,0 microliter,C10H7ClN4O2,Nc1cnnc(-c2ccccc2[N+](=O)[O-])c1Cl,suzuki_product_1,0.0 milligram,0.0 micromole,0 microliter,C10H7ClN4O2,Nc1cnnc(-c2ccccc2[N+](=O)[O-])c1-c1ccccc1[N+](=O)[O-],bis_addition_3,0.0 milligram,0.0 micromole,0 microliter,C16H11N5O4,C1=C(C(=C(N=N1)Cl)Cl)N.O=[N+](C1=CC=CC=C1B2OC(C)(C)C(C)(C)O2)[O-]>>Nc1cnnc(Cl)c1-c1ccccc1[N+](=O)[O-].Nc1cnnc(-c2ccccc2[N+](=O)[O-])c1Cl.Nc1cnnc(-c2ccccc2[N+](=O)[O-])c1-c1ccccc1[N+](=O)[O-].Nc1cnnc(Cl)c1.Nc1cnncc1Cl.O=[N+]([O-])c1ccccc1,004_RLN-NB-2443_011_H11,,,Nc1cnnc(Cl)c1,dehalogenation_0,0.0 milligram,0.0 micromole,0 microliter,C4H4ClN3,Nc1cnncc1Cl,dehalogenation_1,0.0 milligram,0.0 micromole,0 microliter,C4H4ClN3,O=[N+]([O-])c1ccccc1,deborylation_0,0.0 milligram,0.0 micromole,0 microliter,C6H5NO2,6/9/2023 3:09:02 PM,004_rln-nb-2443_011_h11.raw,2min_150_1200.EXP,004_RLN-NB-2443_011_H11,004_RLN-NB-2443_011_H11,Rxn_Opt_HSST3_2_98,Analog,0,0,0,0,0,4.863684257799951,0.736,2.178544522073648,0.781,0,False,337.0811038532,1.25,bis_addition_4,0,0,0,0,0,198.56370483033936,17.302344692117387,4.863684257799951,195,0.736,0,0,0,0,0,0,0,0,0,0,0,0,0,0,0,0,0,0,0,0,0,0,0,0,0,0,0,0,0,0,0,0,0,0,0,0,0,0,0,0,0,0,0,0,0,0,0,0,0,0,0,0,0,0,0,87.37876132921723,7.750077153464921,2.178544522073648,163.8,0.781,0,0,0,0,0,0,0,0,0,0,0,0,0,0,0,0,0,0,0,0,0.0,0.0,0.0,0.0,0.0,0.0,0.0,0.0,0.0,0.0,0.0,0.0,0.0,0.0,0.0,0.0,0.0,0.0,0.0,0.0,0.0,0.0,0.0,0.0,0.0,0.0,0.0,0.0,0.0,0.0,0.0,0.0,0.0,0.0,0.0,0.0,0.0,0.0,0.0,0.0,0.0,0.00017916825242756158,44.79206310689039,0.0,0.0,0.0,0.0,0.0,0.0,0.0,0.0,0.0,0.0,0.0,0.0
179,H12,NC1=C(C=CC=C1)C2=C([Pd]OS(C)(=O)=O)C=CC=C2.CN(C)C3=CC=C(C=C3)P(C(C)(C)C)C(C)(C)C,APhos Pd G3,0.050809520000000004 milligram,0.08000000000000002 micromole,0.05080952000000002 microliter,C29H41N2O3PPdS,C1=C(C(=C(N=N1)Cl)Cl)N,"5,6-dichloropyridazin-4-amine",0.06559799999999999 milligram,0.4 micromole,0.065598 microliter,C4H3Cl2N3,O=C(O)C1=CC=CC(B2OC(C)(C)C(C)(C)O2)=C1,"3-(tetramethyl-1,3,2-dioxaborolan-2-yl)benzoic acid",0.11908175999999998 milligram,0.48000000000000004 micromole,0.11908176000000001 microliter,C13H17BO4,[Na+].[Na+].[O-]C([O-])=O,Na2CO3,0.31796399999999997 milligram,3.0 micromole,0.317964 microliter,CNa2O3,CN1C=NC2=C1C(=O)N(C(=O)N2C)C,caffeine,0.0776764 milligram,0.4 micromole,0.07767640000000002 microliter,C8H10N4O2,C1COCCO1,dioxane,16.2225 milligram,184.12480421310696 micromole,15.75 microliter,C4H8O2,O,water,1.75 milligram,97.1412711629198 micromole,1.75 microliter,H2O,Nc1cnnc(Cl)c1-c1cccc(C(=O)O)c1,suzuki_product_0,0.0 milligram,0.0 micromole,0 microliter,C11H8ClN3O2,Nc1cnnc(-c2cccc(C(=O)O)c2)c1Cl,suzuki_product_1,0.0 milligram,0.0 micromole,0 microliter,C11H8ClN3O2,Nc1cnnc(-c2cccc(C(=O)O)c2)c1-c1cccc(C(=O)O)c1,bis_addition_2,0.0 milligram,0.0 micromole,0 microliter,C18H13N3O4,C1=C(C(=C(N=N1)Cl)Cl)N.O=C(O)C1=CC=CC(B2OC(C)(C)C(C)(C)O2)=C1>>Nc1cnnc(Cl)c1-c1cccc(C(=O)O)c1.Nc1cnnc(-c2cccc(C(=O)O)c2)c1Cl.Nc1cnnc(-c2cccc(C(=O)O)c2)c1-c1cccc(C(=O)O)c1.Nc1cnnc(Cl)c1.Nc1cnncc1Cl.O=C(O)c1ccccc1,004_RLN-NB-2443_011_H12,,,Nc1cnnc(Cl)c1,dehalogenation_0,0.0 milligram,0.0 micromole,0 microliter,C4H4ClN3,Nc1cnncc1Cl,dehalogenation_1,0.0 milligram,0.0 micromole,0 microliter,C4H4ClN3,O=C(O)c1ccccc1,deborylation_0,0.0 milligram,0.0 micromole,0 microliter,C7H6O2,6/9/2023 3:11:29 PM,004_rln-nb-2443_011_h12.raw,2min_150_1200.EXP,004_RLN-NB-2443_011_H12,004_RLN-NB-2443_011_H12,Rxn_Opt_HSST3_2_98,Analog,0,0,0,0,0,4.5873508698545375,0.736,5.303659643976836,0.7776,0,False,335.09060590848,1.25,bis_addition_4,0,0,0,0,0,190.12721071158586,13.252283342082544,4.5873508698545375,194.9,0.736,0,0,0,0,0,0,0,0,0,0,0,0,0,0,0,0,0,0,0,0,0,0,0,0,0,0,0,0,0,0,0,0,0,0,0,0,0,0,0,0,0,0,0,0,0,0,0,0,0,0,0,0,0,0,0,182.18009272587238,15.321609867216976,5.303659643976836,163.8,0.7776,0,0,0,0,0,0,0,0,0,0,0,0,0,0,0,0,0,0,0,0,0.0,0.0,0.0,0.0,0.0,0.0,0.0,0.0,0.0,0.0,0.0,0.0,0.0,0.0,0.0,0.0,0.0,0.0,0.0,0.0,0.0,0.0,0.0,0.0,0.0,0.0,0.0,0.0,0.0,0.0,0.0,0.0,0.0,0.0,0.0,0.0,0.0,0.0,0.0,0.0,0.0,0.00046245947122374896,115.61486780593724,0.0,0.0,0.0,0.0,0.0,0.0,0.0,0.0,0.0,0.0,0.0,0.0
180,H13,[Fe].Cl[Pd]Cl.[CH]1[CH][CH][C]([CH]1)P(C2CCCCC2)C3CCCCC3.[CH]4[CH][CH][C]([CH]4)P(C5CCCCC5)C6CCCCC6,PdCl2(dcypf),0.06047272000000001 milligram,0.08000000000000002 micromole,0.06047272000000002 microliter,C34H52Cl2FeP2Pd,C1=C(C(=C(N=N1)Cl)Cl)N,"5,6-dichloropyridazin-4-amine",0.06559799999999999 milligram,0.4 micromole,0.065598 microliter,C4H3Cl2N3,B1(OC(C(O1)(C)C)(C)C)C2=CN(N=C2C)C,"1,3-dimethyl-4-(4,4,5,5-tetramethyl-1,3,2-dioxaborolan-2-yl)-1H-pyrazole",0.10660655999999999 milligram,0.48000000000000004 micromole,0.10660656000000002 microliter,C11H19BN2O2,[Na+].[Na+].[O-]C([O-])=O,Na2CO3,0.31796399999999997 milligram,3.0 micromole,0.317964 microliter,CNa2O3,CN1C=NC2=C1C(=O)N(C(=O)N2C)C,caffeine,0.0776764 milligram,0.4 micromole,0.07767640000000002 microliter,C8H10N4O2,C1COCCO1,dioxane,16.2225 milligram,184.12480421310696 micromole,15.75 microliter,C4H8O2,O,water,1.75 milligram,97.1412711629198 micromole,1.75 microliter,H2O,Cc1nn(C)cc1-c1nncc(N)c1Cl,suzuki_product_0,0.0 milligram,0.0 micromole,0 microliter,C9H10ClN5,Cc1nn(C)cc1-c1c(N)cnnc1Cl,suzuki_product_1,0.0 milligram,0.0 micromole,0 microliter,C9H10ClN5,Cc1nn(C)cc1-c1nncc(N)c1-c1cn(C)nc1C,bis_addition_4,0.0 milligram,0.0 micromole,0 microliter,C14H17N7,C1=C(C(=C(N=N1)Cl)Cl)N.B1(OC(C(O1)(C)C)(C)C)C2=CN(N=C2C)C>>Cc1nn(C)cc1-c1nncc(N)c1Cl.Cc1nn(C)cc1-c1c(N)cnnc1Cl.Cc1nn(C)cc1-c1nncc(N)c1-c1cn(C)nc1C.Nc1cnnc(Cl)c1.Nc1cnncc1Cl.Cc1ccn(C)n1,004_RLN-NB-2443_011_H13,,,Nc1cnnc(Cl)c1,dehalogenation_0,0.0 milligram,0.0 micromole,0 microliter,C4H4ClN3,Nc1cnncc1Cl,dehalogenation_1,0.0 milligram,0.0 micromole,0 microliter,C4H4ClN3,Cc1ccn(C)n1,deborylation_0,0.0 milligram,0.0 micromole,0 microliter,C5H8N2,6/9/2023 3:13:57 PM,004_rln-nb-2443_011_h13.raw,2min_150_1200.EXP,004_RLN-NB-2443_011_H13,004_RLN-NB-2443_011_H13,Rxn_Opt_HSST3_2_98,Analog,0,0,0,0,0,5.022257745827788,0.736,0,0,0,False,283.1545435762,1.25,bis_addition_3,0,0,0,0,0,208.97929673513758,56.48706787392296,5.022257745827788,194.9,0.736,0,0,0,0,0,0,0,0,0,0,0,0,0,0,0,0,0,0,0,0,0,0,0,0,0,0,0,0,0,0,0,0,0,0,0,0,0,0,0,0,0,0,0,0,0,0,0,0,0,0,0,0,0,0,0,125.31672688009775,36.508073041893375,3.245927953441178,163.7,0.7776,0,0,0,0,0,0,0,0,0,0,0,0,0,0,0,0,0,0,0,0,0.0,0.0,0.0,0.0,0.0,0.0,0.0,0.0,0.0,0.0,0.0,0.0,0.0,0.0,0.0,0.0,0.0,0.0,0.0,0.0,0.0,0.0,0.0,0.0,0.0,0.0,0.0,0.0,0.0,0.0,0.0,0.0,0.0,0.0,0.0,0.0,0.0,0.0,0.0,0.0,0.0,0.00025852340662027665,64.63085165506915,0.0,0.0,0.0,0.0,0.0,0.0,0.0,0.0,0.0,0.0,0.0,0.0
181,H14,[Fe].Cl[Pd]Cl.[CH]1[CH][CH][C]([CH]1)P(C2CCCCC2)C3CCCCC3.[CH]4[CH][CH][C]([CH]4)P(C5CCCCC5)C6CCCCC6,PdCl2(dcypf),0.06047272000000001 milligram,0.08000000000000002 micromole,0.06047272000000002 microliter,C34H52Cl2FeP2Pd,C1=C(C(=C(N=N1)Cl)Cl)N,"5,6-dichloropyridazin-4-amine",0.06559799999999999 milligram,0.4 micromole,0.065598 microliter,C4H3Cl2N3,B1(OC(C(O1)(C)C)(C)C)C2=CN=C(C=C2)C,"2-methyl-5-(4,4,5,5-tetramethyl-1,3,2-dioxaborolan-2-yl)pyridine",0.10516464 milligram,0.48000000000000004 micromole,0.10516464000000003 microliter,C12H18BNO2,[Na+].[Na+].[O-]C([O-])=O,Na2CO3,0.31796399999999997 milligram,3.0 micromole,0.317964 microliter,CNa2O3,CN1C=NC2=C1C(=O)N(C(=O)N2C)C,caffeine,0.0776764 milligram,0.4 micromole,0.07767640000000002 microliter,C8H10N4O2,C1COCCO1,dioxane,16.2225 milligram,184.12480421310696 micromole,15.75 microliter,C4H8O2,O,water,1.75 milligram,97.1412711629198 micromole,1.75 microliter,H2O,Cc1ccc(-c2nncc(N)c2Cl)cn1,suzuki_product_0,0.0 milligram,0.0 micromole,0 microliter,C10H9ClN4,Cc1ccc(-c2c(N)cnnc2Cl)cn1,suzuki_product_1,0.0 milligram,0.0 micromole,0 microliter,C10H9ClN4,Cc1ccc(-c2nncc(N)c2-c2ccc(C)nc2)cn1,bis_addition_3,0.0 milligram,0.0 micromole,0 microliter,C16H15N5,C1=C(C(=C(N=N1)Cl)Cl)N.B1(OC(C(O1)(C)C)(C)C)C2=CN=C(C=C2)C>>Cc1ccc(-c2nncc(N)c2Cl)cn1.Cc1ccc(-c2c(N)cnnc2Cl)cn1.Cc1ccc(-c2nncc(N)c2-c2ccc(C)nc2)cn1.Nc1cnnc(Cl)c1.Nc1cnncc1Cl.Cc1ccccn1,004_RLN-NB-2443_011_H14,,,Nc1cnnc(Cl)c1,dehalogenation_0,0.0 milligram,0.0 micromole,0 microliter,C4H4ClN3,Nc1cnncc1Cl,dehalogenation_1,0.0 milligram,0.0 micromole,0 microliter,C4H4ClN3,Cc1ccccn1,deborylation_0,0.0 milligram,0.0 micromole,0 microliter,C6H7N,6/9/2023 3:16:24 PM,004_rln-nb-2443_011_h14.raw,2min_150_1200.EXP,004_RLN-NB-2443_011_H14,004_RLN-NB-2443_011_H14,Rxn_Opt_HSST3_2_98,Analog,0,0,0,0,0,4.677033320946304,0.736,0,0,0,False,277.1327455032,1.25,bis_addition_3,0,0,0,0,0,191.52025500698647,43.20436480084482,4.677033320946304,195,0.736,0,0,0,0,0,0,0,0,0,0,0,0,0,0,0,0,0,0,0,0,0,0,0,0,0,0,0,0,0,0,0,0,0,0,0,0,0,0,0,0,0,0,0,0,0,0,0,0,0,0,0,0,0,0,0,116.17746629975144,27.740371106569295,3.002998437748208,163.8,0.7793,0,0,0,0,0,0,0,0,0,0,0,0,0,0,0,0,0,0,0,0,0.0,0.0,0.0,0.0,0.0,0.0,0.0,0.0,0.0,0.0,0.0,0.0,0.0,0.0,0.0,0.0,0.0,0.0,0.0,0.0,0.0,0.0,0.0,0.0,0.0,0.0,0.0,0.0,0.0,0.0,0.0,0.0,0.0,0.0,0.0,0.0,0.0,0.0,0.0,0.0,0.0,0.00025682933874335637,64.20733468583909,0.0,0.0,0.0,0.0,0.0,0.0,0.0,0.0,0.0,0.0,0.0,0.0
182,H15,[Fe].Cl[Pd]Cl.[CH]1[CH][CH][C]([CH]1)P(C2CCCCC2)C3CCCCC3.[CH]4[CH][CH][C]([CH]4)P(C5CCCCC5)C6CCCCC6,PdCl2(dcypf),0.06047272000000001 milligram,0.08000000000000002 micromole,0.06047272000000002 microliter,C34H52Cl2FeP2Pd,C1=C(C(=C(N=N1)Cl)Cl)N,"5,6-dichloropyridazin-4-amine",0.06559799999999999 milligram,0.4 micromole,0.065598 microliter,C4H3Cl2N3,CC1(C)OB(C2=CN(C)N=C2)OC1(C)C,"1-methyl-4-(tetramethyl-1,3,2-dioxaborolan-2-yl)-1H-pyrazole",0.09987359999999999 milligram,0.48000000000000004 micromole,0.09987360000000002 microliter,C10H17BN2O2,[Na+].[Na+].[O-]C([O-])=O,Na2CO3,0.31796399999999997 milligram,3.0 micromole,0.317964 microliter,CNa2O3,CN1C=NC2=C1C(=O)N(C(=O)N2C)C,caffeine,0.0776764 milligram,0.4 micromole,0.07767640000000002 microliter,C8H10N4O2,C1COCCO1,dioxane,16.2225 milligram,184.12480421310696 micromole,15.75 microliter,C4H8O2,O,water,1.75 milligram,97.1412711629198 micromole,1.75 microliter,H2O,Cn1cc(-c2c(N)cnnc2Cl)cn1,suzuki_product_0,0.0 milligram,0.0 micromole,0 microliter,C8H8ClN5,Cn1cc(-c2nncc(N)c2Cl)cn1,suzuki_product_1,0.0 milligram,0.0 micromole,0 microliter,C8H8ClN5,Cn1cc(-c2nncc(N)c2-c2cnn(C)c2)cn1,bis_addition_2,0.0 milligram,0.0 micromole,0 microliter,C12H13N7,C1=C(C(=C(N=N1)Cl)Cl)N.CC1(C)OB(C2=CN(C)N=C2)OC1(C)C>>Cn1cc(-c2c(N)cnnc2Cl)cn1.Cn1cc(-c2nncc(N)c2Cl)cn1.Cn1cc(-c2nncc(N)c2-c2cnn(C)c2)cn1.Nc1cnnc(Cl)c1.Nc1cnncc1Cl.Cn1cccn1,004_RLN-NB-2443_011_H15,,,Nc1cnnc(Cl)c1,dehalogenation_0,0.0 milligram,0.0 micromole,0 microliter,C4H4ClN3,Nc1cnncc1Cl,dehalogenation_1,0.0 milligram,0.0 micromole,0 microliter,C4H4ClN3,Cn1cccn1,deborylation_0,0.0 milligram,0.0 micromole,0 microliter,C4H6N2,6/9/2023 3:18:51 PM,004_rln-nb-2443_011_h15.raw,2min_150_1200.EXP,004_RLN-NB-2443_011_H15,004_RLN-NB-2443_011_H15,Rxn_Opt_HSST3_2_98,Analog,0,0,0,0,0,4.152224645864582,0.7326,0,0,0,False,255.12324344792,1.25,bis_addition_2,0,0,0,0,0,172.46691397110473,54.640724935146714,4.152224645864582,194.9,0.7326,0,0,0,0,0,0,0,0,0,0,0,0,0,0,0,0,0,0,0,0,0,0,0,0,0,0,0,0,0,0,0,0,0,0,0,0,0,0,0,0,0,0,0,0,0,0,0,0,0,0,0,0,0,0,0,85.67509645174192,30.211960526703773,2.2958488791603817,163.8,0.7776,0,0,0,0,0,0,0,0,0,0,0,0,0,0,0,0,0,0,0,0,0.0,0.0,0.0,0.0,0.0,0.0,0.0,0.0,0.0,0.0,0.0,0.0,0.0,0.0,0.0,0.0,0.0,0.0,0.0,0.0,0.0,0.0,0.0,0.0,0.0,0.0,0.0,0.0,0.0,0.0,0.0,0.0,0.0,0.0,0.0,0.0,0.0,0.0,0.0,0.0,0.0,0.00022116807976147804,55.29201994036951,0.0,0.0,0.0,0.0,0.0,0.0,0.0,0.0,0.0,0.0,0.0,0.0
183,H16,[Fe].Cl[Pd]Cl.[CH]1[CH][CH][C]([CH]1)P(C2CCCCC2)C3CCCCC3.[CH]4[CH][CH][C]([CH]4)P(C5CCCCC5)C6CCCCC6,PdCl2(dcypf),0.06047272000000001 milligram,0.08000000000000002 micromole,0.06047272000000002 microliter,C34H52Cl2FeP2Pd,C1=C(C(=C(N=N1)Cl)Cl)N,"5,6-dichloropyridazin-4-amine",0.06559799999999999 milligram,0.4 micromole,0.065598 microliter,C4H3Cl2N3,CC1(C)OB(C2=CC3=C(NC=C3)C=C2)OC1(C)C,"5-(tetramethyl-1,3,2-dioxaborolan-2-yl)-1H-indole",0.11669520000000001 milligram,0.48000000000000004 micromole,0.11669520000000004 microliter,C14H18BNO2,[Na+].[Na+].[O-]C([O-])=O,Na2CO3,0.31796399999999997 milligram,3.0 micromole,0.317964 microliter,CNa2O3,CN1C=NC2=C1C(=O)N(C(=O)N2C)C,caffeine,0.0776764 milligram,0.4 micromole,0.07767640000000002 microliter,C8H10N4O2,C1COCCO1,dioxane,16.2225 milligram,184.12480421310696 micromole,15.75 microliter,C4H8O2,O,water,1.75 milligram,97.1412711629198 micromole,1.75 microliter,H2O,Nc1cnnc(Cl)c1-c1ccc2[nH]ccc2c1,suzuki_product_0,0.0 milligram,0.0 micromole,0 microliter,C12H9ClN4,Nc1cnnc(-c2ccc3[nH]ccc3c2)c1Cl,suzuki_product_1,0.0 milligram,0.0 micromole,0 microliter,C12H9ClN4,Nc1cnnc(-c2ccc3[nH]ccc3c2)c1-c1ccc2[nH]ccc2c1,bis_addition_2,0.0 milligram,0.0 micromole,0 microliter,C20H15N5,C1=C(C(=C(N=N1)Cl)Cl)N.CC1(C)OB(C2=CC3=C(NC=C3)C=C2)OC1(C)C>>Nc1cnnc(Cl)c1-c1ccc2[nH]ccc2c1.Nc1cnnc(-c2ccc3[nH]ccc3c2)c1Cl.Nc1cnnc(-c2ccc3[nH]ccc3c2)c1-c1ccc2[nH]ccc2c1.Nc1cnnc(Cl)c1.Nc1cnncc1Cl.c1ccc2[nH]ccc2c1,004_RLN-NB-2443_011_H16,,,Nc1cnnc(Cl)c1,dehalogenation_0,0.0 milligram,0.0 micromole,0 microliter,C4H4ClN3,Nc1cnncc1Cl,dehalogenation_1,0.0 milligram,0.0 micromole,0 microliter,C4H4ClN3,c1ccc2[nH]ccc2c1,deborylation_0,0.0 milligram,0.0 micromole,0 microliter,C8H7N,6/9/2023 3:21:19 PM,004_rln-nb-2443_011_h16.raw,2min_150_1200.EXP,004_RLN-NB-2443_011_H16,004_RLN-NB-2443_011_H16,Rxn_Opt_HSST3_2_98,Analog,0,0,0,0,0,5.078287549411151,0.736,4.130259042679046,0.781,0,False,325.1327455032,1.25,bis_addition_2,0,0,0,0,0,207.29024652659595,18.468507508057673,5.078287549411151,195,0.736,0,0,0,0,0,0,0,0,0,0,207.91971123858747,36.69384512957356,10.089710648260821,244,1.276,0,0,0,0,0,0,0,0,0,0,0,0,0,0,0,0,0,0,0,0,0,0,0,0,0,0,0,0,0,0,0,0,0,0,0,0,0,0,0,0,134.39493938503642,15.020756386429124,4.130259042679046,165.7,0.781,0,0,0,0,0,0,0,0,0,0,0,0,0,0,0,0,0,0,0,0,0.0,0.0,0.0,0.0,0.0,0.0,0.0,0.0,0.0,0.0,0.0,0.0,0.0,0.0,0.0,0.0,0.0,0.0,0.0,0.0,0.0,0.0,0.0,0.0,0.0,0.000794733307248879,198.68332681221972,0.0,0.0,0.0,0.0,0.0,0.0,0.0,0.0,0.0,0.0,0.0,0.0,0.0,0.0,0.00032532691404274397,81.33172851068599,0.0,0.0,0.0,0.0,0.0,0.0,0.0,0.0,0.0,0.0,0.0,0.0
184,H17,[Fe].Cl[Pd]Cl.[CH]1[CH][CH][C]([CH]1)P(C2CCCCC2)C3CCCCC3.[CH]4[CH][CH][C]([CH]4)P(C5CCCCC5)C6CCCCC6,PdCl2(dcypf),0.06047272000000001 milligram,0.08000000000000002 micromole,0.06047272000000002 microliter,C34H52Cl2FeP2Pd,C1=C(C(=C(N=N1)Cl)Cl)N,"5,6-dichloropyridazin-4-amine",0.06559799999999999 milligram,0.4 micromole,0.065598 microliter,C4H3Cl2N3,O=[N+](C1=CC=CC=C1B2OC(C)(C)C(C)(C)O2)[O-],"4,4,5,5-tetramethyl-2-(2-nitrophenyl)-1,3,2-dioxaborolane",0.11955599999999997 milligram,0.48000000000000004 micromole,0.119556 microliter,C12H16BNO4,[Na+].[Na+].[O-]C([O-])=O,Na2CO3,0.31796399999999997 milligram,3.0 micromole,0.317964 microliter,CNa2O3,CN1C=NC2=C1C(=O)N(C(=O)N2C)C,caffeine,0.0776764 milligram,0.4 micromole,0.07767640000000002 microliter,C8H10N4O2,C1COCCO1,dioxane,16.2225 milligram,184.12480421310696 micromole,15.75 microliter,C4H8O2,O,water,1.75 milligram,97.1412711629198 micromole,1.75 microliter,H2O,Nc1cnnc(Cl)c1-c1ccccc1[N+](=O)[O-],suzuki_product_0,0.0 milligram,0.0 micromole,0 microliter,C10H7ClN4O2,Nc1cnnc(-c2ccccc2[N+](=O)[O-])c1Cl,suzuki_product_1,0.0 milligram,0.0 micromole,0 microliter,C10H7ClN4O2,Nc1cnnc(-c2ccccc2[N+](=O)[O-])c1-c1ccccc1[N+](=O)[O-],bis_addition_3,0.0 milligram,0.0 micromole,0 microliter,C16H11N5O4,C1=C(C(=C(N=N1)Cl)Cl)N.O=[N+](C1=CC=CC=C1B2OC(C)(C)C(C)(C)O2)[O-]>>Nc1cnnc(Cl)c1-c1ccccc1[N+](=O)[O-].Nc1cnnc(-c2ccccc2[N+](=O)[O-])c1Cl.Nc1cnnc(-c2ccccc2[N+](=O)[O-])c1-c1ccccc1[N+](=O)[O-].Nc1cnnc(Cl)c1.Nc1cnncc1Cl.O=[N+]([O-])c1ccccc1,004_RLN-NB-2443_011_H17,,,Nc1cnnc(Cl)c1,dehalogenation_0,0.0 milligram,0.0 micromole,0 microliter,C4H4ClN3,Nc1cnncc1Cl,dehalogenation_1,0.0 milligram,0.0 micromole,0 microliter,C4H4ClN3,O=[N+]([O-])c1ccccc1,deborylation_0,0.0 milligram,0.0 micromole,0 microliter,C6H5NO2,6/9/2023 3:23:46 PM,004_rln-nb-2443_011_h17.raw,2min_150_1200.EXP,004_RLN-NB-2443_011_H17,004_RLN-NB-2443_011_H17,Rxn_Opt_HSST3_2_98,Analog,0,0,0,0,0,4.763660332578325,0.736,2.825411358272573,0.7793,0,False,337.0811038532,1.25,bis_addition_4,0,0,0,0,0,189.13783140097664,28.741754271033663,4.763660332578325,195,0.736,0,0,0,0,0,0,0,0,0,0,0,0,0,0,0,0,0,0,0,0,0,0,0,0,0,0,0,0,0,0,0,0,0,0,0,0,0,0,0,0,0,0,0,0,0,0,0,0,0,0,0,0,0,0,0,106.91470853534882,17.047243779890668,2.825411358272573,163.7,0.7793,0,0,0,0,0,0,0,0,0,0,0,0,0,0,0,0,0,0,0,0,0.0,0.0,0.0,0.0,0.0,0.0,0.0,0.0,0.0,0.0,0.0,0.0,0.0,0.0,0.0,0.0,0.0,0.0,0.0,0.0,0.0,0.0,0.0,0.0,0.0,0.0,0.0,0.0,0.0,0.0,0.0,0.0,0.0,0.0,0.0,0.0,0.0,0.0,0.0,0.0,0.0,0.00023724708824848754,59.31177206212188,0.0,0.0,0.0,0.0,0.0,0.0,0.0,0.0,0.0,0.0,0.0,0.0
185,H18,[Fe].Cl[Pd]Cl.[CH]1[CH][CH][C]([CH]1)P(C2CCCCC2)C3CCCCC3.[CH]4[CH][CH][C]([CH]4)P(C5CCCCC5)C6CCCCC6,PdCl2(dcypf),0.06047272000000001 milligram,0.08000000000000002 micromole,0.06047272000000002 microliter,C34H52Cl2FeP2Pd,C1=C(C(=C(N=N1)Cl)Cl)N,"5,6-dichloropyridazin-4-amine",0.06559799999999999 milligram,0.4 micromole,0.065598 microliter,C4H3Cl2N3,O=C(O)C1=CC=CC(B2OC(C)(C)C(C)(C)O2)=C1,"3-(tetramethyl-1,3,2-dioxaborolan-2-yl)benzoic acid",0.11908175999999998 milligram,0.48000000000000004 micromole,0.11908176000000001 microliter,C13H17BO4,[Na+].[Na+].[O-]C([O-])=O,Na2CO3,0.31796399999999997 milligram,3.0 micromole,0.317964 microliter,CNa2O3,CN1C=NC2=C1C(=O)N(C(=O)N2C)C,caffeine,0.0776764 milligram,0.4 micromole,0.07767640000000002 microliter,C8H10N4O2,C1COCCO1,dioxane,16.2225 milligram,184.12480421310696 micromole,15.75 microliter,C4H8O2,O,water,1.75 milligram,97.1412711629198 micromole,1.75 microliter,H2O,Nc1cnnc(Cl)c1-c1cccc(C(=O)O)c1,suzuki_product_0,0.0 milligram,0.0 micromole,0 microliter,C11H8ClN3O2,Nc1cnnc(-c2cccc(C(=O)O)c2)c1Cl,suzuki_product_1,0.0 milligram,0.0 micromole,0 microliter,C11H8ClN3O2,Nc1cnnc(-c2cccc(C(=O)O)c2)c1-c1cccc(C(=O)O)c1,bis_addition_2,0.0 milligram,0.0 micromole,0 microliter,C18H13N3O4,C1=C(C(=C(N=N1)Cl)Cl)N.O=C(O)C1=CC=CC(B2OC(C)(C)C(C)(C)O2)=C1>>Nc1cnnc(Cl)c1-c1cccc(C(=O)O)c1.Nc1cnnc(-c2cccc(C(=O)O)c2)c1Cl.Nc1cnnc(-c2cccc(C(=O)O)c2)c1-c1cccc(C(=O)O)c1.Nc1cnnc(Cl)c1.Nc1cnncc1Cl.O=C(O)c1ccccc1,004_RLN-NB-2443_011_H18,,,Nc1cnnc(Cl)c1,dehalogenation_0,0.0 milligram,0.0 micromole,0 microliter,C4H4ClN3,Nc1cnncc1Cl,dehalogenation_1,0.0 milligram,0.0 micromole,0 microliter,C4H4ClN3,O=C(O)c1ccccc1,deborylation_0,0.0 milligram,0.0 micromole,0 microliter,C7H6O2,6/9/2023 3:26:13 PM,004_rln-nb-2443_011_h18.raw,2min_150_1200.EXP,004_RLN-NB-2443_011_H18,004_RLN-NB-2443_011_H18,Rxn_Opt_HSST3_2_98,Analog,0,0,0,0,0,5.365966707702857,0.7376,5.248943788334152,0.7793,0,False,335.09060590848,1.25,bis_addition_4,0,0,0,0,0,211.42359205767295,24.44446954894619,5.365966707702857,194.9,0.7376,0,0,0,0,0,0,0,0,0,0,0,0,0,0,0,0,0,0,0,0,0,0,0,0,0,0,0,0,0,0,0,0,0,0,0,0,0,0,0,0,0,0,0,0,0,0,0,0,0,0,0,0,0,0,0,175.20359442793466,23.91137582234316,5.248943788334152,163.7,0.7793,0,0,0,0,0,0,0,0,0,0,0,0,0,0,0,0,0,0,0,0,0.0,0.0,0.0,0.0,0.0,0.0,0.0,0.0,0.0,0.0,0.0,0.0,0.0,0.0,0.0,0.0,0.0,0.0,0.0,0.0,0.0,0.0,0.0,0.0,0.0,0.0,0.0,0.0,0.0,0.0,0.0,0.0,0.0,0.0,0.0,0.0,0.0,0.0,0.0,0.0,0.0,0.0003912766570690259,97.81916426725647,0.0,0.0,0.0,0.0,0.0,0.0,0.0,0.0,0.0,0.0,0.0,0.0
186,H19,COC1=CC=C(C(P(C(C)(C)C)C(C)(C)C)=C1C2=C(C=C(C=C2C(C)C)C(C)C)C(C)C)OC.NC3=C(C=CC=C3)C4=C(C=CC=C4)[Pd]OS(C)(=O)=O,tBuBrettPhos Pd G3,0.06835544000000003 milligram,0.08000000000000002 micromole,0.06835544000000005 microliter,C44H62NO5PPdS,C1=C(C(=C(N=N1)Cl)Cl)N,"5,6-dichloropyridazin-4-amine",0.06559799999999999 milligram,0.4 micromole,0.065598 microliter,C4H3Cl2N3,B1(OC(C(O1)(C)C)(C)C)C2=CN(N=C2C)C,"1,3-dimethyl-4-(4,4,5,5-tetramethyl-1,3,2-dioxaborolan-2-yl)-1H-pyrazole",0.10660655999999999 milligram,0.48000000000000004 micromole,0.10660656000000002 microliter,C11H19BN2O2,[Na+].[Na+].[O-]C([O-])=O,Na2CO3,0.31796399999999997 milligram,3.0 micromole,0.317964 microliter,CNa2O3,CN1C=NC2=C1C(=O)N(C(=O)N2C)C,caffeine,0.0776764 milligram,0.4 micromole,0.07767640000000002 microliter,C8H10N4O2,C1COCCO1,dioxane,16.2225 milligram,184.12480421310696 micromole,15.75 microliter,C4H8O2,O,water,1.75 milligram,97.1412711629198 micromole,1.75 microliter,H2O,Cc1nn(C)cc1-c1nncc(N)c1Cl,suzuki_product_0,0.0 milligram,0.0 micromole,0 microliter,C9H10ClN5,Cc1nn(C)cc1-c1c(N)cnnc1Cl,suzuki_product_1,0.0 milligram,0.0 micromole,0 microliter,C9H10ClN5,Cc1nn(C)cc1-c1nncc(N)c1-c1cn(C)nc1C,bis_addition_4,0.0 milligram,0.0 micromole,0 microliter,C14H17N7,C1=C(C(=C(N=N1)Cl)Cl)N.B1(OC(C(O1)(C)C)(C)C)C2=CN(N=C2C)C>>Cc1nn(C)cc1-c1nncc(N)c1Cl.Cc1nn(C)cc1-c1c(N)cnnc1Cl.Cc1nn(C)cc1-c1nncc(N)c1-c1cn(C)nc1C.Nc1cnnc(Cl)c1.Nc1cnncc1Cl.Cc1ccn(C)n1,004_RLN-NB-2443_011_H19,,,Nc1cnnc(Cl)c1,dehalogenation_0,0.0 milligram,0.0 micromole,0 microliter,C4H4ClN3,Nc1cnncc1Cl,dehalogenation_1,0.0 milligram,0.0 micromole,0 microliter,C4H4ClN3,Cc1ccn(C)n1,deborylation_0,0.0 milligram,0.0 micromole,0 microliter,C5H8N2,6/9/2023 3:28:40 PM,004_rln-nb-2443_011_h19.raw,2min_150_1200.EXP,004_RLN-NB-2443_011_H19,004_RLN-NB-2443_011_H19,Rxn_Opt_HSST3_2_98,Analog,0.28055545272760474,0,1.3331613158352715,6.054805925052728,0.701,4.7518638574800995,0.736,2.3831047345881022,0.7743,0,False,283.1545435762,1.25,bis_addition_3,0,0,0,0,0,198.06505737685845,21.581494375486,4.7518638574800995,195,0.736,0,0,0,0,0,0,0,0,0,0,0,0,0,0,0,0,0,0,0,0,0,0,0,0,0,0,0,0,0,0,0,0,0,0,0,0,0,0,0,0,0,0,0,0,0,0,0,0,0,0,0,0,0,0,0,83.70671448114665,10.82332385107112,2.3831047345881022,163.8,0.7743,0,0,0,0,0,0,0,0,0,0,0,0,0,0,0,0,0,0,0,0,53.629246417665435,6.0548059250527295,1.3331613158352715,223.0,0.701,53.629246417665435,6.0548059250527295,1.3331613158352715,223.0,0.701,137.3359608988121,16.87812977612385,3.716266050423374,386.8,1.4752999999999998,0.0,0.0,0.00031282596992533365,78.20649248133341,0.0001122221810910419,28.055545272760472,0.0,0.0,0.0,0.0,0.0,0.0,0.0,0.0,0.0,0.0,0.0,0.0,0.0,0.0,0.0,0.0,0.0,0.0,0.0,0.0,0.00020060378883429177,50.15094720857294,0.0001122221810910419,28.055545272760472,0.0,0.0,0.0,0.0,0.0,0.0,0.0,0.0,0.0,0.0
187,H20,COC1=CC=C(C(P(C(C)(C)C)C(C)(C)C)=C1C2=C(C=C(C=C2C(C)C)C(C)C)C(C)C)OC.NC3=C(C=CC=C3)C4=C(C=CC=C4)[Pd]OS(C)(=O)=O,tBuBrettPhos Pd G3,0.06835544000000003 milligram,0.08000000000000002 micromole,0.06835544000000005 microliter,C44H62NO5PPdS,C1=C(C(=C(N=N1)Cl)Cl)N,"5,6-dichloropyridazin-4-amine",0.06559799999999999 milligram,0.4 micromole,0.065598 microliter,C4H3Cl2N3,B1(OC(C(O1)(C)C)(C)C)C2=CN=C(C=C2)C,"2-methyl-5-(4,4,5,5-tetramethyl-1,3,2-dioxaborolan-2-yl)pyridine",0.10516464 milligram,0.48000000000000004 micromole,0.10516464000000003 microliter,C12H18BNO2,[Na+].[Na+].[O-]C([O-])=O,Na2CO3,0.31796399999999997 milligram,3.0 micromole,0.317964 microliter,CNa2O3,CN1C=NC2=C1C(=O)N(C(=O)N2C)C,caffeine,0.0776764 milligram,0.4 micromole,0.07767640000000002 microliter,C8H10N4O2,C1COCCO1,dioxane,16.2225 milligram,184.12480421310696 micromole,15.75 microliter,C4H8O2,O,water,1.75 milligram,97.1412711629198 micromole,1.75 microliter,H2O,Cc1ccc(-c2nncc(N)c2Cl)cn1,suzuki_product_0,0.0 milligram,0.0 micromole,0 microliter,C10H9ClN4,Cc1ccc(-c2c(N)cnnc2Cl)cn1,suzuki_product_1,0.0 milligram,0.0 micromole,0 microliter,C10H9ClN4,Cc1ccc(-c2nncc(N)c2-c2ccc(C)nc2)cn1,bis_addition_3,0.0 milligram,0.0 micromole,0 microliter,C16H15N5,C1=C(C(=C(N=N1)Cl)Cl)N.B1(OC(C(O1)(C)C)(C)C)C2=CN=C(C=C2)C>>Cc1ccc(-c2nncc(N)c2Cl)cn1.Cc1ccc(-c2c(N)cnnc2Cl)cn1.Cc1ccc(-c2nncc(N)c2-c2ccc(C)nc2)cn1.Nc1cnnc(Cl)c1.Nc1cnncc1Cl.Cc1ccccn1,004_RLN-NB-2443_011_H20,,,Nc1cnnc(Cl)c1,dehalogenation_0,0.0 milligram,0.0 micromole,0 microliter,C4H4ClN3,Nc1cnncc1Cl,dehalogenation_1,0.0 milligram,0.0 micromole,0 microliter,C4H4ClN3,Cc1ccccn1,deborylation_0,0.0 milligram,0.0 micromole,0 microliter,C6H7N,6/9/2023 3:31:07 PM,004_rln-nb-2443_011_h20.raw,2min_150_1200.EXP,004_RLN-NB-2443_011_H20,004_RLN-NB-2443_011_H20,Rxn_Opt_HSST3_2_98,Analog,0,0,0,0,0,4.791657887710388,0.7343,1.7008926976407426,0.7776,0,False,277.1327455032,1.25,bis_addition_3,0,0,0,0,0,194.8665983636599,17.42371832711259,4.791657887710388,194.9,0.7343,0,0,0,0,0,0,0,0,0,0,0,0,0,0,0,0,0,0,0,0,0,0,0,0,0,0,0,0,0,0,0,0,0,0,0,0,0,0,0,0,0,0,0,0,0,0,0,0,0,0,0,0,0,0,0,67.79513085732862,6.184889648391817,1.7008926976407426,163.8,0.7776,0,0,0,0,0,0,0,0,0,0,0,0,0,0,0,0,0,0,0,0,0.0,0.0,0.0,0.0,0.0,0.0,0.0,0.0,0.0,0.0,0.0,0.0,0.0,0.0,0.0,0.0,0.0,0.0,0.0,0.0,0.0,0.0,0.0,0.0,0.0,0.0,0.0,0.0,0.0,0.0,0.0,0.0,0.0,0.0,0.0,0.0,0.0,0.0,0.0,0.0,0.0,0.00014198782446494612,35.496956116236525,0.0,0.0,0.0,0.0,0.0,0.0,0.0,0.0,0.0,0.0,0.0,0.0
188,H21,COC1=CC=C(C(P(C(C)(C)C)C(C)(C)C)=C1C2=C(C=C(C=C2C(C)C)C(C)C)C(C)C)OC.NC3=C(C=CC=C3)C4=C(C=CC=C4)[Pd]OS(C)(=O)=O,tBuBrettPhos Pd G3,0.06835544000000003 milligram,0.08000000000000002 micromole,0.06835544000000005 microliter,C44H62NO5PPdS,C1=C(C(=C(N=N1)Cl)Cl)N,"5,6-dichloropyridazin-4-amine",0.06559799999999999 milligram,0.4 micromole,0.065598 microliter,C4H3Cl2N3,CC1(C)OB(C2=CN(C)N=C2)OC1(C)C,"1-methyl-4-(tetramethyl-1,3,2-dioxaborolan-2-yl)-1H-pyrazole",0.09987359999999999 milligram,0.48000000000000004 micromole,0.09987360000000002 microliter,C10H17BN2O2,[Na+].[Na+].[O-]C([O-])=O,Na2CO3,0.31796399999999997 milligram,3.0 micromole,0.317964 microliter,CNa2O3,CN1C=NC2=C1C(=O)N(C(=O)N2C)C,caffeine,0.0776764 milligram,0.4 micromole,0.07767640000000002 microliter,C8H10N4O2,C1COCCO1,dioxane,16.2225 milligram,184.12480421310696 micromole,15.75 microliter,C4H8O2,O,water,1.75 milligram,97.1412711629198 micromole,1.75 microliter,H2O,Cn1cc(-c2c(N)cnnc2Cl)cn1,suzuki_product_0,0.0 milligram,0.0 micromole,0 microliter,C8H8ClN5,Cn1cc(-c2nncc(N)c2Cl)cn1,suzuki_product_1,0.0 milligram,0.0 micromole,0 microliter,C8H8ClN5,Cn1cc(-c2nncc(N)c2-c2cnn(C)c2)cn1,bis_addition_2,0.0 milligram,0.0 micromole,0 microliter,C12H13N7,C1=C(C(=C(N=N1)Cl)Cl)N.CC1(C)OB(C2=CN(C)N=C2)OC1(C)C>>Cn1cc(-c2c(N)cnnc2Cl)cn1.Cn1cc(-c2nncc(N)c2Cl)cn1.Cn1cc(-c2nncc(N)c2-c2cnn(C)c2)cn1.Nc1cnnc(Cl)c1.Nc1cnncc1Cl.Cn1cccn1,004_RLN-NB-2443_011_H21,,,Nc1cnnc(Cl)c1,dehalogenation_0,0.0 milligram,0.0 micromole,0 microliter,C4H4ClN3,Nc1cnncc1Cl,dehalogenation_1,0.0 milligram,0.0 micromole,0 microliter,C4H4ClN3,Cn1cccn1,deborylation_0,0.0 milligram,0.0 micromole,0 microliter,C4H6N2,6/9/2023 3:33:34 PM,004_rln-nb-2443_011_h21.raw,2min_150_1200.EXP,004_RLN-NB-2443_011_H21,004_RLN-NB-2443_011_H21,Rxn_Opt_HSST3_2_98,Analog,0.18453734715829917,0,0.9236098440428673,2.9629701381909515,0.9976,5.005002284174918,0.736,0.9236098440428673,0.9976,0,False,255.12324344792,1.25,bis_addition_2,0,0,0,0,0,205.3165918228119,16.056208587680988,5.005002284174918,195,0.736,0,0,0,0,0,21.25494690303059,2.962970138190951,0.9236098440428673,209,0.9976,0,0,0,0,0,0,0,0,0,0,0,0,0,0,0,0,0,0,0,0,0,0,0,0,0,0,0,0,0,0,0,0,0,0,0,0,0,0,0,0,0,0,0,0,0,73.7741069582009,6.294815263602708,1.9622045018126584,165.8,0.781,0,0,0,0,0,0,0,0,0,0,0,0,0,0,0,0,0,0,0,0,21.25494690303059,2.962970138190951,0.9236098440428673,209.0,0.9976,21.25494690303059,2.962970138190951,0.9236098440428673,209.0,0.9976,0.0,0.0,0.0,0.0,0.0,0.0,0.0,0.0,0.0,7.381493886331967e-05,18.453734715829917,0.0,0.0,7.381493886331967e-05,18.453734715829917,0.0,0.0,0.0,0.0,0.0,0.0,0.0,0.0,0.0,0.0,0.0,0.0,0.0,0.0,0.0,0.0,0.00015681946903535774,39.204867258839435,7.381493886331967e-05,18.453734715829917,0.0,0.0,0.0,0.0,0.0,0.0,0.0,0.0,0.0,0.0
189,H22,COC1=CC=C(C(P(C(C)(C)C)C(C)(C)C)=C1C2=C(C=C(C=C2C(C)C)C(C)C)C(C)C)OC.NC3=C(C=CC=C3)C4=C(C=CC=C4)[Pd]OS(C)(=O)=O,tBuBrettPhos Pd G3,0.06835544000000003 milligram,0.08000000000000002 micromole,0.06835544000000005 microliter,C44H62NO5PPdS,C1=C(C(=C(N=N1)Cl)Cl)N,"5,6-dichloropyridazin-4-amine",0.06559799999999999 milligram,0.4 micromole,0.065598 microliter,C4H3Cl2N3,CC1(C)OB(C2=CC3=C(NC=C3)C=C2)OC1(C)C,"5-(tetramethyl-1,3,2-dioxaborolan-2-yl)-1H-indole",0.11669520000000001 milligram,0.48000000000000004 micromole,0.11669520000000004 microliter,C14H18BNO2,[Na+].[Na+].[O-]C([O-])=O,Na2CO3,0.31796399999999997 milligram,3.0 micromole,0.317964 microliter,CNa2O3,CN1C=NC2=C1C(=O)N(C(=O)N2C)C,caffeine,0.0776764 milligram,0.4 micromole,0.07767640000000002 microliter,C8H10N4O2,C1COCCO1,dioxane,16.2225 milligram,184.12480421310696 micromole,15.75 microliter,C4H8O2,O,water,1.75 milligram,97.1412711629198 micromole,1.75 microliter,H2O,Nc1cnnc(Cl)c1-c1ccc2[nH]ccc2c1,suzuki_product_0,0.0 milligram,0.0 micromole,0 microliter,C12H9ClN4,Nc1cnnc(-c2ccc3[nH]ccc3c2)c1Cl,suzuki_product_1,0.0 milligram,0.0 micromole,0 microliter,C12H9ClN4,Nc1cnnc(-c2ccc3[nH]ccc3c2)c1-c1ccc2[nH]ccc2c1,bis_addition_2,0.0 milligram,0.0 micromole,0 microliter,C20H15N5,C1=C(C(=C(N=N1)Cl)Cl)N.CC1(C)OB(C2=CC3=C(NC=C3)C=C2)OC1(C)C>>Nc1cnnc(Cl)c1-c1ccc2[nH]ccc2c1.Nc1cnnc(-c2ccc3[nH]ccc3c2)c1Cl.Nc1cnnc(-c2ccc3[nH]ccc3c2)c1-c1ccc2[nH]ccc2c1.Nc1cnnc(Cl)c1.Nc1cnncc1Cl.c1ccc2[nH]ccc2c1,004_RLN-NB-2443_011_H22,,,Nc1cnnc(Cl)c1,dehalogenation_0,0.0 milligram,0.0 micromole,0 microliter,C4H4ClN3,Nc1cnncc1Cl,dehalogenation_1,0.0 milligram,0.0 micromole,0 microliter,C4H4ClN3,c1ccc2[nH]ccc2c1,deborylation_0,0.0 milligram,0.0 micromole,0 microliter,C8H7N,6/9/2023 3:36:01 PM,004_rln-nb-2443_011_h22.raw,2min_150_1200.EXP,004_RLN-NB-2443_011_H22,004_RLN-NB-2443_011_H22,Rxn_Opt_HSST3_2_98,Analog,0,0,0,0,0,4.972808593738884,0.736,0,0,0,False,325.1327455032,1.25,bis_addition_2,0,0,0,0,0,179.10670321227363,6.470738169898538,4.972808593738884,195,0.736,0,0,0,0,0,0,0,0,0,0,0,0,0,0,0,0,0,0,0,0,0,0,0,0,0,0,0,0,0,0,0,0,0,0,0,0,0,0,0,0,0,0,0,0,0,0,0,0,0,0,0,0,0,0,0,0,0,0,0,0,0,0,0,0,0,0,0,0,0,0,0,0,0,0,0,0,0,0,0,0,0.0,0.0,0.0,0.0,0.0,0.0,0.0,0.0,0.0,0.0,0.0,0.0,0.0,0.0,0.0,0.0,0.0,0.0,0.0,0.0,0.0,0.0,0.0,0.0,0.0,0.0,0.0,0.0,0.0,0.0,0.0,0.0,0.0,0.0,0.0,0.0,0.0,0.0,0.0,0.0,0.0,0.0,0.0,0.0,0.0,0.0,0.0,0.0,0.0,0.0,0.0,0.0,0.0,0.0,0.0
190,H23,COC1=CC=C(C(P(C(C)(C)C)C(C)(C)C)=C1C2=C(C=C(C=C2C(C)C)C(C)C)C(C)C)OC.NC3=C(C=CC=C3)C4=C(C=CC=C4)[Pd]OS(C)(=O)=O,tBuBrettPhos Pd G3,0.06835544000000003 milligram,0.08000000000000002 micromole,0.06835544000000005 microliter,C44H62NO5PPdS,C1=C(C(=C(N=N1)Cl)Cl)N,"5,6-dichloropyridazin-4-amine",0.06559799999999999 milligram,0.4 micromole,0.065598 microliter,C4H3Cl2N3,O=[N+](C1=CC=CC=C1B2OC(C)(C)C(C)(C)O2)[O-],"4,4,5,5-tetramethyl-2-(2-nitrophenyl)-1,3,2-dioxaborolane",0.11955599999999997 milligram,0.48000000000000004 micromole,0.119556 microliter,C12H16BNO4,[Na+].[Na+].[O-]C([O-])=O,Na2CO3,0.31796399999999997 milligram,3.0 micromole,0.317964 microliter,CNa2O3,CN1C=NC2=C1C(=O)N(C(=O)N2C)C,caffeine,0.0776764 milligram,0.4 micromole,0.07767640000000002 microliter,C8H10N4O2,C1COCCO1,dioxane,16.2225 milligram,184.12480421310696 micromole,15.75 microliter,C4H8O2,O,water,1.75 milligram,97.1412711629198 micromole,1.75 microliter,H2O,Nc1cnnc(Cl)c1-c1ccccc1[N+](=O)[O-],suzuki_product_0,0.0 milligram,0.0 micromole,0 microliter,C10H7ClN4O2,Nc1cnnc(-c2ccccc2[N+](=O)[O-])c1Cl,suzuki_product_1,0.0 milligram,0.0 micromole,0 microliter,C10H7ClN4O2,Nc1cnnc(-c2ccccc2[N+](=O)[O-])c1-c1ccccc1[N+](=O)[O-],bis_addition_3,0.0 milligram,0.0 micromole,0 microliter,C16H11N5O4,C1=C(C(=C(N=N1)Cl)Cl)N.O=[N+](C1=CC=CC=C1B2OC(C)(C)C(C)(C)O2)[O-]>>Nc1cnnc(Cl)c1-c1ccccc1[N+](=O)[O-].Nc1cnnc(-c2ccccc2[N+](=O)[O-])c1Cl.Nc1cnnc(-c2ccccc2[N+](=O)[O-])c1-c1ccccc1[N+](=O)[O-].Nc1cnnc(Cl)c1.Nc1cnncc1Cl.O=[N+]([O-])c1ccccc1,004_RLN-NB-2443_011_H23,,,Nc1cnnc(Cl)c1,dehalogenation_0,0.0 milligram,0.0 micromole,0 microliter,C4H4ClN3,Nc1cnncc1Cl,dehalogenation_1,0.0 milligram,0.0 micromole,0 microliter,C4H4ClN3,O=[N+]([O-])c1ccccc1,deborylation_0,0.0 milligram,0.0 micromole,0 microliter,C6H5NO2,6/9/2023 3:38:28 PM,004_rln-nb-2443_011_h23.raw,2min_150_1200.EXP,004_RLN-NB-2443_011_H23,004_RLN-NB-2443_011_H23,Rxn_Opt_HSST3_2_98,Analog,0,0,0,0,0,3.7195372844618277,0.736,1.0669951009843557,0.7793,0,False,337.0811038532,1.25,bis_addition_4,0,0,0,0,0,158.3263313408875,8.60425338177982,3.7195372844618277,194.9,0.736,0,0,0,0,0,0,0,0,0,0,0,0,0,0,0,0,0,0,0,0,0,0,0,0,0,0,0,0,0,0,0,0,0,0,0,0,0,0,0,0,0,0,0,0,0,0,0,0,0,0,0,0,0,0,0,40.99356488228978,2.4682361013933156,1.0669951009843557,163.7,0.7793,0,0,0,0,0,0,0,0,0,0,0,0,0,0,0,0,0,0,0,0,0.0,0.0,0.0,0.0,0.0,0.0,0.0,0.0,0.0,0.0,0.0,0.0,0.0,0.0,0.0,0.0,0.0,0.0,0.0,0.0,0.0,0.0,0.0,0.0,0.0,0.0,0.0,0.0,0.0,0.0,0.0,0.0,0.0,0.0,0.0,0.0,0.0,0.0,0.0,0.0,0.0,0.0001147449286707432,28.686232167685798,0.0,0.0,0.0,0.0,0.0,0.0,0.0,0.0,0.0,0.0,0.0,0.0
191,H24,COC1=CC=C(C(P(C(C)(C)C)C(C)(C)C)=C1C2=C(C=C(C=C2C(C)C)C(C)C)C(C)C)OC.NC3=C(C=CC=C3)C4=C(C=CC=C4)[Pd]OS(C)(=O)=O,tBuBrettPhos Pd G3,0.06835544000000003 milligram,0.08000000000000002 micromole,0.06835544000000005 microliter,C44H62NO5PPdS,C1=C(C(=C(N=N1)Cl)Cl)N,"5,6-dichloropyridazin-4-amine",0.06559799999999999 milligram,0.4 micromole,0.065598 microliter,C4H3Cl2N3,O=C(O)C1=CC=CC(B2OC(C)(C)C(C)(C)O2)=C1,"3-(tetramethyl-1,3,2-dioxaborolan-2-yl)benzoic acid",0.11908175999999998 milligram,0.48000000000000004 micromole,0.11908176000000001 microliter,C13H17BO4,[Na+].[Na+].[O-]C([O-])=O,Na2CO3,0.31796399999999997 milligram,3.0 micromole,0.317964 microliter,CNa2O3,CN1C=NC2=C1C(=O)N(C(=O)N2C)C,caffeine,0.0776764 milligram,0.4 micromole,0.07767640000000002 microliter,C8H10N4O2,C1COCCO1,dioxane,16.2225 milligram,184.12480421310696 micromole,15.75 microliter,C4H8O2,O,water,1.75 milligram,97.1412711629198 micromole,1.75 microliter,H2O,Nc1cnnc(Cl)c1-c1cccc(C(=O)O)c1,suzuki_product_0,0.0 milligram,0.0 micromole,0 microliter,C11H8ClN3O2,Nc1cnnc(-c2cccc(C(=O)O)c2)c1Cl,suzuki_product_1,0.0 milligram,0.0 micromole,0 microliter,C11H8ClN3O2,Nc1cnnc(-c2cccc(C(=O)O)c2)c1-c1cccc(C(=O)O)c1,bis_addition_2,0.0 milligram,0.0 micromole,0 microliter,C18H13N3O4,C1=C(C(=C(N=N1)Cl)Cl)N.O=C(O)C1=CC=CC(B2OC(C)(C)C(C)(C)O2)=C1>>Nc1cnnc(Cl)c1-c1cccc(C(=O)O)c1.Nc1cnnc(-c2cccc(C(=O)O)c2)c1Cl.Nc1cnnc(-c2cccc(C(=O)O)c2)c1-c1cccc(C(=O)O)c1.Nc1cnnc(Cl)c1.Nc1cnncc1Cl.O=C(O)c1ccccc1,004_RLN-NB-2443_011_H24,,,Nc1cnnc(Cl)c1,dehalogenation_0,0.0 milligram,0.0 micromole,0 microliter,C4H4ClN3,Nc1cnncc1Cl,dehalogenation_1,0.0 milligram,0.0 micromole,0 microliter,C4H4ClN3,O=C(O)c1ccccc1,deborylation_0,0.0 milligram,0.0 micromole,0 microliter,C7H6O2,6/9/2023 3:40:55 PM,004_rln-nb-2443_011_h24.raw,2min_150_1200.EXP,004_RLN-NB-2443_011_H24,004_RLN-NB-2443_011_H24,Rxn_Opt_HSST3_2_98,Analog,0,0,0,0,0,4.203517666425265,0.736,2.5897006215476663,0.7743,0,False,335.09060590848,1.25,bis_addition_4,0,0,0,0,0,172.32094927599744,8.930705740789174,4.203517666425265,194.9,0.736,0,0,0,0,0,0,0,0,0,0,0,0,0,0,0,0,0,0,0,0,0,0,0,0,0,0,0,0,0,0,0,0,0,0,0,0,0,0,0,0,0,0,0,0,0,0,0,0,0,0,0,0,0,0,0,84.83955681621156,5.502023791290334,2.5897006215476663,163.7,0.7743,0,0,0,0,0,0,0,0,0,0,0,0,0,0,0,0,0,0,0,0,0.0,0.0,0.0,0.0,0.0,0.0,0.0,0.0,0.0,0.0,0.0,0.0,0.0,0.0,0.0,0.0,0.0,0.0,0.0,0.0,0.0,0.0,0.0,0.0,0.0,0.0,0.0,0.0,0.0,0.0,0.0,0.0,0.0,0.0,0.0,0.0,0.0,0.0,0.0,0.0,0.0,0.0002464317580708528,61.60793951771319,0.0,0.0,0.0,0.0,0.0,0.0,0.0,0.0,0.0,0.0,0.0,0.0
192,I1,CC(C)C1=CC(C(C)C)=CC(C(C)C)=C1C2=C([P+](C3CCCCC3)([Pd-2]4(OS(C)(=O)=O)C(C=CC=C5)=C5C6=C([NH+]4C)C=CC=C6)C7CCCCC7)C=CC=C2,XPhos Pd G4,0.06883952 milligram,0.08000000000000002 micromole,0.06883952000000002 microliter,C47H64NO3PPdS,C1CON=C1C2=CC=C(C=C2)Br,"3-(4-bromophenyl)-4,5-dihydro-1,2-oxazole",0.0904292 milligram,0.4 micromole,0.09042920000000002 microliter,C9H8BrNO,B1(OC(C(O1)(C)C)(C)C)C2=CN(N=C2C)C,"1,3-dimethyl-4-(4,4,5,5-tetramethyl-1,3,2-dioxaborolan-2-yl)-1H-pyrazole",0.10660655999999999 milligram,0.48000000000000004 micromole,0.10660656000000002 microliter,C11H19BN2O2,[Na+].[Na+].[O-]C([O-])=O,Na2CO3,0.31796399999999997 milligram,3.0 micromole,0.317964 microliter,CNa2O3,CN1C=NC2=C1C(=O)N(C(=O)N2C)C,caffeine,0.0776764 milligram,0.4 micromole,0.07767640000000002 microliter,C8H10N4O2,C1COCCO1,dioxane,16.2225 milligram,184.12480421310696 micromole,15.75 microliter,C4H8O2,O,water,1.75 milligram,97.1412711629198 micromole,1.75 microliter,H2O,Cc1nn(C)cc1-c1ccc(C2=NOCC2)cc1,suzuki_product_0,0.0 milligram,0.0 micromole,0 microliter,C14H15N3O,c1ccc(C2=NOCC2)cc1,dehalogenation_0,0.0 milligram,0.0 micromole,0 microliter,C9H9NO,Cc1ccn(C)n1,deborylation_0,0.0 milligram,0.0 micromole,0 microliter,C5H8N2,C1CON=C1C2=CC=C(C=C2)Br.B1(OC(C(O1)(C)C)(C)C)C2=CN(N=C2C)C>>Cc1nn(C)cc1-c1ccc(C2=NOCC2)cc1.c1ccc(C2=NOCC2)cc1.Cc1ccn(C)n1,004_RLN-NB-2443_011_I1,,,,,,,,,,,,,,,,,,,,,6/9/2023 3:43:22 PM,004_rln-nb-2443_011_i1.raw,2min_150_1200.EXP,004_RLN-NB-2443_011_I1,004_RLN-NB-2443_011_I1_004_RLN-NB-2443_011_I1_004_,Rxn_Opt_HSST3_2_98,Analog,1.5174032164444236,0,8.444944940084632,14.860314132577674,1.026,5.565392803023584,0.736,0,0,0,False,96.06874826542,1.25,deborylation_0,0,0,0,0,0,205.58659545162263,9.793253349889646,5.565392803023584,195,0.736,0,0,0,0,0,0,0,0,0,0,0,0,0,0,0,0,0,0,0,0,0,0,0,0,0,0,0,0,0,0,0,0,0,0,0,0,0,0,0,0,0,0,0,0,0,0,0,0,0,0,0,0,0,0,0,0,0,0,0,0,0,0,0,0,0,0,0,0,0,0,0,0,0,0,0,0,0,0,0,0,264.45279806875095,14.860314132577674,8.444944940084632,242.0,1.026,0.0,0.0,0.0,0.0,0.0,0.0,0.0,0.0,0.0,0.0,0.0,0.0,0.0,0.0,0.0006069612865777695,151.74032164444236,0.0,0.0,0.0,0.0,0.0,0.0,0.0,0.0,0.0,0.0,0.0,0.0,0.0,0.0,0.0,0.0,0.0,0.0,0.0,0.0,0.0,0.0,0.0,0.0,0.0,0.0,0.0,0.0,0.0,0.0,0.0,0.0,0.0,0.0
193,I2,CC(C)C1=CC(C(C)C)=CC(C(C)C)=C1C2=C([P+](C3CCCCC3)([Pd-2]4(OS(C)(=O)=O)C(C=CC=C5)=C5C6=C([NH+]4C)C=CC=C6)C7CCCCC7)C=CC=C2,XPhos Pd G4,0.06883952 milligram,0.08000000000000002 micromole,0.06883952000000002 microliter,C47H64NO3PPdS,C1CON=C1C2=CC=C(C=C2)Br,"3-(4-bromophenyl)-4,5-dihydro-1,2-oxazole",0.0904292 milligram,0.4 micromole,0.09042920000000002 microliter,C9H8BrNO,B1(OC(C(O1)(C)C)(C)C)C2=CN=C(C=C2)C,"2-methyl-5-(4,4,5,5-tetramethyl-1,3,2-dioxaborolan-2-yl)pyridine",0.10516464 milligram,0.48000000000000004 micromole,0.10516464000000003 microliter,C12H18BNO2,[Na+].[Na+].[O-]C([O-])=O,Na2CO3,0.31796399999999997 milligram,3.0 micromole,0.317964 microliter,CNa2O3,CN1C=NC2=C1C(=O)N(C(=O)N2C)C,caffeine,0.0776764 milligram,0.4 micromole,0.07767640000000002 microliter,C8H10N4O2,C1COCCO1,dioxane,16.2225 milligram,184.12480421310696 micromole,15.75 microliter,C4H8O2,O,water,1.75 milligram,97.1412711629198 micromole,1.75 microliter,H2O,Cc1ccc(-c2ccc(C3=NOCC3)cc2)cn1,suzuki_product_0,0.0 milligram,0.0 micromole,0 microliter,C15H14N2O,c1ccc(C2=NOCC2)cc1,dehalogenation_0,0.0 milligram,0.0 micromole,0 microliter,C9H9NO,Cc1ccccn1,deborylation_0,0.0 milligram,0.0 micromole,0 microliter,C6H7N,C1CON=C1C2=CC=C(C=C2)Br.B1(OC(C(O1)(C)C)(C)C)C2=CN=C(C=C2)C>>Cc1ccc(-c2ccc(C3=NOCC3)cc2)cn1.c1ccc(C2=NOCC2)cc1.Cc1ccccn1,004_RLN-NB-2443_011_I2,,,,,,,,,,,,,,,,,,,,,6/9/2023 3:45:49 PM,004_rln-nb-2443_011_i2.raw,2min_150_1200.EXP,004_RLN-NB-2443_011_I2,004_RLN-NB-2443_011_I2_004_RLN-NB-2443_011_I2_004_RL,Rxn_Opt_HSST3_2_98,Analog,1.1883887752056852,0,6.004279821505773,12.764098457660994,0.776,5.052454168852746,0.7343,0,0,0,False,93.05784922892,1.25,deborylation_0,0,0,0,0,0,209.03740685619584,10.740675714857538,5.052454168852746,194.9,0.7343,0,0,0,0,0,0,0,0,0,0,0,0,0,0,0,0,0,0,0,0,0,0,0,0,0,0,0,0,0,0,0,0,0,0,0,0,0,0,0,0,0,0,0,0,0,0,0,0,0,0,0,0,0,0,0,0,0,0,0,0,0,0,0,0,0,0,0,0,0,0,0,0,0,0,0,0,0,0,0,0,194.78760869056518,12.764098457660996,6.004279821505773,238.9,0.776,0.0,0.0,0.0,0.0,0.0,0.0,0.0,0.0,0.0,0.0,0.0,0.0,0.0,0.0,0.0004753555100822741,118.83887752056852,0.0,0.0,0.0,0.0,0.0,0.0,0.0,0.0,0.0,0.0,0.0,0.0,0.0,0.0,0.0,0.0,0.0,0.0,0.0,0.0,0.0,0.0,0.0,0.0,0.0,0.0,0.0,0.0,0.0,0.0,0.0,0.0,0.0,0.0
194,I3,CC(C)C1=CC(C(C)C)=CC(C(C)C)=C1C2=C([P+](C3CCCCC3)([Pd-2]4(OS(C)(=O)=O)C(C=CC=C5)=C5C6=C([NH+]4C)C=CC=C6)C7CCCCC7)C=CC=C2,XPhos Pd G4,0.06883952 milligram,0.08000000000000002 micromole,0.06883952000000002 microliter,C47H64NO3PPdS,C1CON=C1C2=CC=C(C=C2)Br,"3-(4-bromophenyl)-4,5-dihydro-1,2-oxazole",0.0904292 milligram,0.4 micromole,0.09042920000000002 microliter,C9H8BrNO,CC1(C)OB(C2=CN(C)N=C2)OC1(C)C,"1-methyl-4-(tetramethyl-1,3,2-dioxaborolan-2-yl)-1H-pyrazole",0.09987359999999999 milligram,0.48000000000000004 micromole,0.09987360000000002 microliter,C10H17BN2O2,[Na+].[Na+].[O-]C([O-])=O,Na2CO3,0.31796399999999997 milligram,3.0 micromole,0.317964 microliter,CNa2O3,CN1C=NC2=C1C(=O)N(C(=O)N2C)C,caffeine,0.0776764 milligram,0.4 micromole,0.07767640000000002 microliter,C8H10N4O2,C1COCCO1,dioxane,16.2225 milligram,184.12480421310696 micromole,15.75 microliter,C4H8O2,O,water,1.75 milligram,97.1412711629198 micromole,1.75 microliter,H2O,Cn1cc(-c2ccc(C3=NOCC3)cc2)cn1,suzuki_product_0,0.0 milligram,0.0 micromole,0 microliter,C13H13N3O,c1ccc(C2=NOCC2)cc1,dehalogenation_0,0.0 milligram,0.0 micromole,0 microliter,C9H9NO,Cn1cccn1,deborylation_0,0.0 milligram,0.0 micromole,0 microliter,C4H6N2,C1CON=C1C2=CC=C(C=C2)Br.CC1(C)OB(C2=CN(C)N=C2)OC1(C)C>>Cn1cc(-c2ccc(C3=NOCC3)cc2)cn1.c1ccc(C2=NOCC2)cc1.Cn1cccn1,004_RLN-NB-2443_011_I3,,,,,,,,,,,,,,,,,,,,,6/9/2023 3:48:16 PM,004_rln-nb-2443_011_i3.raw,2min_150_1200.EXP,004_RLN-NB-2443_011_I3,004_RLN-NB-2443_011_I3_004_RLN-NB-2443_011_I3_004_,Rxn_Opt_HSST3_2_98,Analog,1.9663946538229728,0,9.446362400578769,1.9159040383067867,1.0643,4.803899554046077,0.736,0,0,0,False,82.05309820128,1.25,deborylation_0,0,0,0,0,0,179.8924696899975,11.405929169645407,4.803899554046077,194.9,0.736,0,0,0,0,0,0,0,0,0,0,0,0,0,0,0,0,0,0,0,0,0,0,0,0,0,0,0,0,0,0,0,0,0,0,0,0,0,0,0,0,0,0,0,0,0,0,0,0,0,0,0,0,0,0,0,0,0,0,0,0,0,0,0,0,0,0,0,0,0,0,0,0,0,0,0,0,0,0,0,0,368.61245992265543,24.34446217938102,10.253294516176256,458.8,2.0603,0.0,0.0,0.0,0.0,0.0,0.0,0.0,0.0,0.0,0.0,0.0,0.0,0.0,0.0,0.000853747619060056,213.436904765014,0.0,0.0,0.0,0.0,0.0,0.0,0.0,0.0,0.0,0.0,0.0,0.0,0.0,0.0,0.0,0.0,0.0,0.0,0.0,0.0,0.0,0.0,0.0,0.0,0.0,0.0,0.0,0.0,0.0,0.0,0.0,0.0,0.0,0.0
195,I4,CC(C)C1=CC(C(C)C)=CC(C(C)C)=C1C2=C([P+](C3CCCCC3)([Pd-2]4(OS(C)(=O)=O)C(C=CC=C5)=C5C6=C([NH+]4C)C=CC=C6)C7CCCCC7)C=CC=C2,XPhos Pd G4,0.06883952 milligram,0.08000000000000002 micromole,0.06883952000000002 microliter,C47H64NO3PPdS,C1CON=C1C2=CC=C(C=C2)Br,"3-(4-bromophenyl)-4,5-dihydro-1,2-oxazole",0.0904292 milligram,0.4 micromole,0.09042920000000002 microliter,C9H8BrNO,CC1(C)OB(C2=CC3=C(NC=C3)C=C2)OC1(C)C,"5-(tetramethyl-1,3,2-dioxaborolan-2-yl)-1H-indole",0.11669520000000001 milligram,0.48000000000000004 micromole,0.11669520000000004 microliter,C14H18BNO2,[Na+].[Na+].[O-]C([O-])=O,Na2CO3,0.31796399999999997 milligram,3.0 micromole,0.317964 microliter,CNa2O3,CN1C=NC2=C1C(=O)N(C(=O)N2C)C,caffeine,0.0776764 milligram,0.4 micromole,0.07767640000000002 microliter,C8H10N4O2,C1COCCO1,dioxane,16.2225 milligram,184.12480421310696 micromole,15.75 microliter,C4H8O2,O,water,1.75 milligram,97.1412711629198 micromole,1.75 microliter,H2O,c1cc2cc(-c3ccc(C4=NOCC4)cc3)ccc2[nH]1,suzuki_product_0,0.0 milligram,0.0 micromole,0 microliter,C17H14N2O,c1ccc(C2=NOCC2)cc1,dehalogenation_0,0.0 milligram,0.0 micromole,0 microliter,C9H9NO,c1ccc2[nH]ccc2c1,deborylation_0,0.0 milligram,0.0 micromole,0 microliter,C8H7N,C1CON=C1C2=CC=C(C=C2)Br.CC1(C)OB(C2=CC3=C(NC=C3)C=C2)OC1(C)C>>c1cc2cc(-c3ccc(C4=NOCC4)cc3)ccc2[nH]1.c1ccc(C2=NOCC2)cc1.c1ccc2[nH]ccc2c1,004_RLN-NB-2443_011_I4,,,,,,,,,,,,,,,,,,,,,6/9/2023 3:50:43 PM,004_rln-nb-2443_011_i4.raw,2min_150_1200.EXP,004_RLN-NB-2443_011_I4,004_RLN-NB-2443_011_I4_004_RLN-NB-2443_011_I4_004_RL,Rxn_Opt_HSST3_2_98,Analog,0,0,0,0,0,5.11264555613379,0.736,0,0,0,False,117.05784922892,1.25,deborylation_0,0,0,0,0,0,197.6645980401258,11.24351158763141,5.11264555613379,194.9,0.736,0,0,0,0,0,0,0,0,0,0,64.23272367674072,2.881322269327173,1.3101938287919008,244,1.2726,0,0,0,0,0,0,0,0,0,0,0,0,0,0,0,0,0,0,0,0,0,0,0,0,0,0,0,0,0,0,0,0,0,0,0,0,0,0,0,0,0,0,0,0,0,0,0,0,0,0,0,0,0,0,0,0,0,0,0,0,0,0,0,0,0,0.0,0.0,0.0,0.0,0.0,0.0,0.0,0.0,0.0,0.0,0.0,0.0,0.0,0.0,0.0,0.0,0.0,0.0,0.0,0.0,0.0,0.0,0.0,0.0,0.0,0.00010250613420443535,25.62653355110884,0.0,0.0,0.0,0.0,0.0,0.0,0.0,0.0,0.0,0.0,0.0,0.0,0.0,0.0,0.0,0.0,0.0,0.0,0.0,0.0,0.0,0.0,0.0,0.0,0.0,0.0,0.0,0.0
196,I5,CC(C)C1=CC(C(C)C)=CC(C(C)C)=C1C2=C([P+](C3CCCCC3)([Pd-2]4(OS(C)(=O)=O)C(C=CC=C5)=C5C6=C([NH+]4C)C=CC=C6)C7CCCCC7)C=CC=C2,XPhos Pd G4,0.06883952 milligram,0.08000000000000002 micromole,0.06883952000000002 microliter,C47H64NO3PPdS,C1CON=C1C2=CC=C(C=C2)Br,"3-(4-bromophenyl)-4,5-dihydro-1,2-oxazole",0.0904292 milligram,0.4 micromole,0.09042920000000002 microliter,C9H8BrNO,O=[N+](C1=CC=CC=C1B2OC(C)(C)C(C)(C)O2)[O-],"4,4,5,5-tetramethyl-2-(2-nitrophenyl)-1,3,2-dioxaborolane",0.11955599999999997 milligram,0.48000000000000004 micromole,0.119556 microliter,C12H16BNO4,[Na+].[Na+].[O-]C([O-])=O,Na2CO3,0.31796399999999997 milligram,3.0 micromole,0.317964 microliter,CNa2O3,CN1C=NC2=C1C(=O)N(C(=O)N2C)C,caffeine,0.0776764 milligram,0.4 micromole,0.07767640000000002 microliter,C8H10N4O2,C1COCCO1,dioxane,16.2225 milligram,184.12480421310696 micromole,15.75 microliter,C4H8O2,O,water,1.75 milligram,97.1412711629198 micromole,1.75 microliter,H2O,O=[N+]([O-])c1ccccc1-c1ccc(C2=NOCC2)cc1,suzuki_product_0,0.0 milligram,0.0 micromole,0 microliter,C15H12N2O3,c1ccc(C2=NOCC2)cc1,dehalogenation_0,0.0 milligram,0.0 micromole,0 microliter,C9H9NO,O=[N+]([O-])c1ccccc1,deborylation_0,0.0 milligram,0.0 micromole,0 microliter,C6H5NO2,C1CON=C1C2=CC=C(C=C2)Br.O=[N+](C1=CC=CC=C1B2OC(C)(C)C(C)(C)O2)[O-]>>O=[N+]([O-])c1ccccc1-c1ccc(C2=NOCC2)cc1.c1ccc(C2=NOCC2)cc1.O=[N+]([O-])c1ccccc1,004_RLN-NB-2443_011_I5,,,,,,,,,,,,,,,,,,,,,6/9/2023 3:53:10 PM,004_rln-nb-2443_011_i5.raw,2min_150_1200.EXP,004_RLN-NB-2443_011_I5,004_RLN-NB-2443_011_I5_004_RLN-NB-2443_011_I5_004,Rxn_Opt_HSST3_2_98,Analog,2.446680915074569,0,12.083125780228006,30.484429060755584,1.2176,4.938578506817567,0.736,0,0,0,False,123.03202840392001,1.25,deborylation_0,0,0,0,0,0,195.34462637173766,12.459503351227342,4.938578506817567,195,0.736,0,0,0,0,0,0,0,0,0,0,0,0,0,0,0,0,0,0,0,0,0,0,0,0,0,0,0,0,0,0,0,0,0,0,0,0,0,0,0,0,0,0,0,0,0,0,0,0,0,0,0,0,0,0,0,0,0,0,0,0,0,0,0,0,0,0,0,0,0,0,0,0,0,0,0,0,0,0,0,0,401.99898784527505,30.48442906075558,12.083125780228006,268.9,1.2176,0.0,0.0,0.0,0.0,0.0,0.0,0.0,0.0,0.0,0.0,0.0,0.0,0.0,0.0,0.0009786723660298276,244.66809150745686,0.0,0.0,0.0,0.0,0.0,0.0,0.0,0.0,0.0,0.0,0.0,0.0,0.0,0.0,0.0,0.0,0.0,0.0,0.0,0.0,0.0,0.0,0.0,0.0,0.0,0.0,0.0,0.0,0.0,0.0,0.0,0.0,0.0,0.0
197,I6,CC(C)C1=CC(C(C)C)=CC(C(C)C)=C1C2=C([P+](C3CCCCC3)([Pd-2]4(OS(C)(=O)=O)C(C=CC=C5)=C5C6=C([NH+]4C)C=CC=C6)C7CCCCC7)C=CC=C2,XPhos Pd G4,0.06883952 milligram,0.08000000000000002 micromole,0.06883952000000002 microliter,C47H64NO3PPdS,C1CON=C1C2=CC=C(C=C2)Br,"3-(4-bromophenyl)-4,5-dihydro-1,2-oxazole",0.0904292 milligram,0.4 micromole,0.09042920000000002 microliter,C9H8BrNO,O=C(O)C1=CC=CC(B2OC(C)(C)C(C)(C)O2)=C1,"3-(tetramethyl-1,3,2-dioxaborolan-2-yl)benzoic acid",0.11908175999999998 milligram,0.48000000000000004 micromole,0.11908176000000001 microliter,C13H17BO4,[Na+].[Na+].[O-]C([O-])=O,Na2CO3,0.31796399999999997 milligram,3.0 micromole,0.317964 microliter,CNa2O3,CN1C=NC2=C1C(=O)N(C(=O)N2C)C,caffeine,0.0776764 milligram,0.4 micromole,0.07767640000000002 microliter,C8H10N4O2,C1COCCO1,dioxane,16.2225 milligram,184.12480421310696 micromole,15.75 microliter,C4H8O2,O,water,1.75 milligram,97.1412711629198 micromole,1.75 microliter,H2O,O=C(O)c1cccc(-c2ccc(C3=NOCC3)cc2)c1,suzuki_product_0,0.0 milligram,0.0 micromole,0 microliter,C16H13NO3,c1ccc(C2=NOCC2)cc1,dehalogenation_0,0.0 milligram,0.0 micromole,0 microliter,C9H9NO,O=C(O)c1ccccc1,deborylation_0,0.0 milligram,0.0 micromole,0 microliter,C7H6O2,C1CON=C1C2=CC=C(C=C2)Br.O=C(O)C1=CC=CC(B2OC(C)(C)C(C)(C)O2)=C1>>O=C(O)c1cccc(-c2ccc(C3=NOCC3)cc2)c1.c1ccc(C2=NOCC2)cc1.O=C(O)c1ccccc1,004_RLN-NB-2443_011_I6,,,,,,,,,,,,,,,,,,,,,6/9/2023 3:55:36 PM,004_rln-nb-2443_011_i6.raw,2min_150_1200.EXP,004_RLN-NB-2443_011_I6,004_RLN-NB-2443_011_I6_004_RLN-NB-2443_011_I6_004_RL,Rxn_Opt_HSST3_2_98,Analog,1.4427919767042774,0,7.442826084799516,17.475452446795178,1.0893,5.158627303848002,0.736,0,0,0,False,122.03677943156,1.25,deborylation_0,0,0,0,0,0,213.5524319045019,12.112246761112287,5.158627303848002,194.9,0.736,0,0,0,0,0,0,0,0,0,0,0,0,0,0,0,0,0,0,0,0,0,0,0,0,0,0,0,0,0,0,0,0,0,0,0,0,0,0,0,0,0,0,0,0,0,0,0,0,0,0,0,0,0,0,0,0,0,0,0,0,0,0,0,0,0,0,0,0,0,0,0,0,0,0,0,0,0,0,0,0,254.90110200326583,17.475452446795178,7.442826084799516,267.8,1.0893,0.0,0.0,0.0,0.0,0.0,0.0,0.0,0.0,0.0,0.0,0.0,0.0,0.0,0.0,0.000577116790681711,144.27919767042775,0.0,0.0,0.0,0.0,0.0,0.0,0.0,0.0,0.0,0.0,0.0,0.0,0.0,0.0,0.0,0.0,0.0,0.0,0.0,0.0,0.0,0.0,0.0,0.0,0.0,0.0,0.0,0.0,0.0,0.0,0.0,0.0,0.0,0.0
198,I7,NC1=C(C=CC=C1)C2=C([Pd]OS(C)(=O)=O)C=CC=C2.CN(C)C3=CC=C(C=C3)P(C(C)(C)C)C(C)(C)C,APhos Pd G3,0.050809520000000004 milligram,0.08000000000000002 micromole,0.05080952000000002 microliter,C29H41N2O3PPdS,C1CON=C1C2=CC=C(C=C2)Br,"3-(4-bromophenyl)-4,5-dihydro-1,2-oxazole",0.0904292 milligram,0.4 micromole,0.09042920000000002 microliter,C9H8BrNO,B1(OC(C(O1)(C)C)(C)C)C2=CN(N=C2C)C,"1,3-dimethyl-4-(4,4,5,5-tetramethyl-1,3,2-dioxaborolan-2-yl)-1H-pyrazole",0.10660655999999999 milligram,0.48000000000000004 micromole,0.10660656000000002 microliter,C11H19BN2O2,[Na+].[Na+].[O-]C([O-])=O,Na2CO3,0.31796399999999997 milligram,3.0 micromole,0.317964 microliter,CNa2O3,CN1C=NC2=C1C(=O)N(C(=O)N2C)C,caffeine,0.0776764 milligram,0.4 micromole,0.07767640000000002 microliter,C8H10N4O2,C1COCCO1,dioxane,16.2225 milligram,184.12480421310696 micromole,15.75 microliter,C4H8O2,O,water,1.75 milligram,97.1412711629198 micromole,1.75 microliter,H2O,Cc1nn(C)cc1-c1ccc(C2=NOCC2)cc1,suzuki_product_0,0.0 milligram,0.0 micromole,0 microliter,C14H15N3O,c1ccc(C2=NOCC2)cc1,dehalogenation_0,0.0 milligram,0.0 micromole,0 microliter,C9H9NO,Cc1ccn(C)n1,deborylation_0,0.0 milligram,0.0 micromole,0 microliter,C5H8N2,C1CON=C1C2=CC=C(C=C2)Br.B1(OC(C(O1)(C)C)(C)C)C2=CN(N=C2C)C>>Cc1nn(C)cc1-c1ccc(C2=NOCC2)cc1.c1ccc(C2=NOCC2)cc1.Cc1ccn(C)n1,004_RLN-NB-2443_011_I7,,,,,,,,,,,,,,,,,,,,,6/9/2023 3:58:03 PM,004_rln-nb-2443_011_i7.raw,2min_150_1200.EXP,004_RLN-NB-2443_011_I7,004_RLN-NB-2443_011_I7_004_RLN-NB-2443_011_I7_004,Rxn_Opt_HSST3_2_98,Analog,1.7394153446827296,0,8.534073053398487,25.183313210043075,1.0243,4.9062882419006755,0.736,0,0,0,False,96.06874826542,1.25,deborylation_0,0,0,0,0,0,188.09559460765988,14.478033258144297,4.9062882419006755,195,0.736,0,0,0,0,0,0,0,0,0,0,0,0,0,0,0,0,0,0,0,0,0,0,0,0,0,0,0,0,0,0,0,0,0,0,0,0,0,0,0,0,0,0,0,0,0,0,0,0,0,0,0,0,0,0,0,0,0,0,0,0,0,0,0,0,0,0,0,0,0,0,0,0,0,0,0,0,0,0,0,0,276.0647616258156,25.183313210043078,8.534073053398487,241.9,1.0243,0.0,0.0,0.0,0.0,0.0,0.0,0.0,0.0,0.0,0.0,0.0,0.0,0.0,0.0,0.0006957661378730919,173.94153446827295,0.0,0.0,0.0,0.0,0.0,0.0,0.0,0.0,0.0,0.0,0.0,0.0,0.0,0.0,0.0,0.0,0.0,0.0,0.0,0.0,0.0,0.0,0.0,0.0,0.0,0.0,0.0,0.0,0.0,0.0,0.0,0.0,0.0,0.0
199,I8,NC1=C(C=CC=C1)C2=C([Pd]OS(C)(=O)=O)C=CC=C2.CN(C)C3=CC=C(C=C3)P(C(C)(C)C)C(C)(C)C,APhos Pd G3,0.050809520000000004 milligram,0.08000000000000002 micromole,0.05080952000000002 microliter,C29H41N2O3PPdS,C1CON=C1C2=CC=C(C=C2)Br,"3-(4-bromophenyl)-4,5-dihydro-1,2-oxazole",0.0904292 milligram,0.4 micromole,0.09042920000000002 microliter,C9H8BrNO,B1(OC(C(O1)(C)C)(C)C)C2=CN=C(C=C2)C,"2-methyl-5-(4,4,5,5-tetramethyl-1,3,2-dioxaborolan-2-yl)pyridine",0.10516464 milligram,0.48000000000000004 micromole,0.10516464000000003 microliter,C12H18BNO2,[Na+].[Na+].[O-]C([O-])=O,Na2CO3,0.31796399999999997 milligram,3.0 micromole,0.317964 microliter,CNa2O3,CN1C=NC2=C1C(=O)N(C(=O)N2C)C,caffeine,0.0776764 milligram,0.4 micromole,0.07767640000000002 microliter,C8H10N4O2,C1COCCO1,dioxane,16.2225 milligram,184.12480421310696 micromole,15.75 microliter,C4H8O2,O,water,1.75 milligram,97.1412711629198 micromole,1.75 microliter,H2O,Cc1ccc(-c2ccc(C3=NOCC3)cc2)cn1,suzuki_product_0,0.0 milligram,0.0 micromole,0 microliter,C15H14N2O,c1ccc(C2=NOCC2)cc1,dehalogenation_0,0.0 milligram,0.0 micromole,0 microliter,C9H9NO,Cc1ccccn1,deborylation_0,0.0 milligram,0.0 micromole,0 microliter,C6H7N,C1CON=C1C2=CC=C(C=C2)Br.B1(OC(C(O1)(C)C)(C)C)C2=CN=C(C=C2)C>>Cc1ccc(-c2ccc(C3=NOCC3)cc2)cn1.c1ccc(C2=NOCC2)cc1.Cc1ccccn1,004_RLN-NB-2443_011_I8,,,,,,,,,,,,,,,,,,,,,6/9/2023 4:00:30 PM,004_rln-nb-2443_011_i8.raw,2min_150_1200.EXP,004_RLN-NB-2443_011_I8,004_RLN-NB-2443_011_I8_004_RLN-NB-2443_011_I8_004_R,Rxn_Opt_HSST3_2_98,Analog,0.3421628580789978,0,1.625499832494669,7.4447812465375645,0.776,4.750661254177907,0.7326,0,0,0,False,93.05784922892,1.25,deborylation_0,0,0,0,0,0,189.86614773843667,21.758005203530097,4.750661254177907,194.9,0.7326,0,0,0,0,0,0,0,0,0,0,0,0,0,0,0,0,0,0,0,0,0,0,0,0,0,0,0,0,0,0,0,0,0,0,0,0,0,0,0,0,0,0,0,0,0,0,0,0,0,0,0,0,0,0,0,0,0,0,0,0,0,0,0,0,0,0,0,0,0,0,159.55779055185883,20.19770459871572,4.409983900770556,282,1.1693,0,0,0,0,0,65.59567460427836,7.4447812465375645,1.625499832494669,238.9,0.776,0.0,0.0,0.0,0.0,0.0,0.0,0.0,0.0,0.0,0.0,0.0,0.0,0.0,0.0,0.00013686514323159915,34.21628580789978,0.0,0.0,0.0,0.0,0.0,0.0,0.0,0.0,0.0,0.0,0.0,0.0,0.0,0.0,0.0,0.0,0.0,0.0,0.0,0.0,0.0,0.0,0.0,0.0,0.0,0.0,0.0,0.0,0.0,0.0,0.0003713153739928103,92.82884349820257,0.0,0.0
200,I9,NC1=C(C=CC=C1)C2=C([Pd]OS(C)(=O)=O)C=CC=C2.CN(C)C3=CC=C(C=C3)P(C(C)(C)C)C(C)(C)C,APhos Pd G3,0.050809520000000004 milligram,0.08000000000000002 micromole,0.05080952000000002 microliter,C29H41N2O3PPdS,C1CON=C1C2=CC=C(C=C2)Br,"3-(4-bromophenyl)-4,5-dihydro-1,2-oxazole",0.0904292 milligram,0.4 micromole,0.09042920000000002 microliter,C9H8BrNO,CC1(C)OB(C2=CN(C)N=C2)OC1(C)C,"1-methyl-4-(tetramethyl-1,3,2-dioxaborolan-2-yl)-1H-pyrazole",0.09987359999999999 milligram,0.48000000000000004 micromole,0.09987360000000002 microliter,C10H17BN2O2,[Na+].[Na+].[O-]C([O-])=O,Na2CO3,0.31796399999999997 milligram,3.0 micromole,0.317964 microliter,CNa2O3,CN1C=NC2=C1C(=O)N(C(=O)N2C)C,caffeine,0.0776764 milligram,0.4 micromole,0.07767640000000002 microliter,C8H10N4O2,C1COCCO1,dioxane,16.2225 milligram,184.12480421310696 micromole,15.75 microliter,C4H8O2,O,water,1.75 milligram,97.1412711629198 micromole,1.75 microliter,H2O,Cn1cc(-c2ccc(C3=NOCC3)cc2)cn1,suzuki_product_0,0.0 milligram,0.0 micromole,0 microliter,C13H13N3O,c1ccc(C2=NOCC2)cc1,dehalogenation_0,0.0 milligram,0.0 micromole,0 microliter,C9H9NO,Cn1cccn1,deborylation_0,0.0 milligram,0.0 micromole,0 microliter,C4H6N2,C1CON=C1C2=CC=C(C=C2)Br.CC1(C)OB(C2=CN(C)N=C2)OC1(C)C>>Cn1cc(-c2ccc(C3=NOCC3)cc2)cn1.c1ccc(C2=NOCC2)cc1.Cn1cccn1,004_RLN-NB-2443_011_I9,,,,,,,,,,,,,,,,,,,,,6/9/2023 4:02:57 PM,004_rln-nb-2443_011_i9.raw,2min_150_1200.EXP,004_RLN-NB-2443_011_I9,004_RLN-NB-2443_011_I9_004_RLN-NB-2443_011_I9_004,Rxn_Opt_HSST3_2_98,Analog,1.7103512899451425,0,8.78075882458315,27.477323131610255,0.9976,5.133892011660823,0.736,5.202659815151267,1.1726,0,False,82.05309820128,1.25,deborylation_0,0,0,0,0,0,203.15968440718686,16.065309678277586,5.133892011660823,195,0.736,0,0,0,0,0,0,0,0,0,0,0,0,0,0,0,0,0,0,0,0,0,0,0,0,0,0,0,0,0,0,0,0,0,0,0,0,0,0,0,0,0,0,0,0,0,0,0,0,0,0,0,0,0,0,0,0,0,0,0,0,0,0,0,0,0,0,0,0,0,0,190.77050142854378,16.28050237349977,5.202659815151267,282,1.1726,0,0,0,0,0,303.11600067547266,27.477323131610255,8.78075882458315,227.9,0.9976,0.0,0.0,0.0,0.0,0.0,0.0,0.0,0.0,0.0,0.0,0.0,0.0,0.0,0.0,0.000684140515978057,171.03512899451425,0.0,0.0,0.0,0.0,0.0,0.0,0.0,0.0,0.0,0.0,0.0,0.0,0.0,0.0,0.0,0.0,0.0,0.0,0.0,0.0,0.0,0.0,0.0,0.0,0.0,0.0,0.0,0.0,0.0,0.0,0.000405357947018305,101.33948675457624,0.0,0.0
201,I10,NC1=C(C=CC=C1)C2=C([Pd]OS(C)(=O)=O)C=CC=C2.CN(C)C3=CC=C(C=C3)P(C(C)(C)C)C(C)(C)C,APhos Pd G3,0.050809520000000004 milligram,0.08000000000000002 micromole,0.05080952000000002 microliter,C29H41N2O3PPdS,C1CON=C1C2=CC=C(C=C2)Br,"3-(4-bromophenyl)-4,5-dihydro-1,2-oxazole",0.0904292 milligram,0.4 micromole,0.09042920000000002 microliter,C9H8BrNO,CC1(C)OB(C2=CC3=C(NC=C3)C=C2)OC1(C)C,"5-(tetramethyl-1,3,2-dioxaborolan-2-yl)-1H-indole",0.11669520000000001 milligram,0.48000000000000004 micromole,0.11669520000000004 microliter,C14H18BNO2,[Na+].[Na+].[O-]C([O-])=O,Na2CO3,0.31796399999999997 milligram,3.0 micromole,0.317964 microliter,CNa2O3,CN1C=NC2=C1C(=O)N(C(=O)N2C)C,caffeine,0.0776764 milligram,0.4 micromole,0.07767640000000002 microliter,C8H10N4O2,C1COCCO1,dioxane,16.2225 milligram,184.12480421310696 micromole,15.75 microliter,C4H8O2,O,water,1.75 milligram,97.1412711629198 micromole,1.75 microliter,H2O,c1cc2cc(-c3ccc(C4=NOCC4)cc3)ccc2[nH]1,suzuki_product_0,0.0 milligram,0.0 micromole,0 microliter,C17H14N2O,c1ccc(C2=NOCC2)cc1,dehalogenation_0,0.0 milligram,0.0 micromole,0 microliter,C9H9NO,c1ccc2[nH]ccc2c1,deborylation_0,0.0 milligram,0.0 micromole,0 microliter,C8H7N,C1CON=C1C2=CC=C(C=C2)Br.CC1(C)OB(C2=CC3=C(NC=C3)C=C2)OC1(C)C>>c1cc2cc(-c3ccc(C4=NOCC4)cc3)ccc2[nH]1.c1ccc(C2=NOCC2)cc1.c1ccc2[nH]ccc2c1,004_RLN-NB-2443_011_I10,,,,,,,,,,,,,,,,,,,,,6/9/2023 4:05:24 PM,004_rln-nb-2443_011_i10.raw,2min_150_1200.EXP,004_RLN-NB-2443_011_I10,004_RLN-NB-2443_011_I10_004_RLN-NB-2443_011_I10_004,Rxn_Opt_HSST3_2_98,Analog,0.9767722142139984,0,4.585385690729057,23.84248012820592,1.196,4.694426831560604,0.736,1.8524497866978833,1.1726,0,False,117.05784922892,1.25,deborylation_0,0,0,0,0,0,188.26976966777588,24.409457784783314,4.694426831560604,195,0.736,0,0,0,0,0,0,0,0,0,0,0,0,0,0,0,0,0,0,0,0,0,0,0,0,0,0,0,0,0,0,0,0,0,0,0,0,0,0,0,0,0,0,0,0,0,0,0,0,0,0,0,0,0,0,0,0,0,0,0,0,0,0,0,0,0,0,0,0,0,0,92.78079210976348,9.6321226188546,1.8524497866978833,282.1,1.1726,0,0,0,0,0,163.2326497363586,23.84248012820592,4.585385690729057,282.1,1.196,0.0,0.0,0.0,0.0,0.0,0.0,0.0,0.0,0.0,0.0,0.0,0.0,0.0,0.0,0.0003907088856855994,97.67722142139984,0.0,0.0,0.0,0.0,0.0,0.0,0.0,0.0,0.0,0.0,0.0,0.0,0.0,0.0,0.0,0.0,0.0,0.0,0.0,0.0,0.0,0.0,0.0,0.0,0.0,0.0,0.0,0.0,0.0,0.0,0.00015784246751862223,39.46061687965556,0.0,0.0
202,I11,NC1=C(C=CC=C1)C2=C([Pd]OS(C)(=O)=O)C=CC=C2.CN(C)C3=CC=C(C=C3)P(C(C)(C)C)C(C)(C)C,APhos Pd G3,0.050809520000000004 milligram,0.08000000000000002 micromole,0.05080952000000002 microliter,C29H41N2O3PPdS,C1CON=C1C2=CC=C(C=C2)Br,"3-(4-bromophenyl)-4,5-dihydro-1,2-oxazole",0.0904292 milligram,0.4 micromole,0.09042920000000002 microliter,C9H8BrNO,O=[N+](C1=CC=CC=C1B2OC(C)(C)C(C)(C)O2)[O-],"4,4,5,5-tetramethyl-2-(2-nitrophenyl)-1,3,2-dioxaborolane",0.11955599999999997 milligram,0.48000000000000004 micromole,0.119556 microliter,C12H16BNO4,[Na+].[Na+].[O-]C([O-])=O,Na2CO3,0.31796399999999997 milligram,3.0 micromole,0.317964 microliter,CNa2O3,CN1C=NC2=C1C(=O)N(C(=O)N2C)C,caffeine,0.0776764 milligram,0.4 micromole,0.07767640000000002 microliter,C8H10N4O2,C1COCCO1,dioxane,16.2225 milligram,184.12480421310696 micromole,15.75 microliter,C4H8O2,O,water,1.75 milligram,97.1412711629198 micromole,1.75 microliter,H2O,O=[N+]([O-])c1ccccc1-c1ccc(C2=NOCC2)cc1,suzuki_product_0,0.0 milligram,0.0 micromole,0 microliter,C15H12N2O3,c1ccc(C2=NOCC2)cc1,dehalogenation_0,0.0 milligram,0.0 micromole,0 microliter,C9H9NO,O=[N+]([O-])c1ccccc1,deborylation_0,0.0 milligram,0.0 micromole,0 microliter,C6H5NO2,C1CON=C1C2=CC=C(C=C2)Br.O=[N+](C1=CC=CC=C1B2OC(C)(C)C(C)(C)O2)[O-]>>O=[N+]([O-])c1ccccc1-c1ccc(C2=NOCC2)cc1.c1ccc(C2=NOCC2)cc1.O=[N+]([O-])c1ccccc1,004_RLN-NB-2443_011_I11,,,,,,,,,,,,,,,,,,,,,6/9/2023 4:07:51 PM,004_rln-nb-2443_011_i11.raw,2min_150_1200.EXP,004_RLN-NB-2443_011_I11,004_RLN-NB-2443_011_I11_004_RLN-NB-2443_011_I11_,Rxn_Opt_HSST3_2_98,Analog,1.8993787569912322,0,9.320835495362232,34.92646052016498,1.2176,4.907307434630458,0.736,3.469632361757344,1.171,0,False,123.03202840392001,1.25,deborylation_0,0,0,0,0,0,192.29701157990894,18.38836008437374,4.907307434630458,194.9,0.736,0,0,0,0,0,0,0,0,0,0,0,0,0,0,0,0,0,0,0,0,0,0,0,0,0,0,0,0,0,0,0,0,0,0,0,0,0,0,0,0,0,0,0,0,0,0,0,0,0,0,0,0,0,0,0,0,0,0,0,0,0,0,0,0,0,0,0,0,0,0,133.5593840794771,13.001192625135502,3.469632361757344,282.1,1.171,0,0,0,0,0,306.04980402372433,34.92646052016499,9.320835495362232,269.0,1.2176,0.0,0.0,0.0,0.0,0.0,0.0,0.0,0.0,0.0,0.0,0.0,0.0,0.0,0.0,0.0007597515027964929,189.93787569912323,0.0,0.0,0.0,0.0,0.0,0.0,0.0,0.0,0.0,0.0,0.0,0.0,0.0,0.0,0.0,0.0,0.0,0.0,0.0,0.0,0.0,0.0,0.0,0.0,0.0,0.0,0.0,0.0,0.0,0.0,0.00028281353128784545,70.70338282196136,0.0,0.0
203,I12,NC1=C(C=CC=C1)C2=C([Pd]OS(C)(=O)=O)C=CC=C2.CN(C)C3=CC=C(C=C3)P(C(C)(C)C)C(C)(C)C,APhos Pd G3,0.050809520000000004 milligram,0.08000000000000002 micromole,0.05080952000000002 microliter,C29H41N2O3PPdS,C1CON=C1C2=CC=C(C=C2)Br,"3-(4-bromophenyl)-4,5-dihydro-1,2-oxazole",0.0904292 milligram,0.4 micromole,0.09042920000000002 microliter,C9H8BrNO,O=C(O)C1=CC=CC(B2OC(C)(C)C(C)(C)O2)=C1,"3-(tetramethyl-1,3,2-dioxaborolan-2-yl)benzoic acid",0.11908175999999998 milligram,0.48000000000000004 micromole,0.11908176000000001 microliter,C13H17BO4,[Na+].[Na+].[O-]C([O-])=O,Na2CO3,0.31796399999999997 milligram,3.0 micromole,0.317964 microliter,CNa2O3,CN1C=NC2=C1C(=O)N(C(=O)N2C)C,caffeine,0.0776764 milligram,0.4 micromole,0.07767640000000002 microliter,C8H10N4O2,C1COCCO1,dioxane,16.2225 milligram,184.12480421310696 micromole,15.75 microliter,C4H8O2,O,water,1.75 milligram,97.1412711629198 micromole,1.75 microliter,H2O,O=C(O)c1cccc(-c2ccc(C3=NOCC3)cc2)c1,suzuki_product_0,0.0 milligram,0.0 micromole,0 microliter,C16H13NO3,c1ccc(C2=NOCC2)cc1,dehalogenation_0,0.0 milligram,0.0 micromole,0 microliter,C9H9NO,O=C(O)c1ccccc1,deborylation_0,0.0 milligram,0.0 micromole,0 microliter,C7H6O2,C1CON=C1C2=CC=C(C=C2)Br.O=C(O)C1=CC=CC(B2OC(C)(C)C(C)(C)O2)=C1>>O=C(O)c1cccc(-c2ccc(C3=NOCC3)cc2)c1.c1ccc(C2=NOCC2)cc1.O=C(O)c1ccccc1,004_RLN-NB-2443_011_I12,,,,,,,,,,,,,,,,,,,,,6/9/2023 4:10:18 PM,004_rln-nb-2443_011_i12.raw,2min_150_1200.EXP,004_RLN-NB-2443_011_I12,004_RLN-NB-2443_011_I12_004_RLN-NB-2443_011_I12_004,Rxn_Opt_HSST3_2_98,Analog,1.1562826643218322,0,5.201458919690801,19.242637642570244,1.0893,4.498431983966043,0.736,2.837076723153799,1.171,0,False,122.03677943156,1.25,deborylation_0,0,0,0,0,0,191.16264706494533,16.64181106948982,4.498431983966043,194.9,0.736,0,0,0,0,0,0,0,0,0,0,0,0,0,0,0,0,0,0,0,0,0,0,0,0,0,0,0,0,0,0,0,0,0,0,0,0,0,0,0,0,0,0,0,0,0,0,0,0,0,0,0,0,0,0,0,0,0,0,0,0,0,0,0,0,0,0,0,0,0,0,85.4477967959376,10.495678268485563,2.837076723153799,282.1,1.171,0,0,0,0,0,160.53385912991885,19.242637642570244,5.201458919690801,268.0,1.0893,0.0,0.0,0.0,0.0,0.0,0.0,0.0,0.0,0.0,0.0,0.0,0.0,0.0,0.0,0.0004625130657287329,115.62826643218322,0.0,0.0,0.0,0.0,0.0,0.0,0.0,0.0,0.0,0.0,0.0,0.0,0.0,0.0,0.0,0.0,0.0,0.0,0.0,0.0,0.0,0.0,0.0,0.0,0.0,0.0,0.0,0.0,0.0,0.0,0.0002522725014641649,63.068125366041215,0.0,0.0
204,I13,[Fe].Cl[Pd]Cl.[CH]1[CH][CH][C]([CH]1)P(C2CCCCC2)C3CCCCC3.[CH]4[CH][CH][C]([CH]4)P(C5CCCCC5)C6CCCCC6,PdCl2(dcypf),0.06047272000000001 milligram,0.08000000000000002 micromole,0.06047272000000002 microliter,C34H52Cl2FeP2Pd,C1CON=C1C2=CC=C(C=C2)Br,"3-(4-bromophenyl)-4,5-dihydro-1,2-oxazole",0.0904292 milligram,0.4 micromole,0.09042920000000002 microliter,C9H8BrNO,B1(OC(C(O1)(C)C)(C)C)C2=CN(N=C2C)C,"1,3-dimethyl-4-(4,4,5,5-tetramethyl-1,3,2-dioxaborolan-2-yl)-1H-pyrazole",0.10660655999999999 milligram,0.48000000000000004 micromole,0.10660656000000002 microliter,C11H19BN2O2,[Na+].[Na+].[O-]C([O-])=O,Na2CO3,0.31796399999999997 milligram,3.0 micromole,0.317964 microliter,CNa2O3,CN1C=NC2=C1C(=O)N(C(=O)N2C)C,caffeine,0.0776764 milligram,0.4 micromole,0.07767640000000002 microliter,C8H10N4O2,C1COCCO1,dioxane,16.2225 milligram,184.12480421310696 micromole,15.75 microliter,C4H8O2,O,water,1.75 milligram,97.1412711629198 micromole,1.75 microliter,H2O,Cc1nn(C)cc1-c1ccc(C2=NOCC2)cc1,suzuki_product_0,0.0 milligram,0.0 micromole,0 microliter,C14H15N3O,c1ccc(C2=NOCC2)cc1,dehalogenation_0,0.0 milligram,0.0 micromole,0 microliter,C9H9NO,Cc1ccn(C)n1,deborylation_0,0.0 milligram,0.0 micromole,0 microliter,C5H8N2,C1CON=C1C2=CC=C(C=C2)Br.B1(OC(C(O1)(C)C)(C)C)C2=CN(N=C2C)C>>Cc1nn(C)cc1-c1ccc(C2=NOCC2)cc1.c1ccc(C2=NOCC2)cc1.Cc1ccn(C)n1,004_RLN-NB-2443_011_I13,,,,,,,,,,,,,,,,,,,,,6/9/2023 4:12:45 PM,004_rln-nb-2443_011_i13.raw,2min_150_1200.EXP,004_RLN-NB-2443_011_I13,004_RLN-NB-2443_011_I13_004_RLN-NB-2443_011_I13_,Rxn_Opt_HSST3_2_98,Analog,0.06369202271337823,0,0.340058553418035,4.306097442730725,1.021,5.339107456962694,0.736,0,0,0,False,96.06874826542,1.25,deborylation_0,0,0,0,0,0,204.76951873715913,67.60811259062508,5.339107456962694,195,0.736,0,0,0,0,0,0,0,0,0,0,0,0,0,0,0,0,0,0,0,0,0,0,0,0,0,0,0,0,0,0,0,0,0,0,0,0,0,0,0,0,0,0,0,0,0,0,0,0,0,0,0,0,0,0,0,0,0,0,0,0,0,0,0,0,0,0,0,0,0,0,0,0,0,0,0,0,0,0,0,0,14.191441588257572,4.306097442730725,0.340058553418035,242.1,1.021,0.0,0.0,0.0,0.0,0.0,0.0,0.0,0.0,0.0,0.0,0.0,0.0,0.0,0.0,2.5476809085351293e-05,6.369202271337823,0.0,0.0,0.0,0.0,0.0,0.0,0.0,0.0,0.0,0.0,0.0,0.0,0.0,0.0,0.0,0.0,0.0,0.0,0.0,0.0,0.0,0.0,0.0,0.0,0.0,0.0,0.0,0.0,0.0,0.0,0.0,0.0,0.0,0.0
205,I14,[Fe].Cl[Pd]Cl.[CH]1[CH][CH][C]([CH]1)P(C2CCCCC2)C3CCCCC3.[CH]4[CH][CH][C]([CH]4)P(C5CCCCC5)C6CCCCC6,PdCl2(dcypf),0.06047272000000001 milligram,0.08000000000000002 micromole,0.06047272000000002 microliter,C34H52Cl2FeP2Pd,C1CON=C1C2=CC=C(C=C2)Br,"3-(4-bromophenyl)-4,5-dihydro-1,2-oxazole",0.0904292 milligram,0.4 micromole,0.09042920000000002 microliter,C9H8BrNO,B1(OC(C(O1)(C)C)(C)C)C2=CN=C(C=C2)C,"2-methyl-5-(4,4,5,5-tetramethyl-1,3,2-dioxaborolan-2-yl)pyridine",0.10516464 milligram,0.48000000000000004 micromole,0.10516464000000003 microliter,C12H18BNO2,[Na+].[Na+].[O-]C([O-])=O,Na2CO3,0.31796399999999997 milligram,3.0 micromole,0.317964 microliter,CNa2O3,CN1C=NC2=C1C(=O)N(C(=O)N2C)C,caffeine,0.0776764 milligram,0.4 micromole,0.07767640000000002 microliter,C8H10N4O2,C1COCCO1,dioxane,16.2225 milligram,184.12480421310696 micromole,15.75 microliter,C4H8O2,O,water,1.75 milligram,97.1412711629198 micromole,1.75 microliter,H2O,Cc1ccc(-c2ccc(C3=NOCC3)cc2)cn1,suzuki_product_0,0.0 milligram,0.0 micromole,0 microliter,C15H14N2O,c1ccc(C2=NOCC2)cc1,dehalogenation_0,0.0 milligram,0.0 micromole,0 microliter,C9H9NO,Cc1ccccn1,deborylation_0,0.0 milligram,0.0 micromole,0 microliter,C6H7N,C1CON=C1C2=CC=C(C=C2)Br.B1(OC(C(O1)(C)C)(C)C)C2=CN=C(C=C2)C>>Cc1ccc(-c2ccc(C3=NOCC3)cc2)cn1.c1ccc(C2=NOCC2)cc1.Cc1ccccn1,004_RLN-NB-2443_011_I14,,,,,,,,,,,,,,,,,,,,,6/9/2023 4:15:12 PM,004_rln-nb-2443_011_i14.raw,2min_150_1200.EXP,004_RLN-NB-2443_011_I14,004_RLN-NB-2443_011_I14_004_RLN-NB-2443_011_I14_00,Rxn_Opt_HSST3_2_98,Analog,0.15895976793688044,0,0.8263233267913419,8.983823049815651,0.7776,5.198317395125145,0.736,0,0,0,False,93.05784922892,1.25,deborylation_0,0,0,0,0,0,201.89398553612554,56.51633219157025,5.198317395125145,194.9,0.736,0,0,0,0,0,0,0,0,0,0,0,0,0,0,0,0,0,0,0,0,0,0,0,0,0,0,0,0,0,0,0,0,0,0,0,0,0,0,0,0,0,0,0,0,0,0,0,0,0,0,0,0,0,0,0,0,0,0,0,0,0,0,0,0,0,0,0,0,0,0,0,0,0,0,0,0,0,0,0,0,35.2331186078187,8.983823049815651,0.8263233267913419,239.0,0.7776,0.0,0.0,0.0,0.0,0.0,0.0,0.0,0.0,0.0,0.0,0.0,0.0,0.0,0.0,6.358390717475218e-05,15.895976793688044,0.0,0.0,0.0,0.0,0.0,0.0,0.0,0.0,0.0,0.0,0.0,0.0,0.0,0.0,0.0,0.0,0.0,0.0,0.0,0.0,0.0,0.0,0.0,0.0,0.0,0.0,0.0,0.0,0.0,0.0,0.0,0.0,0.0,0.0
206,I15,[Fe].Cl[Pd]Cl.[CH]1[CH][CH][C]([CH]1)P(C2CCCCC2)C3CCCCC3.[CH]4[CH][CH][C]([CH]4)P(C5CCCCC5)C6CCCCC6,PdCl2(dcypf),0.06047272000000001 milligram,0.08000000000000002 micromole,0.06047272000000002 microliter,C34H52Cl2FeP2Pd,C1CON=C1C2=CC=C(C=C2)Br,"3-(4-bromophenyl)-4,5-dihydro-1,2-oxazole",0.0904292 milligram,0.4 micromole,0.09042920000000002 microliter,C9H8BrNO,CC1(C)OB(C2=CN(C)N=C2)OC1(C)C,"1-methyl-4-(tetramethyl-1,3,2-dioxaborolan-2-yl)-1H-pyrazole",0.09987359999999999 milligram,0.48000000000000004 micromole,0.09987360000000002 microliter,C10H17BN2O2,[Na+].[Na+].[O-]C([O-])=O,Na2CO3,0.31796399999999997 milligram,3.0 micromole,0.317964 microliter,CNa2O3,CN1C=NC2=C1C(=O)N(C(=O)N2C)C,caffeine,0.0776764 milligram,0.4 micromole,0.07767640000000002 microliter,C8H10N4O2,C1COCCO1,dioxane,16.2225 milligram,184.12480421310696 micromole,15.75 microliter,C4H8O2,O,water,1.75 milligram,97.1412711629198 micromole,1.75 microliter,H2O,Cn1cc(-c2ccc(C3=NOCC3)cc2)cn1,suzuki_product_0,0.0 milligram,0.0 micromole,0 microliter,C13H13N3O,c1ccc(C2=NOCC2)cc1,dehalogenation_0,0.0 milligram,0.0 micromole,0 microliter,C9H9NO,Cn1cccn1,deborylation_0,0.0 milligram,0.0 micromole,0 microliter,C4H6N2,C1CON=C1C2=CC=C(C=C2)Br.CC1(C)OB(C2=CN(C)N=C2)OC1(C)C>>Cn1cc(-c2ccc(C3=NOCC3)cc2)cn1.c1ccc(C2=NOCC2)cc1.Cn1cccn1,004_RLN-NB-2443_011_I15,,,,,,,,,,,,,,,,,,,,,6/9/2023 4:17:39 PM,004_rln-nb-2443_011_i15.raw,2min_150_1200.EXP,004_RLN-NB-2443_011_I15,004_RLN-NB-2443_011_I15_004_RLN-NB-2443_011_I15_,Rxn_Opt_HSST3_2_98,Analog,0.04926482946752555,0,0.2673702005051795,3.4534437659382315,0.9926,5.427202395604047,0.736,0,0,0,False,82.05309820128,1.25,deborylation_0,0,0,0,0,0,207.38486145588894,70.09957820344587,5.427202395604047,195,0.736,0,0,0,0,0,0,0,0,0,0,0,0,0,0,0,0,0,0,0,0,0,0,0,0,0,0,0,0,0,0,0,0,0,0,0,0,0,0,0,0,0,0,0,0,0,0,0,0,0,0,0,0,0,0,0,0,0,0,0,0,0,0,0,0,0,0,0,0,0,0,0,0,0,0,0,0,0,0,0,0,12.628602467447022,3.453443765938232,0.2673702005051795,227.9,0.9926,0.0,0.0,0.0,0.0,0.0,0.0,0.0,0.0,0.0,0.0,0.0,0.0,0.0,0.0,1.970593178701022e-05,4.926482946752555,0.0,0.0,0.0,0.0,0.0,0.0,0.0,0.0,0.0,0.0,0.0,0.0,0.0,0.0,0.0,0.0,0.0,0.0,0.0,0.0,0.0,0.0,0.0,0.0,0.0,0.0,0.0,0.0,0.0,0.0,0.0,0.0,0.0,0.0
207,I16,[Fe].Cl[Pd]Cl.[CH]1[CH][CH][C]([CH]1)P(C2CCCCC2)C3CCCCC3.[CH]4[CH][CH][C]([CH]4)P(C5CCCCC5)C6CCCCC6,PdCl2(dcypf),0.06047272000000001 milligram,0.08000000000000002 micromole,0.06047272000000002 microliter,C34H52Cl2FeP2Pd,C1CON=C1C2=CC=C(C=C2)Br,"3-(4-bromophenyl)-4,5-dihydro-1,2-oxazole",0.0904292 milligram,0.4 micromole,0.09042920000000002 microliter,C9H8BrNO,CC1(C)OB(C2=CC3=C(NC=C3)C=C2)OC1(C)C,"5-(tetramethyl-1,3,2-dioxaborolan-2-yl)-1H-indole",0.11669520000000001 milligram,0.48000000000000004 micromole,0.11669520000000004 microliter,C14H18BNO2,[Na+].[Na+].[O-]C([O-])=O,Na2CO3,0.31796399999999997 milligram,3.0 micromole,0.317964 microliter,CNa2O3,CN1C=NC2=C1C(=O)N(C(=O)N2C)C,caffeine,0.0776764 milligram,0.4 micromole,0.07767640000000002 microliter,C8H10N4O2,C1COCCO1,dioxane,16.2225 milligram,184.12480421310696 micromole,15.75 microliter,C4H8O2,O,water,1.75 milligram,97.1412711629198 micromole,1.75 microliter,H2O,c1cc2cc(-c3ccc(C4=NOCC4)cc3)ccc2[nH]1,suzuki_product_0,0.0 milligram,0.0 micromole,0 microliter,C17H14N2O,c1ccc(C2=NOCC2)cc1,dehalogenation_0,0.0 milligram,0.0 micromole,0 microliter,C9H9NO,c1ccc2[nH]ccc2c1,deborylation_0,0.0 milligram,0.0 micromole,0 microliter,C8H7N,C1CON=C1C2=CC=C(C=C2)Br.CC1(C)OB(C2=CC3=C(NC=C3)C=C2)OC1(C)C>>c1cc2cc(-c3ccc(C4=NOCC4)cc3)ccc2[nH]1.c1ccc(C2=NOCC2)cc1.c1ccc2[nH]ccc2c1,004_RLN-NB-2443_011_I16,,,,,,,,,,,,,,,,,,,,,6/9/2023 4:20:06 PM,004_rln-nb-2443_011_i16.raw,2min_150_1200.EXP,004_RLN-NB-2443_011_I16,004_RLN-NB-2443_011_I16_004_RLN-NB-2443_011_I16_00,Rxn_Opt_HSST3_2_98,Analog,0,0,0,0,0,6.521879797819537,0.7376,1.676878174068821,1.196,0,False,117.05784922892,1.25,deborylation_0,0,0,0,0,0,220.6588715544229,53.21482240458638,6.521879797819537,194.9,0.7376,0,0,0,0,0,0,0,0,0,0,88.12762861464374,17.619257389982003,2.1593735285002564,244,1.2743,0,0,0,0,0,0,0,0,0,0,0,0,0,0,0,0,0,0,0,0,0,0,0,0,0,0,0,0,0,0,0,0,0,0,0,0,0,0,0,0,0,0,0,0,0,0,0,0,0,0,0,0,0,0,0,67.03206916196646,13.682370266473374,1.676878174068821,227.8,1.196,0,0,0,0,0,0.0,0.0,0.0,0.0,0.0,0.0,0.0,0.0,0.0,0.0,0.0,0.0,0.0,0.0,0.0,0.0,0.0,0.0,0.0,0.0,0.0,0.0,0.0,0.0,0.0,0.0001324387198440671,33.109679961016774,0.0,0.0,0.0,0.0,0.0,0.0,0.0,0.0,0.0,0.0,0.0,0.0,0.0,0.0,0.0,0.0,0.0,0.0,0.0,0.0,0.0,0.0,0.0,0.0,0.00010284630971760337,25.71157742940084,0.0,0.0
208,I17,[Fe].Cl[Pd]Cl.[CH]1[CH][CH][C]([CH]1)P(C2CCCCC2)C3CCCCC3.[CH]4[CH][CH][C]([CH]4)P(C5CCCCC5)C6CCCCC6,PdCl2(dcypf),0.06047272000000001 milligram,0.08000000000000002 micromole,0.06047272000000002 microliter,C34H52Cl2FeP2Pd,C1CON=C1C2=CC=C(C=C2)Br,"3-(4-bromophenyl)-4,5-dihydro-1,2-oxazole",0.0904292 milligram,0.4 micromole,0.09042920000000002 microliter,C9H8BrNO,O=[N+](C1=CC=CC=C1B2OC(C)(C)C(C)(C)O2)[O-],"4,4,5,5-tetramethyl-2-(2-nitrophenyl)-1,3,2-dioxaborolane",0.11955599999999997 milligram,0.48000000000000004 micromole,0.119556 microliter,C12H16BNO4,[Na+].[Na+].[O-]C([O-])=O,Na2CO3,0.31796399999999997 milligram,3.0 micromole,0.317964 microliter,CNa2O3,CN1C=NC2=C1C(=O)N(C(=O)N2C)C,caffeine,0.0776764 milligram,0.4 micromole,0.07767640000000002 microliter,C8H10N4O2,C1COCCO1,dioxane,16.2225 milligram,184.12480421310696 micromole,15.75 microliter,C4H8O2,O,water,1.75 milligram,97.1412711629198 micromole,1.75 microliter,H2O,O=[N+]([O-])c1ccccc1-c1ccc(C2=NOCC2)cc1,suzuki_product_0,0.0 milligram,0.0 micromole,0 microliter,C15H12N2O3,c1ccc(C2=NOCC2)cc1,dehalogenation_0,0.0 milligram,0.0 micromole,0 microliter,C9H9NO,O=[N+]([O-])c1ccccc1,deborylation_0,0.0 milligram,0.0 micromole,0 microliter,C6H5NO2,C1CON=C1C2=CC=C(C=C2)Br.O=[N+](C1=CC=CC=C1B2OC(C)(C)C(C)(C)O2)[O-]>>O=[N+]([O-])c1ccccc1-c1ccc(C2=NOCC2)cc1.c1ccc(C2=NOCC2)cc1.O=[N+]([O-])c1ccccc1,004_RLN-NB-2443_011_I17,,,,,,,,,,,,,,,,,,,,,6/9/2023 4:22:33 PM,004_rln-nb-2443_011_i17.raw,2min_150_1200.EXP,004_RLN-NB-2443_011_I17,004_RLN-NB-2443_011_I17_004_RLN-NB-2443_011_I17,Rxn_Opt_HSST3_2_98,Analog,0.4694046110212254,0,2.5466088355834433,23.121758357079457,1.216,5.425189220112479,0.7343,0,0,0,False,123.03202840392001,1.25,deborylation_0,0,0,0,0,0,205.89634444186117,49.257629376022344,5.425189220112479,195,0.7343,0,0,0,0,0,0,0,0,0,0,0,0,0,0,0,0,0,0,0,0,0,0,0,0,0,0,0,0,0,0,0,0,0,0,0,0,0,0,0,0,0,0,0,0,0,0,0,0,0,0,0,0,0,0,0,0,0,0,0,0,0,0,0,0,0,0,0,0,0,0,0,0,0,0,0,0,0,0,0,0,98.8910268929656,23.121758357079454,2.5466088355834433,268.9,1.216,0.0,0.0,0.0,0.0,0.0,0.0,0.0,0.0,0.0,0.0,0.0,0.0,0.0,0.0,0.00018776184440849017,46.94046110212254,0.0,0.0,0.0,0.0,0.0,0.0,0.0,0.0,0.0,0.0,0.0,0.0,0.0,0.0,0.0,0.0,0.0,0.0,0.0,0.0,0.0,0.0,0.0,0.0,0.0,0.0,0.0,0.0,0.0,0.0,0.0,0.0,0.0,0.0
209,I18,[Fe].Cl[Pd]Cl.[CH]1[CH][CH][C]([CH]1)P(C2CCCCC2)C3CCCCC3.[CH]4[CH][CH][C]([CH]4)P(C5CCCCC5)C6CCCCC6,PdCl2(dcypf),0.06047272000000001 milligram,0.08000000000000002 micromole,0.06047272000000002 microliter,C34H52Cl2FeP2Pd,C1CON=C1C2=CC=C(C=C2)Br,"3-(4-bromophenyl)-4,5-dihydro-1,2-oxazole",0.0904292 milligram,0.4 micromole,0.09042920000000002 microliter,C9H8BrNO,O=C(O)C1=CC=CC(B2OC(C)(C)C(C)(C)O2)=C1,"3-(tetramethyl-1,3,2-dioxaborolan-2-yl)benzoic acid",0.11908175999999998 milligram,0.48000000000000004 micromole,0.11908176000000001 microliter,C13H17BO4,[Na+].[Na+].[O-]C([O-])=O,Na2CO3,0.31796399999999997 milligram,3.0 micromole,0.317964 microliter,CNa2O3,CN1C=NC2=C1C(=O)N(C(=O)N2C)C,caffeine,0.0776764 milligram,0.4 micromole,0.07767640000000002 microliter,C8H10N4O2,C1COCCO1,dioxane,16.2225 milligram,184.12480421310696 micromole,15.75 microliter,C4H8O2,O,water,1.75 milligram,97.1412711629198 micromole,1.75 microliter,H2O,O=C(O)c1cccc(-c2ccc(C3=NOCC3)cc2)c1,suzuki_product_0,0.0 milligram,0.0 micromole,0 microliter,C16H13NO3,c1ccc(C2=NOCC2)cc1,dehalogenation_0,0.0 milligram,0.0 micromole,0 microliter,C9H9NO,O=C(O)c1ccccc1,deborylation_0,0.0 milligram,0.0 micromole,0 microliter,C7H6O2,C1CON=C1C2=CC=C(C=C2)Br.O=C(O)C1=CC=CC(B2OC(C)(C)C(C)(C)O2)=C1>>O=C(O)c1cccc(-c2ccc(C3=NOCC3)cc2)c1.c1ccc(C2=NOCC2)cc1.O=C(O)c1ccccc1,004_RLN-NB-2443_011_I18,,,,,,,,,,,,,,,,,,,,,6/9/2023 4:25:00 PM,004_rln-nb-2443_011_i18.raw,2min_150_1200.EXP,004_RLN-NB-2443_011_I18,004_RLN-NB-2443_011_I18_004_RLN-NB-2443_011_I18_00,Rxn_Opt_HSST3_2_98,Analog,0.8689149303132867,0,3.970072757469816,21.142543493521533,1.0893,4.569000507378103,0.7343,0,0,0,False,122.03677943156,1.25,deborylation_0,0,0,0,0,0,187.79865555999052,24.332121311229628,4.569000507378103,194.9,0.7343,0,0,0,0,0,0,0,0,0,0,0,0,0,0,0,0,0,0,0,0,0,0,0,0,0,0,0,0,0,0,0,0,0,0,0,0,0,0,0,0,0,0,0,0,0,0,0,0,0,0,0,0,0,0,0,0,0,0,0,0,0,0,0,0,0,0,0,0,0,0,0,0,0,0,0,0,0,0,0,0,151.7925963725956,21.142543493521533,3.970072757469816,268.0,1.0893,0.0,0.0,0.0,0.0,0.0,0.0,0.0,0.0,0.0,0.0,0.0,0.0,0.0,0.0,0.0003475659721253147,86.89149303132866,0.0,0.0,0.0,0.0,0.0,0.0,0.0,0.0,0.0,0.0,0.0,0.0,0.0,0.0,0.0,0.0,0.0,0.0,0.0,0.0,0.0,0.0,0.0,0.0,0.0,0.0,0.0,0.0,0.0,0.0,0.0,0.0,0.0,0.0
210,I19,COC1=CC=C(C(P(C(C)(C)C)C(C)(C)C)=C1C2=C(C=C(C=C2C(C)C)C(C)C)C(C)C)OC.NC3=C(C=CC=C3)C4=C(C=CC=C4)[Pd]OS(C)(=O)=O,tBuBrettPhos Pd G3,0.06835544000000003 milligram,0.08000000000000002 micromole,0.06835544000000005 microliter,C44H62NO5PPdS,C1CON=C1C2=CC=C(C=C2)Br,"3-(4-bromophenyl)-4,5-dihydro-1,2-oxazole",0.0904292 milligram,0.4 micromole,0.09042920000000002 microliter,C9H8BrNO,B1(OC(C(O1)(C)C)(C)C)C2=CN(N=C2C)C,"1,3-dimethyl-4-(4,4,5,5-tetramethyl-1,3,2-dioxaborolan-2-yl)-1H-pyrazole",0.10660655999999999 milligram,0.48000000000000004 micromole,0.10660656000000002 microliter,C11H19BN2O2,[Na+].[Na+].[O-]C([O-])=O,Na2CO3,0.31796399999999997 milligram,3.0 micromole,0.317964 microliter,CNa2O3,CN1C=NC2=C1C(=O)N(C(=O)N2C)C,caffeine,0.0776764 milligram,0.4 micromole,0.07767640000000002 microliter,C8H10N4O2,C1COCCO1,dioxane,16.2225 milligram,184.12480421310696 micromole,15.75 microliter,C4H8O2,O,water,1.75 milligram,97.1412711629198 micromole,1.75 microliter,H2O,Cc1nn(C)cc1-c1ccc(C2=NOCC2)cc1,suzuki_product_0,0.0 milligram,0.0 micromole,0 microliter,C14H15N3O,c1ccc(C2=NOCC2)cc1,dehalogenation_0,0.0 milligram,0.0 micromole,0 microliter,C9H9NO,Cc1ccn(C)n1,deborylation_0,0.0 milligram,0.0 micromole,0 microliter,C5H8N2,C1CON=C1C2=CC=C(C=C2)Br.B1(OC(C(O1)(C)C)(C)C)C2=CN(N=C2C)C>>Cc1nn(C)cc1-c1ccc(C2=NOCC2)cc1.c1ccc(C2=NOCC2)cc1.Cc1ccn(C)n1,004_RLN-NB-2443_011_I19,,,,,,,,,,,,,,,,,,,,,6/9/2023 4:27:27 PM,004_rln-nb-2443_011_i19.raw,2min_150_1200.EXP,004_RLN-NB-2443_011_I19,004_RLN-NB-2443_011_I19_004_RLN-NB-2443_011_I19_00,Rxn_Opt_HSST3_2_98,Analog,0,0,0,0,0,5.142934483870399,0.736,1.9823733080813113,1.196,0,False,96.06874826542,1.25,deborylation_0,0,0,0,0,0,204.03176123496215,10.901335727025554,5.142934483870399,194.9,0.736,0,0,0,0,0,0,0,0,0,0,0,0,0,0,0,0,0,0,0,0,0,0,0,0,0,0,0,0,0,0,0,0,0,0,0,0,0,0,0,0,0,0,0,0,0,0,0,0,0,0,0,0,0,0,0,0,0,0,0,0,0,0,0,0,0,0,0,0,0,0,74.85902621864871,4.20198177430899,1.9823733080813113,227.8,1.196,0,0,0,0,0,0.0,0.0,0.0,0.0,0.0,0.0,0.0,0.0,0.0,0.0,0.0,0.0,0.0,0.0,0.0,0.0,0.0,0.0,0.0,0.0,0.0,0.0,0.0,0.0,0.0,0.0,0.0,0.0,0.0,0.0,0.0,0.0,0.0,0.0,0.0,0.0,0.0,0.0,0.0,0.0,0.0,0.0,0.0,0.0,0.0,0.0,0.0,0.0,0.0,0.0,0.0,0.0001541822719537694,38.54556798844235,0.0,0.0
211,I20,COC1=CC=C(C(P(C(C)(C)C)C(C)(C)C)=C1C2=C(C=C(C=C2C(C)C)C(C)C)C(C)C)OC.NC3=C(C=CC=C3)C4=C(C=CC=C4)[Pd]OS(C)(=O)=O,tBuBrettPhos Pd G3,0.06835544000000003 milligram,0.08000000000000002 micromole,0.06835544000000005 microliter,C44H62NO5PPdS,C1CON=C1C2=CC=C(C=C2)Br,"3-(4-bromophenyl)-4,5-dihydro-1,2-oxazole",0.0904292 milligram,0.4 micromole,0.09042920000000002 microliter,C9H8BrNO,B1(OC(C(O1)(C)C)(C)C)C2=CN=C(C=C2)C,"2-methyl-5-(4,4,5,5-tetramethyl-1,3,2-dioxaborolan-2-yl)pyridine",0.10516464 milligram,0.48000000000000004 micromole,0.10516464000000003 microliter,C12H18BNO2,[Na+].[Na+].[O-]C([O-])=O,Na2CO3,0.31796399999999997 milligram,3.0 micromole,0.317964 microliter,CNa2O3,CN1C=NC2=C1C(=O)N(C(=O)N2C)C,caffeine,0.0776764 milligram,0.4 micromole,0.07767640000000002 microliter,C8H10N4O2,C1COCCO1,dioxane,16.2225 milligram,184.12480421310696 micromole,15.75 microliter,C4H8O2,O,water,1.75 milligram,97.1412711629198 micromole,1.75 microliter,H2O,Cc1ccc(-c2ccc(C3=NOCC3)cc2)cn1,suzuki_product_0,0.0 milligram,0.0 micromole,0 microliter,C15H14N2O,c1ccc(C2=NOCC2)cc1,dehalogenation_0,0.0 milligram,0.0 micromole,0 microliter,C9H9NO,Cc1ccccn1,deborylation_0,0.0 milligram,0.0 micromole,0 microliter,C6H7N,C1CON=C1C2=CC=C(C=C2)Br.B1(OC(C(O1)(C)C)(C)C)C2=CN=C(C=C2)C>>Cc1ccc(-c2ccc(C3=NOCC3)cc2)cn1.c1ccc(C2=NOCC2)cc1.Cc1ccccn1,004_RLN-NB-2443_011_I20,,,,,,,,,,,,,,,,,,,,,6/9/2023 4:29:54 PM,004_rln-nb-2443_011_i20.raw,2min_150_1200.EXP,004_RLN-NB-2443_011_I20,004_RLN-NB-2443_011_I20_004_RLN-NB-2443_011_I20_004_,Rxn_Opt_HSST3_2_98,Analog,0,0,0,0,0,4.279160851076839,0.736,0,0,0,False,93.05784922892,1.25,deborylation_0,0,0,0,0,0,168.77427863115307,15.53840122706068,4.279160851076839,195,0.736,0,0,0,0,0,0,0,0,0,0,0,0,0,0,0,0,0,0,0,0,0,0,0,0,0,0,0,0,0,0,0,0,0,0,0,0,0,0,0,0,0,0,0,0,0,0,0,0,0,0,0,0,0,0,0,0,0,0,0,0,0,0,0,0,0,0,0,0,0,0,0,0,0,0,0,0,0,0,0,0,0.0,0.0,0.0,0.0,0.0,0.0,0.0,0.0,0.0,0.0,0.0,0.0,0.0,0.0,0.0,0.0,0.0,0.0,0.0,0.0,0.0,0.0,0.0,0.0,0.0,0.0,0.0,0.0,0.0,0.0,0.0,0.0,0.0,0.0,0.0,0.0,0.0,0.0,0.0,0.0,0.0,0.0,0.0,0.0,0.0,0.0,0.0,0.0,0.0,0.0,0.0,0.0,0.0,0.0,0.0
212,I21,COC1=CC=C(C(P(C(C)(C)C)C(C)(C)C)=C1C2=C(C=C(C=C2C(C)C)C(C)C)C(C)C)OC.NC3=C(C=CC=C3)C4=C(C=CC=C4)[Pd]OS(C)(=O)=O,tBuBrettPhos Pd G3,0.06835544000000003 milligram,0.08000000000000002 micromole,0.06835544000000005 microliter,C44H62NO5PPdS,C1CON=C1C2=CC=C(C=C2)Br,"3-(4-bromophenyl)-4,5-dihydro-1,2-oxazole",0.0904292 milligram,0.4 micromole,0.09042920000000002 microliter,C9H8BrNO,CC1(C)OB(C2=CN(C)N=C2)OC1(C)C,"1-methyl-4-(tetramethyl-1,3,2-dioxaborolan-2-yl)-1H-pyrazole",0.09987359999999999 milligram,0.48000000000000004 micromole,0.09987360000000002 microliter,C10H17BN2O2,[Na+].[Na+].[O-]C([O-])=O,Na2CO3,0.31796399999999997 milligram,3.0 micromole,0.317964 microliter,CNa2O3,CN1C=NC2=C1C(=O)N(C(=O)N2C)C,caffeine,0.0776764 milligram,0.4 micromole,0.07767640000000002 microliter,C8H10N4O2,C1COCCO1,dioxane,16.2225 milligram,184.12480421310696 micromole,15.75 microliter,C4H8O2,O,water,1.75 milligram,97.1412711629198 micromole,1.75 microliter,H2O,Cn1cc(-c2ccc(C3=NOCC3)cc2)cn1,suzuki_product_0,0.0 milligram,0.0 micromole,0 microliter,C13H13N3O,c1ccc(C2=NOCC2)cc1,dehalogenation_0,0.0 milligram,0.0 micromole,0 microliter,C9H9NO,Cn1cccn1,deborylation_0,0.0 milligram,0.0 micromole,0 microliter,C4H6N2,C1CON=C1C2=CC=C(C=C2)Br.CC1(C)OB(C2=CN(C)N=C2)OC1(C)C>>Cn1cc(-c2ccc(C3=NOCC3)cc2)cn1.c1ccc(C2=NOCC2)cc1.Cn1cccn1,004_RLN-NB-2443_011_I21,,,,,,,,,,,,,,,,,,,,,6/9/2023 4:32:20 PM,004_rln-nb-2443_011_i21.raw,2min_150_1200.EXP,004_RLN-NB-2443_011_I21,004_RLN-NB-2443_011_I21_004_RLN-NB-2443_011_I21_00,Rxn_Opt_HSST3_2_98,Analog,0.1270679936993151,0,0.6052566710490129,1.7818322349619862,1.166,4.763250393968212,0.736,0.5023565882168792,1.166,0,False,82.05309820128,1.25,deborylation_0,0,0,0,0,0,187.12501667578223,16.89499708821131,4.763250393968212,195,0.736,0,0,0,0,0,0,0,0,0,0,0,0,0,0,0,0,0,0,0,0,0,0,0,0,0,0,0,0,0,0,0,0,0,0,0,0,0,0,0,0,0,0,0,0,0,0,0,0,0,0,0,0,0,0,0,0,0,0,0,0,0,0,0,0,0,0,0,0,0,0,17.369149769183913,1.7818322349619862,0.5023565882168792,227.8,1.166,0,0,0,0,0,43.41878095975744,3.928645618516767,1.107613259265892,455.9,2.1586,0.0,0.0,0.0,0.0,0.0,0.0,0.0,0.0,0.0,0.0,0.0,0.0,0.0,0.0,9.301322984560982e-05,23.253307461402454,0.0,0.0,0.0,0.0,0.0,0.0,0.0,0.0,0.0,0.0,0.0,0.0,0.0,0.0,0.0,0.0,0.0,0.0,0.0,0.0,0.0,0.0,0.0,0.0,0.0,0.0,0.0,0.0,0.0,0.0,4.218603236588379e-05,10.546508091470946,0.0,0.0
213,I22,COC1=CC=C(C(P(C(C)(C)C)C(C)(C)C)=C1C2=C(C=C(C=C2C(C)C)C(C)C)C(C)C)OC.NC3=C(C=CC=C3)C4=C(C=CC=C4)[Pd]OS(C)(=O)=O,tBuBrettPhos Pd G3,0.06835544000000003 milligram,0.08000000000000002 micromole,0.06835544000000005 microliter,C44H62NO5PPdS,C1CON=C1C2=CC=C(C=C2)Br,"3-(4-bromophenyl)-4,5-dihydro-1,2-oxazole",0.0904292 milligram,0.4 micromole,0.09042920000000002 microliter,C9H8BrNO,CC1(C)OB(C2=CC3=C(NC=C3)C=C2)OC1(C)C,"5-(tetramethyl-1,3,2-dioxaborolan-2-yl)-1H-indole",0.11669520000000001 milligram,0.48000000000000004 micromole,0.11669520000000004 microliter,C14H18BNO2,[Na+].[Na+].[O-]C([O-])=O,Na2CO3,0.31796399999999997 milligram,3.0 micromole,0.317964 microliter,CNa2O3,CN1C=NC2=C1C(=O)N(C(=O)N2C)C,caffeine,0.0776764 milligram,0.4 micromole,0.07767640000000002 microliter,C8H10N4O2,C1COCCO1,dioxane,16.2225 milligram,184.12480421310696 micromole,15.75 microliter,C4H8O2,O,water,1.75 milligram,97.1412711629198 micromole,1.75 microliter,H2O,c1cc2cc(-c3ccc(C4=NOCC4)cc3)ccc2[nH]1,suzuki_product_0,0.0 milligram,0.0 micromole,0 microliter,C17H14N2O,c1ccc(C2=NOCC2)cc1,dehalogenation_0,0.0 milligram,0.0 micromole,0 microliter,C9H9NO,c1ccc2[nH]ccc2c1,deborylation_0,0.0 milligram,0.0 micromole,0 microliter,C8H7N,C1CON=C1C2=CC=C(C=C2)Br.CC1(C)OB(C2=CC3=C(NC=C3)C=C2)OC1(C)C>>c1cc2cc(-c3ccc(C4=NOCC4)cc3)ccc2[nH]1.c1ccc(C2=NOCC2)cc1.c1ccc2[nH]ccc2c1,004_RLN-NB-2443_011_I22,,,,,,,,,,,,,,,,,,,,,6/9/2023 4:34:46 PM,004_rln-nb-2443_011_i22.raw,2min_150_1200.EXP,004_RLN-NB-2443_011_I22,004_RLN-NB-2443_011_I22_004_RLN-NB-2443_011_I22_004_,Rxn_Opt_HSST3_2_98,Analog,0.45964273536296013,0,2.292336299288227,6.616852587698011,1.1993,4.987213161278547,0.736,0.8694245576359089,1.1593,0,False,117.05784922892,1.25,deborylation_0,0,0,0,0,0,202.2324839070706,14.3956426994826,4.987213161278547,195,0.736,0,0,0,0,0,0,0,0,0,0,0,0,0,0,0,0,0,0,0,0,0,0,0,0,0,0,0,0,0,0,0,0,0,0,0,0,0,0,0,0,0,0,0,0,0,0,0,0,0,0,0,0,0,0,0,0,0,0,0,0,0,0,0,0,0,0,0,0,0,0,27.573514425600337,2.50960303502921,0.8694245576359089,227.8,1.1593,0,0,0,0,0,98.34155012968826,6.616852587698011,2.292336299288227,262.9,1.1993,0.0,0.0,0.0,0.0,0.0,0.0,0.0,0.0,0.0,0.0,0.0,0.0,0.0,0.0,0.00018385709414518405,45.96427353629601,0.0,0.0,0.0,0.0,0.0,0.0,0.0,0.0,0.0,0.0,0.0,0.0,0.0,0.0,0.0,0.0,0.0,0.0,0.0,0.0,0.0,0.0,0.0,0.0,0.0,0.0,0.0,0.0,0.0,0.0,6.973229573472003e-05,17.433073933680006,0.0,0.0
214,I23,COC1=CC=C(C(P(C(C)(C)C)C(C)(C)C)=C1C2=C(C=C(C=C2C(C)C)C(C)C)C(C)C)OC.NC3=C(C=CC=C3)C4=C(C=CC=C4)[Pd]OS(C)(=O)=O,tBuBrettPhos Pd G3,0.06835544000000003 milligram,0.08000000000000002 micromole,0.06835544000000005 microliter,C44H62NO5PPdS,C1CON=C1C2=CC=C(C=C2)Br,"3-(4-bromophenyl)-4,5-dihydro-1,2-oxazole",0.0904292 milligram,0.4 micromole,0.09042920000000002 microliter,C9H8BrNO,O=[N+](C1=CC=CC=C1B2OC(C)(C)C(C)(C)O2)[O-],"4,4,5,5-tetramethyl-2-(2-nitrophenyl)-1,3,2-dioxaborolane",0.11955599999999997 milligram,0.48000000000000004 micromole,0.119556 microliter,C12H16BNO4,[Na+].[Na+].[O-]C([O-])=O,Na2CO3,0.31796399999999997 milligram,3.0 micromole,0.317964 microliter,CNa2O3,CN1C=NC2=C1C(=O)N(C(=O)N2C)C,caffeine,0.0776764 milligram,0.4 micromole,0.07767640000000002 microliter,C8H10N4O2,C1COCCO1,dioxane,16.2225 milligram,184.12480421310696 micromole,15.75 microliter,C4H8O2,O,water,1.75 milligram,97.1412711629198 micromole,1.75 microliter,H2O,O=[N+]([O-])c1ccccc1-c1ccc(C2=NOCC2)cc1,suzuki_product_0,0.0 milligram,0.0 micromole,0 microliter,C15H12N2O3,c1ccc(C2=NOCC2)cc1,dehalogenation_0,0.0 milligram,0.0 micromole,0 microliter,C9H9NO,O=[N+]([O-])c1ccccc1,deborylation_0,0.0 milligram,0.0 micromole,0 microliter,C6H5NO2,C1CON=C1C2=CC=C(C=C2)Br.O=[N+](C1=CC=CC=C1B2OC(C)(C)C(C)(C)O2)[O-]>>O=[N+]([O-])c1ccccc1-c1ccc(C2=NOCC2)cc1.c1ccc(C2=NOCC2)cc1.O=[N+]([O-])c1ccccc1,004_RLN-NB-2443_011_I23,,,,,,,,,,,,,,,,,,,,,6/9/2023 4:37:12 PM,004_rln-nb-2443_011_i23.raw,2min_150_1200.EXP,004_RLN-NB-2443_011_I23,004_RLN-NB-2443_011_I23_004_RLN-NB-2443_011_I23_0,Rxn_Opt_HSST3_2_98,Analog,0.5919881202463916,0,3.0206150899606956,9.596854978923304,1.2193,5.102492747157636,0.736,1.15102983840891,1.1593,0,False,123.03202840392001,1.25,deborylation_0,0,0,0,0,0,197.11732758105236,16.211228993799732,5.102492747157636,195,0.736,0,0,0,0,0,0,0,0,0,0,0,0,0,0,0,0,0,0,0,0,0,0,0,0,0,0,0,0,0,0,0,0,0,0,0,0,0,0,0,0,0,0,0,0,0,0,0,0,0,0,0,0,0,0,0,0,0,0,0,0,0,0,0,0,0,0,0,0,0,0,28.58786902509931,3.6569592969117983,1.15102983840891,227.8,1.1593,0,0,0,0,0,74.84829811639204,9.596854978923304,3.0206150899606956,269.0,1.2193,0.0,0.0,0.0,0.0,0.0,0.0,0.0,0.0,0.0,0.0,0.0,0.0,0.0,0.0,0.00023679524809855663,59.19881202463916,0.0,0.0,0.0,0.0,0.0,0.0,0.0,0.0,0.0,0.0,0.0,0.0,0.0,0.0,0.0,0.0,0.0,0.0,0.0,0.0,0.0,0.0,0.0,0.0,0.0,0.0,0.0,0.0,0.0,0.0,9.023274665506155e-05,22.558186663765387,0.0,0.0
215,I24,COC1=CC=C(C(P(C(C)(C)C)C(C)(C)C)=C1C2=C(C=C(C=C2C(C)C)C(C)C)C(C)C)OC.NC3=C(C=CC=C3)C4=C(C=CC=C4)[Pd]OS(C)(=O)=O,tBuBrettPhos Pd G3,0.06835544000000003 milligram,0.08000000000000002 micromole,0.06835544000000005 microliter,C44H62NO5PPdS,C1CON=C1C2=CC=C(C=C2)Br,"3-(4-bromophenyl)-4,5-dihydro-1,2-oxazole",0.0904292 milligram,0.4 micromole,0.09042920000000002 microliter,C9H8BrNO,O=C(O)C1=CC=CC(B2OC(C)(C)C(C)(C)O2)=C1,"3-(tetramethyl-1,3,2-dioxaborolan-2-yl)benzoic acid",0.11908175999999998 milligram,0.48000000000000004 micromole,0.11908176000000001 microliter,C13H17BO4,[Na+].[Na+].[O-]C([O-])=O,Na2CO3,0.31796399999999997 milligram,3.0 micromole,0.317964 microliter,CNa2O3,CN1C=NC2=C1C(=O)N(C(=O)N2C)C,caffeine,0.0776764 milligram,0.4 micromole,0.07767640000000002 microliter,C8H10N4O2,C1COCCO1,dioxane,16.2225 milligram,184.12480421310696 micromole,15.75 microliter,C4H8O2,O,water,1.75 milligram,97.1412711629198 micromole,1.75 microliter,H2O,O=C(O)c1cccc(-c2ccc(C3=NOCC3)cc2)c1,suzuki_product_0,0.0 milligram,0.0 micromole,0 microliter,C16H13NO3,c1ccc(C2=NOCC2)cc1,dehalogenation_0,0.0 milligram,0.0 micromole,0 microliter,C9H9NO,O=C(O)c1ccccc1,deborylation_0,0.0 milligram,0.0 micromole,0 microliter,C7H6O2,C1CON=C1C2=CC=C(C=C2)Br.O=C(O)C1=CC=CC(B2OC(C)(C)C(C)(C)O2)=C1>>O=C(O)c1cccc(-c2ccc(C3=NOCC3)cc2)c1.c1ccc(C2=NOCC2)cc1.O=C(O)c1ccccc1,004_RLN-NB-2443_011_I24,,,,,,,,,,,,,,,,,,,,,6/9/2023 4:39:40 PM,004_rln-nb-2443_011_i24.raw,2min_150_1200.EXP,004_RLN-NB-2443_011_I24,004_RLN-NB-2443_011_I24_004_RLN-NB-2443_011_I24_004_,Rxn_Opt_HSST3_2_98,Analog,0.7690980518824418,0,3.2833871079842636,2.6255007010152416,1.1726,4.269139805968636,0.7376,0.8565632114207523,1.1726,0,False,122.03677943156,1.25,deborylation_0,0,0,0,0,0,168.09892013587853,13.085583648533486,4.269139805968636,194.9,0.7376,0,0,0,0,0,0,0,0,0,0,0,0,0,0,0,0,0,0,0,0,0,0,0,0,0,0,0,0,0,0,0,0,0,0,0,0,0,0,0,0,0,0,0,0,0,0,0,0,0,0,0,0,0,0,0,0,0,0,0,0,0,0,0,0,0,0,0,0,0,0,31.7687841848025,2.6255007010152416,0.8565632114207523,290,1.1726,0,0,0,0,0,147.80263679961297,12.68959759284708,4.139950319405016,557.7,2.2619,0.0,0.0,0.0,0.0,0.0,0.0,0.0,0.0,0.0,0.0,0.0,0.0,0.0,0.0,0.00038789550191043154,96.97387547760789,0.0,0.0,0.0,0.0,0.0,0.0,0.0,0.0,0.0,0.0,0.0,0.0,0.0,0.0,0.0,0.0,0.0,0.0,0.0,0.0,0.0,0.0,0.0,0.0,0.0,0.0,0.0,0.0,0.0,0.0,8.025628115745482e-05,20.064070289363702,0.0,0.0
216,J1,CC(C)C1=CC(C(C)C)=CC(C(C)C)=C1C2=C([P+](C3CCCCC3)([Pd-2]4(OS(C)(=O)=O)C(C=CC=C5)=C5C6=C([NH+]4C)C=CC=C6)C7CCCCC7)C=CC=C2,XPhos Pd G4,0.06883952 milligram,0.08000000000000002 micromole,0.06883952000000002 microliter,C47H64NO3PPdS,CN1C=NC=C(C1=O)Br,"5-bromo-3-methyl-3,4-dihydropyrimidin-4-one",0.07560479999999999 milligram,0.4 micromole,0.0756048 microliter,C5H5BrN2O,B1(OC(C(O1)(C)C)(C)C)C2=CN(N=C2C)C,"1,3-dimethyl-4-(4,4,5,5-tetramethyl-1,3,2-dioxaborolan-2-yl)-1H-pyrazole",0.10660655999999999 milligram,0.48000000000000004 micromole,0.10660656000000002 microliter,C11H19BN2O2,[Na+].[Na+].[O-]C([O-])=O,Na2CO3,0.31796399999999997 milligram,3.0 micromole,0.317964 microliter,CNa2O3,CN1C=NC2=C1C(=O)N(C(=O)N2C)C,caffeine,0.0776764 milligram,0.4 micromole,0.07767640000000002 microliter,C8H10N4O2,C1COCCO1,dioxane,16.2225 milligram,184.12480421310696 micromole,15.75 microliter,C4H8O2,O,water,1.75 milligram,97.1412711629198 micromole,1.75 microliter,H2O,Cc1nn(C)cc1-c1cncn(C)c1=O,suzuki_product_0,0.0 milligram,0.0 micromole,0 microliter,C10H12N4O,Cn1cnccc1=O,dehalogenation_0,0.0 milligram,0.0 micromole,0 microliter,C5H6N2O,Cc1ccn(C)n1,deborylation_0,0.0 milligram,0.0 micromole,0 microliter,C5H8N2,CN1C=NC=C(C1=O)Br.B1(OC(C(O1)(C)C)(C)C)C2=CN(N=C2C)C>>Cc1nn(C)cc1-c1cncn(C)c1=O.Cn1cnccc1=O.Cc1ccn(C)n1,004_RLN-NB-2443_011_J1,,,,,,,,,,,,,,,,,,,,,6/9/2023 4:42:07 PM,004_rln-nb-2443_011_j1.raw,2min_150_1200.EXP,004_RLN-NB-2443_011_J1,004_RLN-NB-2443_011_J1_004_RLN-NB-2443_011_J1_00,Rxn_Opt_HSST3_2_98,Analog,0,0,0,0,0,7.91892714000038,0.7343,0,0,0,False,96.06874826542,1.25,deborylation_0,0,0,0,0,0,239.004413340955,24.875323873123108,7.91892714000038,195,0.7343,0,0,0,0,0,0,0,0,0,0,0,0,0,0,0,0,0,0,0,0,0,0,0,0,0,0,0,0,0,0,0,0,0,0,0,0,0,0,0,0,0,0,0,0,0,0,0,0,0,0,0,0,0,0,0,0,0,0,0,0,0,0,0,0,0,0,0,0,0,0,0,0,0,0,0,0,0,0,0,0,0.0,0.0,0.0,0.0,0.0,0.0,0.0,0.0,0.0,0.0,0.0,0.0,0.0,0.0,0.0,0.0,0.0,0.0,0.0,0.0,0.0,0.0,0.0,0.0,0.0,0.0,0.0,0.0,0.0,0.0,0.0,0.0,0.0,0.0,0.0,0.0,0.0,0.0,0.0,0.0,0.0,0.0,0.0,0.0,0.0,0.0,0.0,0.0,0.0,0.0,0.0,0.0,0.0,0.0,0.0
217,J2,CC(C)C1=CC(C(C)C)=CC(C(C)C)=C1C2=C([P+](C3CCCCC3)([Pd-2]4(OS(C)(=O)=O)C(C=CC=C5)=C5C6=C([NH+]4C)C=CC=C6)C7CCCCC7)C=CC=C2,XPhos Pd G4,0.06883952 milligram,0.08000000000000002 micromole,0.06883952000000002 microliter,C47H64NO3PPdS,CN1C=NC=C(C1=O)Br,"5-bromo-3-methyl-3,4-dihydropyrimidin-4-one",0.07560479999999999 milligram,0.4 micromole,0.0756048 microliter,C5H5BrN2O,B1(OC(C(O1)(C)C)(C)C)C2=CN=C(C=C2)C,"2-methyl-5-(4,4,5,5-tetramethyl-1,3,2-dioxaborolan-2-yl)pyridine",0.10516464 milligram,0.48000000000000004 micromole,0.10516464000000003 microliter,C12H18BNO2,[Na+].[Na+].[O-]C([O-])=O,Na2CO3,0.31796399999999997 milligram,3.0 micromole,0.317964 microliter,CNa2O3,CN1C=NC2=C1C(=O)N(C(=O)N2C)C,caffeine,0.0776764 milligram,0.4 micromole,0.07767640000000002 microliter,C8H10N4O2,C1COCCO1,dioxane,16.2225 milligram,184.12480421310696 micromole,15.75 microliter,C4H8O2,O,water,1.75 milligram,97.1412711629198 micromole,1.75 microliter,H2O,Cc1ccc(-c2cncn(C)c2=O)cn1,suzuki_product_0,0.0 milligram,0.0 micromole,0 microliter,C11H11N3O,Cn1cnccc1=O,dehalogenation_0,0.0 milligram,0.0 micromole,0 microliter,C5H6N2O,Cc1ccccn1,deborylation_0,0.0 milligram,0.0 micromole,0 microliter,C6H7N,CN1C=NC=C(C1=O)Br.B1(OC(C(O1)(C)C)(C)C)C2=CN=C(C=C2)C>>Cc1ccc(-c2cncn(C)c2=O)cn1.Cn1cnccc1=O.Cc1ccccn1,004_RLN-NB-2443_011_J2,,,,,,,,,,,,,,,,,,,,,6/9/2023 4:44:34 PM,004_rln-nb-2443_011_j2.raw,2min_150_1200.EXP,004_RLN-NB-2443_011_J2,004_RLN-NB-2443_011_J2_004_RLN-NB-2443_011_J2_004_,Rxn_Opt_HSST3_2_98,Analog,0.13044610171728793,0,0.5327213519575645,2.331401177402796,0.5876,4.083842636494543,0.736,0,0,0,False,93.05784922892,1.25,deborylation_0,0,0,0,0,0,154.22388556773933,17.872524718719262,4.083842636494543,194.9,0.736,0,0,0,0,0,0,0,0,0,0,0,0,0,0,0,0,0,0,0,0,0,0,0,0,0,0,0,0,0,0,0,0,0,0,0,0,0,0,0,0,0,0,0,0,0,0,0,0,0,0,0,0,0,0,0,0,0,0,0,0,0,0,0,0,0,0,0,0,0,0,0,0,0,0,0,0,0,0,0,0,18.95199937105279,2.331401177402796,0.5327213519575645,201.9,0.5876,0.0,0.0,0.0,0.0,0.0,0.0,0.0,0.0,0.0,0.0,0.0,0.0,0.0,0.0,5.2178440686915176e-05,13.044610171728793,0.0,0.0,0.0,0.0,0.0,0.0,0.0,0.0,0.0,0.0,0.0,0.0,0.0,0.0,0.0,0.0,0.0,0.0,0.0,0.0,0.0,0.0,0.0,0.0,0.0,0.0,0.0,0.0,0.0,0.0,0.0,0.0,0.0,0.0
218,J3,CC(C)C1=CC(C(C)C)=CC(C(C)C)=C1C2=C([P+](C3CCCCC3)([Pd-2]4(OS(C)(=O)=O)C(C=CC=C5)=C5C6=C([NH+]4C)C=CC=C6)C7CCCCC7)C=CC=C2,XPhos Pd G4,0.06883952 milligram,0.08000000000000002 micromole,0.06883952000000002 microliter,C47H64NO3PPdS,CN1C=NC=C(C1=O)Br,"5-bromo-3-methyl-3,4-dihydropyrimidin-4-one",0.07560479999999999 milligram,0.4 micromole,0.0756048 microliter,C5H5BrN2O,CC1(C)OB(C2=CN(C)N=C2)OC1(C)C,"1-methyl-4-(tetramethyl-1,3,2-dioxaborolan-2-yl)-1H-pyrazole",0.09987359999999999 milligram,0.48000000000000004 micromole,0.09987360000000002 microliter,C10H17BN2O2,[Na+].[Na+].[O-]C([O-])=O,Na2CO3,0.31796399999999997 milligram,3.0 micromole,0.317964 microliter,CNa2O3,CN1C=NC2=C1C(=O)N(C(=O)N2C)C,caffeine,0.0776764 milligram,0.4 micromole,0.07767640000000002 microliter,C8H10N4O2,C1COCCO1,dioxane,16.2225 milligram,184.12480421310696 micromole,15.75 microliter,C4H8O2,O,water,1.75 milligram,97.1412711629198 micromole,1.75 microliter,H2O,Cn1cc(-c2cncn(C)c2=O)cn1,suzuki_product_0,0.0 milligram,0.0 micromole,0 microliter,C9H10N4O,Cn1cnccc1=O,dehalogenation_0,0.0 milligram,0.0 micromole,0 microliter,C5H6N2O,Cn1cccn1,deborylation_0,0.0 milligram,0.0 micromole,0 microliter,C4H6N2,CN1C=NC=C(C1=O)Br.CC1(C)OB(C2=CN(C)N=C2)OC1(C)C>>Cn1cc(-c2cncn(C)c2=O)cn1.Cn1cnccc1=O.Cn1cccn1,004_RLN-NB-2443_011_J3,,,,,,,,,,,,,,,,,,,,,6/9/2023 4:47:01 PM,004_rln-nb-2443_011_j3.raw,2min_150_1200.EXP,004_RLN-NB-2443_011_J3,004_RLN-NB-2443_011_J3_004_RLN-NB-2443_011_J3_004,Rxn_Opt_HSST3_2_98,Analog,0.1819539552390504,0,1.143099616187191,4.211141494344594,0.7126,6.282356515335933,0.736,0,0,0,False,82.05309820128,1.25,deborylation_0,0,0,0,0,0,223.76700663920082,23.14399535207692,6.282356515335933,195,0.736,0,0,0,0,0,0,0,0,0,0,0,0,0,0,0,0,0,0,0,0,0,0,0,0,0,0,0,0,0,0,0,0,0,0,0,0,0,0,0,0,0,0,0,0,0,0,0,0,0,0,0,0,0,0,0,0,0,0,0,0,0,0,0,0,0,0,0,0,0,0,0,0,0,0,0,0,0,0,0,0,86.39833015130134,4.211141494344594,1.143099616187191,190.9,0.7126,0.0,0.0,0.0,0.0,0.0,0.0,0.0,0.0,0.0,0.0,0.0,0.0,0.0,0.0,7.278158209562017e-05,18.19539552390504,0.0,0.0,0.0,0.0,0.0,0.0,0.0,0.0,0.0,0.0,0.0,0.0,0.0,0.0,0.0,0.0,0.0,0.0,0.0,0.0,0.0,0.0,0.0,0.0,0.0,0.0,0.0,0.0,0.0,0.0,0.0,0.0,0.0,0.0
219,J4,CC(C)C1=CC(C(C)C)=CC(C(C)C)=C1C2=C([P+](C3CCCCC3)([Pd-2]4(OS(C)(=O)=O)C(C=CC=C5)=C5C6=C([NH+]4C)C=CC=C6)C7CCCCC7)C=CC=C2,XPhos Pd G4,0.06883952 milligram,0.08000000000000002 micromole,0.06883952000000002 microliter,C47H64NO3PPdS,CN1C=NC=C(C1=O)Br,"5-bromo-3-methyl-3,4-dihydropyrimidin-4-one",0.07560479999999999 milligram,0.4 micromole,0.0756048 microliter,C5H5BrN2O,CC1(C)OB(C2=CC3=C(NC=C3)C=C2)OC1(C)C,"5-(tetramethyl-1,3,2-dioxaborolan-2-yl)-1H-indole",0.11669520000000001 milligram,0.48000000000000004 micromole,0.11669520000000004 microliter,C14H18BNO2,[Na+].[Na+].[O-]C([O-])=O,Na2CO3,0.31796399999999997 milligram,3.0 micromole,0.317964 microliter,CNa2O3,CN1C=NC2=C1C(=O)N(C(=O)N2C)C,caffeine,0.0776764 milligram,0.4 micromole,0.07767640000000002 microliter,C8H10N4O2,C1COCCO1,dioxane,16.2225 milligram,184.12480421310696 micromole,15.75 microliter,C4H8O2,O,water,1.75 milligram,97.1412711629198 micromole,1.75 microliter,H2O,Cn1cncc(-c2ccc3[nH]ccc3c2)c1=O,suzuki_product_0,0.0 milligram,0.0 micromole,0 microliter,C13H11N3O,Cn1cnccc1=O,dehalogenation_0,0.0 milligram,0.0 micromole,0 microliter,C5H6N2O,c1ccc2[nH]ccc2c1,deborylation_0,0.0 milligram,0.0 micromole,0 microliter,C8H7N,CN1C=NC=C(C1=O)Br.CC1(C)OB(C2=CC3=C(NC=C3)C=C2)OC1(C)C>>Cn1cncc(-c2ccc3[nH]ccc3c2)c1=O.Cn1cnccc1=O.c1ccc2[nH]ccc2c1,004_RLN-NB-2443_011_J4,,,,,,,,,,,,,,,,,,,,,6/9/2023 4:49:28 PM,004_rln-nb-2443_011_j4.raw,2min_150_1200.EXP,004_RLN-NB-2443_011_J4,004_RLN-NB-2443_011_J4_004_RLN-NB-2443_011_J4_004_,Rxn_Opt_HSST3_2_98,Analog,1.0995355129003572,0,5.388708001177328,15.450551064461528,0.866,4.900894912400767,0.736,0,0,0,False,117.05784922892,1.25,deborylation_0,0,0,0,0,0,200.18698396879336,14.051889077876192,4.900894912400767,194.9,0.736,0,0,0,0,0,0,0,0,0,0,0,0,0,0,0,0,0,0,0,0,0,0,0,0,0,0,0,0,0,0,0,0,0,0,0,0,0,0,0,0,0,0,0,0,0,0,0,0,0,0,0,0,0,0,0,0,0,0,0,0,0,0,0,0,0,0,0,0,0,0,0,0,0,0,0,0,0,0,0,0,188.69902918207015,15.450551064461527,5.388708001177328,226.0,0.866,0.0,0.0,0.0,0.0,0.0,0.0,0.0,0.0,0.0,0.0,0.0,0.0,0.0,0.0,0.0004398142051601429,109.95355129003572,0.0,0.0,0.0,0.0,0.0,0.0,0.0,0.0,0.0,0.0,0.0,0.0,0.0,0.0,0.0,0.0,0.0,0.0,0.0,0.0,0.0,0.0,0.0,0.0,0.0,0.0,0.0,0.0,0.0,0.0,0.0,0.0,0.0,0.0
220,J5,CC(C)C1=CC(C(C)C)=CC(C(C)C)=C1C2=C([P+](C3CCCCC3)([Pd-2]4(OS(C)(=O)=O)C(C=CC=C5)=C5C6=C([NH+]4C)C=CC=C6)C7CCCCC7)C=CC=C2,XPhos Pd G4,0.06883952 milligram,0.08000000000000002 micromole,0.06883952000000002 microliter,C47H64NO3PPdS,CN1C=NC=C(C1=O)Br,"5-bromo-3-methyl-3,4-dihydropyrimidin-4-one",0.07560479999999999 milligram,0.4 micromole,0.0756048 microliter,C5H5BrN2O,O=[N+](C1=CC=CC=C1B2OC(C)(C)C(C)(C)O2)[O-],"4,4,5,5-tetramethyl-2-(2-nitrophenyl)-1,3,2-dioxaborolane",0.11955599999999997 milligram,0.48000000000000004 micromole,0.119556 microliter,C12H16BNO4,[Na+].[Na+].[O-]C([O-])=O,Na2CO3,0.31796399999999997 milligram,3.0 micromole,0.317964 microliter,CNa2O3,CN1C=NC2=C1C(=O)N(C(=O)N2C)C,caffeine,0.0776764 milligram,0.4 micromole,0.07767640000000002 microliter,C8H10N4O2,C1COCCO1,dioxane,16.2225 milligram,184.12480421310696 micromole,15.75 microliter,C4H8O2,O,water,1.75 milligram,97.1412711629198 micromole,1.75 microliter,H2O,Cn1cncc(-c2ccccc2[N+](=O)[O-])c1=O,suzuki_product_0,0.0 milligram,0.0 micromole,0 microliter,C11H9N3O3,Cn1cnccc1=O,dehalogenation_0,0.0 milligram,0.0 micromole,0 microliter,C5H6N2O,O=[N+]([O-])c1ccccc1,deborylation_0,0.0 milligram,0.0 micromole,0 microliter,C6H5NO2,CN1C=NC=C(C1=O)Br.O=[N+](C1=CC=CC=C1B2OC(C)(C)C(C)(C)O2)[O-]>>Cn1cncc(-c2ccccc2[N+](=O)[O-])c1=O.Cn1cnccc1=O.O=[N+]([O-])c1ccccc1,004_RLN-NB-2443_011_J5,,,,,,,,,,,,,,,,,,,,,6/9/2023 4:51:55 PM,004_rln-nb-2443_011_j5.raw,2min_150_1200.EXP,004_RLN-NB-2443_011_J5,004_RLN-NB-2443_011_J5_004_RLN-NB-2443_011_J5_00,Rxn_Opt_HSST3_2_98,Analog,1.0261018410083305,0,5.016126824866536,16.665976255680444,0.8793,4.8885272634705395,0.7376,0,0,0,False,123.03202840392001,1.25,deborylation_0,0,0,0,0,0,185.07090395011892,16.242029386969143,4.8885272634705395,194.9,0.7376,0,0,0,0,0,0,0,0,0,0,0,0,0,0,0,0,0,0,0,0,0,0,0,0,0,0,0,0,0,0,0,0,0,0,0,0,0,0,0,0,0,0,0,0,0,0,0,0,0,0,0,0,0,0,0,0,0,0,0,0,0,0,0,0,0,0,0,0,0,0,0,0,0,0,0,0,0,0,0,0,187.61165102600356,16.665976255680444,5.016126824866536,231.9,0.8793,0.0,0.0,0.0,0.0,0.0,0.0,0.0,0.0,0.0,0.0,0.0,0.0,0.0,0.0,0.00041044073640333223,102.61018410083305,0.0,0.0,0.0,0.0,0.0,0.0,0.0,0.0,0.0,0.0,0.0,0.0,0.0,0.0,0.0,0.0,0.0,0.0,0.0,0.0,0.0,0.0,0.0,0.0,0.0,0.0,0.0,0.0,0.0,0.0,0.0,0.0,0.0,0.0
221,J6,CC(C)C1=CC(C(C)C)=CC(C(C)C)=C1C2=C([P+](C3CCCCC3)([Pd-2]4(OS(C)(=O)=O)C(C=CC=C5)=C5C6=C([NH+]4C)C=CC=C6)C7CCCCC7)C=CC=C2,XPhos Pd G4,0.06883952 milligram,0.08000000000000002 micromole,0.06883952000000002 microliter,C47H64NO3PPdS,CN1C=NC=C(C1=O)Br,"5-bromo-3-methyl-3,4-dihydropyrimidin-4-one",0.07560479999999999 milligram,0.4 micromole,0.0756048 microliter,C5H5BrN2O,O=C(O)C1=CC=CC(B2OC(C)(C)C(C)(C)O2)=C1,"3-(tetramethyl-1,3,2-dioxaborolan-2-yl)benzoic acid",0.11908175999999998 milligram,0.48000000000000004 micromole,0.11908176000000001 microliter,C13H17BO4,[Na+].[Na+].[O-]C([O-])=O,Na2CO3,0.31796399999999997 milligram,3.0 micromole,0.317964 microliter,CNa2O3,CN1C=NC2=C1C(=O)N(C(=O)N2C)C,caffeine,0.0776764 milligram,0.4 micromole,0.07767640000000002 microliter,C8H10N4O2,C1COCCO1,dioxane,16.2225 milligram,184.12480421310696 micromole,15.75 microliter,C4H8O2,O,water,1.75 milligram,97.1412711629198 micromole,1.75 microliter,H2O,Cn1cncc(-c2cccc(C(=O)O)c2)c1=O,suzuki_product_0,0.0 milligram,0.0 micromole,0 microliter,C12H10N2O3,Cn1cnccc1=O,dehalogenation_0,0.0 milligram,0.0 micromole,0 microliter,C5H6N2O,O=C(O)c1ccccc1,deborylation_0,0.0 milligram,0.0 micromole,0 microliter,C7H6O2,CN1C=NC=C(C1=O)Br.O=C(O)C1=CC=CC(B2OC(C)(C)C(C)(C)O2)=C1>>Cn1cncc(-c2cccc(C(=O)O)c2)c1=O.Cn1cnccc1=O.O=C(O)c1ccccc1,004_RLN-NB-2443_011_J6,,,,,,,,,,,,,,,,,,,,,6/9/2023 4:54:22 PM,004_rln-nb-2443_011_j6.raw,2min_150_1200.EXP,004_RLN-NB-2443_011_J6,004_RLN-NB-2443_011_J6_004_RLN-NB-2443_011_J6_004,Rxn_Opt_HSST3_2_98,Analog,0.6305106274544037,0,3.1669353699861618,2.91575508250284,1.0626,5.022810452493418,0.736,0,0,0,False,122.03677943156,1.25,deborylation_0,0,0,0,0,0,203.83932742609258,14.176064047621953,5.022810452493418,195,0.736,0,0,0,0,0,0,0,0,0,0,0,0,0,0,0,0,0,0,0,0,0,0,0,0,0,0,0,0,0,0,0,0,0,0,0,0,0,0,0,0,0,0,0,0,0,0,0,0,0,0,0,0,0,0,0,0,0,0,0,0,0,0,0,0,0,0,0,0,0,0,0,0,0,0,0,0,0,0,0,0,141.6016270237433,11.853914120002772,4.200034900018466,462.0,1.8601999999999999,0.0,0.0,0.0,0.0,0.0,0.0,0.0,0.0,0.0,0.0,0.0,0.0,0.0,0.0,0.0003344768782133508,83.61921955333769,0.0,0.0,0.0,0.0,0.0,0.0,0.0,0.0,0.0,0.0,0.0,0.0,0.0,0.0,0.0,0.0,0.0,0.0,0.0,0.0,0.0,0.0,0.0,0.0,0.0,0.0,0.0,0.0,0.0,0.0,0.0,0.0,0.0,0.0
222,J7,NC1=C(C=CC=C1)C2=C([Pd]OS(C)(=O)=O)C=CC=C2.CN(C)C3=CC=C(C=C3)P(C(C)(C)C)C(C)(C)C,APhos Pd G3,0.050809520000000004 milligram,0.08000000000000002 micromole,0.05080952000000002 microliter,C29H41N2O3PPdS,CN1C=NC=C(C1=O)Br,"5-bromo-3-methyl-3,4-dihydropyrimidin-4-one",0.07560479999999999 milligram,0.4 micromole,0.0756048 microliter,C5H5BrN2O,B1(OC(C(O1)(C)C)(C)C)C2=CN(N=C2C)C,"1,3-dimethyl-4-(4,4,5,5-tetramethyl-1,3,2-dioxaborolan-2-yl)-1H-pyrazole",0.10660655999999999 milligram,0.48000000000000004 micromole,0.10660656000000002 microliter,C11H19BN2O2,[Na+].[Na+].[O-]C([O-])=O,Na2CO3,0.31796399999999997 milligram,3.0 micromole,0.317964 microliter,CNa2O3,CN1C=NC2=C1C(=O)N(C(=O)N2C)C,caffeine,0.0776764 milligram,0.4 micromole,0.07767640000000002 microliter,C8H10N4O2,C1COCCO1,dioxane,16.2225 milligram,184.12480421310696 micromole,15.75 microliter,C4H8O2,O,water,1.75 milligram,97.1412711629198 micromole,1.75 microliter,H2O,Cc1nn(C)cc1-c1cncn(C)c1=O,suzuki_product_0,0.0 milligram,0.0 micromole,0 microliter,C10H12N4O,Cn1cnccc1=O,dehalogenation_0,0.0 milligram,0.0 micromole,0 microliter,C5H6N2O,Cc1ccn(C)n1,deborylation_0,0.0 milligram,0.0 micromole,0 microliter,C5H8N2,CN1C=NC=C(C1=O)Br.B1(OC(C(O1)(C)C)(C)C)C2=CN(N=C2C)C>>Cc1nn(C)cc1-c1cncn(C)c1=O.Cn1cnccc1=O.Cc1ccn(C)n1,004_RLN-NB-2443_011_J7,,,,,,,,,,,,,,,,,,,,,6/9/2023 4:56:49 PM,004_rln-nb-2443_011_j7.raw,2min_150_1200.EXP,004_RLN-NB-2443_011_J7,004_RLN-NB-2443_011_J7_004_RLN-NB-2443_011_J7_0,Rxn_Opt_HSST3_2_98,Analog,0,0,0,0,0,5.675555675180448,0.736,0,0,0,False,96.06874826542,1.25,deborylation_0,0,0,0,0,0,196.92080725404995,28.164848537395677,5.675555675180448,195,0.736,0,0,0,0,0,0,0,0,0,0,0,0,0,0,0,0,0,0,0,0,0,0,0,0,0,0,0,0,0,0,0,0,0,0,0,0,0,0,0,0,0,0,0,0,0,0,0,0,0,0,0,0,0,0,0,0,0,0,0,0,0,0,0,0,0,0,0,0,0,0,0,0,0,0,0,0,0,0,0,0,0.0,0.0,0.0,0.0,0.0,0.0,0.0,0.0,0.0,0.0,0.0,0.0,0.0,0.0,0.0,0.0,0.0,0.0,0.0,0.0,0.0,0.0,0.0,0.0,0.0,0.0,0.0,0.0,0.0,0.0,0.0,0.0,0.0,0.0,0.0,0.0,0.0,0.0,0.0,0.0,0.0,0.0,0.0,0.0,0.0,0.0,0.0,0.0,0.0,0.0,0.0,0.0,0.0,0.0,0.0
223,J8,NC1=C(C=CC=C1)C2=C([Pd]OS(C)(=O)=O)C=CC=C2.CN(C)C3=CC=C(C=C3)P(C(C)(C)C)C(C)(C)C,APhos Pd G3,0.050809520000000004 milligram,0.08000000000000002 micromole,0.05080952000000002 microliter,C29H41N2O3PPdS,CN1C=NC=C(C1=O)Br,"5-bromo-3-methyl-3,4-dihydropyrimidin-4-one",0.07560479999999999 milligram,0.4 micromole,0.0756048 microliter,C5H5BrN2O,B1(OC(C(O1)(C)C)(C)C)C2=CN=C(C=C2)C,"2-methyl-5-(4,4,5,5-tetramethyl-1,3,2-dioxaborolan-2-yl)pyridine",0.10516464 milligram,0.48000000000000004 micromole,0.10516464000000003 microliter,C12H18BNO2,[Na+].[Na+].[O-]C([O-])=O,Na2CO3,0.31796399999999997 milligram,3.0 micromole,0.317964 microliter,CNa2O3,CN1C=NC2=C1C(=O)N(C(=O)N2C)C,caffeine,0.0776764 milligram,0.4 micromole,0.07767640000000002 microliter,C8H10N4O2,C1COCCO1,dioxane,16.2225 milligram,184.12480421310696 micromole,15.75 microliter,C4H8O2,O,water,1.75 milligram,97.1412711629198 micromole,1.75 microliter,H2O,Cc1ccc(-c2cncn(C)c2=O)cn1,suzuki_product_0,0.0 milligram,0.0 micromole,0 microliter,C11H11N3O,Cn1cnccc1=O,dehalogenation_0,0.0 milligram,0.0 micromole,0 microliter,C5H6N2O,Cc1ccccn1,deborylation_0,0.0 milligram,0.0 micromole,0 microliter,C6H7N,CN1C=NC=C(C1=O)Br.B1(OC(C(O1)(C)C)(C)C)C2=CN=C(C=C2)C>>Cc1ccc(-c2cncn(C)c2=O)cn1.Cn1cnccc1=O.Cc1ccccn1,004_RLN-NB-2443_011_J8,,,,,,,,,,,,,,,,,,,,,6/9/2023 4:59:16 PM,004_rln-nb-2443_011_j8.raw,2min_150_1200.EXP,004_RLN-NB-2443_011_J8,004_RLN-NB-2443_011_J8_004_RLN-NB-2443_011_J8_004,Rxn_Opt_HSST3_2_98,Analog,0.058776277696632004,0,0.30860550112267626,1.504735242181699,0.5826,5.2505111452534186,0.7343,0,0,0,False,93.05784922892,1.25,deborylation_0,0,0,0,0,0,199.51302779211642,25.60106391813791,5.2505111452534186,195,0.7343,0,0,0,0,0,0,0,0,0,0,0,0,0,0,0,0,0,0,0,0,0,0,0,0,0,0,0,0,0,0,0,0,0,0,0,0,0,0,0,0,0,0,0,0,0,0,0,0,0,0,0,0,0,0,0,0,0,0,0,0,0,0,0,0,0,0,0,0,0,0,0,0,0,0,0,0,0,0,0,0,11.483821979480288,1.5047352421816995,0.30860550112267626,202.0,0.5826,0.0,0.0,0.0,0.0,0.0,0.0,0.0,0.0,0.0,0.0,0.0,0.0,0.0,0.0,2.3510511078652804e-05,5.877627769663201,0.0,0.0,0.0,0.0,0.0,0.0,0.0,0.0,0.0,0.0,0.0,0.0,0.0,0.0,0.0,0.0,0.0,0.0,0.0,0.0,0.0,0.0,0.0,0.0,0.0,0.0,0.0,0.0,0.0,0.0,0.0,0.0,0.0,0.0
224,J9,NC1=C(C=CC=C1)C2=C([Pd]OS(C)(=O)=O)C=CC=C2.CN(C)C3=CC=C(C=C3)P(C(C)(C)C)C(C)(C)C,APhos Pd G3,0.050809520000000004 milligram,0.08000000000000002 micromole,0.05080952000000002 microliter,C29H41N2O3PPdS,CN1C=NC=C(C1=O)Br,"5-bromo-3-methyl-3,4-dihydropyrimidin-4-one",0.07560479999999999 milligram,0.4 micromole,0.0756048 microliter,C5H5BrN2O,CC1(C)OB(C2=CN(C)N=C2)OC1(C)C,"1-methyl-4-(tetramethyl-1,3,2-dioxaborolan-2-yl)-1H-pyrazole",0.09987359999999999 milligram,0.48000000000000004 micromole,0.09987360000000002 microliter,C10H17BN2O2,[Na+].[Na+].[O-]C([O-])=O,Na2CO3,0.31796399999999997 milligram,3.0 micromole,0.317964 microliter,CNa2O3,CN1C=NC2=C1C(=O)N(C(=O)N2C)C,caffeine,0.0776764 milligram,0.4 micromole,0.07767640000000002 microliter,C8H10N4O2,C1COCCO1,dioxane,16.2225 milligram,184.12480421310696 micromole,15.75 microliter,C4H8O2,O,water,1.75 milligram,97.1412711629198 micromole,1.75 microliter,H2O,Cn1cc(-c2cncn(C)c2=O)cn1,suzuki_product_0,0.0 milligram,0.0 micromole,0 microliter,C9H10N4O,Cn1cnccc1=O,dehalogenation_0,0.0 milligram,0.0 micromole,0 microliter,C5H6N2O,Cn1cccn1,deborylation_0,0.0 milligram,0.0 micromole,0 microliter,C4H6N2,CN1C=NC=C(C1=O)Br.CC1(C)OB(C2=CN(C)N=C2)OC1(C)C>>Cn1cc(-c2cncn(C)c2=O)cn1.Cn1cnccc1=O.Cn1cccn1,004_RLN-NB-2443_011_J9,,,,,,,,,,,,,,,,,,,,,6/9/2023 5:01:43 PM,004_rln-nb-2443_011_j9.raw,2min_150_1200.EXP,004_RLN-NB-2443_011_J9,004_RLN-NB-2443_011_J9_004_RLN-NB-2443_011_J9_00,Rxn_Opt_HSST3_2_98,Analog,0.12826400832536816,0,0.7145199929820927,3.4845968122023603,0.7143,5.5706975192102615,0.736,0,0,0,False,82.05309820128,1.25,deborylation_0,0,0,0,0,0,200.69294626691723,27.16737811095815,5.5706975192102615,194.9,0.736,0,0,0,0,0,0,0,0,0,0,0,0,0,0,0,0,0,0,0,0,0,0,0,0,0,0,0,0,0,0,0,0,0,0,0,0,0,0,0,0,0,0,0,0,0,0,0,0,0,0,0,0,0,0,0,0,0,0,0,0,0,0,0,0,0,0,0,0,0,0,0,0,0,0,0,0,0,0,0,0,58.605236786273366,3.484596812202361,0.7145199929820927,190.8,0.7143,0.0,0.0,0.0,0.0,0.0,0.0,0.0,0.0,0.0,0.0,0.0,0.0,0.0,0.0,5.1305603330147267e-05,12.826400832536816,0.0,0.0,0.0,0.0,0.0,0.0,0.0,0.0,0.0,0.0,0.0,0.0,0.0,0.0,0.0,0.0,0.0,0.0,0.0,0.0,0.0,0.0,0.0,0.0,0.0,0.0,0.0,0.0,0.0,0.0,0.0,0.0,0.0,0.0
225,J10,NC1=C(C=CC=C1)C2=C([Pd]OS(C)(=O)=O)C=CC=C2.CN(C)C3=CC=C(C=C3)P(C(C)(C)C)C(C)(C)C,APhos Pd G3,0.050809520000000004 milligram,0.08000000000000002 micromole,0.05080952000000002 microliter,C29H41N2O3PPdS,CN1C=NC=C(C1=O)Br,"5-bromo-3-methyl-3,4-dihydropyrimidin-4-one",0.07560479999999999 milligram,0.4 micromole,0.0756048 microliter,C5H5BrN2O,CC1(C)OB(C2=CC3=C(NC=C3)C=C2)OC1(C)C,"5-(tetramethyl-1,3,2-dioxaborolan-2-yl)-1H-indole",0.11669520000000001 milligram,0.48000000000000004 micromole,0.11669520000000004 microliter,C14H18BNO2,[Na+].[Na+].[O-]C([O-])=O,Na2CO3,0.31796399999999997 milligram,3.0 micromole,0.317964 microliter,CNa2O3,CN1C=NC2=C1C(=O)N(C(=O)N2C)C,caffeine,0.0776764 milligram,0.4 micromole,0.07767640000000002 microliter,C8H10N4O2,C1COCCO1,dioxane,16.2225 milligram,184.12480421310696 micromole,15.75 microliter,C4H8O2,O,water,1.75 milligram,97.1412711629198 micromole,1.75 microliter,H2O,Cn1cncc(-c2ccc3[nH]ccc3c2)c1=O,suzuki_product_0,0.0 milligram,0.0 micromole,0 microliter,C13H11N3O,Cn1cnccc1=O,dehalogenation_0,0.0 milligram,0.0 micromole,0 microliter,C5H6N2O,c1ccc2[nH]ccc2c1,deborylation_0,0.0 milligram,0.0 micromole,0 microliter,C8H7N,CN1C=NC=C(C1=O)Br.CC1(C)OB(C2=CC3=C(NC=C3)C=C2)OC1(C)C>>Cn1cncc(-c2ccc3[nH]ccc3c2)c1=O.Cn1cnccc1=O.c1ccc2[nH]ccc2c1,004_RLN-NB-2443_011_J10,,,,,,,,,,,,,,,,,,,,,6/9/2023 5:04:10 PM,004_rln-nb-2443_011_j10.raw,2min_150_1200.EXP,004_RLN-NB-2443_011_J10,004_RLN-NB-2443_011_J10_004_RLN-NB-2443_011_J10_0,Rxn_Opt_HSST3_2_98,Analog,0.42171298428529097,0,2.0595740094537187,9.30953733660112,0.8626,4.8838287797664925,0.7343,0,0,0,False,117.05784922892,1.25,deborylation_0,0,0,0,0,0,188.60909847024652,22.075529290089797,4.8838287797664925,194.9,0.7343,0,0,0,0,0,0,0,0,0,0,0,0,0,0,0,0,0,0,0,0,0,0,0,0,0,0,0,0,0,0,0,0,0,0,0,0,0,0,0,0,0,0,0,0,0,0,0,0,0,0,0,0,0,0,0,0,0,0,0,0,0,0,0,0,0,0,0,0,0,0,0,0,0,0,0,0,0,0,0,0,89.34789024273458,9.30953733660112,2.0595740094537187,225.9,0.8626,0.0,0.0,0.0,0.0,0.0,0.0,0.0,0.0,0.0,0.0,0.0,0.0,0.0,0.0,0.0001686851937141164,42.1712984285291,0.0,0.0,0.0,0.0,0.0,0.0,0.0,0.0,0.0,0.0,0.0,0.0,0.0,0.0,0.0,0.0,0.0,0.0,0.0,0.0,0.0,0.0,0.0,0.0,0.0,0.0,0.0,0.0,0.0,0.0,0.0,0.0,0.0,0.0
226,J11,NC1=C(C=CC=C1)C2=C([Pd]OS(C)(=O)=O)C=CC=C2.CN(C)C3=CC=C(C=C3)P(C(C)(C)C)C(C)(C)C,APhos Pd G3,0.050809520000000004 milligram,0.08000000000000002 micromole,0.05080952000000002 microliter,C29H41N2O3PPdS,CN1C=NC=C(C1=O)Br,"5-bromo-3-methyl-3,4-dihydropyrimidin-4-one",0.07560479999999999 milligram,0.4 micromole,0.0756048 microliter,C5H5BrN2O,O=[N+](C1=CC=CC=C1B2OC(C)(C)C(C)(C)O2)[O-],"4,4,5,5-tetramethyl-2-(2-nitrophenyl)-1,3,2-dioxaborolane",0.11955599999999997 milligram,0.48000000000000004 micromole,0.119556 microliter,C12H16BNO4,[Na+].[Na+].[O-]C([O-])=O,Na2CO3,0.31796399999999997 milligram,3.0 micromole,0.317964 microliter,CNa2O3,CN1C=NC2=C1C(=O)N(C(=O)N2C)C,caffeine,0.0776764 milligram,0.4 micromole,0.07767640000000002 microliter,C8H10N4O2,C1COCCO1,dioxane,16.2225 milligram,184.12480421310696 micromole,15.75 microliter,C4H8O2,O,water,1.75 milligram,97.1412711629198 micromole,1.75 microliter,H2O,Cn1cncc(-c2ccccc2[N+](=O)[O-])c1=O,suzuki_product_0,0.0 milligram,0.0 micromole,0 microliter,C11H9N3O3,Cn1cnccc1=O,dehalogenation_0,0.0 milligram,0.0 micromole,0 microliter,C5H6N2O,O=[N+]([O-])c1ccccc1,deborylation_0,0.0 milligram,0.0 micromole,0 microliter,C6H5NO2,CN1C=NC=C(C1=O)Br.O=[N+](C1=CC=CC=C1B2OC(C)(C)C(C)(C)O2)[O-]>>Cn1cncc(-c2ccccc2[N+](=O)[O-])c1=O.Cn1cnccc1=O.O=[N+]([O-])c1ccccc1,004_RLN-NB-2443_011_J11,,,,,,,,,,,,,,,,,,,,,6/9/2023 5:06:37 PM,004_rln-nb-2443_011_j11.raw,2min_150_1200.EXP,004_RLN-NB-2443_011_J11,004_RLN-NB-2443_011_J11_004_RLN-NB-2443_011_J11,Rxn_Opt_HSST3_2_98,Analog,0.47784151079198645,0,2.4700926930717806,12.182604283847608,0.8776,5.169271897240128,0.736,0,0,0,False,123.03202840392001,1.25,deborylation_0,0,0,0,0,0,202.5779446676852,25.495073175320943,5.169271897240128,194.9,0.736,0,0,0,0,0,0,0,0,0,0,0,0,0,0,0,0,0,0,0,0,0,0,0,0,0,0,0,0,0,0,0,0,0,0,0,0,0,0,0,0,0,0,0,0,0,0,0,0,0,0,0,0,0,0,0,0,0,0,0,0,0,0,0,0,0,0,0,0,0,0,0,0,0,0,0,0,0,0,0,0,108.35374064506861,12.182604283847605,2.4700926930717806,232.0,0.8776,0.0,0.0,0.0,0.0,0.0,0.0,0.0,0.0,0.0,0.0,0.0,0.0,0.0,0.0,0.00019113660431679458,47.784151079198644,0.0,0.0,0.0,0.0,0.0,0.0,0.0,0.0,0.0,0.0,0.0,0.0,0.0,0.0,0.0,0.0,0.0,0.0,0.0,0.0,0.0,0.0,0.0,0.0,0.0,0.0,0.0,0.0,0.0,0.0,0.0,0.0,0.0,0.0
227,J12,NC1=C(C=CC=C1)C2=C([Pd]OS(C)(=O)=O)C=CC=C2.CN(C)C3=CC=C(C=C3)P(C(C)(C)C)C(C)(C)C,APhos Pd G3,0.050809520000000004 milligram,0.08000000000000002 micromole,0.05080952000000002 microliter,C29H41N2O3PPdS,CN1C=NC=C(C1=O)Br,"5-bromo-3-methyl-3,4-dihydropyrimidin-4-one",0.07560479999999999 milligram,0.4 micromole,0.0756048 microliter,C5H5BrN2O,O=C(O)C1=CC=CC(B2OC(C)(C)C(C)(C)O2)=C1,"3-(tetramethyl-1,3,2-dioxaborolan-2-yl)benzoic acid",0.11908175999999998 milligram,0.48000000000000004 micromole,0.11908176000000001 microliter,C13H17BO4,[Na+].[Na+].[O-]C([O-])=O,Na2CO3,0.31796399999999997 milligram,3.0 micromole,0.317964 microliter,CNa2O3,CN1C=NC2=C1C(=O)N(C(=O)N2C)C,caffeine,0.0776764 milligram,0.4 micromole,0.07767640000000002 microliter,C8H10N4O2,C1COCCO1,dioxane,16.2225 milligram,184.12480421310696 micromole,15.75 microliter,C4H8O2,O,water,1.75 milligram,97.1412711629198 micromole,1.75 microliter,H2O,Cn1cncc(-c2cccc(C(=O)O)c2)c1=O,suzuki_product_0,0.0 milligram,0.0 micromole,0 microliter,C12H10N2O3,Cn1cnccc1=O,dehalogenation_0,0.0 milligram,0.0 micromole,0 microliter,C5H6N2O,O=C(O)c1ccccc1,deborylation_0,0.0 milligram,0.0 micromole,0 microliter,C7H6O2,CN1C=NC=C(C1=O)Br.O=C(O)C1=CC=CC(B2OC(C)(C)C(C)(C)O2)=C1>>Cn1cncc(-c2cccc(C(=O)O)c2)c1=O.Cn1cnccc1=O.O=C(O)c1ccccc1,004_RLN-NB-2443_011_J12,,,,,,,,,,,,,,,,,,,,,6/9/2023 5:09:04 PM,004_rln-nb-2443_011_j12.raw,2min_150_1200.EXP,004_RLN-NB-2443_011_J12,004_RLN-NB-2443_011_J12_004_RLN-NB-2443_011_J12_,Rxn_Opt_HSST3_2_98,Analog,1.0358663104973773,0,4.490734490336339,15.289658931555975,0.7976,4.335245238528982,0.736,0,0,0,False,122.03677943156,1.25,deborylation_0,0,0,0,0,0,188.0867366741543,14.76026276423118,4.335245238528982,194.9,0.736,0,0,0,0,0,0,0,0,0,0,0,0,0,0,0,0,0,0,0,0,0,0,0,0,0,0,0,0,0,0,0,0,0,0,0,0,0,0,0,0,0,0,0,0,0,0,0,0,0,0,0,0,0,0,0,0,0,0,0,0,0,0,0,0,0,0,0,0,0,0,0,0,0,0,0,0,0,0,0,0,156.11237990665583,15.289658931555975,4.490734490336339,230.8,0.7976,0.0,0.0,0.0,0.0,0.0,0.0,0.0,0.0,0.0,0.0,0.0,0.0,0.0,0.0,0.00041434652419895096,103.58663104973773,0.0,0.0,0.0,0.0,0.0,0.0,0.0,0.0,0.0,0.0,0.0,0.0,0.0,0.0,0.0,0.0,0.0,0.0,0.0,0.0,0.0,0.0,0.0,0.0,0.0,0.0,0.0,0.0,0.0,0.0,0.0,0.0,0.0,0.0
228,J13,[Fe].Cl[Pd]Cl.[CH]1[CH][CH][C]([CH]1)P(C2CCCCC2)C3CCCCC3.[CH]4[CH][CH][C]([CH]4)P(C5CCCCC5)C6CCCCC6,PdCl2(dcypf),0.06047272000000001 milligram,0.08000000000000002 micromole,0.06047272000000002 microliter,C34H52Cl2FeP2Pd,CN1C=NC=C(C1=O)Br,"5-bromo-3-methyl-3,4-dihydropyrimidin-4-one",0.07560479999999999 milligram,0.4 micromole,0.0756048 microliter,C5H5BrN2O,B1(OC(C(O1)(C)C)(C)C)C2=CN(N=C2C)C,"1,3-dimethyl-4-(4,4,5,5-tetramethyl-1,3,2-dioxaborolan-2-yl)-1H-pyrazole",0.10660655999999999 milligram,0.48000000000000004 micromole,0.10660656000000002 microliter,C11H19BN2O2,[Na+].[Na+].[O-]C([O-])=O,Na2CO3,0.31796399999999997 milligram,3.0 micromole,0.317964 microliter,CNa2O3,CN1C=NC2=C1C(=O)N(C(=O)N2C)C,caffeine,0.0776764 milligram,0.4 micromole,0.07767640000000002 microliter,C8H10N4O2,C1COCCO1,dioxane,16.2225 milligram,184.12480421310696 micromole,15.75 microliter,C4H8O2,O,water,1.75 milligram,97.1412711629198 micromole,1.75 microliter,H2O,Cc1nn(C)cc1-c1cncn(C)c1=O,suzuki_product_0,0.0 milligram,0.0 micromole,0 microliter,C10H12N4O,Cn1cnccc1=O,dehalogenation_0,0.0 milligram,0.0 micromole,0 microliter,C5H6N2O,Cc1ccn(C)n1,deborylation_0,0.0 milligram,0.0 micromole,0 microliter,C5H8N2,CN1C=NC=C(C1=O)Br.B1(OC(C(O1)(C)C)(C)C)C2=CN(N=C2C)C>>Cc1nn(C)cc1-c1cncn(C)c1=O.Cn1cnccc1=O.Cc1ccn(C)n1,004_RLN-NB-2443_011_J13,,,,,,,,,,,,,,,,,,,,,6/9/2023 5:11:31 PM,004_rln-nb-2443_011_j13.raw,2min_150_1200.EXP,004_RLN-NB-2443_011_J13,004_RLN-NB-2443_011_J13_004_RLN-NB-2443_011_J1,Rxn_Opt_HSST3_2_98,Analog,0,0,0,0,0,5.528972678852424,0.736,0,0,0,False,96.06874826542,1.25,deborylation_0,0,0,0,0,0,208.40053934813136,77.32813124883884,5.528972678852424,194.9,0.736,0,0,0,0,0,0,0,0,0,0,0,0,0,0,0,0,0,0,0,0,0,0,0,0,0,0,0,0,0,0,0,0,0,0,0,0,0,0,0,0,0,0,0,0,0,0,0,0,0,0,0,0,0,0,0,0,0,0,0,0,0,0,0,0,0,0,0,0,0,0,0,0,0,0,0,0,0,0,0,0,0.0,0.0,0.0,0.0,0.0,0.0,0.0,0.0,0.0,0.0,0.0,0.0,0.0,0.0,0.0,0.0,0.0,0.0,0.0,0.0,0.0,0.0,0.0,0.0,0.0,0.0,0.0,0.0,0.0,0.0,0.0,0.0,0.0,0.0,0.0,0.0,0.0,0.0,0.0,0.0,0.0,0.0,0.0,0.0,0.0,0.0,0.0,0.0,0.0,0.0,0.0,0.0,0.0,0.0,0.0
229,J14,[Fe].Cl[Pd]Cl.[CH]1[CH][CH][C]([CH]1)P(C2CCCCC2)C3CCCCC3.[CH]4[CH][CH][C]([CH]4)P(C5CCCCC5)C6CCCCC6,PdCl2(dcypf),0.06047272000000001 milligram,0.08000000000000002 micromole,0.06047272000000002 microliter,C34H52Cl2FeP2Pd,CN1C=NC=C(C1=O)Br,"5-bromo-3-methyl-3,4-dihydropyrimidin-4-one",0.07560479999999999 milligram,0.4 micromole,0.0756048 microliter,C5H5BrN2O,B1(OC(C(O1)(C)C)(C)C)C2=CN=C(C=C2)C,"2-methyl-5-(4,4,5,5-tetramethyl-1,3,2-dioxaborolan-2-yl)pyridine",0.10516464 milligram,0.48000000000000004 micromole,0.10516464000000003 microliter,C12H18BNO2,[Na+].[Na+].[O-]C([O-])=O,Na2CO3,0.31796399999999997 milligram,3.0 micromole,0.317964 microliter,CNa2O3,CN1C=NC2=C1C(=O)N(C(=O)N2C)C,caffeine,0.0776764 milligram,0.4 micromole,0.07767640000000002 microliter,C8H10N4O2,C1COCCO1,dioxane,16.2225 milligram,184.12480421310696 micromole,15.75 microliter,C4H8O2,O,water,1.75 milligram,97.1412711629198 micromole,1.75 microliter,H2O,Cc1ccc(-c2cncn(C)c2=O)cn1,suzuki_product_0,0.0 milligram,0.0 micromole,0 microliter,C11H11N3O,Cn1cnccc1=O,dehalogenation_0,0.0 milligram,0.0 micromole,0 microliter,C5H6N2O,Cc1ccccn1,deborylation_0,0.0 milligram,0.0 micromole,0 microliter,C6H7N,CN1C=NC=C(C1=O)Br.B1(OC(C(O1)(C)C)(C)C)C2=CN=C(C=C2)C>>Cc1ccc(-c2cncn(C)c2=O)cn1.Cn1cnccc1=O.Cc1ccccn1,004_RLN-NB-2443_011_J14,,,,,,,,,,,,,,,,,,,,,6/9/2023 5:13:59 PM,004_rln-nb-2443_011_j14.raw,2min_150_1200.EXP,004_RLN-NB-2443_011_J14,004_RLN-NB-2443_011_J14_004_RLN-NB-2443_011_J14_,Rxn_Opt_HSST3_2_98,Analog,0,0,0,0,0,5.133086171912531,0.736,0,0,0,False,93.05784922892,1.25,deborylation_0,0,0,0,0,0,197.151098739031,62.606214351278034,5.133086171912531,194.9,0.736,0,0,0,0,0,0,0,0,0,0,0,0,0,0,0,0,0,0,0,0,0,0,0,0,0,0,0,0,0,0,0,0,0,0,0,0,0,0,0,0,0,0,0,0,0,0,0,0,0,0,0,0,0,0,0,0,0,0,0,0,0,0,0,0,0,0,0,0,0,0,0,0,0,0,0,0,0,0,0,0,0.0,0.0,0.0,0.0,0.0,0.0,0.0,0.0,0.0,0.0,0.0,0.0,0.0,0.0,0.0,0.0,0.0,0.0,0.0,0.0,0.0,0.0,0.0,0.0,0.0,0.0,0.0,0.0,0.0,0.0,0.0,0.0,0.0,0.0,0.0,0.0,0.0,0.0,0.0,0.0,0.0,0.0,0.0,0.0,0.0,0.0,0.0,0.0,0.0,0.0,0.0,0.0,0.0,0.0,0.0
230,J15,[Fe].Cl[Pd]Cl.[CH]1[CH][CH][C]([CH]1)P(C2CCCCC2)C3CCCCC3.[CH]4[CH][CH][C]([CH]4)P(C5CCCCC5)C6CCCCC6,PdCl2(dcypf),0.06047272000000001 milligram,0.08000000000000002 micromole,0.06047272000000002 microliter,C34H52Cl2FeP2Pd,CN1C=NC=C(C1=O)Br,"5-bromo-3-methyl-3,4-dihydropyrimidin-4-one",0.07560479999999999 milligram,0.4 micromole,0.0756048 microliter,C5H5BrN2O,CC1(C)OB(C2=CN(C)N=C2)OC1(C)C,"1-methyl-4-(tetramethyl-1,3,2-dioxaborolan-2-yl)-1H-pyrazole",0.09987359999999999 milligram,0.48000000000000004 micromole,0.09987360000000002 microliter,C10H17BN2O2,[Na+].[Na+].[O-]C([O-])=O,Na2CO3,0.31796399999999997 milligram,3.0 micromole,0.317964 microliter,CNa2O3,CN1C=NC2=C1C(=O)N(C(=O)N2C)C,caffeine,0.0776764 milligram,0.4 micromole,0.07767640000000002 microliter,C8H10N4O2,C1COCCO1,dioxane,16.2225 milligram,184.12480421310696 micromole,15.75 microliter,C4H8O2,O,water,1.75 milligram,97.1412711629198 micromole,1.75 microliter,H2O,Cn1cc(-c2cncn(C)c2=O)cn1,suzuki_product_0,0.0 milligram,0.0 micromole,0 microliter,C9H10N4O,Cn1cnccc1=O,dehalogenation_0,0.0 milligram,0.0 micromole,0 microliter,C5H6N2O,Cn1cccn1,deborylation_0,0.0 milligram,0.0 micromole,0 microliter,C4H6N2,CN1C=NC=C(C1=O)Br.CC1(C)OB(C2=CN(C)N=C2)OC1(C)C>>Cn1cc(-c2cncn(C)c2=O)cn1.Cn1cnccc1=O.Cn1cccn1,004_RLN-NB-2443_011_J15,,,,,,,,,,,,,,,,,,,,,6/9/2023 5:16:26 PM,004_rln-nb-2443_011_j15.raw,2min_150_1200.EXP,004_RLN-NB-2443_011_J15,004_RLN-NB-2443_011_J15_004_RLN-NB-2443_011_J15,Rxn_Opt_HSST3_2_98,Analog,0,0,0,0,0,6.047989859879753,0.736,0,0,0,False,82.05309820128,1.25,deborylation_0,0,0,0,0,0,229.19945029288957,79.33931942386158,6.047989859879753,195,0.736,0,0,0,0,0,0,0,0,0,0,0,0,0,0,0,0,0,0,0,0,0,0,0,0,0,0,0,0,0,0,0,0,0,0,0,0,0,0,0,0,0,0,0,0,0,0,0,0,0,0,0,0,0,0,0,0,0,0,0,0,0,0,0,0,0,0,0,0,0,0,0,0,0,0,0,0,0,0,0,0,0.0,0.0,0.0,0.0,0.0,0.0,0.0,0.0,0.0,0.0,0.0,0.0,0.0,0.0,0.0,0.0,0.0,0.0,0.0,0.0,0.0,0.0,0.0,0.0,0.0,0.0,0.0,0.0,0.0,0.0,0.0,0.0,0.0,0.0,0.0,0.0,0.0,0.0,0.0,0.0,0.0,0.0,0.0,0.0,0.0,0.0,0.0,0.0,0.0,0.0,0.0,0.0,0.0,0.0,0.0
231,J16,[Fe].Cl[Pd]Cl.[CH]1[CH][CH][C]([CH]1)P(C2CCCCC2)C3CCCCC3.[CH]4[CH][CH][C]([CH]4)P(C5CCCCC5)C6CCCCC6,PdCl2(dcypf),0.06047272000000001 milligram,0.08000000000000002 micromole,0.06047272000000002 microliter,C34H52Cl2FeP2Pd,CN1C=NC=C(C1=O)Br,"5-bromo-3-methyl-3,4-dihydropyrimidin-4-one",0.07560479999999999 milligram,0.4 micromole,0.0756048 microliter,C5H5BrN2O,CC1(C)OB(C2=CC3=C(NC=C3)C=C2)OC1(C)C,"5-(tetramethyl-1,3,2-dioxaborolan-2-yl)-1H-indole",0.11669520000000001 milligram,0.48000000000000004 micromole,0.11669520000000004 microliter,C14H18BNO2,[Na+].[Na+].[O-]C([O-])=O,Na2CO3,0.31796399999999997 milligram,3.0 micromole,0.317964 microliter,CNa2O3,CN1C=NC2=C1C(=O)N(C(=O)N2C)C,caffeine,0.0776764 milligram,0.4 micromole,0.07767640000000002 microliter,C8H10N4O2,C1COCCO1,dioxane,16.2225 milligram,184.12480421310696 micromole,15.75 microliter,C4H8O2,O,water,1.75 milligram,97.1412711629198 micromole,1.75 microliter,H2O,Cn1cncc(-c2ccc3[nH]ccc3c2)c1=O,suzuki_product_0,0.0 milligram,0.0 micromole,0 microliter,C13H11N3O,Cn1cnccc1=O,dehalogenation_0,0.0 milligram,0.0 micromole,0 microliter,C5H6N2O,c1ccc2[nH]ccc2c1,deborylation_0,0.0 milligram,0.0 micromole,0 microliter,C8H7N,CN1C=NC=C(C1=O)Br.CC1(C)OB(C2=CC3=C(NC=C3)C=C2)OC1(C)C>>Cn1cncc(-c2ccc3[nH]ccc3c2)c1=O.Cn1cnccc1=O.c1ccc2[nH]ccc2c1,004_RLN-NB-2443_011_J16,,,,,,,,,,,,,,,,,,,,,6/9/2023 5:18:53 PM,004_rln-nb-2443_011_j16.raw,2min_150_1200.EXP,004_RLN-NB-2443_011_J16,004_RLN-NB-2443_011_J16_004_RLN-NB-2443_011_J16_,Rxn_Opt_HSST3_2_98,Analog,0.052382926193773265,0,0.32942058347814734,3.097457674898751,0.8626,6.288701441755375,0.736,1.4735771865996368,1.2726,0,False,117.05784922892,1.25,deborylation_0,0,0,0,0,0,207.4744708356246,59.13105471505607,6.288701441755375,195,0.736,0,0,0,0,0,0,0,0,0,0,69.82557839783193,13.855670213429564,1.4735771865996368,243.8,1.2726,0,0,0,0,0,0,0,0,0,0,0,0,0,0,0,0,0,0,0,0,0,0,0,0,0,0,0,0,0,0,0,0,0,0,0,0,0,0,0,0,0,0,0,0,0,0,0,0,0,0,0,0,0,0,0,0,0,0,0,0,0,0,0,0,0,13.591559954390554,3.0974576748987506,0.32942058347814734,225.9,0.8626,0.0,0.0,0.0,0.0,0.0,0.0,0.0,0.0,0.0,0.0,0.0,0.0,0.0,0.0,2.0953170477509307e-05,5.238292619377327,0.0,0.0,0.0,0.0,9.372855113238227e-05,23.432137783095566,0.0,0.0,0.0,0.0,0.0,0.0,0.0,0.0,0.0,0.0,0.0,0.0,0.0,0.0,0.0,0.0,0.0,0.0,0.0,0.0,0.0,0.0,0.0,0.0,0.0,0.0,0.0,0.0
232,J17,[Fe].Cl[Pd]Cl.[CH]1[CH][CH][C]([CH]1)P(C2CCCCC2)C3CCCCC3.[CH]4[CH][CH][C]([CH]4)P(C5CCCCC5)C6CCCCC6,PdCl2(dcypf),0.06047272000000001 milligram,0.08000000000000002 micromole,0.06047272000000002 microliter,C34H52Cl2FeP2Pd,CN1C=NC=C(C1=O)Br,"5-bromo-3-methyl-3,4-dihydropyrimidin-4-one",0.07560479999999999 milligram,0.4 micromole,0.0756048 microliter,C5H5BrN2O,O=[N+](C1=CC=CC=C1B2OC(C)(C)C(C)(C)O2)[O-],"4,4,5,5-tetramethyl-2-(2-nitrophenyl)-1,3,2-dioxaborolane",0.11955599999999997 milligram,0.48000000000000004 micromole,0.119556 microliter,C12H16BNO4,[Na+].[Na+].[O-]C([O-])=O,Na2CO3,0.31796399999999997 milligram,3.0 micromole,0.317964 microliter,CNa2O3,CN1C=NC2=C1C(=O)N(C(=O)N2C)C,caffeine,0.0776764 milligram,0.4 micromole,0.07767640000000002 microliter,C8H10N4O2,C1COCCO1,dioxane,16.2225 milligram,184.12480421310696 micromole,15.75 microliter,C4H8O2,O,water,1.75 milligram,97.1412711629198 micromole,1.75 microliter,H2O,Cn1cncc(-c2ccccc2[N+](=O)[O-])c1=O,suzuki_product_0,0.0 milligram,0.0 micromole,0 microliter,C11H9N3O3,Cn1cnccc1=O,dehalogenation_0,0.0 milligram,0.0 micromole,0 microliter,C5H6N2O,O=[N+]([O-])c1ccccc1,deborylation_0,0.0 milligram,0.0 micromole,0 microliter,C6H5NO2,CN1C=NC=C(C1=O)Br.O=[N+](C1=CC=CC=C1B2OC(C)(C)C(C)(C)O2)[O-]>>Cn1cncc(-c2ccccc2[N+](=O)[O-])c1=O.Cn1cnccc1=O.O=[N+]([O-])c1ccccc1,004_RLN-NB-2443_011_J17,,,,,,,,,,,,,,,,,,,,,6/9/2023 5:21:20 PM,004_rln-nb-2443_011_j17.raw,2min_150_1200.EXP,004_RLN-NB-2443_011_J17,004_RLN-NB-2443_011_J17_004_RLN-NB-2443_011_J1,Rxn_Opt_HSST3_2_98,Analog,0.10726605002927007,0,0.5884557991007698,6.8098314874729216,0.8776,5.485946382291469,0.736,0,0,0,False,123.03202840392001,1.25,deborylation_0,0,0,0,0,0,212.20806917762664,63.485431649759605,5.485946382291469,194.9,0.736,0,0,0,0,0,0,0,0,0,0,0,0,0,0,0,0,0,0,0,0,0,0,0,0,0,0,0,0,0,0,0,0,0,0,0,0,0,0,0,0,0,0,0,0,0,0,0,0,0,0,0,0,0,0,0,0,0,0,0,0,0,0,0,0,0,0,0,0,0,0,0,0,0,0,0,0,0,0,0,0,25.77984022487351,6.80983148747292,0.5884557991007698,232.0,0.8776,0.0,0.0,0.0,0.0,0.0,0.0,0.0,0.0,0.0,0.0,0.0,0.0,0.0,0.0,4.290642001170803e-05,10.726605002927007,0.0,0.0,0.0,0.0,0.0,0.0,0.0,0.0,0.0,0.0,0.0,0.0,0.0,0.0,0.0,0.0,0.0,0.0,0.0,0.0,0.0,0.0,0.0,0.0,0.0,0.0,0.0,0.0,0.0,0.0,0.0,0.0,0.0,0.0
233,J18,[Fe].Cl[Pd]Cl.[CH]1[CH][CH][C]([CH]1)P(C2CCCCC2)C3CCCCC3.[CH]4[CH][CH][C]([CH]4)P(C5CCCCC5)C6CCCCC6,PdCl2(dcypf),0.06047272000000001 milligram,0.08000000000000002 micromole,0.06047272000000002 microliter,C34H52Cl2FeP2Pd,CN1C=NC=C(C1=O)Br,"5-bromo-3-methyl-3,4-dihydropyrimidin-4-one",0.07560479999999999 milligram,0.4 micromole,0.0756048 microliter,C5H5BrN2O,O=C(O)C1=CC=CC(B2OC(C)(C)C(C)(C)O2)=C1,"3-(tetramethyl-1,3,2-dioxaborolan-2-yl)benzoic acid",0.11908175999999998 milligram,0.48000000000000004 micromole,0.11908176000000001 microliter,C13H17BO4,[Na+].[Na+].[O-]C([O-])=O,Na2CO3,0.31796399999999997 milligram,3.0 micromole,0.317964 microliter,CNa2O3,CN1C=NC2=C1C(=O)N(C(=O)N2C)C,caffeine,0.0776764 milligram,0.4 micromole,0.07767640000000002 microliter,C8H10N4O2,C1COCCO1,dioxane,16.2225 milligram,184.12480421310696 micromole,15.75 microliter,C4H8O2,O,water,1.75 milligram,97.1412711629198 micromole,1.75 microliter,H2O,Cn1cncc(-c2cccc(C(=O)O)c2)c1=O,suzuki_product_0,0.0 milligram,0.0 micromole,0 microliter,C12H10N2O3,Cn1cnccc1=O,dehalogenation_0,0.0 milligram,0.0 micromole,0 microliter,C5H6N2O,O=C(O)c1ccccc1,deborylation_0,0.0 milligram,0.0 micromole,0 microliter,C7H6O2,CN1C=NC=C(C1=O)Br.O=C(O)C1=CC=CC(B2OC(C)(C)C(C)(C)O2)=C1>>Cn1cncc(-c2cccc(C(=O)O)c2)c1=O.Cn1cnccc1=O.O=C(O)c1ccccc1,004_RLN-NB-2443_011_J18,,,,,,,,,,,,,,,,,,,,,6/9/2023 5:23:48 PM,004_rln-nb-2443_011_j18.raw,2min_150_1200.EXP,004_RLN-NB-2443_011_J18,004_RLN-NB-2443_011_J18_004_RLN-NB-2443_011_J18,Rxn_Opt_HSST3_2_98,Analog,0.7609744523893212,0,4.131985873854428,20.90291503985856,0.7976,5.4298614899366795,0.7376,0,0,0,False,122.03677943156,1.25,deborylation_0,0,0,0,0,0,220.69277553928558,27.468616028077182,5.4298614899366795,195,0.7376,0,0,0,0,0,0,0,0,0,0,0,0,0,0,0,0,0,0,0,0,0,0,0,0,0,0,0,0,0,0,0,0,0,0,0,0,0,0,0,0,0,0,0,0,0,0,0,0,0,0,0,0,0,0,0,0,0,0,0,0,0,0,0,0,0,0,0,0,0,0,0,0,0,0,0,0,0,0,0,0,141.05369531092657,20.90291503985856,4.131985873854428,230.9,0.7976,0.0,0.0,0.0,0.0,0.0,0.0,0.0,0.0,0.0,0.0,0.0,0.0,0.0,0.0,0.0003043897809557285,76.09744523893211,0.0,0.0,0.0,0.0,0.0,0.0,0.0,0.0,0.0,0.0,0.0,0.0,0.0,0.0,0.0,0.0,0.0,0.0,0.0,0.0,0.0,0.0,0.0,0.0,0.0,0.0,0.0,0.0,0.0,0.0,0.0,0.0,0.0,0.0
234,J19,COC1=CC=C(C(P(C(C)(C)C)C(C)(C)C)=C1C2=C(C=C(C=C2C(C)C)C(C)C)C(C)C)OC.NC3=C(C=CC=C3)C4=C(C=CC=C4)[Pd]OS(C)(=O)=O,tBuBrettPhos Pd G3,0.06835544000000003 milligram,0.08000000000000002 micromole,0.06835544000000005 microliter,C44H62NO5PPdS,CN1C=NC=C(C1=O)Br,"5-bromo-3-methyl-3,4-dihydropyrimidin-4-one",0.07560479999999999 milligram,0.4 micromole,0.0756048 microliter,C5H5BrN2O,B1(OC(C(O1)(C)C)(C)C)C2=CN(N=C2C)C,"1,3-dimethyl-4-(4,4,5,5-tetramethyl-1,3,2-dioxaborolan-2-yl)-1H-pyrazole",0.10660655999999999 milligram,0.48000000000000004 micromole,0.10660656000000002 microliter,C11H19BN2O2,[Na+].[Na+].[O-]C([O-])=O,Na2CO3,0.31796399999999997 milligram,3.0 micromole,0.317964 microliter,CNa2O3,CN1C=NC2=C1C(=O)N(C(=O)N2C)C,caffeine,0.0776764 milligram,0.4 micromole,0.07767640000000002 microliter,C8H10N4O2,C1COCCO1,dioxane,16.2225 milligram,184.12480421310696 micromole,15.75 microliter,C4H8O2,O,water,1.75 milligram,97.1412711629198 micromole,1.75 microliter,H2O,Cc1nn(C)cc1-c1cncn(C)c1=O,suzuki_product_0,0.0 milligram,0.0 micromole,0 microliter,C10H12N4O,Cn1cnccc1=O,dehalogenation_0,0.0 milligram,0.0 micromole,0 microliter,C5H6N2O,Cc1ccn(C)n1,deborylation_0,0.0 milligram,0.0 micromole,0 microliter,C5H8N2,CN1C=NC=C(C1=O)Br.B1(OC(C(O1)(C)C)(C)C)C2=CN(N=C2C)C>>Cc1nn(C)cc1-c1cncn(C)c1=O.Cn1cnccc1=O.Cc1ccn(C)n1,004_RLN-NB-2443_011_J19,,,,,,,,,,,,,,,,,,,,,6/9/2023 5:26:15 PM,004_rln-nb-2443_011_j19.raw,2min_150_1200.EXP,004_RLN-NB-2443_011_J19,004_RLN-NB-2443_011_J19_004_RLN-NB-2443_011_J19_,Rxn_Opt_HSST3_2_98,Analog,0,0,0,0,0,5.005376161807055,0.7343,0,0,0,False,96.06874826542,1.25,deborylation_0,0,0,0,0,0,199.24611653077784,20.206662641971445,5.005376161807055,194.9,0.7343,0,0,0,0,0,0,0,0,0,0,0,0,0,0,0,0,0,0,0,0,0,0,0,0,0,0,0,0,0,0,0,0,0,0,0,0,0,0,0,0,0,0,0,0,0,0,0,0,0,0,0,0,0,0,0,0,0,0,0,0,0,0,0,0,0,0,0,0,0,0,0,0,0,0,0,0,0,0,0,0,0.0,0.0,0.0,0.0,0.0,0.0,0.0,0.0,0.0,0.0,0.0,0.0,0.0,0.0,0.0,0.0,0.0,0.0,0.0,0.0,0.0,0.0,0.0,0.0,0.0,0.0,0.0,0.0,0.0,0.0,0.0,0.0,0.0,0.0,0.0,0.0,0.0,0.0,0.0,0.0,0.0,0.0,0.0,0.0,0.0,0.0,0.0,0.0,0.0,0.0,0.0,0.0,0.0,0.0,0.0
235,J20,COC1=CC=C(C(P(C(C)(C)C)C(C)(C)C)=C1C2=C(C=C(C=C2C(C)C)C(C)C)C(C)C)OC.NC3=C(C=CC=C3)C4=C(C=CC=C4)[Pd]OS(C)(=O)=O,tBuBrettPhos Pd G3,0.06835544000000003 milligram,0.08000000000000002 micromole,0.06835544000000005 microliter,C44H62NO5PPdS,CN1C=NC=C(C1=O)Br,"5-bromo-3-methyl-3,4-dihydropyrimidin-4-one",0.07560479999999999 milligram,0.4 micromole,0.0756048 microliter,C5H5BrN2O,B1(OC(C(O1)(C)C)(C)C)C2=CN=C(C=C2)C,"2-methyl-5-(4,4,5,5-tetramethyl-1,3,2-dioxaborolan-2-yl)pyridine",0.10516464 milligram,0.48000000000000004 micromole,0.10516464000000003 microliter,C12H18BNO2,[Na+].[Na+].[O-]C([O-])=O,Na2CO3,0.31796399999999997 milligram,3.0 micromole,0.317964 microliter,CNa2O3,CN1C=NC2=C1C(=O)N(C(=O)N2C)C,caffeine,0.0776764 milligram,0.4 micromole,0.07767640000000002 microliter,C8H10N4O2,C1COCCO1,dioxane,16.2225 milligram,184.12480421310696 micromole,15.75 microliter,C4H8O2,O,water,1.75 milligram,97.1412711629198 micromole,1.75 microliter,H2O,Cc1ccc(-c2cncn(C)c2=O)cn1,suzuki_product_0,0.0 milligram,0.0 micromole,0 microliter,C11H11N3O,Cn1cnccc1=O,dehalogenation_0,0.0 milligram,0.0 micromole,0 microliter,C5H6N2O,Cc1ccccn1,deborylation_0,0.0 milligram,0.0 micromole,0 microliter,C6H7N,CN1C=NC=C(C1=O)Br.B1(OC(C(O1)(C)C)(C)C)C2=CN=C(C=C2)C>>Cc1ccc(-c2cncn(C)c2=O)cn1.Cn1cnccc1=O.Cc1ccccn1,004_RLN-NB-2443_011_J20,,,,,,,,,,,,,,,,,,,,,6/9/2023 5:28:42 PM,004_rln-nb-2443_011_j20.raw,2min_150_1200.EXP,004_RLN-NB-2443_011_J20,004_RLN-NB-2443_011_J20_004_RLN-NB-2443_011_J20_00,Rxn_Opt_HSST3_2_98,Analog,0,0,0,0,0,5.478345348294552,0.7343,0,0,0,False,93.05784922892,1.25,deborylation_0,0,0,0,0,0,205.4169964541301,21.86346651970287,5.478345348294552,194.9,0.7343,0,0,0,0,0,0,0,0,0,0,0,0,0,0,0,0,0,0,0,0,0,0,0,0,0,0,0,0,0,0,0,0,0,0,0,0,0,0,0,0,0,0,0,0,0,0,0,0,0,0,0,0,0,0,0,0,0,0,0,0,0,0,0,0,0,0,0,0,0,0,0,0,0,0,0,0,0,0,0,0,0.0,0.0,0.0,0.0,0.0,0.0,0.0,0.0,0.0,0.0,0.0,0.0,0.0,0.0,0.0,0.0,0.0,0.0,0.0,0.0,0.0,0.0,0.0,0.0,0.0,0.0,0.0,0.0,0.0,0.0,0.0,0.0,0.0,0.0,0.0,0.0,0.0,0.0,0.0,0.0,0.0,0.0,0.0,0.0,0.0,0.0,0.0,0.0,0.0,0.0,0.0,0.0,0.0,0.0,0.0
236,J21,COC1=CC=C(C(P(C(C)(C)C)C(C)(C)C)=C1C2=C(C=C(C=C2C(C)C)C(C)C)C(C)C)OC.NC3=C(C=CC=C3)C4=C(C=CC=C4)[Pd]OS(C)(=O)=O,tBuBrettPhos Pd G3,0.06835544000000003 milligram,0.08000000000000002 micromole,0.06835544000000005 microliter,C44H62NO5PPdS,CN1C=NC=C(C1=O)Br,"5-bromo-3-methyl-3,4-dihydropyrimidin-4-one",0.07560479999999999 milligram,0.4 micromole,0.0756048 microliter,C5H5BrN2O,CC1(C)OB(C2=CN(C)N=C2)OC1(C)C,"1-methyl-4-(tetramethyl-1,3,2-dioxaborolan-2-yl)-1H-pyrazole",0.09987359999999999 milligram,0.48000000000000004 micromole,0.09987360000000002 microliter,C10H17BN2O2,[Na+].[Na+].[O-]C([O-])=O,Na2CO3,0.31796399999999997 milligram,3.0 micromole,0.317964 microliter,CNa2O3,CN1C=NC2=C1C(=O)N(C(=O)N2C)C,caffeine,0.0776764 milligram,0.4 micromole,0.07767640000000002 microliter,C8H10N4O2,C1COCCO1,dioxane,16.2225 milligram,184.12480421310696 micromole,15.75 microliter,C4H8O2,O,water,1.75 milligram,97.1412711629198 micromole,1.75 microliter,H2O,Cn1cc(-c2cncn(C)c2=O)cn1,suzuki_product_0,0.0 milligram,0.0 micromole,0 microliter,C9H10N4O,Cn1cnccc1=O,dehalogenation_0,0.0 milligram,0.0 micromole,0 microliter,C5H6N2O,Cn1cccn1,deborylation_0,0.0 milligram,0.0 micromole,0 microliter,C4H6N2,CN1C=NC=C(C1=O)Br.CC1(C)OB(C2=CN(C)N=C2)OC1(C)C>>Cn1cc(-c2cncn(C)c2=O)cn1.Cn1cnccc1=O.Cn1cccn1,004_RLN-NB-2443_011_J21,,,,,,,,,,,,,,,,,,,,,6/9/2023 5:31:09 PM,004_rln-nb-2443_011_j21.raw,2min_150_1200.EXP,004_RLN-NB-2443_011_J21,004_RLN-NB-2443_011_J21_004_RLN-NB-2443_011_J21_0,Rxn_Opt_HSST3_2_98,Analog,0,0,0,0,0,5.427925030962422,0.736,0,0,0,False,82.05309820128,1.25,deborylation_0,0,0,0,0,0,206.94205670402116,21.028545781639885,5.427925030962422,195,0.736,0,0,0,0,0,0,0,0,0,0,0,0,0,0,0,0,0,0,0,0,0,0,0,0,0,0,0,0,0,0,0,0,0,0,0,0,0,0,0,0,0,0,0,0,0,0,0,0,0,0,0,0,0,0,0,0,0,0,0,0,0,0,0,0,0,0,0,0,0,0,0,0,0,0,0,0,0,0,0,0,0.0,0.0,0.0,0.0,0.0,0.0,0.0,0.0,0.0,0.0,0.0,0.0,0.0,0.0,0.0,0.0,0.0,0.0,0.0,0.0,0.0,0.0,0.0,0.0,0.0,0.0,0.0,0.0,0.0,0.0,0.0,0.0,0.0,0.0,0.0,0.0,0.0,0.0,0.0,0.0,0.0,0.0,0.0,0.0,0.0,0.0,0.0,0.0,0.0,0.0,0.0,0.0,0.0,0.0,0.0
237,J22,COC1=CC=C(C(P(C(C)(C)C)C(C)(C)C)=C1C2=C(C=C(C=C2C(C)C)C(C)C)C(C)C)OC.NC3=C(C=CC=C3)C4=C(C=CC=C4)[Pd]OS(C)(=O)=O,tBuBrettPhos Pd G3,0.06835544000000003 milligram,0.08000000000000002 micromole,0.06835544000000005 microliter,C44H62NO5PPdS,CN1C=NC=C(C1=O)Br,"5-bromo-3-methyl-3,4-dihydropyrimidin-4-one",0.07560479999999999 milligram,0.4 micromole,0.0756048 microliter,C5H5BrN2O,CC1(C)OB(C2=CC3=C(NC=C3)C=C2)OC1(C)C,"5-(tetramethyl-1,3,2-dioxaborolan-2-yl)-1H-indole",0.11669520000000001 milligram,0.48000000000000004 micromole,0.11669520000000004 microliter,C14H18BNO2,[Na+].[Na+].[O-]C([O-])=O,Na2CO3,0.31796399999999997 milligram,3.0 micromole,0.317964 microliter,CNa2O3,CN1C=NC2=C1C(=O)N(C(=O)N2C)C,caffeine,0.0776764 milligram,0.4 micromole,0.07767640000000002 microliter,C8H10N4O2,C1COCCO1,dioxane,16.2225 milligram,184.12480421310696 micromole,15.75 microliter,C4H8O2,O,water,1.75 milligram,97.1412711629198 micromole,1.75 microliter,H2O,Cn1cncc(-c2ccc3[nH]ccc3c2)c1=O,suzuki_product_0,0.0 milligram,0.0 micromole,0 microliter,C13H11N3O,Cn1cnccc1=O,dehalogenation_0,0.0 milligram,0.0 micromole,0 microliter,C5H6N2O,c1ccc2[nH]ccc2c1,deborylation_0,0.0 milligram,0.0 micromole,0 microliter,C8H7N,CN1C=NC=C(C1=O)Br.CC1(C)OB(C2=CC3=C(NC=C3)C=C2)OC1(C)C>>Cn1cncc(-c2ccc3[nH]ccc3c2)c1=O.Cn1cnccc1=O.c1ccc2[nH]ccc2c1,004_RLN-NB-2443_011_J22,,,,,,,,,,,,,,,,,,,,,6/9/2023 5:33:36 PM,004_rln-nb-2443_011_j22.raw,2min_150_1200.EXP,004_RLN-NB-2443_011_J22,004_RLN-NB-2443_011_J22_004_RLN-NB-2443_011_J22_00,Rxn_Opt_HSST3_2_98,Analog,0.0794578023258392,0,0.4053110074243936,1.8828564855247087,0.891,5.10095919545196,0.7376,1.4679724983237756,1.271,0,False,117.05784922892,1.25,deborylation_0,0,0,0,0,0,201.78039868640644,23.696307101516894,5.10095919545196,194.9,0.7376,0,0,0,0,0,0,0,0,0,0,49.24464798132598,6.819409017793383,1.4679724983237756,284.9,1.271,0,0,0,0,0,0,0,0,0,0,0,0,0,0,0,0,0,0,0,0,0,0,0,0,0,0,0,0,0,0,0,0,0,0,0,0,0,0,0,0,0,0,0,0,0,0,0,0,0,0,0,0,0,0,0,0,0,0,0,0,0,0,0,0,0,20.36375849631454,1.8828564855247087,0.4053110074243936,194.9,0.891,0.0,0.0,0.0,0.0,0.0,0.0,0.0,0.0,0.0,0.0,0.0,0.0,0.0,0.0,3.178312093033568e-05,7.945780232583919,0.0,0.0,0.0,0.0,0.00011511344765373753,28.77836191343438,0.0,0.0,0.0,0.0,0.0,0.0,0.0,0.0,0.0,0.0,0.0,0.0,0.0,0.0,0.0,0.0,0.0,0.0,0.0,0.0,0.0,0.0,0.0,0.0,0.0,0.0,0.0,0.0
238,J23,COC1=CC=C(C(P(C(C)(C)C)C(C)(C)C)=C1C2=C(C=C(C=C2C(C)C)C(C)C)C(C)C)OC.NC3=C(C=CC=C3)C4=C(C=CC=C4)[Pd]OS(C)(=O)=O,tBuBrettPhos Pd G3,0.06835544000000003 milligram,0.08000000000000002 micromole,0.06835544000000005 microliter,C44H62NO5PPdS,CN1C=NC=C(C1=O)Br,"5-bromo-3-methyl-3,4-dihydropyrimidin-4-one",0.07560479999999999 milligram,0.4 micromole,0.0756048 microliter,C5H5BrN2O,O=[N+](C1=CC=CC=C1B2OC(C)(C)C(C)(C)O2)[O-],"4,4,5,5-tetramethyl-2-(2-nitrophenyl)-1,3,2-dioxaborolane",0.11955599999999997 milligram,0.48000000000000004 micromole,0.119556 microliter,C12H16BNO4,[Na+].[Na+].[O-]C([O-])=O,Na2CO3,0.31796399999999997 milligram,3.0 micromole,0.317964 microliter,CNa2O3,CN1C=NC2=C1C(=O)N(C(=O)N2C)C,caffeine,0.0776764 milligram,0.4 micromole,0.07767640000000002 microliter,C8H10N4O2,C1COCCO1,dioxane,16.2225 milligram,184.12480421310696 micromole,15.75 microliter,C4H8O2,O,water,1.75 milligram,97.1412711629198 micromole,1.75 microliter,H2O,Cn1cncc(-c2ccccc2[N+](=O)[O-])c1=O,suzuki_product_0,0.0 milligram,0.0 micromole,0 microliter,C11H9N3O3,Cn1cnccc1=O,dehalogenation_0,0.0 milligram,0.0 micromole,0 microliter,C5H6N2O,O=[N+]([O-])c1ccccc1,deborylation_0,0.0 milligram,0.0 micromole,0 microliter,C6H5NO2,CN1C=NC=C(C1=O)Br.O=[N+](C1=CC=CC=C1B2OC(C)(C)C(C)(C)O2)[O-]>>Cn1cncc(-c2ccccc2[N+](=O)[O-])c1=O.Cn1cnccc1=O.O=[N+]([O-])c1ccccc1,004_RLN-NB-2443_011_J23,,,,,,,,,,,,,,,,,,,,,6/9/2023 5:36:03 PM,004_rln-nb-2443_011_j23.raw,2min_150_1200.EXP,004_RLN-NB-2443_011_J23,004_RLN-NB-2443_011_J23_004_RLN-NB-2443_011_J23_,Rxn_Opt_HSST3_2_98,Analog,0,0,0,0,0,5.112937369400052,0.736,0,0,0,False,123.03202840392001,1.25,deborylation_0,0,0,0,0,0,202.04903730187095,22.10687918728096,5.112937369400052,195,0.736,0,0,0,0,0,0,0,0,0,0,0,0,0,0,0,0,0,0,0,0,0,0,0,0,0,0,0,0,0,0,0,0,0,0,0,0,0,0,0,0,0,0,0,0,0,0,0,0,0,0,0,0,0,0,0,0,0,0,0,0,0,0,0,0,0,0,0,0,0,0,0,0,0,0,0,0,0,0,0,0,0.0,0.0,0.0,0.0,0.0,0.0,0.0,0.0,0.0,0.0,0.0,0.0,0.0,0.0,0.0,0.0,0.0,0.0,0.0,0.0,0.0,0.0,0.0,0.0,0.0,0.0,0.0,0.0,0.0,0.0,0.0,0.0,0.0,0.0,0.0,0.0,0.0,0.0,0.0,0.0,0.0,0.0,0.0,0.0,0.0,0.0,0.0,0.0,0.0,0.0,0.0,0.0,0.0,0.0,0.0
239,J24,COC1=CC=C(C(P(C(C)(C)C)C(C)(C)C)=C1C2=C(C=C(C=C2C(C)C)C(C)C)C(C)C)OC.NC3=C(C=CC=C3)C4=C(C=CC=C4)[Pd]OS(C)(=O)=O,tBuBrettPhos Pd G3,0.06835544000000003 milligram,0.08000000000000002 micromole,0.06835544000000005 microliter,C44H62NO5PPdS,CN1C=NC=C(C1=O)Br,"5-bromo-3-methyl-3,4-dihydropyrimidin-4-one",0.07560479999999999 milligram,0.4 micromole,0.0756048 microliter,C5H5BrN2O,O=C(O)C1=CC=CC(B2OC(C)(C)C(C)(C)O2)=C1,"3-(tetramethyl-1,3,2-dioxaborolan-2-yl)benzoic acid",0.11908175999999998 milligram,0.48000000000000004 micromole,0.11908176000000001 microliter,C13H17BO4,[Na+].[Na+].[O-]C([O-])=O,Na2CO3,0.31796399999999997 milligram,3.0 micromole,0.317964 microliter,CNa2O3,CN1C=NC2=C1C(=O)N(C(=O)N2C)C,caffeine,0.0776764 milligram,0.4 micromole,0.07767640000000002 microliter,C8H10N4O2,C1COCCO1,dioxane,16.2225 milligram,184.12480421310696 micromole,15.75 microliter,C4H8O2,O,water,1.75 milligram,97.1412711629198 micromole,1.75 microliter,H2O,Cn1cncc(-c2cccc(C(=O)O)c2)c1=O,suzuki_product_0,0.0 milligram,0.0 micromole,0 microliter,C12H10N2O3,Cn1cnccc1=O,dehalogenation_0,0.0 milligram,0.0 micromole,0 microliter,C5H6N2O,O=C(O)c1ccccc1,deborylation_0,0.0 milligram,0.0 micromole,0 microliter,C7H6O2,CN1C=NC=C(C1=O)Br.O=C(O)C1=CC=CC(B2OC(C)(C)C(C)(C)O2)=C1>>Cn1cncc(-c2cccc(C(=O)O)c2)c1=O.Cn1cnccc1=O.O=C(O)c1ccccc1,004_RLN-NB-2443_011_J24,,,,,,,,,,,,,,,,,,,,,6/9/2023 5:38:30 PM,004_rln-nb-2443_011_j24.raw,2min_150_1200.EXP,004_RLN-NB-2443_011_J24,004_RLN-NB-2443_011_J24_004_RLN-NB-2443_011_J24_0,Rxn_Opt_HSST3_2_98,Analog,0.3309981273780798,0,1.4652136905737863,6.224155451020568,0.796,4.4266525076142145,0.7343,0,0,0,False,122.03677943156,1.25,deborylation_0,0,0,0,0,0,183.78618215823107,18.80420140235742,4.4266525076142145,195,0.7343,0,0,0,0,0,0,0,0,0,0,0,0,0,0,0,0,0,0,0,0,0,0,0,0,0,0,0,0,0,0,0,0,0,0,0,0,0,0,0,0,0,0,0,0,0,0,0,0,0,0,0,0,0,0,0,0,0,0,0,0,0,0,0,0,0,0,0,0,0,0,0,0,0,0,0,0,0,0,0,0,55.829492116805476,6.224155451020569,1.4652136905737863,231.1,0.796,0.0,0.0,0.0,0.0,0.0,0.0,0.0,0.0,0.0,0.0,0.0,0.0,0.0,0.0,0.00013239925095123194,33.09981273780798,0.0,0.0,0.0,0.0,0.0,0.0,0.0,0.0,0.0,0.0,0.0,0.0,0.0,0.0,0.0,0.0,0.0,0.0,0.0,0.0,0.0,0.0,0.0,0.0,0.0,0.0,0.0,0.0,0.0,0.0,0.0,0.0,0.0,0.0
240,K1,CC(C)C1=CC(C(C)C)=CC(C(C)C)=C1C2=C([P+](C3CCCCC3)([Pd-2]4(OS(C)(=O)=O)C(C=CC=C5)=C5C6=C([NH+]4C)C=CC=C6)C7CCCCC7)C=CC=C2,XPhos Pd G4,0.06883952 milligram,0.08000000000000002 micromole,0.06883952000000002 microliter,C47H64NO3PPdS,C1=CC(=C(C=C1CCCN)Cl)Cl.Cl,"3-(3,4-dichlorophenyl)propan-1-amine hydrochloride",0.0962244 milligram,0.4 micromole,0.09622440000000003 microliter,C9H12Cl3N,B1(OC(C(O1)(C)C)(C)C)C2=CN(N=C2C)C,"1,3-dimethyl-4-(4,4,5,5-tetramethyl-1,3,2-dioxaborolan-2-yl)-1H-pyrazole",0.10660655999999999 milligram,0.48000000000000004 micromole,0.10660656000000002 microliter,C11H19BN2O2,[Na+].[Na+].[O-]C([O-])=O,Na2CO3,0.31796399999999997 milligram,3.0 micromole,0.317964 microliter,CNa2O3,CN1C=NC2=C1C(=O)N(C(=O)N2C)C,caffeine,0.0776764 milligram,0.4 micromole,0.07767640000000002 microliter,C8H10N4O2,C1COCCO1,dioxane,16.2225 milligram,184.12480421310696 micromole,15.75 microliter,C4H8O2,O,water,1.75 milligram,97.1412711629198 micromole,1.75 microliter,H2O,Cc1nn(C)cc1-c1ccc(CCCN)cc1Cl,suzuki_product_0,0.0 milligram,0.0 micromole,0 microliter,C14H18ClN3,Cc1nn(C)cc1-c1cc(CCCN)ccc1Cl,suzuki_product_1,0.0 milligram,0.0 micromole,0 microliter,C14H18ClN3,Cc1nn(C)cc1-c1ccc(CCCN)cc1-c1cn(C)nc1C,bis_addition_3,0.0 milligram,0.0 micromole,0 microliter,C19H25N5,C1=CC(=C(C=C1CCCN)Cl)Cl.Cl.B1(OC(C(O1)(C)C)(C)C)C2=CN(N=C2C)C>>Cc1nn(C)cc1-c1ccc(CCCN)cc1Cl.Cc1nn(C)cc1-c1cc(CCCN)ccc1Cl.Cc1nn(C)cc1-c1ccc(CCCN)cc1-c1cn(C)nc1C.NCCCc1ccc(Cl)cc1.NCCCc1cccc(Cl)c1.Cc1ccn(C)n1,004_RLN-NB-2443_011_K1,,,NCCCc1ccc(Cl)cc1,dehalogenation_0,0.0 milligram,0.0 micromole,0 microliter,C9H12ClN,NCCCc1cccc(Cl)c1,dehalogenation_1,0.0 milligram,0.0 micromole,0 microliter,C9H12ClN,Cc1ccn(C)n1,deborylation_0,0.0 milligram,0.0 micromole,0 microliter,C5H8N2,6/9/2023 5:40:57 PM,004_rln-nb-2443_011_k1.raw,2min_150_1200.EXP,004_RLN-NB-2443_011_K1,004_RLN-NB-2443_011_K1,Rxn_Opt_HSST3_2_98,Analog,0,0,0,0,0,5.0662599258023535,0.736,0,0,0,False,323.2109958239,1.25,bis_addition_2,0,0,0,0,0,204.74708771418625,16.60738520407383,5.0662599258023535,194.9,0.736,0,0,0,0,0,0,0,0,0,0,0,0,0,0,0,0,0,0,0,0,0,0,0,0,0,0,0,0,0,0,0,0,0,0,0,0,0,0,0,0,0,0,0,0,0,0,0,0,0,0,0,0,0,0,0,0,0,0,0,0,0,0,0,0,0,0,0,0,0,0,0,0,0,0,0,0,0,0,0,0,0.0,0.0,0.0,0.0,0.0,0.0,0.0,0.0,0.0,0.0,0.0,0.0,0.0,0.0,0.0,0.0,0.0,0.0,0.0,0.0,0.0,0.0,0.0,0.0,0.0,0.0,0.0,0.0,0.0,0.0,0.0,0.0,0.0,0.0,0.0,0.0,0.0,0.0,0.0,0.0,0.0,0.0,0.0,0.0,0.0,0.0,0.0,0.0,0.0,0.0,0.0,0.0,0.0,0.0,0.0
241,K2,CC(C)C1=CC(C(C)C)=CC(C(C)C)=C1C2=C([P+](C3CCCCC3)([Pd-2]4(OS(C)(=O)=O)C(C=CC=C5)=C5C6=C([NH+]4C)C=CC=C6)C7CCCCC7)C=CC=C2,XPhos Pd G4,0.06883952 milligram,0.08000000000000002 micromole,0.06883952000000002 microliter,C47H64NO3PPdS,C1=CC(=C(C=C1CCCN)Cl)Cl.Cl,"3-(3,4-dichlorophenyl)propan-1-amine hydrochloride",0.0962244 milligram,0.4 micromole,0.09622440000000003 microliter,C9H12Cl3N,B1(OC(C(O1)(C)C)(C)C)C2=CN=C(C=C2)C,"2-methyl-5-(4,4,5,5-tetramethyl-1,3,2-dioxaborolan-2-yl)pyridine",0.10516464 milligram,0.48000000000000004 micromole,0.10516464000000003 microliter,C12H18BNO2,[Na+].[Na+].[O-]C([O-])=O,Na2CO3,0.31796399999999997 milligram,3.0 micromole,0.317964 microliter,CNa2O3,CN1C=NC2=C1C(=O)N(C(=O)N2C)C,caffeine,0.0776764 milligram,0.4 micromole,0.07767640000000002 microliter,C8H10N4O2,C1COCCO1,dioxane,16.2225 milligram,184.12480421310696 micromole,15.75 microliter,C4H8O2,O,water,1.75 milligram,97.1412711629198 micromole,1.75 microliter,H2O,Cc1ccc(-c2ccc(CCCN)cc2Cl)cn1,suzuki_product_0,0.0 milligram,0.0 micromole,0 microliter,C15H17ClN2,Cc1ccc(-c2cc(CCCN)ccc2Cl)cn1,suzuki_product_1,0.0 milligram,0.0 micromole,0 microliter,C15H17ClN2,Cc1ccc(-c2ccc(CCCN)cc2-c2ccc(C)nc2)cn1,bis_addition_4,0.0 milligram,0.0 micromole,0 microliter,C21H23N3,C1=CC(=C(C=C1CCCN)Cl)Cl.Cl.B1(OC(C(O1)(C)C)(C)C)C2=CN=C(C=C2)C>>Cc1ccc(-c2ccc(CCCN)cc2Cl)cn1.Cc1ccc(-c2cc(CCCN)ccc2Cl)cn1.Cc1ccc(-c2ccc(CCCN)cc2-c2ccc(C)nc2)cn1.NCCCc1ccc(Cl)cc1.NCCCc1cccc(Cl)c1.Cc1ccccn1,004_RLN-NB-2443_011_K2,,,NCCCc1ccc(Cl)cc1,dehalogenation_0,0.0 milligram,0.0 micromole,0 microliter,C9H12ClN,NCCCc1cccc(Cl)c1,dehalogenation_1,0.0 milligram,0.0 micromole,0 microliter,C9H12ClN,Cc1ccccn1,deborylation_0,0.0 milligram,0.0 micromole,0 microliter,C6H7N,6/9/2023 5:43:23 PM,004_rln-nb-2443_011_k2.raw,2min_150_1200.EXP,004_RLN-NB-2443_011_K2,004_RLN-NB-2443_011_K2,Rxn_Opt_HSST3_2_98,Analog,0,0,0,0,0,4.899246237541934,0.7343,0,0,0,False,317.1891977509,1.25,bis_addition_3,0,0,0,0,0,193.0205598132297,17.46575229001798,4.899246237541934,194.9,0.7343,0,0,0,0,0,0,0,0,0,0,0,0,0,0,0,0,0,0,0,0,0,0,0,0,0,0,0,0,0,0,0,0,0,0,0,0,0,0,0,0,0,0,0,0,0,0,0,0,0,0,0,0,0,0,0,0,0,0,0,0,0,0,0,0,0,0,0,0,0,0,0,0,0,0,0,0,0,0,0,0,0.0,0.0,0.0,0.0,0.0,0.0,0.0,0.0,0.0,0.0,0.0,0.0,0.0,0.0,0.0,0.0,0.0,0.0,0.0,0.0,0.0,0.0,0.0,0.0,0.0,0.0,0.0,0.0,0.0,0.0,0.0,0.0,0.0,0.0,0.0,0.0,0.0,0.0,0.0,0.0,0.0,0.0,0.0,0.0,0.0,0.0,0.0,0.0,0.0,0.0,0.0,0.0,0.0,0.0,0.0
242,K3,CC(C)C1=CC(C(C)C)=CC(C(C)C)=C1C2=C([P+](C3CCCCC3)([Pd-2]4(OS(C)(=O)=O)C(C=CC=C5)=C5C6=C([NH+]4C)C=CC=C6)C7CCCCC7)C=CC=C2,XPhos Pd G4,0.06883952 milligram,0.08000000000000002 micromole,0.06883952000000002 microliter,C47H64NO3PPdS,C1=CC(=C(C=C1CCCN)Cl)Cl.Cl,"3-(3,4-dichlorophenyl)propan-1-amine hydrochloride",0.0962244 milligram,0.4 micromole,0.09622440000000003 microliter,C9H12Cl3N,CC1(C)OB(C2=CN(C)N=C2)OC1(C)C,"1-methyl-4-(tetramethyl-1,3,2-dioxaborolan-2-yl)-1H-pyrazole",0.09987359999999999 milligram,0.48000000000000004 micromole,0.09987360000000002 microliter,C10H17BN2O2,[Na+].[Na+].[O-]C([O-])=O,Na2CO3,0.31796399999999997 milligram,3.0 micromole,0.317964 microliter,CNa2O3,CN1C=NC2=C1C(=O)N(C(=O)N2C)C,caffeine,0.0776764 milligram,0.4 micromole,0.07767640000000002 microliter,C8H10N4O2,C1COCCO1,dioxane,16.2225 milligram,184.12480421310696 micromole,15.75 microliter,C4H8O2,O,water,1.75 milligram,97.1412711629198 micromole,1.75 microliter,H2O,Cn1cc(-c2cc(CCCN)ccc2Cl)cn1,suzuki_product_0,0.0 milligram,0.0 micromole,0 microliter,C13H16ClN3,Cn1cc(-c2ccc(CCCN)cc2Cl)cn1,suzuki_product_1,0.0 milligram,0.0 micromole,0 microliter,C13H16ClN3,Cn1cc(-c2ccc(CCCN)cc2-c2cnn(C)c2)cn1,bis_addition_2,0.0 milligram,0.0 micromole,0 microliter,C17H21N5,C1=CC(=C(C=C1CCCN)Cl)Cl.Cl.CC1(C)OB(C2=CN(C)N=C2)OC1(C)C>>Cn1cc(-c2cc(CCCN)ccc2Cl)cn1.Cn1cc(-c2ccc(CCCN)cc2Cl)cn1.Cn1cc(-c2ccc(CCCN)cc2-c2cnn(C)c2)cn1.NCCCc1ccc(Cl)cc1.NCCCc1cccc(Cl)c1.Cn1cccn1,004_RLN-NB-2443_011_K3,,,NCCCc1ccc(Cl)cc1,dehalogenation_0,0.0 milligram,0.0 micromole,0 microliter,C9H12ClN,NCCCc1cccc(Cl)c1,dehalogenation_1,0.0 milligram,0.0 micromole,0 microliter,C9H12ClN,Cn1cccn1,deborylation_0,0.0 milligram,0.0 micromole,0 microliter,C4H6N2,6/9/2023 5:45:51 PM,004_rln-nb-2443_011_k3.raw,2min_150_1200.EXP,004_RLN-NB-2443_011_K3,004_RLN-NB-2443_011_K3,Rxn_Opt_HSST3_2_98,Analog,0,0,0,0,0,5.294071003476006,0.7376,0,0,0,False,295.17969569562,1.25,bis_addition_3,0,0,0,0,0,208.10270254386288,19.804688745188788,5.294071003476006,195,0.7376,0,0,0,0,0,0,0,0,0,0,0,0,0,0,0,0,0,0,0,0,0,0,0,0,0,0,0,0,0,0,0,0,0,0,0,0,0,0,0,0,0,0,0,0,0,0,0,0,0,0,0,0,0,0,0,0,0,0,0,0,0,0,0,0,0,0,0,0,0,0,0,0,0,0,0,0,0,0,0,0,0.0,0.0,0.0,0.0,0.0,0.0,0.0,0.0,0.0,0.0,0.0,0.0,0.0,0.0,0.0,0.0,0.0,0.0,0.0,0.0,0.0,0.0,0.0,0.0,0.0,0.0,0.0,0.0,0.0,0.0,0.0,0.0,0.0,0.0,0.0,0.0,0.0,0.0,0.0,0.0,0.0,0.0,0.0,0.0,0.0,0.0,0.0,0.0,0.0,0.0,0.0,0.0,0.0,0.0,0.0
243,K4,CC(C)C1=CC(C(C)C)=CC(C(C)C)=C1C2=C([P+](C3CCCCC3)([Pd-2]4(OS(C)(=O)=O)C(C=CC=C5)=C5C6=C([NH+]4C)C=CC=C6)C7CCCCC7)C=CC=C2,XPhos Pd G4,0.06883952 milligram,0.08000000000000002 micromole,0.06883952000000002 microliter,C47H64NO3PPdS,C1=CC(=C(C=C1CCCN)Cl)Cl.Cl,"3-(3,4-dichlorophenyl)propan-1-amine hydrochloride",0.0962244 milligram,0.4 micromole,0.09622440000000003 microliter,C9H12Cl3N,CC1(C)OB(C2=CC3=C(NC=C3)C=C2)OC1(C)C,"5-(tetramethyl-1,3,2-dioxaborolan-2-yl)-1H-indole",0.11669520000000001 milligram,0.48000000000000004 micromole,0.11669520000000004 microliter,C14H18BNO2,[Na+].[Na+].[O-]C([O-])=O,Na2CO3,0.31796399999999997 milligram,3.0 micromole,0.317964 microliter,CNa2O3,CN1C=NC2=C1C(=O)N(C(=O)N2C)C,caffeine,0.0776764 milligram,0.4 micromole,0.07767640000000002 microliter,C8H10N4O2,C1COCCO1,dioxane,16.2225 milligram,184.12480421310696 micromole,15.75 microliter,C4H8O2,O,water,1.75 milligram,97.1412711629198 micromole,1.75 microliter,H2O,NCCCc1ccc(Cl)c(-c2ccc3[nH]ccc3c2)c1,suzuki_product_0,0.0 milligram,0.0 micromole,0 microliter,C17H17ClN2,NCCCc1ccc(-c2ccc3[nH]ccc3c2)c(Cl)c1,suzuki_product_1,0.0 milligram,0.0 micromole,0 microliter,C17H17ClN2,NCCCc1ccc(-c2ccc3[nH]ccc3c2)c(-c2ccc3[nH]ccc3c2)c1,bis_addition_2,0.0 milligram,0.0 micromole,0 microliter,C25H23N3,C1=CC(=C(C=C1CCCN)Cl)Cl.Cl.CC1(C)OB(C2=CC3=C(NC=C3)C=C2)OC1(C)C>>NCCCc1ccc(Cl)c(-c2ccc3[nH]ccc3c2)c1.NCCCc1ccc(-c2ccc3[nH]ccc3c2)c(Cl)c1.NCCCc1ccc(-c2ccc3[nH]ccc3c2)c(-c2ccc3[nH]ccc3c2)c1.NCCCc1ccc(Cl)cc1.NCCCc1cccc(Cl)c1.c1ccc2[nH]ccc2c1,004_RLN-NB-2443_011_K4,,,NCCCc1ccc(Cl)cc1,dehalogenation_0,0.0 milligram,0.0 micromole,0 microliter,C9H12ClN,NCCCc1cccc(Cl)c1,dehalogenation_1,0.0 milligram,0.0 micromole,0 microliter,C9H12ClN,c1ccc2[nH]ccc2c1,deborylation_0,0.0 milligram,0.0 micromole,0 microliter,C8H7N,6/9/2023 5:48:17 PM,004_rln-nb-2443_011_k4.raw,2min_150_1200.EXP,004_RLN-NB-2443_011_K4,004_RLN-NB-2443_011_K4,Rxn_Opt_HSST3_2_98,Analog,0,0,0,0,0,5.837877014101678,0.736,1.9499551670446231,1.2726,0,False,365.1891977509,1.25,bis_addition_4,0,0,0,0,0,214.41117090117947,17.44139479038271,5.837877014101678,195,0.736,0,0,0,0,0,0,0,0,0,0,77.8738228325924,5.82573730310167,1.9499551670446231,244,1.2726,0,0,0,0,0,0,0,0,0,0,0,0,0,0,0,0,0,0,0,0,0,0,0,0,0,0,0,0,0,0,0,0,0,0,0,0,0,0,0,0,0,0,0,0,0,0,0,0,0,0,0,0,0,0,0,0,0,0,0,0,0,0,0,0,0,0.0,0.0,0.0,0.0,0.0,0.0,0.0,0.0,0.0,0.0,0.0,0.0,0.0,0.0,0.0,0.0,0.0,0.0,0.0,0.0,0.0,0.0,0.0,0.0,0.0,0.00013360714261944273,33.40178565486068,0.0,0.0,0.0,0.0,0.0,0.0,0.0,0.0,0.0,0.0,0.0,0.0,0.0,0.0,0.0,0.0,0.0,0.0,0.0,0.0,0.0,0.0,0.0,0.0,0.0,0.0,0.0,0.0
244,K5,CC(C)C1=CC(C(C)C)=CC(C(C)C)=C1C2=C([P+](C3CCCCC3)([Pd-2]4(OS(C)(=O)=O)C(C=CC=C5)=C5C6=C([NH+]4C)C=CC=C6)C7CCCCC7)C=CC=C2,XPhos Pd G4,0.06883952 milligram,0.08000000000000002 micromole,0.06883952000000002 microliter,C47H64NO3PPdS,C1=CC(=C(C=C1CCCN)Cl)Cl.Cl,"3-(3,4-dichlorophenyl)propan-1-amine hydrochloride",0.0962244 milligram,0.4 micromole,0.09622440000000003 microliter,C9H12Cl3N,O=[N+](C1=CC=CC=C1B2OC(C)(C)C(C)(C)O2)[O-],"4,4,5,5-tetramethyl-2-(2-nitrophenyl)-1,3,2-dioxaborolane",0.11955599999999997 milligram,0.48000000000000004 micromole,0.119556 microliter,C12H16BNO4,[Na+].[Na+].[O-]C([O-])=O,Na2CO3,0.31796399999999997 milligram,3.0 micromole,0.317964 microliter,CNa2O3,CN1C=NC2=C1C(=O)N(C(=O)N2C)C,caffeine,0.0776764 milligram,0.4 micromole,0.07767640000000002 microliter,C8H10N4O2,C1COCCO1,dioxane,16.2225 milligram,184.12480421310696 micromole,15.75 microliter,C4H8O2,O,water,1.75 milligram,97.1412711629198 micromole,1.75 microliter,H2O,NCCCc1ccc(Cl)c(-c2ccccc2[N+](=O)[O-])c1,suzuki_product_0,0.0 milligram,0.0 micromole,0 microliter,C15H15ClN2O2,NCCCc1ccc(-c2ccccc2[N+](=O)[O-])c(Cl)c1,suzuki_product_1,0.0 milligram,0.0 micromole,0 microliter,C15H15ClN2O2,NCCCc1ccc(-c2ccccc2[N+](=O)[O-])c(-c2ccccc2[N+](=O)[O-])c1,bis_addition_4,0.0 milligram,0.0 micromole,0 microliter,C21H19N3O4,C1=CC(=C(C=C1CCCN)Cl)Cl.Cl.O=[N+](C1=CC=CC=C1B2OC(C)(C)C(C)(C)O2)[O-]>>NCCCc1ccc(Cl)c(-c2ccccc2[N+](=O)[O-])c1.NCCCc1ccc(-c2ccccc2[N+](=O)[O-])c(Cl)c1.NCCCc1ccc(-c2ccccc2[N+](=O)[O-])c(-c2ccccc2[N+](=O)[O-])c1.NCCCc1ccc(Cl)cc1.NCCCc1cccc(Cl)c1.O=[N+]([O-])c1ccccc1,004_RLN-NB-2443_011_K5,,,NCCCc1ccc(Cl)cc1,dehalogenation_0,0.0 milligram,0.0 micromole,0 microliter,C9H12ClN,NCCCc1cccc(Cl)c1,dehalogenation_1,0.0 milligram,0.0 micromole,0 microliter,C9H12ClN,O=[N+]([O-])c1ccccc1,deborylation_0,0.0 milligram,0.0 micromole,0 microliter,C6H5NO2,6/9/2023 5:50:44 PM,004_rln-nb-2443_011_k5.raw,2min_150_1200.EXP,004_RLN-NB-2443_011_K5,004_RLN-NB-2443_011_K5,Rxn_Opt_HSST3_2_98,Analog,0.1270381077932166,0,0.6596159770608438,0,0,5.192268591834813,0.7376,0,0,0,False,377.1375561009,1.25,bis_addition_3,0,0,0,0,0,194.89360402057125,20.245054633397785,5.192268591834813,194.9,0.7376,0,0,0,0,0,0,0,0,0,0,0,0,0,0,0,0,0,0,0,0,0,0,0,0,0,0,0,0,0,0,0,0,0,0,0,0,0,0,0,0,0,0,0,0,0,0,0,0,0,0,0,0,0,0,0,0,0,0,0,0,0,0,0,0,0,0,0,0,0,0,0,0,0,0,0,0,0,0,0,0,20.12698500251461,2.5718934327971468,0.6596159770608438,290.9,0.9326,20.12698500251461,2.5718934327971468,0.6596159770608438,290.9,0.9326,0.0,0.0,0.0,0.0,0.0,0.0,0.0,0.0,0.0,5.081524311728664e-05,12.703810779321659,0.0,0.0,0.0,0.0,0.0,0.0,0.0,0.0,0.0,0.0,0.0,0.0,0.0,0.0,0.0,0.0,0.0,0.0,0.0,0.0,0.0,0.0,5.081524311728664e-05,12.703810779321659,0.0,0.0,0.0,0.0,0.0,0.0,0.0,0.0,0.0,0.0
245,K6,CC(C)C1=CC(C(C)C)=CC(C(C)C)=C1C2=C([P+](C3CCCCC3)([Pd-2]4(OS(C)(=O)=O)C(C=CC=C5)=C5C6=C([NH+]4C)C=CC=C6)C7CCCCC7)C=CC=C2,XPhos Pd G4,0.06883952 milligram,0.08000000000000002 micromole,0.06883952000000002 microliter,C47H64NO3PPdS,C1=CC(=C(C=C1CCCN)Cl)Cl.Cl,"3-(3,4-dichlorophenyl)propan-1-amine hydrochloride",0.0962244 milligram,0.4 micromole,0.09622440000000003 microliter,C9H12Cl3N,O=C(O)C1=CC=CC(B2OC(C)(C)C(C)(C)O2)=C1,"3-(tetramethyl-1,3,2-dioxaborolan-2-yl)benzoic acid",0.11908175999999998 milligram,0.48000000000000004 micromole,0.11908176000000001 microliter,C13H17BO4,[Na+].[Na+].[O-]C([O-])=O,Na2CO3,0.31796399999999997 milligram,3.0 micromole,0.317964 microliter,CNa2O3,CN1C=NC2=C1C(=O)N(C(=O)N2C)C,caffeine,0.0776764 milligram,0.4 micromole,0.07767640000000002 microliter,C8H10N4O2,C1COCCO1,dioxane,16.2225 milligram,184.12480421310696 micromole,15.75 microliter,C4H8O2,O,water,1.75 milligram,97.1412711629198 micromole,1.75 microliter,H2O,NCCCc1ccc(-c2cccc(C(=O)O)c2)c(Cl)c1,suzuki_product_0,0.0 milligram,0.0 micromole,0 microliter,C16H16ClNO2,NCCCc1ccc(Cl)c(-c2cccc(C(=O)O)c2)c1,suzuki_product_1,0.0 milligram,0.0 micromole,0 microliter,C16H16ClNO2,NCCCc1ccc(-c2cccc(C(=O)O)c2)c(-c2cccc(C(=O)O)c2)c1,bis_addition_4,0.0 milligram,0.0 micromole,0 microliter,C23H21NO4,C1=CC(=C(C=C1CCCN)Cl)Cl.Cl.O=C(O)C1=CC=CC(B2OC(C)(C)C(C)(C)O2)=C1>>NCCCc1ccc(-c2cccc(C(=O)O)c2)c(Cl)c1.NCCCc1ccc(Cl)c(-c2cccc(C(=O)O)c2)c1.NCCCc1ccc(-c2cccc(C(=O)O)c2)c(-c2cccc(C(=O)O)c2)c1.NCCCc1ccc(Cl)cc1.NCCCc1cccc(Cl)c1.O=C(O)c1ccccc1,004_RLN-NB-2443_011_K6,,,NCCCc1ccc(Cl)cc1,dehalogenation_0,0.0 milligram,0.0 micromole,0 microliter,C9H12ClN,NCCCc1cccc(Cl)c1,dehalogenation_1,0.0 milligram,0.0 micromole,0 microliter,C9H12ClN,O=C(O)c1ccccc1,deborylation_0,0.0 milligram,0.0 micromole,0 microliter,C7H6O2,6/9/2023 5:53:11 PM,004_rln-nb-2443_011_k6.raw,2min_150_1200.EXP,004_RLN-NB-2443_011_K6,004_RLN-NB-2443_011_K6,Rxn_Opt_HSST3_2_98,Analog,0.7360370313517095,0,3.594072909053625,9.672191907233524,1.1276,4.883005549942535,0.736,0,0,376.2,True,375.14705815618,1.25,bis_addition_3,0,0,0,0,0,202.70991806197773,13.140903915487566,4.883005549942535,194.9,0.736,0,0,0,0,0,0,0,0,0,0,0,0,0,0,0,0,0,0,0,0,0,0,0,0,0,0,0,0,0,0,0,0,0,0,0,0,0,0,0,0,0,0,0,0,0,0,0,0,0,0,0,0,0,0,0,0,0,0,0,0,76.4905497914613,9.672191907233524,3.594072909053625,375.4,1.1276,0,0,0,0,0,0,0,0,0,0,0,0,0,0,0,0.0,0.0,0.0,0.0,0.0,0.0,0.0,0.0,0.0,0.0,0.0,0.0,0.0,0.0,0.0,0.0,0.0,0.0,0.0,0.0,0.0,0.0,0.0,0.0,0.0,0.0,0.0,0.0,0.0,0.0,0.0,0.0,0.0,0.0,0.0,0.0,0.0,0.0,0.0,0.0,0.0,0.0,0.0,0.0,0.0,0.0,0.0,0.0,0.0,0.0,0.0,0.0,0.0,0.0,0.0
246,K7,NC1=C(C=CC=C1)C2=C([Pd]OS(C)(=O)=O)C=CC=C2.CN(C)C3=CC=C(C=C3)P(C(C)(C)C)C(C)(C)C,APhos Pd G3,0.050809520000000004 milligram,0.08000000000000002 micromole,0.05080952000000002 microliter,C29H41N2O3PPdS,C1=CC(=C(C=C1CCCN)Cl)Cl.Cl,"3-(3,4-dichlorophenyl)propan-1-amine hydrochloride",0.0962244 milligram,0.4 micromole,0.09622440000000003 microliter,C9H12Cl3N,B1(OC(C(O1)(C)C)(C)C)C2=CN(N=C2C)C,"1,3-dimethyl-4-(4,4,5,5-tetramethyl-1,3,2-dioxaborolan-2-yl)-1H-pyrazole",0.10660655999999999 milligram,0.48000000000000004 micromole,0.10660656000000002 microliter,C11H19BN2O2,[Na+].[Na+].[O-]C([O-])=O,Na2CO3,0.31796399999999997 milligram,3.0 micromole,0.317964 microliter,CNa2O3,CN1C=NC2=C1C(=O)N(C(=O)N2C)C,caffeine,0.0776764 milligram,0.4 micromole,0.07767640000000002 microliter,C8H10N4O2,C1COCCO1,dioxane,16.2225 milligram,184.12480421310696 micromole,15.75 microliter,C4H8O2,O,water,1.75 milligram,97.1412711629198 micromole,1.75 microliter,H2O,Cc1nn(C)cc1-c1ccc(CCCN)cc1Cl,suzuki_product_0,0.0 milligram,0.0 micromole,0 microliter,C14H18ClN3,Cc1nn(C)cc1-c1cc(CCCN)ccc1Cl,suzuki_product_1,0.0 milligram,0.0 micromole,0 microliter,C14H18ClN3,Cc1nn(C)cc1-c1ccc(CCCN)cc1-c1cn(C)nc1C,bis_addition_3,0.0 milligram,0.0 micromole,0 microliter,C19H25N5,C1=CC(=C(C=C1CCCN)Cl)Cl.Cl.B1(OC(C(O1)(C)C)(C)C)C2=CN(N=C2C)C>>Cc1nn(C)cc1-c1ccc(CCCN)cc1Cl.Cc1nn(C)cc1-c1cc(CCCN)ccc1Cl.Cc1nn(C)cc1-c1ccc(CCCN)cc1-c1cn(C)nc1C.NCCCc1ccc(Cl)cc1.NCCCc1cccc(Cl)c1.Cc1ccn(C)n1,004_RLN-NB-2443_011_K7,,,NCCCc1ccc(Cl)cc1,dehalogenation_0,0.0 milligram,0.0 micromole,0 microliter,C9H12ClN,NCCCc1cccc(Cl)c1,dehalogenation_1,0.0 milligram,0.0 micromole,0 microliter,C9H12ClN,Cc1ccn(C)n1,deborylation_0,0.0 milligram,0.0 micromole,0 microliter,C5H8N2,6/9/2023 5:55:38 PM,004_rln-nb-2443_011_k7.raw,2min_150_1200.EXP,004_RLN-NB-2443_011_K7,004_RLN-NB-2443_011_K7,Rxn_Opt_HSST3_2_98,Analog,0,0,0,0,0,4.8018897275391055,0.736,1.277852555891406,1.1226,0,False,323.2109958239,1.25,bis_addition_2,0,0,0,0,0,190.49301909660255,16.836070003882803,4.8018897275391055,194.9,0.736,0,0,0,0,0,0,0,0,0,0,0,0,0,0,0,0,0,0,0,0,0,0,0,0,0,0,0,0,0,0,0,0,0,0,0,0,0,0,0,0,0,0,0,0,0,0,0,0,0,0,0,0,0,0,0,0,0,0,0,0,0,0,0,0,0,0,0,0,0,0,0,0,0,0,0,0,0,0,0,0,0.0,0.0,0.0,0.0,0.0,0.0,0.0,0.0,0.0,0.0,34.953762477416234,4.480322603462591,1.277852555891406,223.1,1.1226,0.0,0.0,0.0001064458059969891,26.611451499247273,0.0,0.0,0.0,0.0,0.0,0.0,0.0,0.0,0.0,0.0,0.0,0.0,0.0,0.0,0.0,0.0,0.0,0.0,0.0,0.0,0.0,0.0,0.0,0.0,0.0,0.0,0.0,0.0,0.0,0.0,0.0,0.0,0.0,0.0,0.0,0.0
247,K8,NC1=C(C=CC=C1)C2=C([Pd]OS(C)(=O)=O)C=CC=C2.CN(C)C3=CC=C(C=C3)P(C(C)(C)C)C(C)(C)C,APhos Pd G3,0.050809520000000004 milligram,0.08000000000000002 micromole,0.05080952000000002 microliter,C29H41N2O3PPdS,C1=CC(=C(C=C1CCCN)Cl)Cl.Cl,"3-(3,4-dichlorophenyl)propan-1-amine hydrochloride",0.0962244 milligram,0.4 micromole,0.09622440000000003 microliter,C9H12Cl3N,B1(OC(C(O1)(C)C)(C)C)C2=CN=C(C=C2)C,"2-methyl-5-(4,4,5,5-tetramethyl-1,3,2-dioxaborolan-2-yl)pyridine",0.10516464 milligram,0.48000000000000004 micromole,0.10516464000000003 microliter,C12H18BNO2,[Na+].[Na+].[O-]C([O-])=O,Na2CO3,0.31796399999999997 milligram,3.0 micromole,0.317964 microliter,CNa2O3,CN1C=NC2=C1C(=O)N(C(=O)N2C)C,caffeine,0.0776764 milligram,0.4 micromole,0.07767640000000002 microliter,C8H10N4O2,C1COCCO1,dioxane,16.2225 milligram,184.12480421310696 micromole,15.75 microliter,C4H8O2,O,water,1.75 milligram,97.1412711629198 micromole,1.75 microliter,H2O,Cc1ccc(-c2ccc(CCCN)cc2Cl)cn1,suzuki_product_0,0.0 milligram,0.0 micromole,0 microliter,C15H17ClN2,Cc1ccc(-c2cc(CCCN)ccc2Cl)cn1,suzuki_product_1,0.0 milligram,0.0 micromole,0 microliter,C15H17ClN2,Cc1ccc(-c2ccc(CCCN)cc2-c2ccc(C)nc2)cn1,bis_addition_4,0.0 milligram,0.0 micromole,0 microliter,C21H23N3,C1=CC(=C(C=C1CCCN)Cl)Cl.Cl.B1(OC(C(O1)(C)C)(C)C)C2=CN=C(C=C2)C>>Cc1ccc(-c2ccc(CCCN)cc2Cl)cn1.Cc1ccc(-c2cc(CCCN)ccc2Cl)cn1.Cc1ccc(-c2ccc(CCCN)cc2-c2ccc(C)nc2)cn1.NCCCc1ccc(Cl)cc1.NCCCc1cccc(Cl)c1.Cc1ccccn1,004_RLN-NB-2443_011_K8,,,NCCCc1ccc(Cl)cc1,dehalogenation_0,0.0 milligram,0.0 micromole,0 microliter,C9H12ClN,NCCCc1cccc(Cl)c1,dehalogenation_1,0.0 milligram,0.0 micromole,0 microliter,C9H12ClN,Cc1ccccn1,deborylation_0,0.0 milligram,0.0 micromole,0 microliter,C6H7N,6/9/2023 5:58:06 PM,004_rln-nb-2443_011_k8.raw,2min_150_1200.EXP,004_RLN-NB-2443_011_K8,004_RLN-NB-2443_011_K8,Rxn_Opt_HSST3_2_98,Analog,1.4590881296375395,0,6.86188370150941,10.854184923096897,1.1243,4.70285760135271,0.736,0,0,0,False,317.1891977509,1.25,bis_addition_3,0,0,0,0,0,192.15324958995322,15.786788992364077,4.70285760135271,194.9,0.736,62.37075068831568,10.854184923096897,3.2334432351483597,169.8,1.1243,0,0,0,0,0,0,0,0,0,0,0,0,0,0,0,0,0,0,0,0,0,0,0,0,0,0,0,0,0,0,0,0,0,0,0,0,0,0,0,0,0,0,0,0,0,0,0,0,0,0,0,0,0,0,0,0,0,0,0,0,62.37075068831568,10.854184923096897,3.2334432351483597,169.8,1.1243,0,0,0,0,0,0,0,0,0,0,211.47983178463556,23.034316423851,6.86188370150941,203.9,0.8643,211.47983178463556,23.034316423851,6.86188370150941,203.9,0.8643,0.0,0.0,0.0,0.0,0.0,0.0,0.0,0.0,0.0,0.0005836352518550159,145.90881296375397,0.0002750194464079292,68.7548616019823,0.0,0.0,0.0,0.0,0.0,0.0,0.0,0.0,0.0,0.0,0.0,0.0,0.0,0.0,0.0,0.0,0.0,0.0,0.0,0.0,0.0005836352518550159,145.90881296375397,0.0002750194464079292,68.7548616019823,0.0,0.0,0.0,0.0,0.0,0.0,0.0,0.0
248,K9,NC1=C(C=CC=C1)C2=C([Pd]OS(C)(=O)=O)C=CC=C2.CN(C)C3=CC=C(C=C3)P(C(C)(C)C)C(C)(C)C,APhos Pd G3,0.050809520000000004 milligram,0.08000000000000002 micromole,0.05080952000000002 microliter,C29H41N2O3PPdS,C1=CC(=C(C=C1CCCN)Cl)Cl.Cl,"3-(3,4-dichlorophenyl)propan-1-amine hydrochloride",0.0962244 milligram,0.4 micromole,0.09622440000000003 microliter,C9H12Cl3N,CC1(C)OB(C2=CN(C)N=C2)OC1(C)C,"1-methyl-4-(tetramethyl-1,3,2-dioxaborolan-2-yl)-1H-pyrazole",0.09987359999999999 milligram,0.48000000000000004 micromole,0.09987360000000002 microliter,C10H17BN2O2,[Na+].[Na+].[O-]C([O-])=O,Na2CO3,0.31796399999999997 milligram,3.0 micromole,0.317964 microliter,CNa2O3,CN1C=NC2=C1C(=O)N(C(=O)N2C)C,caffeine,0.0776764 milligram,0.4 micromole,0.07767640000000002 microliter,C8H10N4O2,C1COCCO1,dioxane,16.2225 milligram,184.12480421310696 micromole,15.75 microliter,C4H8O2,O,water,1.75 milligram,97.1412711629198 micromole,1.75 microliter,H2O,Cn1cc(-c2cc(CCCN)ccc2Cl)cn1,suzuki_product_0,0.0 milligram,0.0 micromole,0 microliter,C13H16ClN3,Cn1cc(-c2ccc(CCCN)cc2Cl)cn1,suzuki_product_1,0.0 milligram,0.0 micromole,0 microliter,C13H16ClN3,Cn1cc(-c2ccc(CCCN)cc2-c2cnn(C)c2)cn1,bis_addition_2,0.0 milligram,0.0 micromole,0 microliter,C17H21N5,C1=CC(=C(C=C1CCCN)Cl)Cl.Cl.CC1(C)OB(C2=CN(C)N=C2)OC1(C)C>>Cn1cc(-c2cc(CCCN)ccc2Cl)cn1.Cn1cc(-c2ccc(CCCN)cc2Cl)cn1.Cn1cc(-c2ccc(CCCN)cc2-c2cnn(C)c2)cn1.NCCCc1ccc(Cl)cc1.NCCCc1cccc(Cl)c1.Cn1cccn1,004_RLN-NB-2443_011_K9,,,NCCCc1ccc(Cl)cc1,dehalogenation_0,0.0 milligram,0.0 micromole,0 microliter,C9H12ClN,NCCCc1cccc(Cl)c1,dehalogenation_1,0.0 milligram,0.0 micromole,0 microliter,C9H12ClN,Cn1cccn1,deborylation_0,0.0 milligram,0.0 micromole,0 microliter,C4H6N2,6/9/2023 6:00:33 PM,004_rln-nb-2443_011_k9.raw,2min_150_1200.EXP,004_RLN-NB-2443_011_K9,004_RLN-NB-2443_011_K9,Rxn_Opt_HSST3_2_98,Analog,0.2562481211038028,0,1.196625724768875,4.7799863352706335,1.1243,4.669793166148279,0.736,0,0,0,False,295.17969569562,1.25,bis_addition_3,0,0,0,0,0,185.49353770626917,18.65374198523127,4.669793166148279,195,0.736,36.99463028791101,4.7799863352706335,1.196625724768875,169.9,1.1243,0,0,0,0,0,0,0,0,0,0,0,0,0,0,0,0,0,0,0,0,0,0,0,0,0,0,0,0,0,0,0,0,0,0,0,0,0,0,0,0,0,0,0,0,0,0,0,0,0,0,0,0,0,0,0,0,0,0,0,0,36.99463028791101,4.7799863352706335,1.196625724768875,169.9,1.1243,0,0,0,0,0,0,0,0,0,0,20.548085416986574,2.228120126868285,0.5577894317421563,249.9,1.0843,20.548085416986574,2.228120126868285,0.5577894317421563,249.9,1.0843,0.0,0.0,0.0,0.0,0.0,0.0,0.0,0.0,0.0,4.777851282884377e-05,11.944628207210942,0.00010249924844152112,25.62481211038028,0.0,0.0,0.0,0.0,0.0,0.0,0.0,0.0,0.0,0.0,0.0,0.0,0.0,0.0,0.0,0.0,0.0,0.0,0.0,0.0,4.777851282884377e-05,11.944628207210942,0.00010249924844152112,25.62481211038028,0.0,0.0,0.0,0.0,0.0,0.0,0.0,0.0
249,K10,NC1=C(C=CC=C1)C2=C([Pd]OS(C)(=O)=O)C=CC=C2.CN(C)C3=CC=C(C=C3)P(C(C)(C)C)C(C)(C)C,APhos Pd G3,0.050809520000000004 milligram,0.08000000000000002 micromole,0.05080952000000002 microliter,C29H41N2O3PPdS,C1=CC(=C(C=C1CCCN)Cl)Cl.Cl,"3-(3,4-dichlorophenyl)propan-1-amine hydrochloride",0.0962244 milligram,0.4 micromole,0.09622440000000003 microliter,C9H12Cl3N,CC1(C)OB(C2=CC3=C(NC=C3)C=C2)OC1(C)C,"5-(tetramethyl-1,3,2-dioxaborolan-2-yl)-1H-indole",0.11669520000000001 milligram,0.48000000000000004 micromole,0.11669520000000004 microliter,C14H18BNO2,[Na+].[Na+].[O-]C([O-])=O,Na2CO3,0.31796399999999997 milligram,3.0 micromole,0.317964 microliter,CNa2O3,CN1C=NC2=C1C(=O)N(C(=O)N2C)C,caffeine,0.0776764 milligram,0.4 micromole,0.07767640000000002 microliter,C8H10N4O2,C1COCCO1,dioxane,16.2225 milligram,184.12480421310696 micromole,15.75 microliter,C4H8O2,O,water,1.75 milligram,97.1412711629198 micromole,1.75 microliter,H2O,NCCCc1ccc(Cl)c(-c2ccc3[nH]ccc3c2)c1,suzuki_product_0,0.0 milligram,0.0 micromole,0 microliter,C17H17ClN2,NCCCc1ccc(-c2ccc3[nH]ccc3c2)c(Cl)c1,suzuki_product_1,0.0 milligram,0.0 micromole,0 microliter,C17H17ClN2,NCCCc1ccc(-c2ccc3[nH]ccc3c2)c(-c2ccc3[nH]ccc3c2)c1,bis_addition_2,0.0 milligram,0.0 micromole,0 microliter,C25H23N3,C1=CC(=C(C=C1CCCN)Cl)Cl.Cl.CC1(C)OB(C2=CC3=C(NC=C3)C=C2)OC1(C)C>>NCCCc1ccc(Cl)c(-c2ccc3[nH]ccc3c2)c1.NCCCc1ccc(-c2ccc3[nH]ccc3c2)c(Cl)c1.NCCCc1ccc(-c2ccc3[nH]ccc3c2)c(-c2ccc3[nH]ccc3c2)c1.NCCCc1ccc(Cl)cc1.NCCCc1cccc(Cl)c1.c1ccc2[nH]ccc2c1,004_RLN-NB-2443_011_K10,,,NCCCc1ccc(Cl)cc1,dehalogenation_0,0.0 milligram,0.0 micromole,0 microliter,C9H12ClN,NCCCc1cccc(Cl)c1,dehalogenation_1,0.0 milligram,0.0 micromole,0 microliter,C9H12ClN,c1ccc2[nH]ccc2c1,deborylation_0,0.0 milligram,0.0 micromole,0 microliter,C8H7N,6/9/2023 6:02:59 PM,004_rln-nb-2443_011_k10.raw,2min_150_1200.EXP,004_RLN-NB-2443_011_K10,004_RLN-NB-2443_011_K10,Rxn_Opt_HSST3_2_98,Analog,0.8123259979820553,0,2.773173754116923,0,0,3.413868029591469,0.7343,2.773173754116923,1.2726,0,False,365.1891977509,1.25,bis_addition_4,0,0,0,0,0,153.56262361031992,13.90629829773769,3.413868029591469,195,0.7343,0,0,0,0,0,0,0,0,0,0,94.67324156334317,11.296447642945926,2.773173754116923,243.9,1.2726,0,0,0,0,0,0,0,0,0,0,0,0,0,0,0,0,0,0,0,0,0,0,0,0,0,0,0,0,0,0,0,0,0,0,0,0,0,0,0,0,0,0,0,0,0,0,0,0,0,0,0,0,0,0,0,0,0,0,0,0,0,0,0,0,0,94.67324156334317,11.296447642945926,2.773173754116923,243.9,1.2726,94.67324156334317,11.296447642945926,2.773173754116923,243.9,1.2726,0.0,0.0,0.0,0.0,0.0,0.0,0.0,0.0,0.0,0.00032493039919282216,81.23259979820554,0.0,0.0,0.0,0.0,0.00032493039919282216,81.23259979820554,0.0,0.0,0.0,0.0,0.0,0.0,0.0,0.0,0.0,0.0,0.0,0.0,0.0,0.0,0.0,0.0,0.00032493039919282216,81.23259979820554,0.0,0.0,0.0,0.0,0.0,0.0,0.0,0.0,0.0,0.0
250,K11,NC1=C(C=CC=C1)C2=C([Pd]OS(C)(=O)=O)C=CC=C2.CN(C)C3=CC=C(C=C3)P(C(C)(C)C)C(C)(C)C,APhos Pd G3,0.050809520000000004 milligram,0.08000000000000002 micromole,0.05080952000000002 microliter,C29H41N2O3PPdS,C1=CC(=C(C=C1CCCN)Cl)Cl.Cl,"3-(3,4-dichlorophenyl)propan-1-amine hydrochloride",0.0962244 milligram,0.4 micromole,0.09622440000000003 microliter,C9H12Cl3N,O=[N+](C1=CC=CC=C1B2OC(C)(C)C(C)(C)O2)[O-],"4,4,5,5-tetramethyl-2-(2-nitrophenyl)-1,3,2-dioxaborolane",0.11955599999999997 milligram,0.48000000000000004 micromole,0.119556 microliter,C12H16BNO4,[Na+].[Na+].[O-]C([O-])=O,Na2CO3,0.31796399999999997 milligram,3.0 micromole,0.317964 microliter,CNa2O3,CN1C=NC2=C1C(=O)N(C(=O)N2C)C,caffeine,0.0776764 milligram,0.4 micromole,0.07767640000000002 microliter,C8H10N4O2,C1COCCO1,dioxane,16.2225 milligram,184.12480421310696 micromole,15.75 microliter,C4H8O2,O,water,1.75 milligram,97.1412711629198 micromole,1.75 microliter,H2O,NCCCc1ccc(Cl)c(-c2ccccc2[N+](=O)[O-])c1,suzuki_product_0,0.0 milligram,0.0 micromole,0 microliter,C15H15ClN2O2,NCCCc1ccc(-c2ccccc2[N+](=O)[O-])c(Cl)c1,suzuki_product_1,0.0 milligram,0.0 micromole,0 microliter,C15H15ClN2O2,NCCCc1ccc(-c2ccccc2[N+](=O)[O-])c(-c2ccccc2[N+](=O)[O-])c1,bis_addition_4,0.0 milligram,0.0 micromole,0 microliter,C21H19N3O4,C1=CC(=C(C=C1CCCN)Cl)Cl.Cl.O=[N+](C1=CC=CC=C1B2OC(C)(C)C(C)(C)O2)[O-]>>NCCCc1ccc(Cl)c(-c2ccccc2[N+](=O)[O-])c1.NCCCc1ccc(-c2ccccc2[N+](=O)[O-])c(Cl)c1.NCCCc1ccc(-c2ccccc2[N+](=O)[O-])c(-c2ccccc2[N+](=O)[O-])c1.NCCCc1ccc(Cl)cc1.NCCCc1cccc(Cl)c1.O=[N+]([O-])c1ccccc1,004_RLN-NB-2443_011_K11,,,NCCCc1ccc(Cl)cc1,dehalogenation_0,0.0 milligram,0.0 micromole,0 microliter,C9H12ClN,NCCCc1cccc(Cl)c1,dehalogenation_1,0.0 milligram,0.0 micromole,0 microliter,C9H12ClN,O=[N+]([O-])c1ccccc1,deborylation_0,0.0 milligram,0.0 micromole,0 microliter,C6H5NO2,6/9/2023 6:05:26 PM,004_rln-nb-2443_011_k11.raw,2min_150_1200.EXP,004_RLN-NB-2443_011_K11,004_RLN-NB-2443_011_K11,Rxn_Opt_HSST3_2_98,Analog,0.32012455975985765,0,1.5919935428779612,5.046654713804118,1.126,4.973044067822224,0.736,0,0,0,False,377.1375561009,1.25,bis_addition_3,0,0,0,0,0,194.30593632795313,15.764659598719572,4.973044067822224,194.9,0.736,37.68600387699628,5.046654713804117,1.5919935428779612,169.9,1.126,0,0,0,0,0,0,0,0,0,0,0,0,0,0,0,0,0,0,0,0,0,0,0,0,0,0,0,0,0,0,0,0,0,0,0,0,0,0,0,0,0,0,0,0,0,0,0,0,0,0,0,0,0,0,0,0,0,0,0,0,37.68600387699628,5.046654713804117,1.5919935428779612,169.9,1.126,0,0,0,0,0,0,0,0,0,0,0.0,0.0,0.0,0.0,0.0,0.0,0.0,0.0,0.0,0.0,0.0,0.0,0.0,0.0,0.0,0.0,0.0,0.0,0.0,0.0,0.0,0.00012804982390394307,32.012455975985766,0.0,0.0,0.0,0.0,0.0,0.0,0.0,0.0,0.0,0.0,0.0,0.0,0.0,0.0,0.0,0.0,0.0,0.0,0.0,0.0,0.0,0.0,0.00012804982390394307,32.012455975985766,0.0,0.0,0.0,0.0,0.0,0.0,0.0,0.0
251,K12,NC1=C(C=CC=C1)C2=C([Pd]OS(C)(=O)=O)C=CC=C2.CN(C)C3=CC=C(C=C3)P(C(C)(C)C)C(C)(C)C,APhos Pd G3,0.050809520000000004 milligram,0.08000000000000002 micromole,0.05080952000000002 microliter,C29H41N2O3PPdS,C1=CC(=C(C=C1CCCN)Cl)Cl.Cl,"3-(3,4-dichlorophenyl)propan-1-amine hydrochloride",0.0962244 milligram,0.4 micromole,0.09622440000000003 microliter,C9H12Cl3N,O=C(O)C1=CC=CC(B2OC(C)(C)C(C)(C)O2)=C1,"3-(tetramethyl-1,3,2-dioxaborolan-2-yl)benzoic acid",0.11908175999999998 milligram,0.48000000000000004 micromole,0.11908176000000001 microliter,C13H17BO4,[Na+].[Na+].[O-]C([O-])=O,Na2CO3,0.31796399999999997 milligram,3.0 micromole,0.317964 microliter,CNa2O3,CN1C=NC2=C1C(=O)N(C(=O)N2C)C,caffeine,0.0776764 milligram,0.4 micromole,0.07767640000000002 microliter,C8H10N4O2,C1COCCO1,dioxane,16.2225 milligram,184.12480421310696 micromole,15.75 microliter,C4H8O2,O,water,1.75 milligram,97.1412711629198 micromole,1.75 microliter,H2O,NCCCc1ccc(-c2cccc(C(=O)O)c2)c(Cl)c1,suzuki_product_0,0.0 milligram,0.0 micromole,0 microliter,C16H16ClNO2,NCCCc1ccc(Cl)c(-c2cccc(C(=O)O)c2)c1,suzuki_product_1,0.0 milligram,0.0 micromole,0 microliter,C16H16ClNO2,NCCCc1ccc(-c2cccc(C(=O)O)c2)c(-c2cccc(C(=O)O)c2)c1,bis_addition_4,0.0 milligram,0.0 micromole,0 microliter,C23H21NO4,C1=CC(=C(C=C1CCCN)Cl)Cl.Cl.O=C(O)C1=CC=CC(B2OC(C)(C)C(C)(C)O2)=C1>>NCCCc1ccc(-c2cccc(C(=O)O)c2)c(Cl)c1.NCCCc1ccc(Cl)c(-c2cccc(C(=O)O)c2)c1.NCCCc1ccc(-c2cccc(C(=O)O)c2)c(-c2cccc(C(=O)O)c2)c1.NCCCc1ccc(Cl)cc1.NCCCc1cccc(Cl)c1.O=C(O)c1ccccc1,004_RLN-NB-2443_011_K12,,,NCCCc1ccc(Cl)cc1,dehalogenation_0,0.0 milligram,0.0 micromole,0 microliter,C9H12ClN,NCCCc1cccc(Cl)c1,dehalogenation_1,0.0 milligram,0.0 micromole,0 microliter,C9H12ClN,O=C(O)c1ccccc1,deborylation_0,0.0 milligram,0.0 micromole,0 microliter,C7H6O2,6/9/2023 6:07:54 PM,004_rln-nb-2443_011_k12.raw,2min_150_1200.EXP,004_RLN-NB-2443_011_K12,004_RLN-NB-2443_011_K12,Rxn_Opt_HSST3_2_98,Analog,0.2042334166830539,0,1.6088076325737104,5.034254466979717,1.126,7.877298723697061,0.7393,0,0,0,False,375.14705815618,1.25,bis_addition_3,0,0,0,0,0,226.92342875677141,24.64951401558485,7.877298723697061,195,0.7393,40.05206428393873,5.034254466979717,1.6088076325737104,169.9,1.126,0,0,0,0,0,0,0,0,0,0,0,0,0,0,0,0,0,0,0,0,0,0,0,0,0,0,0,0,0,0,0,0,0,0,0,0,0,0,0,0,0,0,0,0,0,0,0,0,0,0,0,0,0,0,0,0,0,0,0,0,40.05206428393873,5.034254466979717,1.6088076325737104,169.9,1.126,0,0,0,0,0,0,0,0,0,0,0.0,0.0,0.0,0.0,0.0,0.0,0.0,0.0,0.0,0.0,0.0,0.0,0.0,0.0,0.0,0.0,0.0,0.0,0.0,0.0,0.0,8.169336667322156e-05,20.42334166830539,0.0,0.0,0.0,0.0,0.0,0.0,0.0,0.0,0.0,0.0,0.0,0.0,0.0,0.0,0.0,0.0,0.0,0.0,0.0,0.0,0.0,0.0,8.169336667322156e-05,20.42334166830539,0.0,0.0,0.0,0.0,0.0,0.0,0.0,0.0
252,K13,[Fe].Cl[Pd]Cl.[CH]1[CH][CH][C]([CH]1)P(C2CCCCC2)C3CCCCC3.[CH]4[CH][CH][C]([CH]4)P(C5CCCCC5)C6CCCCC6,PdCl2(dcypf),0.06047272000000001 milligram,0.08000000000000002 micromole,0.06047272000000002 microliter,C34H52Cl2FeP2Pd,C1=CC(=C(C=C1CCCN)Cl)Cl.Cl,"3-(3,4-dichlorophenyl)propan-1-amine hydrochloride",0.0962244 milligram,0.4 micromole,0.09622440000000003 microliter,C9H12Cl3N,B1(OC(C(O1)(C)C)(C)C)C2=CN(N=C2C)C,"1,3-dimethyl-4-(4,4,5,5-tetramethyl-1,3,2-dioxaborolan-2-yl)-1H-pyrazole",0.10660655999999999 milligram,0.48000000000000004 micromole,0.10660656000000002 microliter,C11H19BN2O2,[Na+].[Na+].[O-]C([O-])=O,Na2CO3,0.31796399999999997 milligram,3.0 micromole,0.317964 microliter,CNa2O3,CN1C=NC2=C1C(=O)N(C(=O)N2C)C,caffeine,0.0776764 milligram,0.4 micromole,0.07767640000000002 microliter,C8H10N4O2,C1COCCO1,dioxane,16.2225 milligram,184.12480421310696 micromole,15.75 microliter,C4H8O2,O,water,1.75 milligram,97.1412711629198 micromole,1.75 microliter,H2O,Cc1nn(C)cc1-c1ccc(CCCN)cc1Cl,suzuki_product_0,0.0 milligram,0.0 micromole,0 microliter,C14H18ClN3,Cc1nn(C)cc1-c1cc(CCCN)ccc1Cl,suzuki_product_1,0.0 milligram,0.0 micromole,0 microliter,C14H18ClN3,Cc1nn(C)cc1-c1ccc(CCCN)cc1-c1cn(C)nc1C,bis_addition_3,0.0 milligram,0.0 micromole,0 microliter,C19H25N5,C1=CC(=C(C=C1CCCN)Cl)Cl.Cl.B1(OC(C(O1)(C)C)(C)C)C2=CN(N=C2C)C>>Cc1nn(C)cc1-c1ccc(CCCN)cc1Cl.Cc1nn(C)cc1-c1cc(CCCN)ccc1Cl.Cc1nn(C)cc1-c1ccc(CCCN)cc1-c1cn(C)nc1C.NCCCc1ccc(Cl)cc1.NCCCc1cccc(Cl)c1.Cc1ccn(C)n1,004_RLN-NB-2443_011_K13,,,NCCCc1ccc(Cl)cc1,dehalogenation_0,0.0 milligram,0.0 micromole,0 microliter,C9H12ClN,NCCCc1cccc(Cl)c1,dehalogenation_1,0.0 milligram,0.0 micromole,0 microliter,C9H12ClN,Cc1ccn(C)n1,deborylation_0,0.0 milligram,0.0 micromole,0 microliter,C5H8N2,6/9/2023 6:10:21 PM,004_rln-nb-2443_011_k13.raw,2min_150_1200.EXP,004_RLN-NB-2443_011_K13,004_RLN-NB-2443_011_K13,Rxn_Opt_HSST3_2_98,Analog,0,0,0,0,0,5.025118019292572,0.7376,0,0,0,False,323.2109958239,1.25,bis_addition_2,0,0,0,0,0,198.17526446117526,21.091444305851507,5.025118019292572,195,0.7376,0,0,0,0,0,0,0,0,0,0,0,0,0,0,0,0,0,0,0,0,0,0,0,0,0,0,0,0,0,0,0,0,0,0,0,0,0,0,0,0,0,0,0,0,0,0,0,0,0,0,0,0,0,0,0,0,0,0,0,0,0,0,0,0,0,0,0,0,0,0,0,0,0,0,0,0,0,0,0,0,0.0,0.0,0.0,0.0,0.0,0.0,0.0,0.0,0.0,0.0,0.0,0.0,0.0,0.0,0.0,0.0,0.0,0.0,0.0,0.0,0.0,0.0,0.0,0.0,0.0,0.0,0.0,0.0,0.0,0.0,0.0,0.0,0.0,0.0,0.0,0.0,0.0,0.0,0.0,0.0,0.0,0.0,0.0,0.0,0.0,0.0,0.0,0.0,0.0,0.0,0.0,0.0,0.0,0.0,0.0
253,K14,[Fe].Cl[Pd]Cl.[CH]1[CH][CH][C]([CH]1)P(C2CCCCC2)C3CCCCC3.[CH]4[CH][CH][C]([CH]4)P(C5CCCCC5)C6CCCCC6,PdCl2(dcypf),0.06047272000000001 milligram,0.08000000000000002 micromole,0.06047272000000002 microliter,C34H52Cl2FeP2Pd,C1=CC(=C(C=C1CCCN)Cl)Cl.Cl,"3-(3,4-dichlorophenyl)propan-1-amine hydrochloride",0.0962244 milligram,0.4 micromole,0.09622440000000003 microliter,C9H12Cl3N,B1(OC(C(O1)(C)C)(C)C)C2=CN=C(C=C2)C,"2-methyl-5-(4,4,5,5-tetramethyl-1,3,2-dioxaborolan-2-yl)pyridine",0.10516464 milligram,0.48000000000000004 micromole,0.10516464000000003 microliter,C12H18BNO2,[Na+].[Na+].[O-]C([O-])=O,Na2CO3,0.31796399999999997 milligram,3.0 micromole,0.317964 microliter,CNa2O3,CN1C=NC2=C1C(=O)N(C(=O)N2C)C,caffeine,0.0776764 milligram,0.4 micromole,0.07767640000000002 microliter,C8H10N4O2,C1COCCO1,dioxane,16.2225 milligram,184.12480421310696 micromole,15.75 microliter,C4H8O2,O,water,1.75 milligram,97.1412711629198 micromole,1.75 microliter,H2O,Cc1ccc(-c2ccc(CCCN)cc2Cl)cn1,suzuki_product_0,0.0 milligram,0.0 micromole,0 microliter,C15H17ClN2,Cc1ccc(-c2cc(CCCN)ccc2Cl)cn1,suzuki_product_1,0.0 milligram,0.0 micromole,0 microliter,C15H17ClN2,Cc1ccc(-c2ccc(CCCN)cc2-c2ccc(C)nc2)cn1,bis_addition_4,0.0 milligram,0.0 micromole,0 microliter,C21H23N3,C1=CC(=C(C=C1CCCN)Cl)Cl.Cl.B1(OC(C(O1)(C)C)(C)C)C2=CN=C(C=C2)C>>Cc1ccc(-c2ccc(CCCN)cc2Cl)cn1.Cc1ccc(-c2cc(CCCN)ccc2Cl)cn1.Cc1ccc(-c2ccc(CCCN)cc2-c2ccc(C)nc2)cn1.NCCCc1ccc(Cl)cc1.NCCCc1cccc(Cl)c1.Cc1ccccn1,004_RLN-NB-2443_011_K14,,,NCCCc1ccc(Cl)cc1,dehalogenation_0,0.0 milligram,0.0 micromole,0 microliter,C9H12ClN,NCCCc1cccc(Cl)c1,dehalogenation_1,0.0 milligram,0.0 micromole,0 microliter,C9H12ClN,Cc1ccccn1,deborylation_0,0.0 milligram,0.0 micromole,0 microliter,C6H7N,6/9/2023 6:12:48 PM,004_rln-nb-2443_011_k14.raw,2min_150_1200.EXP,004_RLN-NB-2443_011_K14,004_RLN-NB-2443_011_K14,Rxn_Opt_HSST3_2_98,Analog,0,0,0,0,0,4.745121214135765,0.736,0,0,0,False,317.1891977509,1.25,bis_addition_3,0,0,0,0,0,187.4104787941293,21.039772923352192,4.745121214135765,195,0.736,0,0,0,0,0,0,0,0,0,0,0,0,0,0,0,0,0,0,0,0,0,0,0,0,0,0,0,0,0,0,0,0,0,0,0,0,0,0,0,0,0,0,0,0,0,0,0,0,0,0,0,0,0,0,0,0,0,0,0,0,0,0,0,0,0,0,0,0,0,0,0,0,0,0,0,0,0,0,0,0,0.0,0.0,0.0,0.0,0.0,0.0,0.0,0.0,0.0,0.0,0.0,0.0,0.0,0.0,0.0,0.0,0.0,0.0,0.0,0.0,0.0,0.0,0.0,0.0,0.0,0.0,0.0,0.0,0.0,0.0,0.0,0.0,0.0,0.0,0.0,0.0,0.0,0.0,0.0,0.0,0.0,0.0,0.0,0.0,0.0,0.0,0.0,0.0,0.0,0.0,0.0,0.0,0.0,0.0,0.0
254,K15,[Fe].Cl[Pd]Cl.[CH]1[CH][CH][C]([CH]1)P(C2CCCCC2)C3CCCCC3.[CH]4[CH][CH][C]([CH]4)P(C5CCCCC5)C6CCCCC6,PdCl2(dcypf),0.06047272000000001 milligram,0.08000000000000002 micromole,0.06047272000000002 microliter,C34H52Cl2FeP2Pd,C1=CC(=C(C=C1CCCN)Cl)Cl.Cl,"3-(3,4-dichlorophenyl)propan-1-amine hydrochloride",0.0962244 milligram,0.4 micromole,0.09622440000000003 microliter,C9H12Cl3N,CC1(C)OB(C2=CN(C)N=C2)OC1(C)C,"1-methyl-4-(tetramethyl-1,3,2-dioxaborolan-2-yl)-1H-pyrazole",0.09987359999999999 milligram,0.48000000000000004 micromole,0.09987360000000002 microliter,C10H17BN2O2,[Na+].[Na+].[O-]C([O-])=O,Na2CO3,0.31796399999999997 milligram,3.0 micromole,0.317964 microliter,CNa2O3,CN1C=NC2=C1C(=O)N(C(=O)N2C)C,caffeine,0.0776764 milligram,0.4 micromole,0.07767640000000002 microliter,C8H10N4O2,C1COCCO1,dioxane,16.2225 milligram,184.12480421310696 micromole,15.75 microliter,C4H8O2,O,water,1.75 milligram,97.1412711629198 micromole,1.75 microliter,H2O,Cn1cc(-c2cc(CCCN)ccc2Cl)cn1,suzuki_product_0,0.0 milligram,0.0 micromole,0 microliter,C13H16ClN3,Cn1cc(-c2ccc(CCCN)cc2Cl)cn1,suzuki_product_1,0.0 milligram,0.0 micromole,0 microliter,C13H16ClN3,Cn1cc(-c2ccc(CCCN)cc2-c2cnn(C)c2)cn1,bis_addition_2,0.0 milligram,0.0 micromole,0 microliter,C17H21N5,C1=CC(=C(C=C1CCCN)Cl)Cl.Cl.CC1(C)OB(C2=CN(C)N=C2)OC1(C)C>>Cn1cc(-c2cc(CCCN)ccc2Cl)cn1.Cn1cc(-c2ccc(CCCN)cc2Cl)cn1.Cn1cc(-c2ccc(CCCN)cc2-c2cnn(C)c2)cn1.NCCCc1ccc(Cl)cc1.NCCCc1cccc(Cl)c1.Cn1cccn1,004_RLN-NB-2443_011_K15,,,NCCCc1ccc(Cl)cc1,dehalogenation_0,0.0 milligram,0.0 micromole,0 microliter,C9H12ClN,NCCCc1cccc(Cl)c1,dehalogenation_1,0.0 milligram,0.0 micromole,0 microliter,C9H12ClN,Cn1cccn1,deborylation_0,0.0 milligram,0.0 micromole,0 microliter,C4H6N2,6/9/2023 6:15:15 PM,004_rln-nb-2443_011_k15.raw,2min_150_1200.EXP,004_RLN-NB-2443_011_K15,004_RLN-NB-2443_011_K15,Rxn_Opt_HSST3_2_98,Analog,0,0,0,0,0,5.171340495335738,0.7343,0,0,0,False,295.17969569562,1.25,bis_addition_3,0,0,0,0,0,205.32529991803594,18.76066261278285,5.171340495335738,195,0.7343,0,0,0,0,0,0,0,0,0,0,0,0,0,0,0,0,0,0,0,0,0,0,0,0,0,0,0,0,0,0,0,0,0,0,0,0,0,0,0,0,0,0,0,0,0,0,0,0,0,0,0,0,0,0,0,0,0,0,0,0,0,0,0,0,0,0,0,0,0,0,0,0,0,0,0,0,0,0,0,0,0.0,0.0,0.0,0.0,0.0,0.0,0.0,0.0,0.0,0.0,0.0,0.0,0.0,0.0,0.0,0.0,0.0,0.0,0.0,0.0,0.0,0.0,0.0,0.0,0.0,0.0,0.0,0.0,0.0,0.0,0.0,0.0,0.0,0.0,0.0,0.0,0.0,0.0,0.0,0.0,0.0,0.0,0.0,0.0,0.0,0.0,0.0,0.0,0.0,0.0,0.0,0.0,0.0,0.0,0.0
255,K16,[Fe].Cl[Pd]Cl.[CH]1[CH][CH][C]([CH]1)P(C2CCCCC2)C3CCCCC3.[CH]4[CH][CH][C]([CH]4)P(C5CCCCC5)C6CCCCC6,PdCl2(dcypf),0.06047272000000001 milligram,0.08000000000000002 micromole,0.06047272000000002 microliter,C34H52Cl2FeP2Pd,C1=CC(=C(C=C1CCCN)Cl)Cl.Cl,"3-(3,4-dichlorophenyl)propan-1-amine hydrochloride",0.0962244 milligram,0.4 micromole,0.09622440000000003 microliter,C9H12Cl3N,CC1(C)OB(C2=CC3=C(NC=C3)C=C2)OC1(C)C,"5-(tetramethyl-1,3,2-dioxaborolan-2-yl)-1H-indole",0.11669520000000001 milligram,0.48000000000000004 micromole,0.11669520000000004 microliter,C14H18BNO2,[Na+].[Na+].[O-]C([O-])=O,Na2CO3,0.31796399999999997 milligram,3.0 micromole,0.317964 microliter,CNa2O3,CN1C=NC2=C1C(=O)N(C(=O)N2C)C,caffeine,0.0776764 milligram,0.4 micromole,0.07767640000000002 microliter,C8H10N4O2,C1COCCO1,dioxane,16.2225 milligram,184.12480421310696 micromole,15.75 microliter,C4H8O2,O,water,1.75 milligram,97.1412711629198 micromole,1.75 microliter,H2O,NCCCc1ccc(Cl)c(-c2ccc3[nH]ccc3c2)c1,suzuki_product_0,0.0 milligram,0.0 micromole,0 microliter,C17H17ClN2,NCCCc1ccc(-c2ccc3[nH]ccc3c2)c(Cl)c1,suzuki_product_1,0.0 milligram,0.0 micromole,0 microliter,C17H17ClN2,NCCCc1ccc(-c2ccc3[nH]ccc3c2)c(-c2ccc3[nH]ccc3c2)c1,bis_addition_2,0.0 milligram,0.0 micromole,0 microliter,C25H23N3,C1=CC(=C(C=C1CCCN)Cl)Cl.Cl.CC1(C)OB(C2=CC3=C(NC=C3)C=C2)OC1(C)C>>NCCCc1ccc(Cl)c(-c2ccc3[nH]ccc3c2)c1.NCCCc1ccc(-c2ccc3[nH]ccc3c2)c(Cl)c1.NCCCc1ccc(-c2ccc3[nH]ccc3c2)c(-c2ccc3[nH]ccc3c2)c1.NCCCc1ccc(Cl)cc1.NCCCc1cccc(Cl)c1.c1ccc2[nH]ccc2c1,004_RLN-NB-2443_011_K16,,,NCCCc1ccc(Cl)cc1,dehalogenation_0,0.0 milligram,0.0 micromole,0 microliter,C9H12ClN,NCCCc1cccc(Cl)c1,dehalogenation_1,0.0 milligram,0.0 micromole,0 microliter,C9H12ClN,c1ccc2[nH]ccc2c1,deborylation_0,0.0 milligram,0.0 micromole,0 microliter,C8H7N,6/9/2023 6:17:42 PM,004_rln-nb-2443_011_k16.raw,2min_150_1200.EXP,004_RLN-NB-2443_011_K16,004_RLN-NB-2443_011_K16,Rxn_Opt_HSST3_2_98,Analog,0,0,0,0,0,5.937064557776849,0.736,1.8063058127862903,1.2743,0,False,365.1891977509,1.25,bis_addition_4,0,0,0,0,0,203.95698921432594,22.96245649726686,5.937064557776849,194.9,0.736,0,0,0,0,0,0,0,0,0,0,53.24490769093535,6.986149172411342,1.8063058127862903,244.1,1.2743,0,0,0,0,0,0,0,0,0,0,0,0,0,0,0,0,0,0,0,0,0,0,0,0,0,0,0,0,0,0,0,0,0,0,0,0,0,0,0,0,0,0,0,0,0,0,0,0,0,0,0,0,0,0,0,0,0,0,0,0,0,0,0,0,0,0.0,0.0,0.0,0.0,0.0,0.0,0.0,0.0,0.0,0.0,0.0,0.0,0.0,0.0,0.0,0.0,0.0,0.0,0.0,0.0,0.0,0.0,0.0,0.0,0.0,0.00012169689550842053,30.424223877105135,0.0,0.0,0.0,0.0,0.0,0.0,0.0,0.0,0.0,0.0,0.0,0.0,0.0,0.0,0.0,0.0,0.0,0.0,0.0,0.0,0.0,0.0,0.0,0.0,0.0,0.0,0.0,0.0
256,K17,[Fe].Cl[Pd]Cl.[CH]1[CH][CH][C]([CH]1)P(C2CCCCC2)C3CCCCC3.[CH]4[CH][CH][C]([CH]4)P(C5CCCCC5)C6CCCCC6,PdCl2(dcypf),0.06047272000000001 milligram,0.08000000000000002 micromole,0.06047272000000002 microliter,C34H52Cl2FeP2Pd,C1=CC(=C(C=C1CCCN)Cl)Cl.Cl,"3-(3,4-dichlorophenyl)propan-1-amine hydrochloride",0.0962244 milligram,0.4 micromole,0.09622440000000003 microliter,C9H12Cl3N,O=[N+](C1=CC=CC=C1B2OC(C)(C)C(C)(C)O2)[O-],"4,4,5,5-tetramethyl-2-(2-nitrophenyl)-1,3,2-dioxaborolane",0.11955599999999997 milligram,0.48000000000000004 micromole,0.119556 microliter,C12H16BNO4,[Na+].[Na+].[O-]C([O-])=O,Na2CO3,0.31796399999999997 milligram,3.0 micromole,0.317964 microliter,CNa2O3,CN1C=NC2=C1C(=O)N(C(=O)N2C)C,caffeine,0.0776764 milligram,0.4 micromole,0.07767640000000002 microliter,C8H10N4O2,C1COCCO1,dioxane,16.2225 milligram,184.12480421310696 micromole,15.75 microliter,C4H8O2,O,water,1.75 milligram,97.1412711629198 micromole,1.75 microliter,H2O,NCCCc1ccc(Cl)c(-c2ccccc2[N+](=O)[O-])c1,suzuki_product_0,0.0 milligram,0.0 micromole,0 microliter,C15H15ClN2O2,NCCCc1ccc(-c2ccccc2[N+](=O)[O-])c(Cl)c1,suzuki_product_1,0.0 milligram,0.0 micromole,0 microliter,C15H15ClN2O2,NCCCc1ccc(-c2ccccc2[N+](=O)[O-])c(-c2ccccc2[N+](=O)[O-])c1,bis_addition_4,0.0 milligram,0.0 micromole,0 microliter,C21H19N3O4,C1=CC(=C(C=C1CCCN)Cl)Cl.Cl.O=[N+](C1=CC=CC=C1B2OC(C)(C)C(C)(C)O2)[O-]>>NCCCc1ccc(Cl)c(-c2ccccc2[N+](=O)[O-])c1.NCCCc1ccc(-c2ccccc2[N+](=O)[O-])c(Cl)c1.NCCCc1ccc(-c2ccccc2[N+](=O)[O-])c(-c2ccccc2[N+](=O)[O-])c1.NCCCc1ccc(Cl)cc1.NCCCc1cccc(Cl)c1.O=[N+]([O-])c1ccccc1,004_RLN-NB-2443_011_K17,,,NCCCc1ccc(Cl)cc1,dehalogenation_0,0.0 milligram,0.0 micromole,0 microliter,C9H12ClN,NCCCc1cccc(Cl)c1,dehalogenation_1,0.0 milligram,0.0 micromole,0 microliter,C9H12ClN,O=[N+]([O-])c1ccccc1,deborylation_0,0.0 milligram,0.0 micromole,0 microliter,C6H5NO2,6/9/2023 6:20:09 PM,004_rln-nb-2443_011_k17.raw,2min_150_1200.EXP,004_RLN-NB-2443_011_K17,004_RLN-NB-2443_011_K17,Rxn_Opt_HSST3_2_98,Analog,0,0,0,0,0,4.706491393246803,0.7343,0,0,0,False,377.1375561009,1.25,bis_addition_3,0,0,0,0,0,186.8245149944143,20.207517442668006,4.706491393246803,195,0.7343,0,0,0,0,0,0,0,0,0,0,0,0,0,0,0,0,0,0,0,0,0,0,0,0,0,0,0,0,0,0,0,0,0,0,0,0,0,0,0,0,0,0,0,0,0,0,0,0,0,0,0,0,0,0,0,0,0,0,0,0,0,0,0,0,0,0,0,0,0,0,0,0,0,0,0,0,0,0,0,0,0.0,0.0,0.0,0.0,0.0,0.0,0.0,0.0,0.0,0.0,0.0,0.0,0.0,0.0,0.0,0.0,0.0,0.0,0.0,0.0,0.0,0.0,0.0,0.0,0.0,0.0,0.0,0.0,0.0,0.0,0.0,0.0,0.0,0.0,0.0,0.0,0.0,0.0,0.0,0.0,0.0,0.0,0.0,0.0,0.0,0.0,0.0,0.0,0.0,0.0,0.0,0.0,0.0,0.0,0.0
257,K18,[Fe].Cl[Pd]Cl.[CH]1[CH][CH][C]([CH]1)P(C2CCCCC2)C3CCCCC3.[CH]4[CH][CH][C]([CH]4)P(C5CCCCC5)C6CCCCC6,PdCl2(dcypf),0.06047272000000001 milligram,0.08000000000000002 micromole,0.06047272000000002 microliter,C34H52Cl2FeP2Pd,C1=CC(=C(C=C1CCCN)Cl)Cl.Cl,"3-(3,4-dichlorophenyl)propan-1-amine hydrochloride",0.0962244 milligram,0.4 micromole,0.09622440000000003 microliter,C9H12Cl3N,O=C(O)C1=CC=CC(B2OC(C)(C)C(C)(C)O2)=C1,"3-(tetramethyl-1,3,2-dioxaborolan-2-yl)benzoic acid",0.11908175999999998 milligram,0.48000000000000004 micromole,0.11908176000000001 microliter,C13H17BO4,[Na+].[Na+].[O-]C([O-])=O,Na2CO3,0.31796399999999997 milligram,3.0 micromole,0.317964 microliter,CNa2O3,CN1C=NC2=C1C(=O)N(C(=O)N2C)C,caffeine,0.0776764 milligram,0.4 micromole,0.07767640000000002 microliter,C8H10N4O2,C1COCCO1,dioxane,16.2225 milligram,184.12480421310696 micromole,15.75 microliter,C4H8O2,O,water,1.75 milligram,97.1412711629198 micromole,1.75 microliter,H2O,NCCCc1ccc(-c2cccc(C(=O)O)c2)c(Cl)c1,suzuki_product_0,0.0 milligram,0.0 micromole,0 microliter,C16H16ClNO2,NCCCc1ccc(Cl)c(-c2cccc(C(=O)O)c2)c1,suzuki_product_1,0.0 milligram,0.0 micromole,0 microliter,C16H16ClNO2,NCCCc1ccc(-c2cccc(C(=O)O)c2)c(-c2cccc(C(=O)O)c2)c1,bis_addition_4,0.0 milligram,0.0 micromole,0 microliter,C23H21NO4,C1=CC(=C(C=C1CCCN)Cl)Cl.Cl.O=C(O)C1=CC=CC(B2OC(C)(C)C(C)(C)O2)=C1>>NCCCc1ccc(-c2cccc(C(=O)O)c2)c(Cl)c1.NCCCc1ccc(Cl)c(-c2cccc(C(=O)O)c2)c1.NCCCc1ccc(-c2cccc(C(=O)O)c2)c(-c2cccc(C(=O)O)c2)c1.NCCCc1ccc(Cl)cc1.NCCCc1cccc(Cl)c1.O=C(O)c1ccccc1,004_RLN-NB-2443_011_K18,,,NCCCc1ccc(Cl)cc1,dehalogenation_0,0.0 milligram,0.0 micromole,0 microliter,C9H12ClN,NCCCc1cccc(Cl)c1,dehalogenation_1,0.0 milligram,0.0 micromole,0 microliter,C9H12ClN,O=C(O)c1ccccc1,deborylation_0,0.0 milligram,0.0 micromole,0 microliter,C7H6O2,6/9/2023 6:22:36 PM,004_rln-nb-2443_011_k18.raw,2min_150_1200.EXP,004_RLN-NB-2443_011_K18,004_RLN-NB-2443_011_K18,Rxn_Opt_HSST3_2_98,Analog,0,0,0,0,0,9.144139848960577,0.7393,0,0,0,False,375.14705815618,1.25,bis_addition_3,0,0,0,0,0,261.79359850613787,36.1409345498345,9.144139848960577,194.9,0.7393,0,0,0,0,0,0,0,0,0,0,0,0,0,0,0,0,0,0,0,0,0,0,0,0,0,0,0,0,0,0,0,0,0,0,0,0,0,0,0,0,0,0,0,0,0,0,0,0,0,0,0,0,0,0,0,0,0,0,0,0,0,0,0,0,0,0,0,0,0,0,0,0,0,0,0,0,0,0,0,0,0.0,0.0,0.0,0.0,0.0,0.0,0.0,0.0,0.0,0.0,0.0,0.0,0.0,0.0,0.0,0.0,0.0,0.0,0.0,0.0,0.0,0.0,0.0,0.0,0.0,0.0,0.0,0.0,0.0,0.0,0.0,0.0,0.0,0.0,0.0,0.0,0.0,0.0,0.0,0.0,0.0,0.0,0.0,0.0,0.0,0.0,0.0,0.0,0.0,0.0,0.0,0.0,0.0,0.0,0.0
258,K19,COC1=CC=C(C(P(C(C)(C)C)C(C)(C)C)=C1C2=C(C=C(C=C2C(C)C)C(C)C)C(C)C)OC.NC3=C(C=CC=C3)C4=C(C=CC=C4)[Pd]OS(C)(=O)=O,tBuBrettPhos Pd G3,0.06835544000000003 milligram,0.08000000000000002 micromole,0.06835544000000005 microliter,C44H62NO5PPdS,C1=CC(=C(C=C1CCCN)Cl)Cl.Cl,"3-(3,4-dichlorophenyl)propan-1-amine hydrochloride",0.0962244 milligram,0.4 micromole,0.09622440000000003 microliter,C9H12Cl3N,B1(OC(C(O1)(C)C)(C)C)C2=CN(N=C2C)C,"1,3-dimethyl-4-(4,4,5,5-tetramethyl-1,3,2-dioxaborolan-2-yl)-1H-pyrazole",0.10660655999999999 milligram,0.48000000000000004 micromole,0.10660656000000002 microliter,C11H19BN2O2,[Na+].[Na+].[O-]C([O-])=O,Na2CO3,0.31796399999999997 milligram,3.0 micromole,0.317964 microliter,CNa2O3,CN1C=NC2=C1C(=O)N(C(=O)N2C)C,caffeine,0.0776764 milligram,0.4 micromole,0.07767640000000002 microliter,C8H10N4O2,C1COCCO1,dioxane,16.2225 milligram,184.12480421310696 micromole,15.75 microliter,C4H8O2,O,water,1.75 milligram,97.1412711629198 micromole,1.75 microliter,H2O,Cc1nn(C)cc1-c1ccc(CCCN)cc1Cl,suzuki_product_0,0.0 milligram,0.0 micromole,0 microliter,C14H18ClN3,Cc1nn(C)cc1-c1cc(CCCN)ccc1Cl,suzuki_product_1,0.0 milligram,0.0 micromole,0 microliter,C14H18ClN3,Cc1nn(C)cc1-c1ccc(CCCN)cc1-c1cn(C)nc1C,bis_addition_3,0.0 milligram,0.0 micromole,0 microliter,C19H25N5,C1=CC(=C(C=C1CCCN)Cl)Cl.Cl.B1(OC(C(O1)(C)C)(C)C)C2=CN(N=C2C)C>>Cc1nn(C)cc1-c1ccc(CCCN)cc1Cl.Cc1nn(C)cc1-c1cc(CCCN)ccc1Cl.Cc1nn(C)cc1-c1ccc(CCCN)cc1-c1cn(C)nc1C.NCCCc1ccc(Cl)cc1.NCCCc1cccc(Cl)c1.Cc1ccn(C)n1,004_RLN-NB-2443_011_K19,,,NCCCc1ccc(Cl)cc1,dehalogenation_0,0.0 milligram,0.0 micromole,0 microliter,C9H12ClN,NCCCc1cccc(Cl)c1,dehalogenation_1,0.0 milligram,0.0 micromole,0 microliter,C9H12ClN,Cc1ccn(C)n1,deborylation_0,0.0 milligram,0.0 micromole,0 microliter,C5H8N2,6/9/2023 6:25:03 PM,004_rln-nb-2443_011_k19.raw,2min_150_1200.EXP,004_RLN-NB-2443_011_K19,004_RLN-NB-2443_011_K19,Rxn_Opt_HSST3_2_98,Analog,0,0,0,0,0,4.743872988865815,0.7343,0.8911746720438138,0.771,0,False,323.2109958239,1.25,bis_addition_2,0,0,0,0,0,186.98446201117335,13.56104320116868,4.743872988865815,195,0.7343,0,0,0,0,0,0,0,0,0,0,0,0,0,0,0,0,0,0,0,0,0,0,0,0,0,0,0,0,0,0,0,0,0,0,0,0,0,0,0,0,0,0,0,0,0,0,0,0,0,0,0,0,0,0,0,0,0,0,0,0,0,0,0,0,0,0,0,0,0,0,0,0,0,0,0,0,0,0,0,0,0.0,0.0,0.0,0.0,0.0,0.0,0.0,0.0,0.0,0.0,78.8684227082795,4.62265400779938,1.6170793912508095,555.8,1.472,0.0,0.0,0.0001363509853696507,34.08774634241268,0.0,0.0,0.0,0.0,0.0,0.0,0.0,0.0,0.0,0.0,0.0,0.0,0.0,0.0,0.0,0.0,0.0,0.0,0.0,0.0,0.0,0.0,0.0,0.0,0.0,0.0,0.0,0.0,0.0,0.0,0.0,0.0,0.0,0.0,0.0,0.0
259,K20,COC1=CC=C(C(P(C(C)(C)C)C(C)(C)C)=C1C2=C(C=C(C=C2C(C)C)C(C)C)C(C)C)OC.NC3=C(C=CC=C3)C4=C(C=CC=C4)[Pd]OS(C)(=O)=O,tBuBrettPhos Pd G3,0.06835544000000003 milligram,0.08000000000000002 micromole,0.06835544000000005 microliter,C44H62NO5PPdS,C1=CC(=C(C=C1CCCN)Cl)Cl.Cl,"3-(3,4-dichlorophenyl)propan-1-amine hydrochloride",0.0962244 milligram,0.4 micromole,0.09622440000000003 microliter,C9H12Cl3N,B1(OC(C(O1)(C)C)(C)C)C2=CN=C(C=C2)C,"2-methyl-5-(4,4,5,5-tetramethyl-1,3,2-dioxaborolan-2-yl)pyridine",0.10516464 milligram,0.48000000000000004 micromole,0.10516464000000003 microliter,C12H18BNO2,[Na+].[Na+].[O-]C([O-])=O,Na2CO3,0.31796399999999997 milligram,3.0 micromole,0.317964 microliter,CNa2O3,CN1C=NC2=C1C(=O)N(C(=O)N2C)C,caffeine,0.0776764 milligram,0.4 micromole,0.07767640000000002 microliter,C8H10N4O2,C1COCCO1,dioxane,16.2225 milligram,184.12480421310696 micromole,15.75 microliter,C4H8O2,O,water,1.75 milligram,97.1412711629198 micromole,1.75 microliter,H2O,Cc1ccc(-c2ccc(CCCN)cc2Cl)cn1,suzuki_product_0,0.0 milligram,0.0 micromole,0 microliter,C15H17ClN2,Cc1ccc(-c2cc(CCCN)ccc2Cl)cn1,suzuki_product_1,0.0 milligram,0.0 micromole,0 microliter,C15H17ClN2,Cc1ccc(-c2ccc(CCCN)cc2-c2ccc(C)nc2)cn1,bis_addition_4,0.0 milligram,0.0 micromole,0 microliter,C21H23N3,C1=CC(=C(C=C1CCCN)Cl)Cl.Cl.B1(OC(C(O1)(C)C)(C)C)C2=CN=C(C=C2)C>>Cc1ccc(-c2ccc(CCCN)cc2Cl)cn1.Cc1ccc(-c2cc(CCCN)ccc2Cl)cn1.Cc1ccc(-c2ccc(CCCN)cc2-c2ccc(C)nc2)cn1.NCCCc1ccc(Cl)cc1.NCCCc1cccc(Cl)c1.Cc1ccccn1,004_RLN-NB-2443_011_K20,,,NCCCc1ccc(Cl)cc1,dehalogenation_0,0.0 milligram,0.0 micromole,0 microliter,C9H12ClN,NCCCc1cccc(Cl)c1,dehalogenation_1,0.0 milligram,0.0 micromole,0 microliter,C9H12ClN,Cc1ccccn1,deborylation_0,0.0 milligram,0.0 micromole,0 microliter,C6H7N,6/9/2023 6:27:29 PM,004_rln-nb-2443_011_k20.raw,2min_150_1200.EXP,004_RLN-NB-2443_011_K20,004_RLN-NB-2443_011_K20,Rxn_Opt_HSST3_2_98,Analog,0,0,0,0,0,4.496989098734968,0.736,0,0,0,False,317.1891977509,1.25,bis_addition_3,0,0,0,0,0,178.28388173536024,14.677169062440932,4.496989098734968,195,0.736,0,0,0,0,0,0,0,0,0,0,0,0,0,0,0,0,0,0,0,0,0,0,0,0,0,0,0,0,0,0,0,0,0,0,0,0,0,0,0,0,0,0,0,0,0,0,0,0,0,0,0,0,0,0,0,0,0,0,0,0,0,0,0,0,0,0,0,0,0,0,0,0,0,0,0,0,0,0,0,0,0.0,0.0,0.0,0.0,0.0,0.0,0.0,0.0,0.0,0.0,0.0,0.0,0.0,0.0,0.0,0.0,0.0,0.0,0.0,0.0,0.0,0.0,0.0,0.0,0.0,0.0,0.0,0.0,0.0,0.0,0.0,0.0,0.0,0.0,0.0,0.0,0.0,0.0,0.0,0.0,0.0,0.0,0.0,0.0,0.0,0.0,0.0,0.0,0.0,0.0,0.0,0.0,0.0,0.0,0.0
260,K21,COC1=CC=C(C(P(C(C)(C)C)C(C)(C)C)=C1C2=C(C=C(C=C2C(C)C)C(C)C)C(C)C)OC.NC3=C(C=CC=C3)C4=C(C=CC=C4)[Pd]OS(C)(=O)=O,tBuBrettPhos Pd G3,0.06835544000000003 milligram,0.08000000000000002 micromole,0.06835544000000005 microliter,C44H62NO5PPdS,C1=CC(=C(C=C1CCCN)Cl)Cl.Cl,"3-(3,4-dichlorophenyl)propan-1-amine hydrochloride",0.0962244 milligram,0.4 micromole,0.09622440000000003 microliter,C9H12Cl3N,CC1(C)OB(C2=CN(C)N=C2)OC1(C)C,"1-methyl-4-(tetramethyl-1,3,2-dioxaborolan-2-yl)-1H-pyrazole",0.09987359999999999 milligram,0.48000000000000004 micromole,0.09987360000000002 microliter,C10H17BN2O2,[Na+].[Na+].[O-]C([O-])=O,Na2CO3,0.31796399999999997 milligram,3.0 micromole,0.317964 microliter,CNa2O3,CN1C=NC2=C1C(=O)N(C(=O)N2C)C,caffeine,0.0776764 milligram,0.4 micromole,0.07767640000000002 microliter,C8H10N4O2,C1COCCO1,dioxane,16.2225 milligram,184.12480421310696 micromole,15.75 microliter,C4H8O2,O,water,1.75 milligram,97.1412711629198 micromole,1.75 microliter,H2O,Cn1cc(-c2cc(CCCN)ccc2Cl)cn1,suzuki_product_0,0.0 milligram,0.0 micromole,0 microliter,C13H16ClN3,Cn1cc(-c2ccc(CCCN)cc2Cl)cn1,suzuki_product_1,0.0 milligram,0.0 micromole,0 microliter,C13H16ClN3,Cn1cc(-c2ccc(CCCN)cc2-c2cnn(C)c2)cn1,bis_addition_2,0.0 milligram,0.0 micromole,0 microliter,C17H21N5,C1=CC(=C(C=C1CCCN)Cl)Cl.Cl.CC1(C)OB(C2=CN(C)N=C2)OC1(C)C>>Cn1cc(-c2cc(CCCN)ccc2Cl)cn1.Cn1cc(-c2ccc(CCCN)cc2Cl)cn1.Cn1cc(-c2ccc(CCCN)cc2-c2cnn(C)c2)cn1.NCCCc1ccc(Cl)cc1.NCCCc1cccc(Cl)c1.Cn1cccn1,004_RLN-NB-2443_011_K21,,,NCCCc1ccc(Cl)cc1,dehalogenation_0,0.0 milligram,0.0 micromole,0 microliter,C9H12ClN,NCCCc1cccc(Cl)c1,dehalogenation_1,0.0 milligram,0.0 micromole,0 microliter,C9H12ClN,Cn1cccn1,deborylation_0,0.0 milligram,0.0 micromole,0 microliter,C4H6N2,6/9/2023 6:29:57 PM,004_rln-nb-2443_011_k21.raw,2min_150_1200.EXP,004_RLN-NB-2443_011_K21,004_RLN-NB-2443_011_K21,Rxn_Opt_HSST3_2_98,Analog,0,0,0,0,0,5.212779896170937,0.7343,0,0,0,False,295.17969569562,1.25,bis_addition_3,0,0,0,0,0,203.534736419133,22.619214696056062,5.212779896170937,194.9,0.7343,0,0,0,0,0,0,0,0,0,0,0,0,0,0,0,0,0,0,0,0,0,0,0,0,0,0,0,0,0,0,0,0,0,0,0,0,0,0,0,0,0,0,0,0,0,0,0,0,0,0,0,0,0,0,0,0,0,0,0,0,0,0,0,0,0,0,0,0,0,0,0,0,0,0,0,0,0,0,0,0,0.0,0.0,0.0,0.0,0.0,0.0,0.0,0.0,0.0,0.0,0.0,0.0,0.0,0.0,0.0,0.0,0.0,0.0,0.0,0.0,0.0,0.0,0.0,0.0,0.0,0.0,0.0,0.0,0.0,0.0,0.0,0.0,0.0,0.0,0.0,0.0,0.0,0.0,0.0,0.0,0.0,0.0,0.0,0.0,0.0,0.0,0.0,0.0,0.0,0.0,0.0,0.0,0.0,0.0,0.0
261,K22,COC1=CC=C(C(P(C(C)(C)C)C(C)(C)C)=C1C2=C(C=C(C=C2C(C)C)C(C)C)C(C)C)OC.NC3=C(C=CC=C3)C4=C(C=CC=C4)[Pd]OS(C)(=O)=O,tBuBrettPhos Pd G3,0.06835544000000003 milligram,0.08000000000000002 micromole,0.06835544000000005 microliter,C44H62NO5PPdS,C1=CC(=C(C=C1CCCN)Cl)Cl.Cl,"3-(3,4-dichlorophenyl)propan-1-amine hydrochloride",0.0962244 milligram,0.4 micromole,0.09622440000000003 microliter,C9H12Cl3N,CC1(C)OB(C2=CC3=C(NC=C3)C=C2)OC1(C)C,"5-(tetramethyl-1,3,2-dioxaborolan-2-yl)-1H-indole",0.11669520000000001 milligram,0.48000000000000004 micromole,0.11669520000000004 microliter,C14H18BNO2,[Na+].[Na+].[O-]C([O-])=O,Na2CO3,0.31796399999999997 milligram,3.0 micromole,0.317964 microliter,CNa2O3,CN1C=NC2=C1C(=O)N(C(=O)N2C)C,caffeine,0.0776764 milligram,0.4 micromole,0.07767640000000002 microliter,C8H10N4O2,C1COCCO1,dioxane,16.2225 milligram,184.12480421310696 micromole,15.75 microliter,C4H8O2,O,water,1.75 milligram,97.1412711629198 micromole,1.75 microliter,H2O,NCCCc1ccc(Cl)c(-c2ccc3[nH]ccc3c2)c1,suzuki_product_0,0.0 milligram,0.0 micromole,0 microliter,C17H17ClN2,NCCCc1ccc(-c2ccc3[nH]ccc3c2)c(Cl)c1,suzuki_product_1,0.0 milligram,0.0 micromole,0 microliter,C17H17ClN2,NCCCc1ccc(-c2ccc3[nH]ccc3c2)c(-c2ccc3[nH]ccc3c2)c1,bis_addition_2,0.0 milligram,0.0 micromole,0 microliter,C25H23N3,C1=CC(=C(C=C1CCCN)Cl)Cl.Cl.CC1(C)OB(C2=CC3=C(NC=C3)C=C2)OC1(C)C>>NCCCc1ccc(Cl)c(-c2ccc3[nH]ccc3c2)c1.NCCCc1ccc(-c2ccc3[nH]ccc3c2)c(Cl)c1.NCCCc1ccc(-c2ccc3[nH]ccc3c2)c(-c2ccc3[nH]ccc3c2)c1.NCCCc1ccc(Cl)cc1.NCCCc1cccc(Cl)c1.c1ccc2[nH]ccc2c1,004_RLN-NB-2443_011_K22,,,NCCCc1ccc(Cl)cc1,dehalogenation_0,0.0 milligram,0.0 micromole,0 microliter,C9H12ClN,NCCCc1cccc(Cl)c1,dehalogenation_1,0.0 milligram,0.0 micromole,0 microliter,C9H12ClN,c1ccc2[nH]ccc2c1,deborylation_0,0.0 milligram,0.0 micromole,0 microliter,C8H7N,6/9/2023 6:32:24 PM,004_rln-nb-2443_011_k22.raw,2min_150_1200.EXP,004_RLN-NB-2443_011_K22,004_RLN-NB-2443_011_K22,Rxn_Opt_HSST3_2_98,Analog,0,0,0,0,0,3.7563661741056054,0.736,0.8895452969057516,1.2693,0,False,365.1891977509,1.25,bis_addition_4,0,0,0,0,0,151.54656608795028,17.522870281292466,3.7563661741056054,195,0.736,0,0,0,0,0,0,0,0,0,0,30.908478856069365,4.1495919525802485,0.8895452969057516,244,1.2693,0,0,0,0,0,0,0,0,0,0,0,0,0,0,0,0,0,0,0,0,0,0,0,0,0,0,0,0,0,0,0,0,0,0,0,0,0,0,0,0,0,0,0,0,0,0,0,0,0,0,0,0,0,0,0,0,0,0,0,0,0,0,0,0,0,0.0,0.0,0.0,0.0,0.0,0.0,0.0,0.0,0.0,0.0,0.0,0.0,0.0,0.0,0.0,0.0,0.0,0.0,0.0,0.0,0.0,0.0,0.0,0.0,0.0,9.472402376933375e-05,23.681005942333435,0.0,0.0,0.0,0.0,0.0,0.0,0.0,0.0,0.0,0.0,0.0,0.0,0.0,0.0,0.0,0.0,0.0,0.0,0.0,0.0,0.0,0.0,0.0,0.0,0.0,0.0,0.0,0.0
262,K23,COC1=CC=C(C(P(C(C)(C)C)C(C)(C)C)=C1C2=C(C=C(C=C2C(C)C)C(C)C)C(C)C)OC.NC3=C(C=CC=C3)C4=C(C=CC=C4)[Pd]OS(C)(=O)=O,tBuBrettPhos Pd G3,0.06835544000000003 milligram,0.08000000000000002 micromole,0.06835544000000005 microliter,C44H62NO5PPdS,C1=CC(=C(C=C1CCCN)Cl)Cl.Cl,"3-(3,4-dichlorophenyl)propan-1-amine hydrochloride",0.0962244 milligram,0.4 micromole,0.09622440000000003 microliter,C9H12Cl3N,O=[N+](C1=CC=CC=C1B2OC(C)(C)C(C)(C)O2)[O-],"4,4,5,5-tetramethyl-2-(2-nitrophenyl)-1,3,2-dioxaborolane",0.11955599999999997 milligram,0.48000000000000004 micromole,0.119556 microliter,C12H16BNO4,[Na+].[Na+].[O-]C([O-])=O,Na2CO3,0.31796399999999997 milligram,3.0 micromole,0.317964 microliter,CNa2O3,CN1C=NC2=C1C(=O)N(C(=O)N2C)C,caffeine,0.0776764 milligram,0.4 micromole,0.07767640000000002 microliter,C8H10N4O2,C1COCCO1,dioxane,16.2225 milligram,184.12480421310696 micromole,15.75 microliter,C4H8O2,O,water,1.75 milligram,97.1412711629198 micromole,1.75 microliter,H2O,NCCCc1ccc(Cl)c(-c2ccccc2[N+](=O)[O-])c1,suzuki_product_0,0.0 milligram,0.0 micromole,0 microliter,C15H15ClN2O2,NCCCc1ccc(-c2ccccc2[N+](=O)[O-])c(Cl)c1,suzuki_product_1,0.0 milligram,0.0 micromole,0 microliter,C15H15ClN2O2,NCCCc1ccc(-c2ccccc2[N+](=O)[O-])c(-c2ccccc2[N+](=O)[O-])c1,bis_addition_4,0.0 milligram,0.0 micromole,0 microliter,C21H19N3O4,C1=CC(=C(C=C1CCCN)Cl)Cl.Cl.O=[N+](C1=CC=CC=C1B2OC(C)(C)C(C)(C)O2)[O-]>>NCCCc1ccc(Cl)c(-c2ccccc2[N+](=O)[O-])c1.NCCCc1ccc(-c2ccccc2[N+](=O)[O-])c(Cl)c1.NCCCc1ccc(-c2ccccc2[N+](=O)[O-])c(-c2ccccc2[N+](=O)[O-])c1.NCCCc1ccc(Cl)cc1.NCCCc1cccc(Cl)c1.O=[N+]([O-])c1ccccc1,004_RLN-NB-2443_011_K23,,,NCCCc1ccc(Cl)cc1,dehalogenation_0,0.0 milligram,0.0 micromole,0 microliter,C9H12ClN,NCCCc1cccc(Cl)c1,dehalogenation_1,0.0 milligram,0.0 micromole,0 microliter,C9H12ClN,O=[N+]([O-])c1ccccc1,deborylation_0,0.0 milligram,0.0 micromole,0 microliter,C6H5NO2,6/9/2023 6:34:51 PM,004_rln-nb-2443_011_k23.raw,2min_150_1200.EXP,004_RLN-NB-2443_011_K23,004_RLN-NB-2443_011_K23,Rxn_Opt_HSST3_2_98,Analog,0.48038466122126505,0,2.365817471471019,9.528620419342694,1.121,4.924839742918694,0.736,0,0,0,False,377.1375561009,1.25,bis_addition_3,0,0,0,0,0,198.8371192130241,19.83539689864039,4.924839742918694,195,0.736,49.05738157301247,9.528620419342696,2.365817471471019,169.9,1.121,0,0,0,0,0,0,0,0,0,0,0,0,0,0,0,0,0,0,0,0,0,0,0,0,0,0,0,0,0,0,0,0,0,0,0,0,0,0,0,0,0,0,0,0,0,0,0,0,0,0,0,0,0,0,0,0,0,0,0,0,49.05738157301247,9.528620419342696,2.365817471471019,169.9,1.121,0,0,0,0,0,0,0,0,0,0,12.1019202170986,1.2456378063377065,0.30927369919956016,290.9,1.2876,12.1019202170986,1.2456378063377065,0.30927369919956016,290.9,1.2876,0.0,0.0,0.0,0.0,0.0,0.0,0.0,0.0,0.0,2.5119493453102284e-05,6.279873363275571,0.00019215386448850604,48.03846612212651,0.0,0.0,0.0,0.0,0.0,0.0,0.0,0.0,0.0,0.0,0.0,0.0,0.0,0.0,0.0,0.0,0.0,0.0,0.0,0.0,2.5119493453102284e-05,6.279873363275571,0.00019215386448850604,48.03846612212651,0.0,0.0,0.0,0.0,0.0,0.0,0.0,0.0
263,K24,COC1=CC=C(C(P(C(C)(C)C)C(C)(C)C)=C1C2=C(C=C(C=C2C(C)C)C(C)C)C(C)C)OC.NC3=C(C=CC=C3)C4=C(C=CC=C4)[Pd]OS(C)(=O)=O,tBuBrettPhos Pd G3,0.06835544000000003 milligram,0.08000000000000002 micromole,0.06835544000000005 microliter,C44H62NO5PPdS,C1=CC(=C(C=C1CCCN)Cl)Cl.Cl,"3-(3,4-dichlorophenyl)propan-1-amine hydrochloride",0.0962244 milligram,0.4 micromole,0.09622440000000003 microliter,C9H12Cl3N,O=C(O)C1=CC=CC(B2OC(C)(C)C(C)(C)O2)=C1,"3-(tetramethyl-1,3,2-dioxaborolan-2-yl)benzoic acid",0.11908175999999998 milligram,0.48000000000000004 micromole,0.11908176000000001 microliter,C13H17BO4,[Na+].[Na+].[O-]C([O-])=O,Na2CO3,0.31796399999999997 milligram,3.0 micromole,0.317964 microliter,CNa2O3,CN1C=NC2=C1C(=O)N(C(=O)N2C)C,caffeine,0.0776764 milligram,0.4 micromole,0.07767640000000002 microliter,C8H10N4O2,C1COCCO1,dioxane,16.2225 milligram,184.12480421310696 micromole,15.75 microliter,C4H8O2,O,water,1.75 milligram,97.1412711629198 micromole,1.75 microliter,H2O,NCCCc1ccc(-c2cccc(C(=O)O)c2)c(Cl)c1,suzuki_product_0,0.0 milligram,0.0 micromole,0 microliter,C16H16ClNO2,NCCCc1ccc(Cl)c(-c2cccc(C(=O)O)c2)c1,suzuki_product_1,0.0 milligram,0.0 micromole,0 microliter,C16H16ClNO2,NCCCc1ccc(-c2cccc(C(=O)O)c2)c(-c2cccc(C(=O)O)c2)c1,bis_addition_4,0.0 milligram,0.0 micromole,0 microliter,C23H21NO4,C1=CC(=C(C=C1CCCN)Cl)Cl.Cl.O=C(O)C1=CC=CC(B2OC(C)(C)C(C)(C)O2)=C1>>NCCCc1ccc(-c2cccc(C(=O)O)c2)c(Cl)c1.NCCCc1ccc(Cl)c(-c2cccc(C(=O)O)c2)c1.NCCCc1ccc(-c2cccc(C(=O)O)c2)c(-c2cccc(C(=O)O)c2)c1.NCCCc1ccc(Cl)cc1.NCCCc1cccc(Cl)c1.O=C(O)c1ccccc1,004_RLN-NB-2443_011_K24,,,NCCCc1ccc(Cl)cc1,dehalogenation_0,0.0 milligram,0.0 micromole,0 microliter,C9H12ClN,NCCCc1cccc(Cl)c1,dehalogenation_1,0.0 milligram,0.0 micromole,0 microliter,C9H12ClN,O=C(O)c1ccccc1,deborylation_0,0.0 milligram,0.0 micromole,0 microliter,C7H6O2,6/9/2023 6:37:18 PM,004_rln-nb-2443_011_k24.raw,2min_150_1200.EXP,004_RLN-NB-2443_011_K24,004_RLN-NB-2443_011_K24,Rxn_Opt_HSST3_2_98,Analog,0.597063672857693,0,2.98818012490002,7.827145841298721,1.126,5.004793057661435,0.7376,0,0,0,False,375.14705815618,1.25,bis_addition_3,0,0,0,0,0,205.62655799888506,13.109398875058142,5.004793057661435,194.9,0.7376,61.414378098110184,7.827145841298725,2.98818012490002,169.9,1.126,0,0,0,0,0,0,0,0,0,0,0,0,0,0,0,0,0,0,0,0,0,0,0,0,0,0,0,0,0,0,0,0,0,0,0,0,0,0,0,0,0,0,0,0,0,0,0,0,0,0,0,0,0,0,0,0,0,0,0,0,61.414378098110184,7.827145841298725,2.98818012490002,169.9,1.126,0,0,0,0,0,0,0,0,0,0,0.0,0.0,0.0,0.0,0.0,0.0,0.0,0.0,0.0,0.0,0.0,0.0,0.0,0.0,0.0,0.0,0.0,0.0,0.0,0.0,0.0,0.00023882546914307721,59.7063672857693,0.0,0.0,0.0,0.0,0.0,0.0,0.0,0.0,0.0,0.0,0.0,0.0,0.0,0.0,0.0,0.0,0.0,0.0,0.0,0.0,0.0,0.0,0.00023882546914307721,59.7063672857693,0.0,0.0,0.0,0.0,0.0,0.0,0.0,0.0
264,L1,CC(C)C1=CC(C(C)C)=CC(C(C)C)=C1C2=C([P+](C3CCCCC3)([Pd-2]4(OS(C)(=O)=O)C(C=CC=C5)=C5C6=C([NH+]4C)C=CC=C6)C7CCCCC7)C=CC=C2,XPhos Pd G4,0.06883952 milligram,0.08000000000000002 micromole,0.06883952000000002 microliter,C47H64NO3PPdS,CC1=C(N2CCCC2=O)C=CC(Br)=C1,1-(4-bromo-2-methylphenyl)pyrrolidin-2-one,0.10165080000000001 milligram,0.4 micromole,0.10165080000000004 microliter,C11H12BrNO,FC1=CN=CC(B(O)O)=C1,(5-fluoropyridin-3-yl)boronic acid,0.06763679999999998 milligram,0.48000000000000004 micromole,0.0676368 microliter,C5H5BFNO2,[Na+].[Na+].[O-]C([O-])=O,Na2CO3,0.31796399999999997 milligram,3.0 micromole,0.317964 microliter,CNa2O3,CN1C=NC2=C1C(=O)N(C(=O)N2C)C,caffeine,0.0776764 milligram,0.4 micromole,0.07767640000000002 microliter,C8H10N4O2,C1COCCO1,dioxane,16.2225 milligram,184.12480421310696 micromole,15.75 microliter,C4H8O2,O,water,1.75 milligram,97.1412711629198 micromole,1.75 microliter,H2O,Cc1cc(-c2cncc(F)c2)ccc1N1CCCC1=O,suzuki_product_0,0.0 milligram,0.0 micromole,0 microliter,C16H15FN2O,Cc1ccccc1N1CCCC1=O,dehalogenation_0,0.0 milligram,0.0 micromole,0 microliter,C11H13NO,Fc1cccnc1,deborylation_0,0.0 milligram,0.0 micromole,0 microliter,C5H4FN,CC1=C(N2CCCC2=O)C=CC(Br)=C1.FC1=CN=CC(B(O)O)=C1>>Cc1cc(-c2cncc(F)c2)ccc1N1CCCC1=O.Cc1ccccc1N1CCCC1=O.Fc1cccnc1,004_RLN-NB-2443_011_L1,,,,,,,,,,,,,,,,,,,,,6/9/2023 6:39:45 PM,004_rln-nb-2443_011_l1.raw,2min_150_1200.EXP,004_RLN-NB-2443_011_L1,004_RLN-NB-2443_011_L1_004_RLN-NB-2443_011_L1_0,Rxn_Opt_HSST3_2_98,Analog,0.4885531207100849,0,3.0094495257134897,0,0,6.159922837744689,0.736,1.472107592305899,1.191,0,False,97.03277729544,1.25,deborylation_0,73.10879165979554,5.339857283839575,1.472107592305899,253.8,1.191,208.4113950921405,22.34422878119743,6.159922837744689,195,0.736,0,0,0,0,0,0,0,0,0,0,0,0,0,0,0,0,0,0,0,0,0,0,0,0,0,0,0,0,0,0,0,0,0,0,0,0,0,0,0,0,0,0,0,0,0,0,0,0,0,0,0,0,0,0,0,0,0,0,0,0,0,0,0,0,0,0,0,0,0,0,0,0,0,0,0,0,0,0,0,0,115.79583273908594,10.916342700914102,3.0094495257134897,271.0,1.091,0.0,0.0,0.0,0.0,0.0,0.0,0.0,0.0,0.0,0.0,9.559259952320291e-05,23.898149880800727,0.0,0.0,0.00019542124828403397,48.85531207100849,0.0,0.0,0.0,0.0,0.0,0.0,0.0,0.0,0.0,0.0,0.0,0.0,0.0,0.0,0.0,0.0,0.0,0.0,0.0,0.0,0.0,0.0,0.0,0.0,0.0,0.0,0.0,0.0,0.0,0.0,0.0,0.0,0.0,0.0
265,L2,CC(C)C1=CC(C(C)C)=CC(C(C)C)=C1C2=C([P+](C3CCCCC3)([Pd-2]4(OS(C)(=O)=O)C(C=CC=C5)=C5C6=C([NH+]4C)C=CC=C6)C7CCCCC7)C=CC=C2,XPhos Pd G4,0.06883952 milligram,0.08000000000000002 micromole,0.06883952000000002 microliter,C47H64NO3PPdS,CC1=C(N2CCCC2=O)C=CC(Br)=C1,1-(4-bromo-2-methylphenyl)pyrrolidin-2-one,0.10165080000000001 milligram,0.4 micromole,0.10165080000000004 microliter,C11H12BrNO,CN1N=CC(B(O)O)=C1,(1-methyl-1H-pyrazol-4-yl)boronic acid,0.060443519999999994 milligram,0.48000000000000004 micromole,0.06044352000000001 microliter,C4H7BN2O2,[Na+].[Na+].[O-]C([O-])=O,Na2CO3,0.31796399999999997 milligram,3.0 micromole,0.317964 microliter,CNa2O3,CN1C=NC2=C1C(=O)N(C(=O)N2C)C,caffeine,0.0776764 milligram,0.4 micromole,0.07767640000000002 microliter,C8H10N4O2,C1COCCO1,dioxane,16.2225 milligram,184.12480421310696 micromole,15.75 microliter,C4H8O2,O,water,1.75 milligram,97.1412711629198 micromole,1.75 microliter,H2O,Cc1cc(-c2cnn(C)c2)ccc1N1CCCC1=O,suzuki_product_0,0.0 milligram,0.0 micromole,0 microliter,C15H17N3O,Cc1ccccc1N1CCCC1=O,dehalogenation_0,0.0 milligram,0.0 micromole,0 microliter,C11H13NO,Cn1cccn1,deborylation_0,0.0 milligram,0.0 micromole,0 microliter,C4H6N2,CC1=C(N2CCCC2=O)C=CC(Br)=C1.CN1N=CC(B(O)O)=C1>>Cc1cc(-c2cnn(C)c2)ccc1N1CCCC1=O.Cc1ccccc1N1CCCC1=O.Cn1cccn1,004_RLN-NB-2443_011_L2,,,,,,,,,,,,,,,,,,,,,6/9/2023 6:42:11 PM,004_rln-nb-2443_011_l2.raw,2min_150_1200.EXP,004_RLN-NB-2443_011_L2,004_RLN-NB-2443_011_L2_004_RLN-NB-2443_011_L2_00,Rxn_Opt_HSST3_2_98,Analog,1.2988499662157518,0,7.2662002106991395,0,0,5.59433375655349,0.7376,0.9392681808829397,1.191,0,False,82.05309820128,1.25,deborylation_0,50.56615641291508,2.5840054234931036,0.9392681808829397,255.9,1.191,209.84480323678338,15.390480655030705,5.59433375655349,194.9,0.7376,0,0,0,0,0,0,0,0,0,0,0,0,0,0,0,0,0,0,0,0,0,0,0,0,0,0,0,0,0,0,0,0,0,0,0,0,0,0,0,0,0,0,0,0,0,0,0,0,0,0,0,0,0,0,0,0,0,0,0,0,0,0,0,0,0,0,0,0,0,0,0,0,0,0,0,0,0,0,0,0,282.74114794703615,22.573930702323914,8.205468391582079,511.8,2.1786000000000003,0.0,0.0,0.0,0.0,0.0,0.0,0.0,0.0,0.0,0.0,6.715853731698669e-05,16.789634329246674,0.0,0.0,0.0005866985238032873,146.6746309508218,0.0,0.0,0.0,0.0,0.0,0.0,0.0,0.0,0.0,0.0,0.0,0.0,0.0,0.0,0.0,0.0,0.0,0.0,0.0,0.0,0.0,0.0,0.0,0.0,0.0,0.0,0.0,0.0,0.0,0.0,0.0,0.0,0.0,0.0
266,L3,CC(C)C1=CC(C(C)C)=CC(C(C)C)=C1C2=C([P+](C3CCCCC3)([Pd-2]4(OS(C)(=O)=O)C(C=CC=C5)=C5C6=C([NH+]4C)C=CC=C6)C7CCCCC7)C=CC=C2,XPhos Pd G4,0.06883952 milligram,0.08000000000000002 micromole,0.06883952000000002 microliter,C47H64NO3PPdS,CC1=C(N2CCCC2=O)C=CC(Br)=C1,1-(4-bromo-2-methylphenyl)pyrrolidin-2-one,0.10165080000000001 milligram,0.4 micromole,0.10165080000000004 microliter,C11H12BrNO,OB(C1=CC2=C(NC=C2)C=C1)O,(1H-indol-5-yl)boronic acid,0.07726511999999999 milligram,0.48000000000000004 micromole,0.07726512 microliter,C8H8BNO2,[Na+].[Na+].[O-]C([O-])=O,Na2CO3,0.31796399999999997 milligram,3.0 micromole,0.317964 microliter,CNa2O3,CN1C=NC2=C1C(=O)N(C(=O)N2C)C,caffeine,0.0776764 milligram,0.4 micromole,0.07767640000000002 microliter,C8H10N4O2,C1COCCO1,dioxane,16.2225 milligram,184.12480421310696 micromole,15.75 microliter,C4H8O2,O,water,1.75 milligram,97.1412711629198 micromole,1.75 microliter,H2O,Cc1cc(-c2ccc3[nH]ccc3c2)ccc1N1CCCC1=O,suzuki_product_0,0.0 milligram,0.0 micromole,0 microliter,C19H18N2O,Cc1ccccc1N1CCCC1=O,dehalogenation_0,0.0 milligram,0.0 micromole,0 microliter,C11H13NO,c1ccc2[nH]ccc2c1,deborylation_0,0.0 milligram,0.0 micromole,0 microliter,C8H7N,CC1=C(N2CCCC2=O)C=CC(Br)=C1.OB(C1=CC2=C(NC=C2)C=C1)O>>Cc1cc(-c2ccc3[nH]ccc3c2)ccc1N1CCCC1=O.Cc1ccccc1N1CCCC1=O.c1ccc2[nH]ccc2c1,004_RLN-NB-2443_011_L3,,,,,,,,,,,,,,,,,,,,,6/9/2023 6:44:38 PM,004_rln-nb-2443_011_l3.raw,2min_150_1200.EXP,004_RLN-NB-2443_011_L3,004_RLN-NB-2443_011_L3_004_RLN-NB-2443_011_L3_004_,Rxn_Opt_HSST3_2_98,Analog,1.3913027060023935,0,7.442327633296637,0,0,5.349179298788652,0.736,7.442327633296637,1.186,0,False,117.05784922892,1.25,deborylation_0,239.9586550924513,21.96463091687788,7.442327633296637,290.9,1.186,212.20956144480738,15.787097101240091,5.349179298788652,194.9,0.736,0,0,0,0,0,0,0,0,0,0,0,0,0,0,0,0,0,0,0,0,0,0,0,0,0,0,0,0,0,0,0,0,0,0,0,0,0,0,0,0,0,0,0,0,0,0,0,0,0,0,0,0,0,0,0,0,0,0,0,0,0,0,0,0,0,0,0,0,0,0,0,0,0,0,0,0,0,0,0,0,239.9586550924513,21.96463091687788,7.442327633296637,290.9,1.186,0.0,0.0,0.0,0.0,0.0,0.0,0.0,0.0,0.0,0.0,0.0005565210824009574,139.13027060023936,0.0,0.0,0.0005565210824009574,139.13027060023936,0.0,0.0,0.0,0.0,0.0,0.0,0.0,0.0,0.0,0.0,0.0,0.0,0.0,0.0,0.0,0.0,0.0,0.0,0.0,0.0,0.0,0.0,0.0,0.0,0.0,0.0,0.0,0.0,0.0,0.0,0.0,0.0,0.0,0.0
267,L4,CC(C)C1=CC(C(C)C)=CC(C(C)C)=C1C2=C([P+](C3CCCCC3)([Pd-2]4(OS(C)(=O)=O)C(C=CC=C5)=C5C6=C([NH+]4C)C=CC=C6)C7CCCCC7)C=CC=C2,XPhos Pd G4,0.06883952 milligram,0.08000000000000002 micromole,0.06883952000000002 microliter,C47H64NO3PPdS,CCC(CC#N)N1C=C(C=N1)Cl,3-(4-CHLORO-1H-PYRAZOL-1-YL)PENTANENITRILE,0.07345680000000002 milligram,0.4 micromole,0.07345680000000003 microliter,C8H10ClN3,FC1=CN=CC(B(O)O)=C1,(5-fluoropyridin-3-yl)boronic acid,0.06763679999999998 milligram,0.48000000000000004 micromole,0.0676368 microliter,C5H5BFNO2,[Na+].[Na+].[O-]C([O-])=O,Na2CO3,0.31796399999999997 milligram,3.0 micromole,0.317964 microliter,CNa2O3,CN1C=NC2=C1C(=O)N(C(=O)N2C)C,caffeine,0.0776764 milligram,0.4 micromole,0.07767640000000002 microliter,C8H10N4O2,C1COCCO1,dioxane,16.2225 milligram,184.12480421310696 micromole,15.75 microliter,C4H8O2,O,water,1.75 milligram,97.1412711629198 micromole,1.75 microliter,H2O,CCC(CC#N)n1cc(-c2cncc(F)c2)cn1,suzuki_product_0,0.0 milligram,0.0 micromole,0 microliter,C13H13FN4,CCC(CC#N)n1cccn1,dehalogenation_0,0.0 milligram,0.0 micromole,0 microliter,C8H11N3,Fc1cccnc1,deborylation_0,0.0 milligram,0.0 micromole,0 microliter,C5H4FN,CCC(CC#N)N1C=C(C=N1)Cl.FC1=CN=CC(B(O)O)=C1>>CCC(CC#N)n1cc(-c2cncc(F)c2)cn1.CCC(CC#N)n1cccn1.Fc1cccnc1,004_RLN-NB-2443_011_L4,,,,,,,,,,,,,,,,,,,,,6/9/2023 6:47:05 PM,004_rln-nb-2443_011_l4.raw,2min_150_1200.EXP,004_RLN-NB-2443_011_L4,004_RLN-NB-2443_011_L4_004_RLN-NB-2443_011_L4_004_,Rxn_Opt_HSST3_2_98,Analog,0.06244243590395028,0,0.36638906727963283,1.398069662124834,1.006,5.867629312911767,0.736,0,0,0,False,97.03277729544,1.25,deborylation_0,0,0,0,0,0,210.51320085311497,22.389736112719273,5.867629312911767,195,0.736,0,0,0,0,0,0,0,0,0,0,0,0,0,0,0,0,0,0,0,0,0,0,0,0,0,0,0,0,0,0,0,0,0,0,0,0,0,0,0,0,0,0,0,0,0,0,0,0,0,0,0,0,0,0,0,0,0,0,0,0,0,0,0,0,0,0,0,0,0,0,0,0,0,0,0,0,0,0,0,0,11.798702330089467,1.398069662124834,0.36638906727963283,245.0,1.006,0.0,0.0,0.0,0.0,0.0,0.0,0.0,0.0,0.0,0.0,0.0,0.0,0.0,0.0,2.4976974361580114e-05,6.244243590395028,0.0,0.0,0.0,0.0,0.0,0.0,0.0,0.0,0.0,0.0,0.0,0.0,0.0,0.0,0.0,0.0,0.0,0.0,0.0,0.0,0.0,0.0,0.0,0.0,0.0,0.0,0.0,0.0,0.0,0.0,0.0,0.0,0.0,0.0
268,L5,CC(C)C1=CC(C(C)C)=CC(C(C)C)=C1C2=C([P+](C3CCCCC3)([Pd-2]4(OS(C)(=O)=O)C(C=CC=C5)=C5C6=C([NH+]4C)C=CC=C6)C7CCCCC7)C=CC=C2,XPhos Pd G4,0.06883952 milligram,0.08000000000000002 micromole,0.06883952000000002 microliter,C47H64NO3PPdS,CCC(CC#N)N1C=C(C=N1)Cl,3-(4-CHLORO-1H-PYRAZOL-1-YL)PENTANENITRILE,0.07345680000000002 milligram,0.4 micromole,0.07345680000000003 microliter,C8H10ClN3,CN1N=CC(B(O)O)=C1,(1-methyl-1H-pyrazol-4-yl)boronic acid,0.060443519999999994 milligram,0.48000000000000004 micromole,0.06044352000000001 microliter,C4H7BN2O2,[Na+].[Na+].[O-]C([O-])=O,Na2CO3,0.31796399999999997 milligram,3.0 micromole,0.317964 microliter,CNa2O3,CN1C=NC2=C1C(=O)N(C(=O)N2C)C,caffeine,0.0776764 milligram,0.4 micromole,0.07767640000000002 microliter,C8H10N4O2,C1COCCO1,dioxane,16.2225 milligram,184.12480421310696 micromole,15.75 microliter,C4H8O2,O,water,1.75 milligram,97.1412711629198 micromole,1.75 microliter,H2O,CCC(CC#N)n1cc(-c2cnn(C)c2)cn1,suzuki_product_0,0.0 milligram,0.0 micromole,0 microliter,C12H15N5,CCC(CC#N)n1cccn1,dehalogenation_0,0.0 milligram,0.0 micromole,0 microliter,C8H11N3,Cn1cccn1,deborylation_0,0.0 milligram,0.0 micromole,0 microliter,C4H6N2,CCC(CC#N)N1C=C(C=N1)Cl.CN1N=CC(B(O)O)=C1>>CCC(CC#N)n1cc(-c2cnn(C)c2)cn1.CCC(CC#N)n1cccn1.Cn1cccn1,004_RLN-NB-2443_011_L5,,,,,,,,,,,,,,,,,,,,,6/9/2023 6:49:32 PM,004_rln-nb-2443_011_l5.raw,2min_150_1200.EXP,004_RLN-NB-2443_011_L5,004_RLN-NB-2443_011_L5_004_RLN-NB-2443_011_L5_004_R,Rxn_Opt_HSST3_2_98,Analog,0.14975580601248425,0,0.7769775415666986,3.0719825693703697,0.8993,5.188296616038557,0.736,0,0,0,False,82.05309820128,1.25,deborylation_0,0,0,0,0,0,199.7226620997416,20.513278591110364,5.188296616038557,195,0.736,0,0,0,0,0,0,0,0,0,0,0,0,0,0,0,0,0,0,0,0,0,0,0,0,0,0,0,0,0,0,0,0,0,0,0,0,0,0,0,0,0,0,0,0,0,0,0,0,0,0,0,0,0,0,0,0,0,0,0,0,0,0,0,0,0,0,0,0,0,0,0,0,0,0,0,0,0,0,0,0,31.041429705327488,3.0719825693703693,0.7769775415666986,230.1,0.8993,0.0,0.0,0.0,0.0,0.0,0.0,0.0,0.0,0.0,0.0,0.0,0.0,0.0,0.0,5.9902322404993704e-05,14.975580601248426,0.0,0.0,0.0,0.0,0.0,0.0,0.0,0.0,0.0,0.0,0.0,0.0,0.0,0.0,0.0,0.0,0.0,0.0,0.0,0.0,0.0,0.0,0.0,0.0,0.0,0.0,0.0,0.0,0.0,0.0,0.0,0.0,0.0,0.0
269,L6,CC(C)C1=CC(C(C)C)=CC(C(C)C)=C1C2=C([P+](C3CCCCC3)([Pd-2]4(OS(C)(=O)=O)C(C=CC=C5)=C5C6=C([NH+]4C)C=CC=C6)C7CCCCC7)C=CC=C2,XPhos Pd G4,0.06883952 milligram,0.08000000000000002 micromole,0.06883952000000002 microliter,C47H64NO3PPdS,CCC(CC#N)N1C=C(C=N1)Cl,3-(4-CHLORO-1H-PYRAZOL-1-YL)PENTANENITRILE,0.07345680000000002 milligram,0.4 micromole,0.07345680000000003 microliter,C8H10ClN3,OB(C1=CC2=C(NC=C2)C=C1)O,(1H-indol-5-yl)boronic acid,0.07726511999999999 milligram,0.48000000000000004 micromole,0.07726512 microliter,C8H8BNO2,[Na+].[Na+].[O-]C([O-])=O,Na2CO3,0.31796399999999997 milligram,3.0 micromole,0.317964 microliter,CNa2O3,CN1C=NC2=C1C(=O)N(C(=O)N2C)C,caffeine,0.0776764 milligram,0.4 micromole,0.07767640000000002 microliter,C8H10N4O2,C1COCCO1,dioxane,16.2225 milligram,184.12480421310696 micromole,15.75 microliter,C4H8O2,O,water,1.75 milligram,97.1412711629198 micromole,1.75 microliter,H2O,CCC(CC#N)n1cc(-c2ccc3[nH]ccc3c2)cn1,suzuki_product_0,0.0 milligram,0.0 micromole,0 microliter,C16H16N4,CCC(CC#N)n1cccn1,dehalogenation_0,0.0 milligram,0.0 micromole,0 microliter,C8H11N3,c1ccc2[nH]ccc2c1,deborylation_0,0.0 milligram,0.0 micromole,0 microliter,C8H7N,CCC(CC#N)N1C=C(C=N1)Cl.OB(C1=CC2=C(NC=C2)C=C1)O>>CCC(CC#N)n1cc(-c2ccc3[nH]ccc3c2)cn1.CCC(CC#N)n1cccn1.c1ccc2[nH]ccc2c1,004_RLN-NB-2443_011_L6,,,,,,,,,,,,,,,,,,,,,6/9/2023 6:51:59 PM,004_rln-nb-2443_011_l6.raw,2min_150_1200.EXP,004_RLN-NB-2443_011_L6,004_RLN-NB-2443_011_L6_004_RLN-NB-2443_011_L6_004_RLN,Rxn_Opt_HSST3_2_98,Analog,0.2757755894513904,0,1.3327229035934718,4.9836147681199385,1.096,4.83263549991753,0.7343,0,0,0,False,117.05784922892,1.25,deborylation_0,0,0,0,0,0,197.67164016064427,18.071268664619698,4.83263549991753,195,0.7343,0,0,0,0,0,0,0,0,0,0,0,0,0,0,0,0,0,0,0,0,0,0,0,0,0,0,0,0,0,0,0,0,0,0,0,0,0,0,0,0,0,0,0,0,0,0,0,0,0,0,0,0,0,0,0,0,0,0,0,0,0,0,0,0,0,0,0,0,0,0,0,0,0,0,0,0,0,0,0,0,44.40066124055116,4.983614768119938,1.3327229035934718,265.0,1.096,0.0,0.0,0.0,0.0,0.0,0.0,0.0,0.0,0.0,0.0,0.0,0.0,0.0,0.0,0.00011031023578055616,27.577558945139042,0.0,0.0,0.0,0.0,0.0,0.0,0.0,0.0,0.0,0.0,0.0,0.0,0.0,0.0,0.0,0.0,0.0,0.0,0.0,0.0,0.0,0.0,0.0,0.0,0.0,0.0,0.0,0.0,0.0,0.0,0.0,0.0,0.0,0.0
270,L7,NC1=C(C=CC=C1)C2=C([Pd]OS(C)(=O)=O)C=CC=C2.CN(C)C3=CC=C(C=C3)P(C(C)(C)C)C(C)(C)C,APhos Pd G3,0.050809520000000004 milligram,0.08000000000000002 micromole,0.05080952000000002 microliter,C29H41N2O3PPdS,CC1=C(N2CCCC2=O)C=CC(Br)=C1,1-(4-bromo-2-methylphenyl)pyrrolidin-2-one,0.10165080000000001 milligram,0.4 micromole,0.10165080000000004 microliter,C11H12BrNO,FC1=CN=CC(B(O)O)=C1,(5-fluoropyridin-3-yl)boronic acid,0.06763679999999998 milligram,0.48000000000000004 micromole,0.0676368 microliter,C5H5BFNO2,[Na+].[Na+].[O-]C([O-])=O,Na2CO3,0.31796399999999997 milligram,3.0 micromole,0.317964 microliter,CNa2O3,CN1C=NC2=C1C(=O)N(C(=O)N2C)C,caffeine,0.0776764 milligram,0.4 micromole,0.07767640000000002 microliter,C8H10N4O2,C1COCCO1,dioxane,16.2225 milligram,184.12480421310696 micromole,15.75 microliter,C4H8O2,O,water,1.75 milligram,97.1412711629198 micromole,1.75 microliter,H2O,Cc1cc(-c2cncc(F)c2)ccc1N1CCCC1=O,suzuki_product_0,0.0 milligram,0.0 micromole,0 microliter,C16H15FN2O,Cc1ccccc1N1CCCC1=O,dehalogenation_0,0.0 milligram,0.0 micromole,0 microliter,C11H13NO,Fc1cccnc1,deborylation_0,0.0 milligram,0.0 micromole,0 microliter,C5H4FN,CC1=C(N2CCCC2=O)C=CC(Br)=C1.FC1=CN=CC(B(O)O)=C1>>Cc1cc(-c2cncc(F)c2)ccc1N1CCCC1=O.Cc1ccccc1N1CCCC1=O.Fc1cccnc1,004_RLN-NB-2443_011_L7,,,,,,,,,,,,,,,,,,,,,6/9/2023 6:54:25 PM,004_rln-nb-2443_011_l7.raw,2min_150_1200.EXP,004_RLN-NB-2443_011_L7,004_RLN-NB-2443_011_L7_004_RLN-NB-2443_011_L7_,Rxn_Opt_HSST3_2_98,Analog,0.29802173618644323,0,1.5200043426698786,0,0,5.100313695639165,0.7343,5.444410541130581,1.186,0,False,97.03277729544,1.25,deborylation_0,128.84031856755516,26.026296662683457,5.444410541130581,282,1.186,180.6721629546429,24.38138643524983,5.100313695639165,194.9,0.7343,0,0,0,0,0,0,0,0,0,0,0,0,0,0,0,0,0,0,0,0,0,0,0,0,0,0,0,0,0,0,0,0,0,0,0,0,0,0,0,0,0,0,0,0,0,0,0,0,0,0,0,0,0,0,0,0,0,0,0,0,0,0,0,0,0,0,0,0,0,0,0,0,0,0,0,0,0,0,0,0,52.45668885336857,7.2661831160657515,1.5200043426698786,271.0,1.0876,0.0,0.0,0.0,0.0,0.0,0.0,0.0,0.0,0.0,0.0,0.0004269863279810121,106.74658199525302,0.0,0.0,0.00011920869447457729,29.802173618644325,0.0,0.0,0.0,0.0,0.0,0.0,0.0,0.0,0.0,0.0,0.0,0.0,0.0,0.0,0.0,0.0,0.0,0.0,0.0,0.0,0.0,0.0,0.0,0.0,0.0,0.0,0.0,0.0,0.0,0.0,0.0,0.0,0.0,0.0
271,L8,NC1=C(C=CC=C1)C2=C([Pd]OS(C)(=O)=O)C=CC=C2.CN(C)C3=CC=C(C=C3)P(C(C)(C)C)C(C)(C)C,APhos Pd G3,0.050809520000000004 milligram,0.08000000000000002 micromole,0.05080952000000002 microliter,C29H41N2O3PPdS,CC1=C(N2CCCC2=O)C=CC(Br)=C1,1-(4-bromo-2-methylphenyl)pyrrolidin-2-one,0.10165080000000001 milligram,0.4 micromole,0.10165080000000004 microliter,C11H12BrNO,CN1N=CC(B(O)O)=C1,(1-methyl-1H-pyrazol-4-yl)boronic acid,0.060443519999999994 milligram,0.48000000000000004 micromole,0.06044352000000001 microliter,C4H7BN2O2,[Na+].[Na+].[O-]C([O-])=O,Na2CO3,0.31796399999999997 milligram,3.0 micromole,0.317964 microliter,CNa2O3,CN1C=NC2=C1C(=O)N(C(=O)N2C)C,caffeine,0.0776764 milligram,0.4 micromole,0.07767640000000002 microliter,C8H10N4O2,C1COCCO1,dioxane,16.2225 milligram,184.12480421310696 micromole,15.75 microliter,C4H8O2,O,water,1.75 milligram,97.1412711629198 micromole,1.75 microliter,H2O,Cc1cc(-c2cnn(C)c2)ccc1N1CCCC1=O,suzuki_product_0,0.0 milligram,0.0 micromole,0 microliter,C15H17N3O,Cc1ccccc1N1CCCC1=O,dehalogenation_0,0.0 milligram,0.0 micromole,0 microliter,C11H13NO,Cn1cccn1,deborylation_0,0.0 milligram,0.0 micromole,0 microliter,C4H6N2,CC1=C(N2CCCC2=O)C=CC(Br)=C1.CN1N=CC(B(O)O)=C1>>Cc1cc(-c2cnn(C)c2)ccc1N1CCCC1=O.Cc1ccccc1N1CCCC1=O.Cn1cccn1,004_RLN-NB-2443_011_L8,,,,,,,,,,,,,,,,,,,,,6/9/2023 6:56:53 PM,004_rln-nb-2443_011_l8.raw,2min_150_1200.EXP,004_RLN-NB-2443_011_L8,004_RLN-NB-2443_011_L8_004_RLN-NB-2443_011_L8_0,Rxn_Opt_HSST3_2_98,Analog,0.8843960384549332,0,4.5897322691039015,0,0,5.189679814851165,0.736,0,0,0,False,82.05309820128,1.25,deborylation_0,0,0,0,0,0,191.5294546954839,23.262999047202726,5.189679814851165,195,0.736,0,0,0,0,0,0,0,0,0,0,0,0,0,0,0,0,0,0,0,0,0,0,0,0,0,0,0,0,0,0,0,0,0,0,0,0,0,0,0,0,0,0,0,0,0,0,0,0,0,0,0,0,0,0,0,0,0,0,0,0,0,0,0,0,0,0,0,0,0,0,0,0,0,0,0,0,0,0,0,0,167.7056471611475,20.573704199926976,4.5897322691039015,255.9,0.9876,0.0,0.0,0.0,0.0,0.0,0.0,0.0,0.0,0.0,0.0,0.0,0.0,0.0,0.0,0.0003537584153819733,88.43960384549332,0.0,0.0,0.0,0.0,0.0,0.0,0.0,0.0,0.0,0.0,0.0,0.0,0.0,0.0,0.0,0.0,0.0,0.0,0.0,0.0,0.0,0.0,0.0,0.0,0.0,0.0,0.0,0.0,0.0,0.0,0.0,0.0,0.0,0.0
272,L9,NC1=C(C=CC=C1)C2=C([Pd]OS(C)(=O)=O)C=CC=C2.CN(C)C3=CC=C(C=C3)P(C(C)(C)C)C(C)(C)C,APhos Pd G3,0.050809520000000004 milligram,0.08000000000000002 micromole,0.05080952000000002 microliter,C29H41N2O3PPdS,CC1=C(N2CCCC2=O)C=CC(Br)=C1,1-(4-bromo-2-methylphenyl)pyrrolidin-2-one,0.10165080000000001 milligram,0.4 micromole,0.10165080000000004 microliter,C11H12BrNO,OB(C1=CC2=C(NC=C2)C=C1)O,(1H-indol-5-yl)boronic acid,0.07726511999999999 milligram,0.48000000000000004 micromole,0.07726512 microliter,C8H8BNO2,[Na+].[Na+].[O-]C([O-])=O,Na2CO3,0.31796399999999997 milligram,3.0 micromole,0.317964 microliter,CNa2O3,CN1C=NC2=C1C(=O)N(C(=O)N2C)C,caffeine,0.0776764 milligram,0.4 micromole,0.07767640000000002 microliter,C8H10N4O2,C1COCCO1,dioxane,16.2225 milligram,184.12480421310696 micromole,15.75 microliter,C4H8O2,O,water,1.75 milligram,97.1412711629198 micromole,1.75 microliter,H2O,Cc1cc(-c2ccc3[nH]ccc3c2)ccc1N1CCCC1=O,suzuki_product_0,0.0 milligram,0.0 micromole,0 microliter,C19H18N2O,Cc1ccccc1N1CCCC1=O,dehalogenation_0,0.0 milligram,0.0 micromole,0 microliter,C11H13NO,c1ccc2[nH]ccc2c1,deborylation_0,0.0 milligram,0.0 micromole,0 microliter,C8H7N,CC1=C(N2CCCC2=O)C=CC(Br)=C1.OB(C1=CC2=C(NC=C2)C=C1)O>>Cc1cc(-c2ccc3[nH]ccc3c2)ccc1N1CCCC1=O.Cc1ccccc1N1CCCC1=O.c1ccc2[nH]ccc2c1,004_RLN-NB-2443_011_L9,,,,,,,,,,,,,,,,,,,,,6/9/2023 6:59:19 PM,004_rln-nb-2443_011_l9.raw,2min_150_1200.EXP,004_RLN-NB-2443_011_L9,004_RLN-NB-2443_011_L9_004_RLN-NB-2443_011_L9_004,Rxn_Opt_HSST3_2_98,Analog,2.230727497417495,0,10.730141755897215,0,0,4.810153534360185,0.736,10.730141755897215,1.186,0,False,117.05784922892,1.25,deborylation_0,300.65535585413096,38.315566522995006,10.730141755897215,291,1.186,195.6802890199941,17.176264948252438,4.810153534360185,194.9,0.736,0,0,0,0,0,0,0,0,0,0,0,0,0,0,0,0,0,0,0,0,0,0,0,0,0,0,0,0,0,0,0,0,0,0,0,0,0,0,0,0,0,0,0,0,0,0,0,0,0,0,0,0,0,0,0,0,0,0,0,0,0,0,0,0,0,0,0,0,0,0,0,0,0,0,0,0,0,0,0,0,300.65535585413096,38.315566522995006,10.730141755897215,291.0,1.186,0.0,0.0,0.0,0.0,0.0,0.0,0.0,0.0,0.0,0.0,0.0008922909989669981,223.0727497417495,0.0,0.0,0.0008922909989669981,223.0727497417495,0.0,0.0,0.0,0.0,0.0,0.0,0.0,0.0,0.0,0.0,0.0,0.0,0.0,0.0,0.0,0.0,0.0,0.0,0.0,0.0,0.0,0.0,0.0,0.0,0.0,0.0,0.0,0.0,0.0,0.0,0.0,0.0,0.0,0.0
273,L10,NC1=C(C=CC=C1)C2=C([Pd]OS(C)(=O)=O)C=CC=C2.CN(C)C3=CC=C(C=C3)P(C(C)(C)C)C(C)(C)C,APhos Pd G3,0.050809520000000004 milligram,0.08000000000000002 micromole,0.05080952000000002 microliter,C29H41N2O3PPdS,CCC(CC#N)N1C=C(C=N1)Cl,3-(4-CHLORO-1H-PYRAZOL-1-YL)PENTANENITRILE,0.07345680000000002 milligram,0.4 micromole,0.07345680000000003 microliter,C8H10ClN3,FC1=CN=CC(B(O)O)=C1,(5-fluoropyridin-3-yl)boronic acid,0.06763679999999998 milligram,0.48000000000000004 micromole,0.0676368 microliter,C5H5BFNO2,[Na+].[Na+].[O-]C([O-])=O,Na2CO3,0.31796399999999997 milligram,3.0 micromole,0.317964 microliter,CNa2O3,CN1C=NC2=C1C(=O)N(C(=O)N2C)C,caffeine,0.0776764 milligram,0.4 micromole,0.07767640000000002 microliter,C8H10N4O2,C1COCCO1,dioxane,16.2225 milligram,184.12480421310696 micromole,15.75 microliter,C4H8O2,O,water,1.75 milligram,97.1412711629198 micromole,1.75 microliter,H2O,CCC(CC#N)n1cc(-c2cncc(F)c2)cn1,suzuki_product_0,0.0 milligram,0.0 micromole,0 microliter,C13H13FN4,CCC(CC#N)n1cccn1,dehalogenation_0,0.0 milligram,0.0 micromole,0 microliter,C8H11N3,Fc1cccnc1,deborylation_0,0.0 milligram,0.0 micromole,0 microliter,C5H4FN,CCC(CC#N)N1C=C(C=N1)Cl.FC1=CN=CC(B(O)O)=C1>>CCC(CC#N)n1cc(-c2cncc(F)c2)cn1.CCC(CC#N)n1cccn1.Fc1cccnc1,004_RLN-NB-2443_011_L10,,,,,,,,,,,,,,,,,,,,,6/9/2023 7:01:45 PM,004_rln-nb-2443_011_l10.raw,2min_150_1200.EXP,004_RLN-NB-2443_011_L10,004_RLN-NB-2443_011_L10_004_RLN-NB-2443_011_L10_0,Rxn_Opt_HSST3_2_98,Analog,0,0,0,0,0,5.108526488797546,0.7343,0,0,0,False,97.03277729544,1.25,deborylation_0,0,0,0,0,0,200.51237267743926,36.93082696336893,5.108526488797546,194.9,0.7343,0,0,0,0,0,0,0,0,0,0,0,0,0,0,0,0,0,0,0,0,0,0,0,0,0,0,0,0,0,0,0,0,0,0,0,0,0,0,0,0,0,0,0,0,0,0,0,0,0,0,0,0,0,0,0,0,0,0,0,0,0,0,0,0,0,0,0,0,0,0,0,0,0,0,0,0,0,0,0,0,0.0,0.0,0.0,0.0,0.0,0.0,0.0,0.0,0.0,0.0,0.0,0.0,0.0,0.0,0.0,0.0,0.0,0.0,0.0,0.0,0.0,0.0,0.0,0.0,0.0,0.0,0.0,0.0,0.0,0.0,0.0,0.0,0.0,0.0,0.0,0.0,0.0,0.0,0.0,0.0,0.0,0.0,0.0,0.0,0.0,0.0,0.0,0.0,0.0,0.0,0.0,0.0,0.0,0.0,0.0
274,L11,NC1=C(C=CC=C1)C2=C([Pd]OS(C)(=O)=O)C=CC=C2.CN(C)C3=CC=C(C=C3)P(C(C)(C)C)C(C)(C)C,APhos Pd G3,0.050809520000000004 milligram,0.08000000000000002 micromole,0.05080952000000002 microliter,C29H41N2O3PPdS,CCC(CC#N)N1C=C(C=N1)Cl,3-(4-CHLORO-1H-PYRAZOL-1-YL)PENTANENITRILE,0.07345680000000002 milligram,0.4 micromole,0.07345680000000003 microliter,C8H10ClN3,CN1N=CC(B(O)O)=C1,(1-methyl-1H-pyrazol-4-yl)boronic acid,0.060443519999999994 milligram,0.48000000000000004 micromole,0.06044352000000001 microliter,C4H7BN2O2,[Na+].[Na+].[O-]C([O-])=O,Na2CO3,0.31796399999999997 milligram,3.0 micromole,0.317964 microliter,CNa2O3,CN1C=NC2=C1C(=O)N(C(=O)N2C)C,caffeine,0.0776764 milligram,0.4 micromole,0.07767640000000002 microliter,C8H10N4O2,C1COCCO1,dioxane,16.2225 milligram,184.12480421310696 micromole,15.75 microliter,C4H8O2,O,water,1.75 milligram,97.1412711629198 micromole,1.75 microliter,H2O,CCC(CC#N)n1cc(-c2cnn(C)c2)cn1,suzuki_product_0,0.0 milligram,0.0 micromole,0 microliter,C12H15N5,CCC(CC#N)n1cccn1,dehalogenation_0,0.0 milligram,0.0 micromole,0 microliter,C8H11N3,Cn1cccn1,deborylation_0,0.0 milligram,0.0 micromole,0 microliter,C4H6N2,CCC(CC#N)N1C=C(C=N1)Cl.CN1N=CC(B(O)O)=C1>>CCC(CC#N)n1cc(-c2cnn(C)c2)cn1.CCC(CC#N)n1cccn1.Cn1cccn1,004_RLN-NB-2443_011_L11,,,,,,,,,,,,,,,,,,,,,6/9/2023 7:04:12 PM,004_rln-nb-2443_011_l11.raw,2min_150_1200.EXP,004_RLN-NB-2443_011_L11,004_RLN-NB-2443_011_L11_004_RLN-NB-2443_011_L11_00,Rxn_Opt_HSST3_2_98,Analog,0,0,0,0,0,4.9015615381804505,0.736,0.5222019356037466,1.0376,0,False,82.05309820128,1.25,deborylation_0,0,0,0,0,0,182.08688949685967,32.27164495254264,4.9015615381804505,194.9,0.736,0,0,0,0,0,0,0,0,0,0,0,0,0,0,0,0,0,0,0,0,0,0,0,0,0,0,0,0,0,0,0,0,0,0,0,0,0,0,0,0,0,0,0,0,0,14.40795306545395,3.4381523781889585,0.5222019356037466,183.9,1.0376,0,0,0,0,0,0,0,0,0,0,0,0,0,0,0,0,0,0,0,0,0,0,0,0,0,0,0,0,0,0,0.0,0.0,0.0,0.0,0.0,0.0,0.0,0.0,0.0,0.0,0.0,0.0,0.0,0.0,0.0,0.0,0.0,0.0,0.0,0.0,0.0,0.0,0.0,0.0,0.0,0.0,0.0,0.0,0.0,0.0,0.0,0.0,0.0,0.0,0.0,0.0,0.0,4.26151487876737e-05,10.653787196918426,0.0,0.0,0.0,0.0,0.0,0.0,0.0,0.0,0.0,0.0,0.0,0.0,0.0,0.0,0.0,0.0
275,L12,NC1=C(C=CC=C1)C2=C([Pd]OS(C)(=O)=O)C=CC=C2.CN(C)C3=CC=C(C=C3)P(C(C)(C)C)C(C)(C)C,APhos Pd G3,0.050809520000000004 milligram,0.08000000000000002 micromole,0.05080952000000002 microliter,C29H41N2O3PPdS,CCC(CC#N)N1C=C(C=N1)Cl,3-(4-CHLORO-1H-PYRAZOL-1-YL)PENTANENITRILE,0.07345680000000002 milligram,0.4 micromole,0.07345680000000003 microliter,C8H10ClN3,OB(C1=CC2=C(NC=C2)C=C1)O,(1H-indol-5-yl)boronic acid,0.07726511999999999 milligram,0.48000000000000004 micromole,0.07726512 microliter,C8H8BNO2,[Na+].[Na+].[O-]C([O-])=O,Na2CO3,0.31796399999999997 milligram,3.0 micromole,0.317964 microliter,CNa2O3,CN1C=NC2=C1C(=O)N(C(=O)N2C)C,caffeine,0.0776764 milligram,0.4 micromole,0.07767640000000002 microliter,C8H10N4O2,C1COCCO1,dioxane,16.2225 milligram,184.12480421310696 micromole,15.75 microliter,C4H8O2,O,water,1.75 milligram,97.1412711629198 micromole,1.75 microliter,H2O,CCC(CC#N)n1cc(-c2ccc3[nH]ccc3c2)cn1,suzuki_product_0,0.0 milligram,0.0 micromole,0 microliter,C16H16N4,CCC(CC#N)n1cccn1,dehalogenation_0,0.0 milligram,0.0 micromole,0 microliter,C8H11N3,c1ccc2[nH]ccc2c1,deborylation_0,0.0 milligram,0.0 micromole,0 microliter,C8H7N,CCC(CC#N)N1C=C(C=N1)Cl.OB(C1=CC2=C(NC=C2)C=C1)O>>CCC(CC#N)n1cc(-c2ccc3[nH]ccc3c2)cn1.CCC(CC#N)n1cccn1.c1ccc2[nH]ccc2c1,004_RLN-NB-2443_011_L12,,,,,,,,,,,,,,,,,,,,,6/9/2023 7:06:39 PM,004_rln-nb-2443_011_l12.raw,2min_150_1200.EXP,004_RLN-NB-2443_011_L12,004_RLN-NB-2443_011_L12_004_RLN-NB-2443_011_L12_004_,Rxn_Opt_HSST3_2_98,Analog,0,0,0,0,0,4.850703299556893,0.736,0.7586895767534004,1.046,0,False,117.05784922892,1.25,deborylation_0,0,0,0,0,0,197.5627325704442,27.539288346374434,4.850703299556893,194.9,0.736,0,0,0,0,0,0,0,0,0,0,0,0,0,0,0,0,0,0,0,0,0,0,0,0,0,0,0,0,0,0,0,0,0,0,0,0,0,0,0,0,0,0,0,0,0,18.596990305891936,4.307369412082841,0.7586895767534004,183.9,1.046,0,0,0,0,0,0,0,0,0,0,0,0,0,0,0,0,0,0,0,0,0,0,0,0,0,0,0,0,0,0,0.0,0.0,0.0,0.0,0.0,0.0,0.0,0.0,0.0,0.0,0.0,0.0,0.0,0.0,0.0,0.0,0.0,0.0,0.0,0.0,0.0,0.0,0.0,0.0,0.0,0.0,0.0,0.0,0.0,0.0,0.0,0.0,0.0,0.0,0.0,0.0,0.0,6.256326391455078e-05,15.640815978637695,0.0,0.0,0.0,0.0,0.0,0.0,0.0,0.0,0.0,0.0,0.0,0.0,0.0,0.0,0.0,0.0
276,L13,[Fe].Cl[Pd]Cl.[CH]1[CH][CH][C]([CH]1)P(C2CCCCC2)C3CCCCC3.[CH]4[CH][CH][C]([CH]4)P(C5CCCCC5)C6CCCCC6,PdCl2(dcypf),0.06047272000000001 milligram,0.08000000000000002 micromole,0.06047272000000002 microliter,C34H52Cl2FeP2Pd,CC1=C(N2CCCC2=O)C=CC(Br)=C1,1-(4-bromo-2-methylphenyl)pyrrolidin-2-one,0.10165080000000001 milligram,0.4 micromole,0.10165080000000004 microliter,C11H12BrNO,FC1=CN=CC(B(O)O)=C1,(5-fluoropyridin-3-yl)boronic acid,0.06763679999999998 milligram,0.48000000000000004 micromole,0.0676368 microliter,C5H5BFNO2,[Na+].[Na+].[O-]C([O-])=O,Na2CO3,0.31796399999999997 milligram,3.0 micromole,0.317964 microliter,CNa2O3,CN1C=NC2=C1C(=O)N(C(=O)N2C)C,caffeine,0.0776764 milligram,0.4 micromole,0.07767640000000002 microliter,C8H10N4O2,C1COCCO1,dioxane,16.2225 milligram,184.12480421310696 micromole,15.75 microliter,C4H8O2,O,water,1.75 milligram,97.1412711629198 micromole,1.75 microliter,H2O,Cc1cc(-c2cncc(F)c2)ccc1N1CCCC1=O,suzuki_product_0,0.0 milligram,0.0 micromole,0 microliter,C16H15FN2O,Cc1ccccc1N1CCCC1=O,dehalogenation_0,0.0 milligram,0.0 micromole,0 microliter,C11H13NO,Fc1cccnc1,deborylation_0,0.0 milligram,0.0 micromole,0 microliter,C5H4FN,CC1=C(N2CCCC2=O)C=CC(Br)=C1.FC1=CN=CC(B(O)O)=C1>>Cc1cc(-c2cncc(F)c2)ccc1N1CCCC1=O.Cc1ccccc1N1CCCC1=O.Fc1cccnc1,004_RLN-NB-2443_011_L13,,,,,,,,,,,,,,,,,,,,,6/9/2023 7:09:06 PM,004_rln-nb-2443_011_l13.raw,2min_150_1200.EXP,004_RLN-NB-2443_011_L13,004_RLN-NB-2443_011_L13_004_RLN-NB-2443_011_L,Rxn_Opt_HSST3_2_98,Analog,0,0,0,0,0,4.325430076343515,0.7343,1.567910221126204,1.1893,0,False,97.03277729544,1.25,deborylation_0,75.16343683573108,18.886383499737107,1.567910221126204,255.9,1.1893,166.6564953911385,52.10230160017898,4.325430076343515,194.9,0.7343,0,0,0,0,0,0,0,0,0,0,0,0,0,0,0,0,0,0,0,0,0,0,0,0,0,0,0,0,0,0,0,0,0,0,0,0,0,0,0,0,0,0,0,0,0,0,0,0,0,0,0,0,0,0,0,0,0,0,0,0,0,0,0,0,0,0,0,0,0,0,0,0,0,0,0,0,0,0,0,0,0.0,0.0,0.0,0.0,0.0,0.0,0.0,0.0,0.0,0.0,0.0,0.0,0.0,0.0,0.0,0.00014499461958258084,36.24865489564521,0.0,0.0,0.0,0.0,0.0,0.0,0.0,0.0,0.0,0.0,0.0,0.0,0.0,0.0,0.0,0.0,0.0,0.0,0.0,0.0,0.0,0.0,0.0,0.0,0.0,0.0,0.0,0.0,0.0,0.0,0.0,0.0,0.0,0.0,0.0,0.0,0.0,0.0
277,L14,[Fe].Cl[Pd]Cl.[CH]1[CH][CH][C]([CH]1)P(C2CCCCC2)C3CCCCC3.[CH]4[CH][CH][C]([CH]4)P(C5CCCCC5)C6CCCCC6,PdCl2(dcypf),0.06047272000000001 milligram,0.08000000000000002 micromole,0.06047272000000002 microliter,C34H52Cl2FeP2Pd,CC1=C(N2CCCC2=O)C=CC(Br)=C1,1-(4-bromo-2-methylphenyl)pyrrolidin-2-one,0.10165080000000001 milligram,0.4 micromole,0.10165080000000004 microliter,C11H12BrNO,CN1N=CC(B(O)O)=C1,(1-methyl-1H-pyrazol-4-yl)boronic acid,0.060443519999999994 milligram,0.48000000000000004 micromole,0.06044352000000001 microliter,C4H7BN2O2,[Na+].[Na+].[O-]C([O-])=O,Na2CO3,0.31796399999999997 milligram,3.0 micromole,0.317964 microliter,CNa2O3,CN1C=NC2=C1C(=O)N(C(=O)N2C)C,caffeine,0.0776764 milligram,0.4 micromole,0.07767640000000002 microliter,C8H10N4O2,C1COCCO1,dioxane,16.2225 milligram,184.12480421310696 micromole,15.75 microliter,C4H8O2,O,water,1.75 milligram,97.1412711629198 micromole,1.75 microliter,H2O,Cc1cc(-c2cnn(C)c2)ccc1N1CCCC1=O,suzuki_product_0,0.0 milligram,0.0 micromole,0 microliter,C15H17N3O,Cc1ccccc1N1CCCC1=O,dehalogenation_0,0.0 milligram,0.0 micromole,0 microliter,C11H13NO,Cn1cccn1,deborylation_0,0.0 milligram,0.0 micromole,0 microliter,C4H6N2,CC1=C(N2CCCC2=O)C=CC(Br)=C1.CN1N=CC(B(O)O)=C1>>Cc1cc(-c2cnn(C)c2)ccc1N1CCCC1=O.Cc1ccccc1N1CCCC1=O.Cn1cccn1,004_RLN-NB-2443_011_L14,,,,,,,,,,,,,,,,,,,,,6/9/2023 7:11:32 PM,004_rln-nb-2443_011_l14.raw,2min_150_1200.EXP,004_RLN-NB-2443_011_L14,004_RLN-NB-2443_011_L14_004_RLN-NB-2443_011_L1,Rxn_Opt_HSST3_2_98,Analog,0.30662916514226735,0,1.745827553786569,18.229646677391695,1.1876,5.693612194314764,0.7343,1.745827553786569,1.1876,0,False,82.05309820128,1.25,deborylation_0,86.03903462786235,18.2296466773917,1.745827553786569,253.8,1.1876,224.47920903948037,59.4517702480573,5.693612194314764,195,0.7343,0,0,0,0,0,0,0,0,0,0,0,0,0,0,0,0,0,0,0,0,0,0,0,0,0,0,0,0,0,0,0,0,0,0,0,0,0,0,0,0,0,0,0,0,0,0,0,0,0,0,0,0,0,0,0,0,0,0,0,0,0,0,0,0,0,0,0,0,0,0,0,0,0,0,0,0,0,0,0,0,86.03903462786235,18.2296466773917,1.745827553786569,253.8,1.1876,0.0,0.0,0.0,0.0,0.0,0.0,0.0,0.0,0.0,0.0,0.00012265166605690694,30.662916514226733,0.0,0.0,0.00012265166605690694,30.662916514226733,0.0,0.0,0.0,0.0,0.0,0.0,0.0,0.0,0.0,0.0,0.0,0.0,0.0,0.0,0.0,0.0,0.0,0.0,0.0,0.0,0.0,0.0,0.0,0.0,0.0,0.0,0.0,0.0,0.0,0.0,0.0,0.0,0.0,0.0
278,L15,[Fe].Cl[Pd]Cl.[CH]1[CH][CH][C]([CH]1)P(C2CCCCC2)C3CCCCC3.[CH]4[CH][CH][C]([CH]4)P(C5CCCCC5)C6CCCCC6,PdCl2(dcypf),0.06047272000000001 milligram,0.08000000000000002 micromole,0.06047272000000002 microliter,C34H52Cl2FeP2Pd,CC1=C(N2CCCC2=O)C=CC(Br)=C1,1-(4-bromo-2-methylphenyl)pyrrolidin-2-one,0.10165080000000001 milligram,0.4 micromole,0.10165080000000004 microliter,C11H12BrNO,OB(C1=CC2=C(NC=C2)C=C1)O,(1H-indol-5-yl)boronic acid,0.07726511999999999 milligram,0.48000000000000004 micromole,0.07726512 microliter,C8H8BNO2,[Na+].[Na+].[O-]C([O-])=O,Na2CO3,0.31796399999999997 milligram,3.0 micromole,0.317964 microliter,CNa2O3,CN1C=NC2=C1C(=O)N(C(=O)N2C)C,caffeine,0.0776764 milligram,0.4 micromole,0.07767640000000002 microliter,C8H10N4O2,C1COCCO1,dioxane,16.2225 milligram,184.12480421310696 micromole,15.75 microliter,C4H8O2,O,water,1.75 milligram,97.1412711629198 micromole,1.75 microliter,H2O,Cc1cc(-c2ccc3[nH]ccc3c2)ccc1N1CCCC1=O,suzuki_product_0,0.0 milligram,0.0 micromole,0 microliter,C19H18N2O,Cc1ccccc1N1CCCC1=O,dehalogenation_0,0.0 milligram,0.0 micromole,0 microliter,C11H13NO,c1ccc2[nH]ccc2c1,deborylation_0,0.0 milligram,0.0 micromole,0 microliter,C8H7N,CC1=C(N2CCCC2=O)C=CC(Br)=C1.OB(C1=CC2=C(NC=C2)C=C1)O>>Cc1cc(-c2ccc3[nH]ccc3c2)ccc1N1CCCC1=O.Cc1ccccc1N1CCCC1=O.c1ccc2[nH]ccc2c1,004_RLN-NB-2443_011_L15,,,,,,,,,,,,,,,,,,,,,6/9/2023 7:14:00 PM,004_rln-nb-2443_011_l15.raw,2min_150_1200.EXP,004_RLN-NB-2443_011_L15,004_RLN-NB-2443_011_L15_004_RLN-NB-2443_011_L15_,Rxn_Opt_HSST3_2_98,Analog,1.0314760174494333,0,5.087262562442098,0,0,4.932022147273525,0.736,5.087262562442098,1.1893,0,False,117.05784922892,1.25,deborylation_0,173.1130041147547,34.015331149342586,5.087262562442098,253.9,1.1893,209.536306184041,32.977335947619494,4.932022147273525,195,0.736,0,0,0,0,0,0,0,0,0,0,0,0,0,0,0,0,0,0,0,0,0,0,0,0,0,0,0,0,0,0,0,0,0,0,0,0,0,0,0,0,0,0,0,0,0,0,0,0,0,0,0,0,0,0,0,0,0,0,0,0,0,0,0,0,0,0,0,0,0,0,0,0,0,0,0,0,0,0,0,0,173.1130041147547,34.015331149342586,5.087262562442098,253.9,1.1893,0.0,0.0,0.0,0.0,0.0,0.0,0.0,0.0,0.0,0.0,0.00041259040697977335,103.14760174494333,0.0,0.0,0.00041259040697977335,103.14760174494333,0.0,0.0,0.0,0.0,0.0,0.0,0.0,0.0,0.0,0.0,0.0,0.0,0.0,0.0,0.0,0.0,0.0,0.0,0.0,0.0,0.0,0.0,0.0,0.0,0.0,0.0,0.0,0.0,0.0,0.0,0.0,0.0,0.0,0.0
279,L16,[Fe].Cl[Pd]Cl.[CH]1[CH][CH][C]([CH]1)P(C2CCCCC2)C3CCCCC3.[CH]4[CH][CH][C]([CH]4)P(C5CCCCC5)C6CCCCC6,PdCl2(dcypf),0.06047272000000001 milligram,0.08000000000000002 micromole,0.06047272000000002 microliter,C34H52Cl2FeP2Pd,CCC(CC#N)N1C=C(C=N1)Cl,3-(4-CHLORO-1H-PYRAZOL-1-YL)PENTANENITRILE,0.07345680000000002 milligram,0.4 micromole,0.07345680000000003 microliter,C8H10ClN3,FC1=CN=CC(B(O)O)=C1,(5-fluoropyridin-3-yl)boronic acid,0.06763679999999998 milligram,0.48000000000000004 micromole,0.0676368 microliter,C5H5BFNO2,[Na+].[Na+].[O-]C([O-])=O,Na2CO3,0.31796399999999997 milligram,3.0 micromole,0.317964 microliter,CNa2O3,CN1C=NC2=C1C(=O)N(C(=O)N2C)C,caffeine,0.0776764 milligram,0.4 micromole,0.07767640000000002 microliter,C8H10N4O2,C1COCCO1,dioxane,16.2225 milligram,184.12480421310696 micromole,15.75 microliter,C4H8O2,O,water,1.75 milligram,97.1412711629198 micromole,1.75 microliter,H2O,CCC(CC#N)n1cc(-c2cncc(F)c2)cn1,suzuki_product_0,0.0 milligram,0.0 micromole,0 microliter,C13H13FN4,CCC(CC#N)n1cccn1,dehalogenation_0,0.0 milligram,0.0 micromole,0 microliter,C8H11N3,Fc1cccnc1,deborylation_0,0.0 milligram,0.0 micromole,0 microliter,C5H4FN,CCC(CC#N)N1C=C(C=N1)Cl.FC1=CN=CC(B(O)O)=C1>>CCC(CC#N)n1cc(-c2cncc(F)c2)cn1.CCC(CC#N)n1cccn1.Fc1cccnc1,004_RLN-NB-2443_011_L16,,,,,,,,,,,,,,,,,,,,,6/9/2023 7:16:27 PM,004_rln-nb-2443_011_l16.raw,2min_150_1200.EXP,004_RLN-NB-2443_011_L16,004_RLN-NB-2443_011_L16_004_RLN-NB-2443_011_L16_,Rxn_Opt_HSST3_2_98,Analog,0,0,0,0,0,4.966508115629685,0.7376,0,0,0,False,97.03277729544,1.25,deborylation_0,0,0,0,0,0,189.40076102073166,70.54917145979957,4.966508115629685,195,0.7376,0,0,0,0,0,0,0,0,0,0,0,0,0,0,0,0,0,0,0,0,0,0,0,0,0,0,0,0,0,0,0,0,0,0,0,0,0,0,0,0,0,0,0,0,0,0,0,0,0,0,0,0,0,0,0,0,0,0,0,0,0,0,0,0,0,0,0,0,0,0,0,0,0,0,0,0,0,0,0,0,0.0,0.0,0.0,0.0,0.0,0.0,0.0,0.0,0.0,0.0,0.0,0.0,0.0,0.0,0.0,0.0,0.0,0.0,0.0,0.0,0.0,0.0,0.0,0.0,0.0,0.0,0.0,0.0,0.0,0.0,0.0,0.0,0.0,0.0,0.0,0.0,0.0,0.0,0.0,0.0,0.0,0.0,0.0,0.0,0.0,0.0,0.0,0.0,0.0,0.0,0.0,0.0,0.0,0.0,0.0
280,L17,[Fe].Cl[Pd]Cl.[CH]1[CH][CH][C]([CH]1)P(C2CCCCC2)C3CCCCC3.[CH]4[CH][CH][C]([CH]4)P(C5CCCCC5)C6CCCCC6,PdCl2(dcypf),0.06047272000000001 milligram,0.08000000000000002 micromole,0.06047272000000002 microliter,C34H52Cl2FeP2Pd,CCC(CC#N)N1C=C(C=N1)Cl,3-(4-CHLORO-1H-PYRAZOL-1-YL)PENTANENITRILE,0.07345680000000002 milligram,0.4 micromole,0.07345680000000003 microliter,C8H10ClN3,CN1N=CC(B(O)O)=C1,(1-methyl-1H-pyrazol-4-yl)boronic acid,0.060443519999999994 milligram,0.48000000000000004 micromole,0.06044352000000001 microliter,C4H7BN2O2,[Na+].[Na+].[O-]C([O-])=O,Na2CO3,0.31796399999999997 milligram,3.0 micromole,0.317964 microliter,CNa2O3,CN1C=NC2=C1C(=O)N(C(=O)N2C)C,caffeine,0.0776764 milligram,0.4 micromole,0.07767640000000002 microliter,C8H10N4O2,C1COCCO1,dioxane,16.2225 milligram,184.12480421310696 micromole,15.75 microliter,C4H8O2,O,water,1.75 milligram,97.1412711629198 micromole,1.75 microliter,H2O,CCC(CC#N)n1cc(-c2cnn(C)c2)cn1,suzuki_product_0,0.0 milligram,0.0 micromole,0 microliter,C12H15N5,CCC(CC#N)n1cccn1,dehalogenation_0,0.0 milligram,0.0 micromole,0 microliter,C8H11N3,Cn1cccn1,deborylation_0,0.0 milligram,0.0 micromole,0 microliter,C4H6N2,CCC(CC#N)N1C=C(C=N1)Cl.CN1N=CC(B(O)O)=C1>>CCC(CC#N)n1cc(-c2cnn(C)c2)cn1.CCC(CC#N)n1cccn1.Cn1cccn1,004_RLN-NB-2443_011_L17,,,,,,,,,,,,,,,,,,,,,6/9/2023 7:18:54 PM,004_rln-nb-2443_011_l17.raw,2min_150_1200.EXP,004_RLN-NB-2443_011_L17,004_RLN-NB-2443_011_L17_004_RLN-NB-2443_011_L17_0,Rxn_Opt_HSST3_2_98,Analog,0,0,0,0,0,5.301258716428967,0.736,0,0,0,False,82.05309820128,1.25,deborylation_0,0,0,0,0,0,205.2967204336802,73.02234875934046,5.301258716428967,195,0.736,0,0,0,0,0,0,0,0,0,0,0,0,0,0,0,0,0,0,0,0,0,0,0,0,0,0,0,0,0,0,0,0,0,0,0,0,0,0,0,0,0,0,0,0,0,0,0,0,0,0,0,0,0,0,0,0,0,0,0,0,0,0,0,0,0,0,0,0,0,0,0,0,0,0,0,0,0,0,0,0,0.0,0.0,0.0,0.0,0.0,0.0,0.0,0.0,0.0,0.0,0.0,0.0,0.0,0.0,0.0,0.0,0.0,0.0,0.0,0.0,0.0,0.0,0.0,0.0,0.0,0.0,0.0,0.0,0.0,0.0,0.0,0.0,0.0,0.0,0.0,0.0,0.0,0.0,0.0,0.0,0.0,0.0,0.0,0.0,0.0,0.0,0.0,0.0,0.0,0.0,0.0,0.0,0.0,0.0,0.0
281,L18,[Fe].Cl[Pd]Cl.[CH]1[CH][CH][C]([CH]1)P(C2CCCCC2)C3CCCCC3.[CH]4[CH][CH][C]([CH]4)P(C5CCCCC5)C6CCCCC6,PdCl2(dcypf),0.06047272000000001 milligram,0.08000000000000002 micromole,0.06047272000000002 microliter,C34H52Cl2FeP2Pd,CCC(CC#N)N1C=C(C=N1)Cl,3-(4-CHLORO-1H-PYRAZOL-1-YL)PENTANENITRILE,0.07345680000000002 milligram,0.4 micromole,0.07345680000000003 microliter,C8H10ClN3,OB(C1=CC2=C(NC=C2)C=C1)O,(1H-indol-5-yl)boronic acid,0.07726511999999999 milligram,0.48000000000000004 micromole,0.07726512 microliter,C8H8BNO2,[Na+].[Na+].[O-]C([O-])=O,Na2CO3,0.31796399999999997 milligram,3.0 micromole,0.317964 microliter,CNa2O3,CN1C=NC2=C1C(=O)N(C(=O)N2C)C,caffeine,0.0776764 milligram,0.4 micromole,0.07767640000000002 microliter,C8H10N4O2,C1COCCO1,dioxane,16.2225 milligram,184.12480421310696 micromole,15.75 microliter,C4H8O2,O,water,1.75 milligram,97.1412711629198 micromole,1.75 microliter,H2O,CCC(CC#N)n1cc(-c2ccc3[nH]ccc3c2)cn1,suzuki_product_0,0.0 milligram,0.0 micromole,0 microliter,C16H16N4,CCC(CC#N)n1cccn1,dehalogenation_0,0.0 milligram,0.0 micromole,0 microliter,C8H11N3,c1ccc2[nH]ccc2c1,deborylation_0,0.0 milligram,0.0 micromole,0 microliter,C8H7N,CCC(CC#N)N1C=C(C=N1)Cl.OB(C1=CC2=C(NC=C2)C=C1)O>>CCC(CC#N)n1cc(-c2ccc3[nH]ccc3c2)cn1.CCC(CC#N)n1cccn1.c1ccc2[nH]ccc2c1,004_RLN-NB-2443_011_L18,,,,,,,,,,,,,,,,,,,,,6/9/2023 7:21:21 PM,004_rln-nb-2443_011_l18.raw,2min_150_1200.EXP,004_RLN-NB-2443_011_L18,004_RLN-NB-2443_011_L18_004_RLN-NB-2443_011_L18_004,Rxn_Opt_HSST3_2_98,Analog,0,0,0,0,0,4.527317593532703,0.736,0,0,0,False,117.05784922892,1.25,deborylation_0,0,0,0,0,0,204.82823222877624,40.36824106824243,4.527317593532703,195,0.736,0,0,0,0,0,0,0,0,0,0,0,0,0,0,0,0,0,0,0,0,0,0,0,0,0,0,0,0,0,0,0,0,0,0,0,0,0,0,0,0,0,0,0,0,0,0,0,0,0,0,0,0,0,0,0,0,0,0,0,0,0,0,0,0,0,0,0,0,0,0,0,0,0,0,0,0,0,0,0,0,0.0,0.0,0.0,0.0,0.0,0.0,0.0,0.0,0.0,0.0,0.0,0.0,0.0,0.0,0.0,0.0,0.0,0.0,0.0,0.0,0.0,0.0,0.0,0.0,0.0,0.0,0.0,0.0,0.0,0.0,0.0,0.0,0.0,0.0,0.0,0.0,0.0,0.0,0.0,0.0,0.0,0.0,0.0,0.0,0.0,0.0,0.0,0.0,0.0,0.0,0.0,0.0,0.0,0.0,0.0
282,L19,COC1=CC=C(C(P(C(C)(C)C)C(C)(C)C)=C1C2=C(C=C(C=C2C(C)C)C(C)C)C(C)C)OC.NC3=C(C=CC=C3)C4=C(C=CC=C4)[Pd]OS(C)(=O)=O,tBuBrettPhos Pd G3,0.06835544000000003 milligram,0.08000000000000002 micromole,0.06835544000000005 microliter,C44H62NO5PPdS,CC1=C(N2CCCC2=O)C=CC(Br)=C1,1-(4-bromo-2-methylphenyl)pyrrolidin-2-one,0.10165080000000001 milligram,0.4 micromole,0.10165080000000004 microliter,C11H12BrNO,FC1=CN=CC(B(O)O)=C1,(5-fluoropyridin-3-yl)boronic acid,0.06763679999999998 milligram,0.48000000000000004 micromole,0.0676368 microliter,C5H5BFNO2,[Na+].[Na+].[O-]C([O-])=O,Na2CO3,0.31796399999999997 milligram,3.0 micromole,0.317964 microliter,CNa2O3,CN1C=NC2=C1C(=O)N(C(=O)N2C)C,caffeine,0.0776764 milligram,0.4 micromole,0.07767640000000002 microliter,C8H10N4O2,C1COCCO1,dioxane,16.2225 milligram,184.12480421310696 micromole,15.75 microliter,C4H8O2,O,water,1.75 milligram,97.1412711629198 micromole,1.75 microliter,H2O,Cc1cc(-c2cncc(F)c2)ccc1N1CCCC1=O,suzuki_product_0,0.0 milligram,0.0 micromole,0 microliter,C16H15FN2O,Cc1ccccc1N1CCCC1=O,dehalogenation_0,0.0 milligram,0.0 micromole,0 microliter,C11H13NO,Fc1cccnc1,deborylation_0,0.0 milligram,0.0 micromole,0 microliter,C5H4FN,CC1=C(N2CCCC2=O)C=CC(Br)=C1.FC1=CN=CC(B(O)O)=C1>>Cc1cc(-c2cncc(F)c2)ccc1N1CCCC1=O.Cc1ccccc1N1CCCC1=O.Fc1cccnc1,004_RLN-NB-2443_011_L19,,,,,,,,,,,,,,,,,,,,,6/9/2023 7:23:48 PM,004_rln-nb-2443_011_l19.raw,2min_150_1200.EXP,004_RLN-NB-2443_011_L19,004_RLN-NB-2443_011_L19_004_RLN-NB-2443_011_L19,Rxn_Opt_HSST3_2_98,Analog,0,0,0,0,0,4.541988751255426,0.7343,3.6543935537941756,1.1893,0,False,97.03277729544,1.25,deborylation_0,93.82618227101705,15.774854830379986,3.6543935537941756,253.8,1.1893,179.71429357744418,19.606321031812072,4.541988751255426,195,0.7343,0,0,0,0,0,0,0,0,0,0,0,0,0,0,0,0,0,0,0,0,0,0,0,0,0,0,0,0,0,0,0,0,0,0,0,0,0,0,0,0,0,0,0,0,0,0,0,0,0,0,0,0,0,0,0,0,0,0,0,0,0,0,0,0,0,0,0,0,0,0,0,0,0,0,0,0,0,0,0,0,0.0,0.0,0.0,0.0,0.0,0.0,0.0,0.0,0.0,0.0,0.0,0.0,0.0,0.0,0.0,0.00032183202151560465,80.45800537890115,0.0,0.0,0.0,0.0,0.0,0.0,0.0,0.0,0.0,0.0,0.0,0.0,0.0,0.0,0.0,0.0,0.0,0.0,0.0,0.0,0.0,0.0,0.0,0.0,0.0,0.0,0.0,0.0,0.0,0.0,0.0,0.0,0.0,0.0,0.0,0.0,0.0,0.0
283,L20,COC1=CC=C(C(P(C(C)(C)C)C(C)(C)C)=C1C2=C(C=C(C=C2C(C)C)C(C)C)C(C)C)OC.NC3=C(C=CC=C3)C4=C(C=CC=C4)[Pd]OS(C)(=O)=O,tBuBrettPhos Pd G3,0.06835544000000003 milligram,0.08000000000000002 micromole,0.06835544000000005 microliter,C44H62NO5PPdS,CC1=C(N2CCCC2=O)C=CC(Br)=C1,1-(4-bromo-2-methylphenyl)pyrrolidin-2-one,0.10165080000000001 milligram,0.4 micromole,0.10165080000000004 microliter,C11H12BrNO,CN1N=CC(B(O)O)=C1,(1-methyl-1H-pyrazol-4-yl)boronic acid,0.060443519999999994 milligram,0.48000000000000004 micromole,0.06044352000000001 microliter,C4H7BN2O2,[Na+].[Na+].[O-]C([O-])=O,Na2CO3,0.31796399999999997 milligram,3.0 micromole,0.317964 microliter,CNa2O3,CN1C=NC2=C1C(=O)N(C(=O)N2C)C,caffeine,0.0776764 milligram,0.4 micromole,0.07767640000000002 microliter,C8H10N4O2,C1COCCO1,dioxane,16.2225 milligram,184.12480421310696 micromole,15.75 microliter,C4H8O2,O,water,1.75 milligram,97.1412711629198 micromole,1.75 microliter,H2O,Cc1cc(-c2cnn(C)c2)ccc1N1CCCC1=O,suzuki_product_0,0.0 milligram,0.0 micromole,0 microliter,C15H17N3O,Cc1ccccc1N1CCCC1=O,dehalogenation_0,0.0 milligram,0.0 micromole,0 microliter,C11H13NO,Cn1cccn1,deborylation_0,0.0 milligram,0.0 micromole,0 microliter,C4H6N2,CC1=C(N2CCCC2=O)C=CC(Br)=C1.CN1N=CC(B(O)O)=C1>>Cc1cc(-c2cnn(C)c2)ccc1N1CCCC1=O.Cc1ccccc1N1CCCC1=O.Cn1cccn1,004_RLN-NB-2443_011_L20,,,,,,,,,,,,,,,,,,,,,6/9/2023 7:26:15 PM,004_rln-nb-2443_011_l20.raw,2min_150_1200.EXP,004_RLN-NB-2443_011_L20,004_RLN-NB-2443_011_L20_004_RLN-NB-2443_011_L20_,Rxn_Opt_HSST3_2_98,Analog,0.31895965449789165,0,1.6744605186173225,0,0,5.2497564974268265,0.736,1.6744605186173225,1.1893,0,False,82.05309820128,1.25,deborylation_0,73.60779940746374,7.917074358296573,1.6744605186173225,255.8,1.1893,202.95920036533826,24.821554220579035,5.2497564974268265,194.9,0.736,0,0,0,0,0,0,0,0,0,0,0,0,0,0,0,0,0,0,0,0,0,0,0,0,0,0,0,0,0,0,0,0,0,0,0,0,0,0,0,0,0,0,0,0,0,0,0,0,0,0,0,0,0,0,0,0,0,0,0,0,0,0,0,0,0,0,0,0,0,0,0,0,0,0,0,0,0,0,0,0,73.60779940746374,7.917074358296573,1.6744605186173225,255.8,1.1893,0.0,0.0,0.0,0.0,0.0,0.0,0.0,0.0,0.0,0.0,0.00012758386179915666,31.89596544978916,0.0,0.0,0.00012758386179915666,31.89596544978916,0.0,0.0,0.0,0.0,0.0,0.0,0.0,0.0,0.0,0.0,0.0,0.0,0.0,0.0,0.0,0.0,0.0,0.0,0.0,0.0,0.0,0.0,0.0,0.0,0.0,0.0,0.0,0.0,0.0,0.0,0.0,0.0,0.0,0.0
284,L21,COC1=CC=C(C(P(C(C)(C)C)C(C)(C)C)=C1C2=C(C=C(C=C2C(C)C)C(C)C)C(C)C)OC.NC3=C(C=CC=C3)C4=C(C=CC=C4)[Pd]OS(C)(=O)=O,tBuBrettPhos Pd G3,0.06835544000000003 milligram,0.08000000000000002 micromole,0.06835544000000005 microliter,C44H62NO5PPdS,CC1=C(N2CCCC2=O)C=CC(Br)=C1,1-(4-bromo-2-methylphenyl)pyrrolidin-2-one,0.10165080000000001 milligram,0.4 micromole,0.10165080000000004 microliter,C11H12BrNO,OB(C1=CC2=C(NC=C2)C=C1)O,(1H-indol-5-yl)boronic acid,0.07726511999999999 milligram,0.48000000000000004 micromole,0.07726512 microliter,C8H8BNO2,[Na+].[Na+].[O-]C([O-])=O,Na2CO3,0.31796399999999997 milligram,3.0 micromole,0.317964 microliter,CNa2O3,CN1C=NC2=C1C(=O)N(C(=O)N2C)C,caffeine,0.0776764 milligram,0.4 micromole,0.07767640000000002 microliter,C8H10N4O2,C1COCCO1,dioxane,16.2225 milligram,184.12480421310696 micromole,15.75 microliter,C4H8O2,O,water,1.75 milligram,97.1412711629198 micromole,1.75 microliter,H2O,Cc1cc(-c2ccc3[nH]ccc3c2)ccc1N1CCCC1=O,suzuki_product_0,0.0 milligram,0.0 micromole,0 microliter,C19H18N2O,Cc1ccccc1N1CCCC1=O,dehalogenation_0,0.0 milligram,0.0 micromole,0 microliter,C11H13NO,c1ccc2[nH]ccc2c1,deborylation_0,0.0 milligram,0.0 micromole,0 microliter,C8H7N,CC1=C(N2CCCC2=O)C=CC(Br)=C1.OB(C1=CC2=C(NC=C2)C=C1)O>>Cc1cc(-c2ccc3[nH]ccc3c2)ccc1N1CCCC1=O.Cc1ccccc1N1CCCC1=O.c1ccc2[nH]ccc2c1,004_RLN-NB-2443_011_L21,,,,,,,,,,,,,,,,,,,,,6/9/2023 7:28:42 PM,004_rln-nb-2443_011_l21.raw,2min_150_1200.EXP,004_RLN-NB-2443_011_L21,004_RLN-NB-2443_011_L21_004_RLN-NB-2443_011_L21_00,Rxn_Opt_HSST3_2_98,Analog,0.6803350171647985,0,3.34839181760043,0,0,4.921680838294032,0.736,3.34839181760043,1.1893,0,False,117.05784922892,1.25,deborylation_0,136.83898608127612,15.86813120010503,3.34839181760043,253.9,1.1893,192.35114471841567,23.323995972209772,4.921680838294032,195,0.736,0,0,0,0,0,0,0,0,0,0,0,0,0,0,0,0,0,0,0,0,0,0,0,0,0,0,0,0,0,0,0,0,0,0,0,0,0,0,0,0,0,0,0,0,0,0,0,0,0,0,0,0,0,0,0,0,0,0,0,0,0,0,0,0,0,0,0,0,0,0,0,0,0,0,0,0,0,0,0,0,136.83898608127612,15.86813120010503,3.34839181760043,253.9,1.1893,0.0,0.0,0.0,0.0,0.0,0.0,0.0,0.0,0.0,0.0,0.0002721340068659194,68.03350171647985,0.0,0.0,0.0002721340068659194,68.03350171647985,0.0,0.0,0.0,0.0,0.0,0.0,0.0,0.0,0.0,0.0,0.0,0.0,0.0,0.0,0.0,0.0,0.0,0.0,0.0,0.0,0.0,0.0,0.0,0.0,0.0,0.0,0.0,0.0,0.0,0.0,0.0,0.0,0.0,0.0
285,L22,COC1=CC=C(C(P(C(C)(C)C)C(C)(C)C)=C1C2=C(C=C(C=C2C(C)C)C(C)C)C(C)C)OC.NC3=C(C=CC=C3)C4=C(C=CC=C4)[Pd]OS(C)(=O)=O,tBuBrettPhos Pd G3,0.06835544000000003 milligram,0.08000000000000002 micromole,0.06835544000000005 microliter,C44H62NO5PPdS,CCC(CC#N)N1C=C(C=N1)Cl,3-(4-CHLORO-1H-PYRAZOL-1-YL)PENTANENITRILE,0.07345680000000002 milligram,0.4 micromole,0.07345680000000003 microliter,C8H10ClN3,FC1=CN=CC(B(O)O)=C1,(5-fluoropyridin-3-yl)boronic acid,0.06763679999999998 milligram,0.48000000000000004 micromole,0.0676368 microliter,C5H5BFNO2,[Na+].[Na+].[O-]C([O-])=O,Na2CO3,0.31796399999999997 milligram,3.0 micromole,0.317964 microliter,CNa2O3,CN1C=NC2=C1C(=O)N(C(=O)N2C)C,caffeine,0.0776764 milligram,0.4 micromole,0.07767640000000002 microliter,C8H10N4O2,C1COCCO1,dioxane,16.2225 milligram,184.12480421310696 micromole,15.75 microliter,C4H8O2,O,water,1.75 milligram,97.1412711629198 micromole,1.75 microliter,H2O,CCC(CC#N)n1cc(-c2cncc(F)c2)cn1,suzuki_product_0,0.0 milligram,0.0 micromole,0 microliter,C13H13FN4,CCC(CC#N)n1cccn1,dehalogenation_0,0.0 milligram,0.0 micromole,0 microliter,C8H11N3,Fc1cccnc1,deborylation_0,0.0 milligram,0.0 micromole,0 microliter,C5H4FN,CCC(CC#N)N1C=C(C=N1)Cl.FC1=CN=CC(B(O)O)=C1>>CCC(CC#N)n1cc(-c2cncc(F)c2)cn1.CCC(CC#N)n1cccn1.Fc1cccnc1,004_RLN-NB-2443_011_L22,,,,,,,,,,,,,,,,,,,,,6/9/2023 7:31:09 PM,004_rln-nb-2443_011_l22.raw,2min_150_1200.EXP,004_RLN-NB-2443_011_L22,004_RLN-NB-2443_011_L22_004_RLN-NB-2443_011_L22_00,Rxn_Opt_HSST3_2_98,Analog,0,0,0,0,0,4.2177604547632335,0.7343,0,0,0,False,97.03277729544,1.25,deborylation_0,0,0,0,0,0,170.14108193019092,24.753278565234798,4.2177604547632335,194.9,0.7343,0,0,0,0,0,0,0,0,0,0,0,0,0,0,0,0,0,0,0,0,0,0,0,0,0,0,0,0,0,0,0,0,0,0,0,0,0,0,0,0,0,0,0,0,0,0,0,0,0,0,0,0,0,0,0,0,0,0,0,0,0,0,0,0,0,0,0,0,0,0,0,0,0,0,0,0,0,0,0,0,0.0,0.0,0.0,0.0,0.0,0.0,0.0,0.0,0.0,0.0,0.0,0.0,0.0,0.0,0.0,0.0,0.0,0.0,0.0,0.0,0.0,0.0,0.0,0.0,0.0,0.0,0.0,0.0,0.0,0.0,0.0,0.0,0.0,0.0,0.0,0.0,0.0,0.0,0.0,0.0,0.0,0.0,0.0,0.0,0.0,0.0,0.0,0.0,0.0,0.0,0.0,0.0,0.0,0.0,0.0
286,L23,COC1=CC=C(C(P(C(C)(C)C)C(C)(C)C)=C1C2=C(C=C(C=C2C(C)C)C(C)C)C(C)C)OC.NC3=C(C=CC=C3)C4=C(C=CC=C4)[Pd]OS(C)(=O)=O,tBuBrettPhos Pd G3,0.06835544000000003 milligram,0.08000000000000002 micromole,0.06835544000000005 microliter,C44H62NO5PPdS,CCC(CC#N)N1C=C(C=N1)Cl,3-(4-CHLORO-1H-PYRAZOL-1-YL)PENTANENITRILE,0.07345680000000002 milligram,0.4 micromole,0.07345680000000003 microliter,C8H10ClN3,CN1N=CC(B(O)O)=C1,(1-methyl-1H-pyrazol-4-yl)boronic acid,0.060443519999999994 milligram,0.48000000000000004 micromole,0.06044352000000001 microliter,C4H7BN2O2,[Na+].[Na+].[O-]C([O-])=O,Na2CO3,0.31796399999999997 milligram,3.0 micromole,0.317964 microliter,CNa2O3,CN1C=NC2=C1C(=O)N(C(=O)N2C)C,caffeine,0.0776764 milligram,0.4 micromole,0.07767640000000002 microliter,C8H10N4O2,C1COCCO1,dioxane,16.2225 milligram,184.12480421310696 micromole,15.75 microliter,C4H8O2,O,water,1.75 milligram,97.1412711629198 micromole,1.75 microliter,H2O,CCC(CC#N)n1cc(-c2cnn(C)c2)cn1,suzuki_product_0,0.0 milligram,0.0 micromole,0 microliter,C12H15N5,CCC(CC#N)n1cccn1,dehalogenation_0,0.0 milligram,0.0 micromole,0 microliter,C8H11N3,Cn1cccn1,deborylation_0,0.0 milligram,0.0 micromole,0 microliter,C4H6N2,CCC(CC#N)N1C=C(C=N1)Cl.CN1N=CC(B(O)O)=C1>>CCC(CC#N)n1cc(-c2cnn(C)c2)cn1.CCC(CC#N)n1cccn1.Cn1cccn1,004_RLN-NB-2443_011_L23,,,,,,,,,,,,,,,,,,,,,6/9/2023 7:33:35 PM,004_rln-nb-2443_011_l23.raw,2min_150_1200.EXP,004_RLN-NB-2443_011_L23,004_RLN-NB-2443_011_L23_004_RLN-NB-2443_011_L23_004,Rxn_Opt_HSST3_2_98,Analog,0,0,0,0,0,5.038759949071239,0.736,0,0,0,False,82.05309820128,1.25,deborylation_0,0,0,0,0,0,198.3280421205696,29.07511606994212,5.038759949071239,194.9,0.736,0,0,0,0,0,0,0,0,0,0,0,0,0,0,0,0,0,0,0,0,0,0,0,0,0,0,0,0,0,0,0,0,0,0,0,0,0,0,0,0,0,0,0,0,0,0,0,0,0,0,0,0,0,0,0,0,0,0,0,0,0,0,0,0,0,0,0,0,0,0,0,0,0,0,0,0,0,0,0,0,0.0,0.0,0.0,0.0,0.0,0.0,0.0,0.0,0.0,0.0,0.0,0.0,0.0,0.0,0.0,0.0,0.0,0.0,0.0,0.0,0.0,0.0,0.0,0.0,0.0,0.0,0.0,0.0,0.0,0.0,0.0,0.0,0.0,0.0,0.0,0.0,0.0,0.0,0.0,0.0,0.0,0.0,0.0,0.0,0.0,0.0,0.0,0.0,0.0,0.0,0.0,0.0,0.0,0.0,0.0
287,L24,COC1=CC=C(C(P(C(C)(C)C)C(C)(C)C)=C1C2=C(C=C(C=C2C(C)C)C(C)C)C(C)C)OC.NC3=C(C=CC=C3)C4=C(C=CC=C4)[Pd]OS(C)(=O)=O,tBuBrettPhos Pd G3,0.06835544000000003 milligram,0.08000000000000002 micromole,0.06835544000000005 microliter,C44H62NO5PPdS,CCC(CC#N)N1C=C(C=N1)Cl,3-(4-CHLORO-1H-PYRAZOL-1-YL)PENTANENITRILE,0.07345680000000002 milligram,0.4 micromole,0.07345680000000003 microliter,C8H10ClN3,OB(C1=CC2=C(NC=C2)C=C1)O,(1H-indol-5-yl)boronic acid,0.07726511999999999 milligram,0.48000000000000004 micromole,0.07726512 microliter,C8H8BNO2,[Na+].[Na+].[O-]C([O-])=O,Na2CO3,0.31796399999999997 milligram,3.0 micromole,0.317964 microliter,CNa2O3,CN1C=NC2=C1C(=O)N(C(=O)N2C)C,caffeine,0.0776764 milligram,0.4 micromole,0.07767640000000002 microliter,C8H10N4O2,C1COCCO1,dioxane,16.2225 milligram,184.12480421310696 micromole,15.75 microliter,C4H8O2,O,water,1.75 milligram,97.1412711629198 micromole,1.75 microliter,H2O,CCC(CC#N)n1cc(-c2ccc3[nH]ccc3c2)cn1,suzuki_product_0,0.0 milligram,0.0 micromole,0 microliter,C16H16N4,CCC(CC#N)n1cccn1,dehalogenation_0,0.0 milligram,0.0 micromole,0 microliter,C8H11N3,c1ccc2[nH]ccc2c1,deborylation_0,0.0 milligram,0.0 micromole,0 microliter,C8H7N,CCC(CC#N)N1C=C(C=N1)Cl.OB(C1=CC2=C(NC=C2)C=C1)O>>CCC(CC#N)n1cc(-c2ccc3[nH]ccc3c2)cn1.CCC(CC#N)n1cccn1.c1ccc2[nH]ccc2c1,004_RLN-NB-2443_011_L24,,,,,,,,,,,,,,,,,,,,,6/9/2023 7:36:02 PM,004_rln-nb-2443_011_l24.raw,2min_150_1200.EXP,004_RLN-NB-2443_011_L24,004_RLN-NB-2443_011_L24_004_RLN-NB-2443_011_L24_004_R,Rxn_Opt_HSST3_2_98,Analog,0,0,0,0,0,4.33569800025112,0.736,0,0,0,False,117.05784922892,1.25,deborylation_0,0,0,0,0,0,178.54580730443988,25.863991002710996,4.33569800025112,195,0.736,0,0,0,0,0,0,0,0,0,0,0,0,0,0,0,0,0,0,0,0,0,0,0,0,0,0,0,0,0,0,0,0,0,0,0,0,0,0,0,0,0,0,0,0,0,0,0,0,0,0,0,0,0,0,0,0,0,0,0,0,0,0,0,0,0,0,0,0,0,0,0,0,0,0,0,0,0,0,0,0,0.0,0.0,0.0,0.0,0.0,0.0,0.0,0.0,0.0,0.0,0.0,0.0,0.0,0.0,0.0,0.0,0.0,0.0,0.0,0.0,0.0,0.0,0.0,0.0,0.0,0.0,0.0,0.0,0.0,0.0,0.0,0.0,0.0,0.0,0.0,0.0,0.0,0.0,0.0,0.0,0.0,0.0,0.0,0.0,0.0,0.0,0.0,0.0,0.0,0.0,0.0,0.0,0.0,0.0,0.0
288,M1,CC(C)C1=CC(C(C)C)=CC(C(C)C)=C1C2=C([P+](C3CCCCC3)([Pd-2]4(OS(C)(=O)=O)C(C=CC=C5)=C5C6=C([NH+]4C)C=CC=C6)C7CCCCC7)C=CC=C2,XPhos Pd G4,0.06883952 milligram,0.08000000000000002 micromole,0.06883952000000002 microliter,C47H64NO3PPdS,BrC1=CC=CN2C=CN=C12,"8-bromoimidazo[1,2-a]pyridine",0.07881400000000001 milligram,0.4 micromole,0.07881400000000002 microliter,C7H5BrN2,FC1=CN=CC(B(O)O)=C1,(5-fluoropyridin-3-yl)boronic acid,0.06763679999999998 milligram,0.48000000000000004 micromole,0.0676368 microliter,C5H5BFNO2,[Na+].[Na+].[O-]C([O-])=O,Na2CO3,0.31796399999999997 milligram,3.0 micromole,0.317964 microliter,CNa2O3,CN1C=NC2=C1C(=O)N(C(=O)N2C)C,caffeine,0.0776764 milligram,0.4 micromole,0.07767640000000002 microliter,C8H10N4O2,C1COCCO1,dioxane,16.2225 milligram,184.12480421310696 micromole,15.75 microliter,C4H8O2,O,water,1.75 milligram,97.1412711629198 micromole,1.75 microliter,H2O,Fc1cncc(-c2cccn3ccnc23)c1,suzuki_product_0,0.0 milligram,0.0 micromole,0 microliter,C12H8FN3,c1ccn2ccnc2c1,dehalogenation_0,0.0 milligram,0.0 micromole,0 microliter,C7H6N2,Fc1cccnc1,deborylation_0,0.0 milligram,0.0 micromole,0 microliter,C5H4FN,BrC1=CC=CN2C=CN=C12.FC1=CN=CC(B(O)O)=C1>>Fc1cncc(-c2cccn3ccnc23)c1.c1ccn2ccnc2c1.Fc1cccnc1,004_RLN-NB-2443_011_M1,,,,,,,,,,,,,,,,,,,,,6/9/2023 7:38:30 PM,004_rln-nb-2443_011_m1.raw,2min_150_1200.EXP,004_RLN-NB-2443_011_M1,004_RLN-NB-2443_011_M1_004_RLN-NB-2443_011_M1_004_RLN,Rxn_Opt_HSST3_2_98,Analog,0,0,0,0,0,5.703504906676041,0.7376,2.697516012902554,0.5176,0,False,97.03277729544,1.25,deborylation_0,0,0,0,0,0,202.36176526398708,20.95632109266992,5.703504906676041,195,0.7376,0,0,0,0,0,0,0,0,0,0,0,0,0,0,0,0,0,0,0,0,55.38313669854802,9.911451404702994,2.697516012902554,196.8,0.5176,0,0,0,0,0,0,0,0,0,0,0,0,0,0,0,0,0,0,0,0,0,0,0,0,0,0,0,0,0,0,0,0,0,0,0,0,0,0,0,0,0,0,0,0,0,0,0,0,0,0,0,0,0,0,0,0.0,0.0,0.0,0.0,0.0,0.0,0.0,0.0,0.0,0.0,0.0,0.0,0.0,0.0,0.0,0.0,0.0,0.0,0.0,0.0,0.0,0.0,0.0,0.0,0.0,0.0,0.0,0.0,0.0,0.00018918304144843076,47.295760362107686,0.0,0.0,0.0,0.0,0.0,0.0,0.0,0.0,0.0,0.0,0.0,0.0,0.0,0.0,0.0,0.0,0.0,0.0,0.0,0.0,0.0,0.0,0.0,0.0
289,M2,CC(C)C1=CC(C(C)C)=CC(C(C)C)=C1C2=C([P+](C3CCCCC3)([Pd-2]4(OS(C)(=O)=O)C(C=CC=C5)=C5C6=C([NH+]4C)C=CC=C6)C7CCCCC7)C=CC=C2,XPhos Pd G4,0.06883952 milligram,0.08000000000000002 micromole,0.06883952000000002 microliter,C47H64NO3PPdS,BrC1=CC=CN2C=CN=C12,"8-bromoimidazo[1,2-a]pyridine",0.07881400000000001 milligram,0.4 micromole,0.07881400000000002 microliter,C7H5BrN2,CN1N=CC(B(O)O)=C1,(1-methyl-1H-pyrazol-4-yl)boronic acid,0.060443519999999994 milligram,0.48000000000000004 micromole,0.06044352000000001 microliter,C4H7BN2O2,[Na+].[Na+].[O-]C([O-])=O,Na2CO3,0.31796399999999997 milligram,3.0 micromole,0.317964 microliter,CNa2O3,CN1C=NC2=C1C(=O)N(C(=O)N2C)C,caffeine,0.0776764 milligram,0.4 micromole,0.07767640000000002 microliter,C8H10N4O2,C1COCCO1,dioxane,16.2225 milligram,184.12480421310696 micromole,15.75 microliter,C4H8O2,O,water,1.75 milligram,97.1412711629198 micromole,1.75 microliter,H2O,Cn1cc(-c2cccn3ccnc23)cn1,suzuki_product_0,0.0 milligram,0.0 micromole,0 microliter,C11H10N4,c1ccn2ccnc2c1,dehalogenation_0,0.0 milligram,0.0 micromole,0 microliter,C7H6N2,Cn1cccn1,deborylation_0,0.0 milligram,0.0 micromole,0 microliter,C4H6N2,BrC1=CC=CN2C=CN=C12.CN1N=CC(B(O)O)=C1>>Cn1cc(-c2cccn3ccnc23)cn1.c1ccn2ccnc2c1.Cn1cccn1,004_RLN-NB-2443_011_M2,,,,,,,,,,,,,,,,,,,,,6/9/2023 7:40:57 PM,004_rln-nb-2443_011_m2.raw,2min_150_1200.EXP,004_RLN-NB-2443_011_M2,004_RLN-NB-2443_011_M2_004_RLN-NB-2443_011_M2_004_RLN,Rxn_Opt_HSST3_2_98,Analog,0.14819021515074432,0,0.6156042492160089,2.171230059266106,0.641,4.15414910215087,0.736,0,0,0,False,82.05309820128,1.25,deborylation_0,0,0,0,0,0,163.5272823599308,14.651642532926038,4.15414910215087,194.9,0.736,0,0,0,0,0,0,0,0,0,0,0,0,0,0,0,0,0,0,0,0,0,0,0,0,0,0,0,0,0,0,0,0,0,0,0,0,0,0,0,0,0,0,0,0,0,0,0,0,0,0,0,0,0,0,0,0,0,0,0,0,0,0,0,0,0,0,0,0,0,0,0,0,0,0,0,0,0,0,0,0,26.23704428262444,2.1712300592661062,0.6156042492160089,199.0,0.641,0.0,0.0,0.0,0.0,0.0,0.0,0.0,0.0,0.0,0.0,0.0,0.0,0.0,0.0,5.927608606029773e-05,14.819021515074432,0.0,0.0,0.0,0.0,0.0,0.0,0.0,0.0,0.0,0.0,0.0,0.0,0.0,0.0,0.0,0.0,0.0,0.0,0.0,0.0,0.0,0.0,0.0,0.0,0.0,0.0,0.0,0.0,0.0,0.0,0.0,0.0,0.0,0.0
290,M3,CC(C)C1=CC(C(C)C)=CC(C(C)C)=C1C2=C([P+](C3CCCCC3)([Pd-2]4(OS(C)(=O)=O)C(C=CC=C5)=C5C6=C([NH+]4C)C=CC=C6)C7CCCCC7)C=CC=C2,XPhos Pd G4,0.06883952 milligram,0.08000000000000002 micromole,0.06883952000000002 microliter,C47H64NO3PPdS,BrC1=CC=CN2C=CN=C12,"8-bromoimidazo[1,2-a]pyridine",0.07881400000000001 milligram,0.4 micromole,0.07881400000000002 microliter,C7H5BrN2,OB(C1=CC2=C(NC=C2)C=C1)O,(1H-indol-5-yl)boronic acid,0.07726511999999999 milligram,0.48000000000000004 micromole,0.07726512 microliter,C8H8BNO2,[Na+].[Na+].[O-]C([O-])=O,Na2CO3,0.31796399999999997 milligram,3.0 micromole,0.317964 microliter,CNa2O3,CN1C=NC2=C1C(=O)N(C(=O)N2C)C,caffeine,0.0776764 milligram,0.4 micromole,0.07767640000000002 microliter,C8H10N4O2,C1COCCO1,dioxane,16.2225 milligram,184.12480421310696 micromole,15.75 microliter,C4H8O2,O,water,1.75 milligram,97.1412711629198 micromole,1.75 microliter,H2O,c1cc(-c2ccc3[nH]ccc3c2)c2nccn2c1,suzuki_product_0,0.0 milligram,0.0 micromole,0 microliter,C15H11N3,c1ccn2ccnc2c1,dehalogenation_0,0.0 milligram,0.0 micromole,0 microliter,C7H6N2,c1ccc2[nH]ccc2c1,deborylation_0,0.0 milligram,0.0 micromole,0 microliter,C8H7N,BrC1=CC=CN2C=CN=C12.OB(C1=CC2=C(NC=C2)C=C1)O>>c1cc(-c2ccc3[nH]ccc3c2)c2nccn2c1.c1ccn2ccnc2c1.c1ccc2[nH]ccc2c1,004_RLN-NB-2443_011_M3,,,,,,,,,,,,,,,,,,,,,6/9/2023 7:43:24 PM,004_rln-nb-2443_011_m3.raw,2min_150_1200.EXP,004_RLN-NB-2443_011_M3,004_RLN-NB-2443_011_M3_004_RLN-NB-2443_011_M3_004_RLN-N,Rxn_Opt_HSST3_2_98,Analog,1.1151645128599674,0,4.476971480064338,15.222526701543678,0.7793,4.014628719293292,0.7343,0,0,0,False,117.05784922892,1.25,deborylation_0,0,0,0,0,0,169.69696586894813,13.650476253502507,4.014628719293292,195,0.7343,0,0,0,0,0,0,0,0,0,0,0,0,0,0,0,0,0,0,0,0,0,0,0,0,0,0,0,0,0,0,0,0,0,0,0,0,0,0,0,0,0,0,0,0,0,0,0,0,0,0,0,0,0,0,0,0,0,0,0,0,0,0,0,0,0,0,0,0,0,0,0,0,0,0,0,0,0,0,0,0,144.8424583514284,15.222526701543677,4.476971480064338,233.8,0.7793,0.0,0.0,0.0,0.0,0.0,0.0,0.0,0.0,0.0,0.0,0.0,0.0,0.0,0.0,0.000446065805143987,111.51645128599674,0.0,0.0,0.0,0.0,0.0,0.0,0.0,0.0,0.0,0.0,0.0,0.0,0.0,0.0,0.0,0.0,0.0,0.0,0.0,0.0,0.0,0.0,0.0,0.0,0.0,0.0,0.0,0.0,0.0,0.0,0.0,0.0,0.0,0.0
291,M4,CC(C)C1=CC(C(C)C)=CC(C(C)C)=C1C2=C([P+](C3CCCCC3)([Pd-2]4(OS(C)(=O)=O)C(C=CC=C5)=C5C6=C([NH+]4C)C=CC=C6)C7CCCCC7)C=CC=C2,XPhos Pd G4,0.06883952 milligram,0.08000000000000002 micromole,0.06883952000000002 microliter,C47H64NO3PPdS,C1=CC=C(C=C1)OCCC(C2=CC=C(C=C2)Cl)N.Cl,1-(1-amino-3-phenoxypropyl)-4-chlorobenzene hydrochloride,0.11928520000000001 milligram,0.4 micromole,0.11928520000000004 microliter,C15H17Cl2NO,FC1=CN=CC(B(O)O)=C1,(5-fluoropyridin-3-yl)boronic acid,0.06763679999999998 milligram,0.48000000000000004 micromole,0.0676368 microliter,C5H5BFNO2,[Na+].[Na+].[O-]C([O-])=O,Na2CO3,0.31796399999999997 milligram,3.0 micromole,0.317964 microliter,CNa2O3,CN1C=NC2=C1C(=O)N(C(=O)N2C)C,caffeine,0.0776764 milligram,0.4 micromole,0.07767640000000002 microliter,C8H10N4O2,C1COCCO1,dioxane,16.2225 milligram,184.12480421310696 micromole,15.75 microliter,C4H8O2,O,water,1.75 milligram,97.1412711629198 micromole,1.75 microliter,H2O,NC(CCOc1ccccc1)c1ccc(-c2cncc(F)c2)cc1,suzuki_product_0,0.0 milligram,0.0 micromole,0 microliter,C20H19FN2O,NC(CCOc1ccccc1)c1ccccc1,dehalogenation_0,0.0 milligram,0.0 micromole,0 microliter,C15H17NO,Fc1cccnc1,deborylation_0,0.0 milligram,0.0 micromole,0 microliter,C5H4FN,C1=CC=C(C=C1)OCCC(C2=CC=C(C=C2)Cl)N.Cl.FC1=CN=CC(B(O)O)=C1>>NC(CCOc1ccccc1)c1ccc(-c2cncc(F)c2)cc1.NC(CCOc1ccccc1)c1ccccc1.Fc1cccnc1,004_RLN-NB-2443_011_M4,,,,,,,,,,,,,,,,,,,,,6/9/2023 7:45:51 PM,004_rln-nb-2443_011_m4.raw,2min_150_1200.EXP,004_RLN-NB-2443_011_M4,004_RLN-NB-2443_011_M4_004_RLN-NB-2443_011_M4_,Rxn_Opt_HSST3_2_98,Analog,0,0,0,0,0,5.079517958748176,0.736,0,0,0,False,97.03277729544,1.25,deborylation_0,0,0,0,0,0,194.58690392303419,13.592141656038503,5.079517958748176,195,0.736,0,0,0,0,0,0,0,0,0,0,0,0,0,0,0,0,0,0,0,0,0,0,0,0,0,0,0,0,0,0,0,0,0,0,0,0,0,0,0,0,0,0,0,0,0,0,0,0,0,0,0,0,0,0,0,0,0,0,0,0,0,0,0,0,0,0,0,0,0,0,0,0,0,0,0,0,0,0,0,0,0.0,0.0,0.0,0.0,0.0,0.0,0.0,0.0,0.0,0.0,0.0,0.0,0.0,0.0,0.0,0.0,0.0,0.0,0.0,0.0,0.0,0.0,0.0,0.0,0.0,0.0,0.0,0.0,0.0,0.0,0.0,0.0,0.0,0.0,0.0,0.0,0.0,0.0,0.0,0.0,0.0,0.0,0.0,0.0,0.0,0.0,0.0,0.0,0.0,0.0,0.0,0.0,0.0,0.0,0.0
292,M5,CC(C)C1=CC(C(C)C)=CC(C(C)C)=C1C2=C([P+](C3CCCCC3)([Pd-2]4(OS(C)(=O)=O)C(C=CC=C5)=C5C6=C([NH+]4C)C=CC=C6)C7CCCCC7)C=CC=C2,XPhos Pd G4,0.06883952 milligram,0.08000000000000002 micromole,0.06883952000000002 microliter,C47H64NO3PPdS,C1=CC=C(C=C1)OCCC(C2=CC=C(C=C2)Cl)N.Cl,1-(1-amino-3-phenoxypropyl)-4-chlorobenzene hydrochloride,0.11928520000000001 milligram,0.4 micromole,0.11928520000000004 microliter,C15H17Cl2NO,CN1N=CC(B(O)O)=C1,(1-methyl-1H-pyrazol-4-yl)boronic acid,0.060443519999999994 milligram,0.48000000000000004 micromole,0.06044352000000001 microliter,C4H7BN2O2,[Na+].[Na+].[O-]C([O-])=O,Na2CO3,0.31796399999999997 milligram,3.0 micromole,0.317964 microliter,CNa2O3,CN1C=NC2=C1C(=O)N(C(=O)N2C)C,caffeine,0.0776764 milligram,0.4 micromole,0.07767640000000002 microliter,C8H10N4O2,C1COCCO1,dioxane,16.2225 milligram,184.12480421310696 micromole,15.75 microliter,C4H8O2,O,water,1.75 milligram,97.1412711629198 micromole,1.75 microliter,H2O,Cn1cc(-c2ccc(C(N)CCOc3ccccc3)cc2)cn1,suzuki_product_0,0.0 milligram,0.0 micromole,0 microliter,C19H21N3O,NC(CCOc1ccccc1)c1ccccc1,dehalogenation_0,0.0 milligram,0.0 micromole,0 microliter,C15H17NO,Cn1cccn1,deborylation_0,0.0 milligram,0.0 micromole,0 microliter,C4H6N2,C1=CC=C(C=C1)OCCC(C2=CC=C(C=C2)Cl)N.Cl.CN1N=CC(B(O)O)=C1>>Cn1cc(-c2ccc(C(N)CCOc3ccccc3)cc2)cn1.NC(CCOc1ccccc1)c1ccccc1.Cn1cccn1,004_RLN-NB-2443_011_M5,,,,,,,,,,,,,,,,,,,,,6/9/2023 7:48:18 PM,004_rln-nb-2443_011_m5.raw,2min_150_1200.EXP,004_RLN-NB-2443_011_M5,004_RLN-NB-2443_011_M5_004_RLN-NB-2443_011_M5_0,Rxn_Opt_HSST3_2_98,Analog,0,0,0,0,0,5.630294837651382,0.736,0,0,0,False,82.05309820128,1.25,deborylation_0,0,0,0,0,0,222.2331159223722,14.798863526008322,5.630294837651382,194.9,0.736,0,0,0,0,0,0,0,0,0,0,0,0,0,0,0,0,0,0,0,0,0,0,0,0,0,0,0,0,0,0,0,0,0,0,0,0,0,0,0,0,0,0,0,0,0,0,0,0,0,0,0,0,0,0,0,0,0,0,0,0,0,0,0,0,0,0,0,0,0,0,0,0,0,0,0,0,0,0,0,0,0.0,0.0,0.0,0.0,0.0,0.0,0.0,0.0,0.0,0.0,0.0,0.0,0.0,0.0,0.0,0.0,0.0,0.0,0.0,0.0,0.0,0.0,0.0,0.0,0.0,0.0,0.0,0.0,0.0,0.0,0.0,0.0,0.0,0.0,0.0,0.0,0.0,0.0,0.0,0.0,0.0,0.0,0.0,0.0,0.0,0.0,0.0,0.0,0.0,0.0,0.0,0.0,0.0,0.0,0.0
293,M6,CC(C)C1=CC(C(C)C)=CC(C(C)C)=C1C2=C([P+](C3CCCCC3)([Pd-2]4(OS(C)(=O)=O)C(C=CC=C5)=C5C6=C([NH+]4C)C=CC=C6)C7CCCCC7)C=CC=C2,XPhos Pd G4,0.06883952 milligram,0.08000000000000002 micromole,0.06883952000000002 microliter,C47H64NO3PPdS,C1=CC=C(C=C1)OCCC(C2=CC=C(C=C2)Cl)N.Cl,1-(1-amino-3-phenoxypropyl)-4-chlorobenzene hydrochloride,0.11928520000000001 milligram,0.4 micromole,0.11928520000000004 microliter,C15H17Cl2NO,OB(C1=CC2=C(NC=C2)C=C1)O,(1H-indol-5-yl)boronic acid,0.07726511999999999 milligram,0.48000000000000004 micromole,0.07726512 microliter,C8H8BNO2,[Na+].[Na+].[O-]C([O-])=O,Na2CO3,0.31796399999999997 milligram,3.0 micromole,0.317964 microliter,CNa2O3,CN1C=NC2=C1C(=O)N(C(=O)N2C)C,caffeine,0.0776764 milligram,0.4 micromole,0.07767640000000002 microliter,C8H10N4O2,C1COCCO1,dioxane,16.2225 milligram,184.12480421310696 micromole,15.75 microliter,C4H8O2,O,water,1.75 milligram,97.1412711629198 micromole,1.75 microliter,H2O,NC(CCOc1ccccc1)c1ccc(-c2ccc3[nH]ccc3c2)cc1,suzuki_product_0,0.0 milligram,0.0 micromole,0 microliter,C23H22N2O,NC(CCOc1ccccc1)c1ccccc1,dehalogenation_0,0.0 milligram,0.0 micromole,0 microliter,C15H17NO,c1ccc2[nH]ccc2c1,deborylation_0,0.0 milligram,0.0 micromole,0 microliter,C8H7N,C1=CC=C(C=C1)OCCC(C2=CC=C(C=C2)Cl)N.Cl.OB(C1=CC2=C(NC=C2)C=C1)O>>NC(CCOc1ccccc1)c1ccc(-c2ccc3[nH]ccc3c2)cc1.NC(CCOc1ccccc1)c1ccccc1.c1ccc2[nH]ccc2c1,004_RLN-NB-2443_011_M6,,,,,,,,,,,,,,,,,,,,,6/9/2023 7:50:45 PM,004_rln-nb-2443_011_m6.raw,2min_150_1200.EXP,004_RLN-NB-2443_011_M6,004_RLN-NB-2443_011_M6_004_RLN-NB-2443_011_M6_004,Rxn_Opt_HSST3_2_98,Analog,0,0,0,0,0,6.659204553446267,0.736,0,0,0,False,117.05784922892,1.25,deborylation_0,0,0,0,0,0,210.95344737266925,16.793857768668712,6.659204553446267,194.9,0.736,0,0,0,0,0,0,0,0,0,0,0,0,0,0,0,0,0,0,0,0,0,0,0,0,0,0,0,0,0,0,0,0,0,0,0,0,0,0,0,0,0,0,0,0,0,0,0,0,0,0,0,0,0,0,0,0,0,0,0,0,0,0,0,0,0,0,0,0,0,0,0,0,0,0,0,0,0,0,0,0,0.0,0.0,0.0,0.0,0.0,0.0,0.0,0.0,0.0,0.0,0.0,0.0,0.0,0.0,0.0,0.0,0.0,0.0,0.0,0.0,0.0,0.0,0.0,0.0,0.0,0.0,0.0,0.0,0.0,0.0,0.0,0.0,0.0,0.0,0.0,0.0,0.0,0.0,0.0,0.0,0.0,0.0,0.0,0.0,0.0,0.0,0.0,0.0,0.0,0.0,0.0,0.0,0.0,0.0,0.0
294,M7,NC1=C(C=CC=C1)C2=C([Pd]OS(C)(=O)=O)C=CC=C2.CN(C)C3=CC=C(C=C3)P(C(C)(C)C)C(C)(C)C,APhos Pd G3,0.050809520000000004 milligram,0.08000000000000002 micromole,0.05080952000000002 microliter,C29H41N2O3PPdS,BrC1=CC=CN2C=CN=C12,"8-bromoimidazo[1,2-a]pyridine",0.07881400000000001 milligram,0.4 micromole,0.07881400000000002 microliter,C7H5BrN2,FC1=CN=CC(B(O)O)=C1,(5-fluoropyridin-3-yl)boronic acid,0.06763679999999998 milligram,0.48000000000000004 micromole,0.0676368 microliter,C5H5BFNO2,[Na+].[Na+].[O-]C([O-])=O,Na2CO3,0.31796399999999997 milligram,3.0 micromole,0.317964 microliter,CNa2O3,CN1C=NC2=C1C(=O)N(C(=O)N2C)C,caffeine,0.0776764 milligram,0.4 micromole,0.07767640000000002 microliter,C8H10N4O2,C1COCCO1,dioxane,16.2225 milligram,184.12480421310696 micromole,15.75 microliter,C4H8O2,O,water,1.75 milligram,97.1412711629198 micromole,1.75 microliter,H2O,Fc1cncc(-c2cccn3ccnc23)c1,suzuki_product_0,0.0 milligram,0.0 micromole,0 microliter,C12H8FN3,c1ccn2ccnc2c1,dehalogenation_0,0.0 milligram,0.0 micromole,0 microliter,C7H6N2,Fc1cccnc1,deborylation_0,0.0 milligram,0.0 micromole,0 microliter,C5H4FN,BrC1=CC=CN2C=CN=C12.FC1=CN=CC(B(O)O)=C1>>Fc1cncc(-c2cccn3ccnc23)c1.c1ccn2ccnc2c1.Fc1cccnc1,004_RLN-NB-2443_011_M7,,,,,,,,,,,,,,,,,,,,,6/9/2023 7:53:12 PM,004_rln-nb-2443_011_m7.raw,2min_150_1200.EXP,004_RLN-NB-2443_011_M7,004_RLN-NB-2443_011_M7_004_RLN-NB-2443_011_M7_004_RL,Rxn_Opt_HSST3_2_98,Analog,0,0,0,0,0,5.878244628233862,0.7343,0,0,0,False,97.03277729544,1.25,deborylation_0,0,0,0,0,0,218.73560389138055,31.830726851788686,5.878244628233862,194.9,0.7343,0,0,0,0,0,0,0,0,0,0,0,0,0,0,0,0,0,0,0,0,0,0,0,0,0,0,0,0,0,0,0,0,0,0,0,0,0,0,0,0,0,0,0,0,0,0,0,0,0,0,0,0,0,0,0,0,0,0,0,0,0,0,0,0,0,0,0,0,0,0,0,0,0,0,0,0,0,0,0,0,0.0,0.0,0.0,0.0,0.0,0.0,0.0,0.0,0.0,0.0,0.0,0.0,0.0,0.0,0.0,0.0,0.0,0.0,0.0,0.0,0.0,0.0,0.0,0.0,0.0,0.0,0.0,0.0,0.0,0.0,0.0,0.0,0.0,0.0,0.0,0.0,0.0,0.0,0.0,0.0,0.0,0.0,0.0,0.0,0.0,0.0,0.0,0.0,0.0,0.0,0.0,0.0,0.0,0.0,0.0
295,M8,NC1=C(C=CC=C1)C2=C([Pd]OS(C)(=O)=O)C=CC=C2.CN(C)C3=CC=C(C=C3)P(C(C)(C)C)C(C)(C)C,APhos Pd G3,0.050809520000000004 milligram,0.08000000000000002 micromole,0.05080952000000002 microliter,C29H41N2O3PPdS,BrC1=CC=CN2C=CN=C12,"8-bromoimidazo[1,2-a]pyridine",0.07881400000000001 milligram,0.4 micromole,0.07881400000000002 microliter,C7H5BrN2,CN1N=CC(B(O)O)=C1,(1-methyl-1H-pyrazol-4-yl)boronic acid,0.060443519999999994 milligram,0.48000000000000004 micromole,0.06044352000000001 microliter,C4H7BN2O2,[Na+].[Na+].[O-]C([O-])=O,Na2CO3,0.31796399999999997 milligram,3.0 micromole,0.317964 microliter,CNa2O3,CN1C=NC2=C1C(=O)N(C(=O)N2C)C,caffeine,0.0776764 milligram,0.4 micromole,0.07767640000000002 microliter,C8H10N4O2,C1COCCO1,dioxane,16.2225 milligram,184.12480421310696 micromole,15.75 microliter,C4H8O2,O,water,1.75 milligram,97.1412711629198 micromole,1.75 microliter,H2O,Cn1cc(-c2cccn3ccnc23)cn1,suzuki_product_0,0.0 milligram,0.0 micromole,0 microliter,C11H10N4,c1ccn2ccnc2c1,dehalogenation_0,0.0 milligram,0.0 micromole,0 microliter,C7H6N2,Cn1cccn1,deborylation_0,0.0 milligram,0.0 micromole,0 microliter,C4H6N2,BrC1=CC=CN2C=CN=C12.CN1N=CC(B(O)O)=C1>>Cn1cc(-c2cccn3ccnc23)cn1.c1ccn2ccnc2c1.Cn1cccn1,004_RLN-NB-2443_011_M8,,,,,,,,,,,,,,,,,,,,,6/9/2023 7:55:39 PM,004_rln-nb-2443_011_m8.raw,2min_150_1200.EXP,004_RLN-NB-2443_011_M8,004_RLN-NB-2443_011_M8_004_RLN-NB-2443_011_M8_004_RL,Rxn_Opt_HSST3_2_98,Analog,0.044162752019438166,0,0.19465104952102472,1.0764113494698269,0.6426,4.40758423377577,0.736,0,0,0,False,82.05309820128,1.25,deborylation_0,0,0,0,0,0,176.02428594052927,24.373738054096954,4.40758423377577,195,0.736,0,0,0,0,0,0,0,0,0,0,0,0,0,0,0,0,0,0,0,0,0,0,0,0,0,0,0,0,0,0,0,0,0,0,0,0,0,0,0,0,0,0,0,0,0,0,0,0,0,0,0,0,0,0,0,0,0,0,0,0,0,0,0,0,0,0,0,0,0,0,0,0,0,0,0,0,0,0,0,0,10.173954630714972,1.076411349469827,0.19465104952102472,198.9,0.6426,0.0,0.0,0.0,0.0,0.0,0.0,0.0,0.0,0.0,0.0,0.0,0.0,0.0,0.0,1.766510080777527e-05,4.416275201943817,0.0,0.0,0.0,0.0,0.0,0.0,0.0,0.0,0.0,0.0,0.0,0.0,0.0,0.0,0.0,0.0,0.0,0.0,0.0,0.0,0.0,0.0,0.0,0.0,0.0,0.0,0.0,0.0,0.0,0.0,0.0,0.0,0.0,0.0
296,M9,NC1=C(C=CC=C1)C2=C([Pd]OS(C)(=O)=O)C=CC=C2.CN(C)C3=CC=C(C=C3)P(C(C)(C)C)C(C)(C)C,APhos Pd G3,0.050809520000000004 milligram,0.08000000000000002 micromole,0.05080952000000002 microliter,C29H41N2O3PPdS,BrC1=CC=CN2C=CN=C12,"8-bromoimidazo[1,2-a]pyridine",0.07881400000000001 milligram,0.4 micromole,0.07881400000000002 microliter,C7H5BrN2,OB(C1=CC2=C(NC=C2)C=C1)O,(1H-indol-5-yl)boronic acid,0.07726511999999999 milligram,0.48000000000000004 micromole,0.07726512 microliter,C8H8BNO2,[Na+].[Na+].[O-]C([O-])=O,Na2CO3,0.31796399999999997 milligram,3.0 micromole,0.317964 microliter,CNa2O3,CN1C=NC2=C1C(=O)N(C(=O)N2C)C,caffeine,0.0776764 milligram,0.4 micromole,0.07767640000000002 microliter,C8H10N4O2,C1COCCO1,dioxane,16.2225 milligram,184.12480421310696 micromole,15.75 microliter,C4H8O2,O,water,1.75 milligram,97.1412711629198 micromole,1.75 microliter,H2O,c1cc(-c2ccc3[nH]ccc3c2)c2nccn2c1,suzuki_product_0,0.0 milligram,0.0 micromole,0 microliter,C15H11N3,c1ccn2ccnc2c1,dehalogenation_0,0.0 milligram,0.0 micromole,0 microliter,C7H6N2,c1ccc2[nH]ccc2c1,deborylation_0,0.0 milligram,0.0 micromole,0 microliter,C8H7N,BrC1=CC=CN2C=CN=C12.OB(C1=CC2=C(NC=C2)C=C1)O>>c1cc(-c2ccc3[nH]ccc3c2)c2nccn2c1.c1ccn2ccnc2c1.c1ccc2[nH]ccc2c1,004_RLN-NB-2443_011_M9,,,,,,,,,,,,,,,,,,,,,6/9/2023 7:58:05 PM,004_rln-nb-2443_011_m9.raw,2min_150_1200.EXP,004_RLN-NB-2443_011_M9,004_RLN-NB-2443_011_M9_004_RLN-NB-2443_011_M9_004_RLN-,Rxn_Opt_HSST3_2_98,Analog,0.7515840903232708,0,3.1476616180800994,13.186713804667555,0.7826,4.188036519940476,0.7343,0,0,0,False,117.05784922892,1.25,deborylation_0,0,0,0,0,0,177.519722141501,17.545227439547975,4.188036519940476,194.9,0.7343,0,0,0,0,0,0,0,0,0,0,0,0,0,0,0,0,0,0,0,0,0,0,0,0,0,0,0,0,0,0,0,0,0,0,0,0,0,0,0,0,0,0,0,0,0,0,0,0,0,0,0,0,0,0,0,0,0,0,0,0,0,0,0,0,0,0,0,0,0,0,0,0,0,0,0,0,0,0,0,0,103.91135689776634,13.186713804667555,3.1476616180800994,233.9,0.7826,0.0,0.0,0.0,0.0,0.0,0.0,0.0,0.0,0.0,0.0,0.0,0.0,0.0,0.0,0.0003006336361293083,75.15840903232707,0.0,0.0,0.0,0.0,0.0,0.0,0.0,0.0,0.0,0.0,0.0,0.0,0.0,0.0,0.0,0.0,0.0,0.0,0.0,0.0,0.0,0.0,0.0,0.0,0.0,0.0,0.0,0.0,0.0,0.0,0.0,0.0,0.0,0.0
297,M10,NC1=C(C=CC=C1)C2=C([Pd]OS(C)(=O)=O)C=CC=C2.CN(C)C3=CC=C(C=C3)P(C(C)(C)C)C(C)(C)C,APhos Pd G3,0.050809520000000004 milligram,0.08000000000000002 micromole,0.05080952000000002 microliter,C29H41N2O3PPdS,C1=CC=C(C=C1)OCCC(C2=CC=C(C=C2)Cl)N.Cl,1-(1-amino-3-phenoxypropyl)-4-chlorobenzene hydrochloride,0.11928520000000001 milligram,0.4 micromole,0.11928520000000004 microliter,C15H17Cl2NO,FC1=CN=CC(B(O)O)=C1,(5-fluoropyridin-3-yl)boronic acid,0.06763679999999998 milligram,0.48000000000000004 micromole,0.0676368 microliter,C5H5BFNO2,[Na+].[Na+].[O-]C([O-])=O,Na2CO3,0.31796399999999997 milligram,3.0 micromole,0.317964 microliter,CNa2O3,CN1C=NC2=C1C(=O)N(C(=O)N2C)C,caffeine,0.0776764 milligram,0.4 micromole,0.07767640000000002 microliter,C8H10N4O2,C1COCCO1,dioxane,16.2225 milligram,184.12480421310696 micromole,15.75 microliter,C4H8O2,O,water,1.75 milligram,97.1412711629198 micromole,1.75 microliter,H2O,NC(CCOc1ccccc1)c1ccc(-c2cncc(F)c2)cc1,suzuki_product_0,0.0 milligram,0.0 micromole,0 microliter,C20H19FN2O,NC(CCOc1ccccc1)c1ccccc1,dehalogenation_0,0.0 milligram,0.0 micromole,0 microliter,C15H17NO,Fc1cccnc1,deborylation_0,0.0 milligram,0.0 micromole,0 microliter,C5H4FN,C1=CC=C(C=C1)OCCC(C2=CC=C(C=C2)Cl)N.Cl.FC1=CN=CC(B(O)O)=C1>>NC(CCOc1ccccc1)c1ccc(-c2cncc(F)c2)cc1.NC(CCOc1ccccc1)c1ccccc1.Fc1cccnc1,004_RLN-NB-2443_011_M10,,,,,,,,,,,,,,,,,,,,,6/9/2023 8:00:32 PM,004_rln-nb-2443_011_m10.raw,2min_150_1200.EXP,004_RLN-NB-2443_011_M10,004_RLN-NB-2443_011_M10_004_RLN-NB-2443_011_M,Rxn_Opt_HSST3_2_98,Analog,0,0,0,0,0,4.797704881198138,0.7343,0,0,0,False,97.03277729544,1.25,deborylation_0,0,0,0,0,0,191.8975554772383,16.756095865498377,4.797704881198138,194.9,0.7343,0,0,0,0,0,0,0,0,0,0,0,0,0,0,0,0,0,0,0,0,0,0,0,0,0,0,0,0,0,0,0,0,0,0,0,0,0,0,0,0,0,0,0,0,0,0,0,0,0,0,0,0,0,0,0,0,0,0,0,0,0,0,0,0,0,0,0,0,0,0,0,0,0,0,0,0,0,0,0,0,0.0,0.0,0.0,0.0,0.0,0.0,0.0,0.0,0.0,0.0,0.0,0.0,0.0,0.0,0.0,0.0,0.0,0.0,0.0,0.0,0.0,0.0,0.0,0.0,0.0,0.0,0.0,0.0,0.0,0.0,0.0,0.0,0.0,0.0,0.0,0.0,0.0,0.0,0.0,0.0,0.0,0.0,0.0,0.0,0.0,0.0,0.0,0.0,0.0,0.0,0.0,0.0,0.0,0.0,0.0
298,M11,NC1=C(C=CC=C1)C2=C([Pd]OS(C)(=O)=O)C=CC=C2.CN(C)C3=CC=C(C=C3)P(C(C)(C)C)C(C)(C)C,APhos Pd G3,0.050809520000000004 milligram,0.08000000000000002 micromole,0.05080952000000002 microliter,C29H41N2O3PPdS,C1=CC=C(C=C1)OCCC(C2=CC=C(C=C2)Cl)N.Cl,1-(1-amino-3-phenoxypropyl)-4-chlorobenzene hydrochloride,0.11928520000000001 milligram,0.4 micromole,0.11928520000000004 microliter,C15H17Cl2NO,CN1N=CC(B(O)O)=C1,(1-methyl-1H-pyrazol-4-yl)boronic acid,0.060443519999999994 milligram,0.48000000000000004 micromole,0.06044352000000001 microliter,C4H7BN2O2,[Na+].[Na+].[O-]C([O-])=O,Na2CO3,0.31796399999999997 milligram,3.0 micromole,0.317964 microliter,CNa2O3,CN1C=NC2=C1C(=O)N(C(=O)N2C)C,caffeine,0.0776764 milligram,0.4 micromole,0.07767640000000002 microliter,C8H10N4O2,C1COCCO1,dioxane,16.2225 milligram,184.12480421310696 micromole,15.75 microliter,C4H8O2,O,water,1.75 milligram,97.1412711629198 micromole,1.75 microliter,H2O,Cn1cc(-c2ccc(C(N)CCOc3ccccc3)cc2)cn1,suzuki_product_0,0.0 milligram,0.0 micromole,0 microliter,C19H21N3O,NC(CCOc1ccccc1)c1ccccc1,dehalogenation_0,0.0 milligram,0.0 micromole,0 microliter,C15H17NO,Cn1cccn1,deborylation_0,0.0 milligram,0.0 micromole,0 microliter,C4H6N2,C1=CC=C(C=C1)OCCC(C2=CC=C(C=C2)Cl)N.Cl.CN1N=CC(B(O)O)=C1>>Cn1cc(-c2ccc(C(N)CCOc3ccccc3)cc2)cn1.NC(CCOc1ccccc1)c1ccccc1.Cn1cccn1,004_RLN-NB-2443_011_M11,,,,,,,,,,,,,,,,,,,,,6/9/2023 8:03:00 PM,004_rln-nb-2443_011_m11.raw,2min_150_1200.EXP,004_RLN-NB-2443_011_M11,004_RLN-NB-2443_011_M11_004_RLN-NB-2443_011_M1,Rxn_Opt_HSST3_2_98,Analog,0,0,0,0,0,4.642291953585554,0.736,0,0,0,False,82.05309820128,1.25,deborylation_0,0,0,0,0,0,182.4873311348395,16.33992542981758,4.642291953585554,194.9,0.736,0,0,0,0,0,0,0,0,0,0,0,0,0,0,0,0,0,0,0,0,0,0,0,0,0,0,0,0,0,0,0,0,0,0,0,0,0,0,0,0,0,0,0,0,0,0,0,0,0,0,0,0,0,0,0,0,0,0,0,0,0,0,0,0,0,0,0,0,0,0,0,0,0,0,0,0,0,0,0,0,0.0,0.0,0.0,0.0,0.0,0.0,0.0,0.0,0.0,0.0,0.0,0.0,0.0,0.0,0.0,0.0,0.0,0.0,0.0,0.0,0.0,0.0,0.0,0.0,0.0,0.0,0.0,0.0,0.0,0.0,0.0,0.0,0.0,0.0,0.0,0.0,0.0,0.0,0.0,0.0,0.0,0.0,0.0,0.0,0.0,0.0,0.0,0.0,0.0,0.0,0.0,0.0,0.0,0.0,0.0
299,M12,NC1=C(C=CC=C1)C2=C([Pd]OS(C)(=O)=O)C=CC=C2.CN(C)C3=CC=C(C=C3)P(C(C)(C)C)C(C)(C)C,APhos Pd G3,0.050809520000000004 milligram,0.08000000000000002 micromole,0.05080952000000002 microliter,C29H41N2O3PPdS,C1=CC=C(C=C1)OCCC(C2=CC=C(C=C2)Cl)N.Cl,1-(1-amino-3-phenoxypropyl)-4-chlorobenzene hydrochloride,0.11928520000000001 milligram,0.4 micromole,0.11928520000000004 microliter,C15H17Cl2NO,OB(C1=CC2=C(NC=C2)C=C1)O,(1H-indol-5-yl)boronic acid,0.07726511999999999 milligram,0.48000000000000004 micromole,0.07726512 microliter,C8H8BNO2,[Na+].[Na+].[O-]C([O-])=O,Na2CO3,0.31796399999999997 milligram,3.0 micromole,0.317964 microliter,CNa2O3,CN1C=NC2=C1C(=O)N(C(=O)N2C)C,caffeine,0.0776764 milligram,0.4 micromole,0.07767640000000002 microliter,C8H10N4O2,C1COCCO1,dioxane,16.2225 milligram,184.12480421310696 micromole,15.75 microliter,C4H8O2,O,water,1.75 milligram,97.1412711629198 micromole,1.75 microliter,H2O,NC(CCOc1ccccc1)c1ccc(-c2ccc3[nH]ccc3c2)cc1,suzuki_product_0,0.0 milligram,0.0 micromole,0 microliter,C23H22N2O,NC(CCOc1ccccc1)c1ccccc1,dehalogenation_0,0.0 milligram,0.0 micromole,0 microliter,C15H17NO,c1ccc2[nH]ccc2c1,deborylation_0,0.0 milligram,0.0 micromole,0 microliter,C8H7N,C1=CC=C(C=C1)OCCC(C2=CC=C(C=C2)Cl)N.Cl.OB(C1=CC2=C(NC=C2)C=C1)O>>NC(CCOc1ccccc1)c1ccc(-c2ccc3[nH]ccc3c2)cc1.NC(CCOc1ccccc1)c1ccccc1.c1ccc2[nH]ccc2c1,004_RLN-NB-2443_011_M12,,,,,,,,,,,,,,,,,,,,,6/9/2023 8:05:27 PM,004_rln-nb-2443_011_m12.raw,2min_150_1200.EXP,004_RLN-NB-2443_011_M12,004_RLN-NB-2443_011_M12_004_RLN-NB-2443_011_M12_,Rxn_Opt_HSST3_2_98,Analog,0,0,0,0,0,4.715550397306281,0.7343,0,0,0,False,117.05784922892,1.25,deborylation_0,0,0,0,0,0,199.9878119121546,13.09997655293775,4.715550397306281,194.9,0.7343,0,0,0,0,0,0,0,0,0,0,0,0,0,0,0,0,0,0,0,0,0,0,0,0,0,0,0,0,0,0,0,0,0,0,0,0,0,0,0,0,0,0,0,0,0,0,0,0,0,0,0,0,0,0,0,0,0,0,0,0,0,0,0,0,0,0,0,0,0,0,0,0,0,0,0,0,0,0,0,0,0.0,0.0,0.0,0.0,0.0,0.0,0.0,0.0,0.0,0.0,0.0,0.0,0.0,0.0,0.0,0.0,0.0,0.0,0.0,0.0,0.0,0.0,0.0,0.0,0.0,0.0,0.0,0.0,0.0,0.0,0.0,0.0,0.0,0.0,0.0,0.0,0.0,0.0,0.0,0.0,0.0,0.0,0.0,0.0,0.0,0.0,0.0,0.0,0.0,0.0,0.0,0.0,0.0,0.0,0.0
300,M13,[Fe].Cl[Pd]Cl.[CH]1[CH][CH][C]([CH]1)P(C2CCCCC2)C3CCCCC3.[CH]4[CH][CH][C]([CH]4)P(C5CCCCC5)C6CCCCC6,PdCl2(dcypf),0.06047272000000001 milligram,0.08000000000000002 micromole,0.06047272000000002 microliter,C34H52Cl2FeP2Pd,BrC1=CC=CN2C=CN=C12,"8-bromoimidazo[1,2-a]pyridine",0.07881400000000001 milligram,0.4 micromole,0.07881400000000002 microliter,C7H5BrN2,FC1=CN=CC(B(O)O)=C1,(5-fluoropyridin-3-yl)boronic acid,0.06763679999999998 milligram,0.48000000000000004 micromole,0.0676368 microliter,C5H5BFNO2,[Na+].[Na+].[O-]C([O-])=O,Na2CO3,0.31796399999999997 milligram,3.0 micromole,0.317964 microliter,CNa2O3,CN1C=NC2=C1C(=O)N(C(=O)N2C)C,caffeine,0.0776764 milligram,0.4 micromole,0.07767640000000002 microliter,C8H10N4O2,C1COCCO1,dioxane,16.2225 milligram,184.12480421310696 micromole,15.75 microliter,C4H8O2,O,water,1.75 milligram,97.1412711629198 micromole,1.75 microliter,H2O,Fc1cncc(-c2cccn3ccnc23)c1,suzuki_product_0,0.0 milligram,0.0 micromole,0 microliter,C12H8FN3,c1ccn2ccnc2c1,dehalogenation_0,0.0 milligram,0.0 micromole,0 microliter,C7H6N2,Fc1cccnc1,deborylation_0,0.0 milligram,0.0 micromole,0 microliter,C5H4FN,BrC1=CC=CN2C=CN=C12.FC1=CN=CC(B(O)O)=C1>>Fc1cncc(-c2cccn3ccnc23)c1.c1ccn2ccnc2c1.Fc1cccnc1,004_RLN-NB-2443_011_M13,,,,,,,,,,,,,,,,,,,,,6/9/2023 8:07:54 PM,004_rln-nb-2443_011_m13.raw,2min_150_1200.EXP,004_RLN-NB-2443_011_M13,004_RLN-NB-2443_011_M13_004_RLN-NB-2443_011_M13_004,Rxn_Opt_HSST3_2_98,Analog,0,0,0,0,0,4.804745633726811,0.736,0,0,0,False,97.03277729544,1.25,deborylation_0,0,0,0,0,0,191.70956304727403,57.209783989794104,4.804745633726811,195,0.736,0,0,0,0,0,0,0,0,0,0,0,0,0,0,0,0,0,0,0,0,0,0,0,0,0,0,0,0,0,0,0,0,0,0,0,0,0,0,0,0,0,0,0,0,0,0,0,0,0,0,0,0,0,0,0,0,0,0,0,0,0,0,0,0,0,0,0,0,0,0,0,0,0,0,0,0,0,0,0,0,0.0,0.0,0.0,0.0,0.0,0.0,0.0,0.0,0.0,0.0,0.0,0.0,0.0,0.0,0.0,0.0,0.0,0.0,0.0,0.0,0.0,0.0,0.0,0.0,0.0,0.0,0.0,0.0,0.0,0.0,0.0,0.0,0.0,0.0,0.0,0.0,0.0,0.0,0.0,0.0,0.0,0.0,0.0,0.0,0.0,0.0,0.0,0.0,0.0,0.0,0.0,0.0,0.0,0.0,0.0
301,M14,[Fe].Cl[Pd]Cl.[CH]1[CH][CH][C]([CH]1)P(C2CCCCC2)C3CCCCC3.[CH]4[CH][CH][C]([CH]4)P(C5CCCCC5)C6CCCCC6,PdCl2(dcypf),0.06047272000000001 milligram,0.08000000000000002 micromole,0.06047272000000002 microliter,C34H52Cl2FeP2Pd,BrC1=CC=CN2C=CN=C12,"8-bromoimidazo[1,2-a]pyridine",0.07881400000000001 milligram,0.4 micromole,0.07881400000000002 microliter,C7H5BrN2,CN1N=CC(B(O)O)=C1,(1-methyl-1H-pyrazol-4-yl)boronic acid,0.060443519999999994 milligram,0.48000000000000004 micromole,0.06044352000000001 microliter,C4H7BN2O2,[Na+].[Na+].[O-]C([O-])=O,Na2CO3,0.31796399999999997 milligram,3.0 micromole,0.317964 microliter,CNa2O3,CN1C=NC2=C1C(=O)N(C(=O)N2C)C,caffeine,0.0776764 milligram,0.4 micromole,0.07767640000000002 microliter,C8H10N4O2,C1COCCO1,dioxane,16.2225 milligram,184.12480421310696 micromole,15.75 microliter,C4H8O2,O,water,1.75 milligram,97.1412711629198 micromole,1.75 microliter,H2O,Cn1cc(-c2cccn3ccnc23)cn1,suzuki_product_0,0.0 milligram,0.0 micromole,0 microliter,C11H10N4,c1ccn2ccnc2c1,dehalogenation_0,0.0 milligram,0.0 micromole,0 microliter,C7H6N2,Cn1cccn1,deborylation_0,0.0 milligram,0.0 micromole,0 microliter,C4H6N2,BrC1=CC=CN2C=CN=C12.CN1N=CC(B(O)O)=C1>>Cn1cc(-c2cccn3ccnc23)cn1.c1ccn2ccnc2c1.Cn1cccn1,004_RLN-NB-2443_011_M14,,,,,,,,,,,,,,,,,,,,,6/9/2023 8:10:21 PM,004_rln-nb-2443_011_m14.raw,2min_150_1200.EXP,004_RLN-NB-2443_011_M14,004_RLN-NB-2443_011_M14_004_RLN-NB-2443_011_M14_004,Rxn_Opt_HSST3_2_98,Analog,0,0,0,0,0,4.893677222512907,0.736,0,0,0,False,82.05309820128,1.25,deborylation_0,0,0,0,0,0,191.4878369375551,84.70928798912713,4.893677222512907,194.9,0.736,0,0,0,0,0,0,0,0,0,0,0,0,0,0,0,0,0,0,0,0,0,0,0,0,0,0,0,0,0,0,0,0,0,0,0,0,0,0,0,0,0,0,0,0,0,0,0,0,0,0,0,0,0,0,0,0,0,0,0,0,0,0,0,0,0,0,0,0,0,0,0,0,0,0,0,0,0,0,0,0,0.0,0.0,0.0,0.0,0.0,0.0,0.0,0.0,0.0,0.0,0.0,0.0,0.0,0.0,0.0,0.0,0.0,0.0,0.0,0.0,0.0,0.0,0.0,0.0,0.0,0.0,0.0,0.0,0.0,0.0,0.0,0.0,0.0,0.0,0.0,0.0,0.0,0.0,0.0,0.0,0.0,0.0,0.0,0.0,0.0,0.0,0.0,0.0,0.0,0.0,0.0,0.0,0.0,0.0,0.0
302,M15,[Fe].Cl[Pd]Cl.[CH]1[CH][CH][C]([CH]1)P(C2CCCCC2)C3CCCCC3.[CH]4[CH][CH][C]([CH]4)P(C5CCCCC5)C6CCCCC6,PdCl2(dcypf),0.06047272000000001 milligram,0.08000000000000002 micromole,0.06047272000000002 microliter,C34H52Cl2FeP2Pd,BrC1=CC=CN2C=CN=C12,"8-bromoimidazo[1,2-a]pyridine",0.07881400000000001 milligram,0.4 micromole,0.07881400000000002 microliter,C7H5BrN2,OB(C1=CC2=C(NC=C2)C=C1)O,(1H-indol-5-yl)boronic acid,0.07726511999999999 milligram,0.48000000000000004 micromole,0.07726512 microliter,C8H8BNO2,[Na+].[Na+].[O-]C([O-])=O,Na2CO3,0.31796399999999997 milligram,3.0 micromole,0.317964 microliter,CNa2O3,CN1C=NC2=C1C(=O)N(C(=O)N2C)C,caffeine,0.0776764 milligram,0.4 micromole,0.07767640000000002 microliter,C8H10N4O2,C1COCCO1,dioxane,16.2225 milligram,184.12480421310696 micromole,15.75 microliter,C4H8O2,O,water,1.75 milligram,97.1412711629198 micromole,1.75 microliter,H2O,c1cc(-c2ccc3[nH]ccc3c2)c2nccn2c1,suzuki_product_0,0.0 milligram,0.0 micromole,0 microliter,C15H11N3,c1ccn2ccnc2c1,dehalogenation_0,0.0 milligram,0.0 micromole,0 microliter,C7H6N2,c1ccc2[nH]ccc2c1,deborylation_0,0.0 milligram,0.0 micromole,0 microliter,C8H7N,BrC1=CC=CN2C=CN=C12.OB(C1=CC2=C(NC=C2)C=C1)O>>c1cc(-c2ccc3[nH]ccc3c2)c2nccn2c1.c1ccn2ccnc2c1.c1ccc2[nH]ccc2c1,004_RLN-NB-2443_011_M15,,,,,,,,,,,,,,,,,,,,,6/9/2023 8:12:48 PM,004_rln-nb-2443_011_m15.raw,2min_150_1200.EXP,004_RLN-NB-2443_011_M15,004_RLN-NB-2443_011_M15_004_RLN-NB-2443_011_M15_004_R,Rxn_Opt_HSST3_2_98,Analog,1.2235181016157297,0,5.412342247219738,46.14155281424493,0.766,4.423589843151819,0.7343,0,0,0,False,117.05784922892,1.25,deborylation_0,0,0,0,0,0,208.14568803378538,37.7121946567952,4.423589843151819,194.9,0.7343,0,0,0,0,0,0,0,0,0,0,0,0,0,0,0,0,0,0,0,0,0,0,0,0,0,0,0,0,0,0,0,0,0,0,0,0,0,0,0,0,0,0,0,0,0,0,0,0,0,0,0,0,0,0,0,0,0,0,0,0,0,0,0,0,0,0,0,0,0,0,0,0,0,0,0,0,0,0,0,0,152.7241318114809,46.14155281424493,5.412342247219738,234.0,0.766,0.0,0.0,0.0,0.0,0.0,0.0,0.0,0.0,0.0,0.0,0.0,0.0,0.0,0.0,0.0004894072406462919,122.35181016157297,0.0,0.0,0.0,0.0,0.0,0.0,0.0,0.0,0.0,0.0,0.0,0.0,0.0,0.0,0.0,0.0,0.0,0.0,0.0,0.0,0.0,0.0,0.0,0.0,0.0,0.0,0.0,0.0,0.0,0.0,0.0,0.0,0.0,0.0
303,M16,[Fe].Cl[Pd]Cl.[CH]1[CH][CH][C]([CH]1)P(C2CCCCC2)C3CCCCC3.[CH]4[CH][CH][C]([CH]4)P(C5CCCCC5)C6CCCCC6,PdCl2(dcypf),0.06047272000000001 milligram,0.08000000000000002 micromole,0.06047272000000002 microliter,C34H52Cl2FeP2Pd,C1=CC=C(C=C1)OCCC(C2=CC=C(C=C2)Cl)N.Cl,1-(1-amino-3-phenoxypropyl)-4-chlorobenzene hydrochloride,0.11928520000000001 milligram,0.4 micromole,0.11928520000000004 microliter,C15H17Cl2NO,FC1=CN=CC(B(O)O)=C1,(5-fluoropyridin-3-yl)boronic acid,0.06763679999999998 milligram,0.48000000000000004 micromole,0.0676368 microliter,C5H5BFNO2,[Na+].[Na+].[O-]C([O-])=O,Na2CO3,0.31796399999999997 milligram,3.0 micromole,0.317964 microliter,CNa2O3,CN1C=NC2=C1C(=O)N(C(=O)N2C)C,caffeine,0.0776764 milligram,0.4 micromole,0.07767640000000002 microliter,C8H10N4O2,C1COCCO1,dioxane,16.2225 milligram,184.12480421310696 micromole,15.75 microliter,C4H8O2,O,water,1.75 milligram,97.1412711629198 micromole,1.75 microliter,H2O,NC(CCOc1ccccc1)c1ccc(-c2cncc(F)c2)cc1,suzuki_product_0,0.0 milligram,0.0 micromole,0 microliter,C20H19FN2O,NC(CCOc1ccccc1)c1ccccc1,dehalogenation_0,0.0 milligram,0.0 micromole,0 microliter,C15H17NO,Fc1cccnc1,deborylation_0,0.0 milligram,0.0 micromole,0 microliter,C5H4FN,C1=CC=C(C=C1)OCCC(C2=CC=C(C=C2)Cl)N.Cl.FC1=CN=CC(B(O)O)=C1>>NC(CCOc1ccccc1)c1ccc(-c2cncc(F)c2)cc1.NC(CCOc1ccccc1)c1ccccc1.Fc1cccnc1,004_RLN-NB-2443_011_M16,,,,,,,,,,,,,,,,,,,,,6/9/2023 8:15:15 PM,004_rln-nb-2443_011_m16.raw,2min_150_1200.EXP,004_RLN-NB-2443_011_M16,004_RLN-NB-2443_011_M16_004_RLN-NB-2443_011_,Rxn_Opt_HSST3_2_98,Analog,0,0,0,0,0,5.142810358753852,0.736,0,0,0,False,97.03277729544,1.25,deborylation_0,0,0,0,0,0,194.10628470209392,23.280288263642866,5.142810358753852,194.9,0.736,0,0,0,0,0,0,0,0,0,0,0,0,0,0,0,0,0,0,0,0,0,0,0,0,0,0,0,0,0,0,0,0,0,0,0,0,0,0,0,0,0,0,0,0,0,0,0,0,0,0,0,0,0,0,0,0,0,0,0,0,0,0,0,0,0,0,0,0,0,0,0,0,0,0,0,0,0,0,0,0,0.0,0.0,0.0,0.0,0.0,0.0,0.0,0.0,0.0,0.0,0.0,0.0,0.0,0.0,0.0,0.0,0.0,0.0,0.0,0.0,0.0,0.0,0.0,0.0,0.0,0.0,0.0,0.0,0.0,0.0,0.0,0.0,0.0,0.0,0.0,0.0,0.0,0.0,0.0,0.0,0.0,0.0,0.0,0.0,0.0,0.0,0.0,0.0,0.0,0.0,0.0,0.0,0.0,0.0,0.0
304,M17,[Fe].Cl[Pd]Cl.[CH]1[CH][CH][C]([CH]1)P(C2CCCCC2)C3CCCCC3.[CH]4[CH][CH][C]([CH]4)P(C5CCCCC5)C6CCCCC6,PdCl2(dcypf),0.06047272000000001 milligram,0.08000000000000002 micromole,0.06047272000000002 microliter,C34H52Cl2FeP2Pd,C1=CC=C(C=C1)OCCC(C2=CC=C(C=C2)Cl)N.Cl,1-(1-amino-3-phenoxypropyl)-4-chlorobenzene hydrochloride,0.11928520000000001 milligram,0.4 micromole,0.11928520000000004 microliter,C15H17Cl2NO,CN1N=CC(B(O)O)=C1,(1-methyl-1H-pyrazol-4-yl)boronic acid,0.060443519999999994 milligram,0.48000000000000004 micromole,0.06044352000000001 microliter,C4H7BN2O2,[Na+].[Na+].[O-]C([O-])=O,Na2CO3,0.31796399999999997 milligram,3.0 micromole,0.317964 microliter,CNa2O3,CN1C=NC2=C1C(=O)N(C(=O)N2C)C,caffeine,0.0776764 milligram,0.4 micromole,0.07767640000000002 microliter,C8H10N4O2,C1COCCO1,dioxane,16.2225 milligram,184.12480421310696 micromole,15.75 microliter,C4H8O2,O,water,1.75 milligram,97.1412711629198 micromole,1.75 microliter,H2O,Cn1cc(-c2ccc(C(N)CCOc3ccccc3)cc2)cn1,suzuki_product_0,0.0 milligram,0.0 micromole,0 microliter,C19H21N3O,NC(CCOc1ccccc1)c1ccccc1,dehalogenation_0,0.0 milligram,0.0 micromole,0 microliter,C15H17NO,Cn1cccn1,deborylation_0,0.0 milligram,0.0 micromole,0 microliter,C4H6N2,C1=CC=C(C=C1)OCCC(C2=CC=C(C=C2)Cl)N.Cl.CN1N=CC(B(O)O)=C1>>Cn1cc(-c2ccc(C(N)CCOc3ccccc3)cc2)cn1.NC(CCOc1ccccc1)c1ccccc1.Cn1cccn1,004_RLN-NB-2443_011_M17,,,,,,,,,,,,,,,,,,,,,6/9/2023 8:17:42 PM,004_rln-nb-2443_011_m17.raw,2min_150_1200.EXP,004_RLN-NB-2443_011_M17,004_RLN-NB-2443_011_M17_004_RLN-NB-2443_011_M,Rxn_Opt_HSST3_2_98,Analog,0,0,0,0,0,5.127518412560513,0.736,0,0,0,False,82.05309820128,1.25,deborylation_0,0,0,0,0,0,204.35351139483174,22.39620022487763,5.127518412560513,195,0.736,0,0,0,0,0,0,0,0,0,0,0,0,0,0,0,0,0,0,0,0,0,0,0,0,0,0,0,0,0,0,0,0,0,0,0,0,0,0,0,0,0,0,0,0,0,0,0,0,0,0,0,0,0,0,0,0,0,0,0,0,0,0,0,0,0,0,0,0,0,0,0,0,0,0,0,0,0,0,0,0,0.0,0.0,0.0,0.0,0.0,0.0,0.0,0.0,0.0,0.0,0.0,0.0,0.0,0.0,0.0,0.0,0.0,0.0,0.0,0.0,0.0,0.0,0.0,0.0,0.0,0.0,0.0,0.0,0.0,0.0,0.0,0.0,0.0,0.0,0.0,0.0,0.0,0.0,0.0,0.0,0.0,0.0,0.0,0.0,0.0,0.0,0.0,0.0,0.0,0.0,0.0,0.0,0.0,0.0,0.0
305,M18,[Fe].Cl[Pd]Cl.[CH]1[CH][CH][C]([CH]1)P(C2CCCCC2)C3CCCCC3.[CH]4[CH][CH][C]([CH]4)P(C5CCCCC5)C6CCCCC6,PdCl2(dcypf),0.06047272000000001 milligram,0.08000000000000002 micromole,0.06047272000000002 microliter,C34H52Cl2FeP2Pd,C1=CC=C(C=C1)OCCC(C2=CC=C(C=C2)Cl)N.Cl,1-(1-amino-3-phenoxypropyl)-4-chlorobenzene hydrochloride,0.11928520000000001 milligram,0.4 micromole,0.11928520000000004 microliter,C15H17Cl2NO,OB(C1=CC2=C(NC=C2)C=C1)O,(1H-indol-5-yl)boronic acid,0.07726511999999999 milligram,0.48000000000000004 micromole,0.07726512 microliter,C8H8BNO2,[Na+].[Na+].[O-]C([O-])=O,Na2CO3,0.31796399999999997 milligram,3.0 micromole,0.317964 microliter,CNa2O3,CN1C=NC2=C1C(=O)N(C(=O)N2C)C,caffeine,0.0776764 milligram,0.4 micromole,0.07767640000000002 microliter,C8H10N4O2,C1COCCO1,dioxane,16.2225 milligram,184.12480421310696 micromole,15.75 microliter,C4H8O2,O,water,1.75 milligram,97.1412711629198 micromole,1.75 microliter,H2O,NC(CCOc1ccccc1)c1ccc(-c2ccc3[nH]ccc3c2)cc1,suzuki_product_0,0.0 milligram,0.0 micromole,0 microliter,C23H22N2O,NC(CCOc1ccccc1)c1ccccc1,dehalogenation_0,0.0 milligram,0.0 micromole,0 microliter,C15H17NO,c1ccc2[nH]ccc2c1,deborylation_0,0.0 milligram,0.0 micromole,0 microliter,C8H7N,C1=CC=C(C=C1)OCCC(C2=CC=C(C=C2)Cl)N.Cl.OB(C1=CC2=C(NC=C2)C=C1)O>>NC(CCOc1ccccc1)c1ccc(-c2ccc3[nH]ccc3c2)cc1.NC(CCOc1ccccc1)c1ccccc1.c1ccc2[nH]ccc2c1,004_RLN-NB-2443_011_M18,,,,,,,,,,,,,,,,,,,,,6/9/2023 8:20:10 PM,004_rln-nb-2443_011_m18.raw,2min_150_1200.EXP,004_RLN-NB-2443_011_M18,004_RLN-NB-2443_011_M18_004_RLN-NB-2443_011_M18,Rxn_Opt_HSST3_2_98,Analog,0,0,0,0,0,4.439209319320509,0.736,0,0,0,False,117.05784922892,1.25,deborylation_0,0,0,0,0,0,194.53646699241406,17.396176900282455,4.439209319320509,195,0.736,0,0,0,0,0,0,0,0,0,0,0,0,0,0,0,0,0,0,0,0,0,0,0,0,0,0,0,0,0,0,0,0,0,0,0,0,0,0,0,0,0,0,0,0,0,0,0,0,0,0,0,0,0,0,0,0,0,0,0,0,0,0,0,0,0,0,0,0,0,0,0,0,0,0,0,0,0,0,0,0,0.0,0.0,0.0,0.0,0.0,0.0,0.0,0.0,0.0,0.0,0.0,0.0,0.0,0.0,0.0,0.0,0.0,0.0,0.0,0.0,0.0,0.0,0.0,0.0,0.0,0.0,0.0,0.0,0.0,0.0,0.0,0.0,0.0,0.0,0.0,0.0,0.0,0.0,0.0,0.0,0.0,0.0,0.0,0.0,0.0,0.0,0.0,0.0,0.0,0.0,0.0,0.0,0.0,0.0,0.0
306,M19,COC1=CC=C(C(P(C(C)(C)C)C(C)(C)C)=C1C2=C(C=C(C=C2C(C)C)C(C)C)C(C)C)OC.NC3=C(C=CC=C3)C4=C(C=CC=C4)[Pd]OS(C)(=O)=O,tBuBrettPhos Pd G3,0.06835544000000003 milligram,0.08000000000000002 micromole,0.06835544000000005 microliter,C44H62NO5PPdS,BrC1=CC=CN2C=CN=C12,"8-bromoimidazo[1,2-a]pyridine",0.07881400000000001 milligram,0.4 micromole,0.07881400000000002 microliter,C7H5BrN2,FC1=CN=CC(B(O)O)=C1,(5-fluoropyridin-3-yl)boronic acid,0.06763679999999998 milligram,0.48000000000000004 micromole,0.0676368 microliter,C5H5BFNO2,[Na+].[Na+].[O-]C([O-])=O,Na2CO3,0.31796399999999997 milligram,3.0 micromole,0.317964 microliter,CNa2O3,CN1C=NC2=C1C(=O)N(C(=O)N2C)C,caffeine,0.0776764 milligram,0.4 micromole,0.07767640000000002 microliter,C8H10N4O2,C1COCCO1,dioxane,16.2225 milligram,184.12480421310696 micromole,15.75 microliter,C4H8O2,O,water,1.75 milligram,97.1412711629198 micromole,1.75 microliter,H2O,Fc1cncc(-c2cccn3ccnc23)c1,suzuki_product_0,0.0 milligram,0.0 micromole,0 microliter,C12H8FN3,c1ccn2ccnc2c1,dehalogenation_0,0.0 milligram,0.0 micromole,0 microliter,C7H6N2,Fc1cccnc1,deborylation_0,0.0 milligram,0.0 micromole,0 microliter,C5H4FN,BrC1=CC=CN2C=CN=C12.FC1=CN=CC(B(O)O)=C1>>Fc1cncc(-c2cccn3ccnc23)c1.c1ccn2ccnc2c1.Fc1cccnc1,004_RLN-NB-2443_011_M19,,,,,,,,,,,,,,,,,,,,,6/9/2023 8:22:37 PM,004_rln-nb-2443_011_m19.raw,2min_150_1200.EXP,004_RLN-NB-2443_011_M19,004_RLN-NB-2443_011_M19_004_RLN-NB-2443_011_M19_004_R,Rxn_Opt_HSST3_2_98,Analog,0,0,0,0,0,4.474692684571605,0.736,0,0,0,False,97.03277729544,1.25,deborylation_0,0,0,0,0,0,174.91423963058398,28.75868555824065,4.474692684571605,194.9,0.736,0,0,0,0,0,0,0,0,0,0,0,0,0,0,0,0,0,0,0,0,0,0,0,0,0,0,0,0,0,0,0,0,0,0,0,0,0,0,0,0,0,0,0,0,0,0,0,0,0,0,0,0,0,0,0,0,0,0,0,0,0,0,0,0,0,0,0,0,0,0,0,0,0,0,0,0,0,0,0,0,0.0,0.0,0.0,0.0,0.0,0.0,0.0,0.0,0.0,0.0,0.0,0.0,0.0,0.0,0.0,0.0,0.0,0.0,0.0,0.0,0.0,0.0,0.0,0.0,0.0,0.0,0.0,0.0,0.0,0.0,0.0,0.0,0.0,0.0,0.0,0.0,0.0,0.0,0.0,0.0,0.0,0.0,0.0,0.0,0.0,0.0,0.0,0.0,0.0,0.0,0.0,0.0,0.0,0.0,0.0
307,M20,COC1=CC=C(C(P(C(C)(C)C)C(C)(C)C)=C1C2=C(C=C(C=C2C(C)C)C(C)C)C(C)C)OC.NC3=C(C=CC=C3)C4=C(C=CC=C4)[Pd]OS(C)(=O)=O,tBuBrettPhos Pd G3,0.06835544000000003 milligram,0.08000000000000002 micromole,0.06835544000000005 microliter,C44H62NO5PPdS,BrC1=CC=CN2C=CN=C12,"8-bromoimidazo[1,2-a]pyridine",0.07881400000000001 milligram,0.4 micromole,0.07881400000000002 microliter,C7H5BrN2,CN1N=CC(B(O)O)=C1,(1-methyl-1H-pyrazol-4-yl)boronic acid,0.060443519999999994 milligram,0.48000000000000004 micromole,0.06044352000000001 microliter,C4H7BN2O2,[Na+].[Na+].[O-]C([O-])=O,Na2CO3,0.31796399999999997 milligram,3.0 micromole,0.317964 microliter,CNa2O3,CN1C=NC2=C1C(=O)N(C(=O)N2C)C,caffeine,0.0776764 milligram,0.4 micromole,0.07767640000000002 microliter,C8H10N4O2,C1COCCO1,dioxane,16.2225 milligram,184.12480421310696 micromole,15.75 microliter,C4H8O2,O,water,1.75 milligram,97.1412711629198 micromole,1.75 microliter,H2O,Cn1cc(-c2cccn3ccnc23)cn1,suzuki_product_0,0.0 milligram,0.0 micromole,0 microliter,C11H10N4,c1ccn2ccnc2c1,dehalogenation_0,0.0 milligram,0.0 micromole,0 microliter,C7H6N2,Cn1cccn1,deborylation_0,0.0 milligram,0.0 micromole,0 microliter,C4H6N2,BrC1=CC=CN2C=CN=C12.CN1N=CC(B(O)O)=C1>>Cn1cc(-c2cccn3ccnc23)cn1.c1ccn2ccnc2c1.Cn1cccn1,004_RLN-NB-2443_011_M20,,,,,,,,,,,,,,,,,,,,,6/9/2023 8:25:04 PM,004_rln-nb-2443_011_m20.raw,2min_150_1200.EXP,004_RLN-NB-2443_011_M20,004_RLN-NB-2443_011_M20_004_RLN-NB-2443_011_M20_004_R,Rxn_Opt_HSST3_2_98,Analog,0,0,0,0,0,4.668067747627888,0.736,0,0,0,False,82.05309820128,1.25,deborylation_0,0,0,0,0,0,177.2991534264494,28.49423351559742,4.668067747627888,194.9,0.736,0,0,0,0,0,0,0,0,0,0,0,0,0,0,0,0,0,0,0,0,0,0,0,0,0,0,0,0,0,0,0,0,0,0,0,0,0,0,0,0,0,0,0,0,0,0,0,0,0,0,0,0,0,0,0,0,0,0,0,0,0,0,0,0,0,0,0,0,0,0,0,0,0,0,0,0,0,0,0,0,0.0,0.0,0.0,0.0,0.0,0.0,0.0,0.0,0.0,0.0,0.0,0.0,0.0,0.0,0.0,0.0,0.0,0.0,0.0,0.0,0.0,0.0,0.0,0.0,0.0,0.0,0.0,0.0,0.0,0.0,0.0,0.0,0.0,0.0,0.0,0.0,0.0,0.0,0.0,0.0,0.0,0.0,0.0,0.0,0.0,0.0,0.0,0.0,0.0,0.0,0.0,0.0,0.0,0.0,0.0
308,M21,COC1=CC=C(C(P(C(C)(C)C)C(C)(C)C)=C1C2=C(C=C(C=C2C(C)C)C(C)C)C(C)C)OC.NC3=C(C=CC=C3)C4=C(C=CC=C4)[Pd]OS(C)(=O)=O,tBuBrettPhos Pd G3,0.06835544000000003 milligram,0.08000000000000002 micromole,0.06835544000000005 microliter,C44H62NO5PPdS,BrC1=CC=CN2C=CN=C12,"8-bromoimidazo[1,2-a]pyridine",0.07881400000000001 milligram,0.4 micromole,0.07881400000000002 microliter,C7H5BrN2,OB(C1=CC2=C(NC=C2)C=C1)O,(1H-indol-5-yl)boronic acid,0.07726511999999999 milligram,0.48000000000000004 micromole,0.07726512 microliter,C8H8BNO2,[Na+].[Na+].[O-]C([O-])=O,Na2CO3,0.31796399999999997 milligram,3.0 micromole,0.317964 microliter,CNa2O3,CN1C=NC2=C1C(=O)N(C(=O)N2C)C,caffeine,0.0776764 milligram,0.4 micromole,0.07767640000000002 microliter,C8H10N4O2,C1COCCO1,dioxane,16.2225 milligram,184.12480421310696 micromole,15.75 microliter,C4H8O2,O,water,1.75 milligram,97.1412711629198 micromole,1.75 microliter,H2O,c1cc(-c2ccc3[nH]ccc3c2)c2nccn2c1,suzuki_product_0,0.0 milligram,0.0 micromole,0 microliter,C15H11N3,c1ccn2ccnc2c1,dehalogenation_0,0.0 milligram,0.0 micromole,0 microliter,C7H6N2,c1ccc2[nH]ccc2c1,deborylation_0,0.0 milligram,0.0 micromole,0 microliter,C8H7N,BrC1=CC=CN2C=CN=C12.OB(C1=CC2=C(NC=C2)C=C1)O>>c1cc(-c2ccc3[nH]ccc3c2)c2nccn2c1.c1ccn2ccnc2c1.c1ccc2[nH]ccc2c1,004_RLN-NB-2443_011_M21,,,,,,,,,,,,,,,,,,,,,6/9/2023 8:27:31 PM,004_rln-nb-2443_011_m21.raw,2min_150_1200.EXP,004_RLN-NB-2443_011_M21,004_RLN-NB-2443_011_M21_004_RLN-NB-2443_011_M21_004_RLN,Rxn_Opt_HSST3_2_98,Analog,0.09190174025952126,0,0.45337897977224073,2.476798767709568,0.7826,4.933301355251208,0.736,0,0,0,False,117.05784922892,1.25,deborylation_0,0,0,0,0,0,195.12261590110208,26.95050997636538,4.933301355251208,195,0.736,0,0,0,0,0,0,0,0,0,0,0,0,0,0,0,0,0,0,0,0,0,0,0,0,0,0,0,0,0,0,0,0,0,0,0,0,0,0,0,0,0,0,0,0,0,0,0,0,0,0,0,0,0,0,0,0,0,0,0,0,0,0,0,0,0,0,0,0,0,0,0,0,0,0,0,0,0,0,0,0,19.52371018322279,2.4767987677095675,0.45337897977224073,195.0,0.7826,0.0,0.0,0.0,0.0,0.0,0.0,0.0,0.0,0.0,0.0,0.0,0.0,0.0,0.0,3.676069610380851e-05,9.190174025952127,0.0,0.0,0.0,0.0,0.0,0.0,0.0,0.0,0.0,0.0,0.0,0.0,0.0,0.0,0.0,0.0,0.0,0.0,0.0,0.0,0.0,0.0,0.0,0.0,0.0,0.0,0.0,0.0,0.0,0.0,0.0,0.0,0.0,0.0
309,M22,COC1=CC=C(C(P(C(C)(C)C)C(C)(C)C)=C1C2=C(C=C(C=C2C(C)C)C(C)C)C(C)C)OC.NC3=C(C=CC=C3)C4=C(C=CC=C4)[Pd]OS(C)(=O)=O,tBuBrettPhos Pd G3,0.06835544000000003 milligram,0.08000000000000002 micromole,0.06835544000000005 microliter,C44H62NO5PPdS,C1=CC=C(C=C1)OCCC(C2=CC=C(C=C2)Cl)N.Cl,1-(1-amino-3-phenoxypropyl)-4-chlorobenzene hydrochloride,0.11928520000000001 milligram,0.4 micromole,0.11928520000000004 microliter,C15H17Cl2NO,FC1=CN=CC(B(O)O)=C1,(5-fluoropyridin-3-yl)boronic acid,0.06763679999999998 milligram,0.48000000000000004 micromole,0.0676368 microliter,C5H5BFNO2,[Na+].[Na+].[O-]C([O-])=O,Na2CO3,0.31796399999999997 milligram,3.0 micromole,0.317964 microliter,CNa2O3,CN1C=NC2=C1C(=O)N(C(=O)N2C)C,caffeine,0.0776764 milligram,0.4 micromole,0.07767640000000002 microliter,C8H10N4O2,C1COCCO1,dioxane,16.2225 milligram,184.12480421310696 micromole,15.75 microliter,C4H8O2,O,water,1.75 milligram,97.1412711629198 micromole,1.75 microliter,H2O,NC(CCOc1ccccc1)c1ccc(-c2cncc(F)c2)cc1,suzuki_product_0,0.0 milligram,0.0 micromole,0 microliter,C20H19FN2O,NC(CCOc1ccccc1)c1ccccc1,dehalogenation_0,0.0 milligram,0.0 micromole,0 microliter,C15H17NO,Fc1cccnc1,deborylation_0,0.0 milligram,0.0 micromole,0 microliter,C5H4FN,C1=CC=C(C=C1)OCCC(C2=CC=C(C=C2)Cl)N.Cl.FC1=CN=CC(B(O)O)=C1>>NC(CCOc1ccccc1)c1ccc(-c2cncc(F)c2)cc1.NC(CCOc1ccccc1)c1ccccc1.Fc1cccnc1,004_RLN-NB-2443_011_M22,,,,,,,,,,,,,,,,,,,,,6/9/2023 8:29:58 PM,004_rln-nb-2443_011_m22.raw,2min_150_1200.EXP,004_RLN-NB-2443_011_M22,004_RLN-NB-2443_011_M22_004_RLN-NB-2443_011_M2,Rxn_Opt_HSST3_2_98,Analog,0,0,0,0,0,4.168844135481775,0.736,0,0,0,False,97.03277729544,1.25,deborylation_0,0,0,0,0,0,167.4320311792427,16.904248868387537,4.168844135481775,194.9,0.736,0,0,0,0,0,0,0,0,0,0,0,0,0,0,0,0,0,0,0,0,0,0,0,0,0,0,0,0,0,0,0,0,0,0,0,0,0,0,0,0,0,0,0,0,0,0,0,0,0,0,0,0,0,0,0,0,0,0,0,0,0,0,0,0,0,0,0,0,0,0,0,0,0,0,0,0,0,0,0,0,0.0,0.0,0.0,0.0,0.0,0.0,0.0,0.0,0.0,0.0,0.0,0.0,0.0,0.0,0.0,0.0,0.0,0.0,0.0,0.0,0.0,0.0,0.0,0.0,0.0,0.0,0.0,0.0,0.0,0.0,0.0,0.0,0.0,0.0,0.0,0.0,0.0,0.0,0.0,0.0,0.0,0.0,0.0,0.0,0.0,0.0,0.0,0.0,0.0,0.0,0.0,0.0,0.0,0.0,0.0
310,M23,COC1=CC=C(C(P(C(C)(C)C)C(C)(C)C)=C1C2=C(C=C(C=C2C(C)C)C(C)C)C(C)C)OC.NC3=C(C=CC=C3)C4=C(C=CC=C4)[Pd]OS(C)(=O)=O,tBuBrettPhos Pd G3,0.06835544000000003 milligram,0.08000000000000002 micromole,0.06835544000000005 microliter,C44H62NO5PPdS,C1=CC=C(C=C1)OCCC(C2=CC=C(C=C2)Cl)N.Cl,1-(1-amino-3-phenoxypropyl)-4-chlorobenzene hydrochloride,0.11928520000000001 milligram,0.4 micromole,0.11928520000000004 microliter,C15H17Cl2NO,CN1N=CC(B(O)O)=C1,(1-methyl-1H-pyrazol-4-yl)boronic acid,0.060443519999999994 milligram,0.48000000000000004 micromole,0.06044352000000001 microliter,C4H7BN2O2,[Na+].[Na+].[O-]C([O-])=O,Na2CO3,0.31796399999999997 milligram,3.0 micromole,0.317964 microliter,CNa2O3,CN1C=NC2=C1C(=O)N(C(=O)N2C)C,caffeine,0.0776764 milligram,0.4 micromole,0.07767640000000002 microliter,C8H10N4O2,C1COCCO1,dioxane,16.2225 milligram,184.12480421310696 micromole,15.75 microliter,C4H8O2,O,water,1.75 milligram,97.1412711629198 micromole,1.75 microliter,H2O,Cn1cc(-c2ccc(C(N)CCOc3ccccc3)cc2)cn1,suzuki_product_0,0.0 milligram,0.0 micromole,0 microliter,C19H21N3O,NC(CCOc1ccccc1)c1ccccc1,dehalogenation_0,0.0 milligram,0.0 micromole,0 microliter,C15H17NO,Cn1cccn1,deborylation_0,0.0 milligram,0.0 micromole,0 microliter,C4H6N2,C1=CC=C(C=C1)OCCC(C2=CC=C(C=C2)Cl)N.Cl.CN1N=CC(B(O)O)=C1>>Cn1cc(-c2ccc(C(N)CCOc3ccccc3)cc2)cn1.NC(CCOc1ccccc1)c1ccccc1.Cn1cccn1,004_RLN-NB-2443_011_M23,,,,,,,,,,,,,,,,,,,,,6/9/2023 8:32:25 PM,004_rln-nb-2443_011_m23.raw,2min_150_1200.EXP,004_RLN-NB-2443_011_M23,004_RLN-NB-2443_011_M23_004_RLN-NB-2443_011_M23,Rxn_Opt_HSST3_2_98,Analog,0,0,0,0,0,4.665116498718279,0.7376,0,0,0,False,82.05309820128,1.25,deborylation_0,0,0,0,0,0,184.1631134852429,16.26745323022722,4.665116498718279,194.9,0.7376,0,0,0,0,0,0,0,0,0,0,0,0,0,0,0,0,0,0,0,0,0,0,0,0,0,0,0,0,0,0,0,0,0,0,0,0,0,0,0,0,0,0,0,0,0,0,0,0,0,0,0,0,0,0,0,0,0,0,0,0,0,0,0,0,0,0,0,0,0,0,0,0,0,0,0,0,0,0,0,0,0.0,0.0,0.0,0.0,0.0,0.0,0.0,0.0,0.0,0.0,0.0,0.0,0.0,0.0,0.0,0.0,0.0,0.0,0.0,0.0,0.0,0.0,0.0,0.0,0.0,0.0,0.0,0.0,0.0,0.0,0.0,0.0,0.0,0.0,0.0,0.0,0.0,0.0,0.0,0.0,0.0,0.0,0.0,0.0,0.0,0.0,0.0,0.0,0.0,0.0,0.0,0.0,0.0,0.0,0.0
311,M24,COC1=CC=C(C(P(C(C)(C)C)C(C)(C)C)=C1C2=C(C=C(C=C2C(C)C)C(C)C)C(C)C)OC.NC3=C(C=CC=C3)C4=C(C=CC=C4)[Pd]OS(C)(=O)=O,tBuBrettPhos Pd G3,0.06835544000000003 milligram,0.08000000000000002 micromole,0.06835544000000005 microliter,C44H62NO5PPdS,C1=CC=C(C=C1)OCCC(C2=CC=C(C=C2)Cl)N.Cl,1-(1-amino-3-phenoxypropyl)-4-chlorobenzene hydrochloride,0.11928520000000001 milligram,0.4 micromole,0.11928520000000004 microliter,C15H17Cl2NO,OB(C1=CC2=C(NC=C2)C=C1)O,(1H-indol-5-yl)boronic acid,0.07726511999999999 milligram,0.48000000000000004 micromole,0.07726512 microliter,C8H8BNO2,[Na+].[Na+].[O-]C([O-])=O,Na2CO3,0.31796399999999997 milligram,3.0 micromole,0.317964 microliter,CNa2O3,CN1C=NC2=C1C(=O)N(C(=O)N2C)C,caffeine,0.0776764 milligram,0.4 micromole,0.07767640000000002 microliter,C8H10N4O2,C1COCCO1,dioxane,16.2225 milligram,184.12480421310696 micromole,15.75 microliter,C4H8O2,O,water,1.75 milligram,97.1412711629198 micromole,1.75 microliter,H2O,NC(CCOc1ccccc1)c1ccc(-c2ccc3[nH]ccc3c2)cc1,suzuki_product_0,0.0 milligram,0.0 micromole,0 microliter,C23H22N2O,NC(CCOc1ccccc1)c1ccccc1,dehalogenation_0,0.0 milligram,0.0 micromole,0 microliter,C15H17NO,c1ccc2[nH]ccc2c1,deborylation_0,0.0 milligram,0.0 micromole,0 microliter,C8H7N,C1=CC=C(C=C1)OCCC(C2=CC=C(C=C2)Cl)N.Cl.OB(C1=CC2=C(NC=C2)C=C1)O>>NC(CCOc1ccccc1)c1ccc(-c2ccc3[nH]ccc3c2)cc1.NC(CCOc1ccccc1)c1ccccc1.c1ccc2[nH]ccc2c1,004_RLN-NB-2443_011_M24,,,,,,,,,,,,,,,,,,,,,6/9/2023 8:34:52 PM,004_rln-nb-2443_011_m24.raw,2min_150_1200.EXP,004_RLN-NB-2443_011_M24,004_RLN-NB-2443_011_M24_004_RLN-NB-2443_011_M24_0,Rxn_Opt_HSST3_2_98,Analog,0,0,0,0,0,4.788644885826848,0.7376,0,0,0,False,117.05784922892,1.25,deborylation_0,0,0,0,0,0,184.73370681521286,16.802954253370945,4.788644885826848,195,0.7376,0,0,0,0,0,0,0,0,0,0,0,0,0,0,0,0,0,0,0,0,0,0,0,0,0,0,0,0,0,0,0,0,0,0,0,0,0,0,0,0,0,0,0,0,0,0,0,0,0,0,0,0,0,0,0,0,0,0,0,0,0,0,0,0,0,0,0,0,0,0,0,0,0,0,0,0,0,0,0,0,0.0,0.0,0.0,0.0,0.0,0.0,0.0,0.0,0.0,0.0,0.0,0.0,0.0,0.0,0.0,0.0,0.0,0.0,0.0,0.0,0.0,0.0,0.0,0.0,0.0,0.0,0.0,0.0,0.0,0.0,0.0,0.0,0.0,0.0,0.0,0.0,0.0,0.0,0.0,0.0,0.0,0.0,0.0,0.0,0.0,0.0,0.0,0.0,0.0,0.0,0.0,0.0,0.0,0.0,0.0
312,N1,CC(C)C1=CC(C(C)C)=CC(C(C)C)=C1C2=C([P+](C3CCCCC3)([Pd-2]4(OS(C)(=O)=O)C(C=CC=C5)=C5C6=C([NH+]4C)C=CC=C6)C7CCCCC7)C=CC=C2,XPhos Pd G4,0.06883952 milligram,0.08000000000000002 micromole,0.06883952000000002 microliter,C47H64NO3PPdS,CC1=CC(C=O)=C(C)N1C2=CC(Cl)=CC(Cl)=C2,"1-(3,5-dichlorophenyl)-2,5-dimethyl-1H-pyrrole-3-carbaldehyde",0.1072572 milligram,0.4 micromole,0.10725720000000002 microliter,C13H11Cl2NO,FC1=CN=CC(B(O)O)=C1,(5-fluoropyridin-3-yl)boronic acid,0.06763679999999998 milligram,0.48000000000000004 micromole,0.0676368 microliter,C5H5BFNO2,[Na+].[Na+].[O-]C([O-])=O,Na2CO3,0.31796399999999997 milligram,3.0 micromole,0.317964 microliter,CNa2O3,CN1C=NC2=C1C(=O)N(C(=O)N2C)C,caffeine,0.0776764 milligram,0.4 micromole,0.07767640000000002 microliter,C8H10N4O2,C1COCCO1,dioxane,16.2225 milligram,184.12480421310696 micromole,15.75 microliter,C4H8O2,O,water,1.75 milligram,97.1412711629198 micromole,1.75 microliter,H2O,Cc1cc(C=O)c(C)n1-c1cc(Cl)cc(-c2cncc(F)c2)c1,suzuki_product_0,0.0 milligram,0.0 micromole,0 microliter,C18H14ClFN2O,Cc1cc(C=O)c(C)n1-c1cc(-c2cncc(F)c2)cc(-c2cncc(F)c2)c1,bis_addition_2,0.0 milligram,0.0 micromole,0 microliter,C23H17F2N3O,Cc1cc(C=O)c(C)n1-c1cccc(Cl)c1,dehalogenation_0,0.0 milligram,0.0 micromole,0 microliter,C13H12ClNO,CC1=CC(C=O)=C(C)N1C2=CC(Cl)=CC(Cl)=C2.FC1=CN=CC(B(O)O)=C1>>Cc1cc(C=O)c(C)n1-c1cc(Cl)cc(-c2cncc(F)c2)c1.Cc1cc(C=O)c(C)n1-c1cc(-c2cncc(F)c2)cc(-c2cncc(F)c2)c1.Cc1cc(C=O)c(C)n1-c1cccc(Cl)c1.Fc1cccnc1,004_RLN-NB-2443_011_N1,,,Fc1cccnc1,deborylation_0,0.0 milligram,0.0 micromole,0 microliter,C5H4FN,,,,,,,,,,,,,6/9/2023 8:37:19 PM,004_rln-nb-2443_011_n1.raw,2min_150_1200.EXP,004_RLN-NB-2443_011_N1,004_RLN-NB-2443_,Rxn_Opt_HSST3_2_98,Analog,0.8173167816615007,0,4.708606263878034,1.8294354946161784,1.211,5.761054183062335,0.7343,3.113500926064625,1.326,390.1,False,389.13396850351,1.25,bis_addition_2,0,0,0,0,0,206.03624063456715,17.375978723953974,5.761054183062335,194.9,0.7343,0,0,0,0,0,0,0,0,0,0,0,0,0,0,0,0,0,0,0,0,0,0,0,0,0,139.6661876425429,9.390664300184131,3.113500926064625,267.9,1.326,22.09250459537462,1.8294354946161786,0.606554437959334,390.1,1.211,0,0,0,0,0,0,0,0,0,0,0,0,0,0,0,0,0,0,0,0,0,0,0,0,0,0,0,0,0,0,0,0,0,0,0,0,0,0,0,0,0,0,0,0,0,172.58792557963335,14.201679008880774,4.708606263878034,328.9,1.2626,0.0,0.0,0.0,0.0,0.0,0.0,0.0,0.0,0.0,0.0,0.0,0.0,0.0,0.0,0.0003269267126646003,81.73167816615006,0.0,0.0,0.0,0.0,0.0,0.0,0.0,0.0,0.0,0.0,0.00021617577805245488,54.043944513113715,0.0,0.0,0.0,0.0,0.0,0.0,0.0,0.0,0.0,0.0,0.0,0.0,0.0,0.0,0.0,0.0,4.211412833037547e-05,10.528532082593866,0.0,0.0,0.0,0.0
313,N2,CC(C)C1=CC(C(C)C)=CC(C(C)C)=C1C2=C([P+](C3CCCCC3)([Pd-2]4(OS(C)(=O)=O)C(C=CC=C5)=C5C6=C([NH+]4C)C=CC=C6)C7CCCCC7)C=CC=C2,XPhos Pd G4,0.06883952 milligram,0.08000000000000002 micromole,0.06883952000000002 microliter,C47H64NO3PPdS,CC1=CC(C=O)=C(C)N1C2=CC(Cl)=CC(Cl)=C2,"1-(3,5-dichlorophenyl)-2,5-dimethyl-1H-pyrrole-3-carbaldehyde",0.1072572 milligram,0.4 micromole,0.10725720000000002 microliter,C13H11Cl2NO,CN1N=CC(B(O)O)=C1,(1-methyl-1H-pyrazol-4-yl)boronic acid,0.060443519999999994 milligram,0.48000000000000004 micromole,0.06044352000000001 microliter,C4H7BN2O2,[Na+].[Na+].[O-]C([O-])=O,Na2CO3,0.31796399999999997 milligram,3.0 micromole,0.317964 microliter,CNa2O3,CN1C=NC2=C1C(=O)N(C(=O)N2C)C,caffeine,0.0776764 milligram,0.4 micromole,0.07767640000000002 microliter,C8H10N4O2,C1COCCO1,dioxane,16.2225 milligram,184.12480421310696 micromole,15.75 microliter,C4H8O2,O,water,1.75 milligram,97.1412711629198 micromole,1.75 microliter,H2O,Cc1cc(C=O)c(C)n1-c1cc(Cl)cc(-c2cnn(C)c2)c1,suzuki_product_0,0.0 milligram,0.0 micromole,0 microliter,C17H16ClN3O,Cc1cc(C=O)c(C)n1-c1cc(-c2cnn(C)c2)cc(-c2cnn(C)c2)c1,bis_addition_1,0.0 milligram,0.0 micromole,0 microliter,C21H21N5O,Cc1cc(C=O)c(C)n1-c1cccc(Cl)c1,dehalogenation_0,0.0 milligram,0.0 micromole,0 microliter,C13H12ClNO,CC1=CC(C=O)=C(C)N1C2=CC(Cl)=CC(Cl)=C2.CN1N=CC(B(O)O)=C1>>Cc1cc(C=O)c(C)n1-c1cc(Cl)cc(-c2cnn(C)c2)c1.Cc1cc(C=O)c(C)n1-c1cc(-c2cnn(C)c2)cc(-c2cnn(C)c2)c1.Cc1cc(C=O)c(C)n1-c1cccc(Cl)c1.Cn1cccn1,004_RLN-NB-2443_011_N2,,,Cn1cccn1,deborylation_0,0.0 milligram,0.0 micromole,0 microliter,C4H6N2,,,,,,,,,,,,,6/9/2023 8:39:46 PM,004_rln-nb-2443_011_n2.raw,2min_150_1200.EXP,004_RLN-NB-2443_011_N2,004_RLN-NB-2443_011,Rxn_Opt_HSST3_2_98,Analog,1.0310469447631088,0,6.072419301327332,3.3082147354814255,1.051,5.889566262884877,0.736,2.6804984313560287,1.3243,"360.2,382.2",False,359.17461031519,1.25,bis_addition_1,0,0,0,0,0,213.19241597399127,15.645611776421879,5.889566262884877,195,0.736,0,0,0,0,0,0,0,0,0,0,0,0,0,0,0,0,0,0,0,0,0,0,0,0,0,126.1230778086895,7.120734524814025,2.6804984313560287,267.9,1.3243,0,0,0,0,0,44.6676521210778,3.3082147354814246,1.2453300116926433,360,1.051,0,0,0,0,0,0,0,0,0,0,0,0,0,0,0,0,0,0,0,0,0,0,0,0,0,0,0,0,0,0,0,0,0,0,0,0,0,0,0,0,219.26547620970462,16.13136022102949,6.072419301327332,314.0,1.191,0.0,0.0,0.0,0.0,0.0,0.0,0.0,0.0,0.0,0.0,0.0,0.0,0.0,0.0,0.00041241877790524354,103.10469447631088,0.0,0.0,0.0,0.0,0.0,0.0,0.0,0.0,0.0,0.0,0.00018205065104696144,45.51266276174036,8.457872489120415e-05,21.144681222801037,0.0,0.0,0.0,0.0,0.0,0.0,0.0,0.0,0.0,0.0,0.0,0.0,0.0,0.0,0.0,0.0,0.0,0.0,0.0,0.0
314,N3,CC(C)C1=CC(C(C)C)=CC(C(C)C)=C1C2=C([P+](C3CCCCC3)([Pd-2]4(OS(C)(=O)=O)C(C=CC=C5)=C5C6=C([NH+]4C)C=CC=C6)C7CCCCC7)C=CC=C2,XPhos Pd G4,0.06883952 milligram,0.08000000000000002 micromole,0.06883952000000002 microliter,C47H64NO3PPdS,CC1=CC(C=O)=C(C)N1C2=CC(Cl)=CC(Cl)=C2,"1-(3,5-dichlorophenyl)-2,5-dimethyl-1H-pyrrole-3-carbaldehyde",0.1072572 milligram,0.4 micromole,0.10725720000000002 microliter,C13H11Cl2NO,OB(C1=CC2=C(NC=C2)C=C1)O,(1H-indol-5-yl)boronic acid,0.07726511999999999 milligram,0.48000000000000004 micromole,0.07726512 microliter,C8H8BNO2,[Na+].[Na+].[O-]C([O-])=O,Na2CO3,0.31796399999999997 milligram,3.0 micromole,0.317964 microliter,CNa2O3,CN1C=NC2=C1C(=O)N(C(=O)N2C)C,caffeine,0.0776764 milligram,0.4 micromole,0.07767640000000002 microliter,C8H10N4O2,C1COCCO1,dioxane,16.2225 milligram,184.12480421310696 micromole,15.75 microliter,C4H8O2,O,water,1.75 milligram,97.1412711629198 micromole,1.75 microliter,H2O,Cc1cc(C=O)c(C)n1-c1cc(Cl)cc(-c2ccc3[nH]ccc3c2)c1,suzuki_product_0,0.0 milligram,0.0 micromole,0 microliter,C21H17ClN2O,Cc1cc(C=O)c(C)n1-c1cc(-c2ccc3[nH]ccc3c2)cc(-c2ccc3[nH]ccc3c2)c1,bis_addition_1,0.0 milligram,0.0 micromole,0 microliter,C29H23N3O,Cc1cc(C=O)c(C)n1-c1cccc(Cl)c1,dehalogenation_0,0.0 milligram,0.0 micromole,0 microliter,C13H12ClNO,CC1=CC(C=O)=C(C)N1C2=CC(Cl)=CC(Cl)=C2.OB(C1=CC2=C(NC=C2)C=C1)O>>Cc1cc(C=O)c(C)n1-c1cc(Cl)cc(-c2ccc3[nH]ccc3c2)c1.Cc1cc(C=O)c(C)n1-c1cc(-c2ccc3[nH]ccc3c2)cc(-c2ccc3[nH]ccc3c2)c1.Cc1cc(C=O)c(C)n1-c1cccc(Cl)c1.c1ccc2[nH]ccc2c1,004_RLN-NB-2443_011_N3,,,c1ccc2[nH]ccc2c1,deborylation_0,0.0 milligram,0.0 micromole,0 microliter,C8H7N,,,,,,,,,,,,,6/9/2023 8:42:13 PM,004_rln-nb-2443_011_n3.raw,2min_150_1200.EXP,004_RLN-NB-2443_011_N3,004_RLN-NB-2443_011_N,Rxn_Opt_HSST3_2_98,Analog,1.4656248743573452,0,7.195560070616469,0,0,4.90955100210865,0.736,2.9783460619777498,1.326,0,False,429.18411237047,1.25,bis_addition_2,0,0,0,0,0,198.6619237356316,14.86461850905785,4.90955100210865,195,0.736,0,0,0,0,0,0,0,0,0,0,0,0,0,0,0,0,0,0,0,0,0,0,0,0,0,116.62355325001572,9.017520742780597,2.9783460619777498,267.8,1.326,0,0,0,0,0,0,0,0,0,0,0,0,0,0,0,0,0,0,0,0,0,0,0,0,0,0,0,0,0,0,0,0,0,0,0,0,0,0,0,0,0,0,0,0,0,0,0,0,0,0,233.5409888493766,21.78595463470778,7.195560070616469,349.0,1.3576,0.0,0.0,0.0,0.0,0.0,0.0,0.0,0.0,0.0,0.0,0.0,0.0,0.0,0.0,0.0005862499497429381,146.5624874357345,0.0,0.0,0.0,0.0,0.0,0.0,0.0,0.0,0.0,0.0,0.00024265730700820108,60.66432675205027,0.0,0.0,0.0,0.0,0.0,0.0,0.0,0.0,0.0,0.0,0.0,0.0,0.0,0.0,0.0,0.0,0.0,0.0,0.0,0.0,0.0,0.0
315,N4,CC(C)C1=CC(C(C)C)=CC(C(C)C)=C1C2=C([P+](C3CCCCC3)([Pd-2]4(OS(C)(=O)=O)C(C=CC=C5)=C5C6=C([NH+]4C)C=CC=C6)C7CCCCC7)C=CC=C2,XPhos Pd G4,0.06883952 milligram,0.08000000000000002 micromole,0.06883952000000002 microliter,C47H64NO3PPdS,CC1=C(C(=NN1C(C)C)N)Br,4-BROMO-1-ISOPROPYL-5-METHYL-1H-PYRAZOL-3-AMINE,0.0872392 milligram,0.4 micromole,0.08723920000000002 microliter,C7H12BrN3,FC1=CN=CC(B(O)O)=C1,(5-fluoropyridin-3-yl)boronic acid,0.06763679999999998 milligram,0.48000000000000004 micromole,0.0676368 microliter,C5H5BFNO2,[Na+].[Na+].[O-]C([O-])=O,Na2CO3,0.31796399999999997 milligram,3.0 micromole,0.317964 microliter,CNa2O3,CN1C=NC2=C1C(=O)N(C(=O)N2C)C,caffeine,0.0776764 milligram,0.4 micromole,0.07767640000000002 microliter,C8H10N4O2,C1COCCO1,dioxane,16.2225 milligram,184.12480421310696 micromole,15.75 microliter,C4H8O2,O,water,1.75 milligram,97.1412711629198 micromole,1.75 microliter,H2O,Cc1c(-c2cncc(F)c2)c(N)nn1C(C)C,suzuki_product_0,0.0 milligram,0.0 micromole,0 microliter,C12H15FN4,Cc1cc(N)nn1C(C)C,dehalogenation_0,0.0 milligram,0.0 micromole,0 microliter,C7H13N3,Fc1cccnc1,deborylation_0,0.0 milligram,0.0 micromole,0 microliter,C5H4FN,CC1=C(C(=NN1C(C)C)N)Br.FC1=CN=CC(B(O)O)=C1>>Cc1c(-c2cncc(F)c2)c(N)nn1C(C)C.Cc1cc(N)nn1C(C)C.Fc1cccnc1,004_RLN-NB-2443_011_N4,,,,,,,,,,,,,,,,,,,,,6/9/2023 8:44:40 PM,004_rln-nb-2443_011_n4.raw,2min_150_1200.EXP,004_RLN-NB-2443_011_N4,004_RLN-NB-2443_011_N4_004_RLN-NB-2443_011_N4_004_,Rxn_Opt_HSST3_2_98,Analog,0,0,0,0,0,5.030404172192674,0.7376,0,0,0,False,97.03277729544,1.25,deborylation_0,0,0,0,0,0,195.0568154804856,19.775400296670785,5.030404172192674,194.9,0.7376,0,0,0,0,0,0,0,0,0,0,0,0,0,0,0,0,0,0,0,0,0,0,0,0,0,0,0,0,0,0,0,0,0,0,0,0,0,0,0,0,0,0,0,0,0,0,0,0,0,0,0,0,0,0,0,0,0,0,0,0,0,0,0,0,0,0,0,0,0,0,0,0,0,0,0,0,0,0,0,0,0.0,0.0,0.0,0.0,0.0,0.0,0.0,0.0,0.0,0.0,0.0,0.0,0.0,0.0,0.0,0.0,0.0,0.0,0.0,0.0,0.0,0.0,0.0,0.0,0.0,0.0,0.0,0.0,0.0,0.0,0.0,0.0,0.0,0.0,0.0,0.0,0.0,0.0,0.0,0.0,0.0,0.0,0.0,0.0,0.0,0.0,0.0,0.0,0.0,0.0,0.0,0.0,0.0,0.0,0.0
316,N5,CC(C)C1=CC(C(C)C)=CC(C(C)C)=C1C2=C([P+](C3CCCCC3)([Pd-2]4(OS(C)(=O)=O)C(C=CC=C5)=C5C6=C([NH+]4C)C=CC=C6)C7CCCCC7)C=CC=C2,XPhos Pd G4,0.06883952 milligram,0.08000000000000002 micromole,0.06883952000000002 microliter,C47H64NO3PPdS,CC1=C(C(=NN1C(C)C)N)Br,4-BROMO-1-ISOPROPYL-5-METHYL-1H-PYRAZOL-3-AMINE,0.0872392 milligram,0.4 micromole,0.08723920000000002 microliter,C7H12BrN3,CN1N=CC(B(O)O)=C1,(1-methyl-1H-pyrazol-4-yl)boronic acid,0.060443519999999994 milligram,0.48000000000000004 micromole,0.06044352000000001 microliter,C4H7BN2O2,[Na+].[Na+].[O-]C([O-])=O,Na2CO3,0.31796399999999997 milligram,3.0 micromole,0.317964 microliter,CNa2O3,CN1C=NC2=C1C(=O)N(C(=O)N2C)C,caffeine,0.0776764 milligram,0.4 micromole,0.07767640000000002 microliter,C8H10N4O2,C1COCCO1,dioxane,16.2225 milligram,184.12480421310696 micromole,15.75 microliter,C4H8O2,O,water,1.75 milligram,97.1412711629198 micromole,1.75 microliter,H2O,Cc1c(-c2cnn(C)c2)c(N)nn1C(C)C,suzuki_product_0,0.0 milligram,0.0 micromole,0 microliter,C11H17N5,Cc1cc(N)nn1C(C)C,dehalogenation_0,0.0 milligram,0.0 micromole,0 microliter,C7H13N3,Cn1cccn1,deborylation_0,0.0 milligram,0.0 micromole,0 microliter,C4H6N2,CC1=C(C(=NN1C(C)C)N)Br.CN1N=CC(B(O)O)=C1>>Cc1c(-c2cnn(C)c2)c(N)nn1C(C)C.Cc1cc(N)nn1C(C)C.Cn1cccn1,004_RLN-NB-2443_011_N5,,,,,,,,,,,,,,,,,,,,,6/9/2023 8:47:06 PM,004_rln-nb-2443_011_n5.raw,2min_150_1200.EXP,004_RLN-NB-2443_011_N5,004_RLN-NB-2443_011_N5_004_RLN-NB-2443_011_N5_004_R,Rxn_Opt_HSST3_2_98,Analog,0,0,0,0,0,5.494240248876075,0.7376,0,0,0,False,82.05309820128,1.25,deborylation_0,0,0,0,0,0,196.79301825149975,20.03183840237893,5.494240248876075,195,0.7376,0,0,0,0,0,0,0,0,0,0,0,0,0,0,0,0,0,0,0,0,0,0,0,0,0,0,0,0,0,0,0,0,0,0,0,0,0,0,0,0,0,0,0,0,0,0,0,0,0,0,0,0,0,0,0,0,0,0,0,0,0,0,0,0,0,0,0,0,0,0,0,0,0,0,0,0,0,0,0,0,0.0,0.0,0.0,0.0,0.0,0.0,0.0,0.0,0.0,0.0,0.0,0.0,0.0,0.0,0.0,0.0,0.0,0.0,0.0,0.0,0.0,0.0,0.0,0.0,0.0,0.0,0.0,0.0,0.0,0.0,0.0,0.0,0.0,0.0,0.0,0.0,0.0,0.0,0.0,0.0,0.0,0.0,0.0,0.0,0.0,0.0,0.0,0.0,0.0,0.0,0.0,0.0,0.0,0.0,0.0
317,N6,CC(C)C1=CC(C(C)C)=CC(C(C)C)=C1C2=C([P+](C3CCCCC3)([Pd-2]4(OS(C)(=O)=O)C(C=CC=C5)=C5C6=C([NH+]4C)C=CC=C6)C7CCCCC7)C=CC=C2,XPhos Pd G4,0.06883952 milligram,0.08000000000000002 micromole,0.06883952000000002 microliter,C47H64NO3PPdS,CC1=C(C(=NN1C(C)C)N)Br,4-BROMO-1-ISOPROPYL-5-METHYL-1H-PYRAZOL-3-AMINE,0.0872392 milligram,0.4 micromole,0.08723920000000002 microliter,C7H12BrN3,OB(C1=CC2=C(NC=C2)C=C1)O,(1H-indol-5-yl)boronic acid,0.07726511999999999 milligram,0.48000000000000004 micromole,0.07726512 microliter,C8H8BNO2,[Na+].[Na+].[O-]C([O-])=O,Na2CO3,0.31796399999999997 milligram,3.0 micromole,0.317964 microliter,CNa2O3,CN1C=NC2=C1C(=O)N(C(=O)N2C)C,caffeine,0.0776764 milligram,0.4 micromole,0.07767640000000002 microliter,C8H10N4O2,C1COCCO1,dioxane,16.2225 milligram,184.12480421310696 micromole,15.75 microliter,C4H8O2,O,water,1.75 milligram,97.1412711629198 micromole,1.75 microliter,H2O,Cc1c(-c2ccc3[nH]ccc3c2)c(N)nn1C(C)C,suzuki_product_0,0.0 milligram,0.0 micromole,0 microliter,C15H18N4,Cc1cc(N)nn1C(C)C,dehalogenation_0,0.0 milligram,0.0 micromole,0 microliter,C7H13N3,c1ccc2[nH]ccc2c1,deborylation_0,0.0 milligram,0.0 micromole,0 microliter,C8H7N,CC1=C(C(=NN1C(C)C)N)Br.OB(C1=CC2=C(NC=C2)C=C1)O>>Cc1c(-c2ccc3[nH]ccc3c2)c(N)nn1C(C)C.Cc1cc(N)nn1C(C)C.c1ccc2[nH]ccc2c1,004_RLN-NB-2443_011_N6,,,,,,,,,,,,,,,,,,,,,6/9/2023 8:49:32 PM,004_rln-nb-2443_011_n6.raw,2min_150_1200.EXP,004_RLN-NB-2443_011_N6,004_RLN-NB-2443_011_N6_004_RLN-NB-2443_011_N6_004_RLN,Rxn_Opt_HSST3_2_98,Analog,0.254052398965368,0,1.127461586322011,4.163050173650389,0.9076,4.437909623816245,0.736,0,0,0,False,117.05784922892,1.25,deborylation_0,0,0,0,0,0,180.17741873482007,16.38658084160776,4.437909623816245,195,0.736,0,0,0,0,0,0,0,0,0,0,0,0,0,0,0,0,0,0,0,0,0,0,0,0,0,0,0,0,0,0,0,0,0,0,0,0,0,0,0,0,0,0,0,0,0,0,0,0,0,0,0,0,0,0,0,0,0,0,0,0,0,0,0,0,0,0,0,0,0,0,0,0,0,0,0,0,0,0,0,0,37.68706986731009,4.16305017365039,1.127461586322011,255.0,0.9076,0.0,0.0,0.0,0.0,0.0,0.0,0.0,0.0,0.0,0.0,0.0,0.0,0.0,0.0,0.00010162095958614722,25.405239896536802,0.0,0.0,0.0,0.0,0.0,0.0,0.0,0.0,0.0,0.0,0.0,0.0,0.0,0.0,0.0,0.0,0.0,0.0,0.0,0.0,0.0,0.0,0.0,0.0,0.0,0.0,0.0,0.0,0.0,0.0,0.0,0.0,0.0,0.0
318,N7,NC1=C(C=CC=C1)C2=C([Pd]OS(C)(=O)=O)C=CC=C2.CN(C)C3=CC=C(C=C3)P(C(C)(C)C)C(C)(C)C,APhos Pd G3,0.050809520000000004 milligram,0.08000000000000002 micromole,0.05080952000000002 microliter,C29H41N2O3PPdS,CC1=CC(C=O)=C(C)N1C2=CC(Cl)=CC(Cl)=C2,"1-(3,5-dichlorophenyl)-2,5-dimethyl-1H-pyrrole-3-carbaldehyde",0.1072572 milligram,0.4 micromole,0.10725720000000002 microliter,C13H11Cl2NO,FC1=CN=CC(B(O)O)=C1,(5-fluoropyridin-3-yl)boronic acid,0.06763679999999998 milligram,0.48000000000000004 micromole,0.0676368 microliter,C5H5BFNO2,[Na+].[Na+].[O-]C([O-])=O,Na2CO3,0.31796399999999997 milligram,3.0 micromole,0.317964 microliter,CNa2O3,CN1C=NC2=C1C(=O)N(C(=O)N2C)C,caffeine,0.0776764 milligram,0.4 micromole,0.07767640000000002 microliter,C8H10N4O2,C1COCCO1,dioxane,16.2225 milligram,184.12480421310696 micromole,15.75 microliter,C4H8O2,O,water,1.75 milligram,97.1412711629198 micromole,1.75 microliter,H2O,Cc1cc(C=O)c(C)n1-c1cc(Cl)cc(-c2cncc(F)c2)c1,suzuki_product_0,0.0 milligram,0.0 micromole,0 microliter,C18H14ClFN2O,Cc1cc(C=O)c(C)n1-c1cc(-c2cncc(F)c2)cc(-c2cncc(F)c2)c1,bis_addition_2,0.0 milligram,0.0 micromole,0 microliter,C23H17F2N3O,Cc1cc(C=O)c(C)n1-c1cccc(Cl)c1,dehalogenation_0,0.0 milligram,0.0 micromole,0 microliter,C13H12ClNO,CC1=CC(C=O)=C(C)N1C2=CC(Cl)=CC(Cl)=C2.FC1=CN=CC(B(O)O)=C1>>Cc1cc(C=O)c(C)n1-c1cc(Cl)cc(-c2cncc(F)c2)c1.Cc1cc(C=O)c(C)n1-c1cc(-c2cncc(F)c2)cc(-c2cncc(F)c2)c1.Cc1cc(C=O)c(C)n1-c1cccc(Cl)c1.Fc1cccnc1,004_RLN-NB-2443_011_N7,,,Fc1cccnc1,deborylation_0,0.0 milligram,0.0 micromole,0 microliter,C5H4FN,,,,,,,,,,,,,6/9/2023 8:51:59 PM,004_rln-nb-2443_011_n7.raw,2min_150_1200.EXP,004_RLN-NB-2443_011_N7,004_RLN-NB-2443,Rxn_Opt_HSST3_2_98,Analog,0.08719693506544013,0,0.4568593304495103,2.365474777631011,1.2626,5.239396661208832,0.736,4.278928866638541,1.326,0,False,389.13396850351,1.25,bis_addition_2,0,0,0,0,0,210.79719822150423,27.1279578331022,5.239396661208832,195,0.736,0,0,0,0,0,0,0,0,0,0,0,0,0,0,0,0,0,0,0,0,0,0,0,0,0,185.6447884787718,22.154955879639875,4.278928866638541,267.9,1.326,0,0,0,0,0,0,0,0,0,0,0,0,0,0,0,0,0,0,0,0,0,0,0,0,0,0,0,0,0,0,0,0,0,0,0,0,0,0,0,0,0,0,0,0,0,0,0,0,0,0,14.357610586612518,2.3654747776310106,0.4568593304495103,329.0,1.2626,0.0,0.0,0.0,0.0,0.0,0.0,0.0,0.0,0.0,0.0,0.0,0.0,0.0,0.0,3.487877402617605e-05,8.719693506544013,0.0,0.0,0.0,0.0,0.0,0.0,0.0,0.0,0.0,0.0,0.00032667340484591665,81.66835121147916,0.0,0.0,0.0,0.0,0.0,0.0,0.0,0.0,0.0,0.0,0.0,0.0,0.0,0.0,0.0,0.0,0.0,0.0,0.0,0.0,0.0,0.0
319,N8,NC1=C(C=CC=C1)C2=C([Pd]OS(C)(=O)=O)C=CC=C2.CN(C)C3=CC=C(C=C3)P(C(C)(C)C)C(C)(C)C,APhos Pd G3,0.050809520000000004 milligram,0.08000000000000002 micromole,0.05080952000000002 microliter,C29H41N2O3PPdS,CC1=CC(C=O)=C(C)N1C2=CC(Cl)=CC(Cl)=C2,"1-(3,5-dichlorophenyl)-2,5-dimethyl-1H-pyrrole-3-carbaldehyde",0.1072572 milligram,0.4 micromole,0.10725720000000002 microliter,C13H11Cl2NO,CN1N=CC(B(O)O)=C1,(1-methyl-1H-pyrazol-4-yl)boronic acid,0.060443519999999994 milligram,0.48000000000000004 micromole,0.06044352000000001 microliter,C4H7BN2O2,[Na+].[Na+].[O-]C([O-])=O,Na2CO3,0.31796399999999997 milligram,3.0 micromole,0.317964 microliter,CNa2O3,CN1C=NC2=C1C(=O)N(C(=O)N2C)C,caffeine,0.0776764 milligram,0.4 micromole,0.07767640000000002 microliter,C8H10N4O2,C1COCCO1,dioxane,16.2225 milligram,184.12480421310696 micromole,15.75 microliter,C4H8O2,O,water,1.75 milligram,97.1412711629198 micromole,1.75 microliter,H2O,Cc1cc(C=O)c(C)n1-c1cc(Cl)cc(-c2cnn(C)c2)c1,suzuki_product_0,0.0 milligram,0.0 micromole,0 microliter,C17H16ClN3O,Cc1cc(C=O)c(C)n1-c1cc(-c2cnn(C)c2)cc(-c2cnn(C)c2)c1,bis_addition_1,0.0 milligram,0.0 micromole,0 microliter,C21H21N5O,Cc1cc(C=O)c(C)n1-c1cccc(Cl)c1,dehalogenation_0,0.0 milligram,0.0 micromole,0 microliter,C13H12ClNO,CC1=CC(C=O)=C(C)N1C2=CC(Cl)=CC(Cl)=C2.CN1N=CC(B(O)O)=C1>>Cc1cc(C=O)c(C)n1-c1cc(Cl)cc(-c2cnn(C)c2)c1.Cc1cc(C=O)c(C)n1-c1cc(-c2cnn(C)c2)cc(-c2cnn(C)c2)c1.Cc1cc(C=O)c(C)n1-c1cccc(Cl)c1.Cn1cccn1,004_RLN-NB-2443_011_N8,,,Cn1cccn1,deborylation_0,0.0 milligram,0.0 micromole,0 microliter,C4H6N2,,,,,,,,,,,,,6/9/2023 8:54:26 PM,004_rln-nb-2443_011_n8.raw,2min_150_1200.EXP,004_RLN-NB-2443_011_N8,004_RLN-NB-2443_01,Rxn_Opt_HSST3_2_98,Analog,0,0,0,0,0,5.008845409263609,0.736,4.1891925525881195,1.326,0,False,359.17461031519,1.25,bis_addition_1,0,0,0,0,0,186.55792445214172,27.46468232968395,5.008845409263609,195,0.736,0,0,0,0,0,0,0,0,0,0,0,0,0,0,0,0,0,0,0,0,0,0,0,0,0,181.95507607191263,22.97033213720718,4.1891925525881195,267.8,1.326,0,0,0,0,0,0,0,0,0,0,0,0,0,0,0,0,0,0,0,0,0,0,0,0,0,0,0,0,0,0,0,0,0,0,0,0,0,0,0,0,0,0,0,0,0,0,0,0,0,0,0.0,0.0,0.0,0.0,0.0,0.0,0.0,0.0,0.0,0.0,0.0,0.0,0.0,0.0,0.0,0.0,0.0,0.0,0.0,0.0,0.0,0.0,0.0,0.0,0.0,0.0,0.0,0.0,0.0,0.0,0.0,0.0003345435692497451,83.63589231243627,0.0,0.0,0.0,0.0,0.0,0.0,0.0,0.0,0.0,0.0,0.0,0.0,0.0,0.0,0.0,0.0,0.0,0.0,0.0,0.0,0.0,0.0
320,N9,NC1=C(C=CC=C1)C2=C([Pd]OS(C)(=O)=O)C=CC=C2.CN(C)C3=CC=C(C=C3)P(C(C)(C)C)C(C)(C)C,APhos Pd G3,0.050809520000000004 milligram,0.08000000000000002 micromole,0.05080952000000002 microliter,C29H41N2O3PPdS,CC1=CC(C=O)=C(C)N1C2=CC(Cl)=CC(Cl)=C2,"1-(3,5-dichlorophenyl)-2,5-dimethyl-1H-pyrrole-3-carbaldehyde",0.1072572 milligram,0.4 micromole,0.10725720000000002 microliter,C13H11Cl2NO,OB(C1=CC2=C(NC=C2)C=C1)O,(1H-indol-5-yl)boronic acid,0.07726511999999999 milligram,0.48000000000000004 micromole,0.07726512 microliter,C8H8BNO2,[Na+].[Na+].[O-]C([O-])=O,Na2CO3,0.31796399999999997 milligram,3.0 micromole,0.317964 microliter,CNa2O3,CN1C=NC2=C1C(=O)N(C(=O)N2C)C,caffeine,0.0776764 milligram,0.4 micromole,0.07767640000000002 microliter,C8H10N4O2,C1COCCO1,dioxane,16.2225 milligram,184.12480421310696 micromole,15.75 microliter,C4H8O2,O,water,1.75 milligram,97.1412711629198 micromole,1.75 microliter,H2O,Cc1cc(C=O)c(C)n1-c1cc(Cl)cc(-c2ccc3[nH]ccc3c2)c1,suzuki_product_0,0.0 milligram,0.0 micromole,0 microliter,C21H17ClN2O,Cc1cc(C=O)c(C)n1-c1cc(-c2ccc3[nH]ccc3c2)cc(-c2ccc3[nH]ccc3c2)c1,bis_addition_1,0.0 milligram,0.0 micromole,0 microliter,C29H23N3O,Cc1cc(C=O)c(C)n1-c1cccc(Cl)c1,dehalogenation_0,0.0 milligram,0.0 micromole,0 microliter,C13H12ClNO,CC1=CC(C=O)=C(C)N1C2=CC(Cl)=CC(Cl)=C2.OB(C1=CC2=C(NC=C2)C=C1)O>>Cc1cc(C=O)c(C)n1-c1cc(Cl)cc(-c2ccc3[nH]ccc3c2)c1.Cc1cc(C=O)c(C)n1-c1cc(-c2ccc3[nH]ccc3c2)cc(-c2ccc3[nH]ccc3c2)c1.Cc1cc(C=O)c(C)n1-c1cccc(Cl)c1.c1ccc2[nH]ccc2c1,004_RLN-NB-2443_011_N9,,,c1ccc2[nH]ccc2c1,deborylation_0,0.0 milligram,0.0 micromole,0 microliter,C8H7N,,,,,,,,,,,,,6/9/2023 8:56:52 PM,004_rln-nb-2443_011_n9.raw,2min_150_1200.EXP,004_RLN-NB-2443_011_N9,004_RLN-NB-2443_011_,Rxn_Opt_HSST3_2_98,Analog,0.4550065617252011,0,2.308992658780573,0,0,5.074635956953688,0.736,0,0,0,False,429.18411237047,1.25,bis_addition_2,0,0,0,0,0,203.16536145686564,19.309876395656485,5.074635956953688,195,0.736,0,0,0,0,0,0,0,0,0,0,0,0,0,0,0,0,0,0,0,0,0,0,0,0,0,165.46361326749098,19.525042038591657,5.131181492821825,267.8,1.3243,0,0,0,0,0,0,0,0,0,0,0,0,0,0,0,0,0,0,0,0,0,0,0,0,0,0,0,0,0,0,0,0,0,0,0,0,0,0,0,0,0,0,0,0,0,0,0,0,0,0,90.95864384541375,8.786120466126276,2.308992658780573,349.1,1.3526,0.0,0.0,0.0,0.0,0.0,0.0,0.0,0.0,0.0,0.0,0.0,0.0,0.0,0.0,0.00018200262469008044,45.5006561725201,0.0,0.0,0.0,0.0,0.0,0.0,0.0,0.0,0.0,0.0,0.00040445711072461496,101.11427768115374,0.0,0.0,0.0,0.0,0.0,0.0,0.0,0.0,0.0,0.0,0.0,0.0,0.0,0.0,0.0,0.0,0.0,0.0,0.0,0.0,0.0,0.0
321,N10,NC1=C(C=CC=C1)C2=C([Pd]OS(C)(=O)=O)C=CC=C2.CN(C)C3=CC=C(C=C3)P(C(C)(C)C)C(C)(C)C,APhos Pd G3,0.050809520000000004 milligram,0.08000000000000002 micromole,0.05080952000000002 microliter,C29H41N2O3PPdS,CC1=C(C(=NN1C(C)C)N)Br,4-BROMO-1-ISOPROPYL-5-METHYL-1H-PYRAZOL-3-AMINE,0.0872392 milligram,0.4 micromole,0.08723920000000002 microliter,C7H12BrN3,FC1=CN=CC(B(O)O)=C1,(5-fluoropyridin-3-yl)boronic acid,0.06763679999999998 milligram,0.48000000000000004 micromole,0.0676368 microliter,C5H5BFNO2,[Na+].[Na+].[O-]C([O-])=O,Na2CO3,0.31796399999999997 milligram,3.0 micromole,0.317964 microliter,CNa2O3,CN1C=NC2=C1C(=O)N(C(=O)N2C)C,caffeine,0.0776764 milligram,0.4 micromole,0.07767640000000002 microliter,C8H10N4O2,C1COCCO1,dioxane,16.2225 milligram,184.12480421310696 micromole,15.75 microliter,C4H8O2,O,water,1.75 milligram,97.1412711629198 micromole,1.75 microliter,H2O,Cc1c(-c2cncc(F)c2)c(N)nn1C(C)C,suzuki_product_0,0.0 milligram,0.0 micromole,0 microliter,C12H15FN4,Cc1cc(N)nn1C(C)C,dehalogenation_0,0.0 milligram,0.0 micromole,0 microliter,C7H13N3,Fc1cccnc1,deborylation_0,0.0 milligram,0.0 micromole,0 microliter,C5H4FN,CC1=C(C(=NN1C(C)C)N)Br.FC1=CN=CC(B(O)O)=C1>>Cc1c(-c2cncc(F)c2)c(N)nn1C(C)C.Cc1cc(N)nn1C(C)C.Fc1cccnc1,004_RLN-NB-2443_011_N10,,,,,,,,,,,,,,,,,,,,,6/9/2023 8:59:20 PM,004_rln-nb-2443_011_n10.raw,2min_150_1200.EXP,004_RLN-NB-2443_011_N10,004_RLN-NB-2443_011_N10_004_RLN-NB-2443_011_N10_0,Rxn_Opt_HSST3_2_98,Analog,0,0,0,0,0,4.862429248702706,0.736,0,0,0,False,97.03277729544,1.25,deborylation_0,0,0,0,0,0,179.32728635728728,33.7169689782681,4.862429248702706,195,0.736,0,0,0,0,0,0,0,0,0,0,0,0,0,0,0,0,0,0,0,0,0,0,0,0,0,0,0,0,0,0,0,0,0,0,0,0,0,0,0,0,0,0,0,0,0,0,0,0,0,0,0,0,0,0,0,0,0,0,0,0,0,0,0,0,0,0,0,0,0,0,0,0,0,0,0,0,0,0,0,0,0.0,0.0,0.0,0.0,0.0,0.0,0.0,0.0,0.0,0.0,0.0,0.0,0.0,0.0,0.0,0.0,0.0,0.0,0.0,0.0,0.0,0.0,0.0,0.0,0.0,0.0,0.0,0.0,0.0,0.0,0.0,0.0,0.0,0.0,0.0,0.0,0.0,0.0,0.0,0.0,0.0,0.0,0.0,0.0,0.0,0.0,0.0,0.0,0.0,0.0,0.0,0.0,0.0,0.0,0.0
322,N11,NC1=C(C=CC=C1)C2=C([Pd]OS(C)(=O)=O)C=CC=C2.CN(C)C3=CC=C(C=C3)P(C(C)(C)C)C(C)(C)C,APhos Pd G3,0.050809520000000004 milligram,0.08000000000000002 micromole,0.05080952000000002 microliter,C29H41N2O3PPdS,CC1=C(C(=NN1C(C)C)N)Br,4-BROMO-1-ISOPROPYL-5-METHYL-1H-PYRAZOL-3-AMINE,0.0872392 milligram,0.4 micromole,0.08723920000000002 microliter,C7H12BrN3,CN1N=CC(B(O)O)=C1,(1-methyl-1H-pyrazol-4-yl)boronic acid,0.060443519999999994 milligram,0.48000000000000004 micromole,0.06044352000000001 microliter,C4H7BN2O2,[Na+].[Na+].[O-]C([O-])=O,Na2CO3,0.31796399999999997 milligram,3.0 micromole,0.317964 microliter,CNa2O3,CN1C=NC2=C1C(=O)N(C(=O)N2C)C,caffeine,0.0776764 milligram,0.4 micromole,0.07767640000000002 microliter,C8H10N4O2,C1COCCO1,dioxane,16.2225 milligram,184.12480421310696 micromole,15.75 microliter,C4H8O2,O,water,1.75 milligram,97.1412711629198 micromole,1.75 microliter,H2O,Cc1c(-c2cnn(C)c2)c(N)nn1C(C)C,suzuki_product_0,0.0 milligram,0.0 micromole,0 microliter,C11H17N5,Cc1cc(N)nn1C(C)C,dehalogenation_0,0.0 milligram,0.0 micromole,0 microliter,C7H13N3,Cn1cccn1,deborylation_0,0.0 milligram,0.0 micromole,0 microliter,C4H6N2,CC1=C(C(=NN1C(C)C)N)Br.CN1N=CC(B(O)O)=C1>>Cc1c(-c2cnn(C)c2)c(N)nn1C(C)C.Cc1cc(N)nn1C(C)C.Cn1cccn1,004_RLN-NB-2443_011_N11,,,,,,,,,,,,,,,,,,,,,6/9/2023 9:01:47 PM,004_rln-nb-2443_011_n11.raw,2min_150_1200.EXP,004_RLN-NB-2443_011_N11,004_RLN-NB-2443_011_N11_004_RLN-NB-2443_011_N11_00,Rxn_Opt_HSST3_2_98,Analog,0.035897119228993975,0,0.18024401281305072,1.1915590703665275,0.9676221499236696,5.021127507843812,0.736,0.18024401281305072,0.9676221499236696,0,False,82.05309820128,1.25,deborylation_0,0,0,0,0,0,191.99577527405597,33.19372406363209,5.021127507843812,195,0.736,0,0,0,0,0,0,0,0,0,0,0,0,0,0,0,0,0,0,0,0,0,0,0,0,0,0,0,0,0,0,0,0,0,0,0,0,0,0,0,0,0,0,0,0,0,0,0,0,0,0,8.501003273339444,1.1915590703665275,0.18024401281305072,219.9,0.9676221499236696,0,0,0,0,0,0,0,0,0,0,0,0,0,0,0,0,0,0,0,0,0,0,0,0,0,8.501003273339444,1.1915590703665275,0.18024401281305072,219.9,0.9676221499236696,0.0,0.0,0.0,0.0,0.0,0.0,0.0,0.0,0.0,0.0,0.0,0.0,0.0,0.0,1.4358847691597591e-05,3.5897119228993977,0.0,0.0,0.0,0.0,0.0,0.0,0.0,0.0,0.0,0.0,0.0,0.0,0.0,0.0,0.0,0.0,0.0,0.0,1.4358847691597591e-05,3.5897119228993977,0.0,0.0,0.0,0.0,0.0,0.0,0.0,0.0,0.0,0.0,0.0,0.0,0.0,0.0
323,N12,NC1=C(C=CC=C1)C2=C([Pd]OS(C)(=O)=O)C=CC=C2.CN(C)C3=CC=C(C=C3)P(C(C)(C)C)C(C)(C)C,APhos Pd G3,0.050809520000000004 milligram,0.08000000000000002 micromole,0.05080952000000002 microliter,C29H41N2O3PPdS,CC1=C(C(=NN1C(C)C)N)Br,4-BROMO-1-ISOPROPYL-5-METHYL-1H-PYRAZOL-3-AMINE,0.0872392 milligram,0.4 micromole,0.08723920000000002 microliter,C7H12BrN3,OB(C1=CC2=C(NC=C2)C=C1)O,(1H-indol-5-yl)boronic acid,0.07726511999999999 milligram,0.48000000000000004 micromole,0.07726512 microliter,C8H8BNO2,[Na+].[Na+].[O-]C([O-])=O,Na2CO3,0.31796399999999997 milligram,3.0 micromole,0.317964 microliter,CNa2O3,CN1C=NC2=C1C(=O)N(C(=O)N2C)C,caffeine,0.0776764 milligram,0.4 micromole,0.07767640000000002 microliter,C8H10N4O2,C1COCCO1,dioxane,16.2225 milligram,184.12480421310696 micromole,15.75 microliter,C4H8O2,O,water,1.75 milligram,97.1412711629198 micromole,1.75 microliter,H2O,Cc1c(-c2ccc3[nH]ccc3c2)c(N)nn1C(C)C,suzuki_product_0,0.0 milligram,0.0 micromole,0 microliter,C15H18N4,Cc1cc(N)nn1C(C)C,dehalogenation_0,0.0 milligram,0.0 micromole,0 microliter,C7H13N3,c1ccc2[nH]ccc2c1,deborylation_0,0.0 milligram,0.0 micromole,0 microliter,C8H7N,CC1=C(C(=NN1C(C)C)N)Br.OB(C1=CC2=C(NC=C2)C=C1)O>>Cc1c(-c2ccc3[nH]ccc3c2)c(N)nn1C(C)C.Cc1cc(N)nn1C(C)C.c1ccc2[nH]ccc2c1,004_RLN-NB-2443_011_N12,,,,,,,,,,,,,,,,,,,,,6/9/2023 9:04:14 PM,004_rln-nb-2443_011_n12.raw,2min_150_1200.EXP,004_RLN-NB-2443_011_N12,004_RLN-NB-2443_011_N12_004_RLN-NB-2443_011_N12_004_,Rxn_Opt_HSST3_2_98,Analog,0.338496063186509,0,1.5893861503685287,7.327808366376065,0.9093,4.695434668889452,0.736,0.7857718847455558,0.9776,0,False,117.05784922892,1.25,deborylation_0,0,0,0,0,0,191.68453289904824,21.648134685508865,4.695434668889452,194.9,0.736,0,0,0,0,0,0,0,0,0,0,0,0,0,0,0,0,0,0,0,0,0,0,0,0,0,0,0,0,0,0,0,0,0,0,0,0,0,0,0,0,0,0,0,0,0,0,0,0,0,0,20.532255220350113,3.622773351690825,0.7857718847455558,219.8,0.9776,0,0,0,0,0,0,0,0,0,0,0,0,0,0,0,0,0,0,0,0,0,0,0,0,0,44.398496798998856,7.327808366376065,1.5893861503685287,255.0,0.9093,0.0,0.0,0.0,0.0,0.0,0.0,0.0,0.0,0.0,0.0,0.0,0.0,0.0,0.0,0.0001353984252746036,33.8496063186509,0.0,0.0,0.0,0.0,0.0,0.0,0.0,0.0,0.0,0.0,0.0,0.0,0.0,0.0,0.0,0.0,0.0,0.0,6.693922417465166e-05,16.734806043662914,0.0,0.0,0.0,0.0,0.0,0.0,0.0,0.0,0.0,0.0,0.0,0.0,0.0,0.0
324,N13,[Fe].Cl[Pd]Cl.[CH]1[CH][CH][C]([CH]1)P(C2CCCCC2)C3CCCCC3.[CH]4[CH][CH][C]([CH]4)P(C5CCCCC5)C6CCCCC6,PdCl2(dcypf),0.06047272000000001 milligram,0.08000000000000002 micromole,0.06047272000000002 microliter,C34H52Cl2FeP2Pd,CC1=CC(C=O)=C(C)N1C2=CC(Cl)=CC(Cl)=C2,"1-(3,5-dichlorophenyl)-2,5-dimethyl-1H-pyrrole-3-carbaldehyde",0.1072572 milligram,0.4 micromole,0.10725720000000002 microliter,C13H11Cl2NO,FC1=CN=CC(B(O)O)=C1,(5-fluoropyridin-3-yl)boronic acid,0.06763679999999998 milligram,0.48000000000000004 micromole,0.0676368 microliter,C5H5BFNO2,[Na+].[Na+].[O-]C([O-])=O,Na2CO3,0.31796399999999997 milligram,3.0 micromole,0.317964 microliter,CNa2O3,CN1C=NC2=C1C(=O)N(C(=O)N2C)C,caffeine,0.0776764 milligram,0.4 micromole,0.07767640000000002 microliter,C8H10N4O2,C1COCCO1,dioxane,16.2225 milligram,184.12480421310696 micromole,15.75 microliter,C4H8O2,O,water,1.75 milligram,97.1412711629198 micromole,1.75 microliter,H2O,Cc1cc(C=O)c(C)n1-c1cc(Cl)cc(-c2cncc(F)c2)c1,suzuki_product_0,0.0 milligram,0.0 micromole,0 microliter,C18H14ClFN2O,Cc1cc(C=O)c(C)n1-c1cc(-c2cncc(F)c2)cc(-c2cncc(F)c2)c1,bis_addition_2,0.0 milligram,0.0 micromole,0 microliter,C23H17F2N3O,Cc1cc(C=O)c(C)n1-c1cccc(Cl)c1,dehalogenation_0,0.0 milligram,0.0 micromole,0 microliter,C13H12ClNO,CC1=CC(C=O)=C(C)N1C2=CC(Cl)=CC(Cl)=C2.FC1=CN=CC(B(O)O)=C1>>Cc1cc(C=O)c(C)n1-c1cc(Cl)cc(-c2cncc(F)c2)c1.Cc1cc(C=O)c(C)n1-c1cc(-c2cncc(F)c2)cc(-c2cncc(F)c2)c1.Cc1cc(C=O)c(C)n1-c1cccc(Cl)c1.Fc1cccnc1,004_RLN-NB-2443_011_N13,,,Fc1cccnc1,deborylation_0,0.0 milligram,0.0 micromole,0 microliter,C5H4FN,,,,,,,,,,,,,6/9/2023 9:06:41 PM,004_rln-nb-2443_011_n13.raw,2min_150_1200.EXP,004_RLN-NB-2443_011_N13,004_RLN-NB-244,Rxn_Opt_HSST3_2_98,Analog,0,0,0,0,0,5.386214551269675,0.736,3.344060078552267,1.3276,0,False,389.13396850351,1.25,bis_addition_2,0,0,0,0,0,211.43082045386575,47.23629399373935,5.386214551269675,195,0.736,0,0,0,0,0,0,0,0,0,0,0,0,0,0,0,0,0,0,0,0,0,0,0,0,0,155.5031137313752,29.326905473155797,3.344060078552267,267.9,1.3276,0,0,0,0,0,0,0,0,0,0,0,0,0,0,0,0,0,0,0,0,0,0,0,0,0,0,0,0,0,0,0,0,0,0,0,0,0,0,0,0,0,0,0,0,0,0,0,0,0,0,0.0,0.0,0.0,0.0,0.0,0.0,0.0,0.0,0.0,0.0,0.0,0.0,0.0,0.0,0.0,0.0,0.0,0.0,0.0,0.0,0.0,0.0,0.0,0.0,0.0,0.0,0.0,0.0,0.0,0.0,0.0,0.0002483421368919649,62.08553422299122,0.0,0.0,0.0,0.0,0.0,0.0,0.0,0.0,0.0,0.0,0.0,0.0,0.0,0.0,0.0,0.0,0.0,0.0,0.0,0.0,0.0,0.0
325,N14,[Fe].Cl[Pd]Cl.[CH]1[CH][CH][C]([CH]1)P(C2CCCCC2)C3CCCCC3.[CH]4[CH][CH][C]([CH]4)P(C5CCCCC5)C6CCCCC6,PdCl2(dcypf),0.06047272000000001 milligram,0.08000000000000002 micromole,0.06047272000000002 microliter,C34H52Cl2FeP2Pd,CC1=CC(C=O)=C(C)N1C2=CC(Cl)=CC(Cl)=C2,"1-(3,5-dichlorophenyl)-2,5-dimethyl-1H-pyrrole-3-carbaldehyde",0.1072572 milligram,0.4 micromole,0.10725720000000002 microliter,C13H11Cl2NO,CN1N=CC(B(O)O)=C1,(1-methyl-1H-pyrazol-4-yl)boronic acid,0.060443519999999994 milligram,0.48000000000000004 micromole,0.06044352000000001 microliter,C4H7BN2O2,[Na+].[Na+].[O-]C([O-])=O,Na2CO3,0.31796399999999997 milligram,3.0 micromole,0.317964 microliter,CNa2O3,CN1C=NC2=C1C(=O)N(C(=O)N2C)C,caffeine,0.0776764 milligram,0.4 micromole,0.07767640000000002 microliter,C8H10N4O2,C1COCCO1,dioxane,16.2225 milligram,184.12480421310696 micromole,15.75 microliter,C4H8O2,O,water,1.75 milligram,97.1412711629198 micromole,1.75 microliter,H2O,Cc1cc(C=O)c(C)n1-c1cc(Cl)cc(-c2cnn(C)c2)c1,suzuki_product_0,0.0 milligram,0.0 micromole,0 microliter,C17H16ClN3O,Cc1cc(C=O)c(C)n1-c1cc(-c2cnn(C)c2)cc(-c2cnn(C)c2)c1,bis_addition_1,0.0 milligram,0.0 micromole,0 microliter,C21H21N5O,Cc1cc(C=O)c(C)n1-c1cccc(Cl)c1,dehalogenation_0,0.0 milligram,0.0 micromole,0 microliter,C13H12ClNO,CC1=CC(C=O)=C(C)N1C2=CC(Cl)=CC(Cl)=C2.CN1N=CC(B(O)O)=C1>>Cc1cc(C=O)c(C)n1-c1cc(Cl)cc(-c2cnn(C)c2)c1.Cc1cc(C=O)c(C)n1-c1cc(-c2cnn(C)c2)cc(-c2cnn(C)c2)c1.Cc1cc(C=O)c(C)n1-c1cccc(Cl)c1.Cn1cccn1,004_RLN-NB-2443_011_N14,,,Cn1cccn1,deborylation_0,0.0 milligram,0.0 micromole,0 microliter,C4H6N2,,,,,,,,,,,,,6/9/2023 9:09:08 PM,004_rln-nb-2443_011_n14.raw,2min_150_1200.EXP,004_RLN-NB-2443_011_N14,004_RLN-NB-2443_0,Rxn_Opt_HSST3_2_98,Analog,0,0,0,0,0,5.662758405030178,0.736,3.924712668673469,1.3276,0,False,359.17461031519,1.25,bis_addition_1,0,0,0,0,0,216.22159211010214,50.5381273349782,5.662758405030178,194.9,0.736,0,0,0,0,0,0,0,0,0,0,0,0,0,0,0,0,0,0,0,0,0,0,0,0,0,186.91657829468136,35.026680358892136,3.924712668673469,267.9,1.3276,0,0,0,0,0,0,0,0,0,0,0,0,0,0,0,0,0,0,0,0,0,0,0,0,0,0,0,0,0,0,0,0,0,0,0,0,0,0,0,0,0,0,0,0,0,0,0,0,0,0,0.0,0.0,0.0,0.0,0.0,0.0,0.0,0.0,0.0,0.0,0.0,0.0,0.0,0.0,0.0,0.0,0.0,0.0,0.0,0.0,0.0,0.0,0.0,0.0,0.0,0.0,0.0,0.0,0.0,0.0,0.0,0.00027722974479625916,69.30743619906478,0.0,0.0,0.0,0.0,0.0,0.0,0.0,0.0,0.0,0.0,0.0,0.0,0.0,0.0,0.0,0.0,0.0,0.0,0.0,0.0,0.0,0.0
326,N15,[Fe].Cl[Pd]Cl.[CH]1[CH][CH][C]([CH]1)P(C2CCCCC2)C3CCCCC3.[CH]4[CH][CH][C]([CH]4)P(C5CCCCC5)C6CCCCC6,PdCl2(dcypf),0.06047272000000001 milligram,0.08000000000000002 micromole,0.06047272000000002 microliter,C34H52Cl2FeP2Pd,CC1=CC(C=O)=C(C)N1C2=CC(Cl)=CC(Cl)=C2,"1-(3,5-dichlorophenyl)-2,5-dimethyl-1H-pyrrole-3-carbaldehyde",0.1072572 milligram,0.4 micromole,0.10725720000000002 microliter,C13H11Cl2NO,OB(C1=CC2=C(NC=C2)C=C1)O,(1H-indol-5-yl)boronic acid,0.07726511999999999 milligram,0.48000000000000004 micromole,0.07726512 microliter,C8H8BNO2,[Na+].[Na+].[O-]C([O-])=O,Na2CO3,0.31796399999999997 milligram,3.0 micromole,0.317964 microliter,CNa2O3,CN1C=NC2=C1C(=O)N(C(=O)N2C)C,caffeine,0.0776764 milligram,0.4 micromole,0.07767640000000002 microliter,C8H10N4O2,C1COCCO1,dioxane,16.2225 milligram,184.12480421310696 micromole,15.75 microliter,C4H8O2,O,water,1.75 milligram,97.1412711629198 micromole,1.75 microliter,H2O,Cc1cc(C=O)c(C)n1-c1cc(Cl)cc(-c2ccc3[nH]ccc3c2)c1,suzuki_product_0,0.0 milligram,0.0 micromole,0 microliter,C21H17ClN2O,Cc1cc(C=O)c(C)n1-c1cc(-c2ccc3[nH]ccc3c2)cc(-c2ccc3[nH]ccc3c2)c1,bis_addition_1,0.0 milligram,0.0 micromole,0 microliter,C29H23N3O,Cc1cc(C=O)c(C)n1-c1cccc(Cl)c1,dehalogenation_0,0.0 milligram,0.0 micromole,0 microliter,C13H12ClNO,CC1=CC(C=O)=C(C)N1C2=CC(Cl)=CC(Cl)=C2.OB(C1=CC2=C(NC=C2)C=C1)O>>Cc1cc(C=O)c(C)n1-c1cc(Cl)cc(-c2ccc3[nH]ccc3c2)c1.Cc1cc(C=O)c(C)n1-c1cc(-c2ccc3[nH]ccc3c2)cc(-c2ccc3[nH]ccc3c2)c1.Cc1cc(C=O)c(C)n1-c1cccc(Cl)c1.c1ccc2[nH]ccc2c1,004_RLN-NB-2443_011_N15,,,c1ccc2[nH]ccc2c1,deborylation_0,0.0 milligram,0.0 micromole,0 microliter,C8H7N,,,,,,,,,,,,,6/9/2023 9:11:34 PM,004_rln-nb-2443_011_n15.raw,2min_150_1200.EXP,004_RLN-NB-2443_011_N15,004_RLN-NB-2443_011,Rxn_Opt_HSST3_2_98,Analog,0,0,0,0,0,4.493624316077499,0.736,2.9447356477800275,1.3276,0,False,429.18411237047,1.25,bis_addition_2,0,0,0,0,0,196.02264192050905,32.54484114352855,4.493624316077499,194.9,0.736,0,0,0,0,0,0,0,0,0,0,0,0,0,0,0,0,0,0,0,0,0,0,0,0,0,138.08933484982882,21.327095263349072,2.9447356477800275,267.9,1.3276,0,0,0,0,0,0,0,0,0,0,0,0,0,0,0,0,0,0,0,0,0,0,0,0,0,0,0,0,0,0,0,0,0,0,0,0,0,0,0,0,0,0,0,0,0,0,0,0,0,0,0.0,0.0,0.0,0.0,0.0,0.0,0.0,0.0,0.0,0.0,0.0,0.0,0.0,0.0,0.0,0.0,0.0,0.0,0.0,0.0,0.0,0.0,0.0,0.0,0.0,0.0,0.0,0.0,0.0,0.0,0.0,0.00026212566433239334,65.53141608309832,0.0,0.0,0.0,0.0,0.0,0.0,0.0,0.0,0.0,0.0,0.0,0.0,0.0,0.0,0.0,0.0,0.0,0.0,0.0,0.0,0.0,0.0
327,N16,[Fe].Cl[Pd]Cl.[CH]1[CH][CH][C]([CH]1)P(C2CCCCC2)C3CCCCC3.[CH]4[CH][CH][C]([CH]4)P(C5CCCCC5)C6CCCCC6,PdCl2(dcypf),0.06047272000000001 milligram,0.08000000000000002 micromole,0.06047272000000002 microliter,C34H52Cl2FeP2Pd,CC1=C(C(=NN1C(C)C)N)Br,4-BROMO-1-ISOPROPYL-5-METHYL-1H-PYRAZOL-3-AMINE,0.0872392 milligram,0.4 micromole,0.08723920000000002 microliter,C7H12BrN3,FC1=CN=CC(B(O)O)=C1,(5-fluoropyridin-3-yl)boronic acid,0.06763679999999998 milligram,0.48000000000000004 micromole,0.0676368 microliter,C5H5BFNO2,[Na+].[Na+].[O-]C([O-])=O,Na2CO3,0.31796399999999997 milligram,3.0 micromole,0.317964 microliter,CNa2O3,CN1C=NC2=C1C(=O)N(C(=O)N2C)C,caffeine,0.0776764 milligram,0.4 micromole,0.07767640000000002 microliter,C8H10N4O2,C1COCCO1,dioxane,16.2225 milligram,184.12480421310696 micromole,15.75 microliter,C4H8O2,O,water,1.75 milligram,97.1412711629198 micromole,1.75 microliter,H2O,Cc1c(-c2cncc(F)c2)c(N)nn1C(C)C,suzuki_product_0,0.0 milligram,0.0 micromole,0 microliter,C12H15FN4,Cc1cc(N)nn1C(C)C,dehalogenation_0,0.0 milligram,0.0 micromole,0 microliter,C7H13N3,Fc1cccnc1,deborylation_0,0.0 milligram,0.0 micromole,0 microliter,C5H4FN,CC1=C(C(=NN1C(C)C)N)Br.FC1=CN=CC(B(O)O)=C1>>Cc1c(-c2cncc(F)c2)c(N)nn1C(C)C.Cc1cc(N)nn1C(C)C.Fc1cccnc1,004_RLN-NB-2443_011_N16,,,,,,,,,,,,,,,,,,,,,6/9/2023 9:14:00 PM,004_rln-nb-2443_011_n16.raw,2min_150_1200.EXP,004_RLN-NB-2443_011_N16,004_RLN-NB-2443_011_N16_004_RLN-NB-2443_011_N16_,Rxn_Opt_HSST3_2_98,Analog,0,0,0,0,0,4.99089442060908,0.736,0,0,0,False,97.03277729544,1.25,deborylation_0,0,0,0,0,0,195.3535648756105,63.49612092344705,4.99089442060908,195,0.736,0,0,0,0,0,0,0,0,0,0,0,0,0,0,0,0,0,0,0,0,0,0,0,0,0,0,0,0,0,0,0,0,0,0,0,0,0,0,0,0,0,0,0,0,0,0,0,0,0,0,0,0,0,0,0,0,0,0,0,0,0,0,0,0,0,0,0,0,0,0,0,0,0,0,0,0,0,0,0,0,0.0,0.0,0.0,0.0,0.0,0.0,0.0,0.0,0.0,0.0,0.0,0.0,0.0,0.0,0.0,0.0,0.0,0.0,0.0,0.0,0.0,0.0,0.0,0.0,0.0,0.0,0.0,0.0,0.0,0.0,0.0,0.0,0.0,0.0,0.0,0.0,0.0,0.0,0.0,0.0,0.0,0.0,0.0,0.0,0.0,0.0,0.0,0.0,0.0,0.0,0.0,0.0,0.0,0.0,0.0
328,N17,[Fe].Cl[Pd]Cl.[CH]1[CH][CH][C]([CH]1)P(C2CCCCC2)C3CCCCC3.[CH]4[CH][CH][C]([CH]4)P(C5CCCCC5)C6CCCCC6,PdCl2(dcypf),0.06047272000000001 milligram,0.08000000000000002 micromole,0.06047272000000002 microliter,C34H52Cl2FeP2Pd,CC1=C(C(=NN1C(C)C)N)Br,4-BROMO-1-ISOPROPYL-5-METHYL-1H-PYRAZOL-3-AMINE,0.0872392 milligram,0.4 micromole,0.08723920000000002 microliter,C7H12BrN3,CN1N=CC(B(O)O)=C1,(1-methyl-1H-pyrazol-4-yl)boronic acid,0.060443519999999994 milligram,0.48000000000000004 micromole,0.06044352000000001 microliter,C4H7BN2O2,[Na+].[Na+].[O-]C([O-])=O,Na2CO3,0.31796399999999997 milligram,3.0 micromole,0.317964 microliter,CNa2O3,CN1C=NC2=C1C(=O)N(C(=O)N2C)C,caffeine,0.0776764 milligram,0.4 micromole,0.07767640000000002 microliter,C8H10N4O2,C1COCCO1,dioxane,16.2225 milligram,184.12480421310696 micromole,15.75 microliter,C4H8O2,O,water,1.75 milligram,97.1412711629198 micromole,1.75 microliter,H2O,Cc1c(-c2cnn(C)c2)c(N)nn1C(C)C,suzuki_product_0,0.0 milligram,0.0 micromole,0 microliter,C11H17N5,Cc1cc(N)nn1C(C)C,dehalogenation_0,0.0 milligram,0.0 micromole,0 microliter,C7H13N3,Cn1cccn1,deborylation_0,0.0 milligram,0.0 micromole,0 microliter,C4H6N2,CC1=C(C(=NN1C(C)C)N)Br.CN1N=CC(B(O)O)=C1>>Cc1c(-c2cnn(C)c2)c(N)nn1C(C)C.Cc1cc(N)nn1C(C)C.Cn1cccn1,004_RLN-NB-2443_011_N17,,,,,,,,,,,,,,,,,,,,,6/9/2023 9:16:27 PM,004_rln-nb-2443_011_n17.raw,2min_150_1200.EXP,004_RLN-NB-2443_011_N17,004_RLN-NB-2443_011_N17_004_RLN-NB-2443_011_N17_0,Rxn_Opt_HSST3_2_98,Analog,0,0,0,0,0,5.277528260033987,0.7376,0,0,0,False,82.05309820128,1.25,deborylation_0,0,0,0,0,0,206.5233538453183,69.98050496478197,5.277528260033987,194.9,0.7376,0,0,0,0,0,0,0,0,0,0,0,0,0,0,0,0,0,0,0,0,0,0,0,0,0,0,0,0,0,0,0,0,0,0,0,0,0,0,0,0,0,0,0,0,0,0,0,0,0,0,0,0,0,0,0,0,0,0,0,0,0,0,0,0,0,0,0,0,0,0,0,0,0,0,0,0,0,0,0,0,0.0,0.0,0.0,0.0,0.0,0.0,0.0,0.0,0.0,0.0,0.0,0.0,0.0,0.0,0.0,0.0,0.0,0.0,0.0,0.0,0.0,0.0,0.0,0.0,0.0,0.0,0.0,0.0,0.0,0.0,0.0,0.0,0.0,0.0,0.0,0.0,0.0,0.0,0.0,0.0,0.0,0.0,0.0,0.0,0.0,0.0,0.0,0.0,0.0,0.0,0.0,0.0,0.0,0.0,0.0
329,N18,[Fe].Cl[Pd]Cl.[CH]1[CH][CH][C]([CH]1)P(C2CCCCC2)C3CCCCC3.[CH]4[CH][CH][C]([CH]4)P(C5CCCCC5)C6CCCCC6,PdCl2(dcypf),0.06047272000000001 milligram,0.08000000000000002 micromole,0.06047272000000002 microliter,C34H52Cl2FeP2Pd,CC1=C(C(=NN1C(C)C)N)Br,4-BROMO-1-ISOPROPYL-5-METHYL-1H-PYRAZOL-3-AMINE,0.0872392 milligram,0.4 micromole,0.08723920000000002 microliter,C7H12BrN3,OB(C1=CC2=C(NC=C2)C=C1)O,(1H-indol-5-yl)boronic acid,0.07726511999999999 milligram,0.48000000000000004 micromole,0.07726512 microliter,C8H8BNO2,[Na+].[Na+].[O-]C([O-])=O,Na2CO3,0.31796399999999997 milligram,3.0 micromole,0.317964 microliter,CNa2O3,CN1C=NC2=C1C(=O)N(C(=O)N2C)C,caffeine,0.0776764 milligram,0.4 micromole,0.07767640000000002 microliter,C8H10N4O2,C1COCCO1,dioxane,16.2225 milligram,184.12480421310696 micromole,15.75 microliter,C4H8O2,O,water,1.75 milligram,97.1412711629198 micromole,1.75 microliter,H2O,Cc1c(-c2ccc3[nH]ccc3c2)c(N)nn1C(C)C,suzuki_product_0,0.0 milligram,0.0 micromole,0 microliter,C15H18N4,Cc1cc(N)nn1C(C)C,dehalogenation_0,0.0 milligram,0.0 micromole,0 microliter,C7H13N3,c1ccc2[nH]ccc2c1,deborylation_0,0.0 milligram,0.0 micromole,0 microliter,C8H7N,CC1=C(C(=NN1C(C)C)N)Br.OB(C1=CC2=C(NC=C2)C=C1)O>>Cc1c(-c2ccc3[nH]ccc3c2)c(N)nn1C(C)C.Cc1cc(N)nn1C(C)C.c1ccc2[nH]ccc2c1,004_RLN-NB-2443_011_N18,,,,,,,,,,,,,,,,,,,,,6/9/2023 9:18:54 PM,004_rln-nb-2443_011_n18.raw,2min_150_1200.EXP,004_RLN-NB-2443_011_N18,004_RLN-NB-2443_011_N18_004_RLN-NB-2443_011_N18_004,Rxn_Opt_HSST3_2_98,Analog,0,0,0,0,0,6.530676844645343,0.736,0,0,0,False,117.05784922892,1.25,deborylation_0,0,0,0,0,0,203.38427961726572,54.36446708914041,6.530676844645343,195,0.736,0,0,0,0,0,0,0,0,0,0,0,0,0,0,0,0,0,0,0,0,0,0,0,0,0,0,0,0,0,0,0,0,0,0,0,0,0,0,0,0,0,0,0,0,0,0,0,0,0,0,0,0,0,0,0,0,0,0,0,0,0,0,0,0,0,0,0,0,0,0,0,0,0,0,0,0,0,0,0,0,0.0,0.0,0.0,0.0,0.0,0.0,0.0,0.0,0.0,0.0,0.0,0.0,0.0,0.0,0.0,0.0,0.0,0.0,0.0,0.0,0.0,0.0,0.0,0.0,0.0,0.0,0.0,0.0,0.0,0.0,0.0,0.0,0.0,0.0,0.0,0.0,0.0,0.0,0.0,0.0,0.0,0.0,0.0,0.0,0.0,0.0,0.0,0.0,0.0,0.0,0.0,0.0,0.0,0.0,0.0
330,N19,COC1=CC=C(C(P(C(C)(C)C)C(C)(C)C)=C1C2=C(C=C(C=C2C(C)C)C(C)C)C(C)C)OC.NC3=C(C=CC=C3)C4=C(C=CC=C4)[Pd]OS(C)(=O)=O,tBuBrettPhos Pd G3,0.06835544000000003 milligram,0.08000000000000002 micromole,0.06835544000000005 microliter,C44H62NO5PPdS,CC1=CC(C=O)=C(C)N1C2=CC(Cl)=CC(Cl)=C2,"1-(3,5-dichlorophenyl)-2,5-dimethyl-1H-pyrrole-3-carbaldehyde",0.1072572 milligram,0.4 micromole,0.10725720000000002 microliter,C13H11Cl2NO,FC1=CN=CC(B(O)O)=C1,(5-fluoropyridin-3-yl)boronic acid,0.06763679999999998 milligram,0.48000000000000004 micromole,0.0676368 microliter,C5H5BFNO2,[Na+].[Na+].[O-]C([O-])=O,Na2CO3,0.31796399999999997 milligram,3.0 micromole,0.317964 microliter,CNa2O3,CN1C=NC2=C1C(=O)N(C(=O)N2C)C,caffeine,0.0776764 milligram,0.4 micromole,0.07767640000000002 microliter,C8H10N4O2,C1COCCO1,dioxane,16.2225 milligram,184.12480421310696 micromole,15.75 microliter,C4H8O2,O,water,1.75 milligram,97.1412711629198 micromole,1.75 microliter,H2O,Cc1cc(C=O)c(C)n1-c1cc(Cl)cc(-c2cncc(F)c2)c1,suzuki_product_0,0.0 milligram,0.0 micromole,0 microliter,C18H14ClFN2O,Cc1cc(C=O)c(C)n1-c1cc(-c2cncc(F)c2)cc(-c2cncc(F)c2)c1,bis_addition_2,0.0 milligram,0.0 micromole,0 microliter,C23H17F2N3O,Cc1cc(C=O)c(C)n1-c1cccc(Cl)c1,dehalogenation_0,0.0 milligram,0.0 micromole,0 microliter,C13H12ClNO,CC1=CC(C=O)=C(C)N1C2=CC(Cl)=CC(Cl)=C2.FC1=CN=CC(B(O)O)=C1>>Cc1cc(C=O)c(C)n1-c1cc(Cl)cc(-c2cncc(F)c2)c1.Cc1cc(C=O)c(C)n1-c1cc(-c2cncc(F)c2)cc(-c2cncc(F)c2)c1.Cc1cc(C=O)c(C)n1-c1cccc(Cl)c1.Fc1cccnc1,004_RLN-NB-2443_011_N19,,,Fc1cccnc1,deborylation_0,0.0 milligram,0.0 micromole,0 microliter,C5H4FN,,,,,,,,,,,,,6/9/2023 9:21:20 PM,004_rln-nb-2443_011_n19.raw,2min_150_1200.EXP,004_RLN-NB-2443_011_N19,004_RLN-NB-2443_,Rxn_Opt_HSST3_2_98,Analog,0.05637712781451014,0,0.29142452757686993,1.2053771205377615,1.2243,5.1691978444823174,0.736,4.212356139787249,1.3276,0,False,389.13396850351,1.25,bis_addition_2,0,0,0,0,0,202.60736360186465,21.38060534945389,5.1691978444823174,194.9,0.736,15.932554735980165,1.2053771205377615,0.29142452757686993,233.8,1.2243,0,0,0,0,0,0,0,0,0,0,0,0,0,0,0,0,0,0,0,0,141.00562108099945,17.422959407962026,4.212356139787249,267.9,1.3276,0,0,0,0,0,0,0,0,0,0,0,0,0,0,0,0,0,0,0,0,0,0,0,0,0,0,0,0,0,0,0,0,0,0,0,0,0,0,0,0,0,0,0,0,0,0,0,0,0,0,0.0,0.0,0.0,0.0,0.0,0.0,0.0,0.0,0.0,0.0,0.0,0.0,0.0,0.0,0.0,0.0,0.0,0.0,0.0,0.0,0.0,2.2550851125804058e-05,5.637712781451014,0.0,0.0,0.0,0.0,0.0,0.0,0.0,0.0,0.0003259582060132277,81.48955150330693,0.0,0.0,0.0,0.0,0.0,0.0,0.0,0.0,0.0,0.0,0.0,0.0,0.0,0.0,0.0,0.0,0.0,0.0,0.0,0.0,0.0,0.0
331,N20,COC1=CC=C(C(P(C(C)(C)C)C(C)(C)C)=C1C2=C(C=C(C=C2C(C)C)C(C)C)C(C)C)OC.NC3=C(C=CC=C3)C4=C(C=CC=C4)[Pd]OS(C)(=O)=O,tBuBrettPhos Pd G3,0.06835544000000003 milligram,0.08000000000000002 micromole,0.06835544000000005 microliter,C44H62NO5PPdS,CC1=CC(C=O)=C(C)N1C2=CC(Cl)=CC(Cl)=C2,"1-(3,5-dichlorophenyl)-2,5-dimethyl-1H-pyrrole-3-carbaldehyde",0.1072572 milligram,0.4 micromole,0.10725720000000002 microliter,C13H11Cl2NO,CN1N=CC(B(O)O)=C1,(1-methyl-1H-pyrazol-4-yl)boronic acid,0.060443519999999994 milligram,0.48000000000000004 micromole,0.06044352000000001 microliter,C4H7BN2O2,[Na+].[Na+].[O-]C([O-])=O,Na2CO3,0.31796399999999997 milligram,3.0 micromole,0.317964 microliter,CNa2O3,CN1C=NC2=C1C(=O)N(C(=O)N2C)C,caffeine,0.0776764 milligram,0.4 micromole,0.07767640000000002 microliter,C8H10N4O2,C1COCCO1,dioxane,16.2225 milligram,184.12480421310696 micromole,15.75 microliter,C4H8O2,O,water,1.75 milligram,97.1412711629198 micromole,1.75 microliter,H2O,Cc1cc(C=O)c(C)n1-c1cc(Cl)cc(-c2cnn(C)c2)c1,suzuki_product_0,0.0 milligram,0.0 micromole,0 microliter,C17H16ClN3O,Cc1cc(C=O)c(C)n1-c1cc(-c2cnn(C)c2)cc(-c2cnn(C)c2)c1,bis_addition_1,0.0 milligram,0.0 micromole,0 microliter,C21H21N5O,Cc1cc(C=O)c(C)n1-c1cccc(Cl)c1,dehalogenation_0,0.0 milligram,0.0 micromole,0 microliter,C13H12ClNO,CC1=CC(C=O)=C(C)N1C2=CC(Cl)=CC(Cl)=C2.CN1N=CC(B(O)O)=C1>>Cc1cc(C=O)c(C)n1-c1cc(Cl)cc(-c2cnn(C)c2)c1.Cc1cc(C=O)c(C)n1-c1cc(-c2cnn(C)c2)cc(-c2cnn(C)c2)c1.Cc1cc(C=O)c(C)n1-c1cccc(Cl)c1.Cn1cccn1,004_RLN-NB-2443_011_N20,,,Cn1cccn1,deborylation_0,0.0 milligram,0.0 micromole,0 microliter,C4H6N2,,,,,,,,,,,,,6/9/2023 9:23:46 PM,004_rln-nb-2443_011_n20.raw,2min_150_1200.EXP,004_RLN-NB-2443_011_N20,004_RLN-NB-2443_011,Rxn_Opt_HSST3_2_98,Analog,0.15699963543633813,0,0.7574446612070841,3.1623900012882573,1.2293,4.824499490727931,0.7376,3.379934906842755,1.3276,0,False,359.17461031519,1.25,bis_addition_1,0,0,0,0,0,181.9494590882694,20.14265824566565,4.824499490727931,195,0.7376,30.22713528069439,3.1623900012882573,0.7574446612070841,233.9,1.2293,0,0,0,0,0,0,0,0,0,0,0,0,0,0,0,0,0,0,0,0,125.21124504951274,14.111489461647182,3.379934906842755,267.9,1.3276,0,0,0,0,0,0,0,0,0,0,0,0,0,0,0,0,0,0,0,0,0,0,0,0,0,0,0,0,0,0,0,0,0,0,0,0,0,0,0,0,0,0,0,0,0,0,0,0,0,0,0.0,0.0,0.0,0.0,0.0,0.0,0.0,0.0,0.0,0.0,0.0,0.0,0.0,0.0,0.0,0.0,0.0,0.0,0.0,0.0,0.0,6.279985417453525e-05,15.699963543633814,0.0,0.0,0.0,0.0,0.0,0.0,0.0,0.0,0.00028023092661434056,70.05773165358514,0.0,0.0,0.0,0.0,0.0,0.0,0.0,0.0,0.0,0.0,0.0,0.0,0.0,0.0,0.0,0.0,0.0,0.0,0.0,0.0,0.0,0.0
332,N21,COC1=CC=C(C(P(C(C)(C)C)C(C)(C)C)=C1C2=C(C=C(C=C2C(C)C)C(C)C)C(C)C)OC.NC3=C(C=CC=C3)C4=C(C=CC=C4)[Pd]OS(C)(=O)=O,tBuBrettPhos Pd G3,0.06835544000000003 milligram,0.08000000000000002 micromole,0.06835544000000005 microliter,C44H62NO5PPdS,CC1=CC(C=O)=C(C)N1C2=CC(Cl)=CC(Cl)=C2,"1-(3,5-dichlorophenyl)-2,5-dimethyl-1H-pyrrole-3-carbaldehyde",0.1072572 milligram,0.4 micromole,0.10725720000000002 microliter,C13H11Cl2NO,OB(C1=CC2=C(NC=C2)C=C1)O,(1H-indol-5-yl)boronic acid,0.07726511999999999 milligram,0.48000000000000004 micromole,0.07726512 microliter,C8H8BNO2,[Na+].[Na+].[O-]C([O-])=O,Na2CO3,0.31796399999999997 milligram,3.0 micromole,0.317964 microliter,CNa2O3,CN1C=NC2=C1C(=O)N(C(=O)N2C)C,caffeine,0.0776764 milligram,0.4 micromole,0.07767640000000002 microliter,C8H10N4O2,C1COCCO1,dioxane,16.2225 milligram,184.12480421310696 micromole,15.75 microliter,C4H8O2,O,water,1.75 milligram,97.1412711629198 micromole,1.75 microliter,H2O,Cc1cc(C=O)c(C)n1-c1cc(Cl)cc(-c2ccc3[nH]ccc3c2)c1,suzuki_product_0,0.0 milligram,0.0 micromole,0 microliter,C21H17ClN2O,Cc1cc(C=O)c(C)n1-c1cc(-c2ccc3[nH]ccc3c2)cc(-c2ccc3[nH]ccc3c2)c1,bis_addition_1,0.0 milligram,0.0 micromole,0 microliter,C29H23N3O,Cc1cc(C=O)c(C)n1-c1cccc(Cl)c1,dehalogenation_0,0.0 milligram,0.0 micromole,0 microliter,C13H12ClNO,CC1=CC(C=O)=C(C)N1C2=CC(Cl)=CC(Cl)=C2.OB(C1=CC2=C(NC=C2)C=C1)O>>Cc1cc(C=O)c(C)n1-c1cc(Cl)cc(-c2ccc3[nH]ccc3c2)c1.Cc1cc(C=O)c(C)n1-c1cc(-c2ccc3[nH]ccc3c2)cc(-c2ccc3[nH]ccc3c2)c1.Cc1cc(C=O)c(C)n1-c1cccc(Cl)c1.c1ccc2[nH]ccc2c1,004_RLN-NB-2443_011_N21,,,c1ccc2[nH]ccc2c1,deborylation_0,0.0 milligram,0.0 micromole,0 microliter,C8H7N,,,,,,,,,,,,,6/9/2023 9:26:12 PM,004_rln-nb-2443_011_n21.raw,2min_150_1200.EXP,004_RLN-NB-2443_011_N21,004_RLN-NB-2443_011_N,Rxn_Opt_HSST3_2_98,Analog,0.2602145852665802,0,1.2001286783541523,5.8795258860815505,1.226,4.61207305933549,0.736,2.4771846107016344,1.326,0,False,429.18411237047,1.25,bis_addition_2,0,0,0,0,0,182.2815013938868,22.594912887216502,4.61207305933549,194.9,0.736,46.61412848096877,5.8795258860815505,1.2001286783541523,639.1,1.226,0,0,0,0,0,0,0,0,0,0,0,0,0,0,0,0,0,0,0,0,124.95376946114088,12.135924510359166,2.4771846107016344,267.8,1.326,0,0,0,0,0,0,0,0,0,0,0,0,0,0,0,0,0,0,0,0,0,0,0,0,0,0,0,0,0,0,0,0,0,0,0,0,0,0,0,0,0,0,0,0,0,0,0,0,0,0,35.13286273870597,4.595578173511047,0.9380493030407764,267.8,1.3701221236976258,0.0,0.0,0.0,0.0,0.0,0.0,0.0,0.0,0.0,0.0,0.0,0.0,0.0,0.0,8.135597948883586e-05,20.338994872208964,0.00010408583410663209,26.02145852665802,0.0,0.0,0.0,0.0,0.0,0.0,0.0,0.0,0.00021484348394589818,53.710870986474546,0.0,0.0,0.0,0.0,0.0,0.0,0.0,0.0,0.0,0.0,0.0,0.0,0.0,0.0,0.0,0.0,0.0,0.0,0.0,0.0,0.0,0.0
333,N22,COC1=CC=C(C(P(C(C)(C)C)C(C)(C)C)=C1C2=C(C=C(C=C2C(C)C)C(C)C)C(C)C)OC.NC3=C(C=CC=C3)C4=C(C=CC=C4)[Pd]OS(C)(=O)=O,tBuBrettPhos Pd G3,0.06835544000000003 milligram,0.08000000000000002 micromole,0.06835544000000005 microliter,C44H62NO5PPdS,CC1=C(C(=NN1C(C)C)N)Br,4-BROMO-1-ISOPROPYL-5-METHYL-1H-PYRAZOL-3-AMINE,0.0872392 milligram,0.4 micromole,0.08723920000000002 microliter,C7H12BrN3,FC1=CN=CC(B(O)O)=C1,(5-fluoropyridin-3-yl)boronic acid,0.06763679999999998 milligram,0.48000000000000004 micromole,0.0676368 microliter,C5H5BFNO2,[Na+].[Na+].[O-]C([O-])=O,Na2CO3,0.31796399999999997 milligram,3.0 micromole,0.317964 microliter,CNa2O3,CN1C=NC2=C1C(=O)N(C(=O)N2C)C,caffeine,0.0776764 milligram,0.4 micromole,0.07767640000000002 microliter,C8H10N4O2,C1COCCO1,dioxane,16.2225 milligram,184.12480421310696 micromole,15.75 microliter,C4H8O2,O,water,1.75 milligram,97.1412711629198 micromole,1.75 microliter,H2O,Cc1c(-c2cncc(F)c2)c(N)nn1C(C)C,suzuki_product_0,0.0 milligram,0.0 micromole,0 microliter,C12H15FN4,Cc1cc(N)nn1C(C)C,dehalogenation_0,0.0 milligram,0.0 micromole,0 microliter,C7H13N3,Fc1cccnc1,deborylation_0,0.0 milligram,0.0 micromole,0 microliter,C5H4FN,CC1=C(C(=NN1C(C)C)N)Br.FC1=CN=CC(B(O)O)=C1>>Cc1c(-c2cncc(F)c2)c(N)nn1C(C)C.Cc1cc(N)nn1C(C)C.Fc1cccnc1,004_RLN-NB-2443_011_N22,,,,,,,,,,,,,,,,,,,,,6/9/2023 9:28:38 PM,004_rln-nb-2443_011_n22.raw,2min_150_1200.EXP,004_RLN-NB-2443_011_N22,004_RLN-NB-2443_011_N22_004_RLN-NB-2443_011_N22_00,Rxn_Opt_HSST3_2_98,Analog,0,0,0,0,0,3.850458880907452,0.736,0,0,0,False,97.03277729544,1.25,deborylation_0,0,0,0,0,0,158.08454630268457,25.971826032258587,3.850458880907452,195,0.736,0,0,0,0,0,0,0,0,0,0,0,0,0,0,0,0,0,0,0,0,0,0,0,0,0,0,0,0,0,0,0,0,0,0,0,0,0,0,0,0,0,0,0,0,0,0,0,0,0,0,0,0,0,0,0,0,0,0,0,0,0,0,0,0,0,0,0,0,0,0,0,0,0,0,0,0,0,0,0,0,0.0,0.0,0.0,0.0,0.0,0.0,0.0,0.0,0.0,0.0,0.0,0.0,0.0,0.0,0.0,0.0,0.0,0.0,0.0,0.0,0.0,0.0,0.0,0.0,0.0,0.0,0.0,0.0,0.0,0.0,0.0,0.0,0.0,0.0,0.0,0.0,0.0,0.0,0.0,0.0,0.0,0.0,0.0,0.0,0.0,0.0,0.0,0.0,0.0,0.0,0.0,0.0,0.0,0.0,0.0
334,N23,COC1=CC=C(C(P(C(C)(C)C)C(C)(C)C)=C1C2=C(C=C(C=C2C(C)C)C(C)C)C(C)C)OC.NC3=C(C=CC=C3)C4=C(C=CC=C4)[Pd]OS(C)(=O)=O,tBuBrettPhos Pd G3,0.06835544000000003 milligram,0.08000000000000002 micromole,0.06835544000000005 microliter,C44H62NO5PPdS,CC1=C(C(=NN1C(C)C)N)Br,4-BROMO-1-ISOPROPYL-5-METHYL-1H-PYRAZOL-3-AMINE,0.0872392 milligram,0.4 micromole,0.08723920000000002 microliter,C7H12BrN3,CN1N=CC(B(O)O)=C1,(1-methyl-1H-pyrazol-4-yl)boronic acid,0.060443519999999994 milligram,0.48000000000000004 micromole,0.06044352000000001 microliter,C4H7BN2O2,[Na+].[Na+].[O-]C([O-])=O,Na2CO3,0.31796399999999997 milligram,3.0 micromole,0.317964 microliter,CNa2O3,CN1C=NC2=C1C(=O)N(C(=O)N2C)C,caffeine,0.0776764 milligram,0.4 micromole,0.07767640000000002 microliter,C8H10N4O2,C1COCCO1,dioxane,16.2225 milligram,184.12480421310696 micromole,15.75 microliter,C4H8O2,O,water,1.75 milligram,97.1412711629198 micromole,1.75 microliter,H2O,Cc1c(-c2cnn(C)c2)c(N)nn1C(C)C,suzuki_product_0,0.0 milligram,0.0 micromole,0 microliter,C11H17N5,Cc1cc(N)nn1C(C)C,dehalogenation_0,0.0 milligram,0.0 micromole,0 microliter,C7H13N3,Cn1cccn1,deborylation_0,0.0 milligram,0.0 micromole,0 microliter,C4H6N2,CC1=C(C(=NN1C(C)C)N)Br.CN1N=CC(B(O)O)=C1>>Cc1c(-c2cnn(C)c2)c(N)nn1C(C)C.Cc1cc(N)nn1C(C)C.Cn1cccn1,004_RLN-NB-2443_011_N23,,,,,,,,,,,,,,,,,,,,,6/9/2023 9:31:05 PM,004_rln-nb-2443_011_n23.raw,2min_150_1200.EXP,004_RLN-NB-2443_011_N23,004_RLN-NB-2443_011_N23_004_RLN-NB-2443_011_N23_004,Rxn_Opt_HSST3_2_98,Analog,0,0,0,0,0,4.805899401058232,0.736,0,0,0,False,82.05309820128,1.25,deborylation_0,0,0,0,0,0,187.3980986943997,28.381616724700816,4.805899401058232,195,0.736,0,0,0,0,0,0,0,0,0,0,0,0,0,0,0,0,0,0,0,0,0,0,0,0,0,0,0,0,0,0,0,0,0,0,0,0,0,0,0,0,0,0,0,0,0,0,0,0,0,0,0,0,0,0,0,0,0,0,0,0,0,0,0,0,0,0,0,0,0,0,0,0,0,0,0,0,0,0,0,0,0.0,0.0,0.0,0.0,0.0,0.0,0.0,0.0,0.0,0.0,0.0,0.0,0.0,0.0,0.0,0.0,0.0,0.0,0.0,0.0,0.0,0.0,0.0,0.0,0.0,0.0,0.0,0.0,0.0,0.0,0.0,0.0,0.0,0.0,0.0,0.0,0.0,0.0,0.0,0.0,0.0,0.0,0.0,0.0,0.0,0.0,0.0,0.0,0.0,0.0,0.0,0.0,0.0,0.0,0.0
335,N24,COC1=CC=C(C(P(C(C)(C)C)C(C)(C)C)=C1C2=C(C=C(C=C2C(C)C)C(C)C)C(C)C)OC.NC3=C(C=CC=C3)C4=C(C=CC=C4)[Pd]OS(C)(=O)=O,tBuBrettPhos Pd G3,0.06835544000000003 milligram,0.08000000000000002 micromole,0.06835544000000005 microliter,C44H62NO5PPdS,CC1=C(C(=NN1C(C)C)N)Br,4-BROMO-1-ISOPROPYL-5-METHYL-1H-PYRAZOL-3-AMINE,0.0872392 milligram,0.4 micromole,0.08723920000000002 microliter,C7H12BrN3,OB(C1=CC2=C(NC=C2)C=C1)O,(1H-indol-5-yl)boronic acid,0.07726511999999999 milligram,0.48000000000000004 micromole,0.07726512 microliter,C8H8BNO2,[Na+].[Na+].[O-]C([O-])=O,Na2CO3,0.31796399999999997 milligram,3.0 micromole,0.317964 microliter,CNa2O3,CN1C=NC2=C1C(=O)N(C(=O)N2C)C,caffeine,0.0776764 milligram,0.4 micromole,0.07767640000000002 microliter,C8H10N4O2,C1COCCO1,dioxane,16.2225 milligram,184.12480421310696 micromole,15.75 microliter,C4H8O2,O,water,1.75 milligram,97.1412711629198 micromole,1.75 microliter,H2O,Cc1c(-c2ccc3[nH]ccc3c2)c(N)nn1C(C)C,suzuki_product_0,0.0 milligram,0.0 micromole,0 microliter,C15H18N4,Cc1cc(N)nn1C(C)C,dehalogenation_0,0.0 milligram,0.0 micromole,0 microliter,C7H13N3,c1ccc2[nH]ccc2c1,deborylation_0,0.0 milligram,0.0 micromole,0 microliter,C8H7N,CC1=C(C(=NN1C(C)C)N)Br.OB(C1=CC2=C(NC=C2)C=C1)O>>Cc1c(-c2ccc3[nH]ccc3c2)c(N)nn1C(C)C.Cc1cc(N)nn1C(C)C.c1ccc2[nH]ccc2c1,004_RLN-NB-2443_011_N24,,,,,,,,,,,,,,,,,,,,,6/9/2023 9:33:31 PM,004_rln-nb-2443_011_n24.raw,2min_150_1200.EXP,004_RLN-NB-2443_011_N24,004_RLN-NB-2443_011_N24_004_RLN-NB-2443_011_N24_004_R,Rxn_Opt_HSST3_2_98,Analog,0,0,0,0,0,4.654271119893688,0.736,0,0,0,False,117.05784922892,1.25,deborylation_0,0,0,0,0,0,182.88208409319412,23.948096882267407,4.654271119893688,195,0.736,0,0,0,0,0,0,0,0,0,0,0,0,0,0,0,0,0,0,0,0,0,0,0,0,0,0,0,0,0,0,0,0,0,0,0,0,0,0,0,0,0,0,0,0,0,0,0,0,0,0,0,0,0,0,0,0,0,0,0,0,0,0,0,0,0,0,0,0,0,0,0,0,0,0,0,0,0,0,0,0,0.0,0.0,0.0,0.0,0.0,0.0,0.0,0.0,0.0,0.0,0.0,0.0,0.0,0.0,0.0,0.0,0.0,0.0,0.0,0.0,0.0,0.0,0.0,0.0,0.0,0.0,0.0,0.0,0.0,0.0,0.0,0.0,0.0,0.0,0.0,0.0,0.0,0.0,0.0,0.0,0.0,0.0,0.0,0.0,0.0,0.0,0.0,0.0,0.0,0.0,0.0,0.0,0.0,0.0,0.0
336,O1,CC(C)C1=CC(C(C)C)=CC(C(C)C)=C1C2=C([P+](C3CCCCC3)([Pd-2]4(OS(C)(=O)=O)C(C=CC=C5)=C5C6=C([NH+]4C)C=CC=C6)C7CCCCC7)C=CC=C2,XPhos Pd G4,0.06883952 milligram,0.08000000000000002 micromole,0.06883952000000002 microliter,C47H64NO3PPdS,COC1=C(N)C(Cl)=NC=N1,4-chloro-6-methoxypyrimidin-5-amine,0.06383040000000001 milligram,0.4 micromole,0.06383040000000002 microliter,C5H6ClN3O,FC1=CN=CC(B(O)O)=C1,(5-fluoropyridin-3-yl)boronic acid,0.06763679999999998 milligram,0.48000000000000004 micromole,0.0676368 microliter,C5H5BFNO2,[Na+].[Na+].[O-]C([O-])=O,Na2CO3,0.31796399999999997 milligram,3.0 micromole,0.317964 microliter,CNa2O3,CN1C=NC2=C1C(=O)N(C(=O)N2C)C,caffeine,0.0776764 milligram,0.4 micromole,0.07767640000000002 microliter,C8H10N4O2,C1COCCO1,dioxane,16.2225 milligram,184.12480421310696 micromole,15.75 microliter,C4H8O2,O,water,1.75 milligram,97.1412711629198 micromole,1.75 microliter,H2O,COc1ncnc(-c2cncc(F)c2)c1N,suzuki_product_0,0.0 milligram,0.0 micromole,0 microliter,C10H9FN4O,COc1ncncc1N,dehalogenation_0,0.0 milligram,0.0 micromole,0 microliter,C5H7N3O,Fc1cccnc1,deborylation_0,0.0 milligram,0.0 micromole,0 microliter,C5H4FN,COC1=C(N)C(Cl)=NC=N1.FC1=CN=CC(B(O)O)=C1>>COc1ncnc(-c2cncc(F)c2)c1N.COc1ncncc1N.Fc1cccnc1,004_RLN-NB-2443_011_O1,,,,,,,,,,,,,,,,,,,,,6/9/2023 9:35:59 PM,004_rln-nb-2443_011_o1.raw,2min_150_1200.EXP,004_RLN-NB-2443_011_O1,004_RLN-NB-2443_011_O1_004_RLN-NB-2443_011_O1_004_,Rxn_Opt_HSST3_2_98,Analog,0,0,0,0,0,5.6240336852744734,0.736,0,0,0,False,97.03277729544,1.25,deborylation_0,0,0,0,0,0,213.76289297163723,22.427810992875642,5.6240336852744734,194.9,0.736,0,0,0,0,0,0,0,0,0,0,0,0,0,0,0,0,0,0,0,0,0,0,0,0,0,0,0,0,0,0,0,0,0,0,0,0,0,0,0,0,0,0,0,0,0,0,0,0,0,0,0,0,0,0,0,0,0,0,0,0,0,0,0,0,0,0,0,0,0,0,0,0,0,0,0,0,0,0,0,0,0.0,0.0,0.0,0.0,0.0,0.0,0.0,0.0,0.0,0.0,0.0,0.0,0.0,0.0,0.0,0.0,0.0,0.0,0.0,0.0,0.0,0.0,0.0,0.0,0.0,0.0,0.0,0.0,0.0,0.0,0.0,0.0,0.0,0.0,0.0,0.0,0.0,0.0,0.0,0.0,0.0,0.0,0.0,0.0,0.0,0.0,0.0,0.0,0.0,0.0,0.0,0.0,0.0,0.0,0.0
337,O2,CC(C)C1=CC(C(C)C)=CC(C(C)C)=C1C2=C([P+](C3CCCCC3)([Pd-2]4(OS(C)(=O)=O)C(C=CC=C5)=C5C6=C([NH+]4C)C=CC=C6)C7CCCCC7)C=CC=C2,XPhos Pd G4,0.06883952 milligram,0.08000000000000002 micromole,0.06883952000000002 microliter,C47H64NO3PPdS,COC1=C(N)C(Cl)=NC=N1,4-chloro-6-methoxypyrimidin-5-amine,0.06383040000000001 milligram,0.4 micromole,0.06383040000000002 microliter,C5H6ClN3O,CN1N=CC(B(O)O)=C1,(1-methyl-1H-pyrazol-4-yl)boronic acid,0.060443519999999994 milligram,0.48000000000000004 micromole,0.06044352000000001 microliter,C4H7BN2O2,[Na+].[Na+].[O-]C([O-])=O,Na2CO3,0.31796399999999997 milligram,3.0 micromole,0.317964 microliter,CNa2O3,CN1C=NC2=C1C(=O)N(C(=O)N2C)C,caffeine,0.0776764 milligram,0.4 micromole,0.07767640000000002 microliter,C8H10N4O2,C1COCCO1,dioxane,16.2225 milligram,184.12480421310696 micromole,15.75 microliter,C4H8O2,O,water,1.75 milligram,97.1412711629198 micromole,1.75 microliter,H2O,COc1ncnc(-c2cnn(C)c2)c1N,suzuki_product_0,0.0 milligram,0.0 micromole,0 microliter,C9H11N5O,COc1ncncc1N,dehalogenation_0,0.0 milligram,0.0 micromole,0 microliter,C5H7N3O,Cn1cccn1,deborylation_0,0.0 milligram,0.0 micromole,0 microliter,C4H6N2,COC1=C(N)C(Cl)=NC=N1.CN1N=CC(B(O)O)=C1>>COc1ncnc(-c2cnn(C)c2)c1N.COc1ncncc1N.Cn1cccn1,004_RLN-NB-2443_011_O2,,,,,,,,,,,,,,,,,,,,,6/9/2023 9:38:25 PM,004_rln-nb-2443_011_o2.raw,2min_150_1200.EXP,004_RLN-NB-2443_011_O2,004_RLN-NB-2443_011_O2_004_RLN-NB-2443_011_O2_004_R,Rxn_Opt_HSST3_2_98,Analog,0.1951293210082794,0,1.0488700327142189,4.3620029402197105,0.6893,5.37525589334529,0.7343,0,0,0,False,82.05309820128,1.25,deborylation_0,0,0,0,0,0,210.22349342158202,22.354420738411882,5.37525589334529,194.9,0.7343,0,0,0,0,0,0,0,0,0,0,0,0,0,0,0,0,0,0,0,0,0,0,0,0,0,0,0,0,0,0,0,0,0,0,0,0,0,0,0,0,0,0,0,0,0,0,0,0,0,0,0,0,0,0,0,0,0,0,0,0,0,0,0,0,0,0,0,0,0,0,0,0,0,0,0,0,0,0,0,0,49.518373317617616,4.3620029402197105,1.0488700327142189,206.0,0.6893,0.0,0.0,0.0,0.0,0.0,0.0,0.0,0.0,0.0,0.0,0.0,0.0,0.0,0.0,7.805172840331176e-05,19.51293210082794,0.0,0.0,0.0,0.0,0.0,0.0,0.0,0.0,0.0,0.0,0.0,0.0,0.0,0.0,0.0,0.0,0.0,0.0,0.0,0.0,0.0,0.0,0.0,0.0,0.0,0.0,0.0,0.0,0.0,0.0,0.0,0.0,0.0,0.0
338,O3,CC(C)C1=CC(C(C)C)=CC(C(C)C)=C1C2=C([P+](C3CCCCC3)([Pd-2]4(OS(C)(=O)=O)C(C=CC=C5)=C5C6=C([NH+]4C)C=CC=C6)C7CCCCC7)C=CC=C2,XPhos Pd G4,0.06883952 milligram,0.08000000000000002 micromole,0.06883952000000002 microliter,C47H64NO3PPdS,COC1=C(N)C(Cl)=NC=N1,4-chloro-6-methoxypyrimidin-5-amine,0.06383040000000001 milligram,0.4 micromole,0.06383040000000002 microliter,C5H6ClN3O,OB(C1=CC2=C(NC=C2)C=C1)O,(1H-indol-5-yl)boronic acid,0.07726511999999999 milligram,0.48000000000000004 micromole,0.07726512 microliter,C8H8BNO2,[Na+].[Na+].[O-]C([O-])=O,Na2CO3,0.31796399999999997 milligram,3.0 micromole,0.317964 microliter,CNa2O3,CN1C=NC2=C1C(=O)N(C(=O)N2C)C,caffeine,0.0776764 milligram,0.4 micromole,0.07767640000000002 microliter,C8H10N4O2,C1COCCO1,dioxane,16.2225 milligram,184.12480421310696 micromole,15.75 microliter,C4H8O2,O,water,1.75 milligram,97.1412711629198 micromole,1.75 microliter,H2O,COc1ncnc(-c2ccc3[nH]ccc3c2)c1N,suzuki_product_0,0.0 milligram,0.0 micromole,0 microliter,C13H12N4O,COc1ncncc1N,dehalogenation_0,0.0 milligram,0.0 micromole,0 microliter,C5H7N3O,c1ccc2[nH]ccc2c1,deborylation_0,0.0 milligram,0.0 micromole,0 microliter,C8H7N,COC1=C(N)C(Cl)=NC=N1.OB(C1=CC2=C(NC=C2)C=C1)O>>COc1ncnc(-c2ccc3[nH]ccc3c2)c1N.COc1ncncc1N.c1ccc2[nH]ccc2c1,004_RLN-NB-2443_011_O3,,,,,,,,,,,,,,,,,,,,,6/9/2023 9:40:52 PM,004_rln-nb-2443_011_o3.raw,2min_150_1200.EXP,004_RLN-NB-2443_011_O3,004_RLN-NB-2443_011_O3_004_RLN-NB-2443_011_O3_004_RL,Rxn_Opt_HSST3_2_98,Analog,0.9735650602242735,0,4.047057050637786,14.329142113717324,0.781,4.156945658778565,0.736,0,0,0,False,117.05784922892,1.25,deborylation_0,0,0,0,0,0,177.13975980442294,14.71821730169365,4.156945658778565,195,0.736,0,0,0,0,0,0,0,0,0,0,0,0,0,0,0,0,0,0,0,0,0,0,0,0,0,0,0,0,0,0,0,0,0,0,0,0,0,0,0,0,0,0,0,0,0,0,0,0,0,0,0,0,0,0,0,0,0,0,0,0,0,0,0,0,0,0,0,0,0,0,0,0,0,0,0,0,0,0,0,0,134.18768152243152,14.329142113717324,4.047057050637786,240.9,0.781,0.0,0.0,0.0,0.0,0.0,0.0,0.0,0.0,0.0,0.0,0.0,0.0,0.0,0.0,0.0003894260240897094,97.35650602242735,0.0,0.0,0.0,0.0,0.0,0.0,0.0,0.0,0.0,0.0,0.0,0.0,0.0,0.0,0.0,0.0,0.0,0.0,0.0,0.0,0.0,0.0,0.0,0.0,0.0,0.0,0.0,0.0,0.0,0.0,0.0,0.0,0.0,0.0
339,O4,CC(C)C1=CC(C(C)C)=CC(C(C)C)=C1C2=C([P+](C3CCCCC3)([Pd-2]4(OS(C)(=O)=O)C(C=CC=C5)=C5C6=C([NH+]4C)C=CC=C6)C7CCCCC7)C=CC=C2,XPhos Pd G4,0.06883952 milligram,0.08000000000000002 micromole,0.06883952000000002 microliter,C47H64NO3PPdS,C1=C(C(=C(N=N1)Cl)Cl)N,"5,6-dichloropyridazin-4-amine",0.06559799999999999 milligram,0.4 micromole,0.065598 microliter,C4H3Cl2N3,FC1=CN=CC(B(O)O)=C1,(5-fluoropyridin-3-yl)boronic acid,0.06763679999999998 milligram,0.48000000000000004 micromole,0.0676368 microliter,C5H5BFNO2,[Na+].[Na+].[O-]C([O-])=O,Na2CO3,0.31796399999999997 milligram,3.0 micromole,0.317964 microliter,CNa2O3,CN1C=NC2=C1C(=O)N(C(=O)N2C)C,caffeine,0.0776764 milligram,0.4 micromole,0.07767640000000002 microliter,C8H10N4O2,C1COCCO1,dioxane,16.2225 milligram,184.12480421310696 micromole,15.75 microliter,C4H8O2,O,water,1.75 milligram,97.1412711629198 micromole,1.75 microliter,H2O,Nc1cnnc(Cl)c1-c1cncc(F)c1,suzuki_product_0,0.0 milligram,0.0 micromole,0 microliter,C9H6ClFN4,Nc1cnnc(-c2cncc(F)c2)c1Cl,suzuki_product_1,0.0 milligram,0.0 micromole,0 microliter,C9H6ClFN4,Nc1cnnc(-c2cncc(F)c2)c1-c1cncc(F)c1,bis_addition_4,0.0 milligram,0.0 micromole,0 microliter,C14H9F2N5,C1=C(C(=C(N=N1)Cl)Cl)N.FC1=CN=CC(B(O)O)=C1>>Nc1cnnc(Cl)c1-c1cncc(F)c1.Nc1cnnc(-c2cncc(F)c2)c1Cl.Nc1cnnc(-c2cncc(F)c2)c1-c1cncc(F)c1.Nc1cnnc(Cl)c1.Nc1cnncc1Cl.Fc1cccnc1,004_RLN-NB-2443_011_O4,,,Nc1cnnc(Cl)c1,dehalogenation_0,0.0 milligram,0.0 micromole,0 microliter,C4H4ClN3,Nc1cnncc1Cl,dehalogenation_1,0.0 milligram,0.0 micromole,0 microliter,C4H4ClN3,Fc1cccnc1,deborylation_0,0.0 milligram,0.0 micromole,0 microliter,C5H4FN,6/9/2023 9:43:19 PM,004_rln-nb-2443_011_o4.raw,2min_150_1200.EXP,004_RLN-NB-2443_011_O4,004_RLN-NB-2443_011_O4,Rxn_Opt_HSST3_2_98,Analog,0,0,0,0,0,5.475010175313255,0.736,2.7740266364477257,0.781,0,False,285.08260163624,1.25,bis_addition_4,0,0,0,0,0,217.31393372126277,20.96943045124365,5.475010175313255,195,0.736,0,0,0,0,0,0,0,0,0,0,0,0,0,0,0,0,0,0,0,0,0,0,0,0,0,0,0,0,0,0,0,0,0,0,0,0,0,0,0,0,0,0,0,0,0,0,0,0,0,0,0,0,0,0,0,97.66640931413966,10.624593701245448,2.7740266364477257,163.8,0.781,0,0,0,0,0,0,0,0,0,0,0,0,0,0,0,0,0,0,0,0,0.0,0.0,0.0,0.0,0.0,0.0,0.0,0.0,0.0,0.0,0.0,0.0,0.0,0.0,0.0,0.0,0.0,0.0,0.0,0.0,0.0,0.0,0.0,0.0,0.0,0.0,0.0,0.0,0.0,0.0,0.0,0.0,0.0,0.0,0.0,0.0,0.0,0.0,0.0,0.0,0.0,0.0002026682360486396,50.667059012159896,0.0,0.0,0.0,0.0,0.0,0.0,0.0,0.0,0.0,0.0,0.0,0.0
340,O5,CC(C)C1=CC(C(C)C)=CC(C(C)C)=C1C2=C([P+](C3CCCCC3)([Pd-2]4(OS(C)(=O)=O)C(C=CC=C5)=C5C6=C([NH+]4C)C=CC=C6)C7CCCCC7)C=CC=C2,XPhos Pd G4,0.06883952 milligram,0.08000000000000002 micromole,0.06883952000000002 microliter,C47H64NO3PPdS,C1=C(C(=C(N=N1)Cl)Cl)N,"5,6-dichloropyridazin-4-amine",0.06559799999999999 milligram,0.4 micromole,0.065598 microliter,C4H3Cl2N3,CN1N=CC(B(O)O)=C1,(1-methyl-1H-pyrazol-4-yl)boronic acid,0.060443519999999994 milligram,0.48000000000000004 micromole,0.06044352000000001 microliter,C4H7BN2O2,[Na+].[Na+].[O-]C([O-])=O,Na2CO3,0.31796399999999997 milligram,3.0 micromole,0.317964 microliter,CNa2O3,CN1C=NC2=C1C(=O)N(C(=O)N2C)C,caffeine,0.0776764 milligram,0.4 micromole,0.07767640000000002 microliter,C8H10N4O2,C1COCCO1,dioxane,16.2225 milligram,184.12480421310696 micromole,15.75 microliter,C4H8O2,O,water,1.75 milligram,97.1412711629198 micromole,1.75 microliter,H2O,Cn1cc(-c2c(N)cnnc2Cl)cn1,suzuki_product_0,0.0 milligram,0.0 micromole,0 microliter,C8H8ClN5,Cn1cc(-c2nncc(N)c2Cl)cn1,suzuki_product_1,0.0 milligram,0.0 micromole,0 microliter,C8H8ClN5,Cn1cc(-c2nncc(N)c2-c2cnn(C)c2)cn1,bis_addition_2,0.0 milligram,0.0 micromole,0 microliter,C12H13N7,C1=C(C(=C(N=N1)Cl)Cl)N.CN1N=CC(B(O)O)=C1>>Cn1cc(-c2c(N)cnnc2Cl)cn1.Cn1cc(-c2nncc(N)c2Cl)cn1.Cn1cc(-c2nncc(N)c2-c2cnn(C)c2)cn1.Nc1cnnc(Cl)c1.Nc1cnncc1Cl.Cn1cccn1,004_RLN-NB-2443_011_O5,,,Nc1cnnc(Cl)c1,dehalogenation_0,0.0 milligram,0.0 micromole,0 microliter,C4H4ClN3,Nc1cnncc1Cl,dehalogenation_1,0.0 milligram,0.0 micromole,0 microliter,C4H4ClN3,Cn1cccn1,deborylation_0,0.0 milligram,0.0 micromole,0 microliter,C4H6N2,6/9/2023 9:45:45 PM,004_rln-nb-2443_011_o5.raw,2min_150_1200.EXP,004_RLN-NB-2443_011_O5,004_RLN-NB-2443_011_O5,Rxn_Opt_HSST3_2_98,Analog,0.11534095148347448,0,0.5877357554476255,1.882347822962525,0.626,5.095638174372382,0.7343,2.675972107289238,0.776,"256.1,278.1",False,255.12324344792,1.25,bis_addition_2,0,0,0,0,0,213.9555781578813,16.319856900367423,5.095638174372382,195,0.7343,0,0,0,0,0,0,0,0,0,0,0,0,0,0,0,0,0,0,0,0,0,0,0,0,0,0,0,0,0,0,22.242669366589883,1.882347822962525,0.5877357554476255,210,0.626,0,0,0,0,0,0,0,0,0,0,0,0,0,0,0,0,0,0,0,0,91.09477075009453,8.57036554910297,2.675972107289238,163.7,0.776,0,0,0,0,0,0,0,0,0,0,0,0,0,0,0,0,0,0,0,0,22.242669366589883,1.882347822962525,0.5877357554476255,210.0,0.626,22.242669366589883,1.882347822962525,0.5877357554476255,210.0,0.626,0.0,0.0,0.0,0.0,0.0,0.0,0.0,0.0,0.0,4.613638059338979e-05,11.534095148347449,0.0,0.0,0.0,0.0,0.0,0.0,0.0,0.0,0.0,0.0,0.0,0.0,0.0,0.0,0.0,0.0,0.0,0.0,0.0,0.0,0.00021005982102477918,52.514955256194796,4.613638059338979e-05,11.534095148347449,0.0,0.0,0.0,0.0,4.613638059338979e-05,11.534095148347449,0.0,0.0,0.0,0.0
341,O6,CC(C)C1=CC(C(C)C)=CC(C(C)C)=C1C2=C([P+](C3CCCCC3)([Pd-2]4(OS(C)(=O)=O)C(C=CC=C5)=C5C6=C([NH+]4C)C=CC=C6)C7CCCCC7)C=CC=C2,XPhos Pd G4,0.06883952 milligram,0.08000000000000002 micromole,0.06883952000000002 microliter,C47H64NO3PPdS,C1=C(C(=C(N=N1)Cl)Cl)N,"5,6-dichloropyridazin-4-amine",0.06559799999999999 milligram,0.4 micromole,0.065598 microliter,C4H3Cl2N3,OB(C1=CC2=C(NC=C2)C=C1)O,(1H-indol-5-yl)boronic acid,0.07726511999999999 milligram,0.48000000000000004 micromole,0.07726512 microliter,C8H8BNO2,[Na+].[Na+].[O-]C([O-])=O,Na2CO3,0.31796399999999997 milligram,3.0 micromole,0.317964 microliter,CNa2O3,CN1C=NC2=C1C(=O)N(C(=O)N2C)C,caffeine,0.0776764 milligram,0.4 micromole,0.07767640000000002 microliter,C8H10N4O2,C1COCCO1,dioxane,16.2225 milligram,184.12480421310696 micromole,15.75 microliter,C4H8O2,O,water,1.75 milligram,97.1412711629198 micromole,1.75 microliter,H2O,Nc1cnnc(Cl)c1-c1ccc2[nH]ccc2c1,suzuki_product_0,0.0 milligram,0.0 micromole,0 microliter,C12H9ClN4,Nc1cnnc(-c2ccc3[nH]ccc3c2)c1Cl,suzuki_product_1,0.0 milligram,0.0 micromole,0 microliter,C12H9ClN4,Nc1cnnc(-c2ccc3[nH]ccc3c2)c1-c1ccc2[nH]ccc2c1,bis_addition_2,0.0 milligram,0.0 micromole,0 microliter,C20H15N5,C1=C(C(=C(N=N1)Cl)Cl)N.OB(C1=CC2=C(NC=C2)C=C1)O>>Nc1cnnc(Cl)c1-c1ccc2[nH]ccc2c1.Nc1cnnc(-c2ccc3[nH]ccc3c2)c1Cl.Nc1cnnc(-c2ccc3[nH]ccc3c2)c1-c1ccc2[nH]ccc2c1.Nc1cnnc(Cl)c1.Nc1cnncc1Cl.c1ccc2[nH]ccc2c1,004_RLN-NB-2443_011_O6,,,Nc1cnnc(Cl)c1,dehalogenation_0,0.0 milligram,0.0 micromole,0 microliter,C4H4ClN3,Nc1cnncc1Cl,dehalogenation_1,0.0 milligram,0.0 micromole,0 microliter,C4H4ClN3,c1ccc2[nH]ccc2c1,deborylation_0,0.0 milligram,0.0 micromole,0 microliter,C8H7N,6/9/2023 9:48:12 PM,004_rln-nb-2443_011_o6.raw,2min_150_1200.EXP,004_RLN-NB-2443_011_O6,004_RLN-NB-2443_011_O6,Rxn_Opt_HSST3_2_98,Analog,1,0,4.6545340843697725,0,0,4.6545340843697725,0.7376,5.161169595219602,0.7776,0,False,325.1327455032,1.25,bis_addition_2,0,0,0,0,0,193.9672422691347,17.773330411690512,4.6545340843697725,195,0.7376,0,0,0,0,0,0,0,0,0,0,0,0,0,0,0,0,0,0,0,0,0,0,0,0,0,0,0,0,0,0,0,0,0,0,0,0,0,0,0,0,0,0,0,0,0,0,0,0,0,0,0,0,0,0,0,145.6946825434191,19.707917240234245,5.161169595219602,163.7,0.7776,0,0,0,0,0,0,0,0,0,0,0,0,0,0,0,0,0,0,0,0,193.9672422691347,17.773330411690512,4.6545340843697725,195.0,0.7376,193.9672422691347,17.773330411690512,4.6545340843697725,195.0,0.7376,0.0,0.0,0.0,0.0,0.0,0.0,0.0,0.0,0.0,0.0004,100.0,0.0,0.0,0.0,0.0,0.0,0.0,0.0,0.0,0.0,0.0,0.0,0.0,0.0,0.0,0.0,0.0,0.0,0.0,0.0,0.0,0.0004435390955714467,110.88477389286166,0.0004,100.0,0.0,0.0,0.0,0.0,0.0,0.0,0.0,0.0,0.0,0.0
342,O7,NC1=C(C=CC=C1)C2=C([Pd]OS(C)(=O)=O)C=CC=C2.CN(C)C3=CC=C(C=C3)P(C(C)(C)C)C(C)(C)C,APhos Pd G3,0.050809520000000004 milligram,0.08000000000000002 micromole,0.05080952000000002 microliter,C29H41N2O3PPdS,COC1=C(N)C(Cl)=NC=N1,4-chloro-6-methoxypyrimidin-5-amine,0.06383040000000001 milligram,0.4 micromole,0.06383040000000002 microliter,C5H6ClN3O,FC1=CN=CC(B(O)O)=C1,(5-fluoropyridin-3-yl)boronic acid,0.06763679999999998 milligram,0.48000000000000004 micromole,0.0676368 microliter,C5H5BFNO2,[Na+].[Na+].[O-]C([O-])=O,Na2CO3,0.31796399999999997 milligram,3.0 micromole,0.317964 microliter,CNa2O3,CN1C=NC2=C1C(=O)N(C(=O)N2C)C,caffeine,0.0776764 milligram,0.4 micromole,0.07767640000000002 microliter,C8H10N4O2,C1COCCO1,dioxane,16.2225 milligram,184.12480421310696 micromole,15.75 microliter,C4H8O2,O,water,1.75 milligram,97.1412711629198 micromole,1.75 microliter,H2O,COc1ncnc(-c2cncc(F)c2)c1N,suzuki_product_0,0.0 milligram,0.0 micromole,0 microliter,C10H9FN4O,COc1ncncc1N,dehalogenation_0,0.0 milligram,0.0 micromole,0 microliter,C5H7N3O,Fc1cccnc1,deborylation_0,0.0 milligram,0.0 micromole,0 microliter,C5H4FN,COC1=C(N)C(Cl)=NC=N1.FC1=CN=CC(B(O)O)=C1>>COc1ncnc(-c2cncc(F)c2)c1N.COc1ncncc1N.Fc1cccnc1,004_RLN-NB-2443_011_O7,,,,,,,,,,,,,,,,,,,,,6/9/2023 9:50:39 PM,004_rln-nb-2443_011_o7.raw,2min_150_1200.EXP,004_RLN-NB-2443_011_O7,004_RLN-NB-2443_011_O7_004_RLN-NB-2443_011_O7_004,Rxn_Opt_HSST3_2_98,Analog,0,0,0,0,0,4.914250508249118,0.736,0,0,0,False,97.03277729544,1.25,deborylation_0,0,0,0,0,0,171.63535113827606,38.02460236479821,4.914250508249118,194.9,0.736,0,0,0,0,0,0,0,0,0,0,0,0,0,0,0,0,0,0,0,0,0,0,0,0,0,0,0,0,0,0,0,0,0,0,0,0,0,0,0,0,0,0,0,0,0,0,0,0,0,0,0,0,0,0,0,0,0,0,0,0,0,0,0,0,0,0,0,0,0,0,0,0,0,0,0,0,0,0,0,0,0.0,0.0,0.0,0.0,0.0,0.0,0.0,0.0,0.0,0.0,0.0,0.0,0.0,0.0,0.0,0.0,0.0,0.0,0.0,0.0,0.0,0.0,0.0,0.0,0.0,0.0,0.0,0.0,0.0,0.0,0.0,0.0,0.0,0.0,0.0,0.0,0.0,0.0,0.0,0.0,0.0,0.0,0.0,0.0,0.0,0.0,0.0,0.0,0.0,0.0,0.0,0.0,0.0,0.0,0.0
343,O8,NC1=C(C=CC=C1)C2=C([Pd]OS(C)(=O)=O)C=CC=C2.CN(C)C3=CC=C(C=C3)P(C(C)(C)C)C(C)(C)C,APhos Pd G3,0.050809520000000004 milligram,0.08000000000000002 micromole,0.05080952000000002 microliter,C29H41N2O3PPdS,COC1=C(N)C(Cl)=NC=N1,4-chloro-6-methoxypyrimidin-5-amine,0.06383040000000001 milligram,0.4 micromole,0.06383040000000002 microliter,C5H6ClN3O,CN1N=CC(B(O)O)=C1,(1-methyl-1H-pyrazol-4-yl)boronic acid,0.060443519999999994 milligram,0.48000000000000004 micromole,0.06044352000000001 microliter,C4H7BN2O2,[Na+].[Na+].[O-]C([O-])=O,Na2CO3,0.31796399999999997 milligram,3.0 micromole,0.317964 microliter,CNa2O3,CN1C=NC2=C1C(=O)N(C(=O)N2C)C,caffeine,0.0776764 milligram,0.4 micromole,0.07767640000000002 microliter,C8H10N4O2,C1COCCO1,dioxane,16.2225 milligram,184.12480421310696 micromole,15.75 microliter,C4H8O2,O,water,1.75 milligram,97.1412711629198 micromole,1.75 microliter,H2O,COc1ncnc(-c2cnn(C)c2)c1N,suzuki_product_0,0.0 milligram,0.0 micromole,0 microliter,C9H11N5O,COc1ncncc1N,dehalogenation_0,0.0 milligram,0.0 micromole,0 microliter,C5H7N3O,Cn1cccn1,deborylation_0,0.0 milligram,0.0 micromole,0 microliter,C4H6N2,COC1=C(N)C(Cl)=NC=N1.CN1N=CC(B(O)O)=C1>>COc1ncnc(-c2cnn(C)c2)c1N.COc1ncncc1N.Cn1cccn1,004_RLN-NB-2443_011_O8,,,,,,,,,,,,,,,,,,,,,6/9/2023 9:53:06 PM,004_rln-nb-2443_011_o8.raw,2min_150_1200.EXP,004_RLN-NB-2443_011_O8,004_RLN-NB-2443_011_O8_004_RLN-NB-2443_011_O8_004_,Rxn_Opt_HSST3_2_98,Analog,0,0,0,0,0,5.1318475559020245,0.7376,0,0,0,False,82.05309820128,1.25,deborylation_0,0,0,0,0,0,195.98663381859424,34.97204607513171,5.1318475559020245,194.9,0.7376,0,0,0,0,0,0,0,0,0,0,0,0,0,0,0,0,0,0,0,0,0,0,0,0,0,0,0,0,0,0,0,0,0,0,0,0,0,0,0,0,0,0,0,0,0,0,0,0,0,0,0,0,0,0,0,0,0,0,0,0,0,0,0,0,0,0,0,0,0,0,0,0,0,0,0,0,0,0,0,0,0.0,0.0,0.0,0.0,0.0,0.0,0.0,0.0,0.0,0.0,0.0,0.0,0.0,0.0,0.0,0.0,0.0,0.0,0.0,0.0,0.0,0.0,0.0,0.0,0.0,0.0,0.0,0.0,0.0,0.0,0.0,0.0,0.0,0.0,0.0,0.0,0.0,0.0,0.0,0.0,0.0,0.0,0.0,0.0,0.0,0.0,0.0,0.0,0.0,0.0,0.0,0.0,0.0,0.0,0.0
344,O9,NC1=C(C=CC=C1)C2=C([Pd]OS(C)(=O)=O)C=CC=C2.CN(C)C3=CC=C(C=C3)P(C(C)(C)C)C(C)(C)C,APhos Pd G3,0.050809520000000004 milligram,0.08000000000000002 micromole,0.05080952000000002 microliter,C29H41N2O3PPdS,COC1=C(N)C(Cl)=NC=N1,4-chloro-6-methoxypyrimidin-5-amine,0.06383040000000001 milligram,0.4 micromole,0.06383040000000002 microliter,C5H6ClN3O,OB(C1=CC2=C(NC=C2)C=C1)O,(1H-indol-5-yl)boronic acid,0.07726511999999999 milligram,0.48000000000000004 micromole,0.07726512 microliter,C8H8BNO2,[Na+].[Na+].[O-]C([O-])=O,Na2CO3,0.31796399999999997 milligram,3.0 micromole,0.317964 microliter,CNa2O3,CN1C=NC2=C1C(=O)N(C(=O)N2C)C,caffeine,0.0776764 milligram,0.4 micromole,0.07767640000000002 microliter,C8H10N4O2,C1COCCO1,dioxane,16.2225 milligram,184.12480421310696 micromole,15.75 microliter,C4H8O2,O,water,1.75 milligram,97.1412711629198 micromole,1.75 microliter,H2O,COc1ncnc(-c2ccc3[nH]ccc3c2)c1N,suzuki_product_0,0.0 milligram,0.0 micromole,0 microliter,C13H12N4O,COc1ncncc1N,dehalogenation_0,0.0 milligram,0.0 micromole,0 microliter,C5H7N3O,c1ccc2[nH]ccc2c1,deborylation_0,0.0 milligram,0.0 micromole,0 microliter,C8H7N,COC1=C(N)C(Cl)=NC=N1.OB(C1=CC2=C(NC=C2)C=C1)O>>COc1ncnc(-c2ccc3[nH]ccc3c2)c1N.COc1ncncc1N.c1ccc2[nH]ccc2c1,004_RLN-NB-2443_011_O9,,,,,,,,,,,,,,,,,,,,,6/9/2023 9:55:32 PM,004_rln-nb-2443_011_o9.raw,2min_150_1200.EXP,004_RLN-NB-2443_011_O9,004_RLN-NB-2443_011_O9_004_RLN-NB-2443_011_O9_004_R,Rxn_Opt_HSST3_2_98,Analog,0.11994689897765887,0,0.6206728586341254,2.924064565514109,0.786,5.174563610433405,0.736,0.4995832027494595,0.8176,0,False,117.05784922892,1.25,deborylation_0,0,0,0,0,0,209.32141940426874,24.37799218184658,5.174563610433405,194.9,0.736,0,0,0,0,0,0,0,0,0,0,0,0,0,0,0,0,0,0,0,0,0,0,0,0,0,0,0,0,0,0,0,0,0,0,0,0,0,0,0,0,22.02952971063363,2.353596617548999,0.4995832027494595,159.8,0.8176,0,0,0,0,0,0,0,0,0,0,0,0,0,0,0,0,0,0,0,0,0,0,0,0,0,0,0,0,0,0,22.02952971063363,2.353596617548999,0.4995832027494595,159.8,0.8176,27.31067846944209,2.924064565514109,0.6206728586341254,194.9,0.786,0.0,0.0,0.0,0.0,0.0,0.0,0.0,0.0,0.0,0.0,0.0,0.0,0.0,0.0,4.797875959106355e-05,11.994689897765888,0.0,0.0,0.0,0.0,0.0,0.0,0.0,0.0,0.0,0.0,0.0,0.0,0.0,0.0,3.86183833351401e-05,9.654595833785026,0.0,0.0,0.0,0.0,0.0,0.0,0.0,0.0,0.0,0.0,0.0,0.0,0.0,0.0,0.0,0.0,3.86183833351401e-05,9.654595833785026
345,O10,NC1=C(C=CC=C1)C2=C([Pd]OS(C)(=O)=O)C=CC=C2.CN(C)C3=CC=C(C=C3)P(C(C)(C)C)C(C)(C)C,APhos Pd G3,0.050809520000000004 milligram,0.08000000000000002 micromole,0.05080952000000002 microliter,C29H41N2O3PPdS,C1=C(C(=C(N=N1)Cl)Cl)N,"5,6-dichloropyridazin-4-amine",0.06559799999999999 milligram,0.4 micromole,0.065598 microliter,C4H3Cl2N3,FC1=CN=CC(B(O)O)=C1,(5-fluoropyridin-3-yl)boronic acid,0.06763679999999998 milligram,0.48000000000000004 micromole,0.0676368 microliter,C5H5BFNO2,[Na+].[Na+].[O-]C([O-])=O,Na2CO3,0.31796399999999997 milligram,3.0 micromole,0.317964 microliter,CNa2O3,CN1C=NC2=C1C(=O)N(C(=O)N2C)C,caffeine,0.0776764 milligram,0.4 micromole,0.07767640000000002 microliter,C8H10N4O2,C1COCCO1,dioxane,16.2225 milligram,184.12480421310696 micromole,15.75 microliter,C4H8O2,O,water,1.75 milligram,97.1412711629198 micromole,1.75 microliter,H2O,Nc1cnnc(Cl)c1-c1cncc(F)c1,suzuki_product_0,0.0 milligram,0.0 micromole,0 microliter,C9H6ClFN4,Nc1cnnc(-c2cncc(F)c2)c1Cl,suzuki_product_1,0.0 milligram,0.0 micromole,0 microliter,C9H6ClFN4,Nc1cnnc(-c2cncc(F)c2)c1-c1cncc(F)c1,bis_addition_4,0.0 milligram,0.0 micromole,0 microliter,C14H9F2N5,C1=C(C(=C(N=N1)Cl)Cl)N.FC1=CN=CC(B(O)O)=C1>>Nc1cnnc(Cl)c1-c1cncc(F)c1.Nc1cnnc(-c2cncc(F)c2)c1Cl.Nc1cnnc(-c2cncc(F)c2)c1-c1cncc(F)c1.Nc1cnnc(Cl)c1.Nc1cnncc1Cl.Fc1cccnc1,004_RLN-NB-2443_011_O10,,,Nc1cnnc(Cl)c1,dehalogenation_0,0.0 milligram,0.0 micromole,0 microliter,C4H4ClN3,Nc1cnncc1Cl,dehalogenation_1,0.0 milligram,0.0 micromole,0 microliter,C4H4ClN3,Fc1cccnc1,deborylation_0,0.0 milligram,0.0 micromole,0 microliter,C5H4FN,6/9/2023 9:57:59 PM,004_rln-nb-2443_011_o10.raw,2min_150_1200.EXP,004_RLN-NB-2443_011_O10,004_RLN-NB-2443_011_O10,Rxn_Opt_HSST3_2_98,Analog,0,0,0,0,0,5.153643461787381,0.7376,2.8343895960240837,0.781,0,False,285.08260163624,1.25,bis_addition_4,0,0,0,0,0,210.4129874023717,30.796088492218228,5.153643461787381,195,0.7376,0,0,0,0,0,0,0,0,0,0,0,0,0,0,0,0,0,0,0,0,0,0,0,0,0,0,0,0,0,0,0,0,0,0,0,0,0,0,0,0,0,0,0,0,0,0,0,0,0,0,0,0,0,0,0,107.73098674286231,16.937165612598896,2.8343895960240837,163.8,0.781,0,0,0,0,0,0,0,0,0,0,0,0,0,0,0,0,0,0,0,0,0.0,0.0,0.0,0.0,0.0,0.0,0.0,0.0,0.0,0.0,0.0,0.0,0.0,0.0,0.0,0.0,0.0,0.0,0.0,0.0,0.0,0.0,0.0,0.0,0.0,0.0,0.0,0.0,0.0,0.0,0.0,0.0,0.0,0.0,0.0,0.0,0.0,0.0,0.0,0.0,0.0,0.0002199911279885911,54.997781997147776,0.0,0.0,0.0,0.0,0.0,0.0,0.0,0.0,0.0,0.0,0.0,0.0
346,O11,NC1=C(C=CC=C1)C2=C([Pd]OS(C)(=O)=O)C=CC=C2.CN(C)C3=CC=C(C=C3)P(C(C)(C)C)C(C)(C)C,APhos Pd G3,0.050809520000000004 milligram,0.08000000000000002 micromole,0.05080952000000002 microliter,C29H41N2O3PPdS,C1=C(C(=C(N=N1)Cl)Cl)N,"5,6-dichloropyridazin-4-amine",0.06559799999999999 milligram,0.4 micromole,0.065598 microliter,C4H3Cl2N3,CN1N=CC(B(O)O)=C1,(1-methyl-1H-pyrazol-4-yl)boronic acid,0.060443519999999994 milligram,0.48000000000000004 micromole,0.06044352000000001 microliter,C4H7BN2O2,[Na+].[Na+].[O-]C([O-])=O,Na2CO3,0.31796399999999997 milligram,3.0 micromole,0.317964 microliter,CNa2O3,CN1C=NC2=C1C(=O)N(C(=O)N2C)C,caffeine,0.0776764 milligram,0.4 micromole,0.07767640000000002 microliter,C8H10N4O2,C1COCCO1,dioxane,16.2225 milligram,184.12480421310696 micromole,15.75 microliter,C4H8O2,O,water,1.75 milligram,97.1412711629198 micromole,1.75 microliter,H2O,Cn1cc(-c2c(N)cnnc2Cl)cn1,suzuki_product_0,0.0 milligram,0.0 micromole,0 microliter,C8H8ClN5,Cn1cc(-c2nncc(N)c2Cl)cn1,suzuki_product_1,0.0 milligram,0.0 micromole,0 microliter,C8H8ClN5,Cn1cc(-c2nncc(N)c2-c2cnn(C)c2)cn1,bis_addition_2,0.0 milligram,0.0 micromole,0 microliter,C12H13N7,C1=C(C(=C(N=N1)Cl)Cl)N.CN1N=CC(B(O)O)=C1>>Cn1cc(-c2c(N)cnnc2Cl)cn1.Cn1cc(-c2nncc(N)c2Cl)cn1.Cn1cc(-c2nncc(N)c2-c2cnn(C)c2)cn1.Nc1cnnc(Cl)c1.Nc1cnncc1Cl.Cn1cccn1,004_RLN-NB-2443_011_O11,,,Nc1cnnc(Cl)c1,dehalogenation_0,0.0 milligram,0.0 micromole,0 microliter,C4H4ClN3,Nc1cnncc1Cl,dehalogenation_1,0.0 milligram,0.0 micromole,0 microliter,C4H4ClN3,Cn1cccn1,deborylation_0,0.0 milligram,0.0 micromole,0 microliter,C4H6N2,6/9/2023 10:00:26 PM,004_rln-nb-2443_011_o11.raw,2min_150_1200.EXP,004_RLN-NB-2443_011_O11,004_RLN-NB-2443_011_O11,Rxn_Opt_HSST3_2_98,Analog,0,0,0,0,0,4.348517164756721,0.736,1.848258726095862,0.7793,0,False,255.12324344792,1.25,bis_addition_2,0,0,0,0,0,180.5144282589858,24.488105694169057,4.348517164756721,195,0.736,0,0,0,0,0,0,0,0,0,0,0,0,0,0,0,0,0,0,0,0,0,0,0,0,0,0,0,0,0,0,0,0,0,0,0,0,0,0,0,0,0,0,0,0,0,0,0,0,0,0,0,0,0,0,0,86.4711037963744,10.408227292196472,1.848258726095862,163.2,0.7793,0,0,0,0,0,0,0,0,0,0,0,0,0,0,0,0,0,0,0,0,0.0,0.0,0.0,0.0,0.0,0.0,0.0,0.0,0.0,0.0,0.0,0.0,0.0,0.0,0.0,0.0,0.0,0.0,0.0,0.0,0.0,0.0,0.0,0.0,0.0,0.0,0.0,0.0,0.0,0.0,0.0,0.0,0.0,0.0,0.0,0.0,0.0,0.0,0.0,0.0,0.0,0.00017001277962753664,42.503194906884154,0.0,0.0,0.0,0.0,0.0,0.0,0.0,0.0,0.0,0.0,0.0,0.0
347,O12,NC1=C(C=CC=C1)C2=C([Pd]OS(C)(=O)=O)C=CC=C2.CN(C)C3=CC=C(C=C3)P(C(C)(C)C)C(C)(C)C,APhos Pd G3,0.050809520000000004 milligram,0.08000000000000002 micromole,0.05080952000000002 microliter,C29H41N2O3PPdS,C1=C(C(=C(N=N1)Cl)Cl)N,"5,6-dichloropyridazin-4-amine",0.06559799999999999 milligram,0.4 micromole,0.065598 microliter,C4H3Cl2N3,OB(C1=CC2=C(NC=C2)C=C1)O,(1H-indol-5-yl)boronic acid,0.07726511999999999 milligram,0.48000000000000004 micromole,0.07726512 microliter,C8H8BNO2,[Na+].[Na+].[O-]C([O-])=O,Na2CO3,0.31796399999999997 milligram,3.0 micromole,0.317964 microliter,CNa2O3,CN1C=NC2=C1C(=O)N(C(=O)N2C)C,caffeine,0.0776764 milligram,0.4 micromole,0.07767640000000002 microliter,C8H10N4O2,C1COCCO1,dioxane,16.2225 milligram,184.12480421310696 micromole,15.75 microliter,C4H8O2,O,water,1.75 milligram,97.1412711629198 micromole,1.75 microliter,H2O,Nc1cnnc(Cl)c1-c1ccc2[nH]ccc2c1,suzuki_product_0,0.0 milligram,0.0 micromole,0 microliter,C12H9ClN4,Nc1cnnc(-c2ccc3[nH]ccc3c2)c1Cl,suzuki_product_1,0.0 milligram,0.0 micromole,0 microliter,C12H9ClN4,Nc1cnnc(-c2ccc3[nH]ccc3c2)c1-c1ccc2[nH]ccc2c1,bis_addition_2,0.0 milligram,0.0 micromole,0 microliter,C20H15N5,C1=C(C(=C(N=N1)Cl)Cl)N.OB(C1=CC2=C(NC=C2)C=C1)O>>Nc1cnnc(Cl)c1-c1ccc2[nH]ccc2c1.Nc1cnnc(-c2ccc3[nH]ccc3c2)c1Cl.Nc1cnnc(-c2ccc3[nH]ccc3c2)c1-c1ccc2[nH]ccc2c1.Nc1cnnc(Cl)c1.Nc1cnncc1Cl.c1ccc2[nH]ccc2c1,004_RLN-NB-2443_011_O12,,,Nc1cnnc(Cl)c1,dehalogenation_0,0.0 milligram,0.0 micromole,0 microliter,C4H4ClN3,Nc1cnncc1Cl,dehalogenation_1,0.0 milligram,0.0 micromole,0 microliter,C4H4ClN3,c1ccc2[nH]ccc2c1,deborylation_0,0.0 milligram,0.0 micromole,0 microliter,C8H7N,6/9/2023 10:02:54 PM,004_rln-nb-2443_011_o12.raw,2min_150_1200.EXP,004_RLN-NB-2443_011_O12,004_RLN-NB-2443_011_O12,Rxn_Opt_HSST3_2_98,Analog,0,0,0,0,0,4.83439839597257,0.736,4.1996980543145,0.7826,0,False,325.1327455032,1.25,bis_addition_2,0,0,0,0,0,202.82005158806115,17.13236650304163,4.83439839597257,195,0.736,0,0,0,0,0,0,0,0,0,0,0,0,0,0,0,0,0,0,0,0,0,0,0,0,0,0,0,0,0,0,0,0,0,0,0,0,0,0,0,0,0,0,0,0,0,0,0,0,0,0,0,0,0,0,0,134.59219939557977,14.883085831024486,4.1996980543145,163.8,0.7826,0,0,0,0,0,0,0,0,0,0,0,0,0,0,0,0,0,0,0,0,0.0,0.0,0.0,0.0,0.0,0.0,0.0,0.0,0.0,0.0,0.0,0.0,0.0,0.0,0.0,0.0,0.0,0.0,0.0,0.0,0.0,0.0,0.0,0.0,0.0,0.0,0.0,0.0,0.0,0.0,0.0,0.0,0.0,0.0,0.0,0.0,0.0,0.0,0.0,0.0,0.0,0.00034748464734004345,86.87116183501085,0.0,0.0,0.0,0.0,0.0,0.0,0.0,0.0,0.0,0.0,0.0,0.0
348,O13,[Fe].Cl[Pd]Cl.[CH]1[CH][CH][C]([CH]1)P(C2CCCCC2)C3CCCCC3.[CH]4[CH][CH][C]([CH]4)P(C5CCCCC5)C6CCCCC6,PdCl2(dcypf),0.06047272000000001 milligram,0.08000000000000002 micromole,0.06047272000000002 microliter,C34H52Cl2FeP2Pd,COC1=C(N)C(Cl)=NC=N1,4-chloro-6-methoxypyrimidin-5-amine,0.06383040000000001 milligram,0.4 micromole,0.06383040000000002 microliter,C5H6ClN3O,FC1=CN=CC(B(O)O)=C1,(5-fluoropyridin-3-yl)boronic acid,0.06763679999999998 milligram,0.48000000000000004 micromole,0.0676368 microliter,C5H5BFNO2,[Na+].[Na+].[O-]C([O-])=O,Na2CO3,0.31796399999999997 milligram,3.0 micromole,0.317964 microliter,CNa2O3,CN1C=NC2=C1C(=O)N(C(=O)N2C)C,caffeine,0.0776764 milligram,0.4 micromole,0.07767640000000002 microliter,C8H10N4O2,C1COCCO1,dioxane,16.2225 milligram,184.12480421310696 micromole,15.75 microliter,C4H8O2,O,water,1.75 milligram,97.1412711629198 micromole,1.75 microliter,H2O,COc1ncnc(-c2cncc(F)c2)c1N,suzuki_product_0,0.0 milligram,0.0 micromole,0 microliter,C10H9FN4O,COc1ncncc1N,dehalogenation_0,0.0 milligram,0.0 micromole,0 microliter,C5H7N3O,Fc1cccnc1,deborylation_0,0.0 milligram,0.0 micromole,0 microliter,C5H4FN,COC1=C(N)C(Cl)=NC=N1.FC1=CN=CC(B(O)O)=C1>>COc1ncnc(-c2cncc(F)c2)c1N.COc1ncncc1N.Fc1cccnc1,004_RLN-NB-2443_011_O13,,,,,,,,,,,,,,,,,,,,,6/9/2023 10:05:20 PM,004_rln-nb-2443_011_o13.raw,2min_150_1200.EXP,004_RLN-NB-2443_011_O13,004_RLN-NB-2443_011_O13_004_RLN-NB-2443_011_O13_,Rxn_Opt_HSST3_2_98,Analog,0,0,0,0,0,4.737053939803003,0.736,0,0,0,False,97.03277729544,1.25,deborylation_0,0,0,0,0,0,186.2707712104775,63.43975039522826,4.737053939803003,194.9,0.736,0,0,0,0,0,0,0,0,0,0,0,0,0,0,0,0,0,0,0,0,0,0,0,0,0,0,0,0,0,0,0,0,0,0,0,0,0,0,0,0,0,0,0,0,0,0,0,0,0,0,0,0,0,0,0,0,0,0,0,0,0,0,0,0,0,0,0,0,0,0,0,0,0,0,0,0,0,0,0,0,0.0,0.0,0.0,0.0,0.0,0.0,0.0,0.0,0.0,0.0,0.0,0.0,0.0,0.0,0.0,0.0,0.0,0.0,0.0,0.0,0.0,0.0,0.0,0.0,0.0,0.0,0.0,0.0,0.0,0.0,0.0,0.0,0.0,0.0,0.0,0.0,0.0,0.0,0.0,0.0,0.0,0.0,0.0,0.0,0.0,0.0,0.0,0.0,0.0,0.0,0.0,0.0,0.0,0.0,0.0
349,O14,[Fe].Cl[Pd]Cl.[CH]1[CH][CH][C]([CH]1)P(C2CCCCC2)C3CCCCC3.[CH]4[CH][CH][C]([CH]4)P(C5CCCCC5)C6CCCCC6,PdCl2(dcypf),0.06047272000000001 milligram,0.08000000000000002 micromole,0.06047272000000002 microliter,C34H52Cl2FeP2Pd,COC1=C(N)C(Cl)=NC=N1,4-chloro-6-methoxypyrimidin-5-amine,0.06383040000000001 milligram,0.4 micromole,0.06383040000000002 microliter,C5H6ClN3O,CN1N=CC(B(O)O)=C1,(1-methyl-1H-pyrazol-4-yl)boronic acid,0.060443519999999994 milligram,0.48000000000000004 micromole,0.06044352000000001 microliter,C4H7BN2O2,[Na+].[Na+].[O-]C([O-])=O,Na2CO3,0.31796399999999997 milligram,3.0 micromole,0.317964 microliter,CNa2O3,CN1C=NC2=C1C(=O)N(C(=O)N2C)C,caffeine,0.0776764 milligram,0.4 micromole,0.07767640000000002 microliter,C8H10N4O2,C1COCCO1,dioxane,16.2225 milligram,184.12480421310696 micromole,15.75 microliter,C4H8O2,O,water,1.75 milligram,97.1412711629198 micromole,1.75 microliter,H2O,COc1ncnc(-c2cnn(C)c2)c1N,suzuki_product_0,0.0 milligram,0.0 micromole,0 microliter,C9H11N5O,COc1ncncc1N,dehalogenation_0,0.0 milligram,0.0 micromole,0 microliter,C5H7N3O,Cn1cccn1,deborylation_0,0.0 milligram,0.0 micromole,0 microliter,C4H6N2,COC1=C(N)C(Cl)=NC=N1.CN1N=CC(B(O)O)=C1>>COc1ncnc(-c2cnn(C)c2)c1N.COc1ncncc1N.Cn1cccn1,004_RLN-NB-2443_011_O14,,,,,,,,,,,,,,,,,,,,,6/9/2023 10:07:47 PM,004_rln-nb-2443_011_o14.raw,2min_150_1200.EXP,004_RLN-NB-2443_011_O14,004_RLN-NB-2443_011_O14_004_RLN-NB-2443_011_O14_0,Rxn_Opt_HSST3_2_98,Analog,0,0,0,0,0,4.425608303880918,0.7343,0,0,0,False,82.05309820128,1.25,deborylation_0,0,0,0,0,0,176.18878442845727,83.38734638555468,4.425608303880918,195,0.7343,0,0,0,0,0,0,0,0,0,0,0,0,0,0,0,0,0,0,0,0,0,0,0,0,0,0,0,0,0,0,0,0,0,0,0,0,0,0,0,0,0,0,0,0,0,0,0,0,0,0,0,0,0,0,0,0,0,0,0,0,0,0,0,0,0,0,0,0,0,0,0,0,0,0,0,0,0,0,0,0,0.0,0.0,0.0,0.0,0.0,0.0,0.0,0.0,0.0,0.0,0.0,0.0,0.0,0.0,0.0,0.0,0.0,0.0,0.0,0.0,0.0,0.0,0.0,0.0,0.0,0.0,0.0,0.0,0.0,0.0,0.0,0.0,0.0,0.0,0.0,0.0,0.0,0.0,0.0,0.0,0.0,0.0,0.0,0.0,0.0,0.0,0.0,0.0,0.0,0.0,0.0,0.0,0.0,0.0,0.0
350,O15,[Fe].Cl[Pd]Cl.[CH]1[CH][CH][C]([CH]1)P(C2CCCCC2)C3CCCCC3.[CH]4[CH][CH][C]([CH]4)P(C5CCCCC5)C6CCCCC6,PdCl2(dcypf),0.06047272000000001 milligram,0.08000000000000002 micromole,0.06047272000000002 microliter,C34H52Cl2FeP2Pd,COC1=C(N)C(Cl)=NC=N1,4-chloro-6-methoxypyrimidin-5-amine,0.06383040000000001 milligram,0.4 micromole,0.06383040000000002 microliter,C5H6ClN3O,OB(C1=CC2=C(NC=C2)C=C1)O,(1H-indol-5-yl)boronic acid,0.07726511999999999 milligram,0.48000000000000004 micromole,0.07726512 microliter,C8H8BNO2,[Na+].[Na+].[O-]C([O-])=O,Na2CO3,0.31796399999999997 milligram,3.0 micromole,0.317964 microliter,CNa2O3,CN1C=NC2=C1C(=O)N(C(=O)N2C)C,caffeine,0.0776764 milligram,0.4 micromole,0.07767640000000002 microliter,C8H10N4O2,C1COCCO1,dioxane,16.2225 milligram,184.12480421310696 micromole,15.75 microliter,C4H8O2,O,water,1.75 milligram,97.1412711629198 micromole,1.75 microliter,H2O,COc1ncnc(-c2ccc3[nH]ccc3c2)c1N,suzuki_product_0,0.0 milligram,0.0 micromole,0 microliter,C13H12N4O,COc1ncncc1N,dehalogenation_0,0.0 milligram,0.0 micromole,0 microliter,C5H7N3O,c1ccc2[nH]ccc2c1,deborylation_0,0.0 milligram,0.0 micromole,0 microliter,C8H7N,COC1=C(N)C(Cl)=NC=N1.OB(C1=CC2=C(NC=C2)C=C1)O>>COc1ncnc(-c2ccc3[nH]ccc3c2)c1N.COc1ncncc1N.c1ccc2[nH]ccc2c1,004_RLN-NB-2443_011_O15,,,,,,,,,,,,,,,,,,,,,6/9/2023 10:10:14 PM,004_rln-nb-2443_011_o15.raw,2min_150_1200.EXP,004_RLN-NB-2443_011_O15,004_RLN-NB-2443_011_O15_004_RLN-NB-2443_011_O15_00,Rxn_Opt_HSST3_2_98,Analog,0,0,0,0,0,4.2888379174286975,0.736,0,0,0,False,117.05784922892,1.25,deborylation_0,0,0,0,0,0,191.99446449998646,46.15491793686269,4.2888379174286975,194.9,0.736,0,0,0,0,0,0,0,0,0,0,0,0,0,0,0,0,0,0,0,0,0,0,0,0,0,0,0,0,0,0,0,0,0,0,0,0,0,0,0,0,0,0,0,0,0,0,0,0,0,0,0,0,0,0,0,0,0,0,0,0,0,0,0,0,0,0,0,0,0,0,0,0,0,0,0,0,0,0,0,0,0.0,0.0,0.0,0.0,0.0,0.0,0.0,0.0,0.0,0.0,0.0,0.0,0.0,0.0,0.0,0.0,0.0,0.0,0.0,0.0,0.0,0.0,0.0,0.0,0.0,0.0,0.0,0.0,0.0,0.0,0.0,0.0,0.0,0.0,0.0,0.0,0.0,0.0,0.0,0.0,0.0,0.0,0.0,0.0,0.0,0.0,0.0,0.0,0.0,0.0,0.0,0.0,0.0,0.0,0.0
351,O16,[Fe].Cl[Pd]Cl.[CH]1[CH][CH][C]([CH]1)P(C2CCCCC2)C3CCCCC3.[CH]4[CH][CH][C]([CH]4)P(C5CCCCC5)C6CCCCC6,PdCl2(dcypf),0.06047272000000001 milligram,0.08000000000000002 micromole,0.06047272000000002 microliter,C34H52Cl2FeP2Pd,C1=C(C(=C(N=N1)Cl)Cl)N,"5,6-dichloropyridazin-4-amine",0.06559799999999999 milligram,0.4 micromole,0.065598 microliter,C4H3Cl2N3,FC1=CN=CC(B(O)O)=C1,(5-fluoropyridin-3-yl)boronic acid,0.06763679999999998 milligram,0.48000000000000004 micromole,0.0676368 microliter,C5H5BFNO2,[Na+].[Na+].[O-]C([O-])=O,Na2CO3,0.31796399999999997 milligram,3.0 micromole,0.317964 microliter,CNa2O3,CN1C=NC2=C1C(=O)N(C(=O)N2C)C,caffeine,0.0776764 milligram,0.4 micromole,0.07767640000000002 microliter,C8H10N4O2,C1COCCO1,dioxane,16.2225 milligram,184.12480421310696 micromole,15.75 microliter,C4H8O2,O,water,1.75 milligram,97.1412711629198 micromole,1.75 microliter,H2O,Nc1cnnc(Cl)c1-c1cncc(F)c1,suzuki_product_0,0.0 milligram,0.0 micromole,0 microliter,C9H6ClFN4,Nc1cnnc(-c2cncc(F)c2)c1Cl,suzuki_product_1,0.0 milligram,0.0 micromole,0 microliter,C9H6ClFN4,Nc1cnnc(-c2cncc(F)c2)c1-c1cncc(F)c1,bis_addition_4,0.0 milligram,0.0 micromole,0 microliter,C14H9F2N5,C1=C(C(=C(N=N1)Cl)Cl)N.FC1=CN=CC(B(O)O)=C1>>Nc1cnnc(Cl)c1-c1cncc(F)c1.Nc1cnnc(-c2cncc(F)c2)c1Cl.Nc1cnnc(-c2cncc(F)c2)c1-c1cncc(F)c1.Nc1cnnc(Cl)c1.Nc1cnncc1Cl.Fc1cccnc1,004_RLN-NB-2443_011_O16,,,Nc1cnnc(Cl)c1,dehalogenation_0,0.0 milligram,0.0 micromole,0 microliter,C4H4ClN3,Nc1cnncc1Cl,dehalogenation_1,0.0 milligram,0.0 micromole,0 microliter,C4H4ClN3,Fc1cccnc1,deborylation_0,0.0 milligram,0.0 micromole,0 microliter,C5H4FN,6/9/2023 10:12:41 PM,004_rln-nb-2443_011_o16.raw,2min_150_1200.EXP,004_RLN-NB-2443_011_O16,004_RLN-NB-2443_011_O16,Rxn_Opt_HSST3_2_98,Analog,0,0,0,0,0,4.707118525037557,0.736,3.190920225383208,0.781,0,False,285.08260163624,1.25,bis_addition_4,0,0,0,0,0,193.3197277102484,47.27647329509294,4.707118525037557,195,0.736,0,0,0,0,0,0,0,0,0,0,0,0,0,0,0,0,0,0,0,0,0,0,0,0,0,0,0,0,0,0,0,0,0,0,0,0,0,0,0,0,0,0,0,0,0,0,0,0,0,0,0,0,0,0,0,118.67047749811002,32.0483654744805,3.190920225383208,163.8,0.781,0,0,0,0,0,0,0,0,0,0,0,0,0,0,0,0,0,0,0,0,0.0,0.0,0.0,0.0,0.0,0.0,0.0,0.0,0.0,0.0,0.0,0.0,0.0,0.0,0.0,0.0,0.0,0.0,0.0,0.0,0.0,0.0,0.0,0.0,0.0,0.0,0.0,0.0,0.0,0.0,0.0,0.0,0.0,0.0,0.0,0.0,0.0,0.0,0.0,0.0,0.0,0.00027115698985784504,67.78924746446125,0.0,0.0,0.0,0.0,0.0,0.0,0.0,0.0,0.0,0.0,0.0,0.0
352,O17,[Fe].Cl[Pd]Cl.[CH]1[CH][CH][C]([CH]1)P(C2CCCCC2)C3CCCCC3.[CH]4[CH][CH][C]([CH]4)P(C5CCCCC5)C6CCCCC6,PdCl2(dcypf),0.06047272000000001 milligram,0.08000000000000002 micromole,0.06047272000000002 microliter,C34H52Cl2FeP2Pd,C1=C(C(=C(N=N1)Cl)Cl)N,"5,6-dichloropyridazin-4-amine",0.06559799999999999 milligram,0.4 micromole,0.065598 microliter,C4H3Cl2N3,CN1N=CC(B(O)O)=C1,(1-methyl-1H-pyrazol-4-yl)boronic acid,0.060443519999999994 milligram,0.48000000000000004 micromole,0.06044352000000001 microliter,C4H7BN2O2,[Na+].[Na+].[O-]C([O-])=O,Na2CO3,0.31796399999999997 milligram,3.0 micromole,0.317964 microliter,CNa2O3,CN1C=NC2=C1C(=O)N(C(=O)N2C)C,caffeine,0.0776764 milligram,0.4 micromole,0.07767640000000002 microliter,C8H10N4O2,C1COCCO1,dioxane,16.2225 milligram,184.12480421310696 micromole,15.75 microliter,C4H8O2,O,water,1.75 milligram,97.1412711629198 micromole,1.75 microliter,H2O,Cn1cc(-c2c(N)cnnc2Cl)cn1,suzuki_product_0,0.0 milligram,0.0 micromole,0 microliter,C8H8ClN5,Cn1cc(-c2nncc(N)c2Cl)cn1,suzuki_product_1,0.0 milligram,0.0 micromole,0 microliter,C8H8ClN5,Cn1cc(-c2nncc(N)c2-c2cnn(C)c2)cn1,bis_addition_2,0.0 milligram,0.0 micromole,0 microliter,C12H13N7,C1=C(C(=C(N=N1)Cl)Cl)N.CN1N=CC(B(O)O)=C1>>Cn1cc(-c2c(N)cnnc2Cl)cn1.Cn1cc(-c2nncc(N)c2Cl)cn1.Cn1cc(-c2nncc(N)c2-c2cnn(C)c2)cn1.Nc1cnnc(Cl)c1.Nc1cnncc1Cl.Cn1cccn1,004_RLN-NB-2443_011_O17,,,Nc1cnnc(Cl)c1,dehalogenation_0,0.0 milligram,0.0 micromole,0 microliter,C4H4ClN3,Nc1cnncc1Cl,dehalogenation_1,0.0 milligram,0.0 micromole,0 microliter,C4H4ClN3,Cn1cccn1,deborylation_0,0.0 milligram,0.0 micromole,0 microliter,C4H6N2,6/9/2023 10:15:08 PM,004_rln-nb-2443_011_o17.raw,2min_150_1200.EXP,004_RLN-NB-2443_011_O17,004_RLN-NB-2443_011_O17,Rxn_Opt_HSST3_2_98,Analog,0,0,0,0,0,3.198187344323454,0.736,2.069198961093753,0.7793,0,False,255.12324344792,1.25,bis_addition_2,0,0,0,0,0,137.92640542986396,51.94762902144432,3.198187344323454,195,0.736,0,0,0,0,0,0,0,0,0,0,0,0,0,0,0,0,0,0,0,0,0,0,0,0,0,0,0,0,0,0,0,0,0,0,0,0,0,0,0,0,0,0,0,0,0,0,0,0,0,0,0,0,0,0,0,85.30373047359485,33.609657105686146,2.069198961093753,163.8,0.7793,0,0,0,0,0,0,0,0,0,0,0,0,0,0,0,0,0,0,0,0,0.0,0.0,0.0,0.0,0.0,0.0,0.0,0.0,0.0,0.0,0.0,0.0,0.0,0.0,0.0,0.0,0.0,0.0,0.0,0.0,0.0,0.0,0.0,0.0,0.0,0.0,0.0,0.0,0.0,0.0,0.0,0.0,0.0,0.0,0.0,0.0,0.0,0.0,0.0,0.0,0.0,0.0002587964666630838,64.69911666577094,0.0,0.0,0.0,0.0,0.0,0.0,0.0,0.0,0.0,0.0,0.0,0.0
353,O18,[Fe].Cl[Pd]Cl.[CH]1[CH][CH][C]([CH]1)P(C2CCCCC2)C3CCCCC3.[CH]4[CH][CH][C]([CH]4)P(C5CCCCC5)C6CCCCC6,PdCl2(dcypf),0.06047272000000001 milligram,0.08000000000000002 micromole,0.06047272000000002 microliter,C34H52Cl2FeP2Pd,C1=C(C(=C(N=N1)Cl)Cl)N,"5,6-dichloropyridazin-4-amine",0.06559799999999999 milligram,0.4 micromole,0.065598 microliter,C4H3Cl2N3,OB(C1=CC2=C(NC=C2)C=C1)O,(1H-indol-5-yl)boronic acid,0.07726511999999999 milligram,0.48000000000000004 micromole,0.07726512 microliter,C8H8BNO2,[Na+].[Na+].[O-]C([O-])=O,Na2CO3,0.31796399999999997 milligram,3.0 micromole,0.317964 microliter,CNa2O3,CN1C=NC2=C1C(=O)N(C(=O)N2C)C,caffeine,0.0776764 milligram,0.4 micromole,0.07767640000000002 microliter,C8H10N4O2,C1COCCO1,dioxane,16.2225 milligram,184.12480421310696 micromole,15.75 microliter,C4H8O2,O,water,1.75 milligram,97.1412711629198 micromole,1.75 microliter,H2O,Nc1cnnc(Cl)c1-c1ccc2[nH]ccc2c1,suzuki_product_0,0.0 milligram,0.0 micromole,0 microliter,C12H9ClN4,Nc1cnnc(-c2ccc3[nH]ccc3c2)c1Cl,suzuki_product_1,0.0 milligram,0.0 micromole,0 microliter,C12H9ClN4,Nc1cnnc(-c2ccc3[nH]ccc3c2)c1-c1ccc2[nH]ccc2c1,bis_addition_2,0.0 milligram,0.0 micromole,0 microliter,C20H15N5,C1=C(C(=C(N=N1)Cl)Cl)N.OB(C1=CC2=C(NC=C2)C=C1)O>>Nc1cnnc(Cl)c1-c1ccc2[nH]ccc2c1.Nc1cnnc(-c2ccc3[nH]ccc3c2)c1Cl.Nc1cnnc(-c2ccc3[nH]ccc3c2)c1-c1ccc2[nH]ccc2c1.Nc1cnnc(Cl)c1.Nc1cnncc1Cl.c1ccc2[nH]ccc2c1,004_RLN-NB-2443_011_O18,,,Nc1cnnc(Cl)c1,dehalogenation_0,0.0 milligram,0.0 micromole,0 microliter,C4H4ClN3,Nc1cnncc1Cl,dehalogenation_1,0.0 milligram,0.0 micromole,0 microliter,C4H4ClN3,c1ccc2[nH]ccc2c1,deborylation_0,0.0 milligram,0.0 micromole,0 microliter,C8H7N,6/9/2023 10:17:35 PM,004_rln-nb-2443_011_o18.raw,2min_150_1200.EXP,004_RLN-NB-2443_011_O18,004_RLN-NB-2443_011_O18,Rxn_Opt_HSST3_2_98,Analog,0,0,0,0,0,4.555265399856003,0.7376,7.0960108749469955,0.7776,0,False,325.1327455032,1.25,bis_addition_2,0,0,0,0,0,209.84839700661402,35.611804152902366,4.555265399856003,194.9,0.7376,0,0,0,0,0,0,0,0,0,0,0,0,0,0,0,0,0,0,0,0,0,0,0,0,0,0,0,0,0,0,0,0,0,0,0,0,0,0,0,0,0,0,0,0,0,0,0,0,0,0,0,0,0,0,0,202.59018071300838,55.474649084873505,7.0960108749469955,163.7,0.7776,0,0,0,0,0,0,0,0,0,0,0,0,0,0,0,0,0,0,0,0,0.0,0.0,0.0,0.0,0.0,0.0,0.0,0.0,0.0,0.0,0.0,0.0,0.0,0.0,0.0,0.0,0.0,0.0,0.0,0.0,0.0,0.0,0.0,0.0,0.0,0.0,0.0,0.0,0.0,0.0,0.0,0.0,0.0,0.0,0.0,0.0,0.0,0.0,0.0,0.0,0.0,0.0006231040566963504,155.7760141740876,0.0,0.0,0.0,0.0,0.0,0.0,0.0,0.0,0.0,0.0,0.0,0.0
354,O19,COC1=CC=C(C(P(C(C)(C)C)C(C)(C)C)=C1C2=C(C=C(C=C2C(C)C)C(C)C)C(C)C)OC.NC3=C(C=CC=C3)C4=C(C=CC=C4)[Pd]OS(C)(=O)=O,tBuBrettPhos Pd G3,0.06835544000000003 milligram,0.08000000000000002 micromole,0.06835544000000005 microliter,C44H62NO5PPdS,COC1=C(N)C(Cl)=NC=N1,4-chloro-6-methoxypyrimidin-5-amine,0.06383040000000001 milligram,0.4 micromole,0.06383040000000002 microliter,C5H6ClN3O,FC1=CN=CC(B(O)O)=C1,(5-fluoropyridin-3-yl)boronic acid,0.06763679999999998 milligram,0.48000000000000004 micromole,0.0676368 microliter,C5H5BFNO2,[Na+].[Na+].[O-]C([O-])=O,Na2CO3,0.31796399999999997 milligram,3.0 micromole,0.317964 microliter,CNa2O3,CN1C=NC2=C1C(=O)N(C(=O)N2C)C,caffeine,0.0776764 milligram,0.4 micromole,0.07767640000000002 microliter,C8H10N4O2,C1COCCO1,dioxane,16.2225 milligram,184.12480421310696 micromole,15.75 microliter,C4H8O2,O,water,1.75 milligram,97.1412711629198 micromole,1.75 microliter,H2O,COc1ncnc(-c2cncc(F)c2)c1N,suzuki_product_0,0.0 milligram,0.0 micromole,0 microliter,C10H9FN4O,COc1ncncc1N,dehalogenation_0,0.0 milligram,0.0 micromole,0 microliter,C5H7N3O,Fc1cccnc1,deborylation_0,0.0 milligram,0.0 micromole,0 microliter,C5H4FN,COC1=C(N)C(Cl)=NC=N1.FC1=CN=CC(B(O)O)=C1>>COc1ncnc(-c2cncc(F)c2)c1N.COc1ncncc1N.Fc1cccnc1,004_RLN-NB-2443_011_O19,,,,,,,,,,,,,,,,,,,,,6/9/2023 10:20:01 PM,004_rln-nb-2443_011_o19.raw,2min_150_1200.EXP,004_RLN-NB-2443_011_O19,004_RLN-NB-2443_011_O19_004_RLN-NB-2443_011_O19_00,Rxn_Opt_HSST3_2_98,Analog,0,0,0,0,0,5.132446246904661,0.736,0,0,0,False,97.03277729544,1.25,deborylation_0,0,0,0,0,0,193.3119392685773,23.402398247080253,5.132446246904661,195,0.736,0,0,0,0,0,0,0,0,0,0,0,0,0,0,0,0,0,0,0,0,0,0,0,0,0,0,0,0,0,0,0,0,0,0,0,0,0,0,0,0,0,0,0,0,0,0,0,0,0,0,0,0,0,0,0,0,0,0,0,0,0,0,0,0,0,0,0,0,0,0,0,0,0,0,0,0,0,0,0,0,0.0,0.0,0.0,0.0,0.0,0.0,0.0,0.0,0.0,0.0,0.0,0.0,0.0,0.0,0.0,0.0,0.0,0.0,0.0,0.0,0.0,0.0,0.0,0.0,0.0,0.0,0.0,0.0,0.0,0.0,0.0,0.0,0.0,0.0,0.0,0.0,0.0,0.0,0.0,0.0,0.0,0.0,0.0,0.0,0.0,0.0,0.0,0.0,0.0,0.0,0.0,0.0,0.0,0.0,0.0
355,O20,COC1=CC=C(C(P(C(C)(C)C)C(C)(C)C)=C1C2=C(C=C(C=C2C(C)C)C(C)C)C(C)C)OC.NC3=C(C=CC=C3)C4=C(C=CC=C4)[Pd]OS(C)(=O)=O,tBuBrettPhos Pd G3,0.06835544000000003 milligram,0.08000000000000002 micromole,0.06835544000000005 microliter,C44H62NO5PPdS,COC1=C(N)C(Cl)=NC=N1,4-chloro-6-methoxypyrimidin-5-amine,0.06383040000000001 milligram,0.4 micromole,0.06383040000000002 microliter,C5H6ClN3O,CN1N=CC(B(O)O)=C1,(1-methyl-1H-pyrazol-4-yl)boronic acid,0.060443519999999994 milligram,0.48000000000000004 micromole,0.06044352000000001 microliter,C4H7BN2O2,[Na+].[Na+].[O-]C([O-])=O,Na2CO3,0.31796399999999997 milligram,3.0 micromole,0.317964 microliter,CNa2O3,CN1C=NC2=C1C(=O)N(C(=O)N2C)C,caffeine,0.0776764 milligram,0.4 micromole,0.07767640000000002 microliter,C8H10N4O2,C1COCCO1,dioxane,16.2225 milligram,184.12480421310696 micromole,15.75 microliter,C4H8O2,O,water,1.75 milligram,97.1412711629198 micromole,1.75 microliter,H2O,COc1ncnc(-c2cnn(C)c2)c1N,suzuki_product_0,0.0 milligram,0.0 micromole,0 microliter,C9H11N5O,COc1ncncc1N,dehalogenation_0,0.0 milligram,0.0 micromole,0 microliter,C5H7N3O,Cn1cccn1,deborylation_0,0.0 milligram,0.0 micromole,0 microliter,C4H6N2,COC1=C(N)C(Cl)=NC=N1.CN1N=CC(B(O)O)=C1>>COc1ncnc(-c2cnn(C)c2)c1N.COc1ncncc1N.Cn1cccn1,004_RLN-NB-2443_011_O20,,,,,,,,,,,,,,,,,,,,,6/9/2023 10:22:28 PM,004_rln-nb-2443_011_o20.raw,2min_150_1200.EXP,004_RLN-NB-2443_011_O20,004_RLN-NB-2443_011_O20_004_RLN-NB-2443_011_O20_004,Rxn_Opt_HSST3_2_98,Analog,0,0,0,0,0,4.884355761186481,0.7343,0,0,0,False,82.05309820128,1.25,deborylation_0,0,0,0,0,0,189.2125855805441,23.36571104515452,4.884355761186481,195,0.7343,0,0,0,0,0,0,0,0,0,0,0,0,0,0,0,0,0,0,0,0,0,0,0,0,0,0,0,0,0,0,0,0,0,0,0,0,0,0,0,0,0,0,0,0,0,0,0,0,0,0,0,0,0,0,0,0,0,0,0,0,0,0,0,0,0,0,0,0,0,0,0,0,0,0,0,0,0,0,0,0,0.0,0.0,0.0,0.0,0.0,0.0,0.0,0.0,0.0,0.0,0.0,0.0,0.0,0.0,0.0,0.0,0.0,0.0,0.0,0.0,0.0,0.0,0.0,0.0,0.0,0.0,0.0,0.0,0.0,0.0,0.0,0.0,0.0,0.0,0.0,0.0,0.0,0.0,0.0,0.0,0.0,0.0,0.0,0.0,0.0,0.0,0.0,0.0,0.0,0.0,0.0,0.0,0.0,0.0,0.0
356,O21,COC1=CC=C(C(P(C(C)(C)C)C(C)(C)C)=C1C2=C(C=C(C=C2C(C)C)C(C)C)C(C)C)OC.NC3=C(C=CC=C3)C4=C(C=CC=C4)[Pd]OS(C)(=O)=O,tBuBrettPhos Pd G3,0.06835544000000003 milligram,0.08000000000000002 micromole,0.06835544000000005 microliter,C44H62NO5PPdS,COC1=C(N)C(Cl)=NC=N1,4-chloro-6-methoxypyrimidin-5-amine,0.06383040000000001 milligram,0.4 micromole,0.06383040000000002 microliter,C5H6ClN3O,OB(C1=CC2=C(NC=C2)C=C1)O,(1H-indol-5-yl)boronic acid,0.07726511999999999 milligram,0.48000000000000004 micromole,0.07726512 microliter,C8H8BNO2,[Na+].[Na+].[O-]C([O-])=O,Na2CO3,0.31796399999999997 milligram,3.0 micromole,0.317964 microliter,CNa2O3,CN1C=NC2=C1C(=O)N(C(=O)N2C)C,caffeine,0.0776764 milligram,0.4 micromole,0.07767640000000002 microliter,C8H10N4O2,C1COCCO1,dioxane,16.2225 milligram,184.12480421310696 micromole,15.75 microliter,C4H8O2,O,water,1.75 milligram,97.1412711629198 micromole,1.75 microliter,H2O,COc1ncnc(-c2ccc3[nH]ccc3c2)c1N,suzuki_product_0,0.0 milligram,0.0 micromole,0 microliter,C13H12N4O,COc1ncncc1N,dehalogenation_0,0.0 milligram,0.0 micromole,0 microliter,C5H7N3O,c1ccc2[nH]ccc2c1,deborylation_0,0.0 milligram,0.0 micromole,0 microliter,C8H7N,COC1=C(N)C(Cl)=NC=N1.OB(C1=CC2=C(NC=C2)C=C1)O>>COc1ncnc(-c2ccc3[nH]ccc3c2)c1N.COc1ncncc1N.c1ccc2[nH]ccc2c1,004_RLN-NB-2443_011_O21,,,,,,,,,,,,,,,,,,,,,6/9/2023 10:24:54 PM,004_rln-nb-2443_011_o21.raw,2min_150_1200.EXP,004_RLN-NB-2443_011_O21,004_RLN-NB-2443_011_O21_004_RLN-NB-2443_011_O21_004_,Rxn_Opt_HSST3_2_98,Analog,0,0,0,0,0,4.677411137334423,0.736,2.760628192607824,0.8143,0,False,117.05784922892,1.25,deborylation_0,0,0,0,0,0,205.66060351741754,15.529223571823378,4.677411137334423,194.9,0.736,0,0,0,0,0,0,0,0,0,0,0,0,0,0,0,0,0,0,0,0,0,0,0,0,0,0,0,0,0,0,0,0,0,0,0,0,0,0,0,0,90.23312223442014,9.165414615683474,2.760628192607824,159.8,0.8143,0,0,0,0,0,0,0,0,0,0,0,0,0,0,0,0,0,0,0,0,0,0,0,0,0,0,0,0,0,0,90.23312223442014,9.165414615683474,2.760628192607824,159.8,0.8143,0.0,0.0,0.0,0.0,0.0,0.0,0.0,0.0,0.0,0.0,0.0,0.0,0.0,0.0,0.0,0.0,0.0,0.0,0.0,0.0,0.0,0.0,0.0,0.0,0.0,0.0,0.0,0.0,0.0,0.0,0.0,0.0,0.0,0.0,0.0,0.00023608172226494153,59.02043056623538,0.0,0.0,0.0,0.0,0.0,0.0,0.0,0.0,0.0,0.0,0.0,0.0,0.0,0.0,0.0,0.0,0.00023608172226494153,59.02043056623538
357,O22,COC1=CC=C(C(P(C(C)(C)C)C(C)(C)C)=C1C2=C(C=C(C=C2C(C)C)C(C)C)C(C)C)OC.NC3=C(C=CC=C3)C4=C(C=CC=C4)[Pd]OS(C)(=O)=O,tBuBrettPhos Pd G3,0.06835544000000003 milligram,0.08000000000000002 micromole,0.06835544000000005 microliter,C44H62NO5PPdS,C1=C(C(=C(N=N1)Cl)Cl)N,"5,6-dichloropyridazin-4-amine",0.06559799999999999 milligram,0.4 micromole,0.065598 microliter,C4H3Cl2N3,FC1=CN=CC(B(O)O)=C1,(5-fluoropyridin-3-yl)boronic acid,0.06763679999999998 milligram,0.48000000000000004 micromole,0.0676368 microliter,C5H5BFNO2,[Na+].[Na+].[O-]C([O-])=O,Na2CO3,0.31796399999999997 milligram,3.0 micromole,0.317964 microliter,CNa2O3,CN1C=NC2=C1C(=O)N(C(=O)N2C)C,caffeine,0.0776764 milligram,0.4 micromole,0.07767640000000002 microliter,C8H10N4O2,C1COCCO1,dioxane,16.2225 milligram,184.12480421310696 micromole,15.75 microliter,C4H8O2,O,water,1.75 milligram,97.1412711629198 micromole,1.75 microliter,H2O,Nc1cnnc(Cl)c1-c1cncc(F)c1,suzuki_product_0,0.0 milligram,0.0 micromole,0 microliter,C9H6ClFN4,Nc1cnnc(-c2cncc(F)c2)c1Cl,suzuki_product_1,0.0 milligram,0.0 micromole,0 microliter,C9H6ClFN4,Nc1cnnc(-c2cncc(F)c2)c1-c1cncc(F)c1,bis_addition_4,0.0 milligram,0.0 micromole,0 microliter,C14H9F2N5,C1=C(C(=C(N=N1)Cl)Cl)N.FC1=CN=CC(B(O)O)=C1>>Nc1cnnc(Cl)c1-c1cncc(F)c1.Nc1cnnc(-c2cncc(F)c2)c1Cl.Nc1cnnc(-c2cncc(F)c2)c1-c1cncc(F)c1.Nc1cnnc(Cl)c1.Nc1cnncc1Cl.Fc1cccnc1,004_RLN-NB-2443_011_O22,,,Nc1cnnc(Cl)c1,dehalogenation_0,0.0 milligram,0.0 micromole,0 microliter,C4H4ClN3,Nc1cnncc1Cl,dehalogenation_1,0.0 milligram,0.0 micromole,0 microliter,C4H4ClN3,Fc1cccnc1,deborylation_0,0.0 milligram,0.0 micromole,0 microliter,C5H4FN,6/9/2023 10:27:21 PM,004_rln-nb-2443_011_o22.raw,2min_150_1200.EXP,004_RLN-NB-2443_011_O22,004_RLN-NB-2443_011_O22,Rxn_Opt_HSST3_2_98,Analog,0,0,0,0,0,4.050759233071945,0.7343,1.7515370940745356,0.7776,0,False,285.08260163624,1.25,bis_addition_4,0,0,0,0,0,173.62804087786935,20.33077850282154,4.050759233071945,195,0.7343,0,0,0,0,0,0,0,0,0,0,0,0,0,0,0,0,0,0,0,0,0,0,0,0,0,0,0,0,0,0,0,0,0,0,0,0,0,0,0,0,0,0,0,0,0,0,0,0,0,0,0,0,0,0,0,71.92759921178096,8.79097242027384,1.7515370940745356,163.7,0.7776,0,0,0,0,0,0,0,0,0,0,0,0,0,0,0,0,0,0,0,0,0.0,0.0,0.0,0.0,0.0,0.0,0.0,0.0,0.0,0.0,0.0,0.0,0.0,0.0,0.0,0.0,0.0,0.0,0.0,0.0,0.0,0.0,0.0,0.0,0.0,0.0,0.0,0.0,0.0,0.0,0.0,0.0,0.0,0.0,0.0,0.0,0.0,0.0,0.0,0.0,0.0,0.00017295889420178992,43.23972355044748,0.0,0.0,0.0,0.0,0.0,0.0,0.0,0.0,0.0,0.0,0.0,0.0
358,O23,COC1=CC=C(C(P(C(C)(C)C)C(C)(C)C)=C1C2=C(C=C(C=C2C(C)C)C(C)C)C(C)C)OC.NC3=C(C=CC=C3)C4=C(C=CC=C4)[Pd]OS(C)(=O)=O,tBuBrettPhos Pd G3,0.06835544000000003 milligram,0.08000000000000002 micromole,0.06835544000000005 microliter,C44H62NO5PPdS,C1=C(C(=C(N=N1)Cl)Cl)N,"5,6-dichloropyridazin-4-amine",0.06559799999999999 milligram,0.4 micromole,0.065598 microliter,C4H3Cl2N3,CN1N=CC(B(O)O)=C1,(1-methyl-1H-pyrazol-4-yl)boronic acid,0.060443519999999994 milligram,0.48000000000000004 micromole,0.06044352000000001 microliter,C4H7BN2O2,[Na+].[Na+].[O-]C([O-])=O,Na2CO3,0.31796399999999997 milligram,3.0 micromole,0.317964 microliter,CNa2O3,CN1C=NC2=C1C(=O)N(C(=O)N2C)C,caffeine,0.0776764 milligram,0.4 micromole,0.07767640000000002 microliter,C8H10N4O2,C1COCCO1,dioxane,16.2225 milligram,184.12480421310696 micromole,15.75 microliter,C4H8O2,O,water,1.75 milligram,97.1412711629198 micromole,1.75 microliter,H2O,Cn1cc(-c2c(N)cnnc2Cl)cn1,suzuki_product_0,0.0 milligram,0.0 micromole,0 microliter,C8H8ClN5,Cn1cc(-c2nncc(N)c2Cl)cn1,suzuki_product_1,0.0 milligram,0.0 micromole,0 microliter,C8H8ClN5,Cn1cc(-c2nncc(N)c2-c2cnn(C)c2)cn1,bis_addition_2,0.0 milligram,0.0 micromole,0 microliter,C12H13N7,C1=C(C(=C(N=N1)Cl)Cl)N.CN1N=CC(B(O)O)=C1>>Cn1cc(-c2c(N)cnnc2Cl)cn1.Cn1cc(-c2nncc(N)c2Cl)cn1.Cn1cc(-c2nncc(N)c2-c2cnn(C)c2)cn1.Nc1cnnc(Cl)c1.Nc1cnncc1Cl.Cn1cccn1,004_RLN-NB-2443_011_O23,,,Nc1cnnc(Cl)c1,dehalogenation_0,0.0 milligram,0.0 micromole,0 microliter,C4H4ClN3,Nc1cnncc1Cl,dehalogenation_1,0.0 milligram,0.0 micromole,0 microliter,C4H4ClN3,Cn1cccn1,deborylation_0,0.0 milligram,0.0 micromole,0 microliter,C4H6N2,6/9/2023 10:29:48 PM,004_rln-nb-2443_011_o23.raw,2min_150_1200.EXP,004_RLN-NB-2443_011_O23,004_RLN-NB-2443_011_O23,Rxn_Opt_HSST3_2_98,Analog,0,0,0,0,0,4.2340945906710905,0.736,1.7047770264330224,0.7776,0,False,255.12324344792,1.25,bis_addition_2,0,0,0,0,0,177.99059255846532,21.606541863132353,4.2340945906710905,194.9,0.736,0,0,0,0,0,0,0,0,0,0,0,0,0,0,0,0,0,0,0,0,0,0,0,0,0,0,0,0,0,0,0,0,0,0,0,0,0,0,0,0,0,0,0,0,0,0,0,0,0,0,0,0,0,0,0,65.69344961722187,8.699459919976247,1.7047770264330224,163.7,0.7776,0,0,0,0,0,0,0,0,0,0,0,0,0,0,0,0,0,0,0,0,0.0,0.0,0.0,0.0,0.0,0.0,0.0,0.0,0.0,0.0,0.0,0.0,0.0,0.0,0.0,0.0,0.0,0.0,0.0,0.0,0.0,0.0,0.0,0.0,0.0,0.0,0.0,0.0,0.0,0.0,0.0,0.0,0.0,0.0,0.0,0.0,0.0,0.0,0.0,0.0,0.0,0.00016105233267004748,40.263083167511866,0.0,0.0,0.0,0.0,0.0,0.0,0.0,0.0,0.0,0.0,0.0,0.0
359,O24,COC1=CC=C(C(P(C(C)(C)C)C(C)(C)C)=C1C2=C(C=C(C=C2C(C)C)C(C)C)C(C)C)OC.NC3=C(C=CC=C3)C4=C(C=CC=C4)[Pd]OS(C)(=O)=O,tBuBrettPhos Pd G3,0.06835544000000003 milligram,0.08000000000000002 micromole,0.06835544000000005 microliter,C44H62NO5PPdS,C1=C(C(=C(N=N1)Cl)Cl)N,"5,6-dichloropyridazin-4-amine",0.06559799999999999 milligram,0.4 micromole,0.065598 microliter,C4H3Cl2N3,OB(C1=CC2=C(NC=C2)C=C1)O,(1H-indol-5-yl)boronic acid,0.07726511999999999 milligram,0.48000000000000004 micromole,0.07726512 microliter,C8H8BNO2,[Na+].[Na+].[O-]C([O-])=O,Na2CO3,0.31796399999999997 milligram,3.0 micromole,0.317964 microliter,CNa2O3,CN1C=NC2=C1C(=O)N(C(=O)N2C)C,caffeine,0.0776764 milligram,0.4 micromole,0.07767640000000002 microliter,C8H10N4O2,C1COCCO1,dioxane,16.2225 milligram,184.12480421310696 micromole,15.75 microliter,C4H8O2,O,water,1.75 milligram,97.1412711629198 micromole,1.75 microliter,H2O,Nc1cnnc(Cl)c1-c1ccc2[nH]ccc2c1,suzuki_product_0,0.0 milligram,0.0 micromole,0 microliter,C12H9ClN4,Nc1cnnc(-c2ccc3[nH]ccc3c2)c1Cl,suzuki_product_1,0.0 milligram,0.0 micromole,0 microliter,C12H9ClN4,Nc1cnnc(-c2ccc3[nH]ccc3c2)c1-c1ccc2[nH]ccc2c1,bis_addition_2,0.0 milligram,0.0 micromole,0 microliter,C20H15N5,C1=C(C(=C(N=N1)Cl)Cl)N.OB(C1=CC2=C(NC=C2)C=C1)O>>Nc1cnnc(Cl)c1-c1ccc2[nH]ccc2c1.Nc1cnnc(-c2ccc3[nH]ccc3c2)c1Cl.Nc1cnnc(-c2ccc3[nH]ccc3c2)c1-c1ccc2[nH]ccc2c1.Nc1cnnc(Cl)c1.Nc1cnncc1Cl.c1ccc2[nH]ccc2c1,004_RLN-NB-2443_011_O24,,,Nc1cnnc(Cl)c1,dehalogenation_0,0.0 milligram,0.0 micromole,0 microliter,C4H4ClN3,Nc1cnncc1Cl,dehalogenation_1,0.0 milligram,0.0 micromole,0 microliter,C4H4ClN3,c1ccc2[nH]ccc2c1,deborylation_0,0.0 milligram,0.0 micromole,0 microliter,C8H7N,6/9/2023 10:32:15 PM,004_rln-nb-2443_011_o24.raw,2min_150_1200.EXP,004_RLN-NB-2443_011_O24,004_RLN-NB-2443_011_O24,Rxn_Opt_HSST3_2_98,Analog,0,0,0,0,0,4.159567990418793,0.736,4.587146262089599,0.776,0,False,325.1327455032,1.25,bis_addition_2,0,0,0,0,0,186.1862304367049,16.35559554346909,4.159567990418793,195,0.736,0,0,0,0,0,0,0,0,0,0,0,0,0,0,0,0,0,0,0,0,0,0,0,0,0,0,0,0,0,0,0,0,0,0,0,0,0,0,0,0,0,0,0,0,0,0,0,0,0,0,0,0,0,0,0,126.9354409362808,18.036851214907013,4.587146262089599,163.7,0.776,0,0,0,0,0,0,0,0,0,0,0,0,0,0,0,0,0,0,0,0,0.0,0.0,0.0,0.0,0.0,0.0,0.0,0.0,0.0,0.0,0.0,0.0,0.0,0.0,0.0,0.0,0.0,0.0,0.0,0.0,0.0,0.0,0.0,0.0,0.0,0.0,0.0,0.0,0.0,0.0,0.0,0.0,0.0,0.0,0.0,0.0,0.0,0.0,0.0,0.0,0.0,0.00044111756534868,110.27939133717,0.0,0.0,0.0,0.0,0.0,0.0,0.0,0.0,0.0,0.0,0.0,0.0
360,P1,,,,,,,CC1=C(N2CCCC2=O)C=CC(Br)=C1,1-(4-bromo-2-methylphenyl)pyrrolidin-2-one,0.10165080000000001 milligram,0.4 micromole,0.10165080000000004 microliter,C11H12BrNO,,,,,,,,,,,,,CN1C=NC2=C1C(=O)N(C(=O)N2C)C,caffeine,0.0776764 milligram,0.4 micromole,0.07767640000000002 microliter,C8H10N4O2,C1COCCO1,dioxane,16.2225 milligram,184.12480421310696 micromole,15.75 microliter,C4H8O2,O,water,1.75 milligram,97.1412711629198 micromole,1.75 microliter,H2O,Cc1ccccc1N1CCCC1=O,dehalogenation_0,0.0 milligram,0.0 micromole,0 microliter,C11H13NO,,,,,,,,,,,,,CC1=C(N2CCCC2=O)C=CC(Br)=C1>>Cc1ccccc1N1CCCC1=O,004_RLN-NB-2443_011_P1,,,,,,,,,,,,,,,,,,,,,6/9/2023 10:34:42 PM,004_rln-nb-2443_011_p1.raw,2min_150_1200.EXP,004_RLN-NB-2443_011_P1,004_RLN-NB-2443_011_P1_004_RLN-NB-2443_011_P1_004_RLN-NB-2443_011_P1,Rxn_Opt_HSST3_2_98,Analog,0,0,0,0,0,5.004742413232581,0.7343,1.6333740125639473,1.1893,0,False,175.09971404091002,1.25,dehalogenation_0,79.08960699949904,19.8970072407554,1.6333740125639473,255.9,1.1893,199.28451379255762,60.96545877933498,5.004742413232581,195,0.7343,0,0,0,0,0,0,0,0,0,0,0,0,0,0,0,0,0,0,0,0,0,0,0,0,0,0,0,0,0,0,0,0,0,0,0,0,0,0,0,0,0,0,0,0,0,0,0,0,0,0,0,0,0,0,0,0,0,0,0,0,0,0,0,0,0,0,0,0,0,0,0,0,0,0,0,0,0,0,0,0,0.0,0.0,0.0,0.0,0.0,0.0,0.0,0.0,0.0,0.0,0.0,0.0,0.0,0.0,0.0,0.00013054610029441618,32.63652507360405,0.0,0.0,0.0,0.0,0.0,0.0,0.0,0.0,0.0,0.0,0.0,0.0,0.0,0.0,0.0,0.0,0.0,0.0,0.0,0.0,0.0,0.0,0.0,0.0,0.0,0.0,0.0,0.0,0.0,0.0,0.0,0.0,0.0,0.0,0.0,0.0,0.0,0.0
361,P2,,,,,,,BrC1=CC=CN2C=CN=C12,"8-bromoimidazo[1,2-a]pyridine",0.07881400000000001 milligram,0.4 micromole,0.07881400000000002 microliter,C7H5BrN2,,,,,,,,,,,,,CN1C=NC2=C1C(=O)N(C(=O)N2C)C,caffeine,0.0776764 milligram,0.4 micromole,0.07767640000000002 microliter,C8H10N4O2,C1COCCO1,dioxane,16.2225 milligram,184.12480421310696 micromole,15.75 microliter,C4H8O2,O,water,1.75 milligram,97.1412711629198 micromole,1.75 microliter,H2O,c1ccn2ccnc2c1,dehalogenation_0,0.0 milligram,0.0 micromole,0 microliter,C7H6N2,,,,,,,,,,,,,BrC1=CC=CN2C=CN=C12>>c1ccn2ccnc2c1,004_RLN-NB-2443_011_P2,,,,,,,,,,,,,,,,,,,,,6/9/2023 10:37:09 PM,004_rln-nb-2443_011_p2.raw,2min_150_1200.EXP,004_RLN-NB-2443_011_P2,004_RLN-NB-2443_011_P2_004_RLN-NB-2443_011_P2_004_RLN-NB-2443_011_P2,Rxn_Opt_HSST3_2_98,Analog,0,0,0,0,0,5.423489320962382,0.736,0,0,0,False,118.05309820128,1.25,dehalogenation_0,0,0,0,0,0,214.467807087217,81.5029667191169,5.423489320962382,194.9,0.736,0,0,0,0,0,0,0,0,0,0,0,0,0,0,0,0,0,0,0,0,0,0,0,0,0,0,0,0,0,0,0,0,0,0,0,0,0,0,0,0,0,0,0,0,0,0,0,0,0,0,0,0,0,0,0,0,0,0,0,0,0,0,0,0,0,0,0,0,0,0,0,0,0,0,0,0,0,0,0,0,0.0,0.0,0.0,0.0,0.0,0.0,0.0,0.0,0.0,0.0,0.0,0.0,0.0,0.0,0.0,0.0,0.0,0.0,0.0,0.0,0.0,0.0,0.0,0.0,0.0,0.0,0.0,0.0,0.0,0.0,0.0,0.0,0.0,0.0,0.0,0.0,0.0,0.0,0.0,0.0,0.0,0.0,0.0,0.0,0.0,0.0,0.0,0.0,0.0,0.0,0.0,0.0,0.0,0.0,0.0
362,P3,,,,,,,CC1=CC(C=O)=C(C)N1C2=CC(Cl)=CC(Cl)=C2,"1-(3,5-dichlorophenyl)-2,5-dimethyl-1H-pyrrole-3-carbaldehyde",0.1072572 milligram,0.4 micromole,0.10725720000000002 microliter,C13H11Cl2NO,,,,,,,,,,,,,CN1C=NC2=C1C(=O)N(C(=O)N2C)C,caffeine,0.0776764 milligram,0.4 micromole,0.07767640000000002 microliter,C8H10N4O2,C1COCCO1,dioxane,16.2225 milligram,184.12480421310696 micromole,15.75 microliter,C4H8O2,O,water,1.75 milligram,97.1412711629198 micromole,1.75 microliter,H2O,Cc1cc(C=O)c(C)n1-c1cccc(Cl)c1,dehalogenation_0,0.0 milligram,0.0 micromole,0 microliter,C13H12ClNO,,,,,,,,,,,,,CC1=CC(C=O)=C(C)N1C2=CC(Cl)=CC(Cl)=C2>>Cc1cc(C=O)c(C)n1-c1cccc(Cl)c1,004_RLN-NB-2443_011_P3,,,,,,,,,,,,,,,,,,,,,6/9/2023 10:39:35 PM,004_rln-nb-2443_011_p3.raw,2min_150_1200.EXP,004_RLN-NB-2443_011_P3,004_RLN-NB-2443_011_P3_004_RLN-NB-2443_011_P3_004_RLN-NB-2443_011_P3,Rxn_Opt_HSST3_2_98,Analog,0,0,0,0,0,6.813429810748796,0.736,3.0999940649125426,1.326,0,False,233.06074169084002,1.25,dehalogenation_0,0,0,0,0,0,256.4381873525337,51.1044418956244,6.813429810748796,194.9,0.736,0,0,0,0,0,0,0,0,0,0,0,0,0,0,0,0,0,0,0,0,0,0,0,0,0,157.18585374179983,23.25164725659554,3.0999940649125426,267.8,1.326,0,0,0,0,0,0,0,0,0,0,0,0,0,0,0,0,0,0,0,0,0,0,0,0,0,0,0,0,0,0,0,0,0,0,0,0,0,0,0,0,0,0,0,0,0,0,0,0,0,0,0.0,0.0,0.0,0.0,0.0,0.0,0.0,0.0,0.0,0.0,0.0,0.0,0.0,0.0,0.0,0.0,0.0,0.0,0.0,0.0,0.0,0.0,0.0,0.0,0.0,0.0,0.0,0.0,0.0,0.0,0.0,0.0001819931606265041,45.49829015662602,0.0,0.0,0.0,0.0,0.0,0.0,0.0,0.0,0.0,0.0,0.0,0.0,0.0,0.0,0.0,0.0,0.0,0.0,0.0,0.0,0.0,0.0
363,P4,,,,,,,COC1=C(N)C(Cl)=NC=N1,4-chloro-6-methoxypyrimidin-5-amine,0.06383040000000001 milligram,0.4 micromole,0.06383040000000002 microliter,C5H6ClN3O,,,,,,,,,,,,,CN1C=NC2=C1C(=O)N(C(=O)N2C)C,caffeine,0.0776764 milligram,0.4 micromole,0.07767640000000002 microliter,C8H10N4O2,C1COCCO1,dioxane,16.2225 milligram,184.12480421310696 micromole,15.75 microliter,C4H8O2,O,water,1.75 milligram,97.1412711629198 micromole,1.75 microliter,H2O,COc1ncncc1N,dehalogenation_0,0.0 milligram,0.0 micromole,0 microliter,C5H7N3O,,,,,,,,,,,,,COC1=C(N)C(Cl)=NC=N1>>COc1ncncc1N,004_RLN-NB-2443_011_P4,,,,,,,,,,,,,,,,,,,,,6/9/2023 10:42:01 PM,004_rln-nb-2443_011_p4.raw,2min_150_1200.EXP,004_RLN-NB-2443_011_P4,004_RLN-NB-2443_011_P4_004_RLN-NB-2443_011_P4_004_RLN-NB-2443_011_P4,Rxn_Opt_HSST3_2_98,Analog,0,0,0,0,0,5.642789982885444,0.7343,0,0,0,False,125.05891185735,1.25,dehalogenation_0,0,0,0,0,0,217.66916323936047,88.60394866374368,5.642789982885444,194.9,0.7343,0,0,0,0,0,0,0,0,0,0,0,0,0,0,0,0,0,0,0,0,0,0,0,0,0,0,0,0,0,0,0,0,0,0,0,0,0,0,0,0,0,0,0,0,0,0,0,0,0,0,0,0,0,0,0,0,0,0,0,0,0,0,0,0,0,0,0,0,0,0,0,0,0,0,0,0,0,0,0,0,0.0,0.0,0.0,0.0,0.0,0.0,0.0,0.0,0.0,0.0,0.0,0.0,0.0,0.0,0.0,0.0,0.0,0.0,0.0,0.0,0.0,0.0,0.0,0.0,0.0,0.0,0.0,0.0,0.0,0.0,0.0,0.0,0.0,0.0,0.0,0.0,0.0,0.0,0.0,0.0,0.0,0.0,0.0,0.0,0.0,0.0,0.0,0.0,0.0,0.0,0.0,0.0,0.0,0.0,0.0
364,P5,,,,,,,CCC(CC#N)N1C=C(C=N1)Cl,3-(4-CHLORO-1H-PYRAZOL-1-YL)PENTANENITRILE,0.07345680000000002 milligram,0.4 micromole,0.07345680000000003 microliter,C8H10ClN3,,,,,,,,,,,,,CN1C=NC2=C1C(=O)N(C(=O)N2C)C,caffeine,0.0776764 milligram,0.4 micromole,0.07767640000000002 microliter,C8H10N4O2,C1COCCO1,dioxane,16.2225 milligram,184.12480421310696 micromole,15.75 microliter,C4H8O2,O,water,1.75 milligram,97.1412711629198 micromole,1.75 microliter,H2O,CCC(CC#N)n1cccn1,dehalogenation_0,0.0 milligram,0.0 micromole,0 microliter,C8H11N3,,,,,,,,,,,,,CCC(CC#N)N1C=C(C=N1)Cl>>CCC(CC#N)n1cccn1,004_RLN-NB-2443_011_P5,,,,,,,,,,,,,,,,,,,,,6/9/2023 10:44:28 PM,004_rln-nb-2443_011_p5.raw,2min_150_1200.EXP,004_RLN-NB-2443_011_P5,004_RLN-NB-2443_011_P5_004_RLN-NB-2443_011_P5_004_RLN-NB-2443_011_P5,Rxn_Opt_HSST3_2_98,Analog,0,0,0,0,0,5.687585263663721,0.7376,0,0,0,False,149.09529736605998,1.25,dehalogenation_0,0,0,0,0,0,218.72752088292907,87.73717979266065,5.687585263663721,194.9,0.7376,0,0,0,0,0,0,0,0,0,0,0,0,0,0,0,0,0,0,0,0,0,0,0,0,0,0,0,0,0,0,0,0,0,0,0,0,0,0,0,0,0,0,0,0,0,0,0,0,0,0,0,0,0,0,0,0,0,0,0,0,0,0,0,0,0,0,0,0,0,0,0,0,0,0,0,0,0,0,0,0,0.0,0.0,0.0,0.0,0.0,0.0,0.0,0.0,0.0,0.0,0.0,0.0,0.0,0.0,0.0,0.0,0.0,0.0,0.0,0.0,0.0,0.0,0.0,0.0,0.0,0.0,0.0,0.0,0.0,0.0,0.0,0.0,0.0,0.0,0.0,0.0,0.0,0.0,0.0,0.0,0.0,0.0,0.0,0.0,0.0,0.0,0.0,0.0,0.0,0.0,0.0,0.0,0.0,0.0,0.0
365,P6,,,,,,,C1=CC=C(C=C1)OCCC(C2=CC=C(C=C2)Cl)N.Cl,1-(1-amino-3-phenoxypropyl)-4-chlorobenzene hydrochloride,0.11928520000000001 milligram,0.4 micromole,0.11928520000000004 microliter,C15H17Cl2NO,,,,,,,,,,,,,CN1C=NC2=C1C(=O)N(C(=O)N2C)C,caffeine,0.0776764 milligram,0.4 micromole,0.07767640000000002 microliter,C8H10N4O2,C1COCCO1,dioxane,16.2225 milligram,184.12480421310696 micromole,15.75 microliter,C4H8O2,O,water,1.75 milligram,97.1412711629198 micromole,1.75 microliter,H2O,NC(CCOc1ccccc1)c1ccccc1,dehalogenation_0,0.0 milligram,0.0 micromole,0 microliter,C15H17NO,,,,,,,,,,,,,C1=CC=C(C=C1)OCCC(C2=CC=C(C=C2)Cl)N.Cl>>NC(CCOc1ccccc1)c1ccccc1,004_RLN-NB-2443_011_P6,,,,,,,,,,,,,,,,,,,,,6/9/2023 10:46:56 PM,004_rln-nb-2443_011_p6.raw,2min_150_1200.EXP,004_RLN-NB-2443_011_P6,004_RLN-NB-2443_011_P6_004_RLN-NB-2443_011_P6_004_RLN-NB-2443_011_P6,Rxn_Opt_HSST3_2_98,Analog,0,0,0,0,0,5.3182898085989985,0.736,0,0,0,False,227.13101416919002,1.25,dehalogenation_0,0,0,0,0,0,207.83036001828276,22.522406833001607,5.3182898085989985,194.9,0.736,0,0,0,0,0,0,0,0,0,0,0,0,0,0,0,0,0,0,0,0,0,0,0,0,0,0,0,0,0,0,0,0,0,0,0,0,0,0,0,0,0,0,0,0,0,0,0,0,0,0,0,0,0,0,0,0,0,0,0,0,0,0,0,0,0,0,0,0,0,0,0,0,0,0,0,0,0,0,0,0,0.0,0.0,0.0,0.0,0.0,0.0,0.0,0.0,0.0,0.0,0.0,0.0,0.0,0.0,0.0,0.0,0.0,0.0,0.0,0.0,0.0,0.0,0.0,0.0,0.0,0.0,0.0,0.0,0.0,0.0,0.0,0.0,0.0,0.0,0.0,0.0,0.0,0.0,0.0,0.0,0.0,0.0,0.0,0.0,0.0,0.0,0.0,0.0,0.0,0.0,0.0,0.0,0.0,0.0,0.0
366,P7,,,,,,,CC1=C(C(=NN1C(C)C)N)Br,4-BROMO-1-ISOPROPYL-5-METHYL-1H-PYRAZOL-3-AMINE,0.0872392 milligram,0.4 micromole,0.08723920000000002 microliter,C7H12BrN3,,,,,,,,,,,,,CN1C=NC2=C1C(=O)N(C(=O)N2C)C,caffeine,0.0776764 milligram,0.4 micromole,0.07767640000000002 microliter,C8H10N4O2,C1COCCO1,dioxane,16.2225 milligram,184.12480421310696 micromole,15.75 microliter,C4H8O2,O,water,1.75 milligram,97.1412711629198 micromole,1.75 microliter,H2O,Cc1cc(N)nn1C(C)C,dehalogenation_0,0.0 milligram,0.0 micromole,0 microliter,C7H13N3,,,,,,,,,,,,,CC1=C(C(=NN1C(C)C)N)Br>>Cc1cc(N)nn1C(C)C,004_RLN-NB-2443_011_P7,,,,,,,,,,,,,,,,,,,,,6/9/2023 10:49:23 PM,004_rln-nb-2443_011_p7.raw,2min_150_1200.EXP,004_RLN-NB-2443_011_P7,004_RLN-NB-2443_011_P7_004_RLN-NB-2443_011_P7_004_RLN-NB-2443_011_P7,Rxn_Opt_HSST3_2_98,Analog,0,0,0,0,0,5.064117352457597,0.7343,0,0,0,False,139.11094743019999,1.25,dehalogenation_0,0,0,0,0,0,199.6003780886235,79.00373746075539,5.064117352457597,195,0.7343,0,0,0,0,0,0,0,0,0,0,0,0,0,0,0,0,0,0,0,0,0,0,0,0,0,0,0,0,0,0,0,0,0,0,0,0,0,0,0,0,0,0,0,0,0,0,0,0,0,0,0,0,0,0,0,0,0,0,0,0,0,0,0,0,0,0,0,0,0,0,0,0,0,0,0,0,0,0,0,0,0.0,0.0,0.0,0.0,0.0,0.0,0.0,0.0,0.0,0.0,0.0,0.0,0.0,0.0,0.0,0.0,0.0,0.0,0.0,0.0,0.0,0.0,0.0,0.0,0.0,0.0,0.0,0.0,0.0,0.0,0.0,0.0,0.0,0.0,0.0,0.0,0.0,0.0,0.0,0.0,0.0,0.0,0.0,0.0,0.0,0.0,0.0,0.0,0.0,0.0,0.0,0.0,0.0,0.0,0.0
367,P8,,,,,,,C1=C(C(=C(N=N1)Cl)Cl)N,"5,6-dichloropyridazin-4-amine",0.06559799999999999 milligram,0.4 micromole,0.065598 microliter,C4H3Cl2N3,,,,,,,,,,,,,CN1C=NC2=C1C(=O)N(C(=O)N2C)C,caffeine,0.0776764 milligram,0.4 micromole,0.07767640000000002 microliter,C8H10N4O2,C1COCCO1,dioxane,16.2225 milligram,184.12480421310696 micromole,15.75 microliter,C4H8O2,O,water,1.75 milligram,97.1412711629198 micromole,1.75 microliter,H2O,Nc1cnnc(Cl)c1,dehalogenation_0,0.0 milligram,0.0 micromole,0 microliter,C4H4ClN3,Nc1cnncc1Cl,dehalogenation_1,0.0 milligram,0.0 micromole,0 microliter,C4H4ClN3,,,,,,,C1=C(C(=C(N=N1)Cl)Cl)N>>Nc1cnnc(Cl)c1.Nc1cnncc1Cl,004_RLN-NB-2443_011_P8,,,,,,,,,,,,,,,,,,,,,6/9/2023 10:51:50 PM,004_rln-nb-2443_011_p8.raw,2min_150_1200.EXP,004_RLN-NB-2443_011_P8,004_RLN-NB-2443_011_P8_004_RLN-NB-2443_011_P8_004_RLN-NB-2443_011_P8_004_RLN-NB-2443_011_P8,Rxn_Opt_HSST3_2_98,Analog,0,0,0,0,0,4.878217991214576,0.736,2.7958246530479864,0.7793,0,False,129.00937482357,1.25,dehalogenation_0,0,0,0,0,0,203.3313647958593,57.30736438952788,4.878217991214576,195,0.736,0,0,0,0,0,0,0,0,0,0,0,0,0,0,0,0,0,0,0,0,0,0,0,0,0,0,0,0,0,0,0,0,0,0,0,0,0,0,0,0,0,0,0,0,0,0,0,0,0,0,0,0,0,0,0,109.82982936568395,32.84423583570821,2.7958246530479864,163.8,0.7793,0,0,0,0,0,0,0,0,0,0,0,0,0,0,0,0,0,0,0,0,0.0,0.0,0.0,0.0,0.0,0.0,0.0,0.0,0.0,0.0,0.0,0.0,0.0,0.0,0.0,0.0,0.0,0.0,0.0,0.0,0.0,0.0,0.0,0.0,0.0,0.0,0.0,0.0,0.0,0.0,0.0,0.0,0.0,0.0,0.0,0.0,0.0,0.0,0.0,0.0,0.0,0.00022924966929178852,57.31241732294713,0.0,0.0,0.0,0.0,0.0,0.0,0.0,0.0,0.0,0.0,0.0,0.0
368,P9,,,,,,,C1CON=C1C2=CC=C(C=C2)Br,"3-(4-bromophenyl)-4,5-dihydro-1,2-oxazole",0.0904292 milligram,0.4 micromole,0.09042920000000002 microliter,C9H8BrNO,,,,,,,,,,,,,CN1C=NC2=C1C(=O)N(C(=O)N2C)C,caffeine,0.0776764 milligram,0.4 micromole,0.07767640000000002 microliter,C8H10N4O2,C1COCCO1,dioxane,16.2225 milligram,184.12480421310696 micromole,15.75 microliter,C4H8O2,O,water,1.75 milligram,97.1412711629198 micromole,1.75 microliter,H2O,c1ccc(C2=NOCC2)cc1,dehalogenation_0,0.0 milligram,0.0 micromole,0 microliter,C9H9NO,,,,,,,,,,,,,C1CON=C1C2=CC=C(C=C2)Br>>c1ccc(C2=NOCC2)cc1,004_RLN-NB-2443_011_P9,,,,,,,,,,,,,,,,,,,,,6/9/2023 10:54:16 PM,004_rln-nb-2443_011_p9.raw,2min_150_1200.EXP,004_RLN-NB-2443_011_P9,004_RLN-NB-2443_011_P9_004_RLN-NB-2443_011_P9_004_RLN-NB-2443_011_P9,Rxn_Opt_HSST3_2_98,Analog,0,0,0,0,0,5.138464608752941,0.736,0,0,0,False,147.06841391263,1.25,dehalogenation_0,0,0,0,0,0,202.6111224018485,90.76943226474921,5.138464608752941,195,0.736,0,0,0,0,0,0,0,0,0,0,0,0,0,0,0,0,0,0,0,0,0,0,0,0,0,0,0,0,0,0,0,0,0,0,0,0,0,0,0,0,0,0,0,0,0,0,0,0,0,0,0,0,0,0,0,0,0,0,0,0,0,0,0,0,0,0,0,0,0,0,0,0,0,0,0,0,0,0,0,0,0.0,0.0,0.0,0.0,0.0,0.0,0.0,0.0,0.0,0.0,0.0,0.0,0.0,0.0,0.0,0.0,0.0,0.0,0.0,0.0,0.0,0.0,0.0,0.0,0.0,0.0,0.0,0.0,0.0,0.0,0.0,0.0,0.0,0.0,0.0,0.0,0.0,0.0,0.0,0.0,0.0,0.0,0.0,0.0,0.0,0.0,0.0,0.0,0.0,0.0,0.0,0.0,0.0,0.0,0.0
369,P10,,,,,,,CN1C=NC=C(C1=O)Br,"5-bromo-3-methyl-3,4-dihydropyrimidin-4-one",0.07560479999999999 milligram,0.4 micromole,0.0756048 microliter,C5H5BrN2O,,,,,,,,,,,,,CN1C=NC2=C1C(=O)N(C(=O)N2C)C,caffeine,0.0776764 milligram,0.4 micromole,0.07767640000000002 microliter,C8H10N4O2,C1COCCO1,dioxane,16.2225 milligram,184.12480421310696 micromole,15.75 microliter,C4H8O2,O,water,1.75 milligram,97.1412711629198 micromole,1.75 microliter,H2O,Cn1cnccc1=O,dehalogenation_0,0.0 milligram,0.0 micromole,0 microliter,C5H6N2O,,,,,,,,,,,,,CN1C=NC=C(C1=O)Br>>Cn1cnccc1=O,004_RLN-NB-2443_011_P10,,,,,,,,,,,,,,,,,,,,,6/9/2023 10:56:43 PM,004_rln-nb-2443_011_p10.raw,2min_150_1200.EXP,004_RLN-NB-2443_011_P10,004_RLN-NB-2443_011_P10_004_RLN-NB-2443_011_P10_004_RLN-NB-2443_011_P10,Rxn_Opt_HSST3_2_98,Analog,0,0,0,0,0,5.48411620254311,0.736,0,0,0,False,110.04801282084999,1.25,dehalogenation_0,0,0,0,0,0,212.84293402360964,92.79516638674984,5.48411620254311,194.9,0.736,0,0,0,0,0,0,0,0,0,0,0,0,0,0,0,0,0,0,0,0,0,0,0,0,0,0,0,0,0,0,0,0,0,0,0,0,0,0,0,0,0,0,0,0,0,0,0,0,0,0,0,0,0,0,0,0,0,0,0,0,0,0,0,0,0,0,0,0,0,0,0,0,0,0,0,0,0,0,0,0,0.0,0.0,0.0,0.0,0.0,0.0,0.0,0.0,0.0,0.0,0.0,0.0,0.0,0.0,0.0,0.0,0.0,0.0,0.0,0.0,0.0,0.0,0.0,0.0,0.0,0.0,0.0,0.0,0.0,0.0,0.0,0.0,0.0,0.0,0.0,0.0,0.0,0.0,0.0,0.0,0.0,0.0,0.0,0.0,0.0,0.0,0.0,0.0,0.0,0.0,0.0,0.0,0.0,0.0,0.0
370,P11,,,,,,,C1=CC(=C(C=C1CCCN)Cl)Cl.Cl,"3-(3,4-dichlorophenyl)propan-1-amine hydrochloride",0.0962244 milligram,0.4 micromole,0.09622440000000003 microliter,C9H12Cl3N,,,,,,,,,,,,,CN1C=NC2=C1C(=O)N(C(=O)N2C)C,caffeine,0.0776764 milligram,0.4 micromole,0.07767640000000002 microliter,C8H10N4O2,C1COCCO1,dioxane,16.2225 milligram,184.12480421310696 micromole,15.75 microliter,C4H8O2,O,water,1.75 milligram,97.1412711629198 micromole,1.75 microliter,H2O,NCCCc1ccc(Cl)cc1,dehalogenation_0,0.0 milligram,0.0 micromole,0 microliter,C9H12ClN,NCCCc1cccc(Cl)c1,dehalogenation_1,0.0 milligram,0.0 micromole,0 microliter,C9H12ClN,,,,,,,C1=CC(=C(C=C1CCCN)Cl)Cl.Cl>>NCCCc1ccc(Cl)cc1.NCCCc1cccc(Cl)c1,004_RLN-NB-2443_011_P11,,,,,,,,,,,,,,,,,,,,,6/9/2023 10:59:10 PM,004_rln-nb-2443_011_p11.raw,2min_150_1200.EXP,004_RLN-NB-2443_011_P11,004_RLN-NB-2443_011_P11_004_RLN-NB-2443_011_P11_004_RLN-NB-2443_011_P11_004_RLN-NB-2443_011_P11,Rxn_Opt_HSST3_2_98,Analog,0,0,0,0,0,5.449902338161139,0.7376,0,0,0,False,169.06582707127,1.25,dehalogenation_0,0,0,0,0,0,204.0165919251687,24.857234205173608,5.449902338161139,194.9,0.7376,0,0,0,0,0,0,0,0,0,0,0,0,0,0,0,0,0,0,0,0,0,0,0,0,0,0,0,0,0,0,0,0,0,0,0,0,0,0,0,0,0,0,0,0,0,0,0,0,0,0,0,0,0,0,0,0,0,0,0,0,0,0,0,0,0,0,0,0,0,0,0,0,0,0,0,0,0,0,0,0,0.0,0.0,0.0,0.0,0.0,0.0,0.0,0.0,0.0,0.0,0.0,0.0,0.0,0.0,0.0,0.0,0.0,0.0,0.0,0.0,0.0,0.0,0.0,0.0,0.0,0.0,0.0,0.0,0.0,0.0,0.0,0.0,0.0,0.0,0.0,0.0,0.0,0.0,0.0,0.0,0.0,0.0,0.0,0.0,0.0,0.0,0.0,0.0,0.0,0.0,0.0,0.0,0.0,0.0,0.0
371,P12,,,,,,,B1(OC(C(O1)(C)C)(C)C)C2=CN(N=C2C)C,"1,3-dimethyl-4-(4,4,5,5-tetramethyl-1,3,2-dioxaborolan-2-yl)-1H-pyrazole",0.10660655999999999 milligram,0.48000000000000004 micromole,0.10660656000000002 microliter,C11H19BN2O2,,,,,,,,,,,,,CN1C=NC2=C1C(=O)N(C(=O)N2C)C,caffeine,0.0776764 milligram,0.4 micromole,0.07767640000000002 microliter,C8H10N4O2,C1COCCO1,dioxane,16.2225 milligram,184.12480421310696 micromole,15.75 microliter,C4H8O2,O,water,1.75 milligram,97.1412711629198 micromole,1.75 microliter,H2O,Cc1ccn(C)n1,deborylation_0,0.0 milligram,0.0 micromole,0 microliter,C5H8N2,,,,,,,,,,,,,B1(OC(C(O1)(C)C)(C)C)C2=CN(N=C2C)C>>Cc1ccn(C)n1,004_RLN-NB-2443_011_P12,,,,,,,,,,,,,,,,,,,,,6/9/2023 11:01:37 PM,004_rln-nb-2443_011_p12.raw,2min_150_1200.EXP,004_RLN-NB-2443_011_P12,004_RLN-NB-2443_011_P12_004_RLN-NB-2443_011_P12_004_RLN-NB-2443_011_P12,Rxn_Opt_HSST3_2_98,Analog,0,0,0,0,0,5.2211245023072586,0.736,0,0,0,0,96.06874826542,1.25,deborylation_0,0,0,0,0,0,198.4376915994661,100,5.2211245023072586,195,0.736,0,0,0,0,0,0,0,0,0,0,0,0,0,0,0,0,0,0,0,0,0,0,0,0,0,0,0,0,0,0,0,0,0,0,0,0,0,0,0,0,0,0,0,0,0,0,0,0,0,0,0,0,0,0,0,0,0,0,0,0,0,0,0,0,0,0,0,0,0,0,0,0,0,0,0,0,0,0,0,0,0.0,0.0,0.0,0.0,0.0,0.0,0.0,0.0,0.0,0.0,0.0,0.0,0.0,0.0,0.0,0.0,0.0,0.0,0.0,0.0,0.0,0.0,0.0,0.0,0.0,0.0,0.0,0.0,0.0,0.0,0.0,0.0,0.0,0.0,0.0,0.0,0.0,0.0,0.0,0.0,0.0,0.0,0.0,0.0,0.0,0.0,0.0,0.0,0.0,0.0,0.0,0.0,0.0,0.0,0.0
372,P13,,,,,,,B1(OC(C(O1)(C)C)(C)C)C2=CN=C(C=C2)C,"2-methyl-5-(4,4,5,5-tetramethyl-1,3,2-dioxaborolan-2-yl)pyridine",0.10516464 milligram,0.48000000000000004 micromole,0.10516464000000003 microliter,C12H18BNO2,,,,,,,,,,,,,CN1C=NC2=C1C(=O)N(C(=O)N2C)C,caffeine,0.0776764 milligram,0.4 micromole,0.07767640000000002 microliter,C8H10N4O2,C1COCCO1,dioxane,16.2225 milligram,184.12480421310696 micromole,15.75 microliter,C4H8O2,O,water,1.75 milligram,97.1412711629198 micromole,1.75 microliter,H2O,Cc1ccccn1,deborylation_0,0.0 milligram,0.0 micromole,0 microliter,C6H7N,,,,,,,,,,,,,B1(OC(C(O1)(C)C)(C)C)C2=CN=C(C=C2)C>>Cc1ccccn1,004_RLN-NB-2443_011_P13,,,,,,,,,,,,,,,,,,,,,6/9/2023 11:04:03 PM,004_rln-nb-2443_011_p13.raw,2min_150_1200.EXP,004_RLN-NB-2443_011_P13,004_RLN-NB-2443_011_P13_004_RLN-NB-2443_011_P13_004_RLN-NB-2443_011_P13,Rxn_Opt_HSST3_2_98,Analog,0,0,0,0,0,4.895012456910857,0.736,0,0,0,False,93.05784922892,1.25,deborylation_0,0,0,0,0,0,191.72493445579855,60.46394693899947,4.895012456910857,195,0.736,0,0,0,0,0,0,0,0,0,0,0,0,0,0,0,0,0,0,0,0,0,0,0,0,0,0,0,0,0,0,0,0,0,0,0,0,0,0,0,0,0,0,0,0,0,0,0,0,0,0,0,0,0,0,0,0,0,0,0,0,0,0,0,0,0,0,0,0,0,0,0,0,0,0,0,0,0,0,0,0,0.0,0.0,0.0,0.0,0.0,0.0,0.0,0.0,0.0,0.0,0.0,0.0,0.0,0.0,0.0,,,,,,,,,,,,,,,,,,,,,,,,,,,,,,,,,,,,,,,,
373,P14,,,,,,,CC1(C)OB(C2=CN(C)N=C2)OC1(C)C,"1-methyl-4-(tetramethyl-1,3,2-dioxaborolan-2-yl)-1H-pyrazole",0.09987359999999999 milligram,0.48000000000000004 micromole,0.09987360000000002 microliter,C10H17BN2O2,,,,,,,,,,,,,CN1C=NC2=C1C(=O)N(C(=O)N2C)C,caffeine,0.0776764 milligram,0.4 micromole,0.07767640000000002 microliter,C8H10N4O2,C1COCCO1,dioxane,16.2225 milligram,184.12480421310696 micromole,15.75 microliter,C4H8O2,O,water,1.75 milligram,97.1412711629198 micromole,1.75 microliter,H2O,Cn1cccn1,deborylation_0,0.0 milligram,0.0 micromole,0 microliter,C4H6N2,,,,,,,,,,,,,CC1(C)OB(C2=CN(C)N=C2)OC1(C)C>>Cn1cccn1,004_RLN-NB-2443_011_P14,,,,,,,,,,,,,,,,,,,,,6/9/2023 11:06:28 PM,004_rln-nb-2443_011_p14.raw,2min_150_1200.EXP,004_RLN-NB-2443_011_P14,004_RLN-NB-2443_011_P14_004_RLN-NB-2443_011_P14_004_RLN-NB-2443_011_P14,Rxn_Opt_HSST3_2_98,Analog,0,0,0,0,0,5.528737610524787,0.7376,0,0,0,False,82.05309820128,1.25,deborylation_0,0,0,0,0,0,209.2047688508197,98.06265980339236,5.528737610524787,195,0.7376,0,0,0,0,0,0,0,0,0,0,0,0,0,0,0,0,0,0,0,0,0,0,0,0,0,0,0,0,0,0,0,0,0,0,0,0,0,0,0,0,0,0,0,0,0,0,0,0,0,0,0,0,0,0,0,0,0,0,0,0,0,0,0,0,0,0,0,0,0,0,0,0,0,0,0,0,0,0,0,0,0.0,0.0,0.0,0.0,0.0,0.0,0.0,0.0,0.0,0.0,0.0,0.0,0.0,0.0,0.0,0.0,0.0,0.0,0.0,0.0,0.0,0.0,0.0,0.0,0.0,0.0,0.0,0.0,0.0,0.0,0.0,0.0,0.0,0.0,0.0,0.0,0.0,0.0,0.0,0.0,0.0,0.0,0.0,0.0,0.0,0.0,0.0,0.0,0.0,0.0,0.0,0.0,0.0,0.0,0.0
374,P15,,,,,,,CC1(C)OB(C2=CC3=C(NC=C3)C=C2)OC1(C)C,"5-(tetramethyl-1,3,2-dioxaborolan-2-yl)-1H-indole",0.11669520000000001 milligram,0.48000000000000004 micromole,0.11669520000000004 microliter,C14H18BNO2,,,,,,,,,,,,,CN1C=NC2=C1C(=O)N(C(=O)N2C)C,caffeine,0.0776764 milligram,0.4 micromole,0.07767640000000002 microliter,C8H10N4O2,C1COCCO1,dioxane,16.2225 milligram,184.12480421310696 micromole,15.75 microliter,C4H8O2,O,water,1.75 milligram,97.1412711629198 micromole,1.75 microliter,H2O,c1ccc2[nH]ccc2c1,deborylation_0,0.0 milligram,0.0 micromole,0 microliter,C8H7N,,,,,,,,,,,,,CC1(C)OB(C2=CC3=C(NC=C3)C=C2)OC1(C)C>>c1ccc2[nH]ccc2c1,004_RLN-NB-2443_011_P15,,,,,,,,,,,,,,,,,,,,,6/9/2023 11:08:56 PM,004_rln-nb-2443_011_p15.raw,2min_150_1200.EXP,004_RLN-NB-2443_011_P15,004_RLN-NB-2443_011_P15_004_RLN-NB-2443_011_P15_004_RLN-NB-2443_011_P15,Rxn_Opt_HSST3_2_98,Analog,0,0,0,0,0,5.684503103915947,0.7376,2.1742311455475574,1.2743,0,False,117.05784922892,1.25,deborylation_0,0,0,0,0,0,191.62386391860517,70.10588969926617,5.684503103915947,194.9,0.7376,0,0,0,0,0,0,0,0,0,0,101.34208042114233,26.814376926887856,2.1742311455475574,244,1.2743,0,0,0,0,0,0,0,0,0,0,0,0,0,0,0,0,0,0,0,0,0,0,0,0,0,0,0,0,0,0,0,0,0,0,0,0,0,0,0,0,0,0,0,0,0,0,0,0,0,0,0,0,0,0,0,0,0,0,0,0,0,0,0,0,0,0.0,0.0,0.0,0.0,0.0,0.0,0.0,0.0,0.0,0.0,0.0,0.0,0.0,0.0,0.0,0.0,0.0,0.0,0.0,0.0,0.0,0.0,0.0,0.0,0.0,0.00015299357609988959,31.873661687476996,0.0,0.0,0.0,0.0,0.0,0.0,0.0,0.0,0.0,0.0,0.0,0.0,0.0,0.0,0.0,0.0,0.0,0.0,0.0,0.0,0.0,0.0,0.0,0.0,0.0,0.0,0.0,0.0
375,P16,,,,,,,O=[N+](C1=CC=CC=C1B2OC(C)(C)C(C)(C)O2)[O-],"4,4,5,5-tetramethyl-2-(2-nitrophenyl)-1,3,2-dioxaborolane",0.11955599999999997 milligram,0.48000000000000004 micromole,0.119556 microliter,C12H16BNO4,,,,,,,,,,,,,CN1C=NC2=C1C(=O)N(C(=O)N2C)C,caffeine,0.0776764 milligram,0.4 micromole,0.07767640000000002 microliter,C8H10N4O2,C1COCCO1,dioxane,16.2225 milligram,184.12480421310696 micromole,15.75 microliter,C4H8O2,O,water,1.75 milligram,97.1412711629198 micromole,1.75 microliter,H2O,O=[N+]([O-])c1ccccc1,deborylation_0,0.0 milligram,0.0 micromole,0 microliter,C6H5NO2,,,,,,,,,,,,,O=[N+](C1=CC=CC=C1B2OC(C)(C)C(C)(C)O2)[O-]>>O=[N+]([O-])c1ccccc1,004_RLN-NB-2443_011_P16,,,,,,,,,,,,,,,,,,,,,6/9/2023 11:11:23 PM,004_rln-nb-2443_011_p16.raw,2min_150_1200.EXP,004_RLN-NB-2443_011_P16,004_RLN-NB-2443_011_P16_004_RLN-NB-2443_011_P16_004_RLN-NB-2443_011_P16,Rxn_Opt_HSST3_2_98,Analog,0,0,0,0,0,3.860060278467417,0.736,0,0,0,False,123.03202840392001,1.25,deborylation_0,0,0,0,0,0,151.3158138699068,77.89975243942119,3.860060278467417,195,0.736,0,0,0,0,0,0,0,0,0,0,0,0,0,0,0,0,0,0,0,0,0,0,0,0,0,0,0,0,0,0,0,0,0,0,0,0,0,0,0,0,0,0,0,0,0,0,0,0,0,0,0,0,0,0,0,0,0,0,0,0,0,0,0,0,0,0,0,0,0,0,0,0,0,0,0,0,0,0,0,0,0.0,0.0,0.0,0.0,0.0,0.0,0.0,0.0,0.0,0.0,0.0,0.0,0.0,0.0,0.0,0.0,0.0,0.0,0.0,0.0,0.0,0.0,0.0,0.0,0.0,0.0,0.0,0.0,0.0,0.0,0.0,0.0,0.0,0.0,0.0,0.0,0.0,0.0,0.0,0.0,0.0,0.0,0.0,0.0,0.0,0.0,0.0,0.0,0.0,0.0,0.0,0.0,0.0,0.0,0.0
376,P17,,,,,,,O=C(O)C1=CC=CC(B2OC(C)(C)C(C)(C)O2)=C1,"3-(tetramethyl-1,3,2-dioxaborolan-2-yl)benzoic acid",0.11908175999999998 milligram,0.48000000000000004 micromole,0.11908176000000001 microliter,C13H17BO4,,,,,,,,,,,,,CN1C=NC2=C1C(=O)N(C(=O)N2C)C,caffeine,0.0776764 milligram,0.4 micromole,0.07767640000000002 microliter,C8H10N4O2,C1COCCO1,dioxane,16.2225 milligram,184.12480421310696 micromole,15.75 microliter,C4H8O2,O,water,1.75 milligram,97.1412711629198 micromole,1.75 microliter,H2O,O=C(O)c1ccccc1,deborylation_0,0.0 milligram,0.0 micromole,0 microliter,C7H6O2,,,,,,,,,,,,,O=C(O)C1=CC=CC(B2OC(C)(C)C(C)(C)O2)=C1>>O=C(O)c1ccccc1,004_RLN-NB-2443_011_P17,,,,,,,,,,,,,,,,,,,,,6/9/2023 11:13:49 PM,004_rln-nb-2443_011_p17.raw,2min_150_1200.EXP,004_RLN-NB-2443_011_P17,004_RLN-NB-2443_011_P17_004_RLN-NB-2443_011_P17_004_RLN-NB-2443_011_P17,Rxn_Opt_HSST3_2_98,Analog,0,0,0,0,0,5.902831685954203,0.7393,0,0,0,False,122.03677943156,1.25,deborylation_0,0,0,0,0,0,220.5875421714932,57.338917392569535,5.902831685954203,194.9,0.7393,0,0,0,0,0,0,0,0,0,0,0,0,0,0,0,0,0,0,0,0,0,0,0,0,0,0,0,0,0,0,0,0,0,0,0,0,0,0,0,0,0,0,0,0,0,0,0,0,0,0,0,0,0,0,0,0,0,0,0,0,0,0,0,0,0,0,0,0,0,0,0,0,0,0,0,0,0,0,0,0,0.0,0.0,0.0,0.0,0.0,0.0,0.0,0.0,0.0,0.0,0.0,0.0,0.0,0.0,0.0,,,,,,,,,,,,,,,,,,,,,,,,,,,,,,,,,,,,,,,,
377,P18,,,,,,,FC1=CN=CC(B(O)O)=C1,(5-fluoropyridin-3-yl)boronic acid,0.06763679999999998 milligram,0.48000000000000004 micromole,0.0676368 microliter,C5H5BFNO2,,,,,,,,,,,,,CN1C=NC2=C1C(=O)N(C(=O)N2C)C,caffeine,0.0776764 milligram,0.4 micromole,0.07767640000000002 microliter,C8H10N4O2,C1COCCO1,dioxane,16.2225 milligram,184.12480421310696 micromole,15.75 microliter,C4H8O2,O,water,1.75 milligram,97.1412711629198 micromole,1.75 microliter,H2O,Fc1cccnc1,deborylation_0,0.0 milligram,0.0 micromole,0 microliter,C5H4FN,,,,,,,,,,,,,FC1=CN=CC(B(O)O)=C1>>Fc1cccnc1,004_RLN-NB-2443_011_P18,,,,,,,,,,,,,,,,,,,,,6/9/2023 11:16:17 PM,004_rln-nb-2443_011_p18.raw,2min_150_1200.EXP,004_RLN-NB-2443_011_P18,004_RLN-NB-2443_011_P18_004_RLN-NB-2443_011_P18_004_RLN-NB-2443_011_P18,Rxn_Opt_HSST3_2_98,Analog,0,0,0,0,0,4.863177835129683,0.736,0,0,0,False,97.03277729544,1.25,deborylation_0,0,0,0,0,0,193.54388724880246,74.54221387318803,4.863177835129683,195,0.736,0,0,0,0,0,0,0,0,0,0,0,0,0,0,0,0,0,0,0,0,0,0,0,0,0,0,0,0,0,0,0,0,0,0,0,0,0,0,0,0,0,0,0,0,0,0,0,0,0,0,0,0,0,0,0,0,0,0,0,0,0,0,0,0,0,0,0,0,0,0,0,0,0,0,0,0,0,0,0,0,0.0,0.0,0.0,0.0,0.0,0.0,0.0,0.0,0.0,0.0,0.0,0.0,0.0,0.0,0.0,,,,,,,,,,,,,,,,,,,,,,,,,,,,,,,,,,,,,,,,
378,P19,,,,,,,CN1N=CC(B(O)O)=C1,(1-methyl-1H-pyrazol-4-yl)boronic acid,0.060443519999999994 milligram,0.48000000000000004 micromole,0.06044352000000001 microliter,C4H7BN2O2,,,,,,,,,,,,,CN1C=NC2=C1C(=O)N(C(=O)N2C)C,caffeine,0.0776764 milligram,0.4 micromole,0.07767640000000002 microliter,C8H10N4O2,C1COCCO1,dioxane,16.2225 milligram,184.12480421310696 micromole,15.75 microliter,C4H8O2,O,water,1.75 milligram,97.1412711629198 micromole,1.75 microliter,H2O,Cn1cccn1,deborylation_0,0.0 milligram,0.0 micromole,0 microliter,C4H6N2,,,,,,,,,,,,,CN1N=CC(B(O)O)=C1>>Cn1cccn1,004_RLN-NB-2443_011_P19,,,,,,,,,,,,,,,,,,,,,6/9/2023 11:18:43 PM,004_rln-nb-2443_011_p19.raw,2min_150_1200.EXP,004_RLN-NB-2443_011_P19,004_RLN-NB-2443_011_P19_004_RLN-NB-2443_011_P19_004_RLN-NB-2443_011_P19,Rxn_Opt_HSST3_2_98,Analog,0,0,0,0,0,5.234031061555725,0.736,0,0,0,False,82.05309820128,1.25,deborylation_0,0,0,0,0,0,207.31888273847693,96.53222686375656,5.234031061555725,195,0.736,0,0,0,0,0,0,0,0,0,0,0,0,0,0,0,0,0,0,0,0,0,0,0,0,0,0,0,0,0,0,0,0,0,0,0,0,0,0,0,0,0,0,0,0,0,0,0,0,0,0,0,0,0,0,0,0,0,0,0,0,0,0,0,0,0,0,0,0,0,0,0,0,0,0,0,0,0,0,0,0,0.0,0.0,0.0,0.0,0.0,0.0,0.0,0.0,0.0,0.0,0.0,0.0,0.0,0.0,0.0,,,,,,,,,,,,,,,,,,,,,,,,,,,,,,,,,,,,,,,,
379,P20,,,,,,,OB(C1=CC2=C(NC=C2)C=C1)O,(1H-indol-5-yl)boronic acid,0.07726511999999999 milligram,0.48000000000000004 micromole,0.07726512 microliter,C8H8BNO2,,,,,,,,,,,,,CN1C=NC2=C1C(=O)N(C(=O)N2C)C,caffeine,0.0776764 milligram,0.4 micromole,0.07767640000000002 microliter,C8H10N4O2,C1COCCO1,dioxane,16.2225 milligram,184.12480421310696 micromole,15.75 microliter,C4H8O2,O,water,1.75 milligram,97.1412711629198 micromole,1.75 microliter,H2O,c1ccc2[nH]ccc2c1,deborylation_0,0.0 milligram,0.0 micromole,0 microliter,C8H7N,,,,,,,,,,,,,OB(C1=CC2=C(NC=C2)C=C1)O>>c1ccc2[nH]ccc2c1,004_RLN-NB-2443_011_P20,,,,,,,,,,,,,,,,,,,,,6/9/2023 11:21:09 PM,004_rln-nb-2443_011_p20.raw,2min_150_1200.EXP,004_RLN-NB-2443_011_P20,004_RLN-NB-2443_011_P20_004_RLN-NB-2443_011_P20_004_RLN-NB-2443_011_P20,Rxn_Opt_HSST3_2_98,Analog,0,0,0,0,0,4.600561327709994,0.736,0,0,0,False,117.05784922892,1.25,deborylation_0,0,0,0,0,0,210.75496784132008,44.639782604941324,4.600561327709994,194.9,0.736,0,0,0,0,0,0,0,0,0,0,0,0,0,0,0,0,0,0,0,0,0,0,0,0,0,0,0,0,0,0,0,0,0,0,0,0,0,0,0,0,0,0,0,0,0,0,0,0,0,0,0,0,0,0,0,0,0,0,0,0,0,0,0,0,0,0,0,0,0,0,0,0,0,0,0,0,0,0,0,0,0.0,0.0,0.0,0.0,0.0,0.0,0.0,0.0,0.0,0.0,0.0,0.0,0.0,0.0,0.0,0.0,0.0,0.0,0.0,0.0,0.0,0.0,0.0,0.0,0.0,0.0,0.0,0.0,0.0,0.0,0.0,0.0,0.0,0.0,0.0,0.0,0.0,0.0,0.0,0.0,0.0,0.0,0.0,0.0,0.0,0.0,0.0,0.0,0.0,0.0,0.0,0.0,0.0,0.0,0.0
380,P21,,,,,,,,,,,,,,,,,,,,,,,,,CN1C=NC2=C1C(=O)N(C(=O)N2C)C,caffeine,0.0776764 milligram,0.4 micromole,0.07767640000000002 microliter,C8H10N4O2,C1COCCO1,dioxane,16.2225 milligram,184.12480421310696 micromole,15.75 microliter,C4H8O2,O,water,1.75 milligram,97.1412711629198 micromole,1.75 microliter,H2O,,,,,,,,,,,,,,,,,,,>>,004_RLN-NB-2443_011_P21,,,,,,,,,,,,,,,,,,,,,6/9/2023 11:23:36 PM,004_rln-nb-2443_011_p21.raw,2min_150_1200.EXP,004_RLN-NB-2443_011_P21,004_RLN-NB-2443_011_P21,Rxn_Opt_HSST3_2_98,Analog,0,0,0,0,0,5.406394110714715,0.7343,0,0,0,False,0,1.25,0,0,0,0,0,0,202.5326941117071,89.70612533778402,5.406394110714715,194.9,0.7343,0,0,0,0,0,0,0,0,0,0,0,0,0,0,0,0,0,0,0,0,0,0,0,0,0,0,0,0,0,0,0,0,0,0,0,0,0,0,0,0,0,0,0,0,0,0,0,0,0,0,0,0,0,0,0,0,0,0,0,0,0,0,0,0,0,0,0,0,0,0,0,0,0,0,0,0,0,0,0,0,0.0,0.0,0.0,0.0,0.0,0.0,0.0,0.0,0.0,0.0,0.0,0.0,0.0,0.0,0.0,,,,,,,,,,,,,,,,,,,,,,,,,,,,,,,,,,,,,,,,
381,P22,,,,,,,,,,,,,,,,,,,,,,,,,CN1C=NC2=C1C(=O)N(C(=O)N2C)C,caffeine,0.0776764 milligram,0.4 micromole,0.07767640000000002 microliter,C8H10N4O2,C1COCCO1,dioxane,16.2225 milligram,184.12480421310696 micromole,15.75 microliter,C4H8O2,O,water,1.75 milligram,97.1412711629198 micromole,1.75 microliter,H2O,,,,,,,,,,,,,,,,,,,>>,004_RLN-NB-2443_011_P22,,,,,,,,,,,,,,,,,,,,,6/9/2023 11:26:03 PM,004_rln-nb-2443_011_p22.raw,2min_150_1200.EXP,004_RLN-NB-2443_011_P22,004_RLN-NB-2443_011_P22,Rxn_Opt_HSST3_2_98,Analog,0,0,0,0,0,5.651884747561732,0.736,0,0,0,False,0,1.25,0,0,0,0,0,0,217.40588671861966,80.8615321907915,5.651884747561732,194.9,0.736,0,0,0,0,0,0,0,0,0,0,0,0,0,0,0,0,0,0,0,0,0,0,0,0,0,0,0,0,0,0,0,0,0,0,0,0,0,0,0,0,0,0,0,0,0,0,0,0,0,0,0,0,0,0,0,0,0,0,0,0,0,0,0,0,0,0,0,0,0,0,0,0,0,0,0,0,0,0,0,0,0.0,0.0,0.0,0.0,0.0,0.0,0.0,0.0,0.0,0.0,0.0,0.0,0.0,0.0,0.0,,,,,,,,,,,,,,,,,,,,,,,,,,,,,,,,,,,,,,,,
382,P23,,,,,,,,,,,,,,,,,,,,,,,,,CN1C=NC2=C1C(=O)N(C(=O)N2C)C,caffeine,0.0776764 milligram,0.4 micromole,0.07767640000000002 microliter,C8H10N4O2,C1COCCO1,dioxane,16.2225 milligram,184.12480421310696 micromole,15.75 microliter,C4H8O2,O,water,1.75 milligram,97.1412711629198 micromole,1.75 microliter,H2O,,,,,,,,,,,,,,,,,,,>>,004_RLN-NB-2443_011_P23,,,,,,,,,,,,,,,,,,,,,6/9/2023 11:28:30 PM,004_rln-nb-2443_011_p23.raw,2min_150_1200.EXP,004_RLN-NB-2443_011_P23,004_RLN-NB-2443_011_P23,Rxn_Opt_HSST3_2_98,Analog,0,0,0,0,0,5.74544135836078,0.7376,0,0,0,False,0,1.25,0,0,0,0,0,0,217.2774916247282,87.1742301723134,5.74544135836078,194.9,0.7376,0,0,0,0,0,0,0,0,0,0,0,0,0,0,0,0,0,0,0,0,0,0,0,0,0,0,0,0,0,0,0,0,0,0,0,0,0,0,0,0,0,0,0,0,0,0,0,0,0,0,0,0,0,0,0,0,0,0,0,0,0,0,0,0,0,0,0,0,0,0,0,0,0,0,0,0,0,0,0,0,0.0,0.0,0.0,0.0,0.0,0.0,0.0,0.0,0.0,0.0,0.0,0.0,0.0,0.0,0.0,,,,,,,,,,,,,,,,,,,,,,,,,,,,,,,,,,,,,,,,
383,P24,,,,,,,,,,,,,,,,,,,,,,,,,CN1C=NC2=C1C(=O)N(C(=O)N2C)C,caffeine,0.0776764 milligram,0.4 micromole,0.07767640000000002 microliter,C8H10N4O2,C1COCCO1,dioxane,16.2225 milligram,184.12480421310696 micromole,15.75 microliter,C4H8O2,O,water,1.75 milligram,97.1412711629198 micromole,1.75 microliter,H2O,,,,,,,,,,,,,,,,,,,>>,004_RLN-NB-2443_011_P24,,,,,,,,,,,,,,,,,,,,,6/9/2023 11:30:57 PM,004_rln-nb-2443_011_p24.raw,2min_150_1200.EXP,004_RLN-NB-2443_011_P24,004_RLN-NB-2443_011_P24,Rxn_Opt_HSST3_2_98,Analog,0,0,0,0,0,4.983475800691665,0.7376,0,0,0,False,0,1.25,0,0,0,0,0,0,183.52409514450497,88.35178135422565,4.983475800691665,195,0.7376,0,0,0,0,0,0,0,0,0,0,0,0,0,0,0,0,0,0,0,0,0,0,0,0,0,0,0,0,0,0,0,0,0,0,0,0,0,0,0,0,0,0,0,0,0,0,0,0,0,0,0,0,0,0,0,0,0,0,0,0,0,0,0,0,0,0,0,0,0,0,0,0,0,0,0,0,0,0,0,0,0.0,0.0,0.0,0.0,0.0,0.0,0.0,0.0,0.0,0.0,0.0,0.0,0.0,0.0,0.0,,,,,,,,,,,,,,,,,,,,,,,,,,,,,,,,,,,,,,,,
