,well,catalyst_1&smiles,catalyst_1&name,catalyst_1&mass,catalyst_1&umol,catalyst_1&volume,catalyst_1&formula,reactant_1&smiles,reactant_1&name,reactant_1&mass,reactant_1&umol,reactant_1&volume,reactant_1&formula,reactant_2&smiles,reactant_2&name,reactant_2&mass,reactant_2&umol,reactant_2&volume,reactant_2&formula,base_1&smiles,base_1&name,base_1&mass,base_1&umol,base_1&volume,base_1&formula,IS_1&smiles,IS_1&name,IS_1&mass,IS_1&umol,IS_1&volume,IS_1&formula,solvent_1&smiles,solvent_1&name,solvent_1&mass,solvent_1&umol,solvent_1&volume,solvent_1&formula,solvent_2&smiles,solvent_2&name,solvent_2&mass,solvent_2&umol,solvent_2&volume,solvent_2&formula,product_1&smiles,product_1&name,product_1&mass,product_1&umol,product_1&volume,product_1&formula,product_2&smiles,product_2&name,product_2&mass,product_2&umol,product_2&volume,product_2&formula,product_3&smiles,product_3&name,product_3&mass,product_3&umol,product_3&volume,product_3&formula,reaction_smiles,id,Sample_Attributes__Acquired,Sample_Attributes__Data_File,Sample_Attributes__MS_Method,Sample_Attributes__Sample_Id,Sample_Attributes__Sample_Name,Expressions__Method_Name,Expressions__Primary_Detector,Expressions__Product_/_IS_Area_Ratio,Expressions__Conversion_%,Expressions__Product_Area,Expressions__Product_Area_%,Expressions__Product_Retention_Time,Expressions__Internal_Standard_Area,Expressions__Internal_Standard_Retention_Time,Expressions__Starting_Material_Area,Expressions__Starting_Material_Retention_Time,Expressions__Observed_Masses,Expressions__Product_Found,Expressions__Target_MW,Expressions__Intercept,Starting_Materials__Product_Substance_Name,4-chloro-6-methoxypyrimidin-5-amine__Absolute_Height,4-chloro-6-methoxypyrimidin-5-amine__Area_%,4-chloro-6-methoxypyrimidin-5-amine__Area_Abs,4-chloro-6-methoxypyrimidin-5-amine__BPM(+),4-chloro-6-methoxypyrimidin-5-amine__Rt_(min),caffeine__Absolute_Height,caffeine__Area_%,caffeine__Area_Abs,caffeine__BPM(+),caffeine__Rt_(min),deborylation_0__Absolute_Height,deborylation_0__Area_%,deborylation_0__Area_Abs,deborylation_0__BPM(+),deborylation_0__Rt_(min),dehalogenation_0__Absolute_Height,dehalogenation_0__Area_%,dehalogenation_0__Area_Abs,dehalogenation_0__BPM(+),dehalogenation_0__Rt_(min),suzuki_product_0__Absolute_Height,suzuki_product_0__Area_%,suzuki_product_0__Area_Abs,suzuki_product_0__BPM(+),suzuki_product_0__Rt_(min),4-BROMO-1-ISOPROPYL-5-METHYL-1H-PYRAZOL-3-AMINE__Absolute_Height,4-BROMO-1-ISOPROPYL-5-METHYL-1H-PYRAZOL-3-AMINE__Area_%,4-BROMO-1-ISOPROPYL-5-METHYL-1H-PYRAZOL-3-AMINE__Area_Abs,4-BROMO-1-ISOPROPYL-5-METHYL-1H-PYRAZOL-3-AMINE__BPM(+),4-BROMO-1-ISOPROPYL-5-METHYL-1H-PYRAZOL-3-AMINE__Rt_(min),"4-(4,4,5,5-tetramethyl-1,3,2-dioxaborolan-2-yl)aniline__Absolute_Height","4-(4,4,5,5-tetramethyl-1,3,2-dioxaborolan-2-yl)aniline__Area_%","4-(4,4,5,5-tetramethyl-1,3,2-dioxaborolan-2-yl)aniline__Area_Abs","4-(4,4,5,5-tetramethyl-1,3,2-dioxaborolan-2-yl)aniline__BPM(+)","4-(4,4,5,5-tetramethyl-1,3,2-dioxaborolan-2-yl)aniline__Rt_(min)",3-(4-CHLORO-1H-PYRAZOL-1-YL)PENTANENITRILE__Absolute_Height,3-(4-CHLORO-1H-PYRAZOL-1-YL)PENTANENITRILE__Area_%,3-(4-CHLORO-1H-PYRAZOL-1-YL)PENTANENITRILE__Area_Abs,3-(4-CHLORO-1H-PYRAZOL-1-YL)PENTANENITRILE__BPM(+),3-(4-CHLORO-1H-PYRAZOL-1-YL)PENTANENITRILE__Rt_(min),"3-(4-bromophenyl)-4,5-dihydro-1,2-oxazole__Absolute_Height","3-(4-bromophenyl)-4,5-dihydro-1,2-oxazole__Area_%","3-(4-bromophenyl)-4,5-dihydro-1,2-oxazole__Area_Abs","3-(4-bromophenyl)-4,5-dihydro-1,2-oxazole__BPM(+)","3-(4-bromophenyl)-4,5-dihydro-1,2-oxazole__Rt_(min)","1,3-dimethyl-4-(4,4,5,5-tetramethyl-1,3,2-dioxaborolan-2-yl)-1H-pyrazole__Absolute_Height","1,3-dimethyl-4-(4,4,5,5-tetramethyl-1,3,2-dioxaborolan-2-yl)-1H-pyrazole__Area_%","1,3-dimethyl-4-(4,4,5,5-tetramethyl-1,3,2-dioxaborolan-2-yl)-1H-pyrazole__Area_Abs","1,3-dimethyl-4-(4,4,5,5-tetramethyl-1,3,2-dioxaborolan-2-yl)-1H-pyrazole__BPM(+)","1,3-dimethyl-4-(4,4,5,5-tetramethyl-1,3,2-dioxaborolan-2-yl)-1H-pyrazole__Rt_(min)",4-chloro-6-methoxypyrimidin-5-amine__Estimated_mmol,4-chloro-6-methoxypyrimidin-5-amine__Estimated_%remaining,"1,3-dimethyl-4-(4,4,5,5-tetramethyl-1,3,2-dioxaborolan-2-yl)-1H-pyrazole__Estimated_mmol","1,3-dimethyl-4-(4,4,5,5-tetramethyl-1,3,2-dioxaborolan-2-yl)-1H-pyrazole__Estimated_%remaining",suzuki_product_0__Estimated_mmol,suzuki_product_0__Estimated_%conversion,dehalogenation_0__Estimated_mmol,dehalogenation_0__Estimated_%conversion,deborylation_0__Estimated_mmol,deborylation_0__Estimated_%conversion,4-BROMO-1-ISOPROPYL-5-METHYL-1H-PYRAZOL-3-AMINE__Estimated_mmol,4-BROMO-1-ISOPROPYL-5-METHYL-1H-PYRAZOL-3-AMINE__Estimated_%remaining,"4-(4,4,5,5-tetramethyl-1,3,2-dioxaborolan-2-yl)aniline__Estimated_mmol","4-(4,4,5,5-tetramethyl-1,3,2-dioxaborolan-2-yl)aniline__Estimated_%remaining",3-(4-CHLORO-1H-PYRAZOL-1-YL)PENTANENITRILE__Estimated_mmol,3-(4-CHLORO-1H-PYRAZOL-1-YL)PENTANENITRILE__Estimated_%remaining,"3-(4-bromophenyl)-4,5-dihydro-1,2-oxazole__Estimated_mmol","3-(4-bromophenyl)-4,5-dihydro-1,2-oxazole__Estimated_%remaining"
0,A1,CC(C)C1=CC(C(C)C)=CC(C(C)C)=C1C2=C([P+](C3CCCCC3)([Pd-2]4(OS(C)(=O)=O)C(C=CC=C5)=C5C6=C([NH+]4C)C=CC=C6)C7CCCCC7)C=CC=C2,XPhos Pd G4,0.04582130549999999 milligram,0.05325 micromole,0.0458213055 microliter,C47H64NO3PPdS,COC1=C(N)C(Cl)=NC=N1,4-chloro-6-methoxypyrimidin-5-amine,0.04244721600000001 milligram,0.266 micromole,0.04244721600000002 microliter,C5H6ClN3O,B1(OC(C(O1)(C)C)(C)C)C2=CN(N=C2C)C,"1,3-dimethyl-4-(4,4,5,5-tetramethyl-1,3,2-dioxaborolan-2-yl)-1H-pyrazole",0.07107104000000002 milligram,0.32000000000000006 micromole,0.07107104000000003 microliter,C11H19BN2O2,[Na+].[Na+].[O-]C([O-])=O,Na2CO3,0.21197599999999997 milligram,2.0 micromole,0.21197600000000003 microliter,CNa2O3,CN1C=NC2=C1C(=O)N(C(=O)N2C)C,caffeine,0.051654806000000004 milligram,0.266 micromole,0.05165480600000002 microliter,C8H10N4O2,C1COCCO1,dioxane,11.124 milligram,126.25700860327335 micromole,10.8 microliter,C4H8O2,O,water,1.2000000000000002 milligram,66.6111573688593 micromole,1.2000000000000002 microliter,H2O,COc1ncnc(-c2cn(C)nc2C)c1N,suzuki_product_0,0.0 milligram,0.0 micromole,0 microliter,C10H13N5O,COc1ncncc1N,dehalogenation_0,0.0 milligram,0.0 micromole,0 microliter,C5H7N3O,Cc1ccn(C)n1,deborylation_0,0.0 milligram,0.0 micromole,0 microliter,C5H8N2,COC1=C(N)C(Cl)=NC=N1.B1(OC(C(O1)(C)C)(C)C)C2=CN(N=C2C)C>>COc1ncnc(-c2cn(C)nc2C)c1N.COc1ncncc1N.Cc1ccn(C)n1,005_RLN-NB-2443_012_A1,7/7/2023 1:36:17 PM,005_rln-nb-2443_012_a1.raw,2min_150_1200.EXP,005_RLN-NB-2443_012_A1,005_RLN-NB-2443_012_A1,Rxn_Opt_HSST3_2_98,Analog,0.10416467930007221,0,0.212531434127112,13.730799728363364,0.6765,2.04034069470768,0.7365,0,0,0,False,96.06874826542,1.25,deborylation_0,0,0,0,0,0,92.03143657540042,56.862747051232596,2.04034069470768,194.9,0.7365,0,0,0,0,0,0,0,0,0,0,10.03649543667129,5.92308981071277,0.212531434127112,220,0.6765,0,0,0,0,0,0,0,0,0,0,0,0,0,0,0,0,0,0,0,0,0.0,0.0,0.0,0.0,0.0,0.0,0.0,0.0,0.0,2.770780469381921e-05,10.41646793000722,0.0,0.0,0.0,0.0,0.0,0.0,0.0,0.0,0.0,0.0,0.0,0.0
1,A2,CC(C)C1=CC(C(C)C)=CC(C(C)C)=C1C2=C([P+](C3CCCCC3)([Pd-2]4(OS(C)(=O)=O)C(C=CC=C5)=C5C6=C([NH+]4C)C=CC=C6)C7CCCCC7)C=CC=C2,XPhos Pd G4,0.04582130549999999 milligram,0.05325 micromole,0.0458213055 microliter,C47H64NO3PPdS,COC1=C(N)C(Cl)=NC=N1,4-chloro-6-methoxypyrimidin-5-amine,0.04244721600000001 milligram,0.266 micromole,0.04244721600000002 microliter,C5H6ClN3O,B1(OC(C(O1)(C)C)(C)C)C2=CN(N=C2C)C,"1,3-dimethyl-4-(4,4,5,5-tetramethyl-1,3,2-dioxaborolan-2-yl)-1H-pyrazole",0.07107104000000002 milligram,0.32000000000000006 micromole,0.07107104000000003 microliter,C11H19BN2O2,[K+].[K+].[K+].[O-]P([O-])([O-])=O,K3PO4,0.42452799999999996 milligram,2.0 micromole,0.42452800000000007 microliter,K3O4P,CN1C=NC2=C1C(=O)N(C(=O)N2C)C,caffeine,0.051654806000000004 milligram,0.266 micromole,0.05165480600000002 microliter,C8H10N4O2,C1COCCO1,dioxane,11.124 milligram,126.25700860327335 micromole,10.8 microliter,C4H8O2,O,water,1.2000000000000002 milligram,66.6111573688593 micromole,1.2000000000000002 microliter,H2O,COc1ncnc(-c2cn(C)nc2C)c1N,suzuki_product_0,0.0 milligram,0.0 micromole,0 microliter,C10H13N5O,COc1ncncc1N,dehalogenation_0,0.0 milligram,0.0 micromole,0 microliter,C5H7N3O,Cc1ccn(C)n1,deborylation_0,0.0 milligram,0.0 micromole,0 microliter,C5H8N2,COC1=C(N)C(Cl)=NC=N1.B1(OC(C(O1)(C)C)(C)C)C2=CN(N=C2C)C>>COc1ncnc(-c2cn(C)nc2C)c1N.COc1ncncc1N.Cc1ccn(C)n1,005_RLN-NB-2443_012_A2,7/7/2023 1:41:14 PM,005_rln-nb-2443_012_a2.raw,2min_150_1200.EXP,005_RLN-NB-2443_012_A2,005_RLN-NB-2443_012_A2,Rxn_Opt_HSST3_2_98,Analog,0.23458243588176622,0,0.440225843328943,30.879452804794894,0.6815,1.8766359965279955,0.7381,0,0,0,False,96.06874826542,1.25,deborylation_0,0,0,0,0,0,82.3016488283208,56.828785271782515,1.8766359965279955,194.9,0.7381,0,0,0,0,0,0,0,0,0,0,20.983628225940212,13.331034877256581,0.440225843328943,219.9,0.6815,0,0,0,0,0,0,0,0,0,0,0,0,0,0,0,0,0,0,0,0,0.0,0.0,0.0,0.0,0.0,0.0,0.0,0.0,0.0,6.239892794454982e-05,23.45824358817662,0.0,0.0,0.0,0.0,0.0,0.0,0.0,0.0,0.0,0.0,0.0,0.0
2,A3,CC(C)C1=CC(C(C)C)=CC(C(C)C)=C1C2=C([P+](C3CCCCC3)([Pd-2]4(OS(C)(=O)=O)C(C=CC=C5)=C5C6=C([NH+]4C)C=CC=C6)C7CCCCC7)C=CC=C2,XPhos Pd G4,0.04582130549999999 milligram,0.05325 micromole,0.0458213055 microliter,C47H64NO3PPdS,COC1=C(N)C(Cl)=NC=N1,4-chloro-6-methoxypyrimidin-5-amine,0.04244721600000001 milligram,0.266 micromole,0.04244721600000002 microliter,C5H6ClN3O,B1(OC(C(O1)(C)C)(C)C)C2=CN(N=C2C)C,"1,3-dimethyl-4-(4,4,5,5-tetramethyl-1,3,2-dioxaborolan-2-yl)-1H-pyrazole",0.07107104000000002 milligram,0.32000000000000006 micromole,0.07107104000000003 microliter,C11H19BN2O2,[Na+].C[Si](C)(C)[O-],NaOTMS,0.22435999999999995 milligram,2.0 micromole,0.22436 microliter,C3H9NaOSi,CN1C=NC2=C1C(=O)N(C(=O)N2C)C,caffeine,0.051654806000000004 milligram,0.266 micromole,0.05165480600000002 microliter,C8H10N4O2,C1COCCO1,dioxane,11.124 milligram,126.25700860327335 micromole,10.8 microliter,C4H8O2,O,water,1.2000000000000002 milligram,66.6111573688593 micromole,1.2000000000000002 microliter,H2O,COc1ncnc(-c2cn(C)nc2C)c1N,suzuki_product_0,0.0 milligram,0.0 micromole,0 microliter,C10H13N5O,COc1ncncc1N,dehalogenation_0,0.0 milligram,0.0 micromole,0 microliter,C5H7N3O,Cc1ccn(C)n1,deborylation_0,0.0 milligram,0.0 micromole,0 microliter,C5H8N2,COC1=C(N)C(Cl)=NC=N1.B1(OC(C(O1)(C)C)(C)C)C2=CN(N=C2C)C>>COc1ncnc(-c2cn(C)nc2C)c1N.COc1ncncc1N.Cc1ccn(C)n1,005_RLN-NB-2443_012_A3,7/7/2023 1:43:41 PM,005_rln-nb-2443_012_a3.raw,2min_150_1200.EXP,005_RLN-NB-2443_012_A3,005_RLN-NB-2443_012_A3,Rxn_Opt_HSST3_2_98,Analog,0.28158210268076217,0,0.2855314605656896,6.60749292211377,0.6815,1.0140255998066927,0.7381,0,0,0,False,96.06874826542,1.25,deborylation_0,0,0,0,0,0,45.23655083638939,19.005779592510123,1.0140255998066927,195,0.7381,0,0,0,0,0,0,0,0,0,0,13.002385452035956,5.35168738074612,0.2855314605656896,220,0.6815,0,0,0,0,0,0,0,0,0,0,0,0,0,0,0,0,0,0,0,0,0.0,0.0,0.0,0.0,0.0,0.0,0.0,0.0,0.0,7.490083931308274e-05,28.158210268076218,0.0,0.0,0.0,0.0,0.0,0.0,0.0,0.0,0.0,0.0,0.0,0.0
3,A4,CC(C)(C)[P+]([Pd-2]1(C2=C(C3=C(C=CC=C3)[NH+]1C)C=CC=C2)OS(C)(=O)=O)(C(C)(C)C)C(C)(C)C,PtBu3 Pd G4,0.03120913275 milligram,0.05325 micromole,0.031209132750000007 microliter,C26H42NO3PPdS,COC1=C(N)C(Cl)=NC=N1,4-chloro-6-methoxypyrimidin-5-amine,0.04244721600000001 milligram,0.266 micromole,0.04244721600000002 microliter,C5H6ClN3O,B1(OC(C(O1)(C)C)(C)C)C2=CN(N=C2C)C,"1,3-dimethyl-4-(4,4,5,5-tetramethyl-1,3,2-dioxaborolan-2-yl)-1H-pyrazole",0.07107104000000002 milligram,0.32000000000000006 micromole,0.07107104000000003 microliter,C11H19BN2O2,[Na+].[Na+].[O-]C([O-])=O,Na2CO3,0.21197599999999997 milligram,2.0 micromole,0.21197600000000003 microliter,CNa2O3,CN1C=NC2=C1C(=O)N(C(=O)N2C)C,caffeine,0.051654806000000004 milligram,0.266 micromole,0.05165480600000002 microliter,C8H10N4O2,C1COCCO1,dioxane,11.124 milligram,126.25700860327335 micromole,10.8 microliter,C4H8O2,O,water,1.2000000000000002 milligram,66.6111573688593 micromole,1.2000000000000002 microliter,H2O,COc1ncnc(-c2cn(C)nc2C)c1N,suzuki_product_0,0.0 milligram,0.0 micromole,0 microliter,C10H13N5O,COc1ncncc1N,dehalogenation_0,0.0 milligram,0.0 micromole,0 microliter,C5H7N3O,Cc1ccn(C)n1,deborylation_0,0.0 milligram,0.0 micromole,0 microliter,C5H8N2,COC1=C(N)C(Cl)=NC=N1.B1(OC(C(O1)(C)C)(C)C)C2=CN(N=C2C)C>>COc1ncnc(-c2cn(C)nc2C)c1N.COc1ncncc1N.Cc1ccn(C)n1,005_RLN-NB-2443_012_A4,7/7/2023 1:46:09 PM,005_rln-nb-2443_012_a4.raw,2min_150_1200.EXP,005_RLN-NB-2443_012_A4,005_RLN-NB-2443_012_A4,Rxn_Opt_HSST3_2_98,Analog,0,0,0,0,0,1.8117084889774395,0.7415,0,0,0,False,96.06874826542,1.25,deborylation_0,0,0,0,0,0,83.81000187203327,57.015408393211,1.8117084889774395,195,0.7415,0,0,0,0,0,0,0,0,0,0,0,0,0,0,0,0,0,0,0,0,0,0,0,0,0,0,0,0,0,0,0,0,0,0,0,0.0,0.0,0.0,0.0,0.0,0.0,0.0,0.0,0.0,0.0,0.0,0.0,0.0,0.0,0.0,0.0,0.0,0.0,0.0,0.0,0.0,0.0,0.0
4,A5,CC(C)(C)[P+]([Pd-2]1(C2=C(C3=C(C=CC=C3)[NH+]1C)C=CC=C2)OS(C)(=O)=O)(C(C)(C)C)C(C)(C)C,PtBu3 Pd G4,0.03120913275 milligram,0.05325 micromole,0.031209132750000007 microliter,C26H42NO3PPdS,COC1=C(N)C(Cl)=NC=N1,4-chloro-6-methoxypyrimidin-5-amine,0.04244721600000001 milligram,0.266 micromole,0.04244721600000002 microliter,C5H6ClN3O,B1(OC(C(O1)(C)C)(C)C)C2=CN(N=C2C)C,"1,3-dimethyl-4-(4,4,5,5-tetramethyl-1,3,2-dioxaborolan-2-yl)-1H-pyrazole",0.07107104000000002 milligram,0.32000000000000006 micromole,0.07107104000000003 microliter,C11H19BN2O2,[K+].[K+].[K+].[O-]P([O-])([O-])=O,K3PO4,0.42452799999999996 milligram,2.0 micromole,0.42452800000000007 microliter,K3O4P,CN1C=NC2=C1C(=O)N(C(=O)N2C)C,caffeine,0.051654806000000004 milligram,0.266 micromole,0.05165480600000002 microliter,C8H10N4O2,C1COCCO1,dioxane,11.124 milligram,126.25700860327335 micromole,10.8 microliter,C4H8O2,O,water,1.2000000000000002 milligram,66.6111573688593 micromole,1.2000000000000002 microliter,H2O,COc1ncnc(-c2cn(C)nc2C)c1N,suzuki_product_0,0.0 milligram,0.0 micromole,0 microliter,C10H13N5O,COc1ncncc1N,dehalogenation_0,0.0 milligram,0.0 micromole,0 microliter,C5H7N3O,Cc1ccn(C)n1,deborylation_0,0.0 milligram,0.0 micromole,0 microliter,C5H8N2,COC1=C(N)C(Cl)=NC=N1.B1(OC(C(O1)(C)C)(C)C)C2=CN(N=C2C)C>>COc1ncnc(-c2cn(C)nc2C)c1N.COc1ncncc1N.Cc1ccn(C)n1,005_RLN-NB-2443_012_A5,7/7/2023 1:48:36 PM,005_rln-nb-2443_012_a5.raw,2min_150_1200.EXP,005_RLN-NB-2443_012_A5,005_RLN-NB-2443_012_A5,Rxn_Opt_HSST3_2_98,Analog,0,0,0,0,0,1.6834236881781854,0.7431,0,0,0,False,96.06874826542,1.25,deborylation_0,0,0,0,0,0,77.97725033931836,59.60148716929442,1.6834236881781854,194.9,0.7431,0,0,0,0,0,0,0,0,0,0,0,0,0,0,0,0,0,0,0,0,0,0,0,0,0,0,0,0,0,0,0,0,0,0,0,0.0,0.0,0.0,0.0,0.0,0.0,0.0,0.0,0.0,0.0,0.0,0.0,0.0,0.0,0.0,0.0,0.0,0.0,0.0,0.0,0.0,0.0,0.0
5,A6,CC(C)(C)[P+]([Pd-2]1(C2=C(C3=C(C=CC=C3)[NH+]1C)C=CC=C2)OS(C)(=O)=O)(C(C)(C)C)C(C)(C)C,PtBu3 Pd G4,0.03120913275 milligram,0.05325 micromole,0.031209132750000007 microliter,C26H42NO3PPdS,COC1=C(N)C(Cl)=NC=N1,4-chloro-6-methoxypyrimidin-5-amine,0.04244721600000001 milligram,0.266 micromole,0.04244721600000002 microliter,C5H6ClN3O,B1(OC(C(O1)(C)C)(C)C)C2=CN(N=C2C)C,"1,3-dimethyl-4-(4,4,5,5-tetramethyl-1,3,2-dioxaborolan-2-yl)-1H-pyrazole",0.07107104000000002 milligram,0.32000000000000006 micromole,0.07107104000000003 microliter,C11H19BN2O2,[Na+].C[Si](C)(C)[O-],NaOTMS,0.22435999999999995 milligram,2.0 micromole,0.22436 microliter,C3H9NaOSi,CN1C=NC2=C1C(=O)N(C(=O)N2C)C,caffeine,0.051654806000000004 milligram,0.266 micromole,0.05165480600000002 microliter,C8H10N4O2,C1COCCO1,dioxane,11.124 milligram,126.25700860327335 micromole,10.8 microliter,C4H8O2,O,water,1.2000000000000002 milligram,66.6111573688593 micromole,1.2000000000000002 microliter,H2O,COc1ncnc(-c2cn(C)nc2C)c1N,suzuki_product_0,0.0 milligram,0.0 micromole,0 microliter,C10H13N5O,COc1ncncc1N,dehalogenation_0,0.0 milligram,0.0 micromole,0 microliter,C5H7N3O,Cc1ccn(C)n1,deborylation_0,0.0 milligram,0.0 micromole,0 microliter,C5H8N2,COC1=C(N)C(Cl)=NC=N1.B1(OC(C(O1)(C)C)(C)C)C2=CN(N=C2C)C>>COc1ncnc(-c2cn(C)nc2C)c1N.COc1ncncc1N.Cc1ccn(C)n1,005_RLN-NB-2443_012_A6,7/7/2023 1:51:04 PM,005_rln-nb-2443_012_a6.raw,2min_150_1200.EXP,005_RLN-NB-2443_012_A6,005_RLN-NB-2443_012_A6,Rxn_Opt_HSST3_2_98,Analog,0,0,0,0,0,1.577106083213387,0.7415,0,0,0,False,96.06874826542,1.25,deborylation_0,0,0,0,0,0,71.75989322358625,28.35559888677968,1.577106083213387,195,0.7415,0,0,0,0,0,0,0,0,0,0,0,0,0,0,0,0,0,0,0,0,0,0,0,0,0,0,0,0,0,0,0,0,0,0,0,0.0,0.0,0.0,0.0,0.0,0.0,0.0,0.0,0.0,0.0,0.0,0.0,0.0,0.0,0.0,0.0,0.0,0.0,0.0,0.0,0.0,0.0,0.0
6,A7,CC(C1=CC=CC(C(C)C)=C1C2=C(C(OC(C)(C)C)=CC=C2OC)[P+]([Pd-2]3(C4=C(C5=C(C=CC=C5)[NH+]3C)C=CC=C4)OS(C)(=O)=O)(C6CCCCC6)C7CCCCC7)C,GPhos Pd G4,0.049019074499999975 milligram,0.05325 micromole,0.04901907449999999 microliter,C49H68NO5PPdS,COC1=C(N)C(Cl)=NC=N1,4-chloro-6-methoxypyrimidin-5-amine,0.04244721600000001 milligram,0.266 micromole,0.04244721600000002 microliter,C5H6ClN3O,B1(OC(C(O1)(C)C)(C)C)C2=CN(N=C2C)C,"1,3-dimethyl-4-(4,4,5,5-tetramethyl-1,3,2-dioxaborolan-2-yl)-1H-pyrazole",0.07107104000000002 milligram,0.32000000000000006 micromole,0.07107104000000003 microliter,C11H19BN2O2,[Na+].[Na+].[O-]C([O-])=O,Na2CO3,0.21197599999999997 milligram,2.0 micromole,0.21197600000000003 microliter,CNa2O3,CN1C=NC2=C1C(=O)N(C(=O)N2C)C,caffeine,0.051654806000000004 milligram,0.266 micromole,0.05165480600000002 microliter,C8H10N4O2,C1COCCO1,dioxane,11.124 milligram,126.25700860327335 micromole,10.8 microliter,C4H8O2,O,water,1.2000000000000002 milligram,66.6111573688593 micromole,1.2000000000000002 microliter,H2O,COc1ncnc(-c2cn(C)nc2C)c1N,suzuki_product_0,0.0 milligram,0.0 micromole,0 microliter,C10H13N5O,COc1ncncc1N,dehalogenation_0,0.0 milligram,0.0 micromole,0 microliter,C5H7N3O,Cc1ccn(C)n1,deborylation_0,0.0 milligram,0.0 micromole,0 microliter,C5H8N2,COC1=C(N)C(Cl)=NC=N1.B1(OC(C(O1)(C)C)(C)C)C2=CN(N=C2C)C>>COc1ncnc(-c2cn(C)nc2C)c1N.COc1ncncc1N.Cc1ccn(C)n1,005_RLN-NB-2443_012_A7,7/7/2023 1:53:33 PM,005_rln-nb-2443_012_a7.raw,2min_150_1200.EXP,005_RLN-NB-2443_012_A7,005_RLN-NB-2443_012_A7,Rxn_Opt_HSST3_2_98,Analog,0,0,0,0,0,1.7077249424731988,0.7415,0,0,0,False,96.06874826542,1.25,deborylation_0,0,0,0,0,0,78.46661906113061,24.19208607530993,1.7077249424731988,194.9,0.7415,0,0,0,0,0,0,0,0,0,0,0,0,0,0,0,0,0,0,0,0,0,0,0,0,0,0,0,0,0,0,0,0,0,0,0,0.0,0.0,0.0,0.0,0.0,0.0,0.0,0.0,0.0,0.0,0.0,0.0,0.0,0.0,0.0,0.0,0.0,0.0,0.0,0.0,0.0,0.0,0.0
7,A8,CC(C1=CC=CC(C(C)C)=C1C2=C(C(OC(C)(C)C)=CC=C2OC)[P+]([Pd-2]3(C4=C(C5=C(C=CC=C5)[NH+]3C)C=CC=C4)OS(C)(=O)=O)(C6CCCCC6)C7CCCCC7)C,GPhos Pd G4,0.049019074499999975 milligram,0.05325 micromole,0.04901907449999999 microliter,C49H68NO5PPdS,COC1=C(N)C(Cl)=NC=N1,4-chloro-6-methoxypyrimidin-5-amine,0.04244721600000001 milligram,0.266 micromole,0.04244721600000002 microliter,C5H6ClN3O,B1(OC(C(O1)(C)C)(C)C)C2=CN(N=C2C)C,"1,3-dimethyl-4-(4,4,5,5-tetramethyl-1,3,2-dioxaborolan-2-yl)-1H-pyrazole",0.07107104000000002 milligram,0.32000000000000006 micromole,0.07107104000000003 microliter,C11H19BN2O2,[K+].[K+].[K+].[O-]P([O-])([O-])=O,K3PO4,0.42452799999999996 milligram,2.0 micromole,0.42452800000000007 microliter,K3O4P,CN1C=NC2=C1C(=O)N(C(=O)N2C)C,caffeine,0.051654806000000004 milligram,0.266 micromole,0.05165480600000002 microliter,C8H10N4O2,C1COCCO1,dioxane,11.124 milligram,126.25700860327335 micromole,10.8 microliter,C4H8O2,O,water,1.2000000000000002 milligram,66.6111573688593 micromole,1.2000000000000002 microliter,H2O,COc1ncnc(-c2cn(C)nc2C)c1N,suzuki_product_0,0.0 milligram,0.0 micromole,0 microliter,C10H13N5O,COc1ncncc1N,dehalogenation_0,0.0 milligram,0.0 micromole,0 microliter,C5H7N3O,Cc1ccn(C)n1,deborylation_0,0.0 milligram,0.0 micromole,0 microliter,C5H8N2,COC1=C(N)C(Cl)=NC=N1.B1(OC(C(O1)(C)C)(C)C)C2=CN(N=C2C)C>>COc1ncnc(-c2cn(C)nc2C)c1N.COc1ncncc1N.Cc1ccn(C)n1,005_RLN-NB-2443_012_A8,7/7/2023 1:56:00 PM,005_rln-nb-2443_012_a8.raw,2min_150_1200.EXP,005_RLN-NB-2443_012_A8,005_RLN-NB-2443_012_A8,Rxn_Opt_HSST3_2_98,Analog,0,0,0,0,0,1.744500214240725,0.7415,0,0,0,False,96.06874826542,1.25,deborylation_0,0,0,0,0,0,78.6965242313268,27.484873214414797,1.744500214240725,194.9,0.7415,0,0,0,0,0,0,0,0,0,0,0,0,0,0,0,0,0,0,0,0,0,0,0,0,0,0,0,0,0,0,0,0,0,0,0,0.0,0.0,0.0,0.0,0.0,0.0,0.0,0.0,0.0,0.0,0.0,0.0,0.0,0.0,0.0,0.0,0.0,0.0,0.0,0.0,0.0,0.0,0.0
8,A9,CC(C1=CC=CC(C(C)C)=C1C2=C(C(OC(C)(C)C)=CC=C2OC)[P+]([Pd-2]3(C4=C(C5=C(C=CC=C5)[NH+]3C)C=CC=C4)OS(C)(=O)=O)(C6CCCCC6)C7CCCCC7)C,GPhos Pd G4,0.049019074499999975 milligram,0.05325 micromole,0.04901907449999999 microliter,C49H68NO5PPdS,COC1=C(N)C(Cl)=NC=N1,4-chloro-6-methoxypyrimidin-5-amine,0.04244721600000001 milligram,0.266 micromole,0.04244721600000002 microliter,C5H6ClN3O,B1(OC(C(O1)(C)C)(C)C)C2=CN(N=C2C)C,"1,3-dimethyl-4-(4,4,5,5-tetramethyl-1,3,2-dioxaborolan-2-yl)-1H-pyrazole",0.07107104000000002 milligram,0.32000000000000006 micromole,0.07107104000000003 microliter,C11H19BN2O2,[Na+].C[Si](C)(C)[O-],NaOTMS,0.22435999999999995 milligram,2.0 micromole,0.22436 microliter,C3H9NaOSi,CN1C=NC2=C1C(=O)N(C(=O)N2C)C,caffeine,0.051654806000000004 milligram,0.266 micromole,0.05165480600000002 microliter,C8H10N4O2,C1COCCO1,dioxane,11.124 milligram,126.25700860327335 micromole,10.8 microliter,C4H8O2,O,water,1.2000000000000002 milligram,66.6111573688593 micromole,1.2000000000000002 microliter,H2O,COc1ncnc(-c2cn(C)nc2C)c1N,suzuki_product_0,0.0 milligram,0.0 micromole,0 microliter,C10H13N5O,COc1ncncc1N,dehalogenation_0,0.0 milligram,0.0 micromole,0 microliter,C5H7N3O,Cc1ccn(C)n1,deborylation_0,0.0 milligram,0.0 micromole,0 microliter,C5H8N2,COC1=C(N)C(Cl)=NC=N1.B1(OC(C(O1)(C)C)(C)C)C2=CN(N=C2C)C>>COc1ncnc(-c2cn(C)nc2C)c1N.COc1ncncc1N.Cc1ccn(C)n1,005_RLN-NB-2443_012_A9,7/7/2023 1:58:26 PM,005_rln-nb-2443_012_a9.raw,2min_150_1200.EXP,005_RLN-NB-2443_012_A9,005_RLN-NB-2443_012_A9,Rxn_Opt_HSST3_2_98,Analog,0,0,0,0,0,1.6318618858669778,0.7398,0,0,0,False,96.06874826542,1.25,deborylation_0,0,0,0,0,0,74.30415585110637,28.82369033375285,1.6318618858669778,195,0.7398,0,0,0,0,0,0,0,0,0,0,0,0,0,0,0,0,0,0,0,0,0,0,0,0,0,0,0,0,0,0,0,0,0,0,0,0.0,0.0,0.0,0.0,0.0,0.0,0.0,0.0,0.0,0.0,0.0,0.0,0.0,0.0,0.0,0.0,0.0,0.0,0.0,0.0,0.0,0.0,0.0
9,A10,Cl[Pd]Cl.CC1(C)c2cccc(P(c3ccccc3)c4ccccc4)c2Oc5c(cccc15)P(c6ccccc6)c7ccccc7,PdCl2(XantPhos),0.04025476350000001 milligram,0.05325 micromole,0.04025476350000002 microliter,C39H32Cl2OP2Pd,COC1=C(N)C(Cl)=NC=N1,4-chloro-6-methoxypyrimidin-5-amine,0.04244721600000001 milligram,0.266 micromole,0.04244721600000002 microliter,C5H6ClN3O,B1(OC(C(O1)(C)C)(C)C)C2=CN(N=C2C)C,"1,3-dimethyl-4-(4,4,5,5-tetramethyl-1,3,2-dioxaborolan-2-yl)-1H-pyrazole",0.07107104000000002 milligram,0.32000000000000006 micromole,0.07107104000000003 microliter,C11H19BN2O2,[Na+].[Na+].[O-]C([O-])=O,Na2CO3,0.21197599999999997 milligram,2.0 micromole,0.21197600000000003 microliter,CNa2O3,CN1C=NC2=C1C(=O)N(C(=O)N2C)C,caffeine,0.051654806000000004 milligram,0.266 micromole,0.05165480600000002 microliter,C8H10N4O2,C1COCCO1,dioxane,11.124 milligram,126.25700860327335 micromole,10.8 microliter,C4H8O2,O,water,1.2000000000000002 milligram,66.6111573688593 micromole,1.2000000000000002 microliter,H2O,COc1ncnc(-c2cn(C)nc2C)c1N,suzuki_product_0,0.0 milligram,0.0 micromole,0 microliter,C10H13N5O,COc1ncncc1N,dehalogenation_0,0.0 milligram,0.0 micromole,0 microliter,C5H7N3O,Cc1ccn(C)n1,deborylation_0,0.0 milligram,0.0 micromole,0 microliter,C5H8N2,COC1=C(N)C(Cl)=NC=N1.B1(OC(C(O1)(C)C)(C)C)C2=CN(N=C2C)C>>COc1ncnc(-c2cn(C)nc2C)c1N.COc1ncncc1N.Cc1ccn(C)n1,005_RLN-NB-2443_012_A10,7/7/2023 2:00:54 PM,005_rln-nb-2443_012_a10.raw,2min_150_1200.EXP,005_RLN-NB-2443_012_A10,005_RLN-NB-2443_012_A10,Rxn_Opt_HSST3_2_98,Analog,0.7272196017839657,0,1.3253507094211148,3.0948513988975836,0.8965,1.8224903539039026,0.7431,0,0,0,False,96.06874826542,1.25,deborylation_0,0,0,0,0,0,79.42335774159703,4.082012068975529,1.8224903539039026,195.1,0.7431,0,0,0,0,0,0,0,0,0,0,49.76482359712053,2.968519191277726,1.3253507094211148,218.9,0.8965,0,0,0,0,0,0,0,0,0,0,0,0,0,0,0,0,0,0,0,0,0.0,0.0,0.0,0.0,0.0,0.0,0.0,0.0,0.0,0.0001934404140745349,72.72196017839657,0.0,0.0,0.0,0.0,0.0,0.0,0.0,0.0,0.0,0.0,0.0,0.0
10,A11,Cl[Pd]Cl.CC1(C)c2cccc(P(c3ccccc3)c4ccccc4)c2Oc5c(cccc15)P(c6ccccc6)c7ccccc7,PdCl2(XantPhos),0.04025476350000001 milligram,0.05325 micromole,0.04025476350000002 microliter,C39H32Cl2OP2Pd,COC1=C(N)C(Cl)=NC=N1,4-chloro-6-methoxypyrimidin-5-amine,0.04244721600000001 milligram,0.266 micromole,0.04244721600000002 microliter,C5H6ClN3O,B1(OC(C(O1)(C)C)(C)C)C2=CN(N=C2C)C,"1,3-dimethyl-4-(4,4,5,5-tetramethyl-1,3,2-dioxaborolan-2-yl)-1H-pyrazole",0.07107104000000002 milligram,0.32000000000000006 micromole,0.07107104000000003 microliter,C11H19BN2O2,[K+].[K+].[K+].[O-]P([O-])([O-])=O,K3PO4,0.42452799999999996 milligram,2.0 micromole,0.42452800000000007 microliter,K3O4P,CN1C=NC2=C1C(=O)N(C(=O)N2C)C,caffeine,0.051654806000000004 milligram,0.266 micromole,0.05165480600000002 microliter,C8H10N4O2,C1COCCO1,dioxane,11.124 milligram,126.25700860327335 micromole,10.8 microliter,C4H8O2,O,water,1.2000000000000002 milligram,66.6111573688593 micromole,1.2000000000000002 microliter,H2O,COc1ncnc(-c2cn(C)nc2C)c1N,suzuki_product_0,0.0 milligram,0.0 micromole,0 microliter,C10H13N5O,COc1ncncc1N,dehalogenation_0,0.0 milligram,0.0 micromole,0 microliter,C5H7N3O,Cc1ccn(C)n1,deborylation_0,0.0 milligram,0.0 micromole,0 microliter,C5H8N2,COC1=C(N)C(Cl)=NC=N1.B1(OC(C(O1)(C)C)(C)C)C2=CN(N=C2C)C>>COc1ncnc(-c2cn(C)nc2C)c1N.COc1ncncc1N.Cc1ccn(C)n1,005_RLN-NB-2443_012_A11,7/7/2023 2:03:22 PM,005_rln-nb-2443_012_a11.raw,2min_150_1200.EXP,005_RLN-NB-2443_012_A11,005_RLN-NB-2443_012_A11,Rxn_Opt_HSST3_2_98,Analog,0.4001380745701605,0,0.6882075360581283,1.952148509739934,0.8965,1.7199251453324458,0.7431,0,0,0,False,96.06874826542,1.25,deborylation_0,0,0,0,0,0,76.50170778843584,4.651743216063899,1.7199251453324458,194.9,0.7431,0,0,0,0,0,0,0,0,0,0,26.402825694342873,1.8613395738706147,0.6882075360581283,219,0.8965,0,0,0,0,0,0,0,0,0,0,0,0,0,0,0,0,0,0,0,0,0.0,0.0,0.0,0.0,0.0,0.0,0.0,0.0,0.0,0.00010643672783566269,40.01380745701605,0.0,0.0,0.0,0.0,0.0,0.0,0.0,0.0,0.0,0.0,0.0,0.0
11,A12,Cl[Pd]Cl.CC1(C)c2cccc(P(c3ccccc3)c4ccccc4)c2Oc5c(cccc15)P(c6ccccc6)c7ccccc7,PdCl2(XantPhos),0.04025476350000001 milligram,0.05325 micromole,0.04025476350000002 microliter,C39H32Cl2OP2Pd,COC1=C(N)C(Cl)=NC=N1,4-chloro-6-methoxypyrimidin-5-amine,0.04244721600000001 milligram,0.266 micromole,0.04244721600000002 microliter,C5H6ClN3O,B1(OC(C(O1)(C)C)(C)C)C2=CN(N=C2C)C,"1,3-dimethyl-4-(4,4,5,5-tetramethyl-1,3,2-dioxaborolan-2-yl)-1H-pyrazole",0.07107104000000002 milligram,0.32000000000000006 micromole,0.07107104000000003 microliter,C11H19BN2O2,[Na+].C[Si](C)(C)[O-],NaOTMS,0.22435999999999995 milligram,2.0 micromole,0.22436 microliter,C3H9NaOSi,CN1C=NC2=C1C(=O)N(C(=O)N2C)C,caffeine,0.051654806000000004 milligram,0.266 micromole,0.05165480600000002 microliter,C8H10N4O2,C1COCCO1,dioxane,11.124 milligram,126.25700860327335 micromole,10.8 microliter,C4H8O2,O,water,1.2000000000000002 milligram,66.6111573688593 micromole,1.2000000000000002 microliter,H2O,COc1ncnc(-c2cn(C)nc2C)c1N,suzuki_product_0,0.0 milligram,0.0 micromole,0 microliter,C10H13N5O,COc1ncncc1N,dehalogenation_0,0.0 milligram,0.0 micromole,0 microliter,C5H7N3O,Cc1ccn(C)n1,deborylation_0,0.0 milligram,0.0 micromole,0 microliter,C5H8N2,COC1=C(N)C(Cl)=NC=N1.B1(OC(C(O1)(C)C)(C)C)C2=CN(N=C2C)C>>COc1ncnc(-c2cn(C)nc2C)c1N.COc1ncncc1N.Cc1ccn(C)n1,005_RLN-NB-2443_012_A12,7/7/2023 2:05:49 PM,005_rln-nb-2443_012_a12.raw,2min_150_1200.EXP,005_RLN-NB-2443_012_A12,005_RLN-NB-2443_012_A12,Rxn_Opt_HSST3_2_98,Analog,0.45272705471293556,0,0.6706557733263123,2.116595900067019,0.8965,1.481368887378645,0.7415,0,0,0,False,96.06874826542,1.25,deborylation_0,0,0,0,0,0,66.80662925188018,4.466400303056948,1.481368887378645,195,0.7415,0,0,0,0,0,0,0,0,0,0,26.057196079223996,2.022060254371935,0.6706557733263123,218.8,0.8965,0,0,0,0,0,0,0,0,0,0,0,0,0,0,0,0,0,0,0,0,0.0,0.0,0.0,0.0,0.0,0.0,0.0,0.0,0.0,0.00012042539655364086,45.272705471293555,0.0,0.0,0.0,0.0,0.0,0.0,0.0,0.0,0.0,0.0,0.0,0.0
12,A13,CC(C)C1=CC(C(C)C)=CC(C(C)C)=C1C2=C([P+](C3CCCCC3)([Pd-2]4(OS(C)(=O)=O)C(C=CC=C5)=C5C6=C([NH+]4C)C=CC=C6)C7CCCCC7)C=CC=C2,XPhos Pd G4,0.04582130549999999 milligram,0.05325 micromole,0.0458213055 microliter,C47H64NO3PPdS,CC1=C(C(=NN1C(C)C)N)Br,4-BROMO-1-ISOPROPYL-5-METHYL-1H-PYRAZOL-3-AMINE,0.058014068 milligram,0.266 micromole,0.058014068000000016 microliter,C7H12BrN3,B1(OC(C(O1)(C)C)(C)C)C2=CN(N=C2C)C,"1,3-dimethyl-4-(4,4,5,5-tetramethyl-1,3,2-dioxaborolan-2-yl)-1H-pyrazole",0.07107104000000002 milligram,0.32000000000000006 micromole,0.07107104000000003 microliter,C11H19BN2O2,[Na+].[Na+].[O-]C([O-])=O,Na2CO3,0.21197599999999997 milligram,2.0 micromole,0.21197600000000003 microliter,CNa2O3,CN1C=NC2=C1C(=O)N(C(=O)N2C)C,caffeine,0.051654806000000004 milligram,0.266 micromole,0.05165480600000002 microliter,C8H10N4O2,C1COCCO1,dioxane,11.124 milligram,126.25700860327335 micromole,10.8 microliter,C4H8O2,O,water,1.2000000000000002 milligram,66.6111573688593 micromole,1.2000000000000002 microliter,H2O,Cc1nn(C)cc1-c1c(N)nn(C(C)C)c1C,suzuki_product_0,0.0 milligram,0.0 micromole,0 microliter,C12H19N5,Cc1cc(N)nn1C(C)C,dehalogenation_0,0.0 milligram,0.0 micromole,0 microliter,C7H13N3,Cc1ccn(C)n1,deborylation_0,0.0 milligram,0.0 micromole,0 microliter,C5H8N2,CC1=C(C(=NN1C(C)C)N)Br.B1(OC(C(O1)(C)C)(C)C)C2=CN(N=C2C)C>>Cc1nn(C)cc1-c1c(N)nn(C(C)C)c1C.Cc1cc(N)nn1C(C)C.Cc1ccn(C)n1,005_RLN-NB-2443_012_A13,7/7/2023 2:08:18 PM,005_rln-nb-2443_012_a13.raw,2min_150_1200.EXP,005_RLN-NB-2443_012_A13,005_RLN-NB-2443_012_A13,Rxn_Opt_HSST3_2_98,Analog,0,0,0,0,0,0.7418615280661004,0.7398,0,0,0,False,96.06874826542,1.25,deborylation_0,0,0,0,0,0,34.63460604894079,21.093489729810912,0.7418615280661004,195,0.7398,0,0,0,0,0,0,0,0,0,0,0,0,0,0,0,0,0,0,0,0,0,0,0,0,0,0,0,0,0,0,0,0,0,0,0,0.0,0.0,0.0,0.0,0.0,0.0,0.0,0.0,0.0,0.0,0.0,0.0,0.0,0.0,0.0,0.0,0.0,0.0,0.0,0.0,0.0,0.0,0.0
13,A14,CC(C)C1=CC(C(C)C)=CC(C(C)C)=C1C2=C([P+](C3CCCCC3)([Pd-2]4(OS(C)(=O)=O)C(C=CC=C5)=C5C6=C([NH+]4C)C=CC=C6)C7CCCCC7)C=CC=C2,XPhos Pd G4,0.04582130549999999 milligram,0.05325 micromole,0.0458213055 microliter,C47H64NO3PPdS,CC1=C(C(=NN1C(C)C)N)Br,4-BROMO-1-ISOPROPYL-5-METHYL-1H-PYRAZOL-3-AMINE,0.058014068 milligram,0.266 micromole,0.058014068000000016 microliter,C7H12BrN3,B1(OC(C(O1)(C)C)(C)C)C2=CN(N=C2C)C,"1,3-dimethyl-4-(4,4,5,5-tetramethyl-1,3,2-dioxaborolan-2-yl)-1H-pyrazole",0.07107104000000002 milligram,0.32000000000000006 micromole,0.07107104000000003 microliter,C11H19BN2O2,[K+].[K+].[K+].[O-]P([O-])([O-])=O,K3PO4,0.42452799999999996 milligram,2.0 micromole,0.42452800000000007 microliter,K3O4P,CN1C=NC2=C1C(=O)N(C(=O)N2C)C,caffeine,0.051654806000000004 milligram,0.266 micromole,0.05165480600000002 microliter,C8H10N4O2,C1COCCO1,dioxane,11.124 milligram,126.25700860327335 micromole,10.8 microliter,C4H8O2,O,water,1.2000000000000002 milligram,66.6111573688593 micromole,1.2000000000000002 microliter,H2O,Cc1nn(C)cc1-c1c(N)nn(C(C)C)c1C,suzuki_product_0,0.0 milligram,0.0 micromole,0 microliter,C12H19N5,Cc1cc(N)nn1C(C)C,dehalogenation_0,0.0 milligram,0.0 micromole,0 microliter,C7H13N3,Cc1ccn(C)n1,deborylation_0,0.0 milligram,0.0 micromole,0 microliter,C5H8N2,CC1=C(C(=NN1C(C)C)N)Br.B1(OC(C(O1)(C)C)(C)C)C2=CN(N=C2C)C>>Cc1nn(C)cc1-c1c(N)nn(C(C)C)c1C.Cc1cc(N)nn1C(C)C.Cc1ccn(C)n1,005_RLN-NB-2443_012_A14,7/7/2023 2:10:45 PM,005_rln-nb-2443_012_a14.raw,2min_150_1200.EXP,005_RLN-NB-2443_012_A14,005_RLN-NB-2443_012_A14,Rxn_Opt_HSST3_2_98,Analog,0.3137664944574652,0,0.2540693422620501,11.179135957269095,0.7715,0.8097401945397718,0.7431,0,0,0,False,96.06874826542,1.25,deborylation_0,0,0,0,0,0,38.3971031499115,26.26936819847041,0.8097401945397718,194.8,0.7431,0,0,0,0,0,0,0,0,0,0,11.42583537563891,8.242447571246478,0.2540693422620501,234.1,0.7715,0,0,0,0,0,0,0,0,0,0,0,0,0,0,0,0,0,0,0,0,0.0,0.0,0.0,0.0,0.0,0.0,0.0,0.0,0.0,8.346188752568575e-05,31.37664944574652,0.0,0.0,0.0,0.0,0.0,0.0,0.0,0.0,0.0,0.0,0.0,0.0
14,A15,CC(C)C1=CC(C(C)C)=CC(C(C)C)=C1C2=C([P+](C3CCCCC3)([Pd-2]4(OS(C)(=O)=O)C(C=CC=C5)=C5C6=C([NH+]4C)C=CC=C6)C7CCCCC7)C=CC=C2,XPhos Pd G4,0.04582130549999999 milligram,0.05325 micromole,0.0458213055 microliter,C47H64NO3PPdS,CC1=C(C(=NN1C(C)C)N)Br,4-BROMO-1-ISOPROPYL-5-METHYL-1H-PYRAZOL-3-AMINE,0.058014068 milligram,0.266 micromole,0.058014068000000016 microliter,C7H12BrN3,B1(OC(C(O1)(C)C)(C)C)C2=CN(N=C2C)C,"1,3-dimethyl-4-(4,4,5,5-tetramethyl-1,3,2-dioxaborolan-2-yl)-1H-pyrazole",0.07107104000000002 milligram,0.32000000000000006 micromole,0.07107104000000003 microliter,C11H19BN2O2,[Na+].C[Si](C)(C)[O-],NaOTMS,0.22435999999999995 milligram,2.0 micromole,0.22436 microliter,C3H9NaOSi,CN1C=NC2=C1C(=O)N(C(=O)N2C)C,caffeine,0.051654806000000004 milligram,0.266 micromole,0.05165480600000002 microliter,C8H10N4O2,C1COCCO1,dioxane,11.124 milligram,126.25700860327335 micromole,10.8 microliter,C4H8O2,O,water,1.2000000000000002 milligram,66.6111573688593 micromole,1.2000000000000002 microliter,H2O,Cc1nn(C)cc1-c1c(N)nn(C(C)C)c1C,suzuki_product_0,0.0 milligram,0.0 micromole,0 microliter,C12H19N5,Cc1cc(N)nn1C(C)C,dehalogenation_0,0.0 milligram,0.0 micromole,0 microliter,C7H13N3,Cc1ccn(C)n1,deborylation_0,0.0 milligram,0.0 micromole,0 microliter,C5H8N2,CC1=C(C(=NN1C(C)C)N)Br.B1(OC(C(O1)(C)C)(C)C)C2=CN(N=C2C)C>>Cc1nn(C)cc1-c1c(N)nn(C(C)C)c1C.Cc1cc(N)nn1C(C)C.Cc1ccn(C)n1,005_RLN-NB-2443_012_A15,7/7/2023 2:13:12 PM,005_rln-nb-2443_012_a15.raw,2min_150_1200.EXP,005_RLN-NB-2443_012_A15,005_RLN-NB-2443_012_A15,Rxn_Opt_HSST3_2_98,Analog,0,0,0,0,0,1.0726704250043244,0.7415,0,0,0,False,96.06874826542,1.25,deborylation_0,0,0,0,0,0,50.01318199897809,24.19982132377608,1.0726704250043244,195,0.7415,0,0,0,0,0,0,0,0,0,0,0,0,0,0,0,0,0,0,0,0,0,0,0,0,0,0,0,0,0,0,0,0,0,0,0,0.0,0.0,0.0,0.0,0.0,0.0,0.0,0.0,0.0,0.0,0.0,0.0,0.0,0.0,0.0,0.0,0.0,0.0,0.0,0.0,0.0,0.0,0.0
15,A16,CC(C)(C)[P+]([Pd-2]1(C2=C(C3=C(C=CC=C3)[NH+]1C)C=CC=C2)OS(C)(=O)=O)(C(C)(C)C)C(C)(C)C,PtBu3 Pd G4,0.03120913275 milligram,0.05325 micromole,0.031209132750000007 microliter,C26H42NO3PPdS,CC1=C(C(=NN1C(C)C)N)Br,4-BROMO-1-ISOPROPYL-5-METHYL-1H-PYRAZOL-3-AMINE,0.058014068 milligram,0.266 micromole,0.058014068000000016 microliter,C7H12BrN3,B1(OC(C(O1)(C)C)(C)C)C2=CN(N=C2C)C,"1,3-dimethyl-4-(4,4,5,5-tetramethyl-1,3,2-dioxaborolan-2-yl)-1H-pyrazole",0.07107104000000002 milligram,0.32000000000000006 micromole,0.07107104000000003 microliter,C11H19BN2O2,[Na+].[Na+].[O-]C([O-])=O,Na2CO3,0.21197599999999997 milligram,2.0 micromole,0.21197600000000003 microliter,CNa2O3,CN1C=NC2=C1C(=O)N(C(=O)N2C)C,caffeine,0.051654806000000004 milligram,0.266 micromole,0.05165480600000002 microliter,C8H10N4O2,C1COCCO1,dioxane,11.124 milligram,126.25700860327335 micromole,10.8 microliter,C4H8O2,O,water,1.2000000000000002 milligram,66.6111573688593 micromole,1.2000000000000002 microliter,H2O,Cc1nn(C)cc1-c1c(N)nn(C(C)C)c1C,suzuki_product_0,0.0 milligram,0.0 micromole,0 microliter,C12H19N5,Cc1cc(N)nn1C(C)C,dehalogenation_0,0.0 milligram,0.0 micromole,0 microliter,C7H13N3,Cc1ccn(C)n1,deborylation_0,0.0 milligram,0.0 micromole,0 microliter,C5H8N2,CC1=C(C(=NN1C(C)C)N)Br.B1(OC(C(O1)(C)C)(C)C)C2=CN(N=C2C)C>>Cc1nn(C)cc1-c1c(N)nn(C(C)C)c1C.Cc1cc(N)nn1C(C)C.Cc1ccn(C)n1,005_RLN-NB-2443_012_A16,7/7/2023 2:15:39 PM,005_rln-nb-2443_012_a16.raw,2min_150_1200.EXP,005_RLN-NB-2443_012_A16,005_RLN-NB-2443_012_A16,Rxn_Opt_HSST3_2_98,Analog,0,0,0,0,0,1.4360991880019562,0.7431,0,0,0,False,96.06874826542,1.25,deborylation_0,0,0,0,0,0,66.27532373133172,35.874401115055115,1.4360991880019562,195,0.7431,0,0,0,0,0,0,0,0,0,0,0,0,0,0,0,0,0,0,0,0,0,0,0,0,0,0,0,0,0,0,0,0,0,0,0,0.0,0.0,0.0,0.0,0.0,0.0,0.0,0.0,0.0,0.0,0.0,0.0,0.0,0.0,0.0,0.0,0.0,0.0,0.0,0.0,0.0,0.0,0.0
16,A17,CC(C)(C)[P+]([Pd-2]1(C2=C(C3=C(C=CC=C3)[NH+]1C)C=CC=C2)OS(C)(=O)=O)(C(C)(C)C)C(C)(C)C,PtBu3 Pd G4,0.03120913275 milligram,0.05325 micromole,0.031209132750000007 microliter,C26H42NO3PPdS,CC1=C(C(=NN1C(C)C)N)Br,4-BROMO-1-ISOPROPYL-5-METHYL-1H-PYRAZOL-3-AMINE,0.058014068 milligram,0.266 micromole,0.058014068000000016 microliter,C7H12BrN3,B1(OC(C(O1)(C)C)(C)C)C2=CN(N=C2C)C,"1,3-dimethyl-4-(4,4,5,5-tetramethyl-1,3,2-dioxaborolan-2-yl)-1H-pyrazole",0.07107104000000002 milligram,0.32000000000000006 micromole,0.07107104000000003 microliter,C11H19BN2O2,[K+].[K+].[K+].[O-]P([O-])([O-])=O,K3PO4,0.42452799999999996 milligram,2.0 micromole,0.42452800000000007 microliter,K3O4P,CN1C=NC2=C1C(=O)N(C(=O)N2C)C,caffeine,0.051654806000000004 milligram,0.266 micromole,0.05165480600000002 microliter,C8H10N4O2,C1COCCO1,dioxane,11.124 milligram,126.25700860327335 micromole,10.8 microliter,C4H8O2,O,water,1.2000000000000002 milligram,66.6111573688593 micromole,1.2000000000000002 microliter,H2O,Cc1nn(C)cc1-c1c(N)nn(C(C)C)c1C,suzuki_product_0,0.0 milligram,0.0 micromole,0 microliter,C12H19N5,Cc1cc(N)nn1C(C)C,dehalogenation_0,0.0 milligram,0.0 micromole,0 microliter,C7H13N3,Cc1ccn(C)n1,deborylation_0,0.0 milligram,0.0 micromole,0 microliter,C5H8N2,CC1=C(C(=NN1C(C)C)N)Br.B1(OC(C(O1)(C)C)(C)C)C2=CN(N=C2C)C>>Cc1nn(C)cc1-c1c(N)nn(C(C)C)c1C.Cc1cc(N)nn1C(C)C.Cc1ccn(C)n1,005_RLN-NB-2443_012_A17,7/7/2023 2:18:07 PM,005_rln-nb-2443_012_a17.raw,2min_150_1200.EXP,005_RLN-NB-2443_012_A17,005_RLN-NB-2443_012_A17,Rxn_Opt_HSST3_2_98,Analog,0,0,0,0,0,1.5971660783246393,0.7415,0,0,0,False,96.06874826542,1.25,deborylation_0,0,0,0,0,0,75.24244050839162,49.03560708520855,1.5971660783246393,194.9,0.7415,0,0,0,0,0,0,0,0,0,0,0,0,0,0,0,0,0,0,0,0,0,0,0,0,0,0,0,0,0,0,0,0,0,0,0,0.0,0.0,0.0,0.0,0.0,0.0,0.0,0.0,0.0,0.0,0.0,0.0,0.0,0.0,0.0,0.0,0.0,0.0,0.0,0.0,0.0,0.0,0.0
17,A18,CC(C)(C)[P+]([Pd-2]1(C2=C(C3=C(C=CC=C3)[NH+]1C)C=CC=C2)OS(C)(=O)=O)(C(C)(C)C)C(C)(C)C,PtBu3 Pd G4,0.03120913275 milligram,0.05325 micromole,0.031209132750000007 microliter,C26H42NO3PPdS,CC1=C(C(=NN1C(C)C)N)Br,4-BROMO-1-ISOPROPYL-5-METHYL-1H-PYRAZOL-3-AMINE,0.058014068 milligram,0.266 micromole,0.058014068000000016 microliter,C7H12BrN3,B1(OC(C(O1)(C)C)(C)C)C2=CN(N=C2C)C,"1,3-dimethyl-4-(4,4,5,5-tetramethyl-1,3,2-dioxaborolan-2-yl)-1H-pyrazole",0.07107104000000002 milligram,0.32000000000000006 micromole,0.07107104000000003 microliter,C11H19BN2O2,[Na+].C[Si](C)(C)[O-],NaOTMS,0.22435999999999995 milligram,2.0 micromole,0.22436 microliter,C3H9NaOSi,CN1C=NC2=C1C(=O)N(C(=O)N2C)C,caffeine,0.051654806000000004 milligram,0.266 micromole,0.05165480600000002 microliter,C8H10N4O2,C1COCCO1,dioxane,11.124 milligram,126.25700860327335 micromole,10.8 microliter,C4H8O2,O,water,1.2000000000000002 milligram,66.6111573688593 micromole,1.2000000000000002 microliter,H2O,Cc1nn(C)cc1-c1c(N)nn(C(C)C)c1C,suzuki_product_0,0.0 milligram,0.0 micromole,0 microliter,C12H19N5,Cc1cc(N)nn1C(C)C,dehalogenation_0,0.0 milligram,0.0 micromole,0 microliter,C7H13N3,Cc1ccn(C)n1,deborylation_0,0.0 milligram,0.0 micromole,0 microliter,C5H8N2,CC1=C(C(=NN1C(C)C)N)Br.B1(OC(C(O1)(C)C)(C)C)C2=CN(N=C2C)C>>Cc1nn(C)cc1-c1c(N)nn(C(C)C)c1C.Cc1cc(N)nn1C(C)C.Cc1ccn(C)n1,005_RLN-NB-2443_012_A18,7/7/2023 2:20:34 PM,005_rln-nb-2443_012_a18.raw,2min_150_1200.EXP,005_RLN-NB-2443_012_A18,005_RLN-NB-2443_012_A18,Rxn_Opt_HSST3_2_98,Analog,0,0,0,0,0,1.8242158887798814,0.7431,0,0,0,False,96.06874826542,1.25,deborylation_0,0,0,0,0,0,80.80259385867845,26.339240855524594,1.8242158887798814,194.9,0.7431,0,0,0,0,0,0,0,0,0,0,0,0,0,0,0,0,0,0,0,0,0,0,0,0,0,0,0,0,0,0,0,0,0,0,0,0.0,0.0,0.0,0.0,0.0,0.0,0.0,0.0,0.0,0.0,0.0,0.0,0.0,0.0,0.0,0.0,0.0,0.0,0.0,0.0,0.0,0.0,0.0
18,A19,CC(C1=CC=CC(C(C)C)=C1C2=C(C(OC(C)(C)C)=CC=C2OC)[P+]([Pd-2]3(C4=C(C5=C(C=CC=C5)[NH+]3C)C=CC=C4)OS(C)(=O)=O)(C6CCCCC6)C7CCCCC7)C,GPhos Pd G4,0.049019074499999975 milligram,0.05325 micromole,0.04901907449999999 microliter,C49H68NO5PPdS,CC1=C(C(=NN1C(C)C)N)Br,4-BROMO-1-ISOPROPYL-5-METHYL-1H-PYRAZOL-3-AMINE,0.058014068 milligram,0.266 micromole,0.058014068000000016 microliter,C7H12BrN3,B1(OC(C(O1)(C)C)(C)C)C2=CN(N=C2C)C,"1,3-dimethyl-4-(4,4,5,5-tetramethyl-1,3,2-dioxaborolan-2-yl)-1H-pyrazole",0.07107104000000002 milligram,0.32000000000000006 micromole,0.07107104000000003 microliter,C11H19BN2O2,[Na+].[Na+].[O-]C([O-])=O,Na2CO3,0.21197599999999997 milligram,2.0 micromole,0.21197600000000003 microliter,CNa2O3,CN1C=NC2=C1C(=O)N(C(=O)N2C)C,caffeine,0.051654806000000004 milligram,0.266 micromole,0.05165480600000002 microliter,C8H10N4O2,C1COCCO1,dioxane,11.124 milligram,126.25700860327335 micromole,10.8 microliter,C4H8O2,O,water,1.2000000000000002 milligram,66.6111573688593 micromole,1.2000000000000002 microliter,H2O,Cc1nn(C)cc1-c1c(N)nn(C(C)C)c1C,suzuki_product_0,0.0 milligram,0.0 micromole,0 microliter,C12H19N5,Cc1cc(N)nn1C(C)C,dehalogenation_0,0.0 milligram,0.0 micromole,0 microliter,C7H13N3,Cc1ccn(C)n1,deborylation_0,0.0 milligram,0.0 micromole,0 microliter,C5H8N2,CC1=C(C(=NN1C(C)C)N)Br.B1(OC(C(O1)(C)C)(C)C)C2=CN(N=C2C)C>>Cc1nn(C)cc1-c1c(N)nn(C(C)C)c1C.Cc1cc(N)nn1C(C)C.Cc1ccn(C)n1,005_RLN-NB-2443_012_A19,7/7/2023 2:23:02 PM,005_rln-nb-2443_012_a19.raw,2min_150_1200.EXP,005_RLN-NB-2443_012_A19,005_RLN-NB-2443_012_A19,Rxn_Opt_HSST3_2_98,Analog,0,0,0,0,0,1.4171706576066732,0.7415,0.07683569110629289,0.9715,0,False,96.06874826542,1.25,deborylation_0,0,0,0,0,0,65.14427523573704,24.907094423617018,1.4171706576066732,195,0.7415,0,0,0,0,0,0,0,0,0,0,0,0,0,0,0,4.114915753163848,1.3504046271465053,0.07683569110629289,219.9,0.9715,0,0,0,0,0,0,0,0,0,0,0,0,0,0,0,0.0,0.0,0.0,0.0,0.0,0.0,0.0,0.0,0.0,0.0,0.0,0.0,0.0,0.0,0.0,1.4421900230978695e-05,5.421767004127329,0.0,0.0,0.0,0.0,0.0,0.0
19,A20,CC(C1=CC=CC(C(C)C)=C1C2=C(C(OC(C)(C)C)=CC=C2OC)[P+]([Pd-2]3(C4=C(C5=C(C=CC=C5)[NH+]3C)C=CC=C4)OS(C)(=O)=O)(C6CCCCC6)C7CCCCC7)C,GPhos Pd G4,0.049019074499999975 milligram,0.05325 micromole,0.04901907449999999 microliter,C49H68NO5PPdS,CC1=C(C(=NN1C(C)C)N)Br,4-BROMO-1-ISOPROPYL-5-METHYL-1H-PYRAZOL-3-AMINE,0.058014068 milligram,0.266 micromole,0.058014068000000016 microliter,C7H12BrN3,B1(OC(C(O1)(C)C)(C)C)C2=CN(N=C2C)C,"1,3-dimethyl-4-(4,4,5,5-tetramethyl-1,3,2-dioxaborolan-2-yl)-1H-pyrazole",0.07107104000000002 milligram,0.32000000000000006 micromole,0.07107104000000003 microliter,C11H19BN2O2,[K+].[K+].[K+].[O-]P([O-])([O-])=O,K3PO4,0.42452799999999996 milligram,2.0 micromole,0.42452800000000007 microliter,K3O4P,CN1C=NC2=C1C(=O)N(C(=O)N2C)C,caffeine,0.051654806000000004 milligram,0.266 micromole,0.05165480600000002 microliter,C8H10N4O2,C1COCCO1,dioxane,11.124 milligram,126.25700860327335 micromole,10.8 microliter,C4H8O2,O,water,1.2000000000000002 milligram,66.6111573688593 micromole,1.2000000000000002 microliter,H2O,Cc1nn(C)cc1-c1c(N)nn(C(C)C)c1C,suzuki_product_0,0.0 milligram,0.0 micromole,0 microliter,C12H19N5,Cc1cc(N)nn1C(C)C,dehalogenation_0,0.0 milligram,0.0 micromole,0 microliter,C7H13N3,Cc1ccn(C)n1,deborylation_0,0.0 milligram,0.0 micromole,0 microliter,C5H8N2,CC1=C(C(=NN1C(C)C)N)Br.B1(OC(C(O1)(C)C)(C)C)C2=CN(N=C2C)C>>Cc1nn(C)cc1-c1c(N)nn(C(C)C)c1C.Cc1cc(N)nn1C(C)C.Cc1ccn(C)n1,005_RLN-NB-2443_012_A20,7/7/2023 2:25:29 PM,005_rln-nb-2443_012_a20.raw,2min_150_1200.EXP,005_RLN-NB-2443_012_A20,005_RLN-NB-2443_012_A20,Rxn_Opt_HSST3_2_98,Analog,0,0,0,0,0,1.5819055205019026,0.7415,0,0,0,False,96.06874826542,1.25,deborylation_0,0,0,0,0,0,72.22283522188589,36.853956242792016,1.5819055205019026,194.9,0.7415,0,0,0,0,0,0,0,0,0,0,0,0,0,0,0,0,0,0,0,0,0,0,0,0,0,0,0,0,0,0,0,0,0,0,0,0.0,0.0,0.0,0.0,0.0,0.0,0.0,0.0,0.0,0.0,0.0,0.0,0.0,0.0,0.0,0.0,0.0,0.0,0.0,0.0,0.0,0.0,0.0
20,A21,CC(C1=CC=CC(C(C)C)=C1C2=C(C(OC(C)(C)C)=CC=C2OC)[P+]([Pd-2]3(C4=C(C5=C(C=CC=C5)[NH+]3C)C=CC=C4)OS(C)(=O)=O)(C6CCCCC6)C7CCCCC7)C,GPhos Pd G4,0.049019074499999975 milligram,0.05325 micromole,0.04901907449999999 microliter,C49H68NO5PPdS,CC1=C(C(=NN1C(C)C)N)Br,4-BROMO-1-ISOPROPYL-5-METHYL-1H-PYRAZOL-3-AMINE,0.058014068 milligram,0.266 micromole,0.058014068000000016 microliter,C7H12BrN3,B1(OC(C(O1)(C)C)(C)C)C2=CN(N=C2C)C,"1,3-dimethyl-4-(4,4,5,5-tetramethyl-1,3,2-dioxaborolan-2-yl)-1H-pyrazole",0.07107104000000002 milligram,0.32000000000000006 micromole,0.07107104000000003 microliter,C11H19BN2O2,[Na+].C[Si](C)(C)[O-],NaOTMS,0.22435999999999995 milligram,2.0 micromole,0.22436 microliter,C3H9NaOSi,CN1C=NC2=C1C(=O)N(C(=O)N2C)C,caffeine,0.051654806000000004 milligram,0.266 micromole,0.05165480600000002 microliter,C8H10N4O2,C1COCCO1,dioxane,11.124 milligram,126.25700860327335 micromole,10.8 microliter,C4H8O2,O,water,1.2000000000000002 milligram,66.6111573688593 micromole,1.2000000000000002 microliter,H2O,Cc1nn(C)cc1-c1c(N)nn(C(C)C)c1C,suzuki_product_0,0.0 milligram,0.0 micromole,0 microliter,C12H19N5,Cc1cc(N)nn1C(C)C,dehalogenation_0,0.0 milligram,0.0 micromole,0 microliter,C7H13N3,Cc1ccn(C)n1,deborylation_0,0.0 milligram,0.0 micromole,0 microliter,C5H8N2,CC1=C(C(=NN1C(C)C)N)Br.B1(OC(C(O1)(C)C)(C)C)C2=CN(N=C2C)C>>Cc1nn(C)cc1-c1c(N)nn(C(C)C)c1C.Cc1cc(N)nn1C(C)C.Cc1ccn(C)n1,005_RLN-NB-2443_012_A21,7/7/2023 2:27:55 PM,005_rln-nb-2443_012_a21.raw,2min_150_1200.EXP,005_RLN-NB-2443_012_A21,005_RLN-NB-2443_012_A21,Rxn_Opt_HSST3_2_98,Analog,0,0,0,0,0,1.4127020083078605,0.7415,0,0,0,False,96.06874826542,1.25,deborylation_0,0,0,0,0,0,62.477891424662396,22.44494241767418,1.4127020083078605,195,0.7415,0,0,0,0,0,0,0,0,0,0,0,0,0,0,0,0,0,0,0,0,0,0,0,0,0,0,0,0,0,0,0,0,0,0,0,0.0,0.0,0.0,0.0,0.0,0.0,0.0,0.0,0.0,0.0,0.0,0.0,0.0,0.0,0.0,0.0,0.0,0.0,0.0,0.0,0.0,0.0,0.0
21,A22,Cl[Pd]Cl.CC1(C)c2cccc(P(c3ccccc3)c4ccccc4)c2Oc5c(cccc15)P(c6ccccc6)c7ccccc7,PdCl2(XantPhos),0.04025476350000001 milligram,0.05325 micromole,0.04025476350000002 microliter,C39H32Cl2OP2Pd,CC1=C(C(=NN1C(C)C)N)Br,4-BROMO-1-ISOPROPYL-5-METHYL-1H-PYRAZOL-3-AMINE,0.058014068 milligram,0.266 micromole,0.058014068000000016 microliter,C7H12BrN3,B1(OC(C(O1)(C)C)(C)C)C2=CN(N=C2C)C,"1,3-dimethyl-4-(4,4,5,5-tetramethyl-1,3,2-dioxaborolan-2-yl)-1H-pyrazole",0.07107104000000002 milligram,0.32000000000000006 micromole,0.07107104000000003 microliter,C11H19BN2O2,[Na+].[Na+].[O-]C([O-])=O,Na2CO3,0.21197599999999997 milligram,2.0 micromole,0.21197600000000003 microliter,CNa2O3,CN1C=NC2=C1C(=O)N(C(=O)N2C)C,caffeine,0.051654806000000004 milligram,0.266 micromole,0.05165480600000002 microliter,C8H10N4O2,C1COCCO1,dioxane,11.124 milligram,126.25700860327335 micromole,10.8 microliter,C4H8O2,O,water,1.2000000000000002 milligram,66.6111573688593 micromole,1.2000000000000002 microliter,H2O,Cc1nn(C)cc1-c1c(N)nn(C(C)C)c1C,suzuki_product_0,0.0 milligram,0.0 micromole,0 microliter,C12H19N5,Cc1cc(N)nn1C(C)C,dehalogenation_0,0.0 milligram,0.0 micromole,0 microliter,C7H13N3,Cc1ccn(C)n1,deborylation_0,0.0 milligram,0.0 micromole,0 microliter,C5H8N2,CC1=C(C(=NN1C(C)C)N)Br.B1(OC(C(O1)(C)C)(C)C)C2=CN(N=C2C)C>>Cc1nn(C)cc1-c1c(N)nn(C(C)C)c1C.Cc1cc(N)nn1C(C)C.Cc1ccn(C)n1,005_RLN-NB-2443_012_A22,7/7/2023 2:30:23 PM,005_rln-nb-2443_012_a22.raw,2min_150_1200.EXP,005_RLN-NB-2443_012_A22,005_RLN-NB-2443_012_A22,Rxn_Opt_HSST3_2_98,Analog,0,0,0,0,0,2.3000792205424734,0.7415,0,0,0,False,96.06874826542,1.25,deborylation_0,0,0,0,0,0,101.91417245087507,16.2996129182617,2.3000792205424734,195,0.7415,0,0,0,0,0,0,0,0,0,0,0,0,0,0,0,0,0,0,0,0,0,0,0,0,0,0,0,0,0,0,0,0,0,0,0,0.0,0.0,0.0,0.0,0.0,0.0,0.0,0.0,0.0,0.0,0.0,0.0,0.0,0.0,0.0,0.0,0.0,0.0,0.0,0.0,0.0,0.0,0.0
22,A23,Cl[Pd]Cl.CC1(C)c2cccc(P(c3ccccc3)c4ccccc4)c2Oc5c(cccc15)P(c6ccccc6)c7ccccc7,PdCl2(XantPhos),0.04025476350000001 milligram,0.05325 micromole,0.04025476350000002 microliter,C39H32Cl2OP2Pd,CC1=C(C(=NN1C(C)C)N)Br,4-BROMO-1-ISOPROPYL-5-METHYL-1H-PYRAZOL-3-AMINE,0.058014068 milligram,0.266 micromole,0.058014068000000016 microliter,C7H12BrN3,B1(OC(C(O1)(C)C)(C)C)C2=CN(N=C2C)C,"1,3-dimethyl-4-(4,4,5,5-tetramethyl-1,3,2-dioxaborolan-2-yl)-1H-pyrazole",0.07107104000000002 milligram,0.32000000000000006 micromole,0.07107104000000003 microliter,C11H19BN2O2,[K+].[K+].[K+].[O-]P([O-])([O-])=O,K3PO4,0.42452799999999996 milligram,2.0 micromole,0.42452800000000007 microliter,K3O4P,CN1C=NC2=C1C(=O)N(C(=O)N2C)C,caffeine,0.051654806000000004 milligram,0.266 micromole,0.05165480600000002 microliter,C8H10N4O2,C1COCCO1,dioxane,11.124 milligram,126.25700860327335 micromole,10.8 microliter,C4H8O2,O,water,1.2000000000000002 milligram,66.6111573688593 micromole,1.2000000000000002 microliter,H2O,Cc1nn(C)cc1-c1c(N)nn(C(C)C)c1C,suzuki_product_0,0.0 milligram,0.0 micromole,0 microliter,C12H19N5,Cc1cc(N)nn1C(C)C,dehalogenation_0,0.0 milligram,0.0 micromole,0 microliter,C7H13N3,Cc1ccn(C)n1,deborylation_0,0.0 milligram,0.0 micromole,0 microliter,C5H8N2,CC1=C(C(=NN1C(C)C)N)Br.B1(OC(C(O1)(C)C)(C)C)C2=CN(N=C2C)C>>Cc1nn(C)cc1-c1c(N)nn(C(C)C)c1C.Cc1cc(N)nn1C(C)C.Cc1ccn(C)n1,005_RLN-NB-2443_012_A23,7/7/2023 2:32:51 PM,005_rln-nb-2443_012_a23.raw,2min_150_1200.EXP,005_RLN-NB-2443_012_A23,005_RLN-NB-2443_012_A23,Rxn_Opt_HSST3_2_98,Analog,0,0,0,0,0,2.3105594061946944,0.7415,0.13625278072629643,0.9798,0,False,96.06874826542,1.25,deborylation_0,0,0,0,0,0,102.60124492070457,18.756634645671866,2.3105594061946944,195,0.7415,0,0,0,0,0,0,0,0,0,0,0,0,0,0,0,7.1030212565028314,1.1060713785104201,0.13625278072629643,219.9,0.9798,0,0,0,0,0,0,0,0,0,0,0,0,0,0,0,0.0,0.0,0.0,0.0,0.0,0.0,0.0,0.0,0.0,0.0,0.0,0.0,0.0,0.0,0.0,1.568591553025012e-05,5.896960725657939,0.0,0.0,0.0,0.0,0.0,0.0
23,A24,Cl[Pd]Cl.CC1(C)c2cccc(P(c3ccccc3)c4ccccc4)c2Oc5c(cccc15)P(c6ccccc6)c7ccccc7,PdCl2(XantPhos),0.04025476350000001 milligram,0.05325 micromole,0.04025476350000002 microliter,C39H32Cl2OP2Pd,CC1=C(C(=NN1C(C)C)N)Br,4-BROMO-1-ISOPROPYL-5-METHYL-1H-PYRAZOL-3-AMINE,0.058014068 milligram,0.266 micromole,0.058014068000000016 microliter,C7H12BrN3,B1(OC(C(O1)(C)C)(C)C)C2=CN(N=C2C)C,"1,3-dimethyl-4-(4,4,5,5-tetramethyl-1,3,2-dioxaborolan-2-yl)-1H-pyrazole",0.07107104000000002 milligram,0.32000000000000006 micromole,0.07107104000000003 microliter,C11H19BN2O2,[Na+].C[Si](C)(C)[O-],NaOTMS,0.22435999999999995 milligram,2.0 micromole,0.22436 microliter,C3H9NaOSi,CN1C=NC2=C1C(=O)N(C(=O)N2C)C,caffeine,0.051654806000000004 milligram,0.266 micromole,0.05165480600000002 microliter,C8H10N4O2,C1COCCO1,dioxane,11.124 milligram,126.25700860327335 micromole,10.8 microliter,C4H8O2,O,water,1.2000000000000002 milligram,66.6111573688593 micromole,1.2000000000000002 microliter,H2O,Cc1nn(C)cc1-c1c(N)nn(C(C)C)c1C,suzuki_product_0,0.0 milligram,0.0 micromole,0 microliter,C12H19N5,Cc1cc(N)nn1C(C)C,dehalogenation_0,0.0 milligram,0.0 micromole,0 microliter,C7H13N3,Cc1ccn(C)n1,deborylation_0,0.0 milligram,0.0 micromole,0 microliter,C5H8N2,CC1=C(C(=NN1C(C)C)N)Br.B1(OC(C(O1)(C)C)(C)C)C2=CN(N=C2C)C>>Cc1nn(C)cc1-c1c(N)nn(C(C)C)c1C.Cc1cc(N)nn1C(C)C.Cc1ccn(C)n1,005_RLN-NB-2443_012_A24,7/7/2023 2:35:19 PM,005_rln-nb-2443_012_a24.raw,2min_150_1200.EXP,005_RLN-NB-2443_012_A24,005_RLN-NB-2443_012_A24,Rxn_Opt_HSST3_2_98,Analog,0,0,0,0,0,1.472448601767162,0.7415,0,0,0,False,96.06874826542,1.25,deborylation_0,0,0,0,0,0,69.91590432431138,14.863190162266191,1.472448601767162,194.9,0.7415,0,0,0,0,0,0,0,0,0,0,0,0,0,0,0,0,0,0,0,0,0,0,0,0,0,0,0,0,0,0,0,0,0,0,0,0.0,0.0,0.0,0.0,0.0,0.0,0.0,0.0,0.0,0.0,0.0,0.0,0.0,0.0,0.0,0.0,0.0,0.0,0.0,0.0,0.0,0.0,0.0
24,B1,CC(C)C1=CC(C(C)C)=CC(C(C)C)=C1C2=C([P+](C3CCCCC3)([Pd-2]4(OS(C)(=O)=O)C(C=CC=C5)=C5C6=C([NH+]4C)C=CC=C6)C7CCCCC7)C=CC=C2,XPhos Pd G4,0.04582130549999999 milligram,0.05325 micromole,0.0458213055 microliter,C47H64NO3PPdS,COC1=C(N)C(Cl)=NC=N1,4-chloro-6-methoxypyrimidin-5-amine,0.04244721600000001 milligram,0.266 micromole,0.04244721600000002 microliter,C5H6ClN3O,O=[N+](C1=CC=CC=C1B2OC(C)(C)C(C)(C)O2)[O-],"4,4,5,5-tetramethyl-2-(2-nitrophenyl)-1,3,2-dioxaborolane",0.079704 milligram,0.32000000000000006 micromole,0.07970400000000001 microliter,C12H16BNO4,[Na+].[Na+].[O-]C([O-])=O,Na2CO3,0.21197599999999997 milligram,2.0 micromole,0.21197600000000003 microliter,CNa2O3,CN1C=NC2=C1C(=O)N(C(=O)N2C)C,caffeine,0.051654806000000004 milligram,0.266 micromole,0.05165480600000002 microliter,C8H10N4O2,C1COCCO1,dioxane,11.124 milligram,126.25700860327335 micromole,10.8 microliter,C4H8O2,O,water,1.2000000000000002 milligram,66.6111573688593 micromole,1.2000000000000002 microliter,H2O,COc1ncnc(-c2ccccc2[N+](=O)[O-])c1N,suzuki_product_0,0.0 milligram,0.0 micromole,0 microliter,C11H10N4O3,COc1ncncc1N,dehalogenation_0,0.0 milligram,0.0 micromole,0 microliter,C5H7N3O,O=[N+]([O-])c1ccccc1,deborylation_0,0.0 milligram,0.0 micromole,0 microliter,C6H5NO2,COC1=C(N)C(Cl)=NC=N1.O=[N+](C1=CC=CC=C1B2OC(C)(C)C(C)(C)O2)[O-]>>COc1ncnc(-c2ccccc2[N+](=O)[O-])c1N.COc1ncncc1N.O=[N+]([O-])c1ccccc1,005_RLN-NB-2443_012_B1,7/7/2023 2:37:45 PM,005_rln-nb-2443_012_b1.raw,2min_150_1200.EXP,005_RLN-NB-2443_012_B1,005_RLN-NB-2443_012_B1,Rxn_Opt_HSST3_2_98,Analog,0.36946322488426153,0,0.23184433329512516,16.232000319635944,0.9181,0.6275166719712171,0.7398,0,0,0,False,123.03202840392001,1.25,deborylation_0,0,0,0,0,0,30.538489388582594,30.523716173265786,0.6275166719712171,195,0.7398,0,0,0,0,0,0,0,0,0,0,11.627967683118698,11.277390612826668,0.23184433329512516,246.9,0.9181,0,0,0,0,0,0,0,0,0,0,0,0,0,0,0,0,0,0,0,0,0.0,0.0,0.0,0.0,0.0,0.0,0.0,0.0,0.0,9.827721781921357e-05,36.946322488426155,0.0,0.0,0.0,0.0,0.0,0.0,0.0,0.0,0.0,0.0,0.0,0.0
25,B2,CC(C)C1=CC(C(C)C)=CC(C(C)C)=C1C2=C([P+](C3CCCCC3)([Pd-2]4(OS(C)(=O)=O)C(C=CC=C5)=C5C6=C([NH+]4C)C=CC=C6)C7CCCCC7)C=CC=C2,XPhos Pd G4,0.04582130549999999 milligram,0.05325 micromole,0.0458213055 microliter,C47H64NO3PPdS,COC1=C(N)C(Cl)=NC=N1,4-chloro-6-methoxypyrimidin-5-amine,0.04244721600000001 milligram,0.266 micromole,0.04244721600000002 microliter,C5H6ClN3O,O=[N+](C1=CC=CC=C1B2OC(C)(C)C(C)(C)O2)[O-],"4,4,5,5-tetramethyl-2-(2-nitrophenyl)-1,3,2-dioxaborolane",0.079704 milligram,0.32000000000000006 micromole,0.07970400000000001 microliter,C12H16BNO4,[K+].[K+].[K+].[O-]P([O-])([O-])=O,K3PO4,0.42452799999999996 milligram,2.0 micromole,0.42452800000000007 microliter,K3O4P,CN1C=NC2=C1C(=O)N(C(=O)N2C)C,caffeine,0.051654806000000004 milligram,0.266 micromole,0.05165480600000002 microliter,C8H10N4O2,C1COCCO1,dioxane,11.124 milligram,126.25700860327335 micromole,10.8 microliter,C4H8O2,O,water,1.2000000000000002 milligram,66.6111573688593 micromole,1.2000000000000002 microliter,H2O,COc1ncnc(-c2ccccc2[N+](=O)[O-])c1N,suzuki_product_0,0.0 milligram,0.0 micromole,0 microliter,C11H10N4O3,COc1ncncc1N,dehalogenation_0,0.0 milligram,0.0 micromole,0 microliter,C5H7N3O,O=[N+]([O-])c1ccccc1,deborylation_0,0.0 milligram,0.0 micromole,0 microliter,C6H5NO2,COC1=C(N)C(Cl)=NC=N1.O=[N+](C1=CC=CC=C1B2OC(C)(C)C(C)(C)O2)[O-]>>COc1ncnc(-c2ccccc2[N+](=O)[O-])c1N.COc1ncncc1N.O=[N+]([O-])c1ccccc1,005_RLN-NB-2443_012_B2,7/7/2023 2:40:13 PM,005_rln-nb-2443_012_b2.raw,2min_150_1200.EXP,005_RLN-NB-2443_012_B2,005_RLN-NB-2443_012_B2,Rxn_Opt_HSST3_2_98,Analog,1.5505576212879837,0,1.0690892624422572,46.62630650408255,0.9215,0.6894869611838155,0.7415,0,0,0,False,123.03202840392001,1.25,deborylation_0,0,0,0,0,0,33.5158808012254,23.118716909313225,0.6894869611838155,195,0.7415,0,0,0,0,0,0,0,0,0,0,49.59317247556254,35.846902698135004,1.0690892624422572,246.9,0.9215,0,0,0,0,0,0,0,0,0,0,0,0,0,0,0,0,0,0,0,0,0.0,0.0,0.0,0.0,0.0,0.0,0.0,0.0,0.0,0.0004124483272626037,155.05576212879836,0.0,0.0,0.0,0.0,0.0,0.0,0.0,0.0,0.0,0.0,0.0,0.0
26,B3,CC(C)C1=CC(C(C)C)=CC(C(C)C)=C1C2=C([P+](C3CCCCC3)([Pd-2]4(OS(C)(=O)=O)C(C=CC=C5)=C5C6=C([NH+]4C)C=CC=C6)C7CCCCC7)C=CC=C2,XPhos Pd G4,0.04582130549999999 milligram,0.05325 micromole,0.0458213055 microliter,C47H64NO3PPdS,COC1=C(N)C(Cl)=NC=N1,4-chloro-6-methoxypyrimidin-5-amine,0.04244721600000001 milligram,0.266 micromole,0.04244721600000002 microliter,C5H6ClN3O,O=[N+](C1=CC=CC=C1B2OC(C)(C)C(C)(C)O2)[O-],"4,4,5,5-tetramethyl-2-(2-nitrophenyl)-1,3,2-dioxaborolane",0.079704 milligram,0.32000000000000006 micromole,0.07970400000000001 microliter,C12H16BNO4,[Na+].C[Si](C)(C)[O-],NaOTMS,0.22435999999999995 milligram,2.0 micromole,0.22436 microliter,C3H9NaOSi,CN1C=NC2=C1C(=O)N(C(=O)N2C)C,caffeine,0.051654806000000004 milligram,0.266 micromole,0.05165480600000002 microliter,C8H10N4O2,C1COCCO1,dioxane,11.124 milligram,126.25700860327335 micromole,10.8 microliter,C4H8O2,O,water,1.2000000000000002 milligram,66.6111573688593 micromole,1.2000000000000002 microliter,H2O,COc1ncnc(-c2ccccc2[N+](=O)[O-])c1N,suzuki_product_0,0.0 milligram,0.0 micromole,0 microliter,C11H10N4O3,COc1ncncc1N,dehalogenation_0,0.0 milligram,0.0 micromole,0 microliter,C5H7N3O,O=[N+]([O-])c1ccccc1,deborylation_0,0.0 milligram,0.0 micromole,0 microliter,C6H5NO2,COC1=C(N)C(Cl)=NC=N1.O=[N+](C1=CC=CC=C1B2OC(C)(C)C(C)(C)O2)[O-]>>COc1ncnc(-c2ccccc2[N+](=O)[O-])c1N.COc1ncncc1N.O=[N+]([O-])c1ccccc1,005_RLN-NB-2443_012_B3,7/7/2023 2:42:40 PM,005_rln-nb-2443_012_b3.raw,2min_150_1200.EXP,005_RLN-NB-2443_012_B3,005_RLN-NB-2443_012_B3,Rxn_Opt_HSST3_2_98,Analog,1.7265867885690196,0,1.0656294857720745,25.14296097226922,0.9215,0.6171884858769591,0.7415,0,0,0,False,123.03202840392001,1.25,deborylation_0,0,0,0,0,0,29.764460285603814,12.711199459207522,0.6171884858769591,194.9,0.7415,0,0,0,0,0,0,0,0,0,0,48.81413918484837,21.946989053133375,1.0656294857720745,247,0.9215,0,0,0,0,0,0,0,0,0,0,0,0,0,0,0,0,0,0,0,0,0.0,0.0,0.0,0.0,0.0,0.0,0.0,0.0,0.0,0.00045927208575935924,172.65867885690196,0.0,0.0,0.0,0.0,0.0,0.0,0.0,0.0,0.0,0.0,0.0,0.0
27,B4,CC(C)(C)[P+]([Pd-2]1(C2=C(C3=C(C=CC=C3)[NH+]1C)C=CC=C2)OS(C)(=O)=O)(C(C)(C)C)C(C)(C)C,PtBu3 Pd G4,0.03120913275 milligram,0.05325 micromole,0.031209132750000007 microliter,C26H42NO3PPdS,COC1=C(N)C(Cl)=NC=N1,4-chloro-6-methoxypyrimidin-5-amine,0.04244721600000001 milligram,0.266 micromole,0.04244721600000002 microliter,C5H6ClN3O,O=[N+](C1=CC=CC=C1B2OC(C)(C)C(C)(C)O2)[O-],"4,4,5,5-tetramethyl-2-(2-nitrophenyl)-1,3,2-dioxaborolane",0.079704 milligram,0.32000000000000006 micromole,0.07970400000000001 microliter,C12H16BNO4,[Na+].[Na+].[O-]C([O-])=O,Na2CO3,0.21197599999999997 milligram,2.0 micromole,0.21197600000000003 microliter,CNa2O3,CN1C=NC2=C1C(=O)N(C(=O)N2C)C,caffeine,0.051654806000000004 milligram,0.266 micromole,0.05165480600000002 microliter,C8H10N4O2,C1COCCO1,dioxane,11.124 milligram,126.25700860327335 micromole,10.8 microliter,C4H8O2,O,water,1.2000000000000002 milligram,66.6111573688593 micromole,1.2000000000000002 microliter,H2O,COc1ncnc(-c2ccccc2[N+](=O)[O-])c1N,suzuki_product_0,0.0 milligram,0.0 micromole,0 microliter,C11H10N4O3,COc1ncncc1N,dehalogenation_0,0.0 milligram,0.0 micromole,0 microliter,C5H7N3O,O=[N+]([O-])c1ccccc1,deborylation_0,0.0 milligram,0.0 micromole,0 microliter,C6H5NO2,COC1=C(N)C(Cl)=NC=N1.O=[N+](C1=CC=CC=C1B2OC(C)(C)C(C)(C)O2)[O-]>>COc1ncnc(-c2ccccc2[N+](=O)[O-])c1N.COc1ncncc1N.O=[N+]([O-])c1ccccc1,005_RLN-NB-2443_012_B4,7/7/2023 2:45:07 PM,005_rln-nb-2443_012_b4.raw,2min_150_1200.EXP,005_RLN-NB-2443_012_B4,005_RLN-NB-2443_012_B4,Rxn_Opt_HSST3_2_98,Analog,0,0,0,0,0,1.0292360770599855,0.7415,0,0,0,False,123.03202840392001,1.25,deborylation_0,0,0,0,0,0,47.9892983913859,53.61087309506124,1.0292360770599855,194.9,0.7415,0,0,0,0,0,0,0,0,0,0,0,0,0,0,0,0,0,0,0,0,0,0,0,0,0,0,0,0,0,0,0,0,0,0,0,0.0,0.0,0.0,0.0,0.0,0.0,0.0,0.0,0.0,0.0,0.0,0.0,0.0,0.0,0.0,0.0,0.0,0.0,0.0,0.0,0.0,0.0,0.0
28,B5,CC(C)(C)[P+]([Pd-2]1(C2=C(C3=C(C=CC=C3)[NH+]1C)C=CC=C2)OS(C)(=O)=O)(C(C)(C)C)C(C)(C)C,PtBu3 Pd G4,0.03120913275 milligram,0.05325 micromole,0.031209132750000007 microliter,C26H42NO3PPdS,COC1=C(N)C(Cl)=NC=N1,4-chloro-6-methoxypyrimidin-5-amine,0.04244721600000001 milligram,0.266 micromole,0.04244721600000002 microliter,C5H6ClN3O,O=[N+](C1=CC=CC=C1B2OC(C)(C)C(C)(C)O2)[O-],"4,4,5,5-tetramethyl-2-(2-nitrophenyl)-1,3,2-dioxaborolane",0.079704 milligram,0.32000000000000006 micromole,0.07970400000000001 microliter,C12H16BNO4,[K+].[K+].[K+].[O-]P([O-])([O-])=O,K3PO4,0.42452799999999996 milligram,2.0 micromole,0.42452800000000007 microliter,K3O4P,CN1C=NC2=C1C(=O)N(C(=O)N2C)C,caffeine,0.051654806000000004 milligram,0.266 micromole,0.05165480600000002 microliter,C8H10N4O2,C1COCCO1,dioxane,11.124 milligram,126.25700860327335 micromole,10.8 microliter,C4H8O2,O,water,1.2000000000000002 milligram,66.6111573688593 micromole,1.2000000000000002 microliter,H2O,COc1ncnc(-c2ccccc2[N+](=O)[O-])c1N,suzuki_product_0,0.0 milligram,0.0 micromole,0 microliter,C11H10N4O3,COc1ncncc1N,dehalogenation_0,0.0 milligram,0.0 micromole,0 microliter,C5H7N3O,O=[N+]([O-])c1ccccc1,deborylation_0,0.0 milligram,0.0 micromole,0 microliter,C6H5NO2,COC1=C(N)C(Cl)=NC=N1.O=[N+](C1=CC=CC=C1B2OC(C)(C)C(C)(C)O2)[O-]>>COc1ncnc(-c2ccccc2[N+](=O)[O-])c1N.COc1ncncc1N.O=[N+]([O-])c1ccccc1,005_RLN-NB-2443_012_B5,7/7/2023 2:47:34 PM,005_rln-nb-2443_012_b5.raw,2min_150_1200.EXP,005_RLN-NB-2443_012_B5,005_RLN-NB-2443_012_B5,Rxn_Opt_HSST3_2_98,Analog,0,0,0,0,0,0.8329431097510662,0.7415,0,0,0,False,123.03202840392001,1.25,deborylation_0,0,0,0,0,0,40.46995573966104,42.628673156783655,0.8329431097510662,194.9,0.7415,0,0,0,0,0,0,0,0,0,0,0,0,0,0,0,0,0,0,0,0,0,0,0,0,0,0,0,0,0,0,0,0,0,0,0,0.0,0.0,0.0,0.0,0.0,0.0,0.0,0.0,0.0,0.0,0.0,0.0,0.0,0.0,0.0,0.0,0.0,0.0,0.0,0.0,0.0,0.0,0.0
29,B6,CC(C)(C)[P+]([Pd-2]1(C2=C(C3=C(C=CC=C3)[NH+]1C)C=CC=C2)OS(C)(=O)=O)(C(C)(C)C)C(C)(C)C,PtBu3 Pd G4,0.03120913275 milligram,0.05325 micromole,0.031209132750000007 microliter,C26H42NO3PPdS,COC1=C(N)C(Cl)=NC=N1,4-chloro-6-methoxypyrimidin-5-amine,0.04244721600000001 milligram,0.266 micromole,0.04244721600000002 microliter,C5H6ClN3O,O=[N+](C1=CC=CC=C1B2OC(C)(C)C(C)(C)O2)[O-],"4,4,5,5-tetramethyl-2-(2-nitrophenyl)-1,3,2-dioxaborolane",0.079704 milligram,0.32000000000000006 micromole,0.07970400000000001 microliter,C12H16BNO4,[Na+].C[Si](C)(C)[O-],NaOTMS,0.22435999999999995 milligram,2.0 micromole,0.22436 microliter,C3H9NaOSi,CN1C=NC2=C1C(=O)N(C(=O)N2C)C,caffeine,0.051654806000000004 milligram,0.266 micromole,0.05165480600000002 microliter,C8H10N4O2,C1COCCO1,dioxane,11.124 milligram,126.25700860327335 micromole,10.8 microliter,C4H8O2,O,water,1.2000000000000002 milligram,66.6111573688593 micromole,1.2000000000000002 microliter,H2O,COc1ncnc(-c2ccccc2[N+](=O)[O-])c1N,suzuki_product_0,0.0 milligram,0.0 micromole,0 microliter,C11H10N4O3,COc1ncncc1N,dehalogenation_0,0.0 milligram,0.0 micromole,0 microliter,C5H7N3O,O=[N+]([O-])c1ccccc1,deborylation_0,0.0 milligram,0.0 micromole,0 microliter,C6H5NO2,COC1=C(N)C(Cl)=NC=N1.O=[N+](C1=CC=CC=C1B2OC(C)(C)C(C)(C)O2)[O-]>>COc1ncnc(-c2ccccc2[N+](=O)[O-])c1N.COc1ncncc1N.O=[N+]([O-])c1ccccc1,005_RLN-NB-2443_012_B6,7/7/2023 2:50:02 PM,005_rln-nb-2443_012_b6.raw,2min_150_1200.EXP,005_RLN-NB-2443_012_B6,005_RLN-NB-2443_012_B6,Rxn_Opt_HSST3_2_98,Analog,0,0,0,0,0,1.0301272814486748,0.7398,0,0,0,False,123.03202840392001,1.25,deborylation_0,0,0,0,0,0,48.468434455939516,32.87332881727355,1.0301272814486748,194.9,0.7398,0,0,0,0,0,0,0,0,0,0,0,0,0,0,0,0,0,0,0,0,0,0,0,0,0,0,0,0,0,0,0,0,0,0,0,0.0,0.0,0.0,0.0,0.0,0.0,0.0,0.0,0.0,0.0,0.0,0.0,0.0,0.0,0.0,0.0,0.0,0.0,0.0,0.0,0.0,0.0,0.0
30,B7,CC(C1=CC=CC(C(C)C)=C1C2=C(C(OC(C)(C)C)=CC=C2OC)[P+]([Pd-2]3(C4=C(C5=C(C=CC=C5)[NH+]3C)C=CC=C4)OS(C)(=O)=O)(C6CCCCC6)C7CCCCC7)C,GPhos Pd G4,0.049019074499999975 milligram,0.05325 micromole,0.04901907449999999 microliter,C49H68NO5PPdS,COC1=C(N)C(Cl)=NC=N1,4-chloro-6-methoxypyrimidin-5-amine,0.04244721600000001 milligram,0.266 micromole,0.04244721600000002 microliter,C5H6ClN3O,O=[N+](C1=CC=CC=C1B2OC(C)(C)C(C)(C)O2)[O-],"4,4,5,5-tetramethyl-2-(2-nitrophenyl)-1,3,2-dioxaborolane",0.079704 milligram,0.32000000000000006 micromole,0.07970400000000001 microliter,C12H16BNO4,[Na+].[Na+].[O-]C([O-])=O,Na2CO3,0.21197599999999997 milligram,2.0 micromole,0.21197600000000003 microliter,CNa2O3,CN1C=NC2=C1C(=O)N(C(=O)N2C)C,caffeine,0.051654806000000004 milligram,0.266 micromole,0.05165480600000002 microliter,C8H10N4O2,C1COCCO1,dioxane,11.124 milligram,126.25700860327335 micromole,10.8 microliter,C4H8O2,O,water,1.2000000000000002 milligram,66.6111573688593 micromole,1.2000000000000002 microliter,H2O,COc1ncnc(-c2ccccc2[N+](=O)[O-])c1N,suzuki_product_0,0.0 milligram,0.0 micromole,0 microliter,C11H10N4O3,COc1ncncc1N,dehalogenation_0,0.0 milligram,0.0 micromole,0 microliter,C5H7N3O,O=[N+]([O-])c1ccccc1,deborylation_0,0.0 milligram,0.0 micromole,0 microliter,C6H5NO2,COC1=C(N)C(Cl)=NC=N1.O=[N+](C1=CC=CC=C1B2OC(C)(C)C(C)(C)O2)[O-]>>COc1ncnc(-c2ccccc2[N+](=O)[O-])c1N.COc1ncncc1N.O=[N+]([O-])c1ccccc1,005_RLN-NB-2443_012_B7,7/7/2023 2:52:29 PM,005_rln-nb-2443_012_b7.raw,2min_150_1200.EXP,005_RLN-NB-2443_012_B7,005_RLN-NB-2443_012_B7,Rxn_Opt_HSST3_2_98,Analog,0,0,0,0,0,0.8571450851952956,0.7398,0,0,0,False,123.03202840392001,1.25,deborylation_0,0,0,0,0,0,40.57410284592833,25.04582120736994,0.8571450851952956,195,0.7398,0,0,0,0,0,0,0,0,0,0,0,0,0,0,0,0,0,0,0,0,0,0,0,0,0,0,0,0,0,0,0,0,0,0,0,0.0,0.0,0.0,0.0,0.0,0.0,0.0,0.0,0.0,0.0,0.0,0.0,0.0,0.0,0.0,0.0,0.0,0.0,0.0,0.0,0.0,0.0,0.0
31,B8,CC(C1=CC=CC(C(C)C)=C1C2=C(C(OC(C)(C)C)=CC=C2OC)[P+]([Pd-2]3(C4=C(C5=C(C=CC=C5)[NH+]3C)C=CC=C4)OS(C)(=O)=O)(C6CCCCC6)C7CCCCC7)C,GPhos Pd G4,0.049019074499999975 milligram,0.05325 micromole,0.04901907449999999 microliter,C49H68NO5PPdS,COC1=C(N)C(Cl)=NC=N1,4-chloro-6-methoxypyrimidin-5-amine,0.04244721600000001 milligram,0.266 micromole,0.04244721600000002 microliter,C5H6ClN3O,O=[N+](C1=CC=CC=C1B2OC(C)(C)C(C)(C)O2)[O-],"4,4,5,5-tetramethyl-2-(2-nitrophenyl)-1,3,2-dioxaborolane",0.079704 milligram,0.32000000000000006 micromole,0.07970400000000001 microliter,C12H16BNO4,[K+].[K+].[K+].[O-]P([O-])([O-])=O,K3PO4,0.42452799999999996 milligram,2.0 micromole,0.42452800000000007 microliter,K3O4P,CN1C=NC2=C1C(=O)N(C(=O)N2C)C,caffeine,0.051654806000000004 milligram,0.266 micromole,0.05165480600000002 microliter,C8H10N4O2,C1COCCO1,dioxane,11.124 milligram,126.25700860327335 micromole,10.8 microliter,C4H8O2,O,water,1.2000000000000002 milligram,66.6111573688593 micromole,1.2000000000000002 microliter,H2O,COc1ncnc(-c2ccccc2[N+](=O)[O-])c1N,suzuki_product_0,0.0 milligram,0.0 micromole,0 microliter,C11H10N4O3,COc1ncncc1N,dehalogenation_0,0.0 milligram,0.0 micromole,0 microliter,C5H7N3O,O=[N+]([O-])c1ccccc1,deborylation_0,0.0 milligram,0.0 micromole,0 microliter,C6H5NO2,COC1=C(N)C(Cl)=NC=N1.O=[N+](C1=CC=CC=C1B2OC(C)(C)C(C)(C)O2)[O-]>>COc1ncnc(-c2ccccc2[N+](=O)[O-])c1N.COc1ncncc1N.O=[N+]([O-])c1ccccc1,005_RLN-NB-2443_012_B8,7/7/2023 2:54:56 PM,005_rln-nb-2443_012_b8.raw,2min_150_1200.EXP,005_RLN-NB-2443_012_B8,005_RLN-NB-2443_012_B8,Rxn_Opt_HSST3_2_98,Analog,0,0,0,0,0,1.232518171600424,0.7415,0,0,0,False,123.03202840392001,1.25,deborylation_0,0,0,0,0,0,58.61842939431641,38.74096349051963,1.232518171600424,194.9,0.7415,0,0,0,0,0,0,0,0,0,0,0,0,0,0,0,0,0,0,0,0,0,0,0,0,0,0,0,0,0,0,0,0,0,0,0,0.0,0.0,0.0,0.0,0.0,0.0,0.0,0.0,0.0,0.0,0.0,0.0,0.0,0.0,0.0,0.0,0.0,0.0,0.0,0.0,0.0,0.0,0.0
32,B9,CC(C1=CC=CC(C(C)C)=C1C2=C(C(OC(C)(C)C)=CC=C2OC)[P+]([Pd-2]3(C4=C(C5=C(C=CC=C5)[NH+]3C)C=CC=C4)OS(C)(=O)=O)(C6CCCCC6)C7CCCCC7)C,GPhos Pd G4,0.049019074499999975 milligram,0.05325 micromole,0.04901907449999999 microliter,C49H68NO5PPdS,COC1=C(N)C(Cl)=NC=N1,4-chloro-6-methoxypyrimidin-5-amine,0.04244721600000001 milligram,0.266 micromole,0.04244721600000002 microliter,C5H6ClN3O,O=[N+](C1=CC=CC=C1B2OC(C)(C)C(C)(C)O2)[O-],"4,4,5,5-tetramethyl-2-(2-nitrophenyl)-1,3,2-dioxaborolane",0.079704 milligram,0.32000000000000006 micromole,0.07970400000000001 microliter,C12H16BNO4,[Na+].C[Si](C)(C)[O-],NaOTMS,0.22435999999999995 milligram,2.0 micromole,0.22436 microliter,C3H9NaOSi,CN1C=NC2=C1C(=O)N(C(=O)N2C)C,caffeine,0.051654806000000004 milligram,0.266 micromole,0.05165480600000002 microliter,C8H10N4O2,C1COCCO1,dioxane,11.124 milligram,126.25700860327335 micromole,10.8 microliter,C4H8O2,O,water,1.2000000000000002 milligram,66.6111573688593 micromole,1.2000000000000002 microliter,H2O,COc1ncnc(-c2ccccc2[N+](=O)[O-])c1N,suzuki_product_0,0.0 milligram,0.0 micromole,0 microliter,C11H10N4O3,COc1ncncc1N,dehalogenation_0,0.0 milligram,0.0 micromole,0 microliter,C5H7N3O,O=[N+]([O-])c1ccccc1,deborylation_0,0.0 milligram,0.0 micromole,0 microliter,C6H5NO2,COC1=C(N)C(Cl)=NC=N1.O=[N+](C1=CC=CC=C1B2OC(C)(C)C(C)(C)O2)[O-]>>COc1ncnc(-c2ccccc2[N+](=O)[O-])c1N.COc1ncncc1N.O=[N+]([O-])c1ccccc1,005_RLN-NB-2443_012_B9,7/7/2023 2:57:24 PM,005_rln-nb-2443_012_b9.raw,2min_150_1200.EXP,005_RLN-NB-2443_012_B9,005_RLN-NB-2443_012_B9,Rxn_Opt_HSST3_2_98,Analog,0,0,0,0,0,2.1790403045437494,0.7415,0,0,0,False,123.03202840392001,1.25,deborylation_0,0,0,0,0,0,98.09819427826992,34.70474995929098,2.1790403045437494,195,0.7415,0,0,0,0,0,0,0,0,0,0,0,0,0,0,0,0,0,0,0,0,0,0,0,0,0,0,0,0,0,0,0,0,0,0,0,0.0,0.0,0.0,0.0,0.0,0.0,0.0,0.0,0.0,0.0,0.0,0.0,0.0,0.0,0.0,0.0,0.0,0.0,0.0,0.0,0.0,0.0,0.0
33,B10,Cl[Pd]Cl.CC1(C)c2cccc(P(c3ccccc3)c4ccccc4)c2Oc5c(cccc15)P(c6ccccc6)c7ccccc7,PdCl2(XantPhos),0.04025476350000001 milligram,0.05325 micromole,0.04025476350000002 microliter,C39H32Cl2OP2Pd,COC1=C(N)C(Cl)=NC=N1,4-chloro-6-methoxypyrimidin-5-amine,0.04244721600000001 milligram,0.266 micromole,0.04244721600000002 microliter,C5H6ClN3O,O=[N+](C1=CC=CC=C1B2OC(C)(C)C(C)(C)O2)[O-],"4,4,5,5-tetramethyl-2-(2-nitrophenyl)-1,3,2-dioxaborolane",0.079704 milligram,0.32000000000000006 micromole,0.07970400000000001 microliter,C12H16BNO4,[Na+].[Na+].[O-]C([O-])=O,Na2CO3,0.21197599999999997 milligram,2.0 micromole,0.21197600000000003 microliter,CNa2O3,CN1C=NC2=C1C(=O)N(C(=O)N2C)C,caffeine,0.051654806000000004 milligram,0.266 micromole,0.05165480600000002 microliter,C8H10N4O2,C1COCCO1,dioxane,11.124 milligram,126.25700860327335 micromole,10.8 microliter,C4H8O2,O,water,1.2000000000000002 milligram,66.6111573688593 micromole,1.2000000000000002 microliter,H2O,COc1ncnc(-c2ccccc2[N+](=O)[O-])c1N,suzuki_product_0,0.0 milligram,0.0 micromole,0 microliter,C11H10N4O3,COc1ncncc1N,dehalogenation_0,0.0 milligram,0.0 micromole,0 microliter,C5H7N3O,O=[N+]([O-])c1ccccc1,deborylation_0,0.0 milligram,0.0 micromole,0 microliter,C6H5NO2,COC1=C(N)C(Cl)=NC=N1.O=[N+](C1=CC=CC=C1B2OC(C)(C)C(C)(C)O2)[O-]>>COc1ncnc(-c2ccccc2[N+](=O)[O-])c1N.COc1ncncc1N.O=[N+]([O-])c1ccccc1,005_RLN-NB-2443_012_B10,7/7/2023 2:59:51 PM,005_rln-nb-2443_012_b10.raw,2min_150_1200.EXP,005_RLN-NB-2443_012_B10,005_RLN-NB-2443_012_B10,Rxn_Opt_HSST3_2_98,Analog,0,0,0,0,0,1.390274685063151,0.7415,0,0,0,False,123.03202840392001,1.25,deborylation_0,0,0,0,0,0,62.55166814372407,4.796969734750349,1.390274685063151,194.9,0.7415,0,0,0,0,0,0,0,0,0,0,0,0,0,0,0,0,0,0,0,0,0,0,0,0,0,0,0,0,0,0,0,0,0,0,0,0.0,0.0,0.0,0.0,0.0,0.0,0.0,0.0,0.0,0.0,0.0,0.0,0.0,0.0,0.0,0.0,0.0,0.0,0.0,0.0,0.0,0.0,0.0
34,B11,Cl[Pd]Cl.CC1(C)c2cccc(P(c3ccccc3)c4ccccc4)c2Oc5c(cccc15)P(c6ccccc6)c7ccccc7,PdCl2(XantPhos),0.04025476350000001 milligram,0.05325 micromole,0.04025476350000002 microliter,C39H32Cl2OP2Pd,COC1=C(N)C(Cl)=NC=N1,4-chloro-6-methoxypyrimidin-5-amine,0.04244721600000001 milligram,0.266 micromole,0.04244721600000002 microliter,C5H6ClN3O,O=[N+](C1=CC=CC=C1B2OC(C)(C)C(C)(C)O2)[O-],"4,4,5,5-tetramethyl-2-(2-nitrophenyl)-1,3,2-dioxaborolane",0.079704 milligram,0.32000000000000006 micromole,0.07970400000000001 microliter,C12H16BNO4,[K+].[K+].[K+].[O-]P([O-])([O-])=O,K3PO4,0.42452799999999996 milligram,2.0 micromole,0.42452800000000007 microliter,K3O4P,CN1C=NC2=C1C(=O)N(C(=O)N2C)C,caffeine,0.051654806000000004 milligram,0.266 micromole,0.05165480600000002 microliter,C8H10N4O2,C1COCCO1,dioxane,11.124 milligram,126.25700860327335 micromole,10.8 microliter,C4H8O2,O,water,1.2000000000000002 milligram,66.6111573688593 micromole,1.2000000000000002 microliter,H2O,COc1ncnc(-c2ccccc2[N+](=O)[O-])c1N,suzuki_product_0,0.0 milligram,0.0 micromole,0 microliter,C11H10N4O3,COc1ncncc1N,dehalogenation_0,0.0 milligram,0.0 micromole,0 microliter,C5H7N3O,O=[N+]([O-])c1ccccc1,deborylation_0,0.0 milligram,0.0 micromole,0 microliter,C6H5NO2,COC1=C(N)C(Cl)=NC=N1.O=[N+](C1=CC=CC=C1B2OC(C)(C)C(C)(C)O2)[O-]>>COc1ncnc(-c2ccccc2[N+](=O)[O-])c1N.COc1ncncc1N.O=[N+]([O-])c1ccccc1,005_RLN-NB-2443_012_B11,7/7/2023 3:02:19 PM,005_rln-nb-2443_012_b11.raw,2min_150_1200.EXP,005_RLN-NB-2443_012_B11,005_RLN-NB-2443_012_B11,Rxn_Opt_HSST3_2_98,Analog,0,0,0,0,0,1.1690610376195678,0.7415,0,0,0,False,123.03202840392001,1.25,deborylation_0,0,0,0,0,0,53.397800868621474,4.91010110567821,1.1690610376195678,194.8,0.7415,0,0,0,0,0,0,0,0,0,0,0,0,0,0,0,0,0,0,0,0,0,0,0,0,0,0,0,0,0,0,0,0,0,0,0,0.0,0.0,0.0,0.0,0.0,0.0,0.0,0.0,0.0,0.0,0.0,0.0,0.0,0.0,0.0,0.0,0.0,0.0,0.0,0.0,0.0,0.0,0.0
35,B12,Cl[Pd]Cl.CC1(C)c2cccc(P(c3ccccc3)c4ccccc4)c2Oc5c(cccc15)P(c6ccccc6)c7ccccc7,PdCl2(XantPhos),0.04025476350000001 milligram,0.05325 micromole,0.04025476350000002 microliter,C39H32Cl2OP2Pd,COC1=C(N)C(Cl)=NC=N1,4-chloro-6-methoxypyrimidin-5-amine,0.04244721600000001 milligram,0.266 micromole,0.04244721600000002 microliter,C5H6ClN3O,O=[N+](C1=CC=CC=C1B2OC(C)(C)C(C)(C)O2)[O-],"4,4,5,5-tetramethyl-2-(2-nitrophenyl)-1,3,2-dioxaborolane",0.079704 milligram,0.32000000000000006 micromole,0.07970400000000001 microliter,C12H16BNO4,[Na+].C[Si](C)(C)[O-],NaOTMS,0.22435999999999995 milligram,2.0 micromole,0.22436 microliter,C3H9NaOSi,CN1C=NC2=C1C(=O)N(C(=O)N2C)C,caffeine,0.051654806000000004 milligram,0.266 micromole,0.05165480600000002 microliter,C8H10N4O2,C1COCCO1,dioxane,11.124 milligram,126.25700860327335 micromole,10.8 microliter,C4H8O2,O,water,1.2000000000000002 milligram,66.6111573688593 micromole,1.2000000000000002 microliter,H2O,COc1ncnc(-c2ccccc2[N+](=O)[O-])c1N,suzuki_product_0,0.0 milligram,0.0 micromole,0 microliter,C11H10N4O3,COc1ncncc1N,dehalogenation_0,0.0 milligram,0.0 micromole,0 microliter,C5H7N3O,O=[N+]([O-])c1ccccc1,deborylation_0,0.0 milligram,0.0 micromole,0 microliter,C6H5NO2,COC1=C(N)C(Cl)=NC=N1.O=[N+](C1=CC=CC=C1B2OC(C)(C)C(C)(C)O2)[O-]>>COc1ncnc(-c2ccccc2[N+](=O)[O-])c1N.COc1ncncc1N.O=[N+]([O-])c1ccccc1,005_RLN-NB-2443_012_B12,7/7/2023 3:04:46 PM,005_rln-nb-2443_012_b12.raw,2min_150_1200.EXP,005_RLN-NB-2443_012_B12,005_RLN-NB-2443_012_B12,Rxn_Opt_HSST3_2_98,Analog,0.10001695019933948,0,0.19778875377765132,1.4513842292958774,0.9165,1.9775523387130587,0.7415,0,0,0,False,123.03202840392001,1.25,deborylation_0,0,0,0,0,0,89.0510009704278,12.67243679810805,1.9775523387130587,194.9,0.7415,0,0,0,0,0,0,0,0,0,0,8.129229701102043,1.2674584801406499,0.19778875377765132,246.9,0.9165,0,0,0,0,0,0,0,0,0,0,0,0,0,0,0,0,0,0,0,0,0.0,0.0,0.0,0.0,0.0,0.0,0.0,0.0,0.0,2.6604508753024305e-05,10.001695019933948,0.0,0.0,0.0,0.0,0.0,0.0,0.0,0.0,0.0,0.0,0.0,0.0
36,B13,CC(C)C1=CC(C(C)C)=CC(C(C)C)=C1C2=C([P+](C3CCCCC3)([Pd-2]4(OS(C)(=O)=O)C(C=CC=C5)=C5C6=C([NH+]4C)C=CC=C6)C7CCCCC7)C=CC=C2,XPhos Pd G4,0.04582130549999999 milligram,0.05325 micromole,0.0458213055 microliter,C47H64NO3PPdS,CC1=C(C(=NN1C(C)C)N)Br,4-BROMO-1-ISOPROPYL-5-METHYL-1H-PYRAZOL-3-AMINE,0.058014068 milligram,0.266 micromole,0.058014068000000016 microliter,C7H12BrN3,O=[N+](C1=CC=CC=C1B2OC(C)(C)C(C)(C)O2)[O-],"4,4,5,5-tetramethyl-2-(2-nitrophenyl)-1,3,2-dioxaborolane",0.079704 milligram,0.32000000000000006 micromole,0.07970400000000001 microliter,C12H16BNO4,[Na+].[Na+].[O-]C([O-])=O,Na2CO3,0.21197599999999997 milligram,2.0 micromole,0.21197600000000003 microliter,CNa2O3,CN1C=NC2=C1C(=O)N(C(=O)N2C)C,caffeine,0.051654806000000004 milligram,0.266 micromole,0.05165480600000002 microliter,C8H10N4O2,C1COCCO1,dioxane,11.124 milligram,126.25700860327335 micromole,10.8 microliter,C4H8O2,O,water,1.2000000000000002 milligram,66.6111573688593 micromole,1.2000000000000002 microliter,H2O,Cc1c(-c2ccccc2[N+](=O)[O-])c(N)nn1C(C)C,suzuki_product_0,0.0 milligram,0.0 micromole,0 microliter,C13H16N4O2,Cc1cc(N)nn1C(C)C,dehalogenation_0,0.0 milligram,0.0 micromole,0 microliter,C7H13N3,O=[N+]([O-])c1ccccc1,deborylation_0,0.0 milligram,0.0 micromole,0 microliter,C6H5NO2,CC1=C(C(=NN1C(C)C)N)Br.O=[N+](C1=CC=CC=C1B2OC(C)(C)C(C)(C)O2)[O-]>>Cc1c(-c2ccccc2[N+](=O)[O-])c(N)nn1C(C)C.Cc1cc(N)nn1C(C)C.O=[N+]([O-])c1ccccc1,005_RLN-NB-2443_012_B13,7/7/2023 3:07:13 PM,005_rln-nb-2443_012_b13.raw,2min_150_1200.EXP,005_RLN-NB-2443_012_B13,005_RLN-NB-2443_012_B13,Rxn_Opt_HSST3_2_98,Analog,0.04027740735933352,0,0.07416865989274628,3.3600181406428606,1.0131,1.8414457323693427,0.7415,0,0,0,False,123.03202840392001,1.25,deborylation_0,0,0,0,0,0,81.85363628629467,45.480885296570875,1.8414457323693427,195,0.7415,0,0,0,0,0,0,0,0,0,0,4.257250421166426,1.8318521441531077,0.07416865989274628,260.9,1.0131,0,0,0,0,0,0,0,0,0,0,0,0,0,0,0,0,0,0,0,0,0.0,0.0,0.0,0.0,0.0,0.0,0.0,0.0,0.0,1.0713790357582717e-05,4.027740735933352,0.0,0.0,0.0,0.0,0.0,0.0,0.0,0.0,0.0,0.0,0.0,0.0
37,B14,CC(C)C1=CC(C(C)C)=CC(C(C)C)=C1C2=C([P+](C3CCCCC3)([Pd-2]4(OS(C)(=O)=O)C(C=CC=C5)=C5C6=C([NH+]4C)C=CC=C6)C7CCCCC7)C=CC=C2,XPhos Pd G4,0.04582130549999999 milligram,0.05325 micromole,0.0458213055 microliter,C47H64NO3PPdS,CC1=C(C(=NN1C(C)C)N)Br,4-BROMO-1-ISOPROPYL-5-METHYL-1H-PYRAZOL-3-AMINE,0.058014068 milligram,0.266 micromole,0.058014068000000016 microliter,C7H12BrN3,O=[N+](C1=CC=CC=C1B2OC(C)(C)C(C)(C)O2)[O-],"4,4,5,5-tetramethyl-2-(2-nitrophenyl)-1,3,2-dioxaborolane",0.079704 milligram,0.32000000000000006 micromole,0.07970400000000001 microliter,C12H16BNO4,[K+].[K+].[K+].[O-]P([O-])([O-])=O,K3PO4,0.42452799999999996 milligram,2.0 micromole,0.42452800000000007 microliter,K3O4P,CN1C=NC2=C1C(=O)N(C(=O)N2C)C,caffeine,0.051654806000000004 milligram,0.266 micromole,0.05165480600000002 microliter,C8H10N4O2,C1COCCO1,dioxane,11.124 milligram,126.25700860327335 micromole,10.8 microliter,C4H8O2,O,water,1.2000000000000002 milligram,66.6111573688593 micromole,1.2000000000000002 microliter,H2O,Cc1c(-c2ccccc2[N+](=O)[O-])c(N)nn1C(C)C,suzuki_product_0,0.0 milligram,0.0 micromole,0 microliter,C13H16N4O2,Cc1cc(N)nn1C(C)C,dehalogenation_0,0.0 milligram,0.0 micromole,0 microliter,C7H13N3,O=[N+]([O-])c1ccccc1,deborylation_0,0.0 milligram,0.0 micromole,0 microliter,C6H5NO2,CC1=C(C(=NN1C(C)C)N)Br.O=[N+](C1=CC=CC=C1B2OC(C)(C)C(C)(C)O2)[O-]>>Cc1c(-c2ccccc2[N+](=O)[O-])c(N)nn1C(C)C.Cc1cc(N)nn1C(C)C.O=[N+]([O-])c1ccccc1,005_RLN-NB-2443_012_B14,7/7/2023 3:09:41 PM,005_rln-nb-2443_012_b14.raw,2min_150_1200.EXP,005_RLN-NB-2443_012_B14,005_RLN-NB-2443_012_B14,Rxn_Opt_HSST3_2_98,Analog,0.3385875289087284,0,0.6229974247555349,21.378102665339775,1.0131,1.8399892836084746,0.7415,0,0,0,False,123.03202840392001,1.25,deborylation_0,0,0,0,0,0,83.1561319705369,38.70260616769546,1.8399892836084746,195,0.7415,0,0,0,0,0,0,0,0,0,0,31.520556104244697,13.104219784647716,0.6229974247555349,260.9,1.0131,0,0,0,0,0,0,0,0,0,0,0,0,0,0,0,0,0,0,0,0,0.0,0.0,0.0,0.0,0.0,0.0,0.0,0.0,0.0,9.006428268972175e-05,33.85875289087284,0.0,0.0,0.0,0.0,0.0,0.0,0.0,0.0,0.0,0.0,0.0,0.0
38,B15,CC(C)C1=CC(C(C)C)=CC(C(C)C)=C1C2=C([P+](C3CCCCC3)([Pd-2]4(OS(C)(=O)=O)C(C=CC=C5)=C5C6=C([NH+]4C)C=CC=C6)C7CCCCC7)C=CC=C2,XPhos Pd G4,0.04582130549999999 milligram,0.05325 micromole,0.0458213055 microliter,C47H64NO3PPdS,CC1=C(C(=NN1C(C)C)N)Br,4-BROMO-1-ISOPROPYL-5-METHYL-1H-PYRAZOL-3-AMINE,0.058014068 milligram,0.266 micromole,0.058014068000000016 microliter,C7H12BrN3,O=[N+](C1=CC=CC=C1B2OC(C)(C)C(C)(C)O2)[O-],"4,4,5,5-tetramethyl-2-(2-nitrophenyl)-1,3,2-dioxaborolane",0.079704 milligram,0.32000000000000006 micromole,0.07970400000000001 microliter,C12H16BNO4,[Na+].C[Si](C)(C)[O-],NaOTMS,0.22435999999999995 milligram,2.0 micromole,0.22436 microliter,C3H9NaOSi,CN1C=NC2=C1C(=O)N(C(=O)N2C)C,caffeine,0.051654806000000004 milligram,0.266 micromole,0.05165480600000002 microliter,C8H10N4O2,C1COCCO1,dioxane,11.124 milligram,126.25700860327335 micromole,10.8 microliter,C4H8O2,O,water,1.2000000000000002 milligram,66.6111573688593 micromole,1.2000000000000002 microliter,H2O,Cc1c(-c2ccccc2[N+](=O)[O-])c(N)nn1C(C)C,suzuki_product_0,0.0 milligram,0.0 micromole,0 microliter,C13H16N4O2,Cc1cc(N)nn1C(C)C,dehalogenation_0,0.0 milligram,0.0 micromole,0 microliter,C7H13N3,O=[N+]([O-])c1ccccc1,deborylation_0,0.0 milligram,0.0 micromole,0 microliter,C6H5NO2,CC1=C(C(=NN1C(C)C)N)Br.O=[N+](C1=CC=CC=C1B2OC(C)(C)C(C)(C)O2)[O-]>>Cc1c(-c2ccccc2[N+](=O)[O-])c(N)nn1C(C)C.Cc1cc(N)nn1C(C)C.O=[N+]([O-])c1ccccc1,005_RLN-NB-2443_012_B15,7/7/2023 3:12:08 PM,005_rln-nb-2443_012_b15.raw,2min_150_1200.EXP,005_RLN-NB-2443_012_B15,005_RLN-NB-2443_012_B15,Rxn_Opt_HSST3_2_98,Analog,0.121103519926003,0,0.20354338345587966,5.115845772231713,1.0115,1.6807387892626844,0.7398,0,0,0,False,123.03202840392001,1.25,deborylation_0,0,0,0,0,0,74.29184778675727,29.698055497051833,1.6807387892626844,194.9,0.7398,0,0,0,0,0,0,0,0,0,0,10.619108321487664,3.5965390556507595,0.20354338345587966,261,1.0115,0,0,0,0,0,0,0,0,0,0,0,0,0,0,0,0,0,0,0,0,0.0,0.0,0.0,0.0,0.0,0.0,0.0,0.0,0.0,3.22135363003168e-05,12.110351992600302,0.0,0.0,0.0,0.0,0.0,0.0,0.0,0.0,0.0,0.0,0.0,0.0
39,B16,CC(C)(C)[P+]([Pd-2]1(C2=C(C3=C(C=CC=C3)[NH+]1C)C=CC=C2)OS(C)(=O)=O)(C(C)(C)C)C(C)(C)C,PtBu3 Pd G4,0.03120913275 milligram,0.05325 micromole,0.031209132750000007 microliter,C26H42NO3PPdS,CC1=C(C(=NN1C(C)C)N)Br,4-BROMO-1-ISOPROPYL-5-METHYL-1H-PYRAZOL-3-AMINE,0.058014068 milligram,0.266 micromole,0.058014068000000016 microliter,C7H12BrN3,O=[N+](C1=CC=CC=C1B2OC(C)(C)C(C)(C)O2)[O-],"4,4,5,5-tetramethyl-2-(2-nitrophenyl)-1,3,2-dioxaborolane",0.079704 milligram,0.32000000000000006 micromole,0.07970400000000001 microliter,C12H16BNO4,[Na+].[Na+].[O-]C([O-])=O,Na2CO3,0.21197599999999997 milligram,2.0 micromole,0.21197600000000003 microliter,CNa2O3,CN1C=NC2=C1C(=O)N(C(=O)N2C)C,caffeine,0.051654806000000004 milligram,0.266 micromole,0.05165480600000002 microliter,C8H10N4O2,C1COCCO1,dioxane,11.124 milligram,126.25700860327335 micromole,10.8 microliter,C4H8O2,O,water,1.2000000000000002 milligram,66.6111573688593 micromole,1.2000000000000002 microliter,H2O,Cc1c(-c2ccccc2[N+](=O)[O-])c(N)nn1C(C)C,suzuki_product_0,0.0 milligram,0.0 micromole,0 microliter,C13H16N4O2,Cc1cc(N)nn1C(C)C,dehalogenation_0,0.0 milligram,0.0 micromole,0 microliter,C7H13N3,O=[N+]([O-])c1ccccc1,deborylation_0,0.0 milligram,0.0 micromole,0 microliter,C6H5NO2,CC1=C(C(=NN1C(C)C)N)Br.O=[N+](C1=CC=CC=C1B2OC(C)(C)C(C)(C)O2)[O-]>>Cc1c(-c2ccccc2[N+](=O)[O-])c(N)nn1C(C)C.Cc1cc(N)nn1C(C)C.O=[N+]([O-])c1ccccc1,005_RLN-NB-2443_012_B16,7/7/2023 3:14:35 PM,005_rln-nb-2443_012_b16.raw,2min_150_1200.EXP,005_RLN-NB-2443_012_B16,005_RLN-NB-2443_012_B16,Rxn_Opt_HSST3_2_98,Analog,0,0,0,0,0,1.8301933039361924,0.7431,0,0,0,False,123.03202840392001,1.25,deborylation_0,0,0,0,0,0,81.10141540673732,43.125768404049076,1.8301933039361924,194.9,0.7431,0,0,0,0,0,0,0,0,0,0,0,0,0,0,0,0,0,0,0,0,0,0,0,0,0,0,0,0,0,0,0,0,0,0,0,0.0,0.0,0.0,0.0,0.0,0.0,0.0,0.0,0.0,0.0,0.0,0.0,0.0,0.0,0.0,0.0,0.0,0.0,0.0,0.0,0.0,0.0,0.0
40,B17,CC(C)(C)[P+]([Pd-2]1(C2=C(C3=C(C=CC=C3)[NH+]1C)C=CC=C2)OS(C)(=O)=O)(C(C)(C)C)C(C)(C)C,PtBu3 Pd G4,0.03120913275 milligram,0.05325 micromole,0.031209132750000007 microliter,C26H42NO3PPdS,CC1=C(C(=NN1C(C)C)N)Br,4-BROMO-1-ISOPROPYL-5-METHYL-1H-PYRAZOL-3-AMINE,0.058014068 milligram,0.266 micromole,0.058014068000000016 microliter,C7H12BrN3,O=[N+](C1=CC=CC=C1B2OC(C)(C)C(C)(C)O2)[O-],"4,4,5,5-tetramethyl-2-(2-nitrophenyl)-1,3,2-dioxaborolane",0.079704 milligram,0.32000000000000006 micromole,0.07970400000000001 microliter,C12H16BNO4,[K+].[K+].[K+].[O-]P([O-])([O-])=O,K3PO4,0.42452799999999996 milligram,2.0 micromole,0.42452800000000007 microliter,K3O4P,CN1C=NC2=C1C(=O)N(C(=O)N2C)C,caffeine,0.051654806000000004 milligram,0.266 micromole,0.05165480600000002 microliter,C8H10N4O2,C1COCCO1,dioxane,11.124 milligram,126.25700860327335 micromole,10.8 microliter,C4H8O2,O,water,1.2000000000000002 milligram,66.6111573688593 micromole,1.2000000000000002 microliter,H2O,Cc1c(-c2ccccc2[N+](=O)[O-])c(N)nn1C(C)C,suzuki_product_0,0.0 milligram,0.0 micromole,0 microliter,C13H16N4O2,Cc1cc(N)nn1C(C)C,dehalogenation_0,0.0 milligram,0.0 micromole,0 microliter,C7H13N3,O=[N+]([O-])c1ccccc1,deborylation_0,0.0 milligram,0.0 micromole,0 microliter,C6H5NO2,CC1=C(C(=NN1C(C)C)N)Br.O=[N+](C1=CC=CC=C1B2OC(C)(C)C(C)(C)O2)[O-]>>Cc1c(-c2ccccc2[N+](=O)[O-])c(N)nn1C(C)C.Cc1cc(N)nn1C(C)C.O=[N+]([O-])c1ccccc1,005_RLN-NB-2443_012_B17,7/7/2023 3:17:03 PM,005_rln-nb-2443_012_b17.raw,2min_150_1200.EXP,005_RLN-NB-2443_012_B17,005_RLN-NB-2443_012_B17,Rxn_Opt_HSST3_2_98,Analog,0,0,0,0,0,1.9668754971241185,0.7415,0.11993374398039858,0.9706240632861208,0,False,123.03202840392001,1.25,deborylation_0,0,0,0,0,0,87.31618917665367,44.84389979730727,1.9668754971241185,194.9,0.7415,0,0,0,0,0,0,0,0,0,0,0,0,0,0,0,4.712396144470037,2.734436828989336,0.11993374398039858,219.8,0.9706240632861208,0,0,0,0,0,0,0,0,0,0,0,0,0,0,0,0.0,0.0,0.0,0.0,0.0,0.0,0.0,0.0,0.0,0.0,0.0,0.0,0.0,0.0,0.0,1.6219824765437527e-05,6.09767848324719,0.0,0.0,0.0,0.0,0.0,0.0
41,B18,CC(C)(C)[P+]([Pd-2]1(C2=C(C3=C(C=CC=C3)[NH+]1C)C=CC=C2)OS(C)(=O)=O)(C(C)(C)C)C(C)(C)C,PtBu3 Pd G4,0.03120913275 milligram,0.05325 micromole,0.031209132750000007 microliter,C26H42NO3PPdS,CC1=C(C(=NN1C(C)C)N)Br,4-BROMO-1-ISOPROPYL-5-METHYL-1H-PYRAZOL-3-AMINE,0.058014068 milligram,0.266 micromole,0.058014068000000016 microliter,C7H12BrN3,O=[N+](C1=CC=CC=C1B2OC(C)(C)C(C)(C)O2)[O-],"4,4,5,5-tetramethyl-2-(2-nitrophenyl)-1,3,2-dioxaborolane",0.079704 milligram,0.32000000000000006 micromole,0.07970400000000001 microliter,C12H16BNO4,[Na+].C[Si](C)(C)[O-],NaOTMS,0.22435999999999995 milligram,2.0 micromole,0.22436 microliter,C3H9NaOSi,CN1C=NC2=C1C(=O)N(C(=O)N2C)C,caffeine,0.051654806000000004 milligram,0.266 micromole,0.05165480600000002 microliter,C8H10N4O2,C1COCCO1,dioxane,11.124 milligram,126.25700860327335 micromole,10.8 microliter,C4H8O2,O,water,1.2000000000000002 milligram,66.6111573688593 micromole,1.2000000000000002 microliter,H2O,Cc1c(-c2ccccc2[N+](=O)[O-])c(N)nn1C(C)C,suzuki_product_0,0.0 milligram,0.0 micromole,0 microliter,C13H16N4O2,Cc1cc(N)nn1C(C)C,dehalogenation_0,0.0 milligram,0.0 micromole,0 microliter,C7H13N3,O=[N+]([O-])c1ccccc1,deborylation_0,0.0 milligram,0.0 micromole,0 microliter,C6H5NO2,CC1=C(C(=NN1C(C)C)N)Br.O=[N+](C1=CC=CC=C1B2OC(C)(C)C(C)(C)O2)[O-]>>Cc1c(-c2ccccc2[N+](=O)[O-])c(N)nn1C(C)C.Cc1cc(N)nn1C(C)C.O=[N+]([O-])c1ccccc1,005_RLN-NB-2443_012_B18,7/7/2023 3:19:29 PM,005_rln-nb-2443_012_b18.raw,2min_150_1200.EXP,005_RLN-NB-2443_012_B18,005_RLN-NB-2443_012_B18,Rxn_Opt_HSST3_2_98,Analog,0.2047535779389011,0,0.3987061751439132,6.564686941022944,1.0148,1.947248879152129,0.7415,0,0,0,False,123.03202840392001,1.25,deborylation_0,0,0,0,0,0,89.28624190348279,24.27764822647233,1.947248879152129,195,0.7415,0,0,0,0,0,0,0,0,0,0,17.18020920901715,4.970935338312226,0.3987061751439132,260.9,1.0148,0,0,0,0,0,0,0,0,0,0,0,0,0,0,0,0,0,0,0,0,0.0,0.0,0.0,0.0,0.0,0.0,0.0,0.0,0.0,5.446445173174769e-05,20.475357793890108,0.0,0.0,0.0,0.0,0.0,0.0,0.0,0.0,0.0,0.0,0.0,0.0
42,B19,CC(C1=CC=CC(C(C)C)=C1C2=C(C(OC(C)(C)C)=CC=C2OC)[P+]([Pd-2]3(C4=C(C5=C(C=CC=C5)[NH+]3C)C=CC=C4)OS(C)(=O)=O)(C6CCCCC6)C7CCCCC7)C,GPhos Pd G4,0.049019074499999975 milligram,0.05325 micromole,0.04901907449999999 microliter,C49H68NO5PPdS,CC1=C(C(=NN1C(C)C)N)Br,4-BROMO-1-ISOPROPYL-5-METHYL-1H-PYRAZOL-3-AMINE,0.058014068 milligram,0.266 micromole,0.058014068000000016 microliter,C7H12BrN3,O=[N+](C1=CC=CC=C1B2OC(C)(C)C(C)(C)O2)[O-],"4,4,5,5-tetramethyl-2-(2-nitrophenyl)-1,3,2-dioxaborolane",0.079704 milligram,0.32000000000000006 micromole,0.07970400000000001 microliter,C12H16BNO4,[Na+].[Na+].[O-]C([O-])=O,Na2CO3,0.21197599999999997 milligram,2.0 micromole,0.21197600000000003 microliter,CNa2O3,CN1C=NC2=C1C(=O)N(C(=O)N2C)C,caffeine,0.051654806000000004 milligram,0.266 micromole,0.05165480600000002 microliter,C8H10N4O2,C1COCCO1,dioxane,11.124 milligram,126.25700860327335 micromole,10.8 microliter,C4H8O2,O,water,1.2000000000000002 milligram,66.6111573688593 micromole,1.2000000000000002 microliter,H2O,Cc1c(-c2ccccc2[N+](=O)[O-])c(N)nn1C(C)C,suzuki_product_0,0.0 milligram,0.0 micromole,0 microliter,C13H16N4O2,Cc1cc(N)nn1C(C)C,dehalogenation_0,0.0 milligram,0.0 micromole,0 microliter,C7H13N3,O=[N+]([O-])c1ccccc1,deborylation_0,0.0 milligram,0.0 micromole,0 microliter,C6H5NO2,CC1=C(C(=NN1C(C)C)N)Br.O=[N+](C1=CC=CC=C1B2OC(C)(C)C(C)(C)O2)[O-]>>Cc1c(-c2ccccc2[N+](=O)[O-])c(N)nn1C(C)C.Cc1cc(N)nn1C(C)C.O=[N+]([O-])c1ccccc1,005_RLN-NB-2443_012_B19,7/7/2023 3:21:57 PM,005_rln-nb-2443_012_b19.raw,2min_150_1200.EXP,005_RLN-NB-2443_012_B19,005_RLN-NB-2443_012_B19,Rxn_Opt_HSST3_2_98,Analog,0,0,0,0,0,1.9652474586679107,0.7415,0,0,0,False,123.03202840392001,1.25,deborylation_0,0,0,0,0,0,87.52223813199866,50.111449995767764,1.9652474586679107,195,0.7415,0,0,0,0,0,0,0,0,0,0,0,0,0,0,0,0,0,0,0,0,0,0,0,0,0,0,0,0,0,0,0,0,0,0,0,0.0,0.0,0.0,0.0,0.0,0.0,0.0,0.0,0.0,0.0,0.0,0.0,0.0,0.0,0.0,0.0,0.0,0.0,0.0,0.0,0.0,0.0,0.0
43,B20,CC(C1=CC=CC(C(C)C)=C1C2=C(C(OC(C)(C)C)=CC=C2OC)[P+]([Pd-2]3(C4=C(C5=C(C=CC=C5)[NH+]3C)C=CC=C4)OS(C)(=O)=O)(C6CCCCC6)C7CCCCC7)C,GPhos Pd G4,0.049019074499999975 milligram,0.05325 micromole,0.04901907449999999 microliter,C49H68NO5PPdS,CC1=C(C(=NN1C(C)C)N)Br,4-BROMO-1-ISOPROPYL-5-METHYL-1H-PYRAZOL-3-AMINE,0.058014068 milligram,0.266 micromole,0.058014068000000016 microliter,C7H12BrN3,O=[N+](C1=CC=CC=C1B2OC(C)(C)C(C)(C)O2)[O-],"4,4,5,5-tetramethyl-2-(2-nitrophenyl)-1,3,2-dioxaborolane",0.079704 milligram,0.32000000000000006 micromole,0.07970400000000001 microliter,C12H16BNO4,[K+].[K+].[K+].[O-]P([O-])([O-])=O,K3PO4,0.42452799999999996 milligram,2.0 micromole,0.42452800000000007 microliter,K3O4P,CN1C=NC2=C1C(=O)N(C(=O)N2C)C,caffeine,0.051654806000000004 milligram,0.266 micromole,0.05165480600000002 microliter,C8H10N4O2,C1COCCO1,dioxane,11.124 milligram,126.25700860327335 micromole,10.8 microliter,C4H8O2,O,water,1.2000000000000002 milligram,66.6111573688593 micromole,1.2000000000000002 microliter,H2O,Cc1c(-c2ccccc2[N+](=O)[O-])c(N)nn1C(C)C,suzuki_product_0,0.0 milligram,0.0 micromole,0 microliter,C13H16N4O2,Cc1cc(N)nn1C(C)C,dehalogenation_0,0.0 milligram,0.0 micromole,0 microliter,C7H13N3,O=[N+]([O-])c1ccccc1,deborylation_0,0.0 milligram,0.0 micromole,0 microliter,C6H5NO2,CC1=C(C(=NN1C(C)C)N)Br.O=[N+](C1=CC=CC=C1B2OC(C)(C)C(C)(C)O2)[O-]>>Cc1c(-c2ccccc2[N+](=O)[O-])c(N)nn1C(C)C.Cc1cc(N)nn1C(C)C.O=[N+]([O-])c1ccccc1,005_RLN-NB-2443_012_B20,7/7/2023 3:24:24 PM,005_rln-nb-2443_012_b20.raw,2min_150_1200.EXP,005_RLN-NB-2443_012_B20,005_RLN-NB-2443_012_B20,Rxn_Opt_HSST3_2_98,Analog,0,0,0,0,0,1.9971420874331123,0.7415,0,0,0,False,123.03202840392001,1.25,deborylation_0,0,0,0,0,0,90.70611742822102,56.51903868466456,1.9971420874331123,194.9,0.7415,0,0,0,0,0,0,0,0,0,0,0,0,0,0,0,0,0,0,0,0,0,0,0,0,0,0,0,0,0,0,0,0,0,0,0,0.0,0.0,0.0,0.0,0.0,0.0,0.0,0.0,0.0,0.0,0.0,0.0,0.0,0.0,0.0,0.0,0.0,0.0,0.0,0.0,0.0,0.0,0.0
44,B21,CC(C1=CC=CC(C(C)C)=C1C2=C(C(OC(C)(C)C)=CC=C2OC)[P+]([Pd-2]3(C4=C(C5=C(C=CC=C5)[NH+]3C)C=CC=C4)OS(C)(=O)=O)(C6CCCCC6)C7CCCCC7)C,GPhos Pd G4,0.049019074499999975 milligram,0.05325 micromole,0.04901907449999999 microliter,C49H68NO5PPdS,CC1=C(C(=NN1C(C)C)N)Br,4-BROMO-1-ISOPROPYL-5-METHYL-1H-PYRAZOL-3-AMINE,0.058014068 milligram,0.266 micromole,0.058014068000000016 microliter,C7H12BrN3,O=[N+](C1=CC=CC=C1B2OC(C)(C)C(C)(C)O2)[O-],"4,4,5,5-tetramethyl-2-(2-nitrophenyl)-1,3,2-dioxaborolane",0.079704 milligram,0.32000000000000006 micromole,0.07970400000000001 microliter,C12H16BNO4,[Na+].C[Si](C)(C)[O-],NaOTMS,0.22435999999999995 milligram,2.0 micromole,0.22436 microliter,C3H9NaOSi,CN1C=NC2=C1C(=O)N(C(=O)N2C)C,caffeine,0.051654806000000004 milligram,0.266 micromole,0.05165480600000002 microliter,C8H10N4O2,C1COCCO1,dioxane,11.124 milligram,126.25700860327335 micromole,10.8 microliter,C4H8O2,O,water,1.2000000000000002 milligram,66.6111573688593 micromole,1.2000000000000002 microliter,H2O,Cc1c(-c2ccccc2[N+](=O)[O-])c(N)nn1C(C)C,suzuki_product_0,0.0 milligram,0.0 micromole,0 microliter,C13H16N4O2,Cc1cc(N)nn1C(C)C,dehalogenation_0,0.0 milligram,0.0 micromole,0 microliter,C7H13N3,O=[N+]([O-])c1ccccc1,deborylation_0,0.0 milligram,0.0 micromole,0 microliter,C6H5NO2,CC1=C(C(=NN1C(C)C)N)Br.O=[N+](C1=CC=CC=C1B2OC(C)(C)C(C)(C)O2)[O-]>>Cc1c(-c2ccccc2[N+](=O)[O-])c(N)nn1C(C)C.Cc1cc(N)nn1C(C)C.O=[N+]([O-])c1ccccc1,005_RLN-NB-2443_012_B21,7/7/2023 3:26:52 PM,005_rln-nb-2443_012_b21.raw,2min_150_1200.EXP,005_RLN-NB-2443_012_B21,005_RLN-NB-2443_012_B21,Rxn_Opt_HSST3_2_98,Analog,0,0,0,0,0,0.9374635570790355,0.7398,0,0,0,False,123.03202840392001,1.25,deborylation_0,0,0,0,0,0,45.17667607960783,16.59023255327321,0.9374635570790355,195.1,0.7398,0,0,0,0,0,0,0,0,0,0,0,0,0,0,0,0,0,0,0,0,0,0,0,0,0,0,0,0,0,0,0,0,0,0,0,0.0,0.0,0.0,0.0,0.0,0.0,0.0,0.0,0.0,0.0,0.0,0.0,0.0,0.0,0.0,0.0,0.0,0.0,0.0,0.0,0.0,0.0,0.0
45,B22,Cl[Pd]Cl.CC1(C)c2cccc(P(c3ccccc3)c4ccccc4)c2Oc5c(cccc15)P(c6ccccc6)c7ccccc7,PdCl2(XantPhos),0.04025476350000001 milligram,0.05325 micromole,0.04025476350000002 microliter,C39H32Cl2OP2Pd,CC1=C(C(=NN1C(C)C)N)Br,4-BROMO-1-ISOPROPYL-5-METHYL-1H-PYRAZOL-3-AMINE,0.058014068 milligram,0.266 micromole,0.058014068000000016 microliter,C7H12BrN3,O=[N+](C1=CC=CC=C1B2OC(C)(C)C(C)(C)O2)[O-],"4,4,5,5-tetramethyl-2-(2-nitrophenyl)-1,3,2-dioxaborolane",0.079704 milligram,0.32000000000000006 micromole,0.07970400000000001 microliter,C12H16BNO4,[Na+].[Na+].[O-]C([O-])=O,Na2CO3,0.21197599999999997 milligram,2.0 micromole,0.21197600000000003 microliter,CNa2O3,CN1C=NC2=C1C(=O)N(C(=O)N2C)C,caffeine,0.051654806000000004 milligram,0.266 micromole,0.05165480600000002 microliter,C8H10N4O2,C1COCCO1,dioxane,11.124 milligram,126.25700860327335 micromole,10.8 microliter,C4H8O2,O,water,1.2000000000000002 milligram,66.6111573688593 micromole,1.2000000000000002 microliter,H2O,Cc1c(-c2ccccc2[N+](=O)[O-])c(N)nn1C(C)C,suzuki_product_0,0.0 milligram,0.0 micromole,0 microliter,C13H16N4O2,Cc1cc(N)nn1C(C)C,dehalogenation_0,0.0 milligram,0.0 micromole,0 microliter,C7H13N3,O=[N+]([O-])c1ccccc1,deborylation_0,0.0 milligram,0.0 micromole,0 microliter,C6H5NO2,CC1=C(C(=NN1C(C)C)N)Br.O=[N+](C1=CC=CC=C1B2OC(C)(C)C(C)(C)O2)[O-]>>Cc1c(-c2ccccc2[N+](=O)[O-])c(N)nn1C(C)C.Cc1cc(N)nn1C(C)C.O=[N+]([O-])c1ccccc1,005_RLN-NB-2443_012_B22,7/7/2023 3:29:19 PM,005_rln-nb-2443_012_b22.raw,2min_150_1200.EXP,005_RLN-NB-2443_012_B22,005_RLN-NB-2443_012_B22,Rxn_Opt_HSST3_2_98,Analog,0,0,0,0,0,2.634344146259334,0.7415,0,0,0,False,123.03202840392001,1.25,deborylation_0,0,0,0,0,0,120.0260058016918,23.812845645284167,2.634344146259334,194.9,0.7415,0,0,0,0,0,0,0,0,0,0,0,0,0,0,0,0,0,0,0,0,0,0,0,0,0,0,0,0,0,0,0,0,0,0,0,0.0,0.0,0.0,0.0,0.0,0.0,0.0,0.0,0.0,0.0,0.0,0.0,0.0,0.0,0.0,0.0,0.0,0.0,0.0,0.0,0.0,0.0,0.0
46,B23,Cl[Pd]Cl.CC1(C)c2cccc(P(c3ccccc3)c4ccccc4)c2Oc5c(cccc15)P(c6ccccc6)c7ccccc7,PdCl2(XantPhos),0.04025476350000001 milligram,0.05325 micromole,0.04025476350000002 microliter,C39H32Cl2OP2Pd,CC1=C(C(=NN1C(C)C)N)Br,4-BROMO-1-ISOPROPYL-5-METHYL-1H-PYRAZOL-3-AMINE,0.058014068 milligram,0.266 micromole,0.058014068000000016 microliter,C7H12BrN3,O=[N+](C1=CC=CC=C1B2OC(C)(C)C(C)(C)O2)[O-],"4,4,5,5-tetramethyl-2-(2-nitrophenyl)-1,3,2-dioxaborolane",0.079704 milligram,0.32000000000000006 micromole,0.07970400000000001 microliter,C12H16BNO4,[K+].[K+].[K+].[O-]P([O-])([O-])=O,K3PO4,0.42452799999999996 milligram,2.0 micromole,0.42452800000000007 microliter,K3O4P,CN1C=NC2=C1C(=O)N(C(=O)N2C)C,caffeine,0.051654806000000004 milligram,0.266 micromole,0.05165480600000002 microliter,C8H10N4O2,C1COCCO1,dioxane,11.124 milligram,126.25700860327335 micromole,10.8 microliter,C4H8O2,O,water,1.2000000000000002 milligram,66.6111573688593 micromole,1.2000000000000002 microliter,H2O,Cc1c(-c2ccccc2[N+](=O)[O-])c(N)nn1C(C)C,suzuki_product_0,0.0 milligram,0.0 micromole,0 microliter,C13H16N4O2,Cc1cc(N)nn1C(C)C,dehalogenation_0,0.0 milligram,0.0 micromole,0 microliter,C7H13N3,O=[N+]([O-])c1ccccc1,deborylation_0,0.0 milligram,0.0 micromole,0 microliter,C6H5NO2,CC1=C(C(=NN1C(C)C)N)Br.O=[N+](C1=CC=CC=C1B2OC(C)(C)C(C)(C)O2)[O-]>>Cc1c(-c2ccccc2[N+](=O)[O-])c(N)nn1C(C)C.Cc1cc(N)nn1C(C)C.O=[N+]([O-])c1ccccc1,005_RLN-NB-2443_012_B23,7/7/2023 3:31:46 PM,005_rln-nb-2443_012_b23.raw,2min_150_1200.EXP,005_RLN-NB-2443_012_B23,005_RLN-NB-2443_012_B23,Rxn_Opt_HSST3_2_98,Analog,0,0,0,0,0,2.4638060561325665,0.7431,0,0,0,False,123.03202840392001,1.25,deborylation_0,0,0,0,0,0,109.17731732543973,27.640947769336204,2.4638060561325665,195,0.7431,0,0,0,0,0,0,0,0,0,0,0,0,0,0,0,0,0,0,0,0,0,0,0,0,0,0,0,0,0,0,0,0,0,0,0,0.0,0.0,0.0,0.0,0.0,0.0,0.0,0.0,0.0,0.0,0.0,0.0,0.0,0.0,0.0,0.0,0.0,0.0,0.0,0.0,0.0,0.0,0.0
47,B24,Cl[Pd]Cl.CC1(C)c2cccc(P(c3ccccc3)c4ccccc4)c2Oc5c(cccc15)P(c6ccccc6)c7ccccc7,PdCl2(XantPhos),0.04025476350000001 milligram,0.05325 micromole,0.04025476350000002 microliter,C39H32Cl2OP2Pd,CC1=C(C(=NN1C(C)C)N)Br,4-BROMO-1-ISOPROPYL-5-METHYL-1H-PYRAZOL-3-AMINE,0.058014068 milligram,0.266 micromole,0.058014068000000016 microliter,C7H12BrN3,O=[N+](C1=CC=CC=C1B2OC(C)(C)C(C)(C)O2)[O-],"4,4,5,5-tetramethyl-2-(2-nitrophenyl)-1,3,2-dioxaborolane",0.079704 milligram,0.32000000000000006 micromole,0.07970400000000001 microliter,C12H16BNO4,[Na+].C[Si](C)(C)[O-],NaOTMS,0.22435999999999995 milligram,2.0 micromole,0.22436 microliter,C3H9NaOSi,CN1C=NC2=C1C(=O)N(C(=O)N2C)C,caffeine,0.051654806000000004 milligram,0.266 micromole,0.05165480600000002 microliter,C8H10N4O2,C1COCCO1,dioxane,11.124 milligram,126.25700860327335 micromole,10.8 microliter,C4H8O2,O,water,1.2000000000000002 milligram,66.6111573688593 micromole,1.2000000000000002 microliter,H2O,Cc1c(-c2ccccc2[N+](=O)[O-])c(N)nn1C(C)C,suzuki_product_0,0.0 milligram,0.0 micromole,0 microliter,C13H16N4O2,Cc1cc(N)nn1C(C)C,dehalogenation_0,0.0 milligram,0.0 micromole,0 microliter,C7H13N3,O=[N+]([O-])c1ccccc1,deborylation_0,0.0 milligram,0.0 micromole,0 microliter,C6H5NO2,CC1=C(C(=NN1C(C)C)N)Br.O=[N+](C1=CC=CC=C1B2OC(C)(C)C(C)(C)O2)[O-]>>Cc1c(-c2ccccc2[N+](=O)[O-])c(N)nn1C(C)C.Cc1cc(N)nn1C(C)C.O=[N+]([O-])c1ccccc1,005_RLN-NB-2443_012_B24,7/7/2023 3:34:14 PM,005_rln-nb-2443_012_b24.raw,2min_150_1200.EXP,005_RLN-NB-2443_012_B24,005_RLN-NB-2443_012_B24,Rxn_Opt_HSST3_2_98,Analog,0,0,0,0,0,1.1888855048353582,0.7398,0,0,0,False,123.03202840392001,1.25,deborylation_0,0,0,0,0,0,56.01280658640172,14.846758707403326,1.1888855048353582,195,0.7398,0,0,0,0,0,0,0,0,0,0,0,0,0,0,0,0,0,0,0,0,0,0,0,0,0,0,0,0,0,0,0,0,0,0,0,0.0,0.0,0.0,0.0,0.0,0.0,0.0,0.0,0.0,0.0,0.0,0.0,0.0,0.0,0.0,0.0,0.0,0.0,0.0,0.0,0.0,0.0,0.0
48,C1,CC(C)C1=CC(C(C)C)=CC(C(C)C)=C1C2=C([P+](C3CCCCC3)([Pd-2]4(OS(C)(=O)=O)C(C=CC=C5)=C5C6=C([NH+]4C)C=CC=C6)C7CCCCC7)C=CC=C2,XPhos Pd G4,0.04582130549999999 milligram,0.05325 micromole,0.0458213055 microliter,C47H64NO3PPdS,COC1=C(N)C(Cl)=NC=N1,4-chloro-6-methoxypyrimidin-5-amine,0.04244721600000001 milligram,0.266 micromole,0.04244721600000002 microliter,C5H6ClN3O,O=C(O)C1=CC=CC(B2OC(C)(C)C(C)(C)O2)=C1,"3-(tetramethyl-1,3,2-dioxaborolan-2-yl)benzoic acid",0.07938784 milligram,0.32000000000000006 micromole,0.07938784000000002 microliter,C13H17BO4,[Na+].[Na+].[O-]C([O-])=O,Na2CO3,0.21197599999999997 milligram,2.0 micromole,0.21197600000000003 microliter,CNa2O3,CN1C=NC2=C1C(=O)N(C(=O)N2C)C,caffeine,0.051654806000000004 milligram,0.266 micromole,0.05165480600000002 microliter,C8H10N4O2,C1COCCO1,dioxane,11.124 milligram,126.25700860327335 micromole,10.8 microliter,C4H8O2,O,water,1.2000000000000002 milligram,66.6111573688593 micromole,1.2000000000000002 microliter,H2O,COc1ncnc(-c2cccc(C(=O)O)c2)c1N,suzuki_product_0,0.0 milligram,0.0 micromole,0 microliter,C12H11N3O3,COc1ncncc1N,dehalogenation_0,0.0 milligram,0.0 micromole,0 microliter,C5H7N3O,O=C(O)c1ccccc1,deborylation_0,0.0 milligram,0.0 micromole,0 microliter,C7H6O2,COC1=C(N)C(Cl)=NC=N1.O=C(O)C1=CC=CC(B2OC(C)(C)C(C)(C)O2)=C1>>COc1ncnc(-c2cccc(C(=O)O)c2)c1N.COc1ncncc1N.O=C(O)c1ccccc1,005_RLN-NB-2443_012_C1,7/7/2023 4:19:06 PM,005_rln-nb-2443_012_c1.raw,2min_150_1200.EXP,005_RLN-NB-2443_012_C1,005_RLN-NB-2443_012_C1,Rxn_Opt_HSST3_2_98,Analog,0.28725712967373046,0,0.4327008446258176,23.267357441151535,0.7981,1.5063189036153204,0.7281,0.4327008446258176,0.7981,0,False,122.03677943156,1.25,deborylation_0,18.903395465336153,12.85500983327591,0.4327008446258176,245.9,0.7981,51.06402416682601,44.75088172006996,1.5063189036153204,195,0.7281,0,0,0,0,0,0,0,0,0,0,18.903395465336153,12.85500983327591,0.4327008446258176,245.9,0.7981,0,0,0,0,0,0,0,0,0,0,0,0,0,0,0,0,0,0,0,0,0.0,0.0,0.0,0.0,0.0,7.641039649321231e-05,28.725712967373045,0.0,0.0,7.641039649321231e-05,28.725712967373045,0.0,0.0,0.0,0.0,0.0,0.0,0.0,0.0,0.0,0.0,0.0,0.0
49,C2,CC(C)C1=CC(C(C)C)=CC(C(C)C)=C1C2=C([P+](C3CCCCC3)([Pd-2]4(OS(C)(=O)=O)C(C=CC=C5)=C5C6=C([NH+]4C)C=CC=C6)C7CCCCC7)C=CC=C2,XPhos Pd G4,0.04582130549999999 milligram,0.05325 micromole,0.0458213055 microliter,C47H64NO3PPdS,COC1=C(N)C(Cl)=NC=N1,4-chloro-6-methoxypyrimidin-5-amine,0.04244721600000001 milligram,0.266 micromole,0.04244721600000002 microliter,C5H6ClN3O,O=C(O)C1=CC=CC(B2OC(C)(C)C(C)(C)O2)=C1,"3-(tetramethyl-1,3,2-dioxaborolan-2-yl)benzoic acid",0.07938784 milligram,0.32000000000000006 micromole,0.07938784000000002 microliter,C13H17BO4,[K+].[K+].[K+].[O-]P([O-])([O-])=O,K3PO4,0.42452799999999996 milligram,2.0 micromole,0.42452800000000007 microliter,K3O4P,CN1C=NC2=C1C(=O)N(C(=O)N2C)C,caffeine,0.051654806000000004 milligram,0.266 micromole,0.05165480600000002 microliter,C8H10N4O2,C1COCCO1,dioxane,11.124 milligram,126.25700860327335 micromole,10.8 microliter,C4H8O2,O,water,1.2000000000000002 milligram,66.6111573688593 micromole,1.2000000000000002 microliter,H2O,COc1ncnc(-c2cccc(C(=O)O)c2)c1N,suzuki_product_0,0.0 milligram,0.0 micromole,0 microliter,C12H11N3O3,COc1ncncc1N,dehalogenation_0,0.0 milligram,0.0 micromole,0 microliter,C5H7N3O,O=C(O)c1ccccc1,deborylation_0,0.0 milligram,0.0 micromole,0 microliter,C7H6O2,COC1=C(N)C(Cl)=NC=N1.O=C(O)C1=CC=CC(B2OC(C)(C)C(C)(C)O2)=C1>>COc1ncnc(-c2cccc(C(=O)O)c2)c1N.COc1ncncc1N.O=C(O)c1ccccc1,005_RLN-NB-2443_012_C2,7/7/2023 4:22:20 PM,005_rln-nb-2443_012_c2.raw,2min_150_1200.EXP,005_RLN-NB-2443_012_C2,005_RLN-NB-2443_012_C2,Rxn_Opt_HSST3_2_98,Analog,1.090625047400563,0,1.215353577102735,42.24108658597334,0.7998,1.1143642629512818,0.7331,1.215353577102735,0.7998,0,False,122.03677943156,1.25,deborylation_0,54.01943249313551,30.44817816703926,1.215353577102735,245.8,0.7998,47.420236552207854,27.91809911170718,1.1143642629512818,195,0.7331,0,0,0,0,0,0,0,0,0,0,54.01943249313551,30.44817816703926,1.215353577102735,245.8,0.7998,0,0,0,0,0,0,0,0,0,0,0,0,0,0,0,0,0,0,0,0,0.0,0.0,0.0,0.0,0.0,0.00029010626260854975,109.0625047400563,0.0,0.0,0.00029010626260854975,109.0625047400563,0.0,0.0,0.0,0.0,0.0,0.0,0.0,0.0,0.0,0.0,0.0,0.0
50,C3,CC(C)C1=CC(C(C)C)=CC(C(C)C)=C1C2=C([P+](C3CCCCC3)([Pd-2]4(OS(C)(=O)=O)C(C=CC=C5)=C5C6=C([NH+]4C)C=CC=C6)C7CCCCC7)C=CC=C2,XPhos Pd G4,0.04582130549999999 milligram,0.05325 micromole,0.0458213055 microliter,C47H64NO3PPdS,COC1=C(N)C(Cl)=NC=N1,4-chloro-6-methoxypyrimidin-5-amine,0.04244721600000001 milligram,0.266 micromole,0.04244721600000002 microliter,C5H6ClN3O,O=C(O)C1=CC=CC(B2OC(C)(C)C(C)(C)O2)=C1,"3-(tetramethyl-1,3,2-dioxaborolan-2-yl)benzoic acid",0.07938784 milligram,0.32000000000000006 micromole,0.07938784000000002 microliter,C13H17BO4,[Na+].C[Si](C)(C)[O-],NaOTMS,0.22435999999999995 milligram,2.0 micromole,0.22436 microliter,C3H9NaOSi,CN1C=NC2=C1C(=O)N(C(=O)N2C)C,caffeine,0.051654806000000004 milligram,0.266 micromole,0.05165480600000002 microliter,C8H10N4O2,C1COCCO1,dioxane,11.124 milligram,126.25700860327335 micromole,10.8 microliter,C4H8O2,O,water,1.2000000000000002 milligram,66.6111573688593 micromole,1.2000000000000002 microliter,H2O,COc1ncnc(-c2cccc(C(=O)O)c2)c1N,suzuki_product_0,0.0 milligram,0.0 micromole,0 microliter,C12H11N3O3,COc1ncncc1N,dehalogenation_0,0.0 milligram,0.0 micromole,0 microliter,C5H7N3O,O=C(O)c1ccccc1,deborylation_0,0.0 milligram,0.0 micromole,0 microliter,C7H6O2,COC1=C(N)C(Cl)=NC=N1.O=C(O)C1=CC=CC(B2OC(C)(C)C(C)(C)O2)=C1>>COc1ncnc(-c2cccc(C(=O)O)c2)c1N.COc1ncncc1N.O=C(O)c1ccccc1,005_RLN-NB-2443_012_C3,7/7/2023 4:24:46 PM,005_rln-nb-2443_012_c3.raw,2min_150_1200.EXP,005_RLN-NB-2443_012_C3,005_RLN-NB-2443_012_C3,Rxn_Opt_HSST3_2_98,Analog,1.3694077545752374,0,1.3035374338926664,28.303196401570563,0.8031,0.951898679949419,0.7365,1.3035374338926664,0.8031,0,False,122.03677943156,1.25,deborylation_0,52.10196602019914,23.455389140988853,1.3035374338926664,246.1,0.8031,45.403789504498135,17.128126420069997,0.951898679949419,194.8,0.7365,0,0,0,0,0,0,0,0,0,0,52.10196602019914,23.455389140988853,1.3035374338926664,246.1,0.8031,0,0,0,0,0,0,0,0,0,0,0,0,0,0,0,0,0,0,0,0,0.0,0.0,0.0,0.0,0.0,0.00036426246271701316,136.94077545752376,0.0,0.0,0.00036426246271701316,136.94077545752376,0.0,0.0,0.0,0.0,0.0,0.0,0.0,0.0,0.0,0.0,0.0,0.0
51,C4,CC(C)(C)[P+]([Pd-2]1(C2=C(C3=C(C=CC=C3)[NH+]1C)C=CC=C2)OS(C)(=O)=O)(C(C)(C)C)C(C)(C)C,PtBu3 Pd G4,0.03120913275 milligram,0.05325 micromole,0.031209132750000007 microliter,C26H42NO3PPdS,COC1=C(N)C(Cl)=NC=N1,4-chloro-6-methoxypyrimidin-5-amine,0.04244721600000001 milligram,0.266 micromole,0.04244721600000002 microliter,C5H6ClN3O,O=C(O)C1=CC=CC(B2OC(C)(C)C(C)(C)O2)=C1,"3-(tetramethyl-1,3,2-dioxaborolan-2-yl)benzoic acid",0.07938784 milligram,0.32000000000000006 micromole,0.07938784000000002 microliter,C13H17BO4,[Na+].[Na+].[O-]C([O-])=O,Na2CO3,0.21197599999999997 milligram,2.0 micromole,0.21197600000000003 microliter,CNa2O3,CN1C=NC2=C1C(=O)N(C(=O)N2C)C,caffeine,0.051654806000000004 milligram,0.266 micromole,0.05165480600000002 microliter,C8H10N4O2,C1COCCO1,dioxane,11.124 milligram,126.25700860327335 micromole,10.8 microliter,C4H8O2,O,water,1.2000000000000002 milligram,66.6111573688593 micromole,1.2000000000000002 microliter,H2O,COc1ncnc(-c2cccc(C(=O)O)c2)c1N,suzuki_product_0,0.0 milligram,0.0 micromole,0 microliter,C12H11N3O3,COc1ncncc1N,dehalogenation_0,0.0 milligram,0.0 micromole,0 microliter,C5H7N3O,O=C(O)c1ccccc1,deborylation_0,0.0 milligram,0.0 micromole,0 microliter,C7H6O2,COC1=C(N)C(Cl)=NC=N1.O=C(O)C1=CC=CC(B2OC(C)(C)C(C)(C)O2)=C1>>COc1ncnc(-c2cccc(C(=O)O)c2)c1N.COc1ncncc1N.O=C(O)c1ccccc1,005_RLN-NB-2443_012_C4,7/7/2023 4:27:14 PM,005_rln-nb-2443_012_c4.raw,2min_150_1200.EXP,005_RLN-NB-2443_012_C4,005_RLN-NB-2443_012_C4,Rxn_Opt_HSST3_2_98,Analog,1.074612924541027,0,1.0576014059412608,29.8005158039774,0.8031,0.984169631491235,0.7365,0,0,0,False,122.03677943156,1.25,deborylation_0,45.100111165721984,23.33061165909426,1.0576014059412608,246,0.8031,43.253601136377476,21.710711946870443,0.984169631491235,195,0.7365,0,0,0,0,0,0,0,0,0,0,45.100111165721984,23.33061165909426,1.0576014059412608,246,0.8031,0,0,0,0,0,0,0,0,0,0,0,0,0,0,0,0,0,0,0,0,0.0,0.0,0.0,0.0,0.0,0.0002858470379279132,107.4612924541027,0.0,0.0,0.0002858470379279132,107.4612924541027,0.0,0.0,0.0,0.0,0.0,0.0,0.0,0.0,0.0,0.0,0.0,0.0
52,C5,CC(C)(C)[P+]([Pd-2]1(C2=C(C3=C(C=CC=C3)[NH+]1C)C=CC=C2)OS(C)(=O)=O)(C(C)(C)C)C(C)(C)C,PtBu3 Pd G4,0.03120913275 milligram,0.05325 micromole,0.031209132750000007 microliter,C26H42NO3PPdS,COC1=C(N)C(Cl)=NC=N1,4-chloro-6-methoxypyrimidin-5-amine,0.04244721600000001 milligram,0.266 micromole,0.04244721600000002 microliter,C5H6ClN3O,O=C(O)C1=CC=CC(B2OC(C)(C)C(C)(C)O2)=C1,"3-(tetramethyl-1,3,2-dioxaborolan-2-yl)benzoic acid",0.07938784 milligram,0.32000000000000006 micromole,0.07938784000000002 microliter,C13H17BO4,[K+].[K+].[K+].[O-]P([O-])([O-])=O,K3PO4,0.42452799999999996 milligram,2.0 micromole,0.42452800000000007 microliter,K3O4P,CN1C=NC2=C1C(=O)N(C(=O)N2C)C,caffeine,0.051654806000000004 milligram,0.266 micromole,0.05165480600000002 microliter,C8H10N4O2,C1COCCO1,dioxane,11.124 milligram,126.25700860327335 micromole,10.8 microliter,C4H8O2,O,water,1.2000000000000002 milligram,66.6111573688593 micromole,1.2000000000000002 microliter,H2O,COc1ncnc(-c2cccc(C(=O)O)c2)c1N,suzuki_product_0,0.0 milligram,0.0 micromole,0 microliter,C12H11N3O3,COc1ncncc1N,dehalogenation_0,0.0 milligram,0.0 micromole,0 microliter,C5H7N3O,O=C(O)c1ccccc1,deborylation_0,0.0 milligram,0.0 micromole,0 microliter,C7H6O2,COC1=C(N)C(Cl)=NC=N1.O=C(O)C1=CC=CC(B2OC(C)(C)C(C)(C)O2)=C1>>COc1ncnc(-c2cccc(C(=O)O)c2)c1N.COc1ncncc1N.O=C(O)c1ccccc1,005_RLN-NB-2443_012_C5,7/7/2023 4:29:41 PM,005_rln-nb-2443_012_c5.raw,2min_150_1200.EXP,005_RLN-NB-2443_012_C5,005_RLN-NB-2443_012_C5,Rxn_Opt_HSST3_2_98,Analog,1.8615732530753224,0,1.8699446162186146,37.50218868700196,0.8031,1.0044969292126769,0.7398,0,0,0,False,122.03677943156,1.25,deborylation_0,78.2085965616131,31.213995838877167,1.8699446162186146,245.9,0.8031,45.52386951162457,16.767535624672085,1.0044969292126769,195.1,0.7398,0,0,0,0,0,0,0,0,0,0,78.2085965616131,31.213995838877167,1.8699446162186146,245.9,0.8031,0,0,0,0,0,0,0,0,0,0,0,0,0,0,0,0,0,0,0,0,0.0,0.0,0.0,0.0,0.0,0.0004951784853180357,186.1573253075322,0.0,0.0,0.0004951784853180357,186.1573253075322,0.0,0.0,0.0,0.0,0.0,0.0,0.0,0.0,0.0,0.0,0.0,0.0
53,C6,CC(C)(C)[P+]([Pd-2]1(C2=C(C3=C(C=CC=C3)[NH+]1C)C=CC=C2)OS(C)(=O)=O)(C(C)(C)C)C(C)(C)C,PtBu3 Pd G4,0.03120913275 milligram,0.05325 micromole,0.031209132750000007 microliter,C26H42NO3PPdS,COC1=C(N)C(Cl)=NC=N1,4-chloro-6-methoxypyrimidin-5-amine,0.04244721600000001 milligram,0.266 micromole,0.04244721600000002 microliter,C5H6ClN3O,O=C(O)C1=CC=CC(B2OC(C)(C)C(C)(C)O2)=C1,"3-(tetramethyl-1,3,2-dioxaborolan-2-yl)benzoic acid",0.07938784 milligram,0.32000000000000006 micromole,0.07938784000000002 microliter,C13H17BO4,[Na+].C[Si](C)(C)[O-],NaOTMS,0.22435999999999995 milligram,2.0 micromole,0.22436 microliter,C3H9NaOSi,CN1C=NC2=C1C(=O)N(C(=O)N2C)C,caffeine,0.051654806000000004 milligram,0.266 micromole,0.05165480600000002 microliter,C8H10N4O2,C1COCCO1,dioxane,11.124 milligram,126.25700860327335 micromole,10.8 microliter,C4H8O2,O,water,1.2000000000000002 milligram,66.6111573688593 micromole,1.2000000000000002 microliter,H2O,COc1ncnc(-c2cccc(C(=O)O)c2)c1N,suzuki_product_0,0.0 milligram,0.0 micromole,0 microliter,C12H11N3O3,COc1ncncc1N,dehalogenation_0,0.0 milligram,0.0 micromole,0 microliter,C5H7N3O,O=C(O)c1ccccc1,deborylation_0,0.0 milligram,0.0 micromole,0 microliter,C7H6O2,COC1=C(N)C(Cl)=NC=N1.O=C(O)C1=CC=CC(B2OC(C)(C)C(C)(C)O2)=C1>>COc1ncnc(-c2cccc(C(=O)O)c2)c1N.COc1ncncc1N.O=C(O)c1ccccc1,005_RLN-NB-2443_012_C6,7/7/2023 4:32:09 PM,005_rln-nb-2443_012_c6.raw,2min_150_1200.EXP,005_RLN-NB-2443_012_C6,005_RLN-NB-2443_012_C6,Rxn_Opt_HSST3_2_98,Analog,0.630322057949624,0,0.6356156557545801,14.615489017618879,0.7998,1.0083982429905367,0.7365,0,0,0,False,122.03677943156,1.25,deborylation_0,25.264532222115093,11.864441227472167,0.6356156557545801,245.9,0.7998,48.94513995429572,18.822824106879636,1.0083982429905367,194.9,0.7365,0,0,0,0,0,0,0,0,0,0,25.264532222115093,11.864441227472167,0.6356156557545801,245.9,0.7998,0,0,0,0,0,0,0,0,0,0,0,0,0,0,0,0,0,0,0,0,0.0,0.0,0.0,0.0,0.0,0.00016766566741460001,63.0322057949624,0.0,0.0,0.00016766566741460001,63.0322057949624,0.0,0.0,0.0,0.0,0.0,0.0,0.0,0.0,0.0,0.0,0.0,0.0
54,C7,CC(C1=CC=CC(C(C)C)=C1C2=C(C(OC(C)(C)C)=CC=C2OC)[P+]([Pd-2]3(C4=C(C5=C(C=CC=C5)[NH+]3C)C=CC=C4)OS(C)(=O)=O)(C6CCCCC6)C7CCCCC7)C,GPhos Pd G4,0.049019074499999975 milligram,0.05325 micromole,0.04901907449999999 microliter,C49H68NO5PPdS,COC1=C(N)C(Cl)=NC=N1,4-chloro-6-methoxypyrimidin-5-amine,0.04244721600000001 milligram,0.266 micromole,0.04244721600000002 microliter,C5H6ClN3O,O=C(O)C1=CC=CC(B2OC(C)(C)C(C)(C)O2)=C1,"3-(tetramethyl-1,3,2-dioxaborolan-2-yl)benzoic acid",0.07938784 milligram,0.32000000000000006 micromole,0.07938784000000002 microliter,C13H17BO4,[Na+].[Na+].[O-]C([O-])=O,Na2CO3,0.21197599999999997 milligram,2.0 micromole,0.21197600000000003 microliter,CNa2O3,CN1C=NC2=C1C(=O)N(C(=O)N2C)C,caffeine,0.051654806000000004 milligram,0.266 micromole,0.05165480600000002 microliter,C8H10N4O2,C1COCCO1,dioxane,11.124 milligram,126.25700860327335 micromole,10.8 microliter,C4H8O2,O,water,1.2000000000000002 milligram,66.6111573688593 micromole,1.2000000000000002 microliter,H2O,COc1ncnc(-c2cccc(C(=O)O)c2)c1N,suzuki_product_0,0.0 milligram,0.0 micromole,0 microliter,C12H11N3O3,COc1ncncc1N,dehalogenation_0,0.0 milligram,0.0 micromole,0 microliter,C5H7N3O,O=C(O)c1ccccc1,deborylation_0,0.0 milligram,0.0 micromole,0 microliter,C7H6O2,COC1=C(N)C(Cl)=NC=N1.O=C(O)C1=CC=CC(B2OC(C)(C)C(C)(C)O2)=C1>>COc1ncnc(-c2cccc(C(=O)O)c2)c1N.COc1ncncc1N.O=C(O)c1ccccc1,005_RLN-NB-2443_012_C7,7/7/2023 4:34:37 PM,005_rln-nb-2443_012_c7.raw,2min_150_1200.EXP,005_RLN-NB-2443_012_C7,005_RLN-NB-2443_012_C7,Rxn_Opt_HSST3_2_98,Analog,0,0,0,0,0,1.3233422156908434,0.7398,0,0,0,False,122.03677943156,1.25,deborylation_0,0,0,0,0,0,62.08210410543932,29.470477576772485,1.3233422156908434,194.9,0.7398,0,0,0,0,0,0,0,0,0,0,0,0,0,0,0,0,0,0,0,0,0,0,0,0,0,0,0,0,0,0,0,0,0,0,0,0.0,0.0,0.0,0.0,0.0,0.0,0.0,0.0,0.0,0.0,0.0,0.0,0.0,0.0,0.0,0.0,0.0,0.0,0.0,0.0,0.0,0.0,0.0
55,C8,CC(C1=CC=CC(C(C)C)=C1C2=C(C(OC(C)(C)C)=CC=C2OC)[P+]([Pd-2]3(C4=C(C5=C(C=CC=C5)[NH+]3C)C=CC=C4)OS(C)(=O)=O)(C6CCCCC6)C7CCCCC7)C,GPhos Pd G4,0.049019074499999975 milligram,0.05325 micromole,0.04901907449999999 microliter,C49H68NO5PPdS,COC1=C(N)C(Cl)=NC=N1,4-chloro-6-methoxypyrimidin-5-amine,0.04244721600000001 milligram,0.266 micromole,0.04244721600000002 microliter,C5H6ClN3O,O=C(O)C1=CC=CC(B2OC(C)(C)C(C)(C)O2)=C1,"3-(tetramethyl-1,3,2-dioxaborolan-2-yl)benzoic acid",0.07938784 milligram,0.32000000000000006 micromole,0.07938784000000002 microliter,C13H17BO4,[K+].[K+].[K+].[O-]P([O-])([O-])=O,K3PO4,0.42452799999999996 milligram,2.0 micromole,0.42452800000000007 microliter,K3O4P,CN1C=NC2=C1C(=O)N(C(=O)N2C)C,caffeine,0.051654806000000004 milligram,0.266 micromole,0.05165480600000002 microliter,C8H10N4O2,C1COCCO1,dioxane,11.124 milligram,126.25700860327335 micromole,10.8 microliter,C4H8O2,O,water,1.2000000000000002 milligram,66.6111573688593 micromole,1.2000000000000002 microliter,H2O,COc1ncnc(-c2cccc(C(=O)O)c2)c1N,suzuki_product_0,0.0 milligram,0.0 micromole,0 microliter,C12H11N3O3,COc1ncncc1N,dehalogenation_0,0.0 milligram,0.0 micromole,0 microliter,C5H7N3O,O=C(O)c1ccccc1,deborylation_0,0.0 milligram,0.0 micromole,0 microliter,C7H6O2,COC1=C(N)C(Cl)=NC=N1.O=C(O)C1=CC=CC(B2OC(C)(C)C(C)(C)O2)=C1>>COc1ncnc(-c2cccc(C(=O)O)c2)c1N.COc1ncncc1N.O=C(O)c1ccccc1,005_RLN-NB-2443_012_C8,7/7/2023 4:37:04 PM,005_rln-nb-2443_012_c8.raw,2min_150_1200.EXP,005_RLN-NB-2443_012_C8,005_RLN-NB-2443_012_C8,Rxn_Opt_HSST3_2_98,Analog,0,0,0,0,0,1.9323129297222592,0.7415,0,0,0,False,122.03677943156,1.25,deborylation_0,0,0,0,0,0,74.85530315039988,44.419825187093586,1.9323129297222592,195,0.7415,0,0,0,0,0,0,0,0,0,0,0,0,0,0,0,0,0,0,0,0,0,0,0,0,0,0,0,0,0,0,0,0,0,0,0,0.0,0.0,0.0,0.0,0.0,0.0,0.0,0.0,0.0,0.0,0.0,0.0,0.0,0.0,0.0,0.0,0.0,0.0,0.0,0.0,0.0,0.0,0.0
56,C9,CC(C1=CC=CC(C(C)C)=C1C2=C(C(OC(C)(C)C)=CC=C2OC)[P+]([Pd-2]3(C4=C(C5=C(C=CC=C5)[NH+]3C)C=CC=C4)OS(C)(=O)=O)(C6CCCCC6)C7CCCCC7)C,GPhos Pd G4,0.049019074499999975 milligram,0.05325 micromole,0.04901907449999999 microliter,C49H68NO5PPdS,COC1=C(N)C(Cl)=NC=N1,4-chloro-6-methoxypyrimidin-5-amine,0.04244721600000001 milligram,0.266 micromole,0.04244721600000002 microliter,C5H6ClN3O,O=C(O)C1=CC=CC(B2OC(C)(C)C(C)(C)O2)=C1,"3-(tetramethyl-1,3,2-dioxaborolan-2-yl)benzoic acid",0.07938784 milligram,0.32000000000000006 micromole,0.07938784000000002 microliter,C13H17BO4,[Na+].C[Si](C)(C)[O-],NaOTMS,0.22435999999999995 milligram,2.0 micromole,0.22436 microliter,C3H9NaOSi,CN1C=NC2=C1C(=O)N(C(=O)N2C)C,caffeine,0.051654806000000004 milligram,0.266 micromole,0.05165480600000002 microliter,C8H10N4O2,C1COCCO1,dioxane,11.124 milligram,126.25700860327335 micromole,10.8 microliter,C4H8O2,O,water,1.2000000000000002 milligram,66.6111573688593 micromole,1.2000000000000002 microliter,H2O,COc1ncnc(-c2cccc(C(=O)O)c2)c1N,suzuki_product_0,0.0 milligram,0.0 micromole,0 microliter,C12H11N3O3,COc1ncncc1N,dehalogenation_0,0.0 milligram,0.0 micromole,0 microliter,C5H7N3O,O=C(O)c1ccccc1,deborylation_0,0.0 milligram,0.0 micromole,0 microliter,C7H6O2,COC1=C(N)C(Cl)=NC=N1.O=C(O)C1=CC=CC(B2OC(C)(C)C(C)(C)O2)=C1>>COc1ncnc(-c2cccc(C(=O)O)c2)c1N.COc1ncncc1N.O=C(O)c1ccccc1,005_RLN-NB-2443_012_C9,7/7/2023 4:39:32 PM,005_rln-nb-2443_012_c9.raw,2min_150_1200.EXP,005_RLN-NB-2443_012_C9,005_RLN-NB-2443_012_C9,Rxn_Opt_HSST3_2_98,Analog,0,0,0,0,0,1.3953594203653998,0.7415,0,0,0,False,122.03677943156,1.25,deborylation_0,0,0,0,0,0,62.75548711996802,26.722476197901322,1.3953594203653998,194.9,0.7415,0,0,0,0,0,0,0,0,0,0,0,0,0,0,0,0,0,0,0,0,0,0,0,0,0,0,0,0,0,0,0,0,0,0,0,0.0,0.0,0.0,0.0,0.0,0.0,0.0,0.0,0.0,0.0,0.0,0.0,0.0,0.0,0.0,0.0,0.0,0.0,0.0,0.0,0.0,0.0,0.0
57,C10,Cl[Pd]Cl.CC1(C)c2cccc(P(c3ccccc3)c4ccccc4)c2Oc5c(cccc15)P(c6ccccc6)c7ccccc7,PdCl2(XantPhos),0.04025476350000001 milligram,0.05325 micromole,0.04025476350000002 microliter,C39H32Cl2OP2Pd,COC1=C(N)C(Cl)=NC=N1,4-chloro-6-methoxypyrimidin-5-amine,0.04244721600000001 milligram,0.266 micromole,0.04244721600000002 microliter,C5H6ClN3O,O=C(O)C1=CC=CC(B2OC(C)(C)C(C)(C)O2)=C1,"3-(tetramethyl-1,3,2-dioxaborolan-2-yl)benzoic acid",0.07938784 milligram,0.32000000000000006 micromole,0.07938784000000002 microliter,C13H17BO4,[Na+].[Na+].[O-]C([O-])=O,Na2CO3,0.21197599999999997 milligram,2.0 micromole,0.21197600000000003 microliter,CNa2O3,CN1C=NC2=C1C(=O)N(C(=O)N2C)C,caffeine,0.051654806000000004 milligram,0.266 micromole,0.05165480600000002 microliter,C8H10N4O2,C1COCCO1,dioxane,11.124 milligram,126.25700860327335 micromole,10.8 microliter,C4H8O2,O,water,1.2000000000000002 milligram,66.6111573688593 micromole,1.2000000000000002 microliter,H2O,COc1ncnc(-c2cccc(C(=O)O)c2)c1N,suzuki_product_0,0.0 milligram,0.0 micromole,0 microliter,C12H11N3O3,COc1ncncc1N,dehalogenation_0,0.0 milligram,0.0 micromole,0 microliter,C5H7N3O,O=C(O)c1ccccc1,deborylation_0,0.0 milligram,0.0 micromole,0 microliter,C7H6O2,COC1=C(N)C(Cl)=NC=N1.O=C(O)C1=CC=CC(B2OC(C)(C)C(C)(C)O2)=C1>>COc1ncnc(-c2cccc(C(=O)O)c2)c1N.COc1ncncc1N.O=C(O)c1ccccc1,005_RLN-NB-2443_012_C10,7/7/2023 4:41:58 PM,005_rln-nb-2443_012_c10.raw,2min_150_1200.EXP,005_RLN-NB-2443_012_C10,005_RLN-NB-2443_012_C10,Rxn_Opt_HSST3_2_98,Analog,0,0,0,0,0,1.2212209282462616,0.7398,0,0,0,False,122.03677943156,1.25,deborylation_0,0,0,0,0,0,59.2016936224682,9.877635659925852,1.2212209282462616,195,0.7398,0,0,0,0,0,0,0,0,0,0,0,0,0,0,0,0,0,0,0,0,0,0,0,0,0,0,0,0,0,0,0,0,0,0,0,0.0,0.0,0.0,0.0,0.0,0.0,0.0,0.0,0.0,0.0,0.0,0.0,0.0,0.0,0.0,0.0,0.0,0.0,0.0,0.0,0.0,0.0,0.0
58,C11,Cl[Pd]Cl.CC1(C)c2cccc(P(c3ccccc3)c4ccccc4)c2Oc5c(cccc15)P(c6ccccc6)c7ccccc7,PdCl2(XantPhos),0.04025476350000001 milligram,0.05325 micromole,0.04025476350000002 microliter,C39H32Cl2OP2Pd,COC1=C(N)C(Cl)=NC=N1,4-chloro-6-methoxypyrimidin-5-amine,0.04244721600000001 milligram,0.266 micromole,0.04244721600000002 microliter,C5H6ClN3O,O=C(O)C1=CC=CC(B2OC(C)(C)C(C)(C)O2)=C1,"3-(tetramethyl-1,3,2-dioxaborolan-2-yl)benzoic acid",0.07938784 milligram,0.32000000000000006 micromole,0.07938784000000002 microliter,C13H17BO4,[K+].[K+].[K+].[O-]P([O-])([O-])=O,K3PO4,0.42452799999999996 milligram,2.0 micromole,0.42452800000000007 microliter,K3O4P,CN1C=NC2=C1C(=O)N(C(=O)N2C)C,caffeine,0.051654806000000004 milligram,0.266 micromole,0.05165480600000002 microliter,C8H10N4O2,C1COCCO1,dioxane,11.124 milligram,126.25700860327335 micromole,10.8 microliter,C4H8O2,O,water,1.2000000000000002 milligram,66.6111573688593 micromole,1.2000000000000002 microliter,H2O,COc1ncnc(-c2cccc(C(=O)O)c2)c1N,suzuki_product_0,0.0 milligram,0.0 micromole,0 microliter,C12H11N3O3,COc1ncncc1N,dehalogenation_0,0.0 milligram,0.0 micromole,0 microliter,C5H7N3O,O=C(O)c1ccccc1,deborylation_0,0.0 milligram,0.0 micromole,0 microliter,C7H6O2,COC1=C(N)C(Cl)=NC=N1.O=C(O)C1=CC=CC(B2OC(C)(C)C(C)(C)O2)=C1>>COc1ncnc(-c2cccc(C(=O)O)c2)c1N.COc1ncncc1N.O=C(O)c1ccccc1,005_RLN-NB-2443_012_C11,7/7/2023 4:44:26 PM,005_rln-nb-2443_012_c11.raw,2min_150_1200.EXP,005_RLN-NB-2443_012_C11,005_RLN-NB-2443_012_C11,Rxn_Opt_HSST3_2_98,Analog,0.3226679740556178,0,0.3003957837160123,4.683999822470488,0.8015,0.930974896393757,0.7398,0.3003957837160123,0.8015,0,False,122.03677943156,1.25,deborylation_0,12.07882358039903,4.090241203366618,0.3003957837160123,159.8,0.8015,42.57309066889378,12.676316003588223,0.930974896393757,194.9,0.7398,0,0,0,0,0,0,0,0,0,0,12.07882358039903,4.090241203366618,0.3003957837160123,159.8,0.8015,0,0,0,0,0,0,0,0,0,0,0,0,0,0,0,0,0,0,0,0,0.0,0.0,0.0,0.0,0.0,8.582968109879434e-05,32.26679740556178,0.0,0.0,8.582968109879434e-05,32.26679740556178,0.0,0.0,0.0,0.0,0.0,0.0,0.0,0.0,0.0,0.0,0.0,0.0
59,C12,Cl[Pd]Cl.CC1(C)c2cccc(P(c3ccccc3)c4ccccc4)c2Oc5c(cccc15)P(c6ccccc6)c7ccccc7,PdCl2(XantPhos),0.04025476350000001 milligram,0.05325 micromole,0.04025476350000002 microliter,C39H32Cl2OP2Pd,COC1=C(N)C(Cl)=NC=N1,4-chloro-6-methoxypyrimidin-5-amine,0.04244721600000001 milligram,0.266 micromole,0.04244721600000002 microliter,C5H6ClN3O,O=C(O)C1=CC=CC(B2OC(C)(C)C(C)(C)O2)=C1,"3-(tetramethyl-1,3,2-dioxaborolan-2-yl)benzoic acid",0.07938784 milligram,0.32000000000000006 micromole,0.07938784000000002 microliter,C13H17BO4,[Na+].C[Si](C)(C)[O-],NaOTMS,0.22435999999999995 milligram,2.0 micromole,0.22436 microliter,C3H9NaOSi,CN1C=NC2=C1C(=O)N(C(=O)N2C)C,caffeine,0.051654806000000004 milligram,0.266 micromole,0.05165480600000002 microliter,C8H10N4O2,C1COCCO1,dioxane,11.124 milligram,126.25700860327335 micromole,10.8 microliter,C4H8O2,O,water,1.2000000000000002 milligram,66.6111573688593 micromole,1.2000000000000002 microliter,H2O,COc1ncnc(-c2cccc(C(=O)O)c2)c1N,suzuki_product_0,0.0 milligram,0.0 micromole,0 microliter,C12H11N3O3,COc1ncncc1N,dehalogenation_0,0.0 milligram,0.0 micromole,0 microliter,C5H7N3O,O=C(O)c1ccccc1,deborylation_0,0.0 milligram,0.0 micromole,0 microliter,C7H6O2,COC1=C(N)C(Cl)=NC=N1.O=C(O)C1=CC=CC(B2OC(C)(C)C(C)(C)O2)=C1>>COc1ncnc(-c2cccc(C(=O)O)c2)c1N.COc1ncncc1N.O=C(O)c1ccccc1,005_RLN-NB-2443_012_C12,7/7/2023 4:46:53 PM,005_rln-nb-2443_012_c12.raw,2min_150_1200.EXP,005_RLN-NB-2443_012_C12,005_RLN-NB-2443_012_C12,Rxn_Opt_HSST3_2_98,Analog,0,0,0,0,0,1.3563715137670669,0.7415,0,0,0,False,122.03677943156,1.25,deborylation_0,0,0,0,0,0,62.987359798406594,13.011262291915143,1.3563715137670669,194.9,0.7415,0,0,0,0,0,0,0,0,0,0,0,0,0,0,0,0,0,0,0,0,0,0,0,0,0,0,0,0,0,0,0,0,0,0,0,0.0,0.0,0.0,0.0,0.0,0.0,0.0,0.0,0.0,0.0,0.0,0.0,0.0,0.0,0.0,0.0,0.0,0.0,0.0,0.0,0.0,0.0,0.0
60,C13,CC(C)C1=CC(C(C)C)=CC(C(C)C)=C1C2=C([P+](C3CCCCC3)([Pd-2]4(OS(C)(=O)=O)C(C=CC=C5)=C5C6=C([NH+]4C)C=CC=C6)C7CCCCC7)C=CC=C2,XPhos Pd G4,0.04582130549999999 milligram,0.05325 micromole,0.0458213055 microliter,C47H64NO3PPdS,CC1=C(C(=NN1C(C)C)N)Br,4-BROMO-1-ISOPROPYL-5-METHYL-1H-PYRAZOL-3-AMINE,0.058014068 milligram,0.266 micromole,0.058014068000000016 microliter,C7H12BrN3,O=C(O)C1=CC=CC(B2OC(C)(C)C(C)(C)O2)=C1,"3-(tetramethyl-1,3,2-dioxaborolan-2-yl)benzoic acid",0.07938784 milligram,0.32000000000000006 micromole,0.07938784000000002 microliter,C13H17BO4,[Na+].[Na+].[O-]C([O-])=O,Na2CO3,0.21197599999999997 milligram,2.0 micromole,0.21197600000000003 microliter,CNa2O3,CN1C=NC2=C1C(=O)N(C(=O)N2C)C,caffeine,0.051654806000000004 milligram,0.266 micromole,0.05165480600000002 microliter,C8H10N4O2,C1COCCO1,dioxane,11.124 milligram,126.25700860327335 micromole,10.8 microliter,C4H8O2,O,water,1.2000000000000002 milligram,66.6111573688593 micromole,1.2000000000000002 microliter,H2O,Cc1c(-c2cccc(C(=O)O)c2)c(N)nn1C(C)C,suzuki_product_0,0.0 milligram,0.0 micromole,0 microliter,C14H17N3O2,Cc1cc(N)nn1C(C)C,dehalogenation_0,0.0 milligram,0.0 micromole,0 microliter,C7H13N3,O=C(O)c1ccccc1,deborylation_0,0.0 milligram,0.0 micromole,0 microliter,C7H6O2,CC1=C(C(=NN1C(C)C)N)Br.O=C(O)C1=CC=CC(B2OC(C)(C)C(C)(C)O2)=C1>>Cc1c(-c2cccc(C(=O)O)c2)c(N)nn1C(C)C.Cc1cc(N)nn1C(C)C.O=C(O)c1ccccc1,005_RLN-NB-2443_012_C13,7/7/2023 4:49:20 PM,005_rln-nb-2443_012_c13.raw,2min_150_1200.EXP,005_RLN-NB-2443_012_C13,005_RLN-NB-2443_012_C13,Rxn_Opt_HSST3_2_98,Analog,0.10802989529161176,0,0.14758999233364098,3.3521808454436592,0.8848,1.3661958288050007,0.7398,0,0,0,False,122.03677943156,1.25,deborylation_0,0,0,0,0,0,64.21896549691664,23.681670772805806,1.3661958288050007,194.9,0.7398,0,0,0,0,0,0,0,0,0,0,7.572388937018575,2.558328413916634,0.14758999233364098,259.9,0.8848,0,0,0,0,0,0,0,0,0,0,0,0,0,0,0,0,0,0,0,0,0.0,0.0,0.0,0.0,0.0,0.0,0.0,0.0,0.0,2.873595214756873e-05,10.802989529161175,0.0,0.0,0.0,0.0,0.0,0.0,0.0,0.0,0.0,0.0,0.0,0.0
61,C14,CC(C)C1=CC(C(C)C)=CC(C(C)C)=C1C2=C([P+](C3CCCCC3)([Pd-2]4(OS(C)(=O)=O)C(C=CC=C5)=C5C6=C([NH+]4C)C=CC=C6)C7CCCCC7)C=CC=C2,XPhos Pd G4,0.04582130549999999 milligram,0.05325 micromole,0.0458213055 microliter,C47H64NO3PPdS,CC1=C(C(=NN1C(C)C)N)Br,4-BROMO-1-ISOPROPYL-5-METHYL-1H-PYRAZOL-3-AMINE,0.058014068 milligram,0.266 micromole,0.058014068000000016 microliter,C7H12BrN3,O=C(O)C1=CC=CC(B2OC(C)(C)C(C)(C)O2)=C1,"3-(tetramethyl-1,3,2-dioxaborolan-2-yl)benzoic acid",0.07938784 milligram,0.32000000000000006 micromole,0.07938784000000002 microliter,C13H17BO4,[K+].[K+].[K+].[O-]P([O-])([O-])=O,K3PO4,0.42452799999999996 milligram,2.0 micromole,0.42452800000000007 microliter,K3O4P,CN1C=NC2=C1C(=O)N(C(=O)N2C)C,caffeine,0.051654806000000004 milligram,0.266 micromole,0.05165480600000002 microliter,C8H10N4O2,C1COCCO1,dioxane,11.124 milligram,126.25700860327335 micromole,10.8 microliter,C4H8O2,O,water,1.2000000000000002 milligram,66.6111573688593 micromole,1.2000000000000002 microliter,H2O,Cc1c(-c2cccc(C(=O)O)c2)c(N)nn1C(C)C,suzuki_product_0,0.0 milligram,0.0 micromole,0 microliter,C14H17N3O2,Cc1cc(N)nn1C(C)C,dehalogenation_0,0.0 milligram,0.0 micromole,0 microliter,C7H13N3,O=C(O)c1ccccc1,deborylation_0,0.0 milligram,0.0 micromole,0 microliter,C7H6O2,CC1=C(C(=NN1C(C)C)N)Br.O=C(O)C1=CC=CC(B2OC(C)(C)C(C)(C)O2)=C1>>Cc1c(-c2cccc(C(=O)O)c2)c(N)nn1C(C)C.Cc1cc(N)nn1C(C)C.O=C(O)c1ccccc1,005_RLN-NB-2443_012_C14,7/7/2023 4:51:47 PM,005_rln-nb-2443_012_c14.raw,2min_150_1200.EXP,005_RLN-NB-2443_012_C14,005_RLN-NB-2443_012_C14,Rxn_Opt_HSST3_2_98,Analog,0.22049310505895467,0,0.28080007887429753,7.705965704693836,0.8865,1.2735095675632042,0.7398,0,0,0,False,122.03677943156,1.25,deborylation_0,0,0,0,0,0,61.275345626569646,25.897812711116547,1.2735095675632042,195,0.7398,0,0,0,0,0,0,0,0,0,0,12.741264772614445,5.710289138909353,0.28080007887429753,259.9,0.8865,0,0,0,0,0,0,0,0,0,0,0,0,0,0,0,0,0,0,0,0,0.0,0.0,0.0,0.0,0.0,0.0,0.0,0.0,0.0,5.8651165945681944e-05,22.049310505895466,0.0,0.0,0.0,0.0,0.0,0.0,0.0,0.0,0.0,0.0,0.0,0.0
62,C15,CC(C)C1=CC(C(C)C)=CC(C(C)C)=C1C2=C([P+](C3CCCCC3)([Pd-2]4(OS(C)(=O)=O)C(C=CC=C5)=C5C6=C([NH+]4C)C=CC=C6)C7CCCCC7)C=CC=C2,XPhos Pd G4,0.04582130549999999 milligram,0.05325 micromole,0.0458213055 microliter,C47H64NO3PPdS,CC1=C(C(=NN1C(C)C)N)Br,4-BROMO-1-ISOPROPYL-5-METHYL-1H-PYRAZOL-3-AMINE,0.058014068 milligram,0.266 micromole,0.058014068000000016 microliter,C7H12BrN3,O=C(O)C1=CC=CC(B2OC(C)(C)C(C)(C)O2)=C1,"3-(tetramethyl-1,3,2-dioxaborolan-2-yl)benzoic acid",0.07938784 milligram,0.32000000000000006 micromole,0.07938784000000002 microliter,C13H17BO4,[Na+].C[Si](C)(C)[O-],NaOTMS,0.22435999999999995 milligram,2.0 micromole,0.22436 microliter,C3H9NaOSi,CN1C=NC2=C1C(=O)N(C(=O)N2C)C,caffeine,0.051654806000000004 milligram,0.266 micromole,0.05165480600000002 microliter,C8H10N4O2,C1COCCO1,dioxane,11.124 milligram,126.25700860327335 micromole,10.8 microliter,C4H8O2,O,water,1.2000000000000002 milligram,66.6111573688593 micromole,1.2000000000000002 microliter,H2O,Cc1c(-c2cccc(C(=O)O)c2)c(N)nn1C(C)C,suzuki_product_0,0.0 milligram,0.0 micromole,0 microliter,C14H17N3O2,Cc1cc(N)nn1C(C)C,dehalogenation_0,0.0 milligram,0.0 micromole,0 microliter,C7H13N3,O=C(O)c1ccccc1,deborylation_0,0.0 milligram,0.0 micromole,0 microliter,C7H6O2,CC1=C(C(=NN1C(C)C)N)Br.O=C(O)C1=CC=CC(B2OC(C)(C)C(C)(C)O2)=C1>>Cc1c(-c2cccc(C(=O)O)c2)c(N)nn1C(C)C.Cc1cc(N)nn1C(C)C.O=C(O)c1ccccc1,005_RLN-NB-2443_012_C15,7/7/2023 4:54:15 PM,005_rln-nb-2443_012_c15.raw,2min_150_1200.EXP,005_RLN-NB-2443_012_C15,005_RLN-NB-2443_012_C15,Rxn_Opt_HSST3_2_98,Analog,0,0,0,0,0,1.1901464144372063,0.7398,0,0,0,False,122.03677943156,1.25,deborylation_0,0,0,0,0,0,56.31764122569373,18.15956569477789,1.1901464144372063,194.9,0.7398,0,0,0,0,0,0,0,0,0,0,0,0,0,0,0,0,0,0,0,0,0,0,0,0,0,0,0,0,0,0,0,0,0,0,0,0.0,0.0,0.0,0.0,0.0,0.0,0.0,0.0,0.0,0.0,0.0,0.0,0.0,0.0,0.0,0.0,0.0,0.0,0.0,0.0,0.0,0.0,0.0
63,C16,CC(C)(C)[P+]([Pd-2]1(C2=C(C3=C(C=CC=C3)[NH+]1C)C=CC=C2)OS(C)(=O)=O)(C(C)(C)C)C(C)(C)C,PtBu3 Pd G4,0.03120913275 milligram,0.05325 micromole,0.031209132750000007 microliter,C26H42NO3PPdS,CC1=C(C(=NN1C(C)C)N)Br,4-BROMO-1-ISOPROPYL-5-METHYL-1H-PYRAZOL-3-AMINE,0.058014068 milligram,0.266 micromole,0.058014068000000016 microliter,C7H12BrN3,O=C(O)C1=CC=CC(B2OC(C)(C)C(C)(C)O2)=C1,"3-(tetramethyl-1,3,2-dioxaborolan-2-yl)benzoic acid",0.07938784 milligram,0.32000000000000006 micromole,0.07938784000000002 microliter,C13H17BO4,[Na+].[Na+].[O-]C([O-])=O,Na2CO3,0.21197599999999997 milligram,2.0 micromole,0.21197600000000003 microliter,CNa2O3,CN1C=NC2=C1C(=O)N(C(=O)N2C)C,caffeine,0.051654806000000004 milligram,0.266 micromole,0.05165480600000002 microliter,C8H10N4O2,C1COCCO1,dioxane,11.124 milligram,126.25700860327335 micromole,10.8 microliter,C4H8O2,O,water,1.2000000000000002 milligram,66.6111573688593 micromole,1.2000000000000002 microliter,H2O,Cc1c(-c2cccc(C(=O)O)c2)c(N)nn1C(C)C,suzuki_product_0,0.0 milligram,0.0 micromole,0 microliter,C14H17N3O2,Cc1cc(N)nn1C(C)C,dehalogenation_0,0.0 milligram,0.0 micromole,0 microliter,C7H13N3,O=C(O)c1ccccc1,deborylation_0,0.0 milligram,0.0 micromole,0 microliter,C7H6O2,CC1=C(C(=NN1C(C)C)N)Br.O=C(O)C1=CC=CC(B2OC(C)(C)C(C)(C)O2)=C1>>Cc1c(-c2cccc(C(=O)O)c2)c(N)nn1C(C)C.Cc1cc(N)nn1C(C)C.O=C(O)c1ccccc1,005_RLN-NB-2443_012_C16,7/7/2023 4:56:42 PM,005_rln-nb-2443_012_c16.raw,2min_150_1200.EXP,005_RLN-NB-2443_012_C16,005_RLN-NB-2443_012_C16,Rxn_Opt_HSST3_2_98,Analog,0.10739147615236204,0,0.15955008830482292,4.539123787218513,0.8848,1.4856867045803586,0.7415,0,0,0,False,122.03677943156,1.25,deborylation_0,0,0,0,0,0,65.81439607731467,29.70966850666904,1.4856867045803586,194.9,0.7415,0,0,0,0,0,0,0,0,0,0,7.4150745139246625,3.19056515692853,0.15955008830482292,259.9,0.8848,0,0,0,0,0,0,0,0,0,0,0,0,0,0,0,0,0,0,0,0,0.0,0.0,0.0,0.0,0.0,0.0,0.0,0.0,0.0,2.8566132656528304e-05,10.739147615236204,0.0,0.0,0.0,0.0,0.0,0.0,0.0,0.0,0.0,0.0,0.0,0.0
64,C17,CC(C)(C)[P+]([Pd-2]1(C2=C(C3=C(C=CC=C3)[NH+]1C)C=CC=C2)OS(C)(=O)=O)(C(C)(C)C)C(C)(C)C,PtBu3 Pd G4,0.03120913275 milligram,0.05325 micromole,0.031209132750000007 microliter,C26H42NO3PPdS,CC1=C(C(=NN1C(C)C)N)Br,4-BROMO-1-ISOPROPYL-5-METHYL-1H-PYRAZOL-3-AMINE,0.058014068 milligram,0.266 micromole,0.058014068000000016 microliter,C7H12BrN3,O=C(O)C1=CC=CC(B2OC(C)(C)C(C)(C)O2)=C1,"3-(tetramethyl-1,3,2-dioxaborolan-2-yl)benzoic acid",0.07938784 milligram,0.32000000000000006 micromole,0.07938784000000002 microliter,C13H17BO4,[K+].[K+].[K+].[O-]P([O-])([O-])=O,K3PO4,0.42452799999999996 milligram,2.0 micromole,0.42452800000000007 microliter,K3O4P,CN1C=NC2=C1C(=O)N(C(=O)N2C)C,caffeine,0.051654806000000004 milligram,0.266 micromole,0.05165480600000002 microliter,C8H10N4O2,C1COCCO1,dioxane,11.124 milligram,126.25700860327335 micromole,10.8 microliter,C4H8O2,O,water,1.2000000000000002 milligram,66.6111573688593 micromole,1.2000000000000002 microliter,H2O,Cc1c(-c2cccc(C(=O)O)c2)c(N)nn1C(C)C,suzuki_product_0,0.0 milligram,0.0 micromole,0 microliter,C14H17N3O2,Cc1cc(N)nn1C(C)C,dehalogenation_0,0.0 milligram,0.0 micromole,0 microliter,C7H13N3,O=C(O)c1ccccc1,deborylation_0,0.0 milligram,0.0 micromole,0 microliter,C7H6O2,CC1=C(C(=NN1C(C)C)N)Br.O=C(O)C1=CC=CC(B2OC(C)(C)C(C)(C)O2)=C1>>Cc1c(-c2cccc(C(=O)O)c2)c(N)nn1C(C)C.Cc1cc(N)nn1C(C)C.O=C(O)c1ccccc1,005_RLN-NB-2443_012_C17,7/7/2023 4:59:10 PM,005_rln-nb-2443_012_c17.raw,2min_150_1200.EXP,005_RLN-NB-2443_012_C17,005_RLN-NB-2443_012_C17,Rxn_Opt_HSST3_2_98,Analog,1.3794339235951096,0,1.6553459169733384,30.51256919047044,0.8881,1.2000182746406158,0.7431,0,0,0,False,122.03677943156,1.25,deborylation_0,0,0,0,0,0,55.420787030786556,18.11308362715158,1.2000182746406158,195,0.7431,0,0,0,0,0,0,0,0,0,0,71.39352750817662,24.98580201620804,1.6553459169733384,260,0.8881,0,0,0,0,0,0,0,0,0,0,0,0,0,0,0,0,0,0,0,0,0.0,0.0,0.0,0.0,0.0,0.0,0.0,0.0,0.0,0.00036692942367629917,137.94339235951097,0.0,0.0,0.0,0.0,0.0,0.0,0.0,0.0,0.0,0.0,0.0,0.0
65,C18,CC(C)(C)[P+]([Pd-2]1(C2=C(C3=C(C=CC=C3)[NH+]1C)C=CC=C2)OS(C)(=O)=O)(C(C)(C)C)C(C)(C)C,PtBu3 Pd G4,0.03120913275 milligram,0.05325 micromole,0.031209132750000007 microliter,C26H42NO3PPdS,CC1=C(C(=NN1C(C)C)N)Br,4-BROMO-1-ISOPROPYL-5-METHYL-1H-PYRAZOL-3-AMINE,0.058014068 milligram,0.266 micromole,0.058014068000000016 microliter,C7H12BrN3,O=C(O)C1=CC=CC(B2OC(C)(C)C(C)(C)O2)=C1,"3-(tetramethyl-1,3,2-dioxaborolan-2-yl)benzoic acid",0.07938784 milligram,0.32000000000000006 micromole,0.07938784000000002 microliter,C13H17BO4,[Na+].C[Si](C)(C)[O-],NaOTMS,0.22435999999999995 milligram,2.0 micromole,0.22436 microliter,C3H9NaOSi,CN1C=NC2=C1C(=O)N(C(=O)N2C)C,caffeine,0.051654806000000004 milligram,0.266 micromole,0.05165480600000002 microliter,C8H10N4O2,C1COCCO1,dioxane,11.124 milligram,126.25700860327335 micromole,10.8 microliter,C4H8O2,O,water,1.2000000000000002 milligram,66.6111573688593 micromole,1.2000000000000002 microliter,H2O,Cc1c(-c2cccc(C(=O)O)c2)c(N)nn1C(C)C,suzuki_product_0,0.0 milligram,0.0 micromole,0 microliter,C14H17N3O2,Cc1cc(N)nn1C(C)C,dehalogenation_0,0.0 milligram,0.0 micromole,0 microliter,C7H13N3,O=C(O)c1ccccc1,deborylation_0,0.0 milligram,0.0 micromole,0 microliter,C7H6O2,CC1=C(C(=NN1C(C)C)N)Br.O=C(O)C1=CC=CC(B2OC(C)(C)C(C)(C)O2)=C1>>Cc1c(-c2cccc(C(=O)O)c2)c(N)nn1C(C)C.Cc1cc(N)nn1C(C)C.O=C(O)c1ccccc1,005_RLN-NB-2443_012_C18,7/7/2023 5:01:37 PM,005_rln-nb-2443_012_c18.raw,2min_150_1200.EXP,005_RLN-NB-2443_012_C18,005_RLN-NB-2443_012_C18,Rxn_Opt_HSST3_2_98,Analog,1.108533736249539,0,1.2772562938304375,16.713129123036378,0.8865,1.152203358421667,0.7398,0,0,0,False,122.03677943156,1.25,deborylation_0,0,0,0,0,0,55.86496029805439,13.101502951800315,1.152203358421667,195,0.7398,0,0,0,0,0,0,0,0,0,0,54.76292340021968,14.523458017643568,1.2772562938304375,260,0.8865,0,0,0,0,0,0,0,0,0,0,0,0,0,0,0,0,0,0,0,0,0.0,0.0,0.0,0.0,0.0,0.0,0.0,0.0,0.0,0.0002948699738423774,110.85337362495392,0.0,0.0,0.0,0.0,0.0,0.0,0.0,0.0,0.0,0.0,0.0,0.0
66,C19,CC(C1=CC=CC(C(C)C)=C1C2=C(C(OC(C)(C)C)=CC=C2OC)[P+]([Pd-2]3(C4=C(C5=C(C=CC=C5)[NH+]3C)C=CC=C4)OS(C)(=O)=O)(C6CCCCC6)C7CCCCC7)C,GPhos Pd G4,0.049019074499999975 milligram,0.05325 micromole,0.04901907449999999 microliter,C49H68NO5PPdS,CC1=C(C(=NN1C(C)C)N)Br,4-BROMO-1-ISOPROPYL-5-METHYL-1H-PYRAZOL-3-AMINE,0.058014068 milligram,0.266 micromole,0.058014068000000016 microliter,C7H12BrN3,O=C(O)C1=CC=CC(B2OC(C)(C)C(C)(C)O2)=C1,"3-(tetramethyl-1,3,2-dioxaborolan-2-yl)benzoic acid",0.07938784 milligram,0.32000000000000006 micromole,0.07938784000000002 microliter,C13H17BO4,[Na+].[Na+].[O-]C([O-])=O,Na2CO3,0.21197599999999997 milligram,2.0 micromole,0.21197600000000003 microliter,CNa2O3,CN1C=NC2=C1C(=O)N(C(=O)N2C)C,caffeine,0.051654806000000004 milligram,0.266 micromole,0.05165480600000002 microliter,C8H10N4O2,C1COCCO1,dioxane,11.124 milligram,126.25700860327335 micromole,10.8 microliter,C4H8O2,O,water,1.2000000000000002 milligram,66.6111573688593 micromole,1.2000000000000002 microliter,H2O,Cc1c(-c2cccc(C(=O)O)c2)c(N)nn1C(C)C,suzuki_product_0,0.0 milligram,0.0 micromole,0 microliter,C14H17N3O2,Cc1cc(N)nn1C(C)C,dehalogenation_0,0.0 milligram,0.0 micromole,0 microliter,C7H13N3,O=C(O)c1ccccc1,deborylation_0,0.0 milligram,0.0 micromole,0 microliter,C7H6O2,CC1=C(C(=NN1C(C)C)N)Br.O=C(O)C1=CC=CC(B2OC(C)(C)C(C)(C)O2)=C1>>Cc1c(-c2cccc(C(=O)O)c2)c(N)nn1C(C)C.Cc1cc(N)nn1C(C)C.O=C(O)c1ccccc1,005_RLN-NB-2443_012_C19,7/7/2023 5:04:05 PM,005_rln-nb-2443_012_c19.raw,2min_150_1200.EXP,005_RLN-NB-2443_012_C19,005_RLN-NB-2443_012_C19,Rxn_Opt_HSST3_2_98,Analog,0,0,0,0,0,1.2865580376694337,0.7415,0,0,0,False,122.03677943156,1.25,deborylation_0,0,0,0,0,0,59.90296922755576,27.237310454419234,1.2865580376694337,194.9,0.7415,0,0,0,0,0,0,0,0,0,0,0,0,0,0,0,0,0,0,0,0,0,0,0,0,0,0,0,0,0,0,0,0,0,0,0,0.0,0.0,0.0,0.0,0.0,0.0,0.0,0.0,0.0,0.0,0.0,0.0,0.0,0.0,0.0,0.0,0.0,0.0,0.0,0.0,0.0,0.0,0.0
67,C20,CC(C1=CC=CC(C(C)C)=C1C2=C(C(OC(C)(C)C)=CC=C2OC)[P+]([Pd-2]3(C4=C(C5=C(C=CC=C5)[NH+]3C)C=CC=C4)OS(C)(=O)=O)(C6CCCCC6)C7CCCCC7)C,GPhos Pd G4,0.049019074499999975 milligram,0.05325 micromole,0.04901907449999999 microliter,C49H68NO5PPdS,CC1=C(C(=NN1C(C)C)N)Br,4-BROMO-1-ISOPROPYL-5-METHYL-1H-PYRAZOL-3-AMINE,0.058014068 milligram,0.266 micromole,0.058014068000000016 microliter,C7H12BrN3,O=C(O)C1=CC=CC(B2OC(C)(C)C(C)(C)O2)=C1,"3-(tetramethyl-1,3,2-dioxaborolan-2-yl)benzoic acid",0.07938784 milligram,0.32000000000000006 micromole,0.07938784000000002 microliter,C13H17BO4,[K+].[K+].[K+].[O-]P([O-])([O-])=O,K3PO4,0.42452799999999996 milligram,2.0 micromole,0.42452800000000007 microliter,K3O4P,CN1C=NC2=C1C(=O)N(C(=O)N2C)C,caffeine,0.051654806000000004 milligram,0.266 micromole,0.05165480600000002 microliter,C8H10N4O2,C1COCCO1,dioxane,11.124 milligram,126.25700860327335 micromole,10.8 microliter,C4H8O2,O,water,1.2000000000000002 milligram,66.6111573688593 micromole,1.2000000000000002 microliter,H2O,Cc1c(-c2cccc(C(=O)O)c2)c(N)nn1C(C)C,suzuki_product_0,0.0 milligram,0.0 micromole,0 microliter,C14H17N3O2,Cc1cc(N)nn1C(C)C,dehalogenation_0,0.0 milligram,0.0 micromole,0 microliter,C7H13N3,O=C(O)c1ccccc1,deborylation_0,0.0 milligram,0.0 micromole,0 microliter,C7H6O2,CC1=C(C(=NN1C(C)C)N)Br.O=C(O)C1=CC=CC(B2OC(C)(C)C(C)(C)O2)=C1>>Cc1c(-c2cccc(C(=O)O)c2)c(N)nn1C(C)C.Cc1cc(N)nn1C(C)C.O=C(O)c1ccccc1,005_RLN-NB-2443_012_C20,7/7/2023 5:06:32 PM,005_rln-nb-2443_012_c20.raw,2min_150_1200.EXP,005_RLN-NB-2443_012_C20,005_RLN-NB-2443_012_C20,Rxn_Opt_HSST3_2_98,Analog,0,0,0,0,0,1.6272655851046423,0.7415,0,0,0,False,122.03677943156,1.25,deborylation_0,0,0,0,0,0,68.81980920838927,44.75191277159348,1.6272655851046423,194.9,0.7415,0,0,0,0,0,0,0,0,0,0,0,0,0,0,0,0,0,0,0,0,0,0,0,0,0,0,0,0,0,0,0,0,0,0,0,0.0,0.0,0.0,0.0,0.0,0.0,0.0,0.0,0.0,0.0,0.0,0.0,0.0,0.0,0.0,0.0,0.0,0.0,0.0,0.0,0.0,0.0,0.0
68,C21,CC(C1=CC=CC(C(C)C)=C1C2=C(C(OC(C)(C)C)=CC=C2OC)[P+]([Pd-2]3(C4=C(C5=C(C=CC=C5)[NH+]3C)C=CC=C4)OS(C)(=O)=O)(C6CCCCC6)C7CCCCC7)C,GPhos Pd G4,0.049019074499999975 milligram,0.05325 micromole,0.04901907449999999 microliter,C49H68NO5PPdS,CC1=C(C(=NN1C(C)C)N)Br,4-BROMO-1-ISOPROPYL-5-METHYL-1H-PYRAZOL-3-AMINE,0.058014068 milligram,0.266 micromole,0.058014068000000016 microliter,C7H12BrN3,O=C(O)C1=CC=CC(B2OC(C)(C)C(C)(C)O2)=C1,"3-(tetramethyl-1,3,2-dioxaborolan-2-yl)benzoic acid",0.07938784 milligram,0.32000000000000006 micromole,0.07938784000000002 microliter,C13H17BO4,[Na+].C[Si](C)(C)[O-],NaOTMS,0.22435999999999995 milligram,2.0 micromole,0.22436 microliter,C3H9NaOSi,CN1C=NC2=C1C(=O)N(C(=O)N2C)C,caffeine,0.051654806000000004 milligram,0.266 micromole,0.05165480600000002 microliter,C8H10N4O2,C1COCCO1,dioxane,11.124 milligram,126.25700860327335 micromole,10.8 microliter,C4H8O2,O,water,1.2000000000000002 milligram,66.6111573688593 micromole,1.2000000000000002 microliter,H2O,Cc1c(-c2cccc(C(=O)O)c2)c(N)nn1C(C)C,suzuki_product_0,0.0 milligram,0.0 micromole,0 microliter,C14H17N3O2,Cc1cc(N)nn1C(C)C,dehalogenation_0,0.0 milligram,0.0 micromole,0 microliter,C7H13N3,O=C(O)c1ccccc1,deborylation_0,0.0 milligram,0.0 micromole,0 microliter,C7H6O2,CC1=C(C(=NN1C(C)C)N)Br.O=C(O)C1=CC=CC(B2OC(C)(C)C(C)(C)O2)=C1>>Cc1c(-c2cccc(C(=O)O)c2)c(N)nn1C(C)C.Cc1cc(N)nn1C(C)C.O=C(O)c1ccccc1,005_RLN-NB-2443_012_C21,7/7/2023 5:08:58 PM,005_rln-nb-2443_012_c21.raw,2min_150_1200.EXP,005_RLN-NB-2443_012_C21,005_RLN-NB-2443_012_C21,Rxn_Opt_HSST3_2_98,Analog,0,0,0,0,0,1.2916938600640993,0.7415,0,0,0,False,122.03677943156,1.25,deborylation_0,0,0,0,0,0,62.59578264631407,18.834533101934,1.2916938600640993,194.9,0.7415,0,0,0,0,0,0,0,0,0,0,0,0,0,0,0,0,0,0,0,0,0,0,0,0,0,0,0,0,0,0,0,0,0,0,0,0.0,0.0,0.0,0.0,0.0,0.0,0.0,0.0,0.0,0.0,0.0,0.0,0.0,0.0,0.0,0.0,0.0,0.0,0.0,0.0,0.0,0.0,0.0
69,C22,Cl[Pd]Cl.CC1(C)c2cccc(P(c3ccccc3)c4ccccc4)c2Oc5c(cccc15)P(c6ccccc6)c7ccccc7,PdCl2(XantPhos),0.04025476350000001 milligram,0.05325 micromole,0.04025476350000002 microliter,C39H32Cl2OP2Pd,CC1=C(C(=NN1C(C)C)N)Br,4-BROMO-1-ISOPROPYL-5-METHYL-1H-PYRAZOL-3-AMINE,0.058014068 milligram,0.266 micromole,0.058014068000000016 microliter,C7H12BrN3,O=C(O)C1=CC=CC(B2OC(C)(C)C(C)(C)O2)=C1,"3-(tetramethyl-1,3,2-dioxaborolan-2-yl)benzoic acid",0.07938784 milligram,0.32000000000000006 micromole,0.07938784000000002 microliter,C13H17BO4,[Na+].[Na+].[O-]C([O-])=O,Na2CO3,0.21197599999999997 milligram,2.0 micromole,0.21197600000000003 microliter,CNa2O3,CN1C=NC2=C1C(=O)N(C(=O)N2C)C,caffeine,0.051654806000000004 milligram,0.266 micromole,0.05165480600000002 microliter,C8H10N4O2,C1COCCO1,dioxane,11.124 milligram,126.25700860327335 micromole,10.8 microliter,C4H8O2,O,water,1.2000000000000002 milligram,66.6111573688593 micromole,1.2000000000000002 microliter,H2O,Cc1c(-c2cccc(C(=O)O)c2)c(N)nn1C(C)C,suzuki_product_0,0.0 milligram,0.0 micromole,0 microliter,C14H17N3O2,Cc1cc(N)nn1C(C)C,dehalogenation_0,0.0 milligram,0.0 micromole,0 microliter,C7H13N3,O=C(O)c1ccccc1,deborylation_0,0.0 milligram,0.0 micromole,0 microliter,C7H6O2,CC1=C(C(=NN1C(C)C)N)Br.O=C(O)C1=CC=CC(B2OC(C)(C)C(C)(C)O2)=C1>>Cc1c(-c2cccc(C(=O)O)c2)c(N)nn1C(C)C.Cc1cc(N)nn1C(C)C.O=C(O)c1ccccc1,005_RLN-NB-2443_012_C22,7/7/2023 5:11:26 PM,005_rln-nb-2443_012_c22.raw,2min_150_1200.EXP,005_RLN-NB-2443_012_C22,005_RLN-NB-2443_012_C22,Rxn_Opt_HSST3_2_98,Analog,0,0,0,0,0,1.2289311483228895,0.7398,0,0,0,False,122.03677943156,1.25,deborylation_0,0,0,0,0,0,58.340115293382354,15.265611408355978,1.2289311483228895,195.1,0.7398,0,0,0,0,0,0,0,0,0,0,0,0,0,0,0,0,0,0,0,0,0,0,0,0,0,0,0,0,0,0,0,0,0,0,0,0.0,0.0,0.0,0.0,0.0,0.0,0.0,0.0,0.0,0.0,0.0,0.0,0.0,0.0,0.0,0.0,0.0,0.0,0.0,0.0,0.0,0.0,0.0
70,C23,Cl[Pd]Cl.CC1(C)c2cccc(P(c3ccccc3)c4ccccc4)c2Oc5c(cccc15)P(c6ccccc6)c7ccccc7,PdCl2(XantPhos),0.04025476350000001 milligram,0.05325 micromole,0.04025476350000002 microliter,C39H32Cl2OP2Pd,CC1=C(C(=NN1C(C)C)N)Br,4-BROMO-1-ISOPROPYL-5-METHYL-1H-PYRAZOL-3-AMINE,0.058014068 milligram,0.266 micromole,0.058014068000000016 microliter,C7H12BrN3,O=C(O)C1=CC=CC(B2OC(C)(C)C(C)(C)O2)=C1,"3-(tetramethyl-1,3,2-dioxaborolan-2-yl)benzoic acid",0.07938784 milligram,0.32000000000000006 micromole,0.07938784000000002 microliter,C13H17BO4,[K+].[K+].[K+].[O-]P([O-])([O-])=O,K3PO4,0.42452799999999996 milligram,2.0 micromole,0.42452800000000007 microliter,K3O4P,CN1C=NC2=C1C(=O)N(C(=O)N2C)C,caffeine,0.051654806000000004 milligram,0.266 micromole,0.05165480600000002 microliter,C8H10N4O2,C1COCCO1,dioxane,11.124 milligram,126.25700860327335 micromole,10.8 microliter,C4H8O2,O,water,1.2000000000000002 milligram,66.6111573688593 micromole,1.2000000000000002 microliter,H2O,Cc1c(-c2cccc(C(=O)O)c2)c(N)nn1C(C)C,suzuki_product_0,0.0 milligram,0.0 micromole,0 microliter,C14H17N3O2,Cc1cc(N)nn1C(C)C,dehalogenation_0,0.0 milligram,0.0 micromole,0 microliter,C7H13N3,O=C(O)c1ccccc1,deborylation_0,0.0 milligram,0.0 micromole,0 microliter,C7H6O2,CC1=C(C(=NN1C(C)C)N)Br.O=C(O)C1=CC=CC(B2OC(C)(C)C(C)(C)O2)=C1>>Cc1c(-c2cccc(C(=O)O)c2)c(N)nn1C(C)C.Cc1cc(N)nn1C(C)C.O=C(O)c1ccccc1,005_RLN-NB-2443_012_C23,7/7/2023 5:13:54 PM,005_rln-nb-2443_012_c23.raw,2min_150_1200.EXP,005_RLN-NB-2443_012_C23,005_RLN-NB-2443_012_C23,Rxn_Opt_HSST3_2_98,Analog,0,0,0,0,0,1.2610420475698096,0.7398,0,0,0,False,122.03677943156,1.25,deborylation_0,0,0,0,0,0,53.33238171605149,25.91498290614471,1.2610420475698096,195,0.7398,0,0,0,0,0,0,0,0,0,0,0,0,0,0,0,0,0,0,0,0,0,0,0,0,0,0,0,0,0,0,0,0,0,0,0,0.0,0.0,0.0,0.0,0.0,0.0,0.0,0.0,0.0,0.0,0.0,0.0,0.0,0.0,0.0,0.0,0.0,0.0,0.0,0.0,0.0,0.0,0.0
71,C24,Cl[Pd]Cl.CC1(C)c2cccc(P(c3ccccc3)c4ccccc4)c2Oc5c(cccc15)P(c6ccccc6)c7ccccc7,PdCl2(XantPhos),0.04025476350000001 milligram,0.05325 micromole,0.04025476350000002 microliter,C39H32Cl2OP2Pd,CC1=C(C(=NN1C(C)C)N)Br,4-BROMO-1-ISOPROPYL-5-METHYL-1H-PYRAZOL-3-AMINE,0.058014068 milligram,0.266 micromole,0.058014068000000016 microliter,C7H12BrN3,O=C(O)C1=CC=CC(B2OC(C)(C)C(C)(C)O2)=C1,"3-(tetramethyl-1,3,2-dioxaborolan-2-yl)benzoic acid",0.07938784 milligram,0.32000000000000006 micromole,0.07938784000000002 microliter,C13H17BO4,[Na+].C[Si](C)(C)[O-],NaOTMS,0.22435999999999995 milligram,2.0 micromole,0.22436 microliter,C3H9NaOSi,CN1C=NC2=C1C(=O)N(C(=O)N2C)C,caffeine,0.051654806000000004 milligram,0.266 micromole,0.05165480600000002 microliter,C8H10N4O2,C1COCCO1,dioxane,11.124 milligram,126.25700860327335 micromole,10.8 microliter,C4H8O2,O,water,1.2000000000000002 milligram,66.6111573688593 micromole,1.2000000000000002 microliter,H2O,Cc1c(-c2cccc(C(=O)O)c2)c(N)nn1C(C)C,suzuki_product_0,0.0 milligram,0.0 micromole,0 microliter,C14H17N3O2,Cc1cc(N)nn1C(C)C,dehalogenation_0,0.0 milligram,0.0 micromole,0 microliter,C7H13N3,O=C(O)c1ccccc1,deborylation_0,0.0 milligram,0.0 micromole,0 microliter,C7H6O2,CC1=C(C(=NN1C(C)C)N)Br.O=C(O)C1=CC=CC(B2OC(C)(C)C(C)(C)O2)=C1>>Cc1c(-c2cccc(C(=O)O)c2)c(N)nn1C(C)C.Cc1cc(N)nn1C(C)C.O=C(O)c1ccccc1,005_RLN-NB-2443_012_C24,7/7/2023 5:16:21 PM,005_rln-nb-2443_012_c24.raw,2min_150_1200.EXP,005_RLN-NB-2443_012_C24,005_RLN-NB-2443_012_C24,Rxn_Opt_HSST3_2_98,Analog,0,0,0,0,0,0.8266702453476068,0.7398,0,0,0,False,122.03677943156,1.25,deborylation_0,0,0,0,0,0,41.30773314714404,11.714389909781783,0.8266702453476068,194.9,0.7398,0,0,0,0,0,0,0,0,0,0,0,0,0,0,0,0,0,0,0,0,0,0,0,0,0,0,0,0,0,0,0,0,0,0,0,0.0,0.0,0.0,0.0,0.0,0.0,0.0,0.0,0.0,0.0,0.0,0.0,0.0,0.0,0.0,0.0,0.0,0.0,0.0,0.0,0.0,0.0,0.0
72,D1,CC(C)C1=CC(C(C)C)=CC(C(C)C)=C1C2=C([P+](C3CCCCC3)([Pd-2]4(OS(C)(=O)=O)C(C=CC=C5)=C5C6=C([NH+]4C)C=CC=C6)C7CCCCC7)C=CC=C2,XPhos Pd G4,0.04582130549999999 milligram,0.05325 micromole,0.0458213055 microliter,C47H64NO3PPdS,COC1=C(N)C(Cl)=NC=N1,4-chloro-6-methoxypyrimidin-5-amine,0.04244721600000001 milligram,0.266 micromole,0.04244721600000002 microliter,C5H6ClN3O,B1(OC(C(O1)(C)C)(C)C)C2=CN(N=C2C)C,"1,3-dimethyl-4-(4,4,5,5-tetramethyl-1,3,2-dioxaborolan-2-yl)-1H-pyrazole",0.07107104000000002 milligram,0.32000000000000006 micromole,0.07107104000000003 microliter,C11H19BN2O2,[Na+].[Na+].[O-]C([O-])=O,Na2CO3,0.21197599999999997 milligram,2.0 micromole,0.21197600000000003 microliter,CNa2O3,CN1C=NC2=C1C(=O)N(C(=O)N2C)C,caffeine,0.051654806000000004 milligram,0.266 micromole,0.05165480600000002 microliter,C8H10N4O2,Cc1ccccc1,toluene,9.3096 milligram,101.03645499831781 micromole,10.8 microliter,C7H8,O,water,1.2000000000000002 milligram,66.6111573688593 micromole,1.2000000000000002 microliter,H2O,COc1ncnc(-c2cn(C)nc2C)c1N,suzuki_product_0,0.0 milligram,0.0 micromole,0 microliter,C10H13N5O,COc1ncncc1N,dehalogenation_0,0.0 milligram,0.0 micromole,0 microliter,C5H7N3O,Cc1ccn(C)n1,deborylation_0,0.0 milligram,0.0 micromole,0 microliter,C5H8N2,COC1=C(N)C(Cl)=NC=N1.B1(OC(C(O1)(C)C)(C)C)C2=CN(N=C2C)C>>COc1ncnc(-c2cn(C)nc2C)c1N.COc1ncncc1N.Cc1ccn(C)n1,005_RLN-NB-2443_012_D1,7/7/2023 5:18:48 PM,005_rln-nb-2443_012_d1.raw,2min_150_1200.EXP,005_RLN-NB-2443_012_D1,005_RLN-NB-2443_012_D1,Rxn_Opt_HSST3_2_98,Analog,0,0,0,0,0,0.6403046480777043,0.7398,0,0,0,False,96.06874826542,1.25,deborylation_0,0,0,0,0,0,30.944364815106088,41.90458813443073,0.6403046480777043,194.9,0.7398,0,0,0,0,0,0,0,0,0,0,0,0,0,0,0,0,0,0,0,0,0,0,0,0,0,0,0,0,0,0,0,0,0,0,0,0.0,0.0,0.0,0.0,0.0,0.0,0.0,0.0,0.0,0.0,0.0,0.0,0.0,0.0,0.0,0.0,0.0,0.0,0.0,0.0,0.0,0.0,0.0
73,D2,CC(C)C1=CC(C(C)C)=CC(C(C)C)=C1C2=C([P+](C3CCCCC3)([Pd-2]4(OS(C)(=O)=O)C(C=CC=C5)=C5C6=C([NH+]4C)C=CC=C6)C7CCCCC7)C=CC=C2,XPhos Pd G4,0.04582130549999999 milligram,0.05325 micromole,0.0458213055 microliter,C47H64NO3PPdS,COC1=C(N)C(Cl)=NC=N1,4-chloro-6-methoxypyrimidin-5-amine,0.04244721600000001 milligram,0.266 micromole,0.04244721600000002 microliter,C5H6ClN3O,B1(OC(C(O1)(C)C)(C)C)C2=CN(N=C2C)C,"1,3-dimethyl-4-(4,4,5,5-tetramethyl-1,3,2-dioxaborolan-2-yl)-1H-pyrazole",0.07107104000000002 milligram,0.32000000000000006 micromole,0.07107104000000003 microliter,C11H19BN2O2,[K+].[K+].[K+].[O-]P([O-])([O-])=O,K3PO4,0.42452799999999996 milligram,2.0 micromole,0.42452800000000007 microliter,K3O4P,CN1C=NC2=C1C(=O)N(C(=O)N2C)C,caffeine,0.051654806000000004 milligram,0.266 micromole,0.05165480600000002 microliter,C8H10N4O2,Cc1ccccc1,toluene,9.3096 milligram,101.03645499831781 micromole,10.8 microliter,C7H8,O,water,1.2000000000000002 milligram,66.6111573688593 micromole,1.2000000000000002 microliter,H2O,COc1ncnc(-c2cn(C)nc2C)c1N,suzuki_product_0,0.0 milligram,0.0 micromole,0 microliter,C10H13N5O,COc1ncncc1N,dehalogenation_0,0.0 milligram,0.0 micromole,0 microliter,C5H7N3O,Cc1ccn(C)n1,deborylation_0,0.0 milligram,0.0 micromole,0 microliter,C5H8N2,COC1=C(N)C(Cl)=NC=N1.B1(OC(C(O1)(C)C)(C)C)C2=CN(N=C2C)C>>COc1ncnc(-c2cn(C)nc2C)c1N.COc1ncncc1N.Cc1ccn(C)n1,005_RLN-NB-2443_012_D2,7/7/2023 5:21:15 PM,005_rln-nb-2443_012_d2.raw,2min_150_1200.EXP,005_RLN-NB-2443_012_D2,005_RLN-NB-2443_012_D2,Rxn_Opt_HSST3_2_98,Analog,0.16678143152941202,0,0.09883107140947538,7.205893121827531,0.6815,0.5925783853944583,0.7398,0,0,0,False,96.06874826542,1.25,deborylation_0,0,0,0,0,0,28.437869377607157,30.170332346379357,0.5925783853944583,194.9,0.7398,0,0,0,0,0,0,0,0,0,0,4.58549556797386,5.031851218447274,0.09883107140947538,219.9,0.6815,0,0,0,0,0,0,0,0,0,0,0,0,0,0,0,0,0,0,0,0,0.0,0.0,0.0,0.0,0.0,0.0,0.0,0.0,0.0,4.4363860786823604e-05,16.678143152941203,0.0,0.0,0.0,0.0,0.0,0.0,0.0,0.0,0.0,0.0,0.0,0.0
74,D3,CC(C)C1=CC(C(C)C)=CC(C(C)C)=C1C2=C([P+](C3CCCCC3)([Pd-2]4(OS(C)(=O)=O)C(C=CC=C5)=C5C6=C([NH+]4C)C=CC=C6)C7CCCCC7)C=CC=C2,XPhos Pd G4,0.04582130549999999 milligram,0.05325 micromole,0.0458213055 microliter,C47H64NO3PPdS,COC1=C(N)C(Cl)=NC=N1,4-chloro-6-methoxypyrimidin-5-amine,0.04244721600000001 milligram,0.266 micromole,0.04244721600000002 microliter,C5H6ClN3O,B1(OC(C(O1)(C)C)(C)C)C2=CN(N=C2C)C,"1,3-dimethyl-4-(4,4,5,5-tetramethyl-1,3,2-dioxaborolan-2-yl)-1H-pyrazole",0.07107104000000002 milligram,0.32000000000000006 micromole,0.07107104000000003 microliter,C11H19BN2O2,[Na+].C[Si](C)(C)[O-],NaOTMS,0.22435999999999995 milligram,2.0 micromole,0.22436 microliter,C3H9NaOSi,CN1C=NC2=C1C(=O)N(C(=O)N2C)C,caffeine,0.051654806000000004 milligram,0.266 micromole,0.05165480600000002 microliter,C8H10N4O2,Cc1ccccc1,toluene,9.3096 milligram,101.03645499831781 micromole,10.8 microliter,C7H8,O,water,1.2000000000000002 milligram,66.6111573688593 micromole,1.2000000000000002 microliter,H2O,COc1ncnc(-c2cn(C)nc2C)c1N,suzuki_product_0,0.0 milligram,0.0 micromole,0 microliter,C10H13N5O,COc1ncncc1N,dehalogenation_0,0.0 milligram,0.0 micromole,0 microliter,C5H7N3O,Cc1ccn(C)n1,deborylation_0,0.0 milligram,0.0 micromole,0 microliter,C5H8N2,COC1=C(N)C(Cl)=NC=N1.B1(OC(C(O1)(C)C)(C)C)C2=CN(N=C2C)C>>COc1ncnc(-c2cn(C)nc2C)c1N.COc1ncncc1N.Cc1ccn(C)n1,005_RLN-NB-2443_012_D3,7/7/2023 5:23:43 PM,005_rln-nb-2443_012_d3.raw,2min_150_1200.EXP,005_RLN-NB-2443_012_D3,005_RLN-NB-2443_012_D3,Rxn_Opt_HSST3_2_98,Analog,0.08453996199293592,0,0.0853651318201247,2.56074382535516,0.6815,1.0097607073357535,0.7415,0,0,0,False,96.06874826542,1.25,deborylation_0,0,0,0,0,0,45.47758886903668,23.24833649840791,1.0097607073357535,195,0.7415,0,0,0,0,0,0,0,0,0,0,3.9639910885735765,1.9654134839743895,0.0853651318201247,219.9,0.6815,0,0,0,0,0,0,0,0,0,0,0,0,0,0,0,0,0,0,0,0,0.0,0.0,0.0,0.0,0.0,0.0,0.0,0.0,0.0,2.2487629890120958e-05,8.453996199293593,0.0,0.0,0.0,0.0,0.0,0.0,0.0,0.0,0.0,0.0,0.0,0.0
75,D4,CC(C)(C)[P+]([Pd-2]1(C2=C(C3=C(C=CC=C3)[NH+]1C)C=CC=C2)OS(C)(=O)=O)(C(C)(C)C)C(C)(C)C,PtBu3 Pd G4,0.03120913275 milligram,0.05325 micromole,0.031209132750000007 microliter,C26H42NO3PPdS,COC1=C(N)C(Cl)=NC=N1,4-chloro-6-methoxypyrimidin-5-amine,0.04244721600000001 milligram,0.266 micromole,0.04244721600000002 microliter,C5H6ClN3O,B1(OC(C(O1)(C)C)(C)C)C2=CN(N=C2C)C,"1,3-dimethyl-4-(4,4,5,5-tetramethyl-1,3,2-dioxaborolan-2-yl)-1H-pyrazole",0.07107104000000002 milligram,0.32000000000000006 micromole,0.07107104000000003 microliter,C11H19BN2O2,[Na+].[Na+].[O-]C([O-])=O,Na2CO3,0.21197599999999997 milligram,2.0 micromole,0.21197600000000003 microliter,CNa2O3,CN1C=NC2=C1C(=O)N(C(=O)N2C)C,caffeine,0.051654806000000004 milligram,0.266 micromole,0.05165480600000002 microliter,C8H10N4O2,Cc1ccccc1,toluene,9.3096 milligram,101.03645499831781 micromole,10.8 microliter,C7H8,O,water,1.2000000000000002 milligram,66.6111573688593 micromole,1.2000000000000002 microliter,H2O,COc1ncnc(-c2cn(C)nc2C)c1N,suzuki_product_0,0.0 milligram,0.0 micromole,0 microliter,C10H13N5O,COc1ncncc1N,dehalogenation_0,0.0 milligram,0.0 micromole,0 microliter,C5H7N3O,Cc1ccn(C)n1,deborylation_0,0.0 milligram,0.0 micromole,0 microliter,C5H8N2,COC1=C(N)C(Cl)=NC=N1.B1(OC(C(O1)(C)C)(C)C)C2=CN(N=C2C)C>>COc1ncnc(-c2cn(C)nc2C)c1N.COc1ncncc1N.Cc1ccn(C)n1,005_RLN-NB-2443_012_D4,7/7/2023 5:26:10 PM,005_rln-nb-2443_012_d4.raw,2min_150_1200.EXP,005_RLN-NB-2443_012_D4,005_RLN-NB-2443_012_D4,Rxn_Opt_HSST3_2_98,Analog,0,0,0,0,0,0.36597564859739845,0.7415,0,0,0,False,96.06874826542,1.25,deborylation_0,0,0,0,0,0,18.212263728266624,31.638359588406793,0.36597564859739845,195,0.7415,0,0,0,0,0,0,0,0,0,0,0,0,0,0,0,0,0,0,0,0,0,0,0,0,0,0,0,0,0,0,0,0,0,0,0,0.0,0.0,0.0,0.0,0.0,0.0,0.0,0.0,0.0,0.0,0.0,0.0,0.0,0.0,0.0,0.0,0.0,0.0,0.0,0.0,0.0,0.0,0.0
76,D5,CC(C)(C)[P+]([Pd-2]1(C2=C(C3=C(C=CC=C3)[NH+]1C)C=CC=C2)OS(C)(=O)=O)(C(C)(C)C)C(C)(C)C,PtBu3 Pd G4,0.03120913275 milligram,0.05325 micromole,0.031209132750000007 microliter,C26H42NO3PPdS,COC1=C(N)C(Cl)=NC=N1,4-chloro-6-methoxypyrimidin-5-amine,0.04244721600000001 milligram,0.266 micromole,0.04244721600000002 microliter,C5H6ClN3O,B1(OC(C(O1)(C)C)(C)C)C2=CN(N=C2C)C,"1,3-dimethyl-4-(4,4,5,5-tetramethyl-1,3,2-dioxaborolan-2-yl)-1H-pyrazole",0.07107104000000002 milligram,0.32000000000000006 micromole,0.07107104000000003 microliter,C11H19BN2O2,[K+].[K+].[K+].[O-]P([O-])([O-])=O,K3PO4,0.42452799999999996 milligram,2.0 micromole,0.42452800000000007 microliter,K3O4P,CN1C=NC2=C1C(=O)N(C(=O)N2C)C,caffeine,0.051654806000000004 milligram,0.266 micromole,0.05165480600000002 microliter,C8H10N4O2,Cc1ccccc1,toluene,9.3096 milligram,101.03645499831781 micromole,10.8 microliter,C7H8,O,water,1.2000000000000002 milligram,66.6111573688593 micromole,1.2000000000000002 microliter,H2O,COc1ncnc(-c2cn(C)nc2C)c1N,suzuki_product_0,0.0 milligram,0.0 micromole,0 microliter,C10H13N5O,COc1ncncc1N,dehalogenation_0,0.0 milligram,0.0 micromole,0 microliter,C5H7N3O,Cc1ccn(C)n1,deborylation_0,0.0 milligram,0.0 micromole,0 microliter,C5H8N2,COC1=C(N)C(Cl)=NC=N1.B1(OC(C(O1)(C)C)(C)C)C2=CN(N=C2C)C>>COc1ncnc(-c2cn(C)nc2C)c1N.COc1ncncc1N.Cc1ccn(C)n1,005_RLN-NB-2443_012_D5,7/7/2023 5:28:36 PM,005_rln-nb-2443_012_d5.raw,2min_150_1200.EXP,005_RLN-NB-2443_012_D5,005_RLN-NB-2443_012_D5,Rxn_Opt_HSST3_2_98,Analog,0,0,0,0,0,0.6348001225423304,0.7398,0,0,0,False,96.06874826542,1.25,deborylation_0,0,0,0,0,0,30.540393812692713,38.97538804958976,0.6348001225423304,194.8,0.7398,0,0,0,0,0,0,0,0,0,0,0,0,0,0,0,0,0,0,0,0,0,0,0,0,0,0,0,0,0,0,0,0,0,0,0,0.0,0.0,0.0,0.0,0.0,0.0,0.0,0.0,0.0,0.0,0.0,0.0,0.0,0.0,0.0,0.0,0.0,0.0,0.0,0.0,0.0,0.0,0.0
77,D6,CC(C)(C)[P+]([Pd-2]1(C2=C(C3=C(C=CC=C3)[NH+]1C)C=CC=C2)OS(C)(=O)=O)(C(C)(C)C)C(C)(C)C,PtBu3 Pd G4,0.03120913275 milligram,0.05325 micromole,0.031209132750000007 microliter,C26H42NO3PPdS,COC1=C(N)C(Cl)=NC=N1,4-chloro-6-methoxypyrimidin-5-amine,0.04244721600000001 milligram,0.266 micromole,0.04244721600000002 microliter,C5H6ClN3O,B1(OC(C(O1)(C)C)(C)C)C2=CN(N=C2C)C,"1,3-dimethyl-4-(4,4,5,5-tetramethyl-1,3,2-dioxaborolan-2-yl)-1H-pyrazole",0.07107104000000002 milligram,0.32000000000000006 micromole,0.07107104000000003 microliter,C11H19BN2O2,[Na+].C[Si](C)(C)[O-],NaOTMS,0.22435999999999995 milligram,2.0 micromole,0.22436 microliter,C3H9NaOSi,CN1C=NC2=C1C(=O)N(C(=O)N2C)C,caffeine,0.051654806000000004 milligram,0.266 micromole,0.05165480600000002 microliter,C8H10N4O2,Cc1ccccc1,toluene,9.3096 milligram,101.03645499831781 micromole,10.8 microliter,C7H8,O,water,1.2000000000000002 milligram,66.6111573688593 micromole,1.2000000000000002 microliter,H2O,COc1ncnc(-c2cn(C)nc2C)c1N,suzuki_product_0,0.0 milligram,0.0 micromole,0 microliter,C10H13N5O,COc1ncncc1N,dehalogenation_0,0.0 milligram,0.0 micromole,0 microliter,C5H7N3O,Cc1ccn(C)n1,deborylation_0,0.0 milligram,0.0 micromole,0 microliter,C5H8N2,COC1=C(N)C(Cl)=NC=N1.B1(OC(C(O1)(C)C)(C)C)C2=CN(N=C2C)C>>COc1ncnc(-c2cn(C)nc2C)c1N.COc1ncncc1N.Cc1ccn(C)n1,005_RLN-NB-2443_012_D6,7/7/2023 5:31:03 PM,005_rln-nb-2443_012_d6.raw,2min_150_1200.EXP,005_RLN-NB-2443_012_D6,005_RLN-NB-2443_012_D6,Rxn_Opt_HSST3_2_98,Analog,0,0,0,0,0,0.8998254613616566,0.7415,0,0,0,False,96.06874826542,1.25,deborylation_0,0,0,0,0,0,41.509614328908455,25.460633689239465,0.8998254613616566,194.9,0.7415,0,0,0,0,0,0,0,0,0,0,0,0,0,0,0,0,0,0,0,0,0,0,0,0,0,0,0,0,0,0,0,0,0,0,0,0.0,0.0,0.0,0.0,0.0,0.0,0.0,0.0,0.0,0.0,0.0,0.0,0.0,0.0,0.0,0.0,0.0,0.0,0.0,0.0,0.0,0.0,0.0
78,D7,CC(C1=CC=CC(C(C)C)=C1C2=C(C(OC(C)(C)C)=CC=C2OC)[P+]([Pd-2]3(C4=C(C5=C(C=CC=C5)[NH+]3C)C=CC=C4)OS(C)(=O)=O)(C6CCCCC6)C7CCCCC7)C,GPhos Pd G4,0.049019074499999975 milligram,0.05325 micromole,0.04901907449999999 microliter,C49H68NO5PPdS,COC1=C(N)C(Cl)=NC=N1,4-chloro-6-methoxypyrimidin-5-amine,0.04244721600000001 milligram,0.266 micromole,0.04244721600000002 microliter,C5H6ClN3O,B1(OC(C(O1)(C)C)(C)C)C2=CN(N=C2C)C,"1,3-dimethyl-4-(4,4,5,5-tetramethyl-1,3,2-dioxaborolan-2-yl)-1H-pyrazole",0.07107104000000002 milligram,0.32000000000000006 micromole,0.07107104000000003 microliter,C11H19BN2O2,[Na+].[Na+].[O-]C([O-])=O,Na2CO3,0.21197599999999997 milligram,2.0 micromole,0.21197600000000003 microliter,CNa2O3,CN1C=NC2=C1C(=O)N(C(=O)N2C)C,caffeine,0.051654806000000004 milligram,0.266 micromole,0.05165480600000002 microliter,C8H10N4O2,Cc1ccccc1,toluene,9.3096 milligram,101.03645499831781 micromole,10.8 microliter,C7H8,O,water,1.2000000000000002 milligram,66.6111573688593 micromole,1.2000000000000002 microliter,H2O,COc1ncnc(-c2cn(C)nc2C)c1N,suzuki_product_0,0.0 milligram,0.0 micromole,0 microliter,C10H13N5O,COc1ncncc1N,dehalogenation_0,0.0 milligram,0.0 micromole,0 microliter,C5H7N3O,Cc1ccn(C)n1,deborylation_0,0.0 milligram,0.0 micromole,0 microliter,C5H8N2,COC1=C(N)C(Cl)=NC=N1.B1(OC(C(O1)(C)C)(C)C)C2=CN(N=C2C)C>>COc1ncnc(-c2cn(C)nc2C)c1N.COc1ncncc1N.Cc1ccn(C)n1,005_RLN-NB-2443_012_D7,7/7/2023 5:33:30 PM,005_rln-nb-2443_012_d7.raw,2min_150_1200.EXP,005_RLN-NB-2443_012_D7,005_RLN-NB-2443_012_D7,Rxn_Opt_HSST3_2_98,Analog,0,0,0,0,0,0.32365443491317963,0.7398,0,0,0,False,96.06874826542,1.25,deborylation_0,0,0,0,0,0,15.482429028938162,30.166210956556927,0.32365443491317963,194.9,0.7398,0,0,0,0,0,0,0,0,0,0,0,0,0,0,0,0,0,0,0,0,0,0,0,0,0,0,0,0,0,0,0,0,0,0,0,0.0,0.0,0.0,0.0,0.0,0.0,0.0,0.0,0.0,0.0,0.0,0.0,0.0,0.0,0.0,0.0,0.0,0.0,0.0,0.0,0.0,0.0,0.0
79,D8,CC(C1=CC=CC(C(C)C)=C1C2=C(C(OC(C)(C)C)=CC=C2OC)[P+]([Pd-2]3(C4=C(C5=C(C=CC=C5)[NH+]3C)C=CC=C4)OS(C)(=O)=O)(C6CCCCC6)C7CCCCC7)C,GPhos Pd G4,0.049019074499999975 milligram,0.05325 micromole,0.04901907449999999 microliter,C49H68NO5PPdS,COC1=C(N)C(Cl)=NC=N1,4-chloro-6-methoxypyrimidin-5-amine,0.04244721600000001 milligram,0.266 micromole,0.04244721600000002 microliter,C5H6ClN3O,B1(OC(C(O1)(C)C)(C)C)C2=CN(N=C2C)C,"1,3-dimethyl-4-(4,4,5,5-tetramethyl-1,3,2-dioxaborolan-2-yl)-1H-pyrazole",0.07107104000000002 milligram,0.32000000000000006 micromole,0.07107104000000003 microliter,C11H19BN2O2,[K+].[K+].[K+].[O-]P([O-])([O-])=O,K3PO4,0.42452799999999996 milligram,2.0 micromole,0.42452800000000007 microliter,K3O4P,CN1C=NC2=C1C(=O)N(C(=O)N2C)C,caffeine,0.051654806000000004 milligram,0.266 micromole,0.05165480600000002 microliter,C8H10N4O2,Cc1ccccc1,toluene,9.3096 milligram,101.03645499831781 micromole,10.8 microliter,C7H8,O,water,1.2000000000000002 milligram,66.6111573688593 micromole,1.2000000000000002 microliter,H2O,COc1ncnc(-c2cn(C)nc2C)c1N,suzuki_product_0,0.0 milligram,0.0 micromole,0 microliter,C10H13N5O,COc1ncncc1N,dehalogenation_0,0.0 milligram,0.0 micromole,0 microliter,C5H7N3O,Cc1ccn(C)n1,deborylation_0,0.0 milligram,0.0 micromole,0 microliter,C5H8N2,COC1=C(N)C(Cl)=NC=N1.B1(OC(C(O1)(C)C)(C)C)C2=CN(N=C2C)C>>COc1ncnc(-c2cn(C)nc2C)c1N.COc1ncncc1N.Cc1ccn(C)n1,005_RLN-NB-2443_012_D8,7/7/2023 5:35:58 PM,005_rln-nb-2443_012_d8.raw,2min_150_1200.EXP,005_RLN-NB-2443_012_D8,005_RLN-NB-2443_012_D8,Rxn_Opt_HSST3_2_98,Analog,0,0,0,0,0,0.46785695849455444,0.7398,0,0,0,False,96.06874826542,1.25,deborylation_0,0,0,0,0,0,23.727868697492557,34.21490704320583,0.46785695849455444,195.1,0.7398,0,0,0,0,0,0,0,0,0,0,0,0,0,0,0,0,0,0,0,0,0,0,0,0,0,0,0,0,0,0,0,0,0,0,0,0.0,0.0,0.0,0.0,0.0,0.0,0.0,0.0,0.0,0.0,0.0,0.0,0.0,0.0,0.0,0.0,0.0,0.0,0.0,0.0,0.0,0.0,0.0
80,D9,CC(C1=CC=CC(C(C)C)=C1C2=C(C(OC(C)(C)C)=CC=C2OC)[P+]([Pd-2]3(C4=C(C5=C(C=CC=C5)[NH+]3C)C=CC=C4)OS(C)(=O)=O)(C6CCCCC6)C7CCCCC7)C,GPhos Pd G4,0.049019074499999975 milligram,0.05325 micromole,0.04901907449999999 microliter,C49H68NO5PPdS,COC1=C(N)C(Cl)=NC=N1,4-chloro-6-methoxypyrimidin-5-amine,0.04244721600000001 milligram,0.266 micromole,0.04244721600000002 microliter,C5H6ClN3O,B1(OC(C(O1)(C)C)(C)C)C2=CN(N=C2C)C,"1,3-dimethyl-4-(4,4,5,5-tetramethyl-1,3,2-dioxaborolan-2-yl)-1H-pyrazole",0.07107104000000002 milligram,0.32000000000000006 micromole,0.07107104000000003 microliter,C11H19BN2O2,[Na+].C[Si](C)(C)[O-],NaOTMS,0.22435999999999995 milligram,2.0 micromole,0.22436 microliter,C3H9NaOSi,CN1C=NC2=C1C(=O)N(C(=O)N2C)C,caffeine,0.051654806000000004 milligram,0.266 micromole,0.05165480600000002 microliter,C8H10N4O2,Cc1ccccc1,toluene,9.3096 milligram,101.03645499831781 micromole,10.8 microliter,C7H8,O,water,1.2000000000000002 milligram,66.6111573688593 micromole,1.2000000000000002 microliter,H2O,COc1ncnc(-c2cn(C)nc2C)c1N,suzuki_product_0,0.0 milligram,0.0 micromole,0 microliter,C10H13N5O,COc1ncncc1N,dehalogenation_0,0.0 milligram,0.0 micromole,0 microliter,C5H7N3O,Cc1ccn(C)n1,deborylation_0,0.0 milligram,0.0 micromole,0 microliter,C5H8N2,COC1=C(N)C(Cl)=NC=N1.B1(OC(C(O1)(C)C)(C)C)C2=CN(N=C2C)C>>COc1ncnc(-c2cn(C)nc2C)c1N.COc1ncncc1N.Cc1ccn(C)n1,005_RLN-NB-2443_012_D9,7/7/2023 5:38:24 PM,005_rln-nb-2443_012_d9.raw,2min_150_1200.EXP,005_RLN-NB-2443_012_D9,005_RLN-NB-2443_012_D9,Rxn_Opt_HSST3_2_98,Analog,0,0,0,0,0,1.4096219730381732,0.7398,0,0,0,False,96.06874826542,1.25,deborylation_0,0,0,0,0,0,65.53716570311722,26.023865042119628,1.4096219730381732,194.9,0.7398,0,0,0,0,0,0,0,0,0,0,0,0,0,0,0,0,0,0,0,0,0,0,0,0,0,0,0,0,0,0,0,0,0,0,0,0.0,0.0,0.0,0.0,0.0,0.0,0.0,0.0,0.0,0.0,0.0,0.0,0.0,0.0,0.0,0.0,0.0,0.0,0.0,0.0,0.0,0.0,0.0
81,D10,Cl[Pd]Cl.CC1(C)c2cccc(P(c3ccccc3)c4ccccc4)c2Oc5c(cccc15)P(c6ccccc6)c7ccccc7,PdCl2(XantPhos),0.04025476350000001 milligram,0.05325 micromole,0.04025476350000002 microliter,C39H32Cl2OP2Pd,COC1=C(N)C(Cl)=NC=N1,4-chloro-6-methoxypyrimidin-5-amine,0.04244721600000001 milligram,0.266 micromole,0.04244721600000002 microliter,C5H6ClN3O,B1(OC(C(O1)(C)C)(C)C)C2=CN(N=C2C)C,"1,3-dimethyl-4-(4,4,5,5-tetramethyl-1,3,2-dioxaborolan-2-yl)-1H-pyrazole",0.07107104000000002 milligram,0.32000000000000006 micromole,0.07107104000000003 microliter,C11H19BN2O2,[Na+].[Na+].[O-]C([O-])=O,Na2CO3,0.21197599999999997 milligram,2.0 micromole,0.21197600000000003 microliter,CNa2O3,CN1C=NC2=C1C(=O)N(C(=O)N2C)C,caffeine,0.051654806000000004 milligram,0.266 micromole,0.05165480600000002 microliter,C8H10N4O2,Cc1ccccc1,toluene,9.3096 milligram,101.03645499831781 micromole,10.8 microliter,C7H8,O,water,1.2000000000000002 milligram,66.6111573688593 micromole,1.2000000000000002 microliter,H2O,COc1ncnc(-c2cn(C)nc2C)c1N,suzuki_product_0,0.0 milligram,0.0 micromole,0 microliter,C10H13N5O,COc1ncncc1N,dehalogenation_0,0.0 milligram,0.0 micromole,0 microliter,C5H7N3O,Cc1ccn(C)n1,deborylation_0,0.0 milligram,0.0 micromole,0 microliter,C5H8N2,COC1=C(N)C(Cl)=NC=N1.B1(OC(C(O1)(C)C)(C)C)C2=CN(N=C2C)C>>COc1ncnc(-c2cn(C)nc2C)c1N.COc1ncncc1N.Cc1ccn(C)n1,005_RLN-NB-2443_012_D10,7/7/2023 5:40:52 PM,005_rln-nb-2443_012_d10.raw,2min_150_1200.EXP,005_RLN-NB-2443_012_D10,005_RLN-NB-2443_012_D10,Rxn_Opt_HSST3_2_98,Analog,0,0,0,0,0,0.8564004654234787,0.7415,0,0,0,False,96.06874826542,1.25,deborylation_0,0,0,0,0,0,40.4797459510363,22.110946247140955,0.8564004654234787,195,0.7415,0,0,0,0,0,0,0,0,0,0,0,0,0,0,0,0,0,0,0,0,0,0,0,0,0,0,0,0,0,0,0,0,0,0,0,0.0,0.0,0.0,0.0,0.0,0.0,0.0,0.0,0.0,0.0,0.0,0.0,0.0,0.0,0.0,0.0,0.0,0.0,0.0,0.0,0.0,0.0,0.0
82,D11,Cl[Pd]Cl.CC1(C)c2cccc(P(c3ccccc3)c4ccccc4)c2Oc5c(cccc15)P(c6ccccc6)c7ccccc7,PdCl2(XantPhos),0.04025476350000001 milligram,0.05325 micromole,0.04025476350000002 microliter,C39H32Cl2OP2Pd,COC1=C(N)C(Cl)=NC=N1,4-chloro-6-methoxypyrimidin-5-amine,0.04244721600000001 milligram,0.266 micromole,0.04244721600000002 microliter,C5H6ClN3O,B1(OC(C(O1)(C)C)(C)C)C2=CN(N=C2C)C,"1,3-dimethyl-4-(4,4,5,5-tetramethyl-1,3,2-dioxaborolan-2-yl)-1H-pyrazole",0.07107104000000002 milligram,0.32000000000000006 micromole,0.07107104000000003 microliter,C11H19BN2O2,[K+].[K+].[K+].[O-]P([O-])([O-])=O,K3PO4,0.42452799999999996 milligram,2.0 micromole,0.42452800000000007 microliter,K3O4P,CN1C=NC2=C1C(=O)N(C(=O)N2C)C,caffeine,0.051654806000000004 milligram,0.266 micromole,0.05165480600000002 microliter,C8H10N4O2,Cc1ccccc1,toluene,9.3096 milligram,101.03645499831781 micromole,10.8 microliter,C7H8,O,water,1.2000000000000002 milligram,66.6111573688593 micromole,1.2000000000000002 microliter,H2O,COc1ncnc(-c2cn(C)nc2C)c1N,suzuki_product_0,0.0 milligram,0.0 micromole,0 microliter,C10H13N5O,COc1ncncc1N,dehalogenation_0,0.0 milligram,0.0 micromole,0 microliter,C5H7N3O,Cc1ccn(C)n1,deborylation_0,0.0 milligram,0.0 micromole,0 microliter,C5H8N2,COC1=C(N)C(Cl)=NC=N1.B1(OC(C(O1)(C)C)(C)C)C2=CN(N=C2C)C>>COc1ncnc(-c2cn(C)nc2C)c1N.COc1ncncc1N.Cc1ccn(C)n1,005_RLN-NB-2443_012_D11,7/7/2023 5:43:19 PM,005_rln-nb-2443_012_d11.raw,2min_150_1200.EXP,005_RLN-NB-2443_012_D11,005_RLN-NB-2443_012_D11,Rxn_Opt_HSST3_2_98,Analog,0,0,0,0,0,0.7881018926744667,0.7381,0,0,0,False,96.06874826542,1.25,deborylation_0,0,0,0,0,0,38.316821448249556,23.478049871202373,0.7881018926744667,194.9,0.7381,0,0,0,0,0,0,0,0,0,0,0,0,0,0,0,0,0,0,0,0,0,0,0,0,0,0,0,0,0,0,0,0,0,0,0,0.0,0.0,0.0,0.0,0.0,0.0,0.0,0.0,0.0,0.0,0.0,0.0,0.0,0.0,0.0,0.0,0.0,0.0,0.0,0.0,0.0,0.0,0.0
83,D12,Cl[Pd]Cl.CC1(C)c2cccc(P(c3ccccc3)c4ccccc4)c2Oc5c(cccc15)P(c6ccccc6)c7ccccc7,PdCl2(XantPhos),0.04025476350000001 milligram,0.05325 micromole,0.04025476350000002 microliter,C39H32Cl2OP2Pd,COC1=C(N)C(Cl)=NC=N1,4-chloro-6-methoxypyrimidin-5-amine,0.04244721600000001 milligram,0.266 micromole,0.04244721600000002 microliter,C5H6ClN3O,B1(OC(C(O1)(C)C)(C)C)C2=CN(N=C2C)C,"1,3-dimethyl-4-(4,4,5,5-tetramethyl-1,3,2-dioxaborolan-2-yl)-1H-pyrazole",0.07107104000000002 milligram,0.32000000000000006 micromole,0.07107104000000003 microliter,C11H19BN2O2,[Na+].C[Si](C)(C)[O-],NaOTMS,0.22435999999999995 milligram,2.0 micromole,0.22436 microliter,C3H9NaOSi,CN1C=NC2=C1C(=O)N(C(=O)N2C)C,caffeine,0.051654806000000004 milligram,0.266 micromole,0.05165480600000002 microliter,C8H10N4O2,Cc1ccccc1,toluene,9.3096 milligram,101.03645499831781 micromole,10.8 microliter,C7H8,O,water,1.2000000000000002 milligram,66.6111573688593 micromole,1.2000000000000002 microliter,H2O,COc1ncnc(-c2cn(C)nc2C)c1N,suzuki_product_0,0.0 milligram,0.0 micromole,0 microliter,C10H13N5O,COc1ncncc1N,dehalogenation_0,0.0 milligram,0.0 micromole,0 microliter,C5H7N3O,Cc1ccn(C)n1,deborylation_0,0.0 milligram,0.0 micromole,0 microliter,C5H8N2,COC1=C(N)C(Cl)=NC=N1.B1(OC(C(O1)(C)C)(C)C)C2=CN(N=C2C)C>>COc1ncnc(-c2cn(C)nc2C)c1N.COc1ncncc1N.Cc1ccn(C)n1,005_RLN-NB-2443_012_D12,7/7/2023 5:45:47 PM,005_rln-nb-2443_012_d12.raw,2min_150_1200.EXP,005_RLN-NB-2443_012_D12,005_RLN-NB-2443_012_D12,Rxn_Opt_HSST3_2_98,Analog,0,0,0,0,0,0.7696981944925105,0.7398,0,0,0,False,96.06874826542,1.25,deborylation_0,0,0,0,0,0,37.58752429056552,19.56854348301404,0.7696981944925105,195,0.7398,0,0,0,0,0,0,0,0,0,0,0,0,0,0,0,0,0,0,0,0,0,0,0,0,0,0,0,0,0,0,0,0,0,0,0,0.0,0.0,0.0,0.0,0.0,0.0,0.0,0.0,0.0,0.0,0.0,0.0,0.0,0.0,0.0,0.0,0.0,0.0,0.0,0.0,0.0,0.0,0.0
84,D13,CC(C)C1=CC(C(C)C)=CC(C(C)C)=C1C2=C([P+](C3CCCCC3)([Pd-2]4(OS(C)(=O)=O)C(C=CC=C5)=C5C6=C([NH+]4C)C=CC=C6)C7CCCCC7)C=CC=C2,XPhos Pd G4,0.04582130549999999 milligram,0.05325 micromole,0.0458213055 microliter,C47H64NO3PPdS,CC1=C(C(=NN1C(C)C)N)Br,4-BROMO-1-ISOPROPYL-5-METHYL-1H-PYRAZOL-3-AMINE,0.058014068 milligram,0.266 micromole,0.058014068000000016 microliter,C7H12BrN3,B1(OC(C(O1)(C)C)(C)C)C2=CN(N=C2C)C,"1,3-dimethyl-4-(4,4,5,5-tetramethyl-1,3,2-dioxaborolan-2-yl)-1H-pyrazole",0.07107104000000002 milligram,0.32000000000000006 micromole,0.07107104000000003 microliter,C11H19BN2O2,[Na+].[Na+].[O-]C([O-])=O,Na2CO3,0.21197599999999997 milligram,2.0 micromole,0.21197600000000003 microliter,CNa2O3,CN1C=NC2=C1C(=O)N(C(=O)N2C)C,caffeine,0.051654806000000004 milligram,0.266 micromole,0.05165480600000002 microliter,C8H10N4O2,Cc1ccccc1,toluene,9.3096 milligram,101.03645499831781 micromole,10.8 microliter,C7H8,O,water,1.2000000000000002 milligram,66.6111573688593 micromole,1.2000000000000002 microliter,H2O,Cc1nn(C)cc1-c1c(N)nn(C(C)C)c1C,suzuki_product_0,0.0 milligram,0.0 micromole,0 microliter,C12H19N5,Cc1cc(N)nn1C(C)C,dehalogenation_0,0.0 milligram,0.0 micromole,0 microliter,C7H13N3,Cc1ccn(C)n1,deborylation_0,0.0 milligram,0.0 micromole,0 microliter,C5H8N2,CC1=C(C(=NN1C(C)C)N)Br.B1(OC(C(O1)(C)C)(C)C)C2=CN(N=C2C)C>>Cc1nn(C)cc1-c1c(N)nn(C(C)C)c1C.Cc1cc(N)nn1C(C)C.Cc1ccn(C)n1,005_RLN-NB-2443_012_D13,7/7/2023 5:48:14 PM,005_rln-nb-2443_012_d13.raw,2min_150_1200.EXP,005_RLN-NB-2443_012_D13,005_RLN-NB-2443_012_D13,Rxn_Opt_HSST3_2_98,Analog,0,0,0,0,0,0,0,0,0,0,False,96.06874826542,1.25,deborylation_0,0,0,0,0,0,0,0,0,0,0,0,0,0,0,0,0,0,0,0,0,0,0,0,0,0,0,0,0,0,0,0,0,0,0,0,0,0,0,0,0,0,0,0,0,0,0.0,0.0,0.0,0.0,0.0,,,,,,,,,,,,,,,,,,
85,D14,CC(C)C1=CC(C(C)C)=CC(C(C)C)=C1C2=C([P+](C3CCCCC3)([Pd-2]4(OS(C)(=O)=O)C(C=CC=C5)=C5C6=C([NH+]4C)C=CC=C6)C7CCCCC7)C=CC=C2,XPhos Pd G4,0.04582130549999999 milligram,0.05325 micromole,0.0458213055 microliter,C47H64NO3PPdS,CC1=C(C(=NN1C(C)C)N)Br,4-BROMO-1-ISOPROPYL-5-METHYL-1H-PYRAZOL-3-AMINE,0.058014068 milligram,0.266 micromole,0.058014068000000016 microliter,C7H12BrN3,B1(OC(C(O1)(C)C)(C)C)C2=CN(N=C2C)C,"1,3-dimethyl-4-(4,4,5,5-tetramethyl-1,3,2-dioxaborolan-2-yl)-1H-pyrazole",0.07107104000000002 milligram,0.32000000000000006 micromole,0.07107104000000003 microliter,C11H19BN2O2,[K+].[K+].[K+].[O-]P([O-])([O-])=O,K3PO4,0.42452799999999996 milligram,2.0 micromole,0.42452800000000007 microliter,K3O4P,CN1C=NC2=C1C(=O)N(C(=O)N2C)C,caffeine,0.051654806000000004 milligram,0.266 micromole,0.05165480600000002 microliter,C8H10N4O2,Cc1ccccc1,toluene,9.3096 milligram,101.03645499831781 micromole,10.8 microliter,C7H8,O,water,1.2000000000000002 milligram,66.6111573688593 micromole,1.2000000000000002 microliter,H2O,Cc1nn(C)cc1-c1c(N)nn(C(C)C)c1C,suzuki_product_0,0.0 milligram,0.0 micromole,0 microliter,C12H19N5,Cc1cc(N)nn1C(C)C,dehalogenation_0,0.0 milligram,0.0 micromole,0 microliter,C7H13N3,Cc1ccn(C)n1,deborylation_0,0.0 milligram,0.0 micromole,0 microliter,C5H8N2,CC1=C(C(=NN1C(C)C)N)Br.B1(OC(C(O1)(C)C)(C)C)C2=CN(N=C2C)C>>Cc1nn(C)cc1-c1c(N)nn(C(C)C)c1C.Cc1cc(N)nn1C(C)C.Cc1ccn(C)n1,005_RLN-NB-2443_012_D14,7/7/2023 5:50:41 PM,005_rln-nb-2443_012_d14.raw,2min_150_1200.EXP,005_RLN-NB-2443_012_D14,005_RLN-NB-2443_012_D14,Rxn_Opt_HSST3_2_98,Analog,0,0,0,0,0,1.000838976787135,0.7398,0,0,0,False,96.06874826542,1.25,deborylation_0,0,0,0,0,0,44.171338308275864,41.76924966636532,1.000838976787135,195,0.7398,0,0,0,0,0,0,0,0,0,0,0,0,0,0,0,0,0,0,0,0,0,0,0,0,0,0,0,0,0,0,0,0,0,0,0,0.0,0.0,0.0,0.0,0.0,0.0,0.0,0.0,0.0,0.0,0.0,0.0,0.0,0.0,0.0,0.0,0.0,0.0,0.0,0.0,0.0,0.0,0.0
86,D15,CC(C)C1=CC(C(C)C)=CC(C(C)C)=C1C2=C([P+](C3CCCCC3)([Pd-2]4(OS(C)(=O)=O)C(C=CC=C5)=C5C6=C([NH+]4C)C=CC=C6)C7CCCCC7)C=CC=C2,XPhos Pd G4,0.04582130549999999 milligram,0.05325 micromole,0.0458213055 microliter,C47H64NO3PPdS,CC1=C(C(=NN1C(C)C)N)Br,4-BROMO-1-ISOPROPYL-5-METHYL-1H-PYRAZOL-3-AMINE,0.058014068 milligram,0.266 micromole,0.058014068000000016 microliter,C7H12BrN3,B1(OC(C(O1)(C)C)(C)C)C2=CN(N=C2C)C,"1,3-dimethyl-4-(4,4,5,5-tetramethyl-1,3,2-dioxaborolan-2-yl)-1H-pyrazole",0.07107104000000002 milligram,0.32000000000000006 micromole,0.07107104000000003 microliter,C11H19BN2O2,[Na+].C[Si](C)(C)[O-],NaOTMS,0.22435999999999995 milligram,2.0 micromole,0.22436 microliter,C3H9NaOSi,CN1C=NC2=C1C(=O)N(C(=O)N2C)C,caffeine,0.051654806000000004 milligram,0.266 micromole,0.05165480600000002 microliter,C8H10N4O2,Cc1ccccc1,toluene,9.3096 milligram,101.03645499831781 micromole,10.8 microliter,C7H8,O,water,1.2000000000000002 milligram,66.6111573688593 micromole,1.2000000000000002 microliter,H2O,Cc1nn(C)cc1-c1c(N)nn(C(C)C)c1C,suzuki_product_0,0.0 milligram,0.0 micromole,0 microliter,C12H19N5,Cc1cc(N)nn1C(C)C,dehalogenation_0,0.0 milligram,0.0 micromole,0 microliter,C7H13N3,Cc1ccn(C)n1,deborylation_0,0.0 milligram,0.0 micromole,0 microliter,C5H8N2,CC1=C(C(=NN1C(C)C)N)Br.B1(OC(C(O1)(C)C)(C)C)C2=CN(N=C2C)C>>Cc1nn(C)cc1-c1c(N)nn(C(C)C)c1C.Cc1cc(N)nn1C(C)C.Cc1ccn(C)n1,005_RLN-NB-2443_012_D15,7/7/2023 5:53:09 PM,005_rln-nb-2443_012_d15.raw,2min_150_1200.EXP,005_RLN-NB-2443_012_D15,005_RLN-NB-2443_012_D15,Rxn_Opt_HSST3_2_98,Analog,0,0,0,0,0,0.5616112444514617,0.7398,0,0,0,False,96.06874826542,1.25,deborylation_0,0,0,0,0,0,27.17504570233499,17.856658778232454,0.5616112444514617,194.9,0.7398,0,0,0,0,0,0,0,0,0,0,0,0,0,0,0,0,0,0,0,0,0,0,0,0,0,0,0,0,0,0,0,0,0,0,0,0.0,0.0,0.0,0.0,0.0,0.0,0.0,0.0,0.0,0.0,0.0,0.0,0.0,0.0,0.0,0.0,0.0,0.0,0.0,0.0,0.0,0.0,0.0
87,D16,CC(C)(C)[P+]([Pd-2]1(C2=C(C3=C(C=CC=C3)[NH+]1C)C=CC=C2)OS(C)(=O)=O)(C(C)(C)C)C(C)(C)C,PtBu3 Pd G4,0.03120913275 milligram,0.05325 micromole,0.031209132750000007 microliter,C26H42NO3PPdS,CC1=C(C(=NN1C(C)C)N)Br,4-BROMO-1-ISOPROPYL-5-METHYL-1H-PYRAZOL-3-AMINE,0.058014068 milligram,0.266 micromole,0.058014068000000016 microliter,C7H12BrN3,B1(OC(C(O1)(C)C)(C)C)C2=CN(N=C2C)C,"1,3-dimethyl-4-(4,4,5,5-tetramethyl-1,3,2-dioxaborolan-2-yl)-1H-pyrazole",0.07107104000000002 milligram,0.32000000000000006 micromole,0.07107104000000003 microliter,C11H19BN2O2,[Na+].[Na+].[O-]C([O-])=O,Na2CO3,0.21197599999999997 milligram,2.0 micromole,0.21197600000000003 microliter,CNa2O3,CN1C=NC2=C1C(=O)N(C(=O)N2C)C,caffeine,0.051654806000000004 milligram,0.266 micromole,0.05165480600000002 microliter,C8H10N4O2,Cc1ccccc1,toluene,9.3096 milligram,101.03645499831781 micromole,10.8 microliter,C7H8,O,water,1.2000000000000002 milligram,66.6111573688593 micromole,1.2000000000000002 microliter,H2O,Cc1nn(C)cc1-c1c(N)nn(C(C)C)c1C,suzuki_product_0,0.0 milligram,0.0 micromole,0 microliter,C12H19N5,Cc1cc(N)nn1C(C)C,dehalogenation_0,0.0 milligram,0.0 micromole,0 microliter,C7H13N3,Cc1ccn(C)n1,deborylation_0,0.0 milligram,0.0 micromole,0 microliter,C5H8N2,CC1=C(C(=NN1C(C)C)N)Br.B1(OC(C(O1)(C)C)(C)C)C2=CN(N=C2C)C>>Cc1nn(C)cc1-c1c(N)nn(C(C)C)c1C.Cc1cc(N)nn1C(C)C.Cc1ccn(C)n1,005_RLN-NB-2443_012_D16,7/7/2023 5:55:36 PM,005_rln-nb-2443_012_d16.raw,2min_150_1200.EXP,005_RLN-NB-2443_012_D16,005_RLN-NB-2443_012_D16,Rxn_Opt_HSST3_2_98,Analog,0,0,0,0,0,0.5334323794528651,0.7415,0,0,0,False,96.06874826542,1.25,deborylation_0,0,0,0,0,0,26.060840509332447,41.67732090818872,0.5334323794528651,195,0.7415,0,0,0,0,0,0,0,0,0,0,0,0,0,0,0,0,0,0,0,0,0,0,0,0,0,0,0,0,0,0,0,0,0,0,0,0.0,0.0,0.0,0.0,0.0,0.0,0.0,0.0,0.0,0.0,0.0,0.0,0.0,0.0,0.0,0.0,0.0,0.0,0.0,0.0,0.0,0.0,0.0
88,D17,CC(C)(C)[P+]([Pd-2]1(C2=C(C3=C(C=CC=C3)[NH+]1C)C=CC=C2)OS(C)(=O)=O)(C(C)(C)C)C(C)(C)C,PtBu3 Pd G4,0.03120913275 milligram,0.05325 micromole,0.031209132750000007 microliter,C26H42NO3PPdS,CC1=C(C(=NN1C(C)C)N)Br,4-BROMO-1-ISOPROPYL-5-METHYL-1H-PYRAZOL-3-AMINE,0.058014068 milligram,0.266 micromole,0.058014068000000016 microliter,C7H12BrN3,B1(OC(C(O1)(C)C)(C)C)C2=CN(N=C2C)C,"1,3-dimethyl-4-(4,4,5,5-tetramethyl-1,3,2-dioxaborolan-2-yl)-1H-pyrazole",0.07107104000000002 milligram,0.32000000000000006 micromole,0.07107104000000003 microliter,C11H19BN2O2,[K+].[K+].[K+].[O-]P([O-])([O-])=O,K3PO4,0.42452799999999996 milligram,2.0 micromole,0.42452800000000007 microliter,K3O4P,CN1C=NC2=C1C(=O)N(C(=O)N2C)C,caffeine,0.051654806000000004 milligram,0.266 micromole,0.05165480600000002 microliter,C8H10N4O2,Cc1ccccc1,toluene,9.3096 milligram,101.03645499831781 micromole,10.8 microliter,C7H8,O,water,1.2000000000000002 milligram,66.6111573688593 micromole,1.2000000000000002 microliter,H2O,Cc1nn(C)cc1-c1c(N)nn(C(C)C)c1C,suzuki_product_0,0.0 milligram,0.0 micromole,0 microliter,C12H19N5,Cc1cc(N)nn1C(C)C,dehalogenation_0,0.0 milligram,0.0 micromole,0 microliter,C7H13N3,Cc1ccn(C)n1,deborylation_0,0.0 milligram,0.0 micromole,0 microliter,C5H8N2,CC1=C(C(=NN1C(C)C)N)Br.B1(OC(C(O1)(C)C)(C)C)C2=CN(N=C2C)C>>Cc1nn(C)cc1-c1c(N)nn(C(C)C)c1C.Cc1cc(N)nn1C(C)C.Cc1ccn(C)n1,005_RLN-NB-2443_012_D17,7/7/2023 5:58:03 PM,005_rln-nb-2443_012_d17.raw,2min_150_1200.EXP,005_RLN-NB-2443_012_D17,005_RLN-NB-2443_012_D17,Rxn_Opt_HSST3_2_98,Analog,0,0,0,0,0,0.7233927217316228,0.7415,0,0,0,False,96.06874826542,1.25,deborylation_0,0,0,0,0,0,34.41126406434707,41.31790835754658,0.7233927217316228,194.9,0.7415,0,0,0,0,0,0,0,0,0,0,0,0,0,0,0,0,0,0,0,0,0,0,0,0,0,0,0,0,0,0,0,0,0,0,0,0.0,0.0,0.0,0.0,0.0,0.0,0.0,0.0,0.0,0.0,0.0,0.0,0.0,0.0,0.0,0.0,0.0,0.0,0.0,0.0,0.0,0.0,0.0
89,D18,CC(C)(C)[P+]([Pd-2]1(C2=C(C3=C(C=CC=C3)[NH+]1C)C=CC=C2)OS(C)(=O)=O)(C(C)(C)C)C(C)(C)C,PtBu3 Pd G4,0.03120913275 milligram,0.05325 micromole,0.031209132750000007 microliter,C26H42NO3PPdS,CC1=C(C(=NN1C(C)C)N)Br,4-BROMO-1-ISOPROPYL-5-METHYL-1H-PYRAZOL-3-AMINE,0.058014068 milligram,0.266 micromole,0.058014068000000016 microliter,C7H12BrN3,B1(OC(C(O1)(C)C)(C)C)C2=CN(N=C2C)C,"1,3-dimethyl-4-(4,4,5,5-tetramethyl-1,3,2-dioxaborolan-2-yl)-1H-pyrazole",0.07107104000000002 milligram,0.32000000000000006 micromole,0.07107104000000003 microliter,C11H19BN2O2,[Na+].C[Si](C)(C)[O-],NaOTMS,0.22435999999999995 milligram,2.0 micromole,0.22436 microliter,C3H9NaOSi,CN1C=NC2=C1C(=O)N(C(=O)N2C)C,caffeine,0.051654806000000004 milligram,0.266 micromole,0.05165480600000002 microliter,C8H10N4O2,Cc1ccccc1,toluene,9.3096 milligram,101.03645499831781 micromole,10.8 microliter,C7H8,O,water,1.2000000000000002 milligram,66.6111573688593 micromole,1.2000000000000002 microliter,H2O,Cc1nn(C)cc1-c1c(N)nn(C(C)C)c1C,suzuki_product_0,0.0 milligram,0.0 micromole,0 microliter,C12H19N5,Cc1cc(N)nn1C(C)C,dehalogenation_0,0.0 milligram,0.0 micromole,0 microliter,C7H13N3,Cc1ccn(C)n1,deborylation_0,0.0 milligram,0.0 micromole,0 microliter,C5H8N2,CC1=C(C(=NN1C(C)C)N)Br.B1(OC(C(O1)(C)C)(C)C)C2=CN(N=C2C)C>>Cc1nn(C)cc1-c1c(N)nn(C(C)C)c1C.Cc1cc(N)nn1C(C)C.Cc1ccn(C)n1,005_RLN-NB-2443_012_D18,7/7/2023 6:00:31 PM,005_rln-nb-2443_012_d18.raw,2min_150_1200.EXP,005_RLN-NB-2443_012_D18,005_RLN-NB-2443_012_D18,Rxn_Opt_HSST3_2_98,Analog,0,0,0,0,0,0.559624366246513,0.7398,0,0,0,False,96.06874826542,1.25,deborylation_0,0,0,0,0,0,26.451290497132526,17.337428878815846,0.559624366246513,195,0.7398,0,0,0,0,0,0,0,0,0,0,0,0,0,0,0,0,0,0,0,0,0,0,0,0,0,0,0,0,0,0,0,0,0,0,0,0.0,0.0,0.0,0.0,0.0,0.0,0.0,0.0,0.0,0.0,0.0,0.0,0.0,0.0,0.0,0.0,0.0,0.0,0.0,0.0,0.0,0.0,0.0
90,D19,CC(C1=CC=CC(C(C)C)=C1C2=C(C(OC(C)(C)C)=CC=C2OC)[P+]([Pd-2]3(C4=C(C5=C(C=CC=C5)[NH+]3C)C=CC=C4)OS(C)(=O)=O)(C6CCCCC6)C7CCCCC7)C,GPhos Pd G4,0.049019074499999975 milligram,0.05325 micromole,0.04901907449999999 microliter,C49H68NO5PPdS,CC1=C(C(=NN1C(C)C)N)Br,4-BROMO-1-ISOPROPYL-5-METHYL-1H-PYRAZOL-3-AMINE,0.058014068 milligram,0.266 micromole,0.058014068000000016 microliter,C7H12BrN3,B1(OC(C(O1)(C)C)(C)C)C2=CN(N=C2C)C,"1,3-dimethyl-4-(4,4,5,5-tetramethyl-1,3,2-dioxaborolan-2-yl)-1H-pyrazole",0.07107104000000002 milligram,0.32000000000000006 micromole,0.07107104000000003 microliter,C11H19BN2O2,[Na+].[Na+].[O-]C([O-])=O,Na2CO3,0.21197599999999997 milligram,2.0 micromole,0.21197600000000003 microliter,CNa2O3,CN1C=NC2=C1C(=O)N(C(=O)N2C)C,caffeine,0.051654806000000004 milligram,0.266 micromole,0.05165480600000002 microliter,C8H10N4O2,Cc1ccccc1,toluene,9.3096 milligram,101.03645499831781 micromole,10.8 microliter,C7H8,O,water,1.2000000000000002 milligram,66.6111573688593 micromole,1.2000000000000002 microliter,H2O,Cc1nn(C)cc1-c1c(N)nn(C(C)C)c1C,suzuki_product_0,0.0 milligram,0.0 micromole,0 microliter,C12H19N5,Cc1cc(N)nn1C(C)C,dehalogenation_0,0.0 milligram,0.0 micromole,0 microliter,C7H13N3,Cc1ccn(C)n1,deborylation_0,0.0 milligram,0.0 micromole,0 microliter,C5H8N2,CC1=C(C(=NN1C(C)C)N)Br.B1(OC(C(O1)(C)C)(C)C)C2=CN(N=C2C)C>>Cc1nn(C)cc1-c1c(N)nn(C(C)C)c1C.Cc1cc(N)nn1C(C)C.Cc1ccn(C)n1,005_RLN-NB-2443_012_D19,7/7/2023 6:02:58 PM,005_rln-nb-2443_012_d19.raw,2min_150_1200.EXP,005_RLN-NB-2443_012_D19,005_RLN-NB-2443_012_D19,Rxn_Opt_HSST3_2_98,Analog,0,0,0,0,0,0.6872545840248269,0.7398,0,0,0,False,96.06874826542,1.25,deborylation_0,0,0,0,0,0,34.42232737027664,49.26500981697057,0.6872545840248269,195,0.7398,0,0,0,0,0,0,0,0,0,0,0,0,0,0,0,0,0,0,0,0,0,0,0,0,0,0,0,0,0,0,0,0,0,0,0,0.0,0.0,0.0,0.0,0.0,0.0,0.0,0.0,0.0,0.0,0.0,0.0,0.0,0.0,0.0,0.0,0.0,0.0,0.0,0.0,0.0,0.0,0.0
91,D20,CC(C1=CC=CC(C(C)C)=C1C2=C(C(OC(C)(C)C)=CC=C2OC)[P+]([Pd-2]3(C4=C(C5=C(C=CC=C5)[NH+]3C)C=CC=C4)OS(C)(=O)=O)(C6CCCCC6)C7CCCCC7)C,GPhos Pd G4,0.049019074499999975 milligram,0.05325 micromole,0.04901907449999999 microliter,C49H68NO5PPdS,CC1=C(C(=NN1C(C)C)N)Br,4-BROMO-1-ISOPROPYL-5-METHYL-1H-PYRAZOL-3-AMINE,0.058014068 milligram,0.266 micromole,0.058014068000000016 microliter,C7H12BrN3,B1(OC(C(O1)(C)C)(C)C)C2=CN(N=C2C)C,"1,3-dimethyl-4-(4,4,5,5-tetramethyl-1,3,2-dioxaborolan-2-yl)-1H-pyrazole",0.07107104000000002 milligram,0.32000000000000006 micromole,0.07107104000000003 microliter,C11H19BN2O2,[K+].[K+].[K+].[O-]P([O-])([O-])=O,K3PO4,0.42452799999999996 milligram,2.0 micromole,0.42452800000000007 microliter,K3O4P,CN1C=NC2=C1C(=O)N(C(=O)N2C)C,caffeine,0.051654806000000004 milligram,0.266 micromole,0.05165480600000002 microliter,C8H10N4O2,Cc1ccccc1,toluene,9.3096 milligram,101.03645499831781 micromole,10.8 microliter,C7H8,O,water,1.2000000000000002 milligram,66.6111573688593 micromole,1.2000000000000002 microliter,H2O,Cc1nn(C)cc1-c1c(N)nn(C(C)C)c1C,suzuki_product_0,0.0 milligram,0.0 micromole,0 microliter,C12H19N5,Cc1cc(N)nn1C(C)C,dehalogenation_0,0.0 milligram,0.0 micromole,0 microliter,C7H13N3,Cc1ccn(C)n1,deborylation_0,0.0 milligram,0.0 micromole,0 microliter,C5H8N2,CC1=C(C(=NN1C(C)C)N)Br.B1(OC(C(O1)(C)C)(C)C)C2=CN(N=C2C)C>>Cc1nn(C)cc1-c1c(N)nn(C(C)C)c1C.Cc1cc(N)nn1C(C)C.Cc1ccn(C)n1,005_RLN-NB-2443_012_D20,7/7/2023 6:05:26 PM,005_rln-nb-2443_012_d20.raw,2min_150_1200.EXP,005_RLN-NB-2443_012_D20,005_RLN-NB-2443_012_D20,Rxn_Opt_HSST3_2_98,Analog,0,0,0,0,0,1.203578922500754,0.7431,0,0,0,False,96.06874826542,1.25,deborylation_0,0,0,0,0,0,55.62044417730826,54.44129876164956,1.203578922500754,194.9,0.7431,0,0,0,0,0,0,0,0,0,0,0,0,0,0,0,0,0,0,0,0,0,0,0,0,0,0,0,0,0,0,0,0,0,0,0,0.0,0.0,0.0,0.0,0.0,0.0,0.0,0.0,0.0,0.0,0.0,0.0,0.0,0.0,0.0,0.0,0.0,0.0,0.0,0.0,0.0,0.0,0.0
92,D21,CC(C1=CC=CC(C(C)C)=C1C2=C(C(OC(C)(C)C)=CC=C2OC)[P+]([Pd-2]3(C4=C(C5=C(C=CC=C5)[NH+]3C)C=CC=C4)OS(C)(=O)=O)(C6CCCCC6)C7CCCCC7)C,GPhos Pd G4,0.049019074499999975 milligram,0.05325 micromole,0.04901907449999999 microliter,C49H68NO5PPdS,CC1=C(C(=NN1C(C)C)N)Br,4-BROMO-1-ISOPROPYL-5-METHYL-1H-PYRAZOL-3-AMINE,0.058014068 milligram,0.266 micromole,0.058014068000000016 microliter,C7H12BrN3,B1(OC(C(O1)(C)C)(C)C)C2=CN(N=C2C)C,"1,3-dimethyl-4-(4,4,5,5-tetramethyl-1,3,2-dioxaborolan-2-yl)-1H-pyrazole",0.07107104000000002 milligram,0.32000000000000006 micromole,0.07107104000000003 microliter,C11H19BN2O2,[Na+].C[Si](C)(C)[O-],NaOTMS,0.22435999999999995 milligram,2.0 micromole,0.22436 microliter,C3H9NaOSi,CN1C=NC2=C1C(=O)N(C(=O)N2C)C,caffeine,0.051654806000000004 milligram,0.266 micromole,0.05165480600000002 microliter,C8H10N4O2,Cc1ccccc1,toluene,9.3096 milligram,101.03645499831781 micromole,10.8 microliter,C7H8,O,water,1.2000000000000002 milligram,66.6111573688593 micromole,1.2000000000000002 microliter,H2O,Cc1nn(C)cc1-c1c(N)nn(C(C)C)c1C,suzuki_product_0,0.0 milligram,0.0 micromole,0 microliter,C12H19N5,Cc1cc(N)nn1C(C)C,dehalogenation_0,0.0 milligram,0.0 micromole,0 microliter,C7H13N3,Cc1ccn(C)n1,deborylation_0,0.0 milligram,0.0 micromole,0 microliter,C5H8N2,CC1=C(C(=NN1C(C)C)N)Br.B1(OC(C(O1)(C)C)(C)C)C2=CN(N=C2C)C>>Cc1nn(C)cc1-c1c(N)nn(C(C)C)c1C.Cc1cc(N)nn1C(C)C.Cc1ccn(C)n1,005_RLN-NB-2443_012_D21,7/7/2023 6:07:53 PM,005_rln-nb-2443_012_d21.raw,2min_150_1200.EXP,005_RLN-NB-2443_012_D21,005_RLN-NB-2443_012_D21,Rxn_Opt_HSST3_2_98,Analog,0,0,0,0,0,0.10392258227425959,0.7398,0,0,0,False,96.06874826542,1.25,deborylation_0,0,0,0,0,0,5.243970999043876,1.4454183385249644,0.10392258227425959,195.1,0.7398,0,0,0,0,0,0,0,0,0,0,0,0,0,0,0,0,0,0,0,0,0,0,0,0,0,0,0,0,0,0,0,0,0,0,0,0.0,0.0,0.0,0.0,0.0,0.0,0.0,0.0,0.0,0.0,0.0,0.0,0.0,0.0,0.0,0.0,0.0,0.0,0.0,0.0,0.0,0.0,0.0
93,D22,Cl[Pd]Cl.CC1(C)c2cccc(P(c3ccccc3)c4ccccc4)c2Oc5c(cccc15)P(c6ccccc6)c7ccccc7,PdCl2(XantPhos),0.04025476350000001 milligram,0.05325 micromole,0.04025476350000002 microliter,C39H32Cl2OP2Pd,CC1=C(C(=NN1C(C)C)N)Br,4-BROMO-1-ISOPROPYL-5-METHYL-1H-PYRAZOL-3-AMINE,0.058014068 milligram,0.266 micromole,0.058014068000000016 microliter,C7H12BrN3,B1(OC(C(O1)(C)C)(C)C)C2=CN(N=C2C)C,"1,3-dimethyl-4-(4,4,5,5-tetramethyl-1,3,2-dioxaborolan-2-yl)-1H-pyrazole",0.07107104000000002 milligram,0.32000000000000006 micromole,0.07107104000000003 microliter,C11H19BN2O2,[Na+].[Na+].[O-]C([O-])=O,Na2CO3,0.21197599999999997 milligram,2.0 micromole,0.21197600000000003 microliter,CNa2O3,CN1C=NC2=C1C(=O)N(C(=O)N2C)C,caffeine,0.051654806000000004 milligram,0.266 micromole,0.05165480600000002 microliter,C8H10N4O2,Cc1ccccc1,toluene,9.3096 milligram,101.03645499831781 micromole,10.8 microliter,C7H8,O,water,1.2000000000000002 milligram,66.6111573688593 micromole,1.2000000000000002 microliter,H2O,Cc1nn(C)cc1-c1c(N)nn(C(C)C)c1C,suzuki_product_0,0.0 milligram,0.0 micromole,0 microliter,C12H19N5,Cc1cc(N)nn1C(C)C,dehalogenation_0,0.0 milligram,0.0 micromole,0 microliter,C7H13N3,Cc1ccn(C)n1,deborylation_0,0.0 milligram,0.0 micromole,0 microliter,C5H8N2,CC1=C(C(=NN1C(C)C)N)Br.B1(OC(C(O1)(C)C)(C)C)C2=CN(N=C2C)C>>Cc1nn(C)cc1-c1c(N)nn(C(C)C)c1C.Cc1cc(N)nn1C(C)C.Cc1ccn(C)n1,005_RLN-NB-2443_012_D22,7/7/2023 6:10:20 PM,005_rln-nb-2443_012_d22.raw,2min_150_1200.EXP,005_RLN-NB-2443_012_D22,005_RLN-NB-2443_012_D22,Rxn_Opt_HSST3_2_98,Analog,0,0,0,0,0,0.4611171641952335,0.7398,0,0,0,False,96.06874826542,1.25,deborylation_0,0,0,0,0,0,23.004705805896627,24.52491327540146,0.4611171641952335,194.9,0.7398,0,0,0,0,0,0,0,0,0,0,0,0,0,0,0,0,0,0,0,0,0,0,0,0,0,0,0,0,0,0,0,0,0,0,0,0.0,0.0,0.0,0.0,0.0,0.0,0.0,0.0,0.0,0.0,0.0,0.0,0.0,0.0,0.0,0.0,0.0,0.0,0.0,0.0,0.0,0.0,0.0
94,D23,Cl[Pd]Cl.CC1(C)c2cccc(P(c3ccccc3)c4ccccc4)c2Oc5c(cccc15)P(c6ccccc6)c7ccccc7,PdCl2(XantPhos),0.04025476350000001 milligram,0.05325 micromole,0.04025476350000002 microliter,C39H32Cl2OP2Pd,CC1=C(C(=NN1C(C)C)N)Br,4-BROMO-1-ISOPROPYL-5-METHYL-1H-PYRAZOL-3-AMINE,0.058014068 milligram,0.266 micromole,0.058014068000000016 microliter,C7H12BrN3,B1(OC(C(O1)(C)C)(C)C)C2=CN(N=C2C)C,"1,3-dimethyl-4-(4,4,5,5-tetramethyl-1,3,2-dioxaborolan-2-yl)-1H-pyrazole",0.07107104000000002 milligram,0.32000000000000006 micromole,0.07107104000000003 microliter,C11H19BN2O2,[K+].[K+].[K+].[O-]P([O-])([O-])=O,K3PO4,0.42452799999999996 milligram,2.0 micromole,0.42452800000000007 microliter,K3O4P,CN1C=NC2=C1C(=O)N(C(=O)N2C)C,caffeine,0.051654806000000004 milligram,0.266 micromole,0.05165480600000002 microliter,C8H10N4O2,Cc1ccccc1,toluene,9.3096 milligram,101.03645499831781 micromole,10.8 microliter,C7H8,O,water,1.2000000000000002 milligram,66.6111573688593 micromole,1.2000000000000002 microliter,H2O,Cc1nn(C)cc1-c1c(N)nn(C(C)C)c1C,suzuki_product_0,0.0 milligram,0.0 micromole,0 microliter,C12H19N5,Cc1cc(N)nn1C(C)C,dehalogenation_0,0.0 milligram,0.0 micromole,0 microliter,C7H13N3,Cc1ccn(C)n1,deborylation_0,0.0 milligram,0.0 micromole,0 microliter,C5H8N2,CC1=C(C(=NN1C(C)C)N)Br.B1(OC(C(O1)(C)C)(C)C)C2=CN(N=C2C)C>>Cc1nn(C)cc1-c1c(N)nn(C(C)C)c1C.Cc1cc(N)nn1C(C)C.Cc1ccn(C)n1,005_RLN-NB-2443_012_D23,7/7/2023 6:12:48 PM,005_rln-nb-2443_012_d23.raw,2min_150_1200.EXP,005_RLN-NB-2443_012_D23,005_RLN-NB-2443_012_D23,Rxn_Opt_HSST3_2_98,Analog,0,0,0,0,0,0.9136335581496472,0.7398,0,0,0,False,96.06874826542,1.25,deborylation_0,0,0,0,0,0,42.37662054210972,27.370058545974874,0.9136335581496472,194.9,0.7398,0,0,0,0,0,0,0,0,0,0,0,0,0,0,0,0,0,0,0,0,0,0,0,0,0,0,0,0,0,0,0,0,0,0,0,0.0,0.0,0.0,0.0,0.0,0.0,0.0,0.0,0.0,0.0,0.0,0.0,0.0,0.0,0.0,0.0,0.0,0.0,0.0,0.0,0.0,0.0,0.0
95,D24,Cl[Pd]Cl.CC1(C)c2cccc(P(c3ccccc3)c4ccccc4)c2Oc5c(cccc15)P(c6ccccc6)c7ccccc7,PdCl2(XantPhos),0.04025476350000001 milligram,0.05325 micromole,0.04025476350000002 microliter,C39H32Cl2OP2Pd,CC1=C(C(=NN1C(C)C)N)Br,4-BROMO-1-ISOPROPYL-5-METHYL-1H-PYRAZOL-3-AMINE,0.058014068 milligram,0.266 micromole,0.058014068000000016 microliter,C7H12BrN3,B1(OC(C(O1)(C)C)(C)C)C2=CN(N=C2C)C,"1,3-dimethyl-4-(4,4,5,5-tetramethyl-1,3,2-dioxaborolan-2-yl)-1H-pyrazole",0.07107104000000002 milligram,0.32000000000000006 micromole,0.07107104000000003 microliter,C11H19BN2O2,[Na+].C[Si](C)(C)[O-],NaOTMS,0.22435999999999995 milligram,2.0 micromole,0.22436 microliter,C3H9NaOSi,CN1C=NC2=C1C(=O)N(C(=O)N2C)C,caffeine,0.051654806000000004 milligram,0.266 micromole,0.05165480600000002 microliter,C8H10N4O2,Cc1ccccc1,toluene,9.3096 milligram,101.03645499831781 micromole,10.8 microliter,C7H8,O,water,1.2000000000000002 milligram,66.6111573688593 micromole,1.2000000000000002 microliter,H2O,Cc1nn(C)cc1-c1c(N)nn(C(C)C)c1C,suzuki_product_0,0.0 milligram,0.0 micromole,0 microliter,C12H19N5,Cc1cc(N)nn1C(C)C,dehalogenation_0,0.0 milligram,0.0 micromole,0 microliter,C7H13N3,Cc1ccn(C)n1,deborylation_0,0.0 milligram,0.0 micromole,0 microliter,C5H8N2,CC1=C(C(=NN1C(C)C)N)Br.B1(OC(C(O1)(C)C)(C)C)C2=CN(N=C2C)C>>Cc1nn(C)cc1-c1c(N)nn(C(C)C)c1C.Cc1cc(N)nn1C(C)C.Cc1ccn(C)n1,005_RLN-NB-2443_012_D24,7/7/2023 6:15:15 PM,005_rln-nb-2443_012_d24.raw,2min_150_1200.EXP,005_RLN-NB-2443_012_D24,005_RLN-NB-2443_012_D24,Rxn_Opt_HSST3_2_98,Analog,0,0,0,0,0,0.9011319720546755,0.7415,0,0,0,False,96.06874826542,1.25,deborylation_0,0,0,0,0,0,43.08026891737394,13.961033712653062,0.9011319720546755,195,0.7415,0,0,0,0,0,0,0,0,0,0,0,0,0,0,0,0,0,0,0,0,0,0,0,0,0,0,0,0,0,0,0,0,0,0,0,0.0,0.0,0.0,0.0,0.0,0.0,0.0,0.0,0.0,0.0,0.0,0.0,0.0,0.0,0.0,0.0,0.0,0.0,0.0,0.0,0.0,0.0,0.0
96,E1,CC(C)C1=CC(C(C)C)=CC(C(C)C)=C1C2=C([P+](C3CCCCC3)([Pd-2]4(OS(C)(=O)=O)C(C=CC=C5)=C5C6=C([NH+]4C)C=CC=C6)C7CCCCC7)C=CC=C2,XPhos Pd G4,0.04582130549999999 milligram,0.05325 micromole,0.0458213055 microliter,C47H64NO3PPdS,COC1=C(N)C(Cl)=NC=N1,4-chloro-6-methoxypyrimidin-5-amine,0.04244721600000001 milligram,0.266 micromole,0.04244721600000002 microliter,C5H6ClN3O,O=[N+](C1=CC=CC=C1B2OC(C)(C)C(C)(C)O2)[O-],"4,4,5,5-tetramethyl-2-(2-nitrophenyl)-1,3,2-dioxaborolane",0.079704 milligram,0.32000000000000006 micromole,0.07970400000000001 microliter,C12H16BNO4,[Na+].[Na+].[O-]C([O-])=O,Na2CO3,0.21197599999999997 milligram,2.0 micromole,0.21197600000000003 microliter,CNa2O3,CN1C=NC2=C1C(=O)N(C(=O)N2C)C,caffeine,0.051654806000000004 milligram,0.266 micromole,0.05165480600000002 microliter,C8H10N4O2,Cc1ccccc1,toluene,9.3096 milligram,101.03645499831781 micromole,10.8 microliter,C7H8,O,water,1.2000000000000002 milligram,66.6111573688593 micromole,1.2000000000000002 microliter,H2O,COc1ncnc(-c2ccccc2[N+](=O)[O-])c1N,suzuki_product_0,0.0 milligram,0.0 micromole,0 microliter,C11H10N4O3,COc1ncncc1N,dehalogenation_0,0.0 milligram,0.0 micromole,0 microliter,C5H7N3O,O=[N+]([O-])c1ccccc1,deborylation_0,0.0 milligram,0.0 micromole,0 microliter,C6H5NO2,COC1=C(N)C(Cl)=NC=N1.O=[N+](C1=CC=CC=C1B2OC(C)(C)C(C)(C)O2)[O-]>>COc1ncnc(-c2ccccc2[N+](=O)[O-])c1N.COc1ncncc1N.O=[N+]([O-])c1ccccc1,005_RLN-NB-2443_012_E1,7/7/2023 6:17:42 PM,005_rln-nb-2443_012_e1.raw,2min_150_1200.EXP,005_RLN-NB-2443_012_E1,005_RLN-NB-2443_012_E1,Rxn_Opt_HSST3_2_98,Analog,0.2422607083173705,0,0.22185134003487972,21.40285012052162,0.9181,0.9157545256750683,0.7398,0,0,0,False,123.03202840392001,1.25,deborylation_0,0,0,0,0,0,43.56223352610543,46.90632536087216,0.9157545256750683,195,0.7398,0,0,0,0,0,0,0,0,0,0,10.980623043790342,11.36355960648993,0.22185134003487972,247.1,0.9181,0,0,0,0,0,0,0,0,0,0,0,0,0,0,0,0,0,0,0,0,0.0,0.0,0.0,0.0,0.0,0.0,0.0,0.0,0.0,6.444134841242055e-05,24.226070831737047,0.0,0.0,0.0,0.0,0.0,0.0,0.0,0.0,0.0,0.0,0.0,0.0
97,E2,CC(C)C1=CC(C(C)C)=CC(C(C)C)=C1C2=C([P+](C3CCCCC3)([Pd-2]4(OS(C)(=O)=O)C(C=CC=C5)=C5C6=C([NH+]4C)C=CC=C6)C7CCCCC7)C=CC=C2,XPhos Pd G4,0.04582130549999999 milligram,0.05325 micromole,0.0458213055 microliter,C47H64NO3PPdS,COC1=C(N)C(Cl)=NC=N1,4-chloro-6-methoxypyrimidin-5-amine,0.04244721600000001 milligram,0.266 micromole,0.04244721600000002 microliter,C5H6ClN3O,O=[N+](C1=CC=CC=C1B2OC(C)(C)C(C)(C)O2)[O-],"4,4,5,5-tetramethyl-2-(2-nitrophenyl)-1,3,2-dioxaborolane",0.079704 milligram,0.32000000000000006 micromole,0.07970400000000001 microliter,C12H16BNO4,[K+].[K+].[K+].[O-]P([O-])([O-])=O,K3PO4,0.42452799999999996 milligram,2.0 micromole,0.42452800000000007 microliter,K3O4P,CN1C=NC2=C1C(=O)N(C(=O)N2C)C,caffeine,0.051654806000000004 milligram,0.266 micromole,0.05165480600000002 microliter,C8H10N4O2,Cc1ccccc1,toluene,9.3096 milligram,101.03645499831781 micromole,10.8 microliter,C7H8,O,water,1.2000000000000002 milligram,66.6111573688593 micromole,1.2000000000000002 microliter,H2O,COc1ncnc(-c2ccccc2[N+](=O)[O-])c1N,suzuki_product_0,0.0 milligram,0.0 micromole,0 microliter,C11H10N4O3,COc1ncncc1N,dehalogenation_0,0.0 milligram,0.0 micromole,0 microliter,C5H7N3O,O=[N+]([O-])c1ccccc1,deborylation_0,0.0 milligram,0.0 micromole,0 microliter,C6H5NO2,COC1=C(N)C(Cl)=NC=N1.O=[N+](C1=CC=CC=C1B2OC(C)(C)C(C)(C)O2)[O-]>>COc1ncnc(-c2ccccc2[N+](=O)[O-])c1N.COc1ncncc1N.O=[N+]([O-])c1ccccc1,005_RLN-NB-2443_012_E2,7/7/2023 6:20:09 PM,005_rln-nb-2443_012_e2.raw,2min_150_1200.EXP,005_RLN-NB-2443_012_E2,005_RLN-NB-2443_012_E2,Rxn_Opt_HSST3_2_98,Analog,1.3278168146961906,0,2.17534471245826,49.831128762172646,0.9198,1.6382867639434036,0.7398,0,0,0,False,123.03202840392001,1.25,deborylation_0,0,0,0,0,0,76.11969436795161,27.287860418402005,1.6382867639434036,195,0.7398,0,0,0,0,0,0,0,0,0,0,95.78313926399356,36.2332799006368,2.17534471245826,247,0.9198,0,0,0,0,0,0,0,0,0,0,0,0,0,0,0,0,0,0,0,0,0.0,0.0,0.0,0.0,0.0,0.0,0.0,0.0,0.0,0.0003531992727091867,132.78168146961906,0.0,0.0,0.0,0.0,0.0,0.0,0.0,0.0,0.0,0.0,0.0,0.0
98,E3,CC(C)C1=CC(C(C)C)=CC(C(C)C)=C1C2=C([P+](C3CCCCC3)([Pd-2]4(OS(C)(=O)=O)C(C=CC=C5)=C5C6=C([NH+]4C)C=CC=C6)C7CCCCC7)C=CC=C2,XPhos Pd G4,0.04582130549999999 milligram,0.05325 micromole,0.0458213055 microliter,C47H64NO3PPdS,COC1=C(N)C(Cl)=NC=N1,4-chloro-6-methoxypyrimidin-5-amine,0.04244721600000001 milligram,0.266 micromole,0.04244721600000002 microliter,C5H6ClN3O,O=[N+](C1=CC=CC=C1B2OC(C)(C)C(C)(C)O2)[O-],"4,4,5,5-tetramethyl-2-(2-nitrophenyl)-1,3,2-dioxaborolane",0.079704 milligram,0.32000000000000006 micromole,0.07970400000000001 microliter,C12H16BNO4,[Na+].C[Si](C)(C)[O-],NaOTMS,0.22435999999999995 milligram,2.0 micromole,0.22436 microliter,C3H9NaOSi,CN1C=NC2=C1C(=O)N(C(=O)N2C)C,caffeine,0.051654806000000004 milligram,0.266 micromole,0.05165480600000002 microliter,C8H10N4O2,Cc1ccccc1,toluene,9.3096 milligram,101.03645499831781 micromole,10.8 microliter,C7H8,O,water,1.2000000000000002 milligram,66.6111573688593 micromole,1.2000000000000002 microliter,H2O,COc1ncnc(-c2ccccc2[N+](=O)[O-])c1N,suzuki_product_0,0.0 milligram,0.0 micromole,0 microliter,C11H10N4O3,COc1ncncc1N,dehalogenation_0,0.0 milligram,0.0 micromole,0 microliter,C5H7N3O,O=[N+]([O-])c1ccccc1,deborylation_0,0.0 milligram,0.0 micromole,0 microliter,C6H5NO2,COC1=C(N)C(Cl)=NC=N1.O=[N+](C1=CC=CC=C1B2OC(C)(C)C(C)(C)O2)[O-]>>COc1ncnc(-c2ccccc2[N+](=O)[O-])c1N.COc1ncncc1N.O=[N+]([O-])c1ccccc1,005_RLN-NB-2443_012_E3,7/7/2023 6:22:36 PM,005_rln-nb-2443_012_e3.raw,2min_150_1200.EXP,005_RLN-NB-2443_012_E3,005_RLN-NB-2443_012_E3,Rxn_Opt_HSST3_2_98,Analog,0.7102262174573049,0,0.8747344502868529,20.14632752340217,0.9181,1.2316279359814502,0.7398,0,0,0,False,123.03202840392001,1.25,deborylation_0,0,0,0,0,0,55.67107005048024,22.097795011248607,1.2316279359814502,194.9,0.7398,0,0,0,0,0,0,0,0,0,0,40.98918004976397,15.694433364986002,0.8747344502868529,246.9,0.9181,0,0,0,0,0,0,0,0,0,0,0,0,0,0,0,0,0,0,0,0,0.0,0.0,0.0,0.0,0.0,0.0,0.0,0.0,0.0,0.0001889201738436431,71.02262174573049,0.0,0.0,0.0,0.0,0.0,0.0,0.0,0.0,0.0,0.0,0.0,0.0
99,E4,CC(C)(C)[P+]([Pd-2]1(C2=C(C3=C(C=CC=C3)[NH+]1C)C=CC=C2)OS(C)(=O)=O)(C(C)(C)C)C(C)(C)C,PtBu3 Pd G4,0.03120913275 milligram,0.05325 micromole,0.031209132750000007 microliter,C26H42NO3PPdS,COC1=C(N)C(Cl)=NC=N1,4-chloro-6-methoxypyrimidin-5-amine,0.04244721600000001 milligram,0.266 micromole,0.04244721600000002 microliter,C5H6ClN3O,O=[N+](C1=CC=CC=C1B2OC(C)(C)C(C)(C)O2)[O-],"4,4,5,5-tetramethyl-2-(2-nitrophenyl)-1,3,2-dioxaborolane",0.079704 milligram,0.32000000000000006 micromole,0.07970400000000001 microliter,C12H16BNO4,[Na+].[Na+].[O-]C([O-])=O,Na2CO3,0.21197599999999997 milligram,2.0 micromole,0.21197600000000003 microliter,CNa2O3,CN1C=NC2=C1C(=O)N(C(=O)N2C)C,caffeine,0.051654806000000004 milligram,0.266 micromole,0.05165480600000002 microliter,C8H10N4O2,Cc1ccccc1,toluene,9.3096 milligram,101.03645499831781 micromole,10.8 microliter,C7H8,O,water,1.2000000000000002 milligram,66.6111573688593 micromole,1.2000000000000002 microliter,H2O,COc1ncnc(-c2ccccc2[N+](=O)[O-])c1N,suzuki_product_0,0.0 milligram,0.0 micromole,0 microliter,C11H10N4O3,COc1ncncc1N,dehalogenation_0,0.0 milligram,0.0 micromole,0 microliter,C5H7N3O,O=[N+]([O-])c1ccccc1,deborylation_0,0.0 milligram,0.0 micromole,0 microliter,C6H5NO2,COC1=C(N)C(Cl)=NC=N1.O=[N+](C1=CC=CC=C1B2OC(C)(C)C(C)(C)O2)[O-]>>COc1ncnc(-c2ccccc2[N+](=O)[O-])c1N.COc1ncncc1N.O=[N+]([O-])c1ccccc1,005_RLN-NB-2443_012_E4,7/7/2023 6:25:04 PM,005_rln-nb-2443_012_e4.raw,2min_150_1200.EXP,005_RLN-NB-2443_012_E4,005_RLN-NB-2443_012_E4,Rxn_Opt_HSST3_2_98,Analog,0,0,0,0,0,0.5495326133893195,0.7415,0,0,0,False,123.03202840392001,1.25,deborylation_0,0,0,0,0,0,26.72960217219124,39.45372798960356,0.5495326133893195,194.9,0.7415,0,0,0,0,0,0,0,0,0,0,0,0,0,0,0,0,0,0,0,0,0,0,0,0,0,0,0,0,0,0,0,0,0,0,0,0.0,0.0,0.0,0.0,0.0,0.0,0.0,0.0,0.0,0.0,0.0,0.0,0.0,0.0,0.0,0.0,0.0,0.0,0.0,0.0,0.0,0.0,0.0
100,E5,CC(C)(C)[P+]([Pd-2]1(C2=C(C3=C(C=CC=C3)[NH+]1C)C=CC=C2)OS(C)(=O)=O)(C(C)(C)C)C(C)(C)C,PtBu3 Pd G4,0.03120913275 milligram,0.05325 micromole,0.031209132750000007 microliter,C26H42NO3PPdS,COC1=C(N)C(Cl)=NC=N1,4-chloro-6-methoxypyrimidin-5-amine,0.04244721600000001 milligram,0.266 micromole,0.04244721600000002 microliter,C5H6ClN3O,O=[N+](C1=CC=CC=C1B2OC(C)(C)C(C)(C)O2)[O-],"4,4,5,5-tetramethyl-2-(2-nitrophenyl)-1,3,2-dioxaborolane",0.079704 milligram,0.32000000000000006 micromole,0.07970400000000001 microliter,C12H16BNO4,[K+].[K+].[K+].[O-]P([O-])([O-])=O,K3PO4,0.42452799999999996 milligram,2.0 micromole,0.42452800000000007 microliter,K3O4P,CN1C=NC2=C1C(=O)N(C(=O)N2C)C,caffeine,0.051654806000000004 milligram,0.266 micromole,0.05165480600000002 microliter,C8H10N4O2,Cc1ccccc1,toluene,9.3096 milligram,101.03645499831781 micromole,10.8 microliter,C7H8,O,water,1.2000000000000002 milligram,66.6111573688593 micromole,1.2000000000000002 microliter,H2O,COc1ncnc(-c2ccccc2[N+](=O)[O-])c1N,suzuki_product_0,0.0 milligram,0.0 micromole,0 microliter,C11H10N4O3,COc1ncncc1N,dehalogenation_0,0.0 milligram,0.0 micromole,0 microliter,C5H7N3O,O=[N+]([O-])c1ccccc1,deborylation_0,0.0 milligram,0.0 micromole,0 microliter,C6H5NO2,COC1=C(N)C(Cl)=NC=N1.O=[N+](C1=CC=CC=C1B2OC(C)(C)C(C)(C)O2)[O-]>>COc1ncnc(-c2ccccc2[N+](=O)[O-])c1N.COc1ncncc1N.O=[N+]([O-])c1ccccc1,005_RLN-NB-2443_012_E5,7/7/2023 6:27:30 PM,005_rln-nb-2443_012_e5.raw,2min_150_1200.EXP,005_RLN-NB-2443_012_E5,005_RLN-NB-2443_012_E5,Rxn_Opt_HSST3_2_98,Analog,0,0,0,0,0,0.5070349861282891,0.7398,0,0,0,False,123.03202840392001,1.25,deborylation_0,0,0,0,0,0,25.30176143212906,32.85336793225281,0.5070349861282891,195,0.7398,0,0,0,0,0,0,0,0,0,0,0,0,0,0,0,0,0,0,0,0,0,0,0,0,0,0,0,0,0,0,0,0,0,0,0,0.0,0.0,0.0,0.0,0.0,0.0,0.0,0.0,0.0,0.0,0.0,0.0,0.0,0.0,0.0,0.0,0.0,0.0,0.0,0.0,0.0,0.0,0.0
101,E6,CC(C)(C)[P+]([Pd-2]1(C2=C(C3=C(C=CC=C3)[NH+]1C)C=CC=C2)OS(C)(=O)=O)(C(C)(C)C)C(C)(C)C,PtBu3 Pd G4,0.03120913275 milligram,0.05325 micromole,0.031209132750000007 microliter,C26H42NO3PPdS,COC1=C(N)C(Cl)=NC=N1,4-chloro-6-methoxypyrimidin-5-amine,0.04244721600000001 milligram,0.266 micromole,0.04244721600000002 microliter,C5H6ClN3O,O=[N+](C1=CC=CC=C1B2OC(C)(C)C(C)(C)O2)[O-],"4,4,5,5-tetramethyl-2-(2-nitrophenyl)-1,3,2-dioxaborolane",0.079704 milligram,0.32000000000000006 micromole,0.07970400000000001 microliter,C12H16BNO4,[Na+].C[Si](C)(C)[O-],NaOTMS,0.22435999999999995 milligram,2.0 micromole,0.22436 microliter,C3H9NaOSi,CN1C=NC2=C1C(=O)N(C(=O)N2C)C,caffeine,0.051654806000000004 milligram,0.266 micromole,0.05165480600000002 microliter,C8H10N4O2,Cc1ccccc1,toluene,9.3096 milligram,101.03645499831781 micromole,10.8 microliter,C7H8,O,water,1.2000000000000002 milligram,66.6111573688593 micromole,1.2000000000000002 microliter,H2O,COc1ncnc(-c2ccccc2[N+](=O)[O-])c1N,suzuki_product_0,0.0 milligram,0.0 micromole,0 microliter,C11H10N4O3,COc1ncncc1N,dehalogenation_0,0.0 milligram,0.0 micromole,0 microliter,C5H7N3O,O=[N+]([O-])c1ccccc1,deborylation_0,0.0 milligram,0.0 micromole,0 microliter,C6H5NO2,COC1=C(N)C(Cl)=NC=N1.O=[N+](C1=CC=CC=C1B2OC(C)(C)C(C)(C)O2)[O-]>>COc1ncnc(-c2ccccc2[N+](=O)[O-])c1N.COc1ncncc1N.O=[N+]([O-])c1ccccc1,005_RLN-NB-2443_012_E6,7/7/2023 6:29:57 PM,005_rln-nb-2443_012_e6.raw,2min_150_1200.EXP,005_RLN-NB-2443_012_E6,005_RLN-NB-2443_012_E6,Rxn_Opt_HSST3_2_98,Analog,0,0,0,0,0,0.8425254095900021,0.7398,0,0,0,False,123.03202840392001,1.25,deborylation_0,0,0,0,0,0,41.17540638584019,32.33914445439396,0.8425254095900021,194.9,0.7398,0,0,0,0,0,0,0,0,0,0,0,0,0,0,0,0,0,0,0,0,0,0,0,0,0,0,0,0,0,0,0,0,0,0,0,0.0,0.0,0.0,0.0,0.0,0.0,0.0,0.0,0.0,0.0,0.0,0.0,0.0,0.0,0.0,0.0,0.0,0.0,0.0,0.0,0.0,0.0,0.0
102,E7,CC(C1=CC=CC(C(C)C)=C1C2=C(C(OC(C)(C)C)=CC=C2OC)[P+]([Pd-2]3(C4=C(C5=C(C=CC=C5)[NH+]3C)C=CC=C4)OS(C)(=O)=O)(C6CCCCC6)C7CCCCC7)C,GPhos Pd G4,0.049019074499999975 milligram,0.05325 micromole,0.04901907449999999 microliter,C49H68NO5PPdS,COC1=C(N)C(Cl)=NC=N1,4-chloro-6-methoxypyrimidin-5-amine,0.04244721600000001 milligram,0.266 micromole,0.04244721600000002 microliter,C5H6ClN3O,O=[N+](C1=CC=CC=C1B2OC(C)(C)C(C)(C)O2)[O-],"4,4,5,5-tetramethyl-2-(2-nitrophenyl)-1,3,2-dioxaborolane",0.079704 milligram,0.32000000000000006 micromole,0.07970400000000001 microliter,C12H16BNO4,[Na+].[Na+].[O-]C([O-])=O,Na2CO3,0.21197599999999997 milligram,2.0 micromole,0.21197600000000003 microliter,CNa2O3,CN1C=NC2=C1C(=O)N(C(=O)N2C)C,caffeine,0.051654806000000004 milligram,0.266 micromole,0.05165480600000002 microliter,C8H10N4O2,Cc1ccccc1,toluene,9.3096 milligram,101.03645499831781 micromole,10.8 microliter,C7H8,O,water,1.2000000000000002 milligram,66.6111573688593 micromole,1.2000000000000002 microliter,H2O,COc1ncnc(-c2ccccc2[N+](=O)[O-])c1N,suzuki_product_0,0.0 milligram,0.0 micromole,0 microliter,C11H10N4O3,COc1ncncc1N,dehalogenation_0,0.0 milligram,0.0 micromole,0 microliter,C5H7N3O,O=[N+]([O-])c1ccccc1,deborylation_0,0.0 milligram,0.0 micromole,0 microliter,C6H5NO2,COC1=C(N)C(Cl)=NC=N1.O=[N+](C1=CC=CC=C1B2OC(C)(C)C(C)(C)O2)[O-]>>COc1ncnc(-c2ccccc2[N+](=O)[O-])c1N.COc1ncncc1N.O=[N+]([O-])c1ccccc1,005_RLN-NB-2443_012_E7,7/7/2023 6:32:24 PM,005_rln-nb-2443_012_e7.raw,2min_150_1200.EXP,005_RLN-NB-2443_012_E7,005_RLN-NB-2443_012_E7,Rxn_Opt_HSST3_2_98,Analog,0,0,0,0,0,0.8640323789102602,0.7415,0,0,0,False,123.03202840392001,1.25,deborylation_0,0,0,0,0,0,41.00367910115697,56.737156863015144,0.8640323789102602,194.9,0.7415,0,0,0,0,0,0,0,0,0,0,0,0,0,0,0,0,0,0,0,0,0,0,0,0,0,0,0,0,0,0,0,0,0,0,0,0.0,0.0,0.0,0.0,0.0,0.0,0.0,0.0,0.0,0.0,0.0,0.0,0.0,0.0,0.0,0.0,0.0,0.0,0.0,0.0,0.0,0.0,0.0
103,E8,CC(C1=CC=CC(C(C)C)=C1C2=C(C(OC(C)(C)C)=CC=C2OC)[P+]([Pd-2]3(C4=C(C5=C(C=CC=C5)[NH+]3C)C=CC=C4)OS(C)(=O)=O)(C6CCCCC6)C7CCCCC7)C,GPhos Pd G4,0.049019074499999975 milligram,0.05325 micromole,0.04901907449999999 microliter,C49H68NO5PPdS,COC1=C(N)C(Cl)=NC=N1,4-chloro-6-methoxypyrimidin-5-amine,0.04244721600000001 milligram,0.266 micromole,0.04244721600000002 microliter,C5H6ClN3O,O=[N+](C1=CC=CC=C1B2OC(C)(C)C(C)(C)O2)[O-],"4,4,5,5-tetramethyl-2-(2-nitrophenyl)-1,3,2-dioxaborolane",0.079704 milligram,0.32000000000000006 micromole,0.07970400000000001 microliter,C12H16BNO4,[K+].[K+].[K+].[O-]P([O-])([O-])=O,K3PO4,0.42452799999999996 milligram,2.0 micromole,0.42452800000000007 microliter,K3O4P,CN1C=NC2=C1C(=O)N(C(=O)N2C)C,caffeine,0.051654806000000004 milligram,0.266 micromole,0.05165480600000002 microliter,C8H10N4O2,Cc1ccccc1,toluene,9.3096 milligram,101.03645499831781 micromole,10.8 microliter,C7H8,O,water,1.2000000000000002 milligram,66.6111573688593 micromole,1.2000000000000002 microliter,H2O,COc1ncnc(-c2ccccc2[N+](=O)[O-])c1N,suzuki_product_0,0.0 milligram,0.0 micromole,0 microliter,C11H10N4O3,COc1ncncc1N,dehalogenation_0,0.0 milligram,0.0 micromole,0 microliter,C5H7N3O,O=[N+]([O-])c1ccccc1,deborylation_0,0.0 milligram,0.0 micromole,0 microliter,C6H5NO2,COC1=C(N)C(Cl)=NC=N1.O=[N+](C1=CC=CC=C1B2OC(C)(C)C(C)(C)O2)[O-]>>COc1ncnc(-c2ccccc2[N+](=O)[O-])c1N.COc1ncncc1N.O=[N+]([O-])c1ccccc1,005_RLN-NB-2443_012_E8,7/7/2023 6:34:52 PM,005_rln-nb-2443_012_e8.raw,2min_150_1200.EXP,005_RLN-NB-2443_012_E8,005_RLN-NB-2443_012_E8,Rxn_Opt_HSST3_2_98,Analog,0,0,0,0,0,1.1945792037045804,0.7415,0,0,0,False,123.03202840392001,1.25,deborylation_0,0,0,0,0,0,56.38669895845717,50.51813037664551,1.1945792037045804,194.9,0.7415,0,0,0,0,0,0,0,0,0,0,0,0,0,0,0,0,0,0,0,0,0,0,0,0,0,0,0,0,0,0,0,0,0,0,0,0.0,0.0,0.0,0.0,0.0,0.0,0.0,0.0,0.0,0.0,0.0,0.0,0.0,0.0,0.0,0.0,0.0,0.0,0.0,0.0,0.0,0.0,0.0
104,E9,CC(C1=CC=CC(C(C)C)=C1C2=C(C(OC(C)(C)C)=CC=C2OC)[P+]([Pd-2]3(C4=C(C5=C(C=CC=C5)[NH+]3C)C=CC=C4)OS(C)(=O)=O)(C6CCCCC6)C7CCCCC7)C,GPhos Pd G4,0.049019074499999975 milligram,0.05325 micromole,0.04901907449999999 microliter,C49H68NO5PPdS,COC1=C(N)C(Cl)=NC=N1,4-chloro-6-methoxypyrimidin-5-amine,0.04244721600000001 milligram,0.266 micromole,0.04244721600000002 microliter,C5H6ClN3O,O=[N+](C1=CC=CC=C1B2OC(C)(C)C(C)(C)O2)[O-],"4,4,5,5-tetramethyl-2-(2-nitrophenyl)-1,3,2-dioxaborolane",0.079704 milligram,0.32000000000000006 micromole,0.07970400000000001 microliter,C12H16BNO4,[Na+].C[Si](C)(C)[O-],NaOTMS,0.22435999999999995 milligram,2.0 micromole,0.22436 microliter,C3H9NaOSi,CN1C=NC2=C1C(=O)N(C(=O)N2C)C,caffeine,0.051654806000000004 milligram,0.266 micromole,0.05165480600000002 microliter,C8H10N4O2,Cc1ccccc1,toluene,9.3096 milligram,101.03645499831781 micromole,10.8 microliter,C7H8,O,water,1.2000000000000002 milligram,66.6111573688593 micromole,1.2000000000000002 microliter,H2O,COc1ncnc(-c2ccccc2[N+](=O)[O-])c1N,suzuki_product_0,0.0 milligram,0.0 micromole,0 microliter,C11H10N4O3,COc1ncncc1N,dehalogenation_0,0.0 milligram,0.0 micromole,0 microliter,C5H7N3O,O=[N+]([O-])c1ccccc1,deborylation_0,0.0 milligram,0.0 micromole,0 microliter,C6H5NO2,COC1=C(N)C(Cl)=NC=N1.O=[N+](C1=CC=CC=C1B2OC(C)(C)C(C)(C)O2)[O-]>>COc1ncnc(-c2ccccc2[N+](=O)[O-])c1N.COc1ncncc1N.O=[N+]([O-])c1ccccc1,005_RLN-NB-2443_012_E9,7/7/2023 6:37:19 PM,005_rln-nb-2443_012_e9.raw,2min_150_1200.EXP,005_RLN-NB-2443_012_E9,005_RLN-NB-2443_012_E9,Rxn_Opt_HSST3_2_98,Analog,0,0,0,0,0,1.9007593695560778,0.7398,0,0,0,False,123.03202840392001,1.25,deborylation_0,0,0,0,0,0,83.46411758242708,25.298198557859624,1.9007593695560778,195,0.7398,0,0,0,0,0,0,0,0,0,0,0,0,0,0,0,0,0,0,0,0,0,0,0,0,0,0,0,0,0,0,0,0,0,0,0,0.0,0.0,0.0,0.0,0.0,0.0,0.0,0.0,0.0,0.0,0.0,0.0,0.0,0.0,0.0,0.0,0.0,0.0,0.0,0.0,0.0,0.0,0.0
105,E10,Cl[Pd]Cl.CC1(C)c2cccc(P(c3ccccc3)c4ccccc4)c2Oc5c(cccc15)P(c6ccccc6)c7ccccc7,PdCl2(XantPhos),0.04025476350000001 milligram,0.05325 micromole,0.04025476350000002 microliter,C39H32Cl2OP2Pd,COC1=C(N)C(Cl)=NC=N1,4-chloro-6-methoxypyrimidin-5-amine,0.04244721600000001 milligram,0.266 micromole,0.04244721600000002 microliter,C5H6ClN3O,O=[N+](C1=CC=CC=C1B2OC(C)(C)C(C)(C)O2)[O-],"4,4,5,5-tetramethyl-2-(2-nitrophenyl)-1,3,2-dioxaborolane",0.079704 milligram,0.32000000000000006 micromole,0.07970400000000001 microliter,C12H16BNO4,[Na+].[Na+].[O-]C([O-])=O,Na2CO3,0.21197599999999997 milligram,2.0 micromole,0.21197600000000003 microliter,CNa2O3,CN1C=NC2=C1C(=O)N(C(=O)N2C)C,caffeine,0.051654806000000004 milligram,0.266 micromole,0.05165480600000002 microliter,C8H10N4O2,Cc1ccccc1,toluene,9.3096 milligram,101.03645499831781 micromole,10.8 microliter,C7H8,O,water,1.2000000000000002 milligram,66.6111573688593 micromole,1.2000000000000002 microliter,H2O,COc1ncnc(-c2ccccc2[N+](=O)[O-])c1N,suzuki_product_0,0.0 milligram,0.0 micromole,0 microliter,C11H10N4O3,COc1ncncc1N,dehalogenation_0,0.0 milligram,0.0 micromole,0 microliter,C5H7N3O,O=[N+]([O-])c1ccccc1,deborylation_0,0.0 milligram,0.0 micromole,0 microliter,C6H5NO2,COC1=C(N)C(Cl)=NC=N1.O=[N+](C1=CC=CC=C1B2OC(C)(C)C(C)(C)O2)[O-]>>COc1ncnc(-c2ccccc2[N+](=O)[O-])c1N.COc1ncncc1N.O=[N+]([O-])c1ccccc1,005_RLN-NB-2443_012_E10,7/7/2023 6:39:46 PM,005_rln-nb-2443_012_e10.raw,2min_150_1200.EXP,005_RLN-NB-2443_012_E10,005_RLN-NB-2443_012_E10,Rxn_Opt_HSST3_2_98,Analog,0,0,0,0,0,0.41265392290558617,0.7398,0,0,0,False,123.03202840392001,1.25,deborylation_0,0,0,0,0,0,21.38005351014661,20.6520565673424,0.41265392290558617,195,0.7398,0,0,0,0,0,0,0,0,0,0,0,0,0,0,0,0,0,0,0,0,0,0,0,0,0,0,0,0,0,0,0,0,0,0,0,0.0,0.0,0.0,0.0,0.0,0.0,0.0,0.0,0.0,0.0,0.0,0.0,0.0,0.0,0.0,0.0,0.0,0.0,0.0,0.0,0.0,0.0,0.0
106,E11,Cl[Pd]Cl.CC1(C)c2cccc(P(c3ccccc3)c4ccccc4)c2Oc5c(cccc15)P(c6ccccc6)c7ccccc7,PdCl2(XantPhos),0.04025476350000001 milligram,0.05325 micromole,0.04025476350000002 microliter,C39H32Cl2OP2Pd,COC1=C(N)C(Cl)=NC=N1,4-chloro-6-methoxypyrimidin-5-amine,0.04244721600000001 milligram,0.266 micromole,0.04244721600000002 microliter,C5H6ClN3O,O=[N+](C1=CC=CC=C1B2OC(C)(C)C(C)(C)O2)[O-],"4,4,5,5-tetramethyl-2-(2-nitrophenyl)-1,3,2-dioxaborolane",0.079704 milligram,0.32000000000000006 micromole,0.07970400000000001 microliter,C12H16BNO4,[K+].[K+].[K+].[O-]P([O-])([O-])=O,K3PO4,0.42452799999999996 milligram,2.0 micromole,0.42452800000000007 microliter,K3O4P,CN1C=NC2=C1C(=O)N(C(=O)N2C)C,caffeine,0.051654806000000004 milligram,0.266 micromole,0.05165480600000002 microliter,C8H10N4O2,Cc1ccccc1,toluene,9.3096 milligram,101.03645499831781 micromole,10.8 microliter,C7H8,O,water,1.2000000000000002 milligram,66.6111573688593 micromole,1.2000000000000002 microliter,H2O,COc1ncnc(-c2ccccc2[N+](=O)[O-])c1N,suzuki_product_0,0.0 milligram,0.0 micromole,0 microliter,C11H10N4O3,COc1ncncc1N,dehalogenation_0,0.0 milligram,0.0 micromole,0 microliter,C5H7N3O,O=[N+]([O-])c1ccccc1,deborylation_0,0.0 milligram,0.0 micromole,0 microliter,C6H5NO2,COC1=C(N)C(Cl)=NC=N1.O=[N+](C1=CC=CC=C1B2OC(C)(C)C(C)(C)O2)[O-]>>COc1ncnc(-c2ccccc2[N+](=O)[O-])c1N.COc1ncncc1N.O=[N+]([O-])c1ccccc1,005_RLN-NB-2443_012_E11,7/7/2023 6:42:13 PM,005_rln-nb-2443_012_e11.raw,2min_150_1200.EXP,005_RLN-NB-2443_012_E11,005_RLN-NB-2443_012_E11,Rxn_Opt_HSST3_2_98,Analog,0,0,0,0,0,2.1157204526268205,0.7415,0,0,0,False,123.03202840392001,1.25,deborylation_0,0,0,0,0,0,94.0749618264677,28.97786126275148,2.1157204526268205,195.1,0.7415,0,0,0,0,0,0,0,0,0,0,0,0,0,0,0,0,0,0,0,0,0,0,0,0,0,0,0,0,0,0,0,0,0,0,0,0.0,0.0,0.0,0.0,0.0,0.0,0.0,0.0,0.0,0.0,0.0,0.0,0.0,0.0,0.0,0.0,0.0,0.0,0.0,0.0,0.0,0.0,0.0
107,E12,Cl[Pd]Cl.CC1(C)c2cccc(P(c3ccccc3)c4ccccc4)c2Oc5c(cccc15)P(c6ccccc6)c7ccccc7,PdCl2(XantPhos),0.04025476350000001 milligram,0.05325 micromole,0.04025476350000002 microliter,C39H32Cl2OP2Pd,COC1=C(N)C(Cl)=NC=N1,4-chloro-6-methoxypyrimidin-5-amine,0.04244721600000001 milligram,0.266 micromole,0.04244721600000002 microliter,C5H6ClN3O,O=[N+](C1=CC=CC=C1B2OC(C)(C)C(C)(C)O2)[O-],"4,4,5,5-tetramethyl-2-(2-nitrophenyl)-1,3,2-dioxaborolane",0.079704 milligram,0.32000000000000006 micromole,0.07970400000000001 microliter,C12H16BNO4,[Na+].C[Si](C)(C)[O-],NaOTMS,0.22435999999999995 milligram,2.0 micromole,0.22436 microliter,C3H9NaOSi,CN1C=NC2=C1C(=O)N(C(=O)N2C)C,caffeine,0.051654806000000004 milligram,0.266 micromole,0.05165480600000002 microliter,C8H10N4O2,Cc1ccccc1,toluene,9.3096 milligram,101.03645499831781 micromole,10.8 microliter,C7H8,O,water,1.2000000000000002 milligram,66.6111573688593 micromole,1.2000000000000002 microliter,H2O,COc1ncnc(-c2ccccc2[N+](=O)[O-])c1N,suzuki_product_0,0.0 milligram,0.0 micromole,0 microliter,C11H10N4O3,COc1ncncc1N,dehalogenation_0,0.0 milligram,0.0 micromole,0 microliter,C5H7N3O,O=[N+]([O-])c1ccccc1,deborylation_0,0.0 milligram,0.0 micromole,0 microliter,C6H5NO2,COC1=C(N)C(Cl)=NC=N1.O=[N+](C1=CC=CC=C1B2OC(C)(C)C(C)(C)O2)[O-]>>COc1ncnc(-c2ccccc2[N+](=O)[O-])c1N.COc1ncncc1N.O=[N+]([O-])c1ccccc1,005_RLN-NB-2443_012_E12,7/7/2023 6:44:40 PM,005_rln-nb-2443_012_e12.raw,2min_150_1200.EXP,005_RLN-NB-2443_012_E12,005_RLN-NB-2443_012_E12,Rxn_Opt_HSST3_2_98,Analog,0,0,0,0,0,1.9316968632347011,0.7415,0,0,0,False,123.03202840392001,1.25,deborylation_0,0,0,0,0,0,89.52888184486417,20.587644839738832,1.9316968632347011,194.9,0.7415,0,0,0,0,0,0,0,0,0,0,0,0,0,0,0,0,0,0,0,0,0,0,0,0,0,0,0,0,0,0,0,0,0,0,0,0.0,0.0,0.0,0.0,0.0,0.0,0.0,0.0,0.0,0.0,0.0,0.0,0.0,0.0,0.0,0.0,0.0,0.0,0.0,0.0,0.0,0.0,0.0
108,E13,CC(C)C1=CC(C(C)C)=CC(C(C)C)=C1C2=C([P+](C3CCCCC3)([Pd-2]4(OS(C)(=O)=O)C(C=CC=C5)=C5C6=C([NH+]4C)C=CC=C6)C7CCCCC7)C=CC=C2,XPhos Pd G4,0.04582130549999999 milligram,0.05325 micromole,0.0458213055 microliter,C47H64NO3PPdS,CC1=C(C(=NN1C(C)C)N)Br,4-BROMO-1-ISOPROPYL-5-METHYL-1H-PYRAZOL-3-AMINE,0.058014068 milligram,0.266 micromole,0.058014068000000016 microliter,C7H12BrN3,O=[N+](C1=CC=CC=C1B2OC(C)(C)C(C)(C)O2)[O-],"4,4,5,5-tetramethyl-2-(2-nitrophenyl)-1,3,2-dioxaborolane",0.079704 milligram,0.32000000000000006 micromole,0.07970400000000001 microliter,C12H16BNO4,[Na+].[Na+].[O-]C([O-])=O,Na2CO3,0.21197599999999997 milligram,2.0 micromole,0.21197600000000003 microliter,CNa2O3,CN1C=NC2=C1C(=O)N(C(=O)N2C)C,caffeine,0.051654806000000004 milligram,0.266 micromole,0.05165480600000002 microliter,C8H10N4O2,Cc1ccccc1,toluene,9.3096 milligram,101.03645499831781 micromole,10.8 microliter,C7H8,O,water,1.2000000000000002 milligram,66.6111573688593 micromole,1.2000000000000002 microliter,H2O,Cc1c(-c2ccccc2[N+](=O)[O-])c(N)nn1C(C)C,suzuki_product_0,0.0 milligram,0.0 micromole,0 microliter,C13H16N4O2,Cc1cc(N)nn1C(C)C,dehalogenation_0,0.0 milligram,0.0 micromole,0 microliter,C7H13N3,O=[N+]([O-])c1ccccc1,deborylation_0,0.0 milligram,0.0 micromole,0 microliter,C6H5NO2,CC1=C(C(=NN1C(C)C)N)Br.O=[N+](C1=CC=CC=C1B2OC(C)(C)C(C)(C)O2)[O-]>>Cc1c(-c2ccccc2[N+](=O)[O-])c(N)nn1C(C)C.Cc1cc(N)nn1C(C)C.O=[N+]([O-])c1ccccc1,005_RLN-NB-2443_012_E13,7/7/2023 6:47:08 PM,005_rln-nb-2443_012_e13.raw,2min_150_1200.EXP,005_RLN-NB-2443_012_E13,005_RLN-NB-2443_012_E13,Rxn_Opt_HSST3_2_98,Analog,0,0,0,0,0,1.2924680829724229,0.7415,0,0,0,False,123.03202840392001,1.25,deborylation_0,0,0,0,0,0,59.46512236008425,44.8573805400455,1.2924680829724229,195,0.7415,0,0,0,0,0,0,0,0,0,0,0,0,0,0,0,0,0,0,0,0,0,0,0,0,0,0,0,0,0,0,0,0,0,0,0,0.0,0.0,0.0,0.0,0.0,0.0,0.0,0.0,0.0,0.0,0.0,0.0,0.0,0.0,0.0,0.0,0.0,0.0,0.0,0.0,0.0,0.0,0.0
109,E14,CC(C)C1=CC(C(C)C)=CC(C(C)C)=C1C2=C([P+](C3CCCCC3)([Pd-2]4(OS(C)(=O)=O)C(C=CC=C5)=C5C6=C([NH+]4C)C=CC=C6)C7CCCCC7)C=CC=C2,XPhos Pd G4,0.04582130549999999 milligram,0.05325 micromole,0.0458213055 microliter,C47H64NO3PPdS,CC1=C(C(=NN1C(C)C)N)Br,4-BROMO-1-ISOPROPYL-5-METHYL-1H-PYRAZOL-3-AMINE,0.058014068 milligram,0.266 micromole,0.058014068000000016 microliter,C7H12BrN3,O=[N+](C1=CC=CC=C1B2OC(C)(C)C(C)(C)O2)[O-],"4,4,5,5-tetramethyl-2-(2-nitrophenyl)-1,3,2-dioxaborolane",0.079704 milligram,0.32000000000000006 micromole,0.07970400000000001 microliter,C12H16BNO4,[K+].[K+].[K+].[O-]P([O-])([O-])=O,K3PO4,0.42452799999999996 milligram,2.0 micromole,0.42452800000000007 microliter,K3O4P,CN1C=NC2=C1C(=O)N(C(=O)N2C)C,caffeine,0.051654806000000004 milligram,0.266 micromole,0.05165480600000002 microliter,C8H10N4O2,Cc1ccccc1,toluene,9.3096 milligram,101.03645499831781 micromole,10.8 microliter,C7H8,O,water,1.2000000000000002 milligram,66.6111573688593 micromole,1.2000000000000002 microliter,H2O,Cc1c(-c2ccccc2[N+](=O)[O-])c(N)nn1C(C)C,suzuki_product_0,0.0 milligram,0.0 micromole,0 microliter,C13H16N4O2,Cc1cc(N)nn1C(C)C,dehalogenation_0,0.0 milligram,0.0 micromole,0 microliter,C7H13N3,O=[N+]([O-])c1ccccc1,deborylation_0,0.0 milligram,0.0 micromole,0 microliter,C6H5NO2,CC1=C(C(=NN1C(C)C)N)Br.O=[N+](C1=CC=CC=C1B2OC(C)(C)C(C)(C)O2)[O-]>>Cc1c(-c2ccccc2[N+](=O)[O-])c(N)nn1C(C)C.Cc1cc(N)nn1C(C)C.O=[N+]([O-])c1ccccc1,005_RLN-NB-2443_012_E14,7/7/2023 6:49:35 PM,005_rln-nb-2443_012_e14.raw,2min_150_1200.EXP,005_RLN-NB-2443_012_E14,005_RLN-NB-2443_012_E14,Rxn_Opt_HSST3_2_98,Analog,0.25395734260953967,0,0.49572883868879886,15.719823508635361,1.0131,1.9520161677348455,0.7415,0,0,0,False,123.03202840392001,1.25,deborylation_0,0,0,0,0,0,88.69383799102025,38.233273148643406,1.9520161677348455,194.9,0.7415,0,0,0,0,0,0,0,0,0,0,25.05709218763005,9.709620448094148,0.49572883868879886,261,1.0131,0,0,0,0,0,0,0,0,0,0,0,0,0,0,0,0,0,0,0,0,0.0,0.0,0.0,0.0,0.0,0.0,0.0,0.0,0.0,6.755265313413756e-05,25.39573426095397,0.0,0.0,0.0,0.0,0.0,0.0,0.0,0.0,0.0,0.0,0.0,0.0
110,E15,CC(C)C1=CC(C(C)C)=CC(C(C)C)=C1C2=C([P+](C3CCCCC3)([Pd-2]4(OS(C)(=O)=O)C(C=CC=C5)=C5C6=C([NH+]4C)C=CC=C6)C7CCCCC7)C=CC=C2,XPhos Pd G4,0.04582130549999999 milligram,0.05325 micromole,0.0458213055 microliter,C47H64NO3PPdS,CC1=C(C(=NN1C(C)C)N)Br,4-BROMO-1-ISOPROPYL-5-METHYL-1H-PYRAZOL-3-AMINE,0.058014068 milligram,0.266 micromole,0.058014068000000016 microliter,C7H12BrN3,O=[N+](C1=CC=CC=C1B2OC(C)(C)C(C)(C)O2)[O-],"4,4,5,5-tetramethyl-2-(2-nitrophenyl)-1,3,2-dioxaborolane",0.079704 milligram,0.32000000000000006 micromole,0.07970400000000001 microliter,C12H16BNO4,[Na+].C[Si](C)(C)[O-],NaOTMS,0.22435999999999995 milligram,2.0 micromole,0.22436 microliter,C3H9NaOSi,CN1C=NC2=C1C(=O)N(C(=O)N2C)C,caffeine,0.051654806000000004 milligram,0.266 micromole,0.05165480600000002 microliter,C8H10N4O2,Cc1ccccc1,toluene,9.3096 milligram,101.03645499831781 micromole,10.8 microliter,C7H8,O,water,1.2000000000000002 milligram,66.6111573688593 micromole,1.2000000000000002 microliter,H2O,Cc1c(-c2ccccc2[N+](=O)[O-])c(N)nn1C(C)C,suzuki_product_0,0.0 milligram,0.0 micromole,0 microliter,C13H16N4O2,Cc1cc(N)nn1C(C)C,dehalogenation_0,0.0 milligram,0.0 micromole,0 microliter,C7H13N3,O=[N+]([O-])c1ccccc1,deborylation_0,0.0 milligram,0.0 micromole,0 microliter,C6H5NO2,CC1=C(C(=NN1C(C)C)N)Br.O=[N+](C1=CC=CC=C1B2OC(C)(C)C(C)(C)O2)[O-]>>Cc1c(-c2ccccc2[N+](=O)[O-])c(N)nn1C(C)C.Cc1cc(N)nn1C(C)C.O=[N+]([O-])c1ccccc1,005_RLN-NB-2443_012_E15,7/7/2023 6:52:02 PM,005_rln-nb-2443_012_e15.raw,2min_150_1200.EXP,005_RLN-NB-2443_012_E15,005_RLN-NB-2443_012_E15,Rxn_Opt_HSST3_2_98,Analog,0.051148312577632256,0,0.08329112746313184,1.9099988297614592,1.0115,1.6284237595661368,0.7415,0,0,0,False,123.03202840392001,1.25,deborylation_0,0,0,0,0,0,76.39430908841811,27.18925306326489,1.6284237595661368,195,0.7415,0,0,0,0,0,0,0,0,0,0,4.144488792721492,1.390684414432218,0.08329112746313184,260.9,1.0115,0,0,0,0,0,0,0,0,0,0,0,0,0,0,0,0,0,0,0,0,0.0,0.0,0.0,0.0,0.0,0.0,0.0,0.0,0.0,1.3605451145650181e-05,5.114831257763226,0.0,0.0,0.0,0.0,0.0,0.0,0.0,0.0,0.0,0.0,0.0,0.0
111,E16,CC(C)(C)[P+]([Pd-2]1(C2=C(C3=C(C=CC=C3)[NH+]1C)C=CC=C2)OS(C)(=O)=O)(C(C)(C)C)C(C)(C)C,PtBu3 Pd G4,0.03120913275 milligram,0.05325 micromole,0.031209132750000007 microliter,C26H42NO3PPdS,CC1=C(C(=NN1C(C)C)N)Br,4-BROMO-1-ISOPROPYL-5-METHYL-1H-PYRAZOL-3-AMINE,0.058014068 milligram,0.266 micromole,0.058014068000000016 microliter,C7H12BrN3,O=[N+](C1=CC=CC=C1B2OC(C)(C)C(C)(C)O2)[O-],"4,4,5,5-tetramethyl-2-(2-nitrophenyl)-1,3,2-dioxaborolane",0.079704 milligram,0.32000000000000006 micromole,0.07970400000000001 microliter,C12H16BNO4,[Na+].[Na+].[O-]C([O-])=O,Na2CO3,0.21197599999999997 milligram,2.0 micromole,0.21197600000000003 microliter,CNa2O3,CN1C=NC2=C1C(=O)N(C(=O)N2C)C,caffeine,0.051654806000000004 milligram,0.266 micromole,0.05165480600000002 microliter,C8H10N4O2,Cc1ccccc1,toluene,9.3096 milligram,101.03645499831781 micromole,10.8 microliter,C7H8,O,water,1.2000000000000002 milligram,66.6111573688593 micromole,1.2000000000000002 microliter,H2O,Cc1c(-c2ccccc2[N+](=O)[O-])c(N)nn1C(C)C,suzuki_product_0,0.0 milligram,0.0 micromole,0 microliter,C13H16N4O2,Cc1cc(N)nn1C(C)C,dehalogenation_0,0.0 milligram,0.0 micromole,0 microliter,C7H13N3,O=[N+]([O-])c1ccccc1,deborylation_0,0.0 milligram,0.0 micromole,0 microliter,C6H5NO2,CC1=C(C(=NN1C(C)C)N)Br.O=[N+](C1=CC=CC=C1B2OC(C)(C)C(C)(C)O2)[O-]>>Cc1c(-c2ccccc2[N+](=O)[O-])c(N)nn1C(C)C.Cc1cc(N)nn1C(C)C.O=[N+]([O-])c1ccccc1,005_RLN-NB-2443_012_E16,7/7/2023 6:54:29 PM,005_rln-nb-2443_012_e16.raw,2min_150_1200.EXP,005_RLN-NB-2443_012_E16,005_RLN-NB-2443_012_E16,Rxn_Opt_HSST3_2_98,Analog,0,0,0,0,0,0.5469786661665249,0.7398,0,0,0,False,123.03202840392001,1.25,deborylation_0,0,0,0,0,0,27.431863354786177,25.13640286081674,0.5469786661665249,195,0.7398,0,0,0,0,0,0,0,0,0,0,0,0,0,0,0,0,0,0,0,0,0,0,0,0,0,0,0,0,0,0,0,0,0,0,0,0.0,0.0,0.0,0.0,0.0,0.0,0.0,0.0,0.0,0.0,0.0,0.0,0.0,0.0,0.0,0.0,0.0,0.0,0.0,0.0,0.0,0.0,0.0
112,E17,CC(C)(C)[P+]([Pd-2]1(C2=C(C3=C(C=CC=C3)[NH+]1C)C=CC=C2)OS(C)(=O)=O)(C(C)(C)C)C(C)(C)C,PtBu3 Pd G4,0.03120913275 milligram,0.05325 micromole,0.031209132750000007 microliter,C26H42NO3PPdS,CC1=C(C(=NN1C(C)C)N)Br,4-BROMO-1-ISOPROPYL-5-METHYL-1H-PYRAZOL-3-AMINE,0.058014068 milligram,0.266 micromole,0.058014068000000016 microliter,C7H12BrN3,O=[N+](C1=CC=CC=C1B2OC(C)(C)C(C)(C)O2)[O-],"4,4,5,5-tetramethyl-2-(2-nitrophenyl)-1,3,2-dioxaborolane",0.079704 milligram,0.32000000000000006 micromole,0.07970400000000001 microliter,C12H16BNO4,[K+].[K+].[K+].[O-]P([O-])([O-])=O,K3PO4,0.42452799999999996 milligram,2.0 micromole,0.42452800000000007 microliter,K3O4P,CN1C=NC2=C1C(=O)N(C(=O)N2C)C,caffeine,0.051654806000000004 milligram,0.266 micromole,0.05165480600000002 microliter,C8H10N4O2,Cc1ccccc1,toluene,9.3096 milligram,101.03645499831781 micromole,10.8 microliter,C7H8,O,water,1.2000000000000002 milligram,66.6111573688593 micromole,1.2000000000000002 microliter,H2O,Cc1c(-c2ccccc2[N+](=O)[O-])c(N)nn1C(C)C,suzuki_product_0,0.0 milligram,0.0 micromole,0 microliter,C13H16N4O2,Cc1cc(N)nn1C(C)C,dehalogenation_0,0.0 milligram,0.0 micromole,0 microliter,C7H13N3,O=[N+]([O-])c1ccccc1,deborylation_0,0.0 milligram,0.0 micromole,0 microliter,C6H5NO2,CC1=C(C(=NN1C(C)C)N)Br.O=[N+](C1=CC=CC=C1B2OC(C)(C)C(C)(C)O2)[O-]>>Cc1c(-c2ccccc2[N+](=O)[O-])c(N)nn1C(C)C.Cc1cc(N)nn1C(C)C.O=[N+]([O-])c1ccccc1,005_RLN-NB-2443_012_E17,7/7/2023 6:56:56 PM,005_rln-nb-2443_012_e17.raw,2min_150_1200.EXP,005_RLN-NB-2443_012_E17,005_RLN-NB-2443_012_E17,Rxn_Opt_HSST3_2_98,Analog,0,0,0,0,0,1.5468647275952767,0.7398,0.23374137170832082,0.9815,0,False,123.03202840392001,1.25,deborylation_0,0,0,0,0,0,71.4949289779182,38.90154205106747,1.5468647275952767,194.9,0.7398,0,0,0,0,0,0,0,0,0,0,0,0,0,0,0,7.018327148414492,5.878277291073193,0.23374137170832082,219.8,0.9815,0,0,0,0,0,0,0,0,0,0,0,0,0,0,0,0.0,0.0,0.0,0.0,0.0,0.0,0.0,0.0,0.0,0.0,0.0,0.0,0.0,0.0,0.0,4.019433875841852e-05,15.110653668578392,0.0,0.0,0.0,0.0,0.0,0.0
113,E18,CC(C)(C)[P+]([Pd-2]1(C2=C(C3=C(C=CC=C3)[NH+]1C)C=CC=C2)OS(C)(=O)=O)(C(C)(C)C)C(C)(C)C,PtBu3 Pd G4,0.03120913275 milligram,0.05325 micromole,0.031209132750000007 microliter,C26H42NO3PPdS,CC1=C(C(=NN1C(C)C)N)Br,4-BROMO-1-ISOPROPYL-5-METHYL-1H-PYRAZOL-3-AMINE,0.058014068 milligram,0.266 micromole,0.058014068000000016 microliter,C7H12BrN3,O=[N+](C1=CC=CC=C1B2OC(C)(C)C(C)(C)O2)[O-],"4,4,5,5-tetramethyl-2-(2-nitrophenyl)-1,3,2-dioxaborolane",0.079704 milligram,0.32000000000000006 micromole,0.07970400000000001 microliter,C12H16BNO4,[Na+].C[Si](C)(C)[O-],NaOTMS,0.22435999999999995 milligram,2.0 micromole,0.22436 microliter,C3H9NaOSi,CN1C=NC2=C1C(=O)N(C(=O)N2C)C,caffeine,0.051654806000000004 milligram,0.266 micromole,0.05165480600000002 microliter,C8H10N4O2,Cc1ccccc1,toluene,9.3096 milligram,101.03645499831781 micromole,10.8 microliter,C7H8,O,water,1.2000000000000002 milligram,66.6111573688593 micromole,1.2000000000000002 microliter,H2O,Cc1c(-c2ccccc2[N+](=O)[O-])c(N)nn1C(C)C,suzuki_product_0,0.0 milligram,0.0 micromole,0 microliter,C13H16N4O2,Cc1cc(N)nn1C(C)C,dehalogenation_0,0.0 milligram,0.0 micromole,0 microliter,C7H13N3,O=[N+]([O-])c1ccccc1,deborylation_0,0.0 milligram,0.0 micromole,0 microliter,C6H5NO2,CC1=C(C(=NN1C(C)C)N)Br.O=[N+](C1=CC=CC=C1B2OC(C)(C)C(C)(C)O2)[O-]>>Cc1c(-c2ccccc2[N+](=O)[O-])c(N)nn1C(C)C.Cc1cc(N)nn1C(C)C.O=[N+]([O-])c1ccccc1,005_RLN-NB-2443_012_E18,7/7/2023 6:59:23 PM,005_rln-nb-2443_012_e18.raw,2min_150_1200.EXP,005_RLN-NB-2443_012_E18,005_RLN-NB-2443_012_E18,Rxn_Opt_HSST3_2_98,Analog,0,0,0,0,0,0.8305161854036173,0.7415,0,0,0,False,123.03202840392001,1.25,deborylation_0,0,0,0,0,0,38.409722556402365,28.090817723024752,0.8305161854036173,195,0.7415,0,0,0,0,0,0,0,0,0,0,0,0,0,0,0,0,0,0,0,0,0,0,0,0,0,0,0,0,0,0,0,0,0,0,0,0.0,0.0,0.0,0.0,0.0,0.0,0.0,0.0,0.0,0.0,0.0,0.0,0.0,0.0,0.0,0.0,0.0,0.0,0.0,0.0,0.0,0.0,0.0
114,E19,CC(C1=CC=CC(C(C)C)=C1C2=C(C(OC(C)(C)C)=CC=C2OC)[P+]([Pd-2]3(C4=C(C5=C(C=CC=C5)[NH+]3C)C=CC=C4)OS(C)(=O)=O)(C6CCCCC6)C7CCCCC7)C,GPhos Pd G4,0.049019074499999975 milligram,0.05325 micromole,0.04901907449999999 microliter,C49H68NO5PPdS,CC1=C(C(=NN1C(C)C)N)Br,4-BROMO-1-ISOPROPYL-5-METHYL-1H-PYRAZOL-3-AMINE,0.058014068 milligram,0.266 micromole,0.058014068000000016 microliter,C7H12BrN3,O=[N+](C1=CC=CC=C1B2OC(C)(C)C(C)(C)O2)[O-],"4,4,5,5-tetramethyl-2-(2-nitrophenyl)-1,3,2-dioxaborolane",0.079704 milligram,0.32000000000000006 micromole,0.07970400000000001 microliter,C12H16BNO4,[Na+].[Na+].[O-]C([O-])=O,Na2CO3,0.21197599999999997 milligram,2.0 micromole,0.21197600000000003 microliter,CNa2O3,CN1C=NC2=C1C(=O)N(C(=O)N2C)C,caffeine,0.051654806000000004 milligram,0.266 micromole,0.05165480600000002 microliter,C8H10N4O2,Cc1ccccc1,toluene,9.3096 milligram,101.03645499831781 micromole,10.8 microliter,C7H8,O,water,1.2000000000000002 milligram,66.6111573688593 micromole,1.2000000000000002 microliter,H2O,Cc1c(-c2ccccc2[N+](=O)[O-])c(N)nn1C(C)C,suzuki_product_0,0.0 milligram,0.0 micromole,0 microliter,C13H16N4O2,Cc1cc(N)nn1C(C)C,dehalogenation_0,0.0 milligram,0.0 micromole,0 microliter,C7H13N3,O=[N+]([O-])c1ccccc1,deborylation_0,0.0 milligram,0.0 micromole,0 microliter,C6H5NO2,CC1=C(C(=NN1C(C)C)N)Br.O=[N+](C1=CC=CC=C1B2OC(C)(C)C(C)(C)O2)[O-]>>Cc1c(-c2ccccc2[N+](=O)[O-])c(N)nn1C(C)C.Cc1cc(N)nn1C(C)C.O=[N+]([O-])c1ccccc1,005_RLN-NB-2443_012_E19,7/7/2023 7:01:50 PM,005_rln-nb-2443_012_e19.raw,2min_150_1200.EXP,005_RLN-NB-2443_012_E19,005_RLN-NB-2443_012_E19,Rxn_Opt_HSST3_2_98,Analog,0,0,0,0,0,0.7945880693474637,0.7415,0,0,0,False,123.03202840392001,1.25,deborylation_0,0,0,0,0,0,39.01465956120062,53.766823437670496,0.7945880693474637,195,0.7415,0,0,0,0,0,0,0,0,0,0,0,0,0,0,0,0,0,0,0,0,0,0,0,0,0,0,0,0,0,0,0,0,0,0,0,0.0,0.0,0.0,0.0,0.0,0.0,0.0,0.0,0.0,0.0,0.0,0.0,0.0,0.0,0.0,0.0,0.0,0.0,0.0,0.0,0.0,0.0,0.0
115,E20,CC(C1=CC=CC(C(C)C)=C1C2=C(C(OC(C)(C)C)=CC=C2OC)[P+]([Pd-2]3(C4=C(C5=C(C=CC=C5)[NH+]3C)C=CC=C4)OS(C)(=O)=O)(C6CCCCC6)C7CCCCC7)C,GPhos Pd G4,0.049019074499999975 milligram,0.05325 micromole,0.04901907449999999 microliter,C49H68NO5PPdS,CC1=C(C(=NN1C(C)C)N)Br,4-BROMO-1-ISOPROPYL-5-METHYL-1H-PYRAZOL-3-AMINE,0.058014068 milligram,0.266 micromole,0.058014068000000016 microliter,C7H12BrN3,O=[N+](C1=CC=CC=C1B2OC(C)(C)C(C)(C)O2)[O-],"4,4,5,5-tetramethyl-2-(2-nitrophenyl)-1,3,2-dioxaborolane",0.079704 milligram,0.32000000000000006 micromole,0.07970400000000001 microliter,C12H16BNO4,[K+].[K+].[K+].[O-]P([O-])([O-])=O,K3PO4,0.42452799999999996 milligram,2.0 micromole,0.42452800000000007 microliter,K3O4P,CN1C=NC2=C1C(=O)N(C(=O)N2C)C,caffeine,0.051654806000000004 milligram,0.266 micromole,0.05165480600000002 microliter,C8H10N4O2,Cc1ccccc1,toluene,9.3096 milligram,101.03645499831781 micromole,10.8 microliter,C7H8,O,water,1.2000000000000002 milligram,66.6111573688593 micromole,1.2000000000000002 microliter,H2O,Cc1c(-c2ccccc2[N+](=O)[O-])c(N)nn1C(C)C,suzuki_product_0,0.0 milligram,0.0 micromole,0 microliter,C13H16N4O2,Cc1cc(N)nn1C(C)C,dehalogenation_0,0.0 milligram,0.0 micromole,0 microliter,C7H13N3,O=[N+]([O-])c1ccccc1,deborylation_0,0.0 milligram,0.0 micromole,0 microliter,C6H5NO2,CC1=C(C(=NN1C(C)C)N)Br.O=[N+](C1=CC=CC=C1B2OC(C)(C)C(C)(C)O2)[O-]>>Cc1c(-c2ccccc2[N+](=O)[O-])c(N)nn1C(C)C.Cc1cc(N)nn1C(C)C.O=[N+]([O-])c1ccccc1,005_RLN-NB-2443_012_E20,7/7/2023 7:04:17 PM,005_rln-nb-2443_012_e20.raw,2min_150_1200.EXP,005_RLN-NB-2443_012_E20,005_RLN-NB-2443_012_E20,Rxn_Opt_HSST3_2_98,Analog,0,0,0,0,0,0.7244823443615842,0.7415,0,0,0,False,123.03202840392001,1.25,deborylation_0,0,0,0,0,0,35.95352385140754,41.70314741938459,0.7244823443615842,195,0.7415,0,0,0,0,0,0,0,0,0,0,0,0,0,0,0,0,0,0,0,0,0,0,0,0,0,0,0,0,0,0,0,0,0,0,0,0.0,0.0,0.0,0.0,0.0,0.0,0.0,0.0,0.0,0.0,0.0,0.0,0.0,0.0,0.0,0.0,0.0,0.0,0.0,0.0,0.0,0.0,0.0
116,E21,CC(C1=CC=CC(C(C)C)=C1C2=C(C(OC(C)(C)C)=CC=C2OC)[P+]([Pd-2]3(C4=C(C5=C(C=CC=C5)[NH+]3C)C=CC=C4)OS(C)(=O)=O)(C6CCCCC6)C7CCCCC7)C,GPhos Pd G4,0.049019074499999975 milligram,0.05325 micromole,0.04901907449999999 microliter,C49H68NO5PPdS,CC1=C(C(=NN1C(C)C)N)Br,4-BROMO-1-ISOPROPYL-5-METHYL-1H-PYRAZOL-3-AMINE,0.058014068 milligram,0.266 micromole,0.058014068000000016 microliter,C7H12BrN3,O=[N+](C1=CC=CC=C1B2OC(C)(C)C(C)(C)O2)[O-],"4,4,5,5-tetramethyl-2-(2-nitrophenyl)-1,3,2-dioxaborolane",0.079704 milligram,0.32000000000000006 micromole,0.07970400000000001 microliter,C12H16BNO4,[Na+].C[Si](C)(C)[O-],NaOTMS,0.22435999999999995 milligram,2.0 micromole,0.22436 microliter,C3H9NaOSi,CN1C=NC2=C1C(=O)N(C(=O)N2C)C,caffeine,0.051654806000000004 milligram,0.266 micromole,0.05165480600000002 microliter,C8H10N4O2,Cc1ccccc1,toluene,9.3096 milligram,101.03645499831781 micromole,10.8 microliter,C7H8,O,water,1.2000000000000002 milligram,66.6111573688593 micromole,1.2000000000000002 microliter,H2O,Cc1c(-c2ccccc2[N+](=O)[O-])c(N)nn1C(C)C,suzuki_product_0,0.0 milligram,0.0 micromole,0 microliter,C13H16N4O2,Cc1cc(N)nn1C(C)C,dehalogenation_0,0.0 milligram,0.0 micromole,0 microliter,C7H13N3,O=[N+]([O-])c1ccccc1,deborylation_0,0.0 milligram,0.0 micromole,0 microliter,C6H5NO2,CC1=C(C(=NN1C(C)C)N)Br.O=[N+](C1=CC=CC=C1B2OC(C)(C)C(C)(C)O2)[O-]>>Cc1c(-c2ccccc2[N+](=O)[O-])c(N)nn1C(C)C.Cc1cc(N)nn1C(C)C.O=[N+]([O-])c1ccccc1,005_RLN-NB-2443_012_E21,7/7/2023 7:06:44 PM,005_rln-nb-2443_012_e21.raw,2min_150_1200.EXP,005_RLN-NB-2443_012_E21,005_RLN-NB-2443_012_E21,Rxn_Opt_HSST3_2_98,Analog,0,0,0,0,0,0.1025882348934652,0.7381,0,0,0,False,123.03202840392001,1.25,deborylation_0,0,0,0,0,0,5.673560716273564,1.4963942439410902,0.1025882348934652,195,0.7381,0,0,0,0,0,0,0,0,0,0,0,0,0,0,0,0,0,0,0,0,0,0,0,0,0,0,0,0,0,0,0,0,0,0,0,0.0,0.0,0.0,0.0,0.0,0.0,0.0,0.0,0.0,0.0,0.0,0.0,0.0,0.0,0.0,0.0,0.0,0.0,0.0,0.0,0.0,0.0,0.0
117,E22,Cl[Pd]Cl.CC1(C)c2cccc(P(c3ccccc3)c4ccccc4)c2Oc5c(cccc15)P(c6ccccc6)c7ccccc7,PdCl2(XantPhos),0.04025476350000001 milligram,0.05325 micromole,0.04025476350000002 microliter,C39H32Cl2OP2Pd,CC1=C(C(=NN1C(C)C)N)Br,4-BROMO-1-ISOPROPYL-5-METHYL-1H-PYRAZOL-3-AMINE,0.058014068 milligram,0.266 micromole,0.058014068000000016 microliter,C7H12BrN3,O=[N+](C1=CC=CC=C1B2OC(C)(C)C(C)(C)O2)[O-],"4,4,5,5-tetramethyl-2-(2-nitrophenyl)-1,3,2-dioxaborolane",0.079704 milligram,0.32000000000000006 micromole,0.07970400000000001 microliter,C12H16BNO4,[Na+].[Na+].[O-]C([O-])=O,Na2CO3,0.21197599999999997 milligram,2.0 micromole,0.21197600000000003 microliter,CNa2O3,CN1C=NC2=C1C(=O)N(C(=O)N2C)C,caffeine,0.051654806000000004 milligram,0.266 micromole,0.05165480600000002 microliter,C8H10N4O2,Cc1ccccc1,toluene,9.3096 milligram,101.03645499831781 micromole,10.8 microliter,C7H8,O,water,1.2000000000000002 milligram,66.6111573688593 micromole,1.2000000000000002 microliter,H2O,Cc1c(-c2ccccc2[N+](=O)[O-])c(N)nn1C(C)C,suzuki_product_0,0.0 milligram,0.0 micromole,0 microliter,C13H16N4O2,Cc1cc(N)nn1C(C)C,dehalogenation_0,0.0 milligram,0.0 micromole,0 microliter,C7H13N3,O=[N+]([O-])c1ccccc1,deborylation_0,0.0 milligram,0.0 micromole,0 microliter,C6H5NO2,CC1=C(C(=NN1C(C)C)N)Br.O=[N+](C1=CC=CC=C1B2OC(C)(C)C(C)(C)O2)[O-]>>Cc1c(-c2ccccc2[N+](=O)[O-])c(N)nn1C(C)C.Cc1cc(N)nn1C(C)C.O=[N+]([O-])c1ccccc1,005_RLN-NB-2443_012_E22,7/7/2023 7:09:12 PM,005_rln-nb-2443_012_e22.raw,2min_150_1200.EXP,005_RLN-NB-2443_012_E22,005_RLN-NB-2443_012_E22,Rxn_Opt_HSST3_2_98,Analog,0,0,0,0,0,0.44417240856615864,0.7398,0,0,0,False,123.03202840392001,1.25,deborylation_0,0,0,0,0,0,22.53159948947952,22.340405482791645,0.44417240856615864,195,0.7398,0,0,0,0,0,0,0,0,0,0,0,0,0,0,0,0,0,0,0,0,0,0,0,0,0,0,0,0,0,0,0,0,0,0,0,0.0,0.0,0.0,0.0,0.0,0.0,0.0,0.0,0.0,0.0,0.0,0.0,0.0,0.0,0.0,0.0,0.0,0.0,0.0,0.0,0.0,0.0,0.0
118,E23,Cl[Pd]Cl.CC1(C)c2cccc(P(c3ccccc3)c4ccccc4)c2Oc5c(cccc15)P(c6ccccc6)c7ccccc7,PdCl2(XantPhos),0.04025476350000001 milligram,0.05325 micromole,0.04025476350000002 microliter,C39H32Cl2OP2Pd,CC1=C(C(=NN1C(C)C)N)Br,4-BROMO-1-ISOPROPYL-5-METHYL-1H-PYRAZOL-3-AMINE,0.058014068 milligram,0.266 micromole,0.058014068000000016 microliter,C7H12BrN3,O=[N+](C1=CC=CC=C1B2OC(C)(C)C(C)(C)O2)[O-],"4,4,5,5-tetramethyl-2-(2-nitrophenyl)-1,3,2-dioxaborolane",0.079704 milligram,0.32000000000000006 micromole,0.07970400000000001 microliter,C12H16BNO4,[K+].[K+].[K+].[O-]P([O-])([O-])=O,K3PO4,0.42452799999999996 milligram,2.0 micromole,0.42452800000000007 microliter,K3O4P,CN1C=NC2=C1C(=O)N(C(=O)N2C)C,caffeine,0.051654806000000004 milligram,0.266 micromole,0.05165480600000002 microliter,C8H10N4O2,Cc1ccccc1,toluene,9.3096 milligram,101.03645499831781 micromole,10.8 microliter,C7H8,O,water,1.2000000000000002 milligram,66.6111573688593 micromole,1.2000000000000002 microliter,H2O,Cc1c(-c2ccccc2[N+](=O)[O-])c(N)nn1C(C)C,suzuki_product_0,0.0 milligram,0.0 micromole,0 microliter,C13H16N4O2,Cc1cc(N)nn1C(C)C,dehalogenation_0,0.0 milligram,0.0 micromole,0 microliter,C7H13N3,O=[N+]([O-])c1ccccc1,deborylation_0,0.0 milligram,0.0 micromole,0 microliter,C6H5NO2,CC1=C(C(=NN1C(C)C)N)Br.O=[N+](C1=CC=CC=C1B2OC(C)(C)C(C)(C)O2)[O-]>>Cc1c(-c2ccccc2[N+](=O)[O-])c(N)nn1C(C)C.Cc1cc(N)nn1C(C)C.O=[N+]([O-])c1ccccc1,005_RLN-NB-2443_012_E23,7/7/2023 7:11:39 PM,005_rln-nb-2443_012_e23.raw,2min_150_1200.EXP,005_RLN-NB-2443_012_E23,005_RLN-NB-2443_012_E23,Rxn_Opt_HSST3_2_98,Analog,0,0,0,0,0,0.7628013440950437,0.7398,0,0,0,False,123.03202840392001,1.25,deborylation_0,0,0,0,0,0,38.49544311462574,24.208744693367365,0.7628013440950437,194.9,0.7398,0,0,0,0,0,0,0,0,0,0,0,0,0,0,0,0,0,0,0,0,0,0,0,0,0,0,0,0,0,0,0,0,0,0,0,0.0,0.0,0.0,0.0,0.0,0.0,0.0,0.0,0.0,0.0,0.0,0.0,0.0,0.0,0.0,0.0,0.0,0.0,0.0,0.0,0.0,0.0,0.0
119,E24,Cl[Pd]Cl.CC1(C)c2cccc(P(c3ccccc3)c4ccccc4)c2Oc5c(cccc15)P(c6ccccc6)c7ccccc7,PdCl2(XantPhos),0.04025476350000001 milligram,0.05325 micromole,0.04025476350000002 microliter,C39H32Cl2OP2Pd,CC1=C(C(=NN1C(C)C)N)Br,4-BROMO-1-ISOPROPYL-5-METHYL-1H-PYRAZOL-3-AMINE,0.058014068 milligram,0.266 micromole,0.058014068000000016 microliter,C7H12BrN3,O=[N+](C1=CC=CC=C1B2OC(C)(C)C(C)(C)O2)[O-],"4,4,5,5-tetramethyl-2-(2-nitrophenyl)-1,3,2-dioxaborolane",0.079704 milligram,0.32000000000000006 micromole,0.07970400000000001 microliter,C12H16BNO4,[Na+].C[Si](C)(C)[O-],NaOTMS,0.22435999999999995 milligram,2.0 micromole,0.22436 microliter,C3H9NaOSi,CN1C=NC2=C1C(=O)N(C(=O)N2C)C,caffeine,0.051654806000000004 milligram,0.266 micromole,0.05165480600000002 microliter,C8H10N4O2,Cc1ccccc1,toluene,9.3096 milligram,101.03645499831781 micromole,10.8 microliter,C7H8,O,water,1.2000000000000002 milligram,66.6111573688593 micromole,1.2000000000000002 microliter,H2O,Cc1c(-c2ccccc2[N+](=O)[O-])c(N)nn1C(C)C,suzuki_product_0,0.0 milligram,0.0 micromole,0 microliter,C13H16N4O2,Cc1cc(N)nn1C(C)C,dehalogenation_0,0.0 milligram,0.0 micromole,0 microliter,C7H13N3,O=[N+]([O-])c1ccccc1,deborylation_0,0.0 milligram,0.0 micromole,0 microliter,C6H5NO2,CC1=C(C(=NN1C(C)C)N)Br.O=[N+](C1=CC=CC=C1B2OC(C)(C)C(C)(C)O2)[O-]>>Cc1c(-c2ccccc2[N+](=O)[O-])c(N)nn1C(C)C.Cc1cc(N)nn1C(C)C.O=[N+]([O-])c1ccccc1,005_RLN-NB-2443_012_E24,7/7/2023 7:14:06 PM,005_rln-nb-2443_012_e24.raw,2min_150_1200.EXP,005_RLN-NB-2443_012_E24,005_RLN-NB-2443_012_E24,Rxn_Opt_HSST3_2_98,Analog,0,0,0,0,0,0.3427360688832778,0.7398,0,0,0,False,123.03202840392001,1.25,deborylation_0,0,0,0,0,0,18.185479107903237,4.102144303311666,0.3427360688832778,194.9,0.7398,0,0,0,0,0,0,0,0,0,0,0,0,0,0,0,0,0,0,0,0,0,0,0,0,0,0,0,0,0,0,0,0,0,0,0,0.0,0.0,0.0,0.0,0.0,0.0,0.0,0.0,0.0,0.0,0.0,0.0,0.0,0.0,0.0,0.0,0.0,0.0,0.0,0.0,0.0,0.0,0.0
120,F1,CC(C)C1=CC(C(C)C)=CC(C(C)C)=C1C2=C([P+](C3CCCCC3)([Pd-2]4(OS(C)(=O)=O)C(C=CC=C5)=C5C6=C([NH+]4C)C=CC=C6)C7CCCCC7)C=CC=C2,XPhos Pd G4,0.04582130549999999 milligram,0.05325 micromole,0.0458213055 microliter,C47H64NO3PPdS,COC1=C(N)C(Cl)=NC=N1,4-chloro-6-methoxypyrimidin-5-amine,0.04244721600000001 milligram,0.266 micromole,0.04244721600000002 microliter,C5H6ClN3O,O=C(O)C1=CC=CC(B2OC(C)(C)C(C)(C)O2)=C1,"3-(tetramethyl-1,3,2-dioxaborolan-2-yl)benzoic acid",0.07938784 milligram,0.32000000000000006 micromole,0.07938784000000002 microliter,C13H17BO4,[Na+].[Na+].[O-]C([O-])=O,Na2CO3,0.21197599999999997 milligram,2.0 micromole,0.21197600000000003 microliter,CNa2O3,CN1C=NC2=C1C(=O)N(C(=O)N2C)C,caffeine,0.051654806000000004 milligram,0.266 micromole,0.05165480600000002 microliter,C8H10N4O2,Cc1ccccc1,toluene,9.3096 milligram,101.03645499831781 micromole,10.8 microliter,C7H8,O,water,1.2000000000000002 milligram,66.6111573688593 micromole,1.2000000000000002 microliter,H2O,COc1ncnc(-c2cccc(C(=O)O)c2)c1N,suzuki_product_0,0.0 milligram,0.0 micromole,0 microliter,C12H11N3O3,COc1ncncc1N,dehalogenation_0,0.0 milligram,0.0 micromole,0 microliter,C5H7N3O,O=C(O)c1ccccc1,deborylation_0,0.0 milligram,0.0 micromole,0 microliter,C7H6O2,COC1=C(N)C(Cl)=NC=N1.O=C(O)C1=CC=CC(B2OC(C)(C)C(C)(C)O2)=C1>>COc1ncnc(-c2cccc(C(=O)O)c2)c1N.COc1ncncc1N.O=C(O)c1ccccc1,005_RLN-NB-2443_012_F1,7/7/2023 7:16:33 PM,005_rln-nb-2443_012_f1.raw,2min_150_1200.EXP,005_RLN-NB-2443_012_F1,005_RLN-NB-2443_012_F1,Rxn_Opt_HSST3_2_98,Analog,0.18400330966125555,0,0.18115559488970048,6.821393444411582,0.8015,0.9845235676640947,0.7415,0.18115559488970048,0.8015,0,False,122.03677943156,1.25,deborylation_0,7.223297654721582,4.976499425031155,0.18115559488970048,159.8,0.8015,47.8027606494683,27.045706048400643,0.9845235676640947,194.9,0.7415,0,0,0,0,0,0,0,0,0,0,7.223297654721582,4.976499425031155,0.18115559488970048,159.8,0.8015,0,0,0,0,0,0,0,0,0,0,0,0,0,0,0,0,0,0,0,0,0.0,0.0,0.0,0.0,0.0,4.894488036989398e-05,18.400330966125555,0.0,0.0,4.894488036989398e-05,18.400330966125555,0.0,0.0,0.0,0.0,0.0,0.0,0.0,0.0,0.0,0.0,0.0,0.0
121,F2,CC(C)C1=CC(C(C)C)=CC(C(C)C)=C1C2=C([P+](C3CCCCC3)([Pd-2]4(OS(C)(=O)=O)C(C=CC=C5)=C5C6=C([NH+]4C)C=CC=C6)C7CCCCC7)C=CC=C2,XPhos Pd G4,0.04582130549999999 milligram,0.05325 micromole,0.0458213055 microliter,C47H64NO3PPdS,COC1=C(N)C(Cl)=NC=N1,4-chloro-6-methoxypyrimidin-5-amine,0.04244721600000001 milligram,0.266 micromole,0.04244721600000002 microliter,C5H6ClN3O,O=C(O)C1=CC=CC(B2OC(C)(C)C(C)(C)O2)=C1,"3-(tetramethyl-1,3,2-dioxaborolan-2-yl)benzoic acid",0.07938784 milligram,0.32000000000000006 micromole,0.07938784000000002 microliter,C13H17BO4,[K+].[K+].[K+].[O-]P([O-])([O-])=O,K3PO4,0.42452799999999996 milligram,2.0 micromole,0.42452800000000007 microliter,K3O4P,CN1C=NC2=C1C(=O)N(C(=O)N2C)C,caffeine,0.051654806000000004 milligram,0.266 micromole,0.05165480600000002 microliter,C8H10N4O2,Cc1ccccc1,toluene,9.3096 milligram,101.03645499831781 micromole,10.8 microliter,C7H8,O,water,1.2000000000000002 milligram,66.6111573688593 micromole,1.2000000000000002 microliter,H2O,COc1ncnc(-c2cccc(C(=O)O)c2)c1N,suzuki_product_0,0.0 milligram,0.0 micromole,0 microliter,C12H11N3O3,COc1ncncc1N,dehalogenation_0,0.0 milligram,0.0 micromole,0 microliter,C5H7N3O,O=C(O)c1ccccc1,deborylation_0,0.0 milligram,0.0 micromole,0 microliter,C7H6O2,COC1=C(N)C(Cl)=NC=N1.O=C(O)C1=CC=CC(B2OC(C)(C)C(C)(C)O2)=C1>>COc1ncnc(-c2cccc(C(=O)O)c2)c1N.COc1ncncc1N.O=C(O)c1ccccc1,005_RLN-NB-2443_012_F2,7/7/2023 7:19:01 PM,005_rln-nb-2443_012_f2.raw,2min_150_1200.EXP,005_RLN-NB-2443_012_F2,005_RLN-NB-2443_012_F2,Rxn_Opt_HSST3_2_98,Analog,0.9319693903892838,0,1.0025578813512497,23.96135873679917,0.8031,1.0757412117714307,0.7415,1.0025578813512497,0.8031,0,False,122.03677943156,1.25,deborylation_0,43.98817047443734,19.06075226321714,1.0025578813512497,246,0.8031,51.89947099098316,20.4521226338297,1.0757412117714307,194.9,0.7415,0,0,0,0,0,0,0,0,0,0,43.98817047443734,19.06075226321714,1.0025578813512497,246,0.8031,0,0,0,0,0,0,0,0,0,0,0,0,0,0,0,0,0,0,0,0,0.0,0.0,0.0,0.0,0.0,0.0002479038578435495,93.19693903892838,0.0,0.0,0.0002479038578435495,93.19693903892838,0.0,0.0,0.0,0.0,0.0,0.0,0.0,0.0,0.0,0.0,0.0,0.0
122,F3,CC(C)C1=CC(C(C)C)=CC(C(C)C)=C1C2=C([P+](C3CCCCC3)([Pd-2]4(OS(C)(=O)=O)C(C=CC=C5)=C5C6=C([NH+]4C)C=CC=C6)C7CCCCC7)C=CC=C2,XPhos Pd G4,0.04582130549999999 milligram,0.05325 micromole,0.0458213055 microliter,C47H64NO3PPdS,COC1=C(N)C(Cl)=NC=N1,4-chloro-6-methoxypyrimidin-5-amine,0.04244721600000001 milligram,0.266 micromole,0.04244721600000002 microliter,C5H6ClN3O,O=C(O)C1=CC=CC(B2OC(C)(C)C(C)(C)O2)=C1,"3-(tetramethyl-1,3,2-dioxaborolan-2-yl)benzoic acid",0.07938784 milligram,0.32000000000000006 micromole,0.07938784000000002 microliter,C13H17BO4,[Na+].C[Si](C)(C)[O-],NaOTMS,0.22435999999999995 milligram,2.0 micromole,0.22436 microliter,C3H9NaOSi,CN1C=NC2=C1C(=O)N(C(=O)N2C)C,caffeine,0.051654806000000004 milligram,0.266 micromole,0.05165480600000002 microliter,C8H10N4O2,Cc1ccccc1,toluene,9.3096 milligram,101.03645499831781 micromole,10.8 microliter,C7H8,O,water,1.2000000000000002 milligram,66.6111573688593 micromole,1.2000000000000002 microliter,H2O,COc1ncnc(-c2cccc(C(=O)O)c2)c1N,suzuki_product_0,0.0 milligram,0.0 micromole,0 microliter,C12H11N3O3,COc1ncncc1N,dehalogenation_0,0.0 milligram,0.0 micromole,0 microliter,C5H7N3O,O=C(O)c1ccccc1,deborylation_0,0.0 milligram,0.0 micromole,0 microliter,C7H6O2,COC1=C(N)C(Cl)=NC=N1.O=C(O)C1=CC=CC(B2OC(C)(C)C(C)(C)O2)=C1>>COc1ncnc(-c2cccc(C(=O)O)c2)c1N.COc1ncncc1N.O=C(O)c1ccccc1,005_RLN-NB-2443_012_F3,7/7/2023 7:21:28 PM,005_rln-nb-2443_012_f3.raw,2min_150_1200.EXP,005_RLN-NB-2443_012_F3,005_RLN-NB-2443_012_F3,Rxn_Opt_HSST3_2_98,Analog,0.10656851098598609,0,0.28780348163655783,6.189318390348875,0.8015,2.700642797518344,0.7431,0.28780348163655783,0.8015,0,False,122.03677943156,1.25,deborylation_0,12.356037906547744,3.9153496900907028,0.28780348163655783,159.9,0.8015,101.74946996383731,36.7402120369832,2.700642797518344,194.8,0.7431,0,0,0,0,0,0,0,0,0,0,12.356037906547744,3.9153496900907028,0.28780348163655783,159.9,0.8015,0,0,0,0,0,0,0,0,0,0,0,0,0,0,0,0,0,0,0,0,0.0,0.0,0.0,0.0,0.0,2.83472239222723e-05,10.65685109859861,0.0,0.0,2.83472239222723e-05,10.65685109859861,0.0,0.0,0.0,0.0,0.0,0.0,0.0,0.0,0.0,0.0,0.0,0.0
123,F4,CC(C)(C)[P+]([Pd-2]1(C2=C(C3=C(C=CC=C3)[NH+]1C)C=CC=C2)OS(C)(=O)=O)(C(C)(C)C)C(C)(C)C,PtBu3 Pd G4,0.03120913275 milligram,0.05325 micromole,0.031209132750000007 microliter,C26H42NO3PPdS,COC1=C(N)C(Cl)=NC=N1,4-chloro-6-methoxypyrimidin-5-amine,0.04244721600000001 milligram,0.266 micromole,0.04244721600000002 microliter,C5H6ClN3O,O=C(O)C1=CC=CC(B2OC(C)(C)C(C)(C)O2)=C1,"3-(tetramethyl-1,3,2-dioxaborolan-2-yl)benzoic acid",0.07938784 milligram,0.32000000000000006 micromole,0.07938784000000002 microliter,C13H17BO4,[Na+].[Na+].[O-]C([O-])=O,Na2CO3,0.21197599999999997 milligram,2.0 micromole,0.21197600000000003 microliter,CNa2O3,CN1C=NC2=C1C(=O)N(C(=O)N2C)C,caffeine,0.051654806000000004 milligram,0.266 micromole,0.05165480600000002 microliter,C8H10N4O2,Cc1ccccc1,toluene,9.3096 milligram,101.03645499831781 micromole,10.8 microliter,C7H8,O,water,1.2000000000000002 milligram,66.6111573688593 micromole,1.2000000000000002 microliter,H2O,COc1ncnc(-c2cccc(C(=O)O)c2)c1N,suzuki_product_0,0.0 milligram,0.0 micromole,0 microliter,C12H11N3O3,COc1ncncc1N,dehalogenation_0,0.0 milligram,0.0 micromole,0 microliter,C5H7N3O,O=C(O)c1ccccc1,deborylation_0,0.0 milligram,0.0 micromole,0 microliter,C7H6O2,COC1=C(N)C(Cl)=NC=N1.O=C(O)C1=CC=CC(B2OC(C)(C)C(C)(C)O2)=C1>>COc1ncnc(-c2cccc(C(=O)O)c2)c1N.COc1ncncc1N.O=C(O)c1ccccc1,005_RLN-NB-2443_012_F4,7/7/2023 7:23:55 PM,005_rln-nb-2443_012_f4.raw,2min_150_1200.EXP,005_RLN-NB-2443_012_F4,005_RLN-NB-2443_012_F4,Rxn_Opt_HSST3_2_98,Analog,1.1997035767303288,0,1.2624743790141415,30.740336245850365,0.8048,1.0523219264336015,0.7431,0,0,0,False,122.03677943156,1.25,deborylation_0,52.8234543246933,24.470255152490456,1.2624743790141415,245.9,0.8048,49.09410547822758,20.39691772794549,1.0523219264336015,195,0.7431,0,0,0,0,0,0,0,0,0,0,52.8234543246933,24.470255152490456,1.2624743790141415,245.9,0.8048,0,0,0,0,0,0,0,0,0,0,0,0,0,0,0,0,0,0,0,0,0.0,0.0,0.0,0.0,0.0,0.00031912115141026747,119.97035767303288,0.0,0.0,0.00031912115141026747,119.97035767303288,0.0,0.0,0.0,0.0,0.0,0.0,0.0,0.0,0.0,0.0,0.0,0.0
124,F5,CC(C)(C)[P+]([Pd-2]1(C2=C(C3=C(C=CC=C3)[NH+]1C)C=CC=C2)OS(C)(=O)=O)(C(C)(C)C)C(C)(C)C,PtBu3 Pd G4,0.03120913275 milligram,0.05325 micromole,0.031209132750000007 microliter,C26H42NO3PPdS,COC1=C(N)C(Cl)=NC=N1,4-chloro-6-methoxypyrimidin-5-amine,0.04244721600000001 milligram,0.266 micromole,0.04244721600000002 microliter,C5H6ClN3O,O=C(O)C1=CC=CC(B2OC(C)(C)C(C)(C)O2)=C1,"3-(tetramethyl-1,3,2-dioxaborolan-2-yl)benzoic acid",0.07938784 milligram,0.32000000000000006 micromole,0.07938784000000002 microliter,C13H17BO4,[K+].[K+].[K+].[O-]P([O-])([O-])=O,K3PO4,0.42452799999999996 milligram,2.0 micromole,0.42452800000000007 microliter,K3O4P,CN1C=NC2=C1C(=O)N(C(=O)N2C)C,caffeine,0.051654806000000004 milligram,0.266 micromole,0.05165480600000002 microliter,C8H10N4O2,Cc1ccccc1,toluene,9.3096 milligram,101.03645499831781 micromole,10.8 microliter,C7H8,O,water,1.2000000000000002 milligram,66.6111573688593 micromole,1.2000000000000002 microliter,H2O,COc1ncnc(-c2cccc(C(=O)O)c2)c1N,suzuki_product_0,0.0 milligram,0.0 micromole,0 microliter,C12H11N3O3,COc1ncncc1N,dehalogenation_0,0.0 milligram,0.0 micromole,0 microliter,C5H7N3O,O=C(O)c1ccccc1,deborylation_0,0.0 milligram,0.0 micromole,0 microliter,C7H6O2,COC1=C(N)C(Cl)=NC=N1.O=C(O)C1=CC=CC(B2OC(C)(C)C(C)(C)O2)=C1>>COc1ncnc(-c2cccc(C(=O)O)c2)c1N.COc1ncncc1N.O=C(O)c1ccccc1,005_RLN-NB-2443_012_F5,7/7/2023 7:26:22 PM,005_rln-nb-2443_012_f5.raw,2min_150_1200.EXP,005_RLN-NB-2443_012_F5,005_RLN-NB-2443_012_F5,Rxn_Opt_HSST3_2_98,Analog,3.108704601426935,0,1.7248870406802745,41.93518516381487,0.8048,0.5548571710186068,0.7398,0,0,0,False,122.03677943156,1.25,deborylation_0,72.71962001288263,36.95068511933388,1.7248870406802745,245.9,0.8048,28.38632041510941,11.886200156287943,0.5548571710186068,195,0.7398,0,0,0,0,0,0,0,0,0,0,72.71962001288263,36.95068511933388,1.7248870406802745,245.9,0.8048,0,0,0,0,0,0,0,0,0,0,0,0,0,0,0,0,0,0,0,0,0.0,0.0,0.0,0.0,0.0,0.0008269154239795647,310.8704601426935,0.0,0.0,0.0008269154239795647,310.8704601426935,0.0,0.0,0.0,0.0,0.0,0.0,0.0,0.0,0.0,0.0,0.0,0.0
125,F6,CC(C)(C)[P+]([Pd-2]1(C2=C(C3=C(C=CC=C3)[NH+]1C)C=CC=C2)OS(C)(=O)=O)(C(C)(C)C)C(C)(C)C,PtBu3 Pd G4,0.03120913275 milligram,0.05325 micromole,0.031209132750000007 microliter,C26H42NO3PPdS,COC1=C(N)C(Cl)=NC=N1,4-chloro-6-methoxypyrimidin-5-amine,0.04244721600000001 milligram,0.266 micromole,0.04244721600000002 microliter,C5H6ClN3O,O=C(O)C1=CC=CC(B2OC(C)(C)C(C)(C)O2)=C1,"3-(tetramethyl-1,3,2-dioxaborolan-2-yl)benzoic acid",0.07938784 milligram,0.32000000000000006 micromole,0.07938784000000002 microliter,C13H17BO4,[Na+].C[Si](C)(C)[O-],NaOTMS,0.22435999999999995 milligram,2.0 micromole,0.22436 microliter,C3H9NaOSi,CN1C=NC2=C1C(=O)N(C(=O)N2C)C,caffeine,0.051654806000000004 milligram,0.266 micromole,0.05165480600000002 microliter,C8H10N4O2,Cc1ccccc1,toluene,9.3096 milligram,101.03645499831781 micromole,10.8 microliter,C7H8,O,water,1.2000000000000002 milligram,66.6111573688593 micromole,1.2000000000000002 microliter,H2O,COc1ncnc(-c2cccc(C(=O)O)c2)c1N,suzuki_product_0,0.0 milligram,0.0 micromole,0 microliter,C12H11N3O3,COc1ncncc1N,dehalogenation_0,0.0 milligram,0.0 micromole,0 microliter,C5H7N3O,O=C(O)c1ccccc1,deborylation_0,0.0 milligram,0.0 micromole,0 microliter,C7H6O2,COC1=C(N)C(Cl)=NC=N1.O=C(O)C1=CC=CC(B2OC(C)(C)C(C)(C)O2)=C1>>COc1ncnc(-c2cccc(C(=O)O)c2)c1N.COc1ncncc1N.O=C(O)c1ccccc1,005_RLN-NB-2443_012_F6,7/7/2023 7:28:49 PM,005_rln-nb-2443_012_f6.raw,2min_150_1200.EXP,005_RLN-NB-2443_012_F6,005_RLN-NB-2443_012_F6,Rxn_Opt_HSST3_2_98,Analog,0.8707097914767536,0,0.24427739824858619,15.448822211005867,0.8031,0.2805497315406128,0.7415,0,0,0,False,122.03677943156,1.25,deborylation_0,9.453197310099608,13.12082211205661,0.24427739824858619,245.9,0.8031,14.350049253405619,15.06911055841378,0.2805497315406128,194.9,0.7415,0,0,0,0,0,0,0,0,0,0,9.453197310099608,13.12082211205661,0.24427739824858619,245.9,0.8031,0,0,0,0,0,0,0,0,0,0,0,0,0,0,0,0,0,0,0,0,0.0,0.0,0.0,0.0,0.0,0.0002316088045328165,87.07097914767536,0.0,0.0,0.0002316088045328165,87.07097914767536,0.0,0.0,0.0,0.0,0.0,0.0,0.0,0.0,0.0,0.0,0.0,0.0
126,F7,CC(C1=CC=CC(C(C)C)=C1C2=C(C(OC(C)(C)C)=CC=C2OC)[P+]([Pd-2]3(C4=C(C5=C(C=CC=C5)[NH+]3C)C=CC=C4)OS(C)(=O)=O)(C6CCCCC6)C7CCCCC7)C,GPhos Pd G4,0.049019074499999975 milligram,0.05325 micromole,0.04901907449999999 microliter,C49H68NO5PPdS,COC1=C(N)C(Cl)=NC=N1,4-chloro-6-methoxypyrimidin-5-amine,0.04244721600000001 milligram,0.266 micromole,0.04244721600000002 microliter,C5H6ClN3O,O=C(O)C1=CC=CC(B2OC(C)(C)C(C)(C)O2)=C1,"3-(tetramethyl-1,3,2-dioxaborolan-2-yl)benzoic acid",0.07938784 milligram,0.32000000000000006 micromole,0.07938784000000002 microliter,C13H17BO4,[Na+].[Na+].[O-]C([O-])=O,Na2CO3,0.21197599999999997 milligram,2.0 micromole,0.21197600000000003 microliter,CNa2O3,CN1C=NC2=C1C(=O)N(C(=O)N2C)C,caffeine,0.051654806000000004 milligram,0.266 micromole,0.05165480600000002 microliter,C8H10N4O2,Cc1ccccc1,toluene,9.3096 milligram,101.03645499831781 micromole,10.8 microliter,C7H8,O,water,1.2000000000000002 milligram,66.6111573688593 micromole,1.2000000000000002 microliter,H2O,COc1ncnc(-c2cccc(C(=O)O)c2)c1N,suzuki_product_0,0.0 milligram,0.0 micromole,0 microliter,C12H11N3O3,COc1ncncc1N,dehalogenation_0,0.0 milligram,0.0 micromole,0 microliter,C5H7N3O,O=C(O)c1ccccc1,deborylation_0,0.0 milligram,0.0 micromole,0 microliter,C7H6O2,COC1=C(N)C(Cl)=NC=N1.O=C(O)C1=CC=CC(B2OC(C)(C)C(C)(C)O2)=C1>>COc1ncnc(-c2cccc(C(=O)O)c2)c1N.COc1ncncc1N.O=C(O)c1ccccc1,005_RLN-NB-2443_012_F7,7/7/2023 7:31:17 PM,005_rln-nb-2443_012_f7.raw,2min_150_1200.EXP,005_RLN-NB-2443_012_F7,005_RLN-NB-2443_012_F7,Rxn_Opt_HSST3_2_98,Analog,0,0,0,0,0,0.8788438401341792,0.7415,0,0,0,False,122.03677943156,1.25,deborylation_0,0,0,0,0,0,35.35136682403468,42.30586873903656,0.8788438401341792,195,0.7415,0,0,0,0,0,0,0,0,0,0,0,0,0,0,0,0,0,0,0,0,0,0,0,0,0,0,0,0,0,0,0,0,0,0,0,0.0,0.0,0.0,0.0,0.0,0.0,0.0,0.0,0.0,0.0,0.0,0.0,0.0,0.0,0.0,0.0,0.0,0.0,0.0,0.0,0.0,0.0,0.0
127,F8,CC(C1=CC=CC(C(C)C)=C1C2=C(C(OC(C)(C)C)=CC=C2OC)[P+]([Pd-2]3(C4=C(C5=C(C=CC=C5)[NH+]3C)C=CC=C4)OS(C)(=O)=O)(C6CCCCC6)C7CCCCC7)C,GPhos Pd G4,0.049019074499999975 milligram,0.05325 micromole,0.04901907449999999 microliter,C49H68NO5PPdS,COC1=C(N)C(Cl)=NC=N1,4-chloro-6-methoxypyrimidin-5-amine,0.04244721600000001 milligram,0.266 micromole,0.04244721600000002 microliter,C5H6ClN3O,O=C(O)C1=CC=CC(B2OC(C)(C)C(C)(C)O2)=C1,"3-(tetramethyl-1,3,2-dioxaborolan-2-yl)benzoic acid",0.07938784 milligram,0.32000000000000006 micromole,0.07938784000000002 microliter,C13H17BO4,[K+].[K+].[K+].[O-]P([O-])([O-])=O,K3PO4,0.42452799999999996 milligram,2.0 micromole,0.42452800000000007 microliter,K3O4P,CN1C=NC2=C1C(=O)N(C(=O)N2C)C,caffeine,0.051654806000000004 milligram,0.266 micromole,0.05165480600000002 microliter,C8H10N4O2,Cc1ccccc1,toluene,9.3096 milligram,101.03645499831781 micromole,10.8 microliter,C7H8,O,water,1.2000000000000002 milligram,66.6111573688593 micromole,1.2000000000000002 microliter,H2O,COc1ncnc(-c2cccc(C(=O)O)c2)c1N,suzuki_product_0,0.0 milligram,0.0 micromole,0 microliter,C12H11N3O3,COc1ncncc1N,dehalogenation_0,0.0 milligram,0.0 micromole,0 microliter,C5H7N3O,O=C(O)c1ccccc1,deborylation_0,0.0 milligram,0.0 micromole,0 microliter,C7H6O2,COC1=C(N)C(Cl)=NC=N1.O=C(O)C1=CC=CC(B2OC(C)(C)C(C)(C)O2)=C1>>COc1ncnc(-c2cccc(C(=O)O)c2)c1N.COc1ncncc1N.O=C(O)c1ccccc1,005_RLN-NB-2443_012_F8,7/7/2023 7:33:44 PM,005_rln-nb-2443_012_f8.raw,2min_150_1200.EXP,005_RLN-NB-2443_012_F8,005_RLN-NB-2443_012_F8,Rxn_Opt_HSST3_2_98,Analog,0,0,0,0,0,2.4162316090352007,0.7431,0,0,0,False,122.03677943156,1.25,deborylation_0,0,0,0,0,0,91.08036786030144,49.52727712234671,2.4162316090352007,194.9,0.7431,0,0,0,0,0,0,0,0,0,0,0,0,0,0,0,0,0,0,0,0,0,0,0,0,0,0,0,0,0,0,0,0,0,0,0,0.0,0.0,0.0,0.0,0.0,0.0,0.0,0.0,0.0,0.0,0.0,0.0,0.0,0.0,0.0,0.0,0.0,0.0,0.0,0.0,0.0,0.0,0.0
128,F9,CC(C1=CC=CC(C(C)C)=C1C2=C(C(OC(C)(C)C)=CC=C2OC)[P+]([Pd-2]3(C4=C(C5=C(C=CC=C5)[NH+]3C)C=CC=C4)OS(C)(=O)=O)(C6CCCCC6)C7CCCCC7)C,GPhos Pd G4,0.049019074499999975 milligram,0.05325 micromole,0.04901907449999999 microliter,C49H68NO5PPdS,COC1=C(N)C(Cl)=NC=N1,4-chloro-6-methoxypyrimidin-5-amine,0.04244721600000001 milligram,0.266 micromole,0.04244721600000002 microliter,C5H6ClN3O,O=C(O)C1=CC=CC(B2OC(C)(C)C(C)(C)O2)=C1,"3-(tetramethyl-1,3,2-dioxaborolan-2-yl)benzoic acid",0.07938784 milligram,0.32000000000000006 micromole,0.07938784000000002 microliter,C13H17BO4,[Na+].C[Si](C)(C)[O-],NaOTMS,0.22435999999999995 milligram,2.0 micromole,0.22436 microliter,C3H9NaOSi,CN1C=NC2=C1C(=O)N(C(=O)N2C)C,caffeine,0.051654806000000004 milligram,0.266 micromole,0.05165480600000002 microliter,C8H10N4O2,Cc1ccccc1,toluene,9.3096 milligram,101.03645499831781 micromole,10.8 microliter,C7H8,O,water,1.2000000000000002 milligram,66.6111573688593 micromole,1.2000000000000002 microliter,H2O,COc1ncnc(-c2cccc(C(=O)O)c2)c1N,suzuki_product_0,0.0 milligram,0.0 micromole,0 microliter,C12H11N3O3,COc1ncncc1N,dehalogenation_0,0.0 milligram,0.0 micromole,0 microliter,C5H7N3O,O=C(O)c1ccccc1,deborylation_0,0.0 milligram,0.0 micromole,0 microliter,C7H6O2,COC1=C(N)C(Cl)=NC=N1.O=C(O)C1=CC=CC(B2OC(C)(C)C(C)(C)O2)=C1>>COc1ncnc(-c2cccc(C(=O)O)c2)c1N.COc1ncncc1N.O=C(O)c1ccccc1,005_RLN-NB-2443_012_F9,7/7/2023 7:36:12 PM,005_rln-nb-2443_012_f9.raw,2min_150_1200.EXP,005_RLN-NB-2443_012_F9,005_RLN-NB-2443_012_F9,Rxn_Opt_HSST3_2_98,Analog,0,0,0,0,0,3.1292350373241917,0.7431,0,0,0,False,122.03677943156,1.25,deborylation_0,0,0,0,0,0,115.9733913078537,40.487414932070806,3.1292350373241917,194.9,0.7431,0,0,0,0,0,0,0,0,0,0,0,0,0,0,0,0,0,0,0,0,0,0,0,0,0,0,0,0,0,0,0,0,0,0,0,0.0,0.0,0.0,0.0,0.0,0.0,0.0,0.0,0.0,0.0,0.0,0.0,0.0,0.0,0.0,0.0,0.0,0.0,0.0,0.0,0.0,0.0,0.0
129,F10,Cl[Pd]Cl.CC1(C)c2cccc(P(c3ccccc3)c4ccccc4)c2Oc5c(cccc15)P(c6ccccc6)c7ccccc7,PdCl2(XantPhos),0.04025476350000001 milligram,0.05325 micromole,0.04025476350000002 microliter,C39H32Cl2OP2Pd,COC1=C(N)C(Cl)=NC=N1,4-chloro-6-methoxypyrimidin-5-amine,0.04244721600000001 milligram,0.266 micromole,0.04244721600000002 microliter,C5H6ClN3O,O=C(O)C1=CC=CC(B2OC(C)(C)C(C)(C)O2)=C1,"3-(tetramethyl-1,3,2-dioxaborolan-2-yl)benzoic acid",0.07938784 milligram,0.32000000000000006 micromole,0.07938784000000002 microliter,C13H17BO4,[Na+].[Na+].[O-]C([O-])=O,Na2CO3,0.21197599999999997 milligram,2.0 micromole,0.21197600000000003 microliter,CNa2O3,CN1C=NC2=C1C(=O)N(C(=O)N2C)C,caffeine,0.051654806000000004 milligram,0.266 micromole,0.05165480600000002 microliter,C8H10N4O2,Cc1ccccc1,toluene,9.3096 milligram,101.03645499831781 micromole,10.8 microliter,C7H8,O,water,1.2000000000000002 milligram,66.6111573688593 micromole,1.2000000000000002 microliter,H2O,COc1ncnc(-c2cccc(C(=O)O)c2)c1N,suzuki_product_0,0.0 milligram,0.0 micromole,0 microliter,C12H11N3O3,COc1ncncc1N,dehalogenation_0,0.0 milligram,0.0 micromole,0 microliter,C5H7N3O,O=C(O)c1ccccc1,deborylation_0,0.0 milligram,0.0 micromole,0 microliter,C7H6O2,COC1=C(N)C(Cl)=NC=N1.O=C(O)C1=CC=CC(B2OC(C)(C)C(C)(C)O2)=C1>>COc1ncnc(-c2cccc(C(=O)O)c2)c1N.COc1ncncc1N.O=C(O)c1ccccc1,005_RLN-NB-2443_012_F10,7/7/2023 7:38:39 PM,005_rln-nb-2443_012_f10.raw,2min_150_1200.EXP,005_RLN-NB-2443_012_F10,005_RLN-NB-2443_012_F10,Rxn_Opt_HSST3_2_98,Analog,0,0,0,0,0,0.3601756230428102,0.7415,0,0,0,False,122.03677943156,1.25,deborylation_0,0,0,0,0,0,18.517782945865413,19.277548181604686,0.3601756230428102,195,0.7415,0,0,0,0,0,0,0,0,0,0,0,0,0,0,0,0,0,0,0,0,0,0,0,0,0,0,0,0,0,0,0,0,0,0,0,0.0,0.0,0.0,0.0,0.0,0.0,0.0,0.0,0.0,0.0,0.0,0.0,0.0,0.0,0.0,0.0,0.0,0.0,0.0,0.0,0.0,0.0,0.0
130,F11,Cl[Pd]Cl.CC1(C)c2cccc(P(c3ccccc3)c4ccccc4)c2Oc5c(cccc15)P(c6ccccc6)c7ccccc7,PdCl2(XantPhos),0.04025476350000001 milligram,0.05325 micromole,0.04025476350000002 microliter,C39H32Cl2OP2Pd,COC1=C(N)C(Cl)=NC=N1,4-chloro-6-methoxypyrimidin-5-amine,0.04244721600000001 milligram,0.266 micromole,0.04244721600000002 microliter,C5H6ClN3O,O=C(O)C1=CC=CC(B2OC(C)(C)C(C)(C)O2)=C1,"3-(tetramethyl-1,3,2-dioxaborolan-2-yl)benzoic acid",0.07938784 milligram,0.32000000000000006 micromole,0.07938784000000002 microliter,C13H17BO4,[K+].[K+].[K+].[O-]P([O-])([O-])=O,K3PO4,0.42452799999999996 milligram,2.0 micromole,0.42452800000000007 microliter,K3O4P,CN1C=NC2=C1C(=O)N(C(=O)N2C)C,caffeine,0.051654806000000004 milligram,0.266 micromole,0.05165480600000002 microliter,C8H10N4O2,Cc1ccccc1,toluene,9.3096 milligram,101.03645499831781 micromole,10.8 microliter,C7H8,O,water,1.2000000000000002 milligram,66.6111573688593 micromole,1.2000000000000002 microliter,H2O,COc1ncnc(-c2cccc(C(=O)O)c2)c1N,suzuki_product_0,0.0 milligram,0.0 micromole,0 microliter,C12H11N3O3,COc1ncncc1N,dehalogenation_0,0.0 milligram,0.0 micromole,0 microliter,C5H7N3O,O=C(O)c1ccccc1,deborylation_0,0.0 milligram,0.0 micromole,0 microliter,C7H6O2,COC1=C(N)C(Cl)=NC=N1.O=C(O)C1=CC=CC(B2OC(C)(C)C(C)(C)O2)=C1>>COc1ncnc(-c2cccc(C(=O)O)c2)c1N.COc1ncncc1N.O=C(O)c1ccccc1,005_RLN-NB-2443_012_F11,7/7/2023 7:41:07 PM,005_rln-nb-2443_012_f11.raw,2min_150_1200.EXP,005_RLN-NB-2443_012_F11,005_RLN-NB-2443_012_F11,Rxn_Opt_HSST3_2_98,Analog,0.15022878929615865,0,0.15326636319063694,5.885133570040086,0.8015,1.0202196523629705,0.7415,0.15326636319063694,0.8015,0,False,122.03677943156,1.25,deborylation_0,6.777134476743746,4.228601312955263,0.15326636319063694,159.9,0.8015,40.626623644946285,28.147742738038477,1.0202196523629705,194.9,0.7415,0,0,0,0,0,0,0,0,0,0,6.777134476743746,4.228601312955263,0.15326636319063694,159.9,0.8015,0,0,0,0,0,0,0,0,0,0,0,0,0,0,0,0,0,0,0,0,0.0,0.0,0.0,0.0,0.0,3.99608579527782e-05,15.022878929615866,0.0,0.0,3.99608579527782e-05,15.022878929615866,0.0,0.0,0.0,0.0,0.0,0.0,0.0,0.0,0.0,0.0,0.0,0.0
131,F12,Cl[Pd]Cl.CC1(C)c2cccc(P(c3ccccc3)c4ccccc4)c2Oc5c(cccc15)P(c6ccccc6)c7ccccc7,PdCl2(XantPhos),0.04025476350000001 milligram,0.05325 micromole,0.04025476350000002 microliter,C39H32Cl2OP2Pd,COC1=C(N)C(Cl)=NC=N1,4-chloro-6-methoxypyrimidin-5-amine,0.04244721600000001 milligram,0.266 micromole,0.04244721600000002 microliter,C5H6ClN3O,O=C(O)C1=CC=CC(B2OC(C)(C)C(C)(C)O2)=C1,"3-(tetramethyl-1,3,2-dioxaborolan-2-yl)benzoic acid",0.07938784 milligram,0.32000000000000006 micromole,0.07938784000000002 microliter,C13H17BO4,[Na+].C[Si](C)(C)[O-],NaOTMS,0.22435999999999995 milligram,2.0 micromole,0.22436 microliter,C3H9NaOSi,CN1C=NC2=C1C(=O)N(C(=O)N2C)C,caffeine,0.051654806000000004 milligram,0.266 micromole,0.05165480600000002 microliter,C8H10N4O2,Cc1ccccc1,toluene,9.3096 milligram,101.03645499831781 micromole,10.8 microliter,C7H8,O,water,1.2000000000000002 milligram,66.6111573688593 micromole,1.2000000000000002 microliter,H2O,COc1ncnc(-c2cccc(C(=O)O)c2)c1N,suzuki_product_0,0.0 milligram,0.0 micromole,0 microliter,C12H11N3O3,COc1ncncc1N,dehalogenation_0,0.0 milligram,0.0 micromole,0 microliter,C5H7N3O,O=C(O)c1ccccc1,deborylation_0,0.0 milligram,0.0 micromole,0 microliter,C7H6O2,COC1=C(N)C(Cl)=NC=N1.O=C(O)C1=CC=CC(B2OC(C)(C)C(C)(C)O2)=C1>>COc1ncnc(-c2cccc(C(=O)O)c2)c1N.COc1ncncc1N.O=C(O)c1ccccc1,005_RLN-NB-2443_012_F12,7/7/2023 7:43:34 PM,005_rln-nb-2443_012_f12.raw,2min_150_1200.EXP,005_RLN-NB-2443_012_F12,005_RLN-NB-2443_012_F12,Rxn_Opt_HSST3_2_98,Analog,0,0,0,0,0,1.8819443628855745,0.7415,0,0,0,False,122.03677943156,1.25,deborylation_0,0,0,0,0,0,84.31590007439036,16.29231752867796,1.8819443628855745,194.9,0.7415,0,0,0,0,0,0,0,0,0,0,0,0,0,0,0,0,0,0,0,0,0,0,0,0,0,0,0,0,0,0,0,0,0,0,0,0.0,0.0,0.0,0.0,0.0,0.0,0.0,0.0,0.0,0.0,0.0,0.0,0.0,0.0,0.0,0.0,0.0,0.0,0.0,0.0,0.0,0.0,0.0
132,F13,CC(C)C1=CC(C(C)C)=CC(C(C)C)=C1C2=C([P+](C3CCCCC3)([Pd-2]4(OS(C)(=O)=O)C(C=CC=C5)=C5C6=C([NH+]4C)C=CC=C6)C7CCCCC7)C=CC=C2,XPhos Pd G4,0.04582130549999999 milligram,0.05325 micromole,0.0458213055 microliter,C47H64NO3PPdS,CC1=C(C(=NN1C(C)C)N)Br,4-BROMO-1-ISOPROPYL-5-METHYL-1H-PYRAZOL-3-AMINE,0.058014068 milligram,0.266 micromole,0.058014068000000016 microliter,C7H12BrN3,O=C(O)C1=CC=CC(B2OC(C)(C)C(C)(C)O2)=C1,"3-(tetramethyl-1,3,2-dioxaborolan-2-yl)benzoic acid",0.07938784 milligram,0.32000000000000006 micromole,0.07938784000000002 microliter,C13H17BO4,[Na+].[Na+].[O-]C([O-])=O,Na2CO3,0.21197599999999997 milligram,2.0 micromole,0.21197600000000003 microliter,CNa2O3,CN1C=NC2=C1C(=O)N(C(=O)N2C)C,caffeine,0.051654806000000004 milligram,0.266 micromole,0.05165480600000002 microliter,C8H10N4O2,Cc1ccccc1,toluene,9.3096 milligram,101.03645499831781 micromole,10.8 microliter,C7H8,O,water,1.2000000000000002 milligram,66.6111573688593 micromole,1.2000000000000002 microliter,H2O,Cc1c(-c2cccc(C(=O)O)c2)c(N)nn1C(C)C,suzuki_product_0,0.0 milligram,0.0 micromole,0 microliter,C14H17N3O2,Cc1cc(N)nn1C(C)C,dehalogenation_0,0.0 milligram,0.0 micromole,0 microliter,C7H13N3,O=C(O)c1ccccc1,deborylation_0,0.0 milligram,0.0 micromole,0 microliter,C7H6O2,CC1=C(C(=NN1C(C)C)N)Br.O=C(O)C1=CC=CC(B2OC(C)(C)C(C)(C)O2)=C1>>Cc1c(-c2cccc(C(=O)O)c2)c(N)nn1C(C)C.Cc1cc(N)nn1C(C)C.O=C(O)c1ccccc1,005_RLN-NB-2443_012_F13,7/7/2023 7:46:01 PM,005_rln-nb-2443_012_f13.raw,2min_150_1200.EXP,005_RLN-NB-2443_012_F13,005_RLN-NB-2443_012_F13,Rxn_Opt_HSST3_2_98,Analog,0,0,0,0,0,0.8456806942034557,0.7415,0,0,0,False,122.03677943156,1.25,deborylation_0,0,0,0,0,0,41.602465283417075,22.995236655755882,0.8456806942034557,194.9,0.7415,0,0,0,0,0,0,0,0,0,0,0,0,0,0,0,0,0,0,0,0,0,0,0,0,0,0,0,0,0,0,0,0,0,0,0,0.0,0.0,0.0,0.0,0.0,0.0,0.0,0.0,0.0,0.0,0.0,0.0,0.0,0.0,0.0,0.0,0.0,0.0,0.0,0.0,0.0,0.0,0.0
133,F14,CC(C)C1=CC(C(C)C)=CC(C(C)C)=C1C2=C([P+](C3CCCCC3)([Pd-2]4(OS(C)(=O)=O)C(C=CC=C5)=C5C6=C([NH+]4C)C=CC=C6)C7CCCCC7)C=CC=C2,XPhos Pd G4,0.04582130549999999 milligram,0.05325 micromole,0.0458213055 microliter,C47H64NO3PPdS,CC1=C(C(=NN1C(C)C)N)Br,4-BROMO-1-ISOPROPYL-5-METHYL-1H-PYRAZOL-3-AMINE,0.058014068 milligram,0.266 micromole,0.058014068000000016 microliter,C7H12BrN3,O=C(O)C1=CC=CC(B2OC(C)(C)C(C)(C)O2)=C1,"3-(tetramethyl-1,3,2-dioxaborolan-2-yl)benzoic acid",0.07938784 milligram,0.32000000000000006 micromole,0.07938784000000002 microliter,C13H17BO4,[K+].[K+].[K+].[O-]P([O-])([O-])=O,K3PO4,0.42452799999999996 milligram,2.0 micromole,0.42452800000000007 microliter,K3O4P,CN1C=NC2=C1C(=O)N(C(=O)N2C)C,caffeine,0.051654806000000004 milligram,0.266 micromole,0.05165480600000002 microliter,C8H10N4O2,Cc1ccccc1,toluene,9.3096 milligram,101.03645499831781 micromole,10.8 microliter,C7H8,O,water,1.2000000000000002 milligram,66.6111573688593 micromole,1.2000000000000002 microliter,H2O,Cc1c(-c2cccc(C(=O)O)c2)c(N)nn1C(C)C,suzuki_product_0,0.0 milligram,0.0 micromole,0 microliter,C14H17N3O2,Cc1cc(N)nn1C(C)C,dehalogenation_0,0.0 milligram,0.0 micromole,0 microliter,C7H13N3,O=C(O)c1ccccc1,deborylation_0,0.0 milligram,0.0 micromole,0 microliter,C7H6O2,CC1=C(C(=NN1C(C)C)N)Br.O=C(O)C1=CC=CC(B2OC(C)(C)C(C)(C)O2)=C1>>Cc1c(-c2cccc(C(=O)O)c2)c(N)nn1C(C)C.Cc1cc(N)nn1C(C)C.O=C(O)c1ccccc1,005_RLN-NB-2443_012_F14,7/7/2023 7:48:29 PM,005_rln-nb-2443_012_f14.raw,2min_150_1200.EXP,005_RLN-NB-2443_012_F14,005_RLN-NB-2443_012_F14,Rxn_Opt_HSST3_2_98,Analog,0.7587122876410468,0,1.3891888417790264,16.434682531773873,0.8865,1.8309823953138127,0.7398,0,0,0,False,122.03677943156,1.25,deborylation_0,0,0,0,0,0,85.61059313546407,17.804582936290966,1.8309823953138127,195,0.7398,0,0,0,0,0,0,0,0,0,0,59.341954422836125,13.508555850088067,1.3891888417790264,260,0.8865,0,0,0,0,0,0,0,0,0,0,0,0,0,0,0,0,0,0,0,0,0.0,0.0,0.0,0.0,0.0,0.0,0.0,0.0,0.0,0.00020181746851251846,75.87122876410469,0.0,0.0,0.0,0.0,0.0,0.0,0.0,0.0,0.0,0.0,0.0,0.0
134,F15,CC(C)C1=CC(C(C)C)=CC(C(C)C)=C1C2=C([P+](C3CCCCC3)([Pd-2]4(OS(C)(=O)=O)C(C=CC=C5)=C5C6=C([NH+]4C)C=CC=C6)C7CCCCC7)C=CC=C2,XPhos Pd G4,0.04582130549999999 milligram,0.05325 micromole,0.0458213055 microliter,C47H64NO3PPdS,CC1=C(C(=NN1C(C)C)N)Br,4-BROMO-1-ISOPROPYL-5-METHYL-1H-PYRAZOL-3-AMINE,0.058014068 milligram,0.266 micromole,0.058014068000000016 microliter,C7H12BrN3,O=C(O)C1=CC=CC(B2OC(C)(C)C(C)(C)O2)=C1,"3-(tetramethyl-1,3,2-dioxaborolan-2-yl)benzoic acid",0.07938784 milligram,0.32000000000000006 micromole,0.07938784000000002 microliter,C13H17BO4,[Na+].C[Si](C)(C)[O-],NaOTMS,0.22435999999999995 milligram,2.0 micromole,0.22436 microliter,C3H9NaOSi,CN1C=NC2=C1C(=O)N(C(=O)N2C)C,caffeine,0.051654806000000004 milligram,0.266 micromole,0.05165480600000002 microliter,C8H10N4O2,Cc1ccccc1,toluene,9.3096 milligram,101.03645499831781 micromole,10.8 microliter,C7H8,O,water,1.2000000000000002 milligram,66.6111573688593 micromole,1.2000000000000002 microliter,H2O,Cc1c(-c2cccc(C(=O)O)c2)c(N)nn1C(C)C,suzuki_product_0,0.0 milligram,0.0 micromole,0 microliter,C14H17N3O2,Cc1cc(N)nn1C(C)C,dehalogenation_0,0.0 milligram,0.0 micromole,0 microliter,C7H13N3,O=C(O)c1ccccc1,deborylation_0,0.0 milligram,0.0 micromole,0 microliter,C7H6O2,CC1=C(C(=NN1C(C)C)N)Br.O=C(O)C1=CC=CC(B2OC(C)(C)C(C)(C)O2)=C1>>Cc1c(-c2cccc(C(=O)O)c2)c(N)nn1C(C)C.Cc1cc(N)nn1C(C)C.O=C(O)c1ccccc1,005_RLN-NB-2443_012_F15,7/7/2023 7:50:56 PM,005_rln-nb-2443_012_f15.raw,2min_150_1200.EXP,005_RLN-NB-2443_012_F15,005_RLN-NB-2443_012_F15,Rxn_Opt_HSST3_2_98,Analog,0.10896946006319057,0,0.1623944044931438,2.2672600369338505,0.8848,1.4902744713883367,0.7398,0,0,0,False,122.03677943156,1.25,deborylation_0,0,0,0,0,0,70.77664412995216,17.222915149492795,1.4902744713883367,195,0.7398,0,0,0,0,0,0,0,0,0,0,6.95543633404275,1.876771764554375,0.1623944044931438,260,0.8848,0,0,0,0,0,0,0,0,0,0,0,0,0,0,0,0,0,0,0,0,0.0,0.0,0.0,0.0,0.0,0.0,0.0,0.0,0.0,2.8985876376808692e-05,10.896946006319057,0.0,0.0,0.0,0.0,0.0,0.0,0.0,0.0,0.0,0.0,0.0,0.0
135,F16,CC(C)(C)[P+]([Pd-2]1(C2=C(C3=C(C=CC=C3)[NH+]1C)C=CC=C2)OS(C)(=O)=O)(C(C)(C)C)C(C)(C)C,PtBu3 Pd G4,0.03120913275 milligram,0.05325 micromole,0.031209132750000007 microliter,C26H42NO3PPdS,CC1=C(C(=NN1C(C)C)N)Br,4-BROMO-1-ISOPROPYL-5-METHYL-1H-PYRAZOL-3-AMINE,0.058014068 milligram,0.266 micromole,0.058014068000000016 microliter,C7H12BrN3,O=C(O)C1=CC=CC(B2OC(C)(C)C(C)(C)O2)=C1,"3-(tetramethyl-1,3,2-dioxaborolan-2-yl)benzoic acid",0.07938784 milligram,0.32000000000000006 micromole,0.07938784000000002 microliter,C13H17BO4,[Na+].[Na+].[O-]C([O-])=O,Na2CO3,0.21197599999999997 milligram,2.0 micromole,0.21197600000000003 microliter,CNa2O3,CN1C=NC2=C1C(=O)N(C(=O)N2C)C,caffeine,0.051654806000000004 milligram,0.266 micromole,0.05165480600000002 microliter,C8H10N4O2,Cc1ccccc1,toluene,9.3096 milligram,101.03645499831781 micromole,10.8 microliter,C7H8,O,water,1.2000000000000002 milligram,66.6111573688593 micromole,1.2000000000000002 microliter,H2O,Cc1c(-c2cccc(C(=O)O)c2)c(N)nn1C(C)C,suzuki_product_0,0.0 milligram,0.0 micromole,0 microliter,C14H17N3O2,Cc1cc(N)nn1C(C)C,dehalogenation_0,0.0 milligram,0.0 micromole,0 microliter,C7H13N3,O=C(O)c1ccccc1,deborylation_0,0.0 milligram,0.0 micromole,0 microliter,C7H6O2,CC1=C(C(=NN1C(C)C)N)Br.O=C(O)C1=CC=CC(B2OC(C)(C)C(C)(C)O2)=C1>>Cc1c(-c2cccc(C(=O)O)c2)c(N)nn1C(C)C.Cc1cc(N)nn1C(C)C.O=C(O)c1ccccc1,005_RLN-NB-2443_012_F16,7/7/2023 7:53:23 PM,005_rln-nb-2443_012_f16.raw,2min_150_1200.EXP,005_RLN-NB-2443_012_F16,005_RLN-NB-2443_012_F16,Rxn_Opt_HSST3_2_98,Analog,0,0,0,0,0,2.1677651708389583,0.7415,0,0,0,False,122.03677943156,1.25,deborylation_0,0,0,0,0,0,88.33390665280508,35.91657271777913,2.1677651708389583,195,0.7415,0,0,0,0,0,0,0,0,0,0,0,0,0,0,0,0,0,0,0,0,0,0,0,0,0,0,0,0,0,0,0,0,0,0,0,0.0,0.0,0.0,0.0,0.0,0.0,0.0,0.0,0.0,0.0,0.0,0.0,0.0,0.0,0.0,0.0,0.0,0.0,0.0,0.0,0.0,0.0,0.0
136,F17,CC(C)(C)[P+]([Pd-2]1(C2=C(C3=C(C=CC=C3)[NH+]1C)C=CC=C2)OS(C)(=O)=O)(C(C)(C)C)C(C)(C)C,PtBu3 Pd G4,0.03120913275 milligram,0.05325 micromole,0.031209132750000007 microliter,C26H42NO3PPdS,CC1=C(C(=NN1C(C)C)N)Br,4-BROMO-1-ISOPROPYL-5-METHYL-1H-PYRAZOL-3-AMINE,0.058014068 milligram,0.266 micromole,0.058014068000000016 microliter,C7H12BrN3,O=C(O)C1=CC=CC(B2OC(C)(C)C(C)(C)O2)=C1,"3-(tetramethyl-1,3,2-dioxaborolan-2-yl)benzoic acid",0.07938784 milligram,0.32000000000000006 micromole,0.07938784000000002 microliter,C13H17BO4,[K+].[K+].[K+].[O-]P([O-])([O-])=O,K3PO4,0.42452799999999996 milligram,2.0 micromole,0.42452800000000007 microliter,K3O4P,CN1C=NC2=C1C(=O)N(C(=O)N2C)C,caffeine,0.051654806000000004 milligram,0.266 micromole,0.05165480600000002 microliter,C8H10N4O2,Cc1ccccc1,toluene,9.3096 milligram,101.03645499831781 micromole,10.8 microliter,C7H8,O,water,1.2000000000000002 milligram,66.6111573688593 micromole,1.2000000000000002 microliter,H2O,Cc1c(-c2cccc(C(=O)O)c2)c(N)nn1C(C)C,suzuki_product_0,0.0 milligram,0.0 micromole,0 microliter,C14H17N3O2,Cc1cc(N)nn1C(C)C,dehalogenation_0,0.0 milligram,0.0 micromole,0 microliter,C7H13N3,O=C(O)c1ccccc1,deborylation_0,0.0 milligram,0.0 micromole,0 microliter,C7H6O2,CC1=C(C(=NN1C(C)C)N)Br.O=C(O)C1=CC=CC(B2OC(C)(C)C(C)(C)O2)=C1>>Cc1c(-c2cccc(C(=O)O)c2)c(N)nn1C(C)C.Cc1cc(N)nn1C(C)C.O=C(O)c1ccccc1,005_RLN-NB-2443_012_F17,7/7/2023 7:55:50 PM,005_rln-nb-2443_012_f17.raw,2min_150_1200.EXP,005_RLN-NB-2443_012_F17,005_RLN-NB-2443_012_F17,Rxn_Opt_HSST3_2_98,Analog,1.4141353964958654,0,2.777814576352136,33.855177718039656,0.8865,1.964320094974907,0.7415,0,0,0,False,122.03677943156,1.25,deborylation_0,0,0,0,0,0,81.68974398571926,19.31615534506846,1.964320094974907,195,0.7415,0,0,0,0,0,0,0,0,0,0,111.45718008642577,27.315658997674113,2.777814576352136,260,0.8865,0,0,0,0,0,0,0,0,0,0,0,0,0,0,0,0,0,0,0,0,0.0,0.0,0.0,0.0,0.0,0.0,0.0,0.0,0.0,0.00037616001546790024,141.41353964958654,0.0,0.0,0.0,0.0,0.0,0.0,0.0,0.0,0.0,0.0,0.0,0.0
137,F18,CC(C)(C)[P+]([Pd-2]1(C2=C(C3=C(C=CC=C3)[NH+]1C)C=CC=C2)OS(C)(=O)=O)(C(C)(C)C)C(C)(C)C,PtBu3 Pd G4,0.03120913275 milligram,0.05325 micromole,0.031209132750000007 microliter,C26H42NO3PPdS,CC1=C(C(=NN1C(C)C)N)Br,4-BROMO-1-ISOPROPYL-5-METHYL-1H-PYRAZOL-3-AMINE,0.058014068 milligram,0.266 micromole,0.058014068000000016 microliter,C7H12BrN3,O=C(O)C1=CC=CC(B2OC(C)(C)C(C)(C)O2)=C1,"3-(tetramethyl-1,3,2-dioxaborolan-2-yl)benzoic acid",0.07938784 milligram,0.32000000000000006 micromole,0.07938784000000002 microliter,C13H17BO4,[Na+].C[Si](C)(C)[O-],NaOTMS,0.22435999999999995 milligram,2.0 micromole,0.22436 microliter,C3H9NaOSi,CN1C=NC2=C1C(=O)N(C(=O)N2C)C,caffeine,0.051654806000000004 milligram,0.266 micromole,0.05165480600000002 microliter,C8H10N4O2,Cc1ccccc1,toluene,9.3096 milligram,101.03645499831781 micromole,10.8 microliter,C7H8,O,water,1.2000000000000002 milligram,66.6111573688593 micromole,1.2000000000000002 microliter,H2O,Cc1c(-c2cccc(C(=O)O)c2)c(N)nn1C(C)C,suzuki_product_0,0.0 milligram,0.0 micromole,0 microliter,C14H17N3O2,Cc1cc(N)nn1C(C)C,dehalogenation_0,0.0 milligram,0.0 micromole,0 microliter,C7H13N3,O=C(O)c1ccccc1,deborylation_0,0.0 milligram,0.0 micromole,0 microliter,C7H6O2,CC1=C(C(=NN1C(C)C)N)Br.O=C(O)C1=CC=CC(B2OC(C)(C)C(C)(C)O2)=C1>>Cc1c(-c2cccc(C(=O)O)c2)c(N)nn1C(C)C.Cc1cc(N)nn1C(C)C.O=C(O)c1ccccc1,005_RLN-NB-2443_012_F18,7/7/2023 7:58:18 PM,005_rln-nb-2443_012_f18.raw,2min_150_1200.EXP,005_RLN-NB-2443_012_F18,005_RLN-NB-2443_012_F18,Rxn_Opt_HSST3_2_98,Analog,0.9983878480945424,0,2.0284934673807644,20.94250964722201,0.8848,2.0317689876256146,0.7415,0,0,0,False,122.03677943156,1.25,deborylation_0,0,0,0,0,0,93.5893295199187,17.33919953535024,2.0317689876256146,195,0.7415,0,0,0,0,0,0,0,0,0,0,84.51827774977272,17.311246111780214,2.0284934673807644,260,0.8848,0,0,0,0,0,0,0,0,0,0,0,0,0,0,0,0,0,0,0,0,0.0,0.0,0.0,0.0,0.0,0.0,0.0,0.0,0.0,0.00026557116759314827,99.83878480945422,0.0,0.0,0.0,0.0,0.0,0.0,0.0,0.0,0.0,0.0,0.0,0.0
138,F19,CC(C1=CC=CC(C(C)C)=C1C2=C(C(OC(C)(C)C)=CC=C2OC)[P+]([Pd-2]3(C4=C(C5=C(C=CC=C5)[NH+]3C)C=CC=C4)OS(C)(=O)=O)(C6CCCCC6)C7CCCCC7)C,GPhos Pd G4,0.049019074499999975 milligram,0.05325 micromole,0.04901907449999999 microliter,C49H68NO5PPdS,CC1=C(C(=NN1C(C)C)N)Br,4-BROMO-1-ISOPROPYL-5-METHYL-1H-PYRAZOL-3-AMINE,0.058014068 milligram,0.266 micromole,0.058014068000000016 microliter,C7H12BrN3,O=C(O)C1=CC=CC(B2OC(C)(C)C(C)(C)O2)=C1,"3-(tetramethyl-1,3,2-dioxaborolan-2-yl)benzoic acid",0.07938784 milligram,0.32000000000000006 micromole,0.07938784000000002 microliter,C13H17BO4,[Na+].[Na+].[O-]C([O-])=O,Na2CO3,0.21197599999999997 milligram,2.0 micromole,0.21197600000000003 microliter,CNa2O3,CN1C=NC2=C1C(=O)N(C(=O)N2C)C,caffeine,0.051654806000000004 milligram,0.266 micromole,0.05165480600000002 microliter,C8H10N4O2,Cc1ccccc1,toluene,9.3096 milligram,101.03645499831781 micromole,10.8 microliter,C7H8,O,water,1.2000000000000002 milligram,66.6111573688593 micromole,1.2000000000000002 microliter,H2O,Cc1c(-c2cccc(C(=O)O)c2)c(N)nn1C(C)C,suzuki_product_0,0.0 milligram,0.0 micromole,0 microliter,C14H17N3O2,Cc1cc(N)nn1C(C)C,dehalogenation_0,0.0 milligram,0.0 micromole,0 microliter,C7H13N3,O=C(O)c1ccccc1,deborylation_0,0.0 milligram,0.0 micromole,0 microliter,C7H6O2,CC1=C(C(=NN1C(C)C)N)Br.O=C(O)C1=CC=CC(B2OC(C)(C)C(C)(C)O2)=C1>>Cc1c(-c2cccc(C(=O)O)c2)c(N)nn1C(C)C.Cc1cc(N)nn1C(C)C.O=C(O)c1ccccc1,005_RLN-NB-2443_012_F19,7/7/2023 8:00:45 PM,005_rln-nb-2443_012_f19.raw,2min_150_1200.EXP,005_RLN-NB-2443_012_F19,005_RLN-NB-2443_012_F19,Rxn_Opt_HSST3_2_98,Analog,0,0,0,0,0,1.7657483214528773,0.7431,0,0,0,False,122.03677943156,1.25,deborylation_0,0,0,0,0,0,68.8007409032531,37.674307942190474,1.7657483214528773,194.9,0.7431,0,0,0,0,0,0,0,0,0,0,0,0,0,0,0,0,0,0,0,0,0,0,0,0,0,0,0,0,0,0,0,0,0,0,0,0.0,0.0,0.0,0.0,0.0,0.0,0.0,0.0,0.0,0.0,0.0,0.0,0.0,0.0,0.0,0.0,0.0,0.0,0.0,0.0,0.0,0.0,0.0
139,F20,CC(C1=CC=CC(C(C)C)=C1C2=C(C(OC(C)(C)C)=CC=C2OC)[P+]([Pd-2]3(C4=C(C5=C(C=CC=C5)[NH+]3C)C=CC=C4)OS(C)(=O)=O)(C6CCCCC6)C7CCCCC7)C,GPhos Pd G4,0.049019074499999975 milligram,0.05325 micromole,0.04901907449999999 microliter,C49H68NO5PPdS,CC1=C(C(=NN1C(C)C)N)Br,4-BROMO-1-ISOPROPYL-5-METHYL-1H-PYRAZOL-3-AMINE,0.058014068 milligram,0.266 micromole,0.058014068000000016 microliter,C7H12BrN3,O=C(O)C1=CC=CC(B2OC(C)(C)C(C)(C)O2)=C1,"3-(tetramethyl-1,3,2-dioxaborolan-2-yl)benzoic acid",0.07938784 milligram,0.32000000000000006 micromole,0.07938784000000002 microliter,C13H17BO4,[K+].[K+].[K+].[O-]P([O-])([O-])=O,K3PO4,0.42452799999999996 milligram,2.0 micromole,0.42452800000000007 microliter,K3O4P,CN1C=NC2=C1C(=O)N(C(=O)N2C)C,caffeine,0.051654806000000004 milligram,0.266 micromole,0.05165480600000002 microliter,C8H10N4O2,Cc1ccccc1,toluene,9.3096 milligram,101.03645499831781 micromole,10.8 microliter,C7H8,O,water,1.2000000000000002 milligram,66.6111573688593 micromole,1.2000000000000002 microliter,H2O,Cc1c(-c2cccc(C(=O)O)c2)c(N)nn1C(C)C,suzuki_product_0,0.0 milligram,0.0 micromole,0 microliter,C14H17N3O2,Cc1cc(N)nn1C(C)C,dehalogenation_0,0.0 milligram,0.0 micromole,0 microliter,C7H13N3,O=C(O)c1ccccc1,deborylation_0,0.0 milligram,0.0 micromole,0 microliter,C7H6O2,CC1=C(C(=NN1C(C)C)N)Br.O=C(O)C1=CC=CC(B2OC(C)(C)C(C)(C)O2)=C1>>Cc1c(-c2cccc(C(=O)O)c2)c(N)nn1C(C)C.Cc1cc(N)nn1C(C)C.O=C(O)c1ccccc1,005_RLN-NB-2443_012_F20,7/7/2023 8:03:12 PM,005_rln-nb-2443_012_f20.raw,2min_150_1200.EXP,005_RLN-NB-2443_012_F20,005_RLN-NB-2443_012_F20,Rxn_Opt_HSST3_2_98,Analog,0,0,0,0,0,2.2538170178782404,0.7431,0,0,0,False,122.03677943156,1.25,deborylation_0,0,0,0,0,0,88.7912456870084,50.20034408147435,2.2538170178782404,194.9,0.7431,0,0,0,0,0,0,0,0,0,0,0,0,0,0,0,0,0,0,0,0,0,0,0,0,0,0,0,0,0,0,0,0,0,0,0,0.0,0.0,0.0,0.0,0.0,0.0,0.0,0.0,0.0,0.0,0.0,0.0,0.0,0.0,0.0,0.0,0.0,0.0,0.0,0.0,0.0,0.0,0.0
140,F21,CC(C1=CC=CC(C(C)C)=C1C2=C(C(OC(C)(C)C)=CC=C2OC)[P+]([Pd-2]3(C4=C(C5=C(C=CC=C5)[NH+]3C)C=CC=C4)OS(C)(=O)=O)(C6CCCCC6)C7CCCCC7)C,GPhos Pd G4,0.049019074499999975 milligram,0.05325 micromole,0.04901907449999999 microliter,C49H68NO5PPdS,CC1=C(C(=NN1C(C)C)N)Br,4-BROMO-1-ISOPROPYL-5-METHYL-1H-PYRAZOL-3-AMINE,0.058014068 milligram,0.266 micromole,0.058014068000000016 microliter,C7H12BrN3,O=C(O)C1=CC=CC(B2OC(C)(C)C(C)(C)O2)=C1,"3-(tetramethyl-1,3,2-dioxaborolan-2-yl)benzoic acid",0.07938784 milligram,0.32000000000000006 micromole,0.07938784000000002 microliter,C13H17BO4,[Na+].C[Si](C)(C)[O-],NaOTMS,0.22435999999999995 milligram,2.0 micromole,0.22436 microliter,C3H9NaOSi,CN1C=NC2=C1C(=O)N(C(=O)N2C)C,caffeine,0.051654806000000004 milligram,0.266 micromole,0.05165480600000002 microliter,C8H10N4O2,Cc1ccccc1,toluene,9.3096 milligram,101.03645499831781 micromole,10.8 microliter,C7H8,O,water,1.2000000000000002 milligram,66.6111573688593 micromole,1.2000000000000002 microliter,H2O,Cc1c(-c2cccc(C(=O)O)c2)c(N)nn1C(C)C,suzuki_product_0,0.0 milligram,0.0 micromole,0 microliter,C14H17N3O2,Cc1cc(N)nn1C(C)C,dehalogenation_0,0.0 milligram,0.0 micromole,0 microliter,C7H13N3,O=C(O)c1ccccc1,deborylation_0,0.0 milligram,0.0 micromole,0 microliter,C7H6O2,CC1=C(C(=NN1C(C)C)N)Br.O=C(O)C1=CC=CC(B2OC(C)(C)C(C)(C)O2)=C1>>Cc1c(-c2cccc(C(=O)O)c2)c(N)nn1C(C)C.Cc1cc(N)nn1C(C)C.O=C(O)c1ccccc1,005_RLN-NB-2443_012_F21,7/7/2023 8:05:40 PM,005_rln-nb-2443_012_f21.raw,2min_150_1200.EXP,005_RLN-NB-2443_012_F21,005_RLN-NB-2443_012_F21,Rxn_Opt_HSST3_2_98,Analog,0,0,0,0,0,0,0,0,0,0,False,122.03677943156,1.25,deborylation_0,0,0,0,0,0,0,0,0,0,0,0,0,0,0,0,0,0,0,0,0,0,0,0,0,0,0,0,0,0,0,0,0,0,0,0,0,0,0,0,0,0,0,0,0,0,0.0,0.0,0.0,0.0,0.0,,,,,,,,,,,,,,,,,,
141,F22,Cl[Pd]Cl.CC1(C)c2cccc(P(c3ccccc3)c4ccccc4)c2Oc5c(cccc15)P(c6ccccc6)c7ccccc7,PdCl2(XantPhos),0.04025476350000001 milligram,0.05325 micromole,0.04025476350000002 microliter,C39H32Cl2OP2Pd,CC1=C(C(=NN1C(C)C)N)Br,4-BROMO-1-ISOPROPYL-5-METHYL-1H-PYRAZOL-3-AMINE,0.058014068 milligram,0.266 micromole,0.058014068000000016 microliter,C7H12BrN3,O=C(O)C1=CC=CC(B2OC(C)(C)C(C)(C)O2)=C1,"3-(tetramethyl-1,3,2-dioxaborolan-2-yl)benzoic acid",0.07938784 milligram,0.32000000000000006 micromole,0.07938784000000002 microliter,C13H17BO4,[Na+].[Na+].[O-]C([O-])=O,Na2CO3,0.21197599999999997 milligram,2.0 micromole,0.21197600000000003 microliter,CNa2O3,CN1C=NC2=C1C(=O)N(C(=O)N2C)C,caffeine,0.051654806000000004 milligram,0.266 micromole,0.05165480600000002 microliter,C8H10N4O2,Cc1ccccc1,toluene,9.3096 milligram,101.03645499831781 micromole,10.8 microliter,C7H8,O,water,1.2000000000000002 milligram,66.6111573688593 micromole,1.2000000000000002 microliter,H2O,Cc1c(-c2cccc(C(=O)O)c2)c(N)nn1C(C)C,suzuki_product_0,0.0 milligram,0.0 micromole,0 microliter,C14H17N3O2,Cc1cc(N)nn1C(C)C,dehalogenation_0,0.0 milligram,0.0 micromole,0 microliter,C7H13N3,O=C(O)c1ccccc1,deborylation_0,0.0 milligram,0.0 micromole,0 microliter,C7H6O2,CC1=C(C(=NN1C(C)C)N)Br.O=C(O)C1=CC=CC(B2OC(C)(C)C(C)(C)O2)=C1>>Cc1c(-c2cccc(C(=O)O)c2)c(N)nn1C(C)C.Cc1cc(N)nn1C(C)C.O=C(O)c1ccccc1,005_RLN-NB-2443_012_F22,7/7/2023 8:08:07 PM,005_rln-nb-2443_012_f22.raw,2min_150_1200.EXP,005_RLN-NB-2443_012_F22,005_RLN-NB-2443_012_F22,Rxn_Opt_HSST3_2_98,Analog,0,0,0,0,0,0.8126983471847486,0.7415,0,0,0,False,122.03677943156,1.25,deborylation_0,0,0,0,0,0,37.91088858845092,19.467270300450195,0.8126983471847486,194.9,0.7415,0,0,0,0,0,0,0,0,0,0,0,0,0,0,0,0,0,0,0,0,0,0,0,0,0,0,0,0,0,0,0,0,0,0,0,0.0,0.0,0.0,0.0,0.0,0.0,0.0,0.0,0.0,0.0,0.0,0.0,0.0,0.0,0.0,0.0,0.0,0.0,0.0,0.0,0.0,0.0,0.0
142,F23,Cl[Pd]Cl.CC1(C)c2cccc(P(c3ccccc3)c4ccccc4)c2Oc5c(cccc15)P(c6ccccc6)c7ccccc7,PdCl2(XantPhos),0.04025476350000001 milligram,0.05325 micromole,0.04025476350000002 microliter,C39H32Cl2OP2Pd,CC1=C(C(=NN1C(C)C)N)Br,4-BROMO-1-ISOPROPYL-5-METHYL-1H-PYRAZOL-3-AMINE,0.058014068 milligram,0.266 micromole,0.058014068000000016 microliter,C7H12BrN3,O=C(O)C1=CC=CC(B2OC(C)(C)C(C)(C)O2)=C1,"3-(tetramethyl-1,3,2-dioxaborolan-2-yl)benzoic acid",0.07938784 milligram,0.32000000000000006 micromole,0.07938784000000002 microliter,C13H17BO4,[K+].[K+].[K+].[O-]P([O-])([O-])=O,K3PO4,0.42452799999999996 milligram,2.0 micromole,0.42452800000000007 microliter,K3O4P,CN1C=NC2=C1C(=O)N(C(=O)N2C)C,caffeine,0.051654806000000004 milligram,0.266 micromole,0.05165480600000002 microliter,C8H10N4O2,Cc1ccccc1,toluene,9.3096 milligram,101.03645499831781 micromole,10.8 microliter,C7H8,O,water,1.2000000000000002 milligram,66.6111573688593 micromole,1.2000000000000002 microliter,H2O,Cc1c(-c2cccc(C(=O)O)c2)c(N)nn1C(C)C,suzuki_product_0,0.0 milligram,0.0 micromole,0 microliter,C14H17N3O2,Cc1cc(N)nn1C(C)C,dehalogenation_0,0.0 milligram,0.0 micromole,0 microliter,C7H13N3,O=C(O)c1ccccc1,deborylation_0,0.0 milligram,0.0 micromole,0 microliter,C7H6O2,CC1=C(C(=NN1C(C)C)N)Br.O=C(O)C1=CC=CC(B2OC(C)(C)C(C)(C)O2)=C1>>Cc1c(-c2cccc(C(=O)O)c2)c(N)nn1C(C)C.Cc1cc(N)nn1C(C)C.O=C(O)c1ccccc1,005_RLN-NB-2443_012_F23,7/7/2023 8:10:34 PM,005_rln-nb-2443_012_f23.raw,2min_150_1200.EXP,005_RLN-NB-2443_012_F23,005_RLN-NB-2443_012_F23,Rxn_Opt_HSST3_2_98,Analog,0,0,0,0,0,2.1621418762518485,0.7448,0,0,0,False,122.03677943156,1.25,deborylation_0,0,0,0,0,0,81.20908484978871,40.48495234646939,2.1621418762518485,194.8,0.7448,0,0,0,0,0,0,0,0,0,0,0,0,0,0,0,0,0,0,0,0,0,0,0,0,0,0,0,0,0,0,0,0,0,0,0,0.0,0.0,0.0,0.0,0.0,0.0,0.0,0.0,0.0,0.0,0.0,0.0,0.0,0.0,0.0,0.0,0.0,0.0,0.0,0.0,0.0,0.0,0.0
143,F24,Cl[Pd]Cl.CC1(C)c2cccc(P(c3ccccc3)c4ccccc4)c2Oc5c(cccc15)P(c6ccccc6)c7ccccc7,PdCl2(XantPhos),0.04025476350000001 milligram,0.05325 micromole,0.04025476350000002 microliter,C39H32Cl2OP2Pd,CC1=C(C(=NN1C(C)C)N)Br,4-BROMO-1-ISOPROPYL-5-METHYL-1H-PYRAZOL-3-AMINE,0.058014068 milligram,0.266 micromole,0.058014068000000016 microliter,C7H12BrN3,O=C(O)C1=CC=CC(B2OC(C)(C)C(C)(C)O2)=C1,"3-(tetramethyl-1,3,2-dioxaborolan-2-yl)benzoic acid",0.07938784 milligram,0.32000000000000006 micromole,0.07938784000000002 microliter,C13H17BO4,[Na+].C[Si](C)(C)[O-],NaOTMS,0.22435999999999995 milligram,2.0 micromole,0.22436 microliter,C3H9NaOSi,CN1C=NC2=C1C(=O)N(C(=O)N2C)C,caffeine,0.051654806000000004 milligram,0.266 micromole,0.05165480600000002 microliter,C8H10N4O2,Cc1ccccc1,toluene,9.3096 milligram,101.03645499831781 micromole,10.8 microliter,C7H8,O,water,1.2000000000000002 milligram,66.6111573688593 micromole,1.2000000000000002 microliter,H2O,Cc1c(-c2cccc(C(=O)O)c2)c(N)nn1C(C)C,suzuki_product_0,0.0 milligram,0.0 micromole,0 microliter,C14H17N3O2,Cc1cc(N)nn1C(C)C,dehalogenation_0,0.0 milligram,0.0 micromole,0 microliter,C7H13N3,O=C(O)c1ccccc1,deborylation_0,0.0 milligram,0.0 micromole,0 microliter,C7H6O2,CC1=C(C(=NN1C(C)C)N)Br.O=C(O)C1=CC=CC(B2OC(C)(C)C(C)(C)O2)=C1>>Cc1c(-c2cccc(C(=O)O)c2)c(N)nn1C(C)C.Cc1cc(N)nn1C(C)C.O=C(O)c1ccccc1,005_RLN-NB-2443_012_F24,7/7/2023 8:13:02 PM,005_rln-nb-2443_012_f24.raw,2min_150_1200.EXP,005_RLN-NB-2443_012_F24,005_RLN-NB-2443_012_F24,Rxn_Opt_HSST3_2_98,Analog,0,0,0,0,0,3.4677998192170274,0.7431,0,0,0,False,122.03677943156,1.25,deborylation_0,0,0,0,0,0,126.97902066467819,28.634727285130424,3.4677998192170274,194.9,0.7431,0,0,0,0,0,0,0,0,0,0,0,0,0,0,0,0,0,0,0,0,0,0,0,0,0,0,0,0,0,0,0,0,0,0,0,0.0,0.0,0.0,0.0,0.0,0.0,0.0,0.0,0.0,0.0,0.0,0.0,0.0,0.0,0.0,0.0,0.0,0.0,0.0,0.0,0.0,0.0,0.0
144,G1,CC(C)C1=CC(C(C)C)=CC(C(C)C)=C1C2=C([P+](C3CCCCC3)([Pd-2]4(OS(C)(=O)=O)C(C=CC=C5)=C5C6=C([NH+]4C)C=CC=C6)C7CCCCC7)C=CC=C2,XPhos Pd G4,0.04582130549999999 milligram,0.05325 micromole,0.0458213055 microliter,C47H64NO3PPdS,COC1=C(N)C(Cl)=NC=N1,4-chloro-6-methoxypyrimidin-5-amine,0.04244721600000001 milligram,0.266 micromole,0.04244721600000002 microliter,C5H6ClN3O,B1(OC(C(O1)(C)C)(C)C)C2=CN(N=C2C)C,"1,3-dimethyl-4-(4,4,5,5-tetramethyl-1,3,2-dioxaborolan-2-yl)-1H-pyrazole",0.07107104000000002 milligram,0.32000000000000006 micromole,0.07107104000000003 microliter,C11H19BN2O2,[Na+].[Na+].[O-]C([O-])=O,Na2CO3,0.21197599999999997 milligram,2.0 micromole,0.21197600000000003 microliter,CNa2O3,CN1C=NC2=C1C(=O)N(C(=O)N2C)C,caffeine,0.051654806000000004 milligram,0.266 micromole,0.05165480600000002 microliter,C8H10N4O2,O=CN(C)C,DMF,10.26 milligram,140.365278062795 micromole,10.8 microliter,C3H7NO,O,water,1.2000000000000002 milligram,66.6111573688593 micromole,1.2000000000000002 microliter,H2O,COc1ncnc(-c2cn(C)nc2C)c1N,suzuki_product_0,0.0 milligram,0.0 micromole,0 microliter,C10H13N5O,COc1ncncc1N,dehalogenation_0,0.0 milligram,0.0 micromole,0 microliter,C5H7N3O,Cc1ccn(C)n1,deborylation_0,0.0 milligram,0.0 micromole,0 microliter,C5H8N2,COC1=C(N)C(Cl)=NC=N1.B1(OC(C(O1)(C)C)(C)C)C2=CN(N=C2C)C>>COc1ncnc(-c2cn(C)nc2C)c1N.COc1ncncc1N.Cc1ccn(C)n1,005_RLN-NB-2443_012_G1,7/7/2023 8:15:29 PM,005_rln-nb-2443_012_g1.raw,2min_150_1200.EXP,005_RLN-NB-2443_012_G1,005_RLN-NB-2443_012_G1,Rxn_Opt_HSST3_2_98,Analog,0,0,0,0,0,0.755291404297804,0.7398,0,0,0,False,96.06874826542,1.25,deborylation_0,0,0,0,0,0,36.81854061277565,42.68603112753157,0.755291404297804,194.9,0.7398,0,0,0,0,0,0,0,0,0,0,0,0,0,0,0,0,0,0,0,0,0,0,0,0,0,0,0,0,0,0,0,0,0,0,0,0.0,0.0,0.0,0.0,0.0,0.0,0.0,0.0,0.0,0.0,0.0,0.0,0.0,0.0,0.0,0.0,0.0,0.0,0.0,0.0,0.0,0.0,0.0
145,G2,CC(C)C1=CC(C(C)C)=CC(C(C)C)=C1C2=C([P+](C3CCCCC3)([Pd-2]4(OS(C)(=O)=O)C(C=CC=C5)=C5C6=C([NH+]4C)C=CC=C6)C7CCCCC7)C=CC=C2,XPhos Pd G4,0.04582130549999999 milligram,0.05325 micromole,0.0458213055 microliter,C47H64NO3PPdS,COC1=C(N)C(Cl)=NC=N1,4-chloro-6-methoxypyrimidin-5-amine,0.04244721600000001 milligram,0.266 micromole,0.04244721600000002 microliter,C5H6ClN3O,B1(OC(C(O1)(C)C)(C)C)C2=CN(N=C2C)C,"1,3-dimethyl-4-(4,4,5,5-tetramethyl-1,3,2-dioxaborolan-2-yl)-1H-pyrazole",0.07107104000000002 milligram,0.32000000000000006 micromole,0.07107104000000003 microliter,C11H19BN2O2,[K+].[K+].[K+].[O-]P([O-])([O-])=O,K3PO4,0.42452799999999996 milligram,2.0 micromole,0.42452800000000007 microliter,K3O4P,CN1C=NC2=C1C(=O)N(C(=O)N2C)C,caffeine,0.051654806000000004 milligram,0.266 micromole,0.05165480600000002 microliter,C8H10N4O2,O=CN(C)C,DMF,10.26 milligram,140.365278062795 micromole,10.8 microliter,C3H7NO,O,water,1.2000000000000002 milligram,66.6111573688593 micromole,1.2000000000000002 microliter,H2O,COc1ncnc(-c2cn(C)nc2C)c1N,suzuki_product_0,0.0 milligram,0.0 micromole,0 microliter,C10H13N5O,COc1ncncc1N,dehalogenation_0,0.0 milligram,0.0 micromole,0 microliter,C5H7N3O,Cc1ccn(C)n1,deborylation_0,0.0 milligram,0.0 micromole,0 microliter,C5H8N2,COC1=C(N)C(Cl)=NC=N1.B1(OC(C(O1)(C)C)(C)C)C2=CN(N=C2C)C>>COc1ncnc(-c2cn(C)nc2C)c1N.COc1ncncc1N.Cc1ccn(C)n1,005_RLN-NB-2443_012_G2,7/7/2023 8:17:57 PM,005_rln-nb-2443_012_g2.raw,2min_150_1200.EXP,005_RLN-NB-2443_012_G2,005_RLN-NB-2443_012_G2,Rxn_Opt_HSST3_2_98,Analog,0.17594627763350884,0,0.11849277528848741,10.108280249400485,0.6815,0.6734599724542314,0.7398,0,0,0,False,96.06874826542,1.25,deborylation_0,0,0,0,0,0,31.43659840342274,36.48815584539986,0.6734599724542314,195,0.7398,0,0,0,0,0,0,0,0,0,0,4.577988927404962,6.419955198709462,0.11849277528848741,220,0.6815,0,0,0,0,0,0,0,0,0,0,0,0,0,0,0,0,0,0,0,0,0.0,0.0,0.0,0.0,0.0,0.0,0.0,0.0,0.0,4.680170985051335e-05,17.594627763350886,0.0,0.0,0.0,0.0,0.0,0.0,0.0,0.0,0.0,0.0,0.0,0.0
146,G3,CC(C)C1=CC(C(C)C)=CC(C(C)C)=C1C2=C([P+](C3CCCCC3)([Pd-2]4(OS(C)(=O)=O)C(C=CC=C5)=C5C6=C([NH+]4C)C=CC=C6)C7CCCCC7)C=CC=C2,XPhos Pd G4,0.04582130549999999 milligram,0.05325 micromole,0.0458213055 microliter,C47H64NO3PPdS,COC1=C(N)C(Cl)=NC=N1,4-chloro-6-methoxypyrimidin-5-amine,0.04244721600000001 milligram,0.266 micromole,0.04244721600000002 microliter,C5H6ClN3O,B1(OC(C(O1)(C)C)(C)C)C2=CN(N=C2C)C,"1,3-dimethyl-4-(4,4,5,5-tetramethyl-1,3,2-dioxaborolan-2-yl)-1H-pyrazole",0.07107104000000002 milligram,0.32000000000000006 micromole,0.07107104000000003 microliter,C11H19BN2O2,[Na+].C[Si](C)(C)[O-],NaOTMS,0.22435999999999995 milligram,2.0 micromole,0.22436 microliter,C3H9NaOSi,CN1C=NC2=C1C(=O)N(C(=O)N2C)C,caffeine,0.051654806000000004 milligram,0.266 micromole,0.05165480600000002 microliter,C8H10N4O2,O=CN(C)C,DMF,10.26 milligram,140.365278062795 micromole,10.8 microliter,C3H7NO,O,water,1.2000000000000002 milligram,66.6111573688593 micromole,1.2000000000000002 microliter,H2O,COc1ncnc(-c2cn(C)nc2C)c1N,suzuki_product_0,0.0 milligram,0.0 micromole,0 microliter,C10H13N5O,COc1ncncc1N,dehalogenation_0,0.0 milligram,0.0 micromole,0 microliter,C5H7N3O,Cc1ccn(C)n1,deborylation_0,0.0 milligram,0.0 micromole,0 microliter,C5H8N2,COC1=C(N)C(Cl)=NC=N1.B1(OC(C(O1)(C)C)(C)C)C2=CN(N=C2C)C>>COc1ncnc(-c2cn(C)nc2C)c1N.COc1ncncc1N.Cc1ccn(C)n1,005_RLN-NB-2443_012_G3,7/7/2023 8:20:24 PM,005_rln-nb-2443_012_g3.raw,2min_150_1200.EXP,005_RLN-NB-2443_012_G3,005_RLN-NB-2443_012_G3,Rxn_Opt_HSST3_2_98,Analog,0.22127493893023661,0,0.20997131968939098,6.152369473381316,0.6831,0.9489159536299344,0.7415,0,0,0,False,96.06874826542,1.25,deborylation_0,0,0,0,0,0,44.12591894885515,21.75530126743828,0.9489159536299344,194.9,0.7415,0,0,0,0,0,0,0,0,0,0,9.52877321713927,4.813902959361305,0.20997131968939098,220,0.6831,0,0,0,0,0,0,0,0,0,0,0,0,0,0,0,0,0,0,0,0,0.0,0.0,0.0,0.0,0.0,0.0,0.0,0.0,0.0,5.885913375544294e-05,22.12749389302366,0.0,0.0,0.0,0.0,0.0,0.0,0.0,0.0,0.0,0.0,0.0,0.0
147,G4,CC(C)(C)[P+]([Pd-2]1(C2=C(C3=C(C=CC=C3)[NH+]1C)C=CC=C2)OS(C)(=O)=O)(C(C)(C)C)C(C)(C)C,PtBu3 Pd G4,0.03120913275 milligram,0.05325 micromole,0.031209132750000007 microliter,C26H42NO3PPdS,COC1=C(N)C(Cl)=NC=N1,4-chloro-6-methoxypyrimidin-5-amine,0.04244721600000001 milligram,0.266 micromole,0.04244721600000002 microliter,C5H6ClN3O,B1(OC(C(O1)(C)C)(C)C)C2=CN(N=C2C)C,"1,3-dimethyl-4-(4,4,5,5-tetramethyl-1,3,2-dioxaborolan-2-yl)-1H-pyrazole",0.07107104000000002 milligram,0.32000000000000006 micromole,0.07107104000000003 microliter,C11H19BN2O2,[Na+].[Na+].[O-]C([O-])=O,Na2CO3,0.21197599999999997 milligram,2.0 micromole,0.21197600000000003 microliter,CNa2O3,CN1C=NC2=C1C(=O)N(C(=O)N2C)C,caffeine,0.051654806000000004 milligram,0.266 micromole,0.05165480600000002 microliter,C8H10N4O2,O=CN(C)C,DMF,10.26 milligram,140.365278062795 micromole,10.8 microliter,C3H7NO,O,water,1.2000000000000002 milligram,66.6111573688593 micromole,1.2000000000000002 microliter,H2O,COc1ncnc(-c2cn(C)nc2C)c1N,suzuki_product_0,0.0 milligram,0.0 micromole,0 microliter,C10H13N5O,COc1ncncc1N,dehalogenation_0,0.0 milligram,0.0 micromole,0 microliter,C5H7N3O,Cc1ccn(C)n1,deborylation_0,0.0 milligram,0.0 micromole,0 microliter,C5H8N2,COC1=C(N)C(Cl)=NC=N1.B1(OC(C(O1)(C)C)(C)C)C2=CN(N=C2C)C>>COc1ncnc(-c2cn(C)nc2C)c1N.COc1ncncc1N.Cc1ccn(C)n1,005_RLN-NB-2443_012_G4,7/7/2023 8:22:51 PM,005_rln-nb-2443_012_g4.raw,2min_150_1200.EXP,005_RLN-NB-2443_012_G4,005_RLN-NB-2443_012_G4,Rxn_Opt_HSST3_2_98,Analog,0,0,0,0,0,0.6945977929849175,0.7398,0,0,0,False,96.06874826542,1.25,deborylation_0,0,0,0,0,0,33.447886602215526,47.412004951001244,0.6945977929849175,195.2,0.7398,0,0,0,0,0,0,0,0,0,0,0,0,0,0,0,0,0,0,0,0,0,0,0,0,0,0,0,0,0,0,0,0,0,0,0,0.0,0.0,0.0,0.0,0.0,0.0,0.0,0.0,0.0,0.0,0.0,0.0,0.0,0.0,0.0,0.0,0.0,0.0,0.0,0.0,0.0,0.0,0.0
148,G5,CC(C)(C)[P+]([Pd-2]1(C2=C(C3=C(C=CC=C3)[NH+]1C)C=CC=C2)OS(C)(=O)=O)(C(C)(C)C)C(C)(C)C,PtBu3 Pd G4,0.03120913275 milligram,0.05325 micromole,0.031209132750000007 microliter,C26H42NO3PPdS,COC1=C(N)C(Cl)=NC=N1,4-chloro-6-methoxypyrimidin-5-amine,0.04244721600000001 milligram,0.266 micromole,0.04244721600000002 microliter,C5H6ClN3O,B1(OC(C(O1)(C)C)(C)C)C2=CN(N=C2C)C,"1,3-dimethyl-4-(4,4,5,5-tetramethyl-1,3,2-dioxaborolan-2-yl)-1H-pyrazole",0.07107104000000002 milligram,0.32000000000000006 micromole,0.07107104000000003 microliter,C11H19BN2O2,[K+].[K+].[K+].[O-]P([O-])([O-])=O,K3PO4,0.42452799999999996 milligram,2.0 micromole,0.42452800000000007 microliter,K3O4P,CN1C=NC2=C1C(=O)N(C(=O)N2C)C,caffeine,0.051654806000000004 milligram,0.266 micromole,0.05165480600000002 microliter,C8H10N4O2,O=CN(C)C,DMF,10.26 milligram,140.365278062795 micromole,10.8 microliter,C3H7NO,O,water,1.2000000000000002 milligram,66.6111573688593 micromole,1.2000000000000002 microliter,H2O,COc1ncnc(-c2cn(C)nc2C)c1N,suzuki_product_0,0.0 milligram,0.0 micromole,0 microliter,C10H13N5O,COc1ncncc1N,dehalogenation_0,0.0 milligram,0.0 micromole,0 microliter,C5H7N3O,Cc1ccn(C)n1,deborylation_0,0.0 milligram,0.0 micromole,0 microliter,C5H8N2,COC1=C(N)C(Cl)=NC=N1.B1(OC(C(O1)(C)C)(C)C)C2=CN(N=C2C)C>>COc1ncnc(-c2cn(C)nc2C)c1N.COc1ncncc1N.Cc1ccn(C)n1,005_RLN-NB-2443_012_G5,7/7/2023 8:25:18 PM,005_rln-nb-2443_012_g5.raw,2min_150_1200.EXP,005_RLN-NB-2443_012_G5,005_RLN-NB-2443_012_G5,Rxn_Opt_HSST3_2_98,Analog,0,0,0,0,0,1.117394483459159,0.7398,0,0,0,False,96.06874826542,1.25,deborylation_0,0,0,0,0,0,53.260526589451146,54.579687205901394,1.117394483459159,194.9,0.7398,0,0,0,0,0,0,0,0,0,0,0,0,0,0,0,0,0,0,0,0,0,0,0,0,0,0,0,0,0,0,0,0,0,0,0,0.0,0.0,0.0,0.0,0.0,0.0,0.0,0.0,0.0,0.0,0.0,0.0,0.0,0.0,0.0,0.0,0.0,0.0,0.0,0.0,0.0,0.0,0.0
149,G6,CC(C)(C)[P+]([Pd-2]1(C2=C(C3=C(C=CC=C3)[NH+]1C)C=CC=C2)OS(C)(=O)=O)(C(C)(C)C)C(C)(C)C,PtBu3 Pd G4,0.03120913275 milligram,0.05325 micromole,0.031209132750000007 microliter,C26H42NO3PPdS,COC1=C(N)C(Cl)=NC=N1,4-chloro-6-methoxypyrimidin-5-amine,0.04244721600000001 milligram,0.266 micromole,0.04244721600000002 microliter,C5H6ClN3O,B1(OC(C(O1)(C)C)(C)C)C2=CN(N=C2C)C,"1,3-dimethyl-4-(4,4,5,5-tetramethyl-1,3,2-dioxaborolan-2-yl)-1H-pyrazole",0.07107104000000002 milligram,0.32000000000000006 micromole,0.07107104000000003 microliter,C11H19BN2O2,[Na+].C[Si](C)(C)[O-],NaOTMS,0.22435999999999995 milligram,2.0 micromole,0.22436 microliter,C3H9NaOSi,CN1C=NC2=C1C(=O)N(C(=O)N2C)C,caffeine,0.051654806000000004 milligram,0.266 micromole,0.05165480600000002 microliter,C8H10N4O2,O=CN(C)C,DMF,10.26 milligram,140.365278062795 micromole,10.8 microliter,C3H7NO,O,water,1.2000000000000002 milligram,66.6111573688593 micromole,1.2000000000000002 microliter,H2O,COc1ncnc(-c2cn(C)nc2C)c1N,suzuki_product_0,0.0 milligram,0.0 micromole,0 microliter,C10H13N5O,COc1ncncc1N,dehalogenation_0,0.0 milligram,0.0 micromole,0 microliter,C5H7N3O,Cc1ccn(C)n1,deborylation_0,0.0 milligram,0.0 micromole,0 microliter,C5H8N2,COC1=C(N)C(Cl)=NC=N1.B1(OC(C(O1)(C)C)(C)C)C2=CN(N=C2C)C>>COc1ncnc(-c2cn(C)nc2C)c1N.COc1ncncc1N.Cc1ccn(C)n1,005_RLN-NB-2443_012_G6,7/7/2023 8:27:46 PM,005_rln-nb-2443_012_g6.raw,2min_150_1200.EXP,005_RLN-NB-2443_012_G6,005_RLN-NB-2443_012_G6,Rxn_Opt_HSST3_2_98,Analog,0,0,0,0,0,1.2304735659966368,0.7398,0,0,0,False,96.06874826542,1.25,deborylation_0,0,0,0,0,0,58.82990336507676,26.8373102279045,1.2304735659966368,194.9,0.7398,0,0,0,0,0,0,0,0,0,0,0,0,0,0,0,0,0,0,0,0,0,0,0,0,0,0,0,0,0,0,0,0,0,0,0,0.0,0.0,0.0,0.0,0.0,0.0,0.0,0.0,0.0,0.0,0.0,0.0,0.0,0.0,0.0,0.0,0.0,0.0,0.0,0.0,0.0,0.0,0.0
150,G7,CC(C1=CC=CC(C(C)C)=C1C2=C(C(OC(C)(C)C)=CC=C2OC)[P+]([Pd-2]3(C4=C(C5=C(C=CC=C5)[NH+]3C)C=CC=C4)OS(C)(=O)=O)(C6CCCCC6)C7CCCCC7)C,GPhos Pd G4,0.049019074499999975 milligram,0.05325 micromole,0.04901907449999999 microliter,C49H68NO5PPdS,COC1=C(N)C(Cl)=NC=N1,4-chloro-6-methoxypyrimidin-5-amine,0.04244721600000001 milligram,0.266 micromole,0.04244721600000002 microliter,C5H6ClN3O,B1(OC(C(O1)(C)C)(C)C)C2=CN(N=C2C)C,"1,3-dimethyl-4-(4,4,5,5-tetramethyl-1,3,2-dioxaborolan-2-yl)-1H-pyrazole",0.07107104000000002 milligram,0.32000000000000006 micromole,0.07107104000000003 microliter,C11H19BN2O2,[Na+].[Na+].[O-]C([O-])=O,Na2CO3,0.21197599999999997 milligram,2.0 micromole,0.21197600000000003 microliter,CNa2O3,CN1C=NC2=C1C(=O)N(C(=O)N2C)C,caffeine,0.051654806000000004 milligram,0.266 micromole,0.05165480600000002 microliter,C8H10N4O2,O=CN(C)C,DMF,10.26 milligram,140.365278062795 micromole,10.8 microliter,C3H7NO,O,water,1.2000000000000002 milligram,66.6111573688593 micromole,1.2000000000000002 microliter,H2O,COc1ncnc(-c2cn(C)nc2C)c1N,suzuki_product_0,0.0 milligram,0.0 micromole,0 microliter,C10H13N5O,COc1ncncc1N,dehalogenation_0,0.0 milligram,0.0 micromole,0 microliter,C5H7N3O,Cc1ccn(C)n1,deborylation_0,0.0 milligram,0.0 micromole,0 microliter,C5H8N2,COC1=C(N)C(Cl)=NC=N1.B1(OC(C(O1)(C)C)(C)C)C2=CN(N=C2C)C>>COc1ncnc(-c2cn(C)nc2C)c1N.COc1ncncc1N.Cc1ccn(C)n1,005_RLN-NB-2443_012_G7,7/7/2023 8:30:12 PM,005_rln-nb-2443_012_g7.raw,2min_150_1200.EXP,005_RLN-NB-2443_012_G7,005_RLN-NB-2443_012_G7,Rxn_Opt_HSST3_2_98,Analog,0,0,0,0,0,0.7121223407607421,0.7398,0,0,0,False,96.06874826542,1.25,deborylation_0,0,0,0,0,0,35.39372994508539,57.75093394229517,0.7121223407607421,194.9,0.7398,0,0,0,0,0,0,0,0,0,0,0,0,0,0,0,0,0,0,0,0,0,0,0,0,0,0,0,0,0,0,0,0,0,0,0,0.0,0.0,0.0,0.0,0.0,0.0,0.0,0.0,0.0,0.0,0.0,0.0,0.0,0.0,0.0,0.0,0.0,0.0,0.0,0.0,0.0,0.0,0.0
151,G8,CC(C1=CC=CC(C(C)C)=C1C2=C(C(OC(C)(C)C)=CC=C2OC)[P+]([Pd-2]3(C4=C(C5=C(C=CC=C5)[NH+]3C)C=CC=C4)OS(C)(=O)=O)(C6CCCCC6)C7CCCCC7)C,GPhos Pd G4,0.049019074499999975 milligram,0.05325 micromole,0.04901907449999999 microliter,C49H68NO5PPdS,COC1=C(N)C(Cl)=NC=N1,4-chloro-6-methoxypyrimidin-5-amine,0.04244721600000001 milligram,0.266 micromole,0.04244721600000002 microliter,C5H6ClN3O,B1(OC(C(O1)(C)C)(C)C)C2=CN(N=C2C)C,"1,3-dimethyl-4-(4,4,5,5-tetramethyl-1,3,2-dioxaborolan-2-yl)-1H-pyrazole",0.07107104000000002 milligram,0.32000000000000006 micromole,0.07107104000000003 microliter,C11H19BN2O2,[K+].[K+].[K+].[O-]P([O-])([O-])=O,K3PO4,0.42452799999999996 milligram,2.0 micromole,0.42452800000000007 microliter,K3O4P,CN1C=NC2=C1C(=O)N(C(=O)N2C)C,caffeine,0.051654806000000004 milligram,0.266 micromole,0.05165480600000002 microliter,C8H10N4O2,O=CN(C)C,DMF,10.26 milligram,140.365278062795 micromole,10.8 microliter,C3H7NO,O,water,1.2000000000000002 milligram,66.6111573688593 micromole,1.2000000000000002 microliter,H2O,COc1ncnc(-c2cn(C)nc2C)c1N,suzuki_product_0,0.0 milligram,0.0 micromole,0 microliter,C10H13N5O,COc1ncncc1N,dehalogenation_0,0.0 milligram,0.0 micromole,0 microliter,C5H7N3O,Cc1ccn(C)n1,deborylation_0,0.0 milligram,0.0 micromole,0 microliter,C5H8N2,COC1=C(N)C(Cl)=NC=N1.B1(OC(C(O1)(C)C)(C)C)C2=CN(N=C2C)C>>COc1ncnc(-c2cn(C)nc2C)c1N.COc1ncncc1N.Cc1ccn(C)n1,005_RLN-NB-2443_012_G8,7/7/2023 8:32:39 PM,005_rln-nb-2443_012_g8.raw,2min_150_1200.EXP,005_RLN-NB-2443_012_G8,005_RLN-NB-2443_012_G8,Rxn_Opt_HSST3_2_98,Analog,0,0,0,0,0,0.6916258788221923,0.7398,0,0,0,False,96.06874826542,1.25,deborylation_0,0,0,0,0,0,32.49887082974489,55.95503131496673,0.6916258788221923,194.9,0.7398,0,0,0,0,0,0,0,0,0,0,0,0,0,0,0,0,0,0,0,0,0,0,0,0,0,0,0,0,0,0,0,0,0,0,0,0.0,0.0,0.0,0.0,0.0,0.0,0.0,0.0,0.0,0.0,0.0,0.0,0.0,0.0,0.0,0.0,0.0,0.0,0.0,0.0,0.0,0.0,0.0
152,G9,CC(C1=CC=CC(C(C)C)=C1C2=C(C(OC(C)(C)C)=CC=C2OC)[P+]([Pd-2]3(C4=C(C5=C(C=CC=C5)[NH+]3C)C=CC=C4)OS(C)(=O)=O)(C6CCCCC6)C7CCCCC7)C,GPhos Pd G4,0.049019074499999975 milligram,0.05325 micromole,0.04901907449999999 microliter,C49H68NO5PPdS,COC1=C(N)C(Cl)=NC=N1,4-chloro-6-methoxypyrimidin-5-amine,0.04244721600000001 milligram,0.266 micromole,0.04244721600000002 microliter,C5H6ClN3O,B1(OC(C(O1)(C)C)(C)C)C2=CN(N=C2C)C,"1,3-dimethyl-4-(4,4,5,5-tetramethyl-1,3,2-dioxaborolan-2-yl)-1H-pyrazole",0.07107104000000002 milligram,0.32000000000000006 micromole,0.07107104000000003 microliter,C11H19BN2O2,[Na+].C[Si](C)(C)[O-],NaOTMS,0.22435999999999995 milligram,2.0 micromole,0.22436 microliter,C3H9NaOSi,CN1C=NC2=C1C(=O)N(C(=O)N2C)C,caffeine,0.051654806000000004 milligram,0.266 micromole,0.05165480600000002 microliter,C8H10N4O2,O=CN(C)C,DMF,10.26 milligram,140.365278062795 micromole,10.8 microliter,C3H7NO,O,water,1.2000000000000002 milligram,66.6111573688593 micromole,1.2000000000000002 microliter,H2O,COc1ncnc(-c2cn(C)nc2C)c1N,suzuki_product_0,0.0 milligram,0.0 micromole,0 microliter,C10H13N5O,COc1ncncc1N,dehalogenation_0,0.0 milligram,0.0 micromole,0 microliter,C5H7N3O,Cc1ccn(C)n1,deborylation_0,0.0 milligram,0.0 micromole,0 microliter,C5H8N2,COC1=C(N)C(Cl)=NC=N1.B1(OC(C(O1)(C)C)(C)C)C2=CN(N=C2C)C>>COc1ncnc(-c2cn(C)nc2C)c1N.COc1ncncc1N.Cc1ccn(C)n1,005_RLN-NB-2443_012_G9,7/7/2023 8:35:06 PM,005_rln-nb-2443_012_g9.raw,2min_150_1200.EXP,005_RLN-NB-2443_012_G9,005_RLN-NB-2443_012_G9,Rxn_Opt_HSST3_2_98,Analog,0,0,0,0,0,0.9753565483615965,0.7398,0,0,0,False,96.06874826542,1.25,deborylation_0,0,0,0,0,0,46.23861073811232,21.87014474211121,0.9753565483615965,194.9,0.7398,0,0,0,0,0,0,0,0,0,0,0,0,0,0,0,0,0,0,0,0,0,0,0,0,0,0,0,0,0,0,0,0,0,0,0,0.0,0.0,0.0,0.0,0.0,0.0,0.0,0.0,0.0,0.0,0.0,0.0,0.0,0.0,0.0,0.0,0.0,0.0,0.0,0.0,0.0,0.0,0.0
153,G10,Cl[Pd]Cl.CC1(C)c2cccc(P(c3ccccc3)c4ccccc4)c2Oc5c(cccc15)P(c6ccccc6)c7ccccc7,PdCl2(XantPhos),0.04025476350000001 milligram,0.05325 micromole,0.04025476350000002 microliter,C39H32Cl2OP2Pd,COC1=C(N)C(Cl)=NC=N1,4-chloro-6-methoxypyrimidin-5-amine,0.04244721600000001 milligram,0.266 micromole,0.04244721600000002 microliter,C5H6ClN3O,B1(OC(C(O1)(C)C)(C)C)C2=CN(N=C2C)C,"1,3-dimethyl-4-(4,4,5,5-tetramethyl-1,3,2-dioxaborolan-2-yl)-1H-pyrazole",0.07107104000000002 milligram,0.32000000000000006 micromole,0.07107104000000003 microliter,C11H19BN2O2,[Na+].[Na+].[O-]C([O-])=O,Na2CO3,0.21197599999999997 milligram,2.0 micromole,0.21197600000000003 microliter,CNa2O3,CN1C=NC2=C1C(=O)N(C(=O)N2C)C,caffeine,0.051654806000000004 milligram,0.266 micromole,0.05165480600000002 microliter,C8H10N4O2,O=CN(C)C,DMF,10.26 milligram,140.365278062795 micromole,10.8 microliter,C3H7NO,O,water,1.2000000000000002 milligram,66.6111573688593 micromole,1.2000000000000002 microliter,H2O,COc1ncnc(-c2cn(C)nc2C)c1N,suzuki_product_0,0.0 milligram,0.0 micromole,0 microliter,C10H13N5O,COc1ncncc1N,dehalogenation_0,0.0 milligram,0.0 micromole,0 microliter,C5H7N3O,Cc1ccn(C)n1,deborylation_0,0.0 milligram,0.0 micromole,0 microliter,C5H8N2,COC1=C(N)C(Cl)=NC=N1.B1(OC(C(O1)(C)C)(C)C)C2=CN(N=C2C)C>>COc1ncnc(-c2cn(C)nc2C)c1N.COc1ncncc1N.Cc1ccn(C)n1,005_RLN-NB-2443_012_G10,7/7/2023 8:37:34 PM,005_rln-nb-2443_012_g10.raw,2min_150_1200.EXP,005_RLN-NB-2443_012_G10,005_RLN-NB-2443_012_G10,Rxn_Opt_HSST3_2_98,Analog,0,0,0,0,0,0.940443176956266,0.7415,0,0,0,False,96.06874826542,1.25,deborylation_0,0,0,0,0,0,45.670450983277995,31.718122103611368,0.940443176956266,194.9,0.7415,0,0,0,0,0,0,0,0,0,0,0,0,0,0,0,0,0,0,0,0,0,0,0,0,0,0,0,0,0,0,0,0,0,0,0,0.0,0.0,0.0,0.0,0.0,0.0,0.0,0.0,0.0,0.0,0.0,0.0,0.0,0.0,0.0,0.0,0.0,0.0,0.0,0.0,0.0,0.0,0.0
154,G11,Cl[Pd]Cl.CC1(C)c2cccc(P(c3ccccc3)c4ccccc4)c2Oc5c(cccc15)P(c6ccccc6)c7ccccc7,PdCl2(XantPhos),0.04025476350000001 milligram,0.05325 micromole,0.04025476350000002 microliter,C39H32Cl2OP2Pd,COC1=C(N)C(Cl)=NC=N1,4-chloro-6-methoxypyrimidin-5-amine,0.04244721600000001 milligram,0.266 micromole,0.04244721600000002 microliter,C5H6ClN3O,B1(OC(C(O1)(C)C)(C)C)C2=CN(N=C2C)C,"1,3-dimethyl-4-(4,4,5,5-tetramethyl-1,3,2-dioxaborolan-2-yl)-1H-pyrazole",0.07107104000000002 milligram,0.32000000000000006 micromole,0.07107104000000003 microliter,C11H19BN2O2,[K+].[K+].[K+].[O-]P([O-])([O-])=O,K3PO4,0.42452799999999996 milligram,2.0 micromole,0.42452800000000007 microliter,K3O4P,CN1C=NC2=C1C(=O)N(C(=O)N2C)C,caffeine,0.051654806000000004 milligram,0.266 micromole,0.05165480600000002 microliter,C8H10N4O2,O=CN(C)C,DMF,10.26 milligram,140.365278062795 micromole,10.8 microliter,C3H7NO,O,water,1.2000000000000002 milligram,66.6111573688593 micromole,1.2000000000000002 microliter,H2O,COc1ncnc(-c2cn(C)nc2C)c1N,suzuki_product_0,0.0 milligram,0.0 micromole,0 microliter,C10H13N5O,COc1ncncc1N,dehalogenation_0,0.0 milligram,0.0 micromole,0 microliter,C5H7N3O,Cc1ccn(C)n1,deborylation_0,0.0 milligram,0.0 micromole,0 microliter,C5H8N2,COC1=C(N)C(Cl)=NC=N1.B1(OC(C(O1)(C)C)(C)C)C2=CN(N=C2C)C>>COc1ncnc(-c2cn(C)nc2C)c1N.COc1ncncc1N.Cc1ccn(C)n1,005_RLN-NB-2443_012_G11,7/7/2023 8:40:00 PM,005_rln-nb-2443_012_g11.raw,2min_150_1200.EXP,005_RLN-NB-2443_012_G11,005_RLN-NB-2443_012_G11,Rxn_Opt_HSST3_2_98,Analog,0,0,0,0,0,0.8497046469573154,0.7398,0,0,0,False,96.06874826542,1.25,deborylation_0,0,0,0,0,0,40.366193665904646,36.168321384309124,0.8497046469573154,194.9,0.7398,0,0,0,0,0,0,0,0,0,0,0,0,0,0,0,0,0,0,0,0,0,0,0,0,0,0,0,0,0,0,0,0,0,0,0,0.0,0.0,0.0,0.0,0.0,0.0,0.0,0.0,0.0,0.0,0.0,0.0,0.0,0.0,0.0,0.0,0.0,0.0,0.0,0.0,0.0,0.0,0.0
155,G12,Cl[Pd]Cl.CC1(C)c2cccc(P(c3ccccc3)c4ccccc4)c2Oc5c(cccc15)P(c6ccccc6)c7ccccc7,PdCl2(XantPhos),0.04025476350000001 milligram,0.05325 micromole,0.04025476350000002 microliter,C39H32Cl2OP2Pd,COC1=C(N)C(Cl)=NC=N1,4-chloro-6-methoxypyrimidin-5-amine,0.04244721600000001 milligram,0.266 micromole,0.04244721600000002 microliter,C5H6ClN3O,B1(OC(C(O1)(C)C)(C)C)C2=CN(N=C2C)C,"1,3-dimethyl-4-(4,4,5,5-tetramethyl-1,3,2-dioxaborolan-2-yl)-1H-pyrazole",0.07107104000000002 milligram,0.32000000000000006 micromole,0.07107104000000003 microliter,C11H19BN2O2,[Na+].C[Si](C)(C)[O-],NaOTMS,0.22435999999999995 milligram,2.0 micromole,0.22436 microliter,C3H9NaOSi,CN1C=NC2=C1C(=O)N(C(=O)N2C)C,caffeine,0.051654806000000004 milligram,0.266 micromole,0.05165480600000002 microliter,C8H10N4O2,O=CN(C)C,DMF,10.26 milligram,140.365278062795 micromole,10.8 microliter,C3H7NO,O,water,1.2000000000000002 milligram,66.6111573688593 micromole,1.2000000000000002 microliter,H2O,COc1ncnc(-c2cn(C)nc2C)c1N,suzuki_product_0,0.0 milligram,0.0 micromole,0 microliter,C10H13N5O,COc1ncncc1N,dehalogenation_0,0.0 milligram,0.0 micromole,0 microliter,C5H7N3O,Cc1ccn(C)n1,deborylation_0,0.0 milligram,0.0 micromole,0 microliter,C5H8N2,COC1=C(N)C(Cl)=NC=N1.B1(OC(C(O1)(C)C)(C)C)C2=CN(N=C2C)C>>COc1ncnc(-c2cn(C)nc2C)c1N.COc1ncncc1N.Cc1ccn(C)n1,005_RLN-NB-2443_012_G12,7/7/2023 8:42:26 PM,005_rln-nb-2443_012_g12.raw,2min_150_1200.EXP,005_RLN-NB-2443_012_G12,005_RLN-NB-2443_012_G12,Rxn_Opt_HSST3_2_98,Analog,0,0,0,0,0,1.067700658932737,0.7398,0,0,0,False,96.06874826542,1.25,deborylation_0,0,0,0,0,0,48.970789096348966,27.861298788942022,1.067700658932737,195,0.7398,0,0,0,0,0,0,0,0,0,0,0,0,0,0,0,0,0,0,0,0,0,0,0,0,0,0,0,0,0,0,0,0,0,0,0,0.0,0.0,0.0,0.0,0.0,0.0,0.0,0.0,0.0,0.0,0.0,0.0,0.0,0.0,0.0,0.0,0.0,0.0,0.0,0.0,0.0,0.0,0.0
156,G13,CC(C)C1=CC(C(C)C)=CC(C(C)C)=C1C2=C([P+](C3CCCCC3)([Pd-2]4(OS(C)(=O)=O)C(C=CC=C5)=C5C6=C([NH+]4C)C=CC=C6)C7CCCCC7)C=CC=C2,XPhos Pd G4,0.04582130549999999 milligram,0.05325 micromole,0.0458213055 microliter,C47H64NO3PPdS,CC1=C(C(=NN1C(C)C)N)Br,4-BROMO-1-ISOPROPYL-5-METHYL-1H-PYRAZOL-3-AMINE,0.058014068 milligram,0.266 micromole,0.058014068000000016 microliter,C7H12BrN3,B1(OC(C(O1)(C)C)(C)C)C2=CN(N=C2C)C,"1,3-dimethyl-4-(4,4,5,5-tetramethyl-1,3,2-dioxaborolan-2-yl)-1H-pyrazole",0.07107104000000002 milligram,0.32000000000000006 micromole,0.07107104000000003 microliter,C11H19BN2O2,[Na+].[Na+].[O-]C([O-])=O,Na2CO3,0.21197599999999997 milligram,2.0 micromole,0.21197600000000003 microliter,CNa2O3,CN1C=NC2=C1C(=O)N(C(=O)N2C)C,caffeine,0.051654806000000004 milligram,0.266 micromole,0.05165480600000002 microliter,C8H10N4O2,O=CN(C)C,DMF,10.26 milligram,140.365278062795 micromole,10.8 microliter,C3H7NO,O,water,1.2000000000000002 milligram,66.6111573688593 micromole,1.2000000000000002 microliter,H2O,Cc1nn(C)cc1-c1c(N)nn(C(C)C)c1C,suzuki_product_0,0.0 milligram,0.0 micromole,0 microliter,C12H19N5,Cc1cc(N)nn1C(C)C,dehalogenation_0,0.0 milligram,0.0 micromole,0 microliter,C7H13N3,Cc1ccn(C)n1,deborylation_0,0.0 milligram,0.0 micromole,0 microliter,C5H8N2,CC1=C(C(=NN1C(C)C)N)Br.B1(OC(C(O1)(C)C)(C)C)C2=CN(N=C2C)C>>Cc1nn(C)cc1-c1c(N)nn(C(C)C)c1C.Cc1cc(N)nn1C(C)C.Cc1ccn(C)n1,005_RLN-NB-2443_012_G13,7/7/2023 8:44:53 PM,005_rln-nb-2443_012_g13.raw,2min_150_1200.EXP,005_RLN-NB-2443_012_G13,005_RLN-NB-2443_012_G13,Rxn_Opt_HSST3_2_98,Analog,0,0,0,0,0,1.3364853568658221,0.7398,0,0,0,False,96.06874826542,1.25,deborylation_0,0,0,0,0,0,63.471240233736864,49.65311357572183,1.3364853568658221,194.9,0.7398,0,0,0,0,0,0,0,0,0,0,0,0,0,0,0,0,0,0,0,0,0,0,0,0,0,0,0,0,0,0,0,0,0,0,0,0.0,0.0,0.0,0.0,0.0,0.0,0.0,0.0,0.0,0.0,0.0,0.0,0.0,0.0,0.0,0.0,0.0,0.0,0.0,0.0,0.0,0.0,0.0
157,G14,CC(C)C1=CC(C(C)C)=CC(C(C)C)=C1C2=C([P+](C3CCCCC3)([Pd-2]4(OS(C)(=O)=O)C(C=CC=C5)=C5C6=C([NH+]4C)C=CC=C6)C7CCCCC7)C=CC=C2,XPhos Pd G4,0.04582130549999999 milligram,0.05325 micromole,0.0458213055 microliter,C47H64NO3PPdS,CC1=C(C(=NN1C(C)C)N)Br,4-BROMO-1-ISOPROPYL-5-METHYL-1H-PYRAZOL-3-AMINE,0.058014068 milligram,0.266 micromole,0.058014068000000016 microliter,C7H12BrN3,B1(OC(C(O1)(C)C)(C)C)C2=CN(N=C2C)C,"1,3-dimethyl-4-(4,4,5,5-tetramethyl-1,3,2-dioxaborolan-2-yl)-1H-pyrazole",0.07107104000000002 milligram,0.32000000000000006 micromole,0.07107104000000003 microliter,C11H19BN2O2,[K+].[K+].[K+].[O-]P([O-])([O-])=O,K3PO4,0.42452799999999996 milligram,2.0 micromole,0.42452800000000007 microliter,K3O4P,CN1C=NC2=C1C(=O)N(C(=O)N2C)C,caffeine,0.051654806000000004 milligram,0.266 micromole,0.05165480600000002 microliter,C8H10N4O2,O=CN(C)C,DMF,10.26 milligram,140.365278062795 micromole,10.8 microliter,C3H7NO,O,water,1.2000000000000002 milligram,66.6111573688593 micromole,1.2000000000000002 microliter,H2O,Cc1nn(C)cc1-c1c(N)nn(C(C)C)c1C,suzuki_product_0,0.0 milligram,0.0 micromole,0 microliter,C12H19N5,Cc1cc(N)nn1C(C)C,dehalogenation_0,0.0 milligram,0.0 micromole,0 microliter,C7H13N3,Cc1ccn(C)n1,deborylation_0,0.0 milligram,0.0 micromole,0 microliter,C5H8N2,CC1=C(C(=NN1C(C)C)N)Br.B1(OC(C(O1)(C)C)(C)C)C2=CN(N=C2C)C>>Cc1nn(C)cc1-c1c(N)nn(C(C)C)c1C.Cc1cc(N)nn1C(C)C.Cc1ccn(C)n1,005_RLN-NB-2443_012_G14,7/7/2023 8:47:20 PM,005_rln-nb-2443_012_g14.raw,2min_150_1200.EXP,005_RLN-NB-2443_012_G14,005_RLN-NB-2443_012_G14,Rxn_Opt_HSST3_2_98,Analog,0,0,0,0,0,1.1470793754748212,0.7415,0,0,0,False,96.06874826542,1.25,deborylation_0,0,0,0,0,0,49.33620141992311,43.27010509764695,1.1470793754748212,195,0.7415,0,0,0,0,0,0,0,0,0,0,0,0,0,0,0,0,0,0,0,0,0,0,0,0,0,0,0,0,0,0,0,0,0,0,0,0.0,0.0,0.0,0.0,0.0,0.0,0.0,0.0,0.0,0.0,0.0,0.0,0.0,0.0,0.0,0.0,0.0,0.0,0.0,0.0,0.0,0.0,0.0
158,G15,CC(C)C1=CC(C(C)C)=CC(C(C)C)=C1C2=C([P+](C3CCCCC3)([Pd-2]4(OS(C)(=O)=O)C(C=CC=C5)=C5C6=C([NH+]4C)C=CC=C6)C7CCCCC7)C=CC=C2,XPhos Pd G4,0.04582130549999999 milligram,0.05325 micromole,0.0458213055 microliter,C47H64NO3PPdS,CC1=C(C(=NN1C(C)C)N)Br,4-BROMO-1-ISOPROPYL-5-METHYL-1H-PYRAZOL-3-AMINE,0.058014068 milligram,0.266 micromole,0.058014068000000016 microliter,C7H12BrN3,B1(OC(C(O1)(C)C)(C)C)C2=CN(N=C2C)C,"1,3-dimethyl-4-(4,4,5,5-tetramethyl-1,3,2-dioxaborolan-2-yl)-1H-pyrazole",0.07107104000000002 milligram,0.32000000000000006 micromole,0.07107104000000003 microliter,C11H19BN2O2,[Na+].C[Si](C)(C)[O-],NaOTMS,0.22435999999999995 milligram,2.0 micromole,0.22436 microliter,C3H9NaOSi,CN1C=NC2=C1C(=O)N(C(=O)N2C)C,caffeine,0.051654806000000004 milligram,0.266 micromole,0.05165480600000002 microliter,C8H10N4O2,O=CN(C)C,DMF,10.26 milligram,140.365278062795 micromole,10.8 microliter,C3H7NO,O,water,1.2000000000000002 milligram,66.6111573688593 micromole,1.2000000000000002 microliter,H2O,Cc1nn(C)cc1-c1c(N)nn(C(C)C)c1C,suzuki_product_0,0.0 milligram,0.0 micromole,0 microliter,C12H19N5,Cc1cc(N)nn1C(C)C,dehalogenation_0,0.0 milligram,0.0 micromole,0 microliter,C7H13N3,Cc1ccn(C)n1,deborylation_0,0.0 milligram,0.0 micromole,0 microliter,C5H8N2,CC1=C(C(=NN1C(C)C)N)Br.B1(OC(C(O1)(C)C)(C)C)C2=CN(N=C2C)C>>Cc1nn(C)cc1-c1c(N)nn(C(C)C)c1C.Cc1cc(N)nn1C(C)C.Cc1ccn(C)n1,005_RLN-NB-2443_012_G15,7/7/2023 8:49:46 PM,005_rln-nb-2443_012_g15.raw,2min_150_1200.EXP,005_RLN-NB-2443_012_G15,005_RLN-NB-2443_012_G15,Rxn_Opt_HSST3_2_98,Analog,0,0,0,0,0,1.0970911940977828,0.7415,0,0,0,False,96.06874826542,1.25,deborylation_0,0,0,0,0,0,51.46133254503232,24.13260247185822,1.0970911940977828,194.9,0.7415,0,0,0,0,0,0,0,0,0,0,0,0,0,0,0,0,0,0,0,0,0,0,0,0,0,0,0,0,0,0,0,0,0,0,0,0.0,0.0,0.0,0.0,0.0,0.0,0.0,0.0,0.0,0.0,0.0,0.0,0.0,0.0,0.0,0.0,0.0,0.0,0.0,0.0,0.0,0.0,0.0
159,G16,CC(C)(C)[P+]([Pd-2]1(C2=C(C3=C(C=CC=C3)[NH+]1C)C=CC=C2)OS(C)(=O)=O)(C(C)(C)C)C(C)(C)C,PtBu3 Pd G4,0.03120913275 milligram,0.05325 micromole,0.031209132750000007 microliter,C26H42NO3PPdS,CC1=C(C(=NN1C(C)C)N)Br,4-BROMO-1-ISOPROPYL-5-METHYL-1H-PYRAZOL-3-AMINE,0.058014068 milligram,0.266 micromole,0.058014068000000016 microliter,C7H12BrN3,B1(OC(C(O1)(C)C)(C)C)C2=CN(N=C2C)C,"1,3-dimethyl-4-(4,4,5,5-tetramethyl-1,3,2-dioxaborolan-2-yl)-1H-pyrazole",0.07107104000000002 milligram,0.32000000000000006 micromole,0.07107104000000003 microliter,C11H19BN2O2,[Na+].[Na+].[O-]C([O-])=O,Na2CO3,0.21197599999999997 milligram,2.0 micromole,0.21197600000000003 microliter,CNa2O3,CN1C=NC2=C1C(=O)N(C(=O)N2C)C,caffeine,0.051654806000000004 milligram,0.266 micromole,0.05165480600000002 microliter,C8H10N4O2,O=CN(C)C,DMF,10.26 milligram,140.365278062795 micromole,10.8 microliter,C3H7NO,O,water,1.2000000000000002 milligram,66.6111573688593 micromole,1.2000000000000002 microliter,H2O,Cc1nn(C)cc1-c1c(N)nn(C(C)C)c1C,suzuki_product_0,0.0 milligram,0.0 micromole,0 microliter,C12H19N5,Cc1cc(N)nn1C(C)C,dehalogenation_0,0.0 milligram,0.0 micromole,0 microliter,C7H13N3,Cc1ccn(C)n1,deborylation_0,0.0 milligram,0.0 micromole,0 microliter,C5H8N2,CC1=C(C(=NN1C(C)C)N)Br.B1(OC(C(O1)(C)C)(C)C)C2=CN(N=C2C)C>>Cc1nn(C)cc1-c1c(N)nn(C(C)C)c1C.Cc1cc(N)nn1C(C)C.Cc1ccn(C)n1,005_RLN-NB-2443_012_G16,7/7/2023 8:52:13 PM,005_rln-nb-2443_012_g16.raw,2min_150_1200.EXP,005_RLN-NB-2443_012_G16,005_RLN-NB-2443_012_G16,Rxn_Opt_HSST3_2_98,Analog,0,0,0,0,0,1.0182340870122881,0.7398,0,0,0,False,96.06874826542,1.25,deborylation_0,0,0,0,0,0,49.916608384599286,53.675131586003154,1.0182340870122881,194.9,0.7398,0,0,0,0,0,0,0,0,0,0,0,0,0,0,0,0,0,0,0,0,0,0,0,0,0,0,0,0,0,0,0,0,0,0,0,0.0,0.0,0.0,0.0,0.0,0.0,0.0,0.0,0.0,0.0,0.0,0.0,0.0,0.0,0.0,0.0,0.0,0.0,0.0,0.0,0.0,0.0,0.0
160,G17,CC(C)(C)[P+]([Pd-2]1(C2=C(C3=C(C=CC=C3)[NH+]1C)C=CC=C2)OS(C)(=O)=O)(C(C)(C)C)C(C)(C)C,PtBu3 Pd G4,0.03120913275 milligram,0.05325 micromole,0.031209132750000007 microliter,C26H42NO3PPdS,CC1=C(C(=NN1C(C)C)N)Br,4-BROMO-1-ISOPROPYL-5-METHYL-1H-PYRAZOL-3-AMINE,0.058014068 milligram,0.266 micromole,0.058014068000000016 microliter,C7H12BrN3,B1(OC(C(O1)(C)C)(C)C)C2=CN(N=C2C)C,"1,3-dimethyl-4-(4,4,5,5-tetramethyl-1,3,2-dioxaborolan-2-yl)-1H-pyrazole",0.07107104000000002 milligram,0.32000000000000006 micromole,0.07107104000000003 microliter,C11H19BN2O2,[K+].[K+].[K+].[O-]P([O-])([O-])=O,K3PO4,0.42452799999999996 milligram,2.0 micromole,0.42452800000000007 microliter,K3O4P,CN1C=NC2=C1C(=O)N(C(=O)N2C)C,caffeine,0.051654806000000004 milligram,0.266 micromole,0.05165480600000002 microliter,C8H10N4O2,O=CN(C)C,DMF,10.26 milligram,140.365278062795 micromole,10.8 microliter,C3H7NO,O,water,1.2000000000000002 milligram,66.6111573688593 micromole,1.2000000000000002 microliter,H2O,Cc1nn(C)cc1-c1c(N)nn(C(C)C)c1C,suzuki_product_0,0.0 milligram,0.0 micromole,0 microliter,C12H19N5,Cc1cc(N)nn1C(C)C,dehalogenation_0,0.0 milligram,0.0 micromole,0 microliter,C7H13N3,Cc1ccn(C)n1,deborylation_0,0.0 milligram,0.0 micromole,0 microliter,C5H8N2,CC1=C(C(=NN1C(C)C)N)Br.B1(OC(C(O1)(C)C)(C)C)C2=CN(N=C2C)C>>Cc1nn(C)cc1-c1c(N)nn(C(C)C)c1C.Cc1cc(N)nn1C(C)C.Cc1ccn(C)n1,005_RLN-NB-2443_012_G17,7/7/2023 8:54:40 PM,005_rln-nb-2443_012_g17.raw,2min_150_1200.EXP,005_RLN-NB-2443_012_G17,005_RLN-NB-2443_012_G17,Rxn_Opt_HSST3_2_98,Analog,0,0,0,0,0,0.8271919646106624,0.7398,0,0,0,False,96.06874826542,1.25,deborylation_0,0,0,0,0,0,38.90393373051324,44.07654444772536,0.8271919646106624,194.9,0.7398,0,0,0,0,0,0,0,0,0,0,0,0,0,0,0,0,0,0,0,0,0,0,0,0,0,0,0,0,0,0,0,0,0,0,0,0.0,0.0,0.0,0.0,0.0,0.0,0.0,0.0,0.0,0.0,0.0,0.0,0.0,0.0,0.0,0.0,0.0,0.0,0.0,0.0,0.0,0.0,0.0
161,G18,CC(C)(C)[P+]([Pd-2]1(C2=C(C3=C(C=CC=C3)[NH+]1C)C=CC=C2)OS(C)(=O)=O)(C(C)(C)C)C(C)(C)C,PtBu3 Pd G4,0.03120913275 milligram,0.05325 micromole,0.031209132750000007 microliter,C26H42NO3PPdS,CC1=C(C(=NN1C(C)C)N)Br,4-BROMO-1-ISOPROPYL-5-METHYL-1H-PYRAZOL-3-AMINE,0.058014068 milligram,0.266 micromole,0.058014068000000016 microliter,C7H12BrN3,B1(OC(C(O1)(C)C)(C)C)C2=CN(N=C2C)C,"1,3-dimethyl-4-(4,4,5,5-tetramethyl-1,3,2-dioxaborolan-2-yl)-1H-pyrazole",0.07107104000000002 milligram,0.32000000000000006 micromole,0.07107104000000003 microliter,C11H19BN2O2,[Na+].C[Si](C)(C)[O-],NaOTMS,0.22435999999999995 milligram,2.0 micromole,0.22436 microliter,C3H9NaOSi,CN1C=NC2=C1C(=O)N(C(=O)N2C)C,caffeine,0.051654806000000004 milligram,0.266 micromole,0.05165480600000002 microliter,C8H10N4O2,O=CN(C)C,DMF,10.26 milligram,140.365278062795 micromole,10.8 microliter,C3H7NO,O,water,1.2000000000000002 milligram,66.6111573688593 micromole,1.2000000000000002 microliter,H2O,Cc1nn(C)cc1-c1c(N)nn(C(C)C)c1C,suzuki_product_0,0.0 milligram,0.0 micromole,0 microliter,C12H19N5,Cc1cc(N)nn1C(C)C,dehalogenation_0,0.0 milligram,0.0 micromole,0 microliter,C7H13N3,Cc1ccn(C)n1,deborylation_0,0.0 milligram,0.0 micromole,0 microliter,C5H8N2,CC1=C(C(=NN1C(C)C)N)Br.B1(OC(C(O1)(C)C)(C)C)C2=CN(N=C2C)C>>Cc1nn(C)cc1-c1c(N)nn(C(C)C)c1C.Cc1cc(N)nn1C(C)C.Cc1ccn(C)n1,005_RLN-NB-2443_012_G18,7/7/2023 8:57:08 PM,005_rln-nb-2443_012_g18.raw,2min_150_1200.EXP,005_RLN-NB-2443_012_G18,005_RLN-NB-2443_012_G18,Rxn_Opt_HSST3_2_98,Analog,0,0,0,0,0,1.3648282392402793,0.7415,0,0,0,False,96.06874826542,1.25,deborylation_0,0,0,0,0,0,60.37983321828272,24.15588054649683,1.3648282392402793,195.1,0.7415,0,0,0,0,0,0,0,0,0,0,0,0,0,0,0,0,0,0,0,0,0,0,0,0,0,0,0,0,0,0,0,0,0,0,0,0.0,0.0,0.0,0.0,0.0,0.0,0.0,0.0,0.0,0.0,0.0,0.0,0.0,0.0,0.0,0.0,0.0,0.0,0.0,0.0,0.0,0.0,0.0
162,G19,CC(C1=CC=CC(C(C)C)=C1C2=C(C(OC(C)(C)C)=CC=C2OC)[P+]([Pd-2]3(C4=C(C5=C(C=CC=C5)[NH+]3C)C=CC=C4)OS(C)(=O)=O)(C6CCCCC6)C7CCCCC7)C,GPhos Pd G4,0.049019074499999975 milligram,0.05325 micromole,0.04901907449999999 microliter,C49H68NO5PPdS,CC1=C(C(=NN1C(C)C)N)Br,4-BROMO-1-ISOPROPYL-5-METHYL-1H-PYRAZOL-3-AMINE,0.058014068 milligram,0.266 micromole,0.058014068000000016 microliter,C7H12BrN3,B1(OC(C(O1)(C)C)(C)C)C2=CN(N=C2C)C,"1,3-dimethyl-4-(4,4,5,5-tetramethyl-1,3,2-dioxaborolan-2-yl)-1H-pyrazole",0.07107104000000002 milligram,0.32000000000000006 micromole,0.07107104000000003 microliter,C11H19BN2O2,[Na+].[Na+].[O-]C([O-])=O,Na2CO3,0.21197599999999997 milligram,2.0 micromole,0.21197600000000003 microliter,CNa2O3,CN1C=NC2=C1C(=O)N(C(=O)N2C)C,caffeine,0.051654806000000004 milligram,0.266 micromole,0.05165480600000002 microliter,C8H10N4O2,O=CN(C)C,DMF,10.26 milligram,140.365278062795 micromole,10.8 microliter,C3H7NO,O,water,1.2000000000000002 milligram,66.6111573688593 micromole,1.2000000000000002 microliter,H2O,Cc1nn(C)cc1-c1c(N)nn(C(C)C)c1C,suzuki_product_0,0.0 milligram,0.0 micromole,0 microliter,C12H19N5,Cc1cc(N)nn1C(C)C,dehalogenation_0,0.0 milligram,0.0 micromole,0 microliter,C7H13N3,Cc1ccn(C)n1,deborylation_0,0.0 milligram,0.0 micromole,0 microliter,C5H8N2,CC1=C(C(=NN1C(C)C)N)Br.B1(OC(C(O1)(C)C)(C)C)C2=CN(N=C2C)C>>Cc1nn(C)cc1-c1c(N)nn(C(C)C)c1C.Cc1cc(N)nn1C(C)C.Cc1ccn(C)n1,005_RLN-NB-2443_012_G19,7/7/2023 8:59:35 PM,005_rln-nb-2443_012_g19.raw,2min_150_1200.EXP,005_RLN-NB-2443_012_G19,005_RLN-NB-2443_012_G19,Rxn_Opt_HSST3_2_98,Analog,0,0,0,0,0,1.007901560077288,0.7398,0,0,0,False,96.06874826542,1.25,deborylation_0,0,0,0,0,0,46.42149278388728,60.944178585650256,1.007901560077288,195,0.7398,0,0,0,0,0,0,0,0,0,0,0,0,0,0,0,0,0,0,0,0,0,0,0,0,0,0,0,0,0,0,0,0,0,0,0,0.0,0.0,0.0,0.0,0.0,0.0,0.0,0.0,0.0,0.0,0.0,0.0,0.0,0.0,0.0,0.0,0.0,0.0,0.0,0.0,0.0,0.0,0.0
163,G20,CC(C1=CC=CC(C(C)C)=C1C2=C(C(OC(C)(C)C)=CC=C2OC)[P+]([Pd-2]3(C4=C(C5=C(C=CC=C5)[NH+]3C)C=CC=C4)OS(C)(=O)=O)(C6CCCCC6)C7CCCCC7)C,GPhos Pd G4,0.049019074499999975 milligram,0.05325 micromole,0.04901907449999999 microliter,C49H68NO5PPdS,CC1=C(C(=NN1C(C)C)N)Br,4-BROMO-1-ISOPROPYL-5-METHYL-1H-PYRAZOL-3-AMINE,0.058014068 milligram,0.266 micromole,0.058014068000000016 microliter,C7H12BrN3,B1(OC(C(O1)(C)C)(C)C)C2=CN(N=C2C)C,"1,3-dimethyl-4-(4,4,5,5-tetramethyl-1,3,2-dioxaborolan-2-yl)-1H-pyrazole",0.07107104000000002 milligram,0.32000000000000006 micromole,0.07107104000000003 microliter,C11H19BN2O2,[K+].[K+].[K+].[O-]P([O-])([O-])=O,K3PO4,0.42452799999999996 milligram,2.0 micromole,0.42452800000000007 microliter,K3O4P,CN1C=NC2=C1C(=O)N(C(=O)N2C)C,caffeine,0.051654806000000004 milligram,0.266 micromole,0.05165480600000002 microliter,C8H10N4O2,O=CN(C)C,DMF,10.26 milligram,140.365278062795 micromole,10.8 microliter,C3H7NO,O,water,1.2000000000000002 milligram,66.6111573688593 micromole,1.2000000000000002 microliter,H2O,Cc1nn(C)cc1-c1c(N)nn(C(C)C)c1C,suzuki_product_0,0.0 milligram,0.0 micromole,0 microliter,C12H19N5,Cc1cc(N)nn1C(C)C,dehalogenation_0,0.0 milligram,0.0 micromole,0 microliter,C7H13N3,Cc1ccn(C)n1,deborylation_0,0.0 milligram,0.0 micromole,0 microliter,C5H8N2,CC1=C(C(=NN1C(C)C)N)Br.B1(OC(C(O1)(C)C)(C)C)C2=CN(N=C2C)C>>Cc1nn(C)cc1-c1c(N)nn(C(C)C)c1C.Cc1cc(N)nn1C(C)C.Cc1ccn(C)n1,005_RLN-NB-2443_012_G20,7/7/2023 9:02:02 PM,005_rln-nb-2443_012_g20.raw,2min_150_1200.EXP,005_RLN-NB-2443_012_G20,005_RLN-NB-2443_012_G20,Rxn_Opt_HSST3_2_98,Analog,0,0,0,0,0,0.9584215201218966,0.7415,0,0,0,False,96.06874826542,1.25,deborylation_0,0,0,0,0,0,43.71102786724697,55.7441939162575,0.9584215201218966,195,0.7415,0,0,0,0,0,0,0,0,0,0,0,0,0,0,0,0,0,0,0,0,0,0,0,0,0,0,0,0,0,0,0,0,0,0,0,0.0,0.0,0.0,0.0,0.0,0.0,0.0,0.0,0.0,0.0,0.0,0.0,0.0,0.0,0.0,0.0,0.0,0.0,0.0,0.0,0.0,0.0,0.0
164,G21,CC(C1=CC=CC(C(C)C)=C1C2=C(C(OC(C)(C)C)=CC=C2OC)[P+]([Pd-2]3(C4=C(C5=C(C=CC=C5)[NH+]3C)C=CC=C4)OS(C)(=O)=O)(C6CCCCC6)C7CCCCC7)C,GPhos Pd G4,0.049019074499999975 milligram,0.05325 micromole,0.04901907449999999 microliter,C49H68NO5PPdS,CC1=C(C(=NN1C(C)C)N)Br,4-BROMO-1-ISOPROPYL-5-METHYL-1H-PYRAZOL-3-AMINE,0.058014068 milligram,0.266 micromole,0.058014068000000016 microliter,C7H12BrN3,B1(OC(C(O1)(C)C)(C)C)C2=CN(N=C2C)C,"1,3-dimethyl-4-(4,4,5,5-tetramethyl-1,3,2-dioxaborolan-2-yl)-1H-pyrazole",0.07107104000000002 milligram,0.32000000000000006 micromole,0.07107104000000003 microliter,C11H19BN2O2,[Na+].C[Si](C)(C)[O-],NaOTMS,0.22435999999999995 milligram,2.0 micromole,0.22436 microliter,C3H9NaOSi,CN1C=NC2=C1C(=O)N(C(=O)N2C)C,caffeine,0.051654806000000004 milligram,0.266 micromole,0.05165480600000002 microliter,C8H10N4O2,O=CN(C)C,DMF,10.26 milligram,140.365278062795 micromole,10.8 microliter,C3H7NO,O,water,1.2000000000000002 milligram,66.6111573688593 micromole,1.2000000000000002 microliter,H2O,Cc1nn(C)cc1-c1c(N)nn(C(C)C)c1C,suzuki_product_0,0.0 milligram,0.0 micromole,0 microliter,C12H19N5,Cc1cc(N)nn1C(C)C,dehalogenation_0,0.0 milligram,0.0 micromole,0 microliter,C7H13N3,Cc1ccn(C)n1,deborylation_0,0.0 milligram,0.0 micromole,0 microliter,C5H8N2,CC1=C(C(=NN1C(C)C)N)Br.B1(OC(C(O1)(C)C)(C)C)C2=CN(N=C2C)C>>Cc1nn(C)cc1-c1c(N)nn(C(C)C)c1C.Cc1cc(N)nn1C(C)C.Cc1ccn(C)n1,005_RLN-NB-2443_012_G21,7/7/2023 9:04:29 PM,005_rln-nb-2443_012_g21.raw,2min_150_1200.EXP,005_RLN-NB-2443_012_G21,005_RLN-NB-2443_012_G21,Rxn_Opt_HSST3_2_98,Analog,0,0,0,0,0,1.2097464849264963,0.7398,0,0,0,False,96.06874826542,1.25,deborylation_0,0,0,0,0,0,55.96852792687588,21.43044474911153,1.2097464849264963,194.9,0.7398,0,0,0,0,0,0,0,0,0,0,0,0,0,0,0,0,0,0,0,0,0,0,0,0,0,0,0,0,0,0,0,0,0,0,0,0.0,0.0,0.0,0.0,0.0,0.0,0.0,0.0,0.0,0.0,0.0,0.0,0.0,0.0,0.0,0.0,0.0,0.0,0.0,0.0,0.0,0.0,0.0
165,G22,Cl[Pd]Cl.CC1(C)c2cccc(P(c3ccccc3)c4ccccc4)c2Oc5c(cccc15)P(c6ccccc6)c7ccccc7,PdCl2(XantPhos),0.04025476350000001 milligram,0.05325 micromole,0.04025476350000002 microliter,C39H32Cl2OP2Pd,CC1=C(C(=NN1C(C)C)N)Br,4-BROMO-1-ISOPROPYL-5-METHYL-1H-PYRAZOL-3-AMINE,0.058014068 milligram,0.266 micromole,0.058014068000000016 microliter,C7H12BrN3,B1(OC(C(O1)(C)C)(C)C)C2=CN(N=C2C)C,"1,3-dimethyl-4-(4,4,5,5-tetramethyl-1,3,2-dioxaborolan-2-yl)-1H-pyrazole",0.07107104000000002 milligram,0.32000000000000006 micromole,0.07107104000000003 microliter,C11H19BN2O2,[Na+].[Na+].[O-]C([O-])=O,Na2CO3,0.21197599999999997 milligram,2.0 micromole,0.21197600000000003 microliter,CNa2O3,CN1C=NC2=C1C(=O)N(C(=O)N2C)C,caffeine,0.051654806000000004 milligram,0.266 micromole,0.05165480600000002 microliter,C8H10N4O2,O=CN(C)C,DMF,10.26 milligram,140.365278062795 micromole,10.8 microliter,C3H7NO,O,water,1.2000000000000002 milligram,66.6111573688593 micromole,1.2000000000000002 microliter,H2O,Cc1nn(C)cc1-c1c(N)nn(C(C)C)c1C,suzuki_product_0,0.0 milligram,0.0 micromole,0 microliter,C12H19N5,Cc1cc(N)nn1C(C)C,dehalogenation_0,0.0 milligram,0.0 micromole,0 microliter,C7H13N3,Cc1ccn(C)n1,deborylation_0,0.0 milligram,0.0 micromole,0 microliter,C5H8N2,CC1=C(C(=NN1C(C)C)N)Br.B1(OC(C(O1)(C)C)(C)C)C2=CN(N=C2C)C>>Cc1nn(C)cc1-c1c(N)nn(C(C)C)c1C.Cc1cc(N)nn1C(C)C.Cc1ccn(C)n1,005_RLN-NB-2443_012_G22,7/7/2023 9:06:55 PM,005_rln-nb-2443_012_g22.raw,2min_150_1200.EXP,005_RLN-NB-2443_012_G22,005_RLN-NB-2443_012_G22,Rxn_Opt_HSST3_2_98,Analog,0,0,0,0,0,1.079289559873047,0.7398,0,0,0,False,96.06874826542,1.25,deborylation_0,0,0,0,0,0,51.76735468199529,33.50966028521448,1.079289559873047,195,0.7398,0,0,0,0,0,0,0,0,0,0,0,0,0,0,0,0,0,0,0,0,0,0,0,0,0,0,0,0,0,0,0,0,0,0,0,0.0,0.0,0.0,0.0,0.0,0.0,0.0,0.0,0.0,0.0,0.0,0.0,0.0,0.0,0.0,0.0,0.0,0.0,0.0,0.0,0.0,0.0,0.0
166,G23,Cl[Pd]Cl.CC1(C)c2cccc(P(c3ccccc3)c4ccccc4)c2Oc5c(cccc15)P(c6ccccc6)c7ccccc7,PdCl2(XantPhos),0.04025476350000001 milligram,0.05325 micromole,0.04025476350000002 microliter,C39H32Cl2OP2Pd,CC1=C(C(=NN1C(C)C)N)Br,4-BROMO-1-ISOPROPYL-5-METHYL-1H-PYRAZOL-3-AMINE,0.058014068 milligram,0.266 micromole,0.058014068000000016 microliter,C7H12BrN3,B1(OC(C(O1)(C)C)(C)C)C2=CN(N=C2C)C,"1,3-dimethyl-4-(4,4,5,5-tetramethyl-1,3,2-dioxaborolan-2-yl)-1H-pyrazole",0.07107104000000002 milligram,0.32000000000000006 micromole,0.07107104000000003 microliter,C11H19BN2O2,[K+].[K+].[K+].[O-]P([O-])([O-])=O,K3PO4,0.42452799999999996 milligram,2.0 micromole,0.42452800000000007 microliter,K3O4P,CN1C=NC2=C1C(=O)N(C(=O)N2C)C,caffeine,0.051654806000000004 milligram,0.266 micromole,0.05165480600000002 microliter,C8H10N4O2,O=CN(C)C,DMF,10.26 milligram,140.365278062795 micromole,10.8 microliter,C3H7NO,O,water,1.2000000000000002 milligram,66.6111573688593 micromole,1.2000000000000002 microliter,H2O,Cc1nn(C)cc1-c1c(N)nn(C(C)C)c1C,suzuki_product_0,0.0 milligram,0.0 micromole,0 microliter,C12H19N5,Cc1cc(N)nn1C(C)C,dehalogenation_0,0.0 milligram,0.0 micromole,0 microliter,C7H13N3,Cc1ccn(C)n1,deborylation_0,0.0 milligram,0.0 micromole,0 microliter,C5H8N2,CC1=C(C(=NN1C(C)C)N)Br.B1(OC(C(O1)(C)C)(C)C)C2=CN(N=C2C)C>>Cc1nn(C)cc1-c1c(N)nn(C(C)C)c1C.Cc1cc(N)nn1C(C)C.Cc1ccn(C)n1,005_RLN-NB-2443_012_G23,7/7/2023 9:09:22 PM,005_rln-nb-2443_012_g23.raw,2min_150_1200.EXP,005_RLN-NB-2443_012_G23,005_RLN-NB-2443_012_G23,Rxn_Opt_HSST3_2_98,Analog,0,0,0,0,0,1.0735488736481105,0.7415,0,0,0,False,96.06874826542,1.25,deborylation_0,0,0,0,0,0,51.17008129881533,34.111632864142344,1.0735488736481105,194.9,0.7415,0,0,0,0,0,0,0,0,0,0,0,0,0,0,0,0,0,0,0,0,0,0,0,0,0,0,0,0,0,0,0,0,0,0,0,0.0,0.0,0.0,0.0,0.0,0.0,0.0,0.0,0.0,0.0,0.0,0.0,0.0,0.0,0.0,0.0,0.0,0.0,0.0,0.0,0.0,0.0,0.0
167,G24,Cl[Pd]Cl.CC1(C)c2cccc(P(c3ccccc3)c4ccccc4)c2Oc5c(cccc15)P(c6ccccc6)c7ccccc7,PdCl2(XantPhos),0.04025476350000001 milligram,0.05325 micromole,0.04025476350000002 microliter,C39H32Cl2OP2Pd,CC1=C(C(=NN1C(C)C)N)Br,4-BROMO-1-ISOPROPYL-5-METHYL-1H-PYRAZOL-3-AMINE,0.058014068 milligram,0.266 micromole,0.058014068000000016 microliter,C7H12BrN3,B1(OC(C(O1)(C)C)(C)C)C2=CN(N=C2C)C,"1,3-dimethyl-4-(4,4,5,5-tetramethyl-1,3,2-dioxaborolan-2-yl)-1H-pyrazole",0.07107104000000002 milligram,0.32000000000000006 micromole,0.07107104000000003 microliter,C11H19BN2O2,[Na+].C[Si](C)(C)[O-],NaOTMS,0.22435999999999995 milligram,2.0 micromole,0.22436 microliter,C3H9NaOSi,CN1C=NC2=C1C(=O)N(C(=O)N2C)C,caffeine,0.051654806000000004 milligram,0.266 micromole,0.05165480600000002 microliter,C8H10N4O2,O=CN(C)C,DMF,10.26 milligram,140.365278062795 micromole,10.8 microliter,C3H7NO,O,water,1.2000000000000002 milligram,66.6111573688593 micromole,1.2000000000000002 microliter,H2O,Cc1nn(C)cc1-c1c(N)nn(C(C)C)c1C,suzuki_product_0,0.0 milligram,0.0 micromole,0 microliter,C12H19N5,Cc1cc(N)nn1C(C)C,dehalogenation_0,0.0 milligram,0.0 micromole,0 microliter,C7H13N3,Cc1ccn(C)n1,deborylation_0,0.0 milligram,0.0 micromole,0 microliter,C5H8N2,CC1=C(C(=NN1C(C)C)N)Br.B1(OC(C(O1)(C)C)(C)C)C2=CN(N=C2C)C>>Cc1nn(C)cc1-c1c(N)nn(C(C)C)c1C.Cc1cc(N)nn1C(C)C.Cc1ccn(C)n1,005_RLN-NB-2443_012_G24,7/7/2023 9:11:48 PM,005_rln-nb-2443_012_g24.raw,2min_150_1200.EXP,005_RLN-NB-2443_012_G24,005_RLN-NB-2443_012_G24,Rxn_Opt_HSST3_2_98,Analog,0,0,0,0,0,1.0272249624339183,0.7398,0,0,0,False,96.06874826542,1.25,deborylation_0,0,0,0,0,0,48.900161632308766,17.34230659946539,1.0272249624339183,194.9,0.7398,0,0,0,0,0,0,0,0,0,0,0,0,0,0,0,0,0,0,0,0,0,0,0,0,0,0,0,0,0,0,0,0,0,0,0,0.0,0.0,0.0,0.0,0.0,0.0,0.0,0.0,0.0,0.0,0.0,0.0,0.0,0.0,0.0,0.0,0.0,0.0,0.0,0.0,0.0,0.0,0.0
168,H1,CC(C)C1=CC(C(C)C)=CC(C(C)C)=C1C2=C([P+](C3CCCCC3)([Pd-2]4(OS(C)(=O)=O)C(C=CC=C5)=C5C6=C([NH+]4C)C=CC=C6)C7CCCCC7)C=CC=C2,XPhos Pd G4,0.04582130549999999 milligram,0.05325 micromole,0.0458213055 microliter,C47H64NO3PPdS,COC1=C(N)C(Cl)=NC=N1,4-chloro-6-methoxypyrimidin-5-amine,0.04244721600000001 milligram,0.266 micromole,0.04244721600000002 microliter,C5H6ClN3O,O=[N+](C1=CC=CC=C1B2OC(C)(C)C(C)(C)O2)[O-],"4,4,5,5-tetramethyl-2-(2-nitrophenyl)-1,3,2-dioxaborolane",0.079704 milligram,0.32000000000000006 micromole,0.07970400000000001 microliter,C12H16BNO4,[Na+].[Na+].[O-]C([O-])=O,Na2CO3,0.21197599999999997 milligram,2.0 micromole,0.21197600000000003 microliter,CNa2O3,CN1C=NC2=C1C(=O)N(C(=O)N2C)C,caffeine,0.051654806000000004 milligram,0.266 micromole,0.05165480600000002 microliter,C8H10N4O2,O=CN(C)C,DMF,10.26 milligram,140.365278062795 micromole,10.8 microliter,C3H7NO,O,water,1.2000000000000002 milligram,66.6111573688593 micromole,1.2000000000000002 microliter,H2O,COc1ncnc(-c2ccccc2[N+](=O)[O-])c1N,suzuki_product_0,0.0 milligram,0.0 micromole,0 microliter,C11H10N4O3,COc1ncncc1N,dehalogenation_0,0.0 milligram,0.0 micromole,0 microliter,C5H7N3O,O=[N+]([O-])c1ccccc1,deborylation_0,0.0 milligram,0.0 micromole,0 microliter,C6H5NO2,COC1=C(N)C(Cl)=NC=N1.O=[N+](C1=CC=CC=C1B2OC(C)(C)C(C)(C)O2)[O-]>>COc1ncnc(-c2ccccc2[N+](=O)[O-])c1N.COc1ncncc1N.O=[N+]([O-])c1ccccc1,005_RLN-NB-2443_012_H1,7/7/2023 9:14:15 PM,005_rln-nb-2443_012_h1.raw,2min_150_1200.EXP,005_RLN-NB-2443_012_H1,005_RLN-NB-2443_012_H1,Rxn_Opt_HSST3_2_98,Analog,0.29836947716394807,0,0.3047923295849362,21.422721035707482,0.9181,1.02152650627014,0.7398,0,0,0,False,123.03202840392001,1.25,deborylation_0,0,0,0,0,0,48.68193263838075,41.7925467667578,1.02152650627014,194.9,0.7398,0,0,0,0,0,0,0,0,0,0,14.86612201913769,12.469620328147373,0.3047923295849362,246.8,0.9181,0,0,0,0,0,0,0,0,0,0,0,0,0,0,0,0,0,0,0,0,0.0,0.0,0.0,0.0,0.0,0.0,0.0,0.0,0.0,7.936628092561019e-05,29.836947716394807,0.0,0.0,0.0,0.0,0.0,0.0,0.0,0.0,0.0,0.0,0.0,0.0
169,H2,CC(C)C1=CC(C(C)C)=CC(C(C)C)=C1C2=C([P+](C3CCCCC3)([Pd-2]4(OS(C)(=O)=O)C(C=CC=C5)=C5C6=C([NH+]4C)C=CC=C6)C7CCCCC7)C=CC=C2,XPhos Pd G4,0.04582130549999999 milligram,0.05325 micromole,0.0458213055 microliter,C47H64NO3PPdS,COC1=C(N)C(Cl)=NC=N1,4-chloro-6-methoxypyrimidin-5-amine,0.04244721600000001 milligram,0.266 micromole,0.04244721600000002 microliter,C5H6ClN3O,O=[N+](C1=CC=CC=C1B2OC(C)(C)C(C)(C)O2)[O-],"4,4,5,5-tetramethyl-2-(2-nitrophenyl)-1,3,2-dioxaborolane",0.079704 milligram,0.32000000000000006 micromole,0.07970400000000001 microliter,C12H16BNO4,[K+].[K+].[K+].[O-]P([O-])([O-])=O,K3PO4,0.42452799999999996 milligram,2.0 micromole,0.42452800000000007 microliter,K3O4P,CN1C=NC2=C1C(=O)N(C(=O)N2C)C,caffeine,0.051654806000000004 milligram,0.266 micromole,0.05165480600000002 microliter,C8H10N4O2,O=CN(C)C,DMF,10.26 milligram,140.365278062795 micromole,10.8 microliter,C3H7NO,O,water,1.2000000000000002 milligram,66.6111573688593 micromole,1.2000000000000002 microliter,H2O,COc1ncnc(-c2ccccc2[N+](=O)[O-])c1N,suzuki_product_0,0.0 milligram,0.0 micromole,0 microliter,C11H10N4O3,COc1ncncc1N,dehalogenation_0,0.0 milligram,0.0 micromole,0 microliter,C5H7N3O,O=[N+]([O-])c1ccccc1,deborylation_0,0.0 milligram,0.0 micromole,0 microliter,C6H5NO2,COC1=C(N)C(Cl)=NC=N1.O=[N+](C1=CC=CC=C1B2OC(C)(C)C(C)(C)O2)[O-]>>COc1ncnc(-c2ccccc2[N+](=O)[O-])c1N.COc1ncncc1N.O=[N+]([O-])c1ccccc1,005_RLN-NB-2443_012_H2,7/7/2023 9:16:42 PM,005_rln-nb-2443_012_h2.raw,2min_150_1200.EXP,005_RLN-NB-2443_012_H2,005_RLN-NB-2443_012_H2,Rxn_Opt_HSST3_2_98,Analog,0.904728646223068,0,0.6593436741885098,33.03200523885017,0.9198,0.7287750608329289,0.7415,0,0,0,False,123.03202840392001,1.25,deborylation_0,0,0,0,0,0,35.46531892836993,26.745508315570422,0.7287750608329289,194.9,0.7415,0,0,0,0,0,0,0,0,0,0,29.10228438975339,24.197427530893837,0.6593436741885098,247,0.9198,0,0,0,0,0,0,0,0,0,0,0,0,0,0,0,0,0,0,0,0,0.0,0.0,0.0,0.0,0.0,0.0,0.0,0.0,0.0,0.0002406578198953361,90.4728646223068,0.0,0.0,0.0,0.0,0.0,0.0,0.0,0.0,0.0,0.0,0.0,0.0
170,H3,CC(C)C1=CC(C(C)C)=CC(C(C)C)=C1C2=C([P+](C3CCCCC3)([Pd-2]4(OS(C)(=O)=O)C(C=CC=C5)=C5C6=C([NH+]4C)C=CC=C6)C7CCCCC7)C=CC=C2,XPhos Pd G4,0.04582130549999999 milligram,0.05325 micromole,0.0458213055 microliter,C47H64NO3PPdS,COC1=C(N)C(Cl)=NC=N1,4-chloro-6-methoxypyrimidin-5-amine,0.04244721600000001 milligram,0.266 micromole,0.04244721600000002 microliter,C5H6ClN3O,O=[N+](C1=CC=CC=C1B2OC(C)(C)C(C)(C)O2)[O-],"4,4,5,5-tetramethyl-2-(2-nitrophenyl)-1,3,2-dioxaborolane",0.079704 milligram,0.32000000000000006 micromole,0.07970400000000001 microliter,C12H16BNO4,[Na+].C[Si](C)(C)[O-],NaOTMS,0.22435999999999995 milligram,2.0 micromole,0.22436 microliter,C3H9NaOSi,CN1C=NC2=C1C(=O)N(C(=O)N2C)C,caffeine,0.051654806000000004 milligram,0.266 micromole,0.05165480600000002 microliter,C8H10N4O2,O=CN(C)C,DMF,10.26 milligram,140.365278062795 micromole,10.8 microliter,C3H7NO,O,water,1.2000000000000002 milligram,66.6111573688593 micromole,1.2000000000000002 microliter,H2O,COc1ncnc(-c2ccccc2[N+](=O)[O-])c1N,suzuki_product_0,0.0 milligram,0.0 micromole,0 microliter,C11H10N4O3,COc1ncncc1N,dehalogenation_0,0.0 milligram,0.0 micromole,0 microliter,C5H7N3O,O=[N+]([O-])c1ccccc1,deborylation_0,0.0 milligram,0.0 micromole,0 microliter,C6H5NO2,COC1=C(N)C(Cl)=NC=N1.O=[N+](C1=CC=CC=C1B2OC(C)(C)C(C)(C)O2)[O-]>>COc1ncnc(-c2ccccc2[N+](=O)[O-])c1N.COc1ncncc1N.O=[N+]([O-])c1ccccc1,005_RLN-NB-2443_012_H3,7/7/2023 9:19:09 PM,005_rln-nb-2443_012_h3.raw,2min_150_1200.EXP,005_RLN-NB-2443_012_H3,005_RLN-NB-2443_012_H3,Rxn_Opt_HSST3_2_98,Analog,1.3844837044985152,0,1.2619782206983723,26.89001611172132,0.9198,0.9115154021660973,0.7415,0,0,0,False,123.03202840392001,1.25,deborylation_0,0,0,0,0,0,44.38776532647145,16.26362556871047,0.9115154021660973,195,0.7415,0,0,0,0,0,0,0,0,0,0,58.963757817750775,22.51672457594504,1.2619782206983723,246.9,0.9198,0,0,0,0,0,0,0,0,0,0,0,0,0,0,0,0,0,0,0,0,0.0,0.0,0.0,0.0,0.0,0.0,0.0,0.0,0.0,0.00036827266539660506,138.44837044985152,0.0,0.0,0.0,0.0,0.0,0.0,0.0,0.0,0.0,0.0,0.0,0.0
171,H4,CC(C)(C)[P+]([Pd-2]1(C2=C(C3=C(C=CC=C3)[NH+]1C)C=CC=C2)OS(C)(=O)=O)(C(C)(C)C)C(C)(C)C,PtBu3 Pd G4,0.03120913275 milligram,0.05325 micromole,0.031209132750000007 microliter,C26H42NO3PPdS,COC1=C(N)C(Cl)=NC=N1,4-chloro-6-methoxypyrimidin-5-amine,0.04244721600000001 milligram,0.266 micromole,0.04244721600000002 microliter,C5H6ClN3O,O=[N+](C1=CC=CC=C1B2OC(C)(C)C(C)(C)O2)[O-],"4,4,5,5-tetramethyl-2-(2-nitrophenyl)-1,3,2-dioxaborolane",0.079704 milligram,0.32000000000000006 micromole,0.07970400000000001 microliter,C12H16BNO4,[Na+].[Na+].[O-]C([O-])=O,Na2CO3,0.21197599999999997 milligram,2.0 micromole,0.21197600000000003 microliter,CNa2O3,CN1C=NC2=C1C(=O)N(C(=O)N2C)C,caffeine,0.051654806000000004 milligram,0.266 micromole,0.05165480600000002 microliter,C8H10N4O2,O=CN(C)C,DMF,10.26 milligram,140.365278062795 micromole,10.8 microliter,C3H7NO,O,water,1.2000000000000002 milligram,66.6111573688593 micromole,1.2000000000000002 microliter,H2O,COc1ncnc(-c2ccccc2[N+](=O)[O-])c1N,suzuki_product_0,0.0 milligram,0.0 micromole,0 microliter,C11H10N4O3,COc1ncncc1N,dehalogenation_0,0.0 milligram,0.0 micromole,0 microliter,C5H7N3O,O=[N+]([O-])c1ccccc1,deborylation_0,0.0 milligram,0.0 micromole,0 microliter,C6H5NO2,COC1=C(N)C(Cl)=NC=N1.O=[N+](C1=CC=CC=C1B2OC(C)(C)C(C)(C)O2)[O-]>>COc1ncnc(-c2ccccc2[N+](=O)[O-])c1N.COc1ncncc1N.O=[N+]([O-])c1ccccc1,005_RLN-NB-2443_012_H4,7/7/2023 9:21:35 PM,005_rln-nb-2443_012_h4.raw,2min_150_1200.EXP,005_RLN-NB-2443_012_H4,005_RLN-NB-2443_012_H4,Rxn_Opt_HSST3_2_98,Analog,0,0,0,0,0,0.5604559080348405,0.7415,0,0,0,False,123.03202840392001,1.25,deborylation_0,0,0,0,0,0,27.072592218065587,39.79698033591094,0.5604559080348405,194.9,0.7415,0,0,0,0,0,0,0,0,0,0,0,0,0,0,0,0,0,0,0,0,0,0,0,0,0,0,0,0,0,0,0,0,0,0,0,0.0,0.0,0.0,0.0,0.0,0.0,0.0,0.0,0.0,0.0,0.0,0.0,0.0,0.0,0.0,0.0,0.0,0.0,0.0,0.0,0.0,0.0,0.0
172,H5,CC(C)(C)[P+]([Pd-2]1(C2=C(C3=C(C=CC=C3)[NH+]1C)C=CC=C2)OS(C)(=O)=O)(C(C)(C)C)C(C)(C)C,PtBu3 Pd G4,0.03120913275 milligram,0.05325 micromole,0.031209132750000007 microliter,C26H42NO3PPdS,COC1=C(N)C(Cl)=NC=N1,4-chloro-6-methoxypyrimidin-5-amine,0.04244721600000001 milligram,0.266 micromole,0.04244721600000002 microliter,C5H6ClN3O,O=[N+](C1=CC=CC=C1B2OC(C)(C)C(C)(C)O2)[O-],"4,4,5,5-tetramethyl-2-(2-nitrophenyl)-1,3,2-dioxaborolane",0.079704 milligram,0.32000000000000006 micromole,0.07970400000000001 microliter,C12H16BNO4,[K+].[K+].[K+].[O-]P([O-])([O-])=O,K3PO4,0.42452799999999996 milligram,2.0 micromole,0.42452800000000007 microliter,K3O4P,CN1C=NC2=C1C(=O)N(C(=O)N2C)C,caffeine,0.051654806000000004 milligram,0.266 micromole,0.05165480600000002 microliter,C8H10N4O2,O=CN(C)C,DMF,10.26 milligram,140.365278062795 micromole,10.8 microliter,C3H7NO,O,water,1.2000000000000002 milligram,66.6111573688593 micromole,1.2000000000000002 microliter,H2O,COc1ncnc(-c2ccccc2[N+](=O)[O-])c1N,suzuki_product_0,0.0 milligram,0.0 micromole,0 microliter,C11H10N4O3,COc1ncncc1N,dehalogenation_0,0.0 milligram,0.0 micromole,0 microliter,C5H7N3O,O=[N+]([O-])c1ccccc1,deborylation_0,0.0 milligram,0.0 micromole,0 microliter,C6H5NO2,COC1=C(N)C(Cl)=NC=N1.O=[N+](C1=CC=CC=C1B2OC(C)(C)C(C)(C)O2)[O-]>>COc1ncnc(-c2ccccc2[N+](=O)[O-])c1N.COc1ncncc1N.O=[N+]([O-])c1ccccc1,005_RLN-NB-2443_012_H5,7/7/2023 9:24:02 PM,005_rln-nb-2443_012_h5.raw,2min_150_1200.EXP,005_RLN-NB-2443_012_H5,005_RLN-NB-2443_012_H5,Rxn_Opt_HSST3_2_98,Analog,0,0,0,0,0,0.5457307208240868,0.7398,0,0,0,False,123.03202840392001,1.25,deborylation_0,0,0,0,0,0,28.69239386575804,32.720226330025525,0.5457307208240868,195,0.7398,0,0,0,0,0,0,0,0,0,0,0,0,0,0,0,0,0,0,0,0,0,0,0,0,0,0,0,0,0,0,0,0,0,0,0,0.0,0.0,0.0,0.0,0.0,0.0,0.0,0.0,0.0,0.0,0.0,0.0,0.0,0.0,0.0,0.0,0.0,0.0,0.0,0.0,0.0,0.0,0.0
173,H6,CC(C)(C)[P+]([Pd-2]1(C2=C(C3=C(C=CC=C3)[NH+]1C)C=CC=C2)OS(C)(=O)=O)(C(C)(C)C)C(C)(C)C,PtBu3 Pd G4,0.03120913275 milligram,0.05325 micromole,0.031209132750000007 microliter,C26H42NO3PPdS,COC1=C(N)C(Cl)=NC=N1,4-chloro-6-methoxypyrimidin-5-amine,0.04244721600000001 milligram,0.266 micromole,0.04244721600000002 microliter,C5H6ClN3O,O=[N+](C1=CC=CC=C1B2OC(C)(C)C(C)(C)O2)[O-],"4,4,5,5-tetramethyl-2-(2-nitrophenyl)-1,3,2-dioxaborolane",0.079704 milligram,0.32000000000000006 micromole,0.07970400000000001 microliter,C12H16BNO4,[Na+].C[Si](C)(C)[O-],NaOTMS,0.22435999999999995 milligram,2.0 micromole,0.22436 microliter,C3H9NaOSi,CN1C=NC2=C1C(=O)N(C(=O)N2C)C,caffeine,0.051654806000000004 milligram,0.266 micromole,0.05165480600000002 microliter,C8H10N4O2,O=CN(C)C,DMF,10.26 milligram,140.365278062795 micromole,10.8 microliter,C3H7NO,O,water,1.2000000000000002 milligram,66.6111573688593 micromole,1.2000000000000002 microliter,H2O,COc1ncnc(-c2ccccc2[N+](=O)[O-])c1N,suzuki_product_0,0.0 milligram,0.0 micromole,0 microliter,C11H10N4O3,COc1ncncc1N,dehalogenation_0,0.0 milligram,0.0 micromole,0 microliter,C5H7N3O,O=[N+]([O-])c1ccccc1,deborylation_0,0.0 milligram,0.0 micromole,0 microliter,C6H5NO2,COC1=C(N)C(Cl)=NC=N1.O=[N+](C1=CC=CC=C1B2OC(C)(C)C(C)(C)O2)[O-]>>COc1ncnc(-c2ccccc2[N+](=O)[O-])c1N.COc1ncncc1N.O=[N+]([O-])c1ccccc1,005_RLN-NB-2443_012_H6,7/7/2023 9:26:28 PM,005_rln-nb-2443_012_h6.raw,2min_150_1200.EXP,005_RLN-NB-2443_012_H6,005_RLN-NB-2443_012_H6,Rxn_Opt_HSST3_2_98,Analog,0.45104113639853494,0,0.38631515553300444,11.64434491990867,1.0965,0.8564965018881574,0.7415,0,0,0,False,123.03202840392001,1.25,deborylation_0,0,0,0,0,0,41.48159268742597,20.519226804453087,0.8564965018881574,195,0.7415,0,0,0,0,0,0,0,0,0,0,14.171061664335136,9.255015375899799,0.38631515553300444,347.7,1.0965,0,0,0,0,0,0,0,0,0,0,0,0,0,0,0,0,0,0,0,0,0.0,0.0,0.0,0.0,0.0,0.0,0.0,0.0,0.0,0.0001199769422820103,45.104113639853495,0.0,0.0,0.0,0.0,0.0,0.0,0.0,0.0,0.0,0.0,0.0,0.0
174,H7,CC(C1=CC=CC(C(C)C)=C1C2=C(C(OC(C)(C)C)=CC=C2OC)[P+]([Pd-2]3(C4=C(C5=C(C=CC=C5)[NH+]3C)C=CC=C4)OS(C)(=O)=O)(C6CCCCC6)C7CCCCC7)C,GPhos Pd G4,0.049019074499999975 milligram,0.05325 micromole,0.04901907449999999 microliter,C49H68NO5PPdS,COC1=C(N)C(Cl)=NC=N1,4-chloro-6-methoxypyrimidin-5-amine,0.04244721600000001 milligram,0.266 micromole,0.04244721600000002 microliter,C5H6ClN3O,O=[N+](C1=CC=CC=C1B2OC(C)(C)C(C)(C)O2)[O-],"4,4,5,5-tetramethyl-2-(2-nitrophenyl)-1,3,2-dioxaborolane",0.079704 milligram,0.32000000000000006 micromole,0.07970400000000001 microliter,C12H16BNO4,[Na+].[Na+].[O-]C([O-])=O,Na2CO3,0.21197599999999997 milligram,2.0 micromole,0.21197600000000003 microliter,CNa2O3,CN1C=NC2=C1C(=O)N(C(=O)N2C)C,caffeine,0.051654806000000004 milligram,0.266 micromole,0.05165480600000002 microliter,C8H10N4O2,O=CN(C)C,DMF,10.26 milligram,140.365278062795 micromole,10.8 microliter,C3H7NO,O,water,1.2000000000000002 milligram,66.6111573688593 micromole,1.2000000000000002 microliter,H2O,COc1ncnc(-c2ccccc2[N+](=O)[O-])c1N,suzuki_product_0,0.0 milligram,0.0 micromole,0 microliter,C11H10N4O3,COc1ncncc1N,dehalogenation_0,0.0 milligram,0.0 micromole,0 microliter,C5H7N3O,O=[N+]([O-])c1ccccc1,deborylation_0,0.0 milligram,0.0 micromole,0 microliter,C6H5NO2,COC1=C(N)C(Cl)=NC=N1.O=[N+](C1=CC=CC=C1B2OC(C)(C)C(C)(C)O2)[O-]>>COc1ncnc(-c2ccccc2[N+](=O)[O-])c1N.COc1ncncc1N.O=[N+]([O-])c1ccccc1,005_RLN-NB-2443_012_H7,7/7/2023 9:28:55 PM,005_rln-nb-2443_012_h7.raw,2min_150_1200.EXP,005_RLN-NB-2443_012_H7,005_RLN-NB-2443_012_H7,Rxn_Opt_HSST3_2_98,Analog,0,0,0,0,0,0.66395651823544,0.7381,0,0,0,False,123.03202840392001,1.25,deborylation_0,0,0,0,0,0,31.5220088705268,52.375916372640674,0.66395651823544,194.9,0.7381,0,0,0,0,0,0,0,0,0,0,0,0,0,0,0,0,0,0,0,0,0,0,0,0,0,0,0,0,0,0,0,0,0,0,0,0.0,0.0,0.0,0.0,0.0,0.0,0.0,0.0,0.0,0.0,0.0,0.0,0.0,0.0,0.0,0.0,0.0,0.0,0.0,0.0,0.0,0.0,0.0
175,H8,CC(C1=CC=CC(C(C)C)=C1C2=C(C(OC(C)(C)C)=CC=C2OC)[P+]([Pd-2]3(C4=C(C5=C(C=CC=C5)[NH+]3C)C=CC=C4)OS(C)(=O)=O)(C6CCCCC6)C7CCCCC7)C,GPhos Pd G4,0.049019074499999975 milligram,0.05325 micromole,0.04901907449999999 microliter,C49H68NO5PPdS,COC1=C(N)C(Cl)=NC=N1,4-chloro-6-methoxypyrimidin-5-amine,0.04244721600000001 milligram,0.266 micromole,0.04244721600000002 microliter,C5H6ClN3O,O=[N+](C1=CC=CC=C1B2OC(C)(C)C(C)(C)O2)[O-],"4,4,5,5-tetramethyl-2-(2-nitrophenyl)-1,3,2-dioxaborolane",0.079704 milligram,0.32000000000000006 micromole,0.07970400000000001 microliter,C12H16BNO4,[K+].[K+].[K+].[O-]P([O-])([O-])=O,K3PO4,0.42452799999999996 milligram,2.0 micromole,0.42452800000000007 microliter,K3O4P,CN1C=NC2=C1C(=O)N(C(=O)N2C)C,caffeine,0.051654806000000004 milligram,0.266 micromole,0.05165480600000002 microliter,C8H10N4O2,O=CN(C)C,DMF,10.26 milligram,140.365278062795 micromole,10.8 microliter,C3H7NO,O,water,1.2000000000000002 milligram,66.6111573688593 micromole,1.2000000000000002 microliter,H2O,COc1ncnc(-c2ccccc2[N+](=O)[O-])c1N,suzuki_product_0,0.0 milligram,0.0 micromole,0 microliter,C11H10N4O3,COc1ncncc1N,dehalogenation_0,0.0 milligram,0.0 micromole,0 microliter,C5H7N3O,O=[N+]([O-])c1ccccc1,deborylation_0,0.0 milligram,0.0 micromole,0 microliter,C6H5NO2,COC1=C(N)C(Cl)=NC=N1.O=[N+](C1=CC=CC=C1B2OC(C)(C)C(C)(C)O2)[O-]>>COc1ncnc(-c2ccccc2[N+](=O)[O-])c1N.COc1ncncc1N.O=[N+]([O-])c1ccccc1,005_RLN-NB-2443_012_H8,7/7/2023 9:31:21 PM,005_rln-nb-2443_012_h8.raw,2min_150_1200.EXP,005_RLN-NB-2443_012_H8,005_RLN-NB-2443_012_H8,Rxn_Opt_HSST3_2_98,Analog,0,0,0,0,0,0.6552444744544232,0.7415,0,0,0,False,123.03202840392001,1.25,deborylation_0,0,0,0,0,0,32.16889869038354,47.748354230368484,0.6552444744544232,195.1,0.7415,0,0,0,0,0,0,0,0,0,0,0,0,0,0,0,0,0,0,0,0,0,0,0,0,0,0,0,0,0,0,0,0,0,0,0,0.0,0.0,0.0,0.0,0.0,0.0,0.0,0.0,0.0,0.0,0.0,0.0,0.0,0.0,0.0,0.0,0.0,0.0,0.0,0.0,0.0,0.0,0.0
176,H9,CC(C1=CC=CC(C(C)C)=C1C2=C(C(OC(C)(C)C)=CC=C2OC)[P+]([Pd-2]3(C4=C(C5=C(C=CC=C5)[NH+]3C)C=CC=C4)OS(C)(=O)=O)(C6CCCCC6)C7CCCCC7)C,GPhos Pd G4,0.049019074499999975 milligram,0.05325 micromole,0.04901907449999999 microliter,C49H68NO5PPdS,COC1=C(N)C(Cl)=NC=N1,4-chloro-6-methoxypyrimidin-5-amine,0.04244721600000001 milligram,0.266 micromole,0.04244721600000002 microliter,C5H6ClN3O,O=[N+](C1=CC=CC=C1B2OC(C)(C)C(C)(C)O2)[O-],"4,4,5,5-tetramethyl-2-(2-nitrophenyl)-1,3,2-dioxaborolane",0.079704 milligram,0.32000000000000006 micromole,0.07970400000000001 microliter,C12H16BNO4,[Na+].C[Si](C)(C)[O-],NaOTMS,0.22435999999999995 milligram,2.0 micromole,0.22436 microliter,C3H9NaOSi,CN1C=NC2=C1C(=O)N(C(=O)N2C)C,caffeine,0.051654806000000004 milligram,0.266 micromole,0.05165480600000002 microliter,C8H10N4O2,O=CN(C)C,DMF,10.26 milligram,140.365278062795 micromole,10.8 microliter,C3H7NO,O,water,1.2000000000000002 milligram,66.6111573688593 micromole,1.2000000000000002 microliter,H2O,COc1ncnc(-c2ccccc2[N+](=O)[O-])c1N,suzuki_product_0,0.0 milligram,0.0 micromole,0 microliter,C11H10N4O3,COc1ncncc1N,dehalogenation_0,0.0 milligram,0.0 micromole,0 microliter,C5H7N3O,O=[N+]([O-])c1ccccc1,deborylation_0,0.0 milligram,0.0 micromole,0 microliter,C6H5NO2,COC1=C(N)C(Cl)=NC=N1.O=[N+](C1=CC=CC=C1B2OC(C)(C)C(C)(C)O2)[O-]>>COc1ncnc(-c2ccccc2[N+](=O)[O-])c1N.COc1ncncc1N.O=[N+]([O-])c1ccccc1,005_RLN-NB-2443_012_H9,7/7/2023 9:33:48 PM,005_rln-nb-2443_012_h9.raw,2min_150_1200.EXP,005_RLN-NB-2443_012_H9,005_RLN-NB-2443_012_H9,Rxn_Opt_HSST3_2_98,Analog,0,0,0,0,0,1.1625450703267455,0.7415,0,0,0,False,123.03202840392001,1.25,deborylation_0,0,0,0,0,0,56.29700341537134,29.4395626489981,1.1625450703267455,194.9,0.7415,0,0,0,0,0,0,0,0,0,0,0,0,0,0,0,0,0,0,0,0,0,0,0,0,0,0,0,0,0,0,0,0,0,0,0,0.0,0.0,0.0,0.0,0.0,0.0,0.0,0.0,0.0,0.0,0.0,0.0,0.0,0.0,0.0,0.0,0.0,0.0,0.0,0.0,0.0,0.0,0.0
177,H10,Cl[Pd]Cl.CC1(C)c2cccc(P(c3ccccc3)c4ccccc4)c2Oc5c(cccc15)P(c6ccccc6)c7ccccc7,PdCl2(XantPhos),0.04025476350000001 milligram,0.05325 micromole,0.04025476350000002 microliter,C39H32Cl2OP2Pd,COC1=C(N)C(Cl)=NC=N1,4-chloro-6-methoxypyrimidin-5-amine,0.04244721600000001 milligram,0.266 micromole,0.04244721600000002 microliter,C5H6ClN3O,O=[N+](C1=CC=CC=C1B2OC(C)(C)C(C)(C)O2)[O-],"4,4,5,5-tetramethyl-2-(2-nitrophenyl)-1,3,2-dioxaborolane",0.079704 milligram,0.32000000000000006 micromole,0.07970400000000001 microliter,C12H16BNO4,[Na+].[Na+].[O-]C([O-])=O,Na2CO3,0.21197599999999997 milligram,2.0 micromole,0.21197600000000003 microliter,CNa2O3,CN1C=NC2=C1C(=O)N(C(=O)N2C)C,caffeine,0.051654806000000004 milligram,0.266 micromole,0.05165480600000002 microliter,C8H10N4O2,O=CN(C)C,DMF,10.26 milligram,140.365278062795 micromole,10.8 microliter,C3H7NO,O,water,1.2000000000000002 milligram,66.6111573688593 micromole,1.2000000000000002 microliter,H2O,COc1ncnc(-c2ccccc2[N+](=O)[O-])c1N,suzuki_product_0,0.0 milligram,0.0 micromole,0 microliter,C11H10N4O3,COc1ncncc1N,dehalogenation_0,0.0 milligram,0.0 micromole,0 microliter,C5H7N3O,O=[N+]([O-])c1ccccc1,deborylation_0,0.0 milligram,0.0 micromole,0 microliter,C6H5NO2,COC1=C(N)C(Cl)=NC=N1.O=[N+](C1=CC=CC=C1B2OC(C)(C)C(C)(C)O2)[O-]>>COc1ncnc(-c2ccccc2[N+](=O)[O-])c1N.COc1ncncc1N.O=[N+]([O-])c1ccccc1,005_RLN-NB-2443_012_H10,7/7/2023 9:36:15 PM,005_rln-nb-2443_012_h10.raw,2min_150_1200.EXP,005_RLN-NB-2443_012_H10,005_RLN-NB-2443_012_H10,Rxn_Opt_HSST3_2_98,Analog,0,0,0,0,0,1.059486792008553,0.7415,0,0,0,False,123.03202840392001,1.25,deborylation_0,0,0,0,0,0,48.89968193079656,24.770850065130734,1.059486792008553,194.9,0.7415,0,0,0,0,0,0,0,0,0,0,0,0,0,0,0,0,0,0,0,0,0,0,0,0,0,0,0,0,0,0,0,0,0,0,0,0.0,0.0,0.0,0.0,0.0,0.0,0.0,0.0,0.0,0.0,0.0,0.0,0.0,0.0,0.0,0.0,0.0,0.0,0.0,0.0,0.0,0.0,0.0
178,H11,Cl[Pd]Cl.CC1(C)c2cccc(P(c3ccccc3)c4ccccc4)c2Oc5c(cccc15)P(c6ccccc6)c7ccccc7,PdCl2(XantPhos),0.04025476350000001 milligram,0.05325 micromole,0.04025476350000002 microliter,C39H32Cl2OP2Pd,COC1=C(N)C(Cl)=NC=N1,4-chloro-6-methoxypyrimidin-5-amine,0.04244721600000001 milligram,0.266 micromole,0.04244721600000002 microliter,C5H6ClN3O,O=[N+](C1=CC=CC=C1B2OC(C)(C)C(C)(C)O2)[O-],"4,4,5,5-tetramethyl-2-(2-nitrophenyl)-1,3,2-dioxaborolane",0.079704 milligram,0.32000000000000006 micromole,0.07970400000000001 microliter,C12H16BNO4,[K+].[K+].[K+].[O-]P([O-])([O-])=O,K3PO4,0.42452799999999996 milligram,2.0 micromole,0.42452800000000007 microliter,K3O4P,CN1C=NC2=C1C(=O)N(C(=O)N2C)C,caffeine,0.051654806000000004 milligram,0.266 micromole,0.05165480600000002 microliter,C8H10N4O2,O=CN(C)C,DMF,10.26 milligram,140.365278062795 micromole,10.8 microliter,C3H7NO,O,water,1.2000000000000002 milligram,66.6111573688593 micromole,1.2000000000000002 microliter,H2O,COc1ncnc(-c2ccccc2[N+](=O)[O-])c1N,suzuki_product_0,0.0 milligram,0.0 micromole,0 microliter,C11H10N4O3,COc1ncncc1N,dehalogenation_0,0.0 milligram,0.0 micromole,0 microliter,C5H7N3O,O=[N+]([O-])c1ccccc1,deborylation_0,0.0 milligram,0.0 micromole,0 microliter,C6H5NO2,COC1=C(N)C(Cl)=NC=N1.O=[N+](C1=CC=CC=C1B2OC(C)(C)C(C)(C)O2)[O-]>>COc1ncnc(-c2ccccc2[N+](=O)[O-])c1N.COc1ncncc1N.O=[N+]([O-])c1ccccc1,005_RLN-NB-2443_012_H11,7/7/2023 9:38:42 PM,005_rln-nb-2443_012_h11.raw,2min_150_1200.EXP,005_RLN-NB-2443_012_H11,005_RLN-NB-2443_012_H11,Rxn_Opt_HSST3_2_98,Analog,0,0,0,0,0,0.5481282449580314,0.7415,0,0,0,False,123.03202840392001,1.25,deborylation_0,0,0,0,0,0,27.142366016572804,25.299136796190087,0.5481282449580314,195,0.7415,0,0,0,0,0,0,0,0,0,0,0,0,0,0,0,0,0,0,0,0,0,0,0,0,0,0,0,0,0,0,0,0,0,0,0,0.0,0.0,0.0,0.0,0.0,0.0,0.0,0.0,0.0,0.0,0.0,0.0,0.0,0.0,0.0,0.0,0.0,0.0,0.0,0.0,0.0,0.0,0.0
179,H12,Cl[Pd]Cl.CC1(C)c2cccc(P(c3ccccc3)c4ccccc4)c2Oc5c(cccc15)P(c6ccccc6)c7ccccc7,PdCl2(XantPhos),0.04025476350000001 milligram,0.05325 micromole,0.04025476350000002 microliter,C39H32Cl2OP2Pd,COC1=C(N)C(Cl)=NC=N1,4-chloro-6-methoxypyrimidin-5-amine,0.04244721600000001 milligram,0.266 micromole,0.04244721600000002 microliter,C5H6ClN3O,O=[N+](C1=CC=CC=C1B2OC(C)(C)C(C)(C)O2)[O-],"4,4,5,5-tetramethyl-2-(2-nitrophenyl)-1,3,2-dioxaborolane",0.079704 milligram,0.32000000000000006 micromole,0.07970400000000001 microliter,C12H16BNO4,[Na+].C[Si](C)(C)[O-],NaOTMS,0.22435999999999995 milligram,2.0 micromole,0.22436 microliter,C3H9NaOSi,CN1C=NC2=C1C(=O)N(C(=O)N2C)C,caffeine,0.051654806000000004 milligram,0.266 micromole,0.05165480600000002 microliter,C8H10N4O2,O=CN(C)C,DMF,10.26 milligram,140.365278062795 micromole,10.8 microliter,C3H7NO,O,water,1.2000000000000002 milligram,66.6111573688593 micromole,1.2000000000000002 microliter,H2O,COc1ncnc(-c2ccccc2[N+](=O)[O-])c1N,suzuki_product_0,0.0 milligram,0.0 micromole,0 microliter,C11H10N4O3,COc1ncncc1N,dehalogenation_0,0.0 milligram,0.0 micromole,0 microliter,C5H7N3O,O=[N+]([O-])c1ccccc1,deborylation_0,0.0 milligram,0.0 micromole,0 microliter,C6H5NO2,COC1=C(N)C(Cl)=NC=N1.O=[N+](C1=CC=CC=C1B2OC(C)(C)C(C)(C)O2)[O-]>>COc1ncnc(-c2ccccc2[N+](=O)[O-])c1N.COc1ncncc1N.O=[N+]([O-])c1ccccc1,005_RLN-NB-2443_012_H12,7/7/2023 9:41:08 PM,005_rln-nb-2443_012_h12.raw,2min_150_1200.EXP,005_RLN-NB-2443_012_H12,005_RLN-NB-2443_012_H12,Rxn_Opt_HSST3_2_98,Analog,0,0,0,0,0,0.9061093666148057,0.7415,0,0,0,False,123.03202840392001,1.25,deborylation_0,0,0,0,0,0,43.68650912997909,18.893293265181608,0.9061093666148057,194.9,0.7415,0,0,0,0,0,0,0,0,0,0,0,0,0,0,0,0,0,0,0,0,0,0,0,0,0,0,0,0,0,0,0,0,0,0,0,0.0,0.0,0.0,0.0,0.0,0.0,0.0,0.0,0.0,0.0,0.0,0.0,0.0,0.0,0.0,0.0,0.0,0.0,0.0,0.0,0.0,0.0,0.0
180,H13,CC(C)C1=CC(C(C)C)=CC(C(C)C)=C1C2=C([P+](C3CCCCC3)([Pd-2]4(OS(C)(=O)=O)C(C=CC=C5)=C5C6=C([NH+]4C)C=CC=C6)C7CCCCC7)C=CC=C2,XPhos Pd G4,0.04582130549999999 milligram,0.05325 micromole,0.0458213055 microliter,C47H64NO3PPdS,CC1=C(C(=NN1C(C)C)N)Br,4-BROMO-1-ISOPROPYL-5-METHYL-1H-PYRAZOL-3-AMINE,0.058014068 milligram,0.266 micromole,0.058014068000000016 microliter,C7H12BrN3,O=[N+](C1=CC=CC=C1B2OC(C)(C)C(C)(C)O2)[O-],"4,4,5,5-tetramethyl-2-(2-nitrophenyl)-1,3,2-dioxaborolane",0.079704 milligram,0.32000000000000006 micromole,0.07970400000000001 microliter,C12H16BNO4,[Na+].[Na+].[O-]C([O-])=O,Na2CO3,0.21197599999999997 milligram,2.0 micromole,0.21197600000000003 microliter,CNa2O3,CN1C=NC2=C1C(=O)N(C(=O)N2C)C,caffeine,0.051654806000000004 milligram,0.266 micromole,0.05165480600000002 microliter,C8H10N4O2,O=CN(C)C,DMF,10.26 milligram,140.365278062795 micromole,10.8 microliter,C3H7NO,O,water,1.2000000000000002 milligram,66.6111573688593 micromole,1.2000000000000002 microliter,H2O,Cc1c(-c2ccccc2[N+](=O)[O-])c(N)nn1C(C)C,suzuki_product_0,0.0 milligram,0.0 micromole,0 microliter,C13H16N4O2,Cc1cc(N)nn1C(C)C,dehalogenation_0,0.0 milligram,0.0 micromole,0 microliter,C7H13N3,O=[N+]([O-])c1ccccc1,deborylation_0,0.0 milligram,0.0 micromole,0 microliter,C6H5NO2,CC1=C(C(=NN1C(C)C)N)Br.O=[N+](C1=CC=CC=C1B2OC(C)(C)C(C)(C)O2)[O-]>>Cc1c(-c2ccccc2[N+](=O)[O-])c(N)nn1C(C)C.Cc1cc(N)nn1C(C)C.O=[N+]([O-])c1ccccc1,005_RLN-NB-2443_012_H13,7/7/2023 9:43:35 PM,005_rln-nb-2443_012_h13.raw,2min_150_1200.EXP,005_RLN-NB-2443_012_H13,005_RLN-NB-2443_012_H13,Rxn_Opt_HSST3_2_98,Analog,0,0,0,0,0,0.8459892619835915,0.7415,0,0,0,False,123.03202840392001,1.25,deborylation_0,0,0,0,0,0,40.85534013161934,30.483060518638442,0.8459892619835915,194.9,0.7415,0,0,0,0,0,0,0,0,0,0,0,0,0,0,0,0,0,0,0,0,0,0,0,0,0,0,0,0,0,0,0,0,0,0,0,0.0,0.0,0.0,0.0,0.0,0.0,0.0,0.0,0.0,0.0,0.0,0.0,0.0,0.0,0.0,0.0,0.0,0.0,0.0,0.0,0.0,0.0,0.0
181,H14,CC(C)C1=CC(C(C)C)=CC(C(C)C)=C1C2=C([P+](C3CCCCC3)([Pd-2]4(OS(C)(=O)=O)C(C=CC=C5)=C5C6=C([NH+]4C)C=CC=C6)C7CCCCC7)C=CC=C2,XPhos Pd G4,0.04582130549999999 milligram,0.05325 micromole,0.0458213055 microliter,C47H64NO3PPdS,CC1=C(C(=NN1C(C)C)N)Br,4-BROMO-1-ISOPROPYL-5-METHYL-1H-PYRAZOL-3-AMINE,0.058014068 milligram,0.266 micromole,0.058014068000000016 microliter,C7H12BrN3,O=[N+](C1=CC=CC=C1B2OC(C)(C)C(C)(C)O2)[O-],"4,4,5,5-tetramethyl-2-(2-nitrophenyl)-1,3,2-dioxaborolane",0.079704 milligram,0.32000000000000006 micromole,0.07970400000000001 microliter,C12H16BNO4,[K+].[K+].[K+].[O-]P([O-])([O-])=O,K3PO4,0.42452799999999996 milligram,2.0 micromole,0.42452800000000007 microliter,K3O4P,CN1C=NC2=C1C(=O)N(C(=O)N2C)C,caffeine,0.051654806000000004 milligram,0.266 micromole,0.05165480600000002 microliter,C8H10N4O2,O=CN(C)C,DMF,10.26 milligram,140.365278062795 micromole,10.8 microliter,C3H7NO,O,water,1.2000000000000002 milligram,66.6111573688593 micromole,1.2000000000000002 microliter,H2O,Cc1c(-c2ccccc2[N+](=O)[O-])c(N)nn1C(C)C,suzuki_product_0,0.0 milligram,0.0 micromole,0 microliter,C13H16N4O2,Cc1cc(N)nn1C(C)C,dehalogenation_0,0.0 milligram,0.0 micromole,0 microliter,C7H13N3,O=[N+]([O-])c1ccccc1,deborylation_0,0.0 milligram,0.0 micromole,0 microliter,C6H5NO2,CC1=C(C(=NN1C(C)C)N)Br.O=[N+](C1=CC=CC=C1B2OC(C)(C)C(C)(C)O2)[O-]>>Cc1c(-c2ccccc2[N+](=O)[O-])c(N)nn1C(C)C.Cc1cc(N)nn1C(C)C.O=[N+]([O-])c1ccccc1,005_RLN-NB-2443_012_H14,7/7/2023 9:46:02 PM,005_rln-nb-2443_012_h14.raw,2min_150_1200.EXP,005_RLN-NB-2443_012_H14,005_RLN-NB-2443_012_H14,Rxn_Opt_HSST3_2_98,Analog,0,0,0,0,0,0.8123460866388001,0.7398,0,0,0,False,123.03202840392001,1.25,deborylation_0,0,0,0,0,0,38.54064982420493,37.18114442330782,0.8123460866388001,195,0.7398,0,0,0,0,0,0,0,0,0,0,0,0,0,0,0,0,0,0,0,0,0,0,0,0,0,0,0,0,0,0,0,0,0,0,0,0.0,0.0,0.0,0.0,0.0,0.0,0.0,0.0,0.0,0.0,0.0,0.0,0.0,0.0,0.0,0.0,0.0,0.0,0.0,0.0,0.0,0.0,0.0
182,H15,CC(C)C1=CC(C(C)C)=CC(C(C)C)=C1C2=C([P+](C3CCCCC3)([Pd-2]4(OS(C)(=O)=O)C(C=CC=C5)=C5C6=C([NH+]4C)C=CC=C6)C7CCCCC7)C=CC=C2,XPhos Pd G4,0.04582130549999999 milligram,0.05325 micromole,0.0458213055 microliter,C47H64NO3PPdS,CC1=C(C(=NN1C(C)C)N)Br,4-BROMO-1-ISOPROPYL-5-METHYL-1H-PYRAZOL-3-AMINE,0.058014068 milligram,0.266 micromole,0.058014068000000016 microliter,C7H12BrN3,O=[N+](C1=CC=CC=C1B2OC(C)(C)C(C)(C)O2)[O-],"4,4,5,5-tetramethyl-2-(2-nitrophenyl)-1,3,2-dioxaborolane",0.079704 milligram,0.32000000000000006 micromole,0.07970400000000001 microliter,C12H16BNO4,[Na+].C[Si](C)(C)[O-],NaOTMS,0.22435999999999995 milligram,2.0 micromole,0.22436 microliter,C3H9NaOSi,CN1C=NC2=C1C(=O)N(C(=O)N2C)C,caffeine,0.051654806000000004 milligram,0.266 micromole,0.05165480600000002 microliter,C8H10N4O2,O=CN(C)C,DMF,10.26 milligram,140.365278062795 micromole,10.8 microliter,C3H7NO,O,water,1.2000000000000002 milligram,66.6111573688593 micromole,1.2000000000000002 microliter,H2O,Cc1c(-c2ccccc2[N+](=O)[O-])c(N)nn1C(C)C,suzuki_product_0,0.0 milligram,0.0 micromole,0 microliter,C13H16N4O2,Cc1cc(N)nn1C(C)C,dehalogenation_0,0.0 milligram,0.0 micromole,0 microliter,C7H13N3,O=[N+]([O-])c1ccccc1,deborylation_0,0.0 milligram,0.0 micromole,0 microliter,C6H5NO2,CC1=C(C(=NN1C(C)C)N)Br.O=[N+](C1=CC=CC=C1B2OC(C)(C)C(C)(C)O2)[O-]>>Cc1c(-c2ccccc2[N+](=O)[O-])c(N)nn1C(C)C.Cc1cc(N)nn1C(C)C.O=[N+]([O-])c1ccccc1,005_RLN-NB-2443_012_H15,7/7/2023 9:48:29 PM,005_rln-nb-2443_012_h15.raw,2min_150_1200.EXP,005_RLN-NB-2443_012_H15,005_RLN-NB-2443_012_H15,Rxn_Opt_HSST3_2_98,Analog,0.1082162041034395,0,0.1462414368773386,4.016889734281404,1.0131,1.3513820604680635,0.7415,0,0,0,False,123.03202840392001,1.25,deborylation_0,0,0,0,0,0,63.53396788091842,27.07070787518623,1.3513820604680635,195.3,0.7415,0,0,0,0,0,0,0,0,0,0,7.527062733320949,2.92948924864574,0.1462414368773386,260.9,1.0131,0,0,0,0,0,0,0,0,0,0,0,0,0,0,0,0,0,0,0,0,0.0,0.0,0.0,0.0,0.0,0.0,0.0,0.0,0.0,2.8785510291514908e-05,10.82162041034395,0.0,0.0,0.0,0.0,0.0,0.0,0.0,0.0,0.0,0.0,0.0,0.0
183,H16,CC(C)(C)[P+]([Pd-2]1(C2=C(C3=C(C=CC=C3)[NH+]1C)C=CC=C2)OS(C)(=O)=O)(C(C)(C)C)C(C)(C)C,PtBu3 Pd G4,0.03120913275 milligram,0.05325 micromole,0.031209132750000007 microliter,C26H42NO3PPdS,CC1=C(C(=NN1C(C)C)N)Br,4-BROMO-1-ISOPROPYL-5-METHYL-1H-PYRAZOL-3-AMINE,0.058014068 milligram,0.266 micromole,0.058014068000000016 microliter,C7H12BrN3,O=[N+](C1=CC=CC=C1B2OC(C)(C)C(C)(C)O2)[O-],"4,4,5,5-tetramethyl-2-(2-nitrophenyl)-1,3,2-dioxaborolane",0.079704 milligram,0.32000000000000006 micromole,0.07970400000000001 microliter,C12H16BNO4,[Na+].[Na+].[O-]C([O-])=O,Na2CO3,0.21197599999999997 milligram,2.0 micromole,0.21197600000000003 microliter,CNa2O3,CN1C=NC2=C1C(=O)N(C(=O)N2C)C,caffeine,0.051654806000000004 milligram,0.266 micromole,0.05165480600000002 microliter,C8H10N4O2,O=CN(C)C,DMF,10.26 milligram,140.365278062795 micromole,10.8 microliter,C3H7NO,O,water,1.2000000000000002 milligram,66.6111573688593 micromole,1.2000000000000002 microliter,H2O,Cc1c(-c2ccccc2[N+](=O)[O-])c(N)nn1C(C)C,suzuki_product_0,0.0 milligram,0.0 micromole,0 microliter,C13H16N4O2,Cc1cc(N)nn1C(C)C,dehalogenation_0,0.0 milligram,0.0 micromole,0 microliter,C7H13N3,O=[N+]([O-])c1ccccc1,deborylation_0,0.0 milligram,0.0 micromole,0 microliter,C6H5NO2,CC1=C(C(=NN1C(C)C)N)Br.O=[N+](C1=CC=CC=C1B2OC(C)(C)C(C)(C)O2)[O-]>>Cc1c(-c2ccccc2[N+](=O)[O-])c(N)nn1C(C)C.Cc1cc(N)nn1C(C)C.O=[N+]([O-])c1ccccc1,005_RLN-NB-2443_012_H16,7/7/2023 9:50:55 PM,005_rln-nb-2443_012_h16.raw,2min_150_1200.EXP,005_RLN-NB-2443_012_H16,005_RLN-NB-2443_012_H16,Rxn_Opt_HSST3_2_98,Analog,0,0,0,0,0,0.8018574482294971,0.7415,0,0,0,False,123.03202840392001,1.25,deborylation_0,0,0,0,0,0,38.35516782174105,32.42597449413249,0.8018574482294971,195,0.7415,0,0,0,0,0,0,0,0,0,0,0,0,0,0,0,0,0,0,0,0,0,0,0,0,0,0,0,0,0,0,0,0,0,0,0,0.0,0.0,0.0,0.0,0.0,0.0,0.0,0.0,0.0,0.0,0.0,0.0,0.0,0.0,0.0,0.0,0.0,0.0,0.0,0.0,0.0,0.0,0.0
184,H17,CC(C)(C)[P+]([Pd-2]1(C2=C(C3=C(C=CC=C3)[NH+]1C)C=CC=C2)OS(C)(=O)=O)(C(C)(C)C)C(C)(C)C,PtBu3 Pd G4,0.03120913275 milligram,0.05325 micromole,0.031209132750000007 microliter,C26H42NO3PPdS,CC1=C(C(=NN1C(C)C)N)Br,4-BROMO-1-ISOPROPYL-5-METHYL-1H-PYRAZOL-3-AMINE,0.058014068 milligram,0.266 micromole,0.058014068000000016 microliter,C7H12BrN3,O=[N+](C1=CC=CC=C1B2OC(C)(C)C(C)(C)O2)[O-],"4,4,5,5-tetramethyl-2-(2-nitrophenyl)-1,3,2-dioxaborolane",0.079704 milligram,0.32000000000000006 micromole,0.07970400000000001 microliter,C12H16BNO4,[K+].[K+].[K+].[O-]P([O-])([O-])=O,K3PO4,0.42452799999999996 milligram,2.0 micromole,0.42452800000000007 microliter,K3O4P,CN1C=NC2=C1C(=O)N(C(=O)N2C)C,caffeine,0.051654806000000004 milligram,0.266 micromole,0.05165480600000002 microliter,C8H10N4O2,O=CN(C)C,DMF,10.26 milligram,140.365278062795 micromole,10.8 microliter,C3H7NO,O,water,1.2000000000000002 milligram,66.6111573688593 micromole,1.2000000000000002 microliter,H2O,Cc1c(-c2ccccc2[N+](=O)[O-])c(N)nn1C(C)C,suzuki_product_0,0.0 milligram,0.0 micromole,0 microliter,C13H16N4O2,Cc1cc(N)nn1C(C)C,dehalogenation_0,0.0 milligram,0.0 micromole,0 microliter,C7H13N3,O=[N+]([O-])c1ccccc1,deborylation_0,0.0 milligram,0.0 micromole,0 microliter,C6H5NO2,CC1=C(C(=NN1C(C)C)N)Br.O=[N+](C1=CC=CC=C1B2OC(C)(C)C(C)(C)O2)[O-]>>Cc1c(-c2ccccc2[N+](=O)[O-])c(N)nn1C(C)C.Cc1cc(N)nn1C(C)C.O=[N+]([O-])c1ccccc1,005_RLN-NB-2443_012_H17,7/7/2023 9:53:22 PM,005_rln-nb-2443_012_h17.raw,2min_150_1200.EXP,005_RLN-NB-2443_012_H17,005_RLN-NB-2443_012_H17,Rxn_Opt_HSST3_2_98,Analog,0,0,0,0,0,0.7439876146904025,0.7398,0,0,0,False,123.03202840392001,1.25,deborylation_0,0,0,0,0,0,37.06136131941908,34.42398424596734,0.7439876146904025,195,0.7398,0,0,0,0,0,0,0,0,0,0,0,0,0,0,0,0,0,0,0,0,0,0,0,0,0,0,0,0,0,0,0,0,0,0,0,0.0,0.0,0.0,0.0,0.0,0.0,0.0,0.0,0.0,0.0,0.0,0.0,0.0,0.0,0.0,0.0,0.0,0.0,0.0,0.0,0.0,0.0,0.0
185,H18,CC(C)(C)[P+]([Pd-2]1(C2=C(C3=C(C=CC=C3)[NH+]1C)C=CC=C2)OS(C)(=O)=O)(C(C)(C)C)C(C)(C)C,PtBu3 Pd G4,0.03120913275 milligram,0.05325 micromole,0.031209132750000007 microliter,C26H42NO3PPdS,CC1=C(C(=NN1C(C)C)N)Br,4-BROMO-1-ISOPROPYL-5-METHYL-1H-PYRAZOL-3-AMINE,0.058014068 milligram,0.266 micromole,0.058014068000000016 microliter,C7H12BrN3,O=[N+](C1=CC=CC=C1B2OC(C)(C)C(C)(C)O2)[O-],"4,4,5,5-tetramethyl-2-(2-nitrophenyl)-1,3,2-dioxaborolane",0.079704 milligram,0.32000000000000006 micromole,0.07970400000000001 microliter,C12H16BNO4,[Na+].C[Si](C)(C)[O-],NaOTMS,0.22435999999999995 milligram,2.0 micromole,0.22436 microliter,C3H9NaOSi,CN1C=NC2=C1C(=O)N(C(=O)N2C)C,caffeine,0.051654806000000004 milligram,0.266 micromole,0.05165480600000002 microliter,C8H10N4O2,O=CN(C)C,DMF,10.26 milligram,140.365278062795 micromole,10.8 microliter,C3H7NO,O,water,1.2000000000000002 milligram,66.6111573688593 micromole,1.2000000000000002 microliter,H2O,Cc1c(-c2ccccc2[N+](=O)[O-])c(N)nn1C(C)C,suzuki_product_0,0.0 milligram,0.0 micromole,0 microliter,C13H16N4O2,Cc1cc(N)nn1C(C)C,dehalogenation_0,0.0 milligram,0.0 micromole,0 microliter,C7H13N3,O=[N+]([O-])c1ccccc1,deborylation_0,0.0 milligram,0.0 micromole,0 microliter,C6H5NO2,CC1=C(C(=NN1C(C)C)N)Br.O=[N+](C1=CC=CC=C1B2OC(C)(C)C(C)(C)O2)[O-]>>Cc1c(-c2ccccc2[N+](=O)[O-])c(N)nn1C(C)C.Cc1cc(N)nn1C(C)C.O=[N+]([O-])c1ccccc1,005_RLN-NB-2443_012_H18,7/7/2023 9:55:48 PM,005_rln-nb-2443_012_h18.raw,2min_150_1200.EXP,005_RLN-NB-2443_012_H18,005_RLN-NB-2443_012_H18,Rxn_Opt_HSST3_2_98,Analog,0.3534139153178917,0,0.41975612033914145,9.887327928800302,1.0115,1.187718146190072,0.7398,0,0,0,False,123.03202840392001,1.25,deborylation_0,0,0,0,0,0,57.83330685020253,21.860729303680003,1.187718146190072,194.9,0.7398,0,0,0,0,0,0,0,0,0,0,11.958192083446539,7.725885934918118,0.41975612033914145,260.9,1.0115,0,0,0,0,0,0,0,0,0,0,0,0,0,0,0,0,0,0,0,0,0.0,0.0,0.0,0.0,0.0,0.0,0.0,0.0,0.0,9.40081014745592e-05,35.34139153178917,0.0,0.0,0.0,0.0,0.0,0.0,0.0,0.0,0.0,0.0,0.0,0.0
186,H19,CC(C1=CC=CC(C(C)C)=C1C2=C(C(OC(C)(C)C)=CC=C2OC)[P+]([Pd-2]3(C4=C(C5=C(C=CC=C5)[NH+]3C)C=CC=C4)OS(C)(=O)=O)(C6CCCCC6)C7CCCCC7)C,GPhos Pd G4,0.049019074499999975 milligram,0.05325 micromole,0.04901907449999999 microliter,C49H68NO5PPdS,CC1=C(C(=NN1C(C)C)N)Br,4-BROMO-1-ISOPROPYL-5-METHYL-1H-PYRAZOL-3-AMINE,0.058014068 milligram,0.266 micromole,0.058014068000000016 microliter,C7H12BrN3,O=[N+](C1=CC=CC=C1B2OC(C)(C)C(C)(C)O2)[O-],"4,4,5,5-tetramethyl-2-(2-nitrophenyl)-1,3,2-dioxaborolane",0.079704 milligram,0.32000000000000006 micromole,0.07970400000000001 microliter,C12H16BNO4,[Na+].[Na+].[O-]C([O-])=O,Na2CO3,0.21197599999999997 milligram,2.0 micromole,0.21197600000000003 microliter,CNa2O3,CN1C=NC2=C1C(=O)N(C(=O)N2C)C,caffeine,0.051654806000000004 milligram,0.266 micromole,0.05165480600000002 microliter,C8H10N4O2,O=CN(C)C,DMF,10.26 milligram,140.365278062795 micromole,10.8 microliter,C3H7NO,O,water,1.2000000000000002 milligram,66.6111573688593 micromole,1.2000000000000002 microliter,H2O,Cc1c(-c2ccccc2[N+](=O)[O-])c(N)nn1C(C)C,suzuki_product_0,0.0 milligram,0.0 micromole,0 microliter,C13H16N4O2,Cc1cc(N)nn1C(C)C,dehalogenation_0,0.0 milligram,0.0 micromole,0 microliter,C7H13N3,O=[N+]([O-])c1ccccc1,deborylation_0,0.0 milligram,0.0 micromole,0 microliter,C6H5NO2,CC1=C(C(=NN1C(C)C)N)Br.O=[N+](C1=CC=CC=C1B2OC(C)(C)C(C)(C)O2)[O-]>>Cc1c(-c2ccccc2[N+](=O)[O-])c(N)nn1C(C)C.Cc1cc(N)nn1C(C)C.O=[N+]([O-])c1ccccc1,005_RLN-NB-2443_012_H19,7/7/2023 9:58:15 PM,005_rln-nb-2443_012_h19.raw,2min_150_1200.EXP,005_RLN-NB-2443_012_H19,005_RLN-NB-2443_012_H19,Rxn_Opt_HSST3_2_98,Analog,0,0,0,0,0,0.5722800020150671,0.7381,0,0,0,False,123.03202840392001,1.25,deborylation_0,0,0,0,0,0,27.485271768657885,55.44389388614279,0.5722800020150671,194.9,0.7381,0,0,0,0,0,0,0,0,0,0,0,0,0,0,0,0,0,0,0,0,0,0,0,0,0,0,0,0,0,0,0,0,0,0,0,0.0,0.0,0.0,0.0,0.0,0.0,0.0,0.0,0.0,0.0,0.0,0.0,0.0,0.0,0.0,0.0,0.0,0.0,0.0,0.0,0.0,0.0,0.0
187,H20,CC(C1=CC=CC(C(C)C)=C1C2=C(C(OC(C)(C)C)=CC=C2OC)[P+]([Pd-2]3(C4=C(C5=C(C=CC=C5)[NH+]3C)C=CC=C4)OS(C)(=O)=O)(C6CCCCC6)C7CCCCC7)C,GPhos Pd G4,0.049019074499999975 milligram,0.05325 micromole,0.04901907449999999 microliter,C49H68NO5PPdS,CC1=C(C(=NN1C(C)C)N)Br,4-BROMO-1-ISOPROPYL-5-METHYL-1H-PYRAZOL-3-AMINE,0.058014068 milligram,0.266 micromole,0.058014068000000016 microliter,C7H12BrN3,O=[N+](C1=CC=CC=C1B2OC(C)(C)C(C)(C)O2)[O-],"4,4,5,5-tetramethyl-2-(2-nitrophenyl)-1,3,2-dioxaborolane",0.079704 milligram,0.32000000000000006 micromole,0.07970400000000001 microliter,C12H16BNO4,[K+].[K+].[K+].[O-]P([O-])([O-])=O,K3PO4,0.42452799999999996 milligram,2.0 micromole,0.42452800000000007 microliter,K3O4P,CN1C=NC2=C1C(=O)N(C(=O)N2C)C,caffeine,0.051654806000000004 milligram,0.266 micromole,0.05165480600000002 microliter,C8H10N4O2,O=CN(C)C,DMF,10.26 milligram,140.365278062795 micromole,10.8 microliter,C3H7NO,O,water,1.2000000000000002 milligram,66.6111573688593 micromole,1.2000000000000002 microliter,H2O,Cc1c(-c2ccccc2[N+](=O)[O-])c(N)nn1C(C)C,suzuki_product_0,0.0 milligram,0.0 micromole,0 microliter,C13H16N4O2,Cc1cc(N)nn1C(C)C,dehalogenation_0,0.0 milligram,0.0 micromole,0 microliter,C7H13N3,O=[N+]([O-])c1ccccc1,deborylation_0,0.0 milligram,0.0 micromole,0 microliter,C6H5NO2,CC1=C(C(=NN1C(C)C)N)Br.O=[N+](C1=CC=CC=C1B2OC(C)(C)C(C)(C)O2)[O-]>>Cc1c(-c2ccccc2[N+](=O)[O-])c(N)nn1C(C)C.Cc1cc(N)nn1C(C)C.O=[N+]([O-])c1ccccc1,005_RLN-NB-2443_012_H20,7/7/2023 10:00:42 PM,005_rln-nb-2443_012_h20.raw,2min_150_1200.EXP,005_RLN-NB-2443_012_H20,005_RLN-NB-2443_012_H20,Rxn_Opt_HSST3_2_98,Analog,0,0,0,0,0,0.8825146758683695,0.7415,0,0,0,False,123.03202840392001,1.25,deborylation_0,0,0,0,0,0,42.594856573559134,50.35067088520344,0.8825146758683695,194.9,0.7415,0,0,0,0,0,0,0,0,0,0,0,0,0,0,0,0,0,0,0,0,0,0,0,0,0,0,0,0,0,0,0,0,0,0,0,0.0,0.0,0.0,0.0,0.0,0.0,0.0,0.0,0.0,0.0,0.0,0.0,0.0,0.0,0.0,0.0,0.0,0.0,0.0,0.0,0.0,0.0,0.0
188,H21,CC(C1=CC=CC(C(C)C)=C1C2=C(C(OC(C)(C)C)=CC=C2OC)[P+]([Pd-2]3(C4=C(C5=C(C=CC=C5)[NH+]3C)C=CC=C4)OS(C)(=O)=O)(C6CCCCC6)C7CCCCC7)C,GPhos Pd G4,0.049019074499999975 milligram,0.05325 micromole,0.04901907449999999 microliter,C49H68NO5PPdS,CC1=C(C(=NN1C(C)C)N)Br,4-BROMO-1-ISOPROPYL-5-METHYL-1H-PYRAZOL-3-AMINE,0.058014068 milligram,0.266 micromole,0.058014068000000016 microliter,C7H12BrN3,O=[N+](C1=CC=CC=C1B2OC(C)(C)C(C)(C)O2)[O-],"4,4,5,5-tetramethyl-2-(2-nitrophenyl)-1,3,2-dioxaborolane",0.079704 milligram,0.32000000000000006 micromole,0.07970400000000001 microliter,C12H16BNO4,[Na+].C[Si](C)(C)[O-],NaOTMS,0.22435999999999995 milligram,2.0 micromole,0.22436 microliter,C3H9NaOSi,CN1C=NC2=C1C(=O)N(C(=O)N2C)C,caffeine,0.051654806000000004 milligram,0.266 micromole,0.05165480600000002 microliter,C8H10N4O2,O=CN(C)C,DMF,10.26 milligram,140.365278062795 micromole,10.8 microliter,C3H7NO,O,water,1.2000000000000002 milligram,66.6111573688593 micromole,1.2000000000000002 microliter,H2O,Cc1c(-c2ccccc2[N+](=O)[O-])c(N)nn1C(C)C,suzuki_product_0,0.0 milligram,0.0 micromole,0 microliter,C13H16N4O2,Cc1cc(N)nn1C(C)C,dehalogenation_0,0.0 milligram,0.0 micromole,0 microliter,C7H13N3,O=[N+]([O-])c1ccccc1,deborylation_0,0.0 milligram,0.0 micromole,0 microliter,C6H5NO2,CC1=C(C(=NN1C(C)C)N)Br.O=[N+](C1=CC=CC=C1B2OC(C)(C)C(C)(C)O2)[O-]>>Cc1c(-c2ccccc2[N+](=O)[O-])c(N)nn1C(C)C.Cc1cc(N)nn1C(C)C.O=[N+]([O-])c1ccccc1,005_RLN-NB-2443_012_H21,7/7/2023 10:03:09 PM,005_rln-nb-2443_012_h21.raw,2min_150_1200.EXP,005_RLN-NB-2443_012_H21,005_RLN-NB-2443_012_H21,Rxn_Opt_HSST3_2_98,Analog,0,0,0,0,0,1.0312135431226386,0.7415,0,0,0,False,123.03202840392001,1.25,deborylation_0,0,0,0,0,0,47.6186269697831,19.234232829121467,1.0312135431226386,195,0.7415,0,0,0,0,0,0,0,0,0,0,0,0,0,0,0,0,0,0,0,0,0,0,0,0,0,0,0,0,0,0,0,0,0,0,0,0.0,0.0,0.0,0.0,0.0,0.0,0.0,0.0,0.0,0.0,0.0,0.0,0.0,0.0,0.0,0.0,0.0,0.0,0.0,0.0,0.0,0.0,0.0
189,H22,Cl[Pd]Cl.CC1(C)c2cccc(P(c3ccccc3)c4ccccc4)c2Oc5c(cccc15)P(c6ccccc6)c7ccccc7,PdCl2(XantPhos),0.04025476350000001 milligram,0.05325 micromole,0.04025476350000002 microliter,C39H32Cl2OP2Pd,CC1=C(C(=NN1C(C)C)N)Br,4-BROMO-1-ISOPROPYL-5-METHYL-1H-PYRAZOL-3-AMINE,0.058014068 milligram,0.266 micromole,0.058014068000000016 microliter,C7H12BrN3,O=[N+](C1=CC=CC=C1B2OC(C)(C)C(C)(C)O2)[O-],"4,4,5,5-tetramethyl-2-(2-nitrophenyl)-1,3,2-dioxaborolane",0.079704 milligram,0.32000000000000006 micromole,0.07970400000000001 microliter,C12H16BNO4,[Na+].[Na+].[O-]C([O-])=O,Na2CO3,0.21197599999999997 milligram,2.0 micromole,0.21197600000000003 microliter,CNa2O3,CN1C=NC2=C1C(=O)N(C(=O)N2C)C,caffeine,0.051654806000000004 milligram,0.266 micromole,0.05165480600000002 microliter,C8H10N4O2,O=CN(C)C,DMF,10.26 milligram,140.365278062795 micromole,10.8 microliter,C3H7NO,O,water,1.2000000000000002 milligram,66.6111573688593 micromole,1.2000000000000002 microliter,H2O,Cc1c(-c2ccccc2[N+](=O)[O-])c(N)nn1C(C)C,suzuki_product_0,0.0 milligram,0.0 micromole,0 microliter,C13H16N4O2,Cc1cc(N)nn1C(C)C,dehalogenation_0,0.0 milligram,0.0 micromole,0 microliter,C7H13N3,O=[N+]([O-])c1ccccc1,deborylation_0,0.0 milligram,0.0 micromole,0 microliter,C6H5NO2,CC1=C(C(=NN1C(C)C)N)Br.O=[N+](C1=CC=CC=C1B2OC(C)(C)C(C)(C)O2)[O-]>>Cc1c(-c2ccccc2[N+](=O)[O-])c(N)nn1C(C)C.Cc1cc(N)nn1C(C)C.O=[N+]([O-])c1ccccc1,005_RLN-NB-2443_012_H22,7/7/2023 10:05:36 PM,005_rln-nb-2443_012_h22.raw,2min_150_1200.EXP,005_RLN-NB-2443_012_H22,005_RLN-NB-2443_012_H22,Rxn_Opt_HSST3_2_98,Analog,0,0,0,0,0,1.0841678553363494,0.7398,0,0,0,False,123.03202840392001,1.25,deborylation_0,0,0,0,0,0,52.57873228574125,22.16478243065226,1.0841678553363494,194.9,0.7398,0,0,0,0,0,0,0,0,0,0,0,0,0,0,0,0,0,0,0,0,0,0,0,0,0,0,0,0,0,0,0,0,0,0,0,0.0,0.0,0.0,0.0,0.0,0.0,0.0,0.0,0.0,0.0,0.0,0.0,0.0,0.0,0.0,0.0,0.0,0.0,0.0,0.0,0.0,0.0,0.0
190,H23,Cl[Pd]Cl.CC1(C)c2cccc(P(c3ccccc3)c4ccccc4)c2Oc5c(cccc15)P(c6ccccc6)c7ccccc7,PdCl2(XantPhos),0.04025476350000001 milligram,0.05325 micromole,0.04025476350000002 microliter,C39H32Cl2OP2Pd,CC1=C(C(=NN1C(C)C)N)Br,4-BROMO-1-ISOPROPYL-5-METHYL-1H-PYRAZOL-3-AMINE,0.058014068 milligram,0.266 micromole,0.058014068000000016 microliter,C7H12BrN3,O=[N+](C1=CC=CC=C1B2OC(C)(C)C(C)(C)O2)[O-],"4,4,5,5-tetramethyl-2-(2-nitrophenyl)-1,3,2-dioxaborolane",0.079704 milligram,0.32000000000000006 micromole,0.07970400000000001 microliter,C12H16BNO4,[K+].[K+].[K+].[O-]P([O-])([O-])=O,K3PO4,0.42452799999999996 milligram,2.0 micromole,0.42452800000000007 microliter,K3O4P,CN1C=NC2=C1C(=O)N(C(=O)N2C)C,caffeine,0.051654806000000004 milligram,0.266 micromole,0.05165480600000002 microliter,C8H10N4O2,O=CN(C)C,DMF,10.26 milligram,140.365278062795 micromole,10.8 microliter,C3H7NO,O,water,1.2000000000000002 milligram,66.6111573688593 micromole,1.2000000000000002 microliter,H2O,Cc1c(-c2ccccc2[N+](=O)[O-])c(N)nn1C(C)C,suzuki_product_0,0.0 milligram,0.0 micromole,0 microliter,C13H16N4O2,Cc1cc(N)nn1C(C)C,dehalogenation_0,0.0 milligram,0.0 micromole,0 microliter,C7H13N3,O=[N+]([O-])c1ccccc1,deborylation_0,0.0 milligram,0.0 micromole,0 microliter,C6H5NO2,CC1=C(C(=NN1C(C)C)N)Br.O=[N+](C1=CC=CC=C1B2OC(C)(C)C(C)(C)O2)[O-]>>Cc1c(-c2ccccc2[N+](=O)[O-])c(N)nn1C(C)C.Cc1cc(N)nn1C(C)C.O=[N+]([O-])c1ccccc1,005_RLN-NB-2443_012_H23,7/7/2023 10:08:04 PM,005_rln-nb-2443_012_h23.raw,2min_150_1200.EXP,005_RLN-NB-2443_012_H23,005_RLN-NB-2443_012_H23,Rxn_Opt_HSST3_2_98,Analog,0,0,0,0,0,0.8746194322218903,0.7415,0,0,0,False,123.03202840392001,1.25,deborylation_0,0,0,0,0,0,41.078749425121124,30.139391585649385,0.8746194322218903,194.9,0.7415,0,0,0,0,0,0,0,0,0,0,0,0,0,0,0,0,0,0,0,0,0,0,0,0,0,0,0,0,0,0,0,0,0,0,0,0.0,0.0,0.0,0.0,0.0,0.0,0.0,0.0,0.0,0.0,0.0,0.0,0.0,0.0,0.0,0.0,0.0,0.0,0.0,0.0,0.0,0.0,0.0
191,H24,Cl[Pd]Cl.CC1(C)c2cccc(P(c3ccccc3)c4ccccc4)c2Oc5c(cccc15)P(c6ccccc6)c7ccccc7,PdCl2(XantPhos),0.04025476350000001 milligram,0.05325 micromole,0.04025476350000002 microliter,C39H32Cl2OP2Pd,CC1=C(C(=NN1C(C)C)N)Br,4-BROMO-1-ISOPROPYL-5-METHYL-1H-PYRAZOL-3-AMINE,0.058014068 milligram,0.266 micromole,0.058014068000000016 microliter,C7H12BrN3,O=[N+](C1=CC=CC=C1B2OC(C)(C)C(C)(C)O2)[O-],"4,4,5,5-tetramethyl-2-(2-nitrophenyl)-1,3,2-dioxaborolane",0.079704 milligram,0.32000000000000006 micromole,0.07970400000000001 microliter,C12H16BNO4,[Na+].C[Si](C)(C)[O-],NaOTMS,0.22435999999999995 milligram,2.0 micromole,0.22436 microliter,C3H9NaOSi,CN1C=NC2=C1C(=O)N(C(=O)N2C)C,caffeine,0.051654806000000004 milligram,0.266 micromole,0.05165480600000002 microliter,C8H10N4O2,O=CN(C)C,DMF,10.26 milligram,140.365278062795 micromole,10.8 microliter,C3H7NO,O,water,1.2000000000000002 milligram,66.6111573688593 micromole,1.2000000000000002 microliter,H2O,Cc1c(-c2ccccc2[N+](=O)[O-])c(N)nn1C(C)C,suzuki_product_0,0.0 milligram,0.0 micromole,0 microliter,C13H16N4O2,Cc1cc(N)nn1C(C)C,dehalogenation_0,0.0 milligram,0.0 micromole,0 microliter,C7H13N3,O=[N+]([O-])c1ccccc1,deborylation_0,0.0 milligram,0.0 micromole,0 microliter,C6H5NO2,CC1=C(C(=NN1C(C)C)N)Br.O=[N+](C1=CC=CC=C1B2OC(C)(C)C(C)(C)O2)[O-]>>Cc1c(-c2ccccc2[N+](=O)[O-])c(N)nn1C(C)C.Cc1cc(N)nn1C(C)C.O=[N+]([O-])c1ccccc1,005_RLN-NB-2443_012_H24,7/7/2023 10:10:30 PM,005_rln-nb-2443_012_h24.raw,2min_150_1200.EXP,005_RLN-NB-2443_012_H24,005_RLN-NB-2443_012_H24,Rxn_Opt_HSST3_2_98,Analog,0,0,0,0,0,1.4803283088812713,0.7398,0,0,0,False,123.03202840392001,1.25,deborylation_0,0,0,0,0,0,66.66279437682785,24.689425735736272,1.4803283088812713,194.9,0.7398,0,0,0,0,0,0,0,0,0,0,0,0,0,0,0,0,0,0,0,0,0,0,0,0,0,0,0,0,0,0,0,0,0,0,0,0.0,0.0,0.0,0.0,0.0,0.0,0.0,0.0,0.0,0.0,0.0,0.0,0.0,0.0,0.0,0.0,0.0,0.0,0.0,0.0,0.0,0.0,0.0
192,I1,CC(C)C1=CC(C(C)C)=CC(C(C)C)=C1C2=C([P+](C3CCCCC3)([Pd-2]4(OS(C)(=O)=O)C(C=CC=C5)=C5C6=C([NH+]4C)C=CC=C6)C7CCCCC7)C=CC=C2,XPhos Pd G4,0.04582130549999999 milligram,0.05325 micromole,0.0458213055 microliter,C47H64NO3PPdS,COC1=C(N)C(Cl)=NC=N1,4-chloro-6-methoxypyrimidin-5-amine,0.04244721600000001 milligram,0.266 micromole,0.04244721600000002 microliter,C5H6ClN3O,O=C(O)C1=CC=CC(B2OC(C)(C)C(C)(C)O2)=C1,"3-(tetramethyl-1,3,2-dioxaborolan-2-yl)benzoic acid",0.07938784 milligram,0.32000000000000006 micromole,0.07938784000000002 microliter,C13H17BO4,[Na+].[Na+].[O-]C([O-])=O,Na2CO3,0.21197599999999997 milligram,2.0 micromole,0.21197600000000003 microliter,CNa2O3,CN1C=NC2=C1C(=O)N(C(=O)N2C)C,caffeine,0.051654806000000004 milligram,0.266 micromole,0.05165480600000002 microliter,C8H10N4O2,O=CN(C)C,DMF,10.26 milligram,140.365278062795 micromole,10.8 microliter,C3H7NO,O,water,1.2000000000000002 milligram,66.6111573688593 micromole,1.2000000000000002 microliter,H2O,COc1ncnc(-c2cccc(C(=O)O)c2)c1N,suzuki_product_0,0.0 milligram,0.0 micromole,0 microliter,C12H11N3O3,COc1ncncc1N,dehalogenation_0,0.0 milligram,0.0 micromole,0 microliter,C5H7N3O,O=C(O)c1ccccc1,deborylation_0,0.0 milligram,0.0 micromole,0 microliter,C7H6O2,COC1=C(N)C(Cl)=NC=N1.O=C(O)C1=CC=CC(B2OC(C)(C)C(C)(C)O2)=C1>>COc1ncnc(-c2cccc(C(=O)O)c2)c1N.COc1ncncc1N.O=C(O)c1ccccc1,005_RLN-NB-2443_012_I1,7/7/2023 10:12:57 PM,005_rln-nb-2443_012_i1.raw,2min_150_1200.EXP,005_RLN-NB-2443_012_I1,005_RLN-NB-2443_012_I1,Rxn_Opt_HSST3_2_98,Analog,0.4629031912509007,0,0.4349299575078427,12.390093309647494,0.8031,0.9395700131868479,0.7415,0.4349299575078427,0.8031,0,False,122.03677943156,1.25,deborylation_0,17.749908001383115,9.773983336110664,0.4349299575078427,245.9,0.8031,46.44146371704108,21.11453003747605,0.9395700131868479,194.9,0.7415,0,0,0,0,0,0,0,0,0,0,17.749908001383115,9.773983336110664,0.4349299575078427,245.9,0.8031,0,0,0,0,0,0,0,0,0,0,0,0,0,0,0,0,0,0,0,0,0.0,0.0,0.0,0.0,0.0,0.00012313224887273958,46.290319125090065,0.0,0.0,0.00012313224887273958,46.290319125090065,0.0,0.0,0.0,0.0,0.0,0.0,0.0,0.0,0.0,0.0,0.0,0.0
193,I2,CC(C)C1=CC(C(C)C)=CC(C(C)C)=C1C2=C([P+](C3CCCCC3)([Pd-2]4(OS(C)(=O)=O)C(C=CC=C5)=C5C6=C([NH+]4C)C=CC=C6)C7CCCCC7)C=CC=C2,XPhos Pd G4,0.04582130549999999 milligram,0.05325 micromole,0.0458213055 microliter,C47H64NO3PPdS,COC1=C(N)C(Cl)=NC=N1,4-chloro-6-methoxypyrimidin-5-amine,0.04244721600000001 milligram,0.266 micromole,0.04244721600000002 microliter,C5H6ClN3O,O=C(O)C1=CC=CC(B2OC(C)(C)C(C)(C)O2)=C1,"3-(tetramethyl-1,3,2-dioxaborolan-2-yl)benzoic acid",0.07938784 milligram,0.32000000000000006 micromole,0.07938784000000002 microliter,C13H17BO4,[K+].[K+].[K+].[O-]P([O-])([O-])=O,K3PO4,0.42452799999999996 milligram,2.0 micromole,0.42452800000000007 microliter,K3O4P,CN1C=NC2=C1C(=O)N(C(=O)N2C)C,caffeine,0.051654806000000004 milligram,0.266 micromole,0.05165480600000002 microliter,C8H10N4O2,O=CN(C)C,DMF,10.26 milligram,140.365278062795 micromole,10.8 microliter,C3H7NO,O,water,1.2000000000000002 milligram,66.6111573688593 micromole,1.2000000000000002 microliter,H2O,COc1ncnc(-c2cccc(C(=O)O)c2)c1N,suzuki_product_0,0.0 milligram,0.0 micromole,0 microliter,C12H11N3O3,COc1ncncc1N,dehalogenation_0,0.0 milligram,0.0 micromole,0 microliter,C5H7N3O,O=C(O)c1ccccc1,deborylation_0,0.0 milligram,0.0 micromole,0 microliter,C7H6O2,COC1=C(N)C(Cl)=NC=N1.O=C(O)C1=CC=CC(B2OC(C)(C)C(C)(C)O2)=C1>>COc1ncnc(-c2cccc(C(=O)O)c2)c1N.COc1ncncc1N.O=C(O)c1ccccc1,005_RLN-NB-2443_012_I2,7/7/2023 10:15:24 PM,005_rln-nb-2443_012_i2.raw,2min_150_1200.EXP,005_RLN-NB-2443_012_I2,005_RLN-NB-2443_012_I2,Rxn_Opt_HSST3_2_98,Analog,2.118789193031372,0,1.835014060325892,40.5776599249068,0.8048,0.8660673116330747,0.7415,1.835014060325892,0.8048,0,False,122.03677943156,1.25,deborylation_0,76.54091380816267,34.05556218431251,1.835014060325892,245.9,0.8048,42.104956556476246,16.073124356269204,0.8660673116330747,194.9,0.7415,0,0,0,0,0,0,0,0,0,0,76.54091380816267,34.05556218431251,1.835014060325892,245.9,0.8048,0,0,0,0,0,0,0,0,0,0,0,0,0,0,0,0,0,0,0,0,0.0,0.0,0.0,0.0,0.0,0.0005635979253463449,211.8789193031372,0.0,0.0,0.0005635979253463449,211.8789193031372,0.0,0.0,0.0,0.0,0.0,0.0,0.0,0.0,0.0,0.0,0.0,0.0
194,I3,CC(C)C1=CC(C(C)C)=CC(C(C)C)=C1C2=C([P+](C3CCCCC3)([Pd-2]4(OS(C)(=O)=O)C(C=CC=C5)=C5C6=C([NH+]4C)C=CC=C6)C7CCCCC7)C=CC=C2,XPhos Pd G4,0.04582130549999999 milligram,0.05325 micromole,0.0458213055 microliter,C47H64NO3PPdS,COC1=C(N)C(Cl)=NC=N1,4-chloro-6-methoxypyrimidin-5-amine,0.04244721600000001 milligram,0.266 micromole,0.04244721600000002 microliter,C5H6ClN3O,O=C(O)C1=CC=CC(B2OC(C)(C)C(C)(C)O2)=C1,"3-(tetramethyl-1,3,2-dioxaborolan-2-yl)benzoic acid",0.07938784 milligram,0.32000000000000006 micromole,0.07938784000000002 microliter,C13H17BO4,[Na+].C[Si](C)(C)[O-],NaOTMS,0.22435999999999995 milligram,2.0 micromole,0.22436 microliter,C3H9NaOSi,CN1C=NC2=C1C(=O)N(C(=O)N2C)C,caffeine,0.051654806000000004 milligram,0.266 micromole,0.05165480600000002 microliter,C8H10N4O2,O=CN(C)C,DMF,10.26 milligram,140.365278062795 micromole,10.8 microliter,C3H7NO,O,water,1.2000000000000002 milligram,66.6111573688593 micromole,1.2000000000000002 microliter,H2O,COc1ncnc(-c2cccc(C(=O)O)c2)c1N,suzuki_product_0,0.0 milligram,0.0 micromole,0 microliter,C12H11N3O3,COc1ncncc1N,dehalogenation_0,0.0 milligram,0.0 micromole,0 microliter,C5H7N3O,O=C(O)c1ccccc1,deborylation_0,0.0 milligram,0.0 micromole,0 microliter,C7H6O2,COC1=C(N)C(Cl)=NC=N1.O=C(O)C1=CC=CC(B2OC(C)(C)C(C)(C)O2)=C1>>COc1ncnc(-c2cccc(C(=O)O)c2)c1N.COc1ncncc1N.O=C(O)c1ccccc1,005_RLN-NB-2443_012_I3,7/7/2023 10:17:51 PM,005_rln-nb-2443_012_i3.raw,2min_150_1200.EXP,005_RLN-NB-2443_012_I3,005_RLN-NB-2443_012_I3,Rxn_Opt_HSST3_2_98,Analog,1.936178712441056,0,1.2800401429635062,26.415564150277792,0.8065,0.6611167320136906,0.7415,1.2800401429635062,0.8065,0,False,122.03677943156,1.25,deborylation_0,51.84006361571761,23.244309617407588,1.2800401429635062,246,0.8065,33.43961280646473,12.005250067077796,0.6611167320136906,195,0.7415,0,0,0,0,0,0,0,0,0,0,51.84006361571761,23.244309617407588,1.2800401429635062,246,0.8065,0,0,0,0,0,0,0,0,0,0,0,0,0,0,0,0,0,0,0,0,0.0,0.0,0.0,0.0,0.0,0.000515023537509321,193.61787124410563,0.0,0.0,0.000515023537509321,193.61787124410563,0.0,0.0,0.0,0.0,0.0,0.0,0.0,0.0,0.0,0.0,0.0,0.0
195,I4,CC(C)(C)[P+]([Pd-2]1(C2=C(C3=C(C=CC=C3)[NH+]1C)C=CC=C2)OS(C)(=O)=O)(C(C)(C)C)C(C)(C)C,PtBu3 Pd G4,0.03120913275 milligram,0.05325 micromole,0.031209132750000007 microliter,C26H42NO3PPdS,COC1=C(N)C(Cl)=NC=N1,4-chloro-6-methoxypyrimidin-5-amine,0.04244721600000001 milligram,0.266 micromole,0.04244721600000002 microliter,C5H6ClN3O,O=C(O)C1=CC=CC(B2OC(C)(C)C(C)(C)O2)=C1,"3-(tetramethyl-1,3,2-dioxaborolan-2-yl)benzoic acid",0.07938784 milligram,0.32000000000000006 micromole,0.07938784000000002 microliter,C13H17BO4,[Na+].[Na+].[O-]C([O-])=O,Na2CO3,0.21197599999999997 milligram,2.0 micromole,0.21197600000000003 microliter,CNa2O3,CN1C=NC2=C1C(=O)N(C(=O)N2C)C,caffeine,0.051654806000000004 milligram,0.266 micromole,0.05165480600000002 microliter,C8H10N4O2,O=CN(C)C,DMF,10.26 milligram,140.365278062795 micromole,10.8 microliter,C3H7NO,O,water,1.2000000000000002 milligram,66.6111573688593 micromole,1.2000000000000002 microliter,H2O,COc1ncnc(-c2cccc(C(=O)O)c2)c1N,suzuki_product_0,0.0 milligram,0.0 micromole,0 microliter,C12H11N3O3,COc1ncncc1N,dehalogenation_0,0.0 milligram,0.0 micromole,0 microliter,C5H7N3O,O=C(O)c1ccccc1,deborylation_0,0.0 milligram,0.0 micromole,0 microliter,C7H6O2,COC1=C(N)C(Cl)=NC=N1.O=C(O)C1=CC=CC(B2OC(C)(C)C(C)(C)O2)=C1>>COc1ncnc(-c2cccc(C(=O)O)c2)c1N.COc1ncncc1N.O=C(O)c1ccccc1,005_RLN-NB-2443_012_I4,7/7/2023 10:20:18 PM,005_rln-nb-2443_012_i4.raw,2min_150_1200.EXP,005_RLN-NB-2443_012_I4,005_RLN-NB-2443_012_I4,Rxn_Opt_HSST3_2_98,Analog,1.1587977280706994,0,2.364623795440964,29.13997275295226,0.8048,2.0405837344692275,0.7415,2.364623795440964,0.8048,0,False,122.03677943156,1.25,deborylation_0,95.93888803526555,23.28464588857467,2.364623795440964,246,0.8048,87.35870929094435,20.0937966346738,2.0405837344692275,194.9,0.7415,0,0,0,0,0,0,0,0,0,0,95.93888803526555,23.28464588857467,2.364623795440964,246,0.8048,0,0,0,0,0,0,0,0,0,0,0,0,0,0,0,0,0,0,0,0,0.0,0.0,0.0,0.0,0.0,0.00030824019566680604,115.87977280706994,0.0,0.0,0.00030824019566680604,115.87977280706994,0.0,0.0,0.0,0.0,0.0,0.0,0.0,0.0,0.0,0.0,0.0,0.0
196,I5,CC(C)(C)[P+]([Pd-2]1(C2=C(C3=C(C=CC=C3)[NH+]1C)C=CC=C2)OS(C)(=O)=O)(C(C)(C)C)C(C)(C)C,PtBu3 Pd G4,0.03120913275 milligram,0.05325 micromole,0.031209132750000007 microliter,C26H42NO3PPdS,COC1=C(N)C(Cl)=NC=N1,4-chloro-6-methoxypyrimidin-5-amine,0.04244721600000001 milligram,0.266 micromole,0.04244721600000002 microliter,C5H6ClN3O,O=C(O)C1=CC=CC(B2OC(C)(C)C(C)(C)O2)=C1,"3-(tetramethyl-1,3,2-dioxaborolan-2-yl)benzoic acid",0.07938784 milligram,0.32000000000000006 micromole,0.07938784000000002 microliter,C13H17BO4,[K+].[K+].[K+].[O-]P([O-])([O-])=O,K3PO4,0.42452799999999996 milligram,2.0 micromole,0.42452800000000007 microliter,K3O4P,CN1C=NC2=C1C(=O)N(C(=O)N2C)C,caffeine,0.051654806000000004 milligram,0.266 micromole,0.05165480600000002 microliter,C8H10N4O2,O=CN(C)C,DMF,10.26 milligram,140.365278062795 micromole,10.8 microliter,C3H7NO,O,water,1.2000000000000002 milligram,66.6111573688593 micromole,1.2000000000000002 microliter,H2O,COc1ncnc(-c2cccc(C(=O)O)c2)c1N,suzuki_product_0,0.0 milligram,0.0 micromole,0 microliter,C12H11N3O3,COc1ncncc1N,dehalogenation_0,0.0 milligram,0.0 micromole,0 microliter,C5H7N3O,O=C(O)c1ccccc1,deborylation_0,0.0 milligram,0.0 micromole,0 microliter,C7H6O2,COC1=C(N)C(Cl)=NC=N1.O=C(O)C1=CC=CC(B2OC(C)(C)C(C)(C)O2)=C1>>COc1ncnc(-c2cccc(C(=O)O)c2)c1N.COc1ncncc1N.O=C(O)c1ccccc1,005_RLN-NB-2443_012_I5,7/7/2023 10:22:45 PM,005_rln-nb-2443_012_i5.raw,2min_150_1200.EXP,005_RLN-NB-2443_012_I5,005_RLN-NB-2443_012_I5,Rxn_Opt_HSST3_2_98,Analog,1.9532002231389292,0,1.5211905348524395,34.007652351595226,0.8031,0.7788195581955136,0.7398,0,0,0,False,122.03677943156,1.25,deborylation_0,63.051988536236706,28.96456097523198,1.5211905348524395,245.9,0.8031,37.443775257542654,14.829284080606906,0.7788195581955136,195,0.7398,0,0,0,0,0,0,0,0,0,0,63.051988536236706,28.96456097523198,1.5211905348524395,245.9,0.8031,0,0,0,0,0,0,0,0,0,0,0,0,0,0,0,0,0,0,0,0,0.0,0.0,0.0,0.0,0.0,0.0005195512593549552,195.3200223138929,0.0,0.0,0.0005195512593549552,195.3200223138929,0.0,0.0,0.0,0.0,0.0,0.0,0.0,0.0,0.0,0.0,0.0,0.0
197,I6,CC(C)(C)[P+]([Pd-2]1(C2=C(C3=C(C=CC=C3)[NH+]1C)C=CC=C2)OS(C)(=O)=O)(C(C)(C)C)C(C)(C)C,PtBu3 Pd G4,0.03120913275 milligram,0.05325 micromole,0.031209132750000007 microliter,C26H42NO3PPdS,COC1=C(N)C(Cl)=NC=N1,4-chloro-6-methoxypyrimidin-5-amine,0.04244721600000001 milligram,0.266 micromole,0.04244721600000002 microliter,C5H6ClN3O,O=C(O)C1=CC=CC(B2OC(C)(C)C(C)(C)O2)=C1,"3-(tetramethyl-1,3,2-dioxaborolan-2-yl)benzoic acid",0.07938784 milligram,0.32000000000000006 micromole,0.07938784000000002 microliter,C13H17BO4,[Na+].C[Si](C)(C)[O-],NaOTMS,0.22435999999999995 milligram,2.0 micromole,0.22436 microliter,C3H9NaOSi,CN1C=NC2=C1C(=O)N(C(=O)N2C)C,caffeine,0.051654806000000004 milligram,0.266 micromole,0.05165480600000002 microliter,C8H10N4O2,O=CN(C)C,DMF,10.26 milligram,140.365278062795 micromole,10.8 microliter,C3H7NO,O,water,1.2000000000000002 milligram,66.6111573688593 micromole,1.2000000000000002 microliter,H2O,COc1ncnc(-c2cccc(C(=O)O)c2)c1N,suzuki_product_0,0.0 milligram,0.0 micromole,0 microliter,C12H11N3O3,COc1ncncc1N,dehalogenation_0,0.0 milligram,0.0 micromole,0 microliter,C5H7N3O,O=C(O)c1ccccc1,deborylation_0,0.0 milligram,0.0 micromole,0 microliter,C7H6O2,COC1=C(N)C(Cl)=NC=N1.O=C(O)C1=CC=CC(B2OC(C)(C)C(C)(C)O2)=C1>>COc1ncnc(-c2cccc(C(=O)O)c2)c1N.COc1ncncc1N.O=C(O)c1ccccc1,005_RLN-NB-2443_012_I6,7/7/2023 10:25:12 PM,005_rln-nb-2443_012_i6.raw,2min_150_1200.EXP,005_RLN-NB-2443_012_I6,005_RLN-NB-2443_012_I6,Rxn_Opt_HSST3_2_98,Analog,1.3657614909637377,0,1.1446574758353834,22.699851989308492,0.8065,0.8381093502846282,0.7398,0,0,0,False,122.03677943156,1.25,deborylation_0,46.31523959951787,19.464692412070512,1.1446574758353834,245.9,0.8065,41.855116669942554,14.251897231584278,0.8381093502846282,195,0.7398,0,0,0,0,0,0,0,0,0,0,46.31523959951787,19.464692412070512,1.1446574758353834,245.9,0.8065,0,0,0,0,0,0,0,0,0,0,0,0,0,0,0,0,0,0,0,0,0.0,0.0,0.0,0.0,0.0,0.0003632925565963542,136.57614909637377,0.0,0.0,0.0003632925565963542,136.57614909637377,0.0,0.0,0.0,0.0,0.0,0.0,0.0,0.0,0.0,0.0,0.0,0.0
198,I7,CC(C1=CC=CC(C(C)C)=C1C2=C(C(OC(C)(C)C)=CC=C2OC)[P+]([Pd-2]3(C4=C(C5=C(C=CC=C5)[NH+]3C)C=CC=C4)OS(C)(=O)=O)(C6CCCCC6)C7CCCCC7)C,GPhos Pd G4,0.049019074499999975 milligram,0.05325 micromole,0.04901907449999999 microliter,C49H68NO5PPdS,COC1=C(N)C(Cl)=NC=N1,4-chloro-6-methoxypyrimidin-5-amine,0.04244721600000001 milligram,0.266 micromole,0.04244721600000002 microliter,C5H6ClN3O,O=C(O)C1=CC=CC(B2OC(C)(C)C(C)(C)O2)=C1,"3-(tetramethyl-1,3,2-dioxaborolan-2-yl)benzoic acid",0.07938784 milligram,0.32000000000000006 micromole,0.07938784000000002 microliter,C13H17BO4,[Na+].[Na+].[O-]C([O-])=O,Na2CO3,0.21197599999999997 milligram,2.0 micromole,0.21197600000000003 microliter,CNa2O3,CN1C=NC2=C1C(=O)N(C(=O)N2C)C,caffeine,0.051654806000000004 milligram,0.266 micromole,0.05165480600000002 microliter,C8H10N4O2,O=CN(C)C,DMF,10.26 milligram,140.365278062795 micromole,10.8 microliter,C3H7NO,O,water,1.2000000000000002 milligram,66.6111573688593 micromole,1.2000000000000002 microliter,H2O,COc1ncnc(-c2cccc(C(=O)O)c2)c1N,suzuki_product_0,0.0 milligram,0.0 micromole,0 microliter,C12H11N3O3,COc1ncncc1N,dehalogenation_0,0.0 milligram,0.0 micromole,0 microliter,C5H7N3O,O=C(O)c1ccccc1,deborylation_0,0.0 milligram,0.0 micromole,0 microliter,C7H6O2,COC1=C(N)C(Cl)=NC=N1.O=C(O)C1=CC=CC(B2OC(C)(C)C(C)(C)O2)=C1>>COc1ncnc(-c2cccc(C(=O)O)c2)c1N.COc1ncncc1N.O=C(O)c1ccccc1,005_RLN-NB-2443_012_I7,7/7/2023 10:27:39 PM,005_rln-nb-2443_012_i7.raw,2min_150_1200.EXP,005_RLN-NB-2443_012_I7,005_RLN-NB-2443_012_I7,Rxn_Opt_HSST3_2_98,Analog,0,0,0,0,0,2.0386802829659976,0.7431,0,0,0,False,122.03677943156,1.25,deborylation_0,0,0,0,0,0,78.28366224860684,48.91106836075087,2.0386802829659976,194.9,0.7431,0,0,0,0,0,0,0,0,0,0,0,0,0,0,0,0,0,0,0,0,0,0,0,0,0,0,0,0,0,0,0,0,0,0,0,0.0,0.0,0.0,0.0,0.0,0.0,0.0,0.0,0.0,0.0,0.0,0.0,0.0,0.0,0.0,0.0,0.0,0.0,0.0,0.0,0.0,0.0,0.0
199,I8,CC(C1=CC=CC(C(C)C)=C1C2=C(C(OC(C)(C)C)=CC=C2OC)[P+]([Pd-2]3(C4=C(C5=C(C=CC=C5)[NH+]3C)C=CC=C4)OS(C)(=O)=O)(C6CCCCC6)C7CCCCC7)C,GPhos Pd G4,0.049019074499999975 milligram,0.05325 micromole,0.04901907449999999 microliter,C49H68NO5PPdS,COC1=C(N)C(Cl)=NC=N1,4-chloro-6-methoxypyrimidin-5-amine,0.04244721600000001 milligram,0.266 micromole,0.04244721600000002 microliter,C5H6ClN3O,O=C(O)C1=CC=CC(B2OC(C)(C)C(C)(C)O2)=C1,"3-(tetramethyl-1,3,2-dioxaborolan-2-yl)benzoic acid",0.07938784 milligram,0.32000000000000006 micromole,0.07938784000000002 microliter,C13H17BO4,[K+].[K+].[K+].[O-]P([O-])([O-])=O,K3PO4,0.42452799999999996 milligram,2.0 micromole,0.42452800000000007 microliter,K3O4P,CN1C=NC2=C1C(=O)N(C(=O)N2C)C,caffeine,0.051654806000000004 milligram,0.266 micromole,0.05165480600000002 microliter,C8H10N4O2,O=CN(C)C,DMF,10.26 milligram,140.365278062795 micromole,10.8 microliter,C3H7NO,O,water,1.2000000000000002 milligram,66.6111573688593 micromole,1.2000000000000002 microliter,H2O,COc1ncnc(-c2cccc(C(=O)O)c2)c1N,suzuki_product_0,0.0 milligram,0.0 micromole,0 microliter,C12H11N3O3,COc1ncncc1N,dehalogenation_0,0.0 milligram,0.0 micromole,0 microliter,C5H7N3O,O=C(O)c1ccccc1,deborylation_0,0.0 milligram,0.0 micromole,0 microliter,C7H6O2,COC1=C(N)C(Cl)=NC=N1.O=C(O)C1=CC=CC(B2OC(C)(C)C(C)(C)O2)=C1>>COc1ncnc(-c2cccc(C(=O)O)c2)c1N.COc1ncncc1N.O=C(O)c1ccccc1,005_RLN-NB-2443_012_I8,7/7/2023 10:30:06 PM,005_rln-nb-2443_012_i8.raw,2min_150_1200.EXP,005_RLN-NB-2443_012_I8,005_RLN-NB-2443_012_I8,Rxn_Opt_HSST3_2_98,Analog,0,0,0,0,0,2.516922428550968,0.7431,0,0,0,False,122.03677943156,1.25,deborylation_0,0,0,0,0,0,95.89084364978414,53.71347908674176,2.516922428550968,195,0.7431,0,0,0,0,0,0,0,0,0,0,0,0,0,0,0,0,0,0,0,0,0,0,0,0,0,0,0,0,0,0,0,0,0,0,0,0.0,0.0,0.0,0.0,0.0,0.0,0.0,0.0,0.0,0.0,0.0,0.0,0.0,0.0,0.0,0.0,0.0,0.0,0.0,0.0,0.0,0.0,0.0
200,I9,CC(C1=CC=CC(C(C)C)=C1C2=C(C(OC(C)(C)C)=CC=C2OC)[P+]([Pd-2]3(C4=C(C5=C(C=CC=C5)[NH+]3C)C=CC=C4)OS(C)(=O)=O)(C6CCCCC6)C7CCCCC7)C,GPhos Pd G4,0.049019074499999975 milligram,0.05325 micromole,0.04901907449999999 microliter,C49H68NO5PPdS,COC1=C(N)C(Cl)=NC=N1,4-chloro-6-methoxypyrimidin-5-amine,0.04244721600000001 milligram,0.266 micromole,0.04244721600000002 microliter,C5H6ClN3O,O=C(O)C1=CC=CC(B2OC(C)(C)C(C)(C)O2)=C1,"3-(tetramethyl-1,3,2-dioxaborolan-2-yl)benzoic acid",0.07938784 milligram,0.32000000000000006 micromole,0.07938784000000002 microliter,C13H17BO4,[Na+].C[Si](C)(C)[O-],NaOTMS,0.22435999999999995 milligram,2.0 micromole,0.22436 microliter,C3H9NaOSi,CN1C=NC2=C1C(=O)N(C(=O)N2C)C,caffeine,0.051654806000000004 milligram,0.266 micromole,0.05165480600000002 microliter,C8H10N4O2,O=CN(C)C,DMF,10.26 milligram,140.365278062795 micromole,10.8 microliter,C3H7NO,O,water,1.2000000000000002 milligram,66.6111573688593 micromole,1.2000000000000002 microliter,H2O,COc1ncnc(-c2cccc(C(=O)O)c2)c1N,suzuki_product_0,0.0 milligram,0.0 micromole,0 microliter,C12H11N3O3,COc1ncncc1N,dehalogenation_0,0.0 milligram,0.0 micromole,0 microliter,C5H7N3O,O=C(O)c1ccccc1,deborylation_0,0.0 milligram,0.0 micromole,0 microliter,C7H6O2,COC1=C(N)C(Cl)=NC=N1.O=C(O)C1=CC=CC(B2OC(C)(C)C(C)(C)O2)=C1>>COc1ncnc(-c2cccc(C(=O)O)c2)c1N.COc1ncncc1N.O=C(O)c1ccccc1,005_RLN-NB-2443_012_I9,7/7/2023 10:32:32 PM,005_rln-nb-2443_012_i9.raw,2min_150_1200.EXP,005_RLN-NB-2443_012_I9,005_RLN-NB-2443_012_I9,Rxn_Opt_HSST3_2_98,Analog,0,0,0,0,0,4.686661619881252,0.7431,0,0,0,False,122.03677943156,1.25,deborylation_0,0,0,0,0,0,172.009934217209,48.407789678820464,4.686661619881252,194.9,0.7431,0,0,0,0,0,0,0,0,0,0,0,0,0,0,0,0,0,0,0,0,0,0,0,0,0,0,0,0,0,0,0,0,0,0,0,0.0,0.0,0.0,0.0,0.0,0.0,0.0,0.0,0.0,0.0,0.0,0.0,0.0,0.0,0.0,0.0,0.0,0.0,0.0,0.0,0.0,0.0,0.0
201,I10,Cl[Pd]Cl.CC1(C)c2cccc(P(c3ccccc3)c4ccccc4)c2Oc5c(cccc15)P(c6ccccc6)c7ccccc7,PdCl2(XantPhos),0.04025476350000001 milligram,0.05325 micromole,0.04025476350000002 microliter,C39H32Cl2OP2Pd,COC1=C(N)C(Cl)=NC=N1,4-chloro-6-methoxypyrimidin-5-amine,0.04244721600000001 milligram,0.266 micromole,0.04244721600000002 microliter,C5H6ClN3O,O=C(O)C1=CC=CC(B2OC(C)(C)C(C)(C)O2)=C1,"3-(tetramethyl-1,3,2-dioxaborolan-2-yl)benzoic acid",0.07938784 milligram,0.32000000000000006 micromole,0.07938784000000002 microliter,C13H17BO4,[Na+].[Na+].[O-]C([O-])=O,Na2CO3,0.21197599999999997 milligram,2.0 micromole,0.21197600000000003 microliter,CNa2O3,CN1C=NC2=C1C(=O)N(C(=O)N2C)C,caffeine,0.051654806000000004 milligram,0.266 micromole,0.05165480600000002 microliter,C8H10N4O2,O=CN(C)C,DMF,10.26 milligram,140.365278062795 micromole,10.8 microliter,C3H7NO,O,water,1.2000000000000002 milligram,66.6111573688593 micromole,1.2000000000000002 microliter,H2O,COc1ncnc(-c2cccc(C(=O)O)c2)c1N,suzuki_product_0,0.0 milligram,0.0 micromole,0 microliter,C12H11N3O3,COc1ncncc1N,dehalogenation_0,0.0 milligram,0.0 micromole,0 microliter,C5H7N3O,O=C(O)c1ccccc1,deborylation_0,0.0 milligram,0.0 micromole,0 microliter,C7H6O2,COC1=C(N)C(Cl)=NC=N1.O=C(O)C1=CC=CC(B2OC(C)(C)C(C)(C)O2)=C1>>COc1ncnc(-c2cccc(C(=O)O)c2)c1N.COc1ncncc1N.O=C(O)c1ccccc1,005_RLN-NB-2443_012_I10,7/7/2023 10:34:59 PM,005_rln-nb-2443_012_i10.raw,2min_150_1200.EXP,005_RLN-NB-2443_012_I10,005_RLN-NB-2443_012_I10,Rxn_Opt_HSST3_2_98,Analog,0.18685448176391978,0,0.21515667993039572,4.3701466173333605,0.7998,1.1514665203601282,0.7415,0.21515667993039572,0.7998,0,False,122.03677943156,1.25,deborylation_0,9.014546909509626,3.541793168729733,0.21515667993039572,159.8,0.7998,58.14224981421683,18.95482053892928,1.1514665203601282,195,0.7415,0,0,0,0,0,0,0,0,0,0,9.014546909509626,3.541793168729733,0.21515667993039572,159.8,0.7998,0,0,0,0,0,0,0,0,0,0,0,0,0,0,0,0,0,0,0,0,0.0,0.0,0.0,0.0,0.0,4.9703292149202665e-05,18.68544817639198,0.0,0.0,4.9703292149202665e-05,18.68544817639198,0.0,0.0,0.0,0.0,0.0,0.0,0.0,0.0,0.0,0.0,0.0,0.0
202,I11,Cl[Pd]Cl.CC1(C)c2cccc(P(c3ccccc3)c4ccccc4)c2Oc5c(cccc15)P(c6ccccc6)c7ccccc7,PdCl2(XantPhos),0.04025476350000001 milligram,0.05325 micromole,0.04025476350000002 microliter,C39H32Cl2OP2Pd,COC1=C(N)C(Cl)=NC=N1,4-chloro-6-methoxypyrimidin-5-amine,0.04244721600000001 milligram,0.266 micromole,0.04244721600000002 microliter,C5H6ClN3O,O=C(O)C1=CC=CC(B2OC(C)(C)C(C)(C)O2)=C1,"3-(tetramethyl-1,3,2-dioxaborolan-2-yl)benzoic acid",0.07938784 milligram,0.32000000000000006 micromole,0.07938784000000002 microliter,C13H17BO4,[K+].[K+].[K+].[O-]P([O-])([O-])=O,K3PO4,0.42452799999999996 milligram,2.0 micromole,0.42452800000000007 microliter,K3O4P,CN1C=NC2=C1C(=O)N(C(=O)N2C)C,caffeine,0.051654806000000004 milligram,0.266 micromole,0.05165480600000002 microliter,C8H10N4O2,O=CN(C)C,DMF,10.26 milligram,140.365278062795 micromole,10.8 microliter,C3H7NO,O,water,1.2000000000000002 milligram,66.6111573688593 micromole,1.2000000000000002 microliter,H2O,COc1ncnc(-c2cccc(C(=O)O)c2)c1N,suzuki_product_0,0.0 milligram,0.0 micromole,0 microliter,C12H11N3O3,COc1ncncc1N,dehalogenation_0,0.0 milligram,0.0 micromole,0 microliter,C5H7N3O,O=C(O)c1ccccc1,deborylation_0,0.0 milligram,0.0 micromole,0 microliter,C7H6O2,COC1=C(N)C(Cl)=NC=N1.O=C(O)C1=CC=CC(B2OC(C)(C)C(C)(C)O2)=C1>>COc1ncnc(-c2cccc(C(=O)O)c2)c1N.COc1ncncc1N.O=C(O)c1ccccc1,005_RLN-NB-2443_012_I11,7/7/2023 10:37:26 PM,005_rln-nb-2443_012_i11.raw,2min_150_1200.EXP,005_RLN-NB-2443_012_I11,005_RLN-NB-2443_012_I11,Rxn_Opt_HSST3_2_98,Analog,0.19977836294312928,0,0.17388385555261407,4.550323025362744,0.8015,0.8703838243089089,0.7415,0.17388385555261407,0.8015,0,False,122.03677943156,1.25,deborylation_0,6.555872020516668,3.706173272203845,0.17388385555261407,159.7,0.8015,42.55664624735673,18.551424776960847,0.8703838243089089,195,0.7415,0,0,0,0,0,0,0,0,0,0,6.555872020516668,3.706173272203845,0.17388385555261407,159.7,0.8015,0,0,0,0,0,0,0,0,0,0,0,0,0,0,0,0,0,0,0,0,0.0,0.0,0.0,0.0,0.0,5.314104454287239e-05,19.97783629431293,0.0,0.0,5.314104454287239e-05,19.97783629431293,0.0,0.0,0.0,0.0,0.0,0.0,0.0,0.0,0.0,0.0,0.0,0.0
203,I12,Cl[Pd]Cl.CC1(C)c2cccc(P(c3ccccc3)c4ccccc4)c2Oc5c(cccc15)P(c6ccccc6)c7ccccc7,PdCl2(XantPhos),0.04025476350000001 milligram,0.05325 micromole,0.04025476350000002 microliter,C39H32Cl2OP2Pd,COC1=C(N)C(Cl)=NC=N1,4-chloro-6-methoxypyrimidin-5-amine,0.04244721600000001 milligram,0.266 micromole,0.04244721600000002 microliter,C5H6ClN3O,O=C(O)C1=CC=CC(B2OC(C)(C)C(C)(C)O2)=C1,"3-(tetramethyl-1,3,2-dioxaborolan-2-yl)benzoic acid",0.07938784 milligram,0.32000000000000006 micromole,0.07938784000000002 microliter,C13H17BO4,[Na+].C[Si](C)(C)[O-],NaOTMS,0.22435999999999995 milligram,2.0 micromole,0.22436 microliter,C3H9NaOSi,CN1C=NC2=C1C(=O)N(C(=O)N2C)C,caffeine,0.051654806000000004 milligram,0.266 micromole,0.05165480600000002 microliter,C8H10N4O2,O=CN(C)C,DMF,10.26 milligram,140.365278062795 micromole,10.8 microliter,C3H7NO,O,water,1.2000000000000002 milligram,66.6111573688593 micromole,1.2000000000000002 microliter,H2O,COc1ncnc(-c2cccc(C(=O)O)c2)c1N,suzuki_product_0,0.0 milligram,0.0 micromole,0 microliter,C12H11N3O3,COc1ncncc1N,dehalogenation_0,0.0 milligram,0.0 micromole,0 microliter,C5H7N3O,O=C(O)c1ccccc1,deborylation_0,0.0 milligram,0.0 micromole,0 microliter,C7H6O2,COC1=C(N)C(Cl)=NC=N1.O=C(O)C1=CC=CC(B2OC(C)(C)C(C)(C)O2)=C1>>COc1ncnc(-c2cccc(C(=O)O)c2)c1N.COc1ncncc1N.O=C(O)c1ccccc1,005_RLN-NB-2443_012_I12,7/7/2023 10:39:53 PM,005_rln-nb-2443_012_i12.raw,2min_150_1200.EXP,005_RLN-NB-2443_012_I12,005_RLN-NB-2443_012_I12,Rxn_Opt_HSST3_2_98,Analog,0,0,0,0,0,2.302431107957416,0.7448,0,0,0,False,122.03677943156,1.25,deborylation_0,0,0,0,0,0,86.57089851157758,30.80110010862024,2.302431107957416,194.9,0.7448,0,0,0,0,0,0,0,0,0,0,0,0,0,0,0,0,0,0,0,0,0,0,0,0,0,0,0,0,0,0,0,0,0,0,0,0.0,0.0,0.0,0.0,0.0,0.0,0.0,0.0,0.0,0.0,0.0,0.0,0.0,0.0,0.0,0.0,0.0,0.0,0.0,0.0,0.0,0.0,0.0
204,I13,CC(C)C1=CC(C(C)C)=CC(C(C)C)=C1C2=C([P+](C3CCCCC3)([Pd-2]4(OS(C)(=O)=O)C(C=CC=C5)=C5C6=C([NH+]4C)C=CC=C6)C7CCCCC7)C=CC=C2,XPhos Pd G4,0.04582130549999999 milligram,0.05325 micromole,0.0458213055 microliter,C47H64NO3PPdS,CC1=C(C(=NN1C(C)C)N)Br,4-BROMO-1-ISOPROPYL-5-METHYL-1H-PYRAZOL-3-AMINE,0.058014068 milligram,0.266 micromole,0.058014068000000016 microliter,C7H12BrN3,O=C(O)C1=CC=CC(B2OC(C)(C)C(C)(C)O2)=C1,"3-(tetramethyl-1,3,2-dioxaborolan-2-yl)benzoic acid",0.07938784 milligram,0.32000000000000006 micromole,0.07938784000000002 microliter,C13H17BO4,[Na+].[Na+].[O-]C([O-])=O,Na2CO3,0.21197599999999997 milligram,2.0 micromole,0.21197600000000003 microliter,CNa2O3,CN1C=NC2=C1C(=O)N(C(=O)N2C)C,caffeine,0.051654806000000004 milligram,0.266 micromole,0.05165480600000002 microliter,C8H10N4O2,O=CN(C)C,DMF,10.26 milligram,140.365278062795 micromole,10.8 microliter,C3H7NO,O,water,1.2000000000000002 milligram,66.6111573688593 micromole,1.2000000000000002 microliter,H2O,Cc1c(-c2cccc(C(=O)O)c2)c(N)nn1C(C)C,suzuki_product_0,0.0 milligram,0.0 micromole,0 microliter,C14H17N3O2,Cc1cc(N)nn1C(C)C,dehalogenation_0,0.0 milligram,0.0 micromole,0 microliter,C7H13N3,O=C(O)c1ccccc1,deborylation_0,0.0 milligram,0.0 micromole,0 microliter,C7H6O2,CC1=C(C(=NN1C(C)C)N)Br.O=C(O)C1=CC=CC(B2OC(C)(C)C(C)(C)O2)=C1>>Cc1c(-c2cccc(C(=O)O)c2)c(N)nn1C(C)C.Cc1cc(N)nn1C(C)C.O=C(O)c1ccccc1,005_RLN-NB-2443_012_I13,7/7/2023 10:42:20 PM,005_rln-nb-2443_012_i13.raw,2min_150_1200.EXP,005_RLN-NB-2443_012_I13,005_RLN-NB-2443_012_I13,Rxn_Opt_HSST3_2_98,Analog,0.1971109609097408,0,0.14468882994188662,4.434601350734776,0.8865,0.7340476109197254,0.7398,0,0,0,False,122.03677943156,1.25,deborylation_0,0,0,0,0,0,37.935473841686374,18.366010596465618,0.7340476109197254,194.9,0.7398,0,0,0,0,0,0,0,0,0,0,6.360811541750755,3.6201419967478192,0.14468882994188662,260,0.8865,0,0,0,0,0,0,0,0,0,0,0,0,0,0,0,0,0,0,0,0,0.0,0.0,0.0,0.0,0.0,0.0,0.0,0.0,0.0,5.243151560199106e-05,19.71109609097408,0.0,0.0,0.0,0.0,0.0,0.0,0.0,0.0,0.0,0.0,0.0,0.0
205,I14,CC(C)C1=CC(C(C)C)=CC(C(C)C)=C1C2=C([P+](C3CCCCC3)([Pd-2]4(OS(C)(=O)=O)C(C=CC=C5)=C5C6=C([NH+]4C)C=CC=C6)C7CCCCC7)C=CC=C2,XPhos Pd G4,0.04582130549999999 milligram,0.05325 micromole,0.0458213055 microliter,C47H64NO3PPdS,CC1=C(C(=NN1C(C)C)N)Br,4-BROMO-1-ISOPROPYL-5-METHYL-1H-PYRAZOL-3-AMINE,0.058014068 milligram,0.266 micromole,0.058014068000000016 microliter,C7H12BrN3,O=C(O)C1=CC=CC(B2OC(C)(C)C(C)(C)O2)=C1,"3-(tetramethyl-1,3,2-dioxaborolan-2-yl)benzoic acid",0.07938784 milligram,0.32000000000000006 micromole,0.07938784000000002 microliter,C13H17BO4,[K+].[K+].[K+].[O-]P([O-])([O-])=O,K3PO4,0.42452799999999996 milligram,2.0 micromole,0.42452800000000007 microliter,K3O4P,CN1C=NC2=C1C(=O)N(C(=O)N2C)C,caffeine,0.051654806000000004 milligram,0.266 micromole,0.05165480600000002 microliter,C8H10N4O2,O=CN(C)C,DMF,10.26 milligram,140.365278062795 micromole,10.8 microliter,C3H7NO,O,water,1.2000000000000002 milligram,66.6111573688593 micromole,1.2000000000000002 microliter,H2O,Cc1c(-c2cccc(C(=O)O)c2)c(N)nn1C(C)C,suzuki_product_0,0.0 milligram,0.0 micromole,0 microliter,C14H17N3O2,Cc1cc(N)nn1C(C)C,dehalogenation_0,0.0 milligram,0.0 micromole,0 microliter,C7H13N3,O=C(O)c1ccccc1,deborylation_0,0.0 milligram,0.0 micromole,0 microliter,C7H6O2,CC1=C(C(=NN1C(C)C)N)Br.O=C(O)C1=CC=CC(B2OC(C)(C)C(C)(C)O2)=C1>>Cc1c(-c2cccc(C(=O)O)c2)c(N)nn1C(C)C.Cc1cc(N)nn1C(C)C.O=C(O)c1ccccc1,005_RLN-NB-2443_012_I14,7/7/2023 10:44:47 PM,005_rln-nb-2443_012_i14.raw,2min_150_1200.EXP,005_RLN-NB-2443_012_I14,005_RLN-NB-2443_012_I14,Rxn_Opt_HSST3_2_98,Analog,0.4072060531745583,0,2.161056831410372,26.551900193100707,0.8865,5.307035135069529,0.7415,0,0,0,False,122.03677943156,1.25,deborylation_0,0,0,0,0,0,201.23608252915173,39.46917093631087,5.307035135069529,194.9,0.7415,0,0,0,0,0,0,0,0,0,0,90.58846512186375,16.072085319047133,2.161056831410372,260,0.8865,0,0,0,0,0,0,0,0,0,0,0,0,0,0,0,0,0,0,0,0,0.0,0.0,0.0,0.0,0.0,0.0,0.0,0.0,0.0,0.00010831681014443252,40.720605317455835,0.0,0.0,0.0,0.0,0.0,0.0,0.0,0.0,0.0,0.0,0.0,0.0
206,I15,CC(C)C1=CC(C(C)C)=CC(C(C)C)=C1C2=C([P+](C3CCCCC3)([Pd-2]4(OS(C)(=O)=O)C(C=CC=C5)=C5C6=C([NH+]4C)C=CC=C6)C7CCCCC7)C=CC=C2,XPhos Pd G4,0.04582130549999999 milligram,0.05325 micromole,0.0458213055 microliter,C47H64NO3PPdS,CC1=C(C(=NN1C(C)C)N)Br,4-BROMO-1-ISOPROPYL-5-METHYL-1H-PYRAZOL-3-AMINE,0.058014068 milligram,0.266 micromole,0.058014068000000016 microliter,C7H12BrN3,O=C(O)C1=CC=CC(B2OC(C)(C)C(C)(C)O2)=C1,"3-(tetramethyl-1,3,2-dioxaborolan-2-yl)benzoic acid",0.07938784 milligram,0.32000000000000006 micromole,0.07938784000000002 microliter,C13H17BO4,[Na+].C[Si](C)(C)[O-],NaOTMS,0.22435999999999995 milligram,2.0 micromole,0.22436 microliter,C3H9NaOSi,CN1C=NC2=C1C(=O)N(C(=O)N2C)C,caffeine,0.051654806000000004 milligram,0.266 micromole,0.05165480600000002 microliter,C8H10N4O2,O=CN(C)C,DMF,10.26 milligram,140.365278062795 micromole,10.8 microliter,C3H7NO,O,water,1.2000000000000002 milligram,66.6111573688593 micromole,1.2000000000000002 microliter,H2O,Cc1c(-c2cccc(C(=O)O)c2)c(N)nn1C(C)C,suzuki_product_0,0.0 milligram,0.0 micromole,0 microliter,C14H17N3O2,Cc1cc(N)nn1C(C)C,dehalogenation_0,0.0 milligram,0.0 micromole,0 microliter,C7H13N3,O=C(O)c1ccccc1,deborylation_0,0.0 milligram,0.0 micromole,0 microliter,C7H6O2,CC1=C(C(=NN1C(C)C)N)Br.O=C(O)C1=CC=CC(B2OC(C)(C)C(C)(C)O2)=C1>>Cc1c(-c2cccc(C(=O)O)c2)c(N)nn1C(C)C.Cc1cc(N)nn1C(C)C.O=C(O)c1ccccc1,005_RLN-NB-2443_012_I15,7/7/2023 10:47:14 PM,005_rln-nb-2443_012_i15.raw,2min_150_1200.EXP,005_RLN-NB-2443_012_I15,005_RLN-NB-2443_012_I15,Rxn_Opt_HSST3_2_98,Analog,0,0,0,0,0,0.8098372394667606,0.7415,0,0,0,False,122.03677943156,1.25,deborylation_0,0,0,0,0,0,39.36920681425409,14.185899560186671,0.8098372394667606,195,0.7415,0,0,0,0,0,0,0,0,0,0,0,0,0,0,0,0,0,0,0,0,0,0,0,0,0,0,0,0,0,0,0,0,0,0,0,0.0,0.0,0.0,0.0,0.0,0.0,0.0,0.0,0.0,0.0,0.0,0.0,0.0,0.0,0.0,0.0,0.0,0.0,0.0,0.0,0.0,0.0,0.0
207,I16,CC(C)(C)[P+]([Pd-2]1(C2=C(C3=C(C=CC=C3)[NH+]1C)C=CC=C2)OS(C)(=O)=O)(C(C)(C)C)C(C)(C)C,PtBu3 Pd G4,0.03120913275 milligram,0.05325 micromole,0.031209132750000007 microliter,C26H42NO3PPdS,CC1=C(C(=NN1C(C)C)N)Br,4-BROMO-1-ISOPROPYL-5-METHYL-1H-PYRAZOL-3-AMINE,0.058014068 milligram,0.266 micromole,0.058014068000000016 microliter,C7H12BrN3,O=C(O)C1=CC=CC(B2OC(C)(C)C(C)(C)O2)=C1,"3-(tetramethyl-1,3,2-dioxaborolan-2-yl)benzoic acid",0.07938784 milligram,0.32000000000000006 micromole,0.07938784000000002 microliter,C13H17BO4,[Na+].[Na+].[O-]C([O-])=O,Na2CO3,0.21197599999999997 milligram,2.0 micromole,0.21197600000000003 microliter,CNa2O3,CN1C=NC2=C1C(=O)N(C(=O)N2C)C,caffeine,0.051654806000000004 milligram,0.266 micromole,0.05165480600000002 microliter,C8H10N4O2,O=CN(C)C,DMF,10.26 milligram,140.365278062795 micromole,10.8 microliter,C3H7NO,O,water,1.2000000000000002 milligram,66.6111573688593 micromole,1.2000000000000002 microliter,H2O,Cc1c(-c2cccc(C(=O)O)c2)c(N)nn1C(C)C,suzuki_product_0,0.0 milligram,0.0 micromole,0 microliter,C14H17N3O2,Cc1cc(N)nn1C(C)C,dehalogenation_0,0.0 milligram,0.0 micromole,0 microliter,C7H13N3,O=C(O)c1ccccc1,deborylation_0,0.0 milligram,0.0 micromole,0 microliter,C7H6O2,CC1=C(C(=NN1C(C)C)N)Br.O=C(O)C1=CC=CC(B2OC(C)(C)C(C)(C)O2)=C1>>Cc1c(-c2cccc(C(=O)O)c2)c(N)nn1C(C)C.Cc1cc(N)nn1C(C)C.O=C(O)c1ccccc1,005_RLN-NB-2443_012_I16,7/7/2023 10:49:41 PM,005_rln-nb-2443_012_i16.raw,2min_150_1200.EXP,005_RLN-NB-2443_012_I16,005_RLN-NB-2443_012_I16,Rxn_Opt_HSST3_2_98,Analog,0.17725322233171348,0,0.17334447009751094,4.9344447315524835,0.8865,0.9779482021100432,0.7398,0,0,0,False,122.03677943156,1.25,deborylation_0,0,0,0,0,0,47.867781440956584,21.776237766409103,0.9779482021100432,194.9,0.7398,0,0,0,0,0,0,0,0,0,0,7.929807723871547,3.8599083143575683,0.17334447009751094,259.9,0.8865,0,0,0,0,0,0,0,0,0,0,0,0,0,0,0,0,0,0,0,0,0.0,0.0,0.0,0.0,0.0,0.0,0.0,0.0,0.0,4.7149357140235786e-05,17.725322233171347,0.0,0.0,0.0,0.0,0.0,0.0,0.0,0.0,0.0,0.0,0.0,0.0
208,I17,CC(C)(C)[P+]([Pd-2]1(C2=C(C3=C(C=CC=C3)[NH+]1C)C=CC=C2)OS(C)(=O)=O)(C(C)(C)C)C(C)(C)C,PtBu3 Pd G4,0.03120913275 milligram,0.05325 micromole,0.031209132750000007 microliter,C26H42NO3PPdS,CC1=C(C(=NN1C(C)C)N)Br,4-BROMO-1-ISOPROPYL-5-METHYL-1H-PYRAZOL-3-AMINE,0.058014068 milligram,0.266 micromole,0.058014068000000016 microliter,C7H12BrN3,O=C(O)C1=CC=CC(B2OC(C)(C)C(C)(C)O2)=C1,"3-(tetramethyl-1,3,2-dioxaborolan-2-yl)benzoic acid",0.07938784 milligram,0.32000000000000006 micromole,0.07938784000000002 microliter,C13H17BO4,[K+].[K+].[K+].[O-]P([O-])([O-])=O,K3PO4,0.42452799999999996 milligram,2.0 micromole,0.42452800000000007 microliter,K3O4P,CN1C=NC2=C1C(=O)N(C(=O)N2C)C,caffeine,0.051654806000000004 milligram,0.266 micromole,0.05165480600000002 microliter,C8H10N4O2,O=CN(C)C,DMF,10.26 milligram,140.365278062795 micromole,10.8 microliter,C3H7NO,O,water,1.2000000000000002 milligram,66.6111573688593 micromole,1.2000000000000002 microliter,H2O,Cc1c(-c2cccc(C(=O)O)c2)c(N)nn1C(C)C,suzuki_product_0,0.0 milligram,0.0 micromole,0 microliter,C14H17N3O2,Cc1cc(N)nn1C(C)C,dehalogenation_0,0.0 milligram,0.0 micromole,0 microliter,C7H13N3,O=C(O)c1ccccc1,deborylation_0,0.0 milligram,0.0 micromole,0 microliter,C7H6O2,CC1=C(C(=NN1C(C)C)N)Br.O=C(O)C1=CC=CC(B2OC(C)(C)C(C)(C)O2)=C1>>Cc1c(-c2cccc(C(=O)O)c2)c(N)nn1C(C)C.Cc1cc(N)nn1C(C)C.O=C(O)c1ccccc1,005_RLN-NB-2443_012_I17,7/7/2023 10:52:08 PM,005_rln-nb-2443_012_i17.raw,2min_150_1200.EXP,005_RLN-NB-2443_012_I17,005_RLN-NB-2443_012_I17,Rxn_Opt_HSST3_2_98,Analog,1.882100116257527,0,1.6307544549301598,29.026056882662004,0.8848,0.8664546805155312,0.7381,0,0,0,False,122.03677943156,1.25,deborylation_0,0,0,0,0,0,42.56737962331794,13.361527430486376,0.8664546805155312,194.9,0.7381,0,0,0,0,0,0,0,0,0,0,69.23433763595648,25.14773233029654,1.6307544549301598,259.9,0.8848,0,0,0,0,0,0,0,0,0,0,0,0,0,0,0,0,0,0,0,0,0.0,0.0,0.0,0.0,0.0,0.0,0.0,0.0,0.0,0.0005006386309245022,188.21001162575268,0.0,0.0,0.0,0.0,0.0,0.0,0.0,0.0,0.0,0.0,0.0,0.0
209,I18,CC(C)(C)[P+]([Pd-2]1(C2=C(C3=C(C=CC=C3)[NH+]1C)C=CC=C2)OS(C)(=O)=O)(C(C)(C)C)C(C)(C)C,PtBu3 Pd G4,0.03120913275 milligram,0.05325 micromole,0.031209132750000007 microliter,C26H42NO3PPdS,CC1=C(C(=NN1C(C)C)N)Br,4-BROMO-1-ISOPROPYL-5-METHYL-1H-PYRAZOL-3-AMINE,0.058014068 milligram,0.266 micromole,0.058014068000000016 microliter,C7H12BrN3,O=C(O)C1=CC=CC(B2OC(C)(C)C(C)(C)O2)=C1,"3-(tetramethyl-1,3,2-dioxaborolan-2-yl)benzoic acid",0.07938784 milligram,0.32000000000000006 micromole,0.07938784000000002 microliter,C13H17BO4,[Na+].C[Si](C)(C)[O-],NaOTMS,0.22435999999999995 milligram,2.0 micromole,0.22436 microliter,C3H9NaOSi,CN1C=NC2=C1C(=O)N(C(=O)N2C)C,caffeine,0.051654806000000004 milligram,0.266 micromole,0.05165480600000002 microliter,C8H10N4O2,O=CN(C)C,DMF,10.26 milligram,140.365278062795 micromole,10.8 microliter,C3H7NO,O,water,1.2000000000000002 milligram,66.6111573688593 micromole,1.2000000000000002 microliter,H2O,Cc1c(-c2cccc(C(=O)O)c2)c(N)nn1C(C)C,suzuki_product_0,0.0 milligram,0.0 micromole,0 microliter,C14H17N3O2,Cc1cc(N)nn1C(C)C,dehalogenation_0,0.0 milligram,0.0 micromole,0 microliter,C7H13N3,O=C(O)c1ccccc1,deborylation_0,0.0 milligram,0.0 micromole,0 microliter,C7H6O2,CC1=C(C(=NN1C(C)C)N)Br.O=C(O)C1=CC=CC(B2OC(C)(C)C(C)(C)O2)=C1>>Cc1c(-c2cccc(C(=O)O)c2)c(N)nn1C(C)C.Cc1cc(N)nn1C(C)C.O=C(O)c1ccccc1,005_RLN-NB-2443_012_I18,7/7/2023 10:54:35 PM,005_rln-nb-2443_012_i18.raw,2min_150_1200.EXP,005_RLN-NB-2443_012_I18,005_RLN-NB-2443_012_I18,Rxn_Opt_HSST3_2_98,Analog,2.4423189410064254,0,1.5216970775019876,26.285794254029305,0.8881,0.623054201461063,0.7415,0,0,0,False,122.03677943156,1.25,deborylation_0,0,0,0,0,0,31.535169059327732,9.716848614929157,0.623054201461063,195.1,0.7415,0,0,0,0,0,0,0,0,0,0,63.84777425651371,23.73164341913353,1.5216970775019876,259.9,0.8881,0,0,0,0,0,0,0,0,0,0,0,0,0,0,0,0,0,0,0,0,0.0,0.0,0.0,0.0,0.0,0.0,0.0,0.0,0.0,0.0006496568383077092,244.23189410064253,0.0,0.0,0.0,0.0,0.0,0.0,0.0,0.0,0.0,0.0,0.0,0.0
210,I19,CC(C1=CC=CC(C(C)C)=C1C2=C(C(OC(C)(C)C)=CC=C2OC)[P+]([Pd-2]3(C4=C(C5=C(C=CC=C5)[NH+]3C)C=CC=C4)OS(C)(=O)=O)(C6CCCCC6)C7CCCCC7)C,GPhos Pd G4,0.049019074499999975 milligram,0.05325 micromole,0.04901907449999999 microliter,C49H68NO5PPdS,CC1=C(C(=NN1C(C)C)N)Br,4-BROMO-1-ISOPROPYL-5-METHYL-1H-PYRAZOL-3-AMINE,0.058014068 milligram,0.266 micromole,0.058014068000000016 microliter,C7H12BrN3,O=C(O)C1=CC=CC(B2OC(C)(C)C(C)(C)O2)=C1,"3-(tetramethyl-1,3,2-dioxaborolan-2-yl)benzoic acid",0.07938784 milligram,0.32000000000000006 micromole,0.07938784000000002 microliter,C13H17BO4,[Na+].[Na+].[O-]C([O-])=O,Na2CO3,0.21197599999999997 milligram,2.0 micromole,0.21197600000000003 microliter,CNa2O3,CN1C=NC2=C1C(=O)N(C(=O)N2C)C,caffeine,0.051654806000000004 milligram,0.266 micromole,0.05165480600000002 microliter,C8H10N4O2,O=CN(C)C,DMF,10.26 milligram,140.365278062795 micromole,10.8 microliter,C3H7NO,O,water,1.2000000000000002 milligram,66.6111573688593 micromole,1.2000000000000002 microliter,H2O,Cc1c(-c2cccc(C(=O)O)c2)c(N)nn1C(C)C,suzuki_product_0,0.0 milligram,0.0 micromole,0 microliter,C14H17N3O2,Cc1cc(N)nn1C(C)C,dehalogenation_0,0.0 milligram,0.0 micromole,0 microliter,C7H13N3,O=C(O)c1ccccc1,deborylation_0,0.0 milligram,0.0 micromole,0 microliter,C7H6O2,CC1=C(C(=NN1C(C)C)N)Br.O=C(O)C1=CC=CC(B2OC(C)(C)C(C)(C)O2)=C1>>Cc1c(-c2cccc(C(=O)O)c2)c(N)nn1C(C)C.Cc1cc(N)nn1C(C)C.O=C(O)c1ccccc1,005_RLN-NB-2443_012_I19,7/7/2023 10:57:02 PM,005_rln-nb-2443_012_i19.raw,2min_150_1200.EXP,005_RLN-NB-2443_012_I19,005_RLN-NB-2443_012_I19,Rxn_Opt_HSST3_2_98,Analog,0,0,0,0,0,1.7180166921083788,0.7431,0,0,0,False,122.03677943156,1.25,deborylation_0,0,0,0,0,0,66.02364615980473,33.81475858704716,1.7180166921083788,195,0.7431,0,0,0,0,0,0,0,0,0,0,0,0,0,0,0,0,0,0,0,0,0,0,0,0,0,0,0,0,0,0,0,0,0,0,0,0.0,0.0,0.0,0.0,0.0,0.0,0.0,0.0,0.0,0.0,0.0,0.0,0.0,0.0,0.0,0.0,0.0,0.0,0.0,0.0,0.0,0.0,0.0
211,I20,CC(C1=CC=CC(C(C)C)=C1C2=C(C(OC(C)(C)C)=CC=C2OC)[P+]([Pd-2]3(C4=C(C5=C(C=CC=C5)[NH+]3C)C=CC=C4)OS(C)(=O)=O)(C6CCCCC6)C7CCCCC7)C,GPhos Pd G4,0.049019074499999975 milligram,0.05325 micromole,0.04901907449999999 microliter,C49H68NO5PPdS,CC1=C(C(=NN1C(C)C)N)Br,4-BROMO-1-ISOPROPYL-5-METHYL-1H-PYRAZOL-3-AMINE,0.058014068 milligram,0.266 micromole,0.058014068000000016 microliter,C7H12BrN3,O=C(O)C1=CC=CC(B2OC(C)(C)C(C)(C)O2)=C1,"3-(tetramethyl-1,3,2-dioxaborolan-2-yl)benzoic acid",0.07938784 milligram,0.32000000000000006 micromole,0.07938784000000002 microliter,C13H17BO4,[K+].[K+].[K+].[O-]P([O-])([O-])=O,K3PO4,0.42452799999999996 milligram,2.0 micromole,0.42452800000000007 microliter,K3O4P,CN1C=NC2=C1C(=O)N(C(=O)N2C)C,caffeine,0.051654806000000004 milligram,0.266 micromole,0.05165480600000002 microliter,C8H10N4O2,O=CN(C)C,DMF,10.26 milligram,140.365278062795 micromole,10.8 microliter,C3H7NO,O,water,1.2000000000000002 milligram,66.6111573688593 micromole,1.2000000000000002 microliter,H2O,Cc1c(-c2cccc(C(=O)O)c2)c(N)nn1C(C)C,suzuki_product_0,0.0 milligram,0.0 micromole,0 microliter,C14H17N3O2,Cc1cc(N)nn1C(C)C,dehalogenation_0,0.0 milligram,0.0 micromole,0 microliter,C7H13N3,O=C(O)c1ccccc1,deborylation_0,0.0 milligram,0.0 micromole,0 microliter,C7H6O2,CC1=C(C(=NN1C(C)C)N)Br.O=C(O)C1=CC=CC(B2OC(C)(C)C(C)(C)O2)=C1>>Cc1c(-c2cccc(C(=O)O)c2)c(N)nn1C(C)C.Cc1cc(N)nn1C(C)C.O=C(O)c1ccccc1,005_RLN-NB-2443_012_I20,7/7/2023 10:59:29 PM,005_rln-nb-2443_012_i20.raw,2min_150_1200.EXP,005_RLN-NB-2443_012_I20,005_RLN-NB-2443_012_I20,Rxn_Opt_HSST3_2_98,Analog,0,0,0,0,0,1.0598155970278424,0.7415,0,0,0,False,122.03677943156,1.25,deborylation_0,0,0,0,0,0,51.64750741652392,24.190930442930643,1.0598155970278424,195.1,0.7415,0,0,0,0,0,0,0,0,0,0,0,0,0,0,0,0,0,0,0,0,0,0,0,0,0,0,0,0,0,0,0,0,0,0,0,0.0,0.0,0.0,0.0,0.0,0.0,0.0,0.0,0.0,0.0,0.0,0.0,0.0,0.0,0.0,0.0,0.0,0.0,0.0,0.0,0.0,0.0,0.0
212,I21,CC(C1=CC=CC(C(C)C)=C1C2=C(C(OC(C)(C)C)=CC=C2OC)[P+]([Pd-2]3(C4=C(C5=C(C=CC=C5)[NH+]3C)C=CC=C4)OS(C)(=O)=O)(C6CCCCC6)C7CCCCC7)C,GPhos Pd G4,0.049019074499999975 milligram,0.05325 micromole,0.04901907449999999 microliter,C49H68NO5PPdS,CC1=C(C(=NN1C(C)C)N)Br,4-BROMO-1-ISOPROPYL-5-METHYL-1H-PYRAZOL-3-AMINE,0.058014068 milligram,0.266 micromole,0.058014068000000016 microliter,C7H12BrN3,O=C(O)C1=CC=CC(B2OC(C)(C)C(C)(C)O2)=C1,"3-(tetramethyl-1,3,2-dioxaborolan-2-yl)benzoic acid",0.07938784 milligram,0.32000000000000006 micromole,0.07938784000000002 microliter,C13H17BO4,[Na+].C[Si](C)(C)[O-],NaOTMS,0.22435999999999995 milligram,2.0 micromole,0.22436 microliter,C3H9NaOSi,CN1C=NC2=C1C(=O)N(C(=O)N2C)C,caffeine,0.051654806000000004 milligram,0.266 micromole,0.05165480600000002 microliter,C8H10N4O2,O=CN(C)C,DMF,10.26 milligram,140.365278062795 micromole,10.8 microliter,C3H7NO,O,water,1.2000000000000002 milligram,66.6111573688593 micromole,1.2000000000000002 microliter,H2O,Cc1c(-c2cccc(C(=O)O)c2)c(N)nn1C(C)C,suzuki_product_0,0.0 milligram,0.0 micromole,0 microliter,C14H17N3O2,Cc1cc(N)nn1C(C)C,dehalogenation_0,0.0 milligram,0.0 micromole,0 microliter,C7H13N3,O=C(O)c1ccccc1,deborylation_0,0.0 milligram,0.0 micromole,0 microliter,C7H6O2,CC1=C(C(=NN1C(C)C)N)Br.O=C(O)C1=CC=CC(B2OC(C)(C)C(C)(C)O2)=C1>>Cc1c(-c2cccc(C(=O)O)c2)c(N)nn1C(C)C.Cc1cc(N)nn1C(C)C.O=C(O)c1ccccc1,005_RLN-NB-2443_012_I21,7/7/2023 11:01:57 PM,005_rln-nb-2443_012_i21.raw,2min_150_1200.EXP,005_RLN-NB-2443_012_I21,005_RLN-NB-2443_012_I21,Rxn_Opt_HSST3_2_98,Analog,0,0,0,0,0,2.0693184602729455,0.7431,0,0,0,False,122.03677943156,1.25,deborylation_0,0,0,0,0,0,78.85396750126482,30.872124317793393,2.0693184602729455,194.9,0.7431,0,0,0,0,0,0,0,0,0,0,0,0,0,0,0,0,0,0,0,0,0,0,0,0,0,0,0,0,0,0,0,0,0,0,0,0.0,0.0,0.0,0.0,0.0,0.0,0.0,0.0,0.0,0.0,0.0,0.0,0.0,0.0,0.0,0.0,0.0,0.0,0.0,0.0,0.0,0.0,0.0
213,I22,Cl[Pd]Cl.CC1(C)c2cccc(P(c3ccccc3)c4ccccc4)c2Oc5c(cccc15)P(c6ccccc6)c7ccccc7,PdCl2(XantPhos),0.04025476350000001 milligram,0.05325 micromole,0.04025476350000002 microliter,C39H32Cl2OP2Pd,CC1=C(C(=NN1C(C)C)N)Br,4-BROMO-1-ISOPROPYL-5-METHYL-1H-PYRAZOL-3-AMINE,0.058014068 milligram,0.266 micromole,0.058014068000000016 microliter,C7H12BrN3,O=C(O)C1=CC=CC(B2OC(C)(C)C(C)(C)O2)=C1,"3-(tetramethyl-1,3,2-dioxaborolan-2-yl)benzoic acid",0.07938784 milligram,0.32000000000000006 micromole,0.07938784000000002 microliter,C13H17BO4,[Na+].[Na+].[O-]C([O-])=O,Na2CO3,0.21197599999999997 milligram,2.0 micromole,0.21197600000000003 microliter,CNa2O3,CN1C=NC2=C1C(=O)N(C(=O)N2C)C,caffeine,0.051654806000000004 milligram,0.266 micromole,0.05165480600000002 microliter,C8H10N4O2,O=CN(C)C,DMF,10.26 milligram,140.365278062795 micromole,10.8 microliter,C3H7NO,O,water,1.2000000000000002 milligram,66.6111573688593 micromole,1.2000000000000002 microliter,H2O,Cc1c(-c2cccc(C(=O)O)c2)c(N)nn1C(C)C,suzuki_product_0,0.0 milligram,0.0 micromole,0 microliter,C14H17N3O2,Cc1cc(N)nn1C(C)C,dehalogenation_0,0.0 milligram,0.0 micromole,0 microliter,C7H13N3,O=C(O)c1ccccc1,deborylation_0,0.0 milligram,0.0 micromole,0 microliter,C7H6O2,CC1=C(C(=NN1C(C)C)N)Br.O=C(O)C1=CC=CC(B2OC(C)(C)C(C)(C)O2)=C1>>Cc1c(-c2cccc(C(=O)O)c2)c(N)nn1C(C)C.Cc1cc(N)nn1C(C)C.O=C(O)c1ccccc1,005_RLN-NB-2443_012_I22,7/7/2023 11:04:23 PM,005_rln-nb-2443_012_i22.raw,2min_150_1200.EXP,005_RLN-NB-2443_012_I22,005_RLN-NB-2443_012_I22,Rxn_Opt_HSST3_2_98,Analog,0,0,0,0,0,0.911928520117887,0.7398,0,0,0,False,122.03677943156,1.25,deborylation_0,0,0,0,0,0,44.91886984491706,15.94894267547006,0.911928520117887,195,0.7398,0,0,0,0,0,0,0,0,0,0,0,0,0,0,0,0,0,0,0,0,0,0,0,0,0,0,0,0,0,0,0,0,0,0,0,0.0,0.0,0.0,0.0,0.0,0.0,0.0,0.0,0.0,0.0,0.0,0.0,0.0,0.0,0.0,0.0,0.0,0.0,0.0,0.0,0.0,0.0,0.0
214,I23,Cl[Pd]Cl.CC1(C)c2cccc(P(c3ccccc3)c4ccccc4)c2Oc5c(cccc15)P(c6ccccc6)c7ccccc7,PdCl2(XantPhos),0.04025476350000001 milligram,0.05325 micromole,0.04025476350000002 microliter,C39H32Cl2OP2Pd,CC1=C(C(=NN1C(C)C)N)Br,4-BROMO-1-ISOPROPYL-5-METHYL-1H-PYRAZOL-3-AMINE,0.058014068 milligram,0.266 micromole,0.058014068000000016 microliter,C7H12BrN3,O=C(O)C1=CC=CC(B2OC(C)(C)C(C)(C)O2)=C1,"3-(tetramethyl-1,3,2-dioxaborolan-2-yl)benzoic acid",0.07938784 milligram,0.32000000000000006 micromole,0.07938784000000002 microliter,C13H17BO4,[K+].[K+].[K+].[O-]P([O-])([O-])=O,K3PO4,0.42452799999999996 milligram,2.0 micromole,0.42452800000000007 microliter,K3O4P,CN1C=NC2=C1C(=O)N(C(=O)N2C)C,caffeine,0.051654806000000004 milligram,0.266 micromole,0.05165480600000002 microliter,C8H10N4O2,O=CN(C)C,DMF,10.26 milligram,140.365278062795 micromole,10.8 microliter,C3H7NO,O,water,1.2000000000000002 milligram,66.6111573688593 micromole,1.2000000000000002 microliter,H2O,Cc1c(-c2cccc(C(=O)O)c2)c(N)nn1C(C)C,suzuki_product_0,0.0 milligram,0.0 micromole,0 microliter,C14H17N3O2,Cc1cc(N)nn1C(C)C,dehalogenation_0,0.0 milligram,0.0 micromole,0 microliter,C7H13N3,O=C(O)c1ccccc1,deborylation_0,0.0 milligram,0.0 micromole,0 microliter,C7H6O2,CC1=C(C(=NN1C(C)C)N)Br.O=C(O)C1=CC=CC(B2OC(C)(C)C(C)(C)O2)=C1>>Cc1c(-c2cccc(C(=O)O)c2)c(N)nn1C(C)C.Cc1cc(N)nn1C(C)C.O=C(O)c1ccccc1,005_RLN-NB-2443_012_I23,7/7/2023 11:06:50 PM,005_rln-nb-2443_012_i23.raw,2min_150_1200.EXP,005_RLN-NB-2443_012_I23,005_RLN-NB-2443_012_I23,Rxn_Opt_HSST3_2_98,Analog,0,0,0,0,0,1.0463883513992713,0.7398,0,0,0,False,122.03677943156,1.25,deborylation_0,0,0,0,0,0,50.53914066745913,20.619712454067113,1.0463883513992713,194.9,0.7398,0,0,0,0,0,0,0,0,0,0,0,0,0,0,0,0,0,0,0,0,0,0,0,0,0,0,0,0,0,0,0,0,0,0,0,0.0,0.0,0.0,0.0,0.0,0.0,0.0,0.0,0.0,0.0,0.0,0.0,0.0,0.0,0.0,0.0,0.0,0.0,0.0,0.0,0.0,0.0,0.0
215,I24,Cl[Pd]Cl.CC1(C)c2cccc(P(c3ccccc3)c4ccccc4)c2Oc5c(cccc15)P(c6ccccc6)c7ccccc7,PdCl2(XantPhos),0.04025476350000001 milligram,0.05325 micromole,0.04025476350000002 microliter,C39H32Cl2OP2Pd,CC1=C(C(=NN1C(C)C)N)Br,4-BROMO-1-ISOPROPYL-5-METHYL-1H-PYRAZOL-3-AMINE,0.058014068 milligram,0.266 micromole,0.058014068000000016 microliter,C7H12BrN3,O=C(O)C1=CC=CC(B2OC(C)(C)C(C)(C)O2)=C1,"3-(tetramethyl-1,3,2-dioxaborolan-2-yl)benzoic acid",0.07938784 milligram,0.32000000000000006 micromole,0.07938784000000002 microliter,C13H17BO4,[Na+].C[Si](C)(C)[O-],NaOTMS,0.22435999999999995 milligram,2.0 micromole,0.22436 microliter,C3H9NaOSi,CN1C=NC2=C1C(=O)N(C(=O)N2C)C,caffeine,0.051654806000000004 milligram,0.266 micromole,0.05165480600000002 microliter,C8H10N4O2,O=CN(C)C,DMF,10.26 milligram,140.365278062795 micromole,10.8 microliter,C3H7NO,O,water,1.2000000000000002 milligram,66.6111573688593 micromole,1.2000000000000002 microliter,H2O,Cc1c(-c2cccc(C(=O)O)c2)c(N)nn1C(C)C,suzuki_product_0,0.0 milligram,0.0 micromole,0 microliter,C14H17N3O2,Cc1cc(N)nn1C(C)C,dehalogenation_0,0.0 milligram,0.0 micromole,0 microliter,C7H13N3,O=C(O)c1ccccc1,deborylation_0,0.0 milligram,0.0 micromole,0 microliter,C7H6O2,CC1=C(C(=NN1C(C)C)N)Br.O=C(O)C1=CC=CC(B2OC(C)(C)C(C)(C)O2)=C1>>Cc1c(-c2cccc(C(=O)O)c2)c(N)nn1C(C)C.Cc1cc(N)nn1C(C)C.O=C(O)c1ccccc1,005_RLN-NB-2443_012_I24,7/7/2023 11:09:17 PM,005_rln-nb-2443_012_i24.raw,2min_150_1200.EXP,005_RLN-NB-2443_012_I24,005_RLN-NB-2443_012_I24,Rxn_Opt_HSST3_2_98,Analog,0,0,0,0,0,2.3268140076044,0.7431,0,0,0,False,122.03677943156,1.25,deborylation_0,0,0,0,0,0,88.67653719625878,32.387039950988424,2.3268140076044,194.9,0.7431,0,0,0,0,0,0,0,0,0,0,0,0,0,0,0,0,0,0,0,0,0,0,0,0,0,0,0,0,0,0,0,0,0,0,0,0.0,0.0,0.0,0.0,0.0,0.0,0.0,0.0,0.0,0.0,0.0,0.0,0.0,0.0,0.0,0.0,0.0,0.0,0.0,0.0,0.0,0.0,0.0
216,J1,CC(C)C1=CC(C(C)C)=CC(C(C)C)=C1C2=C([P+](C3CCCCC3)([Pd-2]4(OS(C)(=O)=O)C(C=CC=C5)=C5C6=C([NH+]4C)C=CC=C6)C7CCCCC7)C=CC=C2,XPhos Pd G4,0.04582130549999999 milligram,0.05325 micromole,0.0458213055 microliter,C47H64NO3PPdS,C1=CC=C(C=C1)OCCC(C2=CC=C(C=C2)Cl)N.Cl,1-(1-amino-3-phenoxypropyl)-4-chlorobenzene hydrochloride,0.079324658 milligram,0.266 micromole,0.07932465800000002 microliter,C15H17Cl2NO,B1(OC(C(O1)(C)C)(C)C)C2=CN(N=C2C)C,"1,3-dimethyl-4-(4,4,5,5-tetramethyl-1,3,2-dioxaborolan-2-yl)-1H-pyrazole",0.07107104000000002 milligram,0.32000000000000006 micromole,0.07107104000000003 microliter,C11H19BN2O2,[Na+].[Na+].[O-]C([O-])=O,Na2CO3,0.21197599999999997 milligram,2.0 micromole,0.21197600000000003 microliter,CNa2O3,CN1C=NC2=C1C(=O)N(C(=O)N2C)C,caffeine,0.051654806000000004 milligram,0.266 micromole,0.05165480600000002 microliter,C8H10N4O2,C1COCCO1,dioxane,11.124 milligram,126.25700860327335 micromole,10.8 microliter,C4H8O2,O,water,1.2000000000000002 milligram,66.6111573688593 micromole,1.2000000000000002 microliter,H2O,Cc1nn(C)cc1-c1ccc(C(N)CCOc2ccccc2)cc1,suzuki_product_0,0.0 milligram,0.0 micromole,0 microliter,C20H23N3O,NC(CCOc1ccccc1)c1ccccc1,dehalogenation_0,0.0 milligram,0.0 micromole,0 microliter,C15H17NO,Cc1ccn(C)n1,deborylation_0,0.0 milligram,0.0 micromole,0 microliter,C5H8N2,C1=CC=C(C=C1)OCCC(C2=CC=C(C=C2)Cl)N.Cl.B1(OC(C(O1)(C)C)(C)C)C2=CN(N=C2C)C>>Cc1nn(C)cc1-c1ccc(C(N)CCOc2ccccc2)cc1.NC(CCOc1ccccc1)c1ccccc1.Cc1ccn(C)n1,005_RLN-NB-2443_012_J1,7/7/2023 11:11:44 PM,005_rln-nb-2443_012_j1.raw,2min_150_1200.EXP,005_RLN-NB-2443_012_J1,005_RLN-NB-2443_012_J1,Rxn_Opt_HSST3_2_98,Analog,0,0,0,0,0,0.7696924425381093,0.7398,0.33638781973063636,0.7798,0,False,96.06874826542,1.25,deborylation_0,0,0,0,0,0,38.48754548447561,3.9034303239069645,0.7696924425381093,195,0.7398,0,0,0,0,0,0,0,0,0,0,0,0,0,0,0,0,0,0,0,0,0,0,0,0,0,0,0,0,0,0,0,0,0,0,0,28.691191568492364,3.04538665147047,0.6005003024870511,555.9,1.4846,0.0,0.0,0.00020752845114969002,78.01821471792857,0.0,0.0,0.0,0.0,0.0,0.0,0.0,0.0,0.0,0.0,0.0,0.0,0.0,0.0
217,J2,CC(C)C1=CC(C(C)C)=CC(C(C)C)=C1C2=C([P+](C3CCCCC3)([Pd-2]4(OS(C)(=O)=O)C(C=CC=C5)=C5C6=C([NH+]4C)C=CC=C6)C7CCCCC7)C=CC=C2,XPhos Pd G4,0.04582130549999999 milligram,0.05325 micromole,0.0458213055 microliter,C47H64NO3PPdS,C1=CC=C(C=C1)OCCC(C2=CC=C(C=C2)Cl)N.Cl,1-(1-amino-3-phenoxypropyl)-4-chlorobenzene hydrochloride,0.079324658 milligram,0.266 micromole,0.07932465800000002 microliter,C15H17Cl2NO,B1(OC(C(O1)(C)C)(C)C)C2=CN(N=C2C)C,"1,3-dimethyl-4-(4,4,5,5-tetramethyl-1,3,2-dioxaborolan-2-yl)-1H-pyrazole",0.07107104000000002 milligram,0.32000000000000006 micromole,0.07107104000000003 microliter,C11H19BN2O2,[K+].[K+].[K+].[O-]P([O-])([O-])=O,K3PO4,0.42452799999999996 milligram,2.0 micromole,0.42452800000000007 microliter,K3O4P,CN1C=NC2=C1C(=O)N(C(=O)N2C)C,caffeine,0.051654806000000004 milligram,0.266 micromole,0.05165480600000002 microliter,C8H10N4O2,C1COCCO1,dioxane,11.124 milligram,126.25700860327335 micromole,10.8 microliter,C4H8O2,O,water,1.2000000000000002 milligram,66.6111573688593 micromole,1.2000000000000002 microliter,H2O,Cc1nn(C)cc1-c1ccc(C(N)CCOc2ccccc2)cc1,suzuki_product_0,0.0 milligram,0.0 micromole,0 microliter,C20H23N3O,NC(CCOc1ccccc1)c1ccccc1,dehalogenation_0,0.0 milligram,0.0 micromole,0 microliter,C15H17NO,Cc1ccn(C)n1,deborylation_0,0.0 milligram,0.0 micromole,0 microliter,C5H8N2,C1=CC=C(C=C1)OCCC(C2=CC=C(C=C2)Cl)N.Cl.B1(OC(C(O1)(C)C)(C)C)C2=CN(N=C2C)C>>Cc1nn(C)cc1-c1ccc(C(N)CCOc2ccccc2)cc1.NC(CCOc1ccccc1)c1ccccc1.Cc1ccn(C)n1,005_RLN-NB-2443_012_J2,7/7/2023 11:14:11 PM,005_rln-nb-2443_012_j2.raw,2min_150_1200.EXP,005_RLN-NB-2443_012_J2,005_RLN-NB-2443_012_J2,Rxn_Opt_HSST3_2_98,Analog,1.9778297432483616,0,2.1059653860027514,21.967845781723412,0.8965,1.064785982308033,0.7415,0,0,0,False,96.06874826542,1.25,deborylation_0,0,0,0,0,0,50.22634355176517,9.99670707534605,1.064785982308033,195,0.7415,0,0,0,0,0,91.88686801330178,19.77178458816076,2.1059653860027514,305.1,0.8965,0,0,0,0,0,0,0,0,0,0,0,0,0,0,0,0,0,0,0,0,0,0,0,0,0,0.0,0.0,0.0,0.0,0.0,0.0,0.0,0.0,0.0,0.0,0.0,0.0005261027117040643,197.78297432483618,0.0,0.0,0.0,0.0,0.0,0.0,0.0,0.0,0.0,0.0
218,J3,CC(C)C1=CC(C(C)C)=CC(C(C)C)=C1C2=C([P+](C3CCCCC3)([Pd-2]4(OS(C)(=O)=O)C(C=CC=C5)=C5C6=C([NH+]4C)C=CC=C6)C7CCCCC7)C=CC=C2,XPhos Pd G4,0.04582130549999999 milligram,0.05325 micromole,0.0458213055 microliter,C47H64NO3PPdS,C1=CC=C(C=C1)OCCC(C2=CC=C(C=C2)Cl)N.Cl,1-(1-amino-3-phenoxypropyl)-4-chlorobenzene hydrochloride,0.079324658 milligram,0.266 micromole,0.07932465800000002 microliter,C15H17Cl2NO,B1(OC(C(O1)(C)C)(C)C)C2=CN(N=C2C)C,"1,3-dimethyl-4-(4,4,5,5-tetramethyl-1,3,2-dioxaborolan-2-yl)-1H-pyrazole",0.07107104000000002 milligram,0.32000000000000006 micromole,0.07107104000000003 microliter,C11H19BN2O2,[Na+].C[Si](C)(C)[O-],NaOTMS,0.22435999999999995 milligram,2.0 micromole,0.22436 microliter,C3H9NaOSi,CN1C=NC2=C1C(=O)N(C(=O)N2C)C,caffeine,0.051654806000000004 milligram,0.266 micromole,0.05165480600000002 microliter,C8H10N4O2,C1COCCO1,dioxane,11.124 milligram,126.25700860327335 micromole,10.8 microliter,C4H8O2,O,water,1.2000000000000002 milligram,66.6111573688593 micromole,1.2000000000000002 microliter,H2O,Cc1nn(C)cc1-c1ccc(C(N)CCOc2ccccc2)cc1,suzuki_product_0,0.0 milligram,0.0 micromole,0 microliter,C20H23N3O,NC(CCOc1ccccc1)c1ccccc1,dehalogenation_0,0.0 milligram,0.0 micromole,0 microliter,C15H17NO,Cc1ccn(C)n1,deborylation_0,0.0 milligram,0.0 micromole,0 microliter,C5H8N2,C1=CC=C(C=C1)OCCC(C2=CC=C(C=C2)Cl)N.Cl.B1(OC(C(O1)(C)C)(C)C)C2=CN(N=C2C)C>>Cc1nn(C)cc1-c1ccc(C(N)CCOc2ccccc2)cc1.NC(CCOc1ccccc1)c1ccccc1.Cc1ccn(C)n1,005_RLN-NB-2443_012_J3,7/7/2023 11:16:39 PM,005_rln-nb-2443_012_j3.raw,2min_150_1200.EXP,005_RLN-NB-2443_012_J3,005_RLN-NB-2443_012_J3,Rxn_Opt_HSST3_2_98,Analog,0.5976790067970813,0,0.5345392555510802,4.929877196990849,0.8965,0.8943584256299004,0.7415,0,0,0,False,96.06874826542,1.25,deborylation_0,0,0,0,0,0,43.12161526068034,7.619855517118701,0.8943584256299004,195,0.7415,0,0,0,0,0,25.119366204263002,4.5542276774087656,0.5345392555510802,211,0.8965,0,0,0,0,0,0,0,0,0,0,0,0,0,0,0,0,0,0,0,0,0,0,0,0,0,0.0,0.0,0.0,0.0,0.0,0.0,0.0,0.0,0.0,0.0,0.0,0.00015898261580802364,59.76790067970813,0.0,0.0,0.0,0.0,0.0,0.0,0.0,0.0,0.0,0.0
219,J4,CC(C)(C)[P+]([Pd-2]1(C2=C(C3=C(C=CC=C3)[NH+]1C)C=CC=C2)OS(C)(=O)=O)(C(C)(C)C)C(C)(C)C,PtBu3 Pd G4,0.03120913275 milligram,0.05325 micromole,0.031209132750000007 microliter,C26H42NO3PPdS,C1=CC=C(C=C1)OCCC(C2=CC=C(C=C2)Cl)N.Cl,1-(1-amino-3-phenoxypropyl)-4-chlorobenzene hydrochloride,0.079324658 milligram,0.266 micromole,0.07932465800000002 microliter,C15H17Cl2NO,B1(OC(C(O1)(C)C)(C)C)C2=CN(N=C2C)C,"1,3-dimethyl-4-(4,4,5,5-tetramethyl-1,3,2-dioxaborolan-2-yl)-1H-pyrazole",0.07107104000000002 milligram,0.32000000000000006 micromole,0.07107104000000003 microliter,C11H19BN2O2,[Na+].[Na+].[O-]C([O-])=O,Na2CO3,0.21197599999999997 milligram,2.0 micromole,0.21197600000000003 microliter,CNa2O3,CN1C=NC2=C1C(=O)N(C(=O)N2C)C,caffeine,0.051654806000000004 milligram,0.266 micromole,0.05165480600000002 microliter,C8H10N4O2,C1COCCO1,dioxane,11.124 milligram,126.25700860327335 micromole,10.8 microliter,C4H8O2,O,water,1.2000000000000002 milligram,66.6111573688593 micromole,1.2000000000000002 microliter,H2O,Cc1nn(C)cc1-c1ccc(C(N)CCOc2ccccc2)cc1,suzuki_product_0,0.0 milligram,0.0 micromole,0 microliter,C20H23N3O,NC(CCOc1ccccc1)c1ccccc1,dehalogenation_0,0.0 milligram,0.0 micromole,0 microliter,C15H17NO,Cc1ccn(C)n1,deborylation_0,0.0 milligram,0.0 micromole,0 microliter,C5H8N2,C1=CC=C(C=C1)OCCC(C2=CC=C(C=C2)Cl)N.Cl.B1(OC(C(O1)(C)C)(C)C)C2=CN(N=C2C)C>>Cc1nn(C)cc1-c1ccc(C(N)CCOc2ccccc2)cc1.NC(CCOc1ccccc1)c1ccccc1.Cc1ccn(C)n1,005_RLN-NB-2443_012_J4,7/7/2023 11:19:06 PM,005_rln-nb-2443_012_j4.raw,2min_150_1200.EXP,005_RLN-NB-2443_012_J4,005_RLN-NB-2443_012_J4,Rxn_Opt_HSST3_2_98,Analog,0,0,0,0,0,1.096947488463033,0.7398,0,0,0,False,96.06874826542,1.25,deborylation_0,0,0,0,0,0,53.230243397932185,8.356314810717057,1.096947488463033,195,0.7398,0,0,0,0,0,0,0,0,0,0,0,0,0,0,0,0,0,0,0,0,0,0,0,0,0,0,0,0,0,0,0,0,0,0,0,0.0,0.0,0.0,0.0,0.0,0.0,0.0,0.0,0.0,0.0,0.0,0.0,0.0,0.0,0.0,0.0,0.0,0.0,0.0,0.0,0.0,0.0,0.0
220,J5,CC(C)(C)[P+]([Pd-2]1(C2=C(C3=C(C=CC=C3)[NH+]1C)C=CC=C2)OS(C)(=O)=O)(C(C)(C)C)C(C)(C)C,PtBu3 Pd G4,0.03120913275 milligram,0.05325 micromole,0.031209132750000007 microliter,C26H42NO3PPdS,C1=CC=C(C=C1)OCCC(C2=CC=C(C=C2)Cl)N.Cl,1-(1-amino-3-phenoxypropyl)-4-chlorobenzene hydrochloride,0.079324658 milligram,0.266 micromole,0.07932465800000002 microliter,C15H17Cl2NO,B1(OC(C(O1)(C)C)(C)C)C2=CN(N=C2C)C,"1,3-dimethyl-4-(4,4,5,5-tetramethyl-1,3,2-dioxaborolan-2-yl)-1H-pyrazole",0.07107104000000002 milligram,0.32000000000000006 micromole,0.07107104000000003 microliter,C11H19BN2O2,[K+].[K+].[K+].[O-]P([O-])([O-])=O,K3PO4,0.42452799999999996 milligram,2.0 micromole,0.42452800000000007 microliter,K3O4P,CN1C=NC2=C1C(=O)N(C(=O)N2C)C,caffeine,0.051654806000000004 milligram,0.266 micromole,0.05165480600000002 microliter,C8H10N4O2,C1COCCO1,dioxane,11.124 milligram,126.25700860327335 micromole,10.8 microliter,C4H8O2,O,water,1.2000000000000002 milligram,66.6111573688593 micromole,1.2000000000000002 microliter,H2O,Cc1nn(C)cc1-c1ccc(C(N)CCOc2ccccc2)cc1,suzuki_product_0,0.0 milligram,0.0 micromole,0 microliter,C20H23N3O,NC(CCOc1ccccc1)c1ccccc1,dehalogenation_0,0.0 milligram,0.0 micromole,0 microliter,C15H17NO,Cc1ccn(C)n1,deborylation_0,0.0 milligram,0.0 micromole,0 microliter,C5H8N2,C1=CC=C(C=C1)OCCC(C2=CC=C(C=C2)Cl)N.Cl.B1(OC(C(O1)(C)C)(C)C)C2=CN(N=C2C)C>>Cc1nn(C)cc1-c1ccc(C(N)CCOc2ccccc2)cc1.NC(CCOc1ccccc1)c1ccccc1.Cc1ccn(C)n1,005_RLN-NB-2443_012_J5,7/7/2023 11:21:33 PM,005_rln-nb-2443_012_j5.raw,2min_150_1200.EXP,005_RLN-NB-2443_012_J5,005_RLN-NB-2443_012_J5,Rxn_Opt_HSST3_2_98,Analog,0,0,0,0,0,0.9781168353219685,0.7398,0.13036414780045258,0.7781,0,False,96.06874826542,1.25,deborylation_0,0,0,0,0,0,47.34422719383324,12.548918499879614,0.9781168353219685,195,0.7398,0,0,0,0,0,0,0,0,0,0,0,0,0,0,0,0,0,0,0,0,0,0,0,0,0,0,0,0,0,0,0,0,0,0,0,11.017992725511077,3.0543909925496986,0.23807240851052605,556.0,1.4811999999999999,0.0,0.0,6.474406571578373e-05,24.339874329242,0.0,0.0,0.0,0.0,0.0,0.0,0.0,0.0,0.0,0.0,0.0,0.0,0.0,0.0
221,J6,CC(C)(C)[P+]([Pd-2]1(C2=C(C3=C(C=CC=C3)[NH+]1C)C=CC=C2)OS(C)(=O)=O)(C(C)(C)C)C(C)(C)C,PtBu3 Pd G4,0.03120913275 milligram,0.05325 micromole,0.031209132750000007 microliter,C26H42NO3PPdS,C1=CC=C(C=C1)OCCC(C2=CC=C(C=C2)Cl)N.Cl,1-(1-amino-3-phenoxypropyl)-4-chlorobenzene hydrochloride,0.079324658 milligram,0.266 micromole,0.07932465800000002 microliter,C15H17Cl2NO,B1(OC(C(O1)(C)C)(C)C)C2=CN(N=C2C)C,"1,3-dimethyl-4-(4,4,5,5-tetramethyl-1,3,2-dioxaborolan-2-yl)-1H-pyrazole",0.07107104000000002 milligram,0.32000000000000006 micromole,0.07107104000000003 microliter,C11H19BN2O2,[Na+].C[Si](C)(C)[O-],NaOTMS,0.22435999999999995 milligram,2.0 micromole,0.22436 microliter,C3H9NaOSi,CN1C=NC2=C1C(=O)N(C(=O)N2C)C,caffeine,0.051654806000000004 milligram,0.266 micromole,0.05165480600000002 microliter,C8H10N4O2,C1COCCO1,dioxane,11.124 milligram,126.25700860327335 micromole,10.8 microliter,C4H8O2,O,water,1.2000000000000002 milligram,66.6111573688593 micromole,1.2000000000000002 microliter,H2O,Cc1nn(C)cc1-c1ccc(C(N)CCOc2ccccc2)cc1,suzuki_product_0,0.0 milligram,0.0 micromole,0 microliter,C20H23N3O,NC(CCOc1ccccc1)c1ccccc1,dehalogenation_0,0.0 milligram,0.0 micromole,0 microliter,C15H17NO,Cc1ccn(C)n1,deborylation_0,0.0 milligram,0.0 micromole,0 microliter,C5H8N2,C1=CC=C(C=C1)OCCC(C2=CC=C(C=C2)Cl)N.Cl.B1(OC(C(O1)(C)C)(C)C)C2=CN(N=C2C)C>>Cc1nn(C)cc1-c1ccc(C(N)CCOc2ccccc2)cc1.NC(CCOc1ccccc1)c1ccccc1.Cc1ccn(C)n1,005_RLN-NB-2443_012_J6,7/7/2023 11:23:59 PM,005_rln-nb-2443_012_j6.raw,2min_150_1200.EXP,005_RLN-NB-2443_012_J6,005_RLN-NB-2443_012_J6,Rxn_Opt_HSST3_2_98,Analog,0.1632462505476277,0,0.13045851281420526,1.9748401635356665,0.8965,0.7991516642897932,0.7398,0,0,0,False,96.06874826542,1.25,deborylation_0,0,0,0,0,0,39.35926486912093,10.791791672474327,0.7991516642897932,195,0.7398,0,0,0,0,0,6.951238238737984,1.7617195272225463,0.13045851281420526,211,0.8965,0,0,0,0,0,0,0,0,0,0,0,0,0,0,0,0,0,0,0,0,0,0,0,0,0,0.0,0.0,0.0,0.0,0.0,0.0,0.0,0.0,0.0,0.0,0.0,4.342350264566897e-05,16.32462505476277,0.0,0.0,0.0,0.0,0.0,0.0,0.0,0.0,0.0,0.0
222,J7,CC(C1=CC=CC(C(C)C)=C1C2=C(C(OC(C)(C)C)=CC=C2OC)[P+]([Pd-2]3(C4=C(C5=C(C=CC=C5)[NH+]3C)C=CC=C4)OS(C)(=O)=O)(C6CCCCC6)C7CCCCC7)C,GPhos Pd G4,0.049019074499999975 milligram,0.05325 micromole,0.04901907449999999 microliter,C49H68NO5PPdS,C1=CC=C(C=C1)OCCC(C2=CC=C(C=C2)Cl)N.Cl,1-(1-amino-3-phenoxypropyl)-4-chlorobenzene hydrochloride,0.079324658 milligram,0.266 micromole,0.07932465800000002 microliter,C15H17Cl2NO,B1(OC(C(O1)(C)C)(C)C)C2=CN(N=C2C)C,"1,3-dimethyl-4-(4,4,5,5-tetramethyl-1,3,2-dioxaborolan-2-yl)-1H-pyrazole",0.07107104000000002 milligram,0.32000000000000006 micromole,0.07107104000000003 microliter,C11H19BN2O2,[Na+].[Na+].[O-]C([O-])=O,Na2CO3,0.21197599999999997 milligram,2.0 micromole,0.21197600000000003 microliter,CNa2O3,CN1C=NC2=C1C(=O)N(C(=O)N2C)C,caffeine,0.051654806000000004 milligram,0.266 micromole,0.05165480600000002 microliter,C8H10N4O2,C1COCCO1,dioxane,11.124 milligram,126.25700860327335 micromole,10.8 microliter,C4H8O2,O,water,1.2000000000000002 milligram,66.6111573688593 micromole,1.2000000000000002 microliter,H2O,Cc1nn(C)cc1-c1ccc(C(N)CCOc2ccccc2)cc1,suzuki_product_0,0.0 milligram,0.0 micromole,0 microliter,C20H23N3O,NC(CCOc1ccccc1)c1ccccc1,dehalogenation_0,0.0 milligram,0.0 micromole,0 microliter,C15H17NO,Cc1ccn(C)n1,deborylation_0,0.0 milligram,0.0 micromole,0 microliter,C5H8N2,C1=CC=C(C=C1)OCCC(C2=CC=C(C=C2)Cl)N.Cl.B1(OC(C(O1)(C)C)(C)C)C2=CN(N=C2C)C>>Cc1nn(C)cc1-c1ccc(C(N)CCOc2ccccc2)cc1.NC(CCOc1ccccc1)c1ccccc1.Cc1ccn(C)n1,005_RLN-NB-2443_012_J7,7/7/2023 11:26:26 PM,005_rln-nb-2443_012_j7.raw,2min_150_1200.EXP,005_RLN-NB-2443_012_J7,005_RLN-NB-2443_012_J7,Rxn_Opt_HSST3_2_98,Analog,0,0,0,0,0,1.284677599570108,0.7415,0,0,0,False,96.06874826542,1.25,deborylation_0,0,0,0,0,0,60.8313581865913,15.235322572064328,1.284677599570108,194.9,0.7415,0,0,0,0,0,0,0,0,0,0,0,0,0,0,0,0,0,0,0,0,0,0,0,0,0,0,0,0,0,0,0,0,0,0,0,0.0,0.0,0.0,0.0,0.0,0.0,0.0,0.0,0.0,0.0,0.0,0.0,0.0,0.0,0.0,0.0,0.0,0.0,0.0,0.0,0.0,0.0,0.0
223,J8,CC(C1=CC=CC(C(C)C)=C1C2=C(C(OC(C)(C)C)=CC=C2OC)[P+]([Pd-2]3(C4=C(C5=C(C=CC=C5)[NH+]3C)C=CC=C4)OS(C)(=O)=O)(C6CCCCC6)C7CCCCC7)C,GPhos Pd G4,0.049019074499999975 milligram,0.05325 micromole,0.04901907449999999 microliter,C49H68NO5PPdS,C1=CC=C(C=C1)OCCC(C2=CC=C(C=C2)Cl)N.Cl,1-(1-amino-3-phenoxypropyl)-4-chlorobenzene hydrochloride,0.079324658 milligram,0.266 micromole,0.07932465800000002 microliter,C15H17Cl2NO,B1(OC(C(O1)(C)C)(C)C)C2=CN(N=C2C)C,"1,3-dimethyl-4-(4,4,5,5-tetramethyl-1,3,2-dioxaborolan-2-yl)-1H-pyrazole",0.07107104000000002 milligram,0.32000000000000006 micromole,0.07107104000000003 microliter,C11H19BN2O2,[K+].[K+].[K+].[O-]P([O-])([O-])=O,K3PO4,0.42452799999999996 milligram,2.0 micromole,0.42452800000000007 microliter,K3O4P,CN1C=NC2=C1C(=O)N(C(=O)N2C)C,caffeine,0.051654806000000004 milligram,0.266 micromole,0.05165480600000002 microliter,C8H10N4O2,C1COCCO1,dioxane,11.124 milligram,126.25700860327335 micromole,10.8 microliter,C4H8O2,O,water,1.2000000000000002 milligram,66.6111573688593 micromole,1.2000000000000002 microliter,H2O,Cc1nn(C)cc1-c1ccc(C(N)CCOc2ccccc2)cc1,suzuki_product_0,0.0 milligram,0.0 micromole,0 microliter,C20H23N3O,NC(CCOc1ccccc1)c1ccccc1,dehalogenation_0,0.0 milligram,0.0 micromole,0 microliter,C15H17NO,Cc1ccn(C)n1,deborylation_0,0.0 milligram,0.0 micromole,0 microliter,C5H8N2,C1=CC=C(C=C1)OCCC(C2=CC=C(C=C2)Cl)N.Cl.B1(OC(C(O1)(C)C)(C)C)C2=CN(N=C2C)C>>Cc1nn(C)cc1-c1ccc(C(N)CCOc2ccccc2)cc1.NC(CCOc1ccccc1)c1ccccc1.Cc1ccn(C)n1,005_RLN-NB-2443_012_J8,7/7/2023 11:28:52 PM,005_rln-nb-2443_012_j8.raw,2min_150_1200.EXP,005_RLN-NB-2443_012_J8,005_RLN-NB-2443_012_J8,Rxn_Opt_HSST3_2_98,Analog,0,0,0,0,0,1.3946743419246928,0.7398,0.16451195316154432,0.7765,0,False,96.06874826542,1.25,deborylation_0,0,0,0,0,0,65.76112473715123,15.78133565600254,1.3946743419246928,195.2,0.7398,0,0,0,0,0,0,0,0,0,0,0,0,0,0,0,0,0,0,0,0,0,0,0,0,0,0,0,0,0,0,0,0,0,0,0,13.32479334899812,3.2324972826933047,0.2856717022426987,445.6,1.4796,0.0,0.0,5.448488619335407e-05,20.48303992231356,0.0,0.0,0.0,0.0,0.0,0.0,0.0,0.0,0.0,0.0,0.0,0.0,0.0,0.0
224,J9,CC(C1=CC=CC(C(C)C)=C1C2=C(C(OC(C)(C)C)=CC=C2OC)[P+]([Pd-2]3(C4=C(C5=C(C=CC=C5)[NH+]3C)C=CC=C4)OS(C)(=O)=O)(C6CCCCC6)C7CCCCC7)C,GPhos Pd G4,0.049019074499999975 milligram,0.05325 micromole,0.04901907449999999 microliter,C49H68NO5PPdS,C1=CC=C(C=C1)OCCC(C2=CC=C(C=C2)Cl)N.Cl,1-(1-amino-3-phenoxypropyl)-4-chlorobenzene hydrochloride,0.079324658 milligram,0.266 micromole,0.07932465800000002 microliter,C15H17Cl2NO,B1(OC(C(O1)(C)C)(C)C)C2=CN(N=C2C)C,"1,3-dimethyl-4-(4,4,5,5-tetramethyl-1,3,2-dioxaborolan-2-yl)-1H-pyrazole",0.07107104000000002 milligram,0.32000000000000006 micromole,0.07107104000000003 microliter,C11H19BN2O2,[Na+].C[Si](C)(C)[O-],NaOTMS,0.22435999999999995 milligram,2.0 micromole,0.22436 microliter,C3H9NaOSi,CN1C=NC2=C1C(=O)N(C(=O)N2C)C,caffeine,0.051654806000000004 milligram,0.266 micromole,0.05165480600000002 microliter,C8H10N4O2,C1COCCO1,dioxane,11.124 milligram,126.25700860327335 micromole,10.8 microliter,C4H8O2,O,water,1.2000000000000002 milligram,66.6111573688593 micromole,1.2000000000000002 microliter,H2O,Cc1nn(C)cc1-c1ccc(C(N)CCOc2ccccc2)cc1,suzuki_product_0,0.0 milligram,0.0 micromole,0 microliter,C20H23N3O,NC(CCOc1ccccc1)c1ccccc1,dehalogenation_0,0.0 milligram,0.0 micromole,0 microliter,C15H17NO,Cc1ccn(C)n1,deborylation_0,0.0 milligram,0.0 micromole,0 microliter,C5H8N2,C1=CC=C(C=C1)OCCC(C2=CC=C(C=C2)Cl)N.Cl.B1(OC(C(O1)(C)C)(C)C)C2=CN(N=C2C)C>>Cc1nn(C)cc1-c1ccc(C(N)CCOc2ccccc2)cc1.NC(CCOc1ccccc1)c1ccccc1.Cc1ccn(C)n1,005_RLN-NB-2443_012_J9,7/7/2023 11:31:19 PM,005_rln-nb-2443_012_j9.raw,2min_150_1200.EXP,005_RLN-NB-2443_012_J9,005_RLN-NB-2443_012_J9,Rxn_Opt_HSST3_2_98,Analog,0,0,0,0,0,1.0563272195474804,0.7398,0,0,0,False,96.06874826542,1.25,deborylation_0,0,0,0,0,0,48.75392642203422,19.07519130609994,1.0563272195474804,194.9,0.7398,0,0,0,0,0,0,0,0,0,0,0,0,0,0,0,0,0,0,0,0,0,0,0,0,0,0,0,0,0,0,0,0,0,0,0,0.0,0.0,0.0,0.0,0.0,0.0,0.0,0.0,0.0,0.0,0.0,0.0,0.0,0.0,0.0,0.0,0.0,0.0,0.0,0.0,0.0,0.0,0.0
225,J10,Cl[Pd]Cl.CC1(C)c2cccc(P(c3ccccc3)c4ccccc4)c2Oc5c(cccc15)P(c6ccccc6)c7ccccc7,PdCl2(XantPhos),0.04025476350000001 milligram,0.05325 micromole,0.04025476350000002 microliter,C39H32Cl2OP2Pd,C1=CC=C(C=C1)OCCC(C2=CC=C(C=C2)Cl)N.Cl,1-(1-amino-3-phenoxypropyl)-4-chlorobenzene hydrochloride,0.079324658 milligram,0.266 micromole,0.07932465800000002 microliter,C15H17Cl2NO,B1(OC(C(O1)(C)C)(C)C)C2=CN(N=C2C)C,"1,3-dimethyl-4-(4,4,5,5-tetramethyl-1,3,2-dioxaborolan-2-yl)-1H-pyrazole",0.07107104000000002 milligram,0.32000000000000006 micromole,0.07107104000000003 microliter,C11H19BN2O2,[Na+].[Na+].[O-]C([O-])=O,Na2CO3,0.21197599999999997 milligram,2.0 micromole,0.21197600000000003 microliter,CNa2O3,CN1C=NC2=C1C(=O)N(C(=O)N2C)C,caffeine,0.051654806000000004 milligram,0.266 micromole,0.05165480600000002 microliter,C8H10N4O2,C1COCCO1,dioxane,11.124 milligram,126.25700860327335 micromole,10.8 microliter,C4H8O2,O,water,1.2000000000000002 milligram,66.6111573688593 micromole,1.2000000000000002 microliter,H2O,Cc1nn(C)cc1-c1ccc(C(N)CCOc2ccccc2)cc1,suzuki_product_0,0.0 milligram,0.0 micromole,0 microliter,C20H23N3O,NC(CCOc1ccccc1)c1ccccc1,dehalogenation_0,0.0 milligram,0.0 micromole,0 microliter,C15H17NO,Cc1ccn(C)n1,deborylation_0,0.0 milligram,0.0 micromole,0 microliter,C5H8N2,C1=CC=C(C=C1)OCCC(C2=CC=C(C=C2)Cl)N.Cl.B1(OC(C(O1)(C)C)(C)C)C2=CN(N=C2C)C>>Cc1nn(C)cc1-c1ccc(C(N)CCOc2ccccc2)cc1.NC(CCOc1ccccc1)c1ccccc1.Cc1ccn(C)n1,005_RLN-NB-2443_012_J10,7/7/2023 11:33:46 PM,005_rln-nb-2443_012_j10.raw,2min_150_1200.EXP,005_RLN-NB-2443_012_J10,005_RLN-NB-2443_012_J10,Rxn_Opt_HSST3_2_98,Analog,0,0,0,0,0,1.447706401866638,0.7415,0,0,0,False,96.06874826542,1.25,deborylation_0,0,0,0,0,0,64.47715091200291,15.88620661635952,1.447706401866638,194.9,0.7415,0,0,0,0,0,0,0,0,0,0,0,0,0,0,0,0,0,0,0,0,0,0,0,0,0,0,0,0,0,0,0,0,0,0,0,0.0,0.0,0.0,0.0,0.0,0.0,0.0,0.0,0.0,0.0,0.0,0.0,0.0,0.0,0.0,0.0,0.0,0.0,0.0,0.0,0.0,0.0,0.0
226,J11,Cl[Pd]Cl.CC1(C)c2cccc(P(c3ccccc3)c4ccccc4)c2Oc5c(cccc15)P(c6ccccc6)c7ccccc7,PdCl2(XantPhos),0.04025476350000001 milligram,0.05325 micromole,0.04025476350000002 microliter,C39H32Cl2OP2Pd,C1=CC=C(C=C1)OCCC(C2=CC=C(C=C2)Cl)N.Cl,1-(1-amino-3-phenoxypropyl)-4-chlorobenzene hydrochloride,0.079324658 milligram,0.266 micromole,0.07932465800000002 microliter,C15H17Cl2NO,B1(OC(C(O1)(C)C)(C)C)C2=CN(N=C2C)C,"1,3-dimethyl-4-(4,4,5,5-tetramethyl-1,3,2-dioxaborolan-2-yl)-1H-pyrazole",0.07107104000000002 milligram,0.32000000000000006 micromole,0.07107104000000003 microliter,C11H19BN2O2,[K+].[K+].[K+].[O-]P([O-])([O-])=O,K3PO4,0.42452799999999996 milligram,2.0 micromole,0.42452800000000007 microliter,K3O4P,CN1C=NC2=C1C(=O)N(C(=O)N2C)C,caffeine,0.051654806000000004 milligram,0.266 micromole,0.05165480600000002 microliter,C8H10N4O2,C1COCCO1,dioxane,11.124 milligram,126.25700860327335 micromole,10.8 microliter,C4H8O2,O,water,1.2000000000000002 milligram,66.6111573688593 micromole,1.2000000000000002 microliter,H2O,Cc1nn(C)cc1-c1ccc(C(N)CCOc2ccccc2)cc1,suzuki_product_0,0.0 milligram,0.0 micromole,0 microliter,C20H23N3O,NC(CCOc1ccccc1)c1ccccc1,dehalogenation_0,0.0 milligram,0.0 micromole,0 microliter,C15H17NO,Cc1ccn(C)n1,deborylation_0,0.0 milligram,0.0 micromole,0 microliter,C5H8N2,C1=CC=C(C=C1)OCCC(C2=CC=C(C=C2)Cl)N.Cl.B1(OC(C(O1)(C)C)(C)C)C2=CN(N=C2C)C>>Cc1nn(C)cc1-c1ccc(C(N)CCOc2ccccc2)cc1.NC(CCOc1ccccc1)c1ccccc1.Cc1ccn(C)n1,005_RLN-NB-2443_012_J11,7/7/2023 11:36:13 PM,005_rln-nb-2443_012_j11.raw,2min_150_1200.EXP,005_RLN-NB-2443_012_J11,005_RLN-NB-2443_012_J11,Rxn_Opt_HSST3_2_98,Analog,0,0,0,0,0,1.042636559554033,0.7398,0,0,0,False,96.06874826542,1.25,deborylation_0,0,0,0,0,0,48.3510637450474,13.817912055828502,1.042636559554033,195,0.7398,0,0,0,0,0,0,0,0,0,0,0,0,0,0,0,0,0,0,0,0,0,0,0,0,0,0,0,0,0,0,0,0,0,0,0,0.0,0.0,0.0,0.0,0.0,0.0,0.0,0.0,0.0,0.0,0.0,0.0,0.0,0.0,0.0,0.0,0.0,0.0,0.0,0.0,0.0,0.0,0.0
227,J12,Cl[Pd]Cl.CC1(C)c2cccc(P(c3ccccc3)c4ccccc4)c2Oc5c(cccc15)P(c6ccccc6)c7ccccc7,PdCl2(XantPhos),0.04025476350000001 milligram,0.05325 micromole,0.04025476350000002 microliter,C39H32Cl2OP2Pd,C1=CC=C(C=C1)OCCC(C2=CC=C(C=C2)Cl)N.Cl,1-(1-amino-3-phenoxypropyl)-4-chlorobenzene hydrochloride,0.079324658 milligram,0.266 micromole,0.07932465800000002 microliter,C15H17Cl2NO,B1(OC(C(O1)(C)C)(C)C)C2=CN(N=C2C)C,"1,3-dimethyl-4-(4,4,5,5-tetramethyl-1,3,2-dioxaborolan-2-yl)-1H-pyrazole",0.07107104000000002 milligram,0.32000000000000006 micromole,0.07107104000000003 microliter,C11H19BN2O2,[Na+].C[Si](C)(C)[O-],NaOTMS,0.22435999999999995 milligram,2.0 micromole,0.22436 microliter,C3H9NaOSi,CN1C=NC2=C1C(=O)N(C(=O)N2C)C,caffeine,0.051654806000000004 milligram,0.266 micromole,0.05165480600000002 microliter,C8H10N4O2,C1COCCO1,dioxane,11.124 milligram,126.25700860327335 micromole,10.8 microliter,C4H8O2,O,water,1.2000000000000002 milligram,66.6111573688593 micromole,1.2000000000000002 microliter,H2O,Cc1nn(C)cc1-c1ccc(C(N)CCOc2ccccc2)cc1,suzuki_product_0,0.0 milligram,0.0 micromole,0 microliter,C20H23N3O,NC(CCOc1ccccc1)c1ccccc1,dehalogenation_0,0.0 milligram,0.0 micromole,0 microliter,C15H17NO,Cc1ccn(C)n1,deborylation_0,0.0 milligram,0.0 micromole,0 microliter,C5H8N2,C1=CC=C(C=C1)OCCC(C2=CC=C(C=C2)Cl)N.Cl.B1(OC(C(O1)(C)C)(C)C)C2=CN(N=C2C)C>>Cc1nn(C)cc1-c1ccc(C(N)CCOc2ccccc2)cc1.NC(CCOc1ccccc1)c1ccccc1.Cc1ccn(C)n1,005_RLN-NB-2443_012_J12,7/7/2023 11:38:40 PM,005_rln-nb-2443_012_j12.raw,2min_150_1200.EXP,005_RLN-NB-2443_012_J12,005_RLN-NB-2443_012_J12,Rxn_Opt_HSST3_2_98,Analog,0,0,0,0,0,1.4467487013115,0.7415,0.12284812260298399,0.7731,0,False,96.06874826542,1.25,deborylation_0,0,0,0,0,0,69.11025563757106,14.609020084361326,1.4467487013115,194.9,0.7415,0,0,0,0,0,0,0,0,0,0,0,0,0,0,0,0,0,0,0,0,0,0,0,0,0,0,0,0,0,0,0,0,0,0,0,5.78661114558294,1.2404992579610827,0.12284812260298399,333.0,0.7731,0.0,0.0,2.258692237481948e-05,8.491324201059955,0.0,0.0,0.0,0.0,0.0,0.0,0.0,0.0,0.0,0.0,0.0,0.0,0.0,0.0
228,J13,CC(C)C1=CC(C(C)C)=CC(C(C)C)=C1C2=C([P+](C3CCCCC3)([Pd-2]4(OS(C)(=O)=O)C(C=CC=C5)=C5C6=C([NH+]4C)C=CC=C6)C7CCCCC7)C=CC=C2,XPhos Pd G4,0.04582130549999999 milligram,0.05325 micromole,0.0458213055 microliter,C47H64NO3PPdS,C1=CC=C(C=C1)OCCC(C2=CC=C(C=C2)Cl)N.Cl,1-(1-amino-3-phenoxypropyl)-4-chlorobenzene hydrochloride,0.079324658 milligram,0.266 micromole,0.07932465800000002 microliter,C15H17Cl2NO,B1(OC(C(O1)(C)C)(C)C)C2=CN(N=C2C)C,"1,3-dimethyl-4-(4,4,5,5-tetramethyl-1,3,2-dioxaborolan-2-yl)-1H-pyrazole",0.07107104000000002 milligram,0.32000000000000006 micromole,0.07107104000000003 microliter,C11H19BN2O2,[Na+].[Na+].[O-]C([O-])=O,Na2CO3,0.21197599999999997 milligram,2.0 micromole,0.21197600000000003 microliter,CNa2O3,CN1C=NC2=C1C(=O)N(C(=O)N2C)C,caffeine,0.051654806000000004 milligram,0.266 micromole,0.05165480600000002 microliter,C8H10N4O2,Cc1ccccc1,toluene,9.3096 milligram,101.03645499831781 micromole,10.8 microliter,C7H8,O,water,1.2000000000000002 milligram,66.6111573688593 micromole,1.2000000000000002 microliter,H2O,Cc1nn(C)cc1-c1ccc(C(N)CCOc2ccccc2)cc1,suzuki_product_0,0.0 milligram,0.0 micromole,0 microliter,C20H23N3O,NC(CCOc1ccccc1)c1ccccc1,dehalogenation_0,0.0 milligram,0.0 micromole,0 microliter,C15H17NO,Cc1ccn(C)n1,deborylation_0,0.0 milligram,0.0 micromole,0 microliter,C5H8N2,C1=CC=C(C=C1)OCCC(C2=CC=C(C=C2)Cl)N.Cl.B1(OC(C(O1)(C)C)(C)C)C2=CN(N=C2C)C>>Cc1nn(C)cc1-c1ccc(C(N)CCOc2ccccc2)cc1.NC(CCOc1ccccc1)c1ccccc1.Cc1ccn(C)n1,005_RLN-NB-2443_012_J13,7/7/2023 11:41:07 PM,005_rln-nb-2443_012_j13.raw,2min_150_1200.EXP,005_RLN-NB-2443_012_J13,005_RLN-NB-2443_012_J13,Rxn_Opt_HSST3_2_98,Analog,0,0,0,0,0,0.639368223263589,0.7415,0,0,0,False,96.06874826542,1.25,deborylation_0,0,0,0,0,0,30.795296455357807,20.934383092259083,0.639368223263589,194.9,0.7415,0,0,0,0,0,0,0,0,0,0,0,0,0,0,0,0,0,0,0,0,0,0,0,0,0,0,0,0,0,0,0,0,0,0,0,0.0,0.0,0.0,0.0,0.0,0.0,0.0,0.0,0.0,0.0,0.0,0.0,0.0,0.0,0.0,0.0,0.0,0.0,0.0,0.0,0.0,0.0,0.0
229,J14,CC(C)C1=CC(C(C)C)=CC(C(C)C)=C1C2=C([P+](C3CCCCC3)([Pd-2]4(OS(C)(=O)=O)C(C=CC=C5)=C5C6=C([NH+]4C)C=CC=C6)C7CCCCC7)C=CC=C2,XPhos Pd G4,0.04582130549999999 milligram,0.05325 micromole,0.0458213055 microliter,C47H64NO3PPdS,C1=CC=C(C=C1)OCCC(C2=CC=C(C=C2)Cl)N.Cl,1-(1-amino-3-phenoxypropyl)-4-chlorobenzene hydrochloride,0.079324658 milligram,0.266 micromole,0.07932465800000002 microliter,C15H17Cl2NO,B1(OC(C(O1)(C)C)(C)C)C2=CN(N=C2C)C,"1,3-dimethyl-4-(4,4,5,5-tetramethyl-1,3,2-dioxaborolan-2-yl)-1H-pyrazole",0.07107104000000002 milligram,0.32000000000000006 micromole,0.07107104000000003 microliter,C11H19BN2O2,[K+].[K+].[K+].[O-]P([O-])([O-])=O,K3PO4,0.42452799999999996 milligram,2.0 micromole,0.42452800000000007 microliter,K3O4P,CN1C=NC2=C1C(=O)N(C(=O)N2C)C,caffeine,0.051654806000000004 milligram,0.266 micromole,0.05165480600000002 microliter,C8H10N4O2,Cc1ccccc1,toluene,9.3096 milligram,101.03645499831781 micromole,10.8 microliter,C7H8,O,water,1.2000000000000002 milligram,66.6111573688593 micromole,1.2000000000000002 microliter,H2O,Cc1nn(C)cc1-c1ccc(C(N)CCOc2ccccc2)cc1,suzuki_product_0,0.0 milligram,0.0 micromole,0 microliter,C20H23N3O,NC(CCOc1ccccc1)c1ccccc1,dehalogenation_0,0.0 milligram,0.0 micromole,0 microliter,C15H17NO,Cc1ccn(C)n1,deborylation_0,0.0 milligram,0.0 micromole,0 microliter,C5H8N2,C1=CC=C(C=C1)OCCC(C2=CC=C(C=C2)Cl)N.Cl.B1(OC(C(O1)(C)C)(C)C)C2=CN(N=C2C)C>>Cc1nn(C)cc1-c1ccc(C(N)CCOc2ccccc2)cc1.NC(CCOc1ccccc1)c1ccccc1.Cc1ccn(C)n1,005_RLN-NB-2443_012_J14,7/7/2023 11:43:32 PM,005_rln-nb-2443_012_j14.raw,2min_150_1200.EXP,005_RLN-NB-2443_012_J14,005_RLN-NB-2443_012_J14,Rxn_Opt_HSST3_2_98,Analog,0,0,0,0,0,0.3533523328890687,0.7398,0,0,0,False,96.06874826542,1.25,deborylation_0,0,0,0,0,0,17.45468774419744,10.624943900999419,0.3533523328890687,195,0.7398,0,0,0,0,0,0,0,0,0,0,0,0,0,0,0,0,0,0,0,0,0,0,0,0,0,0,0,0,0,0,0,0,0,0,0,0.0,0.0,0.0,0.0,0.0,0.0,0.0,0.0,0.0,0.0,0.0,0.0,0.0,0.0,0.0,0.0,0.0,0.0,0.0,0.0,0.0,0.0,0.0
230,J15,CC(C)C1=CC(C(C)C)=CC(C(C)C)=C1C2=C([P+](C3CCCCC3)([Pd-2]4(OS(C)(=O)=O)C(C=CC=C5)=C5C6=C([NH+]4C)C=CC=C6)C7CCCCC7)C=CC=C2,XPhos Pd G4,0.04582130549999999 milligram,0.05325 micromole,0.0458213055 microliter,C47H64NO3PPdS,C1=CC=C(C=C1)OCCC(C2=CC=C(C=C2)Cl)N.Cl,1-(1-amino-3-phenoxypropyl)-4-chlorobenzene hydrochloride,0.079324658 milligram,0.266 micromole,0.07932465800000002 microliter,C15H17Cl2NO,B1(OC(C(O1)(C)C)(C)C)C2=CN(N=C2C)C,"1,3-dimethyl-4-(4,4,5,5-tetramethyl-1,3,2-dioxaborolan-2-yl)-1H-pyrazole",0.07107104000000002 milligram,0.32000000000000006 micromole,0.07107104000000003 microliter,C11H19BN2O2,[Na+].C[Si](C)(C)[O-],NaOTMS,0.22435999999999995 milligram,2.0 micromole,0.22436 microliter,C3H9NaOSi,CN1C=NC2=C1C(=O)N(C(=O)N2C)C,caffeine,0.051654806000000004 milligram,0.266 micromole,0.05165480600000002 microliter,C8H10N4O2,Cc1ccccc1,toluene,9.3096 milligram,101.03645499831781 micromole,10.8 microliter,C7H8,O,water,1.2000000000000002 milligram,66.6111573688593 micromole,1.2000000000000002 microliter,H2O,Cc1nn(C)cc1-c1ccc(C(N)CCOc2ccccc2)cc1,suzuki_product_0,0.0 milligram,0.0 micromole,0 microliter,C20H23N3O,NC(CCOc1ccccc1)c1ccccc1,dehalogenation_0,0.0 milligram,0.0 micromole,0 microliter,C15H17NO,Cc1ccn(C)n1,deborylation_0,0.0 milligram,0.0 micromole,0 microliter,C5H8N2,C1=CC=C(C=C1)OCCC(C2=CC=C(C=C2)Cl)N.Cl.B1(OC(C(O1)(C)C)(C)C)C2=CN(N=C2C)C>>Cc1nn(C)cc1-c1ccc(C(N)CCOc2ccccc2)cc1.NC(CCOc1ccccc1)c1ccccc1.Cc1ccn(C)n1,005_RLN-NB-2443_012_J15,7/7/2023 11:46:00 PM,005_rln-nb-2443_012_j15.raw,2min_150_1200.EXP,005_RLN-NB-2443_012_J15,005_RLN-NB-2443_012_J15,Rxn_Opt_HSST3_2_98,Analog,0,0,0,0,0,1.2001827280535338,0.7398,0,0,0,False,96.06874826542,1.25,deborylation_0,0,0,0,0,0,54.22676292159407,24.851587863377116,1.2001827280535338,194.9,0.7398,0,0,0,0,0,0,0,0,0,0,0,0,0,0,0,0,0,0,0,0,0,0,0,0,0,0,0,0,0,0,0,0,0,0,0,0.0,0.0,0.0,0.0,0.0,0.0,0.0,0.0,0.0,0.0,0.0,0.0,0.0,0.0,0.0,0.0,0.0,0.0,0.0,0.0,0.0,0.0,0.0
231,J16,CC(C)(C)[P+]([Pd-2]1(C2=C(C3=C(C=CC=C3)[NH+]1C)C=CC=C2)OS(C)(=O)=O)(C(C)(C)C)C(C)(C)C,PtBu3 Pd G4,0.03120913275 milligram,0.05325 micromole,0.031209132750000007 microliter,C26H42NO3PPdS,C1=CC=C(C=C1)OCCC(C2=CC=C(C=C2)Cl)N.Cl,1-(1-amino-3-phenoxypropyl)-4-chlorobenzene hydrochloride,0.079324658 milligram,0.266 micromole,0.07932465800000002 microliter,C15H17Cl2NO,B1(OC(C(O1)(C)C)(C)C)C2=CN(N=C2C)C,"1,3-dimethyl-4-(4,4,5,5-tetramethyl-1,3,2-dioxaborolan-2-yl)-1H-pyrazole",0.07107104000000002 milligram,0.32000000000000006 micromole,0.07107104000000003 microliter,C11H19BN2O2,[Na+].[Na+].[O-]C([O-])=O,Na2CO3,0.21197599999999997 milligram,2.0 micromole,0.21197600000000003 microliter,CNa2O3,CN1C=NC2=C1C(=O)N(C(=O)N2C)C,caffeine,0.051654806000000004 milligram,0.266 micromole,0.05165480600000002 microliter,C8H10N4O2,Cc1ccccc1,toluene,9.3096 milligram,101.03645499831781 micromole,10.8 microliter,C7H8,O,water,1.2000000000000002 milligram,66.6111573688593 micromole,1.2000000000000002 microliter,H2O,Cc1nn(C)cc1-c1ccc(C(N)CCOc2ccccc2)cc1,suzuki_product_0,0.0 milligram,0.0 micromole,0 microliter,C20H23N3O,NC(CCOc1ccccc1)c1ccccc1,dehalogenation_0,0.0 milligram,0.0 micromole,0 microliter,C15H17NO,Cc1ccn(C)n1,deborylation_0,0.0 milligram,0.0 micromole,0 microliter,C5H8N2,C1=CC=C(C=C1)OCCC(C2=CC=C(C=C2)Cl)N.Cl.B1(OC(C(O1)(C)C)(C)C)C2=CN(N=C2C)C>>Cc1nn(C)cc1-c1ccc(C(N)CCOc2ccccc2)cc1.NC(CCOc1ccccc1)c1ccccc1.Cc1ccn(C)n1,005_RLN-NB-2443_012_J16,7/7/2023 11:48:27 PM,005_rln-nb-2443_012_j16.raw,2min_150_1200.EXP,005_RLN-NB-2443_012_J16,005_RLN-NB-2443_012_J16,Rxn_Opt_HSST3_2_98,Analog,0,0,0,0,0,1.2834545644907558,0.7415,0,0,0,False,96.06874826542,1.25,deborylation_0,0,0,0,0,0,60.5029562063399,27.490613687106517,1.2834545644907558,195,0.7415,0,0,0,0,0,0,0,0,0,0,0,0,0,0,0,0,0,0,0,0,0,0,0,0,0,0,0,0,0,0,0,0,0,0,0,0.0,0.0,0.0,0.0,0.0,0.0,0.0,0.0,0.0,0.0,0.0,0.0,0.0,0.0,0.0,0.0,0.0,0.0,0.0,0.0,0.0,0.0,0.0
232,J17,CC(C)(C)[P+]([Pd-2]1(C2=C(C3=C(C=CC=C3)[NH+]1C)C=CC=C2)OS(C)(=O)=O)(C(C)(C)C)C(C)(C)C,PtBu3 Pd G4,0.03120913275 milligram,0.05325 micromole,0.031209132750000007 microliter,C26H42NO3PPdS,C1=CC=C(C=C1)OCCC(C2=CC=C(C=C2)Cl)N.Cl,1-(1-amino-3-phenoxypropyl)-4-chlorobenzene hydrochloride,0.079324658 milligram,0.266 micromole,0.07932465800000002 microliter,C15H17Cl2NO,B1(OC(C(O1)(C)C)(C)C)C2=CN(N=C2C)C,"1,3-dimethyl-4-(4,4,5,5-tetramethyl-1,3,2-dioxaborolan-2-yl)-1H-pyrazole",0.07107104000000002 milligram,0.32000000000000006 micromole,0.07107104000000003 microliter,C11H19BN2O2,[K+].[K+].[K+].[O-]P([O-])([O-])=O,K3PO4,0.42452799999999996 milligram,2.0 micromole,0.42452800000000007 microliter,K3O4P,CN1C=NC2=C1C(=O)N(C(=O)N2C)C,caffeine,0.051654806000000004 milligram,0.266 micromole,0.05165480600000002 microliter,C8H10N4O2,Cc1ccccc1,toluene,9.3096 milligram,101.03645499831781 micromole,10.8 microliter,C7H8,O,water,1.2000000000000002 milligram,66.6111573688593 micromole,1.2000000000000002 microliter,H2O,Cc1nn(C)cc1-c1ccc(C(N)CCOc2ccccc2)cc1,suzuki_product_0,0.0 milligram,0.0 micromole,0 microliter,C20H23N3O,NC(CCOc1ccccc1)c1ccccc1,dehalogenation_0,0.0 milligram,0.0 micromole,0 microliter,C15H17NO,Cc1ccn(C)n1,deborylation_0,0.0 milligram,0.0 micromole,0 microliter,C5H8N2,C1=CC=C(C=C1)OCCC(C2=CC=C(C=C2)Cl)N.Cl.B1(OC(C(O1)(C)C)(C)C)C2=CN(N=C2C)C>>Cc1nn(C)cc1-c1ccc(C(N)CCOc2ccccc2)cc1.NC(CCOc1ccccc1)c1ccccc1.Cc1ccn(C)n1,005_RLN-NB-2443_012_J17,7/7/2023 11:50:54 PM,005_rln-nb-2443_012_j17.raw,2min_150_1200.EXP,005_RLN-NB-2443_012_J17,005_RLN-NB-2443_012_J17,Rxn_Opt_HSST3_2_98,Analog,0,0,0,0,0,0.9613646108968407,0.7398,0,0,0,False,96.06874826542,1.25,deborylation_0,0,0,0,0,0,46.04869792184948,21.210092876659086,0.9613646108968407,194.9,0.7398,0,0,0,0,0,0,0,0,0,0,0,0,0,0,0,0,0,0,0,0,0,0,0,0,0,0,0,0,0,0,0,0,0,0,0,0.0,0.0,0.0,0.0,0.0,0.0,0.0,0.0,0.0,0.0,0.0,0.0,0.0,0.0,0.0,0.0,0.0,0.0,0.0,0.0,0.0,0.0,0.0
233,J18,CC(C)(C)[P+]([Pd-2]1(C2=C(C3=C(C=CC=C3)[NH+]1C)C=CC=C2)OS(C)(=O)=O)(C(C)(C)C)C(C)(C)C,PtBu3 Pd G4,0.03120913275 milligram,0.05325 micromole,0.031209132750000007 microliter,C26H42NO3PPdS,C1=CC=C(C=C1)OCCC(C2=CC=C(C=C2)Cl)N.Cl,1-(1-amino-3-phenoxypropyl)-4-chlorobenzene hydrochloride,0.079324658 milligram,0.266 micromole,0.07932465800000002 microliter,C15H17Cl2NO,B1(OC(C(O1)(C)C)(C)C)C2=CN(N=C2C)C,"1,3-dimethyl-4-(4,4,5,5-tetramethyl-1,3,2-dioxaborolan-2-yl)-1H-pyrazole",0.07107104000000002 milligram,0.32000000000000006 micromole,0.07107104000000003 microliter,C11H19BN2O2,[Na+].C[Si](C)(C)[O-],NaOTMS,0.22435999999999995 milligram,2.0 micromole,0.22436 microliter,C3H9NaOSi,CN1C=NC2=C1C(=O)N(C(=O)N2C)C,caffeine,0.051654806000000004 milligram,0.266 micromole,0.05165480600000002 microliter,C8H10N4O2,Cc1ccccc1,toluene,9.3096 milligram,101.03645499831781 micromole,10.8 microliter,C7H8,O,water,1.2000000000000002 milligram,66.6111573688593 micromole,1.2000000000000002 microliter,H2O,Cc1nn(C)cc1-c1ccc(C(N)CCOc2ccccc2)cc1,suzuki_product_0,0.0 milligram,0.0 micromole,0 microliter,C20H23N3O,NC(CCOc1ccccc1)c1ccccc1,dehalogenation_0,0.0 milligram,0.0 micromole,0 microliter,C15H17NO,Cc1ccn(C)n1,deborylation_0,0.0 milligram,0.0 micromole,0 microliter,C5H8N2,C1=CC=C(C=C1)OCCC(C2=CC=C(C=C2)Cl)N.Cl.B1(OC(C(O1)(C)C)(C)C)C2=CN(N=C2C)C>>Cc1nn(C)cc1-c1ccc(C(N)CCOc2ccccc2)cc1.NC(CCOc1ccccc1)c1ccccc1.Cc1ccn(C)n1,005_RLN-NB-2443_012_J18,7/7/2023 11:53:21 PM,005_rln-nb-2443_012_j18.raw,2min_150_1200.EXP,005_RLN-NB-2443_012_J18,005_RLN-NB-2443_012_J18,Rxn_Opt_HSST3_2_98,Analog,0.07038478396332176,0,0.07807446571042453,1.465268050355556,0.8965,1.1092520473048542,0.7398,0,0,0,False,96.06874826542,1.25,deborylation_0,0,0,0,0,0,52.76126583481741,17.230853007456357,1.1092520473048542,194.9,0.7398,0,0,0,0,0,4.106004354696385,1.2127898664335688,0.07807446571042453,179.1,0.8965,0,0,0,0,0,0,0,0,0,0,0,0,0,0,0,0,0,0,0,0,0,0,0,0,0,0.0,0.0,0.0,0.0,0.0,0.0,0.0,0.0,0.0,0.0,0.0,1.872235253424359e-05,7.038478396332176,0.0,0.0,0.0,0.0,0.0,0.0,0.0,0.0,0.0,0.0
234,J19,CC(C1=CC=CC(C(C)C)=C1C2=C(C(OC(C)(C)C)=CC=C2OC)[P+]([Pd-2]3(C4=C(C5=C(C=CC=C5)[NH+]3C)C=CC=C4)OS(C)(=O)=O)(C6CCCCC6)C7CCCCC7)C,GPhos Pd G4,0.049019074499999975 milligram,0.05325 micromole,0.04901907449999999 microliter,C49H68NO5PPdS,C1=CC=C(C=C1)OCCC(C2=CC=C(C=C2)Cl)N.Cl,1-(1-amino-3-phenoxypropyl)-4-chlorobenzene hydrochloride,0.079324658 milligram,0.266 micromole,0.07932465800000002 microliter,C15H17Cl2NO,B1(OC(C(O1)(C)C)(C)C)C2=CN(N=C2C)C,"1,3-dimethyl-4-(4,4,5,5-tetramethyl-1,3,2-dioxaborolan-2-yl)-1H-pyrazole",0.07107104000000002 milligram,0.32000000000000006 micromole,0.07107104000000003 microliter,C11H19BN2O2,[Na+].[Na+].[O-]C([O-])=O,Na2CO3,0.21197599999999997 milligram,2.0 micromole,0.21197600000000003 microliter,CNa2O3,CN1C=NC2=C1C(=O)N(C(=O)N2C)C,caffeine,0.051654806000000004 milligram,0.266 micromole,0.05165480600000002 microliter,C8H10N4O2,Cc1ccccc1,toluene,9.3096 milligram,101.03645499831781 micromole,10.8 microliter,C7H8,O,water,1.2000000000000002 milligram,66.6111573688593 micromole,1.2000000000000002 microliter,H2O,Cc1nn(C)cc1-c1ccc(C(N)CCOc2ccccc2)cc1,suzuki_product_0,0.0 milligram,0.0 micromole,0 microliter,C20H23N3O,NC(CCOc1ccccc1)c1ccccc1,dehalogenation_0,0.0 milligram,0.0 micromole,0 microliter,C15H17NO,Cc1ccn(C)n1,deborylation_0,0.0 milligram,0.0 micromole,0 microliter,C5H8N2,C1=CC=C(C=C1)OCCC(C2=CC=C(C=C2)Cl)N.Cl.B1(OC(C(O1)(C)C)(C)C)C2=CN(N=C2C)C>>Cc1nn(C)cc1-c1ccc(C(N)CCOc2ccccc2)cc1.NC(CCOc1ccccc1)c1ccccc1.Cc1ccn(C)n1,005_RLN-NB-2443_012_J19,7/7/2023 11:55:47 PM,005_rln-nb-2443_012_j19.raw,2min_150_1200.EXP,005_RLN-NB-2443_012_J19,005_RLN-NB-2443_012_J19,Rxn_Opt_HSST3_2_98,Analog,0,0,0,0,0,0.5099845817801429,0.7415,0,0,0,False,96.06874826542,1.25,deborylation_0,0,0,0,0,0,25.613665043551784,21.282182582261143,0.5099845817801429,194.9,0.7415,0,0,0,0,0,0,0,0,0,0,0,0,0,0,0,0,0,0,0,0,0,0,0,0,0,0,0,0,0,0,0,0,0,0,0,0.0,0.0,0.0,0.0,0.0,0.0,0.0,0.0,0.0,0.0,0.0,0.0,0.0,0.0,0.0,0.0,0.0,0.0,0.0,0.0,0.0,0.0,0.0
235,J20,CC(C1=CC=CC(C(C)C)=C1C2=C(C(OC(C)(C)C)=CC=C2OC)[P+]([Pd-2]3(C4=C(C5=C(C=CC=C5)[NH+]3C)C=CC=C4)OS(C)(=O)=O)(C6CCCCC6)C7CCCCC7)C,GPhos Pd G4,0.049019074499999975 milligram,0.05325 micromole,0.04901907449999999 microliter,C49H68NO5PPdS,C1=CC=C(C=C1)OCCC(C2=CC=C(C=C2)Cl)N.Cl,1-(1-amino-3-phenoxypropyl)-4-chlorobenzene hydrochloride,0.079324658 milligram,0.266 micromole,0.07932465800000002 microliter,C15H17Cl2NO,B1(OC(C(O1)(C)C)(C)C)C2=CN(N=C2C)C,"1,3-dimethyl-4-(4,4,5,5-tetramethyl-1,3,2-dioxaborolan-2-yl)-1H-pyrazole",0.07107104000000002 milligram,0.32000000000000006 micromole,0.07107104000000003 microliter,C11H19BN2O2,[K+].[K+].[K+].[O-]P([O-])([O-])=O,K3PO4,0.42452799999999996 milligram,2.0 micromole,0.42452800000000007 microliter,K3O4P,CN1C=NC2=C1C(=O)N(C(=O)N2C)C,caffeine,0.051654806000000004 milligram,0.266 micromole,0.05165480600000002 microliter,C8H10N4O2,Cc1ccccc1,toluene,9.3096 milligram,101.03645499831781 micromole,10.8 microliter,C7H8,O,water,1.2000000000000002 milligram,66.6111573688593 micromole,1.2000000000000002 microliter,H2O,Cc1nn(C)cc1-c1ccc(C(N)CCOc2ccccc2)cc1,suzuki_product_0,0.0 milligram,0.0 micromole,0 microliter,C20H23N3O,NC(CCOc1ccccc1)c1ccccc1,dehalogenation_0,0.0 milligram,0.0 micromole,0 microliter,C15H17NO,Cc1ccn(C)n1,deborylation_0,0.0 milligram,0.0 micromole,0 microliter,C5H8N2,C1=CC=C(C=C1)OCCC(C2=CC=C(C=C2)Cl)N.Cl.B1(OC(C(O1)(C)C)(C)C)C2=CN(N=C2C)C>>Cc1nn(C)cc1-c1ccc(C(N)CCOc2ccccc2)cc1.NC(CCOc1ccccc1)c1ccccc1.Cc1ccn(C)n1,005_RLN-NB-2443_012_J20,7/7/2023 11:58:13 PM,005_rln-nb-2443_012_j20.raw,2min_150_1200.EXP,005_RLN-NB-2443_012_J20,005_RLN-NB-2443_012_J20,Rxn_Opt_HSST3_2_98,Analog,0,0,0,0,0,0.9124516094987679,0.7415,0,0,0,False,96.06874826542,1.25,deborylation_0,0,0,0,0,0,44.735074335139956,20.637481895781555,0.9124516094987679,195,0.7415,0,0,0,0,0,0,0,0,0,0,0,0,0,0,0,0,0,0,0,0,0,0,0,0,0,0,0,0,0,0,0,0,0,0,0,0.0,0.0,0.0,0.0,0.0,0.0,0.0,0.0,0.0,0.0,0.0,0.0,0.0,0.0,0.0,0.0,0.0,0.0,0.0,0.0,0.0,0.0,0.0
236,J21,CC(C1=CC=CC(C(C)C)=C1C2=C(C(OC(C)(C)C)=CC=C2OC)[P+]([Pd-2]3(C4=C(C5=C(C=CC=C5)[NH+]3C)C=CC=C4)OS(C)(=O)=O)(C6CCCCC6)C7CCCCC7)C,GPhos Pd G4,0.049019074499999975 milligram,0.05325 micromole,0.04901907449999999 microliter,C49H68NO5PPdS,C1=CC=C(C=C1)OCCC(C2=CC=C(C=C2)Cl)N.Cl,1-(1-amino-3-phenoxypropyl)-4-chlorobenzene hydrochloride,0.079324658 milligram,0.266 micromole,0.07932465800000002 microliter,C15H17Cl2NO,B1(OC(C(O1)(C)C)(C)C)C2=CN(N=C2C)C,"1,3-dimethyl-4-(4,4,5,5-tetramethyl-1,3,2-dioxaborolan-2-yl)-1H-pyrazole",0.07107104000000002 milligram,0.32000000000000006 micromole,0.07107104000000003 microliter,C11H19BN2O2,[Na+].C[Si](C)(C)[O-],NaOTMS,0.22435999999999995 milligram,2.0 micromole,0.22436 microliter,C3H9NaOSi,CN1C=NC2=C1C(=O)N(C(=O)N2C)C,caffeine,0.051654806000000004 milligram,0.266 micromole,0.05165480600000002 microliter,C8H10N4O2,Cc1ccccc1,toluene,9.3096 milligram,101.03645499831781 micromole,10.8 microliter,C7H8,O,water,1.2000000000000002 milligram,66.6111573688593 micromole,1.2000000000000002 microliter,H2O,Cc1nn(C)cc1-c1ccc(C(N)CCOc2ccccc2)cc1,suzuki_product_0,0.0 milligram,0.0 micromole,0 microliter,C20H23N3O,NC(CCOc1ccccc1)c1ccccc1,dehalogenation_0,0.0 milligram,0.0 micromole,0 microliter,C15H17NO,Cc1ccn(C)n1,deborylation_0,0.0 milligram,0.0 micromole,0 microliter,C5H8N2,C1=CC=C(C=C1)OCCC(C2=CC=C(C=C2)Cl)N.Cl.B1(OC(C(O1)(C)C)(C)C)C2=CN(N=C2C)C>>Cc1nn(C)cc1-c1ccc(C(N)CCOc2ccccc2)cc1.NC(CCOc1ccccc1)c1ccccc1.Cc1ccn(C)n1,005_RLN-NB-2443_012_J21,7/8/2023 12:00:39 AM,005_rln-nb-2443_012_j21.raw,2min_150_1200.EXP,005_RLN-NB-2443_012_J21,005_RLN-NB-2443_012_J21,Rxn_Opt_HSST3_2_98,Analog,0,0,0,0,0,0.3402991931604093,0.7398,0,0,0,False,96.06874826542,1.25,deborylation_0,0,0,0,0,0,17.442225247504556,3.7600686963843626,0.3402991931604093,194.9,0.7398,0,0,0,0,0,0,0,0,0,0,0,0,0,0,0,0,0,0,0,0,0,0,0,0,0,0,0,0,0,0,0,0,0,0,0,0.0,0.0,0.0,0.0,0.0,0.0,0.0,0.0,0.0,0.0,0.0,0.0,0.0,0.0,0.0,0.0,0.0,0.0,0.0,0.0,0.0,0.0,0.0
237,J22,Cl[Pd]Cl.CC1(C)c2cccc(P(c3ccccc3)c4ccccc4)c2Oc5c(cccc15)P(c6ccccc6)c7ccccc7,PdCl2(XantPhos),0.04025476350000001 milligram,0.05325 micromole,0.04025476350000002 microliter,C39H32Cl2OP2Pd,C1=CC=C(C=C1)OCCC(C2=CC=C(C=C2)Cl)N.Cl,1-(1-amino-3-phenoxypropyl)-4-chlorobenzene hydrochloride,0.079324658 milligram,0.266 micromole,0.07932465800000002 microliter,C15H17Cl2NO,B1(OC(C(O1)(C)C)(C)C)C2=CN(N=C2C)C,"1,3-dimethyl-4-(4,4,5,5-tetramethyl-1,3,2-dioxaborolan-2-yl)-1H-pyrazole",0.07107104000000002 milligram,0.32000000000000006 micromole,0.07107104000000003 microliter,C11H19BN2O2,[Na+].[Na+].[O-]C([O-])=O,Na2CO3,0.21197599999999997 milligram,2.0 micromole,0.21197600000000003 microliter,CNa2O3,CN1C=NC2=C1C(=O)N(C(=O)N2C)C,caffeine,0.051654806000000004 milligram,0.266 micromole,0.05165480600000002 microliter,C8H10N4O2,Cc1ccccc1,toluene,9.3096 milligram,101.03645499831781 micromole,10.8 microliter,C7H8,O,water,1.2000000000000002 milligram,66.6111573688593 micromole,1.2000000000000002 microliter,H2O,Cc1nn(C)cc1-c1ccc(C(N)CCOc2ccccc2)cc1,suzuki_product_0,0.0 milligram,0.0 micromole,0 microliter,C20H23N3O,NC(CCOc1ccccc1)c1ccccc1,dehalogenation_0,0.0 milligram,0.0 micromole,0 microliter,C15H17NO,Cc1ccn(C)n1,deborylation_0,0.0 milligram,0.0 micromole,0 microliter,C5H8N2,C1=CC=C(C=C1)OCCC(C2=CC=C(C=C2)Cl)N.Cl.B1(OC(C(O1)(C)C)(C)C)C2=CN(N=C2C)C>>Cc1nn(C)cc1-c1ccc(C(N)CCOc2ccccc2)cc1.NC(CCOc1ccccc1)c1ccccc1.Cc1ccn(C)n1,005_RLN-NB-2443_012_J22,7/8/2023 12:03:05 AM,005_rln-nb-2443_012_j22.raw,2min_150_1200.EXP,005_RLN-NB-2443_012_J22,005_RLN-NB-2443_012_J22,Rxn_Opt_HSST3_2_98,Analog,0,0,0,0,0,0.5936047201406938,0.7398,0,0,0,False,96.06874826542,1.25,deborylation_0,0,0,0,0,0,27.729118054296773,19.224536913094987,0.5936047201406938,194.9,0.7398,0,0,0,0,0,0,0,0,0,0,0,0,0,0,0,0,0,0,0,0,0,0,0,0,0,0,0,0,0,0,0,0,0,0,0,0.0,0.0,0.0,0.0,0.0,0.0,0.0,0.0,0.0,0.0,0.0,0.0,0.0,0.0,0.0,0.0,0.0,0.0,0.0,0.0,0.0,0.0,0.0
238,J23,Cl[Pd]Cl.CC1(C)c2cccc(P(c3ccccc3)c4ccccc4)c2Oc5c(cccc15)P(c6ccccc6)c7ccccc7,PdCl2(XantPhos),0.04025476350000001 milligram,0.05325 micromole,0.04025476350000002 microliter,C39H32Cl2OP2Pd,C1=CC=C(C=C1)OCCC(C2=CC=C(C=C2)Cl)N.Cl,1-(1-amino-3-phenoxypropyl)-4-chlorobenzene hydrochloride,0.079324658 milligram,0.266 micromole,0.07932465800000002 microliter,C15H17Cl2NO,B1(OC(C(O1)(C)C)(C)C)C2=CN(N=C2C)C,"1,3-dimethyl-4-(4,4,5,5-tetramethyl-1,3,2-dioxaborolan-2-yl)-1H-pyrazole",0.07107104000000002 milligram,0.32000000000000006 micromole,0.07107104000000003 microliter,C11H19BN2O2,[K+].[K+].[K+].[O-]P([O-])([O-])=O,K3PO4,0.42452799999999996 milligram,2.0 micromole,0.42452800000000007 microliter,K3O4P,CN1C=NC2=C1C(=O)N(C(=O)N2C)C,caffeine,0.051654806000000004 milligram,0.266 micromole,0.05165480600000002 microliter,C8H10N4O2,Cc1ccccc1,toluene,9.3096 milligram,101.03645499831781 micromole,10.8 microliter,C7H8,O,water,1.2000000000000002 milligram,66.6111573688593 micromole,1.2000000000000002 microliter,H2O,Cc1nn(C)cc1-c1ccc(C(N)CCOc2ccccc2)cc1,suzuki_product_0,0.0 milligram,0.0 micromole,0 microliter,C20H23N3O,NC(CCOc1ccccc1)c1ccccc1,dehalogenation_0,0.0 milligram,0.0 micromole,0 microliter,C15H17NO,Cc1ccn(C)n1,deborylation_0,0.0 milligram,0.0 micromole,0 microliter,C5H8N2,C1=CC=C(C=C1)OCCC(C2=CC=C(C=C2)Cl)N.Cl.B1(OC(C(O1)(C)C)(C)C)C2=CN(N=C2C)C>>Cc1nn(C)cc1-c1ccc(C(N)CCOc2ccccc2)cc1.NC(CCOc1ccccc1)c1ccccc1.Cc1ccn(C)n1,005_RLN-NB-2443_012_J23,7/8/2023 12:05:32 AM,005_rln-nb-2443_012_j23.raw,2min_150_1200.EXP,005_RLN-NB-2443_012_J23,005_RLN-NB-2443_012_J23,Rxn_Opt_HSST3_2_98,Analog,0,0,0,0,0,0.7372979326320395,0.7381,0,0,0,False,96.06874826542,1.25,deborylation_0,0,0,0,0,0,32.312695815774596,14.438208982619852,0.7372979326320395,194.9,0.7381,0,0,0,0,0,0,0,0,0,0,0,0,0,0,0,0,0,0,0,0,0,0,0,0,0,0,0,0,0,0,0,0,0,0,0,0.0,0.0,0.0,0.0,0.0,0.0,0.0,0.0,0.0,0.0,0.0,0.0,0.0,0.0,0.0,0.0,0.0,0.0,0.0,0.0,0.0,0.0,0.0
239,J24,Cl[Pd]Cl.CC1(C)c2cccc(P(c3ccccc3)c4ccccc4)c2Oc5c(cccc15)P(c6ccccc6)c7ccccc7,PdCl2(XantPhos),0.04025476350000001 milligram,0.05325 micromole,0.04025476350000002 microliter,C39H32Cl2OP2Pd,C1=CC=C(C=C1)OCCC(C2=CC=C(C=C2)Cl)N.Cl,1-(1-amino-3-phenoxypropyl)-4-chlorobenzene hydrochloride,0.079324658 milligram,0.266 micromole,0.07932465800000002 microliter,C15H17Cl2NO,B1(OC(C(O1)(C)C)(C)C)C2=CN(N=C2C)C,"1,3-dimethyl-4-(4,4,5,5-tetramethyl-1,3,2-dioxaborolan-2-yl)-1H-pyrazole",0.07107104000000002 milligram,0.32000000000000006 micromole,0.07107104000000003 microliter,C11H19BN2O2,[Na+].C[Si](C)(C)[O-],NaOTMS,0.22435999999999995 milligram,2.0 micromole,0.22436 microliter,C3H9NaOSi,CN1C=NC2=C1C(=O)N(C(=O)N2C)C,caffeine,0.051654806000000004 milligram,0.266 micromole,0.05165480600000002 microliter,C8H10N4O2,Cc1ccccc1,toluene,9.3096 milligram,101.03645499831781 micromole,10.8 microliter,C7H8,O,water,1.2000000000000002 milligram,66.6111573688593 micromole,1.2000000000000002 microliter,H2O,Cc1nn(C)cc1-c1ccc(C(N)CCOc2ccccc2)cc1,suzuki_product_0,0.0 milligram,0.0 micromole,0 microliter,C20H23N3O,NC(CCOc1ccccc1)c1ccccc1,dehalogenation_0,0.0 milligram,0.0 micromole,0 microliter,C15H17NO,Cc1ccn(C)n1,deborylation_0,0.0 milligram,0.0 micromole,0 microliter,C5H8N2,C1=CC=C(C=C1)OCCC(C2=CC=C(C=C2)Cl)N.Cl.B1(OC(C(O1)(C)C)(C)C)C2=CN(N=C2C)C>>Cc1nn(C)cc1-c1ccc(C(N)CCOc2ccccc2)cc1.NC(CCOc1ccccc1)c1ccccc1.Cc1ccn(C)n1,005_RLN-NB-2443_012_J24,7/8/2023 12:07:59 AM,005_rln-nb-2443_012_j24.raw,2min_150_1200.EXP,005_RLN-NB-2443_012_J24,005_RLN-NB-2443_012_J24,Rxn_Opt_HSST3_2_98,Analog,0,0,0,0,0,0.7658465953154675,0.7398,0,0,0,False,96.06874826542,1.25,deborylation_0,0,0,0,0,0,36.74835851849611,13.696596173918868,0.7658465953154675,194.9,0.7398,0,0,0,0,0,0,0,0,0,0,0,0,0,0,0,0,0,0,0,0,0,0,0,0,0,0,0,0,0,0,0,0,0,0,0,0.0,0.0,0.0,0.0,0.0,0.0,0.0,0.0,0.0,0.0,0.0,0.0,0.0,0.0,0.0,0.0,0.0,0.0,0.0,0.0,0.0,0.0,0.0
240,K1,CC(C)C1=CC(C(C)C)=CC(C(C)C)=C1C2=C([P+](C3CCCCC3)([Pd-2]4(OS(C)(=O)=O)C(C=CC=C5)=C5C6=C([NH+]4C)C=CC=C6)C7CCCCC7)C=CC=C2,XPhos Pd G4,0.04582130549999999 milligram,0.05325 micromole,0.0458213055 microliter,C47H64NO3PPdS,C1=CC=C(C=C1)OCCC(C2=CC=C(C=C2)Cl)N.Cl,1-(1-amino-3-phenoxypropyl)-4-chlorobenzene hydrochloride,0.079324658 milligram,0.266 micromole,0.07932465800000002 microliter,C15H17Cl2NO,O=[N+](C1=CC=CC=C1B2OC(C)(C)C(C)(C)O2)[O-],"4,4,5,5-tetramethyl-2-(2-nitrophenyl)-1,3,2-dioxaborolane",0.079704 milligram,0.32000000000000006 micromole,0.07970400000000001 microliter,C12H16BNO4,[Na+].[Na+].[O-]C([O-])=O,Na2CO3,0.21197599999999997 milligram,2.0 micromole,0.21197600000000003 microliter,CNa2O3,CN1C=NC2=C1C(=O)N(C(=O)N2C)C,caffeine,0.051654806000000004 milligram,0.266 micromole,0.05165480600000002 microliter,C8H10N4O2,C1COCCO1,dioxane,11.124 milligram,126.25700860327335 micromole,10.8 microliter,C4H8O2,O,water,1.2000000000000002 milligram,66.6111573688593 micromole,1.2000000000000002 microliter,H2O,NC(CCOc1ccccc1)c1ccc(-c2ccccc2[N+](=O)[O-])cc1,suzuki_product_0,0.0 milligram,0.0 micromole,0 microliter,C21H20N2O3,NC(CCOc1ccccc1)c1ccccc1,dehalogenation_0,0.0 milligram,0.0 micromole,0 microliter,C15H17NO,O=[N+]([O-])c1ccccc1,deborylation_0,0.0 milligram,0.0 micromole,0 microliter,C6H5NO2,C1=CC=C(C=C1)OCCC(C2=CC=C(C=C2)Cl)N.Cl.O=[N+](C1=CC=CC=C1B2OC(C)(C)C(C)(C)O2)[O-]>>NC(CCOc1ccccc1)c1ccc(-c2ccccc2[N+](=O)[O-])cc1.NC(CCOc1ccccc1)c1ccccc1.O=[N+]([O-])c1ccccc1,005_RLN-NB-2443_012_K1,7/8/2023 12:10:26 AM,005_rln-nb-2443_012_k1.raw,2min_150_1200.EXP,005_RLN-NB-2443_012_K1,005_RLN-NB-2443_012_K1,Rxn_Opt_HSST3_2_98,Analog,0.6720357819665799,0,0.3708836775765231,6.635599593847953,1.0098,0.5518808485036396,0.7398,0,0,0,False,123.03202840392001,1.25,deborylation_0,0,0,0,0,0,27.799043471621882,8.986556720165895,0.5518808485036396,194.9,0.7398,0,0,0,0,0,0,0,0,0,0,16.663858514021268,6.03928767262371,0.3708836775765231,332,1.0098,0,0,0,0,0,0,0,0,0,0,0,0,0,0,0,0,0,0,0,0,0.0,0.0,0.0,0.0,0.0,0.0,0.0,0.0,0.0,0.00017876151800311026,67.20357819665799,0.0,0.0,0.0,0.0,0.0,0.0,0.0,0.0,0.0,0.0,0.0,0.0
241,K2,CC(C)C1=CC(C(C)C)=CC(C(C)C)=C1C2=C([P+](C3CCCCC3)([Pd-2]4(OS(C)(=O)=O)C(C=CC=C5)=C5C6=C([NH+]4C)C=CC=C6)C7CCCCC7)C=CC=C2,XPhos Pd G4,0.04582130549999999 milligram,0.05325 micromole,0.0458213055 microliter,C47H64NO3PPdS,C1=CC=C(C=C1)OCCC(C2=CC=C(C=C2)Cl)N.Cl,1-(1-amino-3-phenoxypropyl)-4-chlorobenzene hydrochloride,0.079324658 milligram,0.266 micromole,0.07932465800000002 microliter,C15H17Cl2NO,O=[N+](C1=CC=CC=C1B2OC(C)(C)C(C)(C)O2)[O-],"4,4,5,5-tetramethyl-2-(2-nitrophenyl)-1,3,2-dioxaborolane",0.079704 milligram,0.32000000000000006 micromole,0.07970400000000001 microliter,C12H16BNO4,[K+].[K+].[K+].[O-]P([O-])([O-])=O,K3PO4,0.42452799999999996 milligram,2.0 micromole,0.42452800000000007 microliter,K3O4P,CN1C=NC2=C1C(=O)N(C(=O)N2C)C,caffeine,0.051654806000000004 milligram,0.266 micromole,0.05165480600000002 microliter,C8H10N4O2,C1COCCO1,dioxane,11.124 milligram,126.25700860327335 micromole,10.8 microliter,C4H8O2,O,water,1.2000000000000002 milligram,66.6111573688593 micromole,1.2000000000000002 microliter,H2O,NC(CCOc1ccccc1)c1ccc(-c2ccccc2[N+](=O)[O-])cc1,suzuki_product_0,0.0 milligram,0.0 micromole,0 microliter,C21H20N2O3,NC(CCOc1ccccc1)c1ccccc1,dehalogenation_0,0.0 milligram,0.0 micromole,0 microliter,C15H17NO,O=[N+]([O-])c1ccccc1,deborylation_0,0.0 milligram,0.0 micromole,0 microliter,C6H5NO2,C1=CC=C(C=C1)OCCC(C2=CC=C(C=C2)Cl)N.Cl.O=[N+](C1=CC=CC=C1B2OC(C)(C)C(C)(C)O2)[O-]>>NC(CCOc1ccccc1)c1ccc(-c2ccccc2[N+](=O)[O-])cc1.NC(CCOc1ccccc1)c1ccccc1.O=[N+]([O-])c1ccccc1,005_RLN-NB-2443_012_K2,7/8/2023 12:12:53 AM,005_rln-nb-2443_012_k2.raw,2min_150_1200.EXP,005_RLN-NB-2443_012_K2,005_RLN-NB-2443_012_K2,Rxn_Opt_HSST3_2_98,Analog,0.6502025497068655,0,0.433722348850888,18.600603375059404,1.0081,0.6670572870660466,0.7398,0,0,0,False,123.03202840392001,1.25,deborylation_0,0,0,0,0,0,32.87091249410392,22.243975657546784,0.6670572870660466,195,0.7398,0,0,0,0,0,0,0,0,0,0,19.375777565584773,14.463089688154367,0.433722348850888,331.9,1.0081,0,0,0,0,0,0,0,0,0,0,0,0,0,0,0,0,0,0,0,0,0.0,0.0,0.0,0.0,0.0,0.0,0.0,0.0,0.0,0.00017295387822202624,65.02025497068655,0.0,0.0,0.0,0.0,0.0,0.0,0.0,0.0,0.0,0.0,0.0,0.0
242,K3,CC(C)C1=CC(C(C)C)=CC(C(C)C)=C1C2=C([P+](C3CCCCC3)([Pd-2]4(OS(C)(=O)=O)C(C=CC=C5)=C5C6=C([NH+]4C)C=CC=C6)C7CCCCC7)C=CC=C2,XPhos Pd G4,0.04582130549999999 milligram,0.05325 micromole,0.0458213055 microliter,C47H64NO3PPdS,C1=CC=C(C=C1)OCCC(C2=CC=C(C=C2)Cl)N.Cl,1-(1-amino-3-phenoxypropyl)-4-chlorobenzene hydrochloride,0.079324658 milligram,0.266 micromole,0.07932465800000002 microliter,C15H17Cl2NO,O=[N+](C1=CC=CC=C1B2OC(C)(C)C(C)(C)O2)[O-],"4,4,5,5-tetramethyl-2-(2-nitrophenyl)-1,3,2-dioxaborolane",0.079704 milligram,0.32000000000000006 micromole,0.07970400000000001 microliter,C12H16BNO4,[Na+].C[Si](C)(C)[O-],NaOTMS,0.22435999999999995 milligram,2.0 micromole,0.22436 microliter,C3H9NaOSi,CN1C=NC2=C1C(=O)N(C(=O)N2C)C,caffeine,0.051654806000000004 milligram,0.266 micromole,0.05165480600000002 microliter,C8H10N4O2,C1COCCO1,dioxane,11.124 milligram,126.25700860327335 micromole,10.8 microliter,C4H8O2,O,water,1.2000000000000002 milligram,66.6111573688593 micromole,1.2000000000000002 microliter,H2O,NC(CCOc1ccccc1)c1ccc(-c2ccccc2[N+](=O)[O-])cc1,suzuki_product_0,0.0 milligram,0.0 micromole,0 microliter,C21H20N2O3,NC(CCOc1ccccc1)c1ccccc1,dehalogenation_0,0.0 milligram,0.0 micromole,0 microliter,C15H17NO,O=[N+]([O-])c1ccccc1,deborylation_0,0.0 milligram,0.0 micromole,0 microliter,C6H5NO2,C1=CC=C(C=C1)OCCC(C2=CC=C(C=C2)Cl)N.Cl.O=[N+](C1=CC=CC=C1B2OC(C)(C)C(C)(C)O2)[O-]>>NC(CCOc1ccccc1)c1ccc(-c2ccccc2[N+](=O)[O-])cc1.NC(CCOc1ccccc1)c1ccccc1.O=[N+]([O-])c1ccccc1,005_RLN-NB-2443_012_K3,7/8/2023 12:15:20 AM,005_rln-nb-2443_012_k3.raw,2min_150_1200.EXP,005_RLN-NB-2443_012_K3,005_RLN-NB-2443_012_K3,Rxn_Opt_HSST3_2_98,Analog,1.0440148286564617,0,0.9316152826108763,0,0,0.8923391287552574,0.7398,0,0,0,False,123.03202840392001,1.25,deborylation_0,0,0,0,0,0,43.11658889709267,11.485678459064658,0.8923391287552574,195.1,0.7398,0,0,0,0,0,0,0,0,0,0,36.19909733292883,11.991218628443603,0.9316152826108763,331.8,1.0098,0,0,0,0,0,0,0,0,0,0,0,0,0,0,0,0,0,0,0,0,0.0,0.0,0.0,0.0,0.0,0.0,0.0,0.0,0.0,0.0002777079444226188,104.40148286564617,0.0,0.0,0.0,0.0,0.0,0.0,0.0,0.0,0.0,0.0,0.0,0.0
243,K4,CC(C)(C)[P+]([Pd-2]1(C2=C(C3=C(C=CC=C3)[NH+]1C)C=CC=C2)OS(C)(=O)=O)(C(C)(C)C)C(C)(C)C,PtBu3 Pd G4,0.03120913275 milligram,0.05325 micromole,0.031209132750000007 microliter,C26H42NO3PPdS,C1=CC=C(C=C1)OCCC(C2=CC=C(C=C2)Cl)N.Cl,1-(1-amino-3-phenoxypropyl)-4-chlorobenzene hydrochloride,0.079324658 milligram,0.266 micromole,0.07932465800000002 microliter,C15H17Cl2NO,O=[N+](C1=CC=CC=C1B2OC(C)(C)C(C)(C)O2)[O-],"4,4,5,5-tetramethyl-2-(2-nitrophenyl)-1,3,2-dioxaborolane",0.079704 milligram,0.32000000000000006 micromole,0.07970400000000001 microliter,C12H16BNO4,[Na+].[Na+].[O-]C([O-])=O,Na2CO3,0.21197599999999997 milligram,2.0 micromole,0.21197600000000003 microliter,CNa2O3,CN1C=NC2=C1C(=O)N(C(=O)N2C)C,caffeine,0.051654806000000004 milligram,0.266 micromole,0.05165480600000002 microliter,C8H10N4O2,C1COCCO1,dioxane,11.124 milligram,126.25700860327335 micromole,10.8 microliter,C4H8O2,O,water,1.2000000000000002 milligram,66.6111573688593 micromole,1.2000000000000002 microliter,H2O,NC(CCOc1ccccc1)c1ccc(-c2ccccc2[N+](=O)[O-])cc1,suzuki_product_0,0.0 milligram,0.0 micromole,0 microliter,C21H20N2O3,NC(CCOc1ccccc1)c1ccccc1,dehalogenation_0,0.0 milligram,0.0 micromole,0 microliter,C15H17NO,O=[N+]([O-])c1ccccc1,deborylation_0,0.0 milligram,0.0 micromole,0 microliter,C6H5NO2,C1=CC=C(C=C1)OCCC(C2=CC=C(C=C2)Cl)N.Cl.O=[N+](C1=CC=CC=C1B2OC(C)(C)C(C)(C)O2)[O-]>>NC(CCOc1ccccc1)c1ccc(-c2ccccc2[N+](=O)[O-])cc1.NC(CCOc1ccccc1)c1ccccc1.O=[N+]([O-])c1ccccc1,005_RLN-NB-2443_012_K4,7/8/2023 12:17:47 AM,005_rln-nb-2443_012_k4.raw,2min_150_1200.EXP,005_RLN-NB-2443_012_K4,005_RLN-NB-2443_012_K4,Rxn_Opt_HSST3_2_98,Analog,0,0,0,0,0,1.0692050376975697,0.7398,0,0,0,False,123.03202840392001,1.25,deborylation_0,0,0,0,0,0,50.607190578592835,15.290552641722451,1.0692050376975697,194.9,0.7398,0,0,0,0,0,0,0,0,0,0,0,0,0,0,0,0,0,0,0,0,0,0,0,0,0,0,0,0,0,0,0,0,0,0,0,0.0,0.0,0.0,0.0,0.0,0.0,0.0,0.0,0.0,0.0,0.0,0.0,0.0,0.0,0.0,0.0,0.0,0.0,0.0,0.0,0.0,0.0,0.0
244,K5,CC(C)(C)[P+]([Pd-2]1(C2=C(C3=C(C=CC=C3)[NH+]1C)C=CC=C2)OS(C)(=O)=O)(C(C)(C)C)C(C)(C)C,PtBu3 Pd G4,0.03120913275 milligram,0.05325 micromole,0.031209132750000007 microliter,C26H42NO3PPdS,C1=CC=C(C=C1)OCCC(C2=CC=C(C=C2)Cl)N.Cl,1-(1-amino-3-phenoxypropyl)-4-chlorobenzene hydrochloride,0.079324658 milligram,0.266 micromole,0.07932465800000002 microliter,C15H17Cl2NO,O=[N+](C1=CC=CC=C1B2OC(C)(C)C(C)(C)O2)[O-],"4,4,5,5-tetramethyl-2-(2-nitrophenyl)-1,3,2-dioxaborolane",0.079704 milligram,0.32000000000000006 micromole,0.07970400000000001 microliter,C12H16BNO4,[K+].[K+].[K+].[O-]P([O-])([O-])=O,K3PO4,0.42452799999999996 milligram,2.0 micromole,0.42452800000000007 microliter,K3O4P,CN1C=NC2=C1C(=O)N(C(=O)N2C)C,caffeine,0.051654806000000004 milligram,0.266 micromole,0.05165480600000002 microliter,C8H10N4O2,C1COCCO1,dioxane,11.124 milligram,126.25700860327335 micromole,10.8 microliter,C4H8O2,O,water,1.2000000000000002 milligram,66.6111573688593 micromole,1.2000000000000002 microliter,H2O,NC(CCOc1ccccc1)c1ccc(-c2ccccc2[N+](=O)[O-])cc1,suzuki_product_0,0.0 milligram,0.0 micromole,0 microliter,C21H20N2O3,NC(CCOc1ccccc1)c1ccccc1,dehalogenation_0,0.0 milligram,0.0 micromole,0 microliter,C15H17NO,O=[N+]([O-])c1ccccc1,deborylation_0,0.0 milligram,0.0 micromole,0 microliter,C6H5NO2,C1=CC=C(C=C1)OCCC(C2=CC=C(C=C2)Cl)N.Cl.O=[N+](C1=CC=CC=C1B2OC(C)(C)C(C)(C)O2)[O-]>>NC(CCOc1ccccc1)c1ccc(-c2ccccc2[N+](=O)[O-])cc1.NC(CCOc1ccccc1)c1ccccc1.O=[N+]([O-])c1ccccc1,005_RLN-NB-2443_012_K5,7/8/2023 12:20:14 AM,005_rln-nb-2443_012_k5.raw,2min_150_1200.EXP,005_RLN-NB-2443_012_K5,005_RLN-NB-2443_012_K5,Rxn_Opt_HSST3_2_98,Analog,0,0,0,0,0,0.8717880555014564,0.7415,0,0,0,False,123.03202840392001,1.25,deborylation_0,0,0,0,0,0,42.02925557906421,18.195957844862864,0.8717880555014564,194.9,0.7415,0,0,0,0,0,0,0,0,0,0,0,0,0,0,0,0,0,0,0,0,0,0,0,0,0,0,0,0,0,0,0,0,0,0,0,0.0,0.0,0.0,0.0,0.0,0.0,0.0,0.0,0.0,0.0,0.0,0.0,0.0,0.0,0.0,0.0,0.0,0.0,0.0,0.0,0.0,0.0,0.0
245,K6,CC(C)(C)[P+]([Pd-2]1(C2=C(C3=C(C=CC=C3)[NH+]1C)C=CC=C2)OS(C)(=O)=O)(C(C)(C)C)C(C)(C)C,PtBu3 Pd G4,0.03120913275 milligram,0.05325 micromole,0.031209132750000007 microliter,C26H42NO3PPdS,C1=CC=C(C=C1)OCCC(C2=CC=C(C=C2)Cl)N.Cl,1-(1-amino-3-phenoxypropyl)-4-chlorobenzene hydrochloride,0.079324658 milligram,0.266 micromole,0.07932465800000002 microliter,C15H17Cl2NO,O=[N+](C1=CC=CC=C1B2OC(C)(C)C(C)(C)O2)[O-],"4,4,5,5-tetramethyl-2-(2-nitrophenyl)-1,3,2-dioxaborolane",0.079704 milligram,0.32000000000000006 micromole,0.07970400000000001 microliter,C12H16BNO4,[Na+].C[Si](C)(C)[O-],NaOTMS,0.22435999999999995 milligram,2.0 micromole,0.22436 microliter,C3H9NaOSi,CN1C=NC2=C1C(=O)N(C(=O)N2C)C,caffeine,0.051654806000000004 milligram,0.266 micromole,0.05165480600000002 microliter,C8H10N4O2,C1COCCO1,dioxane,11.124 milligram,126.25700860327335 micromole,10.8 microliter,C4H8O2,O,water,1.2000000000000002 milligram,66.6111573688593 micromole,1.2000000000000002 microliter,H2O,NC(CCOc1ccccc1)c1ccc(-c2ccccc2[N+](=O)[O-])cc1,suzuki_product_0,0.0 milligram,0.0 micromole,0 microliter,C21H20N2O3,NC(CCOc1ccccc1)c1ccccc1,dehalogenation_0,0.0 milligram,0.0 micromole,0 microliter,C15H17NO,O=[N+]([O-])c1ccccc1,deborylation_0,0.0 milligram,0.0 micromole,0 microliter,C6H5NO2,C1=CC=C(C=C1)OCCC(C2=CC=C(C=C2)Cl)N.Cl.O=[N+](C1=CC=CC=C1B2OC(C)(C)C(C)(C)O2)[O-]>>NC(CCOc1ccccc1)c1ccc(-c2ccccc2[N+](=O)[O-])cc1.NC(CCOc1ccccc1)c1ccccc1.O=[N+]([O-])c1ccccc1,005_RLN-NB-2443_012_K6,7/8/2023 12:22:41 AM,005_rln-nb-2443_012_k6.raw,2min_150_1200.EXP,005_RLN-NB-2443_012_K6,005_RLN-NB-2443_012_K6,Rxn_Opt_HSST3_2_98,Analog,0.1863505561931975,0,0.12638726214284574,2.288633797537441,0.8931,0.6782231549221389,0.7398,0,0,0,False,123.03202840392001,1.25,deborylation_0,0,0,0,0,0,33.79220759474689,10.9380031023286,0.6782231549221389,195,0.7398,0,0,0,0,0,5.681756520834416,2.0383029617618544,0.12638726214284574,179,0.8931,0,0,0,0,0,0,0,0,0,0,0,0,0,0,0,0,0,0,0,0,0,0,0,0,0,0.0,0.0,0.0,0.0,0.0,0.0,0.0,0.0,0.0,0.0,0.0,4.956924794739054e-05,18.635055619319747,0.0,0.0,0.0,0.0,0.0,0.0,0.0,0.0,0.0,0.0
246,K7,CC(C1=CC=CC(C(C)C)=C1C2=C(C(OC(C)(C)C)=CC=C2OC)[P+]([Pd-2]3(C4=C(C5=C(C=CC=C5)[NH+]3C)C=CC=C4)OS(C)(=O)=O)(C6CCCCC6)C7CCCCC7)C,GPhos Pd G4,0.049019074499999975 milligram,0.05325 micromole,0.04901907449999999 microliter,C49H68NO5PPdS,C1=CC=C(C=C1)OCCC(C2=CC=C(C=C2)Cl)N.Cl,1-(1-amino-3-phenoxypropyl)-4-chlorobenzene hydrochloride,0.079324658 milligram,0.266 micromole,0.07932465800000002 microliter,C15H17Cl2NO,O=[N+](C1=CC=CC=C1B2OC(C)(C)C(C)(C)O2)[O-],"4,4,5,5-tetramethyl-2-(2-nitrophenyl)-1,3,2-dioxaborolane",0.079704 milligram,0.32000000000000006 micromole,0.07970400000000001 microliter,C12H16BNO4,[Na+].[Na+].[O-]C([O-])=O,Na2CO3,0.21197599999999997 milligram,2.0 micromole,0.21197600000000003 microliter,CNa2O3,CN1C=NC2=C1C(=O)N(C(=O)N2C)C,caffeine,0.051654806000000004 milligram,0.266 micromole,0.05165480600000002 microliter,C8H10N4O2,C1COCCO1,dioxane,11.124 milligram,126.25700860327335 micromole,10.8 microliter,C4H8O2,O,water,1.2000000000000002 milligram,66.6111573688593 micromole,1.2000000000000002 microliter,H2O,NC(CCOc1ccccc1)c1ccc(-c2ccccc2[N+](=O)[O-])cc1,suzuki_product_0,0.0 milligram,0.0 micromole,0 microliter,C21H20N2O3,NC(CCOc1ccccc1)c1ccccc1,dehalogenation_0,0.0 milligram,0.0 micromole,0 microliter,C15H17NO,O=[N+]([O-])c1ccccc1,deborylation_0,0.0 milligram,0.0 micromole,0 microliter,C6H5NO2,C1=CC=C(C=C1)OCCC(C2=CC=C(C=C2)Cl)N.Cl.O=[N+](C1=CC=CC=C1B2OC(C)(C)C(C)(C)O2)[O-]>>NC(CCOc1ccccc1)c1ccc(-c2ccccc2[N+](=O)[O-])cc1.NC(CCOc1ccccc1)c1ccccc1.O=[N+]([O-])c1ccccc1,005_RLN-NB-2443_012_K7,7/8/2023 12:25:08 AM,005_rln-nb-2443_012_k7.raw,2min_150_1200.EXP,005_RLN-NB-2443_012_K7,005_RLN-NB-2443_012_K7,Rxn_Opt_HSST3_2_98,Analog,0,0,0,0,0,0.9941430065105689,0.7415,0,0,0,False,123.03202840392001,1.25,deborylation_0,0,0,0,0,0,47.44626069627926,18.82453625649329,0.9941430065105689,194.9,0.7415,0,0,0,0,0,0,0,0,0,0,0,0,0,0,0,0,0,0,0,0,0,0,0,0,0,0,0,0,0,0,0,0,0,0,0,0.0,0.0,0.0,0.0,0.0,0.0,0.0,0.0,0.0,0.0,0.0,0.0,0.0,0.0,0.0,0.0,0.0,0.0,0.0,0.0,0.0,0.0,0.0
247,K8,CC(C1=CC=CC(C(C)C)=C1C2=C(C(OC(C)(C)C)=CC=C2OC)[P+]([Pd-2]3(C4=C(C5=C(C=CC=C5)[NH+]3C)C=CC=C4)OS(C)(=O)=O)(C6CCCCC6)C7CCCCC7)C,GPhos Pd G4,0.049019074499999975 milligram,0.05325 micromole,0.04901907449999999 microliter,C49H68NO5PPdS,C1=CC=C(C=C1)OCCC(C2=CC=C(C=C2)Cl)N.Cl,1-(1-amino-3-phenoxypropyl)-4-chlorobenzene hydrochloride,0.079324658 milligram,0.266 micromole,0.07932465800000002 microliter,C15H17Cl2NO,O=[N+](C1=CC=CC=C1B2OC(C)(C)C(C)(C)O2)[O-],"4,4,5,5-tetramethyl-2-(2-nitrophenyl)-1,3,2-dioxaborolane",0.079704 milligram,0.32000000000000006 micromole,0.07970400000000001 microliter,C12H16BNO4,[K+].[K+].[K+].[O-]P([O-])([O-])=O,K3PO4,0.42452799999999996 milligram,2.0 micromole,0.42452800000000007 microliter,K3O4P,CN1C=NC2=C1C(=O)N(C(=O)N2C)C,caffeine,0.051654806000000004 milligram,0.266 micromole,0.05165480600000002 microliter,C8H10N4O2,C1COCCO1,dioxane,11.124 milligram,126.25700860327335 micromole,10.8 microliter,C4H8O2,O,water,1.2000000000000002 milligram,66.6111573688593 micromole,1.2000000000000002 microliter,H2O,NC(CCOc1ccccc1)c1ccc(-c2ccccc2[N+](=O)[O-])cc1,suzuki_product_0,0.0 milligram,0.0 micromole,0 microliter,C21H20N2O3,NC(CCOc1ccccc1)c1ccccc1,dehalogenation_0,0.0 milligram,0.0 micromole,0 microliter,C15H17NO,O=[N+]([O-])c1ccccc1,deborylation_0,0.0 milligram,0.0 micromole,0 microliter,C6H5NO2,C1=CC=C(C=C1)OCCC(C2=CC=C(C=C2)Cl)N.Cl.O=[N+](C1=CC=CC=C1B2OC(C)(C)C(C)(C)O2)[O-]>>NC(CCOc1ccccc1)c1ccc(-c2ccccc2[N+](=O)[O-])cc1.NC(CCOc1ccccc1)c1ccccc1.O=[N+]([O-])c1ccccc1,005_RLN-NB-2443_012_K8,7/8/2023 12:27:35 AM,005_rln-nb-2443_012_k8.raw,2min_150_1200.EXP,005_RLN-NB-2443_012_K8,005_RLN-NB-2443_012_K8,Rxn_Opt_HSST3_2_98,Analog,0.07517442736101623,0,0.10628001017245117,2.185670664189761,1.0065,1.4137787796115038,0.7415,0,0,0,False,123.03202840392001,1.25,deborylation_0,0,0,0,0,0,65.04906876776201,22.525457283887096,1.4137787796115038,194.9,0.7415,0,0,0,0,0,0,0,0,0,0,4.6651095345518,1.6933383523612444,0.10628001017245117,332.1,1.0065,0,0,0,0,0,0,0,0,0,0,0,0,0,0,0,0,0,0,0,0,0.0,0.0,0.0,0.0,0.0,0.0,0.0,0.0,0.0,1.999639767803032e-05,7.517442736101623,0.0,0.0,0.0,0.0,0.0,0.0,0.0,0.0,0.0,0.0,0.0,0.0
248,K9,CC(C1=CC=CC(C(C)C)=C1C2=C(C(OC(C)(C)C)=CC=C2OC)[P+]([Pd-2]3(C4=C(C5=C(C=CC=C5)[NH+]3C)C=CC=C4)OS(C)(=O)=O)(C6CCCCC6)C7CCCCC7)C,GPhos Pd G4,0.049019074499999975 milligram,0.05325 micromole,0.04901907449999999 microliter,C49H68NO5PPdS,C1=CC=C(C=C1)OCCC(C2=CC=C(C=C2)Cl)N.Cl,1-(1-amino-3-phenoxypropyl)-4-chlorobenzene hydrochloride,0.079324658 milligram,0.266 micromole,0.07932465800000002 microliter,C15H17Cl2NO,O=[N+](C1=CC=CC=C1B2OC(C)(C)C(C)(C)O2)[O-],"4,4,5,5-tetramethyl-2-(2-nitrophenyl)-1,3,2-dioxaborolane",0.079704 milligram,0.32000000000000006 micromole,0.07970400000000001 microliter,C12H16BNO4,[Na+].C[Si](C)(C)[O-],NaOTMS,0.22435999999999995 milligram,2.0 micromole,0.22436 microliter,C3H9NaOSi,CN1C=NC2=C1C(=O)N(C(=O)N2C)C,caffeine,0.051654806000000004 milligram,0.266 micromole,0.05165480600000002 microliter,C8H10N4O2,C1COCCO1,dioxane,11.124 milligram,126.25700860327335 micromole,10.8 microliter,C4H8O2,O,water,1.2000000000000002 milligram,66.6111573688593 micromole,1.2000000000000002 microliter,H2O,NC(CCOc1ccccc1)c1ccc(-c2ccccc2[N+](=O)[O-])cc1,suzuki_product_0,0.0 milligram,0.0 micromole,0 microliter,C21H20N2O3,NC(CCOc1ccccc1)c1ccccc1,dehalogenation_0,0.0 milligram,0.0 micromole,0 microliter,C15H17NO,O=[N+]([O-])c1ccccc1,deborylation_0,0.0 milligram,0.0 micromole,0 microliter,C6H5NO2,C1=CC=C(C=C1)OCCC(C2=CC=C(C=C2)Cl)N.Cl.O=[N+](C1=CC=CC=C1B2OC(C)(C)C(C)(C)O2)[O-]>>NC(CCOc1ccccc1)c1ccc(-c2ccccc2[N+](=O)[O-])cc1.NC(CCOc1ccccc1)c1ccccc1.O=[N+]([O-])c1ccccc1,005_RLN-NB-2443_012_K9,7/8/2023 12:30:02 AM,005_rln-nb-2443_012_k9.raw,2min_150_1200.EXP,005_RLN-NB-2443_012_K9,005_RLN-NB-2443_012_K9,Rxn_Opt_HSST3_2_98,Analog,0,0,0,0,0,1.6429255139235694,0.7415,0,0,0,False,123.03202840392001,1.25,deborylation_0,0,0,0,0,0,76.72899088392808,15.58717772798895,1.6429255139235694,195,0.7415,0,0,0,0,0,0,0,0,0,0,0,0,0,0,0,0,0,0,0,0,0,0,0,0,0,0,0,0,0,0,0,0,0,0,0,0.0,0.0,0.0,0.0,0.0,0.0,0.0,0.0,0.0,0.0,0.0,0.0,0.0,0.0,0.0,0.0,0.0,0.0,0.0,0.0,0.0,0.0,0.0
249,K10,Cl[Pd]Cl.CC1(C)c2cccc(P(c3ccccc3)c4ccccc4)c2Oc5c(cccc15)P(c6ccccc6)c7ccccc7,PdCl2(XantPhos),0.04025476350000001 milligram,0.05325 micromole,0.04025476350000002 microliter,C39H32Cl2OP2Pd,C1=CC=C(C=C1)OCCC(C2=CC=C(C=C2)Cl)N.Cl,1-(1-amino-3-phenoxypropyl)-4-chlorobenzene hydrochloride,0.079324658 milligram,0.266 micromole,0.07932465800000002 microliter,C15H17Cl2NO,O=[N+](C1=CC=CC=C1B2OC(C)(C)C(C)(C)O2)[O-],"4,4,5,5-tetramethyl-2-(2-nitrophenyl)-1,3,2-dioxaborolane",0.079704 milligram,0.32000000000000006 micromole,0.07970400000000001 microliter,C12H16BNO4,[Na+].[Na+].[O-]C([O-])=O,Na2CO3,0.21197599999999997 milligram,2.0 micromole,0.21197600000000003 microliter,CNa2O3,CN1C=NC2=C1C(=O)N(C(=O)N2C)C,caffeine,0.051654806000000004 milligram,0.266 micromole,0.05165480600000002 microliter,C8H10N4O2,C1COCCO1,dioxane,11.124 milligram,126.25700860327335 micromole,10.8 microliter,C4H8O2,O,water,1.2000000000000002 milligram,66.6111573688593 micromole,1.2000000000000002 microliter,H2O,NC(CCOc1ccccc1)c1ccc(-c2ccccc2[N+](=O)[O-])cc1,suzuki_product_0,0.0 milligram,0.0 micromole,0 microliter,C21H20N2O3,NC(CCOc1ccccc1)c1ccccc1,dehalogenation_0,0.0 milligram,0.0 micromole,0 microliter,C15H17NO,O=[N+]([O-])c1ccccc1,deborylation_0,0.0 milligram,0.0 micromole,0 microliter,C6H5NO2,C1=CC=C(C=C1)OCCC(C2=CC=C(C=C2)Cl)N.Cl.O=[N+](C1=CC=CC=C1B2OC(C)(C)C(C)(C)O2)[O-]>>NC(CCOc1ccccc1)c1ccc(-c2ccccc2[N+](=O)[O-])cc1.NC(CCOc1ccccc1)c1ccccc1.O=[N+]([O-])c1ccccc1,005_RLN-NB-2443_012_K10,7/8/2023 12:32:28 AM,005_rln-nb-2443_012_k10.raw,2min_150_1200.EXP,005_RLN-NB-2443_012_K10,005_RLN-NB-2443_012_K10,Rxn_Opt_HSST3_2_98,Analog,0,0,0,0,0,1.0835697173427685,0.7398,0,0,0,False,123.03202840392001,1.25,deborylation_0,0,0,0,0,0,51.426704943930844,16.75331368160862,1.0835697173427685,194.9,0.7398,0,0,0,0,0,0,0,0,0,0,0,0,0,0,0,0,0,0,0,0,0,0,0,0,0,0,0,0,0,0,0,0,0,0,0,0.0,0.0,0.0,0.0,0.0,0.0,0.0,0.0,0.0,0.0,0.0,0.0,0.0,0.0,0.0,0.0,0.0,0.0,0.0,0.0,0.0,0.0,0.0
250,K11,Cl[Pd]Cl.CC1(C)c2cccc(P(c3ccccc3)c4ccccc4)c2Oc5c(cccc15)P(c6ccccc6)c7ccccc7,PdCl2(XantPhos),0.04025476350000001 milligram,0.05325 micromole,0.04025476350000002 microliter,C39H32Cl2OP2Pd,C1=CC=C(C=C1)OCCC(C2=CC=C(C=C2)Cl)N.Cl,1-(1-amino-3-phenoxypropyl)-4-chlorobenzene hydrochloride,0.079324658 milligram,0.266 micromole,0.07932465800000002 microliter,C15H17Cl2NO,O=[N+](C1=CC=CC=C1B2OC(C)(C)C(C)(C)O2)[O-],"4,4,5,5-tetramethyl-2-(2-nitrophenyl)-1,3,2-dioxaborolane",0.079704 milligram,0.32000000000000006 micromole,0.07970400000000001 microliter,C12H16BNO4,[K+].[K+].[K+].[O-]P([O-])([O-])=O,K3PO4,0.42452799999999996 milligram,2.0 micromole,0.42452800000000007 microliter,K3O4P,CN1C=NC2=C1C(=O)N(C(=O)N2C)C,caffeine,0.051654806000000004 milligram,0.266 micromole,0.05165480600000002 microliter,C8H10N4O2,C1COCCO1,dioxane,11.124 milligram,126.25700860327335 micromole,10.8 microliter,C4H8O2,O,water,1.2000000000000002 milligram,66.6111573688593 micromole,1.2000000000000002 microliter,H2O,NC(CCOc1ccccc1)c1ccc(-c2ccccc2[N+](=O)[O-])cc1,suzuki_product_0,0.0 milligram,0.0 micromole,0 microliter,C21H20N2O3,NC(CCOc1ccccc1)c1ccccc1,dehalogenation_0,0.0 milligram,0.0 micromole,0 microliter,C15H17NO,O=[N+]([O-])c1ccccc1,deborylation_0,0.0 milligram,0.0 micromole,0 microliter,C6H5NO2,C1=CC=C(C=C1)OCCC(C2=CC=C(C=C2)Cl)N.Cl.O=[N+](C1=CC=CC=C1B2OC(C)(C)C(C)(C)O2)[O-]>>NC(CCOc1ccccc1)c1ccc(-c2ccccc2[N+](=O)[O-])cc1.NC(CCOc1ccccc1)c1ccccc1.O=[N+]([O-])c1ccccc1,005_RLN-NB-2443_012_K11,7/8/2023 12:34:55 AM,005_rln-nb-2443_012_k11.raw,2min_150_1200.EXP,005_RLN-NB-2443_012_K11,005_RLN-NB-2443_012_K11,Rxn_Opt_HSST3_2_98,Analog,0,0,0,0,0,1.1528671546036022,0.7398,0,0,0,False,123.03202840392001,1.25,deborylation_0,0,0,0,0,0,53.38818388243021,15.865537673116442,1.1528671546036022,194.9,0.7398,0,0,0,0,0,0,0,0,0,0,0,0,0,0,0,0,0,0,0,0,0,0,0,0,0,0,0,0,0,0,0,0,0,0,0,0.0,0.0,0.0,0.0,0.0,0.0,0.0,0.0,0.0,0.0,0.0,0.0,0.0,0.0,0.0,0.0,0.0,0.0,0.0,0.0,0.0,0.0,0.0
251,K12,Cl[Pd]Cl.CC1(C)c2cccc(P(c3ccccc3)c4ccccc4)c2Oc5c(cccc15)P(c6ccccc6)c7ccccc7,PdCl2(XantPhos),0.04025476350000001 milligram,0.05325 micromole,0.04025476350000002 microliter,C39H32Cl2OP2Pd,C1=CC=C(C=C1)OCCC(C2=CC=C(C=C2)Cl)N.Cl,1-(1-amino-3-phenoxypropyl)-4-chlorobenzene hydrochloride,0.079324658 milligram,0.266 micromole,0.07932465800000002 microliter,C15H17Cl2NO,O=[N+](C1=CC=CC=C1B2OC(C)(C)C(C)(C)O2)[O-],"4,4,5,5-tetramethyl-2-(2-nitrophenyl)-1,3,2-dioxaborolane",0.079704 milligram,0.32000000000000006 micromole,0.07970400000000001 microliter,C12H16BNO4,[Na+].C[Si](C)(C)[O-],NaOTMS,0.22435999999999995 milligram,2.0 micromole,0.22436 microliter,C3H9NaOSi,CN1C=NC2=C1C(=O)N(C(=O)N2C)C,caffeine,0.051654806000000004 milligram,0.266 micromole,0.05165480600000002 microliter,C8H10N4O2,C1COCCO1,dioxane,11.124 milligram,126.25700860327335 micromole,10.8 microliter,C4H8O2,O,water,1.2000000000000002 milligram,66.6111573688593 micromole,1.2000000000000002 microliter,H2O,NC(CCOc1ccccc1)c1ccc(-c2ccccc2[N+](=O)[O-])cc1,suzuki_product_0,0.0 milligram,0.0 micromole,0 microliter,C21H20N2O3,NC(CCOc1ccccc1)c1ccccc1,dehalogenation_0,0.0 milligram,0.0 micromole,0 microliter,C15H17NO,O=[N+]([O-])c1ccccc1,deborylation_0,0.0 milligram,0.0 micromole,0 microliter,C6H5NO2,C1=CC=C(C=C1)OCCC(C2=CC=C(C=C2)Cl)N.Cl.O=[N+](C1=CC=CC=C1B2OC(C)(C)C(C)(C)O2)[O-]>>NC(CCOc1ccccc1)c1ccc(-c2ccccc2[N+](=O)[O-])cc1.NC(CCOc1ccccc1)c1ccccc1.O=[N+]([O-])c1ccccc1,005_RLN-NB-2443_012_K12,7/8/2023 12:37:22 AM,005_rln-nb-2443_012_k12.raw,2min_150_1200.EXP,005_RLN-NB-2443_012_K12,005_RLN-NB-2443_012_K12,Rxn_Opt_HSST3_2_98,Analog,0,0,0,0,0,0.8923515932237084,0.7415,0,0,0,False,123.03202840392001,1.25,deborylation_0,0,0,0,0,0,42.17836814784155,14.791215447324243,0.8923515932237084,194.9,0.7415,0,0,0,0,0,0,0,0,0,0,0,0,0,0,0,0,0,0,0,0,0,0,0,0,0,0,0,0,0,0,0,0,0,0,0,0.0,0.0,0.0,0.0,0.0,0.0,0.0,0.0,0.0,0.0,0.0,0.0,0.0,0.0,0.0,0.0,0.0,0.0,0.0,0.0,0.0,0.0,0.0
252,K13,CC(C)C1=CC(C(C)C)=CC(C(C)C)=C1C2=C([P+](C3CCCCC3)([Pd-2]4(OS(C)(=O)=O)C(C=CC=C5)=C5C6=C([NH+]4C)C=CC=C6)C7CCCCC7)C=CC=C2,XPhos Pd G4,0.04582130549999999 milligram,0.05325 micromole,0.0458213055 microliter,C47H64NO3PPdS,C1=CC=C(C=C1)OCCC(C2=CC=C(C=C2)Cl)N.Cl,1-(1-amino-3-phenoxypropyl)-4-chlorobenzene hydrochloride,0.079324658 milligram,0.266 micromole,0.07932465800000002 microliter,C15H17Cl2NO,O=[N+](C1=CC=CC=C1B2OC(C)(C)C(C)(C)O2)[O-],"4,4,5,5-tetramethyl-2-(2-nitrophenyl)-1,3,2-dioxaborolane",0.079704 milligram,0.32000000000000006 micromole,0.07970400000000001 microliter,C12H16BNO4,[Na+].[Na+].[O-]C([O-])=O,Na2CO3,0.21197599999999997 milligram,2.0 micromole,0.21197600000000003 microliter,CNa2O3,CN1C=NC2=C1C(=O)N(C(=O)N2C)C,caffeine,0.051654806000000004 milligram,0.266 micromole,0.05165480600000002 microliter,C8H10N4O2,Cc1ccccc1,toluene,9.3096 milligram,101.03645499831781 micromole,10.8 microliter,C7H8,O,water,1.2000000000000002 milligram,66.6111573688593 micromole,1.2000000000000002 microliter,H2O,NC(CCOc1ccccc1)c1ccc(-c2ccccc2[N+](=O)[O-])cc1,suzuki_product_0,0.0 milligram,0.0 micromole,0 microliter,C21H20N2O3,NC(CCOc1ccccc1)c1ccccc1,dehalogenation_0,0.0 milligram,0.0 micromole,0 microliter,C15H17NO,O=[N+]([O-])c1ccccc1,deborylation_0,0.0 milligram,0.0 micromole,0 microliter,C6H5NO2,C1=CC=C(C=C1)OCCC(C2=CC=C(C=C2)Cl)N.Cl.O=[N+](C1=CC=CC=C1B2OC(C)(C)C(C)(C)O2)[O-]>>NC(CCOc1ccccc1)c1ccc(-c2ccccc2[N+](=O)[O-])cc1.NC(CCOc1ccccc1)c1ccccc1.O=[N+]([O-])c1ccccc1,005_RLN-NB-2443_012_K13,7/8/2023 12:39:49 AM,005_rln-nb-2443_012_k13.raw,2min_150_1200.EXP,005_RLN-NB-2443_012_K13,005_RLN-NB-2443_012_K13,Rxn_Opt_HSST3_2_98,Analog,0,0,0,0,0,0.5779990182949879,0.7398,0,0,0,False,123.03202840392001,1.25,deborylation_0,0,0,0,0,0,29.008664403079823,21.66395513568258,0.5779990182949879,195,0.7398,0,0,0,0,0,0,0,0,0,0,0,0,0,0,0,0,0,0,0,0,0,0,0,0,0,0,0,0,0,0,0,0,0,0,0,0.0,0.0,0.0,0.0,0.0,0.0,0.0,0.0,0.0,0.0,0.0,0.0,0.0,0.0,0.0,0.0,0.0,0.0,0.0,0.0,0.0,0.0,0.0
253,K14,CC(C)C1=CC(C(C)C)=CC(C(C)C)=C1C2=C([P+](C3CCCCC3)([Pd-2]4(OS(C)(=O)=O)C(C=CC=C5)=C5C6=C([NH+]4C)C=CC=C6)C7CCCCC7)C=CC=C2,XPhos Pd G4,0.04582130549999999 milligram,0.05325 micromole,0.0458213055 microliter,C47H64NO3PPdS,C1=CC=C(C=C1)OCCC(C2=CC=C(C=C2)Cl)N.Cl,1-(1-amino-3-phenoxypropyl)-4-chlorobenzene hydrochloride,0.079324658 milligram,0.266 micromole,0.07932465800000002 microliter,C15H17Cl2NO,O=[N+](C1=CC=CC=C1B2OC(C)(C)C(C)(C)O2)[O-],"4,4,5,5-tetramethyl-2-(2-nitrophenyl)-1,3,2-dioxaborolane",0.079704 milligram,0.32000000000000006 micromole,0.07970400000000001 microliter,C12H16BNO4,[K+].[K+].[K+].[O-]P([O-])([O-])=O,K3PO4,0.42452799999999996 milligram,2.0 micromole,0.42452800000000007 microliter,K3O4P,CN1C=NC2=C1C(=O)N(C(=O)N2C)C,caffeine,0.051654806000000004 milligram,0.266 micromole,0.05165480600000002 microliter,C8H10N4O2,Cc1ccccc1,toluene,9.3096 milligram,101.03645499831781 micromole,10.8 microliter,C7H8,O,water,1.2000000000000002 milligram,66.6111573688593 micromole,1.2000000000000002 microliter,H2O,NC(CCOc1ccccc1)c1ccc(-c2ccccc2[N+](=O)[O-])cc1,suzuki_product_0,0.0 milligram,0.0 micromole,0 microliter,C21H20N2O3,NC(CCOc1ccccc1)c1ccccc1,dehalogenation_0,0.0 milligram,0.0 micromole,0 microliter,C15H17NO,O=[N+]([O-])c1ccccc1,deborylation_0,0.0 milligram,0.0 micromole,0 microliter,C6H5NO2,C1=CC=C(C=C1)OCCC(C2=CC=C(C=C2)Cl)N.Cl.O=[N+](C1=CC=CC=C1B2OC(C)(C)C(C)(C)O2)[O-]>>NC(CCOc1ccccc1)c1ccc(-c2ccccc2[N+](=O)[O-])cc1.NC(CCOc1ccccc1)c1ccccc1.O=[N+]([O-])c1ccccc1,005_RLN-NB-2443_012_K14,7/8/2023 12:42:16 AM,005_rln-nb-2443_012_k14.raw,2min_150_1200.EXP,005_RLN-NB-2443_012_K14,005_RLN-NB-2443_012_K14,Rxn_Opt_HSST3_2_98,Analog,0.4474977171160501,0,0.3604033936380208,14.816132804501333,1.0081,0.8053748205927875,0.7398,0,0,0,False,123.03202840392001,1.25,deborylation_0,0,0,0,0,0,38.325500701994116,24.873512666117787,0.8053748205927875,194.9,0.7398,0,0,0,0,0,0,0,0,0,0,15.587881759723805,11.130840134744865,0.3604033936380208,332.1,1.0081,0,0,0,0,0,0,0,0,0,0,0,0,0,0,0,0,0,0,0,0,0.0,0.0,0.0,0.0,0.0,0.0,0.0,0.0,0.0,0.00011903439275286933,44.74977171160501,0.0,0.0,0.0,0.0,0.0,0.0,0.0,0.0,0.0,0.0,0.0,0.0
254,K15,CC(C)C1=CC(C(C)C)=CC(C(C)C)=C1C2=C([P+](C3CCCCC3)([Pd-2]4(OS(C)(=O)=O)C(C=CC=C5)=C5C6=C([NH+]4C)C=CC=C6)C7CCCCC7)C=CC=C2,XPhos Pd G4,0.04582130549999999 milligram,0.05325 micromole,0.0458213055 microliter,C47H64NO3PPdS,C1=CC=C(C=C1)OCCC(C2=CC=C(C=C2)Cl)N.Cl,1-(1-amino-3-phenoxypropyl)-4-chlorobenzene hydrochloride,0.079324658 milligram,0.266 micromole,0.07932465800000002 microliter,C15H17Cl2NO,O=[N+](C1=CC=CC=C1B2OC(C)(C)C(C)(C)O2)[O-],"4,4,5,5-tetramethyl-2-(2-nitrophenyl)-1,3,2-dioxaborolane",0.079704 milligram,0.32000000000000006 micromole,0.07970400000000001 microliter,C12H16BNO4,[Na+].C[Si](C)(C)[O-],NaOTMS,0.22435999999999995 milligram,2.0 micromole,0.22436 microliter,C3H9NaOSi,CN1C=NC2=C1C(=O)N(C(=O)N2C)C,caffeine,0.051654806000000004 milligram,0.266 micromole,0.05165480600000002 microliter,C8H10N4O2,Cc1ccccc1,toluene,9.3096 milligram,101.03645499831781 micromole,10.8 microliter,C7H8,O,water,1.2000000000000002 milligram,66.6111573688593 micromole,1.2000000000000002 microliter,H2O,NC(CCOc1ccccc1)c1ccc(-c2ccccc2[N+](=O)[O-])cc1,suzuki_product_0,0.0 milligram,0.0 micromole,0 microliter,C21H20N2O3,NC(CCOc1ccccc1)c1ccccc1,dehalogenation_0,0.0 milligram,0.0 micromole,0 microliter,C15H17NO,O=[N+]([O-])c1ccccc1,deborylation_0,0.0 milligram,0.0 micromole,0 microliter,C6H5NO2,C1=CC=C(C=C1)OCCC(C2=CC=C(C=C2)Cl)N.Cl.O=[N+](C1=CC=CC=C1B2OC(C)(C)C(C)(C)O2)[O-]>>NC(CCOc1ccccc1)c1ccc(-c2ccccc2[N+](=O)[O-])cc1.NC(CCOc1ccccc1)c1ccccc1.O=[N+]([O-])c1ccccc1,005_RLN-NB-2443_012_K15,7/8/2023 12:44:43 AM,005_rln-nb-2443_012_k15.raw,2min_150_1200.EXP,005_RLN-NB-2443_012_K15,005_RLN-NB-2443_012_K15,Rxn_Opt_HSST3_2_98,Analog,0.48119419155223353,0,0.7679580883944429,15.712931914944447,1.0098,1.5959421411907904,0.7415,0,0,0,False,123.03202840392001,1.25,deborylation_0,0,0,0,0,0,74.23604858751216,24.61593792412876,1.5959421411907904,195,0.7415,0,0,0,0,0,0,0,0,0,0,33.60782678596991,11.845046348701105,0.7679580883944429,331.8,1.0098,0,0,0,0,0,0,0,0,0,0,0,0,0,0,0,0,0,0,0,0,0.0,0.0,0.0,0.0,0.0,0.0,0.0,0.0,0.0,0.00012799765495289414,48.11941915522336,0.0,0.0,0.0,0.0,0.0,0.0,0.0,0.0,0.0,0.0,0.0,0.0
255,K16,CC(C)(C)[P+]([Pd-2]1(C2=C(C3=C(C=CC=C3)[NH+]1C)C=CC=C2)OS(C)(=O)=O)(C(C)(C)C)C(C)(C)C,PtBu3 Pd G4,0.03120913275 milligram,0.05325 micromole,0.031209132750000007 microliter,C26H42NO3PPdS,C1=CC=C(C=C1)OCCC(C2=CC=C(C=C2)Cl)N.Cl,1-(1-amino-3-phenoxypropyl)-4-chlorobenzene hydrochloride,0.079324658 milligram,0.266 micromole,0.07932465800000002 microliter,C15H17Cl2NO,O=[N+](C1=CC=CC=C1B2OC(C)(C)C(C)(C)O2)[O-],"4,4,5,5-tetramethyl-2-(2-nitrophenyl)-1,3,2-dioxaborolane",0.079704 milligram,0.32000000000000006 micromole,0.07970400000000001 microliter,C12H16BNO4,[Na+].[Na+].[O-]C([O-])=O,Na2CO3,0.21197599999999997 milligram,2.0 micromole,0.21197600000000003 microliter,CNa2O3,CN1C=NC2=C1C(=O)N(C(=O)N2C)C,caffeine,0.051654806000000004 milligram,0.266 micromole,0.05165480600000002 microliter,C8H10N4O2,Cc1ccccc1,toluene,9.3096 milligram,101.03645499831781 micromole,10.8 microliter,C7H8,O,water,1.2000000000000002 milligram,66.6111573688593 micromole,1.2000000000000002 microliter,H2O,NC(CCOc1ccccc1)c1ccc(-c2ccccc2[N+](=O)[O-])cc1,suzuki_product_0,0.0 milligram,0.0 micromole,0 microliter,C21H20N2O3,NC(CCOc1ccccc1)c1ccccc1,dehalogenation_0,0.0 milligram,0.0 micromole,0 microliter,C15H17NO,O=[N+]([O-])c1ccccc1,deborylation_0,0.0 milligram,0.0 micromole,0 microliter,C6H5NO2,C1=CC=C(C=C1)OCCC(C2=CC=C(C=C2)Cl)N.Cl.O=[N+](C1=CC=CC=C1B2OC(C)(C)C(C)(C)O2)[O-]>>NC(CCOc1ccccc1)c1ccc(-c2ccccc2[N+](=O)[O-])cc1.NC(CCOc1ccccc1)c1ccccc1.O=[N+]([O-])c1ccccc1,005_RLN-NB-2443_012_K16,7/8/2023 12:47:10 AM,005_rln-nb-2443_012_k16.raw,2min_150_1200.EXP,005_RLN-NB-2443_012_K16,005_RLN-NB-2443_012_K16,Rxn_Opt_HSST3_2_98,Analog,0,0,0,0,0,0.2125115612189326,0.7415,0,0,0,False,123.03202840392001,1.25,deborylation_0,0,0,0,0,0,11.141555604140024,11.142539885187391,0.2125115612189326,194.9,0.7415,0,0,0,0,0,0,0,0,0,0,0,0,0,0,0,0,0,0,0,0,0,0,0,0,0,0,0,0,0,0,0,0,0,0,0,0.0,0.0,0.0,0.0,0.0,0.0,0.0,0.0,0.0,0.0,0.0,0.0,0.0,0.0,0.0,0.0,0.0,0.0,0.0,0.0,0.0,0.0,0.0
256,K17,CC(C)(C)[P+]([Pd-2]1(C2=C(C3=C(C=CC=C3)[NH+]1C)C=CC=C2)OS(C)(=O)=O)(C(C)(C)C)C(C)(C)C,PtBu3 Pd G4,0.03120913275 milligram,0.05325 micromole,0.031209132750000007 microliter,C26H42NO3PPdS,C1=CC=C(C=C1)OCCC(C2=CC=C(C=C2)Cl)N.Cl,1-(1-amino-3-phenoxypropyl)-4-chlorobenzene hydrochloride,0.079324658 milligram,0.266 micromole,0.07932465800000002 microliter,C15H17Cl2NO,O=[N+](C1=CC=CC=C1B2OC(C)(C)C(C)(C)O2)[O-],"4,4,5,5-tetramethyl-2-(2-nitrophenyl)-1,3,2-dioxaborolane",0.079704 milligram,0.32000000000000006 micromole,0.07970400000000001 microliter,C12H16BNO4,[K+].[K+].[K+].[O-]P([O-])([O-])=O,K3PO4,0.42452799999999996 milligram,2.0 micromole,0.42452800000000007 microliter,K3O4P,CN1C=NC2=C1C(=O)N(C(=O)N2C)C,caffeine,0.051654806000000004 milligram,0.266 micromole,0.05165480600000002 microliter,C8H10N4O2,Cc1ccccc1,toluene,9.3096 milligram,101.03645499831781 micromole,10.8 microliter,C7H8,O,water,1.2000000000000002 milligram,66.6111573688593 micromole,1.2000000000000002 microliter,H2O,NC(CCOc1ccccc1)c1ccc(-c2ccccc2[N+](=O)[O-])cc1,suzuki_product_0,0.0 milligram,0.0 micromole,0 microliter,C21H20N2O3,NC(CCOc1ccccc1)c1ccccc1,dehalogenation_0,0.0 milligram,0.0 micromole,0 microliter,C15H17NO,O=[N+]([O-])c1ccccc1,deborylation_0,0.0 milligram,0.0 micromole,0 microliter,C6H5NO2,C1=CC=C(C=C1)OCCC(C2=CC=C(C=C2)Cl)N.Cl.O=[N+](C1=CC=CC=C1B2OC(C)(C)C(C)(C)O2)[O-]>>NC(CCOc1ccccc1)c1ccc(-c2ccccc2[N+](=O)[O-])cc1.NC(CCOc1ccccc1)c1ccccc1.O=[N+]([O-])c1ccccc1,005_RLN-NB-2443_012_K17,7/8/2023 12:49:36 AM,005_rln-nb-2443_012_k17.raw,2min_150_1200.EXP,005_RLN-NB-2443_012_K17,005_RLN-NB-2443_012_K17,Rxn_Opt_HSST3_2_98,Analog,0,0,0,0,0,0.6599904288977109,0.7415,0,0,0,False,123.03202840392001,1.25,deborylation_0,0,0,0,0,0,32.37951033688491,17.73853230197314,0.6599904288977109,194.9,0.7415,0,0,0,0,0,0,0,0,0,0,0,0,0,0,0,0,0,0,0,0,0,0,0,0,0,0,0,0,0,0,0,0,0,0,0,0.0,0.0,0.0,0.0,0.0,0.0,0.0,0.0,0.0,0.0,0.0,0.0,0.0,0.0,0.0,0.0,0.0,0.0,0.0,0.0,0.0,0.0,0.0
257,K18,CC(C)(C)[P+]([Pd-2]1(C2=C(C3=C(C=CC=C3)[NH+]1C)C=CC=C2)OS(C)(=O)=O)(C(C)(C)C)C(C)(C)C,PtBu3 Pd G4,0.03120913275 milligram,0.05325 micromole,0.031209132750000007 microliter,C26H42NO3PPdS,C1=CC=C(C=C1)OCCC(C2=CC=C(C=C2)Cl)N.Cl,1-(1-amino-3-phenoxypropyl)-4-chlorobenzene hydrochloride,0.079324658 milligram,0.266 micromole,0.07932465800000002 microliter,C15H17Cl2NO,O=[N+](C1=CC=CC=C1B2OC(C)(C)C(C)(C)O2)[O-],"4,4,5,5-tetramethyl-2-(2-nitrophenyl)-1,3,2-dioxaborolane",0.079704 milligram,0.32000000000000006 micromole,0.07970400000000001 microliter,C12H16BNO4,[Na+].C[Si](C)(C)[O-],NaOTMS,0.22435999999999995 milligram,2.0 micromole,0.22436 microliter,C3H9NaOSi,CN1C=NC2=C1C(=O)N(C(=O)N2C)C,caffeine,0.051654806000000004 milligram,0.266 micromole,0.05165480600000002 microliter,C8H10N4O2,Cc1ccccc1,toluene,9.3096 milligram,101.03645499831781 micromole,10.8 microliter,C7H8,O,water,1.2000000000000002 milligram,66.6111573688593 micromole,1.2000000000000002 microliter,H2O,NC(CCOc1ccccc1)c1ccc(-c2ccccc2[N+](=O)[O-])cc1,suzuki_product_0,0.0 milligram,0.0 micromole,0 microliter,C21H20N2O3,NC(CCOc1ccccc1)c1ccccc1,dehalogenation_0,0.0 milligram,0.0 micromole,0 microliter,C15H17NO,O=[N+]([O-])c1ccccc1,deborylation_0,0.0 milligram,0.0 micromole,0 microliter,C6H5NO2,C1=CC=C(C=C1)OCCC(C2=CC=C(C=C2)Cl)N.Cl.O=[N+](C1=CC=CC=C1B2OC(C)(C)C(C)(C)O2)[O-]>>NC(CCOc1ccccc1)c1ccc(-c2ccccc2[N+](=O)[O-])cc1.NC(CCOc1ccccc1)c1ccccc1.O=[N+]([O-])c1ccccc1,005_RLN-NB-2443_012_K18,7/8/2023 12:52:02 AM,005_rln-nb-2443_012_k18.raw,2min_150_1200.EXP,005_RLN-NB-2443_012_K18,005_RLN-NB-2443_012_K18,Rxn_Opt_HSST3_2_98,Analog,0.3126468737756059,0,0.37381666410199677,0,0,1.195651373665402,0.7415,0,0,0,False,123.03202840392001,1.25,deborylation_0,0,0,0,0,0,55.39653760552022,19.03766623901471,1.195651373665402,194.9,0.7415,0,0,0,0,0,0,0,0,0,0,11.897287504498202,5.952066833611346,0.37381666410199677,331.9,1.0098,0,0,0,0,0,0,0,0,0,0,0,0,0,0,0,0,0,0,0,0,0.0,0.0,0.0,0.0,0.0,0.0,0.0,0.0,0.0,8.316406842431117e-05,31.26468737756059,0.0,0.0,0.0,0.0,0.0,0.0,0.0,0.0,0.0,0.0,0.0,0.0
258,K19,CC(C1=CC=CC(C(C)C)=C1C2=C(C(OC(C)(C)C)=CC=C2OC)[P+]([Pd-2]3(C4=C(C5=C(C=CC=C5)[NH+]3C)C=CC=C4)OS(C)(=O)=O)(C6CCCCC6)C7CCCCC7)C,GPhos Pd G4,0.049019074499999975 milligram,0.05325 micromole,0.04901907449999999 microliter,C49H68NO5PPdS,C1=CC=C(C=C1)OCCC(C2=CC=C(C=C2)Cl)N.Cl,1-(1-amino-3-phenoxypropyl)-4-chlorobenzene hydrochloride,0.079324658 milligram,0.266 micromole,0.07932465800000002 microliter,C15H17Cl2NO,O=[N+](C1=CC=CC=C1B2OC(C)(C)C(C)(C)O2)[O-],"4,4,5,5-tetramethyl-2-(2-nitrophenyl)-1,3,2-dioxaborolane",0.079704 milligram,0.32000000000000006 micromole,0.07970400000000001 microliter,C12H16BNO4,[Na+].[Na+].[O-]C([O-])=O,Na2CO3,0.21197599999999997 milligram,2.0 micromole,0.21197600000000003 microliter,CNa2O3,CN1C=NC2=C1C(=O)N(C(=O)N2C)C,caffeine,0.051654806000000004 milligram,0.266 micromole,0.05165480600000002 microliter,C8H10N4O2,Cc1ccccc1,toluene,9.3096 milligram,101.03645499831781 micromole,10.8 microliter,C7H8,O,water,1.2000000000000002 milligram,66.6111573688593 micromole,1.2000000000000002 microliter,H2O,NC(CCOc1ccccc1)c1ccc(-c2ccccc2[N+](=O)[O-])cc1,suzuki_product_0,0.0 milligram,0.0 micromole,0 microliter,C21H20N2O3,NC(CCOc1ccccc1)c1ccccc1,dehalogenation_0,0.0 milligram,0.0 micromole,0 microliter,C15H17NO,O=[N+]([O-])c1ccccc1,deborylation_0,0.0 milligram,0.0 micromole,0 microliter,C6H5NO2,C1=CC=C(C=C1)OCCC(C2=CC=C(C=C2)Cl)N.Cl.O=[N+](C1=CC=CC=C1B2OC(C)(C)C(C)(C)O2)[O-]>>NC(CCOc1ccccc1)c1ccc(-c2ccccc2[N+](=O)[O-])cc1.NC(CCOc1ccccc1)c1ccccc1.O=[N+]([O-])c1ccccc1,005_RLN-NB-2443_012_K19,7/8/2023 12:54:29 AM,005_rln-nb-2443_012_k19.raw,2min_150_1200.EXP,005_RLN-NB-2443_012_K19,005_RLN-NB-2443_012_K19,Rxn_Opt_HSST3_2_98,Analog,0,0,0,0,0,0.591622050628564,0.7415,0,0,0,False,123.03202840392001,1.25,deborylation_0,0,0,0,0,0,28.99630407564989,21.151777305695497,0.591622050628564,195,0.7415,0,0,0,0,0,0,0,0,0,0,0,0,0,0,0,0,0,0,0,0,0,0,0,0,0,0,0,0,0,0,0,0,0,0,0,0.0,0.0,0.0,0.0,0.0,0.0,0.0,0.0,0.0,0.0,0.0,0.0,0.0,0.0,0.0,0.0,0.0,0.0,0.0,0.0,0.0,0.0,0.0
259,K20,CC(C1=CC=CC(C(C)C)=C1C2=C(C(OC(C)(C)C)=CC=C2OC)[P+]([Pd-2]3(C4=C(C5=C(C=CC=C5)[NH+]3C)C=CC=C4)OS(C)(=O)=O)(C6CCCCC6)C7CCCCC7)C,GPhos Pd G4,0.049019074499999975 milligram,0.05325 micromole,0.04901907449999999 microliter,C49H68NO5PPdS,C1=CC=C(C=C1)OCCC(C2=CC=C(C=C2)Cl)N.Cl,1-(1-amino-3-phenoxypropyl)-4-chlorobenzene hydrochloride,0.079324658 milligram,0.266 micromole,0.07932465800000002 microliter,C15H17Cl2NO,O=[N+](C1=CC=CC=C1B2OC(C)(C)C(C)(C)O2)[O-],"4,4,5,5-tetramethyl-2-(2-nitrophenyl)-1,3,2-dioxaborolane",0.079704 milligram,0.32000000000000006 micromole,0.07970400000000001 microliter,C12H16BNO4,[K+].[K+].[K+].[O-]P([O-])([O-])=O,K3PO4,0.42452799999999996 milligram,2.0 micromole,0.42452800000000007 microliter,K3O4P,CN1C=NC2=C1C(=O)N(C(=O)N2C)C,caffeine,0.051654806000000004 milligram,0.266 micromole,0.05165480600000002 microliter,C8H10N4O2,Cc1ccccc1,toluene,9.3096 milligram,101.03645499831781 micromole,10.8 microliter,C7H8,O,water,1.2000000000000002 milligram,66.6111573688593 micromole,1.2000000000000002 microliter,H2O,NC(CCOc1ccccc1)c1ccc(-c2ccccc2[N+](=O)[O-])cc1,suzuki_product_0,0.0 milligram,0.0 micromole,0 microliter,C21H20N2O3,NC(CCOc1ccccc1)c1ccccc1,dehalogenation_0,0.0 milligram,0.0 micromole,0 microliter,C15H17NO,O=[N+]([O-])c1ccccc1,deborylation_0,0.0 milligram,0.0 micromole,0 microliter,C6H5NO2,C1=CC=C(C=C1)OCCC(C2=CC=C(C=C2)Cl)N.Cl.O=[N+](C1=CC=CC=C1B2OC(C)(C)C(C)(C)O2)[O-]>>NC(CCOc1ccccc1)c1ccc(-c2ccccc2[N+](=O)[O-])cc1.NC(CCOc1ccccc1)c1ccccc1.O=[N+]([O-])c1ccccc1,005_RLN-NB-2443_012_K20,7/8/2023 12:56:55 AM,005_rln-nb-2443_012_k20.raw,2min_150_1200.EXP,005_RLN-NB-2443_012_K20,005_RLN-NB-2443_012_K20,Rxn_Opt_HSST3_2_98,Analog,0,0,0,0,0,1.1378918658632666,0.7415,0,0,0,False,123.03202840392001,1.25,deborylation_0,0,0,0,0,0,53.87172046636597,22.093095284193705,1.1378918658632666,195,0.7415,0,0,0,0,0,0,0,0,0,0,0,0,0,0,0,0,0,0,0,0,0,0,0,0,0,0,0,0,0,0,0,0,0,0,0,0.0,0.0,0.0,0.0,0.0,0.0,0.0,0.0,0.0,0.0,0.0,0.0,0.0,0.0,0.0,0.0,0.0,0.0,0.0,0.0,0.0,0.0,0.0
260,K21,CC(C1=CC=CC(C(C)C)=C1C2=C(C(OC(C)(C)C)=CC=C2OC)[P+]([Pd-2]3(C4=C(C5=C(C=CC=C5)[NH+]3C)C=CC=C4)OS(C)(=O)=O)(C6CCCCC6)C7CCCCC7)C,GPhos Pd G4,0.049019074499999975 milligram,0.05325 micromole,0.04901907449999999 microliter,C49H68NO5PPdS,C1=CC=C(C=C1)OCCC(C2=CC=C(C=C2)Cl)N.Cl,1-(1-amino-3-phenoxypropyl)-4-chlorobenzene hydrochloride,0.079324658 milligram,0.266 micromole,0.07932465800000002 microliter,C15H17Cl2NO,O=[N+](C1=CC=CC=C1B2OC(C)(C)C(C)(C)O2)[O-],"4,4,5,5-tetramethyl-2-(2-nitrophenyl)-1,3,2-dioxaborolane",0.079704 milligram,0.32000000000000006 micromole,0.07970400000000001 microliter,C12H16BNO4,[Na+].C[Si](C)(C)[O-],NaOTMS,0.22435999999999995 milligram,2.0 micromole,0.22436 microliter,C3H9NaOSi,CN1C=NC2=C1C(=O)N(C(=O)N2C)C,caffeine,0.051654806000000004 milligram,0.266 micromole,0.05165480600000002 microliter,C8H10N4O2,Cc1ccccc1,toluene,9.3096 milligram,101.03645499831781 micromole,10.8 microliter,C7H8,O,water,1.2000000000000002 milligram,66.6111573688593 micromole,1.2000000000000002 microliter,H2O,NC(CCOc1ccccc1)c1ccc(-c2ccccc2[N+](=O)[O-])cc1,suzuki_product_0,0.0 milligram,0.0 micromole,0 microliter,C21H20N2O3,NC(CCOc1ccccc1)c1ccccc1,dehalogenation_0,0.0 milligram,0.0 micromole,0 microliter,C15H17NO,O=[N+]([O-])c1ccccc1,deborylation_0,0.0 milligram,0.0 micromole,0 microliter,C6H5NO2,C1=CC=C(C=C1)OCCC(C2=CC=C(C=C2)Cl)N.Cl.O=[N+](C1=CC=CC=C1B2OC(C)(C)C(C)(C)O2)[O-]>>NC(CCOc1ccccc1)c1ccc(-c2ccccc2[N+](=O)[O-])cc1.NC(CCOc1ccccc1)c1ccccc1.O=[N+]([O-])c1ccccc1,005_RLN-NB-2443_012_K21,7/8/2023 12:59:22 AM,005_rln-nb-2443_012_k21.raw,2min_150_1200.EXP,005_RLN-NB-2443_012_K21,005_RLN-NB-2443_012_K21,Rxn_Opt_HSST3_2_98,Analog,0,0,0,0,0,0.23131164906976373,0.7398,0,0,0,False,123.03202840392001,1.25,deborylation_0,0,0,0,0,0,11.990529824755185,4.86211111228198,0.23131164906976373,194.9,0.7398,0,0,0,0,0,0,0,0,0,0,0,0,0,0,0,0,0,0,0,0,0,0,0,0,0,0,0,0,0,0,0,0,0,0,0,0.0,0.0,0.0,0.0,0.0,0.0,0.0,0.0,0.0,0.0,0.0,0.0,0.0,0.0,0.0,0.0,0.0,0.0,0.0,0.0,0.0,0.0,0.0
261,K22,Cl[Pd]Cl.CC1(C)c2cccc(P(c3ccccc3)c4ccccc4)c2Oc5c(cccc15)P(c6ccccc6)c7ccccc7,PdCl2(XantPhos),0.04025476350000001 milligram,0.05325 micromole,0.04025476350000002 microliter,C39H32Cl2OP2Pd,C1=CC=C(C=C1)OCCC(C2=CC=C(C=C2)Cl)N.Cl,1-(1-amino-3-phenoxypropyl)-4-chlorobenzene hydrochloride,0.079324658 milligram,0.266 micromole,0.07932465800000002 microliter,C15H17Cl2NO,O=[N+](C1=CC=CC=C1B2OC(C)(C)C(C)(C)O2)[O-],"4,4,5,5-tetramethyl-2-(2-nitrophenyl)-1,3,2-dioxaborolane",0.079704 milligram,0.32000000000000006 micromole,0.07970400000000001 microliter,C12H16BNO4,[Na+].[Na+].[O-]C([O-])=O,Na2CO3,0.21197599999999997 milligram,2.0 micromole,0.21197600000000003 microliter,CNa2O3,CN1C=NC2=C1C(=O)N(C(=O)N2C)C,caffeine,0.051654806000000004 milligram,0.266 micromole,0.05165480600000002 microliter,C8H10N4O2,Cc1ccccc1,toluene,9.3096 milligram,101.03645499831781 micromole,10.8 microliter,C7H8,O,water,1.2000000000000002 milligram,66.6111573688593 micromole,1.2000000000000002 microliter,H2O,NC(CCOc1ccccc1)c1ccc(-c2ccccc2[N+](=O)[O-])cc1,suzuki_product_0,0.0 milligram,0.0 micromole,0 microliter,C21H20N2O3,NC(CCOc1ccccc1)c1ccccc1,dehalogenation_0,0.0 milligram,0.0 micromole,0 microliter,C15H17NO,O=[N+]([O-])c1ccccc1,deborylation_0,0.0 milligram,0.0 micromole,0 microliter,C6H5NO2,C1=CC=C(C=C1)OCCC(C2=CC=C(C=C2)Cl)N.Cl.O=[N+](C1=CC=CC=C1B2OC(C)(C)C(C)(C)O2)[O-]>>NC(CCOc1ccccc1)c1ccc(-c2ccccc2[N+](=O)[O-])cc1.NC(CCOc1ccccc1)c1ccccc1.O=[N+]([O-])c1ccccc1,005_RLN-NB-2443_012_K22,7/8/2023 1:01:49 AM,005_rln-nb-2443_012_k22.raw,2min_150_1200.EXP,005_RLN-NB-2443_012_K22,005_RLN-NB-2443_012_K22,Rxn_Opt_HSST3_2_98,Analog,0,0,0,0,0,0.34705145065029547,0.7415,0,0,0,False,123.03202840392001,1.25,deborylation_0,0,0,0,0,0,17.81119410402165,15.43142675724067,0.34705145065029547,194.9,0.7415,0,0,0,0,0,0,0,0,0,0,0,0,0,0,0,0,0,0,0,0,0,0,0,0,0,0,0,0,0,0,0,0,0,0,0,0.0,0.0,0.0,0.0,0.0,0.0,0.0,0.0,0.0,0.0,0.0,0.0,0.0,0.0,0.0,0.0,0.0,0.0,0.0,0.0,0.0,0.0,0.0
262,K23,Cl[Pd]Cl.CC1(C)c2cccc(P(c3ccccc3)c4ccccc4)c2Oc5c(cccc15)P(c6ccccc6)c7ccccc7,PdCl2(XantPhos),0.04025476350000001 milligram,0.05325 micromole,0.04025476350000002 microliter,C39H32Cl2OP2Pd,C1=CC=C(C=C1)OCCC(C2=CC=C(C=C2)Cl)N.Cl,1-(1-amino-3-phenoxypropyl)-4-chlorobenzene hydrochloride,0.079324658 milligram,0.266 micromole,0.07932465800000002 microliter,C15H17Cl2NO,O=[N+](C1=CC=CC=C1B2OC(C)(C)C(C)(C)O2)[O-],"4,4,5,5-tetramethyl-2-(2-nitrophenyl)-1,3,2-dioxaborolane",0.079704 milligram,0.32000000000000006 micromole,0.07970400000000001 microliter,C12H16BNO4,[K+].[K+].[K+].[O-]P([O-])([O-])=O,K3PO4,0.42452799999999996 milligram,2.0 micromole,0.42452800000000007 microliter,K3O4P,CN1C=NC2=C1C(=O)N(C(=O)N2C)C,caffeine,0.051654806000000004 milligram,0.266 micromole,0.05165480600000002 microliter,C8H10N4O2,Cc1ccccc1,toluene,9.3096 milligram,101.03645499831781 micromole,10.8 microliter,C7H8,O,water,1.2000000000000002 milligram,66.6111573688593 micromole,1.2000000000000002 microliter,H2O,NC(CCOc1ccccc1)c1ccc(-c2ccccc2[N+](=O)[O-])cc1,suzuki_product_0,0.0 milligram,0.0 micromole,0 microliter,C21H20N2O3,NC(CCOc1ccccc1)c1ccccc1,dehalogenation_0,0.0 milligram,0.0 micromole,0 microliter,C15H17NO,O=[N+]([O-])c1ccccc1,deborylation_0,0.0 milligram,0.0 micromole,0 microliter,C6H5NO2,C1=CC=C(C=C1)OCCC(C2=CC=C(C=C2)Cl)N.Cl.O=[N+](C1=CC=CC=C1B2OC(C)(C)C(C)(C)O2)[O-]>>NC(CCOc1ccccc1)c1ccc(-c2ccccc2[N+](=O)[O-])cc1.NC(CCOc1ccccc1)c1ccccc1.O=[N+]([O-])c1ccccc1,005_RLN-NB-2443_012_K23,7/8/2023 1:04:16 AM,005_rln-nb-2443_012_k23.raw,2min_150_1200.EXP,005_RLN-NB-2443_012_K23,005_RLN-NB-2443_012_K23,Rxn_Opt_HSST3_2_98,Analog,0,0,0,0,0,0.5663909758473193,0.7398,0,0,0,False,123.03202840392001,1.25,deborylation_0,0,0,0,0,0,28.077969691103497,14.924834168343509,0.5663909758473193,195.1,0.7398,0,0,0,0,0,0,0,0,0,0,0,0,0,0,0,0,0,0,0,0,0,0,0,0,0,0,0,0,0,0,0,0,0,0,0,0.0,0.0,0.0,0.0,0.0,0.0,0.0,0.0,0.0,0.0,0.0,0.0,0.0,0.0,0.0,0.0,0.0,0.0,0.0,0.0,0.0,0.0,0.0
263,K24,Cl[Pd]Cl.CC1(C)c2cccc(P(c3ccccc3)c4ccccc4)c2Oc5c(cccc15)P(c6ccccc6)c7ccccc7,PdCl2(XantPhos),0.04025476350000001 milligram,0.05325 micromole,0.04025476350000002 microliter,C39H32Cl2OP2Pd,C1=CC=C(C=C1)OCCC(C2=CC=C(C=C2)Cl)N.Cl,1-(1-amino-3-phenoxypropyl)-4-chlorobenzene hydrochloride,0.079324658 milligram,0.266 micromole,0.07932465800000002 microliter,C15H17Cl2NO,O=[N+](C1=CC=CC=C1B2OC(C)(C)C(C)(C)O2)[O-],"4,4,5,5-tetramethyl-2-(2-nitrophenyl)-1,3,2-dioxaborolane",0.079704 milligram,0.32000000000000006 micromole,0.07970400000000001 microliter,C12H16BNO4,[Na+].C[Si](C)(C)[O-],NaOTMS,0.22435999999999995 milligram,2.0 micromole,0.22436 microliter,C3H9NaOSi,CN1C=NC2=C1C(=O)N(C(=O)N2C)C,caffeine,0.051654806000000004 milligram,0.266 micromole,0.05165480600000002 microliter,C8H10N4O2,Cc1ccccc1,toluene,9.3096 milligram,101.03645499831781 micromole,10.8 microliter,C7H8,O,water,1.2000000000000002 milligram,66.6111573688593 micromole,1.2000000000000002 microliter,H2O,NC(CCOc1ccccc1)c1ccc(-c2ccccc2[N+](=O)[O-])cc1,suzuki_product_0,0.0 milligram,0.0 micromole,0 microliter,C21H20N2O3,NC(CCOc1ccccc1)c1ccccc1,dehalogenation_0,0.0 milligram,0.0 micromole,0 microliter,C15H17NO,O=[N+]([O-])c1ccccc1,deborylation_0,0.0 milligram,0.0 micromole,0 microliter,C6H5NO2,C1=CC=C(C=C1)OCCC(C2=CC=C(C=C2)Cl)N.Cl.O=[N+](C1=CC=CC=C1B2OC(C)(C)C(C)(C)O2)[O-]>>NC(CCOc1ccccc1)c1ccc(-c2ccccc2[N+](=O)[O-])cc1.NC(CCOc1ccccc1)c1ccccc1.O=[N+]([O-])c1ccccc1,005_RLN-NB-2443_012_K24,7/8/2023 1:06:43 AM,005_rln-nb-2443_012_k24.raw,2min_150_1200.EXP,005_RLN-NB-2443_012_K24,005_RLN-NB-2443_012_K24,Rxn_Opt_HSST3_2_98,Analog,0,0,0,0,0,1.3553641897194983,0.7415,0,0,0,False,123.03202840392001,1.25,deborylation_0,0,0,0,0,0,64.22115142473972,21.19288321831934,1.3553641897194983,194.9,0.7415,0,0,0,0,0,0,0,0,0,0,0,0,0,0,0,0,0,0,0,0,0,0,0,0,0,0,0,0,0,0,0,0,0,0,0,0.0,0.0,0.0,0.0,0.0,0.0,0.0,0.0,0.0,0.0,0.0,0.0,0.0,0.0,0.0,0.0,0.0,0.0,0.0,0.0,0.0,0.0,0.0
264,L1,CC(C)C1=CC(C(C)C)=CC(C(C)C)=C1C2=C([P+](C3CCCCC3)([Pd-2]4(OS(C)(=O)=O)C(C=CC=C5)=C5C6=C([NH+]4C)C=CC=C6)C7CCCCC7)C=CC=C2,XPhos Pd G4,0.04582130549999999 milligram,0.05325 micromole,0.0458213055 microliter,C47H64NO3PPdS,C1=CC=C(C=C1)OCCC(C2=CC=C(C=C2)Cl)N.Cl,1-(1-amino-3-phenoxypropyl)-4-chlorobenzene hydrochloride,0.079324658 milligram,0.266 micromole,0.07932465800000002 microliter,C15H17Cl2NO,O=C(O)C1=CC=CC(B2OC(C)(C)C(C)(C)O2)=C1,"3-(tetramethyl-1,3,2-dioxaborolan-2-yl)benzoic acid",0.07938784 milligram,0.32000000000000006 micromole,0.07938784000000002 microliter,C13H17BO4,[Na+].[Na+].[O-]C([O-])=O,Na2CO3,0.21197599999999997 milligram,2.0 micromole,0.21197600000000003 microliter,CNa2O3,CN1C=NC2=C1C(=O)N(C(=O)N2C)C,caffeine,0.051654806000000004 milligram,0.266 micromole,0.05165480600000002 microliter,C8H10N4O2,C1COCCO1,dioxane,11.124 milligram,126.25700860327335 micromole,10.8 microliter,C4H8O2,O,water,1.2000000000000002 milligram,66.6111573688593 micromole,1.2000000000000002 microliter,H2O,NC(CCOc1ccccc1)c1ccc(-c2cccc(C(=O)O)c2)cc1,suzuki_product_0,0.0 milligram,0.0 micromole,0 microliter,C22H21NO3,NC(CCOc1ccccc1)c1ccccc1,dehalogenation_0,0.0 milligram,0.0 micromole,0 microliter,C15H17NO,O=C(O)c1ccccc1,deborylation_0,0.0 milligram,0.0 micromole,0 microliter,C7H6O2,C1=CC=C(C=C1)OCCC(C2=CC=C(C=C2)Cl)N.Cl.O=C(O)C1=CC=CC(B2OC(C)(C)C(C)(C)O2)=C1>>NC(CCOc1ccccc1)c1ccc(-c2cccc(C(=O)O)c2)cc1.NC(CCOc1ccccc1)c1ccccc1.O=C(O)c1ccccc1,005_RLN-NB-2443_012_L1,7/8/2023 1:09:09 AM,005_rln-nb-2443_012_l1.raw,2min_150_1200.EXP,005_RLN-NB-2443_012_L1,005_RLN-NB-2443_012_L1,Rxn_Opt_HSST3_2_98,Analog,0,0,0,0,0,0.6233419261543768,0.7398,0,0,0,False,122.03677943156,1.25,deborylation_0,0,0,0,0,0,32.34104523976644,8.528106256084289,0.6233419261543768,195,0.7398,0,0,0,0,0,0,0,0,0,0,0,0,0,0,0,0,0,0,0,0,0,0,0,0,0,0,0,0,0,0,0,0,0,0,0,0.0,0.0,0.0,0.0,0.0,0.0,0.0,0.0,0.0,0.0,0.0,0.0,0.0,0.0,0.0,0.0,0.0,0.0,0.0,0.0,0.0,0.0,0.0
265,L2,CC(C)C1=CC(C(C)C)=CC(C(C)C)=C1C2=C([P+](C3CCCCC3)([Pd-2]4(OS(C)(=O)=O)C(C=CC=C5)=C5C6=C([NH+]4C)C=CC=C6)C7CCCCC7)C=CC=C2,XPhos Pd G4,0.04582130549999999 milligram,0.05325 micromole,0.0458213055 microliter,C47H64NO3PPdS,C1=CC=C(C=C1)OCCC(C2=CC=C(C=C2)Cl)N.Cl,1-(1-amino-3-phenoxypropyl)-4-chlorobenzene hydrochloride,0.079324658 milligram,0.266 micromole,0.07932465800000002 microliter,C15H17Cl2NO,O=C(O)C1=CC=CC(B2OC(C)(C)C(C)(C)O2)=C1,"3-(tetramethyl-1,3,2-dioxaborolan-2-yl)benzoic acid",0.07938784 milligram,0.32000000000000006 micromole,0.07938784000000002 microliter,C13H17BO4,[K+].[K+].[K+].[O-]P([O-])([O-])=O,K3PO4,0.42452799999999996 milligram,2.0 micromole,0.42452800000000007 microliter,K3O4P,CN1C=NC2=C1C(=O)N(C(=O)N2C)C,caffeine,0.051654806000000004 milligram,0.266 micromole,0.05165480600000002 microliter,C8H10N4O2,C1COCCO1,dioxane,11.124 milligram,126.25700860327335 micromole,10.8 microliter,C4H8O2,O,water,1.2000000000000002 milligram,66.6111573688593 micromole,1.2000000000000002 microliter,H2O,NC(CCOc1ccccc1)c1ccc(-c2cccc(C(=O)O)c2)cc1,suzuki_product_0,0.0 milligram,0.0 micromole,0 microliter,C22H21NO3,NC(CCOc1ccccc1)c1ccccc1,dehalogenation_0,0.0 milligram,0.0 micromole,0 microliter,C15H17NO,O=C(O)c1ccccc1,deborylation_0,0.0 milligram,0.0 micromole,0 microliter,C7H6O2,C1=CC=C(C=C1)OCCC(C2=CC=C(C=C2)Cl)N.Cl.O=C(O)C1=CC=CC(B2OC(C)(C)C(C)(C)O2)=C1>>NC(CCOc1ccccc1)c1ccc(-c2cccc(C(=O)O)c2)cc1.NC(CCOc1ccccc1)c1ccccc1.O=C(O)c1ccccc1,005_RLN-NB-2443_012_L2,7/8/2023 1:11:35 AM,005_rln-nb-2443_012_l2.raw,2min_150_1200.EXP,005_RLN-NB-2443_012_L2,005_RLN-NB-2443_012_L2,Rxn_Opt_HSST3_2_98,Analog,0.14252039417616988,0,0.1115845747069288,4.64204765788064,0.8931,0.7829375953661676,0.7415,0,0,0,False,122.03677943156,1.25,deborylation_0,0,0,0,0,0,38.87573153367237,24.568785140725723,0.7829375953661676,194.9,0.7415,0,0,0,0,0,4.847351672660818,3.5015529426858554,0.1115845747069288,210.9,0.8931,0,0,0,0,0,0,0,0,0,0,0,0,0,0,0,0,0,0,0,0,0,0,0,0,0,0.0,0.0,0.0,0.0,0.0,0.0,0.0,0.0,0.0,0.0,0.0,3.791042485086119e-05,14.252039417616988,0.0,0.0,0.0,0.0,0.0,0.0,0.0,0.0,0.0,0.0
266,L3,CC(C)C1=CC(C(C)C)=CC(C(C)C)=C1C2=C([P+](C3CCCCC3)([Pd-2]4(OS(C)(=O)=O)C(C=CC=C5)=C5C6=C([NH+]4C)C=CC=C6)C7CCCCC7)C=CC=C2,XPhos Pd G4,0.04582130549999999 milligram,0.05325 micromole,0.0458213055 microliter,C47H64NO3PPdS,C1=CC=C(C=C1)OCCC(C2=CC=C(C=C2)Cl)N.Cl,1-(1-amino-3-phenoxypropyl)-4-chlorobenzene hydrochloride,0.079324658 milligram,0.266 micromole,0.07932465800000002 microliter,C15H17Cl2NO,O=C(O)C1=CC=CC(B2OC(C)(C)C(C)(C)O2)=C1,"3-(tetramethyl-1,3,2-dioxaborolan-2-yl)benzoic acid",0.07938784 milligram,0.32000000000000006 micromole,0.07938784000000002 microliter,C13H17BO4,[Na+].C[Si](C)(C)[O-],NaOTMS,0.22435999999999995 milligram,2.0 micromole,0.22436 microliter,C3H9NaOSi,CN1C=NC2=C1C(=O)N(C(=O)N2C)C,caffeine,0.051654806000000004 milligram,0.266 micromole,0.05165480600000002 microliter,C8H10N4O2,C1COCCO1,dioxane,11.124 milligram,126.25700860327335 micromole,10.8 microliter,C4H8O2,O,water,1.2000000000000002 milligram,66.6111573688593 micromole,1.2000000000000002 microliter,H2O,NC(CCOc1ccccc1)c1ccc(-c2cccc(C(=O)O)c2)cc1,suzuki_product_0,0.0 milligram,0.0 micromole,0 microliter,C22H21NO3,NC(CCOc1ccccc1)c1ccccc1,dehalogenation_0,0.0 milligram,0.0 micromole,0 microliter,C15H17NO,O=C(O)c1ccccc1,deborylation_0,0.0 milligram,0.0 micromole,0 microliter,C7H6O2,C1=CC=C(C=C1)OCCC(C2=CC=C(C=C2)Cl)N.Cl.O=C(O)C1=CC=CC(B2OC(C)(C)C(C)(C)O2)=C1>>NC(CCOc1ccccc1)c1ccc(-c2cccc(C(=O)O)c2)cc1.NC(CCOc1ccccc1)c1ccccc1.O=C(O)c1ccccc1,005_RLN-NB-2443_012_L3,7/8/2023 1:14:01 AM,005_rln-nb-2443_012_l3.raw,2min_150_1200.EXP,005_RLN-NB-2443_012_L3,005_RLN-NB-2443_012_L3,Rxn_Opt_HSST3_2_98,Analog,0.06597220059730431,0,0.06140614771711002,1.3009613708001169,0.8915,0.9307882283923561,0.7415,0,0,0,False,122.03677943156,1.25,deborylation_0,0,0,0,0,0,44.47885512205271,16.471657206698616,0.9307882283923561,195,0.7415,0,0,0,0,0,3.6501078375553795,1.0866714734103544,0.06140614771711002,211,0.8915,0,0,0,0,0,0,0,0,0,0,0,0,0,0,0,0,0,0,0,0,0,0,0,0,0,0.0,0.0,0.0,0.0,0.0,0.0,0.0,0.0,0.0,0.0,0.0,1.7548605358882947e-05,6.597220059730431,0.0,0.0,0.0,0.0,0.0,0.0,0.0,0.0,0.0,0.0
267,L4,CC(C)(C)[P+]([Pd-2]1(C2=C(C3=C(C=CC=C3)[NH+]1C)C=CC=C2)OS(C)(=O)=O)(C(C)(C)C)C(C)(C)C,PtBu3 Pd G4,0.03120913275 milligram,0.05325 micromole,0.031209132750000007 microliter,C26H42NO3PPdS,C1=CC=C(C=C1)OCCC(C2=CC=C(C=C2)Cl)N.Cl,1-(1-amino-3-phenoxypropyl)-4-chlorobenzene hydrochloride,0.079324658 milligram,0.266 micromole,0.07932465800000002 microliter,C15H17Cl2NO,O=C(O)C1=CC=CC(B2OC(C)(C)C(C)(C)O2)=C1,"3-(tetramethyl-1,3,2-dioxaborolan-2-yl)benzoic acid",0.07938784 milligram,0.32000000000000006 micromole,0.07938784000000002 microliter,C13H17BO4,[Na+].[Na+].[O-]C([O-])=O,Na2CO3,0.21197599999999997 milligram,2.0 micromole,0.21197600000000003 microliter,CNa2O3,CN1C=NC2=C1C(=O)N(C(=O)N2C)C,caffeine,0.051654806000000004 milligram,0.266 micromole,0.05165480600000002 microliter,C8H10N4O2,C1COCCO1,dioxane,11.124 milligram,126.25700860327335 micromole,10.8 microliter,C4H8O2,O,water,1.2000000000000002 milligram,66.6111573688593 micromole,1.2000000000000002 microliter,H2O,NC(CCOc1ccccc1)c1ccc(-c2cccc(C(=O)O)c2)cc1,suzuki_product_0,0.0 milligram,0.0 micromole,0 microliter,C22H21NO3,NC(CCOc1ccccc1)c1ccccc1,dehalogenation_0,0.0 milligram,0.0 micromole,0 microliter,C15H17NO,O=C(O)c1ccccc1,deborylation_0,0.0 milligram,0.0 micromole,0 microliter,C7H6O2,C1=CC=C(C=C1)OCCC(C2=CC=C(C=C2)Cl)N.Cl.O=C(O)C1=CC=CC(B2OC(C)(C)C(C)(C)O2)=C1>>NC(CCOc1ccccc1)c1ccc(-c2cccc(C(=O)O)c2)cc1.NC(CCOc1ccccc1)c1ccccc1.O=C(O)c1ccccc1,005_RLN-NB-2443_012_L4,7/8/2023 1:16:28 AM,005_rln-nb-2443_012_l4.raw,2min_150_1200.EXP,005_RLN-NB-2443_012_L4,005_RLN-NB-2443_012_L4,Rxn_Opt_HSST3_2_98,Analog,1.2470828806732122,0,1.1076030600841018,0,0,0.888155131667099,0.7398,0,0,0,False,122.03677943156,1.25,deborylation_0,0,0,0,0,0,44.66236387354431,10.266513628910566,0.888155131667099,194.9,0.7398,0,0,0,0,0,0,0,0,0,0,39.6312399539597,12.80319339081258,1.1076030600841018,347.8,1.0931,0,0,0,0,0,0,0,0,0,0,0,0,0,0,0,0,0,0,0,0,0.0,0.0,0.0,0.0,0.0,0.0,0.0,0.0,0.0,0.00033172404625907446,124.70828806732122,0.0,0.0,0.0,0.0,0.0,0.0,0.0,0.0,0.0,0.0,0.0,0.0
268,L5,CC(C)(C)[P+]([Pd-2]1(C2=C(C3=C(C=CC=C3)[NH+]1C)C=CC=C2)OS(C)(=O)=O)(C(C)(C)C)C(C)(C)C,PtBu3 Pd G4,0.03120913275 milligram,0.05325 micromole,0.031209132750000007 microliter,C26H42NO3PPdS,C1=CC=C(C=C1)OCCC(C2=CC=C(C=C2)Cl)N.Cl,1-(1-amino-3-phenoxypropyl)-4-chlorobenzene hydrochloride,0.079324658 milligram,0.266 micromole,0.07932465800000002 microliter,C15H17Cl2NO,O=C(O)C1=CC=CC(B2OC(C)(C)C(C)(C)O2)=C1,"3-(tetramethyl-1,3,2-dioxaborolan-2-yl)benzoic acid",0.07938784 milligram,0.32000000000000006 micromole,0.07938784000000002 microliter,C13H17BO4,[K+].[K+].[K+].[O-]P([O-])([O-])=O,K3PO4,0.42452799999999996 milligram,2.0 micromole,0.42452800000000007 microliter,K3O4P,CN1C=NC2=C1C(=O)N(C(=O)N2C)C,caffeine,0.051654806000000004 milligram,0.266 micromole,0.05165480600000002 microliter,C8H10N4O2,C1COCCO1,dioxane,11.124 milligram,126.25700860327335 micromole,10.8 microliter,C4H8O2,O,water,1.2000000000000002 milligram,66.6111573688593 micromole,1.2000000000000002 microliter,H2O,NC(CCOc1ccccc1)c1ccc(-c2cccc(C(=O)O)c2)cc1,suzuki_product_0,0.0 milligram,0.0 micromole,0 microliter,C22H21NO3,NC(CCOc1ccccc1)c1ccccc1,dehalogenation_0,0.0 milligram,0.0 micromole,0 microliter,C15H17NO,O=C(O)c1ccccc1,deborylation_0,0.0 milligram,0.0 micromole,0 microliter,C7H6O2,C1=CC=C(C=C1)OCCC(C2=CC=C(C=C2)Cl)N.Cl.O=C(O)C1=CC=CC(B2OC(C)(C)C(C)(C)O2)=C1>>NC(CCOc1ccccc1)c1ccc(-c2cccc(C(=O)O)c2)cc1.NC(CCOc1ccccc1)c1ccccc1.O=C(O)c1ccccc1,005_RLN-NB-2443_012_L5,7/8/2023 1:18:54 AM,005_rln-nb-2443_012_l5.raw,2min_150_1200.EXP,005_RLN-NB-2443_012_L5,005_RLN-NB-2443_012_L5,Rxn_Opt_HSST3_2_98,Analog,1.200723370183631,0,1.0263286729403336,0,0,0.8547586383559548,0.7415,0,0,0,False,122.03677943156,1.25,deborylation_0,0,0,0,0,0,41.87984598612248,9.634769607236661,0.8547586383559548,194.9,0.7415,0,0,0,0,0,0,0,0,0,0,31.040063499870207,11.568693033744024,1.0263286729403336,347.9,1.0965,0,0,0,0,0,0,0,0,0,0,0,0,0,0,0,0,0,0,0,0,0.0,0.0,0.0,0.0,0.0,0.0,0.0,0.0,0.0,0.0003193924164688459,120.0723370183631,0.0,0.0,0.0,0.0,0.0,0.0,0.0,0.0,0.0,0.0,0.0,0.0
269,L6,CC(C)(C)[P+]([Pd-2]1(C2=C(C3=C(C=CC=C3)[NH+]1C)C=CC=C2)OS(C)(=O)=O)(C(C)(C)C)C(C)(C)C,PtBu3 Pd G4,0.03120913275 milligram,0.05325 micromole,0.031209132750000007 microliter,C26H42NO3PPdS,C1=CC=C(C=C1)OCCC(C2=CC=C(C=C2)Cl)N.Cl,1-(1-amino-3-phenoxypropyl)-4-chlorobenzene hydrochloride,0.079324658 milligram,0.266 micromole,0.07932465800000002 microliter,C15H17Cl2NO,O=C(O)C1=CC=CC(B2OC(C)(C)C(C)(C)O2)=C1,"3-(tetramethyl-1,3,2-dioxaborolan-2-yl)benzoic acid",0.07938784 milligram,0.32000000000000006 micromole,0.07938784000000002 microliter,C13H17BO4,[Na+].C[Si](C)(C)[O-],NaOTMS,0.22435999999999995 milligram,2.0 micromole,0.22436 microliter,C3H9NaOSi,CN1C=NC2=C1C(=O)N(C(=O)N2C)C,caffeine,0.051654806000000004 milligram,0.266 micromole,0.05165480600000002 microliter,C8H10N4O2,C1COCCO1,dioxane,11.124 milligram,126.25700860327335 micromole,10.8 microliter,C4H8O2,O,water,1.2000000000000002 milligram,66.6111573688593 micromole,1.2000000000000002 microliter,H2O,NC(CCOc1ccccc1)c1ccc(-c2cccc(C(=O)O)c2)cc1,suzuki_product_0,0.0 milligram,0.0 micromole,0 microliter,C22H21NO3,NC(CCOc1ccccc1)c1ccccc1,dehalogenation_0,0.0 milligram,0.0 micromole,0 microliter,C15H17NO,O=C(O)c1ccccc1,deborylation_0,0.0 milligram,0.0 micromole,0 microliter,C7H6O2,C1=CC=C(C=C1)OCCC(C2=CC=C(C=C2)Cl)N.Cl.O=C(O)C1=CC=CC(B2OC(C)(C)C(C)(C)O2)=C1>>NC(CCOc1ccccc1)c1ccc(-c2cccc(C(=O)O)c2)cc1.NC(CCOc1ccccc1)c1ccccc1.O=C(O)c1ccccc1,005_RLN-NB-2443_012_L6,7/8/2023 1:21:20 AM,005_rln-nb-2443_012_l6.raw,2min_150_1200.EXP,005_RLN-NB-2443_012_L6,005_RLN-NB-2443_012_L6,Rxn_Opt_HSST3_2_98,Analog,3.4914819073242183,0,2.6732758927956097,2.1424732617958986,0.8931,0.7656565217158291,0.7415,0,0,0,False,122.03677943156,1.25,deborylation_0,0,0,0,0,0,39.60885946028879,9.486348505016887,0.7656565217158291,195,0.7415,0,0,0,0,0,6.604373121605708,1.939230781555136,0.15651804213439355,210.9,0.8931,85.86747058260227,33.12141417183861,2.6732758927956097,348,1.0931,0,0,0,0,0,0,0,0,0,0,0,0,0,0,0,0,0,0,0,0,0.0,0.0,0.0,0.0,0.0,0.0,0.0,0.0,0.0,0.0009287341873482421,349.1481907324218,5.437660103050873e-05,20.442331214476965,0.0,0.0,0.0,0.0,0.0,0.0,0.0,0.0,0.0,0.0
270,L7,CC(C1=CC=CC(C(C)C)=C1C2=C(C(OC(C)(C)C)=CC=C2OC)[P+]([Pd-2]3(C4=C(C5=C(C=CC=C5)[NH+]3C)C=CC=C4)OS(C)(=O)=O)(C6CCCCC6)C7CCCCC7)C,GPhos Pd G4,0.049019074499999975 milligram,0.05325 micromole,0.04901907449999999 microliter,C49H68NO5PPdS,C1=CC=C(C=C1)OCCC(C2=CC=C(C=C2)Cl)N.Cl,1-(1-amino-3-phenoxypropyl)-4-chlorobenzene hydrochloride,0.079324658 milligram,0.266 micromole,0.07932465800000002 microliter,C15H17Cl2NO,O=C(O)C1=CC=CC(B2OC(C)(C)C(C)(C)O2)=C1,"3-(tetramethyl-1,3,2-dioxaborolan-2-yl)benzoic acid",0.07938784 milligram,0.32000000000000006 micromole,0.07938784000000002 microliter,C13H17BO4,[Na+].[Na+].[O-]C([O-])=O,Na2CO3,0.21197599999999997 milligram,2.0 micromole,0.21197600000000003 microliter,CNa2O3,CN1C=NC2=C1C(=O)N(C(=O)N2C)C,caffeine,0.051654806000000004 milligram,0.266 micromole,0.05165480600000002 microliter,C8H10N4O2,C1COCCO1,dioxane,11.124 milligram,126.25700860327335 micromole,10.8 microliter,C4H8O2,O,water,1.2000000000000002 milligram,66.6111573688593 micromole,1.2000000000000002 microliter,H2O,NC(CCOc1ccccc1)c1ccc(-c2cccc(C(=O)O)c2)cc1,suzuki_product_0,0.0 milligram,0.0 micromole,0 microliter,C22H21NO3,NC(CCOc1ccccc1)c1ccccc1,dehalogenation_0,0.0 milligram,0.0 micromole,0 microliter,C15H17NO,O=C(O)c1ccccc1,deborylation_0,0.0 milligram,0.0 micromole,0 microliter,C7H6O2,C1=CC=C(C=C1)OCCC(C2=CC=C(C=C2)Cl)N.Cl.O=C(O)C1=CC=CC(B2OC(C)(C)C(C)(C)O2)=C1>>NC(CCOc1ccccc1)c1ccc(-c2cccc(C(=O)O)c2)cc1.NC(CCOc1ccccc1)c1ccccc1.O=C(O)c1ccccc1,005_RLN-NB-2443_012_L7,7/8/2023 1:23:46 AM,005_rln-nb-2443_012_l7.raw,2min_150_1200.EXP,005_RLN-NB-2443_012_L7,005_RLN-NB-2443_012_L7,Rxn_Opt_HSST3_2_98,Analog,0,0,0,0,0,0.9674589315758989,0.7415,0,0,0,False,122.03677943156,1.25,deborylation_0,0,0,0,0,0,47.089809361550486,16.536483995027393,0.9674589315758989,195,0.7415,0,0,0,0,0,0,0,0,0,0,0,0,0,0,0,0,0,0,0,0,0,0,0,0,0,0,0,0,0,0,0,0,0,0,0,0.0,0.0,0.0,0.0,0.0,0.0,0.0,0.0,0.0,0.0,0.0,0.0,0.0,0.0,0.0,0.0,0.0,0.0,0.0,0.0,0.0,0.0,0.0
271,L8,CC(C1=CC=CC(C(C)C)=C1C2=C(C(OC(C)(C)C)=CC=C2OC)[P+]([Pd-2]3(C4=C(C5=C(C=CC=C5)[NH+]3C)C=CC=C4)OS(C)(=O)=O)(C6CCCCC6)C7CCCCC7)C,GPhos Pd G4,0.049019074499999975 milligram,0.05325 micromole,0.04901907449999999 microliter,C49H68NO5PPdS,C1=CC=C(C=C1)OCCC(C2=CC=C(C=C2)Cl)N.Cl,1-(1-amino-3-phenoxypropyl)-4-chlorobenzene hydrochloride,0.079324658 milligram,0.266 micromole,0.07932465800000002 microliter,C15H17Cl2NO,O=C(O)C1=CC=CC(B2OC(C)(C)C(C)(C)O2)=C1,"3-(tetramethyl-1,3,2-dioxaborolan-2-yl)benzoic acid",0.07938784 milligram,0.32000000000000006 micromole,0.07938784000000002 microliter,C13H17BO4,[K+].[K+].[K+].[O-]P([O-])([O-])=O,K3PO4,0.42452799999999996 milligram,2.0 micromole,0.42452800000000007 microliter,K3O4P,CN1C=NC2=C1C(=O)N(C(=O)N2C)C,caffeine,0.051654806000000004 milligram,0.266 micromole,0.05165480600000002 microliter,C8H10N4O2,C1COCCO1,dioxane,11.124 milligram,126.25700860327335 micromole,10.8 microliter,C4H8O2,O,water,1.2000000000000002 milligram,66.6111573688593 micromole,1.2000000000000002 microliter,H2O,NC(CCOc1ccccc1)c1ccc(-c2cccc(C(=O)O)c2)cc1,suzuki_product_0,0.0 milligram,0.0 micromole,0 microliter,C22H21NO3,NC(CCOc1ccccc1)c1ccccc1,dehalogenation_0,0.0 milligram,0.0 micromole,0 microliter,C15H17NO,O=C(O)c1ccccc1,deborylation_0,0.0 milligram,0.0 micromole,0 microliter,C7H6O2,C1=CC=C(C=C1)OCCC(C2=CC=C(C=C2)Cl)N.Cl.O=C(O)C1=CC=CC(B2OC(C)(C)C(C)(C)O2)=C1>>NC(CCOc1ccccc1)c1ccc(-c2cccc(C(=O)O)c2)cc1.NC(CCOc1ccccc1)c1ccccc1.O=C(O)c1ccccc1,005_RLN-NB-2443_012_L8,7/8/2023 1:26:12 AM,005_rln-nb-2443_012_l8.raw,2min_150_1200.EXP,005_RLN-NB-2443_012_L8,005_RLN-NB-2443_012_L8,Rxn_Opt_HSST3_2_98,Analog,0,0,0,0,0,1.620856039277009,0.7415,0,0,0,False,122.03677943156,1.25,deborylation_0,0,0,0,0,0,67.29473213184957,24.896707225397247,1.620856039277009,194.9,0.7415,0,0,0,0,0,0,0,0,0,0,0,0,0,0,0,0,0,0,0,0,0,0,0,0,0,0,0,0,0,0,0,0,0,0,0,0.0,0.0,0.0,0.0,0.0,0.0,0.0,0.0,0.0,0.0,0.0,0.0,0.0,0.0,0.0,0.0,0.0,0.0,0.0,0.0,0.0,0.0,0.0
272,L9,CC(C1=CC=CC(C(C)C)=C1C2=C(C(OC(C)(C)C)=CC=C2OC)[P+]([Pd-2]3(C4=C(C5=C(C=CC=C5)[NH+]3C)C=CC=C4)OS(C)(=O)=O)(C6CCCCC6)C7CCCCC7)C,GPhos Pd G4,0.049019074499999975 milligram,0.05325 micromole,0.04901907449999999 microliter,C49H68NO5PPdS,C1=CC=C(C=C1)OCCC(C2=CC=C(C=C2)Cl)N.Cl,1-(1-amino-3-phenoxypropyl)-4-chlorobenzene hydrochloride,0.079324658 milligram,0.266 micromole,0.07932465800000002 microliter,C15H17Cl2NO,O=C(O)C1=CC=CC(B2OC(C)(C)C(C)(C)O2)=C1,"3-(tetramethyl-1,3,2-dioxaborolan-2-yl)benzoic acid",0.07938784 milligram,0.32000000000000006 micromole,0.07938784000000002 microliter,C13H17BO4,[Na+].C[Si](C)(C)[O-],NaOTMS,0.22435999999999995 milligram,2.0 micromole,0.22436 microliter,C3H9NaOSi,CN1C=NC2=C1C(=O)N(C(=O)N2C)C,caffeine,0.051654806000000004 milligram,0.266 micromole,0.05165480600000002 microliter,C8H10N4O2,C1COCCO1,dioxane,11.124 milligram,126.25700860327335 micromole,10.8 microliter,C4H8O2,O,water,1.2000000000000002 milligram,66.6111573688593 micromole,1.2000000000000002 microliter,H2O,NC(CCOc1ccccc1)c1ccc(-c2cccc(C(=O)O)c2)cc1,suzuki_product_0,0.0 milligram,0.0 micromole,0 microliter,C22H21NO3,NC(CCOc1ccccc1)c1ccccc1,dehalogenation_0,0.0 milligram,0.0 micromole,0 microliter,C15H17NO,O=C(O)c1ccccc1,deborylation_0,0.0 milligram,0.0 micromole,0 microliter,C7H6O2,C1=CC=C(C=C1)OCCC(C2=CC=C(C=C2)Cl)N.Cl.O=C(O)C1=CC=CC(B2OC(C)(C)C(C)(C)O2)=C1>>NC(CCOc1ccccc1)c1ccc(-c2cccc(C(=O)O)c2)cc1.NC(CCOc1ccccc1)c1ccccc1.O=C(O)c1ccccc1,005_RLN-NB-2443_012_L9,7/8/2023 1:28:38 AM,005_rln-nb-2443_012_l9.raw,2min_150_1200.EXP,005_RLN-NB-2443_012_L9,005_RLN-NB-2443_012_L9,Rxn_Opt_HSST3_2_98,Analog,0,0,0,0,0,0.8489477263360179,0.7415,0,0,0,False,122.03677943156,1.25,deborylation_0,0,0,0,0,0,40.22851999132569,16.027307160122426,0.8489477263360179,195,0.7415,0,0,0,0,0,0,0,0,0,0,0,0,0,0,0,0,0,0,0,0,0,0,0,0,0,0,0,0,0,0,0,0,0,0,0,0.0,0.0,0.0,0.0,0.0,0.0,0.0,0.0,0.0,0.0,0.0,0.0,0.0,0.0,0.0,0.0,0.0,0.0,0.0,0.0,0.0,0.0,0.0
273,L10,Cl[Pd]Cl.CC1(C)c2cccc(P(c3ccccc3)c4ccccc4)c2Oc5c(cccc15)P(c6ccccc6)c7ccccc7,PdCl2(XantPhos),0.04025476350000001 milligram,0.05325 micromole,0.04025476350000002 microliter,C39H32Cl2OP2Pd,C1=CC=C(C=C1)OCCC(C2=CC=C(C=C2)Cl)N.Cl,1-(1-amino-3-phenoxypropyl)-4-chlorobenzene hydrochloride,0.079324658 milligram,0.266 micromole,0.07932465800000002 microliter,C15H17Cl2NO,O=C(O)C1=CC=CC(B2OC(C)(C)C(C)(C)O2)=C1,"3-(tetramethyl-1,3,2-dioxaborolan-2-yl)benzoic acid",0.07938784 milligram,0.32000000000000006 micromole,0.07938784000000002 microliter,C13H17BO4,[Na+].[Na+].[O-]C([O-])=O,Na2CO3,0.21197599999999997 milligram,2.0 micromole,0.21197600000000003 microliter,CNa2O3,CN1C=NC2=C1C(=O)N(C(=O)N2C)C,caffeine,0.051654806000000004 milligram,0.266 micromole,0.05165480600000002 microliter,C8H10N4O2,C1COCCO1,dioxane,11.124 milligram,126.25700860327335 micromole,10.8 microliter,C4H8O2,O,water,1.2000000000000002 milligram,66.6111573688593 micromole,1.2000000000000002 microliter,H2O,NC(CCOc1ccccc1)c1ccc(-c2cccc(C(=O)O)c2)cc1,suzuki_product_0,0.0 milligram,0.0 micromole,0 microliter,C22H21NO3,NC(CCOc1ccccc1)c1ccccc1,dehalogenation_0,0.0 milligram,0.0 micromole,0 microliter,C15H17NO,O=C(O)c1ccccc1,deborylation_0,0.0 milligram,0.0 micromole,0 microliter,C7H6O2,C1=CC=C(C=C1)OCCC(C2=CC=C(C=C2)Cl)N.Cl.O=C(O)C1=CC=CC(B2OC(C)(C)C(C)(C)O2)=C1>>NC(CCOc1ccccc1)c1ccc(-c2cccc(C(=O)O)c2)cc1.NC(CCOc1ccccc1)c1ccccc1.O=C(O)c1ccccc1,005_RLN-NB-2443_012_L10,7/8/2023 1:31:05 AM,005_rln-nb-2443_012_l10.raw,2min_150_1200.EXP,005_RLN-NB-2443_012_L10,005_RLN-NB-2443_012_L10,Rxn_Opt_HSST3_2_98,Analog,0,0,0,0,0,1.2859006483690671,0.7415,0,0,0,False,122.03677943156,1.25,deborylation_0,0,0,0,0,0,62.13625847514035,15.185083482621668,1.2859006483690671,195,0.7415,0,0,0,0,0,0,0,0,0,0,0,0,0,0,0,0,0,0,0,0,0,0,0,0,0,0,0,0,0,0,0,0,0,0,0,0.0,0.0,0.0,0.0,0.0,0.0,0.0,0.0,0.0,0.0,0.0,0.0,0.0,0.0,0.0,0.0,0.0,0.0,0.0,0.0,0.0,0.0,0.0
274,L11,Cl[Pd]Cl.CC1(C)c2cccc(P(c3ccccc3)c4ccccc4)c2Oc5c(cccc15)P(c6ccccc6)c7ccccc7,PdCl2(XantPhos),0.04025476350000001 milligram,0.05325 micromole,0.04025476350000002 microliter,C39H32Cl2OP2Pd,C1=CC=C(C=C1)OCCC(C2=CC=C(C=C2)Cl)N.Cl,1-(1-amino-3-phenoxypropyl)-4-chlorobenzene hydrochloride,0.079324658 milligram,0.266 micromole,0.07932465800000002 microliter,C15H17Cl2NO,O=C(O)C1=CC=CC(B2OC(C)(C)C(C)(C)O2)=C1,"3-(tetramethyl-1,3,2-dioxaborolan-2-yl)benzoic acid",0.07938784 milligram,0.32000000000000006 micromole,0.07938784000000002 microliter,C13H17BO4,[K+].[K+].[K+].[O-]P([O-])([O-])=O,K3PO4,0.42452799999999996 milligram,2.0 micromole,0.42452800000000007 microliter,K3O4P,CN1C=NC2=C1C(=O)N(C(=O)N2C)C,caffeine,0.051654806000000004 milligram,0.266 micromole,0.05165480600000002 microliter,C8H10N4O2,C1COCCO1,dioxane,11.124 milligram,126.25700860327335 micromole,10.8 microliter,C4H8O2,O,water,1.2000000000000002 milligram,66.6111573688593 micromole,1.2000000000000002 microliter,H2O,NC(CCOc1ccccc1)c1ccc(-c2cccc(C(=O)O)c2)cc1,suzuki_product_0,0.0 milligram,0.0 micromole,0 microliter,C22H21NO3,NC(CCOc1ccccc1)c1ccccc1,dehalogenation_0,0.0 milligram,0.0 micromole,0 microliter,C15H17NO,O=C(O)c1ccccc1,deborylation_0,0.0 milligram,0.0 micromole,0 microliter,C7H6O2,C1=CC=C(C=C1)OCCC(C2=CC=C(C=C2)Cl)N.Cl.O=C(O)C1=CC=CC(B2OC(C)(C)C(C)(C)O2)=C1>>NC(CCOc1ccccc1)c1ccc(-c2cccc(C(=O)O)c2)cc1.NC(CCOc1ccccc1)c1ccccc1.O=C(O)c1ccccc1,005_RLN-NB-2443_012_L11,7/8/2023 1:33:32 AM,005_rln-nb-2443_012_l11.raw,2min_150_1200.EXP,005_RLN-NB-2443_012_L11,005_RLN-NB-2443_012_L11,Rxn_Opt_HSST3_2_98,Analog,0,0,0,0,0,2.016932699084973,0.7431,0,0,0,False,122.03677943156,1.25,deborylation_0,0,0,0,0,0,79.83163297914095,19.959756840716118,2.016932699084973,194.9,0.7431,0,0,0,0,0,0,0,0,0,0,0,0,0,0,0,0,0,0,0,0,0,0,0,0,0,0,0,0,0,0,0,0,0,0,0,0.0,0.0,0.0,0.0,0.0,0.0,0.0,0.0,0.0,0.0,0.0,0.0,0.0,0.0,0.0,0.0,0.0,0.0,0.0,0.0,0.0,0.0,0.0
275,L12,Cl[Pd]Cl.CC1(C)c2cccc(P(c3ccccc3)c4ccccc4)c2Oc5c(cccc15)P(c6ccccc6)c7ccccc7,PdCl2(XantPhos),0.04025476350000001 milligram,0.05325 micromole,0.04025476350000002 microliter,C39H32Cl2OP2Pd,C1=CC=C(C=C1)OCCC(C2=CC=C(C=C2)Cl)N.Cl,1-(1-amino-3-phenoxypropyl)-4-chlorobenzene hydrochloride,0.079324658 milligram,0.266 micromole,0.07932465800000002 microliter,C15H17Cl2NO,O=C(O)C1=CC=CC(B2OC(C)(C)C(C)(C)O2)=C1,"3-(tetramethyl-1,3,2-dioxaborolan-2-yl)benzoic acid",0.07938784 milligram,0.32000000000000006 micromole,0.07938784000000002 microliter,C13H17BO4,[Na+].C[Si](C)(C)[O-],NaOTMS,0.22435999999999995 milligram,2.0 micromole,0.22436 microliter,C3H9NaOSi,CN1C=NC2=C1C(=O)N(C(=O)N2C)C,caffeine,0.051654806000000004 milligram,0.266 micromole,0.05165480600000002 microliter,C8H10N4O2,C1COCCO1,dioxane,11.124 milligram,126.25700860327335 micromole,10.8 microliter,C4H8O2,O,water,1.2000000000000002 milligram,66.6111573688593 micromole,1.2000000000000002 microliter,H2O,NC(CCOc1ccccc1)c1ccc(-c2cccc(C(=O)O)c2)cc1,suzuki_product_0,0.0 milligram,0.0 micromole,0 microliter,C22H21NO3,NC(CCOc1ccccc1)c1ccccc1,dehalogenation_0,0.0 milligram,0.0 micromole,0 microliter,C15H17NO,O=C(O)c1ccccc1,deborylation_0,0.0 milligram,0.0 micromole,0 microliter,C7H6O2,C1=CC=C(C=C1)OCCC(C2=CC=C(C=C2)Cl)N.Cl.O=C(O)C1=CC=CC(B2OC(C)(C)C(C)(C)O2)=C1>>NC(CCOc1ccccc1)c1ccc(-c2cccc(C(=O)O)c2)cc1.NC(CCOc1ccccc1)c1ccccc1.O=C(O)c1ccccc1,005_RLN-NB-2443_012_L12,7/8/2023 1:35:59 AM,005_rln-nb-2443_012_l12.raw,2min_150_1200.EXP,005_RLN-NB-2443_012_L12,005_RLN-NB-2443_012_L12,Rxn_Opt_HSST3_2_98,Analog,0,0,0,0,0,0.8744207138886185,0.7415,0,0,0,False,122.03677943156,1.25,deborylation_0,0,0,0,0,0,42.727981563432486,12.311354090434266,0.8744207138886185,195.3,0.7415,0,0,0,0,0,0,0,0,0,0,0,0,0,0,0,0,0,0,0,0,0,0,0,0,0,0,0,0,0,0,0,0,0,0,0,0.0,0.0,0.0,0.0,0.0,0.0,0.0,0.0,0.0,0.0,0.0,0.0,0.0,0.0,0.0,0.0,0.0,0.0,0.0,0.0,0.0,0.0,0.0
276,L13,CC(C)C1=CC(C(C)C)=CC(C(C)C)=C1C2=C([P+](C3CCCCC3)([Pd-2]4(OS(C)(=O)=O)C(C=CC=C5)=C5C6=C([NH+]4C)C=CC=C6)C7CCCCC7)C=CC=C2,XPhos Pd G4,0.04582130549999999 milligram,0.05325 micromole,0.0458213055 microliter,C47H64NO3PPdS,C1=CC=C(C=C1)OCCC(C2=CC=C(C=C2)Cl)N.Cl,1-(1-amino-3-phenoxypropyl)-4-chlorobenzene hydrochloride,0.079324658 milligram,0.266 micromole,0.07932465800000002 microliter,C15H17Cl2NO,O=C(O)C1=CC=CC(B2OC(C)(C)C(C)(C)O2)=C1,"3-(tetramethyl-1,3,2-dioxaborolan-2-yl)benzoic acid",0.07938784 milligram,0.32000000000000006 micromole,0.07938784000000002 microliter,C13H17BO4,[Na+].[Na+].[O-]C([O-])=O,Na2CO3,0.21197599999999997 milligram,2.0 micromole,0.21197600000000003 microliter,CNa2O3,CN1C=NC2=C1C(=O)N(C(=O)N2C)C,caffeine,0.051654806000000004 milligram,0.266 micromole,0.05165480600000002 microliter,C8H10N4O2,Cc1ccccc1,toluene,9.3096 milligram,101.03645499831781 micromole,10.8 microliter,C7H8,O,water,1.2000000000000002 milligram,66.6111573688593 micromole,1.2000000000000002 microliter,H2O,NC(CCOc1ccccc1)c1ccc(-c2cccc(C(=O)O)c2)cc1,suzuki_product_0,0.0 milligram,0.0 micromole,0 microliter,C22H21NO3,NC(CCOc1ccccc1)c1ccccc1,dehalogenation_0,0.0 milligram,0.0 micromole,0 microliter,C15H17NO,O=C(O)c1ccccc1,deborylation_0,0.0 milligram,0.0 micromole,0 microliter,C7H6O2,C1=CC=C(C=C1)OCCC(C2=CC=C(C=C2)Cl)N.Cl.O=C(O)C1=CC=CC(B2OC(C)(C)C(C)(C)O2)=C1>>NC(CCOc1ccccc1)c1ccc(-c2cccc(C(=O)O)c2)cc1.NC(CCOc1ccccc1)c1ccccc1.O=C(O)c1ccccc1,005_RLN-NB-2443_012_L13,7/8/2023 1:38:26 AM,005_rln-nb-2443_012_l13.raw,2min_150_1200.EXP,005_RLN-NB-2443_012_L13,005_RLN-NB-2443_012_L13,Rxn_Opt_HSST3_2_98,Analog,0,0,0,0,0,0.583238878830218,0.7415,0,0,0,False,122.03677943156,1.25,deborylation_0,0,0,0,0,0,29.18459369086561,16.415985397072323,0.583238878830218,194.9,0.7415,0,0,0,0,0,0,0,0,0,0,0,0,0,0,0,0,0,0,0,0,0,0,0,0,0,0,0,0,0,0,0,0,0,0,0,0.0,0.0,0.0,0.0,0.0,0.0,0.0,0.0,0.0,0.0,0.0,0.0,0.0,0.0,0.0,0.0,0.0,0.0,0.0,0.0,0.0,0.0,0.0
277,L14,CC(C)C1=CC(C(C)C)=CC(C(C)C)=C1C2=C([P+](C3CCCCC3)([Pd-2]4(OS(C)(=O)=O)C(C=CC=C5)=C5C6=C([NH+]4C)C=CC=C6)C7CCCCC7)C=CC=C2,XPhos Pd G4,0.04582130549999999 milligram,0.05325 micromole,0.0458213055 microliter,C47H64NO3PPdS,C1=CC=C(C=C1)OCCC(C2=CC=C(C=C2)Cl)N.Cl,1-(1-amino-3-phenoxypropyl)-4-chlorobenzene hydrochloride,0.079324658 milligram,0.266 micromole,0.07932465800000002 microliter,C15H17Cl2NO,O=C(O)C1=CC=CC(B2OC(C)(C)C(C)(C)O2)=C1,"3-(tetramethyl-1,3,2-dioxaborolan-2-yl)benzoic acid",0.07938784 milligram,0.32000000000000006 micromole,0.07938784000000002 microliter,C13H17BO4,[K+].[K+].[K+].[O-]P([O-])([O-])=O,K3PO4,0.42452799999999996 milligram,2.0 micromole,0.42452800000000007 microliter,K3O4P,CN1C=NC2=C1C(=O)N(C(=O)N2C)C,caffeine,0.051654806000000004 milligram,0.266 micromole,0.05165480600000002 microliter,C8H10N4O2,Cc1ccccc1,toluene,9.3096 milligram,101.03645499831781 micromole,10.8 microliter,C7H8,O,water,1.2000000000000002 milligram,66.6111573688593 micromole,1.2000000000000002 microliter,H2O,NC(CCOc1ccccc1)c1ccc(-c2cccc(C(=O)O)c2)cc1,suzuki_product_0,0.0 milligram,0.0 micromole,0 microliter,C22H21NO3,NC(CCOc1ccccc1)c1ccccc1,dehalogenation_0,0.0 milligram,0.0 micromole,0 microliter,C15H17NO,O=C(O)c1ccccc1,deborylation_0,0.0 milligram,0.0 micromole,0 microliter,C7H6O2,C1=CC=C(C=C1)OCCC(C2=CC=C(C=C2)Cl)N.Cl.O=C(O)C1=CC=CC(B2OC(C)(C)C(C)(C)O2)=C1>>NC(CCOc1ccccc1)c1ccc(-c2cccc(C(=O)O)c2)cc1.NC(CCOc1ccccc1)c1ccccc1.O=C(O)c1ccccc1,005_RLN-NB-2443_012_L14,7/8/2023 1:40:53 AM,005_rln-nb-2443_012_l14.raw,2min_150_1200.EXP,005_RLN-NB-2443_012_L14,005_RLN-NB-2443_012_L14,Rxn_Opt_HSST3_2_98,Analog,0,0,0,0,0,1.3827359798769832,0.7431,0,0,0,False,122.03677943156,1.25,deborylation_0,0,0,0,0,0,52.863444044916356,26.425518670002507,1.3827359798769832,194.9,0.7431,0,0,0,0,0,0,0,0,0,0,0,0,0,0,0,0,0,0,0,0,0,0,0,0,0,0,0,0,0,0,0,0,0,0,0,0.0,0.0,0.0,0.0,0.0,0.0,0.0,0.0,0.0,0.0,0.0,0.0,0.0,0.0,0.0,0.0,0.0,0.0,0.0,0.0,0.0,0.0,0.0
278,L15,CC(C)C1=CC(C(C)C)=CC(C(C)C)=C1C2=C([P+](C3CCCCC3)([Pd-2]4(OS(C)(=O)=O)C(C=CC=C5)=C5C6=C([NH+]4C)C=CC=C6)C7CCCCC7)C=CC=C2,XPhos Pd G4,0.04582130549999999 milligram,0.05325 micromole,0.0458213055 microliter,C47H64NO3PPdS,C1=CC=C(C=C1)OCCC(C2=CC=C(C=C2)Cl)N.Cl,1-(1-amino-3-phenoxypropyl)-4-chlorobenzene hydrochloride,0.079324658 milligram,0.266 micromole,0.07932465800000002 microliter,C15H17Cl2NO,O=C(O)C1=CC=CC(B2OC(C)(C)C(C)(C)O2)=C1,"3-(tetramethyl-1,3,2-dioxaborolan-2-yl)benzoic acid",0.07938784 milligram,0.32000000000000006 micromole,0.07938784000000002 microliter,C13H17BO4,[Na+].C[Si](C)(C)[O-],NaOTMS,0.22435999999999995 milligram,2.0 micromole,0.22436 microliter,C3H9NaOSi,CN1C=NC2=C1C(=O)N(C(=O)N2C)C,caffeine,0.051654806000000004 milligram,0.266 micromole,0.05165480600000002 microliter,C8H10N4O2,Cc1ccccc1,toluene,9.3096 milligram,101.03645499831781 micromole,10.8 microliter,C7H8,O,water,1.2000000000000002 milligram,66.6111573688593 micromole,1.2000000000000002 microliter,H2O,NC(CCOc1ccccc1)c1ccc(-c2cccc(C(=O)O)c2)cc1,suzuki_product_0,0.0 milligram,0.0 micromole,0 microliter,C22H21NO3,NC(CCOc1ccccc1)c1ccccc1,dehalogenation_0,0.0 milligram,0.0 micromole,0 microliter,C15H17NO,O=C(O)c1ccccc1,deborylation_0,0.0 milligram,0.0 micromole,0 microliter,C7H6O2,C1=CC=C(C=C1)OCCC(C2=CC=C(C=C2)Cl)N.Cl.O=C(O)C1=CC=CC(B2OC(C)(C)C(C)(C)O2)=C1>>NC(CCOc1ccccc1)c1ccc(-c2cccc(C(=O)O)c2)cc1.NC(CCOc1ccccc1)c1ccccc1.O=C(O)c1ccccc1,005_RLN-NB-2443_012_L15,7/8/2023 1:43:20 AM,005_rln-nb-2443_012_l15.raw,2min_150_1200.EXP,005_RLN-NB-2443_012_L15,005_RLN-NB-2443_012_L15,Rxn_Opt_HSST3_2_98,Analog,0,0,0,0,0,1.0351847735494741,0.7398,0,0,0,False,122.03677943156,1.25,deborylation_0,0,0,0,0,0,50.6536677944965,15.511308104568405,1.0351847735494741,194.9,0.7398,0,0,0,0,0,0,0,0,0,0,0,0,0,0,0,0,0,0,0,0,0,0,0,0,0,0,0,0,0,0,0,0,0,0,0,0.0,0.0,0.0,0.0,0.0,0.0,0.0,0.0,0.0,0.0,0.0,0.0,0.0,0.0,0.0,0.0,0.0,0.0,0.0,0.0,0.0,0.0,0.0
279,L16,CC(C)(C)[P+]([Pd-2]1(C2=C(C3=C(C=CC=C3)[NH+]1C)C=CC=C2)OS(C)(=O)=O)(C(C)(C)C)C(C)(C)C,PtBu3 Pd G4,0.03120913275 milligram,0.05325 micromole,0.031209132750000007 microliter,C26H42NO3PPdS,C1=CC=C(C=C1)OCCC(C2=CC=C(C=C2)Cl)N.Cl,1-(1-amino-3-phenoxypropyl)-4-chlorobenzene hydrochloride,0.079324658 milligram,0.266 micromole,0.07932465800000002 microliter,C15H17Cl2NO,O=C(O)C1=CC=CC(B2OC(C)(C)C(C)(C)O2)=C1,"3-(tetramethyl-1,3,2-dioxaborolan-2-yl)benzoic acid",0.07938784 milligram,0.32000000000000006 micromole,0.07938784000000002 microliter,C13H17BO4,[Na+].[Na+].[O-]C([O-])=O,Na2CO3,0.21197599999999997 milligram,2.0 micromole,0.21197600000000003 microliter,CNa2O3,CN1C=NC2=C1C(=O)N(C(=O)N2C)C,caffeine,0.051654806000000004 milligram,0.266 micromole,0.05165480600000002 microliter,C8H10N4O2,Cc1ccccc1,toluene,9.3096 milligram,101.03645499831781 micromole,10.8 microliter,C7H8,O,water,1.2000000000000002 milligram,66.6111573688593 micromole,1.2000000000000002 microliter,H2O,NC(CCOc1ccccc1)c1ccc(-c2cccc(C(=O)O)c2)cc1,suzuki_product_0,0.0 milligram,0.0 micromole,0 microliter,C22H21NO3,NC(CCOc1ccccc1)c1ccccc1,dehalogenation_0,0.0 milligram,0.0 micromole,0 microliter,C15H17NO,O=C(O)c1ccccc1,deborylation_0,0.0 milligram,0.0 micromole,0 microliter,C7H6O2,C1=CC=C(C=C1)OCCC(C2=CC=C(C=C2)Cl)N.Cl.O=C(O)C1=CC=CC(B2OC(C)(C)C(C)(C)O2)=C1>>NC(CCOc1ccccc1)c1ccc(-c2cccc(C(=O)O)c2)cc1.NC(CCOc1ccccc1)c1ccccc1.O=C(O)c1ccccc1,005_RLN-NB-2443_012_L16,7/8/2023 1:45:47 AM,005_rln-nb-2443_012_l16.raw,2min_150_1200.EXP,005_RLN-NB-2443_012_L16,005_RLN-NB-2443_012_L16,Rxn_Opt_HSST3_2_98,Analog,0.6990826518268323,0,0.4303594317685643,12.050831124683192,1.0981,0.6156059382162545,0.7431,0,0,0,False,122.03677943156,1.25,deborylation_0,0,0,0,0,0,31.63189747453789,14.70346998396574,0.6156059382162545,194.9,0.7431,0,0,0,0,0,0,0,0,0,0,16.489831872632106,10.278940787446999,0.4303594317685643,347.9,1.0981,0,0,0,0,0,0,0,0,0,0,0,0,0,0,0,0,0,0,0,0,0.0,0.0,0.0,0.0,0.0,0.0,0.0,0.0,0.0,0.0001859559853859374,69.90826518268322,0.0,0.0,0.0,0.0,0.0,0.0,0.0,0.0,0.0,0.0,0.0,0.0
280,L17,CC(C)(C)[P+]([Pd-2]1(C2=C(C3=C(C=CC=C3)[NH+]1C)C=CC=C2)OS(C)(=O)=O)(C(C)(C)C)C(C)(C)C,PtBu3 Pd G4,0.03120913275 milligram,0.05325 micromole,0.031209132750000007 microliter,C26H42NO3PPdS,C1=CC=C(C=C1)OCCC(C2=CC=C(C=C2)Cl)N.Cl,1-(1-amino-3-phenoxypropyl)-4-chlorobenzene hydrochloride,0.079324658 milligram,0.266 micromole,0.07932465800000002 microliter,C15H17Cl2NO,O=C(O)C1=CC=CC(B2OC(C)(C)C(C)(C)O2)=C1,"3-(tetramethyl-1,3,2-dioxaborolan-2-yl)benzoic acid",0.07938784 milligram,0.32000000000000006 micromole,0.07938784000000002 microliter,C13H17BO4,[K+].[K+].[K+].[O-]P([O-])([O-])=O,K3PO4,0.42452799999999996 milligram,2.0 micromole,0.42452800000000007 microliter,K3O4P,CN1C=NC2=C1C(=O)N(C(=O)N2C)C,caffeine,0.051654806000000004 milligram,0.266 micromole,0.05165480600000002 microliter,C8H10N4O2,Cc1ccccc1,toluene,9.3096 milligram,101.03645499831781 micromole,10.8 microliter,C7H8,O,water,1.2000000000000002 milligram,66.6111573688593 micromole,1.2000000000000002 microliter,H2O,NC(CCOc1ccccc1)c1ccc(-c2cccc(C(=O)O)c2)cc1,suzuki_product_0,0.0 milligram,0.0 micromole,0 microliter,C22H21NO3,NC(CCOc1ccccc1)c1ccccc1,dehalogenation_0,0.0 milligram,0.0 micromole,0 microliter,C15H17NO,O=C(O)c1ccccc1,deborylation_0,0.0 milligram,0.0 micromole,0 microliter,C7H6O2,C1=CC=C(C=C1)OCCC(C2=CC=C(C=C2)Cl)N.Cl.O=C(O)C1=CC=CC(B2OC(C)(C)C(C)(C)O2)=C1>>NC(CCOc1ccccc1)c1ccc(-c2cccc(C(=O)O)c2)cc1.NC(CCOc1ccccc1)c1ccccc1.O=C(O)c1ccccc1,005_RLN-NB-2443_012_L17,7/8/2023 1:48:13 AM,005_rln-nb-2443_012_l17.raw,2min_150_1200.EXP,005_RLN-NB-2443_012_L17,005_RLN-NB-2443_012_L17,Rxn_Opt_HSST3_2_98,Analog,0.23427605343206934,0,0.2813688487355478,6.3640123334717025,1.0981,1.20101412250029,0.7431,0,0,0,False,122.03677943156,1.25,deborylation_0,0,0,0,0,0,46.62243400296371,21.361754848423534,1.20101412250029,195,0.7431,0,0,0,0,0,0,0,0,0,0,8.902251091898803,5.004547620272038,0.2813688487355478,348,1.0981,0,0,0,0,0,0,0,0,0,0,0,0,0,0,0,0,0,0,0,0,0.0,0.0,0.0,0.0,0.0,0.0,0.0,0.0,0.0,6.231743021293045e-05,23.427605343206935,0.0,0.0,0.0,0.0,0.0,0.0,0.0,0.0,0.0,0.0,0.0,0.0
281,L18,CC(C)(C)[P+]([Pd-2]1(C2=C(C3=C(C=CC=C3)[NH+]1C)C=CC=C2)OS(C)(=O)=O)(C(C)(C)C)C(C)(C)C,PtBu3 Pd G4,0.03120913275 milligram,0.05325 micromole,0.031209132750000007 microliter,C26H42NO3PPdS,C1=CC=C(C=C1)OCCC(C2=CC=C(C=C2)Cl)N.Cl,1-(1-amino-3-phenoxypropyl)-4-chlorobenzene hydrochloride,0.079324658 milligram,0.266 micromole,0.07932465800000002 microliter,C15H17Cl2NO,O=C(O)C1=CC=CC(B2OC(C)(C)C(C)(C)O2)=C1,"3-(tetramethyl-1,3,2-dioxaborolan-2-yl)benzoic acid",0.07938784 milligram,0.32000000000000006 micromole,0.07938784000000002 microliter,C13H17BO4,[Na+].C[Si](C)(C)[O-],NaOTMS,0.22435999999999995 milligram,2.0 micromole,0.22436 microliter,C3H9NaOSi,CN1C=NC2=C1C(=O)N(C(=O)N2C)C,caffeine,0.051654806000000004 milligram,0.266 micromole,0.05165480600000002 microliter,C8H10N4O2,Cc1ccccc1,toluene,9.3096 milligram,101.03645499831781 micromole,10.8 microliter,C7H8,O,water,1.2000000000000002 milligram,66.6111573688593 micromole,1.2000000000000002 microliter,H2O,NC(CCOc1ccccc1)c1ccc(-c2cccc(C(=O)O)c2)cc1,suzuki_product_0,0.0 milligram,0.0 micromole,0 microliter,C22H21NO3,NC(CCOc1ccccc1)c1ccccc1,dehalogenation_0,0.0 milligram,0.0 micromole,0 microliter,C15H17NO,O=C(O)c1ccccc1,deborylation_0,0.0 milligram,0.0 micromole,0 microliter,C7H6O2,C1=CC=C(C=C1)OCCC(C2=CC=C(C=C2)Cl)N.Cl.O=C(O)C1=CC=CC(B2OC(C)(C)C(C)(C)O2)=C1>>NC(CCOc1ccccc1)c1ccc(-c2cccc(C(=O)O)c2)cc1.NC(CCOc1ccccc1)c1ccccc1.O=C(O)c1ccccc1,005_RLN-NB-2443_012_L18,7/8/2023 1:50:39 AM,005_rln-nb-2443_012_l18.raw,2min_150_1200.EXP,005_RLN-NB-2443_012_L18,005_RLN-NB-2443_012_L18,Rxn_Opt_HSST3_2_98,Analog,1.6435489834766117,0,1.8371163518140734,0,0,1.1177740184706921,0.7398,0,0,0,False,122.03677943156,1.25,deborylation_0,0,0,0,0,0,52.88239459392476,12.563035807516343,1.1177740184706921,194.9,0.7398,0,0,0,0,0,0,0,0,0,0,55.87990793204354,20.647964730823755,1.8371163518140734,347.9,1.0931,0,0,0,0,0,0,0,0,0,0,0,0,0,0,0,0,0,0,0,0,0.0,0.0,0.0,0.0,0.0,0.0,0.0,0.0,0.0,0.0004371840296047787,164.35489834766116,0.0,0.0,0.0,0.0,0.0,0.0,0.0,0.0,0.0,0.0,0.0,0.0
282,L19,CC(C1=CC=CC(C(C)C)=C1C2=C(C(OC(C)(C)C)=CC=C2OC)[P+]([Pd-2]3(C4=C(C5=C(C=CC=C5)[NH+]3C)C=CC=C4)OS(C)(=O)=O)(C6CCCCC6)C7CCCCC7)C,GPhos Pd G4,0.049019074499999975 milligram,0.05325 micromole,0.04901907449999999 microliter,C49H68NO5PPdS,C1=CC=C(C=C1)OCCC(C2=CC=C(C=C2)Cl)N.Cl,1-(1-amino-3-phenoxypropyl)-4-chlorobenzene hydrochloride,0.079324658 milligram,0.266 micromole,0.07932465800000002 microliter,C15H17Cl2NO,O=C(O)C1=CC=CC(B2OC(C)(C)C(C)(C)O2)=C1,"3-(tetramethyl-1,3,2-dioxaborolan-2-yl)benzoic acid",0.07938784 milligram,0.32000000000000006 micromole,0.07938784000000002 microliter,C13H17BO4,[Na+].[Na+].[O-]C([O-])=O,Na2CO3,0.21197599999999997 milligram,2.0 micromole,0.21197600000000003 microliter,CNa2O3,CN1C=NC2=C1C(=O)N(C(=O)N2C)C,caffeine,0.051654806000000004 milligram,0.266 micromole,0.05165480600000002 microliter,C8H10N4O2,Cc1ccccc1,toluene,9.3096 milligram,101.03645499831781 micromole,10.8 microliter,C7H8,O,water,1.2000000000000002 milligram,66.6111573688593 micromole,1.2000000000000002 microliter,H2O,NC(CCOc1ccccc1)c1ccc(-c2cccc(C(=O)O)c2)cc1,suzuki_product_0,0.0 milligram,0.0 micromole,0 microliter,C22H21NO3,NC(CCOc1ccccc1)c1ccccc1,dehalogenation_0,0.0 milligram,0.0 micromole,0 microliter,C15H17NO,O=C(O)c1ccccc1,deborylation_0,0.0 milligram,0.0 micromole,0 microliter,C7H6O2,C1=CC=C(C=C1)OCCC(C2=CC=C(C=C2)Cl)N.Cl.O=C(O)C1=CC=CC(B2OC(C)(C)C(C)(C)O2)=C1>>NC(CCOc1ccccc1)c1ccc(-c2cccc(C(=O)O)c2)cc1.NC(CCOc1ccccc1)c1ccccc1.O=C(O)c1ccccc1,005_RLN-NB-2443_012_L19,7/8/2023 1:53:06 AM,005_rln-nb-2443_012_l19.raw,2min_150_1200.EXP,005_RLN-NB-2443_012_L19,005_RLN-NB-2443_012_L19,Rxn_Opt_HSST3_2_98,Analog,0,0,0,0,0,0.9999446540578656,0.7415,0,0,0,False,122.03677943156,1.25,deborylation_0,0,0,0,0,0,42.89801016657752,36.12675517236169,0.9999446540578656,195,0.7415,0,0,0,0,0,0,0,0,0,0,0,0,0,0,0,0,0,0,0,0,0,0,0,0,0,0,0,0,0,0,0,0,0,0,0,0.0,0.0,0.0,0.0,0.0,0.0,0.0,0.0,0.0,0.0,0.0,0.0,0.0,0.0,0.0,0.0,0.0,0.0,0.0,0.0,0.0,0.0,0.0
283,L20,CC(C1=CC=CC(C(C)C)=C1C2=C(C(OC(C)(C)C)=CC=C2OC)[P+]([Pd-2]3(C4=C(C5=C(C=CC=C5)[NH+]3C)C=CC=C4)OS(C)(=O)=O)(C6CCCCC6)C7CCCCC7)C,GPhos Pd G4,0.049019074499999975 milligram,0.05325 micromole,0.04901907449999999 microliter,C49H68NO5PPdS,C1=CC=C(C=C1)OCCC(C2=CC=C(C=C2)Cl)N.Cl,1-(1-amino-3-phenoxypropyl)-4-chlorobenzene hydrochloride,0.079324658 milligram,0.266 micromole,0.07932465800000002 microliter,C15H17Cl2NO,O=C(O)C1=CC=CC(B2OC(C)(C)C(C)(C)O2)=C1,"3-(tetramethyl-1,3,2-dioxaborolan-2-yl)benzoic acid",0.07938784 milligram,0.32000000000000006 micromole,0.07938784000000002 microliter,C13H17BO4,[K+].[K+].[K+].[O-]P([O-])([O-])=O,K3PO4,0.42452799999999996 milligram,2.0 micromole,0.42452800000000007 microliter,K3O4P,CN1C=NC2=C1C(=O)N(C(=O)N2C)C,caffeine,0.051654806000000004 milligram,0.266 micromole,0.05165480600000002 microliter,C8H10N4O2,Cc1ccccc1,toluene,9.3096 milligram,101.03645499831781 micromole,10.8 microliter,C7H8,O,water,1.2000000000000002 milligram,66.6111573688593 micromole,1.2000000000000002 microliter,H2O,NC(CCOc1ccccc1)c1ccc(-c2cccc(C(=O)O)c2)cc1,suzuki_product_0,0.0 milligram,0.0 micromole,0 microliter,C22H21NO3,NC(CCOc1ccccc1)c1ccccc1,dehalogenation_0,0.0 milligram,0.0 micromole,0 microliter,C15H17NO,O=C(O)c1ccccc1,deborylation_0,0.0 milligram,0.0 micromole,0 microliter,C7H6O2,C1=CC=C(C=C1)OCCC(C2=CC=C(C=C2)Cl)N.Cl.O=C(O)C1=CC=CC(B2OC(C)(C)C(C)(C)O2)=C1>>NC(CCOc1ccccc1)c1ccc(-c2cccc(C(=O)O)c2)cc1.NC(CCOc1ccccc1)c1ccccc1.O=C(O)c1ccccc1,005_RLN-NB-2443_012_L20,7/8/2023 1:55:33 AM,005_rln-nb-2443_012_l20.raw,2min_150_1200.EXP,005_RLN-NB-2443_012_L20,005_RLN-NB-2443_012_L20,Rxn_Opt_HSST3_2_98,Analog,0,0,0,0,0,2.9610012728307242,0.7431,0,0,0,False,122.03677943156,1.25,deborylation_0,0,0,0,0,0,112.44721784080282,36.42617572563827,2.9610012728307242,194.8,0.7431,0,0,0,0,0,0,0,0,0,0,0,0,0,0,0,0,0,0,0,0,0,0,0,0,0,0,0,0,0,0,0,0,0,0,0,0.0,0.0,0.0,0.0,0.0,0.0,0.0,0.0,0.0,0.0,0.0,0.0,0.0,0.0,0.0,0.0,0.0,0.0,0.0,0.0,0.0,0.0,0.0
284,L21,CC(C1=CC=CC(C(C)C)=C1C2=C(C(OC(C)(C)C)=CC=C2OC)[P+]([Pd-2]3(C4=C(C5=C(C=CC=C5)[NH+]3C)C=CC=C4)OS(C)(=O)=O)(C6CCCCC6)C7CCCCC7)C,GPhos Pd G4,0.049019074499999975 milligram,0.05325 micromole,0.04901907449999999 microliter,C49H68NO5PPdS,C1=CC=C(C=C1)OCCC(C2=CC=C(C=C2)Cl)N.Cl,1-(1-amino-3-phenoxypropyl)-4-chlorobenzene hydrochloride,0.079324658 milligram,0.266 micromole,0.07932465800000002 microliter,C15H17Cl2NO,O=C(O)C1=CC=CC(B2OC(C)(C)C(C)(C)O2)=C1,"3-(tetramethyl-1,3,2-dioxaborolan-2-yl)benzoic acid",0.07938784 milligram,0.32000000000000006 micromole,0.07938784000000002 microliter,C13H17BO4,[Na+].C[Si](C)(C)[O-],NaOTMS,0.22435999999999995 milligram,2.0 micromole,0.22436 microliter,C3H9NaOSi,CN1C=NC2=C1C(=O)N(C(=O)N2C)C,caffeine,0.051654806000000004 milligram,0.266 micromole,0.05165480600000002 microliter,C8H10N4O2,Cc1ccccc1,toluene,9.3096 milligram,101.03645499831781 micromole,10.8 microliter,C7H8,O,water,1.2000000000000002 milligram,66.6111573688593 micromole,1.2000000000000002 microliter,H2O,NC(CCOc1ccccc1)c1ccc(-c2cccc(C(=O)O)c2)cc1,suzuki_product_0,0.0 milligram,0.0 micromole,0 microliter,C22H21NO3,NC(CCOc1ccccc1)c1ccccc1,dehalogenation_0,0.0 milligram,0.0 micromole,0 microliter,C15H17NO,O=C(O)c1ccccc1,deborylation_0,0.0 milligram,0.0 micromole,0 microliter,C7H6O2,C1=CC=C(C=C1)OCCC(C2=CC=C(C=C2)Cl)N.Cl.O=C(O)C1=CC=CC(B2OC(C)(C)C(C)(C)O2)=C1>>NC(CCOc1ccccc1)c1ccc(-c2cccc(C(=O)O)c2)cc1.NC(CCOc1ccccc1)c1ccccc1.O=C(O)c1ccccc1,005_RLN-NB-2443_012_L21,7/8/2023 1:58:00 AM,005_rln-nb-2443_012_l21.raw,2min_150_1200.EXP,005_RLN-NB-2443_012_L21,005_RLN-NB-2443_012_L21,Rxn_Opt_HSST3_2_98,Analog,0,0,0,0,0,1.8442025279008682,0.7448,0,0,0,False,122.03677943156,1.25,deborylation_0,0,0,0,0,0,69.87641205737253,19.988445184527713,1.8442025279008682,195,0.7448,0,0,0,0,0,0,0,0,0,0,0,0,0,0,0,0,0,0,0,0,0,0,0,0,0,0,0,0,0,0,0,0,0,0,0,0.0,0.0,0.0,0.0,0.0,0.0,0.0,0.0,0.0,0.0,0.0,0.0,0.0,0.0,0.0,0.0,0.0,0.0,0.0,0.0,0.0,0.0,0.0
285,L22,Cl[Pd]Cl.CC1(C)c2cccc(P(c3ccccc3)c4ccccc4)c2Oc5c(cccc15)P(c6ccccc6)c7ccccc7,PdCl2(XantPhos),0.04025476350000001 milligram,0.05325 micromole,0.04025476350000002 microliter,C39H32Cl2OP2Pd,C1=CC=C(C=C1)OCCC(C2=CC=C(C=C2)Cl)N.Cl,1-(1-amino-3-phenoxypropyl)-4-chlorobenzene hydrochloride,0.079324658 milligram,0.266 micromole,0.07932465800000002 microliter,C15H17Cl2NO,O=C(O)C1=CC=CC(B2OC(C)(C)C(C)(C)O2)=C1,"3-(tetramethyl-1,3,2-dioxaborolan-2-yl)benzoic acid",0.07938784 milligram,0.32000000000000006 micromole,0.07938784000000002 microliter,C13H17BO4,[Na+].[Na+].[O-]C([O-])=O,Na2CO3,0.21197599999999997 milligram,2.0 micromole,0.21197600000000003 microliter,CNa2O3,CN1C=NC2=C1C(=O)N(C(=O)N2C)C,caffeine,0.051654806000000004 milligram,0.266 micromole,0.05165480600000002 microliter,C8H10N4O2,Cc1ccccc1,toluene,9.3096 milligram,101.03645499831781 micromole,10.8 microliter,C7H8,O,water,1.2000000000000002 milligram,66.6111573688593 micromole,1.2000000000000002 microliter,H2O,NC(CCOc1ccccc1)c1ccc(-c2cccc(C(=O)O)c2)cc1,suzuki_product_0,0.0 milligram,0.0 micromole,0 microliter,C22H21NO3,NC(CCOc1ccccc1)c1ccccc1,dehalogenation_0,0.0 milligram,0.0 micromole,0 microliter,C15H17NO,O=C(O)c1ccccc1,deborylation_0,0.0 milligram,0.0 micromole,0 microliter,C7H6O2,C1=CC=C(C=C1)OCCC(C2=CC=C(C=C2)Cl)N.Cl.O=C(O)C1=CC=CC(B2OC(C)(C)C(C)(C)O2)=C1>>NC(CCOc1ccccc1)c1ccc(-c2cccc(C(=O)O)c2)cc1.NC(CCOc1ccccc1)c1ccccc1.O=C(O)c1ccccc1,005_RLN-NB-2443_012_L22,7/8/2023 2:00:26 AM,005_rln-nb-2443_012_l22.raw,2min_150_1200.EXP,005_RLN-NB-2443_012_L22,005_RLN-NB-2443_012_L22,Rxn_Opt_HSST3_2_98,Analog,0,0,0,0,0,1.3987481914617534,0.7415,0,0,0,False,122.03677943156,1.25,deborylation_0,0,0,0,0,0,59.02991928979677,25.43541518639771,1.3987481914617534,195,0.7415,0,0,0,0,0,0,0,0,0,0,0,0,0,0,0,0,0,0,0,0,0,0,0,0,0,0,0,0,0,0,0,0,0,0,0,0.0,0.0,0.0,0.0,0.0,0.0,0.0,0.0,0.0,0.0,0.0,0.0,0.0,0.0,0.0,0.0,0.0,0.0,0.0,0.0,0.0,0.0,0.0
286,L23,Cl[Pd]Cl.CC1(C)c2cccc(P(c3ccccc3)c4ccccc4)c2Oc5c(cccc15)P(c6ccccc6)c7ccccc7,PdCl2(XantPhos),0.04025476350000001 milligram,0.05325 micromole,0.04025476350000002 microliter,C39H32Cl2OP2Pd,C1=CC=C(C=C1)OCCC(C2=CC=C(C=C2)Cl)N.Cl,1-(1-amino-3-phenoxypropyl)-4-chlorobenzene hydrochloride,0.079324658 milligram,0.266 micromole,0.07932465800000002 microliter,C15H17Cl2NO,O=C(O)C1=CC=CC(B2OC(C)(C)C(C)(C)O2)=C1,"3-(tetramethyl-1,3,2-dioxaborolan-2-yl)benzoic acid",0.07938784 milligram,0.32000000000000006 micromole,0.07938784000000002 microliter,C13H17BO4,[K+].[K+].[K+].[O-]P([O-])([O-])=O,K3PO4,0.42452799999999996 milligram,2.0 micromole,0.42452800000000007 microliter,K3O4P,CN1C=NC2=C1C(=O)N(C(=O)N2C)C,caffeine,0.051654806000000004 milligram,0.266 micromole,0.05165480600000002 microliter,C8H10N4O2,Cc1ccccc1,toluene,9.3096 milligram,101.03645499831781 micromole,10.8 microliter,C7H8,O,water,1.2000000000000002 milligram,66.6111573688593 micromole,1.2000000000000002 microliter,H2O,NC(CCOc1ccccc1)c1ccc(-c2cccc(C(=O)O)c2)cc1,suzuki_product_0,0.0 milligram,0.0 micromole,0 microliter,C22H21NO3,NC(CCOc1ccccc1)c1ccccc1,dehalogenation_0,0.0 milligram,0.0 micromole,0 microliter,C15H17NO,O=C(O)c1ccccc1,deborylation_0,0.0 milligram,0.0 micromole,0 microliter,C7H6O2,C1=CC=C(C=C1)OCCC(C2=CC=C(C=C2)Cl)N.Cl.O=C(O)C1=CC=CC(B2OC(C)(C)C(C)(C)O2)=C1>>NC(CCOc1ccccc1)c1ccc(-c2cccc(C(=O)O)c2)cc1.NC(CCOc1ccccc1)c1ccccc1.O=C(O)c1ccccc1,005_RLN-NB-2443_012_L23,7/8/2023 2:02:52 AM,005_rln-nb-2443_012_l23.raw,2min_150_1200.EXP,005_RLN-NB-2443_012_L23,005_RLN-NB-2443_012_L23,Rxn_Opt_HSST3_2_98,Analog,0,0,0,0,0,2.0316586319126304,0.7431,0,0,0,False,122.03677943156,1.25,deborylation_0,0,0,0,0,0,78.74868646292818,28.189775212447948,2.0316586319126304,194.9,0.7431,0,0,0,0,0,0,0,0,0,0,0,0,0,0,0,0,0,0,0,0,0,0,0,0,0,0,0,0,0,0,0,0,0,0,0,0.0,0.0,0.0,0.0,0.0,0.0,0.0,0.0,0.0,0.0,0.0,0.0,0.0,0.0,0.0,0.0,0.0,0.0,0.0,0.0,0.0,0.0,0.0
287,L24,Cl[Pd]Cl.CC1(C)c2cccc(P(c3ccccc3)c4ccccc4)c2Oc5c(cccc15)P(c6ccccc6)c7ccccc7,PdCl2(XantPhos),0.04025476350000001 milligram,0.05325 micromole,0.04025476350000002 microliter,C39H32Cl2OP2Pd,C1=CC=C(C=C1)OCCC(C2=CC=C(C=C2)Cl)N.Cl,1-(1-amino-3-phenoxypropyl)-4-chlorobenzene hydrochloride,0.079324658 milligram,0.266 micromole,0.07932465800000002 microliter,C15H17Cl2NO,O=C(O)C1=CC=CC(B2OC(C)(C)C(C)(C)O2)=C1,"3-(tetramethyl-1,3,2-dioxaborolan-2-yl)benzoic acid",0.07938784 milligram,0.32000000000000006 micromole,0.07938784000000002 microliter,C13H17BO4,[Na+].C[Si](C)(C)[O-],NaOTMS,0.22435999999999995 milligram,2.0 micromole,0.22436 microliter,C3H9NaOSi,CN1C=NC2=C1C(=O)N(C(=O)N2C)C,caffeine,0.051654806000000004 milligram,0.266 micromole,0.05165480600000002 microliter,C8H10N4O2,Cc1ccccc1,toluene,9.3096 milligram,101.03645499831781 micromole,10.8 microliter,C7H8,O,water,1.2000000000000002 milligram,66.6111573688593 micromole,1.2000000000000002 microliter,H2O,NC(CCOc1ccccc1)c1ccc(-c2cccc(C(=O)O)c2)cc1,suzuki_product_0,0.0 milligram,0.0 micromole,0 microliter,C22H21NO3,NC(CCOc1ccccc1)c1ccccc1,dehalogenation_0,0.0 milligram,0.0 micromole,0 microliter,C15H17NO,O=C(O)c1ccccc1,deborylation_0,0.0 milligram,0.0 micromole,0 microliter,C7H6O2,C1=CC=C(C=C1)OCCC(C2=CC=C(C=C2)Cl)N.Cl.O=C(O)C1=CC=CC(B2OC(C)(C)C(C)(C)O2)=C1>>NC(CCOc1ccccc1)c1ccc(-c2cccc(C(=O)O)c2)cc1.NC(CCOc1ccccc1)c1ccccc1.O=C(O)c1ccccc1,005_RLN-NB-2443_012_L24,7/8/2023 2:05:19 AM,005_rln-nb-2443_012_l24.raw,2min_150_1200.EXP,005_RLN-NB-2443_012_L24,005_RLN-NB-2443_012_L24,Rxn_Opt_HSST3_2_98,Analog,0,0,0,0,0,1.5761919252088754,0.7415,0,0,0,False,122.03677943156,1.25,deborylation_0,0,0,0,0,0,73.51652491759603,18.39591004233373,1.5761919252088754,195,0.7415,0,0,0,0,0,0,0,0,0,0,0,0,0,0,0,0,0,0,0,0,0,0,0,0,0,0,0,0,0,0,0,0,0,0,0,0.0,0.0,0.0,0.0,0.0,0.0,0.0,0.0,0.0,0.0,0.0,0.0,0.0,0.0,0.0,0.0,0.0,0.0,0.0,0.0,0.0,0.0,0.0
288,M1,CC(C)C1=CC(C(C)C)=CC(C(C)C)=C1C2=C([P+](C3CCCCC3)([Pd-2]4(OS(C)(=O)=O)C(C=CC=C5)=C5C6=C([NH+]4C)C=CC=C6)C7CCCCC7)C=CC=C2,XPhos Pd G4,0.04582130549999999 milligram,0.05325 micromole,0.0458213055 microliter,C47H64NO3PPdS,C1=CC=C(C=C1)OCCC(C2=CC=C(C=C2)Cl)N.Cl,1-(1-amino-3-phenoxypropyl)-4-chlorobenzene hydrochloride,0.079324658 milligram,0.266 micromole,0.07932465800000002 microliter,C15H17Cl2NO,B1(OC(C(O1)(C)C)(C)C)C2=CN(N=C2C)C,"1,3-dimethyl-4-(4,4,5,5-tetramethyl-1,3,2-dioxaborolan-2-yl)-1H-pyrazole",0.07107104000000002 milligram,0.32000000000000006 micromole,0.07107104000000003 microliter,C11H19BN2O2,[Na+].[Na+].[O-]C([O-])=O,Na2CO3,0.21197599999999997 milligram,2.0 micromole,0.21197600000000003 microliter,CNa2O3,CN1C=NC2=C1C(=O)N(C(=O)N2C)C,caffeine,0.051654806000000004 milligram,0.266 micromole,0.05165480600000002 microliter,C8H10N4O2,O=CN(C)C,DMF,10.26 milligram,140.365278062795 micromole,10.8 microliter,C3H7NO,O,water,1.2000000000000002 milligram,66.6111573688593 micromole,1.2000000000000002 microliter,H2O,Cc1nn(C)cc1-c1ccc(C(N)CCOc2ccccc2)cc1,suzuki_product_0,0.0 milligram,0.0 micromole,0 microliter,C20H23N3O,NC(CCOc1ccccc1)c1ccccc1,dehalogenation_0,0.0 milligram,0.0 micromole,0 microliter,C15H17NO,Cc1ccn(C)n1,deborylation_0,0.0 milligram,0.0 micromole,0 microliter,C5H8N2,C1=CC=C(C=C1)OCCC(C2=CC=C(C=C2)Cl)N.Cl.B1(OC(C(O1)(C)C)(C)C)C2=CN(N=C2C)C>>Cc1nn(C)cc1-c1ccc(C(N)CCOc2ccccc2)cc1.NC(CCOc1ccccc1)c1ccccc1.Cc1ccn(C)n1,005_RLN-NB-2443_012_M1,7/8/2023 2:07:46 AM,005_rln-nb-2443_012_m1.raw,2min_150_1200.EXP,005_RLN-NB-2443_012_M1,005_RLN-NB-2443_012_M1,Rxn_Opt_HSST3_2_98,Analog,0,0,0,0,0,1.1713172585605638,0.7398,0,0,0,False,96.06874826542,1.25,deborylation_0,0,0,0,0,0,53.83281479287296,17.899266830982487,1.1713172585605638,194.9,0.7398,0,0,0,0,0,0,0,0,0,0,0,0,0,0,0,0,0,0,0,0,0,0,0,0,0,0,0,0,0,0,0,0,0,0,0,0.0,0.0,0.0,0.0,0.0,0.0,0.0,0.0,0.0,0.0,0.0,0.0,0.0,0.0,0.0,0.0,0.0,0.0,0.0,0.0,0.0,0.0,0.0
289,M2,CC(C)C1=CC(C(C)C)=CC(C(C)C)=C1C2=C([P+](C3CCCCC3)([Pd-2]4(OS(C)(=O)=O)C(C=CC=C5)=C5C6=C([NH+]4C)C=CC=C6)C7CCCCC7)C=CC=C2,XPhos Pd G4,0.04582130549999999 milligram,0.05325 micromole,0.0458213055 microliter,C47H64NO3PPdS,C1=CC=C(C=C1)OCCC(C2=CC=C(C=C2)Cl)N.Cl,1-(1-amino-3-phenoxypropyl)-4-chlorobenzene hydrochloride,0.079324658 milligram,0.266 micromole,0.07932465800000002 microliter,C15H17Cl2NO,B1(OC(C(O1)(C)C)(C)C)C2=CN(N=C2C)C,"1,3-dimethyl-4-(4,4,5,5-tetramethyl-1,3,2-dioxaborolan-2-yl)-1H-pyrazole",0.07107104000000002 milligram,0.32000000000000006 micromole,0.07107104000000003 microliter,C11H19BN2O2,[K+].[K+].[K+].[O-]P([O-])([O-])=O,K3PO4,0.42452799999999996 milligram,2.0 micromole,0.42452800000000007 microliter,K3O4P,CN1C=NC2=C1C(=O)N(C(=O)N2C)C,caffeine,0.051654806000000004 milligram,0.266 micromole,0.05165480600000002 microliter,C8H10N4O2,O=CN(C)C,DMF,10.26 milligram,140.365278062795 micromole,10.8 microliter,C3H7NO,O,water,1.2000000000000002 milligram,66.6111573688593 micromole,1.2000000000000002 microliter,H2O,Cc1nn(C)cc1-c1ccc(C(N)CCOc2ccccc2)cc1,suzuki_product_0,0.0 milligram,0.0 micromole,0 microliter,C20H23N3O,NC(CCOc1ccccc1)c1ccccc1,dehalogenation_0,0.0 milligram,0.0 micromole,0 microliter,C15H17NO,Cc1ccn(C)n1,deborylation_0,0.0 milligram,0.0 micromole,0 microliter,C5H8N2,C1=CC=C(C=C1)OCCC(C2=CC=C(C=C2)Cl)N.Cl.B1(OC(C(O1)(C)C)(C)C)C2=CN(N=C2C)C>>Cc1nn(C)cc1-c1ccc(C(N)CCOc2ccccc2)cc1.NC(CCOc1ccccc1)c1ccccc1.Cc1ccn(C)n1,005_RLN-NB-2443_012_M2,7/8/2023 2:10:13 AM,005_rln-nb-2443_012_m2.raw,2min_150_1200.EXP,005_RLN-NB-2443_012_M2,005_RLN-NB-2443_012_M2,Rxn_Opt_HSST3_2_98,Analog,0,0,0,0,0,0.9070384689142239,0.7415,0,0,0,False,96.06874826542,1.25,deborylation_0,0,0,0,0,0,42.67095968941566,19.376680890335848,0.9070384689142239,194.9,0.7415,0,0,0,0,0,0,0,0,0,0,0,0,0,0,0,0,0,0,0,0,0,0,0,0,0,0,0,0,0,0,0,0,0,0,0,0.0,0.0,0.0,0.0,0.0,0.0,0.0,0.0,0.0,0.0,0.0,0.0,0.0,0.0,0.0,0.0,0.0,0.0,0.0,0.0,0.0,0.0,0.0
290,M3,CC(C)C1=CC(C(C)C)=CC(C(C)C)=C1C2=C([P+](C3CCCCC3)([Pd-2]4(OS(C)(=O)=O)C(C=CC=C5)=C5C6=C([NH+]4C)C=CC=C6)C7CCCCC7)C=CC=C2,XPhos Pd G4,0.04582130549999999 milligram,0.05325 micromole,0.0458213055 microliter,C47H64NO3PPdS,C1=CC=C(C=C1)OCCC(C2=CC=C(C=C2)Cl)N.Cl,1-(1-amino-3-phenoxypropyl)-4-chlorobenzene hydrochloride,0.079324658 milligram,0.266 micromole,0.07932465800000002 microliter,C15H17Cl2NO,B1(OC(C(O1)(C)C)(C)C)C2=CN(N=C2C)C,"1,3-dimethyl-4-(4,4,5,5-tetramethyl-1,3,2-dioxaborolan-2-yl)-1H-pyrazole",0.07107104000000002 milligram,0.32000000000000006 micromole,0.07107104000000003 microliter,C11H19BN2O2,[Na+].C[Si](C)(C)[O-],NaOTMS,0.22435999999999995 milligram,2.0 micromole,0.22436 microliter,C3H9NaOSi,CN1C=NC2=C1C(=O)N(C(=O)N2C)C,caffeine,0.051654806000000004 milligram,0.266 micromole,0.05165480600000002 microliter,C8H10N4O2,O=CN(C)C,DMF,10.26 milligram,140.365278062795 micromole,10.8 microliter,C3H7NO,O,water,1.2000000000000002 milligram,66.6111573688593 micromole,1.2000000000000002 microliter,H2O,Cc1nn(C)cc1-c1ccc(C(N)CCOc2ccccc2)cc1,suzuki_product_0,0.0 milligram,0.0 micromole,0 microliter,C20H23N3O,NC(CCOc1ccccc1)c1ccccc1,dehalogenation_0,0.0 milligram,0.0 micromole,0 microliter,C15H17NO,Cc1ccn(C)n1,deborylation_0,0.0 milligram,0.0 micromole,0 microliter,C5H8N2,C1=CC=C(C=C1)OCCC(C2=CC=C(C=C2)Cl)N.Cl.B1(OC(C(O1)(C)C)(C)C)C2=CN(N=C2C)C>>Cc1nn(C)cc1-c1ccc(C(N)CCOc2ccccc2)cc1.NC(CCOc1ccccc1)c1ccccc1.Cc1ccn(C)n1,005_RLN-NB-2443_012_M3,7/8/2023 2:12:40 AM,005_rln-nb-2443_012_m3.raw,2min_150_1200.EXP,005_RLN-NB-2443_012_M3,005_RLN-NB-2443_012_M3,Rxn_Opt_HSST3_2_98,Analog,0.6046600397452473,0,0.6506891810822989,9.545336037326853,0.8981,1.0761240007797512,0.7431,0,0,0,False,96.06874826542,1.25,deborylation_0,0,0,0,0,0,51.36691617931674,13.633985631057783,1.0761240007797512,195,0.7431,0,0,0,0,0,29.299881866863835,8.243926293561529,0.6506891810822989,304.9,0.8981,0,0,0,0,0,0,0,0,0,0,0,0,0,0,0,0,0,0,0,0,0,0,0,0,0,0.0,0.0,0.0,0.0,0.0,0.0,0.0,0.0,0.0,0.0,0.0,0.00016083957057223578,60.46600397452473,0.0,0.0,0.0,0.0,0.0,0.0,0.0,0.0,0.0,0.0
291,M4,CC(C)(C)[P+]([Pd-2]1(C2=C(C3=C(C=CC=C3)[NH+]1C)C=CC=C2)OS(C)(=O)=O)(C(C)(C)C)C(C)(C)C,PtBu3 Pd G4,0.03120913275 milligram,0.05325 micromole,0.031209132750000007 microliter,C26H42NO3PPdS,C1=CC=C(C=C1)OCCC(C2=CC=C(C=C2)Cl)N.Cl,1-(1-amino-3-phenoxypropyl)-4-chlorobenzene hydrochloride,0.079324658 milligram,0.266 micromole,0.07932465800000002 microliter,C15H17Cl2NO,B1(OC(C(O1)(C)C)(C)C)C2=CN(N=C2C)C,"1,3-dimethyl-4-(4,4,5,5-tetramethyl-1,3,2-dioxaborolan-2-yl)-1H-pyrazole",0.07107104000000002 milligram,0.32000000000000006 micromole,0.07107104000000003 microliter,C11H19BN2O2,[Na+].[Na+].[O-]C([O-])=O,Na2CO3,0.21197599999999997 milligram,2.0 micromole,0.21197600000000003 microliter,CNa2O3,CN1C=NC2=C1C(=O)N(C(=O)N2C)C,caffeine,0.051654806000000004 milligram,0.266 micromole,0.05165480600000002 microliter,C8H10N4O2,O=CN(C)C,DMF,10.26 milligram,140.365278062795 micromole,10.8 microliter,C3H7NO,O,water,1.2000000000000002 milligram,66.6111573688593 micromole,1.2000000000000002 microliter,H2O,Cc1nn(C)cc1-c1ccc(C(N)CCOc2ccccc2)cc1,suzuki_product_0,0.0 milligram,0.0 micromole,0 microliter,C20H23N3O,NC(CCOc1ccccc1)c1ccccc1,dehalogenation_0,0.0 milligram,0.0 micromole,0 microliter,C15H17NO,Cc1ccn(C)n1,deborylation_0,0.0 milligram,0.0 micromole,0 microliter,C5H8N2,C1=CC=C(C=C1)OCCC(C2=CC=C(C=C2)Cl)N.Cl.B1(OC(C(O1)(C)C)(C)C)C2=CN(N=C2C)C>>Cc1nn(C)cc1-c1ccc(C(N)CCOc2ccccc2)cc1.NC(CCOc1ccccc1)c1ccccc1.Cc1ccn(C)n1,005_RLN-NB-2443_012_M4,7/8/2023 2:15:07 AM,005_rln-nb-2443_012_m4.raw,2min_150_1200.EXP,005_RLN-NB-2443_012_M4,005_RLN-NB-2443_012_M4,Rxn_Opt_HSST3_2_98,Analog,0,0,0,0,0,0.7900089057319635,0.7415,0,0,0,False,96.06874826542,1.25,deborylation_0,0,0,0,0,0,37.97394159728132,12.177554263745186,0.7900089057319635,194.9,0.7415,0,0,0,0,0,0,0,0,0,0,0,0,0,0,0,0,0,0,0,0,0,0,0,0,0,0,0,0,0,0,0,0,0,0,0,0.0,0.0,0.0,0.0,0.0,0.0,0.0,0.0,0.0,0.0,0.0,0.0,0.0,0.0,0.0,0.0,0.0,0.0,0.0,0.0,0.0,0.0,0.0
292,M5,CC(C)(C)[P+]([Pd-2]1(C2=C(C3=C(C=CC=C3)[NH+]1C)C=CC=C2)OS(C)(=O)=O)(C(C)(C)C)C(C)(C)C,PtBu3 Pd G4,0.03120913275 milligram,0.05325 micromole,0.031209132750000007 microliter,C26H42NO3PPdS,C1=CC=C(C=C1)OCCC(C2=CC=C(C=C2)Cl)N.Cl,1-(1-amino-3-phenoxypropyl)-4-chlorobenzene hydrochloride,0.079324658 milligram,0.266 micromole,0.07932465800000002 microliter,C15H17Cl2NO,B1(OC(C(O1)(C)C)(C)C)C2=CN(N=C2C)C,"1,3-dimethyl-4-(4,4,5,5-tetramethyl-1,3,2-dioxaborolan-2-yl)-1H-pyrazole",0.07107104000000002 milligram,0.32000000000000006 micromole,0.07107104000000003 microliter,C11H19BN2O2,[K+].[K+].[K+].[O-]P([O-])([O-])=O,K3PO4,0.42452799999999996 milligram,2.0 micromole,0.42452800000000007 microliter,K3O4P,CN1C=NC2=C1C(=O)N(C(=O)N2C)C,caffeine,0.051654806000000004 milligram,0.266 micromole,0.05165480600000002 microliter,C8H10N4O2,O=CN(C)C,DMF,10.26 milligram,140.365278062795 micromole,10.8 microliter,C3H7NO,O,water,1.2000000000000002 milligram,66.6111573688593 micromole,1.2000000000000002 microliter,H2O,Cc1nn(C)cc1-c1ccc(C(N)CCOc2ccccc2)cc1,suzuki_product_0,0.0 milligram,0.0 micromole,0 microliter,C20H23N3O,NC(CCOc1ccccc1)c1ccccc1,dehalogenation_0,0.0 milligram,0.0 micromole,0 microliter,C15H17NO,Cc1ccn(C)n1,deborylation_0,0.0 milligram,0.0 micromole,0 microliter,C5H8N2,C1=CC=C(C=C1)OCCC(C2=CC=C(C=C2)Cl)N.Cl.B1(OC(C(O1)(C)C)(C)C)C2=CN(N=C2C)C>>Cc1nn(C)cc1-c1ccc(C(N)CCOc2ccccc2)cc1.NC(CCOc1ccccc1)c1ccccc1.Cc1ccn(C)n1,005_RLN-NB-2443_012_M5,7/8/2023 2:17:34 AM,005_rln-nb-2443_012_m5.raw,2min_150_1200.EXP,005_RLN-NB-2443_012_M5,005_RLN-NB-2443_012_M5,Rxn_Opt_HSST3_2_98,Analog,0,0,0,0,0,0.6290812527917088,0.7398,0,0,0,False,96.06874826542,1.25,deborylation_0,0,0,0,0,0,31.766703271077763,17.505207960580695,0.6290812527917088,194.9,0.7398,0,0,0,0,0,0,0,0,0,0,0,0,0,0,0,0,0,0,0,0,0,0,0,0,0,0,0,0,0,0,0,0,0,0,0,0.0,0.0,0.0,0.0,0.0,0.0,0.0,0.0,0.0,0.0,0.0,0.0,0.0,0.0,0.0,0.0,0.0,0.0,0.0,0.0,0.0,0.0,0.0
293,M6,CC(C)(C)[P+]([Pd-2]1(C2=C(C3=C(C=CC=C3)[NH+]1C)C=CC=C2)OS(C)(=O)=O)(C(C)(C)C)C(C)(C)C,PtBu3 Pd G4,0.03120913275 milligram,0.05325 micromole,0.031209132750000007 microliter,C26H42NO3PPdS,C1=CC=C(C=C1)OCCC(C2=CC=C(C=C2)Cl)N.Cl,1-(1-amino-3-phenoxypropyl)-4-chlorobenzene hydrochloride,0.079324658 milligram,0.266 micromole,0.07932465800000002 microliter,C15H17Cl2NO,B1(OC(C(O1)(C)C)(C)C)C2=CN(N=C2C)C,"1,3-dimethyl-4-(4,4,5,5-tetramethyl-1,3,2-dioxaborolan-2-yl)-1H-pyrazole",0.07107104000000002 milligram,0.32000000000000006 micromole,0.07107104000000003 microliter,C11H19BN2O2,[Na+].C[Si](C)(C)[O-],NaOTMS,0.22435999999999995 milligram,2.0 micromole,0.22436 microliter,C3H9NaOSi,CN1C=NC2=C1C(=O)N(C(=O)N2C)C,caffeine,0.051654806000000004 milligram,0.266 micromole,0.05165480600000002 microliter,C8H10N4O2,O=CN(C)C,DMF,10.26 milligram,140.365278062795 micromole,10.8 microliter,C3H7NO,O,water,1.2000000000000002 milligram,66.6111573688593 micromole,1.2000000000000002 microliter,H2O,Cc1nn(C)cc1-c1ccc(C(N)CCOc2ccccc2)cc1,suzuki_product_0,0.0 milligram,0.0 micromole,0 microliter,C20H23N3O,NC(CCOc1ccccc1)c1ccccc1,dehalogenation_0,0.0 milligram,0.0 micromole,0 microliter,C15H17NO,Cc1ccn(C)n1,deborylation_0,0.0 milligram,0.0 micromole,0 microliter,C5H8N2,C1=CC=C(C=C1)OCCC(C2=CC=C(C=C2)Cl)N.Cl.B1(OC(C(O1)(C)C)(C)C)C2=CN(N=C2C)C>>Cc1nn(C)cc1-c1ccc(C(N)CCOc2ccccc2)cc1.NC(CCOc1ccccc1)c1ccccc1.Cc1ccn(C)n1,005_RLN-NB-2443_012_M6,7/8/2023 2:20:01 AM,005_rln-nb-2443_012_m6.raw,2min_150_1200.EXP,005_RLN-NB-2443_012_M6,005_RLN-NB-2443_012_M6,Rxn_Opt_HSST3_2_98,Analog,0.13318719995704692,0,0.09963826586721622,1.9868636862398308,0.8931,0.7481069194288168,0.7398,0,0,0,False,96.06874826542,1.25,deborylation_0,0,0,0,0,0,36.54385119792704,12.981299684661266,0.7481069194288168,194.9,0.7398,0,0,0,0,0,5.270385028298732,1.7289429568033303,0.09963826586721622,179,0.8931,0,0,0,0,0,0,0,0,0,0,0,0,0,0,0,0,0,0,0,0,0,0,0,0,0,0.0,0.0,0.0,0.0,0.0,0.0,0.0,0.0,0.0,0.0,0.0,3.5427795188574484e-05,13.318719995704692,0.0,0.0,0.0,0.0,0.0,0.0,0.0,0.0,0.0,0.0
294,M7,CC(C1=CC=CC(C(C)C)=C1C2=C(C(OC(C)(C)C)=CC=C2OC)[P+]([Pd-2]3(C4=C(C5=C(C=CC=C5)[NH+]3C)C=CC=C4)OS(C)(=O)=O)(C6CCCCC6)C7CCCCC7)C,GPhos Pd G4,0.049019074499999975 milligram,0.05325 micromole,0.04901907449999999 microliter,C49H68NO5PPdS,C1=CC=C(C=C1)OCCC(C2=CC=C(C=C2)Cl)N.Cl,1-(1-amino-3-phenoxypropyl)-4-chlorobenzene hydrochloride,0.079324658 milligram,0.266 micromole,0.07932465800000002 microliter,C15H17Cl2NO,B1(OC(C(O1)(C)C)(C)C)C2=CN(N=C2C)C,"1,3-dimethyl-4-(4,4,5,5-tetramethyl-1,3,2-dioxaborolan-2-yl)-1H-pyrazole",0.07107104000000002 milligram,0.32000000000000006 micromole,0.07107104000000003 microliter,C11H19BN2O2,[Na+].[Na+].[O-]C([O-])=O,Na2CO3,0.21197599999999997 milligram,2.0 micromole,0.21197600000000003 microliter,CNa2O3,CN1C=NC2=C1C(=O)N(C(=O)N2C)C,caffeine,0.051654806000000004 milligram,0.266 micromole,0.05165480600000002 microliter,C8H10N4O2,O=CN(C)C,DMF,10.26 milligram,140.365278062795 micromole,10.8 microliter,C3H7NO,O,water,1.2000000000000002 milligram,66.6111573688593 micromole,1.2000000000000002 microliter,H2O,Cc1nn(C)cc1-c1ccc(C(N)CCOc2ccccc2)cc1,suzuki_product_0,0.0 milligram,0.0 micromole,0 microliter,C20H23N3O,NC(CCOc1ccccc1)c1ccccc1,dehalogenation_0,0.0 milligram,0.0 micromole,0 microliter,C15H17NO,Cc1ccn(C)n1,deborylation_0,0.0 milligram,0.0 micromole,0 microliter,C5H8N2,C1=CC=C(C=C1)OCCC(C2=CC=C(C=C2)Cl)N.Cl.B1(OC(C(O1)(C)C)(C)C)C2=CN(N=C2C)C>>Cc1nn(C)cc1-c1ccc(C(N)CCOc2ccccc2)cc1.NC(CCOc1ccccc1)c1ccccc1.Cc1ccn(C)n1,005_RLN-NB-2443_012_M7,7/8/2023 2:22:28 AM,005_rln-nb-2443_012_m7.raw,2min_150_1200.EXP,005_RLN-NB-2443_012_M7,005_RLN-NB-2443_012_M7,Rxn_Opt_HSST3_2_98,Analog,0,0,0,0,0,0.6996235387196563,0.7398,0,0,0,False,96.06874826542,1.25,deborylation_0,0,0,0,0,0,34.21861201840997,15.633271042961102,0.6996235387196563,194.9,0.7398,0,0,0,0,0,0,0,0,0,0,0,0,0,0,0,0,0,0,0,0,0,0,0,0,0,0,0,0,0,0,0,0,0,0,0,0.0,0.0,0.0,0.0,0.0,0.0,0.0,0.0,0.0,0.0,0.0,0.0,0.0,0.0,0.0,0.0,0.0,0.0,0.0,0.0,0.0,0.0,0.0
295,M8,CC(C1=CC=CC(C(C)C)=C1C2=C(C(OC(C)(C)C)=CC=C2OC)[P+]([Pd-2]3(C4=C(C5=C(C=CC=C5)[NH+]3C)C=CC=C4)OS(C)(=O)=O)(C6CCCCC6)C7CCCCC7)C,GPhos Pd G4,0.049019074499999975 milligram,0.05325 micromole,0.04901907449999999 microliter,C49H68NO5PPdS,C1=CC=C(C=C1)OCCC(C2=CC=C(C=C2)Cl)N.Cl,1-(1-amino-3-phenoxypropyl)-4-chlorobenzene hydrochloride,0.079324658 milligram,0.266 micromole,0.07932465800000002 microliter,C15H17Cl2NO,B1(OC(C(O1)(C)C)(C)C)C2=CN(N=C2C)C,"1,3-dimethyl-4-(4,4,5,5-tetramethyl-1,3,2-dioxaborolan-2-yl)-1H-pyrazole",0.07107104000000002 milligram,0.32000000000000006 micromole,0.07107104000000003 microliter,C11H19BN2O2,[K+].[K+].[K+].[O-]P([O-])([O-])=O,K3PO4,0.42452799999999996 milligram,2.0 micromole,0.42452800000000007 microliter,K3O4P,CN1C=NC2=C1C(=O)N(C(=O)N2C)C,caffeine,0.051654806000000004 milligram,0.266 micromole,0.05165480600000002 microliter,C8H10N4O2,O=CN(C)C,DMF,10.26 milligram,140.365278062795 micromole,10.8 microliter,C3H7NO,O,water,1.2000000000000002 milligram,66.6111573688593 micromole,1.2000000000000002 microliter,H2O,Cc1nn(C)cc1-c1ccc(C(N)CCOc2ccccc2)cc1,suzuki_product_0,0.0 milligram,0.0 micromole,0 microliter,C20H23N3O,NC(CCOc1ccccc1)c1ccccc1,dehalogenation_0,0.0 milligram,0.0 micromole,0 microliter,C15H17NO,Cc1ccn(C)n1,deborylation_0,0.0 milligram,0.0 micromole,0 microliter,C5H8N2,C1=CC=C(C=C1)OCCC(C2=CC=C(C=C2)Cl)N.Cl.B1(OC(C(O1)(C)C)(C)C)C2=CN(N=C2C)C>>Cc1nn(C)cc1-c1ccc(C(N)CCOc2ccccc2)cc1.NC(CCOc1ccccc1)c1ccccc1.Cc1ccn(C)n1,005_RLN-NB-2443_012_M8,7/8/2023 2:24:55 AM,005_rln-nb-2443_012_m8.raw,2min_150_1200.EXP,005_RLN-NB-2443_012_M8,005_RLN-NB-2443_012_M8,Rxn_Opt_HSST3_2_98,Analog,0,0,0,0,0,1.0657206807366613,0.7415,0,0,0,False,96.06874826542,1.25,deborylation_0,0,0,0,0,0,50.19422458392248,19.907171708084277,1.0657206807366613,195,0.7415,0,0,0,0,0,0,0,0,0,0,0,0,0,0,0,0,0,0,0,0,0,0,0,0,0,0,0,0,0,0,0,0,0,0,0,0.0,0.0,0.0,0.0,0.0,0.0,0.0,0.0,0.0,0.0,0.0,0.0,0.0,0.0,0.0,0.0,0.0,0.0,0.0,0.0,0.0,0.0,0.0
296,M9,CC(C1=CC=CC(C(C)C)=C1C2=C(C(OC(C)(C)C)=CC=C2OC)[P+]([Pd-2]3(C4=C(C5=C(C=CC=C5)[NH+]3C)C=CC=C4)OS(C)(=O)=O)(C6CCCCC6)C7CCCCC7)C,GPhos Pd G4,0.049019074499999975 milligram,0.05325 micromole,0.04901907449999999 microliter,C49H68NO5PPdS,C1=CC=C(C=C1)OCCC(C2=CC=C(C=C2)Cl)N.Cl,1-(1-amino-3-phenoxypropyl)-4-chlorobenzene hydrochloride,0.079324658 milligram,0.266 micromole,0.07932465800000002 microliter,C15H17Cl2NO,B1(OC(C(O1)(C)C)(C)C)C2=CN(N=C2C)C,"1,3-dimethyl-4-(4,4,5,5-tetramethyl-1,3,2-dioxaborolan-2-yl)-1H-pyrazole",0.07107104000000002 milligram,0.32000000000000006 micromole,0.07107104000000003 microliter,C11H19BN2O2,[Na+].C[Si](C)(C)[O-],NaOTMS,0.22435999999999995 milligram,2.0 micromole,0.22436 microliter,C3H9NaOSi,CN1C=NC2=C1C(=O)N(C(=O)N2C)C,caffeine,0.051654806000000004 milligram,0.266 micromole,0.05165480600000002 microliter,C8H10N4O2,O=CN(C)C,DMF,10.26 milligram,140.365278062795 micromole,10.8 microliter,C3H7NO,O,water,1.2000000000000002 milligram,66.6111573688593 micromole,1.2000000000000002 microliter,H2O,Cc1nn(C)cc1-c1ccc(C(N)CCOc2ccccc2)cc1,suzuki_product_0,0.0 milligram,0.0 micromole,0 microliter,C20H23N3O,NC(CCOc1ccccc1)c1ccccc1,dehalogenation_0,0.0 milligram,0.0 micromole,0 microliter,C15H17NO,Cc1ccn(C)n1,deborylation_0,0.0 milligram,0.0 micromole,0 microliter,C5H8N2,C1=CC=C(C=C1)OCCC(C2=CC=C(C=C2)Cl)N.Cl.B1(OC(C(O1)(C)C)(C)C)C2=CN(N=C2C)C>>Cc1nn(C)cc1-c1ccc(C(N)CCOc2ccccc2)cc1.NC(CCOc1ccccc1)c1ccccc1.Cc1ccn(C)n1,005_RLN-NB-2443_012_M9,7/8/2023 2:27:22 AM,005_rln-nb-2443_012_m9.raw,2min_150_1200.EXP,005_RLN-NB-2443_012_M9,005_RLN-NB-2443_012_M9,Rxn_Opt_HSST3_2_98,Analog,0,0,0,0,0,1.1000960693605104,0.7415,0,0,0,False,96.06874826542,1.25,deborylation_0,0,0,0,0,0,51.19927585775901,18.252020569676002,1.1000960693605104,194.9,0.7415,0,0,0,0,0,0,0,0,0,0,0,0,0,0,0,0,0,0,0,0,0,0,0,0,0,0,0,0,0,0,0,0,0,0,0,0.0,0.0,0.0,0.0,0.0,0.0,0.0,0.0,0.0,0.0,0.0,0.0,0.0,0.0,0.0,0.0,0.0,0.0,0.0,0.0,0.0,0.0,0.0
297,M10,Cl[Pd]Cl.CC1(C)c2cccc(P(c3ccccc3)c4ccccc4)c2Oc5c(cccc15)P(c6ccccc6)c7ccccc7,PdCl2(XantPhos),0.04025476350000001 milligram,0.05325 micromole,0.04025476350000002 microliter,C39H32Cl2OP2Pd,C1=CC=C(C=C1)OCCC(C2=CC=C(C=C2)Cl)N.Cl,1-(1-amino-3-phenoxypropyl)-4-chlorobenzene hydrochloride,0.079324658 milligram,0.266 micromole,0.07932465800000002 microliter,C15H17Cl2NO,B1(OC(C(O1)(C)C)(C)C)C2=CN(N=C2C)C,"1,3-dimethyl-4-(4,4,5,5-tetramethyl-1,3,2-dioxaborolan-2-yl)-1H-pyrazole",0.07107104000000002 milligram,0.32000000000000006 micromole,0.07107104000000003 microliter,C11H19BN2O2,[Na+].[Na+].[O-]C([O-])=O,Na2CO3,0.21197599999999997 milligram,2.0 micromole,0.21197600000000003 microliter,CNa2O3,CN1C=NC2=C1C(=O)N(C(=O)N2C)C,caffeine,0.051654806000000004 milligram,0.266 micromole,0.05165480600000002 microliter,C8H10N4O2,O=CN(C)C,DMF,10.26 milligram,140.365278062795 micromole,10.8 microliter,C3H7NO,O,water,1.2000000000000002 milligram,66.6111573688593 micromole,1.2000000000000002 microliter,H2O,Cc1nn(C)cc1-c1ccc(C(N)CCOc2ccccc2)cc1,suzuki_product_0,0.0 milligram,0.0 micromole,0 microliter,C20H23N3O,NC(CCOc1ccccc1)c1ccccc1,dehalogenation_0,0.0 milligram,0.0 micromole,0 microliter,C15H17NO,Cc1ccn(C)n1,deborylation_0,0.0 milligram,0.0 micromole,0 microliter,C5H8N2,C1=CC=C(C=C1)OCCC(C2=CC=C(C=C2)Cl)N.Cl.B1(OC(C(O1)(C)C)(C)C)C2=CN(N=C2C)C>>Cc1nn(C)cc1-c1ccc(C(N)CCOc2ccccc2)cc1.NC(CCOc1ccccc1)c1ccccc1.Cc1ccn(C)n1,005_RLN-NB-2443_012_M10,7/8/2023 2:29:49 AM,005_rln-nb-2443_012_m10.raw,2min_150_1200.EXP,005_RLN-NB-2443_012_M10,005_RLN-NB-2443_012_M10,Rxn_Opt_HSST3_2_98,Analog,0,0,0,0,0,1.0312153134917006,0.7415,0,0,0,False,96.06874826542,1.25,deborylation_0,0,0,0,0,0,48.05236485491512,16.000924139724972,1.0312153134917006,195,0.7415,0,0,0,0,0,0,0,0,0,0,0,0,0,0,0,0,0,0,0,0,0,0,0,0,0,0,0,0,0,0,0,0,0,0,0,0.0,0.0,0.0,0.0,0.0,0.0,0.0,0.0,0.0,0.0,0.0,0.0,0.0,0.0,0.0,0.0,0.0,0.0,0.0,0.0,0.0,0.0,0.0
298,M11,Cl[Pd]Cl.CC1(C)c2cccc(P(c3ccccc3)c4ccccc4)c2Oc5c(cccc15)P(c6ccccc6)c7ccccc7,PdCl2(XantPhos),0.04025476350000001 milligram,0.05325 micromole,0.04025476350000002 microliter,C39H32Cl2OP2Pd,C1=CC=C(C=C1)OCCC(C2=CC=C(C=C2)Cl)N.Cl,1-(1-amino-3-phenoxypropyl)-4-chlorobenzene hydrochloride,0.079324658 milligram,0.266 micromole,0.07932465800000002 microliter,C15H17Cl2NO,B1(OC(C(O1)(C)C)(C)C)C2=CN(N=C2C)C,"1,3-dimethyl-4-(4,4,5,5-tetramethyl-1,3,2-dioxaborolan-2-yl)-1H-pyrazole",0.07107104000000002 milligram,0.32000000000000006 micromole,0.07107104000000003 microliter,C11H19BN2O2,[K+].[K+].[K+].[O-]P([O-])([O-])=O,K3PO4,0.42452799999999996 milligram,2.0 micromole,0.42452800000000007 microliter,K3O4P,CN1C=NC2=C1C(=O)N(C(=O)N2C)C,caffeine,0.051654806000000004 milligram,0.266 micromole,0.05165480600000002 microliter,C8H10N4O2,O=CN(C)C,DMF,10.26 milligram,140.365278062795 micromole,10.8 microliter,C3H7NO,O,water,1.2000000000000002 milligram,66.6111573688593 micromole,1.2000000000000002 microliter,H2O,Cc1nn(C)cc1-c1ccc(C(N)CCOc2ccccc2)cc1,suzuki_product_0,0.0 milligram,0.0 micromole,0 microliter,C20H23N3O,NC(CCOc1ccccc1)c1ccccc1,dehalogenation_0,0.0 milligram,0.0 micromole,0 microliter,C15H17NO,Cc1ccn(C)n1,deborylation_0,0.0 milligram,0.0 micromole,0 microliter,C5H8N2,C1=CC=C(C=C1)OCCC(C2=CC=C(C=C2)Cl)N.Cl.B1(OC(C(O1)(C)C)(C)C)C2=CN(N=C2C)C>>Cc1nn(C)cc1-c1ccc(C(N)CCOc2ccccc2)cc1.NC(CCOc1ccccc1)c1ccccc1.Cc1ccn(C)n1,005_RLN-NB-2443_012_M11,7/8/2023 2:32:16 AM,005_rln-nb-2443_012_m11.raw,2min_150_1200.EXP,005_RLN-NB-2443_012_M11,005_RLN-NB-2443_012_M11,Rxn_Opt_HSST3_2_98,Analog,0,0,0,0,0,0.6098790602228447,0.7415,0,0,0,False,96.06874826542,1.25,deborylation_0,0,0,0,0,0,30.06305930230001,11.921143551316838,0.6098790602228447,195,0.7415,0,0,0,0,0,0,0,0,0,0,0,0,0,0,0,0,0,0,0,0,0,0,0,0,0,0,0,0,0,0,0,0,0,0,0,0.0,0.0,0.0,0.0,0.0,0.0,0.0,0.0,0.0,0.0,0.0,0.0,0.0,0.0,0.0,0.0,0.0,0.0,0.0,0.0,0.0,0.0,0.0
299,M12,Cl[Pd]Cl.CC1(C)c2cccc(P(c3ccccc3)c4ccccc4)c2Oc5c(cccc15)P(c6ccccc6)c7ccccc7,PdCl2(XantPhos),0.04025476350000001 milligram,0.05325 micromole,0.04025476350000002 microliter,C39H32Cl2OP2Pd,C1=CC=C(C=C1)OCCC(C2=CC=C(C=C2)Cl)N.Cl,1-(1-amino-3-phenoxypropyl)-4-chlorobenzene hydrochloride,0.079324658 milligram,0.266 micromole,0.07932465800000002 microliter,C15H17Cl2NO,B1(OC(C(O1)(C)C)(C)C)C2=CN(N=C2C)C,"1,3-dimethyl-4-(4,4,5,5-tetramethyl-1,3,2-dioxaborolan-2-yl)-1H-pyrazole",0.07107104000000002 milligram,0.32000000000000006 micromole,0.07107104000000003 microliter,C11H19BN2O2,[Na+].C[Si](C)(C)[O-],NaOTMS,0.22435999999999995 milligram,2.0 micromole,0.22436 microliter,C3H9NaOSi,CN1C=NC2=C1C(=O)N(C(=O)N2C)C,caffeine,0.051654806000000004 milligram,0.266 micromole,0.05165480600000002 microliter,C8H10N4O2,O=CN(C)C,DMF,10.26 milligram,140.365278062795 micromole,10.8 microliter,C3H7NO,O,water,1.2000000000000002 milligram,66.6111573688593 micromole,1.2000000000000002 microliter,H2O,Cc1nn(C)cc1-c1ccc(C(N)CCOc2ccccc2)cc1,suzuki_product_0,0.0 milligram,0.0 micromole,0 microliter,C20H23N3O,NC(CCOc1ccccc1)c1ccccc1,dehalogenation_0,0.0 milligram,0.0 micromole,0 microliter,C15H17NO,Cc1ccn(C)n1,deborylation_0,0.0 milligram,0.0 micromole,0 microliter,C5H8N2,C1=CC=C(C=C1)OCCC(C2=CC=C(C=C2)Cl)N.Cl.B1(OC(C(O1)(C)C)(C)C)C2=CN(N=C2C)C>>Cc1nn(C)cc1-c1ccc(C(N)CCOc2ccccc2)cc1.NC(CCOc1ccccc1)c1ccccc1.Cc1ccn(C)n1,005_RLN-NB-2443_012_M12,7/8/2023 2:34:43 AM,005_rln-nb-2443_012_m12.raw,2min_150_1200.EXP,005_RLN-NB-2443_012_M12,005_RLN-NB-2443_012_M12,Rxn_Opt_HSST3_2_98,Analog,0,0,0,0,0,1.0346805982358993,0.7415,0,0,0,False,96.06874826542,1.25,deborylation_0,0,0,0,0,0,48.91461214179039,13.571945562797334,1.0346805982358993,195,0.7415,0,0,0,0,0,0,0,0,0,0,0,0,0,0,0,0,0,0,0,0,0,0,0,0,0,0,0,0,0,0,0,0,0,0,0,0.0,0.0,0.0,0.0,0.0,0.0,0.0,0.0,0.0,0.0,0.0,0.0,0.0,0.0,0.0,0.0,0.0,0.0,0.0,0.0,0.0,0.0,0.0
300,M13,CC(C)C1=CC(C(C)C)=CC(C(C)C)=C1C2=C([P+](C3CCCCC3)([Pd-2]4(OS(C)(=O)=O)C(C=CC=C5)=C5C6=C([NH+]4C)C=CC=C6)C7CCCCC7)C=CC=C2,XPhos Pd G4,0.04582130549999999 milligram,0.05325 micromole,0.0458213055 microliter,C47H64NO3PPdS,CC1=C(C(=NN1C(C)C)N)Br,4-BROMO-1-ISOPROPYL-5-METHYL-1H-PYRAZOL-3-AMINE,0.058014068 milligram,0.266 micromole,0.058014068000000016 microliter,C7H12BrN3,B1(OC(C(O1)(C)C)(C)C)C2=CCN(CC2)C(=O)OC(C)(C)C,"N-Boc-1,2,5,6-tetrahydropyridine-4-boronic acid pinacol ester",0.09894880000000003 milligram,0.32000000000000006 micromole,0.09894880000000006 microliter,C16H28BNO4,[Na+].[Na+].[O-]C([O-])=O,Na2CO3,0.21197599999999997 milligram,2.0 micromole,0.21197600000000003 microliter,CNa2O3,CN1C=NC2=C1C(=O)N(C(=O)N2C)C,caffeine,0.051654806000000004 milligram,0.266 micromole,0.05165480600000002 microliter,C8H10N4O2,C1COCCO1,dioxane,11.124 milligram,126.25700860327335 micromole,10.8 microliter,C4H8O2,O,water,1.2000000000000002 milligram,66.6111573688593 micromole,1.2000000000000002 microliter,H2O,Cc1c(C2=CCN(C(=O)OC(C)(C)C)CC2)c(N)nn1C(C)C,suzuki_product_0,0.0 milligram,0.0 micromole,0 microliter,C17H28N4O2,Cc1cc(N)nn1C(C)C,dehalogenation_0,0.0 milligram,0.0 micromole,0 microliter,C7H13N3,CC(C)(C)OC(=O)N1CC=CCC1,deborylation_0,0.0 milligram,0.0 micromole,0 microliter,C10H17NO2,CC1=C(C(=NN1C(C)C)N)Br.B1(OC(C(O1)(C)C)(C)C)C2=CCN(CC2)C(=O)OC(C)(C)C>>Cc1c(C2=CCN(C(=O)OC(C)(C)C)CC2)c(N)nn1C(C)C.Cc1cc(N)nn1C(C)C.CC(C)(C)OC(=O)N1CC=CCC1,005_RLN-NB-2443_012_M13,7/8/2023 2:37:09 AM,005_rln-nb-2443_012_m13.raw,2min_150_1200.EXP,005_RLN-NB-2443_012_M13,005_RLN-NB-2443_012_M13,Rxn_Opt_HSST3_2_98,Analog,0.22239765983363174,0,0.167692368210313,14.886423984749914,1.3181,0.754020381040691,0.7398,0,0,184.1,True,183.12592878876,1.25,deborylation_0,0,0,0,0,0,36.30458825751222,40.09682651932653,0.754020381040691,194.9,0.7398,5.8373635308569725,8.917440384653325,0.167692368210313,611,1.3181,0,0,0,0,0,0,0,0,0,0,0,0,0,0,0,0,0,0,0,0,0,0,0,0,0,0,0,0,0,0,0.0,0.0,0.0,0.0,0.0,0.0,0.0,0.0,0.0,0.0,0.0,0.0,0.0,5.9157777515746044e-05,22.239765983363174,0.0,0.0,0.0,0.0,0.0,0.0,0.0,0.0
301,M14,CC(C)C1=CC(C(C)C)=CC(C(C)C)=C1C2=C([P+](C3CCCCC3)([Pd-2]4(OS(C)(=O)=O)C(C=CC=C5)=C5C6=C([NH+]4C)C=CC=C6)C7CCCCC7)C=CC=C2,XPhos Pd G4,0.04582130549999999 milligram,0.05325 micromole,0.0458213055 microliter,C47H64NO3PPdS,CC1=C(C(=NN1C(C)C)N)Br,4-BROMO-1-ISOPROPYL-5-METHYL-1H-PYRAZOL-3-AMINE,0.058014068 milligram,0.266 micromole,0.058014068000000016 microliter,C7H12BrN3,B1(OC(C(O1)(C)C)(C)C)C2=CC=C(C=C2)N,"4-(4,4,5,5-tetramethyl-1,3,2-dioxaborolan-2-yl)aniline",0.07010976000000002 milligram,0.32000000000000006 micromole,0.07010976000000003 microliter,C12H18BNO2,[Na+].[Na+].[O-]C([O-])=O,Na2CO3,0.21197599999999997 milligram,2.0 micromole,0.21197600000000003 microliter,CNa2O3,CN1C=NC2=C1C(=O)N(C(=O)N2C)C,caffeine,0.051654806000000004 milligram,0.266 micromole,0.05165480600000002 microliter,C8H10N4O2,C1COCCO1,dioxane,11.124 milligram,126.25700860327335 micromole,10.8 microliter,C4H8O2,O,water,1.2000000000000002 milligram,66.6111573688593 micromole,1.2000000000000002 microliter,H2O,Cc1c(-c2ccc(N)cc2)c(N)nn1C(C)C,suzuki_product_0,0.0 milligram,0.0 micromole,0 microliter,C13H18N4,Cc1cc(N)nn1C(C)C,dehalogenation_0,0.0 milligram,0.0 micromole,0 microliter,C7H13N3,Nc1ccccc1,deborylation_0,0.0 milligram,0.0 micromole,0 microliter,C6H7N,CC1=C(C(=NN1C(C)C)N)Br.B1(OC(C(O1)(C)C)(C)C)C2=CC=C(C=C2)N>>Cc1c(-c2ccc(N)cc2)c(N)nn1C(C)C.Cc1cc(N)nn1C(C)C.Nc1ccccc1,005_RLN-NB-2443_012_M14,7/8/2023 2:39:35 AM,005_rln-nb-2443_012_m14.raw,2min_150_1200.EXP,005_RLN-NB-2443_012_M14,005_RLN-NB-2443_012_M14,Rxn_Opt_HSST3_2_98,Analog,0.11409442355769822,0,0.11629753634518526,13.038541386687816,0.7131,1.0193095571088355,0.7381,0,0,0,False,93.05784922892,1.25,deborylation_0,0,0,0,0,0,48.34198665344548,53.33176561322891,1.0193095571088355,195,0.7381,0,0,0,0,0,0,0,0,0,0,6.702716661406239,6.084857054955624,0.11629753634518526,230.9,0.7131,0,0,0,0,0,0,0,0,0,0,0,0,0,0,0,0,0,0,0,0,0.0,0.0,0.0,0.0,0.0,0.0,0.0,0.0,0.0,3.034911666634773e-05,11.409442355769823,0.0,0.0,0.0,0.0,0.0,0.0,0.0,0.0,0.0,0.0,0.0,0.0
302,M15,CC(C)C1=CC(C(C)C)=CC(C(C)C)=C1C2=C([P+](C3CCCCC3)([Pd-2]4(OS(C)(=O)=O)C(C=CC=C5)=C5C6=C([NH+]4C)C=CC=C6)C7CCCCC7)C=CC=C2,XPhos Pd G4,0.04582130549999999 milligram,0.05325 micromole,0.0458213055 microliter,C47H64NO3PPdS,C1=CC=C(C=C1)OCCC(C2=CC=C(C=C2)Cl)N.Cl,1-(1-amino-3-phenoxypropyl)-4-chlorobenzene hydrochloride,0.079324658 milligram,0.266 micromole,0.07932465800000002 microliter,C15H17Cl2NO,B1(OC(C(O1)(C)C)(C)C)C2=CCN(CC2)C(=O)OC(C)(C)C,"N-Boc-1,2,5,6-tetrahydropyridine-4-boronic acid pinacol ester",0.09894880000000003 milligram,0.32000000000000006 micromole,0.09894880000000006 microliter,C16H28BNO4,[Na+].[Na+].[O-]C([O-])=O,Na2CO3,0.21197599999999997 milligram,2.0 micromole,0.21197600000000003 microliter,CNa2O3,CN1C=NC2=C1C(=O)N(C(=O)N2C)C,caffeine,0.051654806000000004 milligram,0.266 micromole,0.05165480600000002 microliter,C8H10N4O2,C1COCCO1,dioxane,11.124 milligram,126.25700860327335 micromole,10.8 microliter,C4H8O2,O,water,1.2000000000000002 milligram,66.6111573688593 micromole,1.2000000000000002 microliter,H2O,CC(C)(C)OC(=O)N1CC=C(c2ccc(C(N)CCOc3ccccc3)cc2)CC1,suzuki_product_0,0.0 milligram,0.0 micromole,0 microliter,C25H32N2O3,NC(CCOc1ccccc1)c1ccccc1,dehalogenation_0,0.0 milligram,0.0 micromole,0 microliter,C15H17NO,CC(C)(C)OC(=O)N1CC=CCC1,deborylation_0,0.0 milligram,0.0 micromole,0 microliter,C10H17NO2,C1=CC=C(C=C1)OCCC(C2=CC=C(C=C2)Cl)N.Cl.B1(OC(C(O1)(C)C)(C)C)C2=CCN(CC2)C(=O)OC(C)(C)C>>CC(C)(C)OC(=O)N1CC=C(c2ccc(C(N)CCOc3ccccc3)cc2)CC1.NC(CCOc1ccccc1)c1ccccc1.CC(C)(C)OC(=O)N1CC=CCC1,005_RLN-NB-2443_012_M15,7/8/2023 2:42:02 AM,005_rln-nb-2443_012_m15.raw,2min_150_1200.EXP,005_RLN-NB-2443_012_M15,005_RLN-NB-2443_012_M15,Rxn_Opt_HSST3_2_98,Analog,1.1010659857671006,0,1.52840391670022,7.655015184136242,1.3198,1.388112916443784,0.7415,0,0,184.1,True,183.12592878876,1.25,deborylation_0,0,0,0,0,0,64.88526622114522,18.620834916178012,1.388112916443784,195.1,0.7415,10.710425152202479,6.22958744388987,0.46439221624088417,183.9,1.3198,0,0,0,0,0,47.26863677665269,20.50276795278799,1.52840391670022,230.9,1.0765,0,0,0,0,0,0,0,0,0,0,0,0,0,0,0,0,0,0,0,0,0.0,0.0,0.0,0.0,0.0,0.0,0.0,0.0,0.0,0.00029288355221404876,110.10659857671006,0.0,0.0,8.899011604657009e-05,33.45493084457522,0.0,0.0,0.0,0.0,0.0,0.0,0.0,0.0
303,M16,CC(C)C1=CC(C(C)C)=CC(C(C)C)=C1C2=C([P+](C3CCCCC3)([Pd-2]4(OS(C)(=O)=O)C(C=CC=C5)=C5C6=C([NH+]4C)C=CC=C6)C7CCCCC7)C=CC=C2,XPhos Pd G4,0.04582130549999999 milligram,0.05325 micromole,0.0458213055 microliter,C47H64NO3PPdS,C1=CC=C(C=C1)OCCC(C2=CC=C(C=C2)Cl)N.Cl,1-(1-amino-3-phenoxypropyl)-4-chlorobenzene hydrochloride,0.079324658 milligram,0.266 micromole,0.07932465800000002 microliter,C15H17Cl2NO,B1(OC(C(O1)(C)C)(C)C)C2=CC=C(C=C2)N,"4-(4,4,5,5-tetramethyl-1,3,2-dioxaborolan-2-yl)aniline",0.07010976000000002 milligram,0.32000000000000006 micromole,0.07010976000000003 microliter,C12H18BNO2,[Na+].[Na+].[O-]C([O-])=O,Na2CO3,0.21197599999999997 milligram,2.0 micromole,0.21197600000000003 microliter,CNa2O3,CN1C=NC2=C1C(=O)N(C(=O)N2C)C,caffeine,0.051654806000000004 milligram,0.266 micromole,0.05165480600000002 microliter,C8H10N4O2,C1COCCO1,dioxane,11.124 milligram,126.25700860327335 micromole,10.8 microliter,C4H8O2,O,water,1.2000000000000002 milligram,66.6111573688593 micromole,1.2000000000000002 microliter,H2O,Nc1ccc(-c2ccc(C(N)CCOc3ccccc3)cc2)cc1,suzuki_product_0,0.0 milligram,0.0 micromole,0 microliter,C21H22N2O,NC(CCOc1ccccc1)c1ccccc1,dehalogenation_0,0.0 milligram,0.0 micromole,0 microliter,C15H17NO,Nc1ccccc1,deborylation_0,0.0 milligram,0.0 micromole,0 microliter,C6H7N,C1=CC=C(C=C1)OCCC(C2=CC=C(C=C2)Cl)N.Cl.B1(OC(C(O1)(C)C)(C)C)C2=CC=C(C=C2)N>>Nc1ccc(-c2ccc(C(N)CCOc3ccccc3)cc2)cc1.NC(CCOc1ccccc1)c1ccccc1.Nc1ccccc1,005_RLN-NB-2443_012_M16,7/8/2023 2:44:29 AM,005_rln-nb-2443_012_m16.raw,2min_150_1200.EXP,005_RLN-NB-2443_012_M16,005_RLN-NB-2443_012_M16,Rxn_Opt_HSST3_2_98,Analog,0.07185299882058134,0,0.10724143783951588,2.73259725928039,0.8898,1.4925116501720455,0.7415,0,0,0,False,93.05784922892,1.25,deborylation_0,0,0,0,0,0,69.44935962647895,27.552183898850135,1.4925116501720455,195,0.7415,0,0,0,0,0,5.689843981566598,1.9797070371885188,0.10724143783951588,210.7,0.8898,0,0,0,0,0,0,0,0,0,0,0,0,0,0,0,0,0,0,0,0,0,0,0,0,0,0.0,0.0,0.0,0.0,0.0,0.0,0.0,0.0,0.0,0.0,0.0,1.911289768627464e-05,7.185299882058134,0.0,0.0,0.0,0.0,0.0,0.0,0.0,0.0,0.0,0.0
304,M17,CC(C)C1=CC(C(C)C)=CC(C(C)C)=C1C2=C([P+](C3CCCCC3)([Pd-2]4(OS(C)(=O)=O)C(C=CC=C5)=C5C6=C([NH+]4C)C=CC=C6)C7CCCCC7)C=CC=C2,XPhos Pd G4,0.04582130549999999 milligram,0.05325 micromole,0.0458213055 microliter,C47H64NO3PPdS,CCC(CC#N)N1C=C(C=N1)Cl,3-(4-CHLORO-1H-PYRAZOL-1-YL)PENTANENITRILE,0.04884877200000001 milligram,0.266 micromole,0.048848772000000026 microliter,C8H10ClN3,B1(OC(C(O1)(C)C)(C)C)C2=CCN(CC2)C(=O)OC(C)(C)C,"N-Boc-1,2,5,6-tetrahydropyridine-4-boronic acid pinacol ester",0.09894880000000003 milligram,0.32000000000000006 micromole,0.09894880000000006 microliter,C16H28BNO4,[Na+].[Na+].[O-]C([O-])=O,Na2CO3,0.21197599999999997 milligram,2.0 micromole,0.21197600000000003 microliter,CNa2O3,CN1C=NC2=C1C(=O)N(C(=O)N2C)C,caffeine,0.051654806000000004 milligram,0.266 micromole,0.05165480600000002 microliter,C8H10N4O2,C1COCCO1,dioxane,11.124 milligram,126.25700860327335 micromole,10.8 microliter,C4H8O2,O,water,1.2000000000000002 milligram,66.6111573688593 micromole,1.2000000000000002 microliter,H2O,CCC(CC#N)n1cc(C2=CCN(C(=O)OC(C)(C)C)CC2)cn1,suzuki_product_0,0.0 milligram,0.0 micromole,0 microliter,C18H26N4O2,CCC(CC#N)n1cccn1,dehalogenation_0,0.0 milligram,0.0 micromole,0 microliter,C8H11N3,CC(C)(C)OC(=O)N1CC=CCC1,deborylation_0,0.0 milligram,0.0 micromole,0 microliter,C10H17NO2,CCC(CC#N)N1C=C(C=N1)Cl.B1(OC(C(O1)(C)C)(C)C)C2=CCN(CC2)C(=O)OC(C)(C)C>>CCC(CC#N)n1cc(C2=CCN(C(=O)OC(C)(C)C)CC2)cn1.CCC(CC#N)n1cccn1.CC(C)(C)OC(=O)N1CC=CCC1,005_RLN-NB-2443_012_M17,7/8/2023 2:46:55 AM,005_rln-nb-2443_012_m17.raw,2min_150_1200.EXP,005_RLN-NB-2443_012_M17,005_RLN-NB-2443_012_M17,Rxn_Opt_HSST3_2_98,Analog,0.46316987367423385,0,0.43192470714479525,39.10930876901829,1.3215,0.9325405897374608,0.7415,0.43192470714479525,1.3215,184.1,False,183.12592878876,1.25,deborylation_0,0,0,0,0,0,44.970800539677,45.781346655312625,0.9325405897374608,195,0.7415,13.019428048164487,21.20454054697746,0.43192470714479525,250.9,1.3215,0,0,0,0,0,0,0,0,0,0,0,0,0,0,0,0,0,0,0,0,13.019428048164487,21.20454054697746,0.43192470714479525,250.9,1.3215,0,0,0,0,0,0.0,0.0,0.0,0.0,0.0,0.0,0.0,0.0,0.0,0.0,0.0,0.0,0.0,0.0001232031863973462,46.31698736742339,0.0,0.0,0.0,0.0,0.0001232031863973462,46.31698736742339,0.0,0.0
305,M18,CC(C)C1=CC(C(C)C)=CC(C(C)C)=C1C2=C([P+](C3CCCCC3)([Pd-2]4(OS(C)(=O)=O)C(C=CC=C5)=C5C6=C([NH+]4C)C=CC=C6)C7CCCCC7)C=CC=C2,XPhos Pd G4,0.04582130549999999 milligram,0.05325 micromole,0.0458213055 microliter,C47H64NO3PPdS,CCC(CC#N)N1C=C(C=N1)Cl,3-(4-CHLORO-1H-PYRAZOL-1-YL)PENTANENITRILE,0.04884877200000001 milligram,0.266 micromole,0.048848772000000026 microliter,C8H10ClN3,B1(OC(C(O1)(C)C)(C)C)C2=CC=C(C=C2)N,"4-(4,4,5,5-tetramethyl-1,3,2-dioxaborolan-2-yl)aniline",0.07010976000000002 milligram,0.32000000000000006 micromole,0.07010976000000003 microliter,C12H18BNO2,[Na+].[Na+].[O-]C([O-])=O,Na2CO3,0.21197599999999997 milligram,2.0 micromole,0.21197600000000003 microliter,CNa2O3,CN1C=NC2=C1C(=O)N(C(=O)N2C)C,caffeine,0.051654806000000004 milligram,0.266 micromole,0.05165480600000002 microliter,C8H10N4O2,C1COCCO1,dioxane,11.124 milligram,126.25700860327335 micromole,10.8 microliter,C4H8O2,O,water,1.2000000000000002 milligram,66.6111573688593 micromole,1.2000000000000002 microliter,H2O,CCC(CC#N)n1cc(-c2ccc(N)cc2)cn1,suzuki_product_0,0.0 milligram,0.0 micromole,0 microliter,C14H16N4,CCC(CC#N)n1cccn1,dehalogenation_0,0.0 milligram,0.0 micromole,0 microliter,C8H11N3,Nc1ccccc1,deborylation_0,0.0 milligram,0.0 micromole,0 microliter,C6H7N,CCC(CC#N)N1C=C(C=N1)Cl.B1(OC(C(O1)(C)C)(C)C)C2=CC=C(C=C2)N>>CCC(CC#N)n1cc(-c2ccc(N)cc2)cn1.CCC(CC#N)n1cccn1.Nc1ccccc1,005_RLN-NB-2443_012_M18,7/8/2023 2:49:22 AM,005_rln-nb-2443_012_m18.raw,2min_150_1200.EXP,005_RLN-NB-2443_012_M18,005_RLN-NB-2443_012_M18,Rxn_Opt_HSST3_2_98,Analog,0.10016430494113703,0,0.12871354877414695,10.225042315287574,0.7798,1.2850241296017308,0.7415,0,0,0,False,93.05784922892,1.25,deborylation_0,0,0,0,0,0,60.41155218279635,50.515307910492005,1.2850241296017308,195,0.7415,0,0,0,0,0,0,0,0,0,0,6.160834877476386,5.059830705741953,0.12871354877414695,241,0.7798,0,0,0,0,0,0,0,0,0,0,0,0,0,0,0,0,0,0,0,0,0.0,0.0,0.0,0.0,0.0,0.0,0.0,0.0,0.0,2.664370511434245e-05,10.016430494113703,0.0,0.0,0.0,0.0,0.0,0.0,0.0,0.0,0.0,0.0,0.0,0.0
306,M19,CC(C)C1=CC(C(C)C)=CC(C(C)C)=C1C2=C([P+](C3CCCCC3)([Pd-2]4(OS(C)(=O)=O)C(C=CC=C5)=C5C6=C([NH+]4C)C=CC=C6)C7CCCCC7)C=CC=C2,XPhos Pd G4,0.04582130549999999 milligram,0.05325 micromole,0.0458213055 microliter,C47H64NO3PPdS,CN1C=NC=C(C1=O)Br,"5-bromo-3-methyl-3,4-dihydropyrimidin-4-one",0.050277192 milligram,0.266 micromole,0.05027719200000001 microliter,C5H5BrN2O,B1(OC(C(O1)(C)C)(C)C)C2=CCN(CC2)C(=O)OC(C)(C)C,"N-Boc-1,2,5,6-tetrahydropyridine-4-boronic acid pinacol ester",0.09894880000000003 milligram,0.32000000000000006 micromole,0.09894880000000006 microliter,C16H28BNO4,[Na+].[Na+].[O-]C([O-])=O,Na2CO3,0.21197599999999997 milligram,2.0 micromole,0.21197600000000003 microliter,CNa2O3,CN1C=NC2=C1C(=O)N(C(=O)N2C)C,caffeine,0.051654806000000004 milligram,0.266 micromole,0.05165480600000002 microliter,C8H10N4O2,C1COCCO1,dioxane,11.124 milligram,126.25700860327335 micromole,10.8 microliter,C4H8O2,O,water,1.2000000000000002 milligram,66.6111573688593 micromole,1.2000000000000002 microliter,H2O,Cn1cncc(C2=CCN(C(=O)OC(C)(C)C)CC2)c1=O,suzuki_product_0,0.0 milligram,0.0 micromole,0 microliter,C15H21N3O3,Cn1cnccc1=O,dehalogenation_0,0.0 milligram,0.0 micromole,0 microliter,C5H6N2O,CC(C)(C)OC(=O)N1CC=CCC1,deborylation_0,0.0 milligram,0.0 micromole,0 microliter,C10H17NO2,CN1C=NC=C(C1=O)Br.B1(OC(C(O1)(C)C)(C)C)C2=CCN(CC2)C(=O)OC(C)(C)C>>Cn1cncc(C2=CCN(C(=O)OC(C)(C)C)CC2)c1=O.Cn1cnccc1=O.CC(C)(C)OC(=O)N1CC=CCC1,005_RLN-NB-2443_012_M19,7/8/2023 2:51:49 AM,005_rln-nb-2443_012_m19.raw,2min_150_1200.EXP,005_RLN-NB-2443_012_M19,005_RLN-NB-2443_012_M19,Rxn_Opt_HSST3_2_98,Analog,1.8439784792532852,0,2.3882578625665274,0,0,1.2951658001635935,0.7415,0,0,0,False,183.12592878876,1.25,deborylation_0,0,0,0,0,0,61.98451293200288,20.08257368535814,1.2951658001635935,194.9,0.7415,0,0,0,0,0,0,0,0,0,0,105.74434316598388,37.031833683818746,2.3882578625665274,291.9,1.0398,0,0,0,0,0,0,0,0,0,0,0,0,0,0,0,0,0,0,0,0,0.0,0.0,0.0,0.0,0.0,0.0,0.0,0.0,0.0,0.0004904982754813738,184.3978479253285,0.0,0.0,0.0,0.0,0.0,0.0,0.0,0.0,0.0,0.0,0.0,0.0
307,M20,CC(C)C1=CC(C(C)C)=CC(C(C)C)=C1C2=C([P+](C3CCCCC3)([Pd-2]4(OS(C)(=O)=O)C(C=CC=C5)=C5C6=C([NH+]4C)C=CC=C6)C7CCCCC7)C=CC=C2,XPhos Pd G4,0.04582130549999999 milligram,0.05325 micromole,0.0458213055 microliter,C47H64NO3PPdS,CN1C=NC=C(C1=O)Br,"5-bromo-3-methyl-3,4-dihydropyrimidin-4-one",0.050277192 milligram,0.266 micromole,0.05027719200000001 microliter,C5H5BrN2O,B1(OC(C(O1)(C)C)(C)C)C2=CC=C(C=C2)N,"4-(4,4,5,5-tetramethyl-1,3,2-dioxaborolan-2-yl)aniline",0.07010976000000002 milligram,0.32000000000000006 micromole,0.07010976000000003 microliter,C12H18BNO2,[Na+].[Na+].[O-]C([O-])=O,Na2CO3,0.21197599999999997 milligram,2.0 micromole,0.21197600000000003 microliter,CNa2O3,CN1C=NC2=C1C(=O)N(C(=O)N2C)C,caffeine,0.051654806000000004 milligram,0.266 micromole,0.05165480600000002 microliter,C8H10N4O2,C1COCCO1,dioxane,11.124 milligram,126.25700860327335 micromole,10.8 microliter,C4H8O2,O,water,1.2000000000000002 milligram,66.6111573688593 micromole,1.2000000000000002 microliter,H2O,Cn1cncc(-c2ccc(N)cc2)c1=O,suzuki_product_0,0.0 milligram,0.0 micromole,0 microliter,C11H11N3O,Cn1cnccc1=O,dehalogenation_0,0.0 milligram,0.0 micromole,0 microliter,C5H6N2O,Nc1ccccc1,deborylation_0,0.0 milligram,0.0 micromole,0 microliter,C6H7N,CN1C=NC=C(C1=O)Br.B1(OC(C(O1)(C)C)(C)C)C2=CC=C(C=C2)N>>Cn1cncc(-c2ccc(N)cc2)c1=O.Cn1cnccc1=O.Nc1ccccc1,005_RLN-NB-2443_012_M20,7/8/2023 2:54:16 AM,005_rln-nb-2443_012_m20.raw,2min_150_1200.EXP,005_RLN-NB-2443_012_M20,005_RLN-NB-2443_012_M20,Rxn_Opt_HSST3_2_98,Analog,0.462007995188033,0,0.7450398466772359,38.40380133554543,0.6181,1.6126124535442543,0.7415,0,0,0,False,93.05784922892,1.25,deborylation_0,0,0,0,0,0,74.84537426915237,45.39209563988086,1.6126124535442543,194.9,0.7415,0,0,0,0,0,0,0,0,0,0,30.06959177773605,20.971511103964808,0.7450398466772359,201.9,0.6181,0,0,0,0,0,0,0,0,0,0,0,0,0,0,0,0,0,0,0,0,0.0,0.0,0.0,0.0,0.0,0.0,0.0,0.0,0.0,0.00012289412672001677,46.200799518803294,0.0,0.0,0.0,0.0,0.0,0.0,0.0,0.0,0.0,0.0,0.0,0.0
308,M21,CC(C)C1=CC(C(C)C)=CC(C(C)C)=C1C2=C([P+](C3CCCCC3)([Pd-2]4(OS(C)(=O)=O)C(C=CC=C5)=C5C6=C([NH+]4C)C=CC=C6)C7CCCCC7)C=CC=C2,XPhos Pd G4,0.04582130549999999 milligram,0.05325 micromole,0.0458213055 microliter,C47H64NO3PPdS,C1CON=C1C2=CC=C(C=C2)Br,"3-(4-bromophenyl)-4,5-dihydro-1,2-oxazole",0.060135417999999996 milligram,0.266 micromole,0.06013541800000001 microliter,C9H8BrNO,B1(OC(C(O1)(C)C)(C)C)C2=CCN(CC2)C(=O)OC(C)(C)C,"N-Boc-1,2,5,6-tetrahydropyridine-4-boronic acid pinacol ester",0.09894880000000003 milligram,0.32000000000000006 micromole,0.09894880000000006 microliter,C16H28BNO4,[Na+].[Na+].[O-]C([O-])=O,Na2CO3,0.21197599999999997 milligram,2.0 micromole,0.21197600000000003 microliter,CNa2O3,CN1C=NC2=C1C(=O)N(C(=O)N2C)C,caffeine,0.051654806000000004 milligram,0.266 micromole,0.05165480600000002 microliter,C8H10N4O2,C1COCCO1,dioxane,11.124 milligram,126.25700860327335 micromole,10.8 microliter,C4H8O2,O,water,1.2000000000000002 milligram,66.6111573688593 micromole,1.2000000000000002 microliter,H2O,CC(C)(C)OC(=O)N1CC=C(c2ccc(C3=NOCC3)cc2)CC1,suzuki_product_0,0.0 milligram,0.0 micromole,0 microliter,C19H24N2O3,c1ccc(C2=NOCC2)cc1,dehalogenation_0,0.0 milligram,0.0 micromole,0 microliter,C9H9NO,CC(C)(C)OC(=O)N1CC=CCC1,deborylation_0,0.0 milligram,0.0 micromole,0 microliter,C10H17NO2,C1CON=C1C2=CC=C(C=C2)Br.B1(OC(C(O1)(C)C)(C)C)C2=CCN(CC2)C(=O)OC(C)(C)C>>CC(C)(C)OC(=O)N1CC=C(c2ccc(C3=NOCC3)cc2)CC1.c1ccc(C2=NOCC2)cc1.CC(C)(C)OC(=O)N1CC=CCC1,005_RLN-NB-2443_012_M21,7/8/2023 2:56:42 AM,005_rln-nb-2443_012_m21.raw,2min_150_1200.EXP,005_RLN-NB-2443_012_M21,005_RLN-NB-2443_012_M21,Rxn_Opt_HSST3_2_98,Analog,2.852626774320525,0,3.9641358041267782,0,0,1.389644043101645,0.7415,0.1278582733422613,1.1715,0,False,183.12592878876,1.25,deborylation_0,0,0,0,0,0,65.43115641663233,15.005718329804878,1.389644043101645,194.9,0.7415,0,0,0,0,0,0,0,0,0,0,169.55630553097194,42.80571387551367,3.9641358041267782,229,1.3398,0,0,0,0,0,0,0,0,0,0,0,0,0,0,0,5.66176843761651,1.3806450978819742,0.1278582733422613,227.8,1.1715,0.0,0.0,0.0,0.0,0.0,0.0,0.0,0.0,0.0,0.0007587987219692596,285.2626774320525,0.0,0.0,0.0,0.0,0.0,0.0,0.0,0.0,0.0,0.0,2.4474109667056543e-05,9.200793107915993
309,M22,CC(C)C1=CC(C(C)C)=CC(C(C)C)=C1C2=C([P+](C3CCCCC3)([Pd-2]4(OS(C)(=O)=O)C(C=CC=C5)=C5C6=C([NH+]4C)C=CC=C6)C7CCCCC7)C=CC=C2,XPhos Pd G4,0.04582130549999999 milligram,0.05325 micromole,0.0458213055 microliter,C47H64NO3PPdS,C1CON=C1C2=CC=C(C=C2)Br,"3-(4-bromophenyl)-4,5-dihydro-1,2-oxazole",0.060135417999999996 milligram,0.266 micromole,0.06013541800000001 microliter,C9H8BrNO,B1(OC(C(O1)(C)C)(C)C)C2=CC=C(C=C2)N,"4-(4,4,5,5-tetramethyl-1,3,2-dioxaborolan-2-yl)aniline",0.07010976000000002 milligram,0.32000000000000006 micromole,0.07010976000000003 microliter,C12H18BNO2,[Na+].[Na+].[O-]C([O-])=O,Na2CO3,0.21197599999999997 milligram,2.0 micromole,0.21197600000000003 microliter,CNa2O3,CN1C=NC2=C1C(=O)N(C(=O)N2C)C,caffeine,0.051654806000000004 milligram,0.266 micromole,0.05165480600000002 microliter,C8H10N4O2,C1COCCO1,dioxane,11.124 milligram,126.25700860327335 micromole,10.8 microliter,C4H8O2,O,water,1.2000000000000002 milligram,66.6111573688593 micromole,1.2000000000000002 microliter,H2O,Nc1ccc(-c2ccc(C3=NOCC3)cc2)cc1,suzuki_product_0,0.0 milligram,0.0 micromole,0 microliter,C15H14N2O,c1ccc(C2=NOCC2)cc1,dehalogenation_0,0.0 milligram,0.0 micromole,0 microliter,C9H9NO,Nc1ccccc1,deborylation_0,0.0 milligram,0.0 micromole,0 microliter,C6H7N,C1CON=C1C2=CC=C(C=C2)Br.B1(OC(C(O1)(C)C)(C)C)C2=CC=C(C=C2)N>>Nc1ccc(-c2ccc(C3=NOCC3)cc2)cc1.c1ccc(C2=NOCC2)cc1.Nc1ccccc1,005_RLN-NB-2443_012_M22,7/8/2023 2:59:10 AM,005_rln-nb-2443_012_m22.raw,2min_150_1200.EXP,005_RLN-NB-2443_012_M22,005_RLN-NB-2443_012_M22,Rxn_Opt_HSST3_2_98,Analog,1.01743728005217,0,1.7711605494220135,38.77249940173879,0.9548,1.7408056340644367,0.7398,0,0,0,False,93.05784922892,1.25,deborylation_0,0,0,0,0,0,78.60970360345249,27.592898071087475,1.7408056340644367,194.9,0.7398,0,0,0,0,0,0,0,0,0,0,74.11396752061117,28.074043162204003,1.7711605494220135,239,0.9548,0,0,0,0,0,0,0,0,0,0,0,0,0,0,0,0,0,0,0,0,0.0,0.0,0.0,0.0,0.0,0.0,0.0,0.0,0.0,0.00027063831649387724,101.74372800521701,0.0,0.0,0.0,0.0,0.0,0.0,0.0,0.0,0.0,0.0,0.0,0.0
310,M23,CC(C)C1=CC(C(C)C)=CC(C(C)C)=C1C2=C([P+](C3CCCCC3)([Pd-2]4(OS(C)(=O)=O)C(C=CC=C5)=C5C6=C([NH+]4C)C=CC=C6)C7CCCCC7)C=CC=C2,XPhos Pd G4,0.04582130549999999 milligram,0.05325 micromole,0.0458213055 microliter,C47H64NO3PPdS,C1CON=C1C2=CC=C(C=C2)Br,"3-(4-bromophenyl)-4,5-dihydro-1,2-oxazole",0.060135417999999996 milligram,0.266 micromole,0.06013541800000001 microliter,C9H8BrNO,B1(OC(C(O1)(C)C)(C)C)C2=CCN(CC2)C(=O)OC(C)(C)C,"N-Boc-1,2,5,6-tetrahydropyridine-4-boronic acid pinacol ester",0.09894880000000003 milligram,0.32000000000000006 micromole,0.09894880000000006 microliter,C16H28BNO4,[Na+].[Na+].[O-]C([O-])=O,Na2CO3,0.21197599999999997 milligram,2.0 micromole,0.21197600000000003 microliter,CNa2O3,CN1C=NC2=C1C(=O)N(C(=O)N2C)C,caffeine,0.051654806000000004 milligram,0.266 micromole,0.05165480600000002 microliter,C8H10N4O2,C1COCCO1,dioxane,11.124 milligram,126.25700860327335 micromole,10.8 microliter,C4H8O2,O,water,1.2000000000000002 milligram,66.6111573688593 micromole,1.2000000000000002 microliter,H2O,CC(C)(C)OC(=O)N1CC=C(c2ccc(C3=NOCC3)cc2)CC1,suzuki_product_0,0.0 milligram,0.0 micromole,0 microliter,C19H24N2O3,c1ccc(C2=NOCC2)cc1,dehalogenation_0,0.0 milligram,0.0 micromole,0 microliter,C9H9NO,CC(C)(C)OC(=O)N1CC=CCC1,deborylation_0,0.0 milligram,0.0 micromole,0 microliter,C10H17NO2,C1CON=C1C2=CC=C(C=C2)Br.B1(OC(C(O1)(C)C)(C)C)C2=CCN(CC2)C(=O)OC(C)(C)C>>CC(C)(C)OC(=O)N1CC=C(c2ccc(C3=NOCC3)cc2)CC1.c1ccc(C2=NOCC2)cc1.CC(C)(C)OC(=O)N1CC=CCC1,005_RLN-NB-2443_012_M23,7/8/2023 3:01:37 AM,005_rln-nb-2443_012_m23.raw,2min_150_1200.EXP,005_RLN-NB-2443_012_M23,005_RLN-NB-2443_012_M23,Rxn_Opt_HSST3_2_98,Analog,2.5597724926575665,0,3.7551148383976685,0,0,1.4669721036415595,0.7431,0,0,0,False,183.12592878876,1.25,deborylation_0,0,0,0,0,0,68.91211582785729,17.728350369146252,1.4669721036415595,195,0.7431,0,0,0,0,0,0,0,0,0,0,165.03096194797092,45.38054361513618,3.7551148383976685,229,1.3398,0,0,0,0,0,0,0,0,0,0,0,0,0,0,0,0,0,0,0,0,0.0,0.0,0.0,0.0,0.0,0.0,0.0,0.0,0.0,0.0006808994830469127,255.97724926575665,0.0,0.0,0.0,0.0,0.0,0.0,0.0,0.0,0.0,0.0,0.0,0.0
311,M24,CC(C)C1=CC(C(C)C)=CC(C(C)C)=C1C2=C([P+](C3CCCCC3)([Pd-2]4(OS(C)(=O)=O)C(C=CC=C5)=C5C6=C([NH+]4C)C=CC=C6)C7CCCCC7)C=CC=C2,XPhos Pd G4,0.04582130549999999 milligram,0.05325 micromole,0.0458213055 microliter,C47H64NO3PPdS,C1CON=C1C2=CC=C(C=C2)Br,"3-(4-bromophenyl)-4,5-dihydro-1,2-oxazole",0.060135417999999996 milligram,0.266 micromole,0.06013541800000001 microliter,C9H8BrNO,B1(OC(C(O1)(C)C)(C)C)C2=CC=C(C=C2)N,"4-(4,4,5,5-tetramethyl-1,3,2-dioxaborolan-2-yl)aniline",0.07010976000000002 milligram,0.32000000000000006 micromole,0.07010976000000003 microliter,C12H18BNO2,[Na+].[Na+].[O-]C([O-])=O,Na2CO3,0.21197599999999997 milligram,2.0 micromole,0.21197600000000003 microliter,CNa2O3,CN1C=NC2=C1C(=O)N(C(=O)N2C)C,caffeine,0.051654806000000004 milligram,0.266 micromole,0.05165480600000002 microliter,C8H10N4O2,C1COCCO1,dioxane,11.124 milligram,126.25700860327335 micromole,10.8 microliter,C4H8O2,O,water,1.2000000000000002 milligram,66.6111573688593 micromole,1.2000000000000002 microliter,H2O,Nc1ccc(-c2ccc(C3=NOCC3)cc2)cc1,suzuki_product_0,0.0 milligram,0.0 micromole,0 microliter,C15H14N2O,c1ccc(C2=NOCC2)cc1,dehalogenation_0,0.0 milligram,0.0 micromole,0 microliter,C9H9NO,Nc1ccccc1,deborylation_0,0.0 milligram,0.0 micromole,0 microliter,C6H7N,C1CON=C1C2=CC=C(C=C2)Br.B1(OC(C(O1)(C)C)(C)C)C2=CC=C(C=C2)N>>Nc1ccc(-c2ccc(C3=NOCC3)cc2)cc1.c1ccc(C2=NOCC2)cc1.Nc1ccccc1,005_RLN-NB-2443_012_M24,7/8/2023 3:04:03 AM,005_rln-nb-2443_012_m24.raw,2min_150_1200.EXP,005_RLN-NB-2443_012_M24,005_RLN-NB-2443_012_M24,Rxn_Opt_HSST3_2_98,Analog,1.1340487899034783,0,1.3369762128786373,35.849019365062254,0.9531,1.178940645924441,0.7398,0,0,0,False,93.05784922892,1.25,deborylation_0,0,0,0,0,0,56.15904516423237,24.018816097986907,1.178940645924441,195,0.7398,0,0,0,0,0,0,0,0,0,0,56.666319215065585,27.238509330836237,1.3369762128786373,239.1,0.9531,0,0,0,0,0,0,0,0,0,0,0,0,0,0,0,0,0,0,0,0,0.0,0.0,0.0,0.0,0.0,0.0,0.0,0.0,0.0,0.00030165697811432524,113.40487899034784,0.0,0.0,0.0,0.0,0.0,0.0,0.0,0.0,0.0,0.0,0.0,0.0
312,N1,CC(C)C1=CC(C(C)C)=CC(C(C)C)=C1C2=C([P+](C3CCCCC3)([Pd-2]4(OS(C)(=O)=O)C(C=CC=C5)=C5C6=C([NH+]4C)C=CC=C6)C7CCCCC7)C=CC=C2,XPhos Pd G4,0.04582130549999999 milligram,0.05325 micromole,0.0458213055 microliter,C47H64NO3PPdS,C1=CC=C(C=C1)OCCC(C2=CC=C(C=C2)Cl)N.Cl,1-(1-amino-3-phenoxypropyl)-4-chlorobenzene hydrochloride,0.079324658 milligram,0.266 micromole,0.07932465800000002 microliter,C15H17Cl2NO,O=[N+](C1=CC=CC=C1B2OC(C)(C)C(C)(C)O2)[O-],"4,4,5,5-tetramethyl-2-(2-nitrophenyl)-1,3,2-dioxaborolane",0.079704 milligram,0.32000000000000006 micromole,0.07970400000000001 microliter,C12H16BNO4,[Na+].[Na+].[O-]C([O-])=O,Na2CO3,0.21197599999999997 milligram,2.0 micromole,0.21197600000000003 microliter,CNa2O3,CN1C=NC2=C1C(=O)N(C(=O)N2C)C,caffeine,0.051654806000000004 milligram,0.266 micromole,0.05165480600000002 microliter,C8H10N4O2,O=CN(C)C,DMF,10.26 milligram,140.365278062795 micromole,10.8 microliter,C3H7NO,O,water,1.2000000000000002 milligram,66.6111573688593 micromole,1.2000000000000002 microliter,H2O,NC(CCOc1ccccc1)c1ccc(-c2ccccc2[N+](=O)[O-])cc1,suzuki_product_0,0.0 milligram,0.0 micromole,0 microliter,C21H20N2O3,NC(CCOc1ccccc1)c1ccccc1,dehalogenation_0,0.0 milligram,0.0 micromole,0 microliter,C15H17NO,O=[N+]([O-])c1ccccc1,deborylation_0,0.0 milligram,0.0 micromole,0 microliter,C6H5NO2,C1=CC=C(C=C1)OCCC(C2=CC=C(C=C2)Cl)N.Cl.O=[N+](C1=CC=CC=C1B2OC(C)(C)C(C)(C)O2)[O-]>>NC(CCOc1ccccc1)c1ccc(-c2ccccc2[N+](=O)[O-])cc1.NC(CCOc1ccccc1)c1ccccc1.O=[N+]([O-])c1ccccc1,005_RLN-NB-2443_012_N1,7/8/2023 3:06:30 AM,005_rln-nb-2443_012_n1.raw,2min_150_1200.EXP,005_RLN-NB-2443_012_N1,005_RLN-NB-2443_012_N1,Rxn_Opt_HSST3_2_98,Analog,0.9602401262908645,0,0.72450175686914,0,0,0.7545006056637988,0.7398,0,0,0,False,123.03202840392001,1.25,deborylation_0,0,0,0,0,0,36.54020674929263,9.970318808462837,0.7545006056637988,195.1,0.7398,0,0,0,0,0,0,0,0,0,0,31.187136029346398,9.573900191798536,0.72450175686914,331.9,1.0098,0,0,0,0,0,0,0,0,0,0,0,0,0,0,0,0,0,0,0,0,0.0,0.0,0.0,0.0,0.0,0.0,0.0,0.0,0.0,0.00025542387359336996,96.02401262908644,0.0,0.0,0.0,0.0,0.0,0.0,0.0,0.0,0.0,0.0,0.0,0.0
313,N2,CC(C)C1=CC(C(C)C)=CC(C(C)C)=C1C2=C([P+](C3CCCCC3)([Pd-2]4(OS(C)(=O)=O)C(C=CC=C5)=C5C6=C([NH+]4C)C=CC=C6)C7CCCCC7)C=CC=C2,XPhos Pd G4,0.04582130549999999 milligram,0.05325 micromole,0.0458213055 microliter,C47H64NO3PPdS,C1=CC=C(C=C1)OCCC(C2=CC=C(C=C2)Cl)N.Cl,1-(1-amino-3-phenoxypropyl)-4-chlorobenzene hydrochloride,0.079324658 milligram,0.266 micromole,0.07932465800000002 microliter,C15H17Cl2NO,O=[N+](C1=CC=CC=C1B2OC(C)(C)C(C)(C)O2)[O-],"4,4,5,5-tetramethyl-2-(2-nitrophenyl)-1,3,2-dioxaborolane",0.079704 milligram,0.32000000000000006 micromole,0.07970400000000001 microliter,C12H16BNO4,[K+].[K+].[K+].[O-]P([O-])([O-])=O,K3PO4,0.42452799999999996 milligram,2.0 micromole,0.42452800000000007 microliter,K3O4P,CN1C=NC2=C1C(=O)N(C(=O)N2C)C,caffeine,0.051654806000000004 milligram,0.266 micromole,0.05165480600000002 microliter,C8H10N4O2,O=CN(C)C,DMF,10.26 milligram,140.365278062795 micromole,10.8 microliter,C3H7NO,O,water,1.2000000000000002 milligram,66.6111573688593 micromole,1.2000000000000002 microliter,H2O,NC(CCOc1ccccc1)c1ccc(-c2ccccc2[N+](=O)[O-])cc1,suzuki_product_0,0.0 milligram,0.0 micromole,0 microliter,C21H20N2O3,NC(CCOc1ccccc1)c1ccccc1,dehalogenation_0,0.0 milligram,0.0 micromole,0 microliter,C15H17NO,O=[N+]([O-])c1ccccc1,deborylation_0,0.0 milligram,0.0 micromole,0 microliter,C6H5NO2,C1=CC=C(C=C1)OCCC(C2=CC=C(C=C2)Cl)N.Cl.O=[N+](C1=CC=CC=C1B2OC(C)(C)C(C)(C)O2)[O-]>>NC(CCOc1ccccc1)c1ccc(-c2ccccc2[N+](=O)[O-])cc1.NC(CCOc1ccccc1)c1ccccc1.O=[N+]([O-])c1ccccc1,005_RLN-NB-2443_012_N2,7/8/2023 3:08:56 AM,005_rln-nb-2443_012_n2.raw,2min_150_1200.EXP,005_RLN-NB-2443_012_N2,005_RLN-NB-2443_012_N2,Rxn_Opt_HSST3_2_98,Analog,0.6352033091552518,0,0.41442922966971246,13.190985936549444,1.0098,0.6524355646396998,0.7398,0,0,0,False,123.03202840392001,1.25,deborylation_0,0,0,0,0,0,32.45107463318363,17.19561920959606,0.6524355646396998,195.1,0.7398,0,0,0,0,0,0,0,0,0,0,15.557759933998023,10.922714224909033,0.41442922966971246,332,1.0098,0,0,0,0,0,0,0,0,0,0,0,0,0,0,0,0,0,0,0,0,0.0,0.0,0.0,0.0,0.0,0.0,0.0,0.0,0.0,0.000168964080235297,63.52033091552518,0.0,0.0,0.0,0.0,0.0,0.0,0.0,0.0,0.0,0.0,0.0,0.0
314,N3,CC(C)C1=CC(C(C)C)=CC(C(C)C)=C1C2=C([P+](C3CCCCC3)([Pd-2]4(OS(C)(=O)=O)C(C=CC=C5)=C5C6=C([NH+]4C)C=CC=C6)C7CCCCC7)C=CC=C2,XPhos Pd G4,0.04582130549999999 milligram,0.05325 micromole,0.0458213055 microliter,C47H64NO3PPdS,C1=CC=C(C=C1)OCCC(C2=CC=C(C=C2)Cl)N.Cl,1-(1-amino-3-phenoxypropyl)-4-chlorobenzene hydrochloride,0.079324658 milligram,0.266 micromole,0.07932465800000002 microliter,C15H17Cl2NO,O=[N+](C1=CC=CC=C1B2OC(C)(C)C(C)(C)O2)[O-],"4,4,5,5-tetramethyl-2-(2-nitrophenyl)-1,3,2-dioxaborolane",0.079704 milligram,0.32000000000000006 micromole,0.07970400000000001 microliter,C12H16BNO4,[Na+].C[Si](C)(C)[O-],NaOTMS,0.22435999999999995 milligram,2.0 micromole,0.22436 microliter,C3H9NaOSi,CN1C=NC2=C1C(=O)N(C(=O)N2C)C,caffeine,0.051654806000000004 milligram,0.266 micromole,0.05165480600000002 microliter,C8H10N4O2,O=CN(C)C,DMF,10.26 milligram,140.365278062795 micromole,10.8 microliter,C3H7NO,O,water,1.2000000000000002 milligram,66.6111573688593 micromole,1.2000000000000002 microliter,H2O,NC(CCOc1ccccc1)c1ccc(-c2ccccc2[N+](=O)[O-])cc1,suzuki_product_0,0.0 milligram,0.0 micromole,0 microliter,C21H20N2O3,NC(CCOc1ccccc1)c1ccccc1,dehalogenation_0,0.0 milligram,0.0 micromole,0 microliter,C15H17NO,O=[N+]([O-])c1ccccc1,deborylation_0,0.0 milligram,0.0 micromole,0 microliter,C6H5NO2,C1=CC=C(C=C1)OCCC(C2=CC=C(C=C2)Cl)N.Cl.O=[N+](C1=CC=CC=C1B2OC(C)(C)C(C)(C)O2)[O-]>>NC(CCOc1ccccc1)c1ccc(-c2ccccc2[N+](=O)[O-])cc1.NC(CCOc1ccccc1)c1ccccc1.O=[N+]([O-])c1ccccc1,005_RLN-NB-2443_012_N3,7/8/2023 3:11:22 AM,005_rln-nb-2443_012_n3.raw,2min_150_1200.EXP,005_RLN-NB-2443_012_N3,005_RLN-NB-2443_012_N3,Rxn_Opt_HSST3_2_98,Analog,1.0141883251921568,0,0.6743633920778939,12.553118260501805,1.0098,0.6649291609131107,0.7398,0,0,0,False,123.03202840392001,1.25,deborylation_0,0,0,0,0,0,33.812048035305345,11.014217247859696,0.6649291609131107,194.8,0.7398,0,0,0,0,0,0,0,0,0,0,29.736615685411824,11.170490543909391,0.6743633920778939,331.9,1.0098,0,0,0,0,0,0,0,0,0,0,0,0,0,0,0,0,0,0,0,0,0.0,0.0,0.0,0.0,0.0,0.0,0.0,0.0,0.0,0.0002697740945011137,101.41883251921568,0.0,0.0,0.0,0.0,0.0,0.0,0.0,0.0,0.0,0.0,0.0,0.0
315,N4,CC(C)(C)[P+]([Pd-2]1(C2=C(C3=C(C=CC=C3)[NH+]1C)C=CC=C2)OS(C)(=O)=O)(C(C)(C)C)C(C)(C)C,PtBu3 Pd G4,0.03120913275 milligram,0.05325 micromole,0.031209132750000007 microliter,C26H42NO3PPdS,C1=CC=C(C=C1)OCCC(C2=CC=C(C=C2)Cl)N.Cl,1-(1-amino-3-phenoxypropyl)-4-chlorobenzene hydrochloride,0.079324658 milligram,0.266 micromole,0.07932465800000002 microliter,C15H17Cl2NO,O=[N+](C1=CC=CC=C1B2OC(C)(C)C(C)(C)O2)[O-],"4,4,5,5-tetramethyl-2-(2-nitrophenyl)-1,3,2-dioxaborolane",0.079704 milligram,0.32000000000000006 micromole,0.07970400000000001 microliter,C12H16BNO4,[Na+].[Na+].[O-]C([O-])=O,Na2CO3,0.21197599999999997 milligram,2.0 micromole,0.21197600000000003 microliter,CNa2O3,CN1C=NC2=C1C(=O)N(C(=O)N2C)C,caffeine,0.051654806000000004 milligram,0.266 micromole,0.05165480600000002 microliter,C8H10N4O2,O=CN(C)C,DMF,10.26 milligram,140.365278062795 micromole,10.8 microliter,C3H7NO,O,water,1.2000000000000002 milligram,66.6111573688593 micromole,1.2000000000000002 microliter,H2O,NC(CCOc1ccccc1)c1ccc(-c2ccccc2[N+](=O)[O-])cc1,suzuki_product_0,0.0 milligram,0.0 micromole,0 microliter,C21H20N2O3,NC(CCOc1ccccc1)c1ccccc1,dehalogenation_0,0.0 milligram,0.0 micromole,0 microliter,C15H17NO,O=[N+]([O-])c1ccccc1,deborylation_0,0.0 milligram,0.0 micromole,0 microliter,C6H5NO2,C1=CC=C(C=C1)OCCC(C2=CC=C(C=C2)Cl)N.Cl.O=[N+](C1=CC=CC=C1B2OC(C)(C)C(C)(C)O2)[O-]>>NC(CCOc1ccccc1)c1ccc(-c2ccccc2[N+](=O)[O-])cc1.NC(CCOc1ccccc1)c1ccccc1.O=[N+]([O-])c1ccccc1,005_RLN-NB-2443_012_N4,7/8/2023 3:13:49 AM,005_rln-nb-2443_012_n4.raw,2min_150_1200.EXP,005_RLN-NB-2443_012_N4,005_RLN-NB-2443_012_N4,Rxn_Opt_HSST3_2_98,Analog,0,0,0,0,0,0.7864829984706911,0.7398,0,0,0,False,123.03202840392001,1.25,deborylation_0,0,0,0,0,0,38.200366906107746,12.254377213033461,0.7864829984706911,195,0.7398,0,0,0,0,0,0,0,0,0,0,0,0,0,0,0,0,0,0,0,0,0,0,0,0,0,0,0,0,0,0,0,0,0,0,0,0.0,0.0,0.0,0.0,0.0,0.0,0.0,0.0,0.0,0.0,0.0,0.0,0.0,0.0,0.0,0.0,0.0,0.0,0.0,0.0,0.0,0.0,0.0
316,N5,CC(C)(C)[P+]([Pd-2]1(C2=C(C3=C(C=CC=C3)[NH+]1C)C=CC=C2)OS(C)(=O)=O)(C(C)(C)C)C(C)(C)C,PtBu3 Pd G4,0.03120913275 milligram,0.05325 micromole,0.031209132750000007 microliter,C26H42NO3PPdS,C1=CC=C(C=C1)OCCC(C2=CC=C(C=C2)Cl)N.Cl,1-(1-amino-3-phenoxypropyl)-4-chlorobenzene hydrochloride,0.079324658 milligram,0.266 micromole,0.07932465800000002 microliter,C15H17Cl2NO,O=[N+](C1=CC=CC=C1B2OC(C)(C)C(C)(C)O2)[O-],"4,4,5,5-tetramethyl-2-(2-nitrophenyl)-1,3,2-dioxaborolane",0.079704 milligram,0.32000000000000006 micromole,0.07970400000000001 microliter,C12H16BNO4,[K+].[K+].[K+].[O-]P([O-])([O-])=O,K3PO4,0.42452799999999996 milligram,2.0 micromole,0.42452800000000007 microliter,K3O4P,CN1C=NC2=C1C(=O)N(C(=O)N2C)C,caffeine,0.051654806000000004 milligram,0.266 micromole,0.05165480600000002 microliter,C8H10N4O2,O=CN(C)C,DMF,10.26 milligram,140.365278062795 micromole,10.8 microliter,C3H7NO,O,water,1.2000000000000002 milligram,66.6111573688593 micromole,1.2000000000000002 microliter,H2O,NC(CCOc1ccccc1)c1ccc(-c2ccccc2[N+](=O)[O-])cc1,suzuki_product_0,0.0 milligram,0.0 micromole,0 microliter,C21H20N2O3,NC(CCOc1ccccc1)c1ccccc1,dehalogenation_0,0.0 milligram,0.0 micromole,0 microliter,C15H17NO,O=[N+]([O-])c1ccccc1,deborylation_0,0.0 milligram,0.0 micromole,0 microliter,C6H5NO2,C1=CC=C(C=C1)OCCC(C2=CC=C(C=C2)Cl)N.Cl.O=[N+](C1=CC=CC=C1B2OC(C)(C)C(C)(C)O2)[O-]>>NC(CCOc1ccccc1)c1ccc(-c2ccccc2[N+](=O)[O-])cc1.NC(CCOc1ccccc1)c1ccccc1.O=[N+]([O-])c1ccccc1,005_RLN-NB-2443_012_N5,7/8/2023 3:16:16 AM,005_rln-nb-2443_012_n5.raw,2min_150_1200.EXP,005_RLN-NB-2443_012_N5,005_RLN-NB-2443_012_N5,Rxn_Opt_HSST3_2_98,Analog,0,0,0,0,0,0.44690476456414585,0.7398,0,0,0,False,123.03202840392001,1.25,deborylation_0,0,0,0,0,0,23.20750651850803,12.516177994561046,0.44690476456414585,194.9,0.7398,0,0,0,0,0,0,0,0,0,0,0,0,0,0,0,0,0,0,0,0,0,0,0,0,0,0,0,0,0,0,0,0,0,0,0,0.0,0.0,0.0,0.0,0.0,0.0,0.0,0.0,0.0,0.0,0.0,0.0,0.0,0.0,0.0,0.0,0.0,0.0,0.0,0.0,0.0,0.0,0.0
317,N6,CC(C)(C)[P+]([Pd-2]1(C2=C(C3=C(C=CC=C3)[NH+]1C)C=CC=C2)OS(C)(=O)=O)(C(C)(C)C)C(C)(C)C,PtBu3 Pd G4,0.03120913275 milligram,0.05325 micromole,0.031209132750000007 microliter,C26H42NO3PPdS,C1=CC=C(C=C1)OCCC(C2=CC=C(C=C2)Cl)N.Cl,1-(1-amino-3-phenoxypropyl)-4-chlorobenzene hydrochloride,0.079324658 milligram,0.266 micromole,0.07932465800000002 microliter,C15H17Cl2NO,O=[N+](C1=CC=CC=C1B2OC(C)(C)C(C)(C)O2)[O-],"4,4,5,5-tetramethyl-2-(2-nitrophenyl)-1,3,2-dioxaborolane",0.079704 milligram,0.32000000000000006 micromole,0.07970400000000001 microliter,C12H16BNO4,[Na+].C[Si](C)(C)[O-],NaOTMS,0.22435999999999995 milligram,2.0 micromole,0.22436 microliter,C3H9NaOSi,CN1C=NC2=C1C(=O)N(C(=O)N2C)C,caffeine,0.051654806000000004 milligram,0.266 micromole,0.05165480600000002 microliter,C8H10N4O2,O=CN(C)C,DMF,10.26 milligram,140.365278062795 micromole,10.8 microliter,C3H7NO,O,water,1.2000000000000002 milligram,66.6111573688593 micromole,1.2000000000000002 microliter,H2O,NC(CCOc1ccccc1)c1ccc(-c2ccccc2[N+](=O)[O-])cc1,suzuki_product_0,0.0 milligram,0.0 micromole,0 microliter,C21H20N2O3,NC(CCOc1ccccc1)c1ccccc1,dehalogenation_0,0.0 milligram,0.0 micromole,0 microliter,C15H17NO,O=[N+]([O-])c1ccccc1,deborylation_0,0.0 milligram,0.0 micromole,0 microliter,C6H5NO2,C1=CC=C(C=C1)OCCC(C2=CC=C(C=C2)Cl)N.Cl.O=[N+](C1=CC=CC=C1B2OC(C)(C)C(C)(C)O2)[O-]>>NC(CCOc1ccccc1)c1ccc(-c2ccccc2[N+](=O)[O-])cc1.NC(CCOc1ccccc1)c1ccccc1.O=[N+]([O-])c1ccccc1,005_RLN-NB-2443_012_N6,7/8/2023 3:18:42 AM,005_rln-nb-2443_012_n6.raw,2min_150_1200.EXP,005_RLN-NB-2443_012_N6,005_RLN-NB-2443_012_N6,Rxn_Opt_HSST3_2_98,Analog,0.513403223515823,0,0.5259395651856011,0,0,1.0244181202913538,0.7431,0,0,0,False,123.03202840392001,1.25,deborylation_0,0,0,0,0,0,48.119893389084034,13.084697912831643,1.0244181202913538,194.9,0.7431,0,0,0,0,0,0,0,0,0,0,15.016179925918664,6.717726087178526,0.5259395651856011,331.9,1.0098,0,0,0,0,0,0,0,0,0,0,0,0,0,0,0,0,0,0,0,0,0.0,0.0,0.0,0.0,0.0,0.0,0.0,0.0,0.0,0.00013656525745520893,51.3403223515823,0.0,0.0,0.0,0.0,0.0,0.0,0.0,0.0,0.0,0.0,0.0,0.0
318,N7,CC(C1=CC=CC(C(C)C)=C1C2=C(C(OC(C)(C)C)=CC=C2OC)[P+]([Pd-2]3(C4=C(C5=C(C=CC=C5)[NH+]3C)C=CC=C4)OS(C)(=O)=O)(C6CCCCC6)C7CCCCC7)C,GPhos Pd G4,0.049019074499999975 milligram,0.05325 micromole,0.04901907449999999 microliter,C49H68NO5PPdS,C1=CC=C(C=C1)OCCC(C2=CC=C(C=C2)Cl)N.Cl,1-(1-amino-3-phenoxypropyl)-4-chlorobenzene hydrochloride,0.079324658 milligram,0.266 micromole,0.07932465800000002 microliter,C15H17Cl2NO,O=[N+](C1=CC=CC=C1B2OC(C)(C)C(C)(C)O2)[O-],"4,4,5,5-tetramethyl-2-(2-nitrophenyl)-1,3,2-dioxaborolane",0.079704 milligram,0.32000000000000006 micromole,0.07970400000000001 microliter,C12H16BNO4,[Na+].[Na+].[O-]C([O-])=O,Na2CO3,0.21197599999999997 milligram,2.0 micromole,0.21197600000000003 microliter,CNa2O3,CN1C=NC2=C1C(=O)N(C(=O)N2C)C,caffeine,0.051654806000000004 milligram,0.266 micromole,0.05165480600000002 microliter,C8H10N4O2,O=CN(C)C,DMF,10.26 milligram,140.365278062795 micromole,10.8 microliter,C3H7NO,O,water,1.2000000000000002 milligram,66.6111573688593 micromole,1.2000000000000002 microliter,H2O,NC(CCOc1ccccc1)c1ccc(-c2ccccc2[N+](=O)[O-])cc1,suzuki_product_0,0.0 milligram,0.0 micromole,0 microliter,C21H20N2O3,NC(CCOc1ccccc1)c1ccccc1,dehalogenation_0,0.0 milligram,0.0 micromole,0 microliter,C15H17NO,O=[N+]([O-])c1ccccc1,deborylation_0,0.0 milligram,0.0 micromole,0 microliter,C6H5NO2,C1=CC=C(C=C1)OCCC(C2=CC=C(C=C2)Cl)N.Cl.O=[N+](C1=CC=CC=C1B2OC(C)(C)C(C)(C)O2)[O-]>>NC(CCOc1ccccc1)c1ccc(-c2ccccc2[N+](=O)[O-])cc1.NC(CCOc1ccccc1)c1ccccc1.O=[N+]([O-])c1ccccc1,005_RLN-NB-2443_012_N7,7/8/2023 3:21:08 AM,005_rln-nb-2443_012_n7.raw,2min_150_1200.EXP,005_RLN-NB-2443_012_N7,005_RLN-NB-2443_012_N7,Rxn_Opt_HSST3_2_98,Analog,0,0,0,0,0,0.44477016594201196,0.7415,0,0,0,False,123.03202840392001,1.25,deborylation_0,0,0,0,0,0,22.62763674960813,15.657629090622937,0.44477016594201196,195,0.7415,0,0,0,0,0,0,0,0,0,0,0,0,0,0,0,0,0,0,0,0,0,0,0,0,0,0,0,0,0,0,0,0,0,0,0,0.0,0.0,0.0,0.0,0.0,0.0,0.0,0.0,0.0,0.0,0.0,0.0,0.0,0.0,0.0,0.0,0.0,0.0,0.0,0.0,0.0,0.0,0.0
319,N8,CC(C1=CC=CC(C(C)C)=C1C2=C(C(OC(C)(C)C)=CC=C2OC)[P+]([Pd-2]3(C4=C(C5=C(C=CC=C5)[NH+]3C)C=CC=C4)OS(C)(=O)=O)(C6CCCCC6)C7CCCCC7)C,GPhos Pd G4,0.049019074499999975 milligram,0.05325 micromole,0.04901907449999999 microliter,C49H68NO5PPdS,C1=CC=C(C=C1)OCCC(C2=CC=C(C=C2)Cl)N.Cl,1-(1-amino-3-phenoxypropyl)-4-chlorobenzene hydrochloride,0.079324658 milligram,0.266 micromole,0.07932465800000002 microliter,C15H17Cl2NO,O=[N+](C1=CC=CC=C1B2OC(C)(C)C(C)(C)O2)[O-],"4,4,5,5-tetramethyl-2-(2-nitrophenyl)-1,3,2-dioxaborolane",0.079704 milligram,0.32000000000000006 micromole,0.07970400000000001 microliter,C12H16BNO4,[K+].[K+].[K+].[O-]P([O-])([O-])=O,K3PO4,0.42452799999999996 milligram,2.0 micromole,0.42452800000000007 microliter,K3O4P,CN1C=NC2=C1C(=O)N(C(=O)N2C)C,caffeine,0.051654806000000004 milligram,0.266 micromole,0.05165480600000002 microliter,C8H10N4O2,O=CN(C)C,DMF,10.26 milligram,140.365278062795 micromole,10.8 microliter,C3H7NO,O,water,1.2000000000000002 milligram,66.6111573688593 micromole,1.2000000000000002 microliter,H2O,NC(CCOc1ccccc1)c1ccc(-c2ccccc2[N+](=O)[O-])cc1,suzuki_product_0,0.0 milligram,0.0 micromole,0 microliter,C21H20N2O3,NC(CCOc1ccccc1)c1ccccc1,dehalogenation_0,0.0 milligram,0.0 micromole,0 microliter,C15H17NO,O=[N+]([O-])c1ccccc1,deborylation_0,0.0 milligram,0.0 micromole,0 microliter,C6H5NO2,C1=CC=C(C=C1)OCCC(C2=CC=C(C=C2)Cl)N.Cl.O=[N+](C1=CC=CC=C1B2OC(C)(C)C(C)(C)O2)[O-]>>NC(CCOc1ccccc1)c1ccc(-c2ccccc2[N+](=O)[O-])cc1.NC(CCOc1ccccc1)c1ccccc1.O=[N+]([O-])c1ccccc1,005_RLN-NB-2443_012_N8,7/8/2023 3:23:35 AM,005_rln-nb-2443_012_n8.raw,2min_150_1200.EXP,005_RLN-NB-2443_012_N8,005_RLN-NB-2443_012_N8,Rxn_Opt_HSST3_2_98,Analog,0,0,0,0,0,0.7298540981414634,0.7398,0,0,0,False,123.03202840392001,1.25,deborylation_0,0,0,0,0,0,35.46961631442526,17.429560298837675,0.7298540981414634,195,0.7398,0,0,0,0,0,0,0,0,0,0,0,0,0,0,0,0,0,0,0,0,0,0,0,0,0,0,0,0,0,0,0,0,0,0,0,0.0,0.0,0.0,0.0,0.0,0.0,0.0,0.0,0.0,0.0,0.0,0.0,0.0,0.0,0.0,0.0,0.0,0.0,0.0,0.0,0.0,0.0,0.0
320,N9,CC(C1=CC=CC(C(C)C)=C1C2=C(C(OC(C)(C)C)=CC=C2OC)[P+]([Pd-2]3(C4=C(C5=C(C=CC=C5)[NH+]3C)C=CC=C4)OS(C)(=O)=O)(C6CCCCC6)C7CCCCC7)C,GPhos Pd G4,0.049019074499999975 milligram,0.05325 micromole,0.04901907449999999 microliter,C49H68NO5PPdS,C1=CC=C(C=C1)OCCC(C2=CC=C(C=C2)Cl)N.Cl,1-(1-amino-3-phenoxypropyl)-4-chlorobenzene hydrochloride,0.079324658 milligram,0.266 micromole,0.07932465800000002 microliter,C15H17Cl2NO,O=[N+](C1=CC=CC=C1B2OC(C)(C)C(C)(C)O2)[O-],"4,4,5,5-tetramethyl-2-(2-nitrophenyl)-1,3,2-dioxaborolane",0.079704 milligram,0.32000000000000006 micromole,0.07970400000000001 microliter,C12H16BNO4,[Na+].C[Si](C)(C)[O-],NaOTMS,0.22435999999999995 milligram,2.0 micromole,0.22436 microliter,C3H9NaOSi,CN1C=NC2=C1C(=O)N(C(=O)N2C)C,caffeine,0.051654806000000004 milligram,0.266 micromole,0.05165480600000002 microliter,C8H10N4O2,O=CN(C)C,DMF,10.26 milligram,140.365278062795 micromole,10.8 microliter,C3H7NO,O,water,1.2000000000000002 milligram,66.6111573688593 micromole,1.2000000000000002 microliter,H2O,NC(CCOc1ccccc1)c1ccc(-c2ccccc2[N+](=O)[O-])cc1,suzuki_product_0,0.0 milligram,0.0 micromole,0 microliter,C21H20N2O3,NC(CCOc1ccccc1)c1ccccc1,dehalogenation_0,0.0 milligram,0.0 micromole,0 microliter,C15H17NO,O=[N+]([O-])c1ccccc1,deborylation_0,0.0 milligram,0.0 micromole,0 microliter,C6H5NO2,C1=CC=C(C=C1)OCCC(C2=CC=C(C=C2)Cl)N.Cl.O=[N+](C1=CC=CC=C1B2OC(C)(C)C(C)(C)O2)[O-]>>NC(CCOc1ccccc1)c1ccc(-c2ccccc2[N+](=O)[O-])cc1.NC(CCOc1ccccc1)c1ccccc1.O=[N+]([O-])c1ccccc1,005_RLN-NB-2443_012_N9,7/8/2023 3:26:03 AM,005_rln-nb-2443_012_n9.raw,2min_150_1200.EXP,005_RLN-NB-2443_012_N9,005_RLN-NB-2443_012_N9,Rxn_Opt_HSST3_2_98,Analog,0,0,0,0,0,1.011087635623715,0.7415,0,0,0,False,123.03202840392001,1.25,deborylation_0,0,0,0,0,0,48.72537508821,12.546343417043001,1.011087635623715,194.9,0.7415,0,0,0,0,0,0,0,0,0,0,0,0,0,0,0,0,0,0,0,0,0,0,0,0,0,0,0,0,0,0,0,0,0,0,0,0.0,0.0,0.0,0.0,0.0,0.0,0.0,0.0,0.0,0.0,0.0,0.0,0.0,0.0,0.0,0.0,0.0,0.0,0.0,0.0,0.0,0.0,0.0
321,N10,Cl[Pd]Cl.CC1(C)c2cccc(P(c3ccccc3)c4ccccc4)c2Oc5c(cccc15)P(c6ccccc6)c7ccccc7,PdCl2(XantPhos),0.04025476350000001 milligram,0.05325 micromole,0.04025476350000002 microliter,C39H32Cl2OP2Pd,C1=CC=C(C=C1)OCCC(C2=CC=C(C=C2)Cl)N.Cl,1-(1-amino-3-phenoxypropyl)-4-chlorobenzene hydrochloride,0.079324658 milligram,0.266 micromole,0.07932465800000002 microliter,C15H17Cl2NO,O=[N+](C1=CC=CC=C1B2OC(C)(C)C(C)(C)O2)[O-],"4,4,5,5-tetramethyl-2-(2-nitrophenyl)-1,3,2-dioxaborolane",0.079704 milligram,0.32000000000000006 micromole,0.07970400000000001 microliter,C12H16BNO4,[Na+].[Na+].[O-]C([O-])=O,Na2CO3,0.21197599999999997 milligram,2.0 micromole,0.21197600000000003 microliter,CNa2O3,CN1C=NC2=C1C(=O)N(C(=O)N2C)C,caffeine,0.051654806000000004 milligram,0.266 micromole,0.05165480600000002 microliter,C8H10N4O2,O=CN(C)C,DMF,10.26 milligram,140.365278062795 micromole,10.8 microliter,C3H7NO,O,water,1.2000000000000002 milligram,66.6111573688593 micromole,1.2000000000000002 microliter,H2O,NC(CCOc1ccccc1)c1ccc(-c2ccccc2[N+](=O)[O-])cc1,suzuki_product_0,0.0 milligram,0.0 micromole,0 microliter,C21H20N2O3,NC(CCOc1ccccc1)c1ccccc1,dehalogenation_0,0.0 milligram,0.0 micromole,0 microliter,C15H17NO,O=[N+]([O-])c1ccccc1,deborylation_0,0.0 milligram,0.0 micromole,0 microliter,C6H5NO2,C1=CC=C(C=C1)OCCC(C2=CC=C(C=C2)Cl)N.Cl.O=[N+](C1=CC=CC=C1B2OC(C)(C)C(C)(C)O2)[O-]>>NC(CCOc1ccccc1)c1ccc(-c2ccccc2[N+](=O)[O-])cc1.NC(CCOc1ccccc1)c1ccccc1.O=[N+]([O-])c1ccccc1,005_RLN-NB-2443_012_N10,7/8/2023 3:28:30 AM,005_rln-nb-2443_012_n10.raw,2min_150_1200.EXP,005_RLN-NB-2443_012_N10,005_RLN-NB-2443_012_N10,Rxn_Opt_HSST3_2_98,Analog,0,0,0,0,0,1.2943895845460613,0.7431,0,0,0,False,123.03202840392001,1.25,deborylation_0,0,0,0,0,0,59.490777714561666,17.069306874179205,1.2943895845460613,194.9,0.7431,0,0,0,0,0,0,0,0,0,0,0,0,0,0,0,0,0,0,0,0,0,0,0,0,0,0,0,0,0,0,0,0,0,0,0,0.0,0.0,0.0,0.0,0.0,0.0,0.0,0.0,0.0,0.0,0.0,0.0,0.0,0.0,0.0,0.0,0.0,0.0,0.0,0.0,0.0,0.0,0.0
322,N11,Cl[Pd]Cl.CC1(C)c2cccc(P(c3ccccc3)c4ccccc4)c2Oc5c(cccc15)P(c6ccccc6)c7ccccc7,PdCl2(XantPhos),0.04025476350000001 milligram,0.05325 micromole,0.04025476350000002 microliter,C39H32Cl2OP2Pd,C1=CC=C(C=C1)OCCC(C2=CC=C(C=C2)Cl)N.Cl,1-(1-amino-3-phenoxypropyl)-4-chlorobenzene hydrochloride,0.079324658 milligram,0.266 micromole,0.07932465800000002 microliter,C15H17Cl2NO,O=[N+](C1=CC=CC=C1B2OC(C)(C)C(C)(C)O2)[O-],"4,4,5,5-tetramethyl-2-(2-nitrophenyl)-1,3,2-dioxaborolane",0.079704 milligram,0.32000000000000006 micromole,0.07970400000000001 microliter,C12H16BNO4,[K+].[K+].[K+].[O-]P([O-])([O-])=O,K3PO4,0.42452799999999996 milligram,2.0 micromole,0.42452800000000007 microliter,K3O4P,CN1C=NC2=C1C(=O)N(C(=O)N2C)C,caffeine,0.051654806000000004 milligram,0.266 micromole,0.05165480600000002 microliter,C8H10N4O2,O=CN(C)C,DMF,10.26 milligram,140.365278062795 micromole,10.8 microliter,C3H7NO,O,water,1.2000000000000002 milligram,66.6111573688593 micromole,1.2000000000000002 microliter,H2O,NC(CCOc1ccccc1)c1ccc(-c2ccccc2[N+](=O)[O-])cc1,suzuki_product_0,0.0 milligram,0.0 micromole,0 microliter,C21H20N2O3,NC(CCOc1ccccc1)c1ccccc1,dehalogenation_0,0.0 milligram,0.0 micromole,0 microliter,C15H17NO,O=[N+]([O-])c1ccccc1,deborylation_0,0.0 milligram,0.0 micromole,0 microliter,C6H5NO2,C1=CC=C(C=C1)OCCC(C2=CC=C(C=C2)Cl)N.Cl.O=[N+](C1=CC=CC=C1B2OC(C)(C)C(C)(C)O2)[O-]>>NC(CCOc1ccccc1)c1ccc(-c2ccccc2[N+](=O)[O-])cc1.NC(CCOc1ccccc1)c1ccccc1.O=[N+]([O-])c1ccccc1,005_RLN-NB-2443_012_N11,7/8/2023 3:30:57 AM,005_rln-nb-2443_012_n11.raw,2min_150_1200.EXP,005_RLN-NB-2443_012_N11,005_RLN-NB-2443_012_N11,Rxn_Opt_HSST3_2_98,Analog,0,0,0,0,0,0.7504066109891696,0.7415,0,0,0,False,123.03202840392001,1.25,deborylation_0,0,0,0,0,0,34.3941818354724,11.695904519630385,0.7504066109891696,195,0.7415,0,0,0,0,0,0,0,0,0,0,0,0,0,0,0,0,0,0,0,0,0,0,0,0,0,0,0,0,0,0,0,0,0,0,0,0.0,0.0,0.0,0.0,0.0,0.0,0.0,0.0,0.0,0.0,0.0,0.0,0.0,0.0,0.0,0.0,0.0,0.0,0.0,0.0,0.0,0.0,0.0
323,N12,Cl[Pd]Cl.CC1(C)c2cccc(P(c3ccccc3)c4ccccc4)c2Oc5c(cccc15)P(c6ccccc6)c7ccccc7,PdCl2(XantPhos),0.04025476350000001 milligram,0.05325 micromole,0.04025476350000002 microliter,C39H32Cl2OP2Pd,C1=CC=C(C=C1)OCCC(C2=CC=C(C=C2)Cl)N.Cl,1-(1-amino-3-phenoxypropyl)-4-chlorobenzene hydrochloride,0.079324658 milligram,0.266 micromole,0.07932465800000002 microliter,C15H17Cl2NO,O=[N+](C1=CC=CC=C1B2OC(C)(C)C(C)(C)O2)[O-],"4,4,5,5-tetramethyl-2-(2-nitrophenyl)-1,3,2-dioxaborolane",0.079704 milligram,0.32000000000000006 micromole,0.07970400000000001 microliter,C12H16BNO4,[Na+].C[Si](C)(C)[O-],NaOTMS,0.22435999999999995 milligram,2.0 micromole,0.22436 microliter,C3H9NaOSi,CN1C=NC2=C1C(=O)N(C(=O)N2C)C,caffeine,0.051654806000000004 milligram,0.266 micromole,0.05165480600000002 microliter,C8H10N4O2,O=CN(C)C,DMF,10.26 milligram,140.365278062795 micromole,10.8 microliter,C3H7NO,O,water,1.2000000000000002 milligram,66.6111573688593 micromole,1.2000000000000002 microliter,H2O,NC(CCOc1ccccc1)c1ccc(-c2ccccc2[N+](=O)[O-])cc1,suzuki_product_0,0.0 milligram,0.0 micromole,0 microliter,C21H20N2O3,NC(CCOc1ccccc1)c1ccccc1,dehalogenation_0,0.0 milligram,0.0 micromole,0 microliter,C15H17NO,O=[N+]([O-])c1ccccc1,deborylation_0,0.0 milligram,0.0 micromole,0 microliter,C6H5NO2,C1=CC=C(C=C1)OCCC(C2=CC=C(C=C2)Cl)N.Cl.O=[N+](C1=CC=CC=C1B2OC(C)(C)C(C)(C)O2)[O-]>>NC(CCOc1ccccc1)c1ccc(-c2ccccc2[N+](=O)[O-])cc1.NC(CCOc1ccccc1)c1ccccc1.O=[N+]([O-])c1ccccc1,005_RLN-NB-2443_012_N12,7/8/2023 3:33:24 AM,005_rln-nb-2443_012_n12.raw,2min_150_1200.EXP,005_RLN-NB-2443_012_N12,005_RLN-NB-2443_012_N12,Rxn_Opt_HSST3_2_98,Analog,0,0,0,0,0,1.1768071267384923,0.7398,0,0,0,False,123.03202840392001,1.25,deborylation_0,0,0,0,0,0,55.00258924295469,3.442664763046684,1.1768071267384923,195.1,0.7398,0,0,0,0,0,0,0,0,0,0,0,0,0,0,0,0,0,0,0,0,0,0,0,0,0,0,0,0,0,0,0,0,0,0,0,0.0,0.0,0.0,0.0,0.0,0.0,0.0,0.0,0.0,0.0,0.0,0.0,0.0,0.0,0.0,0.0,0.0,0.0,0.0,0.0,0.0,0.0,0.0
324,N13,CC(C)C1=CC(C(C)C)=CC(C(C)C)=C1C2=C([P+](C3CCCCC3)([Pd-2]4(OS(C)(=O)=O)C(C=CC=C5)=C5C6=C([NH+]4C)C=CC=C6)C7CCCCC7)C=CC=C2,XPhos Pd G4,0.04582130549999999 milligram,0.05325 micromole,0.0458213055 microliter,C47H64NO3PPdS,CC1=C(C(=NN1C(C)C)N)Br,4-BROMO-1-ISOPROPYL-5-METHYL-1H-PYRAZOL-3-AMINE,0.058014068 milligram,0.266 micromole,0.058014068000000016 microliter,C7H12BrN3,B1(OC(C(O1)(C)C)(C)C)C2=CCN(CC2)C(=O)OC(C)(C)C,"N-Boc-1,2,5,6-tetrahydropyridine-4-boronic acid pinacol ester",0.09894880000000003 milligram,0.32000000000000006 micromole,0.09894880000000006 microliter,C16H28BNO4,[K+].[K+].[K+].[O-]P([O-])([O-])=O,K3PO4,0.42452799999999996 milligram,2.0 micromole,0.42452800000000007 microliter,K3O4P,CN1C=NC2=C1C(=O)N(C(=O)N2C)C,caffeine,0.051654806000000004 milligram,0.266 micromole,0.05165480600000002 microliter,C8H10N4O2,C1COCCO1,dioxane,11.124 milligram,126.25700860327335 micromole,10.8 microliter,C4H8O2,O,water,1.2000000000000002 milligram,66.6111573688593 micromole,1.2000000000000002 microliter,H2O,Cc1c(C2=CCN(C(=O)OC(C)(C)C)CC2)c(N)nn1C(C)C,suzuki_product_0,0.0 milligram,0.0 micromole,0 microliter,C17H28N4O2,Cc1cc(N)nn1C(C)C,dehalogenation_0,0.0 milligram,0.0 micromole,0 microliter,C7H13N3,CC(C)(C)OC(=O)N1CC=CCC1,deborylation_0,0.0 milligram,0.0 micromole,0 microliter,C10H17NO2,CC1=C(C(=NN1C(C)C)N)Br.B1(OC(C(O1)(C)C)(C)C)C2=CCN(CC2)C(=O)OC(C)(C)C>>Cc1c(C2=CCN(C(=O)OC(C)(C)C)CC2)c(N)nn1C(C)C.Cc1cc(N)nn1C(C)C.CC(C)(C)OC(=O)N1CC=CCC1,005_RLN-NB-2443_012_N13,7/8/2023 3:35:51 AM,005_rln-nb-2443_012_n13.raw,2min_150_1200.EXP,005_RLN-NB-2443_012_N13,005_RLN-NB-2443_012_N13,Rxn_Opt_HSST3_2_98,Analog,0.9611734955916474,0,1.0814793669289466,16.047758156639258,1.3198,1.1251656146253235,0.7398,0,0,184.1,True,183.12592878876,1.25,deborylation_0,0,0,0,0,0,54.774354704242576,26.830454101876516,1.1251656146253235,195,0.7398,19.98012013034659,11.742071770042013,0.4924171372556066,611.1,1.3198,0,0,0,0,0,29.326299838362974,25.78872135741191,1.0814793669289466,321,1.0565,0,0,0,0,0,0,0,0,0,0,0,0,0,0,0,0,0,0,0,0,0.0,0.0,0.0,0.0,0.0,0.0,0.0,0.0,0.0,0.00025567214982737823,96.11734955916475,0.0,0.0,0.000116412159070119,43.7639695752327,0.0,0.0,0.0,0.0,0.0,0.0,0.0,0.0
325,N14,CC(C)C1=CC(C(C)C)=CC(C(C)C)=C1C2=C([P+](C3CCCCC3)([Pd-2]4(OS(C)(=O)=O)C(C=CC=C5)=C5C6=C([NH+]4C)C=CC=C6)C7CCCCC7)C=CC=C2,XPhos Pd G4,0.04582130549999999 milligram,0.05325 micromole,0.0458213055 microliter,C47H64NO3PPdS,CC1=C(C(=NN1C(C)C)N)Br,4-BROMO-1-ISOPROPYL-5-METHYL-1H-PYRAZOL-3-AMINE,0.058014068 milligram,0.266 micromole,0.058014068000000016 microliter,C7H12BrN3,B1(OC(C(O1)(C)C)(C)C)C2=CC=C(C=C2)N,"4-(4,4,5,5-tetramethyl-1,3,2-dioxaborolan-2-yl)aniline",0.07010976000000002 milligram,0.32000000000000006 micromole,0.07010976000000003 microliter,C12H18BNO2,[K+].[K+].[K+].[O-]P([O-])([O-])=O,K3PO4,0.42452799999999996 milligram,2.0 micromole,0.42452800000000007 microliter,K3O4P,CN1C=NC2=C1C(=O)N(C(=O)N2C)C,caffeine,0.051654806000000004 milligram,0.266 micromole,0.05165480600000002 microliter,C8H10N4O2,C1COCCO1,dioxane,11.124 milligram,126.25700860327335 micromole,10.8 microliter,C4H8O2,O,water,1.2000000000000002 milligram,66.6111573688593 micromole,1.2000000000000002 microliter,H2O,Cc1c(-c2ccc(N)cc2)c(N)nn1C(C)C,suzuki_product_0,0.0 milligram,0.0 micromole,0 microliter,C13H18N4,Cc1cc(N)nn1C(C)C,dehalogenation_0,0.0 milligram,0.0 micromole,0 microliter,C7H13N3,Nc1ccccc1,deborylation_0,0.0 milligram,0.0 micromole,0 microliter,C6H7N,CC1=C(C(=NN1C(C)C)N)Br.B1(OC(C(O1)(C)C)(C)C)C2=CC=C(C=C2)N>>Cc1c(-c2ccc(N)cc2)c(N)nn1C(C)C.Cc1cc(N)nn1C(C)C.Nc1ccccc1,005_RLN-NB-2443_012_N14,7/8/2023 3:38:18 AM,005_rln-nb-2443_012_n14.raw,2min_150_1200.EXP,005_RLN-NB-2443_012_N14,005_RLN-NB-2443_012_N14,Rxn_Opt_HSST3_2_98,Analog,0.08250796640214239,0,0.06331186101320302,5.367083884578362,0.7165,0.7673424006673745,0.7415,0,0,0,False,93.05784922892,1.25,deborylation_0,0,0,0,0,0,36.59925149976094,39.41203533697548,0.7673424006673745,194.9,0.7415,0,0,0,0,0,0,0,0,0,0,4.201948805558277,3.2518068874232218,0.06331186101320302,230.9,0.7165,0,0,0,0,0,0,0,0,0,0,0,0,0,0,0,0,0,0,0,0,0.0,0.0,0.0,0.0,0.0,0.0,0.0,0.0,0.0,2.1947119062969877e-05,8.250796640214238,0.0,0.0,0.0,0.0,0.0,0.0,0.0,0.0,0.0,0.0,0.0,0.0
326,N15,CC(C)C1=CC(C(C)C)=CC(C(C)C)=C1C2=C([P+](C3CCCCC3)([Pd-2]4(OS(C)(=O)=O)C(C=CC=C5)=C5C6=C([NH+]4C)C=CC=C6)C7CCCCC7)C=CC=C2,XPhos Pd G4,0.04582130549999999 milligram,0.05325 micromole,0.0458213055 microliter,C47H64NO3PPdS,C1=CC=C(C=C1)OCCC(C2=CC=C(C=C2)Cl)N.Cl,1-(1-amino-3-phenoxypropyl)-4-chlorobenzene hydrochloride,0.079324658 milligram,0.266 micromole,0.07932465800000002 microliter,C15H17Cl2NO,B1(OC(C(O1)(C)C)(C)C)C2=CCN(CC2)C(=O)OC(C)(C)C,"N-Boc-1,2,5,6-tetrahydropyridine-4-boronic acid pinacol ester",0.09894880000000003 milligram,0.32000000000000006 micromole,0.09894880000000006 microliter,C16H28BNO4,[K+].[K+].[K+].[O-]P([O-])([O-])=O,K3PO4,0.42452799999999996 milligram,2.0 micromole,0.42452800000000007 microliter,K3O4P,CN1C=NC2=C1C(=O)N(C(=O)N2C)C,caffeine,0.051654806000000004 milligram,0.266 micromole,0.05165480600000002 microliter,C8H10N4O2,C1COCCO1,dioxane,11.124 milligram,126.25700860327335 micromole,10.8 microliter,C4H8O2,O,water,1.2000000000000002 milligram,66.6111573688593 micromole,1.2000000000000002 microliter,H2O,CC(C)(C)OC(=O)N1CC=C(c2ccc(C(N)CCOc3ccccc3)cc2)CC1,suzuki_product_0,0.0 milligram,0.0 micromole,0 microliter,C25H32N2O3,NC(CCOc1ccccc1)c1ccccc1,dehalogenation_0,0.0 milligram,0.0 micromole,0 microliter,C15H17NO,CC(C)(C)OC(=O)N1CC=CCC1,deborylation_0,0.0 milligram,0.0 micromole,0 microliter,C10H17NO2,C1=CC=C(C=C1)OCCC(C2=CC=C(C=C2)Cl)N.Cl.B1(OC(C(O1)(C)C)(C)C)C2=CCN(CC2)C(=O)OC(C)(C)C>>CC(C)(C)OC(=O)N1CC=C(c2ccc(C(N)CCOc3ccccc3)cc2)CC1.NC(CCOc1ccccc1)c1ccccc1.CC(C)(C)OC(=O)N1CC=CCC1,005_RLN-NB-2443_012_N15,7/8/2023 3:40:45 AM,005_rln-nb-2443_012_n15.raw,2min_150_1200.EXP,005_RLN-NB-2443_012_N15,005_RLN-NB-2443_012_N15,Rxn_Opt_HSST3_2_98,Analog,1.0976417651773391,0,1.0818638197886603,0,0,0.9856255967208667,0.7415,0,0,0,False,183.12592878876,1.25,deborylation_0,0,0,0,0,0,45.106798630598725,22.93681066916925,0.9856255967208667,195,0.7415,0,0,0,0,0,0,0,0,0,0,38.760028782065845,25.17640135044536,1.0818638197886603,230.9,1.0798,0,0,0,0,0,0,0,0,0,0,0,0,0,0,0,0,0,0,0,0,0.0,0.0,0.0,0.0,0.0,0.0,0.0,0.0,0.0,0.0002919727095371722,109.76417651773392,0.0,0.0,0.0,0.0,0.0,0.0,0.0,0.0,0.0,0.0,0.0,0.0
327,N16,CC(C)C1=CC(C(C)C)=CC(C(C)C)=C1C2=C([P+](C3CCCCC3)([Pd-2]4(OS(C)(=O)=O)C(C=CC=C5)=C5C6=C([NH+]4C)C=CC=C6)C7CCCCC7)C=CC=C2,XPhos Pd G4,0.04582130549999999 milligram,0.05325 micromole,0.0458213055 microliter,C47H64NO3PPdS,C1=CC=C(C=C1)OCCC(C2=CC=C(C=C2)Cl)N.Cl,1-(1-amino-3-phenoxypropyl)-4-chlorobenzene hydrochloride,0.079324658 milligram,0.266 micromole,0.07932465800000002 microliter,C15H17Cl2NO,B1(OC(C(O1)(C)C)(C)C)C2=CC=C(C=C2)N,"4-(4,4,5,5-tetramethyl-1,3,2-dioxaborolan-2-yl)aniline",0.07010976000000002 milligram,0.32000000000000006 micromole,0.07010976000000003 microliter,C12H18BNO2,[K+].[K+].[K+].[O-]P([O-])([O-])=O,K3PO4,0.42452799999999996 milligram,2.0 micromole,0.42452800000000007 microliter,K3O4P,CN1C=NC2=C1C(=O)N(C(=O)N2C)C,caffeine,0.051654806000000004 milligram,0.266 micromole,0.05165480600000002 microliter,C8H10N4O2,C1COCCO1,dioxane,11.124 milligram,126.25700860327335 micromole,10.8 microliter,C4H8O2,O,water,1.2000000000000002 milligram,66.6111573688593 micromole,1.2000000000000002 microliter,H2O,Nc1ccc(-c2ccc(C(N)CCOc3ccccc3)cc2)cc1,suzuki_product_0,0.0 milligram,0.0 micromole,0 microliter,C21H22N2O,NC(CCOc1ccccc1)c1ccccc1,dehalogenation_0,0.0 milligram,0.0 micromole,0 microliter,C15H17NO,Nc1ccccc1,deborylation_0,0.0 milligram,0.0 micromole,0 microliter,C6H7N,C1=CC=C(C=C1)OCCC(C2=CC=C(C=C2)Cl)N.Cl.B1(OC(C(O1)(C)C)(C)C)C2=CC=C(C=C2)N>>Nc1ccc(-c2ccc(C(N)CCOc3ccccc3)cc2)cc1.NC(CCOc1ccccc1)c1ccccc1.Nc1ccccc1,005_RLN-NB-2443_012_N16,7/8/2023 3:43:12 AM,005_rln-nb-2443_012_n16.raw,2min_150_1200.EXP,005_RLN-NB-2443_012_N16,005_RLN-NB-2443_012_N16,Rxn_Opt_HSST3_2_98,Analog,0,0,0,0,0,1.9483017624513115,0.7415,0,0,0,False,93.05784922892,1.25,deborylation_0,0,0,0,0,0,86.17805234751656,24.70807183935299,1.9483017624513115,194.9,0.7415,0,0,0,0,0,0,0,0,0,0,0,0,0,0,0,0,0,0,0,0,0,0,0,0,0,0,0,0,0,0,0,0,0,0,0,0.0,0.0,0.0,0.0,0.0,0.0,0.0,0.0,0.0,0.0,0.0,0.0,0.0,0.0,0.0,0.0,0.0,0.0,0.0,0.0,0.0,0.0,0.0
328,N17,CC(C)C1=CC(C(C)C)=CC(C(C)C)=C1C2=C([P+](C3CCCCC3)([Pd-2]4(OS(C)(=O)=O)C(C=CC=C5)=C5C6=C([NH+]4C)C=CC=C6)C7CCCCC7)C=CC=C2,XPhos Pd G4,0.04582130549999999 milligram,0.05325 micromole,0.0458213055 microliter,C47H64NO3PPdS,CCC(CC#N)N1C=C(C=N1)Cl,3-(4-CHLORO-1H-PYRAZOL-1-YL)PENTANENITRILE,0.04884877200000001 milligram,0.266 micromole,0.048848772000000026 microliter,C8H10ClN3,B1(OC(C(O1)(C)C)(C)C)C2=CCN(CC2)C(=O)OC(C)(C)C,"N-Boc-1,2,5,6-tetrahydropyridine-4-boronic acid pinacol ester",0.09894880000000003 milligram,0.32000000000000006 micromole,0.09894880000000006 microliter,C16H28BNO4,[K+].[K+].[K+].[O-]P([O-])([O-])=O,K3PO4,0.42452799999999996 milligram,2.0 micromole,0.42452800000000007 microliter,K3O4P,CN1C=NC2=C1C(=O)N(C(=O)N2C)C,caffeine,0.051654806000000004 milligram,0.266 micromole,0.05165480600000002 microliter,C8H10N4O2,C1COCCO1,dioxane,11.124 milligram,126.25700860327335 micromole,10.8 microliter,C4H8O2,O,water,1.2000000000000002 milligram,66.6111573688593 micromole,1.2000000000000002 microliter,H2O,CCC(CC#N)n1cc(C2=CCN(C(=O)OC(C)(C)C)CC2)cn1,suzuki_product_0,0.0 milligram,0.0 micromole,0 microliter,C18H26N4O2,CCC(CC#N)n1cccn1,dehalogenation_0,0.0 milligram,0.0 micromole,0 microliter,C8H11N3,CC(C)(C)OC(=O)N1CC=CCC1,deborylation_0,0.0 milligram,0.0 micromole,0 microliter,C10H17NO2,CCC(CC#N)N1C=C(C=N1)Cl.B1(OC(C(O1)(C)C)(C)C)C2=CCN(CC2)C(=O)OC(C)(C)C>>CCC(CC#N)n1cc(C2=CCN(C(=O)OC(C)(C)C)CC2)cn1.CCC(CC#N)n1cccn1.CC(C)(C)OC(=O)N1CC=CCC1,005_RLN-NB-2443_012_N17,7/8/2023 3:45:38 AM,005_rln-nb-2443_012_n17.raw,2min_150_1200.EXP,005_RLN-NB-2443_012_N17,005_RLN-NB-2443_012_N17,Rxn_Opt_HSST3_2_98,Analog,1.667358164498458,0,1.6697917271751124,8.023301782082136,1.3215,1.0014595320480446,0.7415,0.2610047404892288,1.3215,184.1,False,183.12592878876,1.25,deborylation_0,0,0,0,0,0,46.70211539471042,23.538589798637364,1.0014595320480446,195,0.7415,8.702035849113127,6.134729687291061,0.2610047404892288,251,1.3215,0,0,0,0,0,61.76394010884711,39.24725988153812,1.6697917271751124,275,1.2415,0,0,0,0,0,0,0,0,0,0,8.702035849113127,6.134729687291061,0.2610047404892288,251,1.3215,0,0,0,0,0,0.0,0.0,0.0,0.0,0.0,0.0,0.0,0.0,0.0,0.0004435172717565899,166.7358164498458,0.0,0.0,6.932607733849411e-05,26.062435089659434,0.0,0.0,0.0,0.0,6.932607733849411e-05,26.062435089659434,0.0,0.0
329,N18,CC(C)C1=CC(C(C)C)=CC(C(C)C)=C1C2=C([P+](C3CCCCC3)([Pd-2]4(OS(C)(=O)=O)C(C=CC=C5)=C5C6=C([NH+]4C)C=CC=C6)C7CCCCC7)C=CC=C2,XPhos Pd G4,0.04582130549999999 milligram,0.05325 micromole,0.0458213055 microliter,C47H64NO3PPdS,CCC(CC#N)N1C=C(C=N1)Cl,3-(4-CHLORO-1H-PYRAZOL-1-YL)PENTANENITRILE,0.04884877200000001 milligram,0.266 micromole,0.048848772000000026 microliter,C8H10ClN3,B1(OC(C(O1)(C)C)(C)C)C2=CC=C(C=C2)N,"4-(4,4,5,5-tetramethyl-1,3,2-dioxaborolan-2-yl)aniline",0.07010976000000002 milligram,0.32000000000000006 micromole,0.07010976000000003 microliter,C12H18BNO2,[K+].[K+].[K+].[O-]P([O-])([O-])=O,K3PO4,0.42452799999999996 milligram,2.0 micromole,0.42452800000000007 microliter,K3O4P,CN1C=NC2=C1C(=O)N(C(=O)N2C)C,caffeine,0.051654806000000004 milligram,0.266 micromole,0.05165480600000002 microliter,C8H10N4O2,C1COCCO1,dioxane,11.124 milligram,126.25700860327335 micromole,10.8 microliter,C4H8O2,O,water,1.2000000000000002 milligram,66.6111573688593 micromole,1.2000000000000002 microliter,H2O,CCC(CC#N)n1cc(-c2ccc(N)cc2)cn1,suzuki_product_0,0.0 milligram,0.0 micromole,0 microliter,C14H16N4,CCC(CC#N)n1cccn1,dehalogenation_0,0.0 milligram,0.0 micromole,0 microliter,C8H11N3,Nc1ccccc1,deborylation_0,0.0 milligram,0.0 micromole,0 microliter,C6H7N,CCC(CC#N)N1C=C(C=N1)Cl.B1(OC(C(O1)(C)C)(C)C)C2=CC=C(C=C2)N>>CCC(CC#N)n1cc(-c2ccc(N)cc2)cn1.CCC(CC#N)n1cccn1.Nc1ccccc1,005_RLN-NB-2443_012_N18,7/8/2023 3:48:05 AM,005_rln-nb-2443_012_n18.raw,2min_150_1200.EXP,005_RLN-NB-2443_012_N18,005_RLN-NB-2443_012_N18,Rxn_Opt_HSST3_2_98,Analog,0.5091421638216694,0,0.5651463062537695,34.37443198750139,0.7815,1.109997062533041,0.7431,0,0,0,False,93.05784922892,1.25,deborylation_0,0,0,0,0,0,54.0417441532267,40.303642565082725,1.109997062533041,195,0.7431,0,0,0,0,0,0,0,0,0,0,24.433543566008126,20.520283785481357,0.5651463062537695,240.9,0.7815,0,0,0,0,0,0,0,0,0,0,0,0,0,0,0,0,0,0,0,0,0.0,0.0,0.0,0.0,0.0,0.0,0.0,0.0,0.0,0.00013543181557656409,50.91421638216694,0.0,0.0,0.0,0.0,0.0,0.0,0.0,0.0,0.0,0.0,0.0,0.0
330,N19,CC(C)C1=CC(C(C)C)=CC(C(C)C)=C1C2=C([P+](C3CCCCC3)([Pd-2]4(OS(C)(=O)=O)C(C=CC=C5)=C5C6=C([NH+]4C)C=CC=C6)C7CCCCC7)C=CC=C2,XPhos Pd G4,0.04582130549999999 milligram,0.05325 micromole,0.0458213055 microliter,C47H64NO3PPdS,CN1C=NC=C(C1=O)Br,"5-bromo-3-methyl-3,4-dihydropyrimidin-4-one",0.050277192 milligram,0.266 micromole,0.05027719200000001 microliter,C5H5BrN2O,B1(OC(C(O1)(C)C)(C)C)C2=CCN(CC2)C(=O)OC(C)(C)C,"N-Boc-1,2,5,6-tetrahydropyridine-4-boronic acid pinacol ester",0.09894880000000003 milligram,0.32000000000000006 micromole,0.09894880000000006 microliter,C16H28BNO4,[K+].[K+].[K+].[O-]P([O-])([O-])=O,K3PO4,0.42452799999999996 milligram,2.0 micromole,0.42452800000000007 microliter,K3O4P,CN1C=NC2=C1C(=O)N(C(=O)N2C)C,caffeine,0.051654806000000004 milligram,0.266 micromole,0.05165480600000002 microliter,C8H10N4O2,C1COCCO1,dioxane,11.124 milligram,126.25700860327335 micromole,10.8 microliter,C4H8O2,O,water,1.2000000000000002 milligram,66.6111573688593 micromole,1.2000000000000002 microliter,H2O,Cn1cncc(C2=CCN(C(=O)OC(C)(C)C)CC2)c1=O,suzuki_product_0,0.0 milligram,0.0 micromole,0 microliter,C15H21N3O3,Cn1cnccc1=O,dehalogenation_0,0.0 milligram,0.0 micromole,0 microliter,C5H6N2O,CC(C)(C)OC(=O)N1CC=CCC1,deborylation_0,0.0 milligram,0.0 micromole,0 microliter,C10H17NO2,CN1C=NC=C(C1=O)Br.B1(OC(C(O1)(C)C)(C)C)C2=CCN(CC2)C(=O)OC(C)(C)C>>Cn1cncc(C2=CCN(C(=O)OC(C)(C)C)CC2)c1=O.Cn1cnccc1=O.CC(C)(C)OC(=O)N1CC=CCC1,005_RLN-NB-2443_012_N19,7/8/2023 3:50:31 AM,005_rln-nb-2443_012_n19.raw,2min_150_1200.EXP,005_RLN-NB-2443_012_N19,005_RLN-NB-2443_012_N19,Rxn_Opt_HSST3_2_98,Analog,2.8263532765458796,0,3.6117653052334724,0,0,1.2778888383151643,0.7431,0,0,0,False,183.12592878876,1.25,deborylation_0,0,0,0,0,0,60.48339367891129,16.411862891874854,1.2778888383151643,195,0.7431,0,0,0,0,0,0,0,0,0,0,157.28599166671992,46.38572245867223,3.6117653052334724,292,1.0415,0,0,0,0,0,0,0,0,0,0,0,0,0,0,0,0,0,0,0,0,0.0,0.0,0.0,0.0,0.0,0.0,0.0,0.0,0.0,0.000751809971561204,282.63532765458797,0.0,0.0,0.0,0.0,0.0,0.0,0.0,0.0,0.0,0.0,0.0,0.0
331,N20,CC(C)C1=CC(C(C)C)=CC(C(C)C)=C1C2=C([P+](C3CCCCC3)([Pd-2]4(OS(C)(=O)=O)C(C=CC=C5)=C5C6=C([NH+]4C)C=CC=C6)C7CCCCC7)C=CC=C2,XPhos Pd G4,0.04582130549999999 milligram,0.05325 micromole,0.0458213055 microliter,C47H64NO3PPdS,CN1C=NC=C(C1=O)Br,"5-bromo-3-methyl-3,4-dihydropyrimidin-4-one",0.050277192 milligram,0.266 micromole,0.05027719200000001 microliter,C5H5BrN2O,B1(OC(C(O1)(C)C)(C)C)C2=CC=C(C=C2)N,"4-(4,4,5,5-tetramethyl-1,3,2-dioxaborolan-2-yl)aniline",0.07010976000000002 milligram,0.32000000000000006 micromole,0.07010976000000003 microliter,C12H18BNO2,[K+].[K+].[K+].[O-]P([O-])([O-])=O,K3PO4,0.42452799999999996 milligram,2.0 micromole,0.42452800000000007 microliter,K3O4P,CN1C=NC2=C1C(=O)N(C(=O)N2C)C,caffeine,0.051654806000000004 milligram,0.266 micromole,0.05165480600000002 microliter,C8H10N4O2,C1COCCO1,dioxane,11.124 milligram,126.25700860327335 micromole,10.8 microliter,C4H8O2,O,water,1.2000000000000002 milligram,66.6111573688593 micromole,1.2000000000000002 microliter,H2O,Cn1cncc(-c2ccc(N)cc2)c1=O,suzuki_product_0,0.0 milligram,0.0 micromole,0 microliter,C11H11N3O,Cn1cnccc1=O,dehalogenation_0,0.0 milligram,0.0 micromole,0 microliter,C5H6N2O,Nc1ccccc1,deborylation_0,0.0 milligram,0.0 micromole,0 microliter,C6H7N,CN1C=NC=C(C1=O)Br.B1(OC(C(O1)(C)C)(C)C)C2=CC=C(C=C2)N>>Cn1cncc(-c2ccc(N)cc2)c1=O.Cn1cnccc1=O.Nc1ccccc1,005_RLN-NB-2443_012_N20,7/8/2023 3:52:58 AM,005_rln-nb-2443_012_n20.raw,2min_150_1200.EXP,005_RLN-NB-2443_012_N20,005_RLN-NB-2443_012_N20,Rxn_Opt_HSST3_2_98,Analog,0.7781752588559397,0,0.8975818622542188,44.65843034870968,0.6181,1.153444358503287,0.7431,0,0,0,False,93.05784922892,1.25,deborylation_0,0,0,0,0,0,54.12369113668157,36.46301831134553,1.153444358503287,195,0.7431,0,0,0,0,0,0,0,0,0,0,36.09764041787539,28.37461871310018,0.8975818622542188,202,0.6181,0,0,0,0,0,0,0,0,0,0,0,0,0,0,0,0,0,0,0,0,0.0,0.0,0.0,0.0,0.0,0.0,0.0,0.0,0.0,0.00020699461885567998,77.81752588559398,0.0,0.0,0.0,0.0,0.0,0.0,0.0,0.0,0.0,0.0,0.0,0.0
332,N21,CC(C)C1=CC(C(C)C)=CC(C(C)C)=C1C2=C([P+](C3CCCCC3)([Pd-2]4(OS(C)(=O)=O)C(C=CC=C5)=C5C6=C([NH+]4C)C=CC=C6)C7CCCCC7)C=CC=C2,XPhos Pd G4,0.04582130549999999 milligram,0.05325 micromole,0.0458213055 microliter,C47H64NO3PPdS,C1CON=C1C2=CC=C(C=C2)Br,"3-(4-bromophenyl)-4,5-dihydro-1,2-oxazole",0.060135417999999996 milligram,0.266 micromole,0.06013541800000001 microliter,C9H8BrNO,B1(OC(C(O1)(C)C)(C)C)C2=CCN(CC2)C(=O)OC(C)(C)C,"N-Boc-1,2,5,6-tetrahydropyridine-4-boronic acid pinacol ester",0.09894880000000003 milligram,0.32000000000000006 micromole,0.09894880000000006 microliter,C16H28BNO4,[K+].[K+].[K+].[O-]P([O-])([O-])=O,K3PO4,0.42452799999999996 milligram,2.0 micromole,0.42452800000000007 microliter,K3O4P,CN1C=NC2=C1C(=O)N(C(=O)N2C)C,caffeine,0.051654806000000004 milligram,0.266 micromole,0.05165480600000002 microliter,C8H10N4O2,C1COCCO1,dioxane,11.124 milligram,126.25700860327335 micromole,10.8 microliter,C4H8O2,O,water,1.2000000000000002 milligram,66.6111573688593 micromole,1.2000000000000002 microliter,H2O,CC(C)(C)OC(=O)N1CC=C(c2ccc(C3=NOCC3)cc2)CC1,suzuki_product_0,0.0 milligram,0.0 micromole,0 microliter,C19H24N2O3,c1ccc(C2=NOCC2)cc1,dehalogenation_0,0.0 milligram,0.0 micromole,0 microliter,C9H9NO,CC(C)(C)OC(=O)N1CC=CCC1,deborylation_0,0.0 milligram,0.0 micromole,0 microliter,C10H17NO2,C1CON=C1C2=CC=C(C=C2)Br.B1(OC(C(O1)(C)C)(C)C)C2=CCN(CC2)C(=O)OC(C)(C)C>>CC(C)(C)OC(=O)N1CC=C(c2ccc(C3=NOCC3)cc2)CC1.c1ccc(C2=NOCC2)cc1.CC(C)(C)OC(=O)N1CC=CCC1,005_RLN-NB-2443_012_N21,7/8/2023 3:55:24 AM,005_rln-nb-2443_012_n21.raw,2min_150_1200.EXP,005_RLN-NB-2443_012_N21,005_RLN-NB-2443_012_N21,Rxn_Opt_HSST3_2_98,Analog,5.3457963688367665,0,6.0071775501838784,0,0,1.1237198605623333,0.7431,0,0,0,False,183.12592878876,1.25,deborylation_0,0,0,0,0,0,54.429464924974766,10.853158626341251,1.1237198605623333,195,0.7431,0,0,0,0,0,0,0,0,0,0,244.02930891854413,58.01877597510449,6.0071775501838784,328.9,1.3398,0,0,0,0,0,0,0,0,0,0,0,0,0,0,0,0,0,0,0,0,0.0,0.0,0.0,0.0,0.0,0.0,0.0,0.0,0.0,0.00142198183411058,534.5796368836767,0.0,0.0,0.0,0.0,0.0,0.0,0.0,0.0,0.0,0.0,0.0,0.0
333,N22,CC(C)C1=CC(C(C)C)=CC(C(C)C)=C1C2=C([P+](C3CCCCC3)([Pd-2]4(OS(C)(=O)=O)C(C=CC=C5)=C5C6=C([NH+]4C)C=CC=C6)C7CCCCC7)C=CC=C2,XPhos Pd G4,0.04582130549999999 milligram,0.05325 micromole,0.0458213055 microliter,C47H64NO3PPdS,C1CON=C1C2=CC=C(C=C2)Br,"3-(4-bromophenyl)-4,5-dihydro-1,2-oxazole",0.060135417999999996 milligram,0.266 micromole,0.06013541800000001 microliter,C9H8BrNO,B1(OC(C(O1)(C)C)(C)C)C2=CC=C(C=C2)N,"4-(4,4,5,5-tetramethyl-1,3,2-dioxaborolan-2-yl)aniline",0.07010976000000002 milligram,0.32000000000000006 micromole,0.07010976000000003 microliter,C12H18BNO2,[K+].[K+].[K+].[O-]P([O-])([O-])=O,K3PO4,0.42452799999999996 milligram,2.0 micromole,0.42452800000000007 microliter,K3O4P,CN1C=NC2=C1C(=O)N(C(=O)N2C)C,caffeine,0.051654806000000004 milligram,0.266 micromole,0.05165480600000002 microliter,C8H10N4O2,C1COCCO1,dioxane,11.124 milligram,126.25700860327335 micromole,10.8 microliter,C4H8O2,O,water,1.2000000000000002 milligram,66.6111573688593 micromole,1.2000000000000002 microliter,H2O,Nc1ccc(-c2ccc(C3=NOCC3)cc2)cc1,suzuki_product_0,0.0 milligram,0.0 micromole,0 microliter,C15H14N2O,c1ccc(C2=NOCC2)cc1,dehalogenation_0,0.0 milligram,0.0 micromole,0 microliter,C9H9NO,Nc1ccccc1,deborylation_0,0.0 milligram,0.0 micromole,0 microliter,C6H7N,C1CON=C1C2=CC=C(C=C2)Br.B1(OC(C(O1)(C)C)(C)C)C2=CC=C(C=C2)N>>Nc1ccc(-c2ccc(C3=NOCC3)cc2)cc1.c1ccc(C2=NOCC2)cc1.Nc1ccccc1,005_RLN-NB-2443_012_N22,7/8/2023 3:57:51 AM,005_rln-nb-2443_012_n22.raw,2min_150_1200.EXP,005_RLN-NB-2443_012_N22,005_RLN-NB-2443_012_N22,Rxn_Opt_HSST3_2_98,Analog,2.3567584049287076,0,2.7755924394266738,47.55405014546014,0.9565,1.1777161518219497,0.7415,0,0,0,False,93.05784922892,1.25,deborylation_0,0,0,0,0,0,55.073377306046176,16.789912264657147,1.1777161518219497,195,0.7415,0,0,0,0,0,0,0,0,0,0,112.39685520987646,39.56976684774632,2.7755924394266738,239,0.9565,0,0,0,0,0,0,0,0,0,0,0,0,0,0,0,0,0,0,0,0,0.0,0.0,0.0,0.0,0.0,0.0,0.0,0.0,0.0,0.0006268977357110362,235.67584049287075,0.0,0.0,0.0,0.0,0.0,0.0,0.0,0.0,0.0,0.0,0.0,0.0
334,N23,CC(C)C1=CC(C(C)C)=CC(C(C)C)=C1C2=C([P+](C3CCCCC3)([Pd-2]4(OS(C)(=O)=O)C(C=CC=C5)=C5C6=C([NH+]4C)C=CC=C6)C7CCCCC7)C=CC=C2,XPhos Pd G4,0.04582130549999999 milligram,0.05325 micromole,0.0458213055 microliter,C47H64NO3PPdS,C1CON=C1C2=CC=C(C=C2)Br,"3-(4-bromophenyl)-4,5-dihydro-1,2-oxazole",0.060135417999999996 milligram,0.266 micromole,0.06013541800000001 microliter,C9H8BrNO,B1(OC(C(O1)(C)C)(C)C)C2=CCN(CC2)C(=O)OC(C)(C)C,"N-Boc-1,2,5,6-tetrahydropyridine-4-boronic acid pinacol ester",0.09894880000000003 milligram,0.32000000000000006 micromole,0.09894880000000006 microliter,C16H28BNO4,[K+].[K+].[K+].[O-]P([O-])([O-])=O,K3PO4,0.42452799999999996 milligram,2.0 micromole,0.42452800000000007 microliter,K3O4P,CN1C=NC2=C1C(=O)N(C(=O)N2C)C,caffeine,0.051654806000000004 milligram,0.266 micromole,0.05165480600000002 microliter,C8H10N4O2,C1COCCO1,dioxane,11.124 milligram,126.25700860327335 micromole,10.8 microliter,C4H8O2,O,water,1.2000000000000002 milligram,66.6111573688593 micromole,1.2000000000000002 microliter,H2O,CC(C)(C)OC(=O)N1CC=C(c2ccc(C3=NOCC3)cc2)CC1,suzuki_product_0,0.0 milligram,0.0 micromole,0 microliter,C19H24N2O3,c1ccc(C2=NOCC2)cc1,dehalogenation_0,0.0 milligram,0.0 micromole,0 microliter,C9H9NO,CC(C)(C)OC(=O)N1CC=CCC1,deborylation_0,0.0 milligram,0.0 micromole,0 microliter,C10H17NO2,C1CON=C1C2=CC=C(C=C2)Br.B1(OC(C(O1)(C)C)(C)C)C2=CCN(CC2)C(=O)OC(C)(C)C>>CC(C)(C)OC(=O)N1CC=C(c2ccc(C3=NOCC3)cc2)CC1.c1ccc(C2=NOCC2)cc1.CC(C)(C)OC(=O)N1CC=CCC1,005_RLN-NB-2443_012_N23,7/8/2023 4:00:17 AM,005_rln-nb-2443_012_n23.raw,2min_150_1200.EXP,005_RLN-NB-2443_012_N23,005_RLN-NB-2443_012_N23,Rxn_Opt_HSST3_2_98,Analog,5.65507164279028,0,5.384584994782691,0,0,0.9521691916401385,0.7398,0,0,0,False,183.12592878876,1.25,deborylation_0,0,0,0,0,0,44.435813137177554,9.841978712551835,0.9521691916401385,195,0.7398,0,0,0,0,0,0,0,0,0,0,225.61359869061096,55.65709472629747,5.384584994782691,229,1.3381,0,0,0,0,0,0,0,0,0,0,0,0,0,0,0,0,0,0,0,0,0.0,0.0,0.0,0.0,0.0,0.0,0.0,0.0,0.0,0.0015042490569822146,565.507164279028,0.0,0.0,0.0,0.0,0.0,0.0,0.0,0.0,0.0,0.0,0.0,0.0
335,N24,CC(C)C1=CC(C(C)C)=CC(C(C)C)=C1C2=C([P+](C3CCCCC3)([Pd-2]4(OS(C)(=O)=O)C(C=CC=C5)=C5C6=C([NH+]4C)C=CC=C6)C7CCCCC7)C=CC=C2,XPhos Pd G4,0.04582130549999999 milligram,0.05325 micromole,0.0458213055 microliter,C47H64NO3PPdS,C1CON=C1C2=CC=C(C=C2)Br,"3-(4-bromophenyl)-4,5-dihydro-1,2-oxazole",0.060135417999999996 milligram,0.266 micromole,0.06013541800000001 microliter,C9H8BrNO,B1(OC(C(O1)(C)C)(C)C)C2=CC=C(C=C2)N,"4-(4,4,5,5-tetramethyl-1,3,2-dioxaborolan-2-yl)aniline",0.07010976000000002 milligram,0.32000000000000006 micromole,0.07010976000000003 microliter,C12H18BNO2,[K+].[K+].[K+].[O-]P([O-])([O-])=O,K3PO4,0.42452799999999996 milligram,2.0 micromole,0.42452800000000007 microliter,K3O4P,CN1C=NC2=C1C(=O)N(C(=O)N2C)C,caffeine,0.051654806000000004 milligram,0.266 micromole,0.05165480600000002 microliter,C8H10N4O2,C1COCCO1,dioxane,11.124 milligram,126.25700860327335 micromole,10.8 microliter,C4H8O2,O,water,1.2000000000000002 milligram,66.6111573688593 micromole,1.2000000000000002 microliter,H2O,Nc1ccc(-c2ccc(C3=NOCC3)cc2)cc1,suzuki_product_0,0.0 milligram,0.0 micromole,0 microliter,C15H14N2O,c1ccc(C2=NOCC2)cc1,dehalogenation_0,0.0 milligram,0.0 micromole,0 microliter,C9H9NO,Nc1ccccc1,deborylation_0,0.0 milligram,0.0 micromole,0 microliter,C6H7N,C1CON=C1C2=CC=C(C=C2)Br.B1(OC(C(O1)(C)C)(C)C)C2=CC=C(C=C2)N>>Nc1ccc(-c2ccc(C3=NOCC3)cc2)cc1.c1ccc(C2=NOCC2)cc1.Nc1ccccc1,005_RLN-NB-2443_012_N24,7/8/2023 4:02:43 AM,005_rln-nb-2443_012_n24.raw,2min_150_1200.EXP,005_RLN-NB-2443_012_N24,005_RLN-NB-2443_012_N24,Rxn_Opt_HSST3_2_98,Analog,1.886195651538939,0,2.931492265102871,44.74365710599677,0.9565,1.5541824957082682,0.7431,0,0,0,False,93.05784922892,1.25,deborylation_0,0,0,0,0,0,72.57240410623501,19.173397021475346,1.5541824957082682,195,0.7431,0,0,0,0,0,0,0,0,0,0,116.43089946838577,36.16477808713644,2.931492265102871,239.1,0.9565,0,0,0,0,0,0,0,0,0,0,0,0,0,0,0,0,0,0,0,0,0.0,0.0,0.0,0.0,0.0,0.0,0.0,0.0,0.0,0.0005017280433093578,188.61956515389392,0.0,0.0,0.0,0.0,0.0,0.0,0.0,0.0,0.0,0.0,0.0,0.0
336,O1,CC(C)C1=CC(C(C)C)=CC(C(C)C)=C1C2=C([P+](C3CCCCC3)([Pd-2]4(OS(C)(=O)=O)C(C=CC=C5)=C5C6=C([NH+]4C)C=CC=C6)C7CCCCC7)C=CC=C2,XPhos Pd G4,0.04582130549999999 milligram,0.05325 micromole,0.0458213055 microliter,C47H64NO3PPdS,C1=CC=C(C=C1)OCCC(C2=CC=C(C=C2)Cl)N.Cl,1-(1-amino-3-phenoxypropyl)-4-chlorobenzene hydrochloride,0.079324658 milligram,0.266 micromole,0.07932465800000002 microliter,C15H17Cl2NO,O=C(O)C1=CC=CC(B2OC(C)(C)C(C)(C)O2)=C1,"3-(tetramethyl-1,3,2-dioxaborolan-2-yl)benzoic acid",0.07938784 milligram,0.32000000000000006 micromole,0.07938784000000002 microliter,C13H17BO4,[Na+].[Na+].[O-]C([O-])=O,Na2CO3,0.21197599999999997 milligram,2.0 micromole,0.21197600000000003 microliter,CNa2O3,CN1C=NC2=C1C(=O)N(C(=O)N2C)C,caffeine,0.051654806000000004 milligram,0.266 micromole,0.05165480600000002 microliter,C8H10N4O2,O=CN(C)C,DMF,10.26 milligram,140.365278062795 micromole,10.8 microliter,C3H7NO,O,water,1.2000000000000002 milligram,66.6111573688593 micromole,1.2000000000000002 microliter,H2O,NC(CCOc1ccccc1)c1ccc(-c2cccc(C(=O)O)c2)cc1,suzuki_product_0,0.0 milligram,0.0 micromole,0 microliter,C22H21NO3,NC(CCOc1ccccc1)c1ccccc1,dehalogenation_0,0.0 milligram,0.0 micromole,0 microliter,C15H17NO,O=C(O)c1ccccc1,deborylation_0,0.0 milligram,0.0 micromole,0 microliter,C7H6O2,C1=CC=C(C=C1)OCCC(C2=CC=C(C=C2)Cl)N.Cl.O=C(O)C1=CC=CC(B2OC(C)(C)C(C)(C)O2)=C1>>NC(CCOc1ccccc1)c1ccc(-c2cccc(C(=O)O)c2)cc1.NC(CCOc1ccccc1)c1ccccc1.O=C(O)c1ccccc1,005_RLN-NB-2443_012_O1,7/8/2023 4:05:10 AM,005_rln-nb-2443_012_o1.raw,2min_150_1200.EXP,005_RLN-NB-2443_012_O1,005_RLN-NB-2443_012_O1,Rxn_Opt_HSST3_2_98,Analog,0,0,0,0,0,0.5280395984874374,0.7398,0,0,0,False,122.03677943156,1.25,deborylation_0,0,0,0,0,0,26.596315995246965,8.85795361754008,0.5280395984874374,195,0.7398,0,0,0,0,0,0,0,0,0,0,0,0,0,0,0,0,0,0,0,0,0,0,0,0,0,0,0,0,0,0,0,0,0,0,0,0.0,0.0,0.0,0.0,0.0,0.0,0.0,0.0,0.0,0.0,0.0,0.0,0.0,0.0,0.0,0.0,0.0,0.0,0.0,0.0,0.0,0.0,0.0
337,O2,CC(C)C1=CC(C(C)C)=CC(C(C)C)=C1C2=C([P+](C3CCCCC3)([Pd-2]4(OS(C)(=O)=O)C(C=CC=C5)=C5C6=C([NH+]4C)C=CC=C6)C7CCCCC7)C=CC=C2,XPhos Pd G4,0.04582130549999999 milligram,0.05325 micromole,0.0458213055 microliter,C47H64NO3PPdS,C1=CC=C(C=C1)OCCC(C2=CC=C(C=C2)Cl)N.Cl,1-(1-amino-3-phenoxypropyl)-4-chlorobenzene hydrochloride,0.079324658 milligram,0.266 micromole,0.07932465800000002 microliter,C15H17Cl2NO,O=C(O)C1=CC=CC(B2OC(C)(C)C(C)(C)O2)=C1,"3-(tetramethyl-1,3,2-dioxaborolan-2-yl)benzoic acid",0.07938784 milligram,0.32000000000000006 micromole,0.07938784000000002 microliter,C13H17BO4,[K+].[K+].[K+].[O-]P([O-])([O-])=O,K3PO4,0.42452799999999996 milligram,2.0 micromole,0.42452800000000007 microliter,K3O4P,CN1C=NC2=C1C(=O)N(C(=O)N2C)C,caffeine,0.051654806000000004 milligram,0.266 micromole,0.05165480600000002 microliter,C8H10N4O2,O=CN(C)C,DMF,10.26 milligram,140.365278062795 micromole,10.8 microliter,C3H7NO,O,water,1.2000000000000002 milligram,66.6111573688593 micromole,1.2000000000000002 microliter,H2O,NC(CCOc1ccccc1)c1ccc(-c2cccc(C(=O)O)c2)cc1,suzuki_product_0,0.0 milligram,0.0 micromole,0 microliter,C22H21NO3,NC(CCOc1ccccc1)c1ccccc1,dehalogenation_0,0.0 milligram,0.0 micromole,0 microliter,C15H17NO,O=C(O)c1ccccc1,deborylation_0,0.0 milligram,0.0 micromole,0 microliter,C7H6O2,C1=CC=C(C=C1)OCCC(C2=CC=C(C=C2)Cl)N.Cl.O=C(O)C1=CC=CC(B2OC(C)(C)C(C)(C)O2)=C1>>NC(CCOc1ccccc1)c1ccc(-c2cccc(C(=O)O)c2)cc1.NC(CCOc1ccccc1)c1ccccc1.O=C(O)c1ccccc1,005_RLN-NB-2443_012_O2,7/8/2023 4:07:36 AM,005_rln-nb-2443_012_o2.raw,2min_150_1200.EXP,005_RLN-NB-2443_012_O2,005_RLN-NB-2443_012_O2,Rxn_Opt_HSST3_2_98,Analog,1.2083511795735078,0,1.5057203983475227,35.270149778815025,0.9465,1.246095029161119,0.7431,0,0,0,False,122.03677943156,1.25,deborylation_0,0,0,0,0,0,48.381412902022376,22.59382421253411,1.246095029161119,194.8,0.7431,0,0,0,0,0,0,0,0,0,0,59.44712302374367,27.30127413829207,1.5057203983475227,331,0.9465,0,0,0,0,0,0,0,0,0,0,0,0,0,0,0,0,0,0,0,0,0.0,0.0,0.0,0.0,0.0,0.0,0.0,0.0,0.0,0.0003214214137665531,120.83511795735077,0.0,0.0,0.0,0.0,0.0,0.0,0.0,0.0,0.0,0.0,0.0,0.0
338,O3,CC(C)C1=CC(C(C)C)=CC(C(C)C)=C1C2=C([P+](C3CCCCC3)([Pd-2]4(OS(C)(=O)=O)C(C=CC=C5)=C5C6=C([NH+]4C)C=CC=C6)C7CCCCC7)C=CC=C2,XPhos Pd G4,0.04582130549999999 milligram,0.05325 micromole,0.0458213055 microliter,C47H64NO3PPdS,C1=CC=C(C=C1)OCCC(C2=CC=C(C=C2)Cl)N.Cl,1-(1-amino-3-phenoxypropyl)-4-chlorobenzene hydrochloride,0.079324658 milligram,0.266 micromole,0.07932465800000002 microliter,C15H17Cl2NO,O=C(O)C1=CC=CC(B2OC(C)(C)C(C)(C)O2)=C1,"3-(tetramethyl-1,3,2-dioxaborolan-2-yl)benzoic acid",0.07938784 milligram,0.32000000000000006 micromole,0.07938784000000002 microliter,C13H17BO4,[Na+].C[Si](C)(C)[O-],NaOTMS,0.22435999999999995 milligram,2.0 micromole,0.22436 microliter,C3H9NaOSi,CN1C=NC2=C1C(=O)N(C(=O)N2C)C,caffeine,0.051654806000000004 milligram,0.266 micromole,0.05165480600000002 microliter,C8H10N4O2,O=CN(C)C,DMF,10.26 milligram,140.365278062795 micromole,10.8 microliter,C3H7NO,O,water,1.2000000000000002 milligram,66.6111573688593 micromole,1.2000000000000002 microliter,H2O,NC(CCOc1ccccc1)c1ccc(-c2cccc(C(=O)O)c2)cc1,suzuki_product_0,0.0 milligram,0.0 micromole,0 microliter,C22H21NO3,NC(CCOc1ccccc1)c1ccccc1,dehalogenation_0,0.0 milligram,0.0 micromole,0 microliter,C15H17NO,O=C(O)c1ccccc1,deborylation_0,0.0 milligram,0.0 micromole,0 microliter,C7H6O2,C1=CC=C(C=C1)OCCC(C2=CC=C(C=C2)Cl)N.Cl.O=C(O)C1=CC=CC(B2OC(C)(C)C(C)(C)O2)=C1>>NC(CCOc1ccccc1)c1ccc(-c2cccc(C(=O)O)c2)cc1.NC(CCOc1ccccc1)c1ccccc1.O=C(O)c1ccccc1,005_RLN-NB-2443_012_O3,7/8/2023 4:10:03 AM,005_rln-nb-2443_012_o3.raw,2min_150_1200.EXP,005_RLN-NB-2443_012_O3,005_RLN-NB-2443_012_O3,Rxn_Opt_HSST3_2_98,Analog,0,0,0,0,0,1.1963832000697472,0.7415,0,0,0,False,122.03677943156,1.25,deborylation_0,0,0,0,0,0,57.579767502382786,13.151793977281862,1.1963832000697472,194.9,0.7415,0,0,0,0,0,0,0,0,0,0,0,0,0,0,0,0,0,0,0,0,0,0,0,0,0,0,0,0,0,0,0,0,0,0,0,0.0,0.0,0.0,0.0,0.0,0.0,0.0,0.0,0.0,0.0,0.0,0.0,0.0,0.0,0.0,0.0,0.0,0.0,0.0,0.0,0.0,0.0,0.0
339,O4,CC(C)(C)[P+]([Pd-2]1(C2=C(C3=C(C=CC=C3)[NH+]1C)C=CC=C2)OS(C)(=O)=O)(C(C)(C)C)C(C)(C)C,PtBu3 Pd G4,0.03120913275 milligram,0.05325 micromole,0.031209132750000007 microliter,C26H42NO3PPdS,C1=CC=C(C=C1)OCCC(C2=CC=C(C=C2)Cl)N.Cl,1-(1-amino-3-phenoxypropyl)-4-chlorobenzene hydrochloride,0.079324658 milligram,0.266 micromole,0.07932465800000002 microliter,C15H17Cl2NO,O=C(O)C1=CC=CC(B2OC(C)(C)C(C)(C)O2)=C1,"3-(tetramethyl-1,3,2-dioxaborolan-2-yl)benzoic acid",0.07938784 milligram,0.32000000000000006 micromole,0.07938784000000002 microliter,C13H17BO4,[Na+].[Na+].[O-]C([O-])=O,Na2CO3,0.21197599999999997 milligram,2.0 micromole,0.21197600000000003 microliter,CNa2O3,CN1C=NC2=C1C(=O)N(C(=O)N2C)C,caffeine,0.051654806000000004 milligram,0.266 micromole,0.05165480600000002 microliter,C8H10N4O2,O=CN(C)C,DMF,10.26 milligram,140.365278062795 micromole,10.8 microliter,C3H7NO,O,water,1.2000000000000002 milligram,66.6111573688593 micromole,1.2000000000000002 microliter,H2O,NC(CCOc1ccccc1)c1ccc(-c2cccc(C(=O)O)c2)cc1,suzuki_product_0,0.0 milligram,0.0 micromole,0 microliter,C22H21NO3,NC(CCOc1ccccc1)c1ccccc1,dehalogenation_0,0.0 milligram,0.0 micromole,0 microliter,C15H17NO,O=C(O)c1ccccc1,deborylation_0,0.0 milligram,0.0 micromole,0 microliter,C7H6O2,C1=CC=C(C=C1)OCCC(C2=CC=C(C=C2)Cl)N.Cl.O=C(O)C1=CC=CC(B2OC(C)(C)C(C)(C)O2)=C1>>NC(CCOc1ccccc1)c1ccc(-c2cccc(C(=O)O)c2)cc1.NC(CCOc1ccccc1)c1ccccc1.O=C(O)c1ccccc1,005_RLN-NB-2443_012_O4,7/8/2023 4:12:29 AM,005_rln-nb-2443_012_o4.raw,2min_150_1200.EXP,005_RLN-NB-2443_012_O4,005_RLN-NB-2443_012_O4,Rxn_Opt_HSST3_2_98,Analog,2.7815361941058505,0,1.5506335046836035,23.874481178837147,1.0948,0.5574737830014355,0.7415,0,0,0,False,122.03677943156,1.25,deborylation_0,0,0,0,0,0,28.376055515209114,7.9047218229843415,0.5574737830014355,195,0.7415,0,0,0,0,0,0,0,0,0,0,54.31963761850901,21.98726985496932,1.5506335046836035,347.9,1.0948,0,0,0,0,0,0,0,0,0,0,0,0,0,0,0,0,0,0,0,0,0.0,0.0,0.0,0.0,0.0,0.0,0.0,0.0,0.0,0.0007398886276321563,278.15361941058507,0.0,0.0,0.0,0.0,0.0,0.0,0.0,0.0,0.0,0.0,0.0,0.0
340,O5,CC(C)(C)[P+]([Pd-2]1(C2=C(C3=C(C=CC=C3)[NH+]1C)C=CC=C2)OS(C)(=O)=O)(C(C)(C)C)C(C)(C)C,PtBu3 Pd G4,0.03120913275 milligram,0.05325 micromole,0.031209132750000007 microliter,C26H42NO3PPdS,C1=CC=C(C=C1)OCCC(C2=CC=C(C=C2)Cl)N.Cl,1-(1-amino-3-phenoxypropyl)-4-chlorobenzene hydrochloride,0.079324658 milligram,0.266 micromole,0.07932465800000002 microliter,C15H17Cl2NO,O=C(O)C1=CC=CC(B2OC(C)(C)C(C)(C)O2)=C1,"3-(tetramethyl-1,3,2-dioxaborolan-2-yl)benzoic acid",0.07938784 milligram,0.32000000000000006 micromole,0.07938784000000002 microliter,C13H17BO4,[K+].[K+].[K+].[O-]P([O-])([O-])=O,K3PO4,0.42452799999999996 milligram,2.0 micromole,0.42452800000000007 microliter,K3O4P,CN1C=NC2=C1C(=O)N(C(=O)N2C)C,caffeine,0.051654806000000004 milligram,0.266 micromole,0.05165480600000002 microliter,C8H10N4O2,O=CN(C)C,DMF,10.26 milligram,140.365278062795 micromole,10.8 microliter,C3H7NO,O,water,1.2000000000000002 milligram,66.6111573688593 micromole,1.2000000000000002 microliter,H2O,NC(CCOc1ccccc1)c1ccc(-c2cccc(C(=O)O)c2)cc1,suzuki_product_0,0.0 milligram,0.0 micromole,0 microliter,C22H21NO3,NC(CCOc1ccccc1)c1ccccc1,dehalogenation_0,0.0 milligram,0.0 micromole,0 microliter,C15H17NO,O=C(O)c1ccccc1,deborylation_0,0.0 milligram,0.0 micromole,0 microliter,C7H6O2,C1=CC=C(C=C1)OCCC(C2=CC=C(C=C2)Cl)N.Cl.O=C(O)C1=CC=CC(B2OC(C)(C)C(C)(C)O2)=C1>>NC(CCOc1ccccc1)c1ccc(-c2cccc(C(=O)O)c2)cc1.NC(CCOc1ccccc1)c1ccccc1.O=C(O)c1ccccc1,005_RLN-NB-2443_012_O5,7/8/2023 4:14:55 AM,005_rln-nb-2443_012_o5.raw,2min_150_1200.EXP,005_RLN-NB-2443_012_O5,005_RLN-NB-2443_012_O5,Rxn_Opt_HSST3_2_98,Analog,0.933307109789409,0,0.7713772023044989,1.2494618574757212,0.8931,0.8264987957485421,0.7415,0,0,0,False,122.03677943156,1.25,deborylation_0,0,0,0,0,0,40.44548691942164,10.245063904660325,0.8264987957485421,194.9,0.7415,0,0,0,0,0,4.26273527918857,1.1214536917129776,0.09047089743060646,178.8,0.8931,26.75018241078333,9.561790982466324,0.7713772023044989,348,1.0948,0,0,0,0,0,0,0,0,0,0,0,0,0,0,0,0,0,0,0,0,0.0,0.0,0.0,0.0,0.0,0.0,0.0,0.0,0.0,0.0002482596912039828,93.3307109789409,2.9117112862512924e-05,10.946283031019895,0.0,0.0,0.0,0.0,0.0,0.0,0.0,0.0,0.0,0.0
341,O6,CC(C)(C)[P+]([Pd-2]1(C2=C(C3=C(C=CC=C3)[NH+]1C)C=CC=C2)OS(C)(=O)=O)(C(C)(C)C)C(C)(C)C,PtBu3 Pd G4,0.03120913275 milligram,0.05325 micromole,0.031209132750000007 microliter,C26H42NO3PPdS,C1=CC=C(C=C1)OCCC(C2=CC=C(C=C2)Cl)N.Cl,1-(1-amino-3-phenoxypropyl)-4-chlorobenzene hydrochloride,0.079324658 milligram,0.266 micromole,0.07932465800000002 microliter,C15H17Cl2NO,O=C(O)C1=CC=CC(B2OC(C)(C)C(C)(C)O2)=C1,"3-(tetramethyl-1,3,2-dioxaborolan-2-yl)benzoic acid",0.07938784 milligram,0.32000000000000006 micromole,0.07938784000000002 microliter,C13H17BO4,[Na+].C[Si](C)(C)[O-],NaOTMS,0.22435999999999995 milligram,2.0 micromole,0.22436 microliter,C3H9NaOSi,CN1C=NC2=C1C(=O)N(C(=O)N2C)C,caffeine,0.051654806000000004 milligram,0.266 micromole,0.05165480600000002 microliter,C8H10N4O2,O=CN(C)C,DMF,10.26 milligram,140.365278062795 micromole,10.8 microliter,C3H7NO,O,water,1.2000000000000002 milligram,66.6111573688593 micromole,1.2000000000000002 microliter,H2O,NC(CCOc1ccccc1)c1ccc(-c2cccc(C(=O)O)c2)cc1,suzuki_product_0,0.0 milligram,0.0 micromole,0 microliter,C22H21NO3,NC(CCOc1ccccc1)c1ccccc1,dehalogenation_0,0.0 milligram,0.0 micromole,0 microliter,C15H17NO,O=C(O)c1ccccc1,deborylation_0,0.0 milligram,0.0 micromole,0 microliter,C7H6O2,C1=CC=C(C=C1)OCCC(C2=CC=C(C=C2)Cl)N.Cl.O=C(O)C1=CC=CC(B2OC(C)(C)C(C)(C)O2)=C1>>NC(CCOc1ccccc1)c1ccc(-c2cccc(C(=O)O)c2)cc1.NC(CCOc1ccccc1)c1ccccc1.O=C(O)c1ccccc1,005_RLN-NB-2443_012_O6,7/8/2023 4:17:21 AM,005_rln-nb-2443_012_o6.raw,2min_150_1200.EXP,005_RLN-NB-2443_012_O6,005_RLN-NB-2443_012_O6,Rxn_Opt_HSST3_2_98,Analog,3.0269580730039594,0,2.5941210441215437,0,0,0.857005938488977,0.7431,0,0,0,False,122.03677943156,1.25,deborylation_0,0,0,0,0,0,42.33868703014894,8.997568514812805,0.857005938488977,195,0.7431,0,0,0,0,0,0,0,0,0,0,83.27549248611294,27.23526265331887,2.5941210441215437,347.8,1.0948,0,0,0,0,0,0,0,0,0,0,0,0,0,0,0,0,0,0,0,0,0.0,0.0,0.0,0.0,0.0,0.0,0.0,0.0,0.0,0.0008051708474190532,302.6958073003959,0.0,0.0,0.0,0.0,0.0,0.0,0.0,0.0,0.0,0.0,0.0,0.0
342,O7,CC(C1=CC=CC(C(C)C)=C1C2=C(C(OC(C)(C)C)=CC=C2OC)[P+]([Pd-2]3(C4=C(C5=C(C=CC=C5)[NH+]3C)C=CC=C4)OS(C)(=O)=O)(C6CCCCC6)C7CCCCC7)C,GPhos Pd G4,0.049019074499999975 milligram,0.05325 micromole,0.04901907449999999 microliter,C49H68NO5PPdS,C1=CC=C(C=C1)OCCC(C2=CC=C(C=C2)Cl)N.Cl,1-(1-amino-3-phenoxypropyl)-4-chlorobenzene hydrochloride,0.079324658 milligram,0.266 micromole,0.07932465800000002 microliter,C15H17Cl2NO,O=C(O)C1=CC=CC(B2OC(C)(C)C(C)(C)O2)=C1,"3-(tetramethyl-1,3,2-dioxaborolan-2-yl)benzoic acid",0.07938784 milligram,0.32000000000000006 micromole,0.07938784000000002 microliter,C13H17BO4,[Na+].[Na+].[O-]C([O-])=O,Na2CO3,0.21197599999999997 milligram,2.0 micromole,0.21197600000000003 microliter,CNa2O3,CN1C=NC2=C1C(=O)N(C(=O)N2C)C,caffeine,0.051654806000000004 milligram,0.266 micromole,0.05165480600000002 microliter,C8H10N4O2,O=CN(C)C,DMF,10.26 milligram,140.365278062795 micromole,10.8 microliter,C3H7NO,O,water,1.2000000000000002 milligram,66.6111573688593 micromole,1.2000000000000002 microliter,H2O,NC(CCOc1ccccc1)c1ccc(-c2cccc(C(=O)O)c2)cc1,suzuki_product_0,0.0 milligram,0.0 micromole,0 microliter,C22H21NO3,NC(CCOc1ccccc1)c1ccccc1,dehalogenation_0,0.0 milligram,0.0 micromole,0 microliter,C15H17NO,O=C(O)c1ccccc1,deborylation_0,0.0 milligram,0.0 micromole,0 microliter,C7H6O2,C1=CC=C(C=C1)OCCC(C2=CC=C(C=C2)Cl)N.Cl.O=C(O)C1=CC=CC(B2OC(C)(C)C(C)(C)O2)=C1>>NC(CCOc1ccccc1)c1ccc(-c2cccc(C(=O)O)c2)cc1.NC(CCOc1ccccc1)c1ccccc1.O=C(O)c1ccccc1,005_RLN-NB-2443_012_O7,7/8/2023 4:19:47 AM,005_rln-nb-2443_012_o7.raw,2min_150_1200.EXP,005_RLN-NB-2443_012_O7,005_RLN-NB-2443_012_O7,Rxn_Opt_HSST3_2_98,Analog,0,0,0,0,0,0.5477921713065729,0.7415,0,0,0,False,122.03677943156,1.25,deborylation_0,0,0,0,0,0,26.63518361093402,8.81013106308766,0.5477921713065729,194.8,0.7415,0,0,0,0,0,0,0,0,0,0,0,0,0,0,0,0,0,0,0,0,0,0,0,0,0,0,0,0,0,0,0,0,0,0,0,0.0,0.0,0.0,0.0,0.0,0.0,0.0,0.0,0.0,0.0,0.0,0.0,0.0,0.0,0.0,0.0,0.0,0.0,0.0,0.0,0.0,0.0,0.0
343,O8,CC(C1=CC=CC(C(C)C)=C1C2=C(C(OC(C)(C)C)=CC=C2OC)[P+]([Pd-2]3(C4=C(C5=C(C=CC=C5)[NH+]3C)C=CC=C4)OS(C)(=O)=O)(C6CCCCC6)C7CCCCC7)C,GPhos Pd G4,0.049019074499999975 milligram,0.05325 micromole,0.04901907449999999 microliter,C49H68NO5PPdS,C1=CC=C(C=C1)OCCC(C2=CC=C(C=C2)Cl)N.Cl,1-(1-amino-3-phenoxypropyl)-4-chlorobenzene hydrochloride,0.079324658 milligram,0.266 micromole,0.07932465800000002 microliter,C15H17Cl2NO,O=C(O)C1=CC=CC(B2OC(C)(C)C(C)(C)O2)=C1,"3-(tetramethyl-1,3,2-dioxaborolan-2-yl)benzoic acid",0.07938784 milligram,0.32000000000000006 micromole,0.07938784000000002 microliter,C13H17BO4,[K+].[K+].[K+].[O-]P([O-])([O-])=O,K3PO4,0.42452799999999996 milligram,2.0 micromole,0.42452800000000007 microliter,K3O4P,CN1C=NC2=C1C(=O)N(C(=O)N2C)C,caffeine,0.051654806000000004 milligram,0.266 micromole,0.05165480600000002 microliter,C8H10N4O2,O=CN(C)C,DMF,10.26 milligram,140.365278062795 micromole,10.8 microliter,C3H7NO,O,water,1.2000000000000002 milligram,66.6111573688593 micromole,1.2000000000000002 microliter,H2O,NC(CCOc1ccccc1)c1ccc(-c2cccc(C(=O)O)c2)cc1,suzuki_product_0,0.0 milligram,0.0 micromole,0 microliter,C22H21NO3,NC(CCOc1ccccc1)c1ccccc1,dehalogenation_0,0.0 milligram,0.0 micromole,0 microliter,C15H17NO,O=C(O)c1ccccc1,deborylation_0,0.0 milligram,0.0 micromole,0 microliter,C7H6O2,C1=CC=C(C=C1)OCCC(C2=CC=C(C=C2)Cl)N.Cl.O=C(O)C1=CC=CC(B2OC(C)(C)C(C)(C)O2)=C1>>NC(CCOc1ccccc1)c1ccc(-c2cccc(C(=O)O)c2)cc1.NC(CCOc1ccccc1)c1ccccc1.O=C(O)c1ccccc1,005_RLN-NB-2443_012_O8,7/8/2023 4:22:14 AM,005_rln-nb-2443_012_o8.raw,2min_150_1200.EXP,005_RLN-NB-2443_012_O8,005_RLN-NB-2443_012_O8,Rxn_Opt_HSST3_2_98,Analog,0,0,0,0,0,0.6459693592939603,0.7415,0,0,0,False,122.03677943156,1.25,deborylation_0,0,0,0,0,0,31.042153217862293,10.36931254943787,0.6459693592939603,194.9,0.7415,0,0,0,0,0,0,0,0,0,0,0,0,0,0,0,0,0,0,0,0,0,0,0,0,0,0,0,0,0,0,0,0,0,0,0,0.0,0.0,0.0,0.0,0.0,0.0,0.0,0.0,0.0,0.0,0.0,0.0,0.0,0.0,0.0,0.0,0.0,0.0,0.0,0.0,0.0,0.0,0.0
344,O9,CC(C1=CC=CC(C(C)C)=C1C2=C(C(OC(C)(C)C)=CC=C2OC)[P+]([Pd-2]3(C4=C(C5=C(C=CC=C5)[NH+]3C)C=CC=C4)OS(C)(=O)=O)(C6CCCCC6)C7CCCCC7)C,GPhos Pd G4,0.049019074499999975 milligram,0.05325 micromole,0.04901907449999999 microliter,C49H68NO5PPdS,C1=CC=C(C=C1)OCCC(C2=CC=C(C=C2)Cl)N.Cl,1-(1-amino-3-phenoxypropyl)-4-chlorobenzene hydrochloride,0.079324658 milligram,0.266 micromole,0.07932465800000002 microliter,C15H17Cl2NO,O=C(O)C1=CC=CC(B2OC(C)(C)C(C)(C)O2)=C1,"3-(tetramethyl-1,3,2-dioxaborolan-2-yl)benzoic acid",0.07938784 milligram,0.32000000000000006 micromole,0.07938784000000002 microliter,C13H17BO4,[Na+].C[Si](C)(C)[O-],NaOTMS,0.22435999999999995 milligram,2.0 micromole,0.22436 microliter,C3H9NaOSi,CN1C=NC2=C1C(=O)N(C(=O)N2C)C,caffeine,0.051654806000000004 milligram,0.266 micromole,0.05165480600000002 microliter,C8H10N4O2,O=CN(C)C,DMF,10.26 milligram,140.365278062795 micromole,10.8 microliter,C3H7NO,O,water,1.2000000000000002 milligram,66.6111573688593 micromole,1.2000000000000002 microliter,H2O,NC(CCOc1ccccc1)c1ccc(-c2cccc(C(=O)O)c2)cc1,suzuki_product_0,0.0 milligram,0.0 micromole,0 microliter,C22H21NO3,NC(CCOc1ccccc1)c1ccccc1,dehalogenation_0,0.0 milligram,0.0 micromole,0 microliter,C15H17NO,O=C(O)c1ccccc1,deborylation_0,0.0 milligram,0.0 micromole,0 microliter,C7H6O2,C1=CC=C(C=C1)OCCC(C2=CC=C(C=C2)Cl)N.Cl.O=C(O)C1=CC=CC(B2OC(C)(C)C(C)(C)O2)=C1>>NC(CCOc1ccccc1)c1ccc(-c2cccc(C(=O)O)c2)cc1.NC(CCOc1ccccc1)c1ccccc1.O=C(O)c1ccccc1,005_RLN-NB-2443_012_O9,7/8/2023 4:24:40 AM,005_rln-nb-2443_012_o9.raw,2min_150_1200.EXP,005_RLN-NB-2443_012_O9,005_RLN-NB-2443_012_O9,Rxn_Opt_HSST3_2_98,Analog,0,0,0,0,0,1.316047053689,0.7431,0,0,0,False,122.03677943156,1.25,deborylation_0,0,0,0,0,0,60.10736125217221,15.85650943051156,1.316047053689,194.9,0.7431,0,0,0,0,0,0,0,0,0,0,0,0,0,0,0,0,0,0,0,0,0,0,0,0,0,0,0,0,0,0,0,0,0,0,0,0.0,0.0,0.0,0.0,0.0,0.0,0.0,0.0,0.0,0.0,0.0,0.0,0.0,0.0,0.0,0.0,0.0,0.0,0.0,0.0,0.0,0.0,0.0
345,O10,Cl[Pd]Cl.CC1(C)c2cccc(P(c3ccccc3)c4ccccc4)c2Oc5c(cccc15)P(c6ccccc6)c7ccccc7,PdCl2(XantPhos),0.04025476350000001 milligram,0.05325 micromole,0.04025476350000002 microliter,C39H32Cl2OP2Pd,C1=CC=C(C=C1)OCCC(C2=CC=C(C=C2)Cl)N.Cl,1-(1-amino-3-phenoxypropyl)-4-chlorobenzene hydrochloride,0.079324658 milligram,0.266 micromole,0.07932465800000002 microliter,C15H17Cl2NO,O=C(O)C1=CC=CC(B2OC(C)(C)C(C)(C)O2)=C1,"3-(tetramethyl-1,3,2-dioxaborolan-2-yl)benzoic acid",0.07938784 milligram,0.32000000000000006 micromole,0.07938784000000002 microliter,C13H17BO4,[Na+].[Na+].[O-]C([O-])=O,Na2CO3,0.21197599999999997 milligram,2.0 micromole,0.21197600000000003 microliter,CNa2O3,CN1C=NC2=C1C(=O)N(C(=O)N2C)C,caffeine,0.051654806000000004 milligram,0.266 micromole,0.05165480600000002 microliter,C8H10N4O2,O=CN(C)C,DMF,10.26 milligram,140.365278062795 micromole,10.8 microliter,C3H7NO,O,water,1.2000000000000002 milligram,66.6111573688593 micromole,1.2000000000000002 microliter,H2O,NC(CCOc1ccccc1)c1ccc(-c2cccc(C(=O)O)c2)cc1,suzuki_product_0,0.0 milligram,0.0 micromole,0 microliter,C22H21NO3,NC(CCOc1ccccc1)c1ccccc1,dehalogenation_0,0.0 milligram,0.0 micromole,0 microliter,C15H17NO,O=C(O)c1ccccc1,deborylation_0,0.0 milligram,0.0 micromole,0 microliter,C7H6O2,C1=CC=C(C=C1)OCCC(C2=CC=C(C=C2)Cl)N.Cl.O=C(O)C1=CC=CC(B2OC(C)(C)C(C)(C)O2)=C1>>NC(CCOc1ccccc1)c1ccc(-c2cccc(C(=O)O)c2)cc1.NC(CCOc1ccccc1)c1ccccc1.O=C(O)c1ccccc1,005_RLN-NB-2443_012_O10,7/8/2023 4:27:07 AM,005_rln-nb-2443_012_o10.raw,2min_150_1200.EXP,005_RLN-NB-2443_012_O10,005_RLN-NB-2443_012_O10,Rxn_Opt_HSST3_2_98,Analog,0,0,0,0,0,0.9229014499379626,0.7415,0,0,0,False,122.03677943156,1.25,deborylation_0,0,0,0,0,0,45.27847189524817,3.2376769360529036,0.9229014499379626,194.9,0.7415,0,0,0,0,0,0,0,0,0,0,0,0,0,0,0,0,0,0,0,0,0,0,0,0,0,0,0,0,0,0,0,0,0,0,0,0.0,0.0,0.0,0.0,0.0,0.0,0.0,0.0,0.0,0.0,0.0,0.0,0.0,0.0,0.0,0.0,0.0,0.0,0.0,0.0,0.0,0.0,0.0
346,O11,Cl[Pd]Cl.CC1(C)c2cccc(P(c3ccccc3)c4ccccc4)c2Oc5c(cccc15)P(c6ccccc6)c7ccccc7,PdCl2(XantPhos),0.04025476350000001 milligram,0.05325 micromole,0.04025476350000002 microliter,C39H32Cl2OP2Pd,C1=CC=C(C=C1)OCCC(C2=CC=C(C=C2)Cl)N.Cl,1-(1-amino-3-phenoxypropyl)-4-chlorobenzene hydrochloride,0.079324658 milligram,0.266 micromole,0.07932465800000002 microliter,C15H17Cl2NO,O=C(O)C1=CC=CC(B2OC(C)(C)C(C)(C)O2)=C1,"3-(tetramethyl-1,3,2-dioxaborolan-2-yl)benzoic acid",0.07938784 milligram,0.32000000000000006 micromole,0.07938784000000002 microliter,C13H17BO4,[K+].[K+].[K+].[O-]P([O-])([O-])=O,K3PO4,0.42452799999999996 milligram,2.0 micromole,0.42452800000000007 microliter,K3O4P,CN1C=NC2=C1C(=O)N(C(=O)N2C)C,caffeine,0.051654806000000004 milligram,0.266 micromole,0.05165480600000002 microliter,C8H10N4O2,O=CN(C)C,DMF,10.26 milligram,140.365278062795 micromole,10.8 microliter,C3H7NO,O,water,1.2000000000000002 milligram,66.6111573688593 micromole,1.2000000000000002 microliter,H2O,NC(CCOc1ccccc1)c1ccc(-c2cccc(C(=O)O)c2)cc1,suzuki_product_0,0.0 milligram,0.0 micromole,0 microliter,C22H21NO3,NC(CCOc1ccccc1)c1ccccc1,dehalogenation_0,0.0 milligram,0.0 micromole,0 microliter,C15H17NO,O=C(O)c1ccccc1,deborylation_0,0.0 milligram,0.0 micromole,0 microliter,C7H6O2,C1=CC=C(C=C1)OCCC(C2=CC=C(C=C2)Cl)N.Cl.O=C(O)C1=CC=CC(B2OC(C)(C)C(C)(C)O2)=C1>>NC(CCOc1ccccc1)c1ccc(-c2cccc(C(=O)O)c2)cc1.NC(CCOc1ccccc1)c1ccccc1.O=C(O)c1ccccc1,005_RLN-NB-2443_012_O11,7/8/2023 4:29:33 AM,005_rln-nb-2443_012_o11.raw,2min_150_1200.EXP,005_RLN-NB-2443_012_O11,005_RLN-NB-2443_012_O11,Rxn_Opt_HSST3_2_98,Analog,0,0,0,0,0,0,0,0,0,0,False,122.03677943156,1.25,deborylation_0,0,0,0,0,0,0,0,0,0,0,0,0,0,0,0,0,0,0,0,0,0,0,0,0,0,0,0,0,0,0,0,0,0,0,0,0,0,0,0,0,0,0,0,0,0,0.0,0.0,0.0,0.0,0.0,,,,,,,,,,,,,,,,,,
347,O12,Cl[Pd]Cl.CC1(C)c2cccc(P(c3ccccc3)c4ccccc4)c2Oc5c(cccc15)P(c6ccccc6)c7ccccc7,PdCl2(XantPhos),0.04025476350000001 milligram,0.05325 micromole,0.04025476350000002 microliter,C39H32Cl2OP2Pd,C1=CC=C(C=C1)OCCC(C2=CC=C(C=C2)Cl)N.Cl,1-(1-amino-3-phenoxypropyl)-4-chlorobenzene hydrochloride,0.079324658 milligram,0.266 micromole,0.07932465800000002 microliter,C15H17Cl2NO,O=C(O)C1=CC=CC(B2OC(C)(C)C(C)(C)O2)=C1,"3-(tetramethyl-1,3,2-dioxaborolan-2-yl)benzoic acid",0.07938784 milligram,0.32000000000000006 micromole,0.07938784000000002 microliter,C13H17BO4,[Na+].C[Si](C)(C)[O-],NaOTMS,0.22435999999999995 milligram,2.0 micromole,0.22436 microliter,C3H9NaOSi,CN1C=NC2=C1C(=O)N(C(=O)N2C)C,caffeine,0.051654806000000004 milligram,0.266 micromole,0.05165480600000002 microliter,C8H10N4O2,O=CN(C)C,DMF,10.26 milligram,140.365278062795 micromole,10.8 microliter,C3H7NO,O,water,1.2000000000000002 milligram,66.6111573688593 micromole,1.2000000000000002 microliter,H2O,NC(CCOc1ccccc1)c1ccc(-c2cccc(C(=O)O)c2)cc1,suzuki_product_0,0.0 milligram,0.0 micromole,0 microliter,C22H21NO3,NC(CCOc1ccccc1)c1ccccc1,dehalogenation_0,0.0 milligram,0.0 micromole,0 microliter,C15H17NO,O=C(O)c1ccccc1,deborylation_0,0.0 milligram,0.0 micromole,0 microliter,C7H6O2,C1=CC=C(C=C1)OCCC(C2=CC=C(C=C2)Cl)N.Cl.O=C(O)C1=CC=CC(B2OC(C)(C)C(C)(C)O2)=C1>>NC(CCOc1ccccc1)c1ccc(-c2cccc(C(=O)O)c2)cc1.NC(CCOc1ccccc1)c1ccccc1.O=C(O)c1ccccc1,005_RLN-NB-2443_012_O12,7/8/2023 4:31:59 AM,005_rln-nb-2443_012_o12.raw,2min_150_1200.EXP,005_RLN-NB-2443_012_O12,005_RLN-NB-2443_012_O12,Rxn_Opt_HSST3_2_98,Analog,0,0,0,0,0,1.5058676404262767,0.7415,0,0,0,False,122.03677943156,1.25,deborylation_0,0,0,0,0,0,71.75631312438455,7.2965471668339275,1.5058676404262767,194.9,0.7415,0,0,0,0,0,0,0,0,0,0,0,0,0,0,0,0,0,0,0,0,0,0,0,0,0,0,0,0,0,0,0,0,0,0,0,0.0,0.0,0.0,0.0,0.0,0.0,0.0,0.0,0.0,0.0,0.0,0.0,0.0,0.0,0.0,0.0,0.0,0.0,0.0,0.0,0.0,0.0,0.0
348,O13,CS(=O)(=O)O[Pd]c1ccccc1-c2ccccc2N.COc3cccc(OC)c3-c4ccccc4P(C5CCCCC5)C6CCCCC6,SPhos Pd G3,0.04154969699999998 milligram,0.05325 micromole,0.04154969699999999 microliter,C39H48NO5PPdS,CC1=C(C(=NN1C(C)C)N)Br,4-BROMO-1-ISOPROPYL-5-METHYL-1H-PYRAZOL-3-AMINE,0.058014068 milligram,0.266 micromole,0.058014068000000016 microliter,C7H12BrN3,B1(OC(C(O1)(C)C)(C)C)C2=CCN(CC2)C(=O)OC(C)(C)C,"N-Boc-1,2,5,6-tetrahydropyridine-4-boronic acid pinacol ester",0.09894880000000003 milligram,0.32000000000000006 micromole,0.09894880000000006 microliter,C16H28BNO4,[Na+].[Na+].[O-]C([O-])=O,Na2CO3,0.21197599999999997 milligram,2.0 micromole,0.21197600000000003 microliter,CNa2O3,CN1C=NC2=C1C(=O)N(C(=O)N2C)C,caffeine,0.051654806000000004 milligram,0.266 micromole,0.05165480600000002 microliter,C8H10N4O2,C1COCCO1,dioxane,11.124 milligram,126.25700860327335 micromole,10.8 microliter,C4H8O2,O,water,1.2000000000000002 milligram,66.6111573688593 micromole,1.2000000000000002 microliter,H2O,Cc1c(C2=CCN(C(=O)OC(C)(C)C)CC2)c(N)nn1C(C)C,suzuki_product_0,0.0 milligram,0.0 micromole,0 microliter,C17H28N4O2,Cc1cc(N)nn1C(C)C,dehalogenation_0,0.0 milligram,0.0 micromole,0 microliter,C7H13N3,CC(C)(C)OC(=O)N1CC=CCC1,deborylation_0,0.0 milligram,0.0 micromole,0 microliter,C10H17NO2,CC1=C(C(=NN1C(C)C)N)Br.B1(OC(C(O1)(C)C)(C)C)C2=CCN(CC2)C(=O)OC(C)(C)C>>Cc1c(C2=CCN(C(=O)OC(C)(C)C)CC2)c(N)nn1C(C)C.Cc1cc(N)nn1C(C)C.CC(C)(C)OC(=O)N1CC=CCC1,005_RLN-NB-2443_012_O13,7/8/2023 4:34:25 AM,005_rln-nb-2443_012_o13.raw,2min_150_1200.EXP,005_RLN-NB-2443_012_O13,005_RLN-NB-2443_012_O13,Rxn_Opt_HSST3_2_98,Analog,0,0,0,0,0,0.8808243960856097,0.7415,0,0,0,False,183.12592878876,1.25,deborylation_0,0,0,0,0,0,43.03715471442785,44.49019292560635,0.8808243960856097,195,0.7415,0,0,0,0,0,0,0,0,0,0,0,0,0,0,0,0,0,0,0,0,0,0,0,0,0,0,0,0,0,0,0,0,0,0,0,0.0,0.0,0.0,0.0,0.0,0.0,0.0,0.0,0.0,0.0,0.0,0.0,0.0,0.0,0.0,0.0,0.0,0.0,0.0,0.0,0.0,0.0,0.0
349,O14,CS(=O)(=O)O[Pd]c1ccccc1-c2ccccc2N.COc3cccc(OC)c3-c4ccccc4P(C5CCCCC5)C6CCCCC6,SPhos Pd G3,0.04154969699999998 milligram,0.05325 micromole,0.04154969699999999 microliter,C39H48NO5PPdS,CC1=C(C(=NN1C(C)C)N)Br,4-BROMO-1-ISOPROPYL-5-METHYL-1H-PYRAZOL-3-AMINE,0.058014068 milligram,0.266 micromole,0.058014068000000016 microliter,C7H12BrN3,B1(OC(C(O1)(C)C)(C)C)C2=CC=C(C=C2)N,"4-(4,4,5,5-tetramethyl-1,3,2-dioxaborolan-2-yl)aniline",0.07010976000000002 milligram,0.32000000000000006 micromole,0.07010976000000003 microliter,C12H18BNO2,[Na+].[Na+].[O-]C([O-])=O,Na2CO3,0.21197599999999997 milligram,2.0 micromole,0.21197600000000003 microliter,CNa2O3,CN1C=NC2=C1C(=O)N(C(=O)N2C)C,caffeine,0.051654806000000004 milligram,0.266 micromole,0.05165480600000002 microliter,C8H10N4O2,C1COCCO1,dioxane,11.124 milligram,126.25700860327335 micromole,10.8 microliter,C4H8O2,O,water,1.2000000000000002 milligram,66.6111573688593 micromole,1.2000000000000002 microliter,H2O,Cc1c(-c2ccc(N)cc2)c(N)nn1C(C)C,suzuki_product_0,0.0 milligram,0.0 micromole,0 microliter,C13H18N4,Cc1cc(N)nn1C(C)C,dehalogenation_0,0.0 milligram,0.0 micromole,0 microliter,C7H13N3,Nc1ccccc1,deborylation_0,0.0 milligram,0.0 micromole,0 microliter,C6H7N,CC1=C(C(=NN1C(C)C)N)Br.B1(OC(C(O1)(C)C)(C)C)C2=CC=C(C=C2)N>>Cc1c(-c2ccc(N)cc2)c(N)nn1C(C)C.Cc1cc(N)nn1C(C)C.Nc1ccccc1,005_RLN-NB-2443_012_O14,7/8/2023 4:36:51 AM,005_rln-nb-2443_012_o14.raw,2min_150_1200.EXP,005_RLN-NB-2443_012_O14,005_RLN-NB-2443_012_O14,Rxn_Opt_HSST3_2_98,Analog,0,0,0,0,0,0.8779845564824724,0.7415,0,0,0,False,93.05784922892,1.25,deborylation_0,0,0,0,0,0,42.07877890944516,34.62925854664831,0.8779845564824724,195,0.7415,0,0,0,0,0,0,0,0,0,0,0,0,0,0,0,0,0,0,0,0,0,0,0,0,0,0,0,0,0,0,0,0,0,0,0,0.0,0.0,0.0,0.0,0.0,0.0,0.0,0.0,0.0,0.0,0.0,0.0,0.0,0.0,0.0,0.0,0.0,0.0,0.0,0.0,0.0,0.0,0.0
350,O15,CS(=O)(=O)O[Pd]c1ccccc1-c2ccccc2N.COc3cccc(OC)c3-c4ccccc4P(C5CCCCC5)C6CCCCC6,SPhos Pd G3,0.04154969699999998 milligram,0.05325 micromole,0.04154969699999999 microliter,C39H48NO5PPdS,C1=CC=C(C=C1)OCCC(C2=CC=C(C=C2)Cl)N.Cl,1-(1-amino-3-phenoxypropyl)-4-chlorobenzene hydrochloride,0.079324658 milligram,0.266 micromole,0.07932465800000002 microliter,C15H17Cl2NO,B1(OC(C(O1)(C)C)(C)C)C2=CCN(CC2)C(=O)OC(C)(C)C,"N-Boc-1,2,5,6-tetrahydropyridine-4-boronic acid pinacol ester",0.09894880000000003 milligram,0.32000000000000006 micromole,0.09894880000000006 microliter,C16H28BNO4,[Na+].[Na+].[O-]C([O-])=O,Na2CO3,0.21197599999999997 milligram,2.0 micromole,0.21197600000000003 microliter,CNa2O3,CN1C=NC2=C1C(=O)N(C(=O)N2C)C,caffeine,0.051654806000000004 milligram,0.266 micromole,0.05165480600000002 microliter,C8H10N4O2,C1COCCO1,dioxane,11.124 milligram,126.25700860327335 micromole,10.8 microliter,C4H8O2,O,water,1.2000000000000002 milligram,66.6111573688593 micromole,1.2000000000000002 microliter,H2O,CC(C)(C)OC(=O)N1CC=C(c2ccc(C(N)CCOc3ccccc3)cc2)CC1,suzuki_product_0,0.0 milligram,0.0 micromole,0 microliter,C25H32N2O3,NC(CCOc1ccccc1)c1ccccc1,dehalogenation_0,0.0 milligram,0.0 micromole,0 microliter,C15H17NO,CC(C)(C)OC(=O)N1CC=CCC1,deborylation_0,0.0 milligram,0.0 micromole,0 microliter,C10H17NO2,C1=CC=C(C=C1)OCCC(C2=CC=C(C=C2)Cl)N.Cl.B1(OC(C(O1)(C)C)(C)C)C2=CCN(CC2)C(=O)OC(C)(C)C>>CC(C)(C)OC(=O)N1CC=C(c2ccc(C(N)CCOc3ccccc3)cc2)CC1.NC(CCOc1ccccc1)c1ccccc1.CC(C)(C)OC(=O)N1CC=CCC1,005_RLN-NB-2443_012_O15,7/8/2023 4:39:18 AM,005_rln-nb-2443_012_o15.raw,2min_150_1200.EXP,005_RLN-NB-2443_012_O15,005_RLN-NB-2443_012_O15,Rxn_Opt_HSST3_2_98,Analog,0,0,0,0,0,1.2758942261815742,0.7431,0,0,0,False,183.12592878876,1.25,deborylation_0,0,0,0,0,0,60.86918555160118,17.415381143843007,1.2758942261815742,194.9,0.7431,0,0,0,0,0,0,0,0,0,0,0,0,0,0,0,0,0,0,0,0,0,0,0,0,0,0,0,0,0,0,0,0,0,0,0,0.0,0.0,0.0,0.0,0.0,0.0,0.0,0.0,0.0,0.0,0.0,0.0,0.0,0.0,0.0,0.0,0.0,0.0,0.0,0.0,0.0,0.0,0.0
351,O16,CS(=O)(=O)O[Pd]c1ccccc1-c2ccccc2N.COc3cccc(OC)c3-c4ccccc4P(C5CCCCC5)C6CCCCC6,SPhos Pd G3,0.04154969699999998 milligram,0.05325 micromole,0.04154969699999999 microliter,C39H48NO5PPdS,C1=CC=C(C=C1)OCCC(C2=CC=C(C=C2)Cl)N.Cl,1-(1-amino-3-phenoxypropyl)-4-chlorobenzene hydrochloride,0.079324658 milligram,0.266 micromole,0.07932465800000002 microliter,C15H17Cl2NO,B1(OC(C(O1)(C)C)(C)C)C2=CC=C(C=C2)N,"4-(4,4,5,5-tetramethyl-1,3,2-dioxaborolan-2-yl)aniline",0.07010976000000002 milligram,0.32000000000000006 micromole,0.07010976000000003 microliter,C12H18BNO2,[Na+].[Na+].[O-]C([O-])=O,Na2CO3,0.21197599999999997 milligram,2.0 micromole,0.21197600000000003 microliter,CNa2O3,CN1C=NC2=C1C(=O)N(C(=O)N2C)C,caffeine,0.051654806000000004 milligram,0.266 micromole,0.05165480600000002 microliter,C8H10N4O2,C1COCCO1,dioxane,11.124 milligram,126.25700860327335 micromole,10.8 microliter,C4H8O2,O,water,1.2000000000000002 milligram,66.6111573688593 micromole,1.2000000000000002 microliter,H2O,Nc1ccc(-c2ccc(C(N)CCOc3ccccc3)cc2)cc1,suzuki_product_0,0.0 milligram,0.0 micromole,0 microliter,C21H22N2O,NC(CCOc1ccccc1)c1ccccc1,dehalogenation_0,0.0 milligram,0.0 micromole,0 microliter,C15H17NO,Nc1ccccc1,deborylation_0,0.0 milligram,0.0 micromole,0 microliter,C6H7N,C1=CC=C(C=C1)OCCC(C2=CC=C(C=C2)Cl)N.Cl.B1(OC(C(O1)(C)C)(C)C)C2=CC=C(C=C2)N>>Nc1ccc(-c2ccc(C(N)CCOc3ccccc3)cc2)cc1.NC(CCOc1ccccc1)c1ccccc1.Nc1ccccc1,005_RLN-NB-2443_012_O16,7/8/2023 4:41:44 AM,005_rln-nb-2443_012_o16.raw,2min_150_1200.EXP,005_RLN-NB-2443_012_O16,005_RLN-NB-2443_012_O16,Rxn_Opt_HSST3_2_98,Analog,0,0,0,0,0,1.3576472209878765,0.7431,0,0,0,False,93.05784922892,1.25,deborylation_0,0,0,0,0,0,64.68893007045187,23.90608003756558,1.3576472209878765,195,0.7431,0,0,0,0,0,0,0,0,0,0,0,0,0,0,0,0,0,0,0,0,0,0,0,0,0,0,0,0,0,0,0,0,0,0,0,0.0,0.0,0.0,0.0,0.0,0.0,0.0,0.0,0.0,0.0,0.0,0.0,0.0,0.0,0.0,0.0,0.0,0.0,0.0,0.0,0.0,0.0,0.0
352,O17,CS(=O)(=O)O[Pd]c1ccccc1-c2ccccc2N.COc3cccc(OC)c3-c4ccccc4P(C5CCCCC5)C6CCCCC6,SPhos Pd G3,0.04154969699999998 milligram,0.05325 micromole,0.04154969699999999 microliter,C39H48NO5PPdS,CCC(CC#N)N1C=C(C=N1)Cl,3-(4-CHLORO-1H-PYRAZOL-1-YL)PENTANENITRILE,0.04884877200000001 milligram,0.266 micromole,0.048848772000000026 microliter,C8H10ClN3,B1(OC(C(O1)(C)C)(C)C)C2=CCN(CC2)C(=O)OC(C)(C)C,"N-Boc-1,2,5,6-tetrahydropyridine-4-boronic acid pinacol ester",0.09894880000000003 milligram,0.32000000000000006 micromole,0.09894880000000006 microliter,C16H28BNO4,[Na+].[Na+].[O-]C([O-])=O,Na2CO3,0.21197599999999997 milligram,2.0 micromole,0.21197600000000003 microliter,CNa2O3,CN1C=NC2=C1C(=O)N(C(=O)N2C)C,caffeine,0.051654806000000004 milligram,0.266 micromole,0.05165480600000002 microliter,C8H10N4O2,C1COCCO1,dioxane,11.124 milligram,126.25700860327335 micromole,10.8 microliter,C4H8O2,O,water,1.2000000000000002 milligram,66.6111573688593 micromole,1.2000000000000002 microliter,H2O,CCC(CC#N)n1cc(C2=CCN(C(=O)OC(C)(C)C)CC2)cn1,suzuki_product_0,0.0 milligram,0.0 micromole,0 microliter,C18H26N4O2,CCC(CC#N)n1cccn1,dehalogenation_0,0.0 milligram,0.0 micromole,0 microliter,C8H11N3,CC(C)(C)OC(=O)N1CC=CCC1,deborylation_0,0.0 milligram,0.0 micromole,0 microliter,C10H17NO2,CCC(CC#N)N1C=C(C=N1)Cl.B1(OC(C(O1)(C)C)(C)C)C2=CCN(CC2)C(=O)OC(C)(C)C>>CCC(CC#N)n1cc(C2=CCN(C(=O)OC(C)(C)C)CC2)cn1.CCC(CC#N)n1cccn1.CC(C)(C)OC(=O)N1CC=CCC1,005_RLN-NB-2443_012_O17,7/8/2023 4:44:11 AM,005_rln-nb-2443_012_o17.raw,2min_150_1200.EXP,005_RLN-NB-2443_012_O17,005_RLN-NB-2443_012_O17,Rxn_Opt_HSST3_2_98,Analog,0,0,0,0,0,1.1560952034140681,0.7415,0,0,0,False,183.12592878876,1.25,deborylation_0,0,0,0,0,0,55.31094041334284,29.066577322863868,1.1560952034140681,195,0.7415,0,0,0,0,0,0,0,0,0,0,0,0,0,0,0,0,0,0,0,0,0,0,0,0,0,0,0,0,0,0,0,0,0,0,0,0.0,0.0,0.0,0.0,0.0,0.0,0.0,0.0,0.0,0.0,0.0,0.0,0.0,0.0,0.0,0.0,0.0,0.0,0.0,0.0,0.0,0.0,0.0
353,O18,CS(=O)(=O)O[Pd]c1ccccc1-c2ccccc2N.COc3cccc(OC)c3-c4ccccc4P(C5CCCCC5)C6CCCCC6,SPhos Pd G3,0.04154969699999998 milligram,0.05325 micromole,0.04154969699999999 microliter,C39H48NO5PPdS,CCC(CC#N)N1C=C(C=N1)Cl,3-(4-CHLORO-1H-PYRAZOL-1-YL)PENTANENITRILE,0.04884877200000001 milligram,0.266 micromole,0.048848772000000026 microliter,C8H10ClN3,B1(OC(C(O1)(C)C)(C)C)C2=CC=C(C=C2)N,"4-(4,4,5,5-tetramethyl-1,3,2-dioxaborolan-2-yl)aniline",0.07010976000000002 milligram,0.32000000000000006 micromole,0.07010976000000003 microliter,C12H18BNO2,[Na+].[Na+].[O-]C([O-])=O,Na2CO3,0.21197599999999997 milligram,2.0 micromole,0.21197600000000003 microliter,CNa2O3,CN1C=NC2=C1C(=O)N(C(=O)N2C)C,caffeine,0.051654806000000004 milligram,0.266 micromole,0.05165480600000002 microliter,C8H10N4O2,C1COCCO1,dioxane,11.124 milligram,126.25700860327335 micromole,10.8 microliter,C4H8O2,O,water,1.2000000000000002 milligram,66.6111573688593 micromole,1.2000000000000002 microliter,H2O,CCC(CC#N)n1cc(-c2ccc(N)cc2)cn1,suzuki_product_0,0.0 milligram,0.0 micromole,0 microliter,C14H16N4,CCC(CC#N)n1cccn1,dehalogenation_0,0.0 milligram,0.0 micromole,0 microliter,C8H11N3,Nc1ccccc1,deborylation_0,0.0 milligram,0.0 micromole,0 microliter,C6H7N,CCC(CC#N)N1C=C(C=N1)Cl.B1(OC(C(O1)(C)C)(C)C)C2=CC=C(C=C2)N>>CCC(CC#N)n1cc(-c2ccc(N)cc2)cn1.CCC(CC#N)n1cccn1.Nc1ccccc1,005_RLN-NB-2443_012_O18,7/8/2023 4:46:37 AM,005_rln-nb-2443_012_o18.raw,2min_150_1200.EXP,005_RLN-NB-2443_012_O18,005_RLN-NB-2443_012_O18,Rxn_Opt_HSST3_2_98,Analog,0.11309915883328575,0,0.135896136204686,8.48332065408876,0.7815,1.2015662857847087,0.7398,0,0,0,False,93.05784922892,1.25,deborylation_0,0,0,0,0,0,58.459784442223466,42.85969420944273,1.2015662857847087,194.9,0.7398,0,0,0,0,0,0,0,0,0,0,5.804399562579845,4.847395362939821,0.135896136204686,240.8,0.7815,0,0,0,0,0,0,0,0,0,0,0,0,0,0,0,0,0,0,0,0,0.0,0.0,0.0,0.0,0.0,0.0,0.0,0.0,0.0,3.008437624965401e-05,11.309915883328575,0.0,0.0,0.0,0.0,0.0,0.0,0.0,0.0,0.0,0.0,0.0,0.0
354,O19,CS(=O)(=O)O[Pd]c1ccccc1-c2ccccc2N.COc3cccc(OC)c3-c4ccccc4P(C5CCCCC5)C6CCCCC6,SPhos Pd G3,0.04154969699999998 milligram,0.05325 micromole,0.04154969699999999 microliter,C39H48NO5PPdS,CN1C=NC=C(C1=O)Br,"5-bromo-3-methyl-3,4-dihydropyrimidin-4-one",0.050277192 milligram,0.266 micromole,0.05027719200000001 microliter,C5H5BrN2O,B1(OC(C(O1)(C)C)(C)C)C2=CCN(CC2)C(=O)OC(C)(C)C,"N-Boc-1,2,5,6-tetrahydropyridine-4-boronic acid pinacol ester",0.09894880000000003 milligram,0.32000000000000006 micromole,0.09894880000000006 microliter,C16H28BNO4,[Na+].[Na+].[O-]C([O-])=O,Na2CO3,0.21197599999999997 milligram,2.0 micromole,0.21197600000000003 microliter,CNa2O3,CN1C=NC2=C1C(=O)N(C(=O)N2C)C,caffeine,0.051654806000000004 milligram,0.266 micromole,0.05165480600000002 microliter,C8H10N4O2,C1COCCO1,dioxane,11.124 milligram,126.25700860327335 micromole,10.8 microliter,C4H8O2,O,water,1.2000000000000002 milligram,66.6111573688593 micromole,1.2000000000000002 microliter,H2O,Cn1cncc(C2=CCN(C(=O)OC(C)(C)C)CC2)c1=O,suzuki_product_0,0.0 milligram,0.0 micromole,0 microliter,C15H21N3O3,Cn1cnccc1=O,dehalogenation_0,0.0 milligram,0.0 micromole,0 microliter,C5H6N2O,CC(C)(C)OC(=O)N1CC=CCC1,deborylation_0,0.0 milligram,0.0 micromole,0 microliter,C10H17NO2,CN1C=NC=C(C1=O)Br.B1(OC(C(O1)(C)C)(C)C)C2=CCN(CC2)C(=O)OC(C)(C)C>>Cn1cncc(C2=CCN(C(=O)OC(C)(C)C)CC2)c1=O.Cn1cnccc1=O.CC(C)(C)OC(=O)N1CC=CCC1,005_RLN-NB-2443_012_O19,7/8/2023 4:49:04 AM,005_rln-nb-2443_012_o19.raw,2min_150_1200.EXP,005_RLN-NB-2443_012_O19,005_RLN-NB-2443_012_O19,Rxn_Opt_HSST3_2_98,Analog,2.989747331228176,0,3.595796201947695,61.83833524699155,1.0398,1.202709059855756,0.7415,0,0,0,False,183.12592878876,1.25,deborylation_0,0,0,0,0,0,55.46749865441254,17.138607403103098,1.202709059855756,194.9,0.7415,0,0,0,0,0,0,0,0,0,0,115.7562710243386,51.240105744394945,3.595796201947695,291.9,1.0398,0,0,0,0,0,0,0,0,0,0,0,0,0,0,0,0,0,0,0,0,0.0,0.0,0.0,0.0,0.0,0.0,0.0,0.0,0.0,0.0007952727901066949,298.9747331228176,0.0,0.0,0.0,0.0,0.0,0.0,0.0,0.0,0.0,0.0,0.0,0.0
355,O20,CS(=O)(=O)O[Pd]c1ccccc1-c2ccccc2N.COc3cccc(OC)c3-c4ccccc4P(C5CCCCC5)C6CCCCC6,SPhos Pd G3,0.04154969699999998 milligram,0.05325 micromole,0.04154969699999999 microliter,C39H48NO5PPdS,CN1C=NC=C(C1=O)Br,"5-bromo-3-methyl-3,4-dihydropyrimidin-4-one",0.050277192 milligram,0.266 micromole,0.05027719200000001 microliter,C5H5BrN2O,B1(OC(C(O1)(C)C)(C)C)C2=CC=C(C=C2)N,"4-(4,4,5,5-tetramethyl-1,3,2-dioxaborolan-2-yl)aniline",0.07010976000000002 milligram,0.32000000000000006 micromole,0.07010976000000003 microliter,C12H18BNO2,[Na+].[Na+].[O-]C([O-])=O,Na2CO3,0.21197599999999997 milligram,2.0 micromole,0.21197600000000003 microliter,CNa2O3,CN1C=NC2=C1C(=O)N(C(=O)N2C)C,caffeine,0.051654806000000004 milligram,0.266 micromole,0.05165480600000002 microliter,C8H10N4O2,C1COCCO1,dioxane,11.124 milligram,126.25700860327335 micromole,10.8 microliter,C4H8O2,O,water,1.2000000000000002 milligram,66.6111573688593 micromole,1.2000000000000002 microliter,H2O,Cn1cncc(-c2ccc(N)cc2)c1=O,suzuki_product_0,0.0 milligram,0.0 micromole,0 microliter,C11H11N3O,Cn1cnccc1=O,dehalogenation_0,0.0 milligram,0.0 micromole,0 microliter,C5H6N2O,Nc1ccccc1,deborylation_0,0.0 milligram,0.0 micromole,0 microliter,C6H7N,CN1C=NC=C(C1=O)Br.B1(OC(C(O1)(C)C)(C)C)C2=CC=C(C=C2)N>>Cn1cncc(-c2ccc(N)cc2)c1=O.Cn1cnccc1=O.Nc1ccccc1,005_RLN-NB-2443_012_O20,7/8/2023 4:51:30 AM,005_rln-nb-2443_012_o20.raw,2min_150_1200.EXP,005_RLN-NB-2443_012_O20,005_RLN-NB-2443_012_O20,Rxn_Opt_HSST3_2_98,Analog,0.3579038151627836,0,0.24409422069785014,14.24802405337014,0.6181,0.6820106697852047,0.7431,0,0,0,False,93.05784922892,1.25,deborylation_0,0,0,0,0,0,32.33012238440956,28.474176767159985,0.6820106697852047,194.9,0.7431,0,0,0,0,0,0,0,0,0,0,9.502356285891755,10.191016498586054,0.24409422069785014,201.9,0.6181,0,0,0,0,0,0,0,0,0,0,0,0,0,0,0,0,0,0,0,0,0.0,0.0,0.0,0.0,0.0,0.0,0.0,0.0,0.0,9.520241483330044e-05,35.79038151627836,0.0,0.0,0.0,0.0,0.0,0.0,0.0,0.0,0.0,0.0,0.0,0.0
356,O21,CS(=O)(=O)O[Pd]c1ccccc1-c2ccccc2N.COc3cccc(OC)c3-c4ccccc4P(C5CCCCC5)C6CCCCC6,SPhos Pd G3,0.04154969699999998 milligram,0.05325 micromole,0.04154969699999999 microliter,C39H48NO5PPdS,C1CON=C1C2=CC=C(C=C2)Br,"3-(4-bromophenyl)-4,5-dihydro-1,2-oxazole",0.060135417999999996 milligram,0.266 micromole,0.06013541800000001 microliter,C9H8BrNO,B1(OC(C(O1)(C)C)(C)C)C2=CCN(CC2)C(=O)OC(C)(C)C,"N-Boc-1,2,5,6-tetrahydropyridine-4-boronic acid pinacol ester",0.09894880000000003 milligram,0.32000000000000006 micromole,0.09894880000000006 microliter,C16H28BNO4,[Na+].[Na+].[O-]C([O-])=O,Na2CO3,0.21197599999999997 milligram,2.0 micromole,0.21197600000000003 microliter,CNa2O3,CN1C=NC2=C1C(=O)N(C(=O)N2C)C,caffeine,0.051654806000000004 milligram,0.266 micromole,0.05165480600000002 microliter,C8H10N4O2,C1COCCO1,dioxane,11.124 milligram,126.25700860327335 micromole,10.8 microliter,C4H8O2,O,water,1.2000000000000002 milligram,66.6111573688593 micromole,1.2000000000000002 microliter,H2O,CC(C)(C)OC(=O)N1CC=C(c2ccc(C3=NOCC3)cc2)CC1,suzuki_product_0,0.0 milligram,0.0 micromole,0 microliter,C19H24N2O3,c1ccc(C2=NOCC2)cc1,dehalogenation_0,0.0 milligram,0.0 micromole,0 microliter,C9H9NO,CC(C)(C)OC(=O)N1CC=CCC1,deborylation_0,0.0 milligram,0.0 micromole,0 microliter,C10H17NO2,C1CON=C1C2=CC=C(C=C2)Br.B1(OC(C(O1)(C)C)(C)C)C2=CCN(CC2)C(=O)OC(C)(C)C>>CC(C)(C)OC(=O)N1CC=C(c2ccc(C3=NOCC3)cc2)CC1.c1ccc(C2=NOCC2)cc1.CC(C)(C)OC(=O)N1CC=CCC1,005_RLN-NB-2443_012_O21,7/8/2023 4:53:56 AM,005_rln-nb-2443_012_o21.raw,2min_150_1200.EXP,005_RLN-NB-2443_012_O21,005_RLN-NB-2443_012_O21,Rxn_Opt_HSST3_2_98,Analog,3.4217085188587832,0,4.599624388812892,63.15815549383681,1.3381,1.3442478701683713,0.7415,0,0,0,False,183.12592878876,1.25,deborylation_0,0,0,0,0,0,63.24510167692893,15.581948082652225,1.3442478701683713,194.9,0.7415,0,0,0,0,0,0,0,0,0,0,207.92273073489505,53.3168844948264,4.599624388812892,228.9,1.3381,0,0,0,0,0,0,0,0,0,0,0,0,0,0,0,0,0,0,0,0,0.0,0.0,0.0,0.0,0.0,0.0,0.0,0.0,0.0,0.0009101744660164364,342.17085188587833,0.0,0.0,0.0,0.0,0.0,0.0,0.0,0.0,0.0,0.0,0.0,0.0
357,O22,CS(=O)(=O)O[Pd]c1ccccc1-c2ccccc2N.COc3cccc(OC)c3-c4ccccc4P(C5CCCCC5)C6CCCCC6,SPhos Pd G3,0.04154969699999998 milligram,0.05325 micromole,0.04154969699999999 microliter,C39H48NO5PPdS,C1CON=C1C2=CC=C(C=C2)Br,"3-(4-bromophenyl)-4,5-dihydro-1,2-oxazole",0.060135417999999996 milligram,0.266 micromole,0.06013541800000001 microliter,C9H8BrNO,B1(OC(C(O1)(C)C)(C)C)C2=CC=C(C=C2)N,"4-(4,4,5,5-tetramethyl-1,3,2-dioxaborolan-2-yl)aniline",0.07010976000000002 milligram,0.32000000000000006 micromole,0.07010976000000003 microliter,C12H18BNO2,[Na+].[Na+].[O-]C([O-])=O,Na2CO3,0.21197599999999997 milligram,2.0 micromole,0.21197600000000003 microliter,CNa2O3,CN1C=NC2=C1C(=O)N(C(=O)N2C)C,caffeine,0.051654806000000004 milligram,0.266 micromole,0.05165480600000002 microliter,C8H10N4O2,C1COCCO1,dioxane,11.124 milligram,126.25700860327335 micromole,10.8 microliter,C4H8O2,O,water,1.2000000000000002 milligram,66.6111573688593 micromole,1.2000000000000002 microliter,H2O,Nc1ccc(-c2ccc(C3=NOCC3)cc2)cc1,suzuki_product_0,0.0 milligram,0.0 micromole,0 microliter,C15H14N2O,c1ccc(C2=NOCC2)cc1,dehalogenation_0,0.0 milligram,0.0 micromole,0 microliter,C9H9NO,Nc1ccccc1,deborylation_0,0.0 milligram,0.0 micromole,0 microliter,C6H7N,C1CON=C1C2=CC=C(C=C2)Br.B1(OC(C(O1)(C)C)(C)C)C2=CC=C(C=C2)N>>Nc1ccc(-c2ccc(C3=NOCC3)cc2)cc1.c1ccc(C2=NOCC2)cc1.Nc1ccccc1,005_RLN-NB-2443_012_O22,7/8/2023 4:56:22 AM,005_rln-nb-2443_012_o22.raw,2min_150_1200.EXP,005_RLN-NB-2443_012_O22,005_RLN-NB-2443_012_O22,Rxn_Opt_HSST3_2_98,Analog,0.8165744097803168,0,1.0585065855855966,29.62093569812181,0.9565,1.2962769502786242,0.7415,0,0,0,False,93.05784922892,1.25,deborylation_0,0,0,0,0,0,62.86795159038762,26.61877049512123,1.2962769502786242,195,0.7415,0,0,0,0,0,0,0,0,0,0,45.38950102621957,21.736206806131328,1.0585065855855966,238.9,0.9565,0,0,0,0,0,0,0,0,0,0,0,0,0,0,0,0,0,0,0,0,0.0,0.0,0.0,0.0,0.0,0.0,0.0,0.0,0.0,0.00021720879300156427,81.65744097803169,0.0,0.0,0.0,0.0,0.0,0.0,0.0,0.0,0.0,0.0,0.0,0.0
358,O23,CS(=O)(=O)O[Pd]c1ccccc1-c2ccccc2N.COc3cccc(OC)c3-c4ccccc4P(C5CCCCC5)C6CCCCC6,SPhos Pd G3,0.04154969699999998 milligram,0.05325 micromole,0.04154969699999999 microliter,C39H48NO5PPdS,C1CON=C1C2=CC=C(C=C2)Br,"3-(4-bromophenyl)-4,5-dihydro-1,2-oxazole",0.060135417999999996 milligram,0.266 micromole,0.06013541800000001 microliter,C9H8BrNO,B1(OC(C(O1)(C)C)(C)C)C2=CCN(CC2)C(=O)OC(C)(C)C,"N-Boc-1,2,5,6-tetrahydropyridine-4-boronic acid pinacol ester",0.09894880000000003 milligram,0.32000000000000006 micromole,0.09894880000000006 microliter,C16H28BNO4,[Na+].[Na+].[O-]C([O-])=O,Na2CO3,0.21197599999999997 milligram,2.0 micromole,0.21197600000000003 microliter,CNa2O3,CN1C=NC2=C1C(=O)N(C(=O)N2C)C,caffeine,0.051654806000000004 milligram,0.266 micromole,0.05165480600000002 microliter,C8H10N4O2,C1COCCO1,dioxane,11.124 milligram,126.25700860327335 micromole,10.8 microliter,C4H8O2,O,water,1.2000000000000002 milligram,66.6111573688593 micromole,1.2000000000000002 microliter,H2O,CC(C)(C)OC(=O)N1CC=C(c2ccc(C3=NOCC3)cc2)CC1,suzuki_product_0,0.0 milligram,0.0 micromole,0 microliter,C19H24N2O3,c1ccc(C2=NOCC2)cc1,dehalogenation_0,0.0 milligram,0.0 micromole,0 microliter,C9H9NO,CC(C)(C)OC(=O)N1CC=CCC1,deborylation_0,0.0 milligram,0.0 micromole,0 microliter,C10H17NO2,C1CON=C1C2=CC=C(C=C2)Br.B1(OC(C(O1)(C)C)(C)C)C2=CCN(CC2)C(=O)OC(C)(C)C>>CC(C)(C)OC(=O)N1CC=C(c2ccc(C3=NOCC3)cc2)CC1.c1ccc(C2=NOCC2)cc1.CC(C)(C)OC(=O)N1CC=CCC1,005_RLN-NB-2443_012_O23,7/8/2023 4:58:49 AM,005_rln-nb-2443_012_o23.raw,2min_150_1200.EXP,005_RLN-NB-2443_012_O23,005_RLN-NB-2443_012_O23,Rxn_Opt_HSST3_2_98,Analog,4.657901373564276,0,6.3661978169114635,66.7716597090337,1.3398,1.3667523861802982,0.7415,0,0,0,False,183.12592878876,1.25,deborylation_0,0,0,0,0,0,63.8907580326021,12.537823793775852,1.3667523861802982,194.9,0.7415,0,0,0,0,0,0,0,0,0,0,281.8718002030753,58.39994667053541,6.3661978169114635,229,1.3398,0,0,0,0,0,0,0,0,0,0,0,0,0,0,0,0,0,0,0,0,0.0,0.0,0.0,0.0,0.0,0.0,0.0,0.0,0.0,0.0012390017653680974,465.79013735642764,0.0,0.0,0.0,0.0,0.0,0.0,0.0,0.0,0.0,0.0,0.0,0.0
359,O24,CS(=O)(=O)O[Pd]c1ccccc1-c2ccccc2N.COc3cccc(OC)c3-c4ccccc4P(C5CCCCC5)C6CCCCC6,SPhos Pd G3,0.04154969699999998 milligram,0.05325 micromole,0.04154969699999999 microliter,C39H48NO5PPdS,C1CON=C1C2=CC=C(C=C2)Br,"3-(4-bromophenyl)-4,5-dihydro-1,2-oxazole",0.060135417999999996 milligram,0.266 micromole,0.06013541800000001 microliter,C9H8BrNO,B1(OC(C(O1)(C)C)(C)C)C2=CC=C(C=C2)N,"4-(4,4,5,5-tetramethyl-1,3,2-dioxaborolan-2-yl)aniline",0.07010976000000002 milligram,0.32000000000000006 micromole,0.07010976000000003 microliter,C12H18BNO2,[Na+].[Na+].[O-]C([O-])=O,Na2CO3,0.21197599999999997 milligram,2.0 micromole,0.21197600000000003 microliter,CNa2O3,CN1C=NC2=C1C(=O)N(C(=O)N2C)C,caffeine,0.051654806000000004 milligram,0.266 micromole,0.05165480600000002 microliter,C8H10N4O2,C1COCCO1,dioxane,11.124 milligram,126.25700860327335 micromole,10.8 microliter,C4H8O2,O,water,1.2000000000000002 milligram,66.6111573688593 micromole,1.2000000000000002 microliter,H2O,Nc1ccc(-c2ccc(C3=NOCC3)cc2)cc1,suzuki_product_0,0.0 milligram,0.0 micromole,0 microliter,C15H14N2O,c1ccc(C2=NOCC2)cc1,dehalogenation_0,0.0 milligram,0.0 micromole,0 microliter,C9H9NO,Nc1ccccc1,deborylation_0,0.0 milligram,0.0 micromole,0 microliter,C6H7N,C1CON=C1C2=CC=C(C=C2)Br.B1(OC(C(O1)(C)C)(C)C)C2=CC=C(C=C2)N>>Nc1ccc(-c2ccc(C3=NOCC3)cc2)cc1.c1ccc(C2=NOCC2)cc1.Nc1ccccc1,005_RLN-NB-2443_012_O24,7/8/2023 5:01:15 AM,005_rln-nb-2443_012_o24.raw,2min_150_1200.EXP,005_RLN-NB-2443_012_O24,005_RLN-NB-2443_012_O24,Rxn_Opt_HSST3_2_98,Analog,1.153375885090512,0,1.2509211593556444,34.88466822119965,0.9548,1.084573707085507,0.7431,0,0,0,False,93.05784922892,1.25,deborylation_0,0,0,0,0,0,52.071523722514286,23.22203712053194,1.084573707085507,194.9,0.7431,0,0,0,0,0,0,0,0,0,0,51.22203466357997,26.783737617498254,1.2509211593556444,238.9,0.9548,0,0,0,0,0,0,0,0,0,0,0,0,0,0,0,0,0,0,0,0,0.0,0.0,0.0,0.0,0.0,0.0,0.0,0.0,0.0,0.00030679798543407623,115.3375885090512,0.0,0.0,0.0,0.0,0.0,0.0,0.0,0.0,0.0,0.0,0.0,0.0
360,P1,,,,,,,,,,,,,,,,,,,,,,,,,CN1C=NC2=C1C(=O)N(C(=O)N2C)C,caffeine,0.051654806000000004 milligram,0.266 micromole,0.05165480600000002 microliter,C8H10N4O2,,,,,,,,,,,,,,,,,,,,,,,,,,,,,,,>>,005_RLN-NB-2443_012_P1,7/8/2023 5:03:42 AM,005_rln-nb-2443_012_p1.raw,2min_150_1200.EXP,005_RLN-NB-2443_012_P1,005_RLN-NB-2443_012_P1,Rxn_Opt_HSST3_2_98,Analog,0,0,0,0,0,2.1545658133528343,0.7448,0,0,0,False,0,1.25,0,0,0,0,0,0,98.40524947613325,89.49778134291509,2.1545658133528343,194.9,0.7448,0,0,0,0,0,0,0,0,0,0,0,0,0,0,0,0,0,0,0,0,0,0,0,0,0,0,0,0,0,0,0,0,0,0,0,0.0,0.0,0.0,0.0,0.0,,,,,,,,,,,,,,,,,,
361,P2,,,,,,,,,,,,,,,,,,,,,,,,,CN1C=NC2=C1C(=O)N(C(=O)N2C)C,caffeine,0.051654806000000004 milligram,0.266 micromole,0.05165480600000002 microliter,C8H10N4O2,,,,,,,,,,,,,,,,,,,,,,,,,,,,,,,>>,005_RLN-NB-2443_012_P2,7/8/2023 5:06:09 AM,005_rln-nb-2443_012_p2.raw,2min_150_1200.EXP,005_RLN-NB-2443_012_P2,005_RLN-NB-2443_012_P2,Rxn_Opt_HSST3_2_98,Analog,0,0,0,0,0,2.300398381188579,0.7415,0,0,0,False,0,1.25,0,0,0,0,0,0,100.8536486357521,83.06618389730393,2.300398381188579,195,0.7415,0,0,0,0,0,0,0,0,0,0,0,0,0,0,0,0,0,0,0,0,0,0,0,0,0,0,0,0,0,0,0,0,0,0,0,0.0,0.0,0.0,0.0,0.0,,,,,,,,,,,,,,,,,,
362,P3,,,,,,,,,,,,,,,,,,,,,,,,,CN1C=NC2=C1C(=O)N(C(=O)N2C)C,caffeine,0.051654806000000004 milligram,0.266 micromole,0.05165480600000002 microliter,C8H10N4O2,,,,,,,,,,,,,,,,,,,,,,,,,,,,,,,>>,005_RLN-NB-2443_012_P3,7/8/2023 5:08:36 AM,005_rln-nb-2443_012_p3.raw,2min_150_1200.EXP,005_RLN-NB-2443_012_P3,005_RLN-NB-2443_012_P3,Rxn_Opt_HSST3_2_98,Analog,0,0,0,0,0,2.26186862364494,0.7415,0,0,0,False,0,1.25,0,0,0,0,0,0,101.66367668521234,93.16978295604899,2.26186862364494,194.9,0.7415,0,0,0,0,0,0,0,0,0,0,0,0,0,0,0,0,0,0,0,0,0,0,0,0,0,0,0,0,0,0,0,0,0,0,0,0.0,0.0,0.0,0.0,0.0,,,,,,,,,,,,,,,,,,
363,P4,,,,,,,,,,,,,,,,,,,,,,,,,CN1C=NC2=C1C(=O)N(C(=O)N2C)C,caffeine,0.051654806000000004 milligram,0.266 micromole,0.05165480600000002 microliter,C8H10N4O2,,,,,,,,,,,,,,,,,,,,,,,,,,,,,,,>>,005_RLN-NB-2443_012_P4,7/8/2023 5:11:03 AM,005_rln-nb-2443_012_p4.raw,2min_150_1200.EXP,005_RLN-NB-2443_012_P4,005_RLN-NB-2443_012_P4,Rxn_Opt_HSST3_2_98,Analog,0,0,0,0,0,1.9897910513916157,0.7415,0,0,0,False,0,1.25,0,0,0,0,0,0,87.75622353771472,93.2088288210696,1.9897910513916157,194.9,0.7415,0,0,0,0,0,0,0,0,0,0,0,0,0,0,0,0,0,0,0,0,0,0,0,0,0,0,0,0,0,0,0,0,0,0,0,0.0,0.0,0.0,0.0,0.0,,,,,,,,,,,,,,,,,,
364,P5,,,,,,,,,,,,,,,,,,,,,,,,,CN1C=NC2=C1C(=O)N(C(=O)N2C)C,caffeine,0.051654806000000004 milligram,0.266 micromole,0.05165480600000002 microliter,C8H10N4O2,,,,,,,,,,,,,,,,,,,,,,,,,,,,,,,>>,005_RLN-NB-2443_012_P5,7/8/2023 5:13:30 AM,005_rln-nb-2443_012_p5.raw,2min_150_1200.EXP,005_RLN-NB-2443_012_P5,005_RLN-NB-2443_012_P5,Rxn_Opt_HSST3_2_98,Analog,0,0,0,0,0,2.2826804791842137,0.7415,0,0,0,False,0,1.25,0,0,0,0,0,0,102.98469260792052,94.2713982682208,2.2826804791842137,194.9,0.7415,0,0,0,0,0,0,0,0,0,0,0,0,0,0,0,0,0,0,0,0,0,0,0,0,0,0,0,0,0,0,0,0,0,0,0,0.0,0.0,0.0,0.0,0.0,,,,,,,,,,,,,,,,,,
365,P6,,,,,,,,,,,,,,,,,,,,,,,,,CN1C=NC2=C1C(=O)N(C(=O)N2C)C,caffeine,0.051654806000000004 milligram,0.266 micromole,0.05165480600000002 microliter,C8H10N4O2,,,,,,,,,,,,,,,,,,,,,,,,,,,,,,,>>,005_RLN-NB-2443_012_P6,7/8/2023 5:15:56 AM,005_rln-nb-2443_012_p6.raw,2min_150_1200.EXP,005_RLN-NB-2443_012_P6,005_RLN-NB-2443_012_P6,Rxn_Opt_HSST3_2_98,Analog,0,0,0,0,0,2.3080818820364306,0.7415,0,0,0,False,0,1.25,0,0,0,0,0,0,106.26115763037713,93.13288865072444,2.3080818820364306,195,0.7415,0,0,0,0,0,0,0,0,0,0,0,0,0,0,0,0,0,0,0,0,0,0,0,0,0,0,0,0,0,0,0,0,0,0,0,0.0,0.0,0.0,0.0,0.0,,,,,,,,,,,,,,,,,,
366,P7,,,,,,,,,,,,,,,,,,,,,,,,,CN1C=NC2=C1C(=O)N(C(=O)N2C)C,caffeine,0.051654806000000004 milligram,0.266 micromole,0.05165480600000002 microliter,C8H10N4O2,,,,,,,,,,,,,,,,,,,,,,,,,,,,,,,>>,005_RLN-NB-2443_012_P7,7/8/2023 5:18:22 AM,005_rln-nb-2443_012_p7.raw,2min_150_1200.EXP,005_RLN-NB-2443_012_P7,005_RLN-NB-2443_012_P7,Rxn_Opt_HSST3_2_98,Analog,0,0,0,0,0,2.049554640322664,0.7415,0,0,0,False,0,1.25,0,0,0,0,0,0,90.7309720834682,93.2572430604972,2.049554640322664,195,0.7415,0,0,0,0,0,0,0,0,0,0,0,0,0,0,0,0,0,0,0,0,0,0,0,0,0,0,0,0,0,0,0,0,0,0,0,0.0,0.0,0.0,0.0,0.0,,,,,,,,,,,,,,,,,,
367,P8,,,,,,,,,,,,,,,,,,,,,,,,,CN1C=NC2=C1C(=O)N(C(=O)N2C)C,caffeine,0.051654806000000004 milligram,0.266 micromole,0.05165480600000002 microliter,C8H10N4O2,,,,,,,,,,,,,,,,,,,,,,,,,,,,,,,>>,005_RLN-NB-2443_012_P8,7/8/2023 5:20:49 AM,005_rln-nb-2443_012_p8.raw,2min_150_1200.EXP,005_RLN-NB-2443_012_P8,005_RLN-NB-2443_012_P8,Rxn_Opt_HSST3_2_98,Analog,0,0,0,0,0,2.896985214328806,0.7431,0,0,0,False,0,1.25,0,0,0,0,0,0,123.56659700914568,92.64969762777434,2.896985214328806,195,0.7431,0,0,0,0,0,0,0,0,0,0,0,0,0,0,0,0,0,0,0,0,0,0,0,0,0,0,0,0,0,0,0,0,0,0,0,0.0,0.0,0.0,0.0,0.0,,,,,,,,,,,,,,,,,,
368,P9,,,,,,,,,,,,,,,,,,,,,,,,,CN1C=NC2=C1C(=O)N(C(=O)N2C)C,caffeine,0.051654806000000004 milligram,0.266 micromole,0.05165480600000002 microliter,C8H10N4O2,,,,,,,,,,,,,,,,,,,,,,,,,,,,,,,>>,005_RLN-NB-2443_012_P9,7/8/2023 5:23:16 AM,005_rln-nb-2443_012_p9.raw,2min_150_1200.EXP,005_RLN-NB-2443_012_P9,005_RLN-NB-2443_012_P9,Rxn_Opt_HSST3_2_98,Analog,0,0,0,0,0,2.731592590491594,0.7431,0,0,0,False,0,1.25,0,0,0,0,0,0,118.32002805689112,91.45514599723683,2.731592590491594,194.9,0.7431,0,0,0,0,0,0,0,0,0,0,0,0,0,0,0,0,0,0,0,0,0,0,0,0,0,0,0,0,0,0,0,0,0,0,0,0.0,0.0,0.0,0.0,0.0,,,,,,,,,,,,,,,,,,
369,P10,,,,,,,,,,,,,,,,,,,,,,,,,CN1C=NC2=C1C(=O)N(C(=O)N2C)C,caffeine,0.051654806000000004 milligram,0.266 micromole,0.05165480600000002 microliter,C8H10N4O2,,,,,,,,,,,,,,,,,,,,,,,,,,,,,,,>>,005_RLN-NB-2443_012_P10,7/8/2023 5:25:43 AM,005_rln-nb-2443_012_p10.raw,2min_150_1200.EXP,005_RLN-NB-2443_012_P10,005_RLN-NB-2443_012_P10,Rxn_Opt_HSST3_2_98,Analog,0,0,0,0,0,2.799247958811003,0.7448,0,0,0,False,0,1.25,0,0,0,0,0,0,123.4061018001404,93.33755943437802,2.799247958811003,195,0.7448,0,0,0,0,0,0,0,0,0,0,0,0,0,0,0,0,0,0,0,0,0,0,0,0,0,0,0,0,0,0,0,0,0,0,0,0.0,0.0,0.0,0.0,0.0,,,,,,,,,,,,,,,,,,
370,P11,,,,,,,,,,,,,,,,,,,,,,,,,CN1C=NC2=C1C(=O)N(C(=O)N2C)C,caffeine,0.051654806000000004 milligram,0.266 micromole,0.05165480600000002 microliter,C8H10N4O2,,,,,,,,,,,,,,,,,,,,,,,,,,,,,,,>>,005_RLN-NB-2443_012_P11,7/8/2023 5:28:10 AM,005_rln-nb-2443_012_p11.raw,2min_150_1200.EXP,005_RLN-NB-2443_012_P11,005_RLN-NB-2443_012_P11,Rxn_Opt_HSST3_2_98,Analog,0,0,0,0,0,2.817232751615739,0.7448,0,0,0,False,0,1.25,0,0,0,0,0,0,124.06103983795286,94.34763377390306,2.817232751615739,194.9,0.7448,0,0,0,0,0,0,0,0,0,0,0,0,0,0,0,0,0,0,0,0,0,0,0,0,0,0,0,0,0,0,0,0,0,0,0,0.0,0.0,0.0,0.0,0.0,,,,,,,,,,,,,,,,,,
371,P12,,,,,,,,,,,,,,,,,,,,,,,,,CN1C=NC2=C1C(=O)N(C(=O)N2C)C,caffeine,0.051654806000000004 milligram,0.266 micromole,0.05165480600000002 microliter,C8H10N4O2,,,,,,,,,,,,,,,,,,,,,,,,,,,,,,,>>,005_RLN-NB-2443_012_P12,7/8/2023 5:30:36 AM,005_rln-nb-2443_012_p12.raw,2min_150_1200.EXP,005_RLN-NB-2443_012_P12,005_RLN-NB-2443_012_P12,Rxn_Opt_HSST3_2_98,Analog,0,0,0,0,0,3.2005239714832845,0.7431,0,0,0,False,0,1.25,0,0,0,0,0,0,135.01526908174014,93.36594780948802,3.2005239714832845,194.9,0.7431,0,0,0,0,0,0,0,0,0,0,0,0,0,0,0,0,0,0,0,0,0,0,0,0,0,0,0,0,0,0,0,0,0,0,0,0.0,0.0,0.0,0.0,0.0,,,,,,,,,,,,,,,,,,
372,P13,CS(=O)(=O)O[Pd]c1ccccc1-c2ccccc2N.COc3cccc(OC)c3-c4ccccc4P(C5CCCCC5)C6CCCCC6,SPhos Pd G3,0.04154969699999998 milligram,0.05325 micromole,0.04154969699999999 microliter,C39H48NO5PPdS,CC1=C(C(=NN1C(C)C)N)Br,4-BROMO-1-ISOPROPYL-5-METHYL-1H-PYRAZOL-3-AMINE,0.058014068 milligram,0.266 micromole,0.058014068000000016 microliter,C7H12BrN3,B1(OC(C(O1)(C)C)(C)C)C2=CCN(CC2)C(=O)OC(C)(C)C,"N-Boc-1,2,5,6-tetrahydropyridine-4-boronic acid pinacol ester",0.09894880000000003 milligram,0.32000000000000006 micromole,0.09894880000000006 microliter,C16H28BNO4,[K+].[K+].[K+].[O-]P([O-])([O-])=O,K3PO4,0.42452799999999996 milligram,2.0 micromole,0.42452800000000007 microliter,K3O4P,CN1C=NC2=C1C(=O)N(C(=O)N2C)C,caffeine,0.051654806000000004 milligram,0.266 micromole,0.05165480600000002 microliter,C8H10N4O2,C1COCCO1,dioxane,11.124 milligram,126.25700860327335 micromole,10.8 microliter,C4H8O2,O,water,1.2000000000000002 milligram,66.6111573688593 micromole,1.2000000000000002 microliter,H2O,Cc1c(C2=CCN(C(=O)OC(C)(C)C)CC2)c(N)nn1C(C)C,suzuki_product_0,0.0 milligram,0.0 micromole,0 microliter,C17H28N4O2,Cc1cc(N)nn1C(C)C,dehalogenation_0,0.0 milligram,0.0 micromole,0 microliter,C7H13N3,CC(C)(C)OC(=O)N1CC=CCC1,deborylation_0,0.0 milligram,0.0 micromole,0 microliter,C10H17NO2,CC1=C(C(=NN1C(C)C)N)Br.B1(OC(C(O1)(C)C)(C)C)C2=CCN(CC2)C(=O)OC(C)(C)C>>Cc1c(C2=CCN(C(=O)OC(C)(C)C)CC2)c(N)nn1C(C)C.Cc1cc(N)nn1C(C)C.CC(C)(C)OC(=O)N1CC=CCC1,005_RLN-NB-2443_012_P13,7/8/2023 5:33:02 AM,005_rln-nb-2443_012_p13.raw,2min_150_1200.EXP,005_RLN-NB-2443_012_P13,005_RLN-NB-2443_012_P13,Rxn_Opt_HSST3_2_98,Analog,1.349410315889853,0,1.688892440307871,70.211431386428,1.0548,1.251578130402946,0.7415,0,0,0,False,183.12592878876,1.25,deborylation_0,0,0,0,0,0,56.551482001771134,34.2240255701159,1.251578130402946,195,0.7415,0,0,0,0,0,0,0,0,0,0,66.5099565416441,46.1822531555925,1.688892440307871,321.1,1.0548,0,0,0,0,0,0,0,0,0,0,0,0,0,0,0,0,0,0,0,0,0.0,0.0,0.0,0.0,0.0,0.0,0.0,0.0,0.0,0.0003589431440267009,134.94103158898528,0.0,0.0,0.0,0.0,0.0,0.0,0.0,0.0,0.0,0.0,0.0,0.0
373,P14,CS(=O)(=O)O[Pd]c1ccccc1-c2ccccc2N.COc3cccc(OC)c3-c4ccccc4P(C5CCCCC5)C6CCCCC6,SPhos Pd G3,0.04154969699999998 milligram,0.05325 micromole,0.04154969699999999 microliter,C39H48NO5PPdS,CC1=C(C(=NN1C(C)C)N)Br,4-BROMO-1-ISOPROPYL-5-METHYL-1H-PYRAZOL-3-AMINE,0.058014068 milligram,0.266 micromole,0.058014068000000016 microliter,C7H12BrN3,B1(OC(C(O1)(C)C)(C)C)C2=CC=C(C=C2)N,"4-(4,4,5,5-tetramethyl-1,3,2-dioxaborolan-2-yl)aniline",0.07010976000000002 milligram,0.32000000000000006 micromole,0.07010976000000003 microliter,C12H18BNO2,[K+].[K+].[K+].[O-]P([O-])([O-])=O,K3PO4,0.42452799999999996 milligram,2.0 micromole,0.42452800000000007 microliter,K3O4P,CN1C=NC2=C1C(=O)N(C(=O)N2C)C,caffeine,0.051654806000000004 milligram,0.266 micromole,0.05165480600000002 microliter,C8H10N4O2,C1COCCO1,dioxane,11.124 milligram,126.25700860327335 micromole,10.8 microliter,C4H8O2,O,water,1.2000000000000002 milligram,66.6111573688593 micromole,1.2000000000000002 microliter,H2O,Cc1c(-c2ccc(N)cc2)c(N)nn1C(C)C,suzuki_product_0,0.0 milligram,0.0 micromole,0 microliter,C13H18N4,Cc1cc(N)nn1C(C)C,dehalogenation_0,0.0 milligram,0.0 micromole,0 microliter,C7H13N3,Nc1ccccc1,deborylation_0,0.0 milligram,0.0 micromole,0 microliter,C6H7N,CC1=C(C(=NN1C(C)C)N)Br.B1(OC(C(O1)(C)C)(C)C)C2=CC=C(C=C2)N>>Cc1c(-c2ccc(N)cc2)c(N)nn1C(C)C.Cc1cc(N)nn1C(C)C.Nc1ccccc1,005_RLN-NB-2443_012_P14,7/8/2023 5:35:28 AM,005_rln-nb-2443_012_p14.raw,2min_150_1200.EXP,005_RLN-NB-2443_012_P14,005_RLN-NB-2443_012_P14,Rxn_Opt_HSST3_2_98,Analog,0.2305810172576477,0,0.28184866025243965,22.60682667546994,0.7148,1.2223411259284465,0.7415,0,0,0,False,93.05784922892,1.25,deborylation_0,0,0,0,0,0,53.27971855053849,49.50588442148677,1.2223411259284465,195,0.7415,0,0,0,0,0,0,0,0,0,0,17.29072555866679,11.415117190145953,0.28184866025243965,231,0.7148,0,0,0,0,0,0,0,0,0,0,0,0,0,0,0,0,0,0,0,0,0.0,0.0,0.0,0.0,0.0,0.0,0.0,0.0,0.0,6.13345505905343e-05,23.058101725764775,0.0,0.0,0.0,0.0,0.0,0.0,0.0,0.0,0.0,0.0,0.0,0.0
374,P15,CS(=O)(=O)O[Pd]c1ccccc1-c2ccccc2N.COc3cccc(OC)c3-c4ccccc4P(C5CCCCC5)C6CCCCC6,SPhos Pd G3,0.04154969699999998 milligram,0.05325 micromole,0.04154969699999999 microliter,C39H48NO5PPdS,C1=CC=C(C=C1)OCCC(C2=CC=C(C=C2)Cl)N.Cl,1-(1-amino-3-phenoxypropyl)-4-chlorobenzene hydrochloride,0.079324658 milligram,0.266 micromole,0.07932465800000002 microliter,C15H17Cl2NO,B1(OC(C(O1)(C)C)(C)C)C2=CCN(CC2)C(=O)OC(C)(C)C,"N-Boc-1,2,5,6-tetrahydropyridine-4-boronic acid pinacol ester",0.09894880000000003 milligram,0.32000000000000006 micromole,0.09894880000000006 microliter,C16H28BNO4,[K+].[K+].[K+].[O-]P([O-])([O-])=O,K3PO4,0.42452799999999996 milligram,2.0 micromole,0.42452800000000007 microliter,K3O4P,CN1C=NC2=C1C(=O)N(C(=O)N2C)C,caffeine,0.051654806000000004 milligram,0.266 micromole,0.05165480600000002 microliter,C8H10N4O2,C1COCCO1,dioxane,11.124 milligram,126.25700860327335 micromole,10.8 microliter,C4H8O2,O,water,1.2000000000000002 milligram,66.6111573688593 micromole,1.2000000000000002 microliter,H2O,CC(C)(C)OC(=O)N1CC=C(c2ccc(C(N)CCOc3ccccc3)cc2)CC1,suzuki_product_0,0.0 milligram,0.0 micromole,0 microliter,C25H32N2O3,NC(CCOc1ccccc1)c1ccccc1,dehalogenation_0,0.0 milligram,0.0 micromole,0 microliter,C15H17NO,CC(C)(C)OC(=O)N1CC=CCC1,deborylation_0,0.0 milligram,0.0 micromole,0 microliter,C10H17NO2,C1=CC=C(C=C1)OCCC(C2=CC=C(C=C2)Cl)N.Cl.B1(OC(C(O1)(C)C)(C)C)C2=CCN(CC2)C(=O)OC(C)(C)C>>CC(C)(C)OC(=O)N1CC=C(c2ccc(C(N)CCOc3ccccc3)cc2)CC1.NC(CCOc1ccccc1)c1ccccc1.CC(C)(C)OC(=O)N1CC=CCC1,005_RLN-NB-2443_012_P15,7/8/2023 5:37:55 AM,005_rln-nb-2443_012_p15.raw,2min_150_1200.EXP,005_RLN-NB-2443_012_P15,005_RLN-NB-2443_012_P15,Rxn_Opt_HSST3_2_98,Analog,1.3680641210853444,0,1.2616113517345824,4.23774142883462,0.8948,0.9221872953832687,0.7431,0,0,0,False,183.12592878876,1.25,deborylation_0,0,0,0,0,0,45.94191369363563,21.51319066275585,0.9221872953832687,195,0.7431,0,0,0,0,0,5.825771829781874,3.326068035454835,0.14257567526638187,210.8,0.8948,44.99840823845108,29.43142427578452,1.2616113517345824,392.1,1.0798,0,0,0,0,0,0,0,0,0,0,0,0,0,0,0,0,0,0,0,0,0.0,0.0,0.0,0.0,0.0,0.0,0.0,0.0,0.0,0.0003639050562087016,136.80641210853443,4.112519204148826e-05,15.46059851183769,0.0,0.0,0.0,0.0,0.0,0.0,0.0,0.0,0.0,0.0
375,P16,CS(=O)(=O)O[Pd]c1ccccc1-c2ccccc2N.COc3cccc(OC)c3-c4ccccc4P(C5CCCCC5)C6CCCCC6,SPhos Pd G3,0.04154969699999998 milligram,0.05325 micromole,0.04154969699999999 microliter,C39H48NO5PPdS,C1=CC=C(C=C1)OCCC(C2=CC=C(C=C2)Cl)N.Cl,1-(1-amino-3-phenoxypropyl)-4-chlorobenzene hydrochloride,0.079324658 milligram,0.266 micromole,0.07932465800000002 microliter,C15H17Cl2NO,B1(OC(C(O1)(C)C)(C)C)C2=CC=C(C=C2)N,"4-(4,4,5,5-tetramethyl-1,3,2-dioxaborolan-2-yl)aniline",0.07010976000000002 milligram,0.32000000000000006 micromole,0.07010976000000003 microliter,C12H18BNO2,[K+].[K+].[K+].[O-]P([O-])([O-])=O,K3PO4,0.42452799999999996 milligram,2.0 micromole,0.42452800000000007 microliter,K3O4P,CN1C=NC2=C1C(=O)N(C(=O)N2C)C,caffeine,0.051654806000000004 milligram,0.266 micromole,0.05165480600000002 microliter,C8H10N4O2,C1COCCO1,dioxane,11.124 milligram,126.25700860327335 micromole,10.8 microliter,C4H8O2,O,water,1.2000000000000002 milligram,66.6111573688593 micromole,1.2000000000000002 microliter,H2O,Nc1ccc(-c2ccc(C(N)CCOc3ccccc3)cc2)cc1,suzuki_product_0,0.0 milligram,0.0 micromole,0 microliter,C21H22N2O,NC(CCOc1ccccc1)c1ccccc1,dehalogenation_0,0.0 milligram,0.0 micromole,0 microliter,C15H17NO,Nc1ccccc1,deborylation_0,0.0 milligram,0.0 micromole,0 microliter,C6H7N,C1=CC=C(C=C1)OCCC(C2=CC=C(C=C2)Cl)N.Cl.B1(OC(C(O1)(C)C)(C)C)C2=CC=C(C=C2)N>>Nc1ccc(-c2ccc(C(N)CCOc3ccccc3)cc2)cc1.NC(CCOc1ccccc1)c1ccccc1.Nc1ccccc1,005_RLN-NB-2443_012_P16,7/8/2023 5:40:21 AM,005_rln-nb-2443_012_p16.raw,2min_150_1200.EXP,005_RLN-NB-2443_012_P16,005_RLN-NB-2443_012_P16,Rxn_Opt_HSST3_2_98,Analog,0,0,0,0,0,1.2101223517608657,0.7431,0,0,0,False,93.05784922892,1.25,deborylation_0,0,0,0,0,0,55.47441396463155,22.19566586695873,1.2101223517608657,194.9,0.7431,0,0,0,0,0,0,0,0,0,0,0,0,0,0,0,0,0,0,0,0,0,0,0,0,0,0,0,0,0,0,0,0,0,0,0,0.0,0.0,0.0,0.0,0.0,0.0,0.0,0.0,0.0,0.0,0.0,0.0,0.0,0.0,0.0,0.0,0.0,0.0,0.0,0.0,0.0,0.0,0.0
376,P17,CS(=O)(=O)O[Pd]c1ccccc1-c2ccccc2N.COc3cccc(OC)c3-c4ccccc4P(C5CCCCC5)C6CCCCC6,SPhos Pd G3,0.04154969699999998 milligram,0.05325 micromole,0.04154969699999999 microliter,C39H48NO5PPdS,CCC(CC#N)N1C=C(C=N1)Cl,3-(4-CHLORO-1H-PYRAZOL-1-YL)PENTANENITRILE,0.04884877200000001 milligram,0.266 micromole,0.048848772000000026 microliter,C8H10ClN3,B1(OC(C(O1)(C)C)(C)C)C2=CCN(CC2)C(=O)OC(C)(C)C,"N-Boc-1,2,5,6-tetrahydropyridine-4-boronic acid pinacol ester",0.09894880000000003 milligram,0.32000000000000006 micromole,0.09894880000000006 microliter,C16H28BNO4,[K+].[K+].[K+].[O-]P([O-])([O-])=O,K3PO4,0.42452799999999996 milligram,2.0 micromole,0.42452800000000007 microliter,K3O4P,CN1C=NC2=C1C(=O)N(C(=O)N2C)C,caffeine,0.051654806000000004 milligram,0.266 micromole,0.05165480600000002 microliter,C8H10N4O2,C1COCCO1,dioxane,11.124 milligram,126.25700860327335 micromole,10.8 microliter,C4H8O2,O,water,1.2000000000000002 milligram,66.6111573688593 micromole,1.2000000000000002 microliter,H2O,CCC(CC#N)n1cc(C2=CCN(C(=O)OC(C)(C)C)CC2)cn1,suzuki_product_0,0.0 milligram,0.0 micromole,0 microliter,C18H26N4O2,CCC(CC#N)n1cccn1,dehalogenation_0,0.0 milligram,0.0 micromole,0 microliter,C8H11N3,CC(C)(C)OC(=O)N1CC=CCC1,deborylation_0,0.0 milligram,0.0 micromole,0 microliter,C10H17NO2,CCC(CC#N)N1C=C(C=N1)Cl.B1(OC(C(O1)(C)C)(C)C)C2=CCN(CC2)C(=O)OC(C)(C)C>>CCC(CC#N)n1cc(C2=CCN(C(=O)OC(C)(C)C)CC2)cn1.CCC(CC#N)n1cccn1.CC(C)(C)OC(=O)N1CC=CCC1,005_RLN-NB-2443_012_P17,7/8/2023 5:42:49 AM,005_rln-nb-2443_012_p17.raw,2min_150_1200.EXP,005_RLN-NB-2443_012_P17,005_RLN-NB-2443_012_P17,Rxn_Opt_HSST3_2_98,Analog,0.08277060950863291,0,0.099305821069931,7.3470364803010115,1.0781,1.199771533149982,0.7431,0.099305821069931,1.0781,184.1,False,183.12592878876,1.25,deborylation_0,0,0,0,0,0,56.46023653941747,47.02374977287576,1.199771533149982,194.9,0.7431,4.216857448533242,3.8921844300823656,0.099305821069931,183.9,1.0781,0,0,0,0,0,0,0,0,0,0,0,0,0,0,0,0,0,0,0,0,4.216857448533242,3.8921844300823656,0.099305821069931,183.9,1.0781,0,0,0,0,0,0.0,0.0,0.0,0.0,0.0,0.0,0.0,0.0,0.0,0.0,0.0,0.0,0.0,2.2016982129296354e-05,8.27706095086329,0.0,0.0,0.0,0.0,2.2016982129296354e-05,8.27706095086329,0.0,0.0
377,P18,CS(=O)(=O)O[Pd]c1ccccc1-c2ccccc2N.COc3cccc(OC)c3-c4ccccc4P(C5CCCCC5)C6CCCCC6,SPhos Pd G3,0.04154969699999998 milligram,0.05325 micromole,0.04154969699999999 microliter,C39H48NO5PPdS,CCC(CC#N)N1C=C(C=N1)Cl,3-(4-CHLORO-1H-PYRAZOL-1-YL)PENTANENITRILE,0.04884877200000001 milligram,0.266 micromole,0.048848772000000026 microliter,C8H10ClN3,B1(OC(C(O1)(C)C)(C)C)C2=CC=C(C=C2)N,"4-(4,4,5,5-tetramethyl-1,3,2-dioxaborolan-2-yl)aniline",0.07010976000000002 milligram,0.32000000000000006 micromole,0.07010976000000003 microliter,C12H18BNO2,[K+].[K+].[K+].[O-]P([O-])([O-])=O,K3PO4,0.42452799999999996 milligram,2.0 micromole,0.42452800000000007 microliter,K3O4P,CN1C=NC2=C1C(=O)N(C(=O)N2C)C,caffeine,0.051654806000000004 milligram,0.266 micromole,0.05165480600000002 microliter,C8H10N4O2,C1COCCO1,dioxane,11.124 milligram,126.25700860327335 micromole,10.8 microliter,C4H8O2,O,water,1.2000000000000002 milligram,66.6111573688593 micromole,1.2000000000000002 microliter,H2O,CCC(CC#N)n1cc(-c2ccc(N)cc2)cn1,suzuki_product_0,0.0 milligram,0.0 micromole,0 microliter,C14H16N4,CCC(CC#N)n1cccn1,dehalogenation_0,0.0 milligram,0.0 micromole,0 microliter,C8H11N3,Nc1ccccc1,deborylation_0,0.0 milligram,0.0 micromole,0 microliter,C6H7N,CCC(CC#N)N1C=C(C=N1)Cl.B1(OC(C(O1)(C)C)(C)C)C2=CC=C(C=C2)N>>CCC(CC#N)n1cc(-c2ccc(N)cc2)cn1.CCC(CC#N)n1cccn1.Nc1ccccc1,005_RLN-NB-2443_012_P18,7/8/2023 5:45:16 AM,005_rln-nb-2443_012_p18.raw,2min_150_1200.EXP,005_RLN-NB-2443_012_P18,005_RLN-NB-2443_012_P18,Rxn_Opt_HSST3_2_98,Analog,0,0,0,0,0,1.1908657116645047,0.7415,0,0,0,False,93.05784922892,1.25,deborylation_0,0,0,0,0,0,55.80978639622748,40.431790133990674,1.1908657116645047,194.9,0.7415,0,0,0,0,0,0,0,0,0,0,0,0,0,0,0,0,0,0,0,0,4.397617095377715,3.375477664078837,0.0994202976746637,596.2,1.1148,0,0,0,0,0,0,0,0,0,0,0.0,0.0,0.0,0.0,0.0,0.0,0.0,0.0,0.0,0.0,0.0,0.0,0.0,0.0,0.0,0.0,0.0,2.2207205163793445e-05,8.34857336984716,0.0,0.0,0.0,0.0
378,P19,CS(=O)(=O)O[Pd]c1ccccc1-c2ccccc2N.COc3cccc(OC)c3-c4ccccc4P(C5CCCCC5)C6CCCCC6,SPhos Pd G3,0.04154969699999998 milligram,0.05325 micromole,0.04154969699999999 microliter,C39H48NO5PPdS,CN1C=NC=C(C1=O)Br,"5-bromo-3-methyl-3,4-dihydropyrimidin-4-one",0.050277192 milligram,0.266 micromole,0.05027719200000001 microliter,C5H5BrN2O,B1(OC(C(O1)(C)C)(C)C)C2=CCN(CC2)C(=O)OC(C)(C)C,"N-Boc-1,2,5,6-tetrahydropyridine-4-boronic acid pinacol ester",0.09894880000000003 milligram,0.32000000000000006 micromole,0.09894880000000006 microliter,C16H28BNO4,[K+].[K+].[K+].[O-]P([O-])([O-])=O,K3PO4,0.42452799999999996 milligram,2.0 micromole,0.42452800000000007 microliter,K3O4P,CN1C=NC2=C1C(=O)N(C(=O)N2C)C,caffeine,0.051654806000000004 milligram,0.266 micromole,0.05165480600000002 microliter,C8H10N4O2,C1COCCO1,dioxane,11.124 milligram,126.25700860327335 micromole,10.8 microliter,C4H8O2,O,water,1.2000000000000002 milligram,66.6111573688593 micromole,1.2000000000000002 microliter,H2O,Cn1cncc(C2=CCN(C(=O)OC(C)(C)C)CC2)c1=O,suzuki_product_0,0.0 milligram,0.0 micromole,0 microliter,C15H21N3O3,Cn1cnccc1=O,dehalogenation_0,0.0 milligram,0.0 micromole,0 microliter,C5H6N2O,CC(C)(C)OC(=O)N1CC=CCC1,deborylation_0,0.0 milligram,0.0 micromole,0 microliter,C10H17NO2,CN1C=NC=C(C1=O)Br.B1(OC(C(O1)(C)C)(C)C)C2=CCN(CC2)C(=O)OC(C)(C)C>>Cn1cncc(C2=CCN(C(=O)OC(C)(C)C)CC2)c1=O.Cn1cnccc1=O.CC(C)(C)OC(=O)N1CC=CCC1,005_RLN-NB-2443_012_P19,7/8/2023 5:47:42 AM,005_rln-nb-2443_012_p19.raw,2min_150_1200.EXP,005_RLN-NB-2443_012_P19,005_RLN-NB-2443_012_P19,Rxn_Opt_HSST3_2_98,Analog,3.0270361399748005,0,3.4233115515439265,77.84568498910026,1.0398,1.130912018636297,0.7415,0,0,0,False,183.12592878876,1.25,deborylation_0,0,0,0,0,0,53.443200554030035,20.456136746646695,1.130912018636297,195,0.7415,0,0,0,0,0,0,0,0,0,0,129.68482709419902,61.92146521636609,3.4233115515439265,291.9,1.0398,0,0,0,0,0,0,0,0,0,0,0,0,0,0,0,0,0,0,0,0,0.0,0.0,0.0,0.0,0.0,0.0,0.0,0.0,0.0,0.000805191613233297,302.70361399748003,0.0,0.0,0.0,0.0,0.0,0.0,0.0,0.0,0.0,0.0,0.0,0.0
379,P20,CS(=O)(=O)O[Pd]c1ccccc1-c2ccccc2N.COc3cccc(OC)c3-c4ccccc4P(C5CCCCC5)C6CCCCC6,SPhos Pd G3,0.04154969699999998 milligram,0.05325 micromole,0.04154969699999999 microliter,C39H48NO5PPdS,CN1C=NC=C(C1=O)Br,"5-bromo-3-methyl-3,4-dihydropyrimidin-4-one",0.050277192 milligram,0.266 micromole,0.05027719200000001 microliter,C5H5BrN2O,B1(OC(C(O1)(C)C)(C)C)C2=CC=C(C=C2)N,"4-(4,4,5,5-tetramethyl-1,3,2-dioxaborolan-2-yl)aniline",0.07010976000000002 milligram,0.32000000000000006 micromole,0.07010976000000003 microliter,C12H18BNO2,[K+].[K+].[K+].[O-]P([O-])([O-])=O,K3PO4,0.42452799999999996 milligram,2.0 micromole,0.42452800000000007 microliter,K3O4P,CN1C=NC2=C1C(=O)N(C(=O)N2C)C,caffeine,0.051654806000000004 milligram,0.266 micromole,0.05165480600000002 microliter,C8H10N4O2,C1COCCO1,dioxane,11.124 milligram,126.25700860327335 micromole,10.8 microliter,C4H8O2,O,water,1.2000000000000002 milligram,66.6111573688593 micromole,1.2000000000000002 microliter,H2O,Cn1cncc(-c2ccc(N)cc2)c1=O,suzuki_product_0,0.0 milligram,0.0 micromole,0 microliter,C11H11N3O,Cn1cnccc1=O,dehalogenation_0,0.0 milligram,0.0 micromole,0 microliter,C5H6N2O,Nc1ccccc1,deborylation_0,0.0 milligram,0.0 micromole,0 microliter,C6H7N,CN1C=NC=C(C1=O)Br.B1(OC(C(O1)(C)C)(C)C)C2=CC=C(C=C2)N>>Cn1cncc(-c2ccc(N)cc2)c1=O.Cn1cnccc1=O.Nc1ccccc1,005_RLN-NB-2443_012_P20,7/8/2023 5:50:09 AM,005_rln-nb-2443_012_p20.raw,2min_150_1200.EXP,005_RLN-NB-2443_012_P20,005_RLN-NB-2443_012_P20,Rxn_Opt_HSST3_2_98,Analog,0.6409985671328625,0,0.5746899061952948,36.26391303738758,0.6181,0.8965541198724339,0.7431,0,0,0,False,93.05784922892,1.25,deborylation_0,0,0,0,0,0,41.88951388949083,36.13247402670834,0.8965541198724339,194.9,0.7431,0,0,0,0,0,0,0,0,0,0,22.911953302164342,23.160864078085417,0.5746899061952948,202,0.6181,0,0,0,0,0,0,0,0,0,0,0,0,0,0,0,0,0,0,0,0,0.0,0.0,0.0,0.0,0.0,0.0,0.0,0.0,0.0,0.00017050561885734145,64.09985671328626,0.0,0.0,0.0,0.0,0.0,0.0,0.0,0.0,0.0,0.0,0.0,0.0
380,P21,CS(=O)(=O)O[Pd]c1ccccc1-c2ccccc2N.COc3cccc(OC)c3-c4ccccc4P(C5CCCCC5)C6CCCCC6,SPhos Pd G3,0.04154969699999998 milligram,0.05325 micromole,0.04154969699999999 microliter,C39H48NO5PPdS,C1CON=C1C2=CC=C(C=C2)Br,"3-(4-bromophenyl)-4,5-dihydro-1,2-oxazole",0.060135417999999996 milligram,0.266 micromole,0.06013541800000001 microliter,C9H8BrNO,B1(OC(C(O1)(C)C)(C)C)C2=CCN(CC2)C(=O)OC(C)(C)C,"N-Boc-1,2,5,6-tetrahydropyridine-4-boronic acid pinacol ester",0.09894880000000003 milligram,0.32000000000000006 micromole,0.09894880000000006 microliter,C16H28BNO4,[K+].[K+].[K+].[O-]P([O-])([O-])=O,K3PO4,0.42452799999999996 milligram,2.0 micromole,0.42452800000000007 microliter,K3O4P,CN1C=NC2=C1C(=O)N(C(=O)N2C)C,caffeine,0.051654806000000004 milligram,0.266 micromole,0.05165480600000002 microliter,C8H10N4O2,C1COCCO1,dioxane,11.124 milligram,126.25700860327335 micromole,10.8 microliter,C4H8O2,O,water,1.2000000000000002 milligram,66.6111573688593 micromole,1.2000000000000002 microliter,H2O,CC(C)(C)OC(=O)N1CC=C(c2ccc(C3=NOCC3)cc2)CC1,suzuki_product_0,0.0 milligram,0.0 micromole,0 microliter,C19H24N2O3,c1ccc(C2=NOCC2)cc1,dehalogenation_0,0.0 milligram,0.0 micromole,0 microliter,C9H9NO,CC(C)(C)OC(=O)N1CC=CCC1,deborylation_0,0.0 milligram,0.0 micromole,0 microliter,C10H17NO2,C1CON=C1C2=CC=C(C=C2)Br.B1(OC(C(O1)(C)C)(C)C)C2=CCN(CC2)C(=O)OC(C)(C)C>>CC(C)(C)OC(=O)N1CC=C(c2ccc(C3=NOCC3)cc2)CC1.c1ccc(C2=NOCC2)cc1.CC(C)(C)OC(=O)N1CC=CCC1,005_RLN-NB-2443_012_P21,7/8/2023 5:52:36 AM,005_rln-nb-2443_012_p21.raw,2min_150_1200.EXP,005_RLN-NB-2443_012_P21,005_RLN-NB-2443_012_P21,Rxn_Opt_HSST3_2_98,Analog,5.26358164586988,0,5.8964637067681505,76.00650686383543,1.3415,1.1202379108899865,0.7448,0.1619341929894948,1.1765,0,False,183.12592878876,1.25,deborylation_0,0,0,0,0,0,52.06359334290161,12.618022016591745,1.1202379108899865,195,0.7448,0,0,0,0,0,0,0,0,0,0,263.57887742624075,66.41598909371436,5.8964637067681505,228.9,1.3415,0,0,0,0,0,0,0,0,0,0,0,0,0,0,0,5.475978630520923,1.823977918009529,0.1619341929894948,271,1.1765,0.0,0.0,0.0,0.0,0.0,0.0,0.0,0.0,0.0,0.001400112717801388,526.358164586988,0.0,0.0,0.0,0.0,0.0,0.0,0.0,0.0,0.0,0.0,3.845120301363892e-05,14.455339478811624
381,P22,CS(=O)(=O)O[Pd]c1ccccc1-c2ccccc2N.COc3cccc(OC)c3-c4ccccc4P(C5CCCCC5)C6CCCCC6,SPhos Pd G3,0.04154969699999998 milligram,0.05325 micromole,0.04154969699999999 microliter,C39H48NO5PPdS,C1CON=C1C2=CC=C(C=C2)Br,"3-(4-bromophenyl)-4,5-dihydro-1,2-oxazole",0.060135417999999996 milligram,0.266 micromole,0.06013541800000001 microliter,C9H8BrNO,B1(OC(C(O1)(C)C)(C)C)C2=CC=C(C=C2)N,"4-(4,4,5,5-tetramethyl-1,3,2-dioxaborolan-2-yl)aniline",0.07010976000000002 milligram,0.32000000000000006 micromole,0.07010976000000003 microliter,C12H18BNO2,[K+].[K+].[K+].[O-]P([O-])([O-])=O,K3PO4,0.42452799999999996 milligram,2.0 micromole,0.42452800000000007 microliter,K3O4P,CN1C=NC2=C1C(=O)N(C(=O)N2C)C,caffeine,0.051654806000000004 milligram,0.266 micromole,0.05165480600000002 microliter,C8H10N4O2,C1COCCO1,dioxane,11.124 milligram,126.25700860327335 micromole,10.8 microliter,C4H8O2,O,water,1.2000000000000002 milligram,66.6111573688593 micromole,1.2000000000000002 microliter,H2O,Nc1ccc(-c2ccc(C3=NOCC3)cc2)cc1,suzuki_product_0,0.0 milligram,0.0 micromole,0 microliter,C15H14N2O,c1ccc(C2=NOCC2)cc1,dehalogenation_0,0.0 milligram,0.0 micromole,0 microliter,C9H9NO,Nc1ccccc1,deborylation_0,0.0 milligram,0.0 micromole,0 microliter,C6H7N,C1CON=C1C2=CC=C(C=C2)Br.B1(OC(C(O1)(C)C)(C)C)C2=CC=C(C=C2)N>>Nc1ccc(-c2ccc(C3=NOCC3)cc2)cc1.c1ccc(C2=NOCC2)cc1.Nc1ccccc1,005_RLN-NB-2443_012_P22,7/8/2023 5:55:03 AM,005_rln-nb-2443_012_p22.raw,2min_150_1200.EXP,005_RLN-NB-2443_012_P22,005_RLN-NB-2443_012_P22,Rxn_Opt_HSST3_2_98,Analog,2.9490406817365766,0,3.5038947918001737,67.30932112544282,0.9548,1.1881473231277586,0.7398,0,0,0,False,93.05784922892,1.25,deborylation_0,0,0,0,0,0,57.31728457055292,18.582781066069767,1.1881473231277586,194.9,0.7398,0,0,0,0,0,0,0,0,0,0,140.89791811159887,54.80137734364393,3.5038947918001737,239,0.9548,0,0,0,0,0,0,0,0,0,0,0,0,0,0,0,0,0,0,0,0,0.0,0.0,0.0,0.0,0.0,0.0,0.0,0.0,0.0,0.0007844448213419294,294.90406817365766,0.0,0.0,0.0,0.0,0.0,0.0,0.0,0.0,0.0,0.0,0.0,0.0
382,P23,CS(=O)(=O)O[Pd]c1ccccc1-c2ccccc2N.COc3cccc(OC)c3-c4ccccc4P(C5CCCCC5)C6CCCCC6,SPhos Pd G3,0.04154969699999998 milligram,0.05325 micromole,0.04154969699999999 microliter,C39H48NO5PPdS,C1CON=C1C2=CC=C(C=C2)Br,"3-(4-bromophenyl)-4,5-dihydro-1,2-oxazole",0.060135417999999996 milligram,0.266 micromole,0.06013541800000001 microliter,C9H8BrNO,B1(OC(C(O1)(C)C)(C)C)C2=CCN(CC2)C(=O)OC(C)(C)C,"N-Boc-1,2,5,6-tetrahydropyridine-4-boronic acid pinacol ester",0.09894880000000003 milligram,0.32000000000000006 micromole,0.09894880000000006 microliter,C16H28BNO4,[K+].[K+].[K+].[O-]P([O-])([O-])=O,K3PO4,0.42452799999999996 milligram,2.0 micromole,0.42452800000000007 microliter,K3O4P,CN1C=NC2=C1C(=O)N(C(=O)N2C)C,caffeine,0.051654806000000004 milligram,0.266 micromole,0.05165480600000002 microliter,C8H10N4O2,C1COCCO1,dioxane,11.124 milligram,126.25700860327335 micromole,10.8 microliter,C4H8O2,O,water,1.2000000000000002 milligram,66.6111573688593 micromole,1.2000000000000002 microliter,H2O,CC(C)(C)OC(=O)N1CC=C(c2ccc(C3=NOCC3)cc2)CC1,suzuki_product_0,0.0 milligram,0.0 micromole,0 microliter,C19H24N2O3,c1ccc(C2=NOCC2)cc1,dehalogenation_0,0.0 milligram,0.0 micromole,0 microliter,C9H9NO,CC(C)(C)OC(=O)N1CC=CCC1,deborylation_0,0.0 milligram,0.0 micromole,0 microliter,C10H17NO2,C1CON=C1C2=CC=C(C=C2)Br.B1(OC(C(O1)(C)C)(C)C)C2=CCN(CC2)C(=O)OC(C)(C)C>>CC(C)(C)OC(=O)N1CC=C(c2ccc(C3=NOCC3)cc2)CC1.c1ccc(C2=NOCC2)cc1.CC(C)(C)OC(=O)N1CC=CCC1,005_RLN-NB-2443_012_P23,7/8/2023 5:57:30 AM,005_rln-nb-2443_012_p23.raw,2min_150_1200.EXP,005_RLN-NB-2443_012_P23,005_RLN-NB-2443_012_P23,Rxn_Opt_HSST3_2_98,Analog,5.553407614989673,0,7.287611460233081,83.95254048039745,1.3398,1.3122774277476896,0.7431,0,0,0,False,183.12592878876,1.25,deborylation_0,0,0,0,0,0,59.24908918490431,13.13208510404623,1.3122774277476896,194.9,0.7431,0,0,0,0,0,0,0,0,0,0,317.8246368125633,72.92782141750278,7.287611460233081,228.9,1.3398,0,0,0,0,0,0,0,0,0,0,0,0,0,0,0,0,0,0,0,0,0.0,0.0,0.0,0.0,0.0,0.0,0.0,0.0,0.0,0.0014772064255872532,555.3407614989674,0.0,0.0,0.0,0.0,0.0,0.0,0.0,0.0,0.0,0.0,0.0,0.0
383,P24,CS(=O)(=O)O[Pd]c1ccccc1-c2ccccc2N.COc3cccc(OC)c3-c4ccccc4P(C5CCCCC5)C6CCCCC6,SPhos Pd G3,0.04154969699999998 milligram,0.05325 micromole,0.04154969699999999 microliter,C39H48NO5PPdS,C1CON=C1C2=CC=C(C=C2)Br,"3-(4-bromophenyl)-4,5-dihydro-1,2-oxazole",0.060135417999999996 milligram,0.266 micromole,0.06013541800000001 microliter,C9H8BrNO,B1(OC(C(O1)(C)C)(C)C)C2=CC=C(C=C2)N,"4-(4,4,5,5-tetramethyl-1,3,2-dioxaborolan-2-yl)aniline",0.07010976000000002 milligram,0.32000000000000006 micromole,0.07010976000000003 microliter,C12H18BNO2,[K+].[K+].[K+].[O-]P([O-])([O-])=O,K3PO4,0.42452799999999996 milligram,2.0 micromole,0.42452800000000007 microliter,K3O4P,CN1C=NC2=C1C(=O)N(C(=O)N2C)C,caffeine,0.051654806000000004 milligram,0.266 micromole,0.05165480600000002 microliter,C8H10N4O2,C1COCCO1,dioxane,11.124 milligram,126.25700860327335 micromole,10.8 microliter,C4H8O2,O,water,1.2000000000000002 milligram,66.6111573688593 micromole,1.2000000000000002 microliter,H2O,Nc1ccc(-c2ccc(C3=NOCC3)cc2)cc1,suzuki_product_0,0.0 milligram,0.0 micromole,0 microliter,C15H14N2O,c1ccc(C2=NOCC2)cc1,dehalogenation_0,0.0 milligram,0.0 micromole,0 microliter,C9H9NO,Nc1ccccc1,deborylation_0,0.0 milligram,0.0 micromole,0 microliter,C6H7N,C1CON=C1C2=CC=C(C=C2)Br.B1(OC(C(O1)(C)C)(C)C)C2=CC=C(C=C2)N>>Nc1ccc(-c2ccc(C3=NOCC3)cc2)cc1.c1ccc(C2=NOCC2)cc1.Nc1ccccc1,005_RLN-NB-2443_012_P24,7/8/2023 5:59:58 AM,005_rln-nb-2443_012_p24.raw,2min_150_1200.EXP,005_RLN-NB-2443_012_P24,005_RLN-NB-2443_012_P24,Rxn_Opt_HSST3_2_98,Analog,2.756405928069258,0,3.9946005467097,69.82316680752237,0.9565,1.4492061949336117,0.7431,0,0,0,False,93.05784922892,1.25,deborylation_0,0,0,0,0,0,66.17199816737725,20.21143024826914,1.4492061949336117,194.9,0.7431,0,0,0,0,0,0,0,0,0,0,160.8768764266151,55.71090615108737,3.9946005467097,239,0.9565,0,0,0,0,0,0,0,0,0,0,0,0,0,0,0,0,0,0,0,0,0.0,0.0,0.0,0.0,0.0,0.0,0.0,0.0,0.0,0.0007332039768664226,275.6405928069258,0.0,0.0,0.0,0.0,0.0,0.0,0.0,0.0,0.0,0.0,0.0,0.0
