well,catalyst_1&smiles,catalyst_1&name,catalyst_1&mass,catalyst_1&umol,catalyst_1&volume,catalyst_1&formula,reactant_1&smiles,reactant_1&name,reactant_1&mass,reactant_1&umol,reactant_1&volume,reactant_1&formula,reactant_2&smiles,reactant_2&name,reactant_2&mass,reactant_2&umol,reactant_2&volume,reactant_2&formula,base_1&smiles,base_1&name,base_1&mass,base_1&umol,base_1&volume,base_1&formula,IS_1&smiles,IS_1&name,IS_1&mass,IS_1&umol,IS_1&volume,IS_1&formula,solvent_1&smiles,solvent_1&name,solvent_1&mass,solvent_1&umol,solvent_1&volume,solvent_1&formula,solvent_2&smiles,solvent_2&name,solvent_2&mass,solvent_2&umol,solvent_2&volume,solvent_2&formula,product_1&smiles,product_1&name,product_1&mass,product_1&umol,product_1&volume,product_1&formula,product_2&smiles,product_2&name,product_2&mass,product_2&umol,product_2&volume,product_2&formula,product_3&smiles,product_3&name,product_3&mass,product_3&umol,product_3&volume,product_3&formula,reaction_smiles,id,conversion,product_yield,product_4&smiles,product_4&name,product_4&mass,product_4&umol,product_4&volume,product_4&formula,Sample_Attributes__Acquired,Sample_Attributes__Data_File,Sample_Attributes__MS_Method,Sample_Attributes__Sample_Id,Sample_Attributes__Sample_Name,Expressions__Method_Name,Expressions__Primary_Detector,Expressions__Product_/_IS_Area_Ratio,Expressions__Conversion_%,Expressions__Product_Area,Expressions__Product_Area_%,Expressions__Product_Retention_Time,Expressions__Internal_Standard_Area,Expressions__Internal_Standard_Retention_Time,Expressions__Starting_Material_Area,Expressions__Starting_Material_Retention_Time,Expressions__Observed_Masses,Expressions__Product_Found,Expressions__Target_MW,Expressions__Intercept,Starting_Materials__Product_Substance_Name,"8-bromoimidazo[1,2-a]pyridine__Absolute_Height","8-bromoimidazo[1,2-a]pyridine__Area_%","8-bromoimidazo[1,2-a]pyridine__Area_Abs","8-bromoimidazo[1,2-a]pyridine__BPM(+)","8-bromoimidazo[1,2-a]pyridine__Rt_(min)",caffeine__Absolute_Height,caffeine__Area_%,caffeine__Area_Abs,caffeine__BPM(+),caffeine__Rt_(min),deborylation_0__Absolute_Height,deborylation_0__Area_%,deborylation_0__Area_Abs,deborylation_0__BPM(+),deborylation_0__Rt_(min),dehalogenation_0__Absolute_Height,dehalogenation_0__Area_%,dehalogenation_0__Area_Abs,dehalogenation_0__BPM(+),dehalogenation_0__Rt_(min),"N-Boc-1,2,5,6-tetrahydropyridine-4-boronic_acid_pinacol_ester__Absolute_Height","N-Boc-1,2,5,6-tetrahydropyridine-4-boronic_acid_pinacol_ester__Area_%","N-Boc-1,2,5,6-tetrahydropyridine-4-boronic_acid_pinacol_ester__Area_Abs","N-Boc-1,2,5,6-tetrahydropyridine-4-boronic_acid_pinacol_ester__BPM(+)","N-Boc-1,2,5,6-tetrahydropyridine-4-boronic_acid_pinacol_ester__Rt_(min)","4-(4,4,5,5-tetramethyl-1,3,2-dioxaborolan-2-yl)aniline__Absolute_Height","4-(4,4,5,5-tetramethyl-1,3,2-dioxaborolan-2-yl)aniline__Area_%","4-(4,4,5,5-tetramethyl-1,3,2-dioxaborolan-2-yl)aniline__Area_Abs","4-(4,4,5,5-tetramethyl-1,3,2-dioxaborolan-2-yl)aniline__BPM(+)","4-(4,4,5,5-tetramethyl-1,3,2-dioxaborolan-2-yl)aniline__Rt_(min)",bis_addition_1__Absolute_Height,bis_addition_1__Area_%,bis_addition_1__Area_Abs,bis_addition_1__BPM(+),bis_addition_1__Rt_(min),bis_addition_2__Absolute_Height,bis_addition_2__Area_%,bis_addition_2__Area_Abs,bis_addition_2__BPM(+),bis_addition_2__Rt_(min),4-chloro-6-methoxypyrimidin-5-amine__Absolute_Height,4-chloro-6-methoxypyrimidin-5-amine__Area_%,4-chloro-6-methoxypyrimidin-5-amine__Area_Abs,4-chloro-6-methoxypyrimidin-5-amine__BPM(+),4-chloro-6-methoxypyrimidin-5-amine__Rt_(min),1-(4-bromo-2-methylphenyl)pyrrolidin-2-one__Absolute_Height,1-(4-bromo-2-methylphenyl)pyrrolidin-2-one__Area_%,1-(4-bromo-2-methylphenyl)pyrrolidin-2-one__Area_Abs,1-(4-bromo-2-methylphenyl)pyrrolidin-2-one__BPM(+),1-(4-bromo-2-methylphenyl)pyrrolidin-2-one__Rt_(min),suzuki_product_0__Absolute_Height,suzuki_product_0__Area_%,suzuki_product_0__Area_Abs,suzuki_product_0__BPM(+),suzuki_product_0__Rt_(min),"1,3-dimethyl-4-(4,4,5,5-tetramethyl-1,3,2-dioxaborolan-2-yl)-1H-pyrazole__Absolute_Height","1,3-dimethyl-4-(4,4,5,5-tetramethyl-1,3,2-dioxaborolan-2-yl)-1H-pyrazole__Area_%","1,3-dimethyl-4-(4,4,5,5-tetramethyl-1,3,2-dioxaborolan-2-yl)-1H-pyrazole__Area_Abs","1,3-dimethyl-4-(4,4,5,5-tetramethyl-1,3,2-dioxaborolan-2-yl)-1H-pyrazole__BPM(+)","1,3-dimethyl-4-(4,4,5,5-tetramethyl-1,3,2-dioxaborolan-2-yl)-1H-pyrazole__Rt_(min)","1-(3,5-dichlorophenyl)-2,5-dimethyl-1H-pyrrole-3-carbaldehyde__Absolute_Height","1-(3,5-dichlorophenyl)-2,5-dimethyl-1H-pyrrole-3-carbaldehyde__Area_%","1-(3,5-dichlorophenyl)-2,5-dimethyl-1H-pyrrole-3-carbaldehyde__Area_Abs","1-(3,5-dichlorophenyl)-2,5-dimethyl-1H-pyrrole-3-carbaldehyde__BPM(+)","1-(3,5-dichlorophenyl)-2,5-dimethyl-1H-pyrrole-3-carbaldehyde__Rt_(min)","8-bromoimidazo[1,2-a]pyridine__Estimated_mmol","8-bromoimidazo[1,2-a]pyridine__Estimated_%remaining",suzuki_product_0__Estimated_mmol,suzuki_product_0__Estimated_%conversion,dehalogenation_0__Estimated_mmol,dehalogenation_0__Estimated_%conversion,deborylation_0__Estimated_mmol,deborylation_0__Estimated_%conversion,"1,3-dimethyl-4-(4,4,5,5-tetramethyl-1,3,2-dioxaborolan-2-yl)-1H-pyrazole__Estimated_mmol","1,3-dimethyl-4-(4,4,5,5-tetramethyl-1,3,2-dioxaborolan-2-yl)-1H-pyrazole__Estimated_%remaining","N-Boc-1,2,5,6-tetrahydropyridine-4-boronic_acid_pinacol_ester__Estimated_mmol","N-Boc-1,2,5,6-tetrahydropyridine-4-boronic_acid_pinacol_ester__Estimated_%remaining","4-(4,4,5,5-tetramethyl-1,3,2-dioxaborolan-2-yl)aniline__Estimated_mmol","4-(4,4,5,5-tetramethyl-1,3,2-dioxaborolan-2-yl)aniline__Estimated_%remaining","1-(3,5-dichlorophenyl)-2,5-dimethyl-1H-pyrrole-3-carbaldehyde__Estimated_mmol","1-(3,5-dichlorophenyl)-2,5-dimethyl-1H-pyrrole-3-carbaldehyde__Estimated_%remaining",bis_addition_1__Estimated_mmol,bis_addition_1__Estimated_%conversion,bis_addition_2__Estimated_mmol,bis_addition_2__Estimated_%conversion,4-chloro-6-methoxypyrimidin-5-amine__Estimated_mmol,4-chloro-6-methoxypyrimidin-5-amine__Estimated_%remaining,1-(4-bromo-2-methylphenyl)pyrrolidin-2-one__Estimated_mmol,1-(4-bromo-2-methylphenyl)pyrrolidin-2-one__Estimated_%remaining
A1,CC(C)C1=CC(C(C)C)=CC(C(C)C)=C1C2=C([P+](C3CCCCC3)([Pd-2]4(OS(C)(=O)=O)C(C=CC=C5)=C5C6=C([NH+]4C)C=CC=C6)C7CCCCC7)C=CC=C2,XPhos Pd G4,0.13767904 milligram,0.16000000000000003 micromole,0.13767904000000003 microliter,C47H64NO3PPdS,BrC1=CC=CN2C=CN=C12,"8-bromoimidazo[1,2-a]pyridine",0.15762800000000002 milligram,0.8 micromole,0.15762800000000005 microliter,C7H5BrN2,B1(OC(C(O1)(C)C)(C)C)C2=CN=C(C=C2)C,"2-methyl-5-(4,4,5,5-tetramethyl-1,3,2-dioxaborolan-2-yl)pyridine",0.21032928 milligram,0.9600000000000001 micromole,0.21032928000000006 microliter,C12H18BNO2,O=C([O-])[O-].[Na+].[Na+],Na2CO3,0.635928 milligram,6.0 micromole,0.6359280000000002 microliter,CNa2O3,CN1C=NC2=C1C(=O)N(C(=O)N2C)C,caffeine,0.1553528 milligram,0.8 micromole,0.15535280000000004 microliter,C8H10N4O2,C1COCCO1,dioxane,32.445 milligram,368.2496084262139 micromole,31.5 microliter,C4H8O2,O,water,3.5 milligram,194.2825423258396 micromole,3.5 microliter,H2O,Cc1ccc(-c2cccn3ccnc23)cn1,suzuki_product_0,0.0 milligram,0.0 micromole,0 microliter,C13H11N3,c1ccn2ccnc2c1,dehalogenation_0,0.0 milligram,0.0 micromole,0 microliter,C7H6N2,Cc1ccccn1,deborylation_0,0.0 milligram,0.0 micromole,0 microliter,C6H7N,BrC1=CC=CN2C=CN=C12.B1(OC(C(O1)(C)C)(C)C)C2=CN=C(C=C2)C>>Cc1ccc(-c2cccn3ccnc23)cn1.c1ccn2ccnc2c1.Cc1ccccn1,001_RLN-NB-2443_007_A1,,,,,,,,,3/29/23 16:38,kat78-2-a1-a1_03_22_2023_1.raw,2min_150_1200.EXP,001_RLN-NB-2443_007_A1,KAT78-2-A1-A1_KAT78-2-A1-A1_KAT78-2-A1-A1,0,0,0,0,0,0,0,0,0,0,0,0,0,0,0,deborylation_0,0,0,0,0,0,144.0174632,8.755721064,3.377676578,194.9,0.7151,0,0,0,0,0,0,0,0,0,0,0,0,0,0,0,0,0,0,0,0,0,0,0,0,0,0,0,0,0,0,0,0,0,0,0,0,0,0,0,0,31.42540815,2.140340717,0.825674854,210,0.3118,0,0,0,0,0,0,0,0,0,0,0,0,0.00019556,24.44505372,0,0,0,0,0,0,0,0,0,0,0,0,0,0,0,0,0,0,0,0
A2,CC(C)C1=CC(C(C)C)=CC(C(C)C)=C1C2=C([P+](C3CCCCC3)([Pd-2]4(OS(C)(=O)=O)C(C=CC=C5)=C5C6=C([NH+]4C)C=CC=C6)C7CCCCC7)C=CC=C2,XPhos Pd G4,0.13767904 milligram,0.16000000000000003 micromole,0.13767904000000003 microliter,C47H64NO3PPdS,BrC1=CC=CN2C=CN=C12,"8-bromoimidazo[1,2-a]pyridine",0.15762800000000002 milligram,0.8 micromole,0.15762800000000005 microliter,C7H5BrN2,B1(OC(C(O1)(C)C)(C)C)C2=CN(N=C2C)C,"1,3-dimethyl-4-(4,4,5,5-tetramethyl-1,3,2-dioxaborolan-2-yl)-1H-pyrazole",0.21321311999999998 milligram,0.9600000000000001 micromole,0.21321312000000003 microliter,C11H19BN2O2,O=C([O-])[O-].[Na+].[Na+],Na2CO3,0.635928 milligram,6.0 micromole,0.6359280000000002 microliter,CNa2O3,CN1C=NC2=C1C(=O)N(C(=O)N2C)C,caffeine,0.1553528 milligram,0.8 micromole,0.15535280000000004 microliter,C8H10N4O2,C1COCCO1,dioxane,32.445 milligram,368.2496084262139 micromole,31.5 microliter,C4H8O2,O,water,3.5 milligram,194.2825423258396 micromole,3.5 microliter,H2O,Cc1nn(C)cc1-c1cccn2ccnc12,suzuki_product_0,0.0 milligram,0.0 micromole,0 microliter,C12H12N4,c1ccn2ccnc2c1,dehalogenation_0,0.0 milligram,0.0 micromole,0 microliter,C7H6N2,Cc1ccn(C)n1,deborylation_0,0.0 milligram,0.0 micromole,0 microliter,C5H8N2,BrC1=CC=CN2C=CN=C12.B1(OC(C(O1)(C)C)(C)C)C2=CN(N=C2C)C>>Cc1nn(C)cc1-c1cccn2ccnc12.c1ccn2ccnc2c1.Cc1ccn(C)n1,001_RLN-NB-2443_007_A2,,,,,,,,,3/29/23 16:42,kat78-2-a2-a1_03_22_2023_2.raw,2min_150_1200.EXP,001_RLN-NB-2443_007_A2,KAT78-2-A2-A1_KAT78-2-A2-A1_KAT78-2-A2-A1,0,0,0,0,0,0,0,0,0,0,0,0,0,0,0,deborylation_0,0,0,0,0,0,143.9606319,29.0722294,4.011193158,195,0.7268,0,0,0,0,0,0,0,0,0,0,0,0,0,0,0,0,0,0,0,0,0,0,0,0,0,0,0,0,0,0,0,0,0,0,0,0,0,0,0,0,17.88379508,2.828476461,0.3902544,213.1,0.6501,13.12874052,2.100262648,0.289780293,223,0.6918,0,0,0,0,0,0,0,7.78E-05,9.729135053,0,0,0,0,5.78E-05,7.224291675,0,0,0,0,0,0,0,0,0,0,0,0,0,0
A3,CC(C)C1=CC(C(C)C)=CC(C(C)C)=C1C2=C([P+](C3CCCCC3)([Pd-2]4(OS(C)(=O)=O)C(C=CC=C5)=C5C6=C([NH+]4C)C=CC=C6)C7CCCCC7)C=CC=C2,XPhos Pd G4,0.13767904 milligram,0.16000000000000003 micromole,0.13767904000000003 microliter,C47H64NO3PPdS,BrC1=CC=CN2C=CN=C12,"8-bromoimidazo[1,2-a]pyridine",0.15762800000000002 milligram,0.8 micromole,0.15762800000000005 microliter,C7H5BrN2,B1(OC(C(O1)(C)C)(C)C)C2=CCN(CC2)C(=O)OC(C)(C)C,"N-Boc-1,2,5,6-tetrahydropyridine-4-boronic acid pinacol ester",0.29684640000000007 milligram,0.9600000000000001 micromole,0.2968464000000001 microliter,C16H28BNO4,O=C([O-])[O-].[Na+].[Na+],Na2CO3,0.635928 milligram,6.0 micromole,0.6359280000000002 microliter,CNa2O3,CN1C=NC2=C1C(=O)N(C(=O)N2C)C,caffeine,0.1553528 milligram,0.8 micromole,0.15535280000000004 microliter,C8H10N4O2,C1COCCO1,dioxane,32.445 milligram,368.2496084262139 micromole,31.5 microliter,C4H8O2,O,water,3.5 milligram,194.2825423258396 micromole,3.5 microliter,H2O,CC(C)(C)OC(=O)N1CC=C(c2cccn3ccnc23)CC1,suzuki_product_0,0.0 milligram,0.0 micromole,0 microliter,C17H21N3O2,c1ccn2ccnc2c1,dehalogenation_0,0.0 milligram,0.0 micromole,0 microliter,C7H6N2,CC(C)(C)OC(=O)N1CC=CCC1,deborylation_0,0.0 milligram,0.0 micromole,0 microliter,C10H17NO2,BrC1=CC=CN2C=CN=C12.B1(OC(C(O1)(C)C)(C)C)C2=CCN(CC2)C(=O)OC(C)(C)C>>CC(C)(C)OC(=O)N1CC=C(c2cccn3ccnc23)CC1.c1ccn2ccnc2c1.CC(C)(C)OC(=O)N1CC=CCC1,001_RLN-NB-2443_007_A3,,,,,,,,,3/29/23 16:44,kat78-2-a3-a1_03_22_2023_3.raw,2min_150_1200.EXP,001_RLN-NB-2443_007_A3,KAT78-2-A3-A1_KAT78-2-A3-A1_KAT78-2-A3-A1,0,0,0,0,0,0,0,0,0,0,0,0,0,0,0,deborylation_0,171.6067269,20.2098599,4.204512577,195,0.7284,171.6067269,20.2098599,4.204512577,195,0.7284,0,0,0,0,0,0,0,0,0,0,0,0,0,0,0,0,0,0,0,0,0,0,0,0,0,0,0,0,0,0,0,0,0,0,0,0,0,0,0,0,207.7463262,28.71517421,5.973980608,300,0.8651,0,0,0,0,0,0,0,0,0,0,0.0008,100,0.00113668,142.0849741,0,0,0,0,0,0,0,0,0,0,0,0,0,0,0,0,0,0,0,0
A4,CC(C)C1=CC(C(C)C)=CC(C(C)C)=C1C2=C([P+](C3CCCCC3)([Pd-2]4(OS(C)(=O)=O)C(C=CC=C5)=C5C6=C([NH+]4C)C=CC=C6)C7CCCCC7)C=CC=C2,XPhos Pd G4,0.13767904 milligram,0.16000000000000003 micromole,0.13767904000000003 microliter,C47H64NO3PPdS,BrC1=CC=CN2C=CN=C12,"8-bromoimidazo[1,2-a]pyridine",0.15762800000000002 milligram,0.8 micromole,0.15762800000000005 microliter,C7H5BrN2,B1(OC(C(O1)(C)C)(C)C)C2=CCN(CC2)C(=O)OC(C)(C)C,"N-Boc-1,2,5,6-tetrahydropyridine-4-boronic acid pinacol ester",0.29684640000000007 milligram,0.9600000000000001 micromole,0.2968464000000001 microliter,C16H28BNO4,O=C([O-])[O-].[Na+].[Na+],Na2CO3,0.635928 milligram,6.0 micromole,0.6359280000000002 microliter,CNa2O3,CN1C=NC2=C1C(=O)N(C(=O)N2C)C,caffeine,0.1553528 milligram,0.8 micromole,0.15535280000000004 microliter,C8H10N4O2,C1COCCO1,dioxane,32.445 milligram,368.2496084262139 micromole,31.5 microliter,C4H8O2,O,water,3.5 milligram,194.2825423258396 micromole,3.5 microliter,H2O,CC(C)(C)OC(=O)N1CC=C(c2cccn3ccnc23)CC1,suzuki_product_0,0.0 milligram,0.0 micromole,0 microliter,C17H21N3O2,c1ccn2ccnc2c1,dehalogenation_0,0.0 milligram,0.0 micromole,0 microliter,C7H6N2,CC(C)(C)OC(=O)N1CC=CCC1,deborylation_0,0.0 milligram,0.0 micromole,0 microliter,C10H17NO2,BrC1=CC=CN2C=CN=C12.B1(OC(C(O1)(C)C)(C)C)C2=CCN(CC2)C(=O)OC(C)(C)C>>CC(C)(C)OC(=O)N1CC=C(c2cccn3ccnc23)CC1.c1ccn2ccnc2c1.CC(C)(C)OC(=O)N1CC=CCC1,001_RLN-NB-2443_007_A4,,,,,,,,,3/29/23 16:47,kat78-2-a4-a1_03_22_2023_4.raw,2min_150_1200.EXP,001_RLN-NB-2443_007_A4,KAT78-2-A4-A1_KAT78-2-A4-A1_KAT78-2-A4-A1,0,0,0,0,0,0,0,0,0,0,0,0,0,0,0,deborylation_0,0,0,0,0,0,151.1618119,19.85589073,3.954237699,195,0.7301,0,0,0,0,0,0,0,0,0,0,0,0,0,0,0,0,0,0,0,0,0,0,0,0,0,0,0,0,0,0,0,0,0,0,0,0,0,0,0,0,194.5053361,29.16928036,5.80896972,300,0.8684,0,0,0,0,0,0,0,0,0,0,0,0,0.001175239,146.9049198,0,0,0,0,0,0,0,0,0,0,0,0,0,0,0,0,0,0,0,0
A5,CC(C)C1=CC(C(C)C)=CC(C(C)C)=C1C2=C([P+](C3CCCCC3)([Pd-2]4(OS(C)(=O)=O)C(C=CC=C5)=C5C6=C([NH+]4C)C=CC=C6)C7CCCCC7)C=CC=C2,XPhos Pd G4,0.13767904 milligram,0.16000000000000003 micromole,0.13767904000000003 microliter,C47H64NO3PPdS,BrC1=CC=CN2C=CN=C12,"8-bromoimidazo[1,2-a]pyridine",0.15762800000000002 milligram,0.8 micromole,0.15762800000000005 microliter,C7H5BrN2,B1(OC(C(O1)(C)C)(C)C)C2=CC=C(C=C2)N,"4-(4,4,5,5-tetramethyl-1,3,2-dioxaborolan-2-yl)aniline",0.21032928 milligram,0.9600000000000001 micromole,0.21032928000000006 microliter,C12H18BNO2,O=C([O-])[O-].[Na+].[Na+],Na2CO3,0.635928 milligram,6.0 micromole,0.6359280000000002 microliter,CNa2O3,CN1C=NC2=C1C(=O)N(C(=O)N2C)C,caffeine,0.1553528 milligram,0.8 micromole,0.15535280000000004 microliter,C8H10N4O2,C1COCCO1,dioxane,32.445 milligram,368.2496084262139 micromole,31.5 microliter,C4H8O2,O,water,3.5 milligram,194.2825423258396 micromole,3.5 microliter,H2O,Nc1ccc(-c2cccn3ccnc23)cc1,suzuki_product_0,0.0 milligram,0.0 micromole,0 microliter,C13H11N3,c1ccn2ccnc2c1,dehalogenation_0,0.0 milligram,0.0 micromole,0 microliter,C7H6N2,Nc1ccccc1,deborylation_0,0.0 milligram,0.0 micromole,0 microliter,C6H7N,BrC1=CC=CN2C=CN=C12.B1(OC(C(O1)(C)C)(C)C)C2=CC=C(C=C2)N>>Nc1ccc(-c2cccn3ccnc23)cc1.c1ccn2ccnc2c1.Nc1ccccc1,001_RLN-NB-2443_007_A5,,,,,,,,,3/29/23 16:49,kat78-2-a5-a1_03_22_2023_5.raw,2min_150_1200.EXP,001_RLN-NB-2443_007_A5,KAT78-2-A5-A1_KAT78-2-A5-A1_KAT78-2-A5-A1,0,0,0,0,0,0,0,0,0,0,0,0,0,0,0,deborylation_0,0,0,0,0,0,170.2338208,26.2084994,4.365999662,194.9,0.7301,0,0,0,0,0,0,0,0,0,0,0,0,0,0,0,0,0,0,0,0,0,0,0,0,0,0,0,0,0,0,0,0,0,0,0,0,0,0,0,0,76.90061816,13.32650307,2.22002439,209.9,0.6334,0,0,0,0,0,0,0,0,0,0,0,0,0.000406784,50.84802019,0,0,0,0,0,0,0,0,0,0,0,0,0,0,0,0,0,0,0,0
A6,CC(C)C1=CC(C(C)C)=CC(C(C)C)=C1C2=C([P+](C3CCCCC3)([Pd-2]4(OS(C)(=O)=O)C(C=CC=C5)=C5C6=C([NH+]4C)C=CC=C6)C7CCCCC7)C=CC=C2,XPhos Pd G4,0.13767904 milligram,0.16000000000000003 micromole,0.13767904000000003 microliter,C47H64NO3PPdS,BrC1=CC=CN2C=CN=C12,"8-bromoimidazo[1,2-a]pyridine",0.15762800000000002 milligram,0.8 micromole,0.15762800000000005 microliter,C7H5BrN2,B1(OC(C(O1)(C)C)(C)C)C2=CC=C(C=C2)N,"4-(4,4,5,5-tetramethyl-1,3,2-dioxaborolan-2-yl)aniline",0.21032928 milligram,0.9600000000000001 micromole,0.21032928000000006 microliter,C12H18BNO2,O=C([O-])[O-].[Na+].[Na+],Na2CO3,0.635928 milligram,6.0 micromole,0.6359280000000002 microliter,CNa2O3,CN1C=NC2=C1C(=O)N(C(=O)N2C)C,caffeine,0.1553528 milligram,0.8 micromole,0.15535280000000004 microliter,C8H10N4O2,C1COCCO1,dioxane,32.445 milligram,368.2496084262139 micromole,31.5 microliter,C4H8O2,O,water,3.5 milligram,194.2825423258396 micromole,3.5 microliter,H2O,Nc1ccc(-c2cccn3ccnc23)cc1,suzuki_product_0,0.0 milligram,0.0 micromole,0 microliter,C13H11N3,c1ccn2ccnc2c1,dehalogenation_0,0.0 milligram,0.0 micromole,0 microliter,C7H6N2,Nc1ccccc1,deborylation_0,0.0 milligram,0.0 micromole,0 microliter,C6H7N,BrC1=CC=CN2C=CN=C12.B1(OC(C(O1)(C)C)(C)C)C2=CC=C(C=C2)N>>Nc1ccc(-c2cccn3ccnc23)cc1.c1ccn2ccnc2c1.Nc1ccccc1,001_RLN-NB-2443_007_A6,,,,,,,,,3/29/23 16:52,kat78-2-a6-a1_03_22_2023_6.raw,2min_150_1200.EXP,001_RLN-NB-2443_007_A6,KAT78-2-A6-A1_KAT78-2-A6-A1_KAT78-2-A6-A1,0,0,0,0,0,0,0,0,0,0,0,0,0,0,0,deborylation_0,0,0,0,0,0,158.7952861,24.37979587,3.888016874,194.9,0.7301,0,0,0,0,0,0,0,0,0,0,0,0,0,0,0,0,0,0,0,0,0,0,0,0,0,0,0,0,0,0,0,0,0,0,0,0,0,0,0,0,75.83904217,13.40518782,2.137819231,210,0.6334,0,0,0,0,0,0,0,0,0,0,0,0,0.000439879,54.98482388,0,0,0,0,0,0,0,0,0,0,0,0,0,0,0,0,0,0,0,0
A7,CC(C)C1=CC(C(C)C)=CC(C(C)C)=C1C2=C([P+](C3CCCCC3)([Pd-2]4(OS(C)(=O)=O)C(C=CC=C5)=C5C6=C([NH+]4C)C=CC=C6)C7CCCCC7)C=CC=C2,XPhos Pd G4,0.13767904 milligram,0.16000000000000003 micromole,0.13767904000000003 microliter,C47H64NO3PPdS,CC1=CC(C=O)=C(C)N1C2=CC(Cl)=CC(Cl)=C2,"1-(3,5-dichlorophenyl)-2,5-dimethyl-1H-pyrrole-3-carbaldehyde",0.2145144 milligram,0.8 micromole,0.21451440000000005 microliter,C13H11Cl2NO,B1(OC(C(O1)(C)C)(C)C)C2=CN=C(C=C2)C,"2-methyl-5-(4,4,5,5-tetramethyl-1,3,2-dioxaborolan-2-yl)pyridine",0.21032928 milligram,0.9600000000000001 micromole,0.21032928000000006 microliter,C12H18BNO2,O=C([O-])[O-].[Na+].[Na+],Na2CO3,0.635928 milligram,6.0 micromole,0.6359280000000002 microliter,CNa2O3,CN1C=NC2=C1C(=O)N(C(=O)N2C)C,caffeine,0.1553528 milligram,0.8 micromole,0.15535280000000004 microliter,C8H10N4O2,C1COCCO1,dioxane,32.445 milligram,368.2496084262139 micromole,31.5 microliter,C4H8O2,O,water,3.5 milligram,194.2825423258396 micromole,3.5 microliter,H2O,Cc1ccc(-c2cc(Cl)cc(-n3c(C)cc(C=O)c3C)c2)cn1,suzuki_product_0,0.0 milligram,0.0 micromole,0 microliter,C19H17ClN2O,Cc1ccc(-c2cc(-c3ccc(C)nc3)cc(-n3c(C)cc(C=O)c3C)c2)cn1,bis_addition_1,0.0 milligram,0.0 micromole,0 microliter,C25H23N3O,Cc1cc(C=O)c(C)n1-c1cccc(Cl)c1,dehalogenation_0,0.0 milligram,0.0 micromole,0 microliter,C13H12ClNO,CC1=CC(C=O)=C(C)N1C2=CC(Cl)=CC(Cl)=C2.B1(OC(C(O1)(C)C)(C)C)C2=CN=C(C=C2)C>>Cc1ccc(-c2cc(Cl)cc(-n3c(C)cc(C=O)c3C)c2)cn1.Cc1ccc(-c2cc(-c3ccc(C)nc3)cc(-n3c(C)cc(C=O)c3C)c2)cn1.Cc1cc(C=O)c(C)n1-c1cccc(Cl)c1.Cc1ccccn1,001_RLN-NB-2443_007_A7,,,Cc1ccccn1,deborylation_0,0.0 milligram,0.0 micromole,0 microliter,C6H7N,3/29/23 16:54,kat78-2-a7-a1_03_22_2023_7.raw,2min_150_1200.EXP,001_RLN-NB-2443_007_A7,KAT78-2-A7-A1_KAT78-2-A7-A1_KAT78-2-A7-A1,0,0,0,0,0,0,0,0,0,0,0,0,0,0,0,bis_addition_1,0,0,0,0,0,152.0731829,16.32278121,3.792973014,195,0.7301,0,0,0,0,0,0,0,0,0,0,0,0,0,0,0,0,0,0,0,0,72.31517476,8.580365861,1.993845028,382.2,0.8051,0,0,0,0,0,0,0,0,0,0,0,0,0,0,0,227.8440789,28.49386678,6.621204214,324.9,1.0334,0,0,0,0,0,52.7262068,4.933442342,1.146398609,267.9,1.3218,0,0,0.00139652,174.565023,0,0,0,0,0,0,0,0,0,0,0.000241794,30.22427537,0.000420535,52.5668129,0,0,0,0,0,0
A8,CC(C)C1=CC(C(C)C)=CC(C(C)C)=C1C2=C([P+](C3CCCCC3)([Pd-2]4(OS(C)(=O)=O)C(C=CC=C5)=C5C6=C([NH+]4C)C=CC=C6)C7CCCCC7)C=CC=C2,XPhos Pd G4,0.13767904 milligram,0.16000000000000003 micromole,0.13767904000000003 microliter,C47H64NO3PPdS,CC1=CC(C=O)=C(C)N1C2=CC(Cl)=CC(Cl)=C2,"1-(3,5-dichlorophenyl)-2,5-dimethyl-1H-pyrrole-3-carbaldehyde",0.2145144 milligram,0.8 micromole,0.21451440000000005 microliter,C13H11Cl2NO,B1(OC(C(O1)(C)C)(C)C)C2=CN(N=C2C)C,"1,3-dimethyl-4-(4,4,5,5-tetramethyl-1,3,2-dioxaborolan-2-yl)-1H-pyrazole",0.21321311999999998 milligram,0.9600000000000001 micromole,0.21321312000000003 microliter,C11H19BN2O2,O=C([O-])[O-].[Na+].[Na+],Na2CO3,0.635928 milligram,6.0 micromole,0.6359280000000002 microliter,CNa2O3,CN1C=NC2=C1C(=O)N(C(=O)N2C)C,caffeine,0.1553528 milligram,0.8 micromole,0.15535280000000004 microliter,C8H10N4O2,C1COCCO1,dioxane,32.445 milligram,368.2496084262139 micromole,31.5 microliter,C4H8O2,O,water,3.5 milligram,194.2825423258396 micromole,3.5 microliter,H2O,Cc1nn(C)cc1-c1cc(Cl)cc(-n2c(C)cc(C=O)c2C)c1,suzuki_product_0,0.0 milligram,0.0 micromole,0 microliter,C18H18ClN3O,Cc1nn(C)cc1-c1cc(-c2cn(C)nc2C)cc(-n2c(C)cc(C=O)c2C)c1,bis_addition_1,0.0 milligram,0.0 micromole,0 microliter,C23H25N5O,Cc1cc(C=O)c(C)n1-c1cccc(Cl)c1,dehalogenation_0,0.0 milligram,0.0 micromole,0 microliter,C13H12ClNO,CC1=CC(C=O)=C(C)N1C2=CC(Cl)=CC(Cl)=C2.B1(OC(C(O1)(C)C)(C)C)C2=CN(N=C2C)C>>Cc1nn(C)cc1-c1cc(Cl)cc(-n2c(C)cc(C=O)c2C)c1.Cc1nn(C)cc1-c1cc(-c2cn(C)nc2C)cc(-n2c(C)cc(C=O)c2C)c1.Cc1cc(C=O)c(C)n1-c1cccc(Cl)c1.Cc1ccn(C)n1,001_RLN-NB-2443_007_A8,,,Cc1ccn(C)n1,deborylation_0,0.0 milligram,0.0 micromole,0 microliter,C5H8N2,3/29/23 16:57,kat78-2-a8-a1_03_22_2023_8.raw,2min_150_1200.EXP,001_RLN-NB-2443_007_A8,KAT78-2-A8-A1_KAT78-2-A8-A1_KAT78-2-A8-A1,0,0,0,0,0,0,0,0,0,0,0,0,0,0,0,bis_addition_2,0,0,0,0,0,173.6651374,17.74978768,4.378456178,194.9,0.7318,0,0,0,0,0,0,0,0,0,0,0,0,0,0,0,0,0,0,0,0,0,0,0,0,0,42.47585233,4.009316436,0.989004299,388.2,1.0684,0,0,0,0,0,0,0,0,0,0,206.9255354,23.42867863,5.779305337,327.9,1.2101,0,0,0,0,0,82.1765691,7.708197486,1.901431471,267.9,1.3234,0,0,0.001055953,131.9941345,0,0,0,0,0,0,0,0,0,0,0.000347416,43.42698417,0,0,0,0,0,0,0,0
A9,CC(C)C1=CC(C(C)C)=CC(C(C)C)=C1C2=C([P+](C3CCCCC3)([Pd-2]4(OS(C)(=O)=O)C(C=CC=C5)=C5C6=C([NH+]4C)C=CC=C6)C7CCCCC7)C=CC=C2,XPhos Pd G4,0.13767904 milligram,0.16000000000000003 micromole,0.13767904000000003 microliter,C47H64NO3PPdS,CC1=CC(C=O)=C(C)N1C2=CC(Cl)=CC(Cl)=C2,"1-(3,5-dichlorophenyl)-2,5-dimethyl-1H-pyrrole-3-carbaldehyde",0.2145144 milligram,0.8 micromole,0.21451440000000005 microliter,C13H11Cl2NO,B1(OC(C(O1)(C)C)(C)C)C2=CCN(CC2)C(=O)OC(C)(C)C,"N-Boc-1,2,5,6-tetrahydropyridine-4-boronic acid pinacol ester",0.29684640000000007 milligram,0.9600000000000001 micromole,0.2968464000000001 microliter,C16H28BNO4,O=C([O-])[O-].[Na+].[Na+],Na2CO3,0.635928 milligram,6.0 micromole,0.6359280000000002 microliter,CNa2O3,CN1C=NC2=C1C(=O)N(C(=O)N2C)C,caffeine,0.1553528 milligram,0.8 micromole,0.15535280000000004 microliter,C8H10N4O2,C1COCCO1,dioxane,32.445 milligram,368.2496084262139 micromole,31.5 microliter,C4H8O2,O,water,3.5 milligram,194.2825423258396 micromole,3.5 microliter,H2O,Cc1cc(C=O)c(C)n1-c1cc(Cl)cc(C2=CCN(C(=O)OC(C)(C)C)CC2)c1,suzuki_product_0,0.0 milligram,0.0 micromole,0 microliter,C23H27ClN2O3,Cc1cc(C=O)c(C)n1-c1cc(C2=CCN(C(=O)OC(C)(C)C)CC2)cc(C2=CCN(C(=O)OC(C)(C)C)CC2)c1,bis_addition_2,0.0 milligram,0.0 micromole,0 microliter,C33H43N3O5,Cc1cc(C=O)c(C)n1-c1cccc(Cl)c1,dehalogenation_0,0.0 milligram,0.0 micromole,0 microliter,C13H12ClNO,CC1=CC(C=O)=C(C)N1C2=CC(Cl)=CC(Cl)=C2.B1(OC(C(O1)(C)C)(C)C)C2=CCN(CC2)C(=O)OC(C)(C)C>>Cc1cc(C=O)c(C)n1-c1cc(Cl)cc(C2=CCN(C(=O)OC(C)(C)C)CC2)c1.Cc1cc(C=O)c(C)n1-c1cc(C2=CCN(C(=O)OC(C)(C)C)CC2)cc(C2=CCN(C(=O)OC(C)(C)C)CC2)c1.Cc1cc(C=O)c(C)n1-c1cccc(Cl)c1.CC(C)(C)OC(=O)N1CC=CCC1,001_RLN-NB-2443_007_A9,,,CC(C)(C)OC(=O)N1CC=CCC1,deborylation_0,0.0 milligram,0.0 micromole,0 microliter,C10H17NO2,3/29/23 16:59,kat78-2-a9-a1_03_22_2023_9.raw,2min_150_1200.EXP,001_RLN-NB-2443_007_A9,KAT78-2-A9-A1_KAT78-2-A9-A1_KAT78-2-A9-A1,0,0,0,0,0,0,0,0,0,0,0,0,0,0,0,bis_addition_1,0,0,0,0,0,146.7865971,13.46601042,3.812987716,194.9,0.7318,0,0,0,0,0,0,0,0,0,0,0,0,0,0,0,0,0,0,0,0,96.9341588,11.36958641,3.219371735,562.1,1.5501,0,0,0,0,0,0,0,0,0,0,0,0,0,0,0,244.4520228,32.81630711,9.292149052,415.2,1.4684,0,0,0,0,0,61.08873874,4.906624313,1.389342326,267.9,1.3251,0,0,0.001949579,243.6973246,0,0,0,0,0,0,0,0,0,0,0.000291497,36.4371047,0,0,0,0,0,0,0,0
A10,CC(C)C1=CC(C(C)C)=CC(C(C)C)=C1C2=C([P+](C3CCCCC3)([Pd-2]4(OS(C)(=O)=O)C(C=CC=C5)=C5C6=C([NH+]4C)C=CC=C6)C7CCCCC7)C=CC=C2,XPhos Pd G4,0.13767904 milligram,0.16000000000000003 micromole,0.13767904000000003 microliter,C47H64NO3PPdS,CC1=CC(C=O)=C(C)N1C2=CC(Cl)=CC(Cl)=C2,"1-(3,5-dichlorophenyl)-2,5-dimethyl-1H-pyrrole-3-carbaldehyde",0.2145144 milligram,0.8 micromole,0.21451440000000005 microliter,C13H11Cl2NO,B1(OC(C(O1)(C)C)(C)C)C2=CCN(CC2)C(=O)OC(C)(C)C,"N-Boc-1,2,5,6-tetrahydropyridine-4-boronic acid pinacol ester",0.29684640000000007 milligram,0.9600000000000001 micromole,0.2968464000000001 microliter,C16H28BNO4,O=C([O-])[O-].[Na+].[Na+],Na2CO3,0.635928 milligram,6.0 micromole,0.6359280000000002 microliter,CNa2O3,CN1C=NC2=C1C(=O)N(C(=O)N2C)C,caffeine,0.1553528 milligram,0.8 micromole,0.15535280000000004 microliter,C8H10N4O2,C1COCCO1,dioxane,32.445 milligram,368.2496084262139 micromole,31.5 microliter,C4H8O2,O,water,3.5 milligram,194.2825423258396 micromole,3.5 microliter,H2O,Cc1cc(C=O)c(C)n1-c1cc(Cl)cc(C2=CCN(C(=O)OC(C)(C)C)CC2)c1,suzuki_product_0,0.0 milligram,0.0 micromole,0 microliter,C23H27ClN2O3,Cc1cc(C=O)c(C)n1-c1cc(C2=CCN(C(=O)OC(C)(C)C)CC2)cc(C2=CCN(C(=O)OC(C)(C)C)CC2)c1,bis_addition_2,0.0 milligram,0.0 micromole,0 microliter,C33H43N3O5,Cc1cc(C=O)c(C)n1-c1cccc(Cl)c1,dehalogenation_0,0.0 milligram,0.0 micromole,0 microliter,C13H12ClNO,CC1=CC(C=O)=C(C)N1C2=CC(Cl)=CC(Cl)=C2.B1(OC(C(O1)(C)C)(C)C)C2=CCN(CC2)C(=O)OC(C)(C)C>>Cc1cc(C=O)c(C)n1-c1cc(Cl)cc(C2=CCN(C(=O)OC(C)(C)C)CC2)c1.Cc1cc(C=O)c(C)n1-c1cc(C2=CCN(C(=O)OC(C)(C)C)CC2)cc(C2=CCN(C(=O)OC(C)(C)C)CC2)c1.Cc1cc(C=O)c(C)n1-c1cccc(Cl)c1.CC(C)(C)OC(=O)N1CC=CCC1,001_RLN-NB-2443_007_A10,,,CC(C)(C)OC(=O)N1CC=CCC1,deborylation_0,0.0 milligram,0.0 micromole,0 microliter,C10H17NO2,3/29/23 17:01,kat78-2-a10-a1_03_22_2023_10.raw,2min_150_1200.EXP,001_RLN-NB-2443_007_A10,KAT78-2-A10-A1_KAT78-2-A10-A1_KAT78-2-A10-A1,0,0,0,0,0,0,0,0,0,0,0,0,0,0,0,bis_addition_1,0,0,0,0,0,149.5143961,13.18055683,3.73876109,195,0.7318,48.02941987,4.148769181,1.176828641,267.9,1.3251,0,0,0,0,0,0,0,0,0,0,0,0,0,0,0,124.3440633,14.67079701,4.161478585,562.2,1.5518,0,0,0,0,0,0,0,0,0,0,0,0,0,0,0,218.0249235,30.13519438,8.548067702,415,1.4684,0,0,0,0,0,48.02941987,4.148769181,1.176828641,267.9,1.3251,0,0,0.00182907,228.633697,0,0,0.000251811,31.4764333,0,0,0,0,0,0,0.000251811,31.4764333,0,0,0,0,0,0,0,0
A11,CC(C)C1=CC(C(C)C)=CC(C(C)C)=C1C2=C([P+](C3CCCCC3)([Pd-2]4(OS(C)(=O)=O)C(C=CC=C5)=C5C6=C([NH+]4C)C=CC=C6)C7CCCCC7)C=CC=C2,XPhos Pd G4,0.13767904 milligram,0.16000000000000003 micromole,0.13767904000000003 microliter,C47H64NO3PPdS,CC1=CC(C=O)=C(C)N1C2=CC(Cl)=CC(Cl)=C2,"1-(3,5-dichlorophenyl)-2,5-dimethyl-1H-pyrrole-3-carbaldehyde",0.2145144 milligram,0.8 micromole,0.21451440000000005 microliter,C13H11Cl2NO,B1(OC(C(O1)(C)C)(C)C)C2=CC=C(C=C2)N,"4-(4,4,5,5-tetramethyl-1,3,2-dioxaborolan-2-yl)aniline",0.21032928 milligram,0.9600000000000001 micromole,0.21032928000000006 microliter,C12H18BNO2,O=C([O-])[O-].[Na+].[Na+],Na2CO3,0.635928 milligram,6.0 micromole,0.6359280000000002 microliter,CNa2O3,CN1C=NC2=C1C(=O)N(C(=O)N2C)C,caffeine,0.1553528 milligram,0.8 micromole,0.15535280000000004 microliter,C8H10N4O2,C1COCCO1,dioxane,32.445 milligram,368.2496084262139 micromole,31.5 microliter,C4H8O2,O,water,3.5 milligram,194.2825423258396 micromole,3.5 microliter,H2O,Cc1cc(C=O)c(C)n1-c1cc(Cl)cc(-c2ccc(N)cc2)c1,suzuki_product_0,0.0 milligram,0.0 micromole,0 microliter,C19H17ClN2O,Cc1cc(C=O)c(C)n1-c1cc(-c2ccc(N)cc2)cc(-c2ccc(N)cc2)c1,bis_addition_1,0.0 milligram,0.0 micromole,0 microliter,C25H23N3O,Cc1cc(C=O)c(C)n1-c1cccc(Cl)c1,dehalogenation_0,0.0 milligram,0.0 micromole,0 microliter,C13H12ClNO,CC1=CC(C=O)=C(C)N1C2=CC(Cl)=CC(Cl)=C2.B1(OC(C(O1)(C)C)(C)C)C2=CC=C(C=C2)N>>Cc1cc(C=O)c(C)n1-c1cc(Cl)cc(-c2ccc(N)cc2)c1.Cc1cc(C=O)c(C)n1-c1cc(-c2ccc(N)cc2)cc(-c2ccc(N)cc2)c1.Cc1cc(C=O)c(C)n1-c1cccc(Cl)c1.Nc1ccccc1,001_RLN-NB-2443_007_A11,,,Nc1ccccc1,deborylation_0,0.0 milligram,0.0 micromole,0 microliter,C6H7N,3/29/23 17:04,kat78-2-a11-a1_03_22_2023_11.raw,2min_150_1200.EXP,001_RLN-NB-2443_007_A11,KAT78-2-A11-A1_KAT78-2-A11-A1_KAT78-2-A11-A1,0,0,0,0,0,0,0,0,0,0,0,0,0,0,0,bis_addition_1,0,0,0,0,0,151.5512545,16.58979515,3.782929374,194.9,0.7318,0,0,0,0,0,0,0,0,0,0,0,0,0,0,0,0,0,0,0,0,24.36900914,2.028259516,0.46249893,416.1,1.0101,0,0,0,0,0,0,0,0,0,0,0,0,0,0,0,179.964596,22.64569866,5.16384186,324.9,1.2318,0,0,0,0,0,77.63973569,6.488462609,1.479547853,267.8,1.3234,0,0,0.00109203,136.5037871,0,0,0,0,0,0,0,0,0,0,0.000312889,39.11116773,9.78E-05,12.22594672,0,0,0,0,0,0
A12,CC(C)C1=CC(C(C)C)=CC(C(C)C)=C1C2=C([P+](C3CCCCC3)([Pd-2]4(OS(C)(=O)=O)C(C=CC=C5)=C5C6=C([NH+]4C)C=CC=C6)C7CCCCC7)C=CC=C2,XPhos Pd G4,0.13767904 milligram,0.16000000000000003 micromole,0.13767904000000003 microliter,C47H64NO3PPdS,CC1=CC(C=O)=C(C)N1C2=CC(Cl)=CC(Cl)=C2,"1-(3,5-dichlorophenyl)-2,5-dimethyl-1H-pyrrole-3-carbaldehyde",0.2145144 milligram,0.8 micromole,0.21451440000000005 microliter,C13H11Cl2NO,B1(OC(C(O1)(C)C)(C)C)C2=CC=C(C=C2)N,"4-(4,4,5,5-tetramethyl-1,3,2-dioxaborolan-2-yl)aniline",0.21032928 milligram,0.9600000000000001 micromole,0.21032928000000006 microliter,C12H18BNO2,O=C([O-])[O-].[Na+].[Na+],Na2CO3,0.635928 milligram,6.0 micromole,0.6359280000000002 microliter,CNa2O3,CN1C=NC2=C1C(=O)N(C(=O)N2C)C,caffeine,0.1553528 milligram,0.8 micromole,0.15535280000000004 microliter,C8H10N4O2,C1COCCO1,dioxane,32.445 milligram,368.2496084262139 micromole,31.5 microliter,C4H8O2,O,water,3.5 milligram,194.2825423258396 micromole,3.5 microliter,H2O,Cc1cc(C=O)c(C)n1-c1cc(Cl)cc(-c2ccc(N)cc2)c1,suzuki_product_0,0.0 milligram,0.0 micromole,0 microliter,C19H17ClN2O,Cc1cc(C=O)c(C)n1-c1cc(-c2ccc(N)cc2)cc(-c2ccc(N)cc2)c1,bis_addition_1,0.0 milligram,0.0 micromole,0 microliter,C25H23N3O,Cc1cc(C=O)c(C)n1-c1cccc(Cl)c1,dehalogenation_0,0.0 milligram,0.0 micromole,0 microliter,C13H12ClNO,CC1=CC(C=O)=C(C)N1C2=CC(Cl)=CC(Cl)=C2.B1(OC(C(O1)(C)C)(C)C)C2=CC=C(C=C2)N>>Cc1cc(C=O)c(C)n1-c1cc(Cl)cc(-c2ccc(N)cc2)c1.Cc1cc(C=O)c(C)n1-c1cc(-c2ccc(N)cc2)cc(-c2ccc(N)cc2)c1.Cc1cc(C=O)c(C)n1-c1cccc(Cl)c1.Nc1ccccc1,001_RLN-NB-2443_007_A12,,,Nc1ccccc1,deborylation_0,0.0 milligram,0.0 micromole,0 microliter,C6H7N,3/29/23 17:06,kat78-2-a12-a1_03_22_2023_12.raw,2min_150_1200.EXP,001_RLN-NB-2443_007_A12,KAT78-2-A12-A1_KAT78-2-A12-A1_KAT78-2-A12-A1,0,0,0,0,0,0,0,0,0,0,0,0,0,0,0,bis_addition_1,0,0,0,0,0,155.3697193,11.88252213,3.904691697,194.9,0.7334,0,0,0,0,0,0,0,0,0,0,0,0,0,0,0,0,0,0,0,0,46.34238316,2.789591191,0.916681951,208.6,1.0101,0,0,0,0,0,0,0,0,0,0,0,0,0,0,0,204.7700176,20.94408875,6.882394879,325,1.2284,0,0,0,0,0,67.18028735,6.072273235,1.995397495,267.8,1.3234,0,0,0.001410077,176.2596234,0,0,0,0,0,0,0,0,0,0,0.00040882,51.10256198,0.000187811,23.47642328,0,0,0,0,0,0
A13,CC(C)C1=CC(C(C)C)=CC(C(C)C)=C1C2=C([P+](C3CCCCC3)([Pd-2]4(OS(C)(=O)=O)C(C=CC=C5)=C5C6=C([NH+]4C)C=CC=C6)C7CCCCC7)C=CC=C2,XPhos Pd G4,0.13767904 milligram,0.16000000000000003 micromole,0.13767904000000003 microliter,C47H64NO3PPdS,COC1=C(N)C(Cl)=NC=N1,4-chloro-6-methoxypyrimidin-5-amine,0.12766080000000002 milligram,0.8 micromole,0.12766080000000005 microliter,C5H6ClN3O,B1(OC(C(O1)(C)C)(C)C)C2=CN=C(C=C2)C,"2-methyl-5-(4,4,5,5-tetramethyl-1,3,2-dioxaborolan-2-yl)pyridine",0.21032928 milligram,0.9600000000000001 micromole,0.21032928000000006 microliter,C12H18BNO2,O=C([O-])[O-].[Na+].[Na+],Na2CO3,0.635928 milligram,6.0 micromole,0.6359280000000002 microliter,CNa2O3,CN1C=NC2=C1C(=O)N(C(=O)N2C)C,caffeine,0.1553528 milligram,0.8 micromole,0.15535280000000004 microliter,C8H10N4O2,C1COCCO1,dioxane,32.445 milligram,368.2496084262139 micromole,31.5 microliter,C4H8O2,O,water,3.5 milligram,194.2825423258396 micromole,3.5 microliter,H2O,COc1ncnc(-c2ccc(C)nc2)c1N,suzuki_product_0,0.0 milligram,0.0 micromole,0 microliter,C11H12N4O,COc1ncncc1N,dehalogenation_0,0.0 milligram,0.0 micromole,0 microliter,C5H7N3O,Cc1ccccn1,deborylation_0,0.0 milligram,0.0 micromole,0 microliter,C6H7N,COC1=C(N)C(Cl)=NC=N1.B1(OC(C(O1)(C)C)(C)C)C2=CN=C(C=C2)C>>COc1ncnc(-c2ccc(C)nc2)c1N.COc1ncncc1N.Cc1ccccn1,001_RLN-NB-2443_007_A13,,,,,,,,,3/29/23 17:09,kat78-2-a13-a1_03_22_2023_13.raw,2min_150_1200.EXP,001_RLN-NB-2443_007_A13,KAT78-2-A13-A1_KAT78-2-A13-A1_KAT78-2-A13-A1,0,0,0,0,0,0,0,0,0,0,0,0,0,0,0,deborylation_0,0,0,0,0,0,149.2484563,24.93191096,3.723882241,195,0.7318,0,0,0,0,0,0,0,0,0,0,0,0,0,0,0,0,0,0,0,0,0,0,0,0,0,0,0,0,0,0,0,0,0,0,0,0,0,0,0,0,22.47303814,3.452903294,0.515732841,217,0.6484,0,0,0,0,0,0,0,0,0,0,0,0,0.000110795,13.84933269,0,0,0,0,0,0,0,0,0,0,0,0,0,0,0,0,0,0,0,0
A14,CC(C)C1=CC(C(C)C)=CC(C(C)C)=C1C2=C([P+](C3CCCCC3)([Pd-2]4(OS(C)(=O)=O)C(C=CC=C5)=C5C6=C([NH+]4C)C=CC=C6)C7CCCCC7)C=CC=C2,XPhos Pd G4,0.13767904 milligram,0.16000000000000003 micromole,0.13767904000000003 microliter,C47H64NO3PPdS,COC1=C(N)C(Cl)=NC=N1,4-chloro-6-methoxypyrimidin-5-amine,0.12766080000000002 milligram,0.8 micromole,0.12766080000000005 microliter,C5H6ClN3O,B1(OC(C(O1)(C)C)(C)C)C2=CN(N=C2C)C,"1,3-dimethyl-4-(4,4,5,5-tetramethyl-1,3,2-dioxaborolan-2-yl)-1H-pyrazole",0.21321311999999998 milligram,0.9600000000000001 micromole,0.21321312000000003 microliter,C11H19BN2O2,O=C([O-])[O-].[Na+].[Na+],Na2CO3,0.635928 milligram,6.0 micromole,0.6359280000000002 microliter,CNa2O3,CN1C=NC2=C1C(=O)N(C(=O)N2C)C,caffeine,0.1553528 milligram,0.8 micromole,0.15535280000000004 microliter,C8H10N4O2,C1COCCO1,dioxane,32.445 milligram,368.2496084262139 micromole,31.5 microliter,C4H8O2,O,water,3.5 milligram,194.2825423258396 micromole,3.5 microliter,H2O,COc1ncnc(-c2cn(C)nc2C)c1N,suzuki_product_0,0.0 milligram,0.0 micromole,0 microliter,C10H13N5O,COc1ncncc1N,dehalogenation_0,0.0 milligram,0.0 micromole,0 microliter,C5H7N3O,Cc1ccn(C)n1,deborylation_0,0.0 milligram,0.0 micromole,0 microliter,C5H8N2,COC1=C(N)C(Cl)=NC=N1.B1(OC(C(O1)(C)C)(C)C)C2=CN(N=C2C)C>>COc1ncnc(-c2cn(C)nc2C)c1N.COc1ncncc1N.Cc1ccn(C)n1,001_RLN-NB-2443_007_A14,,,,,,,,,3/29/23 17:11,kat78-2-a14-a1_03_22_2023_14.raw,2min_150_1200.EXP,001_RLN-NB-2443_007_A14,KAT78-2-A14-A1_KAT78-2-A14-A1_KAT78-2-A14-A1,0,0,0,0,0,0,0,0,0,0,0,0,0,0,0,deborylation_0,0,0,0,0,0,156.5421509,27.08406966,4.269814922,194.9,0.7318,0,0,0,0,0,0,0,0,0,0,0,0,0,0,0,0,0,0,0,0,0,0,0,0,0,0,0,0,0,0,10.33355831,2.569732125,0.405119345,159.9,0.8151,0,0,0,0,0,41.81776464,5.242395508,0.826465847,440,1.3669,18.20678404,2.501885031,0.394423223,220,0.6951,0,0,0,0,0,0,0,0.000154848,19.35601102,0,0,0,0,7.39E-05,9.237478201,0,0,0,0,0,0,0,0,0,0,7.59E-05,9.487983738,0,0
A15,CC(C)C1=CC(C(C)C)=CC(C(C)C)=C1C2=C([P+](C3CCCCC3)([Pd-2]4(OS(C)(=O)=O)C(C=CC=C5)=C5C6=C([NH+]4C)C=CC=C6)C7CCCCC7)C=CC=C2,XPhos Pd G4,0.13767904 milligram,0.16000000000000003 micromole,0.13767904000000003 microliter,C47H64NO3PPdS,COC1=C(N)C(Cl)=NC=N1,4-chloro-6-methoxypyrimidin-5-amine,0.12766080000000002 milligram,0.8 micromole,0.12766080000000005 microliter,C5H6ClN3O,B1(OC(C(O1)(C)C)(C)C)C2=CCN(CC2)C(=O)OC(C)(C)C,"N-Boc-1,2,5,6-tetrahydropyridine-4-boronic acid pinacol ester",0.29684640000000007 milligram,0.9600000000000001 micromole,0.2968464000000001 microliter,C16H28BNO4,O=C([O-])[O-].[Na+].[Na+],Na2CO3,0.635928 milligram,6.0 micromole,0.6359280000000002 microliter,CNa2O3,CN1C=NC2=C1C(=O)N(C(=O)N2C)C,caffeine,0.1553528 milligram,0.8 micromole,0.15535280000000004 microliter,C8H10N4O2,C1COCCO1,dioxane,32.445 milligram,368.2496084262139 micromole,31.5 microliter,C4H8O2,O,water,3.5 milligram,194.2825423258396 micromole,3.5 microliter,H2O,COc1ncnc(C2=CCN(C(=O)OC(C)(C)C)CC2)c1N,suzuki_product_0,0.0 milligram,0.0 micromole,0 microliter,C15H22N4O3,COc1ncncc1N,dehalogenation_0,0.0 milligram,0.0 micromole,0 microliter,C5H7N3O,CC(C)(C)OC(=O)N1CC=CCC1,deborylation_0,0.0 milligram,0.0 micromole,0 microliter,C10H17NO2,COC1=C(N)C(Cl)=NC=N1.B1(OC(C(O1)(C)C)(C)C)C2=CCN(CC2)C(=O)OC(C)(C)C>>COc1ncnc(C2=CCN(C(=O)OC(C)(C)C)CC2)c1N.COc1ncncc1N.CC(C)(C)OC(=O)N1CC=CCC1,001_RLN-NB-2443_007_A15,,,,,,,,,3/29/23 17:14,kat78-2-a15-a1_03_22_2023_15.raw,2min_150_1200.EXP,001_RLN-NB-2443_007_A15,KAT78-2-A15-A1_KAT78-2-A15-A1_KAT78-2-A15-A1,0,0,0,0,0,0,0,0,0,0,0,0,0,0,0,deborylation_0,0,0,0,0,0,149.3597206,18.30444797,3.767710532,195,0.7301,0,0,0,0,0,0,0,0,0,0,19.4983028,2.872235769,0.591208922,308.9,1.5534,0,0,0,0,0,0,0,0,0,0,0,0,0,0,0,0,0,0,0,0,0,0,0,0,0,157.9719537,21.65765815,4.457921201,306.9,0.9951,0,0,0,0,0,0,0,0,0,0,0,0,0.000946553,118.3191002,0,0,0,0,0,0,0.000125532,15.69146348,0,0,0,0,0,0,0,0,0,0,0,0
A16,CC(C)C1=CC(C(C)C)=CC(C(C)C)=C1C2=C([P+](C3CCCCC3)([Pd-2]4(OS(C)(=O)=O)C(C=CC=C5)=C5C6=C([NH+]4C)C=CC=C6)C7CCCCC7)C=CC=C2,XPhos Pd G4,0.13767904 milligram,0.16000000000000003 micromole,0.13767904000000003 microliter,C47H64NO3PPdS,COC1=C(N)C(Cl)=NC=N1,4-chloro-6-methoxypyrimidin-5-amine,0.12766080000000002 milligram,0.8 micromole,0.12766080000000005 microliter,C5H6ClN3O,B1(OC(C(O1)(C)C)(C)C)C2=CCN(CC2)C(=O)OC(C)(C)C,"N-Boc-1,2,5,6-tetrahydropyridine-4-boronic acid pinacol ester",0.29684640000000007 milligram,0.9600000000000001 micromole,0.2968464000000001 microliter,C16H28BNO4,O=C([O-])[O-].[Na+].[Na+],Na2CO3,0.635928 milligram,6.0 micromole,0.6359280000000002 microliter,CNa2O3,CN1C=NC2=C1C(=O)N(C(=O)N2C)C,caffeine,0.1553528 milligram,0.8 micromole,0.15535280000000004 microliter,C8H10N4O2,C1COCCO1,dioxane,32.445 milligram,368.2496084262139 micromole,31.5 microliter,C4H8O2,O,water,3.5 milligram,194.2825423258396 micromole,3.5 microliter,H2O,COc1ncnc(C2=CCN(C(=O)OC(C)(C)C)CC2)c1N,suzuki_product_0,0.0 milligram,0.0 micromole,0 microliter,C15H22N4O3,COc1ncncc1N,dehalogenation_0,0.0 milligram,0.0 micromole,0 microliter,C5H7N3O,CC(C)(C)OC(=O)N1CC=CCC1,deborylation_0,0.0 milligram,0.0 micromole,0 microliter,C10H17NO2,COC1=C(N)C(Cl)=NC=N1.B1(OC(C(O1)(C)C)(C)C)C2=CCN(CC2)C(=O)OC(C)(C)C>>COc1ncnc(C2=CCN(C(=O)OC(C)(C)C)CC2)c1N.COc1ncncc1N.CC(C)(C)OC(=O)N1CC=CCC1,001_RLN-NB-2443_007_A16,,,,,,,,,3/29/23 17:16,kat78-2-a16-a1_03_22_2023_16.raw,2min_150_1200.EXP,001_RLN-NB-2443_007_A16,KAT78-2-A16-A1_KAT78-2-A16-A1_KAT78-2-A16-A1,0,0,0,0,0,0,0,0,0,0,0,0,0,0,0,deborylation_0,0,0,0,0,0,162.7447915,20.5922864,4.250537522,194.9,0.7318,0,0,0,0,0,0,0,0,0,0,0,0,0,0,0,0,0,0,0,0,0,0,0,0,0,0,0,0,0,0,0,0,0,0,0,0,0,0,0,0,183.2221272,24.86914838,5.133341986,251,0.9968,0,0,0,0,0,0,0,0,0,0,0,0,0.000966154,120.7692429,0,0,0,0,0,0,0,0,0,0,0,0,0,0,0,0,0,0,0,0
A17,CC(C)C1=CC(C(C)C)=CC(C(C)C)=C1C2=C([P+](C3CCCCC3)([Pd-2]4(OS(C)(=O)=O)C(C=CC=C5)=C5C6=C([NH+]4C)C=CC=C6)C7CCCCC7)C=CC=C2,XPhos Pd G4,0.13767904 milligram,0.16000000000000003 micromole,0.13767904000000003 microliter,C47H64NO3PPdS,COC1=C(N)C(Cl)=NC=N1,4-chloro-6-methoxypyrimidin-5-amine,0.12766080000000002 milligram,0.8 micromole,0.12766080000000005 microliter,C5H6ClN3O,B1(OC(C(O1)(C)C)(C)C)C2=CC=C(C=C2)N,"4-(4,4,5,5-tetramethyl-1,3,2-dioxaborolan-2-yl)aniline",0.21032928 milligram,0.9600000000000001 micromole,0.21032928000000006 microliter,C12H18BNO2,O=C([O-])[O-].[Na+].[Na+],Na2CO3,0.635928 milligram,6.0 micromole,0.6359280000000002 microliter,CNa2O3,CN1C=NC2=C1C(=O)N(C(=O)N2C)C,caffeine,0.1553528 milligram,0.8 micromole,0.15535280000000004 microliter,C8H10N4O2,C1COCCO1,dioxane,32.445 milligram,368.2496084262139 micromole,31.5 microliter,C4H8O2,O,water,3.5 milligram,194.2825423258396 micromole,3.5 microliter,H2O,COc1ncnc(-c2ccc(N)cc2)c1N,suzuki_product_0,0.0 milligram,0.0 micromole,0 microliter,C11H12N4O,COc1ncncc1N,dehalogenation_0,0.0 milligram,0.0 micromole,0 microliter,C5H7N3O,Nc1ccccc1,deborylation_0,0.0 milligram,0.0 micromole,0 microliter,C6H7N,COC1=C(N)C(Cl)=NC=N1.B1(OC(C(O1)(C)C)(C)C)C2=CC=C(C=C2)N>>COc1ncnc(-c2ccc(N)cc2)c1N.COc1ncncc1N.Nc1ccccc1,001_RLN-NB-2443_007_A17,,,,,,,,,3/29/23 17:19,kat78-2-a17-a1_03_22_2023_17.raw,2min_150_1200.EXP,001_RLN-NB-2443_007_A17,KAT78-2-A17-A1_KAT78-2-A17-A1_KAT78-2-A17-A1,0,0,0,0,0,0,0,0,0,0,0,0,0,0,0,deborylation_0,0,0,0,0,0,159.8623211,24.81004724,4.161541531,194.9,0.7334,0,0,0,0,0,0,0,0,0,0,0,0,0,0,0,0,0,0,0,0,0,0,0,0,0,0,0,0,0,0,0,0,0,0,0,0,0,0,0,0,47.90824978,8.18129827,1.372299383,217,0.6568,0,0,0,0,0,0,0,0,0,0,0,0,0.000263806,32.97574645,0,0,0,0,0,0,0,0,0,0,0,0,0,0,0,0,0,0,0,0
A18,CC(C)C1=CC(C(C)C)=CC(C(C)C)=C1C2=C([P+](C3CCCCC3)([Pd-2]4(OS(C)(=O)=O)C(C=CC=C5)=C5C6=C([NH+]4C)C=CC=C6)C7CCCCC7)C=CC=C2,XPhos Pd G4,0.13767904 milligram,0.16000000000000003 micromole,0.13767904000000003 microliter,C47H64NO3PPdS,COC1=C(N)C(Cl)=NC=N1,4-chloro-6-methoxypyrimidin-5-amine,0.12766080000000002 milligram,0.8 micromole,0.12766080000000005 microliter,C5H6ClN3O,B1(OC(C(O1)(C)C)(C)C)C2=CC=C(C=C2)N,"4-(4,4,5,5-tetramethyl-1,3,2-dioxaborolan-2-yl)aniline",0.21032928 milligram,0.9600000000000001 micromole,0.21032928000000006 microliter,C12H18BNO2,O=C([O-])[O-].[Na+].[Na+],Na2CO3,0.635928 milligram,6.0 micromole,0.6359280000000002 microliter,CNa2O3,CN1C=NC2=C1C(=O)N(C(=O)N2C)C,caffeine,0.1553528 milligram,0.8 micromole,0.15535280000000004 microliter,C8H10N4O2,C1COCCO1,dioxane,32.445 milligram,368.2496084262139 micromole,31.5 microliter,C4H8O2,O,water,3.5 milligram,194.2825423258396 micromole,3.5 microliter,H2O,COc1ncnc(-c2ccc(N)cc2)c1N,suzuki_product_0,0.0 milligram,0.0 micromole,0 microliter,C11H12N4O,COc1ncncc1N,dehalogenation_0,0.0 milligram,0.0 micromole,0 microliter,C5H7N3O,Nc1ccccc1,deborylation_0,0.0 milligram,0.0 micromole,0 microliter,C6H7N,COC1=C(N)C(Cl)=NC=N1.B1(OC(C(O1)(C)C)(C)C)C2=CC=C(C=C2)N>>COc1ncnc(-c2ccc(N)cc2)c1N.COc1ncncc1N.Nc1ccccc1,001_RLN-NB-2443_007_A18,,,,,,,,,3/29/23 17:21,kat78-2-a18-a1_03_22_2023_18.raw,2min_150_1200.EXP,001_RLN-NB-2443_007_A18,KAT78-2-A18-A1_KAT78-2-A18-A1_KAT78-2-A18-A1,0,0,0,0,0,0,0,0,0,0,0,0,0,0,0,deborylation_0,0,0,0,0,0,155.7254673,26.71128338,3.983922161,195,0.7334,0,0,0,0,0,0,0,0,0,0,0,0,0,0,0,0,0,0,0,0,0,0,0,0,0,0,0,0,0,0,0,0,0,0,0,0,0,0,0,0,66.37551407,12.07581815,1.80107855,216.9,0.6534,0,0,0,0,0,0,0,0,0,0,0,0,0.000361669,45.20867821,0,0,0,0,0,0,0,0,0,0,0,0,0,0,0,0,0,0,0,0
A19,CC(C)C1=CC(C(C)C)=CC(C(C)C)=C1C2=C([P+](C3CCCCC3)([Pd-2]4(OS(C)(=O)=O)C(C=CC=C5)=C5C6=C([NH+]4C)C=CC=C6)C7CCCCC7)C=CC=C2,XPhos Pd G4,0.13767904 milligram,0.16000000000000003 micromole,0.13767904000000003 microliter,C47H64NO3PPdS,CC1=C(N2CCCC2=O)C=CC(Br)=C1,1-(4-bromo-2-methylphenyl)pyrrolidin-2-one,0.20330160000000003 milligram,0.8 micromole,0.20330160000000008 microliter,C11H12BrNO,B1(OC(C(O1)(C)C)(C)C)C2=CN=C(C=C2)C,"2-methyl-5-(4,4,5,5-tetramethyl-1,3,2-dioxaborolan-2-yl)pyridine",0.21032928 milligram,0.9600000000000001 micromole,0.21032928000000006 microliter,C12H18BNO2,O=C([O-])[O-].[Na+].[Na+],Na2CO3,0.635928 milligram,6.0 micromole,0.6359280000000002 microliter,CNa2O3,CN1C=NC2=C1C(=O)N(C(=O)N2C)C,caffeine,0.1553528 milligram,0.8 micromole,0.15535280000000004 microliter,C8H10N4O2,C1COCCO1,dioxane,32.445 milligram,368.2496084262139 micromole,31.5 microliter,C4H8O2,O,water,3.5 milligram,194.2825423258396 micromole,3.5 microliter,H2O,Cc1ccc(-c2ccc(N3CCCC3=O)c(C)c2)cn1,suzuki_product_0,0.0 milligram,0.0 micromole,0 microliter,C17H18N2O,Cc1ccccc1N1CCCC1=O,dehalogenation_0,0.0 milligram,0.0 micromole,0 microliter,C11H13NO,Cc1ccccn1,deborylation_0,0.0 milligram,0.0 micromole,0 microliter,C6H7N,CC1=C(N2CCCC2=O)C=CC(Br)=C1.B1(OC(C(O1)(C)C)(C)C)C2=CN=C(C=C2)C>>Cc1ccc(-c2ccc(N3CCCC3=O)c(C)c2)cn1.Cc1ccccc1N1CCCC1=O.Cc1ccccn1,001_RLN-NB-2443_007_A19,,,,,,,,,3/29/23 17:24,kat78-2-a19-a1_03_22_2023_19.raw,2min_150_1200.EXP,001_RLN-NB-2443_007_A19,KAT78-2-A19-A1_KAT78-2-A19-A1_KAT78-2-A19-A1,0,0,0,0,0,0,0,0,0,0,0,0,0,0,0,deborylation_0,0,0,0,0,0,154.9839731,20.30244243,3.623306793,195,0.7318,0,0,0,0,0,12.12688193,1.537313446,0.274359022,175.9,1.0584,0,0,0,0,0,0,0,0,0,0,0,0,0,0,0,0,0,0,0,0,0,0,0,0,0,0,0,0,0,0,166.1413682,28.02565675,5.001642182,267,0.7751,0,0,0,0,0,0,0,0,0,0,0,0,0.001104327,138.0408138,6.06E-05,7.572061593,0,0,0,0,0,0,0,0,0,0,0,0,0,0,0,0,0,0
A20,CC(C)C1=CC(C(C)C)=CC(C(C)C)=C1C2=C([P+](C3CCCCC3)([Pd-2]4(OS(C)(=O)=O)C(C=CC=C5)=C5C6=C([NH+]4C)C=CC=C6)C7CCCCC7)C=CC=C2,XPhos Pd G4,0.13767904 milligram,0.16000000000000003 micromole,0.13767904000000003 microliter,C47H64NO3PPdS,CC1=C(N2CCCC2=O)C=CC(Br)=C1,1-(4-bromo-2-methylphenyl)pyrrolidin-2-one,0.20330160000000003 milligram,0.8 micromole,0.20330160000000008 microliter,C11H12BrNO,B1(OC(C(O1)(C)C)(C)C)C2=CN(N=C2C)C,"1,3-dimethyl-4-(4,4,5,5-tetramethyl-1,3,2-dioxaborolan-2-yl)-1H-pyrazole",0.21321311999999998 milligram,0.9600000000000001 micromole,0.21321312000000003 microliter,C11H19BN2O2,O=C([O-])[O-].[Na+].[Na+],Na2CO3,0.635928 milligram,6.0 micromole,0.6359280000000002 microliter,CNa2O3,CN1C=NC2=C1C(=O)N(C(=O)N2C)C,caffeine,0.1553528 milligram,0.8 micromole,0.15535280000000004 microliter,C8H10N4O2,C1COCCO1,dioxane,32.445 milligram,368.2496084262139 micromole,31.5 microliter,C4H8O2,O,water,3.5 milligram,194.2825423258396 micromole,3.5 microliter,H2O,Cc1cc(-c2cn(C)nc2C)ccc1N1CCCC1=O,suzuki_product_0,0.0 milligram,0.0 micromole,0 microliter,C16H19N3O,Cc1ccccc1N1CCCC1=O,dehalogenation_0,0.0 milligram,0.0 micromole,0 microliter,C11H13NO,Cc1ccn(C)n1,deborylation_0,0.0 milligram,0.0 micromole,0 microliter,C5H8N2,CC1=C(N2CCCC2=O)C=CC(Br)=C1.B1(OC(C(O1)(C)C)(C)C)C2=CN(N=C2C)C>>Cc1cc(-c2cn(C)nc2C)ccc1N1CCCC1=O.Cc1ccccc1N1CCCC1=O.Cc1ccn(C)n1,001_RLN-NB-2443_007_A20,,,,,,,,,3/29/23 17:26,kat78-2-a20-a1_03_22_2023_20.raw,2min_150_1200.EXP,001_RLN-NB-2443_007_A20,KAT78-2-A20-A1_KAT78-2-A20-A1_KAT78-2-A20-A1,0,0,0,0,0,0,0,0,0,0,0,0,0,0,0,deborylation_0,0,0,0,0,0,154.3333723,19.88489131,3.855007476,194.9,0.7318,0,0,0,0,0,0,0,0,0,0,0,0,0,0,0,0,0,0,0,0,0,0,0,0,0,0,0,0,0,0,0,0,0,0,0,27.66187794,2.78950429,0.540790479,253.8,1.1868,201.5092561,30.07411211,5.830352562,270,0.9968,0,0,0,0,0,0,0,0,0,0,0,0,0.001209928,151.2410183,0,0,0,0,0,0,0,0,0,0,0,0,0,0,0,0,0,0,0.000112226,14.02826018
A21,CC(C)C1=CC(C(C)C)=CC(C(C)C)=C1C2=C([P+](C3CCCCC3)([Pd-2]4(OS(C)(=O)=O)C(C=CC=C5)=C5C6=C([NH+]4C)C=CC=C6)C7CCCCC7)C=CC=C2,XPhos Pd G4,0.13767904 milligram,0.16000000000000003 micromole,0.13767904000000003 microliter,C47H64NO3PPdS,CC1=C(N2CCCC2=O)C=CC(Br)=C1,1-(4-bromo-2-methylphenyl)pyrrolidin-2-one,0.20330160000000003 milligram,0.8 micromole,0.20330160000000008 microliter,C11H12BrNO,B1(OC(C(O1)(C)C)(C)C)C2=CCN(CC2)C(=O)OC(C)(C)C,"N-Boc-1,2,5,6-tetrahydropyridine-4-boronic acid pinacol ester",0.29684640000000007 milligram,0.9600000000000001 micromole,0.2968464000000001 microliter,C16H28BNO4,O=C([O-])[O-].[Na+].[Na+],Na2CO3,0.635928 milligram,6.0 micromole,0.6359280000000002 microliter,CNa2O3,CN1C=NC2=C1C(=O)N(C(=O)N2C)C,caffeine,0.1553528 milligram,0.8 micromole,0.15535280000000004 microliter,C8H10N4O2,C1COCCO1,dioxane,32.445 milligram,368.2496084262139 micromole,31.5 microliter,C4H8O2,O,water,3.5 milligram,194.2825423258396 micromole,3.5 microliter,H2O,Cc1cc(C2=CCN(C(=O)OC(C)(C)C)CC2)ccc1N1CCCC1=O,suzuki_product_0,0.0 milligram,0.0 micromole,0 microliter,C21H28N2O3,Cc1ccccc1N1CCCC1=O,dehalogenation_0,0.0 milligram,0.0 micromole,0 microliter,C11H13NO,CC(C)(C)OC(=O)N1CC=CCC1,deborylation_0,0.0 milligram,0.0 micromole,0 microliter,C10H17NO2,CC1=C(N2CCCC2=O)C=CC(Br)=C1.B1(OC(C(O1)(C)C)(C)C)C2=CCN(CC2)C(=O)OC(C)(C)C>>Cc1cc(C2=CCN(C(=O)OC(C)(C)C)CC2)ccc1N1CCCC1=O.Cc1ccccc1N1CCCC1=O.CC(C)(C)OC(=O)N1CC=CCC1,001_RLN-NB-2443_007_A21,,,,,,,,,3/29/23 17:28,kat78-2-a21-a1_03_22_2023_21.raw,2min_150_1200.EXP,001_RLN-NB-2443_007_A21,KAT78-2-A21-A1_KAT78-2-A21-A1_KAT78-2-A21-A1,0,0,0,0,0,0,0,0,0,0,0,0,0,0,0,deborylation_0,0,0,0,0,0,178.1247557,14.19047806,4.43855602,195,0.7318,0,0,0,0,0,11.72264273,1.294179365,0.404798738,176,1.0268,0,0,0,0,0,0,0,0,0,0,0,0,0,0,0,0,0,0,0,0,0,0,0,0,0,25.01113069,1.737180211,0.543362363,253.8,1.1868,0,0,0,0,0,0,0,0,0,0,0,0,0,0,0,0,0,0,0,7.30E-05,9.120054728,0,0,0,0,0,0,0,0,0,0,0,0,0,0,0,0,9.79E-05,12.24187236
A22,CC(C)C1=CC(C(C)C)=CC(C(C)C)=C1C2=C([P+](C3CCCCC3)([Pd-2]4(OS(C)(=O)=O)C(C=CC=C5)=C5C6=C([NH+]4C)C=CC=C6)C7CCCCC7)C=CC=C2,XPhos Pd G4,0.13767904 milligram,0.16000000000000003 micromole,0.13767904000000003 microliter,C47H64NO3PPdS,CC1=C(N2CCCC2=O)C=CC(Br)=C1,1-(4-bromo-2-methylphenyl)pyrrolidin-2-one,0.20330160000000003 milligram,0.8 micromole,0.20330160000000008 microliter,C11H12BrNO,B1(OC(C(O1)(C)C)(C)C)C2=CCN(CC2)C(=O)OC(C)(C)C,"N-Boc-1,2,5,6-tetrahydropyridine-4-boronic acid pinacol ester",0.29684640000000007 milligram,0.9600000000000001 micromole,0.2968464000000001 microliter,C16H28BNO4,O=C([O-])[O-].[Na+].[Na+],Na2CO3,0.635928 milligram,6.0 micromole,0.6359280000000002 microliter,CNa2O3,CN1C=NC2=C1C(=O)N(C(=O)N2C)C,caffeine,0.1553528 milligram,0.8 micromole,0.15535280000000004 microliter,C8H10N4O2,C1COCCO1,dioxane,32.445 milligram,368.2496084262139 micromole,31.5 microliter,C4H8O2,O,water,3.5 milligram,194.2825423258396 micromole,3.5 microliter,H2O,Cc1cc(C2=CCN(C(=O)OC(C)(C)C)CC2)ccc1N1CCCC1=O,suzuki_product_0,0.0 milligram,0.0 micromole,0 microliter,C21H28N2O3,Cc1ccccc1N1CCCC1=O,dehalogenation_0,0.0 milligram,0.0 micromole,0 microliter,C11H13NO,CC(C)(C)OC(=O)N1CC=CCC1,deborylation_0,0.0 milligram,0.0 micromole,0 microliter,C10H17NO2,CC1=C(N2CCCC2=O)C=CC(Br)=C1.B1(OC(C(O1)(C)C)(C)C)C2=CCN(CC2)C(=O)OC(C)(C)C>>Cc1cc(C2=CCN(C(=O)OC(C)(C)C)CC2)ccc1N1CCCC1=O.Cc1ccccc1N1CCCC1=O.CC(C)(C)OC(=O)N1CC=CCC1,001_RLN-NB-2443_007_A22,,,,,,,,,3/29/23 17:31,kat78-2-a22-a1_03_22_2023_22.raw,2min_150_1200.EXP,001_RLN-NB-2443_007_A22,KAT78-2-A22-A1_KAT78-2-A22-A1_KAT78-2-A22-A1,0,0,0,0,0,0,0,0,0,0,0,0,0,0,0,deborylation_0,0,0,0,0,0,181.889639,21.43926735,4.521017626,195,0.7334,28.00150503,3.264163437,0.688332311,357.2,1.3234,0,0,0,0,0,0,0,0,0,0,0,0,0,0,0,0,0,0,0,0,0,0,0,0,0,0,0,0,0,0,0,0,0,0,0,28.00150503,3.264163437,0.688332311,357.2,1.3234,0,0,0,0,0,0,0,0,0,0,0,0,0.000121801,15.22516317,0,0,0.000121801,15.22516317,0,0,0,0,0,0,0,0,0,0,0,0,0,0,0,0
A23,CC(C)C1=CC(C(C)C)=CC(C(C)C)=C1C2=C([P+](C3CCCCC3)([Pd-2]4(OS(C)(=O)=O)C(C=CC=C5)=C5C6=C([NH+]4C)C=CC=C6)C7CCCCC7)C=CC=C2,XPhos Pd G4,0.13767904 milligram,0.16000000000000003 micromole,0.13767904000000003 microliter,C47H64NO3PPdS,CC1=C(N2CCCC2=O)C=CC(Br)=C1,1-(4-bromo-2-methylphenyl)pyrrolidin-2-one,0.20330160000000003 milligram,0.8 micromole,0.20330160000000008 microliter,C11H12BrNO,B1(OC(C(O1)(C)C)(C)C)C2=CC=C(C=C2)N,"4-(4,4,5,5-tetramethyl-1,3,2-dioxaborolan-2-yl)aniline",0.21032928 milligram,0.9600000000000001 micromole,0.21032928000000006 microliter,C12H18BNO2,O=C([O-])[O-].[Na+].[Na+],Na2CO3,0.635928 milligram,6.0 micromole,0.6359280000000002 microliter,CNa2O3,CN1C=NC2=C1C(=O)N(C(=O)N2C)C,caffeine,0.1553528 milligram,0.8 micromole,0.15535280000000004 microliter,C8H10N4O2,C1COCCO1,dioxane,32.445 milligram,368.2496084262139 micromole,31.5 microliter,C4H8O2,O,water,3.5 milligram,194.2825423258396 micromole,3.5 microliter,H2O,Cc1cc(-c2ccc(N)cc2)ccc1N1CCCC1=O,suzuki_product_0,0.0 milligram,0.0 micromole,0 microliter,C17H18N2O,Cc1ccccc1N1CCCC1=O,dehalogenation_0,0.0 milligram,0.0 micromole,0 microliter,C11H13NO,Nc1ccccc1,deborylation_0,0.0 milligram,0.0 micromole,0 microliter,C6H7N,CC1=C(N2CCCC2=O)C=CC(Br)=C1.B1(OC(C(O1)(C)C)(C)C)C2=CC=C(C=C2)N>>Cc1cc(-c2ccc(N)cc2)ccc1N1CCCC1=O.Cc1ccccc1N1CCCC1=O.Nc1ccccc1,001_RLN-NB-2443_007_A23,,,,,,,,,3/29/23 17:33,kat78-2-a23-a1_03_22_2023_23.raw,2min_150_1200.EXP,001_RLN-NB-2443_007_A23,KAT78-2-A23-A1_KAT78-2-A23-A1_KAT78-2-A23-A1,0,0,0,0,0,0,0,0,0,0,0,0,0,0,0,deborylation_0,0,0,0,0,0,201.3594826,18.3686943,5.084782345,194.9,0.7318,0,0,0,0,0,17.37485081,1.478081945,0.409159457,175.8,1.0251,0,0,0,0,0,0,0,0,0,0,0,0,0,0,0,0,0,0,0,0,0,0,0,0,0,35.74708705,2.533134928,0.701216948,255.9,1.1868,232.3441274,23.72238491,6.566779436,267,0.8851,0,0,0,0,0,0,0,0,0,0,0,0,0.001033166,129.1457331,6.44E-05,8.046744755,0,0,0,0,0,0,0,0,0,0,0,0,0,0,0,0,0.000110324,13.79050077
A24,CC(C)C1=CC(C(C)C)=CC(C(C)C)=C1C2=C([P+](C3CCCCC3)([Pd-2]4(OS(C)(=O)=O)C(C=CC=C5)=C5C6=C([NH+]4C)C=CC=C6)C7CCCCC7)C=CC=C2,XPhos Pd G4,0.13767904 milligram,0.16000000000000003 micromole,0.13767904000000003 microliter,C47H64NO3PPdS,CC1=C(N2CCCC2=O)C=CC(Br)=C1,1-(4-bromo-2-methylphenyl)pyrrolidin-2-one,0.20330160000000003 milligram,0.8 micromole,0.20330160000000008 microliter,C11H12BrNO,B1(OC(C(O1)(C)C)(C)C)C2=CC=C(C=C2)N,"4-(4,4,5,5-tetramethyl-1,3,2-dioxaborolan-2-yl)aniline",0.21032928 milligram,0.9600000000000001 micromole,0.21032928000000006 microliter,C12H18BNO2,O=C([O-])[O-].[Na+].[Na+],Na2CO3,0.635928 milligram,6.0 micromole,0.6359280000000002 microliter,CNa2O3,CN1C=NC2=C1C(=O)N(C(=O)N2C)C,caffeine,0.1553528 milligram,0.8 micromole,0.15535280000000004 microliter,C8H10N4O2,C1COCCO1,dioxane,32.445 milligram,368.2496084262139 micromole,31.5 microliter,C4H8O2,O,water,3.5 milligram,194.2825423258396 micromole,3.5 microliter,H2O,Cc1cc(-c2ccc(N)cc2)ccc1N1CCCC1=O,suzuki_product_0,0.0 milligram,0.0 micromole,0 microliter,C17H18N2O,Cc1ccccc1N1CCCC1=O,dehalogenation_0,0.0 milligram,0.0 micromole,0 microliter,C11H13NO,Nc1ccccc1,deborylation_0,0.0 milligram,0.0 micromole,0 microliter,C6H7N,CC1=C(N2CCCC2=O)C=CC(Br)=C1.B1(OC(C(O1)(C)C)(C)C)C2=CC=C(C=C2)N>>Cc1cc(-c2ccc(N)cc2)ccc1N1CCCC1=O.Cc1ccccc1N1CCCC1=O.Nc1ccccc1,001_RLN-NB-2443_007_A24,,,,,,,,,3/29/23 17:36,kat78-2-a24-a1_03_22_2023_24.raw,2min_150_1200.EXP,001_RLN-NB-2443_007_A24,KAT78-2-A24-A1_KAT78-2-A24-A1_KAT78-2-A24-A1,0,0,0,0,0,0,0,0,0,0,0,0,0,0,0,deborylation_0,0,0,0,0,0,176.1130327,16.87069471,4.376840961,195,0.7318,0,0,0,0,0,0,0,0,0,0,0,0,0,0,0,0,0,0,0,0,0,0,0,0,0,0,0,0,0,0,0,0,0,0,0,23.01398406,1.871349131,0.485492605,255.9,1.1901,198.2847439,21.63192042,5.612067374,267,0.8834,0,0,0,0,0,0,0,0,0,0,0,0,0.001025775,128.2218711,0,0,0,0,0,0,0,0,0,0,0,0,0,0,0,0,0,0,8.87E-05,11.0923063
B1,CC(C)C1=CC(C(C)C)=CC(C(C)C)=C1C2=C([P+](C3CCCCC3)([Pd-2]4(OS(C)(=O)=O)C(C=CC=C5)=C5C6=C([NH+]4C)C=CC=C6)C7CCCCC7)C=CC=C2,XPhos Pd G4,0.13767904 milligram,0.16000000000000003 micromole,0.13767904000000003 microliter,C47H64NO3PPdS,BrC1=CC=CN2C=CN=C12,"8-bromoimidazo[1,2-a]pyridine",0.15762800000000002 milligram,0.8 micromole,0.15762800000000005 microliter,C7H5BrN2,B1(OC(C(O1)(C)C)(C)C)C2=CN=C(C=C2)C,"2-methyl-5-(4,4,5,5-tetramethyl-1,3,2-dioxaborolan-2-yl)pyridine",0.21032928 milligram,0.9600000000000001 micromole,0.21032928000000006 microliter,C12H18BNO2,O=C([O-])[O-].[Na+].[Na+],Na2CO3,0.635928 milligram,6.0 micromole,0.6359280000000002 microliter,CNa2O3,CN1C=NC2=C1C(=O)N(C(=O)N2C)C,caffeine,0.1553528 milligram,0.8 micromole,0.15535280000000004 microliter,C8H10N4O2,C1COCCO1,dioxane,32.445 milligram,368.2496084262139 micromole,31.5 microliter,C4H8O2,O,water,3.5 milligram,194.2825423258396 micromole,3.5 microliter,H2O,Cc1ccc(-c2cccn3ccnc23)cn1,suzuki_product_0,0.0 milligram,0.0 micromole,0 microliter,C13H11N3,c1ccn2ccnc2c1,dehalogenation_0,0.0 milligram,0.0 micromole,0 microliter,C7H6N2,Cc1ccccn1,deborylation_0,0.0 milligram,0.0 micromole,0 microliter,C6H7N,BrC1=CC=CN2C=CN=C12.B1(OC(C(O1)(C)C)(C)C)C2=CN=C(C=C2)C>>Cc1ccc(-c2cccn3ccnc23)cn1.c1ccn2ccnc2c1.Cc1ccccn1,001_RLN-NB-2443_007_B1,,,,,,,,,3/29/23 17:38,kat78-2-b1-a1_03_22_2023_25.raw,2min_150_1200.EXP,001_RLN-NB-2443_007_B1,KAT78-2-B1-A1_KAT78-2-B1-A1_KAT78-2-B1-A1,0,0,0,0,0,0,0,0,0,0,0,0,0,0,0,deborylation_0,0,0,0,0,0,164.891109,33.22069294,4.234697575,195.2,0.7318,0,0,0,0,0,0,0,0,0,0,0,0,0,0,0,0,0,0,0,0,0,0,0,0,0,0,0,0,0,0,0,0,0,0,0,0,0,0,0,0,45.8779639,10.97564624,1.399084077,210,0.5851,0,0,0,0,0,0,0,0,0,0,0,0,0.000264309,33.03858309,0,0,0,0,0,0,0,0,0,0,0,0,0,0,0,0,0,0,0,0
B2,CC(C)C1=CC(C(C)C)=CC(C(C)C)=C1C2=C([P+](C3CCCCC3)([Pd-2]4(OS(C)(=O)=O)C(C=CC=C5)=C5C6=C([NH+]4C)C=CC=C6)C7CCCCC7)C=CC=C2,XPhos Pd G4,0.13767904 milligram,0.16000000000000003 micromole,0.13767904000000003 microliter,C47H64NO3PPdS,BrC1=CC=CN2C=CN=C12,"8-bromoimidazo[1,2-a]pyridine",0.15762800000000002 milligram,0.8 micromole,0.15762800000000005 microliter,C7H5BrN2,B1(OC(C(O1)(C)C)(C)C)C2=CN(N=C2C)C,"1,3-dimethyl-4-(4,4,5,5-tetramethyl-1,3,2-dioxaborolan-2-yl)-1H-pyrazole",0.21321311999999998 milligram,0.9600000000000001 micromole,0.21321312000000003 microliter,C11H19BN2O2,O=C([O-])[O-].[Na+].[Na+],Na2CO3,0.635928 milligram,6.0 micromole,0.6359280000000002 microliter,CNa2O3,CN1C=NC2=C1C(=O)N(C(=O)N2C)C,caffeine,0.1553528 milligram,0.8 micromole,0.15535280000000004 microliter,C8H10N4O2,C1COCCO1,dioxane,32.445 milligram,368.2496084262139 micromole,31.5 microliter,C4H8O2,O,water,3.5 milligram,194.2825423258396 micromole,3.5 microliter,H2O,Cc1nn(C)cc1-c1cccn2ccnc12,suzuki_product_0,0.0 milligram,0.0 micromole,0 microliter,C12H12N4,c1ccn2ccnc2c1,dehalogenation_0,0.0 milligram,0.0 micromole,0 microliter,C7H6N2,Cc1ccn(C)n1,deborylation_0,0.0 milligram,0.0 micromole,0 microliter,C5H8N2,BrC1=CC=CN2C=CN=C12.B1(OC(C(O1)(C)C)(C)C)C2=CN(N=C2C)C>>Cc1nn(C)cc1-c1cccn2ccnc12.c1ccn2ccnc2c1.Cc1ccn(C)n1,001_RLN-NB-2443_007_B2,,,,,,,,,3/29/23 17:41,kat78-2-b2-a1_03_22_2023_26.raw,2min_150_1200.EXP,001_RLN-NB-2443_007_B2,KAT78-2-B2-A1_KAT78-2-B2-A1_KAT78-2-B2-A1,0,0,0,0,0,0,0,0,0,0,0,0,0,0,0,deborylation_0,0,0,0,0,0,166.2728505,33.63827292,4.388157182,194.9,0.7334,0,0,0,0,0,0,0,0,0,0,0,0,0,0,0,0,0,0,0,0,0,0,0,0,0,0,0,0,0,0,0,0,0,0,0,0,0,0,0,0,20.62850443,3.267169672,0.426206604,213,0.6534,8.621714424,1.522275905,0.198582905,222.9,0.6984,0,0,0,0,0,0,0,7.77E-05,9.712655818,0,0,0,0,3.62E-05,4.525428248,0,0,0,0,0,0,0,0,0,0,0,0,0,0
B3,CC(C)C1=CC(C(C)C)=CC(C(C)C)=C1C2=C([P+](C3CCCCC3)([Pd-2]4(OS(C)(=O)=O)C(C=CC=C5)=C5C6=C([NH+]4C)C=CC=C6)C7CCCCC7)C=CC=C2,XPhos Pd G4,0.13767904 milligram,0.16000000000000003 micromole,0.13767904000000003 microliter,C47H64NO3PPdS,BrC1=CC=CN2C=CN=C12,"8-bromoimidazo[1,2-a]pyridine",0.15762800000000002 milligram,0.8 micromole,0.15762800000000005 microliter,C7H5BrN2,B1(OC(C(O1)(C)C)(C)C)C2=CCN(CC2)C(=O)OC(C)(C)C,"N-Boc-1,2,5,6-tetrahydropyridine-4-boronic acid pinacol ester",0.29684640000000007 milligram,0.9600000000000001 micromole,0.2968464000000001 microliter,C16H28BNO4,O=C([O-])[O-].[Na+].[Na+],Na2CO3,0.635928 milligram,6.0 micromole,0.6359280000000002 microliter,CNa2O3,CN1C=NC2=C1C(=O)N(C(=O)N2C)C,caffeine,0.1553528 milligram,0.8 micromole,0.15535280000000004 microliter,C8H10N4O2,C1COCCO1,dioxane,32.445 milligram,368.2496084262139 micromole,31.5 microliter,C4H8O2,O,water,3.5 milligram,194.2825423258396 micromole,3.5 microliter,H2O,CC(C)(C)OC(=O)N1CC=C(c2cccn3ccnc23)CC1,suzuki_product_0,0.0 milligram,0.0 micromole,0 microliter,C17H21N3O2,c1ccn2ccnc2c1,dehalogenation_0,0.0 milligram,0.0 micromole,0 microliter,C7H6N2,CC(C)(C)OC(=O)N1CC=CCC1,deborylation_0,0.0 milligram,0.0 micromole,0 microliter,C10H17NO2,BrC1=CC=CN2C=CN=C12.B1(OC(C(O1)(C)C)(C)C)C2=CCN(CC2)C(=O)OC(C)(C)C>>CC(C)(C)OC(=O)N1CC=C(c2cccn3ccnc23)CC1.c1ccn2ccnc2c1.CC(C)(C)OC(=O)N1CC=CCC1,001_RLN-NB-2443_007_B3,,,,,,,,,3/29/23 17:43,kat78-2-b3-a1_03_22_2023_27.raw,2min_150_1200.EXP,001_RLN-NB-2443_007_B3,KAT78-2-B3-A1_KAT78-2-B3-A1_KAT78-2-B3-A1,0,0,0,0,0,0,0,0,0,0,0,0,0,0,0,deborylation_0,0,0,0,0,0,171.1578003,22.78983998,4.255195658,194.9,0.7334,0,0,0,0,0,0,0,0,0,0,0,0,0,0,0,0,0,0,0,0,0,0,0,0,0,0,0,0,0,0,0,0,0,0,0,0,0,0,0,0,215.6448238,33.60817495,6.275136651,300.1,0.8684,0,0,0,0,0,0,0,0,0,0,0,0,0.00117976,147.4699909,0,0,0,0,0,0,0,0,0,0,0,0,0,0,0,0,0,0,0,0
B4,CC(C)C1=CC(C(C)C)=CC(C(C)C)=C1C2=C([P+](C3CCCCC3)([Pd-2]4(OS(C)(=O)=O)C(C=CC=C5)=C5C6=C([NH+]4C)C=CC=C6)C7CCCCC7)C=CC=C2,XPhos Pd G4,0.13767904 milligram,0.16000000000000003 micromole,0.13767904000000003 microliter,C47H64NO3PPdS,BrC1=CC=CN2C=CN=C12,"8-bromoimidazo[1,2-a]pyridine",0.15762800000000002 milligram,0.8 micromole,0.15762800000000005 microliter,C7H5BrN2,B1(OC(C(O1)(C)C)(C)C)C2=CCN(CC2)C(=O)OC(C)(C)C,"N-Boc-1,2,5,6-tetrahydropyridine-4-boronic acid pinacol ester",0.29684640000000007 milligram,0.9600000000000001 micromole,0.2968464000000001 microliter,C16H28BNO4,O=C([O-])[O-].[Na+].[Na+],Na2CO3,0.635928 milligram,6.0 micromole,0.6359280000000002 microliter,CNa2O3,CN1C=NC2=C1C(=O)N(C(=O)N2C)C,caffeine,0.1553528 milligram,0.8 micromole,0.15535280000000004 microliter,C8H10N4O2,C1COCCO1,dioxane,32.445 milligram,368.2496084262139 micromole,31.5 microliter,C4H8O2,O,water,3.5 milligram,194.2825423258396 micromole,3.5 microliter,H2O,CC(C)(C)OC(=O)N1CC=C(c2cccn3ccnc23)CC1,suzuki_product_0,0.0 milligram,0.0 micromole,0 microliter,C17H21N3O2,c1ccn2ccnc2c1,dehalogenation_0,0.0 milligram,0.0 micromole,0 microliter,C7H6N2,CC(C)(C)OC(=O)N1CC=CCC1,deborylation_0,0.0 milligram,0.0 micromole,0 microliter,C10H17NO2,BrC1=CC=CN2C=CN=C12.B1(OC(C(O1)(C)C)(C)C)C2=CCN(CC2)C(=O)OC(C)(C)C>>CC(C)(C)OC(=O)N1CC=C(c2cccn3ccnc23)CC1.c1ccn2ccnc2c1.CC(C)(C)OC(=O)N1CC=CCC1,001_RLN-NB-2443_007_B4,,,,,,,,,3/29/23 17:46,kat78-2-b4-a1_03_22_2023_28.raw,2min_150_1200.EXP,001_RLN-NB-2443_007_B4,KAT78-2-B4-A1_KAT78-2-B4-A1_KAT78-2-B4-A1,0,0,0,0,0,0,0,0,0,0,0,0,0,0,0,deborylation_0,0,0,0,0,0,161.7207779,21.28440921,4.009758332,195,0.7334,0,0,0,0,0,0,0,0,0,0,14.25588149,1.301014394,0.245097397,235,0.1568,0,0,0,0,0,0,0,0,0,0,0,0,0,0,0,0,0,0,0,0,0,0,0,0,0,205.8883763,31.51740515,5.937546899,299.9,0.8684,0,0,0,0,0,0,0,0,0,0,0,0,0.001184619,148.0774253,0,0,0,0,0,0,4.89E-05,6.11252293,0,0,0,0,0,0,0,0,0,0,0,0
B5,CC(C)C1=CC(C(C)C)=CC(C(C)C)=C1C2=C([P+](C3CCCCC3)([Pd-2]4(OS(C)(=O)=O)C(C=CC=C5)=C5C6=C([NH+]4C)C=CC=C6)C7CCCCC7)C=CC=C2,XPhos Pd G4,0.13767904 milligram,0.16000000000000003 micromole,0.13767904000000003 microliter,C47H64NO3PPdS,BrC1=CC=CN2C=CN=C12,"8-bromoimidazo[1,2-a]pyridine",0.15762800000000002 milligram,0.8 micromole,0.15762800000000005 microliter,C7H5BrN2,B1(OC(C(O1)(C)C)(C)C)C2=CC=C(C=C2)N,"4-(4,4,5,5-tetramethyl-1,3,2-dioxaborolan-2-yl)aniline",0.21032928 milligram,0.9600000000000001 micromole,0.21032928000000006 microliter,C12H18BNO2,O=C([O-])[O-].[Na+].[Na+],Na2CO3,0.635928 milligram,6.0 micromole,0.6359280000000002 microliter,CNa2O3,CN1C=NC2=C1C(=O)N(C(=O)N2C)C,caffeine,0.1553528 milligram,0.8 micromole,0.15535280000000004 microliter,C8H10N4O2,C1COCCO1,dioxane,32.445 milligram,368.2496084262139 micromole,31.5 microliter,C4H8O2,O,water,3.5 milligram,194.2825423258396 micromole,3.5 microliter,H2O,Nc1ccc(-c2cccn3ccnc23)cc1,suzuki_product_0,0.0 milligram,0.0 micromole,0 microliter,C13H11N3,c1ccn2ccnc2c1,dehalogenation_0,0.0 milligram,0.0 micromole,0 microliter,C7H6N2,Nc1ccccc1,deborylation_0,0.0 milligram,0.0 micromole,0 microliter,C6H7N,BrC1=CC=CN2C=CN=C12.B1(OC(C(O1)(C)C)(C)C)C2=CC=C(C=C2)N>>Nc1ccc(-c2cccn3ccnc23)cc1.c1ccn2ccnc2c1.Nc1ccccc1,001_RLN-NB-2443_007_B5,,,,,,,,,3/29/23 17:48,kat78-2-b5-a1_03_22_2023_29.raw,2min_150_1200.EXP,001_RLN-NB-2443_007_B5,KAT78-2-B5-A1_KAT78-2-B5-A1_KAT78-2-B5-A1,0,0,0,0,0,0,0,0,0,0,0,0,0,0,0,deborylation_0,0,0,0,0,0,165.9877816,28.68491984,4.240207932,194.9,0.7318,0,0,0,0,0,0,0,0,0,0,0,0,0,0,0,0,0,0,0,0,0,0,0,0,0,0,0,0,0,0,0,0,0,0,0,0,0,0,0,0,77.02815504,14.15210593,2.091965819,210,0.6334,0,0,0,0,0,0,0,0,0,0,0,0,0.000394691,49.336397,0,0,0,0,0,0,0,0,0,0,0,0,0,0,0,0,0,0,0,0
B6,CC(C)C1=CC(C(C)C)=CC(C(C)C)=C1C2=C([P+](C3CCCCC3)([Pd-2]4(OS(C)(=O)=O)C(C=CC=C5)=C5C6=C([NH+]4C)C=CC=C6)C7CCCCC7)C=CC=C2,XPhos Pd G4,0.13767904 milligram,0.16000000000000003 micromole,0.13767904000000003 microliter,C47H64NO3PPdS,BrC1=CC=CN2C=CN=C12,"8-bromoimidazo[1,2-a]pyridine",0.15762800000000002 milligram,0.8 micromole,0.15762800000000005 microliter,C7H5BrN2,B1(OC(C(O1)(C)C)(C)C)C2=CC=C(C=C2)N,"4-(4,4,5,5-tetramethyl-1,3,2-dioxaborolan-2-yl)aniline",0.21032928 milligram,0.9600000000000001 micromole,0.21032928000000006 microliter,C12H18BNO2,O=C([O-])[O-].[Na+].[Na+],Na2CO3,0.635928 milligram,6.0 micromole,0.6359280000000002 microliter,CNa2O3,CN1C=NC2=C1C(=O)N(C(=O)N2C)C,caffeine,0.1553528 milligram,0.8 micromole,0.15535280000000004 microliter,C8H10N4O2,C1COCCO1,dioxane,32.445 milligram,368.2496084262139 micromole,31.5 microliter,C4H8O2,O,water,3.5 milligram,194.2825423258396 micromole,3.5 microliter,H2O,Nc1ccc(-c2cccn3ccnc23)cc1,suzuki_product_0,0.0 milligram,0.0 micromole,0 microliter,C13H11N3,c1ccn2ccnc2c1,dehalogenation_0,0.0 milligram,0.0 micromole,0 microliter,C7H6N2,Nc1ccccc1,deborylation_0,0.0 milligram,0.0 micromole,0 microliter,C6H7N,BrC1=CC=CN2C=CN=C12.B1(OC(C(O1)(C)C)(C)C)C2=CC=C(C=C2)N>>Nc1ccc(-c2cccn3ccnc23)cc1.c1ccn2ccnc2c1.Nc1ccccc1,001_RLN-NB-2443_007_B6,,,,,,,,,3/29/23 17:51,kat78-2-b6-a1_03_22_2023_30.raw,2min_150_1200.EXP,001_RLN-NB-2443_007_B6,KAT78-2-B6-A1_KAT78-2-B6-A1_KAT78-2-B6-A1,0,0,0,0,0,0,0,0,0,0,0,0,0,0,0,deborylation_0,0,0,0,0,0,157.8086342,30.92896357,4.117963803,195,0.7301,0,0,0,0,0,0,0,0,0,0,0,0,0,0,0,0,0,0,0,0,0,0,0,0,0,0,0,0,0,0,0,0,0,0,0,0,0,0,0,0,72.33110555,15.91751623,2.119300102,209.9,0.6334,0,0,0,0,0,0,0,0,0,0,0,0,0.000411718,51.46475791,0,0,0,0,0,0,0,0,0,0,0,0,0,0,0,0,0,0,0,0
B7,CC(C)C1=CC(C(C)C)=CC(C(C)C)=C1C2=C([P+](C3CCCCC3)([Pd-2]4(OS(C)(=O)=O)C(C=CC=C5)=C5C6=C([NH+]4C)C=CC=C6)C7CCCCC7)C=CC=C2,XPhos Pd G4,0.13767904 milligram,0.16000000000000003 micromole,0.13767904000000003 microliter,C47H64NO3PPdS,CC1=CC(C=O)=C(C)N1C2=CC(Cl)=CC(Cl)=C2,"1-(3,5-dichlorophenyl)-2,5-dimethyl-1H-pyrrole-3-carbaldehyde",0.2145144 milligram,0.8 micromole,0.21451440000000005 microliter,C13H11Cl2NO,B1(OC(C(O1)(C)C)(C)C)C2=CN=C(C=C2)C,"2-methyl-5-(4,4,5,5-tetramethyl-1,3,2-dioxaborolan-2-yl)pyridine",0.21032928 milligram,0.9600000000000001 micromole,0.21032928000000006 microliter,C12H18BNO2,O=C([O-])[O-].[Na+].[Na+],Na2CO3,0.635928 milligram,6.0 micromole,0.6359280000000002 microliter,CNa2O3,CN1C=NC2=C1C(=O)N(C(=O)N2C)C,caffeine,0.1553528 milligram,0.8 micromole,0.15535280000000004 microliter,C8H10N4O2,C1COCCO1,dioxane,32.445 milligram,368.2496084262139 micromole,31.5 microliter,C4H8O2,O,water,3.5 milligram,194.2825423258396 micromole,3.5 microliter,H2O,Cc1ccc(-c2cc(Cl)cc(-n3c(C)cc(C=O)c3C)c2)cn1,suzuki_product_0,0.0 milligram,0.0 micromole,0 microliter,C19H17ClN2O,Cc1ccc(-c2cc(-c3ccc(C)nc3)cc(-n3c(C)cc(C=O)c3C)c2)cn1,bis_addition_1,0.0 milligram,0.0 micromole,0 microliter,C25H23N3O,Cc1cc(C=O)c(C)n1-c1cccc(Cl)c1,dehalogenation_0,0.0 milligram,0.0 micromole,0 microliter,C13H12ClNO,CC1=CC(C=O)=C(C)N1C2=CC(Cl)=CC(Cl)=C2.B1(OC(C(O1)(C)C)(C)C)C2=CN=C(C=C2)C>>Cc1ccc(-c2cc(Cl)cc(-n3c(C)cc(C=O)c3C)c2)cn1.Cc1ccc(-c2cc(-c3ccc(C)nc3)cc(-n3c(C)cc(C=O)c3C)c2)cn1.Cc1cc(C=O)c(C)n1-c1cccc(Cl)c1.Cc1ccccn1,001_RLN-NB-2443_007_B7,,,Cc1ccccn1,deborylation_0,0.0 milligram,0.0 micromole,0 microliter,C6H7N,3/29/23 17:53,kat78-2-b7-a1_03_22_2023_31.raw,2min_150_1200.EXP,001_RLN-NB-2443_007_B7,KAT78-2-B7-A1_KAT78-2-B7-A1_KAT78-2-B7-A1,0,0,0,0,0,0,0,0,0,0,0,0,0,0,0,bis_addition_1,0,0,0,0,0,164.2706806,18.51838088,4.179254443,195,0.7318,0,0,0,0,0,0,0,0,0,0,0,0,0,0,0,0,0,0,0,0,63.29349076,7.557995828,1.705699211,382,0.8034,0,0,0,0,0,0,0,0,0,0,0,0,0,0,0,254.297593,32.36945121,7.305183628,325,1.0351,0,0,0,0,0,62.51917548,5.823087713,1.314162688,267.8,1.3251,0,0,0.001398371,174.7963357,0,0,0,0,0,0,0,0,0,0,0.000251559,31.44490737,0.000326508,40.81348083,0,0,0,0,0,0
B8,CC(C)C1=CC(C(C)C)=CC(C(C)C)=C1C2=C([P+](C3CCCCC3)([Pd-2]4(OS(C)(=O)=O)C(C=CC=C5)=C5C6=C([NH+]4C)C=CC=C6)C7CCCCC7)C=CC=C2,XPhos Pd G4,0.13767904 milligram,0.16000000000000003 micromole,0.13767904000000003 microliter,C47H64NO3PPdS,CC1=CC(C=O)=C(C)N1C2=CC(Cl)=CC(Cl)=C2,"1-(3,5-dichlorophenyl)-2,5-dimethyl-1H-pyrrole-3-carbaldehyde",0.2145144 milligram,0.8 micromole,0.21451440000000005 microliter,C13H11Cl2NO,B1(OC(C(O1)(C)C)(C)C)C2=CN(N=C2C)C,"1,3-dimethyl-4-(4,4,5,5-tetramethyl-1,3,2-dioxaborolan-2-yl)-1H-pyrazole",0.21321311999999998 milligram,0.9600000000000001 micromole,0.21321312000000003 microliter,C11H19BN2O2,O=C([O-])[O-].[Na+].[Na+],Na2CO3,0.635928 milligram,6.0 micromole,0.6359280000000002 microliter,CNa2O3,CN1C=NC2=C1C(=O)N(C(=O)N2C)C,caffeine,0.1553528 milligram,0.8 micromole,0.15535280000000004 microliter,C8H10N4O2,C1COCCO1,dioxane,32.445 milligram,368.2496084262139 micromole,31.5 microliter,C4H8O2,O,water,3.5 milligram,194.2825423258396 micromole,3.5 microliter,H2O,Cc1nn(C)cc1-c1cc(Cl)cc(-n2c(C)cc(C=O)c2C)c1,suzuki_product_0,0.0 milligram,0.0 micromole,0 microliter,C18H18ClN3O,Cc1nn(C)cc1-c1cc(-c2cn(C)nc2C)cc(-n2c(C)cc(C=O)c2C)c1,bis_addition_1,0.0 milligram,0.0 micromole,0 microliter,C23H25N5O,Cc1cc(C=O)c(C)n1-c1cccc(Cl)c1,dehalogenation_0,0.0 milligram,0.0 micromole,0 microliter,C13H12ClNO,CC1=CC(C=O)=C(C)N1C2=CC(Cl)=CC(Cl)=C2.B1(OC(C(O1)(C)C)(C)C)C2=CN(N=C2C)C>>Cc1nn(C)cc1-c1cc(Cl)cc(-n2c(C)cc(C=O)c2C)c1.Cc1nn(C)cc1-c1cc(-c2cn(C)nc2C)cc(-n2c(C)cc(C=O)c2C)c1.Cc1cc(C=O)c(C)n1-c1cccc(Cl)c1.Cc1ccn(C)n1,001_RLN-NB-2443_007_B8,,,Cc1ccn(C)n1,deborylation_0,0.0 milligram,0.0 micromole,0 microliter,C5H8N2,3/29/23 17:55,kat78-2-b8-a1_03_22_2023_32.raw,2min_150_1200.EXP,001_RLN-NB-2443_007_B8,KAT78-2-B8-A1_KAT78-2-B8-A1_KAT78-2-B8-A1,0,0,0,0,0,0,0,0,0,0,0,0,0,0,0,bis_addition_2,0,0,0,0,0,175.3938571,18.95936525,4.414004347,194.9,0.7301,0,0,0,0,0,0,0,0,0,0,0,0,0,0,0,0,0,0,0,0,0,0,0,0,0,32.1457151,3.052868525,0.710750321,387.9,1.0668,0,0,0,0,0,0,0,0,0,0,213.2679229,24.1966763,5.633323319,328,1.2101,0,0,0,0,0,111.4696821,11.11818417,2.588468159,267.8,1.3251,0,0,0.001020991,127.6238734,0,0,0,0,0,0,0,0,0,0,0.000469137,58.64217513,0,0,0,0,0,0,0,0
B9,CC(C)C1=CC(C(C)C)=CC(C(C)C)=C1C2=C([P+](C3CCCCC3)([Pd-2]4(OS(C)(=O)=O)C(C=CC=C5)=C5C6=C([NH+]4C)C=CC=C6)C7CCCCC7)C=CC=C2,XPhos Pd G4,0.13767904 milligram,0.16000000000000003 micromole,0.13767904000000003 microliter,C47H64NO3PPdS,CC1=CC(C=O)=C(C)N1C2=CC(Cl)=CC(Cl)=C2,"1-(3,5-dichlorophenyl)-2,5-dimethyl-1H-pyrrole-3-carbaldehyde",0.2145144 milligram,0.8 micromole,0.21451440000000005 microliter,C13H11Cl2NO,B1(OC(C(O1)(C)C)(C)C)C2=CCN(CC2)C(=O)OC(C)(C)C,"N-Boc-1,2,5,6-tetrahydropyridine-4-boronic acid pinacol ester",0.29684640000000007 milligram,0.9600000000000001 micromole,0.2968464000000001 microliter,C16H28BNO4,O=C([O-])[O-].[Na+].[Na+],Na2CO3,0.635928 milligram,6.0 micromole,0.6359280000000002 microliter,CNa2O3,CN1C=NC2=C1C(=O)N(C(=O)N2C)C,caffeine,0.1553528 milligram,0.8 micromole,0.15535280000000004 microliter,C8H10N4O2,C1COCCO1,dioxane,32.445 milligram,368.2496084262139 micromole,31.5 microliter,C4H8O2,O,water,3.5 milligram,194.2825423258396 micromole,3.5 microliter,H2O,Cc1cc(C=O)c(C)n1-c1cc(Cl)cc(C2=CCN(C(=O)OC(C)(C)C)CC2)c1,suzuki_product_0,0.0 milligram,0.0 micromole,0 microliter,C23H27ClN2O3,Cc1cc(C=O)c(C)n1-c1cc(C2=CCN(C(=O)OC(C)(C)C)CC2)cc(C2=CCN(C(=O)OC(C)(C)C)CC2)c1,bis_addition_2,0.0 milligram,0.0 micromole,0 microliter,C33H43N3O5,Cc1cc(C=O)c(C)n1-c1cccc(Cl)c1,dehalogenation_0,0.0 milligram,0.0 micromole,0 microliter,C13H12ClNO,CC1=CC(C=O)=C(C)N1C2=CC(Cl)=CC(Cl)=C2.B1(OC(C(O1)(C)C)(C)C)C2=CCN(CC2)C(=O)OC(C)(C)C>>Cc1cc(C=O)c(C)n1-c1cc(Cl)cc(C2=CCN(C(=O)OC(C)(C)C)CC2)c1.Cc1cc(C=O)c(C)n1-c1cc(C2=CCN(C(=O)OC(C)(C)C)CC2)cc(C2=CCN(C(=O)OC(C)(C)C)CC2)c1.Cc1cc(C=O)c(C)n1-c1cccc(Cl)c1.CC(C)(C)OC(=O)N1CC=CCC1,001_RLN-NB-2443_007_B9,,,CC(C)(C)OC(=O)N1CC=CCC1,deborylation_0,0.0 milligram,0.0 micromole,0 microliter,C10H17NO2,3/29/23 17:58,kat78-2-b9-a1_03_22_2023_33.raw,2min_150_1200.EXP,001_RLN-NB-2443_007_B9,KAT78-2-B9-A1_KAT78-2-B9-A1_KAT78-2-B9-A1,0,0,0,0,0,0,0,0,0,0,0,0,0,0,0,bis_addition_1,0,0,0,0,0,164.5426662,13.385627,4.195615553,194.9,0.7318,0,0,0,0,0,0,0,0,0,0,0,0,0,0,0,0,0,0,0,0,121.0584692,12.90412324,4.044692128,308.8,1.5501,0,0,0,0,0,0,0,0,0,0,0,0,0,0,0,284.3555165,32.88714414,10.30820696,415.1,1.4701,0,0,0,0,0,92.46959093,6.394202073,2.004210462,267.8,1.3251,0,0,0.00196552,245.6899788,0,0,0,0,0,0,0,0,0,0,0.000382153,47.7691637,0,0,0,0,0,0,0,0
B10,CC(C)C1=CC(C(C)C)=CC(C(C)C)=C1C2=C([P+](C3CCCCC3)([Pd-2]4(OS(C)(=O)=O)C(C=CC=C5)=C5C6=C([NH+]4C)C=CC=C6)C7CCCCC7)C=CC=C2,XPhos Pd G4,0.13767904 milligram,0.16000000000000003 micromole,0.13767904000000003 microliter,C47H64NO3PPdS,CC1=CC(C=O)=C(C)N1C2=CC(Cl)=CC(Cl)=C2,"1-(3,5-dichlorophenyl)-2,5-dimethyl-1H-pyrrole-3-carbaldehyde",0.2145144 milligram,0.8 micromole,0.21451440000000005 microliter,C13H11Cl2NO,B1(OC(C(O1)(C)C)(C)C)C2=CCN(CC2)C(=O)OC(C)(C)C,"N-Boc-1,2,5,6-tetrahydropyridine-4-boronic acid pinacol ester",0.29684640000000007 milligram,0.9600000000000001 micromole,0.2968464000000001 microliter,C16H28BNO4,O=C([O-])[O-].[Na+].[Na+],Na2CO3,0.635928 milligram,6.0 micromole,0.6359280000000002 microliter,CNa2O3,CN1C=NC2=C1C(=O)N(C(=O)N2C)C,caffeine,0.1553528 milligram,0.8 micromole,0.15535280000000004 microliter,C8H10N4O2,C1COCCO1,dioxane,32.445 milligram,368.2496084262139 micromole,31.5 microliter,C4H8O2,O,water,3.5 milligram,194.2825423258396 micromole,3.5 microliter,H2O,Cc1cc(C=O)c(C)n1-c1cc(Cl)cc(C2=CCN(C(=O)OC(C)(C)C)CC2)c1,suzuki_product_0,0.0 milligram,0.0 micromole,0 microliter,C23H27ClN2O3,Cc1cc(C=O)c(C)n1-c1cc(C2=CCN(C(=O)OC(C)(C)C)CC2)cc(C2=CCN(C(=O)OC(C)(C)C)CC2)c1,bis_addition_2,0.0 milligram,0.0 micromole,0 microliter,C33H43N3O5,Cc1cc(C=O)c(C)n1-c1cccc(Cl)c1,dehalogenation_0,0.0 milligram,0.0 micromole,0 microliter,C13H12ClNO,CC1=CC(C=O)=C(C)N1C2=CC(Cl)=CC(Cl)=C2.B1(OC(C(O1)(C)C)(C)C)C2=CCN(CC2)C(=O)OC(C)(C)C>>Cc1cc(C=O)c(C)n1-c1cc(Cl)cc(C2=CCN(C(=O)OC(C)(C)C)CC2)c1.Cc1cc(C=O)c(C)n1-c1cc(C2=CCN(C(=O)OC(C)(C)C)CC2)cc(C2=CCN(C(=O)OC(C)(C)C)CC2)c1.Cc1cc(C=O)c(C)n1-c1cccc(Cl)c1.CC(C)(C)OC(=O)N1CC=CCC1,001_RLN-NB-2443_007_B10,,,CC(C)(C)OC(=O)N1CC=CCC1,deborylation_0,0.0 milligram,0.0 micromole,0 microliter,C10H17NO2,3/29/23 18:00,kat78-2-b10-a1_03_22_2023_34.raw,2min_150_1200.EXP,001_RLN-NB-2443_007_B10,KAT78-2-B10-A1_KAT78-2-B10-A1_KAT78-2-B10-A1,0,0,0,0,0,0,0,0,0,0,0,0,0,0,0,bis_addition_1,0,0,0,0,0,160.1263867,14.71408991,4.102849496,194.9,0.7318,0,0,0,0,0,0,0,0,0,0,0,0,0,0,0,0,0,0,0,0,91.76724732,11.04475727,3.0796996,309,1.5534,0,0,0,0,0,0,0,0,0,0,0,0,0,0,0,264.2246043,36.54738963,10.19080623,415.1,1.4701,0,0,0,0,0,98.3549311,7.93007779,2.211208159,267.8,1.3268,0,0,0.001987069,248.3836232,0,0,0,0,0,0,0,0,0,0,0.000431156,53.89444974,0,0,0,0,0,0,0,0
B11,CC(C)C1=CC(C(C)C)=CC(C(C)C)=C1C2=C([P+](C3CCCCC3)([Pd-2]4(OS(C)(=O)=O)C(C=CC=C5)=C5C6=C([NH+]4C)C=CC=C6)C7CCCCC7)C=CC=C2,XPhos Pd G4,0.13767904 milligram,0.16000000000000003 micromole,0.13767904000000003 microliter,C47H64NO3PPdS,CC1=CC(C=O)=C(C)N1C2=CC(Cl)=CC(Cl)=C2,"1-(3,5-dichlorophenyl)-2,5-dimethyl-1H-pyrrole-3-carbaldehyde",0.2145144 milligram,0.8 micromole,0.21451440000000005 microliter,C13H11Cl2NO,B1(OC(C(O1)(C)C)(C)C)C2=CC=C(C=C2)N,"4-(4,4,5,5-tetramethyl-1,3,2-dioxaborolan-2-yl)aniline",0.21032928 milligram,0.9600000000000001 micromole,0.21032928000000006 microliter,C12H18BNO2,O=C([O-])[O-].[Na+].[Na+],Na2CO3,0.635928 milligram,6.0 micromole,0.6359280000000002 microliter,CNa2O3,CN1C=NC2=C1C(=O)N(C(=O)N2C)C,caffeine,0.1553528 milligram,0.8 micromole,0.15535280000000004 microliter,C8H10N4O2,C1COCCO1,dioxane,32.445 milligram,368.2496084262139 micromole,31.5 microliter,C4H8O2,O,water,3.5 milligram,194.2825423258396 micromole,3.5 microliter,H2O,Cc1cc(C=O)c(C)n1-c1cc(Cl)cc(-c2ccc(N)cc2)c1,suzuki_product_0,0.0 milligram,0.0 micromole,0 microliter,C19H17ClN2O,Cc1cc(C=O)c(C)n1-c1cc(-c2ccc(N)cc2)cc(-c2ccc(N)cc2)c1,bis_addition_1,0.0 milligram,0.0 micromole,0 microliter,C25H23N3O,Cc1cc(C=O)c(C)n1-c1cccc(Cl)c1,dehalogenation_0,0.0 milligram,0.0 micromole,0 microliter,C13H12ClNO,CC1=CC(C=O)=C(C)N1C2=CC(Cl)=CC(Cl)=C2.B1(OC(C(O1)(C)C)(C)C)C2=CC=C(C=C2)N>>Cc1cc(C=O)c(C)n1-c1cc(Cl)cc(-c2ccc(N)cc2)c1.Cc1cc(C=O)c(C)n1-c1cc(-c2ccc(N)cc2)cc(-c2ccc(N)cc2)c1.Cc1cc(C=O)c(C)n1-c1cccc(Cl)c1.Nc1ccccc1,001_RLN-NB-2443_007_B11,,,Nc1ccccc1,deborylation_0,0.0 milligram,0.0 micromole,0 microliter,C6H7N,3/29/23 18:03,kat78-2-b11-a1_03_22_2023_35.raw,2min_150_1200.EXP,001_RLN-NB-2443_007_B11,KAT78-2-B11-A1_KAT78-2-B11-A1_KAT78-2-B11-A1,0,0,0,0,0,0,0,0,0,0,0,0,0,0,0,bis_addition_1,0,0,0,0,0,164.4092313,16.12477037,4.021051135,195,0.7334,0,0,0,0,0,130.9790102,16.73182547,4.172433113,324.9,1.2318,0,0,0,0,0,0,0,0,0,0,0,0,0,0,0,0,0,0,0,0,0,0,0,0,0,0,0,0,0,0,130.9790102,16.73182547,4.172433113,324.9,1.2318,0,0,0,0,0,62.83319902,5.850918493,1.459049767,267.8,1.3251,0,0,0.000830118,103.7647365,0.000830118,103.7647365,0,0,0,0,0,0,0,0,0.000290282,36.28528258,0,0,0,0,0,0,0,0
B12,CC(C)C1=CC(C(C)C)=CC(C(C)C)=C1C2=C([P+](C3CCCCC3)([Pd-2]4(OS(C)(=O)=O)C(C=CC=C5)=C5C6=C([NH+]4C)C=CC=C6)C7CCCCC7)C=CC=C2,XPhos Pd G4,0.13767904 milligram,0.16000000000000003 micromole,0.13767904000000003 microliter,C47H64NO3PPdS,CC1=CC(C=O)=C(C)N1C2=CC(Cl)=CC(Cl)=C2,"1-(3,5-dichlorophenyl)-2,5-dimethyl-1H-pyrrole-3-carbaldehyde",0.2145144 milligram,0.8 micromole,0.21451440000000005 microliter,C13H11Cl2NO,B1(OC(C(O1)(C)C)(C)C)C2=CC=C(C=C2)N,"4-(4,4,5,5-tetramethyl-1,3,2-dioxaborolan-2-yl)aniline",0.21032928 milligram,0.9600000000000001 micromole,0.21032928000000006 microliter,C12H18BNO2,O=C([O-])[O-].[Na+].[Na+],Na2CO3,0.635928 milligram,6.0 micromole,0.6359280000000002 microliter,CNa2O3,CN1C=NC2=C1C(=O)N(C(=O)N2C)C,caffeine,0.1553528 milligram,0.8 micromole,0.15535280000000004 microliter,C8H10N4O2,C1COCCO1,dioxane,32.445 milligram,368.2496084262139 micromole,31.5 microliter,C4H8O2,O,water,3.5 milligram,194.2825423258396 micromole,3.5 microliter,H2O,Cc1cc(C=O)c(C)n1-c1cc(Cl)cc(-c2ccc(N)cc2)c1,suzuki_product_0,0.0 milligram,0.0 micromole,0 microliter,C19H17ClN2O,Cc1cc(C=O)c(C)n1-c1cc(-c2ccc(N)cc2)cc(-c2ccc(N)cc2)c1,bis_addition_1,0.0 milligram,0.0 micromole,0 microliter,C25H23N3O,Cc1cc(C=O)c(C)n1-c1cccc(Cl)c1,dehalogenation_0,0.0 milligram,0.0 micromole,0 microliter,C13H12ClNO,CC1=CC(C=O)=C(C)N1C2=CC(Cl)=CC(Cl)=C2.B1(OC(C(O1)(C)C)(C)C)C2=CC=C(C=C2)N>>Cc1cc(C=O)c(C)n1-c1cc(Cl)cc(-c2ccc(N)cc2)c1.Cc1cc(C=O)c(C)n1-c1cc(-c2ccc(N)cc2)cc(-c2ccc(N)cc2)c1.Cc1cc(C=O)c(C)n1-c1cccc(Cl)c1.Nc1ccccc1,001_RLN-NB-2443_007_B12,,,Nc1ccccc1,deborylation_0,0.0 milligram,0.0 micromole,0 microliter,C6H7N,3/29/23 18:05,kat78-2-b12-a1_03_22_2023_36.raw,2min_150_1200.EXP,001_RLN-NB-2443_007_B12,KAT78-2-B12-A1_KAT78-2-B12-A1_KAT78-2-B12-A1,0,0,0,0,0,0,0,0,0,0,0,0,0,0,0,bis_addition_1,0,0,0,0,0,172.0065553,15.34180573,4.259388206,195,0.7318,0,0,0,0,0,0,0,0,0,0,0,0,0,0,0,0,0,0,0,0,18.54041868,1.347948604,0.374234721,416,1.0118,0,0,0,0,0,0,0,0,0,0,0,0,0,0,0,178.237515,20.36126404,5.652954382,324.8,1.2301,0,0,0,0,0,96.46108231,8.504562445,2.361145331,267.8,1.3251,0,0,0.00106174,132.7175197,0,0,0,0,0,0,0,0,0,0,0.000443471,55.43390781,7.03E-05,8.78611441,0,0,0,0,0,0
B13,CC(C)C1=CC(C(C)C)=CC(C(C)C)=C1C2=C([P+](C3CCCCC3)([Pd-2]4(OS(C)(=O)=O)C(C=CC=C5)=C5C6=C([NH+]4C)C=CC=C6)C7CCCCC7)C=CC=C2,XPhos Pd G4,0.13767904 milligram,0.16000000000000003 micromole,0.13767904000000003 microliter,C47H64NO3PPdS,COC1=C(N)C(Cl)=NC=N1,4-chloro-6-methoxypyrimidin-5-amine,0.12766080000000002 milligram,0.8 micromole,0.12766080000000005 microliter,C5H6ClN3O,B1(OC(C(O1)(C)C)(C)C)C2=CN=C(C=C2)C,"2-methyl-5-(4,4,5,5-tetramethyl-1,3,2-dioxaborolan-2-yl)pyridine",0.21032928 milligram,0.9600000000000001 micromole,0.21032928000000006 microliter,C12H18BNO2,O=C([O-])[O-].[Na+].[Na+],Na2CO3,0.635928 milligram,6.0 micromole,0.6359280000000002 microliter,CNa2O3,CN1C=NC2=C1C(=O)N(C(=O)N2C)C,caffeine,0.1553528 milligram,0.8 micromole,0.15535280000000004 microliter,C8H10N4O2,C1COCCO1,dioxane,32.445 milligram,368.2496084262139 micromole,31.5 microliter,C4H8O2,O,water,3.5 milligram,194.2825423258396 micromole,3.5 microliter,H2O,COc1ncnc(-c2ccc(C)nc2)c1N,suzuki_product_0,0.0 milligram,0.0 micromole,0 microliter,C11H12N4O,COc1ncncc1N,dehalogenation_0,0.0 milligram,0.0 micromole,0 microliter,C5H7N3O,Cc1ccccn1,deborylation_0,0.0 milligram,0.0 micromole,0 microliter,C6H7N,COC1=C(N)C(Cl)=NC=N1.B1(OC(C(O1)(C)C)(C)C)C2=CN=C(C=C2)C>>COc1ncnc(-c2ccc(C)nc2)c1N.COc1ncncc1N.Cc1ccccn1,001_RLN-NB-2443_007_B13,,,,,,,,,3/29/23 18:08,kat78-2-b13-a1_03_22_2023_37.raw,2min_150_1200.EXP,001_RLN-NB-2443_007_B13,KAT78-2-B13-A1_KAT78-2-B13-A1_KAT78-2-B13-A1,0,0,0,0,0,0,0,0,0,0,0,0,0,0,0,deborylation_0,0,0,0,0,0,173.7730678,29.80588432,4.479997335,195,0.7318,0,0,0,0,0,0,0,0,0,0,0,0,0,0,0,0,0,0,0,0,0,0,0,0,0,0,0,0,0,0,0,0,0,0,0,0,0,0,0,0,22.41975581,3.552575863,0.533972763,217,0.6484,0,0,0,0,0,0,0,0,0,0,0,0,9.54E-05,11.91904197,0,0,0,0,0,0,0,0,0,0,0,0,0,0,0,0,0,0,0,0
B14,CC(C)C1=CC(C(C)C)=CC(C(C)C)=C1C2=C([P+](C3CCCCC3)([Pd-2]4(OS(C)(=O)=O)C(C=CC=C5)=C5C6=C([NH+]4C)C=CC=C6)C7CCCCC7)C=CC=C2,XPhos Pd G4,0.13767904 milligram,0.16000000000000003 micromole,0.13767904000000003 microliter,C47H64NO3PPdS,COC1=C(N)C(Cl)=NC=N1,4-chloro-6-methoxypyrimidin-5-amine,0.12766080000000002 milligram,0.8 micromole,0.12766080000000005 microliter,C5H6ClN3O,B1(OC(C(O1)(C)C)(C)C)C2=CN(N=C2C)C,"1,3-dimethyl-4-(4,4,5,5-tetramethyl-1,3,2-dioxaborolan-2-yl)-1H-pyrazole",0.21321311999999998 milligram,0.9600000000000001 micromole,0.21321312000000003 microliter,C11H19BN2O2,O=C([O-])[O-].[Na+].[Na+],Na2CO3,0.635928 milligram,6.0 micromole,0.6359280000000002 microliter,CNa2O3,CN1C=NC2=C1C(=O)N(C(=O)N2C)C,caffeine,0.1553528 milligram,0.8 micromole,0.15535280000000004 microliter,C8H10N4O2,C1COCCO1,dioxane,32.445 milligram,368.2496084262139 micromole,31.5 microliter,C4H8O2,O,water,3.5 milligram,194.2825423258396 micromole,3.5 microliter,H2O,COc1ncnc(-c2cn(C)nc2C)c1N,suzuki_product_0,0.0 milligram,0.0 micromole,0 microliter,C10H13N5O,COc1ncncc1N,dehalogenation_0,0.0 milligram,0.0 micromole,0 microliter,C5H7N3O,Cc1ccn(C)n1,deborylation_0,0.0 milligram,0.0 micromole,0 microliter,C5H8N2,COC1=C(N)C(Cl)=NC=N1.B1(OC(C(O1)(C)C)(C)C)C2=CN(N=C2C)C>>COc1ncnc(-c2cn(C)nc2C)c1N.COc1ncncc1N.Cc1ccn(C)n1,001_RLN-NB-2443_007_B14,,,,,,,,,3/29/23 18:10,kat78-2-b14-a1_03_22_2023_38.raw,2min_150_1200.EXP,001_RLN-NB-2443_007_B14,KAT78-2-B14-A1_KAT78-2-B14-A1_KAT78-2-B14-A1,0,0,0,0,0,0,0,0,0,0,0,0,0,0,0,deborylation_0,0,0,0,0,0,169.5497168,32.54228882,4.641322734,194.9,0.7334,0,0,0,0,0,0,0,0,0,0,0,0,0,0,0,0,0,0,0,0,0,0,0,0,0,0,0,0,0,0,0,0,0,0,0,0,0,0,0,0,22.36927725,2.940196419,0.419343598,220,0.6718,12.70143008,2.049268083,0.292275525,220,0.6918,0,0,0,0,0,0,0,7.23E-05,9.035001917,0,0,0,0,5.04E-05,6.297246314,0,0,0,0,0,0,0,0,0,0,0,0,0,0
B15,CC(C)C1=CC(C(C)C)=CC(C(C)C)=C1C2=C([P+](C3CCCCC3)([Pd-2]4(OS(C)(=O)=O)C(C=CC=C5)=C5C6=C([NH+]4C)C=CC=C6)C7CCCCC7)C=CC=C2,XPhos Pd G4,0.13767904 milligram,0.16000000000000003 micromole,0.13767904000000003 microliter,C47H64NO3PPdS,COC1=C(N)C(Cl)=NC=N1,4-chloro-6-methoxypyrimidin-5-amine,0.12766080000000002 milligram,0.8 micromole,0.12766080000000005 microliter,C5H6ClN3O,B1(OC(C(O1)(C)C)(C)C)C2=CCN(CC2)C(=O)OC(C)(C)C,"N-Boc-1,2,5,6-tetrahydropyridine-4-boronic acid pinacol ester",0.29684640000000007 milligram,0.9600000000000001 micromole,0.2968464000000001 microliter,C16H28BNO4,O=C([O-])[O-].[Na+].[Na+],Na2CO3,0.635928 milligram,6.0 micromole,0.6359280000000002 microliter,CNa2O3,CN1C=NC2=C1C(=O)N(C(=O)N2C)C,caffeine,0.1553528 milligram,0.8 micromole,0.15535280000000004 microliter,C8H10N4O2,C1COCCO1,dioxane,32.445 milligram,368.2496084262139 micromole,31.5 microliter,C4H8O2,O,water,3.5 milligram,194.2825423258396 micromole,3.5 microliter,H2O,COc1ncnc(C2=CCN(C(=O)OC(C)(C)C)CC2)c1N,suzuki_product_0,0.0 milligram,0.0 micromole,0 microliter,C15H22N4O3,COc1ncncc1N,dehalogenation_0,0.0 milligram,0.0 micromole,0 microliter,C5H7N3O,CC(C)(C)OC(=O)N1CC=CCC1,deborylation_0,0.0 milligram,0.0 micromole,0 microliter,C10H17NO2,COC1=C(N)C(Cl)=NC=N1.B1(OC(C(O1)(C)C)(C)C)C2=CCN(CC2)C(=O)OC(C)(C)C>>COc1ncnc(C2=CCN(C(=O)OC(C)(C)C)CC2)c1N.COc1ncncc1N.CC(C)(C)OC(=O)N1CC=CCC1,001_RLN-NB-2443_007_B15,,,,,,,,,3/29/23 18:13,kat78-2-b15-a1_03_22_2023_39.raw,2min_150_1200.EXP,001_RLN-NB-2443_007_B15,KAT78-2-B15-A1_KAT78-2-B15-A1_KAT78-2-B15-A1,0,0,0,0,0,0,0,0,0,0,0,0,0,0,0,deborylation_0,0,0,0,0,0,180.0620739,23.02754251,4.515068307,194.9,0.7334,9.384984242,1.230800306,0.241326119,184,1.3268,0,0,0,0,0,0,0,0,0,0,0,0,0,0,0,0,0,0,0,0,0,0,0,0,0,0,0,0,0,0,0,0,0,0,0,163.7855813,22.92624725,4.49520709,307.1,0.9951,0,0,0,0,0,0,0,0,0,0,0,0,0.000796481,99.5601126,0,0,4.28E-05,5.344905152,0,0,0,0,0,0,0,0,0,0,0,0,0,0,0,0
B16,CC(C)C1=CC(C(C)C)=CC(C(C)C)=C1C2=C([P+](C3CCCCC3)([Pd-2]4(OS(C)(=O)=O)C(C=CC=C5)=C5C6=C([NH+]4C)C=CC=C6)C7CCCCC7)C=CC=C2,XPhos Pd G4,0.13767904 milligram,0.16000000000000003 micromole,0.13767904000000003 microliter,C47H64NO3PPdS,COC1=C(N)C(Cl)=NC=N1,4-chloro-6-methoxypyrimidin-5-amine,0.12766080000000002 milligram,0.8 micromole,0.12766080000000005 microliter,C5H6ClN3O,B1(OC(C(O1)(C)C)(C)C)C2=CCN(CC2)C(=O)OC(C)(C)C,"N-Boc-1,2,5,6-tetrahydropyridine-4-boronic acid pinacol ester",0.29684640000000007 milligram,0.9600000000000001 micromole,0.2968464000000001 microliter,C16H28BNO4,O=C([O-])[O-].[Na+].[Na+],Na2CO3,0.635928 milligram,6.0 micromole,0.6359280000000002 microliter,CNa2O3,CN1C=NC2=C1C(=O)N(C(=O)N2C)C,caffeine,0.1553528 milligram,0.8 micromole,0.15535280000000004 microliter,C8H10N4O2,C1COCCO1,dioxane,32.445 milligram,368.2496084262139 micromole,31.5 microliter,C4H8O2,O,water,3.5 milligram,194.2825423258396 micromole,3.5 microliter,H2O,COc1ncnc(C2=CCN(C(=O)OC(C)(C)C)CC2)c1N,suzuki_product_0,0.0 milligram,0.0 micromole,0 microliter,C15H22N4O3,COc1ncncc1N,dehalogenation_0,0.0 milligram,0.0 micromole,0 microliter,C5H7N3O,CC(C)(C)OC(=O)N1CC=CCC1,deborylation_0,0.0 milligram,0.0 micromole,0 microliter,C10H17NO2,COC1=C(N)C(Cl)=NC=N1.B1(OC(C(O1)(C)C)(C)C)C2=CCN(CC2)C(=O)OC(C)(C)C>>COc1ncnc(C2=CCN(C(=O)OC(C)(C)C)CC2)c1N.COc1ncncc1N.CC(C)(C)OC(=O)N1CC=CCC1,001_RLN-NB-2443_007_B16,,,,,,,,,3/29/23 18:15,kat78-2-b16-a1_03_22_2023_40.raw,2min_150_1200.EXP,001_RLN-NB-2443_007_B16,KAT78-2-B16-A1_KAT78-2-B16-A1_KAT78-2-B16-A1,0,0,0,0,0,0,0,0,0,0,0,0,0,0,0,deborylation_0,0,0,0,0,0,173.5411272,35.6780328,4.43596647,194.9,0.7318,0,0,0,0,0,0,0,0,0,0,0,0,0,0,0,0,0,0,0,0,0,0,0,0,0,0,0,0,0,0,0,0,0,0,0,0,0,0,0,0,0,0,0,0,0,0,0,0,0,0,0,0,0,0,0,0,0,0,0,0,0,0,0,0,0,0,0,0,0,0,0,0,0,0,0,0,0,0,0
B17,CC(C)C1=CC(C(C)C)=CC(C(C)C)=C1C2=C([P+](C3CCCCC3)([Pd-2]4(OS(C)(=O)=O)C(C=CC=C5)=C5C6=C([NH+]4C)C=CC=C6)C7CCCCC7)C=CC=C2,XPhos Pd G4,0.13767904 milligram,0.16000000000000003 micromole,0.13767904000000003 microliter,C47H64NO3PPdS,COC1=C(N)C(Cl)=NC=N1,4-chloro-6-methoxypyrimidin-5-amine,0.12766080000000002 milligram,0.8 micromole,0.12766080000000005 microliter,C5H6ClN3O,B1(OC(C(O1)(C)C)(C)C)C2=CC=C(C=C2)N,"4-(4,4,5,5-tetramethyl-1,3,2-dioxaborolan-2-yl)aniline",0.21032928 milligram,0.9600000000000001 micromole,0.21032928000000006 microliter,C12H18BNO2,O=C([O-])[O-].[Na+].[Na+],Na2CO3,0.635928 milligram,6.0 micromole,0.6359280000000002 microliter,CNa2O3,CN1C=NC2=C1C(=O)N(C(=O)N2C)C,caffeine,0.1553528 milligram,0.8 micromole,0.15535280000000004 microliter,C8H10N4O2,C1COCCO1,dioxane,32.445 milligram,368.2496084262139 micromole,31.5 microliter,C4H8O2,O,water,3.5 milligram,194.2825423258396 micromole,3.5 microliter,H2O,COc1ncnc(-c2ccc(N)cc2)c1N,suzuki_product_0,0.0 milligram,0.0 micromole,0 microliter,C11H12N4O,COc1ncncc1N,dehalogenation_0,0.0 milligram,0.0 micromole,0 microliter,C5H7N3O,Nc1ccccc1,deborylation_0,0.0 milligram,0.0 micromole,0 microliter,C6H7N,COC1=C(N)C(Cl)=NC=N1.B1(OC(C(O1)(C)C)(C)C)C2=CC=C(C=C2)N>>COc1ncnc(-c2ccc(N)cc2)c1N.COc1ncncc1N.Nc1ccccc1,001_RLN-NB-2443_007_B17,,,,,,,,,3/29/23 18:18,kat78-2-b17-a1_03_22_2023_41.raw,2min_150_1200.EXP,001_RLN-NB-2443_007_B17,KAT78-2-B17-A1_KAT78-2-B17-A1_KAT78-2-B17-A1,0,0,0,0,0,0,0,0,0,0,0,0,0,0,0,deborylation_0,0,0,0,0,0,165.6346447,31.81930435,4.267268013,195,0.7334,0,0,0,0,0,0,0,0,0,0,0,0,0,0,0,0,0,0,0,0,0,0,0,0,0,0,0,0,0,0,0,0,0,0,0,0,0,0,0,0,0,0,0,0,0,0,0,0,0,0,0,0,0,0,0,0,0,0,0,0,0,0,0,0,0,0,0,0,0,0,0,0,0,0,0,0,0,0,0
B18,CC(C)C1=CC(C(C)C)=CC(C(C)C)=C1C2=C([P+](C3CCCCC3)([Pd-2]4(OS(C)(=O)=O)C(C=CC=C5)=C5C6=C([NH+]4C)C=CC=C6)C7CCCCC7)C=CC=C2,XPhos Pd G4,0.13767904 milligram,0.16000000000000003 micromole,0.13767904000000003 microliter,C47H64NO3PPdS,COC1=C(N)C(Cl)=NC=N1,4-chloro-6-methoxypyrimidin-5-amine,0.12766080000000002 milligram,0.8 micromole,0.12766080000000005 microliter,C5H6ClN3O,B1(OC(C(O1)(C)C)(C)C)C2=CC=C(C=C2)N,"4-(4,4,5,5-tetramethyl-1,3,2-dioxaborolan-2-yl)aniline",0.21032928 milligram,0.9600000000000001 micromole,0.21032928000000006 microliter,C12H18BNO2,O=C([O-])[O-].[Na+].[Na+],Na2CO3,0.635928 milligram,6.0 micromole,0.6359280000000002 microliter,CNa2O3,CN1C=NC2=C1C(=O)N(C(=O)N2C)C,caffeine,0.1553528 milligram,0.8 micromole,0.15535280000000004 microliter,C8H10N4O2,C1COCCO1,dioxane,32.445 milligram,368.2496084262139 micromole,31.5 microliter,C4H8O2,O,water,3.5 milligram,194.2825423258396 micromole,3.5 microliter,H2O,COc1ncnc(-c2ccc(N)cc2)c1N,suzuki_product_0,0.0 milligram,0.0 micromole,0 microliter,C11H12N4O,COc1ncncc1N,dehalogenation_0,0.0 milligram,0.0 micromole,0 microliter,C5H7N3O,Nc1ccccc1,deborylation_0,0.0 milligram,0.0 micromole,0 microliter,C6H7N,COC1=C(N)C(Cl)=NC=N1.B1(OC(C(O1)(C)C)(C)C)C2=CC=C(C=C2)N>>COc1ncnc(-c2ccc(N)cc2)c1N.COc1ncncc1N.Nc1ccccc1,001_RLN-NB-2443_007_B18,,,,,,,,,3/29/23 18:20,kat78-2-b18-a1_03_22_2023_42.raw,2min_150_1200.EXP,001_RLN-NB-2443_007_B18,KAT78-2-B18-A1_KAT78-2-B18-A1_KAT78-2-B18-A1,0,0,0,0,0,0,0,0,0,0,0,0,0,0,0,deborylation_0,0,0,0,0,0,171.4758387,29.89347441,4.392969912,195,0.7334,0,0,0,0,0,0,0,0,0,0,0,0,0,0,0,0,0,0,0,0,0,0,0,0,0,0,0,0,0,0,0,0,0,0,0,0,0,0,0,0,61.36343342,10.95123872,1.609329901,217,0.6568,0,0,0,0,0,0,0,0,0,0,0,0,0.000293074,36.63421177,0,0,0,0,0,0,0,0,0,0,0,0,0,0,0,0,0,0,0,0
B19,CC(C)C1=CC(C(C)C)=CC(C(C)C)=C1C2=C([P+](C3CCCCC3)([Pd-2]4(OS(C)(=O)=O)C(C=CC=C5)=C5C6=C([NH+]4C)C=CC=C6)C7CCCCC7)C=CC=C2,XPhos Pd G4,0.13767904 milligram,0.16000000000000003 micromole,0.13767904000000003 microliter,C47H64NO3PPdS,CC1=C(N2CCCC2=O)C=CC(Br)=C1,1-(4-bromo-2-methylphenyl)pyrrolidin-2-one,0.20330160000000003 milligram,0.8 micromole,0.20330160000000008 microliter,C11H12BrNO,B1(OC(C(O1)(C)C)(C)C)C2=CN=C(C=C2)C,"2-methyl-5-(4,4,5,5-tetramethyl-1,3,2-dioxaborolan-2-yl)pyridine",0.21032928 milligram,0.9600000000000001 micromole,0.21032928000000006 microliter,C12H18BNO2,O=C([O-])[O-].[Na+].[Na+],Na2CO3,0.635928 milligram,6.0 micromole,0.6359280000000002 microliter,CNa2O3,CN1C=NC2=C1C(=O)N(C(=O)N2C)C,caffeine,0.1553528 milligram,0.8 micromole,0.15535280000000004 microliter,C8H10N4O2,C1COCCO1,dioxane,32.445 milligram,368.2496084262139 micromole,31.5 microliter,C4H8O2,O,water,3.5 milligram,194.2825423258396 micromole,3.5 microliter,H2O,Cc1ccc(-c2ccc(N3CCCC3=O)c(C)c2)cn1,suzuki_product_0,0.0 milligram,0.0 micromole,0 microliter,C17H18N2O,Cc1ccccc1N1CCCC1=O,dehalogenation_0,0.0 milligram,0.0 micromole,0 microliter,C11H13NO,Cc1ccccn1,deborylation_0,0.0 milligram,0.0 micromole,0 microliter,C6H7N,CC1=C(N2CCCC2=O)C=CC(Br)=C1.B1(OC(C(O1)(C)C)(C)C)C2=CN=C(C=C2)C>>Cc1ccc(-c2ccc(N3CCCC3=O)c(C)c2)cn1.Cc1ccccc1N1CCCC1=O.Cc1ccccn1,001_RLN-NB-2443_007_B19,,,,,,,,,3/29/23 18:22,kat78-2-b19-a1_03_22_2023_43.raw,2min_150_1200.EXP,001_RLN-NB-2443_007_B19,KAT78-2-B19-A1_KAT78-2-B19-A1_KAT78-2-B19-A1,0,0,0,0,0,0,0,0,0,0,0,0,0,0,0,deborylation_0,0,0,0,0,0,158.2371661,17.56534915,3.63138547,195,0.7318,0,0,0,0,0,0,0,0,0,0,0,0,0,0,0,0,0,0,0,0,0,0,0,0,0,0,0,0,0,0,0,0,0,0,0,22.05334699,2.161830911,0.446927715,255.8,1.1868,203.0945952,30.15824634,6.2347874,267,0.7734,0,0,0,0,0,0,0,0,0,0,0,0,0.001373534,171.6916987,0,0,0,0,0,0,0,0,0,0,0,0,0,0,0,0,0,0,9.85E-05,12.30736089
B20,CC(C)C1=CC(C(C)C)=CC(C(C)C)=C1C2=C([P+](C3CCCCC3)([Pd-2]4(OS(C)(=O)=O)C(C=CC=C5)=C5C6=C([NH+]4C)C=CC=C6)C7CCCCC7)C=CC=C2,XPhos Pd G4,0.13767904 milligram,0.16000000000000003 micromole,0.13767904000000003 microliter,C47H64NO3PPdS,CC1=C(N2CCCC2=O)C=CC(Br)=C1,1-(4-bromo-2-methylphenyl)pyrrolidin-2-one,0.20330160000000003 milligram,0.8 micromole,0.20330160000000008 microliter,C11H12BrNO,B1(OC(C(O1)(C)C)(C)C)C2=CN(N=C2C)C,"1,3-dimethyl-4-(4,4,5,5-tetramethyl-1,3,2-dioxaborolan-2-yl)-1H-pyrazole",0.21321311999999998 milligram,0.9600000000000001 micromole,0.21321312000000003 microliter,C11H19BN2O2,O=C([O-])[O-].[Na+].[Na+],Na2CO3,0.635928 milligram,6.0 micromole,0.6359280000000002 microliter,CNa2O3,CN1C=NC2=C1C(=O)N(C(=O)N2C)C,caffeine,0.1553528 milligram,0.8 micromole,0.15535280000000004 microliter,C8H10N4O2,C1COCCO1,dioxane,32.445 milligram,368.2496084262139 micromole,31.5 microliter,C4H8O2,O,water,3.5 milligram,194.2825423258396 micromole,3.5 microliter,H2O,Cc1cc(-c2cn(C)nc2C)ccc1N1CCCC1=O,suzuki_product_0,0.0 milligram,0.0 micromole,0 microliter,C16H19N3O,Cc1ccccc1N1CCCC1=O,dehalogenation_0,0.0 milligram,0.0 micromole,0 microliter,C11H13NO,Cc1ccn(C)n1,deborylation_0,0.0 milligram,0.0 micromole,0 microliter,C5H8N2,CC1=C(N2CCCC2=O)C=CC(Br)=C1.B1(OC(C(O1)(C)C)(C)C)C2=CN(N=C2C)C>>Cc1cc(-c2cn(C)nc2C)ccc1N1CCCC1=O.Cc1ccccc1N1CCCC1=O.Cc1ccn(C)n1,001_RLN-NB-2443_007_B20,,,,,,,,,3/29/23 18:25,kat78-2-b20-a1_03_22_2023_44.raw,2min_150_1200.EXP,001_RLN-NB-2443_007_B20,KAT78-2-B20-A1_KAT78-2-B20-A1_KAT78-2-B20-A1,0,0,0,0,0,0,0,0,0,0,0,0,0,0,0,deborylation_0,0,0,0,0,0,191.7968388,36.90630431,4.875953554,195,0.7318,0,0,0,0,0,0,0,0,0,0,0,0,0,0,0,0,0,0,0,0,0,0,0,0,0,0,0,0,0,0,0,0,0,0,0,0,0,0,0,0,0,0,0,0,0,0,0,0,0,0,0,0,0,0,0,0,0,0,0,0,0,0,0,0,0,0,0,0,0,0,0,0,0,0,0,0,0,0,0
B21,CC(C)C1=CC(C(C)C)=CC(C(C)C)=C1C2=C([P+](C3CCCCC3)([Pd-2]4(OS(C)(=O)=O)C(C=CC=C5)=C5C6=C([NH+]4C)C=CC=C6)C7CCCCC7)C=CC=C2,XPhos Pd G4,0.13767904 milligram,0.16000000000000003 micromole,0.13767904000000003 microliter,C47H64NO3PPdS,CC1=C(N2CCCC2=O)C=CC(Br)=C1,1-(4-bromo-2-methylphenyl)pyrrolidin-2-one,0.20330160000000003 milligram,0.8 micromole,0.20330160000000008 microliter,C11H12BrNO,B1(OC(C(O1)(C)C)(C)C)C2=CCN(CC2)C(=O)OC(C)(C)C,"N-Boc-1,2,5,6-tetrahydropyridine-4-boronic acid pinacol ester",0.29684640000000007 milligram,0.9600000000000001 micromole,0.2968464000000001 microliter,C16H28BNO4,O=C([O-])[O-].[Na+].[Na+],Na2CO3,0.635928 milligram,6.0 micromole,0.6359280000000002 microliter,CNa2O3,CN1C=NC2=C1C(=O)N(C(=O)N2C)C,caffeine,0.1553528 milligram,0.8 micromole,0.15535280000000004 microliter,C8H10N4O2,C1COCCO1,dioxane,32.445 milligram,368.2496084262139 micromole,31.5 microliter,C4H8O2,O,water,3.5 milligram,194.2825423258396 micromole,3.5 microliter,H2O,Cc1cc(C2=CCN(C(=O)OC(C)(C)C)CC2)ccc1N1CCCC1=O,suzuki_product_0,0.0 milligram,0.0 micromole,0 microliter,C21H28N2O3,Cc1ccccc1N1CCCC1=O,dehalogenation_0,0.0 milligram,0.0 micromole,0 microliter,C11H13NO,CC(C)(C)OC(=O)N1CC=CCC1,deborylation_0,0.0 milligram,0.0 micromole,0 microliter,C10H17NO2,CC1=C(N2CCCC2=O)C=CC(Br)=C1.B1(OC(C(O1)(C)C)(C)C)C2=CCN(CC2)C(=O)OC(C)(C)C>>Cc1cc(C2=CCN(C(=O)OC(C)(C)C)CC2)ccc1N1CCCC1=O.Cc1ccccc1N1CCCC1=O.CC(C)(C)OC(=O)N1CC=CCC1,001_RLN-NB-2443_007_B21,,,,,,,,,3/29/23 18:27,kat78-2-b21-a1_03_22_2023_45.raw,2min_150_1200.EXP,001_RLN-NB-2443_007_B21,KAT78-2-B21-A1_KAT78-2-B21-A1_KAT78-2-B21-A1,0,0,0,0,0,0,0,0,0,0,0,0,0,0,0,deborylation_0,0,0,0,0,0,180.3953941,21.46788398,4.549367296,195,0.7334,22.09303264,3.285753988,0.696300658,396,1.3218,0,0,0,0,0,51.5572379,6.151412029,1.30357667,309,1.5334,0,0,0,0,0,0,0,0,0,0,0,0,0,0,0,0,0,0,0,0,0,0,0,0,0,0,0,0,0,0,0,0,0,0,0,0,0,0,0,0,0,0,0,0,0,0,0.000122444,15.30543947,0,0,0.000229232,28.65402121,0,0,0,0,0,0,0,0,0,0,0,0
B22,CC(C)C1=CC(C(C)C)=CC(C(C)C)=C1C2=C([P+](C3CCCCC3)([Pd-2]4(OS(C)(=O)=O)C(C=CC=C5)=C5C6=C([NH+]4C)C=CC=C6)C7CCCCC7)C=CC=C2,XPhos Pd G4,0.13767904 milligram,0.16000000000000003 micromole,0.13767904000000003 microliter,C47H64NO3PPdS,CC1=C(N2CCCC2=O)C=CC(Br)=C1,1-(4-bromo-2-methylphenyl)pyrrolidin-2-one,0.20330160000000003 milligram,0.8 micromole,0.20330160000000008 microliter,C11H12BrNO,B1(OC(C(O1)(C)C)(C)C)C2=CCN(CC2)C(=O)OC(C)(C)C,"N-Boc-1,2,5,6-tetrahydropyridine-4-boronic acid pinacol ester",0.29684640000000007 milligram,0.9600000000000001 micromole,0.2968464000000001 microliter,C16H28BNO4,O=C([O-])[O-].[Na+].[Na+],Na2CO3,0.635928 milligram,6.0 micromole,0.6359280000000002 microliter,CNa2O3,CN1C=NC2=C1C(=O)N(C(=O)N2C)C,caffeine,0.1553528 milligram,0.8 micromole,0.15535280000000004 microliter,C8H10N4O2,C1COCCO1,dioxane,32.445 milligram,368.2496084262139 micromole,31.5 microliter,C4H8O2,O,water,3.5 milligram,194.2825423258396 micromole,3.5 microliter,H2O,Cc1cc(C2=CCN(C(=O)OC(C)(C)C)CC2)ccc1N1CCCC1=O,suzuki_product_0,0.0 milligram,0.0 micromole,0 microliter,C21H28N2O3,Cc1ccccc1N1CCCC1=O,dehalogenation_0,0.0 milligram,0.0 micromole,0 microliter,C11H13NO,CC(C)(C)OC(=O)N1CC=CCC1,deborylation_0,0.0 milligram,0.0 micromole,0 microliter,C10H17NO2,CC1=C(N2CCCC2=O)C=CC(Br)=C1.B1(OC(C(O1)(C)C)(C)C)C2=CCN(CC2)C(=O)OC(C)(C)C>>Cc1cc(C2=CCN(C(=O)OC(C)(C)C)CC2)ccc1N1CCCC1=O.Cc1ccccc1N1CCCC1=O.CC(C)(C)OC(=O)N1CC=CCC1,001_RLN-NB-2443_007_B22,,,,,,,,,3/29/23 18:30,kat78-2-b22-a1_03_22_2023_46.raw,2min_150_1200.EXP,001_RLN-NB-2443_007_B22,KAT78-2-B22-A1_KAT78-2-B22-A1_KAT78-2-B22-A1,0,0,0,0,0,0,0,0,0,0,0,0,0,0,0,deborylation_0,0,0,0,0,0,199.4629796,23.46922879,5.06317549,195,0.7301,21.17745084,2.794468184,0.602869525,251,1.3234,0,0,0,0,0,39.30649853,4.251935562,0.917298822,308.9,1.5334,0,0,0,0,0,0,0,0,0,0,0,0,0,0,0,0,0,0,0,0,0,0,0,0,0,0,0,0,0,0,0,0,0,0,0,0,0,0,0,0,0,0,0,0,0,0,9.53E-05,11.90694508,0,0,0.000144937,18.11706554,0,0,0,0,0,0,0,0,0,0,0,0
B23,CC(C)C1=CC(C(C)C)=CC(C(C)C)=C1C2=C([P+](C3CCCCC3)([Pd-2]4(OS(C)(=O)=O)C(C=CC=C5)=C5C6=C([NH+]4C)C=CC=C6)C7CCCCC7)C=CC=C2,XPhos Pd G4,0.13767904 milligram,0.16000000000000003 micromole,0.13767904000000003 microliter,C47H64NO3PPdS,CC1=C(N2CCCC2=O)C=CC(Br)=C1,1-(4-bromo-2-methylphenyl)pyrrolidin-2-one,0.20330160000000003 milligram,0.8 micromole,0.20330160000000008 microliter,C11H12BrNO,B1(OC(C(O1)(C)C)(C)C)C2=CC=C(C=C2)N,"4-(4,4,5,5-tetramethyl-1,3,2-dioxaborolan-2-yl)aniline",0.21032928 milligram,0.9600000000000001 micromole,0.21032928000000006 microliter,C12H18BNO2,O=C([O-])[O-].[Na+].[Na+],Na2CO3,0.635928 milligram,6.0 micromole,0.6359280000000002 microliter,CNa2O3,CN1C=NC2=C1C(=O)N(C(=O)N2C)C,caffeine,0.1553528 milligram,0.8 micromole,0.15535280000000004 microliter,C8H10N4O2,C1COCCO1,dioxane,32.445 milligram,368.2496084262139 micromole,31.5 microliter,C4H8O2,O,water,3.5 milligram,194.2825423258396 micromole,3.5 microliter,H2O,Cc1cc(-c2ccc(N)cc2)ccc1N1CCCC1=O,suzuki_product_0,0.0 milligram,0.0 micromole,0 microliter,C17H18N2O,Cc1ccccc1N1CCCC1=O,dehalogenation_0,0.0 milligram,0.0 micromole,0 microliter,C11H13NO,Nc1ccccc1,deborylation_0,0.0 milligram,0.0 micromole,0 microliter,C6H7N,CC1=C(N2CCCC2=O)C=CC(Br)=C1.B1(OC(C(O1)(C)C)(C)C)C2=CC=C(C=C2)N>>Cc1cc(-c2ccc(N)cc2)ccc1N1CCCC1=O.Cc1ccccc1N1CCCC1=O.Nc1ccccc1,001_RLN-NB-2443_007_B23,,,,,,,,,3/29/23 18:32,kat78-2-b23-a1_03_22_2023_47.raw,2min_150_1200.EXP,001_RLN-NB-2443_007_B23,KAT78-2-B23-A1_KAT78-2-B23-A1_KAT78-2-B23-A1,0,0,0,0,0,0,0,0,0,0,0,0,0,0,0,deborylation_0,0,0,0,0,0,187.0377354,30.62266306,4.66019058,194.9,0.7318,0,0,0,0,0,0,0,0,0,0,0,0,0,0,0,0,0,0,0,0,0,0,0,0,0,0,0,0,0,0,0,0,0,0,0,0,0,0,0,0,8.921812429,1.537503295,0.233978944,266.9,0.8818,0,0,0,0,0,0,0,0,0,0,0,0,4.02E-05,5.020802051,0,0,0,0,0,0,0,0,0,0,0,0,0,0,0,0,0,0,0,0
B24,CC(C)C1=CC(C(C)C)=CC(C(C)C)=C1C2=C([P+](C3CCCCC3)([Pd-2]4(OS(C)(=O)=O)C(C=CC=C5)=C5C6=C([NH+]4C)C=CC=C6)C7CCCCC7)C=CC=C2,XPhos Pd G4,0.13767904 milligram,0.16000000000000003 micromole,0.13767904000000003 microliter,C47H64NO3PPdS,CC1=C(N2CCCC2=O)C=CC(Br)=C1,1-(4-bromo-2-methylphenyl)pyrrolidin-2-one,0.20330160000000003 milligram,0.8 micromole,0.20330160000000008 microliter,C11H12BrNO,B1(OC(C(O1)(C)C)(C)C)C2=CC=C(C=C2)N,"4-(4,4,5,5-tetramethyl-1,3,2-dioxaborolan-2-yl)aniline",0.21032928 milligram,0.9600000000000001 micromole,0.21032928000000006 microliter,C12H18BNO2,O=C([O-])[O-].[Na+].[Na+],Na2CO3,0.635928 milligram,6.0 micromole,0.6359280000000002 microliter,CNa2O3,CN1C=NC2=C1C(=O)N(C(=O)N2C)C,caffeine,0.1553528 milligram,0.8 micromole,0.15535280000000004 microliter,C8H10N4O2,C1COCCO1,dioxane,32.445 milligram,368.2496084262139 micromole,31.5 microliter,C4H8O2,O,water,3.5 milligram,194.2825423258396 micromole,3.5 microliter,H2O,Cc1cc(-c2ccc(N)cc2)ccc1N1CCCC1=O,suzuki_product_0,0.0 milligram,0.0 micromole,0 microliter,C17H18N2O,Cc1ccccc1N1CCCC1=O,dehalogenation_0,0.0 milligram,0.0 micromole,0 microliter,C11H13NO,Nc1ccccc1,deborylation_0,0.0 milligram,0.0 micromole,0 microliter,C6H7N,CC1=C(N2CCCC2=O)C=CC(Br)=C1.B1(OC(C(O1)(C)C)(C)C)C2=CC=C(C=C2)N>>Cc1cc(-c2ccc(N)cc2)ccc1N1CCCC1=O.Cc1ccccc1N1CCCC1=O.Nc1ccccc1,001_RLN-NB-2443_007_B24,,,,,,,,,3/29/23 18:35,kat78-2-b24-a1_03_22_2023_48.raw,2min_150_1200.EXP,001_RLN-NB-2443_007_B24,KAT78-2-B24-A1_KAT78-2-B24-A1_KAT78-2-B24-A1,0,0,0,0,0,0,0,0,0,0,0,0,0,0,0,deborylation_0,0,0,0,0,0,171.8585359,29.43044038,4.395880286,195,0.7318,0,0,0,0,0,0,0,0,0,0,0,0,0,0,0,0,0,0,0,0,0,0,0,0,0,0,0,0,0,0,0,0,0,0,0,0,0,0,0,0,0,0,0,0,0,0,0,0,0,0,0,0,0,0,0,0,0,0,0,0,0,0,0,0,0,0,0,0,0,0,0,0,0,0,0,0,0,0,0
C1,CC(C)C1=CC(C(C)C)=CC(C(C)C)=C1C2=C([P+](C3CCCCC3)([Pd-2]4(OS(C)(=O)=O)C(C=CC=C5)=C5C6=C([NH+]4C)C=CC=C6)C7CCCCC7)C=CC=C2,XPhos Pd G4,0.13767904 milligram,0.16000000000000003 micromole,0.13767904000000003 microliter,C47H64NO3PPdS,BrC1=CC=CN2C=CN=C12,"8-bromoimidazo[1,2-a]pyridine",0.15762800000000002 milligram,0.8 micromole,0.15762800000000005 microliter,C7H5BrN2,B1(OC(C(O1)(C)C)(C)C)C2=CN=C(C=C2)C,"2-methyl-5-(4,4,5,5-tetramethyl-1,3,2-dioxaborolan-2-yl)pyridine",0.21032928 milligram,0.9600000000000001 micromole,0.21032928000000006 microliter,C12H18BNO2,O=C([O-])[O-].[Na+].[Na+],Na2CO3,0.635928 milligram,6.0 micromole,0.6359280000000002 microliter,CNa2O3,CN1C=NC2=C1C(=O)N(C(=O)N2C)C,caffeine,0.1553528 milligram,0.8 micromole,0.15535280000000004 microliter,C8H10N4O2,C1COCCO1,dioxane,32.445 milligram,368.2496084262139 micromole,31.5 microliter,C4H8O2,O,water,3.5 milligram,194.2825423258396 micromole,3.5 microliter,H2O,Cc1ccc(-c2cccn3ccnc23)cn1,suzuki_product_0,0.0 milligram,0.0 micromole,0 microliter,C13H11N3,c1ccn2ccnc2c1,dehalogenation_0,0.0 milligram,0.0 micromole,0 microliter,C7H6N2,Cc1ccccn1,deborylation_0,0.0 milligram,0.0 micromole,0 microliter,C6H7N,BrC1=CC=CN2C=CN=C12.B1(OC(C(O1)(C)C)(C)C)C2=CN=C(C=C2)C>>Cc1ccc(-c2cccn3ccnc23)cn1.c1ccn2ccnc2c1.Cc1ccccn1,001_RLN-NB-2443_007_C1,,,,,,,,,3/29/23 18:37,kat78-2-c1-a1_03_22_2023_49.raw,2min_150_1200.EXP,001_RLN-NB-2443_007_C1,KAT78-2-C1-A1_KAT78-2-C1-A1_KAT78-2-C1-A1,0,0,0,0,0,0,0,0,0,0,0,0,0,0,0,deborylation_0,0,0,0,0,0,184.1986787,33.68132025,4.58305312,194.9,0.7318,0,0,0,0,0,0,0,0,0,0,0,0,0,0,0,0,0,0,0,0,0,0,0,0,0,0,0,0,0,0,0,0,0,0,0,0,0,0,0,0,49.18130916,10.97662249,1.493600713,210,0.5884,0,0,0,0,0,0,0,0,0,0,0,0,0.000260717,32.58964437,0,0,0,0,0,0,0,0,0,0,0,0,0,0,0,0,0,0,0,0
C2,CC(C)C1=CC(C(C)C)=CC(C(C)C)=C1C2=C([P+](C3CCCCC3)([Pd-2]4(OS(C)(=O)=O)C(C=CC=C5)=C5C6=C([NH+]4C)C=CC=C6)C7CCCCC7)C=CC=C2,XPhos Pd G4,0.13767904 milligram,0.16000000000000003 micromole,0.13767904000000003 microliter,C47H64NO3PPdS,BrC1=CC=CN2C=CN=C12,"8-bromoimidazo[1,2-a]pyridine",0.15762800000000002 milligram,0.8 micromole,0.15762800000000005 microliter,C7H5BrN2,B1(OC(C(O1)(C)C)(C)C)C2=CN(N=C2C)C,"1,3-dimethyl-4-(4,4,5,5-tetramethyl-1,3,2-dioxaborolan-2-yl)-1H-pyrazole",0.21321311999999998 milligram,0.9600000000000001 micromole,0.21321312000000003 microliter,C11H19BN2O2,O=C([O-])[O-].[Na+].[Na+],Na2CO3,0.635928 milligram,6.0 micromole,0.6359280000000002 microliter,CNa2O3,CN1C=NC2=C1C(=O)N(C(=O)N2C)C,caffeine,0.1553528 milligram,0.8 micromole,0.15535280000000004 microliter,C8H10N4O2,C1COCCO1,dioxane,32.445 milligram,368.2496084262139 micromole,31.5 microliter,C4H8O2,O,water,3.5 milligram,194.2825423258396 micromole,3.5 microliter,H2O,Cc1nn(C)cc1-c1cccn2ccnc12,suzuki_product_0,0.0 milligram,0.0 micromole,0 microliter,C12H12N4,c1ccn2ccnc2c1,dehalogenation_0,0.0 milligram,0.0 micromole,0 microliter,C7H6N2,Cc1ccn(C)n1,deborylation_0,0.0 milligram,0.0 micromole,0 microliter,C5H8N2,BrC1=CC=CN2C=CN=C12.B1(OC(C(O1)(C)C)(C)C)C2=CN(N=C2C)C>>Cc1nn(C)cc1-c1cccn2ccnc12.c1ccn2ccnc2c1.Cc1ccn(C)n1,001_RLN-NB-2443_007_C2,,,,,,,,,3/29/23 18:40,kat78-2-c2-a1_03_22_2023_50.raw,2min_150_1200.EXP,001_RLN-NB-2443_007_C2,KAT78-2-C2-A1_KAT78-2-C2-A1_KAT78-2-C2-A1,0,0,0,0,0,0,0,0,0,0,0,0,0,0,0,deborylation_0,0,0,0,0,0,173.3236301,39.40317197,4.546893658,195,0.7334,0,0,0,0,0,0,0,0,0,0,0,0,0,0,0,0,0,0,0,0,0,0,0,0,0,0,0,0,0,0,0,0,0,0,0,0,0,0,0,0,22.53827898,4.298794736,0.49605556,213,0.6534,9.901510971,1.945440955,0.224492413,223,0.6951,0,0,0,0,0,0,0,8.73E-05,10.90976823,0,0,0,0,3.95E-05,4.937269914,0,0,0,0,0,0,0,0,0,0,0,0,0,0
C3,CC(C)C1=CC(C(C)C)=CC(C(C)C)=C1C2=C([P+](C3CCCCC3)([Pd-2]4(OS(C)(=O)=O)C(C=CC=C5)=C5C6=C([NH+]4C)C=CC=C6)C7CCCCC7)C=CC=C2,XPhos Pd G4,0.13767904 milligram,0.16000000000000003 micromole,0.13767904000000003 microliter,C47H64NO3PPdS,BrC1=CC=CN2C=CN=C12,"8-bromoimidazo[1,2-a]pyridine",0.15762800000000002 milligram,0.8 micromole,0.15762800000000005 microliter,C7H5BrN2,B1(OC(C(O1)(C)C)(C)C)C2=CCN(CC2)C(=O)OC(C)(C)C,"N-Boc-1,2,5,6-tetrahydropyridine-4-boronic acid pinacol ester",0.29684640000000007 milligram,0.9600000000000001 micromole,0.2968464000000001 microliter,C16H28BNO4,O=C([O-])[O-].[Na+].[Na+],Na2CO3,0.635928 milligram,6.0 micromole,0.6359280000000002 microliter,CNa2O3,CN1C=NC2=C1C(=O)N(C(=O)N2C)C,caffeine,0.1553528 milligram,0.8 micromole,0.15535280000000004 microliter,C8H10N4O2,C1COCCO1,dioxane,32.445 milligram,368.2496084262139 micromole,31.5 microliter,C4H8O2,O,water,3.5 milligram,194.2825423258396 micromole,3.5 microliter,H2O,CC(C)(C)OC(=O)N1CC=C(c2cccn3ccnc23)CC1,suzuki_product_0,0.0 milligram,0.0 micromole,0 microliter,C17H21N3O2,c1ccn2ccnc2c1,dehalogenation_0,0.0 milligram,0.0 micromole,0 microliter,C7H6N2,CC(C)(C)OC(=O)N1CC=CCC1,deborylation_0,0.0 milligram,0.0 micromole,0 microliter,C10H17NO2,BrC1=CC=CN2C=CN=C12.B1(OC(C(O1)(C)C)(C)C)C2=CCN(CC2)C(=O)OC(C)(C)C>>CC(C)(C)OC(=O)N1CC=C(c2cccn3ccnc23)CC1.c1ccn2ccnc2c1.CC(C)(C)OC(=O)N1CC=CCC1,001_RLN-NB-2443_007_C3,,,,,,,,,3/29/23 18:42,kat78-2-c3-a1_03_22_2023_51.raw,2min_150_1200.EXP,001_RLN-NB-2443_007_C3,KAT78-2-C3-A1_KAT78-2-C3-A1_KAT78-2-C3-A1,0,0,0,0,0,0,0,0,0,0,0,0,0,0,0,deborylation_0,0,0,0,0,0,174.9720711,23.09091932,4.325580373,195,0.7318,0,0,0,0,0,0,0,0,0,0,0,0,0,0,0,0,0,0,0,0,0,0,0,0,0,0,0,0,0,0,0,0,0,0,0,0,0,0,0,0,228.7349359,36.54790373,6.846453051,300.1,0.8668,0,0,0,0,0,0,0,0,0,0,0,0,0.001266226,158.2782531,0,0,0,0,0,0,0,0,0,0,0,0,0,0,0,0,0,0,0,0
C4,CC(C)C1=CC(C(C)C)=CC(C(C)C)=C1C2=C([P+](C3CCCCC3)([Pd-2]4(OS(C)(=O)=O)C(C=CC=C5)=C5C6=C([NH+]4C)C=CC=C6)C7CCCCC7)C=CC=C2,XPhos Pd G4,0.13767904 milligram,0.16000000000000003 micromole,0.13767904000000003 microliter,C47H64NO3PPdS,BrC1=CC=CN2C=CN=C12,"8-bromoimidazo[1,2-a]pyridine",0.15762800000000002 milligram,0.8 micromole,0.15762800000000005 microliter,C7H5BrN2,B1(OC(C(O1)(C)C)(C)C)C2=CCN(CC2)C(=O)OC(C)(C)C,"N-Boc-1,2,5,6-tetrahydropyridine-4-boronic acid pinacol ester",0.29684640000000007 milligram,0.9600000000000001 micromole,0.2968464000000001 microliter,C16H28BNO4,O=C([O-])[O-].[Na+].[Na+],Na2CO3,0.635928 milligram,6.0 micromole,0.6359280000000002 microliter,CNa2O3,CN1C=NC2=C1C(=O)N(C(=O)N2C)C,caffeine,0.1553528 milligram,0.8 micromole,0.15535280000000004 microliter,C8H10N4O2,C1COCCO1,dioxane,32.445 milligram,368.2496084262139 micromole,31.5 microliter,C4H8O2,O,water,3.5 milligram,194.2825423258396 micromole,3.5 microliter,H2O,CC(C)(C)OC(=O)N1CC=C(c2cccn3ccnc23)CC1,suzuki_product_0,0.0 milligram,0.0 micromole,0 microliter,C17H21N3O2,c1ccn2ccnc2c1,dehalogenation_0,0.0 milligram,0.0 micromole,0 microliter,C7H6N2,CC(C)(C)OC(=O)N1CC=CCC1,deborylation_0,0.0 milligram,0.0 micromole,0 microliter,C10H17NO2,BrC1=CC=CN2C=CN=C12.B1(OC(C(O1)(C)C)(C)C)C2=CCN(CC2)C(=O)OC(C)(C)C>>CC(C)(C)OC(=O)N1CC=C(c2cccn3ccnc23)CC1.c1ccn2ccnc2c1.CC(C)(C)OC(=O)N1CC=CCC1,001_RLN-NB-2443_007_C4,,,,,,,,,3/29/23 18:45,kat78-2-c4-a1_03_22_2023_52.raw,2min_150_1200.EXP,001_RLN-NB-2443_007_C4,KAT78-2-C4-A1_KAT78-2-C4-A1_KAT78-2-C4-A1,0,0,0,0,0,0,0,0,0,0,0,0,0,0,0,deborylation_0,0,0,0,0,0,192.0378879,22.55454195,4.807669321,195,0.7318,0,0,0,0,0,0,0,0,0,0,0,0,0,0,0,0,0,0,0,0,0,0,0,0,0,0,0,0,0,0,0,0,0,0,0,0,0,0,0,0,233.4352272,33.18133114,7.072848923,300.1,0.8651,0,0,0,0,0,0,0,0,0,0,0,0,0.001176928,147.115961,0,0,0,0,0,0,0,0,0,0,0,0,0,0,0,0,0,0,0,0
C5,CC(C)C1=CC(C(C)C)=CC(C(C)C)=C1C2=C([P+](C3CCCCC3)([Pd-2]4(OS(C)(=O)=O)C(C=CC=C5)=C5C6=C([NH+]4C)C=CC=C6)C7CCCCC7)C=CC=C2,XPhos Pd G4,0.13767904 milligram,0.16000000000000003 micromole,0.13767904000000003 microliter,C47H64NO3PPdS,BrC1=CC=CN2C=CN=C12,"8-bromoimidazo[1,2-a]pyridine",0.15762800000000002 milligram,0.8 micromole,0.15762800000000005 microliter,C7H5BrN2,B1(OC(C(O1)(C)C)(C)C)C2=CC=C(C=C2)N,"4-(4,4,5,5-tetramethyl-1,3,2-dioxaborolan-2-yl)aniline",0.21032928 milligram,0.9600000000000001 micromole,0.21032928000000006 microliter,C12H18BNO2,O=C([O-])[O-].[Na+].[Na+],Na2CO3,0.635928 milligram,6.0 micromole,0.6359280000000002 microliter,CNa2O3,CN1C=NC2=C1C(=O)N(C(=O)N2C)C,caffeine,0.1553528 milligram,0.8 micromole,0.15535280000000004 microliter,C8H10N4O2,C1COCCO1,dioxane,32.445 milligram,368.2496084262139 micromole,31.5 microliter,C4H8O2,O,water,3.5 milligram,194.2825423258396 micromole,3.5 microliter,H2O,Nc1ccc(-c2cccn3ccnc23)cc1,suzuki_product_0,0.0 milligram,0.0 micromole,0 microliter,C13H11N3,c1ccn2ccnc2c1,dehalogenation_0,0.0 milligram,0.0 micromole,0 microliter,C7H6N2,Nc1ccccc1,deborylation_0,0.0 milligram,0.0 micromole,0 microliter,C6H7N,BrC1=CC=CN2C=CN=C12.B1(OC(C(O1)(C)C)(C)C)C2=CC=C(C=C2)N>>Nc1ccc(-c2cccn3ccnc23)cc1.c1ccn2ccnc2c1.Nc1ccccc1,001_RLN-NB-2443_007_C5,,,,,,,,,3/29/23 18:47,kat78-2-c5-a1_03_22_2023_53.raw,2min_150_1200.EXP,001_RLN-NB-2443_007_C5,KAT78-2-C5-A1_KAT78-2-C5-A1_KAT78-2-C5-A1,0,0,0,0,0,0,0,0,0,0,0,0,0,0,0,deborylation_0,0,0,0,0,0,164.4061252,30.45741213,4.25276762,194.9,0.7318,0,0,0,0,0,0,0,0,0,0,0,0,0,0,0,0,0,0,0,0,0,0,0,0,0,0,0,0,0,0,0,0,0,0,0,0,0,0,0,0,54.86566248,11.03376904,1.540644869,209.9,0.6351,0,0,0,0,0,0,0,0,0,0,0,0,0.000289815,36.22687638,0,0,0,0,0,0,0,0,0,0,0,0,0,0,0,0,0,0,0,0
C6,CC(C)C1=CC(C(C)C)=CC(C(C)C)=C1C2=C([P+](C3CCCCC3)([Pd-2]4(OS(C)(=O)=O)C(C=CC=C5)=C5C6=C([NH+]4C)C=CC=C6)C7CCCCC7)C=CC=C2,XPhos Pd G4,0.13767904 milligram,0.16000000000000003 micromole,0.13767904000000003 microliter,C47H64NO3PPdS,BrC1=CC=CN2C=CN=C12,"8-bromoimidazo[1,2-a]pyridine",0.15762800000000002 milligram,0.8 micromole,0.15762800000000005 microliter,C7H5BrN2,B1(OC(C(O1)(C)C)(C)C)C2=CC=C(C=C2)N,"4-(4,4,5,5-tetramethyl-1,3,2-dioxaborolan-2-yl)aniline",0.21032928 milligram,0.9600000000000001 micromole,0.21032928000000006 microliter,C12H18BNO2,O=C([O-])[O-].[Na+].[Na+],Na2CO3,0.635928 milligram,6.0 micromole,0.6359280000000002 microliter,CNa2O3,CN1C=NC2=C1C(=O)N(C(=O)N2C)C,caffeine,0.1553528 milligram,0.8 micromole,0.15535280000000004 microliter,C8H10N4O2,C1COCCO1,dioxane,32.445 milligram,368.2496084262139 micromole,31.5 microliter,C4H8O2,O,water,3.5 milligram,194.2825423258396 micromole,3.5 microliter,H2O,Nc1ccc(-c2cccn3ccnc23)cc1,suzuki_product_0,0.0 milligram,0.0 micromole,0 microliter,C13H11N3,c1ccn2ccnc2c1,dehalogenation_0,0.0 milligram,0.0 micromole,0 microliter,C7H6N2,Nc1ccccc1,deborylation_0,0.0 milligram,0.0 micromole,0 microliter,C6H7N,BrC1=CC=CN2C=CN=C12.B1(OC(C(O1)(C)C)(C)C)C2=CC=C(C=C2)N>>Nc1ccc(-c2cccn3ccnc23)cc1.c1ccn2ccnc2c1.Nc1ccccc1,001_RLN-NB-2443_007_C6,,,,,,,,,3/29/23 18:49,kat78-2-c6-a1_03_22_2023_54.raw,2min_150_1200.EXP,001_RLN-NB-2443_007_C6,KAT78-2-C6-A1_KAT78-2-C6-A1_KAT78-2-C6-A1,0,0,0,0,0,0,0,0,0,0,0,0,0,0,0,deborylation_0,0,0,0,0,0,156.6412381,29.90464072,3.932642502,195,0.7334,0,0,0,0,0,0,0,0,0,0,0,0,0,0,0,0,0,0,0,0,0,0,0,0,0,0,0,0,0,0,0,0,0,0,0,0,0,0,0,0,57.85243138,11.90171336,1.56514784,209.9,0.6334,0,0,0,0,0,0,0,0,0,0,0,0,0.000318391,39.79888431,0,0,0,0,0,0,0,0,0,0,0,0,0,0,0,0,0,0,0,0
C7,CC(C)C1=CC(C(C)C)=CC(C(C)C)=C1C2=C([P+](C3CCCCC3)([Pd-2]4(OS(C)(=O)=O)C(C=CC=C5)=C5C6=C([NH+]4C)C=CC=C6)C7CCCCC7)C=CC=C2,XPhos Pd G4,0.13767904 milligram,0.16000000000000003 micromole,0.13767904000000003 microliter,C47H64NO3PPdS,CC1=CC(C=O)=C(C)N1C2=CC(Cl)=CC(Cl)=C2,"1-(3,5-dichlorophenyl)-2,5-dimethyl-1H-pyrrole-3-carbaldehyde",0.2145144 milligram,0.8 micromole,0.21451440000000005 microliter,C13H11Cl2NO,B1(OC(C(O1)(C)C)(C)C)C2=CN=C(C=C2)C,"2-methyl-5-(4,4,5,5-tetramethyl-1,3,2-dioxaborolan-2-yl)pyridine",0.21032928 milligram,0.9600000000000001 micromole,0.21032928000000006 microliter,C12H18BNO2,O=C([O-])[O-].[Na+].[Na+],Na2CO3,0.635928 milligram,6.0 micromole,0.6359280000000002 microliter,CNa2O3,CN1C=NC2=C1C(=O)N(C(=O)N2C)C,caffeine,0.1553528 milligram,0.8 micromole,0.15535280000000004 microliter,C8H10N4O2,C1COCCO1,dioxane,32.445 milligram,368.2496084262139 micromole,31.5 microliter,C4H8O2,O,water,3.5 milligram,194.2825423258396 micromole,3.5 microliter,H2O,Cc1ccc(-c2cc(Cl)cc(-n3c(C)cc(C=O)c3C)c2)cn1,suzuki_product_0,0.0 milligram,0.0 micromole,0 microliter,C19H17ClN2O,Cc1ccc(-c2cc(-c3ccc(C)nc3)cc(-n3c(C)cc(C=O)c3C)c2)cn1,bis_addition_1,0.0 milligram,0.0 micromole,0 microliter,C25H23N3O,Cc1cc(C=O)c(C)n1-c1cccc(Cl)c1,dehalogenation_0,0.0 milligram,0.0 micromole,0 microliter,C13H12ClNO,CC1=CC(C=O)=C(C)N1C2=CC(Cl)=CC(Cl)=C2.B1(OC(C(O1)(C)C)(C)C)C2=CN=C(C=C2)C>>Cc1ccc(-c2cc(Cl)cc(-n3c(C)cc(C=O)c3C)c2)cn1.Cc1ccc(-c2cc(-c3ccc(C)nc3)cc(-n3c(C)cc(C=O)c3C)c2)cn1.Cc1cc(C=O)c(C)n1-c1cccc(Cl)c1.Cc1ccccn1,001_RLN-NB-2443_007_C7,,,Cc1ccccn1,deborylation_0,0.0 milligram,0.0 micromole,0 microliter,C6H7N,3/29/23 18:52,kat78-2-c7-a1_03_22_2023_55.raw,2min_150_1200.EXP,001_RLN-NB-2443_007_C7,KAT78-2-C7-A1_KAT78-2-C7-A1_KAT78-2-C7-A1,0,0,0,0,0,0,0,0,0,0,0,0,0,0,0,bis_addition_1,0,0,0,0,0,165.4915858,18.83453509,4.108432466,195,0.7334,0,0,0,0,0,0,0,0,0,0,0,0,0,0,0,0,0,0,0,0,72.70923823,9.200174776,2.00686115,382,0.8051,0,0,0,0,0,0,0,0,0,0,0,0,0,0,0,242.001554,31.88885239,6.956009046,324.9,1.0351,0,0,0,0,0,58.95693584,5.341287171,1.165110661,267.8,1.3268,0,0,0.001354484,169.3105364,0,0,0,0,0,0,0,0,0,0,0.000226872,28.35900726,0.000390779,48.84736859,0,0,0,0,0,0
C8,CC(C)C1=CC(C(C)C)=CC(C(C)C)=C1C2=C([P+](C3CCCCC3)([Pd-2]4(OS(C)(=O)=O)C(C=CC=C5)=C5C6=C([NH+]4C)C=CC=C6)C7CCCCC7)C=CC=C2,XPhos Pd G4,0.13767904 milligram,0.16000000000000003 micromole,0.13767904000000003 microliter,C47H64NO3PPdS,CC1=CC(C=O)=C(C)N1C2=CC(Cl)=CC(Cl)=C2,"1-(3,5-dichlorophenyl)-2,5-dimethyl-1H-pyrrole-3-carbaldehyde",0.2145144 milligram,0.8 micromole,0.21451440000000005 microliter,C13H11Cl2NO,B1(OC(C(O1)(C)C)(C)C)C2=CN(N=C2C)C,"1,3-dimethyl-4-(4,4,5,5-tetramethyl-1,3,2-dioxaborolan-2-yl)-1H-pyrazole",0.21321311999999998 milligram,0.9600000000000001 micromole,0.21321312000000003 microliter,C11H19BN2O2,O=C([O-])[O-].[Na+].[Na+],Na2CO3,0.635928 milligram,6.0 micromole,0.6359280000000002 microliter,CNa2O3,CN1C=NC2=C1C(=O)N(C(=O)N2C)C,caffeine,0.1553528 milligram,0.8 micromole,0.15535280000000004 microliter,C8H10N4O2,C1COCCO1,dioxane,32.445 milligram,368.2496084262139 micromole,31.5 microliter,C4H8O2,O,water,3.5 milligram,194.2825423258396 micromole,3.5 microliter,H2O,Cc1nn(C)cc1-c1cc(Cl)cc(-n2c(C)cc(C=O)c2C)c1,suzuki_product_0,0.0 milligram,0.0 micromole,0 microliter,C18H18ClN3O,Cc1nn(C)cc1-c1cc(-c2cn(C)nc2C)cc(-n2c(C)cc(C=O)c2C)c1,bis_addition_1,0.0 milligram,0.0 micromole,0 microliter,C23H25N5O,Cc1cc(C=O)c(C)n1-c1cccc(Cl)c1,dehalogenation_0,0.0 milligram,0.0 micromole,0 microliter,C13H12ClNO,CC1=CC(C=O)=C(C)N1C2=CC(Cl)=CC(Cl)=C2.B1(OC(C(O1)(C)C)(C)C)C2=CN(N=C2C)C>>Cc1nn(C)cc1-c1cc(Cl)cc(-n2c(C)cc(C=O)c2C)c1.Cc1nn(C)cc1-c1cc(-c2cn(C)nc2C)cc(-n2c(C)cc(C=O)c2C)c1.Cc1cc(C=O)c(C)n1-c1cccc(Cl)c1.Cc1ccn(C)n1,001_RLN-NB-2443_007_C8,,,Cc1ccn(C)n1,deborylation_0,0.0 milligram,0.0 micromole,0 microliter,C5H8N2,3/29/23 18:54,kat78-2-c8-a1_03_22_2023_56.raw,2min_150_1200.EXP,001_RLN-NB-2443_007_C8,KAT78-2-C8-A1_KAT78-2-C8-A1_KAT78-2-C8-A1,0,0,0,0,0,0,0,0,0,0,0,0,0,0,0,bis_addition_2,0,0,0,0,0,183.5129807,20.19950827,4.653015941,195,0.7318,0,0,0,0,0,0,0,0,0,0,0,0,0,0,0,0,0,0,0,0,0,0,0,0,0,35.37047668,3.427866077,0.789618999,388.1,1.0684,0,0,0,0,0,0,0,0,0,0,232.3178065,26.90961803,6.198709394,327.9,1.2118,0,0,0,0,0,118.8008035,11.49338724,2.647535442,267.9,1.3268,0,0,0.001065753,133.2191738,0,0,0,0,0,0,0,0,0,0,0.000455195,56.89934176,0,0,0,0,0,0,0,0
C9,CC(C)C1=CC(C(C)C)=CC(C(C)C)=C1C2=C([P+](C3CCCCC3)([Pd-2]4(OS(C)(=O)=O)C(C=CC=C5)=C5C6=C([NH+]4C)C=CC=C6)C7CCCCC7)C=CC=C2,XPhos Pd G4,0.13767904 milligram,0.16000000000000003 micromole,0.13767904000000003 microliter,C47H64NO3PPdS,CC1=CC(C=O)=C(C)N1C2=CC(Cl)=CC(Cl)=C2,"1-(3,5-dichlorophenyl)-2,5-dimethyl-1H-pyrrole-3-carbaldehyde",0.2145144 milligram,0.8 micromole,0.21451440000000005 microliter,C13H11Cl2NO,B1(OC(C(O1)(C)C)(C)C)C2=CCN(CC2)C(=O)OC(C)(C)C,"N-Boc-1,2,5,6-tetrahydropyridine-4-boronic acid pinacol ester",0.29684640000000007 milligram,0.9600000000000001 micromole,0.2968464000000001 microliter,C16H28BNO4,O=C([O-])[O-].[Na+].[Na+],Na2CO3,0.635928 milligram,6.0 micromole,0.6359280000000002 microliter,CNa2O3,CN1C=NC2=C1C(=O)N(C(=O)N2C)C,caffeine,0.1553528 milligram,0.8 micromole,0.15535280000000004 microliter,C8H10N4O2,C1COCCO1,dioxane,32.445 milligram,368.2496084262139 micromole,31.5 microliter,C4H8O2,O,water,3.5 milligram,194.2825423258396 micromole,3.5 microliter,H2O,Cc1cc(C=O)c(C)n1-c1cc(Cl)cc(C2=CCN(C(=O)OC(C)(C)C)CC2)c1,suzuki_product_0,0.0 milligram,0.0 micromole,0 microliter,C23H27ClN2O3,Cc1cc(C=O)c(C)n1-c1cc(C2=CCN(C(=O)OC(C)(C)C)CC2)cc(C2=CCN(C(=O)OC(C)(C)C)CC2)c1,bis_addition_2,0.0 milligram,0.0 micromole,0 microliter,C33H43N3O5,Cc1cc(C=O)c(C)n1-c1cccc(Cl)c1,dehalogenation_0,0.0 milligram,0.0 micromole,0 microliter,C13H12ClNO,CC1=CC(C=O)=C(C)N1C2=CC(Cl)=CC(Cl)=C2.B1(OC(C(O1)(C)C)(C)C)C2=CCN(CC2)C(=O)OC(C)(C)C>>Cc1cc(C=O)c(C)n1-c1cc(Cl)cc(C2=CCN(C(=O)OC(C)(C)C)CC2)c1.Cc1cc(C=O)c(C)n1-c1cc(C2=CCN(C(=O)OC(C)(C)C)CC2)cc(C2=CCN(C(=O)OC(C)(C)C)CC2)c1.Cc1cc(C=O)c(C)n1-c1cccc(Cl)c1.CC(C)(C)OC(=O)N1CC=CCC1,001_RLN-NB-2443_007_C9,,,CC(C)(C)OC(=O)N1CC=CCC1,deborylation_0,0.0 milligram,0.0 micromole,0 microliter,C10H17NO2,3/29/23 18:57,kat78-2-c9-a1_03_22_2023_57.raw,2min_150_1200.EXP,001_RLN-NB-2443_007_C9,KAT78-2-C9-A1_KAT78-2-C9-A1_KAT78-2-C9-A1,0,0,0,0,0,0,0,0,0,0,0,0,0,0,0,bis_addition_1,0,0,0,0,0,165.6402872,24.48879156,4.093966836,194.9,0.7334,0,0,0,0,0,0,0,0,0,0,0,0,0,0,0,0,0,0,0,0,0,0,0,0,0,0,0,0,0,0,0,0,0,0,0,0,0,0,0,0,0,0,0,0,0,0,0,0,0,0,123.5875592,15.39543624,2.57376544,267.8,1.3268,0,0,0,0,0,0,0,0,0,0,0,0,0,0,0.000502938,62.86727624,0,0,0,0,0,0,0,0
C10,CC(C)C1=CC(C(C)C)=CC(C(C)C)=C1C2=C([P+](C3CCCCC3)([Pd-2]4(OS(C)(=O)=O)C(C=CC=C5)=C5C6=C([NH+]4C)C=CC=C6)C7CCCCC7)C=CC=C2,XPhos Pd G4,0.13767904 milligram,0.16000000000000003 micromole,0.13767904000000003 microliter,C47H64NO3PPdS,CC1=CC(C=O)=C(C)N1C2=CC(Cl)=CC(Cl)=C2,"1-(3,5-dichlorophenyl)-2,5-dimethyl-1H-pyrrole-3-carbaldehyde",0.2145144 milligram,0.8 micromole,0.21451440000000005 microliter,C13H11Cl2NO,B1(OC(C(O1)(C)C)(C)C)C2=CCN(CC2)C(=O)OC(C)(C)C,"N-Boc-1,2,5,6-tetrahydropyridine-4-boronic acid pinacol ester",0.29684640000000007 milligram,0.9600000000000001 micromole,0.2968464000000001 microliter,C16H28BNO4,O=C([O-])[O-].[Na+].[Na+],Na2CO3,0.635928 milligram,6.0 micromole,0.6359280000000002 microliter,CNa2O3,CN1C=NC2=C1C(=O)N(C(=O)N2C)C,caffeine,0.1553528 milligram,0.8 micromole,0.15535280000000004 microliter,C8H10N4O2,C1COCCO1,dioxane,32.445 milligram,368.2496084262139 micromole,31.5 microliter,C4H8O2,O,water,3.5 milligram,194.2825423258396 micromole,3.5 microliter,H2O,Cc1cc(C=O)c(C)n1-c1cc(Cl)cc(C2=CCN(C(=O)OC(C)(C)C)CC2)c1,suzuki_product_0,0.0 milligram,0.0 micromole,0 microliter,C23H27ClN2O3,Cc1cc(C=O)c(C)n1-c1cc(C2=CCN(C(=O)OC(C)(C)C)CC2)cc(C2=CCN(C(=O)OC(C)(C)C)CC2)c1,bis_addition_2,0.0 milligram,0.0 micromole,0 microliter,C33H43N3O5,Cc1cc(C=O)c(C)n1-c1cccc(Cl)c1,dehalogenation_0,0.0 milligram,0.0 micromole,0 microliter,C13H12ClNO,CC1=CC(C=O)=C(C)N1C2=CC(Cl)=CC(Cl)=C2.B1(OC(C(O1)(C)C)(C)C)C2=CCN(CC2)C(=O)OC(C)(C)C>>Cc1cc(C=O)c(C)n1-c1cc(Cl)cc(C2=CCN(C(=O)OC(C)(C)C)CC2)c1.Cc1cc(C=O)c(C)n1-c1cc(C2=CCN(C(=O)OC(C)(C)C)CC2)cc(C2=CCN(C(=O)OC(C)(C)C)CC2)c1.Cc1cc(C=O)c(C)n1-c1cccc(Cl)c1.CC(C)(C)OC(=O)N1CC=CCC1,001_RLN-NB-2443_007_C10,,,CC(C)(C)OC(=O)N1CC=CCC1,deborylation_0,0.0 milligram,0.0 micromole,0 microliter,C10H17NO2,3/29/23 18:59,kat78-2-c10-a1_03_22_2023_58.raw,2min_150_1200.EXP,001_RLN-NB-2443_007_C10,KAT78-2-C10-A1_KAT78-2-C10-A1_KAT78-2-C10-A1,0,0,0,0,0,0,0,0,0,0,0,0,0,0,0,bis_addition_1,0,0,0,0,0,167.1938205,24.21457446,4.252968547,195,0.7334,0,0,0,0,0,0,0,0,0,0,0,0,0,0,0,0,0,0,0,0,0,0,0,0,0,0,0,0,0,0,0,0,0,0,0,0,0,0,0,0,0,0,0,0,0,0,0,0,0,0,129.6634109,15.14808257,2.660559608,267.9,1.3251,0,0,0,0,0,0,0,0,0,0,0,0,0,0,0.000500462,62.55770714,0,0,0,0,0,0,0,0
C11,CC(C)C1=CC(C(C)C)=CC(C(C)C)=C1C2=C([P+](C3CCCCC3)([Pd-2]4(OS(C)(=O)=O)C(C=CC=C5)=C5C6=C([NH+]4C)C=CC=C6)C7CCCCC7)C=CC=C2,XPhos Pd G4,0.13767904 milligram,0.16000000000000003 micromole,0.13767904000000003 microliter,C47H64NO3PPdS,CC1=CC(C=O)=C(C)N1C2=CC(Cl)=CC(Cl)=C2,"1-(3,5-dichlorophenyl)-2,5-dimethyl-1H-pyrrole-3-carbaldehyde",0.2145144 milligram,0.8 micromole,0.21451440000000005 microliter,C13H11Cl2NO,B1(OC(C(O1)(C)C)(C)C)C2=CC=C(C=C2)N,"4-(4,4,5,5-tetramethyl-1,3,2-dioxaborolan-2-yl)aniline",0.21032928 milligram,0.9600000000000001 micromole,0.21032928000000006 microliter,C12H18BNO2,O=C([O-])[O-].[Na+].[Na+],Na2CO3,0.635928 milligram,6.0 micromole,0.6359280000000002 microliter,CNa2O3,CN1C=NC2=C1C(=O)N(C(=O)N2C)C,caffeine,0.1553528 milligram,0.8 micromole,0.15535280000000004 microliter,C8H10N4O2,C1COCCO1,dioxane,32.445 milligram,368.2496084262139 micromole,31.5 microliter,C4H8O2,O,water,3.5 milligram,194.2825423258396 micromole,3.5 microliter,H2O,Cc1cc(C=O)c(C)n1-c1cc(Cl)cc(-c2ccc(N)cc2)c1,suzuki_product_0,0.0 milligram,0.0 micromole,0 microliter,C19H17ClN2O,Cc1cc(C=O)c(C)n1-c1cc(-c2ccc(N)cc2)cc(-c2ccc(N)cc2)c1,bis_addition_1,0.0 milligram,0.0 micromole,0 microliter,C25H23N3O,Cc1cc(C=O)c(C)n1-c1cccc(Cl)c1,dehalogenation_0,0.0 milligram,0.0 micromole,0 microliter,C13H12ClNO,CC1=CC(C=O)=C(C)N1C2=CC(Cl)=CC(Cl)=C2.B1(OC(C(O1)(C)C)(C)C)C2=CC=C(C=C2)N>>Cc1cc(C=O)c(C)n1-c1cc(Cl)cc(-c2ccc(N)cc2)c1.Cc1cc(C=O)c(C)n1-c1cc(-c2ccc(N)cc2)cc(-c2ccc(N)cc2)c1.Cc1cc(C=O)c(C)n1-c1cccc(Cl)c1.Nc1ccccc1,001_RLN-NB-2443_007_C11,,,Nc1ccccc1,deborylation_0,0.0 milligram,0.0 micromole,0 microliter,C6H7N,3/29/23 19:02,kat78-2-c11-a1_03_22_2023_59.raw,2min_150_1200.EXP,001_RLN-NB-2443_007_C11,KAT78-2-C11-A1_KAT78-2-C11-A1_KAT78-2-C11-A1,0,0,0,0,0,0,0,0,0,0,0,0,0,0,0,bis_addition_1,0,0,0,0,0,165.9885379,18.43827186,4.221306522,195,0.7301,0,0,0,0,0,0,0,0,0,0,0,0,0,0,0,0,0,0,0,0,27.86340058,2.247110455,0.514459386,416,1.0084,0,0,0,0,0,0,0,0,0,0,0,0,0,0,0,206.7287265,26.62145512,6.094786052,325,1.2301,0,0,0,0,0,71.62354303,5.993738005,1.372222165,267.9,1.3251,0,0,0.001155052,144.3815089,0,0,0,0,0,0,0,0,0,0,0.000260056,32.50704867,9.75E-05,12.18720753,0,0,0,0,0,0
C12,CC(C)C1=CC(C(C)C)=CC(C(C)C)=C1C2=C([P+](C3CCCCC3)([Pd-2]4(OS(C)(=O)=O)C(C=CC=C5)=C5C6=C([NH+]4C)C=CC=C6)C7CCCCC7)C=CC=C2,XPhos Pd G4,0.13767904 milligram,0.16000000000000003 micromole,0.13767904000000003 microliter,C47H64NO3PPdS,CC1=CC(C=O)=C(C)N1C2=CC(Cl)=CC(Cl)=C2,"1-(3,5-dichlorophenyl)-2,5-dimethyl-1H-pyrrole-3-carbaldehyde",0.2145144 milligram,0.8 micromole,0.21451440000000005 microliter,C13H11Cl2NO,B1(OC(C(O1)(C)C)(C)C)C2=CC=C(C=C2)N,"4-(4,4,5,5-tetramethyl-1,3,2-dioxaborolan-2-yl)aniline",0.21032928 milligram,0.9600000000000001 micromole,0.21032928000000006 microliter,C12H18BNO2,O=C([O-])[O-].[Na+].[Na+],Na2CO3,0.635928 milligram,6.0 micromole,0.6359280000000002 microliter,CNa2O3,CN1C=NC2=C1C(=O)N(C(=O)N2C)C,caffeine,0.1553528 milligram,0.8 micromole,0.15535280000000004 microliter,C8H10N4O2,C1COCCO1,dioxane,32.445 milligram,368.2496084262139 micromole,31.5 microliter,C4H8O2,O,water,3.5 milligram,194.2825423258396 micromole,3.5 microliter,H2O,Cc1cc(C=O)c(C)n1-c1cc(Cl)cc(-c2ccc(N)cc2)c1,suzuki_product_0,0.0 milligram,0.0 micromole,0 microliter,C19H17ClN2O,Cc1cc(C=O)c(C)n1-c1cc(-c2ccc(N)cc2)cc(-c2ccc(N)cc2)c1,bis_addition_1,0.0 milligram,0.0 micromole,0 microliter,C25H23N3O,Cc1cc(C=O)c(C)n1-c1cccc(Cl)c1,dehalogenation_0,0.0 milligram,0.0 micromole,0 microliter,C13H12ClNO,CC1=CC(C=O)=C(C)N1C2=CC(Cl)=CC(Cl)=C2.B1(OC(C(O1)(C)C)(C)C)C2=CC=C(C=C2)N>>Cc1cc(C=O)c(C)n1-c1cc(Cl)cc(-c2ccc(N)cc2)c1.Cc1cc(C=O)c(C)n1-c1cc(-c2ccc(N)cc2)cc(-c2ccc(N)cc2)c1.Cc1cc(C=O)c(C)n1-c1cccc(Cl)c1.Nc1ccccc1,001_RLN-NB-2443_007_C12,,,Nc1ccccc1,deborylation_0,0.0 milligram,0.0 micromole,0 microliter,C6H7N,3/29/23 19:04,kat78-2-c12-a1_03_22_2023_60.raw,2min_150_1200.EXP,001_RLN-NB-2443_007_C12,KAT78-2-C12-A1_KAT78-2-C12-A1_KAT78-2-C12-A1,0,0,0,0,0,0,0,0,0,0,0,0,0,0,0,bis_addition_1,0,0,0,0,0,173.0445775,42.25158706,4.324142953,194.9,0.7318,0,0,0,0,0,0,0,0,0,0,0,0,0,0,0,0,0,0,0,0,0,0,0,0,0,0,0,0,0,0,0,0,0,0,0,0,0,0,0,0,0,0,0,0,0,0,0,0,0,0,152.6798402,30.53407564,3.124940793,267.8,1.3251,0,0,0,0,0,0,0,0,0,0,0,0,0,0,0.000578138,72.26728688,0,0,0,0,0,0,0,0
C13,CC(C)C1=CC(C(C)C)=CC(C(C)C)=C1C2=C([P+](C3CCCCC3)([Pd-2]4(OS(C)(=O)=O)C(C=CC=C5)=C5C6=C([NH+]4C)C=CC=C6)C7CCCCC7)C=CC=C2,XPhos Pd G4,0.13767904 milligram,0.16000000000000003 micromole,0.13767904000000003 microliter,C47H64NO3PPdS,COC1=C(N)C(Cl)=NC=N1,4-chloro-6-methoxypyrimidin-5-amine,0.12766080000000002 milligram,0.8 micromole,0.12766080000000005 microliter,C5H6ClN3O,B1(OC(C(O1)(C)C)(C)C)C2=CN=C(C=C2)C,"2-methyl-5-(4,4,5,5-tetramethyl-1,3,2-dioxaborolan-2-yl)pyridine",0.21032928 milligram,0.9600000000000001 micromole,0.21032928000000006 microliter,C12H18BNO2,O=C([O-])[O-].[Na+].[Na+],Na2CO3,0.635928 milligram,6.0 micromole,0.6359280000000002 microliter,CNa2O3,CN1C=NC2=C1C(=O)N(C(=O)N2C)C,caffeine,0.1553528 milligram,0.8 micromole,0.15535280000000004 microliter,C8H10N4O2,C1COCCO1,dioxane,32.445 milligram,368.2496084262139 micromole,31.5 microliter,C4H8O2,O,water,3.5 milligram,194.2825423258396 micromole,3.5 microliter,H2O,COc1ncnc(-c2ccc(C)nc2)c1N,suzuki_product_0,0.0 milligram,0.0 micromole,0 microliter,C11H12N4O,COc1ncncc1N,dehalogenation_0,0.0 milligram,0.0 micromole,0 microliter,C5H7N3O,Cc1ccccn1,deborylation_0,0.0 milligram,0.0 micromole,0 microliter,C6H7N,COC1=C(N)C(Cl)=NC=N1.B1(OC(C(O1)(C)C)(C)C)C2=CN=C(C=C2)C>>COc1ncnc(-c2ccc(C)nc2)c1N.COc1ncncc1N.Cc1ccccn1,001_RLN-NB-2443_007_C13,,,,,,,,,3/29/23 19:07,kat78-2-c13-a1_03_22_2023_61.raw,2min_150_1200.EXP,001_RLN-NB-2443_007_C13,KAT78-2-C13-A1_KAT78-2-C13-A1_KAT78-2-C13-A1,0,0,0,0,0,0,0,0,0,0,0,0,0,0,0,deborylation_0,0,0,0,0,0,172.1497916,34.90761928,4.475652694,195,0.7334,0,0,0,0,0,0,0,0,0,0,0,0,0,0,0,0,0,0,0,0,0,0,0,0,0,0,0,0,0,0,0,0,0,0,0,0,0,0,0,0,28.04432383,5.011906763,0.642597647,216.9,0.6501,0,0,0,0,0,0,0,0,0,0,0,0,0.000114861,14.35762984,0,0,0,0,0,0,0,0,0,0,0,0,0,0,0,0,0,0,0,0
C14,CC(C)C1=CC(C(C)C)=CC(C(C)C)=C1C2=C([P+](C3CCCCC3)([Pd-2]4(OS(C)(=O)=O)C(C=CC=C5)=C5C6=C([NH+]4C)C=CC=C6)C7CCCCC7)C=CC=C2,XPhos Pd G4,0.13767904 milligram,0.16000000000000003 micromole,0.13767904000000003 microliter,C47H64NO3PPdS,COC1=C(N)C(Cl)=NC=N1,4-chloro-6-methoxypyrimidin-5-amine,0.12766080000000002 milligram,0.8 micromole,0.12766080000000005 microliter,C5H6ClN3O,B1(OC(C(O1)(C)C)(C)C)C2=CN(N=C2C)C,"1,3-dimethyl-4-(4,4,5,5-tetramethyl-1,3,2-dioxaborolan-2-yl)-1H-pyrazole",0.21321311999999998 milligram,0.9600000000000001 micromole,0.21321312000000003 microliter,C11H19BN2O2,O=C([O-])[O-].[Na+].[Na+],Na2CO3,0.635928 milligram,6.0 micromole,0.6359280000000002 microliter,CNa2O3,CN1C=NC2=C1C(=O)N(C(=O)N2C)C,caffeine,0.1553528 milligram,0.8 micromole,0.15535280000000004 microliter,C8H10N4O2,C1COCCO1,dioxane,32.445 milligram,368.2496084262139 micromole,31.5 microliter,C4H8O2,O,water,3.5 milligram,194.2825423258396 micromole,3.5 microliter,H2O,COc1ncnc(-c2cn(C)nc2C)c1N,suzuki_product_0,0.0 milligram,0.0 micromole,0 microliter,C10H13N5O,COc1ncncc1N,dehalogenation_0,0.0 milligram,0.0 micromole,0 microliter,C5H7N3O,Cc1ccn(C)n1,deborylation_0,0.0 milligram,0.0 micromole,0 microliter,C5H8N2,COC1=C(N)C(Cl)=NC=N1.B1(OC(C(O1)(C)C)(C)C)C2=CN(N=C2C)C>>COc1ncnc(-c2cn(C)nc2C)c1N.COc1ncncc1N.Cc1ccn(C)n1,001_RLN-NB-2443_007_C14,,,,,,,,,3/29/23 19:09,kat78-2-c14-a1_03_22_2023_62.raw,2min_150_1200.EXP,001_RLN-NB-2443_007_C14,KAT78-2-C14-A1_KAT78-2-C14-A1_KAT78-2-C14-A1,0,0,0,0,0,0,0,0,0,0,0,0,0,0,0,deborylation_0,0,0,0,0,0,182.6160484,33.35973998,4.785893983,195,0.7334,0,0,0,0,0,0,0,0,0,0,0,0,0,0,0,0,0,0,0,0,0,0,0,0,0,0,0,0,0,0,0,0,0,0,0,0,0,0,0,0,43.11033566,6.196871496,0.889022817,440,1.3685,19.99008009,3.325764255,0.477124676,220,0.6951,0,0,0,0,0,0,0,0.000148607,18.57589867,0,0,0,0,7.98E-05,9.969395018,0,0,0,0,0,0,0,0,0,0,0,0,0,0
C15,CC(C)C1=CC(C(C)C)=CC(C(C)C)=C1C2=C([P+](C3CCCCC3)([Pd-2]4(OS(C)(=O)=O)C(C=CC=C5)=C5C6=C([NH+]4C)C=CC=C6)C7CCCCC7)C=CC=C2,XPhos Pd G4,0.13767904 milligram,0.16000000000000003 micromole,0.13767904000000003 microliter,C47H64NO3PPdS,COC1=C(N)C(Cl)=NC=N1,4-chloro-6-methoxypyrimidin-5-amine,0.12766080000000002 milligram,0.8 micromole,0.12766080000000005 microliter,C5H6ClN3O,B1(OC(C(O1)(C)C)(C)C)C2=CCN(CC2)C(=O)OC(C)(C)C,"N-Boc-1,2,5,6-tetrahydropyridine-4-boronic acid pinacol ester",0.29684640000000007 milligram,0.9600000000000001 micromole,0.2968464000000001 microliter,C16H28BNO4,O=C([O-])[O-].[Na+].[Na+],Na2CO3,0.635928 milligram,6.0 micromole,0.6359280000000002 microliter,CNa2O3,CN1C=NC2=C1C(=O)N(C(=O)N2C)C,caffeine,0.1553528 milligram,0.8 micromole,0.15535280000000004 microliter,C8H10N4O2,C1COCCO1,dioxane,32.445 milligram,368.2496084262139 micromole,31.5 microliter,C4H8O2,O,water,3.5 milligram,194.2825423258396 micromole,3.5 microliter,H2O,COc1ncnc(C2=CCN(C(=O)OC(C)(C)C)CC2)c1N,suzuki_product_0,0.0 milligram,0.0 micromole,0 microliter,C15H22N4O3,COc1ncncc1N,dehalogenation_0,0.0 milligram,0.0 micromole,0 microliter,C5H7N3O,CC(C)(C)OC(=O)N1CC=CCC1,deborylation_0,0.0 milligram,0.0 micromole,0 microliter,C10H17NO2,COC1=C(N)C(Cl)=NC=N1.B1(OC(C(O1)(C)C)(C)C)C2=CCN(CC2)C(=O)OC(C)(C)C>>COc1ncnc(C2=CCN(C(=O)OC(C)(C)C)CC2)c1N.COc1ncncc1N.CC(C)(C)OC(=O)N1CC=CCC1,001_RLN-NB-2443_007_C15,,,,,,,,,3/29/23 19:12,kat78-2-c15-a1_03_22_2023_63.raw,2min_150_1200.EXP,001_RLN-NB-2443_007_C15,KAT78-2-C15-A1_KAT78-2-C15-A1_KAT78-2-C15-A1,0,0,0,0,0,0,0,0,0,0,0,0,0,0,0,deborylation_0,0,0,0,0,0,179.1811784,22.74371783,4.636297661,194.9,0.7318,0,0,0,0,0,0,0,0,0,0,0,0,0,0,0,0,0,0,0,0,0,0,0,0,0,0,0,0,0,0,0,0,0,0,0,0,0,0,0,0,190.4219972,25.12447175,5.121613383,306.9,0.9934,0,0,0,0,0,0,0,0,0,0,0,0,0.000883742,110.4677429,0,0,0,0,0,0,0,0,0,0,0,0,0,0,0,0,0,0,0,0
C16,CC(C)C1=CC(C(C)C)=CC(C(C)C)=C1C2=C([P+](C3CCCCC3)([Pd-2]4(OS(C)(=O)=O)C(C=CC=C5)=C5C6=C([NH+]4C)C=CC=C6)C7CCCCC7)C=CC=C2,XPhos Pd G4,0.13767904 milligram,0.16000000000000003 micromole,0.13767904000000003 microliter,C47H64NO3PPdS,COC1=C(N)C(Cl)=NC=N1,4-chloro-6-methoxypyrimidin-5-amine,0.12766080000000002 milligram,0.8 micromole,0.12766080000000005 microliter,C5H6ClN3O,B1(OC(C(O1)(C)C)(C)C)C2=CCN(CC2)C(=O)OC(C)(C)C,"N-Boc-1,2,5,6-tetrahydropyridine-4-boronic acid pinacol ester",0.29684640000000007 milligram,0.9600000000000001 micromole,0.2968464000000001 microliter,C16H28BNO4,O=C([O-])[O-].[Na+].[Na+],Na2CO3,0.635928 milligram,6.0 micromole,0.6359280000000002 microliter,CNa2O3,CN1C=NC2=C1C(=O)N(C(=O)N2C)C,caffeine,0.1553528 milligram,0.8 micromole,0.15535280000000004 microliter,C8H10N4O2,C1COCCO1,dioxane,32.445 milligram,368.2496084262139 micromole,31.5 microliter,C4H8O2,O,water,3.5 milligram,194.2825423258396 micromole,3.5 microliter,H2O,COc1ncnc(C2=CCN(C(=O)OC(C)(C)C)CC2)c1N,suzuki_product_0,0.0 milligram,0.0 micromole,0 microliter,C15H22N4O3,COc1ncncc1N,dehalogenation_0,0.0 milligram,0.0 micromole,0 microliter,C5H7N3O,CC(C)(C)OC(=O)N1CC=CCC1,deborylation_0,0.0 milligram,0.0 micromole,0 microliter,C10H17NO2,COC1=C(N)C(Cl)=NC=N1.B1(OC(C(O1)(C)C)(C)C)C2=CCN(CC2)C(=O)OC(C)(C)C>>COc1ncnc(C2=CCN(C(=O)OC(C)(C)C)CC2)c1N.COc1ncncc1N.CC(C)(C)OC(=O)N1CC=CCC1,001_RLN-NB-2443_007_C16,,,,,,,,,3/29/23 19:14,kat78-2-c16-a1_03_22_2023_64.raw,2min_150_1200.EXP,001_RLN-NB-2443_007_C16,KAT78-2-C16-A1_KAT78-2-C16-A1_KAT78-2-C16-A1,0,0,0,0,0,0,0,0,0,0,0,0,0,0,0,deborylation_0,0,0,0,0,0,162.5305755,20.89141935,4.274379963,194.9,0.7351,0,0,0,0,0,0,0,0,0,0,0,0,0,0,0,0,0,0,0,0,0,0,0,0,0,0,0,0,0,0,0,0,0,0,0,0,0,0,0,0,194.3494058,26.36860635,5.395011259,307,0.9968,0,0,0,0,0,0,0,0,0,0,0,0,0.001009739,126.2174001,0,0,0,0,0,0,0,0,0,0,0,0,0,0,0,0,0,0,0,0
C17,CC(C)C1=CC(C(C)C)=CC(C(C)C)=C1C2=C([P+](C3CCCCC3)([Pd-2]4(OS(C)(=O)=O)C(C=CC=C5)=C5C6=C([NH+]4C)C=CC=C6)C7CCCCC7)C=CC=C2,XPhos Pd G4,0.13767904 milligram,0.16000000000000003 micromole,0.13767904000000003 microliter,C47H64NO3PPdS,COC1=C(N)C(Cl)=NC=N1,4-chloro-6-methoxypyrimidin-5-amine,0.12766080000000002 milligram,0.8 micromole,0.12766080000000005 microliter,C5H6ClN3O,B1(OC(C(O1)(C)C)(C)C)C2=CC=C(C=C2)N,"4-(4,4,5,5-tetramethyl-1,3,2-dioxaborolan-2-yl)aniline",0.21032928 milligram,0.9600000000000001 micromole,0.21032928000000006 microliter,C12H18BNO2,O=C([O-])[O-].[Na+].[Na+],Na2CO3,0.635928 milligram,6.0 micromole,0.6359280000000002 microliter,CNa2O3,CN1C=NC2=C1C(=O)N(C(=O)N2C)C,caffeine,0.1553528 milligram,0.8 micromole,0.15535280000000004 microliter,C8H10N4O2,C1COCCO1,dioxane,32.445 milligram,368.2496084262139 micromole,31.5 microliter,C4H8O2,O,water,3.5 milligram,194.2825423258396 micromole,3.5 microliter,H2O,COc1ncnc(-c2ccc(N)cc2)c1N,suzuki_product_0,0.0 milligram,0.0 micromole,0 microliter,C11H12N4O,COc1ncncc1N,dehalogenation_0,0.0 milligram,0.0 micromole,0 microliter,C5H7N3O,Nc1ccccc1,deborylation_0,0.0 milligram,0.0 micromole,0 microliter,C6H7N,COC1=C(N)C(Cl)=NC=N1.B1(OC(C(O1)(C)C)(C)C)C2=CC=C(C=C2)N>>COc1ncnc(-c2ccc(N)cc2)c1N.COc1ncncc1N.Nc1ccccc1,001_RLN-NB-2443_007_C17,,,,,,,,,3/29/23 19:16,kat78-2-c17-a1_03_22_2023_65.raw,2min_150_1200.EXP,001_RLN-NB-2443_007_C17,KAT78-2-C17-A1_KAT78-2-C17-A1_KAT78-2-C17-A1,0,0,0,0,0,0,0,0,0,0,0,0,0,0,0,deborylation_0,0,0,0,0,0,179.2354859,25.36783906,4.510412874,194.9,0.7318,0,0,0,0,0,0,0,0,0,0,0,0,0,0,0,0,0,0,0,0,0,0,0,0,0,0,0,0,0,0,0,0,0,0,0,0,0,0,0,0,68.40343749,10.50547649,1.867878313,217,0.6568,0,0,0,0,0,0,0,0,0,0,0,0,0.000331301,41.4125794,0,0,0,0,0,0,0,0,0,0,0,0,0,0,0,0,0,0,0,0
C18,CC(C)C1=CC(C(C)C)=CC(C(C)C)=C1C2=C([P+](C3CCCCC3)([Pd-2]4(OS(C)(=O)=O)C(C=CC=C5)=C5C6=C([NH+]4C)C=CC=C6)C7CCCCC7)C=CC=C2,XPhos Pd G4,0.13767904 milligram,0.16000000000000003 micromole,0.13767904000000003 microliter,C47H64NO3PPdS,COC1=C(N)C(Cl)=NC=N1,4-chloro-6-methoxypyrimidin-5-amine,0.12766080000000002 milligram,0.8 micromole,0.12766080000000005 microliter,C5H6ClN3O,B1(OC(C(O1)(C)C)(C)C)C2=CC=C(C=C2)N,"4-(4,4,5,5-tetramethyl-1,3,2-dioxaborolan-2-yl)aniline",0.21032928 milligram,0.9600000000000001 micromole,0.21032928000000006 microliter,C12H18BNO2,O=C([O-])[O-].[Na+].[Na+],Na2CO3,0.635928 milligram,6.0 micromole,0.6359280000000002 microliter,CNa2O3,CN1C=NC2=C1C(=O)N(C(=O)N2C)C,caffeine,0.1553528 milligram,0.8 micromole,0.15535280000000004 microliter,C8H10N4O2,C1COCCO1,dioxane,32.445 milligram,368.2496084262139 micromole,31.5 microliter,C4H8O2,O,water,3.5 milligram,194.2825423258396 micromole,3.5 microliter,H2O,COc1ncnc(-c2ccc(N)cc2)c1N,suzuki_product_0,0.0 milligram,0.0 micromole,0 microliter,C11H12N4O,COc1ncncc1N,dehalogenation_0,0.0 milligram,0.0 micromole,0 microliter,C5H7N3O,Nc1ccccc1,deborylation_0,0.0 milligram,0.0 micromole,0 microliter,C6H7N,COC1=C(N)C(Cl)=NC=N1.B1(OC(C(O1)(C)C)(C)C)C2=CC=C(C=C2)N>>COc1ncnc(-c2ccc(N)cc2)c1N.COc1ncncc1N.Nc1ccccc1,001_RLN-NB-2443_007_C18,,,,,,,,,3/29/23 19:19,kat78-2-c18-a1_03_22_2023_66.raw,2min_150_1200.EXP,001_RLN-NB-2443_007_C18,KAT78-2-C18-A1_KAT78-2-C18-A1_KAT78-2-C18-A1,0,0,0,0,0,0,0,0,0,0,0,0,0,0,0,deborylation_0,0,0,0,0,0,167.7241252,27.30023603,4.502634962,195,0.7334,0,0,0,0,0,0,0,0,0,0,0,0,0,0,0,0,0,0,0,0,0,0,0,0,0,0,0,0,0,0,0,0,0,0,0,0,0,0,0,0,55.51125183,8.951003503,1.476291314,216.9,0.6568,0,0,0,0,0,0,0,0,0,0,0,0,0.000262298,32.78727515,0,0,0,0,0,0,0,0,0,0,0,0,0,0,0,0,0,0,0,0
C19,CC(C)C1=CC(C(C)C)=CC(C(C)C)=C1C2=C([P+](C3CCCCC3)([Pd-2]4(OS(C)(=O)=O)C(C=CC=C5)=C5C6=C([NH+]4C)C=CC=C6)C7CCCCC7)C=CC=C2,XPhos Pd G4,0.13767904 milligram,0.16000000000000003 micromole,0.13767904000000003 microliter,C47H64NO3PPdS,CC1=C(N2CCCC2=O)C=CC(Br)=C1,1-(4-bromo-2-methylphenyl)pyrrolidin-2-one,0.20330160000000003 milligram,0.8 micromole,0.20330160000000008 microliter,C11H12BrNO,B1(OC(C(O1)(C)C)(C)C)C2=CN=C(C=C2)C,"2-methyl-5-(4,4,5,5-tetramethyl-1,3,2-dioxaborolan-2-yl)pyridine",0.21032928 milligram,0.9600000000000001 micromole,0.21032928000000006 microliter,C12H18BNO2,O=C([O-])[O-].[Na+].[Na+],Na2CO3,0.635928 milligram,6.0 micromole,0.6359280000000002 microliter,CNa2O3,CN1C=NC2=C1C(=O)N(C(=O)N2C)C,caffeine,0.1553528 milligram,0.8 micromole,0.15535280000000004 microliter,C8H10N4O2,C1COCCO1,dioxane,32.445 milligram,368.2496084262139 micromole,31.5 microliter,C4H8O2,O,water,3.5 milligram,194.2825423258396 micromole,3.5 microliter,H2O,Cc1ccc(-c2ccc(N3CCCC3=O)c(C)c2)cn1,suzuki_product_0,0.0 milligram,0.0 micromole,0 microliter,C17H18N2O,Cc1ccccc1N1CCCC1=O,dehalogenation_0,0.0 milligram,0.0 micromole,0 microliter,C11H13NO,Cc1ccccn1,deborylation_0,0.0 milligram,0.0 micromole,0 microliter,C6H7N,CC1=C(N2CCCC2=O)C=CC(Br)=C1.B1(OC(C(O1)(C)C)(C)C)C2=CN=C(C=C2)C>>Cc1ccc(-c2ccc(N3CCCC3=O)c(C)c2)cn1.Cc1ccccc1N1CCCC1=O.Cc1ccccn1,001_RLN-NB-2443_007_C19,,,,,,,,,3/29/23 19:21,kat78-2-c19-a1_03_22_2023_67.raw,2min_150_1200.EXP,001_RLN-NB-2443_007_C19,KAT78-2-C19-A1_KAT78-2-C19-A1_KAT78-2-C19-A1,0,0,0,0,0,0,0,0,0,0,0,0,0,0,0,deborylation_0,0,0,0,0,0,171.7936174,19.66181604,3.904294342,195,0.7334,0,0,0,0,0,0,0,0,0,0,0,0,0,0,0,0,0,0,0,0,0,0,0,0,0,0,0,0,0,0,0,0,0,0,0,24.97255637,2.746714919,0.545421821,255.8,1.1868,220.6200278,33.96973327,6.745452055,267,0.7734,0,0,0,0,0,0,0,0,0,0,0,0,0.001382161,172.7700696,0,0,0,0,0,0,0,0,0,0,0,0,0,0,0,0,0,0,0.000111758,13.96979258
C20,CC(C)C1=CC(C(C)C)=CC(C(C)C)=C1C2=C([P+](C3CCCCC3)([Pd-2]4(OS(C)(=O)=O)C(C=CC=C5)=C5C6=C([NH+]4C)C=CC=C6)C7CCCCC7)C=CC=C2,XPhos Pd G4,0.13767904 milligram,0.16000000000000003 micromole,0.13767904000000003 microliter,C47H64NO3PPdS,CC1=C(N2CCCC2=O)C=CC(Br)=C1,1-(4-bromo-2-methylphenyl)pyrrolidin-2-one,0.20330160000000003 milligram,0.8 micromole,0.20330160000000008 microliter,C11H12BrNO,B1(OC(C(O1)(C)C)(C)C)C2=CN(N=C2C)C,"1,3-dimethyl-4-(4,4,5,5-tetramethyl-1,3,2-dioxaborolan-2-yl)-1H-pyrazole",0.21321311999999998 milligram,0.9600000000000001 micromole,0.21321312000000003 microliter,C11H19BN2O2,O=C([O-])[O-].[Na+].[Na+],Na2CO3,0.635928 milligram,6.0 micromole,0.6359280000000002 microliter,CNa2O3,CN1C=NC2=C1C(=O)N(C(=O)N2C)C,caffeine,0.1553528 milligram,0.8 micromole,0.15535280000000004 microliter,C8H10N4O2,C1COCCO1,dioxane,32.445 milligram,368.2496084262139 micromole,31.5 microliter,C4H8O2,O,water,3.5 milligram,194.2825423258396 micromole,3.5 microliter,H2O,Cc1cc(-c2cn(C)nc2C)ccc1N1CCCC1=O,suzuki_product_0,0.0 milligram,0.0 micromole,0 microliter,C16H19N3O,Cc1ccccc1N1CCCC1=O,dehalogenation_0,0.0 milligram,0.0 micromole,0 microliter,C11H13NO,Cc1ccn(C)n1,deborylation_0,0.0 milligram,0.0 micromole,0 microliter,C5H8N2,CC1=C(N2CCCC2=O)C=CC(Br)=C1.B1(OC(C(O1)(C)C)(C)C)C2=CN(N=C2C)C>>Cc1cc(-c2cn(C)nc2C)ccc1N1CCCC1=O.Cc1ccccc1N1CCCC1=O.Cc1ccn(C)n1,001_RLN-NB-2443_007_C20,,,,,,,,,3/29/23 19:24,kat78-2-c20-a1_03_22_2023_68.raw,2min_150_1200.EXP,001_RLN-NB-2443_007_C20,KAT78-2-C20-A1_KAT78-2-C20-A1_KAT78-2-C20-A1,0,0,0,0,0,0,0,0,0,0,0,0,0,0,0,deborylation_0,0,0,0,0,0,184.1456763,36.78191754,4.688209046,194.9,0.7334,0,0,0,0,0,0,0,0,0,0,0,0,0,0,0,0,0,0,0,0,0,0,0,0,0,0,0,0,0,0,0,0,0,0,0,0,0,0,0,0,0,0,0,0,0,0,0,0,0,0,0,0,0,0,0,0,0,0,0,0,0,0,0,0,0,0,0,0,0,0,0,0,0,0,0,0,0,0,0
C21,CC(C)C1=CC(C(C)C)=CC(C(C)C)=C1C2=C([P+](C3CCCCC3)([Pd-2]4(OS(C)(=O)=O)C(C=CC=C5)=C5C6=C([NH+]4C)C=CC=C6)C7CCCCC7)C=CC=C2,XPhos Pd G4,0.13767904 milligram,0.16000000000000003 micromole,0.13767904000000003 microliter,C47H64NO3PPdS,CC1=C(N2CCCC2=O)C=CC(Br)=C1,1-(4-bromo-2-methylphenyl)pyrrolidin-2-one,0.20330160000000003 milligram,0.8 micromole,0.20330160000000008 microliter,C11H12BrNO,B1(OC(C(O1)(C)C)(C)C)C2=CCN(CC2)C(=O)OC(C)(C)C,"N-Boc-1,2,5,6-tetrahydropyridine-4-boronic acid pinacol ester",0.29684640000000007 milligram,0.9600000000000001 micromole,0.2968464000000001 microliter,C16H28BNO4,O=C([O-])[O-].[Na+].[Na+],Na2CO3,0.635928 milligram,6.0 micromole,0.6359280000000002 microliter,CNa2O3,CN1C=NC2=C1C(=O)N(C(=O)N2C)C,caffeine,0.1553528 milligram,0.8 micromole,0.15535280000000004 microliter,C8H10N4O2,C1COCCO1,dioxane,32.445 milligram,368.2496084262139 micromole,31.5 microliter,C4H8O2,O,water,3.5 milligram,194.2825423258396 micromole,3.5 microliter,H2O,Cc1cc(C2=CCN(C(=O)OC(C)(C)C)CC2)ccc1N1CCCC1=O,suzuki_product_0,0.0 milligram,0.0 micromole,0 microliter,C21H28N2O3,Cc1ccccc1N1CCCC1=O,dehalogenation_0,0.0 milligram,0.0 micromole,0 microliter,C11H13NO,CC(C)(C)OC(=O)N1CC=CCC1,deborylation_0,0.0 milligram,0.0 micromole,0 microliter,C10H17NO2,CC1=C(N2CCCC2=O)C=CC(Br)=C1.B1(OC(C(O1)(C)C)(C)C)C2=CCN(CC2)C(=O)OC(C)(C)C>>Cc1cc(C2=CCN(C(=O)OC(C)(C)C)CC2)ccc1N1CCCC1=O.Cc1ccccc1N1CCCC1=O.CC(C)(C)OC(=O)N1CC=CCC1,001_RLN-NB-2443_007_C21,,,,,,,,,3/29/23 19:26,kat78-2-c21-a1_03_22_2023_69.raw,2min_150_1200.EXP,001_RLN-NB-2443_007_C21,KAT78-2-C21-A1_KAT78-2-C21-A1_KAT78-2-C21-A1,0,0,0,0,0,0,0,0,0,0,0,0,0,0,0,deborylation_0,0,0,0,0,0,172.3575156,14.0212782,4.375991982,195,0.7318,0,0,0,0,0,0,0,0,0,0,0,0,0,0,0,0,0,0,0,0,0,0,0,0,0,0,0,0,0,0,0,0,0,0,0,28.74015468,1.984310568,0.619296401,253.9,1.1884,399.7224017,35.09654092,10.95350791,357.1,1.3251,0,0,0,0,0,0,0,0,0,0,0,0,0.002002473,250.3091403,0,0,0,0,0,0,0,0,0,0,0,0,0,0,0,0,0,0,0.000113217,14.15213748
C22,CC(C)C1=CC(C(C)C)=CC(C(C)C)=C1C2=C([P+](C3CCCCC3)([Pd-2]4(OS(C)(=O)=O)C(C=CC=C5)=C5C6=C([NH+]4C)C=CC=C6)C7CCCCC7)C=CC=C2,XPhos Pd G4,0.13767904 milligram,0.16000000000000003 micromole,0.13767904000000003 microliter,C47H64NO3PPdS,CC1=C(N2CCCC2=O)C=CC(Br)=C1,1-(4-bromo-2-methylphenyl)pyrrolidin-2-one,0.20330160000000003 milligram,0.8 micromole,0.20330160000000008 microliter,C11H12BrNO,B1(OC(C(O1)(C)C)(C)C)C2=CCN(CC2)C(=O)OC(C)(C)C,"N-Boc-1,2,5,6-tetrahydropyridine-4-boronic acid pinacol ester",0.29684640000000007 milligram,0.9600000000000001 micromole,0.2968464000000001 microliter,C16H28BNO4,O=C([O-])[O-].[Na+].[Na+],Na2CO3,0.635928 milligram,6.0 micromole,0.6359280000000002 microliter,CNa2O3,CN1C=NC2=C1C(=O)N(C(=O)N2C)C,caffeine,0.1553528 milligram,0.8 micromole,0.15535280000000004 microliter,C8H10N4O2,C1COCCO1,dioxane,32.445 milligram,368.2496084262139 micromole,31.5 microliter,C4H8O2,O,water,3.5 milligram,194.2825423258396 micromole,3.5 microliter,H2O,Cc1cc(C2=CCN(C(=O)OC(C)(C)C)CC2)ccc1N1CCCC1=O,suzuki_product_0,0.0 milligram,0.0 micromole,0 microliter,C21H28N2O3,Cc1ccccc1N1CCCC1=O,dehalogenation_0,0.0 milligram,0.0 micromole,0 microliter,C11H13NO,CC(C)(C)OC(=O)N1CC=CCC1,deborylation_0,0.0 milligram,0.0 micromole,0 microliter,C10H17NO2,CC1=C(N2CCCC2=O)C=CC(Br)=C1.B1(OC(C(O1)(C)C)(C)C)C2=CCN(CC2)C(=O)OC(C)(C)C>>Cc1cc(C2=CCN(C(=O)OC(C)(C)C)CC2)ccc1N1CCCC1=O.Cc1ccccc1N1CCCC1=O.CC(C)(C)OC(=O)N1CC=CCC1,001_RLN-NB-2443_007_C22,,,,,,,,,3/29/23 19:29,kat78-2-c22-a1_03_22_2023_70.raw,2min_150_1200.EXP,001_RLN-NB-2443_007_C22,KAT78-2-C22-A1_KAT78-2-C22-A1_KAT78-2-C22-A1,0,0,0,0,0,0,0,0,0,0,0,0,0,0,0,deborylation_0,0,0,0,0,0,165.7581034,24.59545083,4.235288787,194.9,0.7334,12.46263994,1.481381745,0.255091055,357.3,1.3234,0,0,0,0,0,0,0,0,0,0,0,0,0,0,0,0,0,0,0,0,0,0,0,0,0,0,0,0,0,0,44.9449184,5.287438991,0.910486709,255.8,1.1884,12.46263994,1.481381745,0.255091055,357.3,1.3234,0,0,0,0,0,0,0,0,0,0,0,0,4.82E-05,6.02299082,0,0,4.82E-05,6.02299082,0,0,0,0,0,0,0,0,0,0,0,0,0,0,0.000171981,21.4976299
C23,CC(C)C1=CC(C(C)C)=CC(C(C)C)=C1C2=C([P+](C3CCCCC3)([Pd-2]4(OS(C)(=O)=O)C(C=CC=C5)=C5C6=C([NH+]4C)C=CC=C6)C7CCCCC7)C=CC=C2,XPhos Pd G4,0.13767904 milligram,0.16000000000000003 micromole,0.13767904000000003 microliter,C47H64NO3PPdS,CC1=C(N2CCCC2=O)C=CC(Br)=C1,1-(4-bromo-2-methylphenyl)pyrrolidin-2-one,0.20330160000000003 milligram,0.8 micromole,0.20330160000000008 microliter,C11H12BrNO,B1(OC(C(O1)(C)C)(C)C)C2=CC=C(C=C2)N,"4-(4,4,5,5-tetramethyl-1,3,2-dioxaborolan-2-yl)aniline",0.21032928 milligram,0.9600000000000001 micromole,0.21032928000000006 microliter,C12H18BNO2,O=C([O-])[O-].[Na+].[Na+],Na2CO3,0.635928 milligram,6.0 micromole,0.6359280000000002 microliter,CNa2O3,CN1C=NC2=C1C(=O)N(C(=O)N2C)C,caffeine,0.1553528 milligram,0.8 micromole,0.15535280000000004 microliter,C8H10N4O2,C1COCCO1,dioxane,32.445 milligram,368.2496084262139 micromole,31.5 microliter,C4H8O2,O,water,3.5 milligram,194.2825423258396 micromole,3.5 microliter,H2O,Cc1cc(-c2ccc(N)cc2)ccc1N1CCCC1=O,suzuki_product_0,0.0 milligram,0.0 micromole,0 microliter,C17H18N2O,Cc1ccccc1N1CCCC1=O,dehalogenation_0,0.0 milligram,0.0 micromole,0 microliter,C11H13NO,Nc1ccccc1,deborylation_0,0.0 milligram,0.0 micromole,0 microliter,C6H7N,CC1=C(N2CCCC2=O)C=CC(Br)=C1.B1(OC(C(O1)(C)C)(C)C)C2=CC=C(C=C2)N>>Cc1cc(-c2ccc(N)cc2)ccc1N1CCCC1=O.Cc1ccccc1N1CCCC1=O.Nc1ccccc1,001_RLN-NB-2443_007_C23,,,,,,,,,3/29/23 19:31,kat78-2-c23-a1_03_22_2023_71.raw,2min_150_1200.EXP,001_RLN-NB-2443_007_C23,KAT78-2-C23-A1_KAT78-2-C23-A1_KAT78-2-C23-A1,0,0,0,0,0,0,0,0,0,0,0,0,0,0,0,deborylation_0,0,0,0,0,0,186.0959372,31.1481306,4.569207449,194.9,0.7318,0,0,0,0,0,0,0,0,0,0,0,0,0,0,0,0,0,0,0,0,0,0,0,0,0,0,0,0,0,0,0,0,0,0,0,0,0,0,0,0,0,0,0,0,0,0,0,0,0,0,0,0,0,0,0,0,0,0,0,0,0,0,0,0,0,0,0,0,0,0,0,0,0,0,0,0,0,0,0
C24,CC(C)C1=CC(C(C)C)=CC(C(C)C)=C1C2=C([P+](C3CCCCC3)([Pd-2]4(OS(C)(=O)=O)C(C=CC=C5)=C5C6=C([NH+]4C)C=CC=C6)C7CCCCC7)C=CC=C2,XPhos Pd G4,0.13767904 milligram,0.16000000000000003 micromole,0.13767904000000003 microliter,C47H64NO3PPdS,CC1=C(N2CCCC2=O)C=CC(Br)=C1,1-(4-bromo-2-methylphenyl)pyrrolidin-2-one,0.20330160000000003 milligram,0.8 micromole,0.20330160000000008 microliter,C11H12BrNO,B1(OC(C(O1)(C)C)(C)C)C2=CC=C(C=C2)N,"4-(4,4,5,5-tetramethyl-1,3,2-dioxaborolan-2-yl)aniline",0.21032928 milligram,0.9600000000000001 micromole,0.21032928000000006 microliter,C12H18BNO2,O=C([O-])[O-].[Na+].[Na+],Na2CO3,0.635928 milligram,6.0 micromole,0.6359280000000002 microliter,CNa2O3,CN1C=NC2=C1C(=O)N(C(=O)N2C)C,caffeine,0.1553528 milligram,0.8 micromole,0.15535280000000004 microliter,C8H10N4O2,C1COCCO1,dioxane,32.445 milligram,368.2496084262139 micromole,31.5 microliter,C4H8O2,O,water,3.5 milligram,194.2825423258396 micromole,3.5 microliter,H2O,Cc1cc(-c2ccc(N)cc2)ccc1N1CCCC1=O,suzuki_product_0,0.0 milligram,0.0 micromole,0 microliter,C17H18N2O,Cc1ccccc1N1CCCC1=O,dehalogenation_0,0.0 milligram,0.0 micromole,0 microliter,C11H13NO,Nc1ccccc1,deborylation_0,0.0 milligram,0.0 micromole,0 microliter,C6H7N,CC1=C(N2CCCC2=O)C=CC(Br)=C1.B1(OC(C(O1)(C)C)(C)C)C2=CC=C(C=C2)N>>Cc1cc(-c2ccc(N)cc2)ccc1N1CCCC1=O.Cc1ccccc1N1CCCC1=O.Nc1ccccc1,001_RLN-NB-2443_007_C24,,,,,,,,,3/29/23 19:34,kat78-2-c24-a1_03_22_2023_72.raw,2min_150_1200.EXP,001_RLN-NB-2443_007_C24,KAT78-2-C24-A1_KAT78-2-C24-A1_KAT78-2-C24-A1,0,0,0,0,0,0,0,0,0,0,0,0,0,0,0,deborylation_0,0,0,0,0,0,225.5512849,31.94804707,5.562478577,194.9,0.7334,0,0,0,0,0,0,0,0,0,0,0,0,0,0,0,0,0,0,0,0,0,0,0,0,0,0,0,0,0,0,0,0,0,0,0,0,0,0,0,0,0,0,0,0,0,0,0,0,0,0,0,0,0,0,0,0,0,0,0,0,0,0,0,0,0,0,0,0,0,0,0,0,0,0,0,0,0,0,0
D1,CC(C)C1=CC(C(C)C)=CC(C(C)C)=C1C2=C([P+](C3CCCCC3)([Pd-2]4(OS(C)(=O)=O)C(C=CC=C5)=C5C6=C([NH+]4C)C=CC=C6)C7CCCCC7)C=CC=C2,XPhos Pd G4,0.13767904 milligram,0.16000000000000003 micromole,0.13767904000000003 microliter,C47H64NO3PPdS,BrC1=CC=CN2C=CN=C12,"8-bromoimidazo[1,2-a]pyridine",0.15762800000000002 milligram,0.8 micromole,0.15762800000000005 microliter,C7H5BrN2,B1(OC(C(O1)(C)C)(C)C)C2=CN=C(C=C2)C,"2-methyl-5-(4,4,5,5-tetramethyl-1,3,2-dioxaborolan-2-yl)pyridine",0.21032928 milligram,0.9600000000000001 micromole,0.21032928000000006 microliter,C12H18BNO2,O=C([O-])[O-].[Na+].[Na+],Na2CO3,0.635928 milligram,6.0 micromole,0.6359280000000002 microliter,CNa2O3,CN1C=NC2=C1C(=O)N(C(=O)N2C)C,caffeine,0.1553528 milligram,0.8 micromole,0.15535280000000004 microliter,C8H10N4O2,C1COCCO1,dioxane,32.445 milligram,368.2496084262139 micromole,31.5 microliter,C4H8O2,O,water,3.5 milligram,194.2825423258396 micromole,3.5 microliter,H2O,Cc1ccc(-c2cccn3ccnc23)cn1,suzuki_product_0,0.0 milligram,0.0 micromole,0 microliter,C13H11N3,c1ccn2ccnc2c1,dehalogenation_0,0.0 milligram,0.0 micromole,0 microliter,C7H6N2,Cc1ccccn1,deborylation_0,0.0 milligram,0.0 micromole,0 microliter,C6H7N,BrC1=CC=CN2C=CN=C12.B1(OC(C(O1)(C)C)(C)C)C2=CN=C(C=C2)C>>Cc1ccc(-c2cccn3ccnc23)cn1.c1ccn2ccnc2c1.Cc1ccccn1,001_RLN-NB-2443_007_D1,,,,,,,,,3/29/23 19:36,kat78-2-d1-a1_03_22_2023_73.raw,2min_150_1200.EXP,001_RLN-NB-2443_007_D1,KAT78-2-D1-A1_KAT78-2-D1-A1_KAT78-2-D1-A1,0,0,0,0,0,0,0,0,0,0,0,0,0,0,0,deborylation_0,0,0,0,0,0,174.1840039,26.24991608,4.423397819,194.9,0.7334,0,0,0,0,0,0,0,0,0,0,0,0,0,0,0,0,0,0,0,0,0,0,0,0,0,0,0,0,0,0,0,0,0,0,0,0,0,0,0,0,55.68635751,9.715186106,1.637115064,210,0.5868,0,0,0,0,0,0,0,0,0,0,0,0,0.000296083,37.0103511,0,0,0,0,0,0,0,0,0,0,0,0,0,0,0,0,0,0,0,0
D2,CC(C)C1=CC(C(C)C)=CC(C(C)C)=C1C2=C([P+](C3CCCCC3)([Pd-2]4(OS(C)(=O)=O)C(C=CC=C5)=C5C6=C([NH+]4C)C=CC=C6)C7CCCCC7)C=CC=C2,XPhos Pd G4,0.13767904 milligram,0.16000000000000003 micromole,0.13767904000000003 microliter,C47H64NO3PPdS,BrC1=CC=CN2C=CN=C12,"8-bromoimidazo[1,2-a]pyridine",0.15762800000000002 milligram,0.8 micromole,0.15762800000000005 microliter,C7H5BrN2,B1(OC(C(O1)(C)C)(C)C)C2=CN(N=C2C)C,"1,3-dimethyl-4-(4,4,5,5-tetramethyl-1,3,2-dioxaborolan-2-yl)-1H-pyrazole",0.21321311999999998 milligram,0.9600000000000001 micromole,0.21321312000000003 microliter,C11H19BN2O2,O=C([O-])[O-].[Na+].[Na+],Na2CO3,0.635928 milligram,6.0 micromole,0.6359280000000002 microliter,CNa2O3,CN1C=NC2=C1C(=O)N(C(=O)N2C)C,caffeine,0.1553528 milligram,0.8 micromole,0.15535280000000004 microliter,C8H10N4O2,C1COCCO1,dioxane,32.445 milligram,368.2496084262139 micromole,31.5 microliter,C4H8O2,O,water,3.5 milligram,194.2825423258396 micromole,3.5 microliter,H2O,Cc1nn(C)cc1-c1cccn2ccnc12,suzuki_product_0,0.0 milligram,0.0 micromole,0 microliter,C12H12N4,c1ccn2ccnc2c1,dehalogenation_0,0.0 milligram,0.0 micromole,0 microliter,C7H6N2,Cc1ccn(C)n1,deborylation_0,0.0 milligram,0.0 micromole,0 microliter,C5H8N2,BrC1=CC=CN2C=CN=C12.B1(OC(C(O1)(C)C)(C)C)C2=CN(N=C2C)C>>Cc1nn(C)cc1-c1cccn2ccnc12.c1ccn2ccnc2c1.Cc1ccn(C)n1,001_RLN-NB-2443_007_D2,,,,,,,,,3/29/23 19:39,kat78-2-d2-a1_03_22_2023_74.raw,2min_150_1200.EXP,001_RLN-NB-2443_007_D2,KAT78-2-D2-A1_KAT78-2-D2-A1_KAT78-2-D2-A1,0,0,0,0,0,0,0,0,0,0,0,0,0,0,0,deborylation_0,0,0,0,0,0,169.4614303,36.6633399,4.601308923,194.9,0.7334,0,0,0,0,0,0,0,0,0,0,0,0,0,0,0,0,0,0,0,0,0,0,0,0,0,0,0,0,0,0,0,0,0,0,0,0,0,0,0,0,25.81970853,4.294627736,0.538982782,213.1,0.6568,10.58743807,1.931111249,0.24235761,223,0.7001,0,0,0,0,0,0,0,9.37E-05,11.71368388,0,0,0,0,4.21E-05,5.26714493,0,0,0,0,0,0,0,0,0,0,0,0,0,0
D3,CC(C)C1=CC(C(C)C)=CC(C(C)C)=C1C2=C([P+](C3CCCCC3)([Pd-2]4(OS(C)(=O)=O)C(C=CC=C5)=C5C6=C([NH+]4C)C=CC=C6)C7CCCCC7)C=CC=C2,XPhos Pd G4,0.13767904 milligram,0.16000000000000003 micromole,0.13767904000000003 microliter,C47H64NO3PPdS,BrC1=CC=CN2C=CN=C12,"8-bromoimidazo[1,2-a]pyridine",0.15762800000000002 milligram,0.8 micromole,0.15762800000000005 microliter,C7H5BrN2,B1(OC(C(O1)(C)C)(C)C)C2=CCN(CC2)C(=O)OC(C)(C)C,"N-Boc-1,2,5,6-tetrahydropyridine-4-boronic acid pinacol ester",0.29684640000000007 milligram,0.9600000000000001 micromole,0.2968464000000001 microliter,C16H28BNO4,O=C([O-])[O-].[Na+].[Na+],Na2CO3,0.635928 milligram,6.0 micromole,0.6359280000000002 microliter,CNa2O3,CN1C=NC2=C1C(=O)N(C(=O)N2C)C,caffeine,0.1553528 milligram,0.8 micromole,0.15535280000000004 microliter,C8H10N4O2,C1COCCO1,dioxane,32.445 milligram,368.2496084262139 micromole,31.5 microliter,C4H8O2,O,water,3.5 milligram,194.2825423258396 micromole,3.5 microliter,H2O,CC(C)(C)OC(=O)N1CC=C(c2cccn3ccnc23)CC1,suzuki_product_0,0.0 milligram,0.0 micromole,0 microliter,C17H21N3O2,c1ccn2ccnc2c1,dehalogenation_0,0.0 milligram,0.0 micromole,0 microliter,C7H6N2,CC(C)(C)OC(=O)N1CC=CCC1,deborylation_0,0.0 milligram,0.0 micromole,0 microliter,C10H17NO2,BrC1=CC=CN2C=CN=C12.B1(OC(C(O1)(C)C)(C)C)C2=CCN(CC2)C(=O)OC(C)(C)C>>CC(C)(C)OC(=O)N1CC=C(c2cccn3ccnc23)CC1.c1ccn2ccnc2c1.CC(C)(C)OC(=O)N1CC=CCC1,001_RLN-NB-2443_007_D3,,,,,,,,,3/29/23 19:41,kat78-2-d3-a1_03_22_2023_75.raw,2min_150_1200.EXP,001_RLN-NB-2443_007_D3,KAT78-2-D3-A1_KAT78-2-D3-A1_KAT78-2-D3-A1,0,0,0,0,0,0,0,0,0,0,0,0,0,0,0,deborylation_0,0,0,0,0,0,165.7587398,20.88210722,4.196693847,194.9,0.7334,0,0,0,0,0,0,0,0,0,0,15.98205993,3.05306779,0.613577484,308.9,1.5351,0,0,0,0,0,0,0,0,0,0,0,0,0,0,0,0,0,0,0,0,0,0,0,0,0,212.327611,31.71263622,6.373313951,300,0.8701,0,0,0,0,0,0,0,0,0,0,0,0,0.001214921,151.8651153,0,0,0,0,0,0,0.000116964,14.62049667,0,0,0,0,0,0,0,0,0,0,0,0
D4,CC(C)C1=CC(C(C)C)=CC(C(C)C)=C1C2=C([P+](C3CCCCC3)([Pd-2]4(OS(C)(=O)=O)C(C=CC=C5)=C5C6=C([NH+]4C)C=CC=C6)C7CCCCC7)C=CC=C2,XPhos Pd G4,0.13767904 milligram,0.16000000000000003 micromole,0.13767904000000003 microliter,C47H64NO3PPdS,BrC1=CC=CN2C=CN=C12,"8-bromoimidazo[1,2-a]pyridine",0.15762800000000002 milligram,0.8 micromole,0.15762800000000005 microliter,C7H5BrN2,B1(OC(C(O1)(C)C)(C)C)C2=CCN(CC2)C(=O)OC(C)(C)C,"N-Boc-1,2,5,6-tetrahydropyridine-4-boronic acid pinacol ester",0.29684640000000007 milligram,0.9600000000000001 micromole,0.2968464000000001 microliter,C16H28BNO4,O=C([O-])[O-].[Na+].[Na+],Na2CO3,0.635928 milligram,6.0 micromole,0.6359280000000002 microliter,CNa2O3,CN1C=NC2=C1C(=O)N(C(=O)N2C)C,caffeine,0.1553528 milligram,0.8 micromole,0.15535280000000004 microliter,C8H10N4O2,C1COCCO1,dioxane,32.445 milligram,368.2496084262139 micromole,31.5 microliter,C4H8O2,O,water,3.5 milligram,194.2825423258396 micromole,3.5 microliter,H2O,CC(C)(C)OC(=O)N1CC=C(c2cccn3ccnc23)CC1,suzuki_product_0,0.0 milligram,0.0 micromole,0 microliter,C17H21N3O2,c1ccn2ccnc2c1,dehalogenation_0,0.0 milligram,0.0 micromole,0 microliter,C7H6N2,CC(C)(C)OC(=O)N1CC=CCC1,deborylation_0,0.0 milligram,0.0 micromole,0 microliter,C10H17NO2,BrC1=CC=CN2C=CN=C12.B1(OC(C(O1)(C)C)(C)C)C2=CCN(CC2)C(=O)OC(C)(C)C>>CC(C)(C)OC(=O)N1CC=C(c2cccn3ccnc23)CC1.c1ccn2ccnc2c1.CC(C)(C)OC(=O)N1CC=CCC1,001_RLN-NB-2443_007_D4,,,,,,,,,3/29/23 19:43,kat78-2-d4-a1_03_22_2023_76.raw,2min_150_1200.EXP,001_RLN-NB-2443_007_D4,KAT78-2-D4-A1_KAT78-2-D4-A1_KAT78-2-D4-A1,0,0,0,0,0,0,0,0,0,0,0,0,0,0,0,deborylation_0,0,0,0,0,0,165.1739848,21.57341243,4.208275363,194.9,0.7334,0,0,0,0,0,0,0,0,0,0,0,0,0,0,0,0,0,0,0,0,0,0,0,0,0,0,0,0,0,0,0,0,0,0,0,0,0,0,0,0,223.3378758,34.18740662,6.668857857,300.1,0.8651,0,0,0,0,0,0,0,0,0,0,0,0,0.001267761,158.4700924,0,0,0,0,0,0,0,0,0,0,0,0,0,0,0,0,0,0,0,0
D5,CC(C)C1=CC(C(C)C)=CC(C(C)C)=C1C2=C([P+](C3CCCCC3)([Pd-2]4(OS(C)(=O)=O)C(C=CC=C5)=C5C6=C([NH+]4C)C=CC=C6)C7CCCCC7)C=CC=C2,XPhos Pd G4,0.13767904 milligram,0.16000000000000003 micromole,0.13767904000000003 microliter,C47H64NO3PPdS,BrC1=CC=CN2C=CN=C12,"8-bromoimidazo[1,2-a]pyridine",0.15762800000000002 milligram,0.8 micromole,0.15762800000000005 microliter,C7H5BrN2,B1(OC(C(O1)(C)C)(C)C)C2=CC=C(C=C2)N,"4-(4,4,5,5-tetramethyl-1,3,2-dioxaborolan-2-yl)aniline",0.21032928 milligram,0.9600000000000001 micromole,0.21032928000000006 microliter,C12H18BNO2,O=C([O-])[O-].[Na+].[Na+],Na2CO3,0.635928 milligram,6.0 micromole,0.6359280000000002 microliter,CNa2O3,CN1C=NC2=C1C(=O)N(C(=O)N2C)C,caffeine,0.1553528 milligram,0.8 micromole,0.15535280000000004 microliter,C8H10N4O2,C1COCCO1,dioxane,32.445 milligram,368.2496084262139 micromole,31.5 microliter,C4H8O2,O,water,3.5 milligram,194.2825423258396 micromole,3.5 microliter,H2O,Nc1ccc(-c2cccn3ccnc23)cc1,suzuki_product_0,0.0 milligram,0.0 micromole,0 microliter,C13H11N3,c1ccn2ccnc2c1,dehalogenation_0,0.0 milligram,0.0 micromole,0 microliter,C7H6N2,Nc1ccccc1,deborylation_0,0.0 milligram,0.0 micromole,0 microliter,C6H7N,BrC1=CC=CN2C=CN=C12.B1(OC(C(O1)(C)C)(C)C)C2=CC=C(C=C2)N>>Nc1ccc(-c2cccn3ccnc23)cc1.c1ccn2ccnc2c1.Nc1ccccc1,001_RLN-NB-2443_007_D5,,,,,,,,,3/29/23 19:46,kat78-2-d5-a1_03_22_2023_77.raw,2min_150_1200.EXP,001_RLN-NB-2443_007_D5,KAT78-2-D5-A1_KAT78-2-D5-A1_KAT78-2-D5-A1,0,0,0,0,0,0,0,0,0,0,0,0,0,0,0,deborylation_0,0,0,0,0,0,161.7135002,27.6204235,4.070258259,195,0.7318,0,0,0,0,0,0,0,0,0,0,0,0,0,0,0,0,0,0,0,0,0,0,0,0,0,0,0,0,0,0,0,0,0,0,0,0,0,0,0,0,56.76600865,10.7217174,1.579996006,210,0.6334,0,0,0,0,0,0,0,0,0,0,0,0,0.000310545,38.81807751,0,0,0,0,0,0,0,0,0,0,0,0,0,0,0,0,0,0,0,0
D6,CC(C)C1=CC(C(C)C)=CC(C(C)C)=C1C2=C([P+](C3CCCCC3)([Pd-2]4(OS(C)(=O)=O)C(C=CC=C5)=C5C6=C([NH+]4C)C=CC=C6)C7CCCCC7)C=CC=C2,XPhos Pd G4,0.13767904 milligram,0.16000000000000003 micromole,0.13767904000000003 microliter,C47H64NO3PPdS,BrC1=CC=CN2C=CN=C12,"8-bromoimidazo[1,2-a]pyridine",0.15762800000000002 milligram,0.8 micromole,0.15762800000000005 microliter,C7H5BrN2,B1(OC(C(O1)(C)C)(C)C)C2=CC=C(C=C2)N,"4-(4,4,5,5-tetramethyl-1,3,2-dioxaborolan-2-yl)aniline",0.21032928 milligram,0.9600000000000001 micromole,0.21032928000000006 microliter,C12H18BNO2,O=C([O-])[O-].[Na+].[Na+],Na2CO3,0.635928 milligram,6.0 micromole,0.6359280000000002 microliter,CNa2O3,CN1C=NC2=C1C(=O)N(C(=O)N2C)C,caffeine,0.1553528 milligram,0.8 micromole,0.15535280000000004 microliter,C8H10N4O2,C1COCCO1,dioxane,32.445 milligram,368.2496084262139 micromole,31.5 microliter,C4H8O2,O,water,3.5 milligram,194.2825423258396 micromole,3.5 microliter,H2O,Nc1ccc(-c2cccn3ccnc23)cc1,suzuki_product_0,0.0 milligram,0.0 micromole,0 microliter,C13H11N3,c1ccn2ccnc2c1,dehalogenation_0,0.0 milligram,0.0 micromole,0 microliter,C7H6N2,Nc1ccccc1,deborylation_0,0.0 milligram,0.0 micromole,0 microliter,C6H7N,BrC1=CC=CN2C=CN=C12.B1(OC(C(O1)(C)C)(C)C)C2=CC=C(C=C2)N>>Nc1ccc(-c2cccn3ccnc23)cc1.c1ccn2ccnc2c1.Nc1ccccc1,001_RLN-NB-2443_007_D6,,,,,,,,,3/29/23 19:48,kat78-2-d6-a1_03_22_2023_78.raw,2min_150_1200.EXP,001_RLN-NB-2443_007_D6,KAT78-2-D6-A1_KAT78-2-D6-A1_KAT78-2-D6-A1,0,0,0,0,0,0,0,0,0,0,0,0,0,0,0,deborylation_0,0,0,0,0,0,159.2995559,26.0624343,3.95164119,194.9,0.7334,0,0,0,0,0,0,0,0,0,0,0,0,0,0,0,0,0,0,0,0,0,0,0,0,0,0,0,0,0,0,0,0,0,0,0,0,0,0,0,0,54.02816442,9.797077176,1.485453479,210,0.6368,0,0,0,0,0,0,0,0,0,0,0,0,0.000300726,37.59079855,0,0,0,0,0,0,0,0,0,0,0,0,0,0,0,0,0,0,0,0
D7,CC(C)C1=CC(C(C)C)=CC(C(C)C)=C1C2=C([P+](C3CCCCC3)([Pd-2]4(OS(C)(=O)=O)C(C=CC=C5)=C5C6=C([NH+]4C)C=CC=C6)C7CCCCC7)C=CC=C2,XPhos Pd G4,0.13767904 milligram,0.16000000000000003 micromole,0.13767904000000003 microliter,C47H64NO3PPdS,CC1=CC(C=O)=C(C)N1C2=CC(Cl)=CC(Cl)=C2,"1-(3,5-dichlorophenyl)-2,5-dimethyl-1H-pyrrole-3-carbaldehyde",0.2145144 milligram,0.8 micromole,0.21451440000000005 microliter,C13H11Cl2NO,B1(OC(C(O1)(C)C)(C)C)C2=CN=C(C=C2)C,"2-methyl-5-(4,4,5,5-tetramethyl-1,3,2-dioxaborolan-2-yl)pyridine",0.21032928 milligram,0.9600000000000001 micromole,0.21032928000000006 microliter,C12H18BNO2,O=C([O-])[O-].[Na+].[Na+],Na2CO3,0.635928 milligram,6.0 micromole,0.6359280000000002 microliter,CNa2O3,CN1C=NC2=C1C(=O)N(C(=O)N2C)C,caffeine,0.1553528 milligram,0.8 micromole,0.15535280000000004 microliter,C8H10N4O2,C1COCCO1,dioxane,32.445 milligram,368.2496084262139 micromole,31.5 microliter,C4H8O2,O,water,3.5 milligram,194.2825423258396 micromole,3.5 microliter,H2O,Cc1ccc(-c2cc(Cl)cc(-n3c(C)cc(C=O)c3C)c2)cn1,suzuki_product_0,0.0 milligram,0.0 micromole,0 microliter,C19H17ClN2O,Cc1ccc(-c2cc(-c3ccc(C)nc3)cc(-n3c(C)cc(C=O)c3C)c2)cn1,bis_addition_1,0.0 milligram,0.0 micromole,0 microliter,C25H23N3O,Cc1cc(C=O)c(C)n1-c1cccc(Cl)c1,dehalogenation_0,0.0 milligram,0.0 micromole,0 microliter,C13H12ClNO,CC1=CC(C=O)=C(C)N1C2=CC(Cl)=CC(Cl)=C2.B1(OC(C(O1)(C)C)(C)C)C2=CN=C(C=C2)C>>Cc1ccc(-c2cc(Cl)cc(-n3c(C)cc(C=O)c3C)c2)cn1.Cc1ccc(-c2cc(-c3ccc(C)nc3)cc(-n3c(C)cc(C=O)c3C)c2)cn1.Cc1cc(C=O)c(C)n1-c1cccc(Cl)c1.Cc1ccccn1,001_RLN-NB-2443_007_D7,,,Cc1ccccn1,deborylation_0,0.0 milligram,0.0 micromole,0 microliter,C6H7N,3/29/23 19:51,kat78-2-d7-a1_03_22_2023_79.raw,2min_150_1200.EXP,001_RLN-NB-2443_007_D7,KAT78-2-D7-A1_KAT78-2-D7-A1_KAT78-2-D7-A1,0,0,0,0,0,0,0,0,0,0,0,0,0,0,0,bis_addition_1,0,0,0,0,0,278.8689613,18.28140388,7.198977063,195,0.7334,0,0,0,0,0,0,0,0,0,0,0,0,0,0,0,0,0,0,0,0,75.19242037,5.373458979,2.115997665,382.1,0.8068,0,0,0,0,0,0,0,0,0,0,0,0,0,0,0,346.0784625,26.82390995,10.5629039,324.9,1.0384,0,0,0,0,0,178.8362962,10.46365293,4.12044928,267.8,1.3251,0,0,0.001173823,146.727845,0,0,0,0,0,0,0,0,0,0,0.000457893,57.23659409,0.000235144,29.39303247,0,0,0,0,0,0
D8,CC(C)C1=CC(C(C)C)=CC(C(C)C)=C1C2=C([P+](C3CCCCC3)([Pd-2]4(OS(C)(=O)=O)C(C=CC=C5)=C5C6=C([NH+]4C)C=CC=C6)C7CCCCC7)C=CC=C2,XPhos Pd G4,0.13767904 milligram,0.16000000000000003 micromole,0.13767904000000003 microliter,C47H64NO3PPdS,CC1=CC(C=O)=C(C)N1C2=CC(Cl)=CC(Cl)=C2,"1-(3,5-dichlorophenyl)-2,5-dimethyl-1H-pyrrole-3-carbaldehyde",0.2145144 milligram,0.8 micromole,0.21451440000000005 microliter,C13H11Cl2NO,B1(OC(C(O1)(C)C)(C)C)C2=CN(N=C2C)C,"1,3-dimethyl-4-(4,4,5,5-tetramethyl-1,3,2-dioxaborolan-2-yl)-1H-pyrazole",0.21321311999999998 milligram,0.9600000000000001 micromole,0.21321312000000003 microliter,C11H19BN2O2,O=C([O-])[O-].[Na+].[Na+],Na2CO3,0.635928 milligram,6.0 micromole,0.6359280000000002 microliter,CNa2O3,CN1C=NC2=C1C(=O)N(C(=O)N2C)C,caffeine,0.1553528 milligram,0.8 micromole,0.15535280000000004 microliter,C8H10N4O2,C1COCCO1,dioxane,32.445 milligram,368.2496084262139 micromole,31.5 microliter,C4H8O2,O,water,3.5 milligram,194.2825423258396 micromole,3.5 microliter,H2O,Cc1nn(C)cc1-c1cc(Cl)cc(-n2c(C)cc(C=O)c2C)c1,suzuki_product_0,0.0 milligram,0.0 micromole,0 microliter,C18H18ClN3O,Cc1nn(C)cc1-c1cc(-c2cn(C)nc2C)cc(-n2c(C)cc(C=O)c2C)c1,bis_addition_1,0.0 milligram,0.0 micromole,0 microliter,C23H25N5O,Cc1cc(C=O)c(C)n1-c1cccc(Cl)c1,dehalogenation_0,0.0 milligram,0.0 micromole,0 microliter,C13H12ClNO,CC1=CC(C=O)=C(C)N1C2=CC(Cl)=CC(Cl)=C2.B1(OC(C(O1)(C)C)(C)C)C2=CN(N=C2C)C>>Cc1nn(C)cc1-c1cc(Cl)cc(-n2c(C)cc(C=O)c2C)c1.Cc1nn(C)cc1-c1cc(-c2cn(C)nc2C)cc(-n2c(C)cc(C=O)c2C)c1.Cc1cc(C=O)c(C)n1-c1cccc(Cl)c1.Cc1ccn(C)n1,001_RLN-NB-2443_007_D8,,,Cc1ccn(C)n1,deborylation_0,0.0 milligram,0.0 micromole,0 microliter,C5H8N2,3/29/23 19:53,kat78-2-d8-a1_03_22_2023_80.raw,2min_150_1200.EXP,001_RLN-NB-2443_007_D8,KAT78-2-D8-A1_KAT78-2-D8-A1_KAT78-2-D8-A1,0,0,0,0,0,0,0,0,0,0,0,0,0,0,0,bis_addition_2,0,0,0,0,0,247.4878551,18.38122293,6.432182149,194.9,0.7334,0,0,0,0,0,0,0,0,0,0,0,0,0,0,0,0,0,0,0,0,0,0,0,0,0,36.08226566,2.485560348,0.869777651,388.1,1.0701,0,0,0,0,0,0,0,0,0,0,284.9891771,23.04294655,8.063469445,327.9,1.2118,0,0,0,0,0,146.3227964,10.16389965,3.55667597,267.8,1.3268,0,0,0.001002891,125.3613355,0,0,0,0,0,0,0,0,0,0,0.00044236,55.29501323,0,0,0,0,0,0,0,0
D9,CC(C)C1=CC(C(C)C)=CC(C(C)C)=C1C2=C([P+](C3CCCCC3)([Pd-2]4(OS(C)(=O)=O)C(C=CC=C5)=C5C6=C([NH+]4C)C=CC=C6)C7CCCCC7)C=CC=C2,XPhos Pd G4,0.13767904 milligram,0.16000000000000003 micromole,0.13767904000000003 microliter,C47H64NO3PPdS,CC1=CC(C=O)=C(C)N1C2=CC(Cl)=CC(Cl)=C2,"1-(3,5-dichlorophenyl)-2,5-dimethyl-1H-pyrrole-3-carbaldehyde",0.2145144 milligram,0.8 micromole,0.21451440000000005 microliter,C13H11Cl2NO,B1(OC(C(O1)(C)C)(C)C)C2=CCN(CC2)C(=O)OC(C)(C)C,"N-Boc-1,2,5,6-tetrahydropyridine-4-boronic acid pinacol ester",0.29684640000000007 milligram,0.9600000000000001 micromole,0.2968464000000001 microliter,C16H28BNO4,O=C([O-])[O-].[Na+].[Na+],Na2CO3,0.635928 milligram,6.0 micromole,0.6359280000000002 microliter,CNa2O3,CN1C=NC2=C1C(=O)N(C(=O)N2C)C,caffeine,0.1553528 milligram,0.8 micromole,0.15535280000000004 microliter,C8H10N4O2,C1COCCO1,dioxane,32.445 milligram,368.2496084262139 micromole,31.5 microliter,C4H8O2,O,water,3.5 milligram,194.2825423258396 micromole,3.5 microliter,H2O,Cc1cc(C=O)c(C)n1-c1cc(Cl)cc(C2=CCN(C(=O)OC(C)(C)C)CC2)c1,suzuki_product_0,0.0 milligram,0.0 micromole,0 microliter,C23H27ClN2O3,Cc1cc(C=O)c(C)n1-c1cc(C2=CCN(C(=O)OC(C)(C)C)CC2)cc(C2=CCN(C(=O)OC(C)(C)C)CC2)c1,bis_addition_2,0.0 milligram,0.0 micromole,0 microliter,C33H43N3O5,Cc1cc(C=O)c(C)n1-c1cccc(Cl)c1,dehalogenation_0,0.0 milligram,0.0 micromole,0 microliter,C13H12ClNO,CC1=CC(C=O)=C(C)N1C2=CC(Cl)=CC(Cl)=C2.B1(OC(C(O1)(C)C)(C)C)C2=CCN(CC2)C(=O)OC(C)(C)C>>Cc1cc(C=O)c(C)n1-c1cc(Cl)cc(C2=CCN(C(=O)OC(C)(C)C)CC2)c1.Cc1cc(C=O)c(C)n1-c1cc(C2=CCN(C(=O)OC(C)(C)C)CC2)cc(C2=CCN(C(=O)OC(C)(C)C)CC2)c1.Cc1cc(C=O)c(C)n1-c1cccc(Cl)c1.CC(C)(C)OC(=O)N1CC=CCC1,001_RLN-NB-2443_007_D9,,,CC(C)(C)OC(=O)N1CC=CCC1,deborylation_0,0.0 milligram,0.0 micromole,0 microliter,C10H17NO2,3/29/23 19:56,kat78-2-d9-a1_03_22_2023_81.raw,2min_150_1200.EXP,001_RLN-NB-2443_007_D9,KAT78-2-D9-A1_KAT78-2-D9-A1_KAT78-2-D9-A1,0,0,0,0,0,0,0,0,0,0,0,0,0,0,0,bis_addition_1,0,0,0,0,0,174.7587659,12.92185796,4.444331891,195,0.7351,90.71578782,6.172943435,2.123116464,267.8,1.3251,0,0,0,0,0,0,0,0,0,0,0,0,0,0,0,121.7937444,12.54283367,4.313970629,562.2,1.5518,0,0,0,0,0,0,0,0,0,0,0,0,0,0,0,315.9201427,33.92260391,11.66730906,415.1,1.4684,0,0,0,0,0,90.71578782,6.172943435,2.123116464,267.8,1.3251,0,0,0.002100169,262.521102,0,0,0.000382171,47.77133022,0,0,0,0,0,0,0.000382171,47.77133022,0,0,0,0,0,0,0,0
D10,CC(C)C1=CC(C(C)C)=CC(C(C)C)=C1C2=C([P+](C3CCCCC3)([Pd-2]4(OS(C)(=O)=O)C(C=CC=C5)=C5C6=C([NH+]4C)C=CC=C6)C7CCCCC7)C=CC=C2,XPhos Pd G4,0.13767904 milligram,0.16000000000000003 micromole,0.13767904000000003 microliter,C47H64NO3PPdS,CC1=CC(C=O)=C(C)N1C2=CC(Cl)=CC(Cl)=C2,"1-(3,5-dichlorophenyl)-2,5-dimethyl-1H-pyrrole-3-carbaldehyde",0.2145144 milligram,0.8 micromole,0.21451440000000005 microliter,C13H11Cl2NO,B1(OC(C(O1)(C)C)(C)C)C2=CCN(CC2)C(=O)OC(C)(C)C,"N-Boc-1,2,5,6-tetrahydropyridine-4-boronic acid pinacol ester",0.29684640000000007 milligram,0.9600000000000001 micromole,0.2968464000000001 microliter,C16H28BNO4,O=C([O-])[O-].[Na+].[Na+],Na2CO3,0.635928 milligram,6.0 micromole,0.6359280000000002 microliter,CNa2O3,CN1C=NC2=C1C(=O)N(C(=O)N2C)C,caffeine,0.1553528 milligram,0.8 micromole,0.15535280000000004 microliter,C8H10N4O2,C1COCCO1,dioxane,32.445 milligram,368.2496084262139 micromole,31.5 microliter,C4H8O2,O,water,3.5 milligram,194.2825423258396 micromole,3.5 microliter,H2O,Cc1cc(C=O)c(C)n1-c1cc(Cl)cc(C2=CCN(C(=O)OC(C)(C)C)CC2)c1,suzuki_product_0,0.0 milligram,0.0 micromole,0 microliter,C23H27ClN2O3,Cc1cc(C=O)c(C)n1-c1cc(C2=CCN(C(=O)OC(C)(C)C)CC2)cc(C2=CCN(C(=O)OC(C)(C)C)CC2)c1,bis_addition_2,0.0 milligram,0.0 micromole,0 microliter,C33H43N3O5,Cc1cc(C=O)c(C)n1-c1cccc(Cl)c1,dehalogenation_0,0.0 milligram,0.0 micromole,0 microliter,C13H12ClNO,CC1=CC(C=O)=C(C)N1C2=CC(Cl)=CC(Cl)=C2.B1(OC(C(O1)(C)C)(C)C)C2=CCN(CC2)C(=O)OC(C)(C)C>>Cc1cc(C=O)c(C)n1-c1cc(Cl)cc(C2=CCN(C(=O)OC(C)(C)C)CC2)c1.Cc1cc(C=O)c(C)n1-c1cc(C2=CCN(C(=O)OC(C)(C)C)CC2)cc(C2=CCN(C(=O)OC(C)(C)C)CC2)c1.Cc1cc(C=O)c(C)n1-c1cccc(Cl)c1.CC(C)(C)OC(=O)N1CC=CCC1,001_RLN-NB-2443_007_D10,,,CC(C)(C)OC(=O)N1CC=CCC1,deborylation_0,0.0 milligram,0.0 micromole,0 microliter,C10H17NO2,3/29/23 19:58,kat78-2-d10-a1_03_22_2023_82.raw,2min_150_1200.EXP,001_RLN-NB-2443_007_D10,KAT78-2-D10-A1_KAT78-2-D10-A1_KAT78-2-D10-A1,0,0,0,0,0,0,0,0,0,0,0,0,0,0,0,bis_addition_1,0,0,0,0,0,171.8162782,13.12598175,4.474628509,195,0.7334,0,0,0,0,0,0,0,0,0,0,0,0,0,0,0,0,0,0,0,0,119.9960248,12.26173549,4.180008188,562.2,1.5518,0,0,0,0,0,0,0,0,0,0,0,0,0,0,0,320.8089253,34.83455498,11.87505025,415,1.4684,0,0,0,0,0,109.8178156,7.126767624,2.429504947,267.8,1.3251,0,0,0.00212309,265.3862823,0,0,0,0,0,0,0,0,0,0,0.000434361,54.29512063,0,0,0,0,0,0,0,0
D11,CC(C)C1=CC(C(C)C)=CC(C(C)C)=C1C2=C([P+](C3CCCCC3)([Pd-2]4(OS(C)(=O)=O)C(C=CC=C5)=C5C6=C([NH+]4C)C=CC=C6)C7CCCCC7)C=CC=C2,XPhos Pd G4,0.13767904 milligram,0.16000000000000003 micromole,0.13767904000000003 microliter,C47H64NO3PPdS,CC1=CC(C=O)=C(C)N1C2=CC(Cl)=CC(Cl)=C2,"1-(3,5-dichlorophenyl)-2,5-dimethyl-1H-pyrrole-3-carbaldehyde",0.2145144 milligram,0.8 micromole,0.21451440000000005 microliter,C13H11Cl2NO,B1(OC(C(O1)(C)C)(C)C)C2=CC=C(C=C2)N,"4-(4,4,5,5-tetramethyl-1,3,2-dioxaborolan-2-yl)aniline",0.21032928 milligram,0.9600000000000001 micromole,0.21032928000000006 microliter,C12H18BNO2,O=C([O-])[O-].[Na+].[Na+],Na2CO3,0.635928 milligram,6.0 micromole,0.6359280000000002 microliter,CNa2O3,CN1C=NC2=C1C(=O)N(C(=O)N2C)C,caffeine,0.1553528 milligram,0.8 micromole,0.15535280000000004 microliter,C8H10N4O2,C1COCCO1,dioxane,32.445 milligram,368.2496084262139 micromole,31.5 microliter,C4H8O2,O,water,3.5 milligram,194.2825423258396 micromole,3.5 microliter,H2O,Cc1cc(C=O)c(C)n1-c1cc(Cl)cc(-c2ccc(N)cc2)c1,suzuki_product_0,0.0 milligram,0.0 micromole,0 microliter,C19H17ClN2O,Cc1cc(C=O)c(C)n1-c1cc(-c2ccc(N)cc2)cc(-c2ccc(N)cc2)c1,bis_addition_1,0.0 milligram,0.0 micromole,0 microliter,C25H23N3O,Cc1cc(C=O)c(C)n1-c1cccc(Cl)c1,dehalogenation_0,0.0 milligram,0.0 micromole,0 microliter,C13H12ClNO,CC1=CC(C=O)=C(C)N1C2=CC(Cl)=CC(Cl)=C2.B1(OC(C(O1)(C)C)(C)C)C2=CC=C(C=C2)N>>Cc1cc(C=O)c(C)n1-c1cc(Cl)cc(-c2ccc(N)cc2)c1.Cc1cc(C=O)c(C)n1-c1cc(-c2ccc(N)cc2)cc(-c2ccc(N)cc2)c1.Cc1cc(C=O)c(C)n1-c1cccc(Cl)c1.Nc1ccccc1,001_RLN-NB-2443_007_D11,,,Nc1ccccc1,deborylation_0,0.0 milligram,0.0 micromole,0 microliter,C6H7N,3/29/23 20:01,kat78-2-d11-a1_03_22_2023_83.raw,2min_150_1200.EXP,001_RLN-NB-2443_007_D11,KAT78-2-D11-A1_KAT78-2-D11-A1_KAT78-2-D11-A1,0,0,0,0,0,0,0,0,0,0,0,0,0,0,0,bis_addition_1,0,0,0,0,0,179.8684685,14.56045925,4.593584376,195.2,0.7334,0,0,0,0,0,0,0,0,0,0,0,0,0,0,0,0,0,0,0,0,42.61183811,2.51200728,0.792496802,416.1,1.0101,0,0,0,0,0,0,0,0,0,0,0,0,0,0,0,225.3394453,22.46920117,7.088661812,325,1.2301,0,0,0,0,0,66.00029262,5.708255303,1.800860256,267.9,1.3268,0,0,0.001234533,154.3165692,0,0,0,0,0,0,0,0,0,0,0.000313631,39.2038136,0.000138018,17.25225308,0,0,0,0,0,0
D12,CC(C)C1=CC(C(C)C)=CC(C(C)C)=C1C2=C([P+](C3CCCCC3)([Pd-2]4(OS(C)(=O)=O)C(C=CC=C5)=C5C6=C([NH+]4C)C=CC=C6)C7CCCCC7)C=CC=C2,XPhos Pd G4,0.13767904 milligram,0.16000000000000003 micromole,0.13767904000000003 microliter,C47H64NO3PPdS,CC1=CC(C=O)=C(C)N1C2=CC(Cl)=CC(Cl)=C2,"1-(3,5-dichlorophenyl)-2,5-dimethyl-1H-pyrrole-3-carbaldehyde",0.2145144 milligram,0.8 micromole,0.21451440000000005 microliter,C13H11Cl2NO,B1(OC(C(O1)(C)C)(C)C)C2=CC=C(C=C2)N,"4-(4,4,5,5-tetramethyl-1,3,2-dioxaborolan-2-yl)aniline",0.21032928 milligram,0.9600000000000001 micromole,0.21032928000000006 microliter,C12H18BNO2,O=C([O-])[O-].[Na+].[Na+],Na2CO3,0.635928 milligram,6.0 micromole,0.6359280000000002 microliter,CNa2O3,CN1C=NC2=C1C(=O)N(C(=O)N2C)C,caffeine,0.1553528 milligram,0.8 micromole,0.15535280000000004 microliter,C8H10N4O2,C1COCCO1,dioxane,32.445 milligram,368.2496084262139 micromole,31.5 microliter,C4H8O2,O,water,3.5 milligram,194.2825423258396 micromole,3.5 microliter,H2O,Cc1cc(C=O)c(C)n1-c1cc(Cl)cc(-c2ccc(N)cc2)c1,suzuki_product_0,0.0 milligram,0.0 micromole,0 microliter,C19H17ClN2O,Cc1cc(C=O)c(C)n1-c1cc(-c2ccc(N)cc2)cc(-c2ccc(N)cc2)c1,bis_addition_1,0.0 milligram,0.0 micromole,0 microliter,C25H23N3O,Cc1cc(C=O)c(C)n1-c1cccc(Cl)c1,dehalogenation_0,0.0 milligram,0.0 micromole,0 microliter,C13H12ClNO,CC1=CC(C=O)=C(C)N1C2=CC(Cl)=CC(Cl)=C2.B1(OC(C(O1)(C)C)(C)C)C2=CC=C(C=C2)N>>Cc1cc(C=O)c(C)n1-c1cc(Cl)cc(-c2ccc(N)cc2)c1.Cc1cc(C=O)c(C)n1-c1cc(-c2ccc(N)cc2)cc(-c2ccc(N)cc2)c1.Cc1cc(C=O)c(C)n1-c1cccc(Cl)c1.Nc1ccccc1,001_RLN-NB-2443_007_D12,,,Nc1ccccc1,deborylation_0,0.0 milligram,0.0 micromole,0 microliter,C6H7N,3/29/23 20:03,kat78-2-d12-a1_03_22_2023_84.raw,2min_150_1200.EXP,001_RLN-NB-2443_007_D12,KAT78-2-D12-A1_KAT78-2-D12-A1_KAT78-2-D12-A1,0,0,0,0,0,0,0,0,0,0,0,0,0,0,0,bis_addition_1,0,0,0,0,0,178.2828166,18.10613485,4.431080079,194.9,0.7334,0,0,0,0,0,162.1935202,19.72905857,4.828255126,325,1.2301,0,0,0,0,0,0,0,0,0,0,15.10006939,1.186160271,0.290286756,208.9,1.0084,0,0,0,0,0,0,0,0,0,0,0,0,0,0,0,162.1935202,19.72905857,4.828255126,325,1.2301,0,0,0,0,0,92.17567398,7.658716383,1.874303151,267.9,1.3251,0,0,0.000871707,108.9633913,0.000871707,108.9633913,0,0,0,0,0,0,0,0,0.000338392,42.29901327,5.24E-05,6.551151202,0,0,0,0,0,0
D13,CC(C)C1=CC(C(C)C)=CC(C(C)C)=C1C2=C([P+](C3CCCCC3)([Pd-2]4(OS(C)(=O)=O)C(C=CC=C5)=C5C6=C([NH+]4C)C=CC=C6)C7CCCCC7)C=CC=C2,XPhos Pd G4,0.13767904 milligram,0.16000000000000003 micromole,0.13767904000000003 microliter,C47H64NO3PPdS,COC1=C(N)C(Cl)=NC=N1,4-chloro-6-methoxypyrimidin-5-amine,0.12766080000000002 milligram,0.8 micromole,0.12766080000000005 microliter,C5H6ClN3O,B1(OC(C(O1)(C)C)(C)C)C2=CN=C(C=C2)C,"2-methyl-5-(4,4,5,5-tetramethyl-1,3,2-dioxaborolan-2-yl)pyridine",0.21032928 milligram,0.9600000000000001 micromole,0.21032928000000006 microliter,C12H18BNO2,O=C([O-])[O-].[Na+].[Na+],Na2CO3,0.635928 milligram,6.0 micromole,0.6359280000000002 microliter,CNa2O3,CN1C=NC2=C1C(=O)N(C(=O)N2C)C,caffeine,0.1553528 milligram,0.8 micromole,0.15535280000000004 microliter,C8H10N4O2,C1COCCO1,dioxane,32.445 milligram,368.2496084262139 micromole,31.5 microliter,C4H8O2,O,water,3.5 milligram,194.2825423258396 micromole,3.5 microliter,H2O,COc1ncnc(-c2ccc(C)nc2)c1N,suzuki_product_0,0.0 milligram,0.0 micromole,0 microliter,C11H12N4O,COc1ncncc1N,dehalogenation_0,0.0 milligram,0.0 micromole,0 microliter,C5H7N3O,Cc1ccccn1,deborylation_0,0.0 milligram,0.0 micromole,0 microliter,C6H7N,COC1=C(N)C(Cl)=NC=N1.B1(OC(C(O1)(C)C)(C)C)C2=CN=C(C=C2)C>>COc1ncnc(-c2ccc(C)nc2)c1N.COc1ncncc1N.Cc1ccccn1,001_RLN-NB-2443_007_D13,,,,,,,,,3/29/23 20:06,kat78-2-d13-a1_03_22_2023_85.raw,2min_150_1200.EXP,001_RLN-NB-2443_007_D13,KAT78-2-D13-A1_KAT78-2-D13-A1_KAT78-2-D13-A1,0,0,0,0,0,0,0,0,0,0,0,0,0,0,0,deborylation_0,0,0,0,0,0,169.1700936,28.62612435,4.424224092,195,0.7334,0,0,0,0,0,0,0,0,0,0,0,0,0,0,0,0,0,0,0,0,0,0,0,0,0,0,0,0,0,0,0,0,0,0,0,0,0,0,0,0,27.39052313,4.065918849,0.628395794,217,0.6501,0,0,0,0,0,0,0,0,0,0,0,0,0.000113628,14.20352542,0,0,0,0,0,0,0,0,0,0,0,0,0,0,0,0,0,0,0,0
D14,CC(C)C1=CC(C(C)C)=CC(C(C)C)=C1C2=C([P+](C3CCCCC3)([Pd-2]4(OS(C)(=O)=O)C(C=CC=C5)=C5C6=C([NH+]4C)C=CC=C6)C7CCCCC7)C=CC=C2,XPhos Pd G4,0.13767904 milligram,0.16000000000000003 micromole,0.13767904000000003 microliter,C47H64NO3PPdS,COC1=C(N)C(Cl)=NC=N1,4-chloro-6-methoxypyrimidin-5-amine,0.12766080000000002 milligram,0.8 micromole,0.12766080000000005 microliter,C5H6ClN3O,B1(OC(C(O1)(C)C)(C)C)C2=CN(N=C2C)C,"1,3-dimethyl-4-(4,4,5,5-tetramethyl-1,3,2-dioxaborolan-2-yl)-1H-pyrazole",0.21321311999999998 milligram,0.9600000000000001 micromole,0.21321312000000003 microliter,C11H19BN2O2,O=C([O-])[O-].[Na+].[Na+],Na2CO3,0.635928 milligram,6.0 micromole,0.6359280000000002 microliter,CNa2O3,CN1C=NC2=C1C(=O)N(C(=O)N2C)C,caffeine,0.1553528 milligram,0.8 micromole,0.15535280000000004 microliter,C8H10N4O2,C1COCCO1,dioxane,32.445 milligram,368.2496084262139 micromole,31.5 microliter,C4H8O2,O,water,3.5 milligram,194.2825423258396 micromole,3.5 microliter,H2O,COc1ncnc(-c2cn(C)nc2C)c1N,suzuki_product_0,0.0 milligram,0.0 micromole,0 microliter,C10H13N5O,COc1ncncc1N,dehalogenation_0,0.0 milligram,0.0 micromole,0 microliter,C5H7N3O,Cc1ccn(C)n1,deborylation_0,0.0 milligram,0.0 micromole,0 microliter,C5H8N2,COC1=C(N)C(Cl)=NC=N1.B1(OC(C(O1)(C)C)(C)C)C2=CN(N=C2C)C>>COc1ncnc(-c2cn(C)nc2C)c1N.COc1ncncc1N.Cc1ccn(C)n1,001_RLN-NB-2443_007_D14,,,,,,,,,3/29/23 20:08,kat78-2-d14-a1_03_22_2023_86.raw,2min_150_1200.EXP,001_RLN-NB-2443_007_D14,KAT78-2-D14-A1_KAT78-2-D14-A1_KAT78-2-D14-A1,0,0,0,0,0,0,0,0,0,0,0,0,0,0,0,deborylation_0,0,0,0,0,0,173.2563275,32.39432395,4.585127799,195,0.7334,0,0,0,0,0,0,0,0,0,0,0,0,0,0,0,0,0,0,0,0,0,0,0,0,0,0,0,0,0,0,0,0,0,0,0,0,0,0,0,0,44.6497089,6.355785418,0.899604772,440,1.3718,193.3200567,35.65992177,5.047344061,415,1.4318,0,0,0,0,0,0,0,0.00015696,19.62005883,0,0,0,0,0.000880646,110.0807716,0,0,0,0,0,0,0,0,0,0,0,0,0,0
D15,CC(C)C1=CC(C(C)C)=CC(C(C)C)=C1C2=C([P+](C3CCCCC3)([Pd-2]4(OS(C)(=O)=O)C(C=CC=C5)=C5C6=C([NH+]4C)C=CC=C6)C7CCCCC7)C=CC=C2,XPhos Pd G4,0.13767904 milligram,0.16000000000000003 micromole,0.13767904000000003 microliter,C47H64NO3PPdS,COC1=C(N)C(Cl)=NC=N1,4-chloro-6-methoxypyrimidin-5-amine,0.12766080000000002 milligram,0.8 micromole,0.12766080000000005 microliter,C5H6ClN3O,B1(OC(C(O1)(C)C)(C)C)C2=CCN(CC2)C(=O)OC(C)(C)C,"N-Boc-1,2,5,6-tetrahydropyridine-4-boronic acid pinacol ester",0.29684640000000007 milligram,0.9600000000000001 micromole,0.2968464000000001 microliter,C16H28BNO4,O=C([O-])[O-].[Na+].[Na+],Na2CO3,0.635928 milligram,6.0 micromole,0.6359280000000002 microliter,CNa2O3,CN1C=NC2=C1C(=O)N(C(=O)N2C)C,caffeine,0.1553528 milligram,0.8 micromole,0.15535280000000004 microliter,C8H10N4O2,C1COCCO1,dioxane,32.445 milligram,368.2496084262139 micromole,31.5 microliter,C4H8O2,O,water,3.5 milligram,194.2825423258396 micromole,3.5 microliter,H2O,COc1ncnc(C2=CCN(C(=O)OC(C)(C)C)CC2)c1N,suzuki_product_0,0.0 milligram,0.0 micromole,0 microliter,C15H22N4O3,COc1ncncc1N,dehalogenation_0,0.0 milligram,0.0 micromole,0 microliter,C5H7N3O,CC(C)(C)OC(=O)N1CC=CCC1,deborylation_0,0.0 milligram,0.0 micromole,0 microliter,C10H17NO2,COC1=C(N)C(Cl)=NC=N1.B1(OC(C(O1)(C)C)(C)C)C2=CCN(CC2)C(=O)OC(C)(C)C>>COc1ncnc(C2=CCN(C(=O)OC(C)(C)C)CC2)c1N.COc1ncncc1N.CC(C)(C)OC(=O)N1CC=CCC1,001_RLN-NB-2443_007_D15,,,,,,,,,3/29/23 20:10,kat78-2-d15-a1_03_22_2023_87.raw,2min_150_1200.EXP,001_RLN-NB-2443_007_D15,KAT78-2-D15-A1_KAT78-2-D15-A1_KAT78-2-D15-A1,0,0,0,0,0,0,0,0,0,0,0,0,0,0,0,deborylation_0,0,0,0,0,0,184.7277874,29.12010091,4.670753444,195,0.7334,0,0,0,0,0,0,0,0,0,0,0,0,0,0,0,0,0,0,0,0,0,0,0,0,0,0,0,0,0,0,0,0,0,0,0,0,0,0,0,0,0,0,0,0,0,0,0,0,0,0,0,0,0,0,0,0,0,0,0,0,0,0,0,0,0,0,0,0,0,0,0,0,0,0,0,0,0,0,0
D16,CC(C)C1=CC(C(C)C)=CC(C(C)C)=C1C2=C([P+](C3CCCCC3)([Pd-2]4(OS(C)(=O)=O)C(C=CC=C5)=C5C6=C([NH+]4C)C=CC=C6)C7CCCCC7)C=CC=C2,XPhos Pd G4,0.13767904 milligram,0.16000000000000003 micromole,0.13767904000000003 microliter,C47H64NO3PPdS,COC1=C(N)C(Cl)=NC=N1,4-chloro-6-methoxypyrimidin-5-amine,0.12766080000000002 milligram,0.8 micromole,0.12766080000000005 microliter,C5H6ClN3O,B1(OC(C(O1)(C)C)(C)C)C2=CCN(CC2)C(=O)OC(C)(C)C,"N-Boc-1,2,5,6-tetrahydropyridine-4-boronic acid pinacol ester",0.29684640000000007 milligram,0.9600000000000001 micromole,0.2968464000000001 microliter,C16H28BNO4,O=C([O-])[O-].[Na+].[Na+],Na2CO3,0.635928 milligram,6.0 micromole,0.6359280000000002 microliter,CNa2O3,CN1C=NC2=C1C(=O)N(C(=O)N2C)C,caffeine,0.1553528 milligram,0.8 micromole,0.15535280000000004 microliter,C8H10N4O2,C1COCCO1,dioxane,32.445 milligram,368.2496084262139 micromole,31.5 microliter,C4H8O2,O,water,3.5 milligram,194.2825423258396 micromole,3.5 microliter,H2O,COc1ncnc(C2=CCN(C(=O)OC(C)(C)C)CC2)c1N,suzuki_product_0,0.0 milligram,0.0 micromole,0 microliter,C15H22N4O3,COc1ncncc1N,dehalogenation_0,0.0 milligram,0.0 micromole,0 microliter,C5H7N3O,CC(C)(C)OC(=O)N1CC=CCC1,deborylation_0,0.0 milligram,0.0 micromole,0 microliter,C10H17NO2,COC1=C(N)C(Cl)=NC=N1.B1(OC(C(O1)(C)C)(C)C)C2=CCN(CC2)C(=O)OC(C)(C)C>>COc1ncnc(C2=CCN(C(=O)OC(C)(C)C)CC2)c1N.COc1ncncc1N.CC(C)(C)OC(=O)N1CC=CCC1,001_RLN-NB-2443_007_D16,,,,,,,,,3/29/23 20:13,kat78-2-d16-a1_03_22_2023_88.raw,2min_150_1200.EXP,001_RLN-NB-2443_007_D16,KAT78-2-D16-A1_KAT78-2-D16-A1_KAT78-2-D16-A1,0,0,0,0,0,0,0,0,0,0,0,0,0,0,0,deborylation_0,0,0,0,0,0,169.9880139,19.49663904,4.354604573,194.9,0.7318,0,0,0,0,0,0,0,0,0,0,25.55677778,3.340123941,0.746021863,309.1,1.5551,0,0,0,0,0,0,0,0,0,0,0,0,0,0,0,0,0,0,0,0,0,0,0,0,0,213.6278984,26.15299741,5.84131254,307,0.9968,0,0,0,0,0,0,0,0,0,0,0,0,0.001073128,134.1410556,0,0,0,0,0,0,0.000137054,17.13179351,0,0,0,0,0,0,0,0,0,0,0,0
D17,CC(C)C1=CC(C(C)C)=CC(C(C)C)=C1C2=C([P+](C3CCCCC3)([Pd-2]4(OS(C)(=O)=O)C(C=CC=C5)=C5C6=C([NH+]4C)C=CC=C6)C7CCCCC7)C=CC=C2,XPhos Pd G4,0.13767904 milligram,0.16000000000000003 micromole,0.13767904000000003 microliter,C47H64NO3PPdS,COC1=C(N)C(Cl)=NC=N1,4-chloro-6-methoxypyrimidin-5-amine,0.12766080000000002 milligram,0.8 micromole,0.12766080000000005 microliter,C5H6ClN3O,B1(OC(C(O1)(C)C)(C)C)C2=CC=C(C=C2)N,"4-(4,4,5,5-tetramethyl-1,3,2-dioxaborolan-2-yl)aniline",0.21032928 milligram,0.9600000000000001 micromole,0.21032928000000006 microliter,C12H18BNO2,O=C([O-])[O-].[Na+].[Na+],Na2CO3,0.635928 milligram,6.0 micromole,0.6359280000000002 microliter,CNa2O3,CN1C=NC2=C1C(=O)N(C(=O)N2C)C,caffeine,0.1553528 milligram,0.8 micromole,0.15535280000000004 microliter,C8H10N4O2,C1COCCO1,dioxane,32.445 milligram,368.2496084262139 micromole,31.5 microliter,C4H8O2,O,water,3.5 milligram,194.2825423258396 micromole,3.5 microliter,H2O,COc1ncnc(-c2ccc(N)cc2)c1N,suzuki_product_0,0.0 milligram,0.0 micromole,0 microliter,C11H12N4O,COc1ncncc1N,dehalogenation_0,0.0 milligram,0.0 micromole,0 microliter,C5H7N3O,Nc1ccccc1,deborylation_0,0.0 milligram,0.0 micromole,0 microliter,C6H7N,COC1=C(N)C(Cl)=NC=N1.B1(OC(C(O1)(C)C)(C)C)C2=CC=C(C=C2)N>>COc1ncnc(-c2ccc(N)cc2)c1N.COc1ncncc1N.Nc1ccccc1,001_RLN-NB-2443_007_D17,,,,,,,,,3/29/23 20:15,kat78-2-d17-a1_03_22_2023_89.raw,2min_150_1200.EXP,001_RLN-NB-2443_007_D17,KAT78-2-D17-A1_KAT78-2-D17-A1_KAT78-2-D17-A1,0,0,0,0,0,0,0,0,0,0,0,0,0,0,0,deborylation_0,0,0,0,0,0,161.8554262,23.91471349,4.237920231,195,0.7334,0,0,0,0,0,0,0,0,0,0,0,0,0,0,0,0,0,0,0,0,0,0,0,0,0,0,0,0,0,0,0,0,0,0,0,0,0,0,0,0,64.81708118,10.32743901,1.830122812,217,0.6551,0,0,0,0,0,0,0,0,0,0,0,0,0.000345476,43.18445635,0,0,0,0,0,0,0,0,0,0,0,0,0,0,0,0,0,0,0,0
D18,CC(C)C1=CC(C(C)C)=CC(C(C)C)=C1C2=C([P+](C3CCCCC3)([Pd-2]4(OS(C)(=O)=O)C(C=CC=C5)=C5C6=C([NH+]4C)C=CC=C6)C7CCCCC7)C=CC=C2,XPhos Pd G4,0.13767904 milligram,0.16000000000000003 micromole,0.13767904000000003 microliter,C47H64NO3PPdS,COC1=C(N)C(Cl)=NC=N1,4-chloro-6-methoxypyrimidin-5-amine,0.12766080000000002 milligram,0.8 micromole,0.12766080000000005 microliter,C5H6ClN3O,B1(OC(C(O1)(C)C)(C)C)C2=CC=C(C=C2)N,"4-(4,4,5,5-tetramethyl-1,3,2-dioxaborolan-2-yl)aniline",0.21032928 milligram,0.9600000000000001 micromole,0.21032928000000006 microliter,C12H18BNO2,O=C([O-])[O-].[Na+].[Na+],Na2CO3,0.635928 milligram,6.0 micromole,0.6359280000000002 microliter,CNa2O3,CN1C=NC2=C1C(=O)N(C(=O)N2C)C,caffeine,0.1553528 milligram,0.8 micromole,0.15535280000000004 microliter,C8H10N4O2,C1COCCO1,dioxane,32.445 milligram,368.2496084262139 micromole,31.5 microliter,C4H8O2,O,water,3.5 milligram,194.2825423258396 micromole,3.5 microliter,H2O,COc1ncnc(-c2ccc(N)cc2)c1N,suzuki_product_0,0.0 milligram,0.0 micromole,0 microliter,C11H12N4O,COc1ncncc1N,dehalogenation_0,0.0 milligram,0.0 micromole,0 microliter,C5H7N3O,Nc1ccccc1,deborylation_0,0.0 milligram,0.0 micromole,0 microliter,C6H7N,COC1=C(N)C(Cl)=NC=N1.B1(OC(C(O1)(C)C)(C)C)C2=CC=C(C=C2)N>>COc1ncnc(-c2ccc(N)cc2)c1N.COc1ncncc1N.Nc1ccccc1,001_RLN-NB-2443_007_D18,,,,,,,,,3/29/23 20:18,kat78-2-d18-a1_03_22_2023_90.raw,2min_150_1200.EXP,001_RLN-NB-2443_007_D18,KAT78-2-D18-A1_KAT78-2-D18-A1_KAT78-2-D18-A1,0,0,0,0,0,0,0,0,0,0,0,0,0,0,0,deborylation_0,0,0,0,0,0,164.8777067,27.57089931,4.243896217,195,0.7334,0,0,0,0,0,0,0,0,0,0,0,0,0,0,0,0,0,0,0,0,0,0,0,0,0,0,0,0,0,0,0,0,0,0,0,0,0,0,0,0,63.12159649,10.91777201,1.680536091,217,0.6551,0,0,0,0,0,0,0,0,0,0,0,0,0.000316791,39.59889697,0,0,0,0,0,0,0,0,0,0,0,0,0,0,0,0,0,0,0,0
D19,CC(C)C1=CC(C(C)C)=CC(C(C)C)=C1C2=C([P+](C3CCCCC3)([Pd-2]4(OS(C)(=O)=O)C(C=CC=C5)=C5C6=C([NH+]4C)C=CC=C6)C7CCCCC7)C=CC=C2,XPhos Pd G4,0.13767904 milligram,0.16000000000000003 micromole,0.13767904000000003 microliter,C47H64NO3PPdS,CC1=C(N2CCCC2=O)C=CC(Br)=C1,1-(4-bromo-2-methylphenyl)pyrrolidin-2-one,0.20330160000000003 milligram,0.8 micromole,0.20330160000000008 microliter,C11H12BrNO,B1(OC(C(O1)(C)C)(C)C)C2=CN=C(C=C2)C,"2-methyl-5-(4,4,5,5-tetramethyl-1,3,2-dioxaborolan-2-yl)pyridine",0.21032928 milligram,0.9600000000000001 micromole,0.21032928000000006 microliter,C12H18BNO2,O=C([O-])[O-].[Na+].[Na+],Na2CO3,0.635928 milligram,6.0 micromole,0.6359280000000002 microliter,CNa2O3,CN1C=NC2=C1C(=O)N(C(=O)N2C)C,caffeine,0.1553528 milligram,0.8 micromole,0.15535280000000004 microliter,C8H10N4O2,C1COCCO1,dioxane,32.445 milligram,368.2496084262139 micromole,31.5 microliter,C4H8O2,O,water,3.5 milligram,194.2825423258396 micromole,3.5 microliter,H2O,Cc1ccc(-c2ccc(N3CCCC3=O)c(C)c2)cn1,suzuki_product_0,0.0 milligram,0.0 micromole,0 microliter,C17H18N2O,Cc1ccccc1N1CCCC1=O,dehalogenation_0,0.0 milligram,0.0 micromole,0 microliter,C11H13NO,Cc1ccccn1,deborylation_0,0.0 milligram,0.0 micromole,0 microliter,C6H7N,CC1=C(N2CCCC2=O)C=CC(Br)=C1.B1(OC(C(O1)(C)C)(C)C)C2=CN=C(C=C2)C>>Cc1ccc(-c2ccc(N3CCCC3=O)c(C)c2)cn1.Cc1ccccc1N1CCCC1=O.Cc1ccccn1,001_RLN-NB-2443_007_D19,,,,,,,,,3/29/23 20:20,kat78-2-d19-a1_03_22_2023_91.raw,2min_150_1200.EXP,001_RLN-NB-2443_007_D19,KAT78-2-D19-A1_KAT78-2-D19-A1_KAT78-2-D19-A1,0,0,0,0,0,0,0,0,0,0,0,0,0,0,0,deborylation_0,0,0,0,0,0,172.9588726,28.99943687,4.55864335,195,0.7334,0,0,0,0,0,0,0,0,0,0,0,0,0,0,0,0,0,0,0,0,0,0,0,0,0,0,0,0,0,0,0,0,0,0,0,0,0,0,0,0,0,0,0,0,0,0,0,0,0,0,0,0,0,0,0,0,0,0,0,0,0,0,0,0,0,0,0,0,0,0,0,0,0,0,0,0,0,0,0
D20,CC(C)C1=CC(C(C)C)=CC(C(C)C)=C1C2=C([P+](C3CCCCC3)([Pd-2]4(OS(C)(=O)=O)C(C=CC=C5)=C5C6=C([NH+]4C)C=CC=C6)C7CCCCC7)C=CC=C2,XPhos Pd G4,0.13767904 milligram,0.16000000000000003 micromole,0.13767904000000003 microliter,C47H64NO3PPdS,CC1=C(N2CCCC2=O)C=CC(Br)=C1,1-(4-bromo-2-methylphenyl)pyrrolidin-2-one,0.20330160000000003 milligram,0.8 micromole,0.20330160000000008 microliter,C11H12BrNO,B1(OC(C(O1)(C)C)(C)C)C2=CN(N=C2C)C,"1,3-dimethyl-4-(4,4,5,5-tetramethyl-1,3,2-dioxaborolan-2-yl)-1H-pyrazole",0.21321311999999998 milligram,0.9600000000000001 micromole,0.21321312000000003 microliter,C11H19BN2O2,O=C([O-])[O-].[Na+].[Na+],Na2CO3,0.635928 milligram,6.0 micromole,0.6359280000000002 microliter,CNa2O3,CN1C=NC2=C1C(=O)N(C(=O)N2C)C,caffeine,0.1553528 milligram,0.8 micromole,0.15535280000000004 microliter,C8H10N4O2,C1COCCO1,dioxane,32.445 milligram,368.2496084262139 micromole,31.5 microliter,C4H8O2,O,water,3.5 milligram,194.2825423258396 micromole,3.5 microliter,H2O,Cc1cc(-c2cn(C)nc2C)ccc1N1CCCC1=O,suzuki_product_0,0.0 milligram,0.0 micromole,0 microliter,C16H19N3O,Cc1ccccc1N1CCCC1=O,dehalogenation_0,0.0 milligram,0.0 micromole,0 microliter,C11H13NO,Cc1ccn(C)n1,deborylation_0,0.0 milligram,0.0 micromole,0 microliter,C5H8N2,CC1=C(N2CCCC2=O)C=CC(Br)=C1.B1(OC(C(O1)(C)C)(C)C)C2=CN(N=C2C)C>>Cc1cc(-c2cn(C)nc2C)ccc1N1CCCC1=O.Cc1ccccc1N1CCCC1=O.Cc1ccn(C)n1,001_RLN-NB-2443_007_D20,,,,,,,,,3/29/23 20:23,kat78-2-d20-a1_03_22_2023_92.raw,2min_150_1200.EXP,001_RLN-NB-2443_007_D20,KAT78-2-D20-A1_KAT78-2-D20-A1_KAT78-2-D20-A1,0,0,0,0,0,0,0,0,0,0,0,0,0,0,0,deborylation_0,0,0,0,0,0,175.4264599,32.08414537,4.538895156,195,0.7334,0,0,0,0,0,0,0,0,0,0,0,0,0,0,0,0,0,0,0,0,0,0,0,0,0,0,0,0,0,0,0,0,0,0,0,0,0,0,0,0,0,0,0,0,0,0,0,0,0,0,0,0,0,0,0,0,0,0,0,0,0,0,0,0,0,0,0,0,0,0,0,0,0,0,0,0,0,0,0
D21,CC(C)C1=CC(C(C)C)=CC(C(C)C)=C1C2=C([P+](C3CCCCC3)([Pd-2]4(OS(C)(=O)=O)C(C=CC=C5)=C5C6=C([NH+]4C)C=CC=C6)C7CCCCC7)C=CC=C2,XPhos Pd G4,0.13767904 milligram,0.16000000000000003 micromole,0.13767904000000003 microliter,C47H64NO3PPdS,CC1=C(N2CCCC2=O)C=CC(Br)=C1,1-(4-bromo-2-methylphenyl)pyrrolidin-2-one,0.20330160000000003 milligram,0.8 micromole,0.20330160000000008 microliter,C11H12BrNO,B1(OC(C(O1)(C)C)(C)C)C2=CCN(CC2)C(=O)OC(C)(C)C,"N-Boc-1,2,5,6-tetrahydropyridine-4-boronic acid pinacol ester",0.29684640000000007 milligram,0.9600000000000001 micromole,0.2968464000000001 microliter,C16H28BNO4,O=C([O-])[O-].[Na+].[Na+],Na2CO3,0.635928 milligram,6.0 micromole,0.6359280000000002 microliter,CNa2O3,CN1C=NC2=C1C(=O)N(C(=O)N2C)C,caffeine,0.1553528 milligram,0.8 micromole,0.15535280000000004 microliter,C8H10N4O2,C1COCCO1,dioxane,32.445 milligram,368.2496084262139 micromole,31.5 microliter,C4H8O2,O,water,3.5 milligram,194.2825423258396 micromole,3.5 microliter,H2O,Cc1cc(C2=CCN(C(=O)OC(C)(C)C)CC2)ccc1N1CCCC1=O,suzuki_product_0,0.0 milligram,0.0 micromole,0 microliter,C21H28N2O3,Cc1ccccc1N1CCCC1=O,dehalogenation_0,0.0 milligram,0.0 micromole,0 microliter,C11H13NO,CC(C)(C)OC(=O)N1CC=CCC1,deborylation_0,0.0 milligram,0.0 micromole,0 microliter,C10H17NO2,CC1=C(N2CCCC2=O)C=CC(Br)=C1.B1(OC(C(O1)(C)C)(C)C)C2=CCN(CC2)C(=O)OC(C)(C)C>>Cc1cc(C2=CCN(C(=O)OC(C)(C)C)CC2)ccc1N1CCCC1=O.Cc1ccccc1N1CCCC1=O.CC(C)(C)OC(=O)N1CC=CCC1,001_RLN-NB-2443_007_D21,,,,,,,,,3/29/23 20:25,kat78-2-d21-a1_03_22_2023_93.raw,2min_150_1200.EXP,001_RLN-NB-2443_007_D21,KAT78-2-D21-A1_KAT78-2-D21-A1_KAT78-2-D21-A1,0,0,0,0,0,0,0,0,0,0,0,0,0,0,0,deborylation_0,0,0,0,0,0,194.5604557,21.93747345,4.931543438,195,0.7318,29.67577488,3.685719912,0.828549736,396.2,1.3218,0,0,0,0,0,53.59672044,5.999340684,1.348651623,309,1.5334,0,0,0,0,0,0,0,0,0,0,0,0,0,0,0,0,0,0,0,0,0,0,0,0,0,29.67577488,3.685719912,0.828549736,396.2,1.3218,0,0,0,0,0,0,0,0,0,0,0,0,0.000134408,16.80102278,0,0,0.000134408,16.80102278,0,0,0.00021878,27.34745501,0,0,0,0,0,0,0,0,0,0,0,0
D22,CC(C)C1=CC(C(C)C)=CC(C(C)C)=C1C2=C([P+](C3CCCCC3)([Pd-2]4(OS(C)(=O)=O)C(C=CC=C5)=C5C6=C([NH+]4C)C=CC=C6)C7CCCCC7)C=CC=C2,XPhos Pd G4,0.13767904 milligram,0.16000000000000003 micromole,0.13767904000000003 microliter,C47H64NO3PPdS,CC1=C(N2CCCC2=O)C=CC(Br)=C1,1-(4-bromo-2-methylphenyl)pyrrolidin-2-one,0.20330160000000003 milligram,0.8 micromole,0.20330160000000008 microliter,C11H12BrNO,B1(OC(C(O1)(C)C)(C)C)C2=CCN(CC2)C(=O)OC(C)(C)C,"N-Boc-1,2,5,6-tetrahydropyridine-4-boronic acid pinacol ester",0.29684640000000007 milligram,0.9600000000000001 micromole,0.2968464000000001 microliter,C16H28BNO4,O=C([O-])[O-].[Na+].[Na+],Na2CO3,0.635928 milligram,6.0 micromole,0.6359280000000002 microliter,CNa2O3,CN1C=NC2=C1C(=O)N(C(=O)N2C)C,caffeine,0.1553528 milligram,0.8 micromole,0.15535280000000004 microliter,C8H10N4O2,C1COCCO1,dioxane,32.445 milligram,368.2496084262139 micromole,31.5 microliter,C4H8O2,O,water,3.5 milligram,194.2825423258396 micromole,3.5 microliter,H2O,Cc1cc(C2=CCN(C(=O)OC(C)(C)C)CC2)ccc1N1CCCC1=O,suzuki_product_0,0.0 milligram,0.0 micromole,0 microliter,C21H28N2O3,Cc1ccccc1N1CCCC1=O,dehalogenation_0,0.0 milligram,0.0 micromole,0 microliter,C11H13NO,CC(C)(C)OC(=O)N1CC=CCC1,deborylation_0,0.0 milligram,0.0 micromole,0 microliter,C10H17NO2,CC1=C(N2CCCC2=O)C=CC(Br)=C1.B1(OC(C(O1)(C)C)(C)C)C2=CCN(CC2)C(=O)OC(C)(C)C>>Cc1cc(C2=CCN(C(=O)OC(C)(C)C)CC2)ccc1N1CCCC1=O.Cc1ccccc1N1CCCC1=O.CC(C)(C)OC(=O)N1CC=CCC1,001_RLN-NB-2443_007_D22,,,,,,,,,3/29/23 20:28,kat78-2-d22-a1_03_22_2023_94.raw,2min_150_1200.EXP,001_RLN-NB-2443_007_D22,KAT78-2-D22-A1_KAT78-2-D22-A1_KAT78-2-D22-A1,0,0,0,0,0,0,0,0,0,0,0,0,0,0,0,deborylation_0,0,0,0,0,0,177.552021,29.77546234,4.472457991,195,0.7334,0,0,0,0,0,9.561610107,1.290689867,0.193869574,195,1.0601,0,0,0,0,0,0,0,0,0,0,0,0,0,0,0,0,0,0,0,0,0,0,0,0,0,0,0,0,0,0,0,0,0,0,0,0,0,0,0,0,0,0,0,0,0,0,0,0,0,3.47E-05,4.33474333,0,0,0,0,0,0,0,0,0,0,0,0,0,0,0,0,0,0
D23,CC(C)C1=CC(C(C)C)=CC(C(C)C)=C1C2=C([P+](C3CCCCC3)([Pd-2]4(OS(C)(=O)=O)C(C=CC=C5)=C5C6=C([NH+]4C)C=CC=C6)C7CCCCC7)C=CC=C2,XPhos Pd G4,0.13767904 milligram,0.16000000000000003 micromole,0.13767904000000003 microliter,C47H64NO3PPdS,CC1=C(N2CCCC2=O)C=CC(Br)=C1,1-(4-bromo-2-methylphenyl)pyrrolidin-2-one,0.20330160000000003 milligram,0.8 micromole,0.20330160000000008 microliter,C11H12BrNO,B1(OC(C(O1)(C)C)(C)C)C2=CC=C(C=C2)N,"4-(4,4,5,5-tetramethyl-1,3,2-dioxaborolan-2-yl)aniline",0.21032928 milligram,0.9600000000000001 micromole,0.21032928000000006 microliter,C12H18BNO2,O=C([O-])[O-].[Na+].[Na+],Na2CO3,0.635928 milligram,6.0 micromole,0.6359280000000002 microliter,CNa2O3,CN1C=NC2=C1C(=O)N(C(=O)N2C)C,caffeine,0.1553528 milligram,0.8 micromole,0.15535280000000004 microliter,C8H10N4O2,C1COCCO1,dioxane,32.445 milligram,368.2496084262139 micromole,31.5 microliter,C4H8O2,O,water,3.5 milligram,194.2825423258396 micromole,3.5 microliter,H2O,Cc1cc(-c2ccc(N)cc2)ccc1N1CCCC1=O,suzuki_product_0,0.0 milligram,0.0 micromole,0 microliter,C17H18N2O,Cc1ccccc1N1CCCC1=O,dehalogenation_0,0.0 milligram,0.0 micromole,0 microliter,C11H13NO,Nc1ccccc1,deborylation_0,0.0 milligram,0.0 micromole,0 microliter,C6H7N,CC1=C(N2CCCC2=O)C=CC(Br)=C1.B1(OC(C(O1)(C)C)(C)C)C2=CC=C(C=C2)N>>Cc1cc(-c2ccc(N)cc2)ccc1N1CCCC1=O.Cc1ccccc1N1CCCC1=O.Nc1ccccc1,001_RLN-NB-2443_007_D23,,,,,,,,,3/29/23 20:30,kat78-2-d23-a1_03_22_2023_95.raw,2min_150_1200.EXP,001_RLN-NB-2443_007_D23,KAT78-2-D23-A1_KAT78-2-D23-A1_KAT78-2-D23-A1,0,0,0,0,0,0,0,0,0,0,0,0,0,0,0,deborylation_0,0,0,0,0,0,0,0,0,0,0,0,0,0,0,0,0,0,0,0,0,0,0,0,0,0,0,0,0,0,0,0,0,0,0,0,0,0,0,0,0,0,0,0,0,0,0,0,0,0,0,0,0,0,0,0,0,0,0,0,0,0,0,0,0,0,,,,,,,,,,,,,,,,,,,,,,,,
D24,CC(C)C1=CC(C(C)C)=CC(C(C)C)=C1C2=C([P+](C3CCCCC3)([Pd-2]4(OS(C)(=O)=O)C(C=CC=C5)=C5C6=C([NH+]4C)C=CC=C6)C7CCCCC7)C=CC=C2,XPhos Pd G4,0.13767904 milligram,0.16000000000000003 micromole,0.13767904000000003 microliter,C47H64NO3PPdS,CC1=C(N2CCCC2=O)C=CC(Br)=C1,1-(4-bromo-2-methylphenyl)pyrrolidin-2-one,0.20330160000000003 milligram,0.8 micromole,0.20330160000000008 microliter,C11H12BrNO,B1(OC(C(O1)(C)C)(C)C)C2=CC=C(C=C2)N,"4-(4,4,5,5-tetramethyl-1,3,2-dioxaborolan-2-yl)aniline",0.21032928 milligram,0.9600000000000001 micromole,0.21032928000000006 microliter,C12H18BNO2,O=C([O-])[O-].[Na+].[Na+],Na2CO3,0.635928 milligram,6.0 micromole,0.6359280000000002 microliter,CNa2O3,CN1C=NC2=C1C(=O)N(C(=O)N2C)C,caffeine,0.1553528 milligram,0.8 micromole,0.15535280000000004 microliter,C8H10N4O2,C1COCCO1,dioxane,32.445 milligram,368.2496084262139 micromole,31.5 microliter,C4H8O2,O,water,3.5 milligram,194.2825423258396 micromole,3.5 microliter,H2O,Cc1cc(-c2ccc(N)cc2)ccc1N1CCCC1=O,suzuki_product_0,0.0 milligram,0.0 micromole,0 microliter,C17H18N2O,Cc1ccccc1N1CCCC1=O,dehalogenation_0,0.0 milligram,0.0 micromole,0 microliter,C11H13NO,Nc1ccccc1,deborylation_0,0.0 milligram,0.0 micromole,0 microliter,C6H7N,CC1=C(N2CCCC2=O)C=CC(Br)=C1.B1(OC(C(O1)(C)C)(C)C)C2=CC=C(C=C2)N>>Cc1cc(-c2ccc(N)cc2)ccc1N1CCCC1=O.Cc1ccccc1N1CCCC1=O.Nc1ccccc1,001_RLN-NB-2443_007_D24,,,,,,,,,3/29/23 20:33,kat78-2-d24-a1_03_22_2023_96.raw,2min_150_1200.EXP,001_RLN-NB-2443_007_D24,KAT78-2-D24-A1_KAT78-2-D24-A1_KAT78-2-D24-A1,0,0,0,0,0,0,0,0,0,0,0,0,0,0,0,deborylation_0,0,0,0,0,0,229.7915889,30.61940736,5.81082661,195,0.7318,0,0,0,0,0,0,0,0,0,0,0,0,0,0,0,9.117538278,1.127767446,0.21402312,220,1.1134,0,0,0,0,0,0,0,0,0,0,0,0,0,0,0,0,0,0,0,0,0,0,0,0,0,0,0,0,0,0,0,0,0,0,0,0,0,0,0,0,0,0,0,0,0,0,0,2.95E-05,3.683178556,0,0,0,0,0,0,0,0,0,0
E1,NC1=C(C=CC=C1)C2=C([Pd]OS(C)(=O)=O)C=CC=C2.CN(C)C3=CC=C(C=C3)P(C(C)(C)C)C(C)(C)C,APhos Pd G3,0.10161904000000001 milligram,0.16000000000000003 micromole,0.10161904000000004 microliter,C29H41N2O3PPdS,BrC1=CC=CN2C=CN=C12,"8-bromoimidazo[1,2-a]pyridine",0.15762800000000002 milligram,0.8 micromole,0.15762800000000005 microliter,C7H5BrN2,B1(OC(C(O1)(C)C)(C)C)C2=CN=C(C=C2)C,"2-methyl-5-(4,4,5,5-tetramethyl-1,3,2-dioxaborolan-2-yl)pyridine",0.21032928 milligram,0.9600000000000001 micromole,0.21032928000000006 microliter,C12H18BNO2,O=C([O-])[O-].[Na+].[Na+],Na2CO3,0.635928 milligram,6.0 micromole,0.6359280000000002 microliter,CNa2O3,CN1C=NC2=C1C(=O)N(C(=O)N2C)C,caffeine,0.1553528 milligram,0.8 micromole,0.15535280000000004 microliter,C8H10N4O2,C1COCCO1,dioxane,32.445 milligram,368.2496084262139 micromole,31.5 microliter,C4H8O2,O,water,3.5 milligram,194.2825423258396 micromole,3.5 microliter,H2O,Cc1ccc(-c2cccn3ccnc23)cn1,suzuki_product_0,0.0 milligram,0.0 micromole,0 microliter,C13H11N3,c1ccn2ccnc2c1,dehalogenation_0,0.0 milligram,0.0 micromole,0 microliter,C7H6N2,Cc1ccccn1,deborylation_0,0.0 milligram,0.0 micromole,0 microliter,C6H7N,BrC1=CC=CN2C=CN=C12.B1(OC(C(O1)(C)C)(C)C)C2=CN=C(C=C2)C>>Cc1ccc(-c2cccn3ccnc23)cn1.c1ccn2ccnc2c1.Cc1ccccn1,001_RLN-NB-2443_007_E1,,,,,,,,,3/29/23 20:35,kat78-2-e1-a1_03_22_2023_97.raw,2min_150_1200.EXP,001_RLN-NB-2443_007_E1,KAT78-2-E1-A1_KAT78-2-E1-A1_KAT78-2-E1-A1,0,0,0,0,0,0,0,0,0,0,0,0,0,0,0,deborylation_0,0,0,0,0,0,185.1651047,8.264475957,4.820509076,195,0.7334,0,0,0,0,0,0,0,0,0,0,0,0,0,0,0,0,0,0,0,0,0,0,0,0,0,0,0,0,0,0,0,0,0,0,0,0,0,0,0,0,44.60455616,2.328678381,1.358273087,210,0.5884,0,0,0,0,0,0,0,0,0,0,0,0,0.000225416,28.17696359,0,0,0,0,0,0,0,0,0,0,0,0,0,0,0,0,0,0,0,0
E2,NC1=C(C=CC=C1)C2=C([Pd]OS(C)(=O)=O)C=CC=C2.CN(C)C3=CC=C(C=C3)P(C(C)(C)C)C(C)(C)C,APhos Pd G3,0.10161904000000001 milligram,0.16000000000000003 micromole,0.10161904000000004 microliter,C29H41N2O3PPdS,BrC1=CC=CN2C=CN=C12,"8-bromoimidazo[1,2-a]pyridine",0.15762800000000002 milligram,0.8 micromole,0.15762800000000005 microliter,C7H5BrN2,B1(OC(C(O1)(C)C)(C)C)C2=CN(N=C2C)C,"1,3-dimethyl-4-(4,4,5,5-tetramethyl-1,3,2-dioxaborolan-2-yl)-1H-pyrazole",0.21321311999999998 milligram,0.9600000000000001 micromole,0.21321312000000003 microliter,C11H19BN2O2,O=C([O-])[O-].[Na+].[Na+],Na2CO3,0.635928 milligram,6.0 micromole,0.6359280000000002 microliter,CNa2O3,CN1C=NC2=C1C(=O)N(C(=O)N2C)C,caffeine,0.1553528 milligram,0.8 micromole,0.15535280000000004 microliter,C8H10N4O2,C1COCCO1,dioxane,32.445 milligram,368.2496084262139 micromole,31.5 microliter,C4H8O2,O,water,3.5 milligram,194.2825423258396 micromole,3.5 microliter,H2O,Cc1nn(C)cc1-c1cccn2ccnc12,suzuki_product_0,0.0 milligram,0.0 micromole,0 microliter,C12H12N4,c1ccn2ccnc2c1,dehalogenation_0,0.0 milligram,0.0 micromole,0 microliter,C7H6N2,Cc1ccn(C)n1,deborylation_0,0.0 milligram,0.0 micromole,0 microliter,C5H8N2,BrC1=CC=CN2C=CN=C12.B1(OC(C(O1)(C)C)(C)C)C2=CN(N=C2C)C>>Cc1nn(C)cc1-c1cccn2ccnc12.c1ccn2ccnc2c1.Cc1ccn(C)n1,001_RLN-NB-2443_007_E2,,,,,,,,,3/29/23 20:37,kat78-2-e2-a1_03_22_2023_98.raw,2min_150_1200.EXP,001_RLN-NB-2443_007_E2,KAT78-2-E2-A1_KAT78-2-E2-A1_KAT78-2-E2-A1,0,0,0,0,0,0,0,0,0,0,0,0,0,0,0,deborylation_0,0,0,0,0,0,184.7335763,9.382911155,4.670005181,195,0.7334,0,0,0,0,0,0,0,0,0,0,0,0,0,0,0,0,0,0,0,0,0,0,0,0,0,0,0,0,0,0,0,0,0,0,0,0,0,0,0,0,0,0,0,0,0,0,0,0,0,0,0,0,0,0,0,0,0,0,0,0,0,0,0,0,0,0,0,0,0,0,0,0,0,0,0,0,0,0,0
E3,NC1=C(C=CC=C1)C2=C([Pd]OS(C)(=O)=O)C=CC=C2.CN(C)C3=CC=C(C=C3)P(C(C)(C)C)C(C)(C)C,APhos Pd G3,0.10161904000000001 milligram,0.16000000000000003 micromole,0.10161904000000004 microliter,C29H41N2O3PPdS,BrC1=CC=CN2C=CN=C12,"8-bromoimidazo[1,2-a]pyridine",0.15762800000000002 milligram,0.8 micromole,0.15762800000000005 microliter,C7H5BrN2,B1(OC(C(O1)(C)C)(C)C)C2=CCN(CC2)C(=O)OC(C)(C)C,"N-Boc-1,2,5,6-tetrahydropyridine-4-boronic acid pinacol ester",0.29684640000000007 milligram,0.9600000000000001 micromole,0.2968464000000001 microliter,C16H28BNO4,O=C([O-])[O-].[Na+].[Na+],Na2CO3,0.635928 milligram,6.0 micromole,0.6359280000000002 microliter,CNa2O3,CN1C=NC2=C1C(=O)N(C(=O)N2C)C,caffeine,0.1553528 milligram,0.8 micromole,0.15535280000000004 microliter,C8H10N4O2,C1COCCO1,dioxane,32.445 milligram,368.2496084262139 micromole,31.5 microliter,C4H8O2,O,water,3.5 milligram,194.2825423258396 micromole,3.5 microliter,H2O,CC(C)(C)OC(=O)N1CC=C(c2cccn3ccnc23)CC1,suzuki_product_0,0.0 milligram,0.0 micromole,0 microliter,C17H21N3O2,c1ccn2ccnc2c1,dehalogenation_0,0.0 milligram,0.0 micromole,0 microliter,C7H6N2,CC(C)(C)OC(=O)N1CC=CCC1,deborylation_0,0.0 milligram,0.0 micromole,0 microliter,C10H17NO2,BrC1=CC=CN2C=CN=C12.B1(OC(C(O1)(C)C)(C)C)C2=CCN(CC2)C(=O)OC(C)(C)C>>CC(C)(C)OC(=O)N1CC=C(c2cccn3ccnc23)CC1.c1ccn2ccnc2c1.CC(C)(C)OC(=O)N1CC=CCC1,001_RLN-NB-2443_007_E3,,,,,,,,,3/29/23 20:40,kat78-2-e3-a1_03_22_2023_99.raw,2min_150_1200.EXP,001_RLN-NB-2443_007_E3,KAT78-2-E3-A1_KAT78-2-E3-A1_KAT78-2-E3-A1,0,0,0,0,0,0,0,0,0,0,0,0,0,0,0,deborylation_0,0,0,0,0,0,187.4148775,9.581831499,4.54651316,195,0.7334,0,0,0,0,0,0,0,0,0,0,0,0,0,0,0,0,0,0,0,0,0,0,0,0,0,0,0,0,0,0,0,0,0,0,0,0,0,0,0,0,195.3452561,12.88205851,6.112448183,299.9,0.8701,0,0,0,0,0,0,0,0,0,0,0,0,0.00107554,134.442549,0,0,0,0,0,0,0,0,0,0,0,0,0,0,0,0,0,0,0,0
E4,NC1=C(C=CC=C1)C2=C([Pd]OS(C)(=O)=O)C=CC=C2.CN(C)C3=CC=C(C=C3)P(C(C)(C)C)C(C)(C)C,APhos Pd G3,0.10161904000000001 milligram,0.16000000000000003 micromole,0.10161904000000004 microliter,C29H41N2O3PPdS,BrC1=CC=CN2C=CN=C12,"8-bromoimidazo[1,2-a]pyridine",0.15762800000000002 milligram,0.8 micromole,0.15762800000000005 microliter,C7H5BrN2,B1(OC(C(O1)(C)C)(C)C)C2=CCN(CC2)C(=O)OC(C)(C)C,"N-Boc-1,2,5,6-tetrahydropyridine-4-boronic acid pinacol ester",0.29684640000000007 milligram,0.9600000000000001 micromole,0.2968464000000001 microliter,C16H28BNO4,O=C([O-])[O-].[Na+].[Na+],Na2CO3,0.635928 milligram,6.0 micromole,0.6359280000000002 microliter,CNa2O3,CN1C=NC2=C1C(=O)N(C(=O)N2C)C,caffeine,0.1553528 milligram,0.8 micromole,0.15535280000000004 microliter,C8H10N4O2,C1COCCO1,dioxane,32.445 milligram,368.2496084262139 micromole,31.5 microliter,C4H8O2,O,water,3.5 milligram,194.2825423258396 micromole,3.5 microliter,H2O,CC(C)(C)OC(=O)N1CC=C(c2cccn3ccnc23)CC1,suzuki_product_0,0.0 milligram,0.0 micromole,0 microliter,C17H21N3O2,c1ccn2ccnc2c1,dehalogenation_0,0.0 milligram,0.0 micromole,0 microliter,C7H6N2,CC(C)(C)OC(=O)N1CC=CCC1,deborylation_0,0.0 milligram,0.0 micromole,0 microliter,C10H17NO2,BrC1=CC=CN2C=CN=C12.B1(OC(C(O1)(C)C)(C)C)C2=CCN(CC2)C(=O)OC(C)(C)C>>CC(C)(C)OC(=O)N1CC=C(c2cccn3ccnc23)CC1.c1ccn2ccnc2c1.CC(C)(C)OC(=O)N1CC=CCC1,001_RLN-NB-2443_007_E4,,,,,,,,,3/29/23 20:42,kat78-2-e4-a1_03_22_2023_100.raw,2min_150_1200.EXP,001_RLN-NB-2443_007_E4,KAT78-2-E4-A1_KAT78-2-E4-A1_KAT78-2-E4-A1,0,0,0,0,0,0,0,0,0,0,0,0,0,0,0,deborylation_0,0,0,0,0,0,170.8626371,9.698741472,4.35391245,194.9,0.7334,0,0,0,0,0,0,0,0,0,0,0,0,0,0,0,0,0,0,0,0,0,0,0,0,0,0,0,0,0,0,0,0,0,0,0,0,0,0,0,0,197.6616498,13.06505669,5.865102511,300,0.8684,0,0,0,0,0,0,0,0,0,0,0,0,0.00107767,134.7087839,0,0,0,0,0,0,0,0,0,0,0,0,0,0,0,0,0,0,0,0
E5,NC1=C(C=CC=C1)C2=C([Pd]OS(C)(=O)=O)C=CC=C2.CN(C)C3=CC=C(C=C3)P(C(C)(C)C)C(C)(C)C,APhos Pd G3,0.10161904000000001 milligram,0.16000000000000003 micromole,0.10161904000000004 microliter,C29H41N2O3PPdS,BrC1=CC=CN2C=CN=C12,"8-bromoimidazo[1,2-a]pyridine",0.15762800000000002 milligram,0.8 micromole,0.15762800000000005 microliter,C7H5BrN2,B1(OC(C(O1)(C)C)(C)C)C2=CC=C(C=C2)N,"4-(4,4,5,5-tetramethyl-1,3,2-dioxaborolan-2-yl)aniline",0.21032928 milligram,0.9600000000000001 micromole,0.21032928000000006 microliter,C12H18BNO2,O=C([O-])[O-].[Na+].[Na+],Na2CO3,0.635928 milligram,6.0 micromole,0.6359280000000002 microliter,CNa2O3,CN1C=NC2=C1C(=O)N(C(=O)N2C)C,caffeine,0.1553528 milligram,0.8 micromole,0.15535280000000004 microliter,C8H10N4O2,C1COCCO1,dioxane,32.445 milligram,368.2496084262139 micromole,31.5 microliter,C4H8O2,O,water,3.5 milligram,194.2825423258396 micromole,3.5 microliter,H2O,Nc1ccc(-c2cccn3ccnc23)cc1,suzuki_product_0,0.0 milligram,0.0 micromole,0 microliter,C13H11N3,c1ccn2ccnc2c1,dehalogenation_0,0.0 milligram,0.0 micromole,0 microliter,C7H6N2,Nc1ccccc1,deborylation_0,0.0 milligram,0.0 micromole,0 microliter,C6H7N,BrC1=CC=CN2C=CN=C12.B1(OC(C(O1)(C)C)(C)C)C2=CC=C(C=C2)N>>Nc1ccc(-c2cccn3ccnc23)cc1.c1ccn2ccnc2c1.Nc1ccccc1,001_RLN-NB-2443_007_E5,,,,,,,,,3/29/23 20:45,kat78-2-e5-a1_03_22_2023_101.raw,2min_150_1200.EXP,001_RLN-NB-2443_007_E5,KAT78-2-E5-A1_KAT78-2-E5-A1_KAT78-2-E5-A1,0,0,0,0,0,0,0,0,0,0,0,0,0,0,0,deborylation_0,0,0,0,0,0,175.6150355,15.55410863,4.350456704,195,0.7334,0,0,0,0,0,0,0,0,0,0,0,0,0,0,0,0,0,0,0,0,0,0,0,0,0,0,0,0,0,0,0,0,0,0,0,0,0,0,0,0,51.22658536,4.942837351,1.382502875,210,0.6368,0,0,0,0,0,0,0,0,0,0,0,0,0.000254227,31.77833889,0,0,0,0,0,0,0,0,0,0,0,0,0,0,0,0,0,0,0,0
E6,NC1=C(C=CC=C1)C2=C([Pd]OS(C)(=O)=O)C=CC=C2.CN(C)C3=CC=C(C=C3)P(C(C)(C)C)C(C)(C)C,APhos Pd G3,0.10161904000000001 milligram,0.16000000000000003 micromole,0.10161904000000004 microliter,C29H41N2O3PPdS,BrC1=CC=CN2C=CN=C12,"8-bromoimidazo[1,2-a]pyridine",0.15762800000000002 milligram,0.8 micromole,0.15762800000000005 microliter,C7H5BrN2,B1(OC(C(O1)(C)C)(C)C)C2=CC=C(C=C2)N,"4-(4,4,5,5-tetramethyl-1,3,2-dioxaborolan-2-yl)aniline",0.21032928 milligram,0.9600000000000001 micromole,0.21032928000000006 microliter,C12H18BNO2,O=C([O-])[O-].[Na+].[Na+],Na2CO3,0.635928 milligram,6.0 micromole,0.6359280000000002 microliter,CNa2O3,CN1C=NC2=C1C(=O)N(C(=O)N2C)C,caffeine,0.1553528 milligram,0.8 micromole,0.15535280000000004 microliter,C8H10N4O2,C1COCCO1,dioxane,32.445 milligram,368.2496084262139 micromole,31.5 microliter,C4H8O2,O,water,3.5 milligram,194.2825423258396 micromole,3.5 microliter,H2O,Nc1ccc(-c2cccn3ccnc23)cc1,suzuki_product_0,0.0 milligram,0.0 micromole,0 microliter,C13H11N3,c1ccn2ccnc2c1,dehalogenation_0,0.0 milligram,0.0 micromole,0 microliter,C7H6N2,Nc1ccccc1,deborylation_0,0.0 milligram,0.0 micromole,0 microliter,C6H7N,BrC1=CC=CN2C=CN=C12.B1(OC(C(O1)(C)C)(C)C)C2=CC=C(C=C2)N>>Nc1ccc(-c2cccn3ccnc23)cc1.c1ccn2ccnc2c1.Nc1ccccc1,001_RLN-NB-2443_007_E6,,,,,,,,,3/29/23 20:47,kat78-2-e6-a1_03_22_2023_102.raw,2min_150_1200.EXP,001_RLN-NB-2443_007_E6,KAT78-2-E6-A1_KAT78-2-E6-A1_KAT78-2-E6-A1,0,0,0,0,0,0,0,0,0,0,0,0,0,0,0,deborylation_0,0,0,0,0,0,166.7242487,16.46748556,4.401335975,194.9,0.7318,0,0,0,0,0,0,0,0,0,0,0,0,0,0,0,31.13046321,4.531774348,1.211226899,220,1.1018,0,0,0,0,0,0,0,0,0,0,0,0,0,0,0,0,0,0,0,0,55.96848639,5.737074287,1.533372618,210,0.6351,0,0,0,0,0,0,0,0,0,0,0,0,0.00027871,34.83879957,0,0,0,0,0,0,0,0,0.000220156,27.5195283,0,0,0,0,0,0,0,0,0,0
E7,NC1=C(C=CC=C1)C2=C([Pd]OS(C)(=O)=O)C=CC=C2.CN(C)C3=CC=C(C=C3)P(C(C)(C)C)C(C)(C)C,APhos Pd G3,0.10161904000000001 milligram,0.16000000000000003 micromole,0.10161904000000004 microliter,C29H41N2O3PPdS,CC1=CC(C=O)=C(C)N1C2=CC(Cl)=CC(Cl)=C2,"1-(3,5-dichlorophenyl)-2,5-dimethyl-1H-pyrrole-3-carbaldehyde",0.2145144 milligram,0.8 micromole,0.21451440000000005 microliter,C13H11Cl2NO,B1(OC(C(O1)(C)C)(C)C)C2=CN=C(C=C2)C,"2-methyl-5-(4,4,5,5-tetramethyl-1,3,2-dioxaborolan-2-yl)pyridine",0.21032928 milligram,0.9600000000000001 micromole,0.21032928000000006 microliter,C12H18BNO2,O=C([O-])[O-].[Na+].[Na+],Na2CO3,0.635928 milligram,6.0 micromole,0.6359280000000002 microliter,CNa2O3,CN1C=NC2=C1C(=O)N(C(=O)N2C)C,caffeine,0.1553528 milligram,0.8 micromole,0.15535280000000004 microliter,C8H10N4O2,C1COCCO1,dioxane,32.445 milligram,368.2496084262139 micromole,31.5 microliter,C4H8O2,O,water,3.5 milligram,194.2825423258396 micromole,3.5 microliter,H2O,Cc1ccc(-c2cc(Cl)cc(-n3c(C)cc(C=O)c3C)c2)cn1,suzuki_product_0,0.0 milligram,0.0 micromole,0 microliter,C19H17ClN2O,Cc1ccc(-c2cc(-c3ccc(C)nc3)cc(-n3c(C)cc(C=O)c3C)c2)cn1,bis_addition_1,0.0 milligram,0.0 micromole,0 microliter,C25H23N3O,Cc1cc(C=O)c(C)n1-c1cccc(Cl)c1,dehalogenation_0,0.0 milligram,0.0 micromole,0 microliter,C13H12ClNO,CC1=CC(C=O)=C(C)N1C2=CC(Cl)=CC(Cl)=C2.B1(OC(C(O1)(C)C)(C)C)C2=CN=C(C=C2)C>>Cc1ccc(-c2cc(Cl)cc(-n3c(C)cc(C=O)c3C)c2)cn1.Cc1ccc(-c2cc(-c3ccc(C)nc3)cc(-n3c(C)cc(C=O)c3C)c2)cn1.Cc1cc(C=O)c(C)n1-c1cccc(Cl)c1.Cc1ccccn1,001_RLN-NB-2443_007_E7,,,Cc1ccccn1,deborylation_0,0.0 milligram,0.0 micromole,0 microliter,C6H7N,3/29/23 20:50,kat78-2-e7-a1_03_22_2023_103.raw,2min_150_1200.EXP,001_RLN-NB-2443_007_E7,KAT78-2-E7-A1_KAT78-2-E7-A1_KAT78-2-E7-A1,0,0,0,0,0,0,0,0,0,0,0,0,0,0,0,bis_addition_1,0,0,0,0,0,255.3263255,17.74632966,6.656157949,195,0.7334,0,0,0,0,0,25.82011686,1.104025754,0.414089557,233.9,1.2484,0,0,0,0,0,0,0,0,0,0,127.9221881,8.918395438,3.345043725,382.1,0.8068,0,0,0,0,0,0,0,0,0,0,0,0,0,0,0,327.2211559,29.11571173,10.92049904,325,1.0384,0,0,0,0,0,191.8933912,13.11914824,4.920630038,267.7,1.3251,0,0,0.001312529,164.0661043,4.98E-05,6.221149807,0,0,0,0,0,0,0,0,0.000591408,73.92598066,0.000402039,50.25487302,0,0,0,0,0,0
E8,NC1=C(C=CC=C1)C2=C([Pd]OS(C)(=O)=O)C=CC=C2.CN(C)C3=CC=C(C=C3)P(C(C)(C)C)C(C)(C)C,APhos Pd G3,0.10161904000000001 milligram,0.16000000000000003 micromole,0.10161904000000004 microliter,C29H41N2O3PPdS,CC1=CC(C=O)=C(C)N1C2=CC(Cl)=CC(Cl)=C2,"1-(3,5-dichlorophenyl)-2,5-dimethyl-1H-pyrrole-3-carbaldehyde",0.2145144 milligram,0.8 micromole,0.21451440000000005 microliter,C13H11Cl2NO,B1(OC(C(O1)(C)C)(C)C)C2=CN(N=C2C)C,"1,3-dimethyl-4-(4,4,5,5-tetramethyl-1,3,2-dioxaborolan-2-yl)-1H-pyrazole",0.21321311999999998 milligram,0.9600000000000001 micromole,0.21321312000000003 microliter,C11H19BN2O2,O=C([O-])[O-].[Na+].[Na+],Na2CO3,0.635928 milligram,6.0 micromole,0.6359280000000002 microliter,CNa2O3,CN1C=NC2=C1C(=O)N(C(=O)N2C)C,caffeine,0.1553528 milligram,0.8 micromole,0.15535280000000004 microliter,C8H10N4O2,C1COCCO1,dioxane,32.445 milligram,368.2496084262139 micromole,31.5 microliter,C4H8O2,O,water,3.5 milligram,194.2825423258396 micromole,3.5 microliter,H2O,Cc1nn(C)cc1-c1cc(Cl)cc(-n2c(C)cc(C=O)c2C)c1,suzuki_product_0,0.0 milligram,0.0 micromole,0 microliter,C18H18ClN3O,Cc1nn(C)cc1-c1cc(-c2cn(C)nc2C)cc(-n2c(C)cc(C=O)c2C)c1,bis_addition_1,0.0 milligram,0.0 micromole,0 microliter,C23H25N5O,Cc1cc(C=O)c(C)n1-c1cccc(Cl)c1,dehalogenation_0,0.0 milligram,0.0 micromole,0 microliter,C13H12ClNO,CC1=CC(C=O)=C(C)N1C2=CC(Cl)=CC(Cl)=C2.B1(OC(C(O1)(C)C)(C)C)C2=CN(N=C2C)C>>Cc1nn(C)cc1-c1cc(Cl)cc(-n2c(C)cc(C=O)c2C)c1.Cc1nn(C)cc1-c1cc(-c2cn(C)nc2C)cc(-n2c(C)cc(C=O)c2C)c1.Cc1cc(C=O)c(C)n1-c1cccc(Cl)c1.Cc1ccn(C)n1,001_RLN-NB-2443_007_E8,,,Cc1ccn(C)n1,deborylation_0,0.0 milligram,0.0 micromole,0 microliter,C5H8N2,3/29/23 20:52,kat78-2-e8-a1_03_22_2023_104.raw,2min_150_1200.EXP,001_RLN-NB-2443_007_E8,KAT78-2-E8-A1_KAT78-2-E8-A1_KAT78-2-E8-A1,0,0,0,0,0,0,0,0,0,0,0,0,0,0,0,bis_addition_2,0,0,0,0,0,182.6575862,16.92097383,4.671389311,194.9,0.7334,0,0,0,0,0,0,0,0,0,0,0,0,0,0,0,0,0,0,0,0,0,0,0,0,0,46.28308992,3.956867386,1.092376136,388.1,1.0668,0,0,0,0,0,0,0,0,0,0,202.5258586,22.00350906,6.074529637,328,1.2101,0,0,0,0,0,207.966689,24.34837366,6.721878635,267.8,1.3234,0,0,0.001040295,130.0368955,0,0,0,0,0,0,0,0,0,0,0.001151157,143.8946358,0,0,0,0,0,0,0,0
E9,NC1=C(C=CC=C1)C2=C([Pd]OS(C)(=O)=O)C=CC=C2.CN(C)C3=CC=C(C=C3)P(C(C)(C)C)C(C)(C)C,APhos Pd G3,0.10161904000000001 milligram,0.16000000000000003 micromole,0.10161904000000004 microliter,C29H41N2O3PPdS,CC1=CC(C=O)=C(C)N1C2=CC(Cl)=CC(Cl)=C2,"1-(3,5-dichlorophenyl)-2,5-dimethyl-1H-pyrrole-3-carbaldehyde",0.2145144 milligram,0.8 micromole,0.21451440000000005 microliter,C13H11Cl2NO,B1(OC(C(O1)(C)C)(C)C)C2=CCN(CC2)C(=O)OC(C)(C)C,"N-Boc-1,2,5,6-tetrahydropyridine-4-boronic acid pinacol ester",0.29684640000000007 milligram,0.9600000000000001 micromole,0.2968464000000001 microliter,C16H28BNO4,O=C([O-])[O-].[Na+].[Na+],Na2CO3,0.635928 milligram,6.0 micromole,0.6359280000000002 microliter,CNa2O3,CN1C=NC2=C1C(=O)N(C(=O)N2C)C,caffeine,0.1553528 milligram,0.8 micromole,0.15535280000000004 microliter,C8H10N4O2,C1COCCO1,dioxane,32.445 milligram,368.2496084262139 micromole,31.5 microliter,C4H8O2,O,water,3.5 milligram,194.2825423258396 micromole,3.5 microliter,H2O,Cc1cc(C=O)c(C)n1-c1cc(Cl)cc(C2=CCN(C(=O)OC(C)(C)C)CC2)c1,suzuki_product_0,0.0 milligram,0.0 micromole,0 microliter,C23H27ClN2O3,Cc1cc(C=O)c(C)n1-c1cc(C2=CCN(C(=O)OC(C)(C)C)CC2)cc(C2=CCN(C(=O)OC(C)(C)C)CC2)c1,bis_addition_2,0.0 milligram,0.0 micromole,0 microliter,C33H43N3O5,Cc1cc(C=O)c(C)n1-c1cccc(Cl)c1,dehalogenation_0,0.0 milligram,0.0 micromole,0 microliter,C13H12ClNO,CC1=CC(C=O)=C(C)N1C2=CC(Cl)=CC(Cl)=C2.B1(OC(C(O1)(C)C)(C)C)C2=CCN(CC2)C(=O)OC(C)(C)C>>Cc1cc(C=O)c(C)n1-c1cc(Cl)cc(C2=CCN(C(=O)OC(C)(C)C)CC2)c1.Cc1cc(C=O)c(C)n1-c1cc(C2=CCN(C(=O)OC(C)(C)C)CC2)cc(C2=CCN(C(=O)OC(C)(C)C)CC2)c1.Cc1cc(C=O)c(C)n1-c1cccc(Cl)c1.CC(C)(C)OC(=O)N1CC=CCC1,001_RLN-NB-2443_007_E9,,,CC(C)(C)OC(=O)N1CC=CCC1,deborylation_0,0.0 milligram,0.0 micromole,0 microliter,C10H17NO2,3/29/23 20:55,kat78-2-e9-a1_03_22_2023_105.raw,2min_150_1200.EXP,001_RLN-NB-2443_007_E9,KAT78-2-E9-A1_KAT78-2-E9-A1_KAT78-2-E9-A1,0,0,0,0,0,0,0,0,0,0,0,0,0,0,0,bis_addition_1,0,0,0,0,0,178.3578561,36.44353861,4.405463413,195,0.7318,0,0,0,0,0,0,0,0,0,0,0,0,0,0,0,0,0,0,0,0,0,0,0,0,0,0,0,0,0,0,0,0,0,0,0,0,0,0,0,0,0,0,0,0,0,0,0,0,0,0,197.6479268,36.15047834,4.370036932,267.8,1.3251,0,0,0,0,0,0,0,0,0,0,0,0,0,0,0.000793567,99.19585121,0,0,0,0,0,0,0,0
E10,NC1=C(C=CC=C1)C2=C([Pd]OS(C)(=O)=O)C=CC=C2.CN(C)C3=CC=C(C=C3)P(C(C)(C)C)C(C)(C)C,APhos Pd G3,0.10161904000000001 milligram,0.16000000000000003 micromole,0.10161904000000004 microliter,C29H41N2O3PPdS,CC1=CC(C=O)=C(C)N1C2=CC(Cl)=CC(Cl)=C2,"1-(3,5-dichlorophenyl)-2,5-dimethyl-1H-pyrrole-3-carbaldehyde",0.2145144 milligram,0.8 micromole,0.21451440000000005 microliter,C13H11Cl2NO,B1(OC(C(O1)(C)C)(C)C)C2=CCN(CC2)C(=O)OC(C)(C)C,"N-Boc-1,2,5,6-tetrahydropyridine-4-boronic acid pinacol ester",0.29684640000000007 milligram,0.9600000000000001 micromole,0.2968464000000001 microliter,C16H28BNO4,O=C([O-])[O-].[Na+].[Na+],Na2CO3,0.635928 milligram,6.0 micromole,0.6359280000000002 microliter,CNa2O3,CN1C=NC2=C1C(=O)N(C(=O)N2C)C,caffeine,0.1553528 milligram,0.8 micromole,0.15535280000000004 microliter,C8H10N4O2,C1COCCO1,dioxane,32.445 milligram,368.2496084262139 micromole,31.5 microliter,C4H8O2,O,water,3.5 milligram,194.2825423258396 micromole,3.5 microliter,H2O,Cc1cc(C=O)c(C)n1-c1cc(Cl)cc(C2=CCN(C(=O)OC(C)(C)C)CC2)c1,suzuki_product_0,0.0 milligram,0.0 micromole,0 microliter,C23H27ClN2O3,Cc1cc(C=O)c(C)n1-c1cc(C2=CCN(C(=O)OC(C)(C)C)CC2)cc(C2=CCN(C(=O)OC(C)(C)C)CC2)c1,bis_addition_2,0.0 milligram,0.0 micromole,0 microliter,C33H43N3O5,Cc1cc(C=O)c(C)n1-c1cccc(Cl)c1,dehalogenation_0,0.0 milligram,0.0 micromole,0 microliter,C13H12ClNO,CC1=CC(C=O)=C(C)N1C2=CC(Cl)=CC(Cl)=C2.B1(OC(C(O1)(C)C)(C)C)C2=CCN(CC2)C(=O)OC(C)(C)C>>Cc1cc(C=O)c(C)n1-c1cc(Cl)cc(C2=CCN(C(=O)OC(C)(C)C)CC2)c1.Cc1cc(C=O)c(C)n1-c1cc(C2=CCN(C(=O)OC(C)(C)C)CC2)cc(C2=CCN(C(=O)OC(C)(C)C)CC2)c1.Cc1cc(C=O)c(C)n1-c1cccc(Cl)c1.CC(C)(C)OC(=O)N1CC=CCC1,001_RLN-NB-2443_007_E10,,,CC(C)(C)OC(=O)N1CC=CCC1,deborylation_0,0.0 milligram,0.0 micromole,0 microliter,C10H17NO2,3/29/23 20:57,kat78-2-e10-a1_03_22_2023_106.raw,2min_150_1200.EXP,001_RLN-NB-2443_007_E10,KAT78-2-E10-A1_KAT78-2-E10-A1_KAT78-2-E10-A1,0,0,0,0,0,0,0,0,0,0,0,0,0,0,0,bis_addition_1,0,0,0,0,0,175.4326048,13.1660497,4.577135936,194.9,0.7334,0,0,0,0,0,0,0,0,0,0,0,0,0,0,0,0,0,0,0,0,145.7761661,14.53348452,5.052520368,562.1,1.5484,0,0,0,0,0,0,0,0,0,0,0,0,0,0,0,284.8278968,34.13849987,11.86814255,415,1.4668,0,0,0,0,0,178.6586429,13.46519293,4.681132146,267.9,1.3251,0,0,0.002074335,259.2918959,0,0,0,0,0,0,0,0,0,0,0.000818177,102.2720804,0,0,0,0,0,0,0,0
E11,NC1=C(C=CC=C1)C2=C([Pd]OS(C)(=O)=O)C=CC=C2.CN(C)C3=CC=C(C=C3)P(C(C)(C)C)C(C)(C)C,APhos Pd G3,0.10161904000000001 milligram,0.16000000000000003 micromole,0.10161904000000004 microliter,C29H41N2O3PPdS,CC1=CC(C=O)=C(C)N1C2=CC(Cl)=CC(Cl)=C2,"1-(3,5-dichlorophenyl)-2,5-dimethyl-1H-pyrrole-3-carbaldehyde",0.2145144 milligram,0.8 micromole,0.21451440000000005 microliter,C13H11Cl2NO,B1(OC(C(O1)(C)C)(C)C)C2=CC=C(C=C2)N,"4-(4,4,5,5-tetramethyl-1,3,2-dioxaborolan-2-yl)aniline",0.21032928 milligram,0.9600000000000001 micromole,0.21032928000000006 microliter,C12H18BNO2,O=C([O-])[O-].[Na+].[Na+],Na2CO3,0.635928 milligram,6.0 micromole,0.6359280000000002 microliter,CNa2O3,CN1C=NC2=C1C(=O)N(C(=O)N2C)C,caffeine,0.1553528 milligram,0.8 micromole,0.15535280000000004 microliter,C8H10N4O2,C1COCCO1,dioxane,32.445 milligram,368.2496084262139 micromole,31.5 microliter,C4H8O2,O,water,3.5 milligram,194.2825423258396 micromole,3.5 microliter,H2O,Cc1cc(C=O)c(C)n1-c1cc(Cl)cc(-c2ccc(N)cc2)c1,suzuki_product_0,0.0 milligram,0.0 micromole,0 microliter,C19H17ClN2O,Cc1cc(C=O)c(C)n1-c1cc(-c2ccc(N)cc2)cc(-c2ccc(N)cc2)c1,bis_addition_1,0.0 milligram,0.0 micromole,0 microliter,C25H23N3O,Cc1cc(C=O)c(C)n1-c1cccc(Cl)c1,dehalogenation_0,0.0 milligram,0.0 micromole,0 microliter,C13H12ClNO,CC1=CC(C=O)=C(C)N1C2=CC(Cl)=CC(Cl)=C2.B1(OC(C(O1)(C)C)(C)C)C2=CC=C(C=C2)N>>Cc1cc(C=O)c(C)n1-c1cc(Cl)cc(-c2ccc(N)cc2)c1.Cc1cc(C=O)c(C)n1-c1cc(-c2ccc(N)cc2)cc(-c2ccc(N)cc2)c1.Cc1cc(C=O)c(C)n1-c1cccc(Cl)c1.Nc1ccccc1,001_RLN-NB-2443_007_E11,,,Nc1ccccc1,deborylation_0,0.0 milligram,0.0 micromole,0 microliter,C6H7N,3/29/23 20:59,kat78-2-e11-a1_03_22_2023_107.raw,2min_150_1200.EXP,001_RLN-NB-2443_007_E11,KAT78-2-E11-A1_KAT78-2-E11-A1_KAT78-2-E11-A1,0,0,0,0,0,0,0,0,0,0,0,0,0,0,0,bis_addition_1,0,0,0,0,0,175.4337214,14.68138725,4.320180993,195,0.7318,0,0,0,0,0,0,0,0,0,0,0,0,0,0,0,0,0,0,0,0,37.97853926,2.541127218,0.747758323,382.1,1.0118,0,0,0,0,0,0,0,0,0,0,0,0,0,0,0,202.4066626,24.0279001,7.070508771,324.9,1.2318,0,0,0,0,0,157.0164367,15.91819877,4.684128183,267.8,1.3234,0,0,0.001309299,163.6623276,0,0,0,0,0,0,0,0,0,0,0.000867395,108.4243505,0.000138468,17.30849527,0,0,0,0,0,0
E12,NC1=C(C=CC=C1)C2=C([Pd]OS(C)(=O)=O)C=CC=C2.CN(C)C3=CC=C(C=C3)P(C(C)(C)C)C(C)(C)C,APhos Pd G3,0.10161904000000001 milligram,0.16000000000000003 micromole,0.10161904000000004 microliter,C29H41N2O3PPdS,CC1=CC(C=O)=C(C)N1C2=CC(Cl)=CC(Cl)=C2,"1-(3,5-dichlorophenyl)-2,5-dimethyl-1H-pyrrole-3-carbaldehyde",0.2145144 milligram,0.8 micromole,0.21451440000000005 microliter,C13H11Cl2NO,B1(OC(C(O1)(C)C)(C)C)C2=CC=C(C=C2)N,"4-(4,4,5,5-tetramethyl-1,3,2-dioxaborolan-2-yl)aniline",0.21032928 milligram,0.9600000000000001 micromole,0.21032928000000006 microliter,C12H18BNO2,O=C([O-])[O-].[Na+].[Na+],Na2CO3,0.635928 milligram,6.0 micromole,0.6359280000000002 microliter,CNa2O3,CN1C=NC2=C1C(=O)N(C(=O)N2C)C,caffeine,0.1553528 milligram,0.8 micromole,0.15535280000000004 microliter,C8H10N4O2,C1COCCO1,dioxane,32.445 milligram,368.2496084262139 micromole,31.5 microliter,C4H8O2,O,water,3.5 milligram,194.2825423258396 micromole,3.5 microliter,H2O,Cc1cc(C=O)c(C)n1-c1cc(Cl)cc(-c2ccc(N)cc2)c1,suzuki_product_0,0.0 milligram,0.0 micromole,0 microliter,C19H17ClN2O,Cc1cc(C=O)c(C)n1-c1cc(-c2ccc(N)cc2)cc(-c2ccc(N)cc2)c1,bis_addition_1,0.0 milligram,0.0 micromole,0 microliter,C25H23N3O,Cc1cc(C=O)c(C)n1-c1cccc(Cl)c1,dehalogenation_0,0.0 milligram,0.0 micromole,0 microliter,C13H12ClNO,CC1=CC(C=O)=C(C)N1C2=CC(Cl)=CC(Cl)=C2.B1(OC(C(O1)(C)C)(C)C)C2=CC=C(C=C2)N>>Cc1cc(C=O)c(C)n1-c1cc(Cl)cc(-c2ccc(N)cc2)c1.Cc1cc(C=O)c(C)n1-c1cc(-c2ccc(N)cc2)cc(-c2ccc(N)cc2)c1.Cc1cc(C=O)c(C)n1-c1cccc(Cl)c1.Nc1ccccc1,001_RLN-NB-2443_007_E12,,,Nc1ccccc1,deborylation_0,0.0 milligram,0.0 micromole,0 microliter,C6H7N,3/29/23 21:02,kat78-2-e12-a1_03_22_2023_108.raw,2min_150_1200.EXP,001_RLN-NB-2443_007_E12,KAT78-2-E12-A1_KAT78-2-E12-A1_KAT78-2-E12-A1,0,0,0,0,0,0,0,0,0,0,0,0,0,0,0,bis_addition_1,0,0,0,0,0,176.0548597,14.78908386,4.419864733,195,0.7334,0,0,0,0,0,0,0,0,0,0,0,0,0,0,0,0,0,0,0,0,61.45546587,4.063375651,1.214380208,382.1,1.0101,0,0,0,0,0,0,0,0,0,0,0,0,0,0,0,196.3098951,24.02228592,7.179298959,325,1.2301,0,0,0,0,0,135.1142169,13.21364926,3.94903044,268,1.3234,0,0,0.00129946,162.4325493,0,0,0,0,0,0,0,0,0,0,0.000714779,89.34731443,0.000219804,27.47550618,0,0,0,0,0,0
E13,NC1=C(C=CC=C1)C2=C([Pd]OS(C)(=O)=O)C=CC=C2.CN(C)C3=CC=C(C=C3)P(C(C)(C)C)C(C)(C)C,APhos Pd G3,0.10161904000000001 milligram,0.16000000000000003 micromole,0.10161904000000004 microliter,C29H41N2O3PPdS,COC1=C(N)C(Cl)=NC=N1,4-chloro-6-methoxypyrimidin-5-amine,0.12766080000000002 milligram,0.8 micromole,0.12766080000000005 microliter,C5H6ClN3O,B1(OC(C(O1)(C)C)(C)C)C2=CN=C(C=C2)C,"2-methyl-5-(4,4,5,5-tetramethyl-1,3,2-dioxaborolan-2-yl)pyridine",0.21032928 milligram,0.9600000000000001 micromole,0.21032928000000006 microliter,C12H18BNO2,O=C([O-])[O-].[Na+].[Na+],Na2CO3,0.635928 milligram,6.0 micromole,0.6359280000000002 microliter,CNa2O3,CN1C=NC2=C1C(=O)N(C(=O)N2C)C,caffeine,0.1553528 milligram,0.8 micromole,0.15535280000000004 microliter,C8H10N4O2,C1COCCO1,dioxane,32.445 milligram,368.2496084262139 micromole,31.5 microliter,C4H8O2,O,water,3.5 milligram,194.2825423258396 micromole,3.5 microliter,H2O,COc1ncnc(-c2ccc(C)nc2)c1N,suzuki_product_0,0.0 milligram,0.0 micromole,0 microliter,C11H12N4O,COc1ncncc1N,dehalogenation_0,0.0 milligram,0.0 micromole,0 microliter,C5H7N3O,Cc1ccccn1,deborylation_0,0.0 milligram,0.0 micromole,0 microliter,C6H7N,COC1=C(N)C(Cl)=NC=N1.B1(OC(C(O1)(C)C)(C)C)C2=CN=C(C=C2)C>>COc1ncnc(-c2ccc(C)nc2)c1N.COc1ncncc1N.Cc1ccccn1,001_RLN-NB-2443_007_E13,,,,,,,,,3/29/23 21:04,kat78-2-e13-a1_03_22_2023_109.raw,2min_150_1200.EXP,001_RLN-NB-2443_007_E13,KAT78-2-E13-A1_KAT78-2-E13-A1_KAT78-2-E13-A1,0,0,0,0,0,0,0,0,0,0,0,0,0,0,0,deborylation_0,0,0,0,0,0,169.3010396,32.91308652,4.362531414,195,0.7334,0,0,0,0,0,0,0,0,0,0,0,0,0,0,0,0,0,0,0,0,0,0,0,0,0,0,0,0,0,0,0,0,0,0,0,0,0,0,0,0,22.59381891,3.973867072,0.526724223,216.9,0.6518,0,0,0,0,0,0,0,0,0,0,0,0,9.66E-05,12.07382076,0,0,0,0,0,0,0,0,0,0,0,0,0,0,0,0,0,0,0,0
E14,NC1=C(C=CC=C1)C2=C([Pd]OS(C)(=O)=O)C=CC=C2.CN(C)C3=CC=C(C=C3)P(C(C)(C)C)C(C)(C)C,APhos Pd G3,0.10161904000000001 milligram,0.16000000000000003 micromole,0.10161904000000004 microliter,C29H41N2O3PPdS,COC1=C(N)C(Cl)=NC=N1,4-chloro-6-methoxypyrimidin-5-amine,0.12766080000000002 milligram,0.8 micromole,0.12766080000000005 microliter,C5H6ClN3O,B1(OC(C(O1)(C)C)(C)C)C2=CN(N=C2C)C,"1,3-dimethyl-4-(4,4,5,5-tetramethyl-1,3,2-dioxaborolan-2-yl)-1H-pyrazole",0.21321311999999998 milligram,0.9600000000000001 micromole,0.21321312000000003 microliter,C11H19BN2O2,O=C([O-])[O-].[Na+].[Na+],Na2CO3,0.635928 milligram,6.0 micromole,0.6359280000000002 microliter,CNa2O3,CN1C=NC2=C1C(=O)N(C(=O)N2C)C,caffeine,0.1553528 milligram,0.8 micromole,0.15535280000000004 microliter,C8H10N4O2,C1COCCO1,dioxane,32.445 milligram,368.2496084262139 micromole,31.5 microliter,C4H8O2,O,water,3.5 milligram,194.2825423258396 micromole,3.5 microliter,H2O,COc1ncnc(-c2cn(C)nc2C)c1N,suzuki_product_0,0.0 milligram,0.0 micromole,0 microliter,C10H13N5O,COc1ncncc1N,dehalogenation_0,0.0 milligram,0.0 micromole,0 microliter,C5H7N3O,Cc1ccn(C)n1,deborylation_0,0.0 milligram,0.0 micromole,0 microliter,C5H8N2,COC1=C(N)C(Cl)=NC=N1.B1(OC(C(O1)(C)C)(C)C)C2=CN(N=C2C)C>>COc1ncnc(-c2cn(C)nc2C)c1N.COc1ncncc1N.Cc1ccn(C)n1,001_RLN-NB-2443_007_E14,,,,,,,,,3/29/23 21:07,kat78-2-e14-a1_03_22_2023_110.raw,2min_150_1200.EXP,001_RLN-NB-2443_007_E14,KAT78-2-E14-A1_KAT78-2-E14-A1_KAT78-2-E14-A1,0,0,0,0,0,0,0,0,0,0,0,0,0,0,0,deborylation_0,0,0,0,0,0,179.3597756,39.52830818,4.752395528,195,0.7334,0,0,0,0,0,0,0,0,0,0,0,0,0,0,0,0,0,0,0,0,0,0,0,0,0,0,0,0,0,0,0,0,0,0,0,0,0,0,0,0,26.17344184,6.047974106,0.727133703,220,0.6734,179.3597756,39.52830818,4.752395528,195,0.7334,0,0,0,0,0,0,0,0.000122403,15.30036165,0,0,0,0,0.0008,100,0,0,0,0,0,0,0,0,0,0,0,0,0,0
E15,NC1=C(C=CC=C1)C2=C([Pd]OS(C)(=O)=O)C=CC=C2.CN(C)C3=CC=C(C=C3)P(C(C)(C)C)C(C)(C)C,APhos Pd G3,0.10161904000000001 milligram,0.16000000000000003 micromole,0.10161904000000004 microliter,C29H41N2O3PPdS,COC1=C(N)C(Cl)=NC=N1,4-chloro-6-methoxypyrimidin-5-amine,0.12766080000000002 milligram,0.8 micromole,0.12766080000000005 microliter,C5H6ClN3O,B1(OC(C(O1)(C)C)(C)C)C2=CCN(CC2)C(=O)OC(C)(C)C,"N-Boc-1,2,5,6-tetrahydropyridine-4-boronic acid pinacol ester",0.29684640000000007 milligram,0.9600000000000001 micromole,0.2968464000000001 microliter,C16H28BNO4,O=C([O-])[O-].[Na+].[Na+],Na2CO3,0.635928 milligram,6.0 micromole,0.6359280000000002 microliter,CNa2O3,CN1C=NC2=C1C(=O)N(C(=O)N2C)C,caffeine,0.1553528 milligram,0.8 micromole,0.15535280000000004 microliter,C8H10N4O2,C1COCCO1,dioxane,32.445 milligram,368.2496084262139 micromole,31.5 microliter,C4H8O2,O,water,3.5 milligram,194.2825423258396 micromole,3.5 microliter,H2O,COc1ncnc(C2=CCN(C(=O)OC(C)(C)C)CC2)c1N,suzuki_product_0,0.0 milligram,0.0 micromole,0 microliter,C15H22N4O3,COc1ncncc1N,dehalogenation_0,0.0 milligram,0.0 micromole,0 microliter,C5H7N3O,CC(C)(C)OC(=O)N1CC=CCC1,deborylation_0,0.0 milligram,0.0 micromole,0 microliter,C10H17NO2,COC1=C(N)C(Cl)=NC=N1.B1(OC(C(O1)(C)C)(C)C)C2=CCN(CC2)C(=O)OC(C)(C)C>>COc1ncnc(C2=CCN(C(=O)OC(C)(C)C)CC2)c1N.COc1ncncc1N.CC(C)(C)OC(=O)N1CC=CCC1,001_RLN-NB-2443_007_E15,,,,,,,,,3/29/23 21:09,kat78-2-e15-a1_03_22_2023_111.raw,2min_150_1200.EXP,001_RLN-NB-2443_007_E15,KAT78-2-E15-A1_KAT78-2-E15-A1_KAT78-2-E15-A1,0,0,0,0,0,0,0,0,0,0,0,0,0,0,0,deborylation_0,0,0,0,0,0,181.7065129,23.3302629,4.48890238,194.9,0.7318,0,0,0,0,0,0,0,0,0,0,0,0,0,0,0,0,0,0,0,0,0,0,0,0,0,0,0,0,0,0,0,0,0,0,0,0,0,0,0,0,165.968906,23.320427,4.487009885,250.9,0.9968,0,0,0,0,0,0,0,0,0,0,0,0,0.000799663,99.9578406,0,0,0,0,0,0,0,0,0,0,0,0,0,0,0,0,0,0,0,0
E16,NC1=C(C=CC=C1)C2=C([Pd]OS(C)(=O)=O)C=CC=C2.CN(C)C3=CC=C(C=C3)P(C(C)(C)C)C(C)(C)C,APhos Pd G3,0.10161904000000001 milligram,0.16000000000000003 micromole,0.10161904000000004 microliter,C29H41N2O3PPdS,COC1=C(N)C(Cl)=NC=N1,4-chloro-6-methoxypyrimidin-5-amine,0.12766080000000002 milligram,0.8 micromole,0.12766080000000005 microliter,C5H6ClN3O,B1(OC(C(O1)(C)C)(C)C)C2=CCN(CC2)C(=O)OC(C)(C)C,"N-Boc-1,2,5,6-tetrahydropyridine-4-boronic acid pinacol ester",0.29684640000000007 milligram,0.9600000000000001 micromole,0.2968464000000001 microliter,C16H28BNO4,O=C([O-])[O-].[Na+].[Na+],Na2CO3,0.635928 milligram,6.0 micromole,0.6359280000000002 microliter,CNa2O3,CN1C=NC2=C1C(=O)N(C(=O)N2C)C,caffeine,0.1553528 milligram,0.8 micromole,0.15535280000000004 microliter,C8H10N4O2,C1COCCO1,dioxane,32.445 milligram,368.2496084262139 micromole,31.5 microliter,C4H8O2,O,water,3.5 milligram,194.2825423258396 micromole,3.5 microliter,H2O,COc1ncnc(C2=CCN(C(=O)OC(C)(C)C)CC2)c1N,suzuki_product_0,0.0 milligram,0.0 micromole,0 microliter,C15H22N4O3,COc1ncncc1N,dehalogenation_0,0.0 milligram,0.0 micromole,0 microliter,C5H7N3O,CC(C)(C)OC(=O)N1CC=CCC1,deborylation_0,0.0 milligram,0.0 micromole,0 microliter,C10H17NO2,COC1=C(N)C(Cl)=NC=N1.B1(OC(C(O1)(C)C)(C)C)C2=CCN(CC2)C(=O)OC(C)(C)C>>COc1ncnc(C2=CCN(C(=O)OC(C)(C)C)CC2)c1N.COc1ncncc1N.CC(C)(C)OC(=O)N1CC=CCC1,001_RLN-NB-2443_007_E16,,,,,,,,,3/29/23 21:12,kat78-2-e16-a1_03_22_2023_112.raw,2min_150_1200.EXP,001_RLN-NB-2443_007_E16,KAT78-2-E16-A1_KAT78-2-E16-A1_KAT78-2-E16-A1,0,0,0,0,0,0,0,0,0,0,0,0,0,0,0,deborylation_0,0,0,0,0,0,176.317549,19.55451724,4.292765199,195,0.7318,0,0,0,0,0,0,0,0,0,0,0,0,0,0,0,0,0,0,0,0,0,0,0,0,0,0,0,0,0,0,0,0,0,0,0,0,0,0,0,0,182.8842589,23.49675254,5.158196459,307,0.9951,0,0,0,0,0,0,0,0,0,0,0,0,0.000961282,120.1602282,0,0,0,0,0,0,0,0,0,0,0,0,0,0,0,0,0,0,0,0
E17,NC1=C(C=CC=C1)C2=C([Pd]OS(C)(=O)=O)C=CC=C2.CN(C)C3=CC=C(C=C3)P(C(C)(C)C)C(C)(C)C,APhos Pd G3,0.10161904000000001 milligram,0.16000000000000003 micromole,0.10161904000000004 microliter,C29H41N2O3PPdS,COC1=C(N)C(Cl)=NC=N1,4-chloro-6-methoxypyrimidin-5-amine,0.12766080000000002 milligram,0.8 micromole,0.12766080000000005 microliter,C5H6ClN3O,B1(OC(C(O1)(C)C)(C)C)C2=CC=C(C=C2)N,"4-(4,4,5,5-tetramethyl-1,3,2-dioxaborolan-2-yl)aniline",0.21032928 milligram,0.9600000000000001 micromole,0.21032928000000006 microliter,C12H18BNO2,O=C([O-])[O-].[Na+].[Na+],Na2CO3,0.635928 milligram,6.0 micromole,0.6359280000000002 microliter,CNa2O3,CN1C=NC2=C1C(=O)N(C(=O)N2C)C,caffeine,0.1553528 milligram,0.8 micromole,0.15535280000000004 microliter,C8H10N4O2,C1COCCO1,dioxane,32.445 milligram,368.2496084262139 micromole,31.5 microliter,C4H8O2,O,water,3.5 milligram,194.2825423258396 micromole,3.5 microliter,H2O,COc1ncnc(-c2ccc(N)cc2)c1N,suzuki_product_0,0.0 milligram,0.0 micromole,0 microliter,C11H12N4O,COc1ncncc1N,dehalogenation_0,0.0 milligram,0.0 micromole,0 microliter,C5H7N3O,Nc1ccccc1,deborylation_0,0.0 milligram,0.0 micromole,0 microliter,C6H7N,COC1=C(N)C(Cl)=NC=N1.B1(OC(C(O1)(C)C)(C)C)C2=CC=C(C=C2)N>>COc1ncnc(-c2ccc(N)cc2)c1N.COc1ncncc1N.Nc1ccccc1,001_RLN-NB-2443_007_E17,,,,,,,,,3/29/23 21:14,kat78-2-e17-a1_03_22_2023_113.raw,2min_150_1200.EXP,001_RLN-NB-2443_007_E17,KAT78-2-E17-A1_KAT78-2-E17-A1_KAT78-2-E17-A1,0,0,0,0,0,0,0,0,0,0,0,0,0,0,0,deborylation_0,0,0,0,0,0,190.0090728,34.16432372,4.802132239,194.9,0.7334,0,0,0,0,0,0,0,0,0,0,0,0,0,0,0,0,0,0,0,0,0,0,0,0,0,0,0,0,0,0,0,0,0,0,0,0,0,0,0,0,62.56154859,12.14528877,1.707139975,216.9,0.6551,0,0,0,0,0,0,0,0,0,0,0,0,0.000284397,35.54962441,0,0,0,0,0,0,0,0,0,0,0,0,0,0,0,0,0,0,0,0
E18,NC1=C(C=CC=C1)C2=C([Pd]OS(C)(=O)=O)C=CC=C2.CN(C)C3=CC=C(C=C3)P(C(C)(C)C)C(C)(C)C,APhos Pd G3,0.10161904000000001 milligram,0.16000000000000003 micromole,0.10161904000000004 microliter,C29H41N2O3PPdS,COC1=C(N)C(Cl)=NC=N1,4-chloro-6-methoxypyrimidin-5-amine,0.12766080000000002 milligram,0.8 micromole,0.12766080000000005 microliter,C5H6ClN3O,B1(OC(C(O1)(C)C)(C)C)C2=CC=C(C=C2)N,"4-(4,4,5,5-tetramethyl-1,3,2-dioxaborolan-2-yl)aniline",0.21032928 milligram,0.9600000000000001 micromole,0.21032928000000006 microliter,C12H18BNO2,O=C([O-])[O-].[Na+].[Na+],Na2CO3,0.635928 milligram,6.0 micromole,0.6359280000000002 microliter,CNa2O3,CN1C=NC2=C1C(=O)N(C(=O)N2C)C,caffeine,0.1553528 milligram,0.8 micromole,0.15535280000000004 microliter,C8H10N4O2,C1COCCO1,dioxane,32.445 milligram,368.2496084262139 micromole,31.5 microliter,C4H8O2,O,water,3.5 milligram,194.2825423258396 micromole,3.5 microliter,H2O,COc1ncnc(-c2ccc(N)cc2)c1N,suzuki_product_0,0.0 milligram,0.0 micromole,0 microliter,C11H12N4O,COc1ncncc1N,dehalogenation_0,0.0 milligram,0.0 micromole,0 microliter,C5H7N3O,Nc1ccccc1,deborylation_0,0.0 milligram,0.0 micromole,0 microliter,C6H7N,COC1=C(N)C(Cl)=NC=N1.B1(OC(C(O1)(C)C)(C)C)C2=CC=C(C=C2)N>>COc1ncnc(-c2ccc(N)cc2)c1N.COc1ncncc1N.Nc1ccccc1,001_RLN-NB-2443_007_E18,,,,,,,,,3/29/23 21:17,kat78-2-e18-a1_03_22_2023_114.raw,2min_150_1200.EXP,001_RLN-NB-2443_007_E18,KAT78-2-E18-A1_KAT78-2-E18-A1_KAT78-2-E18-A1,0,0,0,0,0,0,0,0,0,0,0,0,0,0,0,deborylation_0,0,0,0,0,0,178.6158136,33.10311838,4.426256909,195.1,0.7318,0,0,0,0,0,0,0,0,0,0,0,0,0,0,0,0,0,0,0,0,0,0,0,0,0,0,0,0,0,0,0,0,0,0,0,0,0,0,0,0,53.83323735,11.1708373,1.4936658,217,0.6551,0,0,0,0,0,0,0,0,0,0,0,0,0.000269965,33.74557398,0,0,0,0,0,0,0,0,0,0,0,0,0,0,0,0,0,0,0,0
E19,NC1=C(C=CC=C1)C2=C([Pd]OS(C)(=O)=O)C=CC=C2.CN(C)C3=CC=C(C=C3)P(C(C)(C)C)C(C)(C)C,APhos Pd G3,0.10161904000000001 milligram,0.16000000000000003 micromole,0.10161904000000004 microliter,C29H41N2O3PPdS,CC1=C(N2CCCC2=O)C=CC(Br)=C1,1-(4-bromo-2-methylphenyl)pyrrolidin-2-one,0.20330160000000003 milligram,0.8 micromole,0.20330160000000008 microliter,C11H12BrNO,B1(OC(C(O1)(C)C)(C)C)C2=CN=C(C=C2)C,"2-methyl-5-(4,4,5,5-tetramethyl-1,3,2-dioxaborolan-2-yl)pyridine",0.21032928 milligram,0.9600000000000001 micromole,0.21032928000000006 microliter,C12H18BNO2,O=C([O-])[O-].[Na+].[Na+],Na2CO3,0.635928 milligram,6.0 micromole,0.6359280000000002 microliter,CNa2O3,CN1C=NC2=C1C(=O)N(C(=O)N2C)C,caffeine,0.1553528 milligram,0.8 micromole,0.15535280000000004 microliter,C8H10N4O2,C1COCCO1,dioxane,32.445 milligram,368.2496084262139 micromole,31.5 microliter,C4H8O2,O,water,3.5 milligram,194.2825423258396 micromole,3.5 microliter,H2O,Cc1ccc(-c2ccc(N3CCCC3=O)c(C)c2)cn1,suzuki_product_0,0.0 milligram,0.0 micromole,0 microliter,C17H18N2O,Cc1ccccc1N1CCCC1=O,dehalogenation_0,0.0 milligram,0.0 micromole,0 microliter,C11H13NO,Cc1ccccn1,deborylation_0,0.0 milligram,0.0 micromole,0 microliter,C6H7N,CC1=C(N2CCCC2=O)C=CC(Br)=C1.B1(OC(C(O1)(C)C)(C)C)C2=CN=C(C=C2)C>>Cc1ccc(-c2ccc(N3CCCC3=O)c(C)c2)cn1.Cc1ccccc1N1CCCC1=O.Cc1ccccn1,001_RLN-NB-2443_007_E19,,,,,,,,,3/29/23 21:19,kat78-2-e19-a1_03_22_2023_115.raw,2min_150_1200.EXP,001_RLN-NB-2443_007_E19,KAT78-2-E19-A1_KAT78-2-E19-A1_KAT78-2-E19-A1,0,0,0,0,0,0,0,0,0,0,0,0,0,0,0,deborylation_0,0,0,0,0,0,180.2165961,19.58660962,4.072695247,195,0.7334,0,0,0,0,0,13.71963673,1.244083432,0.25868554,175.9,1.0601,0,0,0,0,0,0,0,0,0,0,0,0,0,0,0,0,0,0,0,0,0,0,0,0,0,44.14977252,4.547979247,0.945673285,255.9,1.1868,218.5841812,31.86241289,6.625235302,267.1,0.7751,0,0,0,0,0,0,0,0,0,0,0,0,0.001301396,162.6744674,5.08E-05,6.351703821,0,0,0,0,0,0,0,0,0,0,0,0,0,0,0,0,0.000185759,23.21983914
E20,NC1=C(C=CC=C1)C2=C([Pd]OS(C)(=O)=O)C=CC=C2.CN(C)C3=CC=C(C=C3)P(C(C)(C)C)C(C)(C)C,APhos Pd G3,0.10161904000000001 milligram,0.16000000000000003 micromole,0.10161904000000004 microliter,C29H41N2O3PPdS,CC1=C(N2CCCC2=O)C=CC(Br)=C1,1-(4-bromo-2-methylphenyl)pyrrolidin-2-one,0.20330160000000003 milligram,0.8 micromole,0.20330160000000008 microliter,C11H12BrNO,B1(OC(C(O1)(C)C)(C)C)C2=CN(N=C2C)C,"1,3-dimethyl-4-(4,4,5,5-tetramethyl-1,3,2-dioxaborolan-2-yl)-1H-pyrazole",0.21321311999999998 milligram,0.9600000000000001 micromole,0.21321312000000003 microliter,C11H19BN2O2,O=C([O-])[O-].[Na+].[Na+],Na2CO3,0.635928 milligram,6.0 micromole,0.6359280000000002 microliter,CNa2O3,CN1C=NC2=C1C(=O)N(C(=O)N2C)C,caffeine,0.1553528 milligram,0.8 micromole,0.15535280000000004 microliter,C8H10N4O2,C1COCCO1,dioxane,32.445 milligram,368.2496084262139 micromole,31.5 microliter,C4H8O2,O,water,3.5 milligram,194.2825423258396 micromole,3.5 microliter,H2O,Cc1cc(-c2cn(C)nc2C)ccc1N1CCCC1=O,suzuki_product_0,0.0 milligram,0.0 micromole,0 microliter,C16H19N3O,Cc1ccccc1N1CCCC1=O,dehalogenation_0,0.0 milligram,0.0 micromole,0 microliter,C11H13NO,Cc1ccn(C)n1,deborylation_0,0.0 milligram,0.0 micromole,0 microliter,C5H8N2,CC1=C(N2CCCC2=O)C=CC(Br)=C1.B1(OC(C(O1)(C)C)(C)C)C2=CN(N=C2C)C>>Cc1cc(-c2cn(C)nc2C)ccc1N1CCCC1=O.Cc1ccccc1N1CCCC1=O.Cc1ccn(C)n1,001_RLN-NB-2443_007_E20,,,,,,,,,3/29/23 21:22,kat78-2-e20-a1_03_22_2023_116.raw,2min_150_1200.EXP,001_RLN-NB-2443_007_E20,KAT78-2-E20-A1_KAT78-2-E20-A1_KAT78-2-E20-A1,0,0,0,0,0,0,0,0,0,0,0,0,0,0,0,deborylation_0,0,0,0,0,0,166.2812015,38.04139282,4.386458895,195,0.7334,0,0,0,0,0,0,0,0,0,0,0,0,0,0,0,0,0,0,0,0,0,0,0,0,0,0,0,0,0,0,0,0,0,0,0,0,0,0,0,0,0,0,0,0,0,0,0,0,0,0,0,0,0,0,0,0,0,0,0,0,0,0,0,0,0,0,0,0,0,0,0,0,0,0,0,0,0,0,0
E21,NC1=C(C=CC=C1)C2=C([Pd]OS(C)(=O)=O)C=CC=C2.CN(C)C3=CC=C(C=C3)P(C(C)(C)C)C(C)(C)C,APhos Pd G3,0.10161904000000001 milligram,0.16000000000000003 micromole,0.10161904000000004 microliter,C29H41N2O3PPdS,CC1=C(N2CCCC2=O)C=CC(Br)=C1,1-(4-bromo-2-methylphenyl)pyrrolidin-2-one,0.20330160000000003 milligram,0.8 micromole,0.20330160000000008 microliter,C11H12BrNO,B1(OC(C(O1)(C)C)(C)C)C2=CCN(CC2)C(=O)OC(C)(C)C,"N-Boc-1,2,5,6-tetrahydropyridine-4-boronic acid pinacol ester",0.29684640000000007 milligram,0.9600000000000001 micromole,0.2968464000000001 microliter,C16H28BNO4,O=C([O-])[O-].[Na+].[Na+],Na2CO3,0.635928 milligram,6.0 micromole,0.6359280000000002 microliter,CNa2O3,CN1C=NC2=C1C(=O)N(C(=O)N2C)C,caffeine,0.1553528 milligram,0.8 micromole,0.15535280000000004 microliter,C8H10N4O2,C1COCCO1,dioxane,32.445 milligram,368.2496084262139 micromole,31.5 microliter,C4H8O2,O,water,3.5 milligram,194.2825423258396 micromole,3.5 microliter,H2O,Cc1cc(C2=CCN(C(=O)OC(C)(C)C)CC2)ccc1N1CCCC1=O,suzuki_product_0,0.0 milligram,0.0 micromole,0 microliter,C21H28N2O3,Cc1ccccc1N1CCCC1=O,dehalogenation_0,0.0 milligram,0.0 micromole,0 microliter,C11H13NO,CC(C)(C)OC(=O)N1CC=CCC1,deborylation_0,0.0 milligram,0.0 micromole,0 microliter,C10H17NO2,CC1=C(N2CCCC2=O)C=CC(Br)=C1.B1(OC(C(O1)(C)C)(C)C)C2=CCN(CC2)C(=O)OC(C)(C)C>>Cc1cc(C2=CCN(C(=O)OC(C)(C)C)CC2)ccc1N1CCCC1=O.Cc1ccccc1N1CCCC1=O.CC(C)(C)OC(=O)N1CC=CCC1,001_RLN-NB-2443_007_E21,,,,,,,,,3/29/23 21:24,kat78-2-e21-a1_03_22_2023_117.raw,2min_150_1200.EXP,001_RLN-NB-2443_007_E21,KAT78-2-E21-A1_KAT78-2-E21-A1_KAT78-2-E21-A1,0,0,0,0,0,0,0,0,0,0,0,0,0,0,0,deborylation_0,0,0,0,0,0,174.8584401,16.20927913,4.438118129,195,0.7318,0,0,0,0,0,0,0,0,0,0,0,0,0,0,0,0,0,0,0,0,0,0,0,0,0,0,0,0,0,0,0,0,0,0,0,50.58280604,3.876175618,1.06130107,255.7,1.1868,315.7031087,39.83423776,10.90665731,357.2,1.3251,0,0,0,0,0,0,0,0,0,0,0,0,0.001965997,245.7495947,0,0,0,0,0,0,0,0,0,0,0,0,0,0,0,0,0,0,0.000191307,23.91331279
E22,NC1=C(C=CC=C1)C2=C([Pd]OS(C)(=O)=O)C=CC=C2.CN(C)C3=CC=C(C=C3)P(C(C)(C)C)C(C)(C)C,APhos Pd G3,0.10161904000000001 milligram,0.16000000000000003 micromole,0.10161904000000004 microliter,C29H41N2O3PPdS,CC1=C(N2CCCC2=O)C=CC(Br)=C1,1-(4-bromo-2-methylphenyl)pyrrolidin-2-one,0.20330160000000003 milligram,0.8 micromole,0.20330160000000008 microliter,C11H12BrNO,B1(OC(C(O1)(C)C)(C)C)C2=CCN(CC2)C(=O)OC(C)(C)C,"N-Boc-1,2,5,6-tetrahydropyridine-4-boronic acid pinacol ester",0.29684640000000007 milligram,0.9600000000000001 micromole,0.2968464000000001 microliter,C16H28BNO4,O=C([O-])[O-].[Na+].[Na+],Na2CO3,0.635928 milligram,6.0 micromole,0.6359280000000002 microliter,CNa2O3,CN1C=NC2=C1C(=O)N(C(=O)N2C)C,caffeine,0.1553528 milligram,0.8 micromole,0.15535280000000004 microliter,C8H10N4O2,C1COCCO1,dioxane,32.445 milligram,368.2496084262139 micromole,31.5 microliter,C4H8O2,O,water,3.5 milligram,194.2825423258396 micromole,3.5 microliter,H2O,Cc1cc(C2=CCN(C(=O)OC(C)(C)C)CC2)ccc1N1CCCC1=O,suzuki_product_0,0.0 milligram,0.0 micromole,0 microliter,C21H28N2O3,Cc1ccccc1N1CCCC1=O,dehalogenation_0,0.0 milligram,0.0 micromole,0 microliter,C11H13NO,CC(C)(C)OC(=O)N1CC=CCC1,deborylation_0,0.0 milligram,0.0 micromole,0 microliter,C10H17NO2,CC1=C(N2CCCC2=O)C=CC(Br)=C1.B1(OC(C(O1)(C)C)(C)C)C2=CCN(CC2)C(=O)OC(C)(C)C>>Cc1cc(C2=CCN(C(=O)OC(C)(C)C)CC2)ccc1N1CCCC1=O.Cc1ccccc1N1CCCC1=O.CC(C)(C)OC(=O)N1CC=CCC1,001_RLN-NB-2443_007_E22,,,,,,,,,3/29/23 21:26,kat78-2-e22-a1_03_22_2023_118.raw,2min_150_1200.EXP,001_RLN-NB-2443_007_E22,KAT78-2-E22-A1_KAT78-2-E22-A1_KAT78-2-E22-A1,0,0,0,0,0,0,0,0,0,0,0,0,0,0,0,deborylation_0,0,0,0,0,0,186.1889197,21.99422949,4.755840921,195,0.7318,0,0,0,0,0,0,0,0,0,0,0,0,0,0,0,0,0,0,0,0,0,0,0,0,0,0,0,0,0,0,0,0,0,0,0,0,0,0,0,0,43.0314584,7.072948736,1.529392928,250.9,1.3201,0,0,0,0,0,0,0,0,0,0,0,0,0.000257266,32.15820194,0,0,0,0,0,0,0,0,0,0,0,0,0,0,0,0,0,0,0,0
E23,NC1=C(C=CC=C1)C2=C([Pd]OS(C)(=O)=O)C=CC=C2.CN(C)C3=CC=C(C=C3)P(C(C)(C)C)C(C)(C)C,APhos Pd G3,0.10161904000000001 milligram,0.16000000000000003 micromole,0.10161904000000004 microliter,C29H41N2O3PPdS,CC1=C(N2CCCC2=O)C=CC(Br)=C1,1-(4-bromo-2-methylphenyl)pyrrolidin-2-one,0.20330160000000003 milligram,0.8 micromole,0.20330160000000008 microliter,C11H12BrNO,B1(OC(C(O1)(C)C)(C)C)C2=CC=C(C=C2)N,"4-(4,4,5,5-tetramethyl-1,3,2-dioxaborolan-2-yl)aniline",0.21032928 milligram,0.9600000000000001 micromole,0.21032928000000006 microliter,C12H18BNO2,O=C([O-])[O-].[Na+].[Na+],Na2CO3,0.635928 milligram,6.0 micromole,0.6359280000000002 microliter,CNa2O3,CN1C=NC2=C1C(=O)N(C(=O)N2C)C,caffeine,0.1553528 milligram,0.8 micromole,0.15535280000000004 microliter,C8H10N4O2,C1COCCO1,dioxane,32.445 milligram,368.2496084262139 micromole,31.5 microliter,C4H8O2,O,water,3.5 milligram,194.2825423258396 micromole,3.5 microliter,H2O,Cc1cc(-c2ccc(N)cc2)ccc1N1CCCC1=O,suzuki_product_0,0.0 milligram,0.0 micromole,0 microliter,C17H18N2O,Cc1ccccc1N1CCCC1=O,dehalogenation_0,0.0 milligram,0.0 micromole,0 microliter,C11H13NO,Nc1ccccc1,deborylation_0,0.0 milligram,0.0 micromole,0 microliter,C6H7N,CC1=C(N2CCCC2=O)C=CC(Br)=C1.B1(OC(C(O1)(C)C)(C)C)C2=CC=C(C=C2)N>>Cc1cc(-c2ccc(N)cc2)ccc1N1CCCC1=O.Cc1ccccc1N1CCCC1=O.Nc1ccccc1,001_RLN-NB-2443_007_E23,,,,,,,,,3/29/23 21:29,kat78-2-e23-a1_03_22_2023_119.raw,2min_150_1200.EXP,001_RLN-NB-2443_007_E23,KAT78-2-E23-A1_KAT78-2-E23-A1_KAT78-2-E23-A1,0,0,0,0,0,0,0,0,0,0,0,0,0,0,0,deborylation_0,0,0,0,0,0,212.0224006,22.70998881,5.242621195,195,0.7334,0,0,0,0,0,0,0,0,0,0,0,0,0,0,0,30.76444771,4.028892319,0.93007339,220.1,1.0984,0,0,0,0,0,0,0,0,0,0,0,0,0,0,0,182.6599971,21.22505995,4.899824044,502.2,1.1868,198.8962097,24.04733037,5.551347689,267,0.8868,0,0,0,0,0,0,0,0,0,0,0,0,0.00084711,105.8887812,0,0,0,0,0,0,0,0,0.000141925,17.74061781,0,0,0,0,0,0,0,0,0.000747691,93.46134045
E24,NC1=C(C=CC=C1)C2=C([Pd]OS(C)(=O)=O)C=CC=C2.CN(C)C3=CC=C(C=C3)P(C(C)(C)C)C(C)(C)C,APhos Pd G3,0.10161904000000001 milligram,0.16000000000000003 micromole,0.10161904000000004 microliter,C29H41N2O3PPdS,CC1=C(N2CCCC2=O)C=CC(Br)=C1,1-(4-bromo-2-methylphenyl)pyrrolidin-2-one,0.20330160000000003 milligram,0.8 micromole,0.20330160000000008 microliter,C11H12BrNO,B1(OC(C(O1)(C)C)(C)C)C2=CC=C(C=C2)N,"4-(4,4,5,5-tetramethyl-1,3,2-dioxaborolan-2-yl)aniline",0.21032928 milligram,0.9600000000000001 micromole,0.21032928000000006 microliter,C12H18BNO2,O=C([O-])[O-].[Na+].[Na+],Na2CO3,0.635928 milligram,6.0 micromole,0.6359280000000002 microliter,CNa2O3,CN1C=NC2=C1C(=O)N(C(=O)N2C)C,caffeine,0.1553528 milligram,0.8 micromole,0.15535280000000004 microliter,C8H10N4O2,C1COCCO1,dioxane,32.445 milligram,368.2496084262139 micromole,31.5 microliter,C4H8O2,O,water,3.5 milligram,194.2825423258396 micromole,3.5 microliter,H2O,Cc1cc(-c2ccc(N)cc2)ccc1N1CCCC1=O,suzuki_product_0,0.0 milligram,0.0 micromole,0 microliter,C17H18N2O,Cc1ccccc1N1CCCC1=O,dehalogenation_0,0.0 milligram,0.0 micromole,0 microliter,C11H13NO,Nc1ccccc1,deborylation_0,0.0 milligram,0.0 micromole,0 microliter,C6H7N,CC1=C(N2CCCC2=O)C=CC(Br)=C1.B1(OC(C(O1)(C)C)(C)C)C2=CC=C(C=C2)N>>Cc1cc(-c2ccc(N)cc2)ccc1N1CCCC1=O.Cc1ccccc1N1CCCC1=O.Nc1ccccc1,001_RLN-NB-2443_007_E24,,,,,,,,,3/29/23 21:31,kat78-2-e24-a1_03_22_2023_120.raw,2min_150_1200.EXP,001_RLN-NB-2443_007_E24,KAT78-2-E24-A1_KAT78-2-E24-A1_KAT78-2-E24-A1,0,0,0,0,0,0,0,0,0,0,0,0,0,0,0,deborylation_0,0,0,0,0,0,243.7551756,24.21356765,6.23165432,194.9,0.7334,0,0,0,0,0,0,0,0,0,0,0,0,0,0,0,0,0,0,0,0,0,0,0,0,0,0,0,0,0,0,0,0,0,0,0,163.1654265,14.96838096,3.852293773,253.9,1.1901,157.8065063,17.0373307,4.384762998,266.9,0.8868,0,0,0,0,0,0,0,0,0,0,0,0,0.000562902,70.36274434,0,0,0,0,0,0,0,0,0,0,0,0,0,0,0,0,0,0,0.000494545,61.81815574
F1,NC1=C(C=CC=C1)C2=C([Pd]OS(C)(=O)=O)C=CC=C2.CN(C)C3=CC=C(C=C3)P(C(C)(C)C)C(C)(C)C,APhos Pd G3,0.10161904000000001 milligram,0.16000000000000003 micromole,0.10161904000000004 microliter,C29H41N2O3PPdS,BrC1=CC=CN2C=CN=C12,"8-bromoimidazo[1,2-a]pyridine",0.15762800000000002 milligram,0.8 micromole,0.15762800000000005 microliter,C7H5BrN2,B1(OC(C(O1)(C)C)(C)C)C2=CN=C(C=C2)C,"2-methyl-5-(4,4,5,5-tetramethyl-1,3,2-dioxaborolan-2-yl)pyridine",0.21032928 milligram,0.9600000000000001 micromole,0.21032928000000006 microliter,C12H18BNO2,O=C([O-])[O-].[Na+].[Na+],Na2CO3,0.635928 milligram,6.0 micromole,0.6359280000000002 microliter,CNa2O3,CN1C=NC2=C1C(=O)N(C(=O)N2C)C,caffeine,0.1553528 milligram,0.8 micromole,0.15535280000000004 microliter,C8H10N4O2,C1COCCO1,dioxane,32.445 milligram,368.2496084262139 micromole,31.5 microliter,C4H8O2,O,water,3.5 milligram,194.2825423258396 micromole,3.5 microliter,H2O,Cc1ccc(-c2cccn3ccnc23)cn1,suzuki_product_0,0.0 milligram,0.0 micromole,0 microliter,C13H11N3,c1ccn2ccnc2c1,dehalogenation_0,0.0 milligram,0.0 micromole,0 microliter,C7H6N2,Cc1ccccn1,deborylation_0,0.0 milligram,0.0 micromole,0 microliter,C6H7N,BrC1=CC=CN2C=CN=C12.B1(OC(C(O1)(C)C)(C)C)C2=CN=C(C=C2)C>>Cc1ccc(-c2cccn3ccnc23)cn1.c1ccn2ccnc2c1.Cc1ccccn1,001_RLN-NB-2443_007_F1,,,,,,,,,3/29/23 21:34,kat78-2-f1-a1_03_22_2023_121.raw,2min_150_1200.EXP,001_RLN-NB-2443_007_F1,KAT78-2-F1-A1_KAT78-2-F1-A1_KAT78-2-F1-A1,0,0,0,0,0,0,0,0,0,0,0,0,0,0,0,deborylation_0,187.6820696,25.25478135,4.750996295,194.9,0.7334,187.6820696,25.25478135,4.750996295,194.9,0.7334,0,0,0,0,0,0,0,0,0,0,0,0,0,0,0,0,0,0,0,0,0,0,0,0,0,0,0,0,0,0,0,0,0,0,0,0,0,0,0,0,30.22110135,4.623957745,0.869871167,210,0.5884,0,0,0,0,0,0,0,0,0,0,0.0008,100,0.000146474,18.3092369,0,0,0,0,0,0,0,0,0,0,0,0,0,0,0,0,0,0,0,0
F2,NC1=C(C=CC=C1)C2=C([Pd]OS(C)(=O)=O)C=CC=C2.CN(C)C3=CC=C(C=C3)P(C(C)(C)C)C(C)(C)C,APhos Pd G3,0.10161904000000001 milligram,0.16000000000000003 micromole,0.10161904000000004 microliter,C29H41N2O3PPdS,BrC1=CC=CN2C=CN=C12,"8-bromoimidazo[1,2-a]pyridine",0.15762800000000002 milligram,0.8 micromole,0.15762800000000005 microliter,C7H5BrN2,B1(OC(C(O1)(C)C)(C)C)C2=CN(N=C2C)C,"1,3-dimethyl-4-(4,4,5,5-tetramethyl-1,3,2-dioxaborolan-2-yl)-1H-pyrazole",0.21321311999999998 milligram,0.9600000000000001 micromole,0.21321312000000003 microliter,C11H19BN2O2,O=C([O-])[O-].[Na+].[Na+],Na2CO3,0.635928 milligram,6.0 micromole,0.6359280000000002 microliter,CNa2O3,CN1C=NC2=C1C(=O)N(C(=O)N2C)C,caffeine,0.1553528 milligram,0.8 micromole,0.15535280000000004 microliter,C8H10N4O2,C1COCCO1,dioxane,32.445 milligram,368.2496084262139 micromole,31.5 microliter,C4H8O2,O,water,3.5 milligram,194.2825423258396 micromole,3.5 microliter,H2O,Cc1nn(C)cc1-c1cccn2ccnc12,suzuki_product_0,0.0 milligram,0.0 micromole,0 microliter,C12H12N4,c1ccn2ccnc2c1,dehalogenation_0,0.0 milligram,0.0 micromole,0 microliter,C7H6N2,Cc1ccn(C)n1,deborylation_0,0.0 milligram,0.0 micromole,0 microliter,C5H8N2,BrC1=CC=CN2C=CN=C12.B1(OC(C(O1)(C)C)(C)C)C2=CN(N=C2C)C>>Cc1nn(C)cc1-c1cccn2ccnc12.c1ccn2ccnc2c1.Cc1ccn(C)n1,001_RLN-NB-2443_007_F2,,,,,,,,,3/29/23 21:36,kat78-2-f2-a1_03_22_2023_122.raw,2min_150_1200.EXP,001_RLN-NB-2443_007_F2,KAT78-2-F2-A1_KAT78-2-F2-A1_KAT78-2-F2-A1,0,0,0,0,0,0,0,0,0,0,0,0,0,0,0,deborylation_0,0,0,0,0,0,180.3481801,36.18555011,4.778407606,194.9,0.7334,0,0,0,0,0,0,0,0,0,0,0,0,0,0,0,0,0,0,0,0,0,0,0,0,0,0,0,0,0,0,0,0,0,0,0,0,0,0,0,0,15.76761618,2.362299752,0.311948584,213,0.6551,14.22319763,2.285382831,0.301791479,222.9,0.6968,0,0,0,0,0,0,0,5.22E-05,6.528295809,0,0,0,0,5.05E-05,6.315733279,0,0,0,0,0,0,0,0,0,0,0,0,0,0
F3,NC1=C(C=CC=C1)C2=C([Pd]OS(C)(=O)=O)C=CC=C2.CN(C)C3=CC=C(C=C3)P(C(C)(C)C)C(C)(C)C,APhos Pd G3,0.10161904000000001 milligram,0.16000000000000003 micromole,0.10161904000000004 microliter,C29H41N2O3PPdS,BrC1=CC=CN2C=CN=C12,"8-bromoimidazo[1,2-a]pyridine",0.15762800000000002 milligram,0.8 micromole,0.15762800000000005 microliter,C7H5BrN2,B1(OC(C(O1)(C)C)(C)C)C2=CCN(CC2)C(=O)OC(C)(C)C,"N-Boc-1,2,5,6-tetrahydropyridine-4-boronic acid pinacol ester",0.29684640000000007 milligram,0.9600000000000001 micromole,0.2968464000000001 microliter,C16H28BNO4,O=C([O-])[O-].[Na+].[Na+],Na2CO3,0.635928 milligram,6.0 micromole,0.6359280000000002 microliter,CNa2O3,CN1C=NC2=C1C(=O)N(C(=O)N2C)C,caffeine,0.1553528 milligram,0.8 micromole,0.15535280000000004 microliter,C8H10N4O2,C1COCCO1,dioxane,32.445 milligram,368.2496084262139 micromole,31.5 microliter,C4H8O2,O,water,3.5 milligram,194.2825423258396 micromole,3.5 microliter,H2O,CC(C)(C)OC(=O)N1CC=C(c2cccn3ccnc23)CC1,suzuki_product_0,0.0 milligram,0.0 micromole,0 microliter,C17H21N3O2,c1ccn2ccnc2c1,dehalogenation_0,0.0 milligram,0.0 micromole,0 microliter,C7H6N2,CC(C)(C)OC(=O)N1CC=CCC1,deborylation_0,0.0 milligram,0.0 micromole,0 microliter,C10H17NO2,BrC1=CC=CN2C=CN=C12.B1(OC(C(O1)(C)C)(C)C)C2=CCN(CC2)C(=O)OC(C)(C)C>>CC(C)(C)OC(=O)N1CC=C(c2cccn3ccnc23)CC1.c1ccn2ccnc2c1.CC(C)(C)OC(=O)N1CC=CCC1,001_RLN-NB-2443_007_F3,,,,,,,,,3/29/23 21:39,kat78-2-f3-a1_03_22_2023_123.raw,2min_150_1200.EXP,001_RLN-NB-2443_007_F3,KAT78-2-F3-A1_KAT78-2-F3-A1_KAT78-2-F3-A1,0,0,0,0,0,0,0,0,0,0,0,0,0,0,0,deborylation_0,0,0,0,0,0,178.4565563,17.94015835,4.473104849,195,0.7334,0,0,0,0,0,0,0,0,0,0,0,0,0,0,0,0,0,0,0,0,0,0,0,0,0,0,0,0,0,0,0,0,0,0,0,0,0,0,0,0,198.9228546,22.40716101,5.586883828,243.9,0.8701,0,0,0,0,0,0,0,0,0,0,0,0,0.000999196,124.8994606,0,0,0,0,0,0,0,0,0,0,0,0,0,0,0,0,0,0,0,0
F4,NC1=C(C=CC=C1)C2=C([Pd]OS(C)(=O)=O)C=CC=C2.CN(C)C3=CC=C(C=C3)P(C(C)(C)C)C(C)(C)C,APhos Pd G3,0.10161904000000001 milligram,0.16000000000000003 micromole,0.10161904000000004 microliter,C29H41N2O3PPdS,BrC1=CC=CN2C=CN=C12,"8-bromoimidazo[1,2-a]pyridine",0.15762800000000002 milligram,0.8 micromole,0.15762800000000005 microliter,C7H5BrN2,B1(OC(C(O1)(C)C)(C)C)C2=CCN(CC2)C(=O)OC(C)(C)C,"N-Boc-1,2,5,6-tetrahydropyridine-4-boronic acid pinacol ester",0.29684640000000007 milligram,0.9600000000000001 micromole,0.2968464000000001 microliter,C16H28BNO4,O=C([O-])[O-].[Na+].[Na+],Na2CO3,0.635928 milligram,6.0 micromole,0.6359280000000002 microliter,CNa2O3,CN1C=NC2=C1C(=O)N(C(=O)N2C)C,caffeine,0.1553528 milligram,0.8 micromole,0.15535280000000004 microliter,C8H10N4O2,C1COCCO1,dioxane,32.445 milligram,368.2496084262139 micromole,31.5 microliter,C4H8O2,O,water,3.5 milligram,194.2825423258396 micromole,3.5 microliter,H2O,CC(C)(C)OC(=O)N1CC=C(c2cccn3ccnc23)CC1,suzuki_product_0,0.0 milligram,0.0 micromole,0 microliter,C17H21N3O2,c1ccn2ccnc2c1,dehalogenation_0,0.0 milligram,0.0 micromole,0 microliter,C7H6N2,CC(C)(C)OC(=O)N1CC=CCC1,deborylation_0,0.0 milligram,0.0 micromole,0 microliter,C10H17NO2,BrC1=CC=CN2C=CN=C12.B1(OC(C(O1)(C)C)(C)C)C2=CCN(CC2)C(=O)OC(C)(C)C>>CC(C)(C)OC(=O)N1CC=C(c2cccn3ccnc23)CC1.c1ccn2ccnc2c1.CC(C)(C)OC(=O)N1CC=CCC1,001_RLN-NB-2443_007_F4,,,,,,,,,3/29/23 21:41,kat78-2-f4-a1_03_22_2023_124.raw,2min_150_1200.EXP,001_RLN-NB-2443_007_F4,KAT78-2-F4-A1_KAT78-2-F4-A1_KAT78-2-F4-A1,0,0,0,0,0,0,0,0,0,0,0,0,0,0,0,deborylation_0,0,0,0,0,0,178.9739727,19.29024972,4.478251642,194.9,0.7334,0,0,0,0,0,0,0,0,0,0,0,0,0,0,0,0,0,0,0,0,0,0,0,0,0,0,0,0,0,0,0,0,0,0,0,0,0,0,0,0,170.0134695,20.57413997,4.776308107,300,0.8701,0,0,0,0,0,0,0,0,0,0,0,0,0.000853245,106.6556435,0,0,0,0,0,0,0,0,0,0,0,0,0,0,0,0,0,0,0,0
F5,NC1=C(C=CC=C1)C2=C([Pd]OS(C)(=O)=O)C=CC=C2.CN(C)C3=CC=C(C=C3)P(C(C)(C)C)C(C)(C)C,APhos Pd G3,0.10161904000000001 milligram,0.16000000000000003 micromole,0.10161904000000004 microliter,C29H41N2O3PPdS,BrC1=CC=CN2C=CN=C12,"8-bromoimidazo[1,2-a]pyridine",0.15762800000000002 milligram,0.8 micromole,0.15762800000000005 microliter,C7H5BrN2,B1(OC(C(O1)(C)C)(C)C)C2=CC=C(C=C2)N,"4-(4,4,5,5-tetramethyl-1,3,2-dioxaborolan-2-yl)aniline",0.21032928 milligram,0.9600000000000001 micromole,0.21032928000000006 microliter,C12H18BNO2,O=C([O-])[O-].[Na+].[Na+],Na2CO3,0.635928 milligram,6.0 micromole,0.6359280000000002 microliter,CNa2O3,CN1C=NC2=C1C(=O)N(C(=O)N2C)C,caffeine,0.1553528 milligram,0.8 micromole,0.15535280000000004 microliter,C8H10N4O2,C1COCCO1,dioxane,32.445 milligram,368.2496084262139 micromole,31.5 microliter,C4H8O2,O,water,3.5 milligram,194.2825423258396 micromole,3.5 microliter,H2O,Nc1ccc(-c2cccn3ccnc23)cc1,suzuki_product_0,0.0 milligram,0.0 micromole,0 microliter,C13H11N3,c1ccn2ccnc2c1,dehalogenation_0,0.0 milligram,0.0 micromole,0 microliter,C7H6N2,Nc1ccccc1,deborylation_0,0.0 milligram,0.0 micromole,0 microliter,C6H7N,BrC1=CC=CN2C=CN=C12.B1(OC(C(O1)(C)C)(C)C)C2=CC=C(C=C2)N>>Nc1ccc(-c2cccn3ccnc23)cc1.c1ccn2ccnc2c1.Nc1ccccc1,001_RLN-NB-2443_007_F5,,,,,,,,,3/29/23 21:44,kat78-2-f5-a1_03_22_2023_125.raw,2min_150_1200.EXP,001_RLN-NB-2443_007_F5,KAT78-2-F5-A1_KAT78-2-F5-A1_KAT78-2-F5-A1,0,0,0,0,0,0,0,0,0,0,0,0,0,0,0,deborylation_0,0,0,0,0,0,177.0919088,28.66356108,4.54353073,194.9,0.7318,0,0,0,0,0,0,0,0,0,0,0,0,0,0,0,18.0703049,4.088396395,0.648061649,220,1.1084,0,0,0,0,0,0,0,0,0,0,0,0,0,0,0,0,0,0,0,0,35.84423192,5.805416039,0.920230606,210,0.6351,0,0,0,0,0,0,0,0,0,0,0,0,0.000162029,20.25364547,0,0,0,0,0,0,0,0,0.000114107,14.26339311,0,0,0,0,0,0,0,0,0,0
F6,NC1=C(C=CC=C1)C2=C([Pd]OS(C)(=O)=O)C=CC=C2.CN(C)C3=CC=C(C=C3)P(C(C)(C)C)C(C)(C)C,APhos Pd G3,0.10161904000000001 milligram,0.16000000000000003 micromole,0.10161904000000004 microliter,C29H41N2O3PPdS,BrC1=CC=CN2C=CN=C12,"8-bromoimidazo[1,2-a]pyridine",0.15762800000000002 milligram,0.8 micromole,0.15762800000000005 microliter,C7H5BrN2,B1(OC(C(O1)(C)C)(C)C)C2=CC=C(C=C2)N,"4-(4,4,5,5-tetramethyl-1,3,2-dioxaborolan-2-yl)aniline",0.21032928 milligram,0.9600000000000001 micromole,0.21032928000000006 microliter,C12H18BNO2,O=C([O-])[O-].[Na+].[Na+],Na2CO3,0.635928 milligram,6.0 micromole,0.6359280000000002 microliter,CNa2O3,CN1C=NC2=C1C(=O)N(C(=O)N2C)C,caffeine,0.1553528 milligram,0.8 micromole,0.15535280000000004 microliter,C8H10N4O2,C1COCCO1,dioxane,32.445 milligram,368.2496084262139 micromole,31.5 microliter,C4H8O2,O,water,3.5 milligram,194.2825423258396 micromole,3.5 microliter,H2O,Nc1ccc(-c2cccn3ccnc23)cc1,suzuki_product_0,0.0 milligram,0.0 micromole,0 microliter,C13H11N3,c1ccn2ccnc2c1,dehalogenation_0,0.0 milligram,0.0 micromole,0 microliter,C7H6N2,Nc1ccccc1,deborylation_0,0.0 milligram,0.0 micromole,0 microliter,C6H7N,BrC1=CC=CN2C=CN=C12.B1(OC(C(O1)(C)C)(C)C)C2=CC=C(C=C2)N>>Nc1ccc(-c2cccn3ccnc23)cc1.c1ccn2ccnc2c1.Nc1ccccc1,001_RLN-NB-2443_007_F6,,,,,,,,,3/29/23 21:46,kat78-2-f6-a1_03_22_2023_126.raw,2min_150_1200.EXP,001_RLN-NB-2443_007_F6,KAT78-2-F6-A1_KAT78-2-F6-A1_KAT78-2-F6-A1,0,0,0,0,0,0,0,0,0,0,0,0,0,0,0,deborylation_0,0,0,0,0,0,194.3137164,29.65043364,4.716284657,194.9,0.7318,0,0,0,0,0,0,0,0,0,0,0,0,0,0,0,16.52541374,4.112149862,0.654090579,220,1.1134,0,0,0,0,0,0,0,0,0,0,0,0,0,0,0,0,0,0,0,0,35.89670512,5.450071104,0.866904243,210,0.6351,0,0,0,0,0,0,0,0,0,0,0,0,0.000147049,18.38108397,0,0,0,0,0,0,0,0,0.00011095,13.86876803,0,0,0,0,0,0,0,0,0,0
F7,NC1=C(C=CC=C1)C2=C([Pd]OS(C)(=O)=O)C=CC=C2.CN(C)C3=CC=C(C=C3)P(C(C)(C)C)C(C)(C)C,APhos Pd G3,0.10161904000000001 milligram,0.16000000000000003 micromole,0.10161904000000004 microliter,C29H41N2O3PPdS,CC1=CC(C=O)=C(C)N1C2=CC(Cl)=CC(Cl)=C2,"1-(3,5-dichlorophenyl)-2,5-dimethyl-1H-pyrrole-3-carbaldehyde",0.2145144 milligram,0.8 micromole,0.21451440000000005 microliter,C13H11Cl2NO,B1(OC(C(O1)(C)C)(C)C)C2=CN=C(C=C2)C,"2-methyl-5-(4,4,5,5-tetramethyl-1,3,2-dioxaborolan-2-yl)pyridine",0.21032928 milligram,0.9600000000000001 micromole,0.21032928000000006 microliter,C12H18BNO2,O=C([O-])[O-].[Na+].[Na+],Na2CO3,0.635928 milligram,6.0 micromole,0.6359280000000002 microliter,CNa2O3,CN1C=NC2=C1C(=O)N(C(=O)N2C)C,caffeine,0.1553528 milligram,0.8 micromole,0.15535280000000004 microliter,C8H10N4O2,C1COCCO1,dioxane,32.445 milligram,368.2496084262139 micromole,31.5 microliter,C4H8O2,O,water,3.5 milligram,194.2825423258396 micromole,3.5 microliter,H2O,Cc1ccc(-c2cc(Cl)cc(-n3c(C)cc(C=O)c3C)c2)cn1,suzuki_product_0,0.0 milligram,0.0 micromole,0 microliter,C19H17ClN2O,Cc1ccc(-c2cc(-c3ccc(C)nc3)cc(-n3c(C)cc(C=O)c3C)c2)cn1,bis_addition_1,0.0 milligram,0.0 micromole,0 microliter,C25H23N3O,Cc1cc(C=O)c(C)n1-c1cccc(Cl)c1,dehalogenation_0,0.0 milligram,0.0 micromole,0 microliter,C13H12ClNO,CC1=CC(C=O)=C(C)N1C2=CC(Cl)=CC(Cl)=C2.B1(OC(C(O1)(C)C)(C)C)C2=CN=C(C=C2)C>>Cc1ccc(-c2cc(Cl)cc(-n3c(C)cc(C=O)c3C)c2)cn1.Cc1ccc(-c2cc(-c3ccc(C)nc3)cc(-n3c(C)cc(C=O)c3C)c2)cn1.Cc1cc(C=O)c(C)n1-c1cccc(Cl)c1.Cc1ccccn1,001_RLN-NB-2443_007_F7,,,Cc1ccccn1,deborylation_0,0.0 milligram,0.0 micromole,0 microliter,C6H7N,3/29/23 21:49,kat78-2-f7-a1_03_22_2023_127.raw,2min_150_1200.EXP,001_RLN-NB-2443_007_F7,KAT78-2-F7-A1_KAT78-2-F7-A1_KAT78-2-F7-A1,0,0,0,0,0,0,0,0,0,0,0,0,0,0,0,bis_addition_1,0,0,0,0,0,181.6737041,20.53308267,4.510903164,195,0.7334,0,0,0,0,0,0,0,0,0,0,0,0,0,0,0,0,0,0,0,0,87.52805635,10.81831953,2.376671471,382.1,0.8068,0,0,0,0,0,0,0,0,0,0,0,0,0,0,0,230.2402476,30.17546266,6.629233035,324.9,1.0368,0,0,0,0,0,121.4024886,12.46810889,2.73911291,267.8,1.3251,0,0,0.001175682,146.9602161,0,0,0,0,0,0,0,0,0,0,0.000485776,60.72205078,0.000421498,52.68726428,0,0,0,0,0,0
F8,NC1=C(C=CC=C1)C2=C([Pd]OS(C)(=O)=O)C=CC=C2.CN(C)C3=CC=C(C=C3)P(C(C)(C)C)C(C)(C)C,APhos Pd G3,0.10161904000000001 milligram,0.16000000000000003 micromole,0.10161904000000004 microliter,C29H41N2O3PPdS,CC1=CC(C=O)=C(C)N1C2=CC(Cl)=CC(Cl)=C2,"1-(3,5-dichlorophenyl)-2,5-dimethyl-1H-pyrrole-3-carbaldehyde",0.2145144 milligram,0.8 micromole,0.21451440000000005 microliter,C13H11Cl2NO,B1(OC(C(O1)(C)C)(C)C)C2=CN(N=C2C)C,"1,3-dimethyl-4-(4,4,5,5-tetramethyl-1,3,2-dioxaborolan-2-yl)-1H-pyrazole",0.21321311999999998 milligram,0.9600000000000001 micromole,0.21321312000000003 microliter,C11H19BN2O2,O=C([O-])[O-].[Na+].[Na+],Na2CO3,0.635928 milligram,6.0 micromole,0.6359280000000002 microliter,CNa2O3,CN1C=NC2=C1C(=O)N(C(=O)N2C)C,caffeine,0.1553528 milligram,0.8 micromole,0.15535280000000004 microliter,C8H10N4O2,C1COCCO1,dioxane,32.445 milligram,368.2496084262139 micromole,31.5 microliter,C4H8O2,O,water,3.5 milligram,194.2825423258396 micromole,3.5 microliter,H2O,Cc1nn(C)cc1-c1cc(Cl)cc(-n2c(C)cc(C=O)c2C)c1,suzuki_product_0,0.0 milligram,0.0 micromole,0 microliter,C18H18ClN3O,Cc1nn(C)cc1-c1cc(-c2cn(C)nc2C)cc(-n2c(C)cc(C=O)c2C)c1,bis_addition_1,0.0 milligram,0.0 micromole,0 microliter,C23H25N5O,Cc1cc(C=O)c(C)n1-c1cccc(Cl)c1,dehalogenation_0,0.0 milligram,0.0 micromole,0 microliter,C13H12ClNO,CC1=CC(C=O)=C(C)N1C2=CC(Cl)=CC(Cl)=C2.B1(OC(C(O1)(C)C)(C)C)C2=CN(N=C2C)C>>Cc1nn(C)cc1-c1cc(Cl)cc(-n2c(C)cc(C=O)c2C)c1.Cc1nn(C)cc1-c1cc(-c2cn(C)nc2C)cc(-n2c(C)cc(C=O)c2C)c1.Cc1cc(C=O)c(C)n1-c1cccc(Cl)c1.Cc1ccn(C)n1,001_RLN-NB-2443_007_F8,,,Cc1ccn(C)n1,deborylation_0,0.0 milligram,0.0 micromole,0 microliter,C5H8N2,3/29/23 21:51,kat78-2-f8-a1_03_22_2023_128.raw,2min_150_1200.EXP,001_RLN-NB-2443_007_F8,KAT78-2-F8-A1_KAT78-2-F8-A1_KAT78-2-F8-A1,0,0,0,0,0,0,0,0,0,0,0,0,0,0,0,bis_addition_2,0,0,0,0,0,181.9129904,23.19598027,4.828254504,195,0.7334,0,0,0,0,0,0,0,0,0,0,0,0,0,0,0,0,0,0,0,0,0,0,0,0,0,48.73505957,5.320290979,1.107421139,388.2,1.0701,0,0,0,0,0,0,0,0,0,0,196.8843028,26.22972338,5.459729599,328,1.2118,11.09956122,1.268927292,0.264127829,222.9,0.6984,182.6789292,20.96019722,4.362875183,267.8,1.3251,0,0,0.00090463,113.078745,0,0,0,0,4.38E-05,5.470462024,0,0,0,0,0.000722891,90.36133407,0,0,0,0,0,0,0,0
F9,NC1=C(C=CC=C1)C2=C([Pd]OS(C)(=O)=O)C=CC=C2.CN(C)C3=CC=C(C=C3)P(C(C)(C)C)C(C)(C)C,APhos Pd G3,0.10161904000000001 milligram,0.16000000000000003 micromole,0.10161904000000004 microliter,C29H41N2O3PPdS,CC1=CC(C=O)=C(C)N1C2=CC(Cl)=CC(Cl)=C2,"1-(3,5-dichlorophenyl)-2,5-dimethyl-1H-pyrrole-3-carbaldehyde",0.2145144 milligram,0.8 micromole,0.21451440000000005 microliter,C13H11Cl2NO,B1(OC(C(O1)(C)C)(C)C)C2=CCN(CC2)C(=O)OC(C)(C)C,"N-Boc-1,2,5,6-tetrahydropyridine-4-boronic acid pinacol ester",0.29684640000000007 milligram,0.9600000000000001 micromole,0.2968464000000001 microliter,C16H28BNO4,O=C([O-])[O-].[Na+].[Na+],Na2CO3,0.635928 milligram,6.0 micromole,0.6359280000000002 microliter,CNa2O3,CN1C=NC2=C1C(=O)N(C(=O)N2C)C,caffeine,0.1553528 milligram,0.8 micromole,0.15535280000000004 microliter,C8H10N4O2,C1COCCO1,dioxane,32.445 milligram,368.2496084262139 micromole,31.5 microliter,C4H8O2,O,water,3.5 milligram,194.2825423258396 micromole,3.5 microliter,H2O,Cc1cc(C=O)c(C)n1-c1cc(Cl)cc(C2=CCN(C(=O)OC(C)(C)C)CC2)c1,suzuki_product_0,0.0 milligram,0.0 micromole,0 microliter,C23H27ClN2O3,Cc1cc(C=O)c(C)n1-c1cc(C2=CCN(C(=O)OC(C)(C)C)CC2)cc(C2=CCN(C(=O)OC(C)(C)C)CC2)c1,bis_addition_2,0.0 milligram,0.0 micromole,0 microliter,C33H43N3O5,Cc1cc(C=O)c(C)n1-c1cccc(Cl)c1,dehalogenation_0,0.0 milligram,0.0 micromole,0 microliter,C13H12ClNO,CC1=CC(C=O)=C(C)N1C2=CC(Cl)=CC(Cl)=C2.B1(OC(C(O1)(C)C)(C)C)C2=CCN(CC2)C(=O)OC(C)(C)C>>Cc1cc(C=O)c(C)n1-c1cc(Cl)cc(C2=CCN(C(=O)OC(C)(C)C)CC2)c1.Cc1cc(C=O)c(C)n1-c1cc(C2=CCN(C(=O)OC(C)(C)C)CC2)cc(C2=CCN(C(=O)OC(C)(C)C)CC2)c1.Cc1cc(C=O)c(C)n1-c1cccc(Cl)c1.CC(C)(C)OC(=O)N1CC=CCC1,001_RLN-NB-2443_007_F9,,,CC(C)(C)OC(=O)N1CC=CCC1,deborylation_0,0.0 milligram,0.0 micromole,0 microliter,C10H17NO2,3/29/23 21:53,kat78-2-f9-a1_03_22_2023_129.raw,2min_150_1200.EXP,001_RLN-NB-2443_007_F9,KAT78-2-F9-A1_KAT78-2-F9-A1_KAT78-2-F9-A1,0,0,0,0,0,0,0,0,0,0,0,0,0,0,0,bis_addition_1,0,0,0,0,0,180.4528426,26.67455903,4.558730628,194.9,0.7334,0,0,0,0,0,0,0,0,0,0,0,0,0,0,0,0,0,0,0,0,0,0,0,0,0,0,0,0,0,0,0,0,0,0,0,0,0,0,0,0,0,0,0,0,0,0,0,0,0,0,0,0,0,0,0,0,0,0,0,0,0,0,0,0,0,0,0,0,0,0,0,0,0,0,0,0,0,0,0
F10,NC1=C(C=CC=C1)C2=C([Pd]OS(C)(=O)=O)C=CC=C2.CN(C)C3=CC=C(C=C3)P(C(C)(C)C)C(C)(C)C,APhos Pd G3,0.10161904000000001 milligram,0.16000000000000003 micromole,0.10161904000000004 microliter,C29H41N2O3PPdS,CC1=CC(C=O)=C(C)N1C2=CC(Cl)=CC(Cl)=C2,"1-(3,5-dichlorophenyl)-2,5-dimethyl-1H-pyrrole-3-carbaldehyde",0.2145144 milligram,0.8 micromole,0.21451440000000005 microliter,C13H11Cl2NO,B1(OC(C(O1)(C)C)(C)C)C2=CCN(CC2)C(=O)OC(C)(C)C,"N-Boc-1,2,5,6-tetrahydropyridine-4-boronic acid pinacol ester",0.29684640000000007 milligram,0.9600000000000001 micromole,0.2968464000000001 microliter,C16H28BNO4,O=C([O-])[O-].[Na+].[Na+],Na2CO3,0.635928 milligram,6.0 micromole,0.6359280000000002 microliter,CNa2O3,CN1C=NC2=C1C(=O)N(C(=O)N2C)C,caffeine,0.1553528 milligram,0.8 micromole,0.15535280000000004 microliter,C8H10N4O2,C1COCCO1,dioxane,32.445 milligram,368.2496084262139 micromole,31.5 microliter,C4H8O2,O,water,3.5 milligram,194.2825423258396 micromole,3.5 microliter,H2O,Cc1cc(C=O)c(C)n1-c1cc(Cl)cc(C2=CCN(C(=O)OC(C)(C)C)CC2)c1,suzuki_product_0,0.0 milligram,0.0 micromole,0 microliter,C23H27ClN2O3,Cc1cc(C=O)c(C)n1-c1cc(C2=CCN(C(=O)OC(C)(C)C)CC2)cc(C2=CCN(C(=O)OC(C)(C)C)CC2)c1,bis_addition_2,0.0 milligram,0.0 micromole,0 microliter,C33H43N3O5,Cc1cc(C=O)c(C)n1-c1cccc(Cl)c1,dehalogenation_0,0.0 milligram,0.0 micromole,0 microliter,C13H12ClNO,CC1=CC(C=O)=C(C)N1C2=CC(Cl)=CC(Cl)=C2.B1(OC(C(O1)(C)C)(C)C)C2=CCN(CC2)C(=O)OC(C)(C)C>>Cc1cc(C=O)c(C)n1-c1cc(Cl)cc(C2=CCN(C(=O)OC(C)(C)C)CC2)c1.Cc1cc(C=O)c(C)n1-c1cc(C2=CCN(C(=O)OC(C)(C)C)CC2)cc(C2=CCN(C(=O)OC(C)(C)C)CC2)c1.Cc1cc(C=O)c(C)n1-c1cccc(Cl)c1.CC(C)(C)OC(=O)N1CC=CCC1,001_RLN-NB-2443_007_F10,,,CC(C)(C)OC(=O)N1CC=CCC1,deborylation_0,0.0 milligram,0.0 micromole,0 microliter,C10H17NO2,3/29/23 21:56,kat78-2-f10-a1_03_22_2023_130.raw,2min_150_1200.EXP,001_RLN-NB-2443_007_F10,KAT78-2-F10-A1_KAT78-2-F10-A1_KAT78-2-F10-A1,0,0,0,0,0,0,0,0,0,0,0,0,0,0,0,bis_addition_1,0,0,0,0,0,172.0497191,15.08173573,4.470836118,194.9,0.7334,0,0,0,0,0,0,0,0,0,0,0,0,0,0,0,0,0,0,0,0,121.6955955,12.33406502,3.656315452,562.2,1.5534,0,0,0,0,0,0,0,0,0,0,0,0,0,0,0,247.2342609,16.89022285,5.006944805,415,1.4668,0,0,0,0,0,235.6124723,18.40433453,5.455788713,267.9,1.3251,0,0,0.00089593,111.99124,0,0,0,0,0,0,0,0,0,0,0.000976245,122.0306128,0,0,0,0,0,0,0,0
F11,NC1=C(C=CC=C1)C2=C([Pd]OS(C)(=O)=O)C=CC=C2.CN(C)C3=CC=C(C=C3)P(C(C)(C)C)C(C)(C)C,APhos Pd G3,0.10161904000000001 milligram,0.16000000000000003 micromole,0.10161904000000004 microliter,C29H41N2O3PPdS,CC1=CC(C=O)=C(C)N1C2=CC(Cl)=CC(Cl)=C2,"1-(3,5-dichlorophenyl)-2,5-dimethyl-1H-pyrrole-3-carbaldehyde",0.2145144 milligram,0.8 micromole,0.21451440000000005 microliter,C13H11Cl2NO,B1(OC(C(O1)(C)C)(C)C)C2=CC=C(C=C2)N,"4-(4,4,5,5-tetramethyl-1,3,2-dioxaborolan-2-yl)aniline",0.21032928 milligram,0.9600000000000001 micromole,0.21032928000000006 microliter,C12H18BNO2,O=C([O-])[O-].[Na+].[Na+],Na2CO3,0.635928 milligram,6.0 micromole,0.6359280000000002 microliter,CNa2O3,CN1C=NC2=C1C(=O)N(C(=O)N2C)C,caffeine,0.1553528 milligram,0.8 micromole,0.15535280000000004 microliter,C8H10N4O2,C1COCCO1,dioxane,32.445 milligram,368.2496084262139 micromole,31.5 microliter,C4H8O2,O,water,3.5 milligram,194.2825423258396 micromole,3.5 microliter,H2O,Cc1cc(C=O)c(C)n1-c1cc(Cl)cc(-c2ccc(N)cc2)c1,suzuki_product_0,0.0 milligram,0.0 micromole,0 microliter,C19H17ClN2O,Cc1cc(C=O)c(C)n1-c1cc(-c2ccc(N)cc2)cc(-c2ccc(N)cc2)c1,bis_addition_1,0.0 milligram,0.0 micromole,0 microliter,C25H23N3O,Cc1cc(C=O)c(C)n1-c1cccc(Cl)c1,dehalogenation_0,0.0 milligram,0.0 micromole,0 microliter,C13H12ClNO,CC1=CC(C=O)=C(C)N1C2=CC(Cl)=CC(Cl)=C2.B1(OC(C(O1)(C)C)(C)C)C2=CC=C(C=C2)N>>Cc1cc(C=O)c(C)n1-c1cc(Cl)cc(-c2ccc(N)cc2)c1.Cc1cc(C=O)c(C)n1-c1cc(-c2ccc(N)cc2)cc(-c2ccc(N)cc2)c1.Cc1cc(C=O)c(C)n1-c1cccc(Cl)c1.Nc1ccccc1,001_RLN-NB-2443_007_F11,,,Nc1ccccc1,deborylation_0,0.0 milligram,0.0 micromole,0 microliter,C6H7N,3/29/23 21:58,kat78-2-f11-a1_03_22_2023_131.raw,2min_150_1200.EXP,001_RLN-NB-2443_007_F11,KAT78-2-F11-A1_KAT78-2-F11-A1_KAT78-2-F11-A1,0,0,0,0,0,0,0,0,0,0,0,0,0,0,0,bis_addition_1,0,0,0,0,0,175.0049483,23.74893983,4.45172487,194.9,0.7318,0,0,0,0,0,0,0,0,0,0,0,0,0,0,0,0,0,0,0,0,30.73749992,2.511653149,0.470807913,382,1.0101,0,0,0,0,0,0,0,0,0,0,0,0,0,0,0,130.6505303,21.07707056,3.95088454,324.8,1.2318,0,0,0,0,0,133.2689321,15.41373718,2.889296012,267.8,1.3251,0,0,0.000709996,88.74952193,0,0,0,0,0,0,0,0,0,0,0.000519223,64.9028432,8.46E-05,10.57585377,0,0,0,0,0,0
F12,NC1=C(C=CC=C1)C2=C([Pd]OS(C)(=O)=O)C=CC=C2.CN(C)C3=CC=C(C=C3)P(C(C)(C)C)C(C)(C)C,APhos Pd G3,0.10161904000000001 milligram,0.16000000000000003 micromole,0.10161904000000004 microliter,C29H41N2O3PPdS,CC1=CC(C=O)=C(C)N1C2=CC(Cl)=CC(Cl)=C2,"1-(3,5-dichlorophenyl)-2,5-dimethyl-1H-pyrrole-3-carbaldehyde",0.2145144 milligram,0.8 micromole,0.21451440000000005 microliter,C13H11Cl2NO,B1(OC(C(O1)(C)C)(C)C)C2=CC=C(C=C2)N,"4-(4,4,5,5-tetramethyl-1,3,2-dioxaborolan-2-yl)aniline",0.21032928 milligram,0.9600000000000001 micromole,0.21032928000000006 microliter,C12H18BNO2,O=C([O-])[O-].[Na+].[Na+],Na2CO3,0.635928 milligram,6.0 micromole,0.6359280000000002 microliter,CNa2O3,CN1C=NC2=C1C(=O)N(C(=O)N2C)C,caffeine,0.1553528 milligram,0.8 micromole,0.15535280000000004 microliter,C8H10N4O2,C1COCCO1,dioxane,32.445 milligram,368.2496084262139 micromole,31.5 microliter,C4H8O2,O,water,3.5 milligram,194.2825423258396 micromole,3.5 microliter,H2O,Cc1cc(C=O)c(C)n1-c1cc(Cl)cc(-c2ccc(N)cc2)c1,suzuki_product_0,0.0 milligram,0.0 micromole,0 microliter,C19H17ClN2O,Cc1cc(C=O)c(C)n1-c1cc(-c2ccc(N)cc2)cc(-c2ccc(N)cc2)c1,bis_addition_1,0.0 milligram,0.0 micromole,0 microliter,C25H23N3O,Cc1cc(C=O)c(C)n1-c1cccc(Cl)c1,dehalogenation_0,0.0 milligram,0.0 micromole,0 microliter,C13H12ClNO,CC1=CC(C=O)=C(C)N1C2=CC(Cl)=CC(Cl)=C2.B1(OC(C(O1)(C)C)(C)C)C2=CC=C(C=C2)N>>Cc1cc(C=O)c(C)n1-c1cc(Cl)cc(-c2ccc(N)cc2)c1.Cc1cc(C=O)c(C)n1-c1cc(-c2ccc(N)cc2)cc(-c2ccc(N)cc2)c1.Cc1cc(C=O)c(C)n1-c1cccc(Cl)c1.Nc1ccccc1,001_RLN-NB-2443_007_F12,,,Nc1ccccc1,deborylation_0,0.0 milligram,0.0 micromole,0 microliter,C6H7N,3/29/23 22:01,kat78-2-f12-a1_03_22_2023_132.raw,2min_150_1200.EXP,001_RLN-NB-2443_007_F12,KAT78-2-F12-A1_KAT78-2-F12-A1_KAT78-2-F12-A1,0,0,0,0,0,0,0,0,0,0,0,0,0,0,0,bis_addition_1,0,0,0,0,0,165.4766271,19.76294845,4.199553056,194.9,0.7334,0,0,0,0,0,0,0,0,0,0,0,0,0,0,0,0,0,0,0,0,31.02821287,2.421834971,0.514630925,382.1,1.0118,0,0,0,0,0,0,0,0,0,0,0,0,0,0,0,151.7564418,23.48102181,4.989629819,325,1.2301,0,0,0,0,0,145.5479873,16.45139724,3.495860739,267.8,1.3251,0,0,0.000950507,118.8133535,0,0,0,0,0,0,0,0,0,0,0.000665949,83.24363789,9.80E-05,12.25442133,0,0,0,0,0,0
F13,NC1=C(C=CC=C1)C2=C([Pd]OS(C)(=O)=O)C=CC=C2.CN(C)C3=CC=C(C=C3)P(C(C)(C)C)C(C)(C)C,APhos Pd G3,0.10161904000000001 milligram,0.16000000000000003 micromole,0.10161904000000004 microliter,C29H41N2O3PPdS,COC1=C(N)C(Cl)=NC=N1,4-chloro-6-methoxypyrimidin-5-amine,0.12766080000000002 milligram,0.8 micromole,0.12766080000000005 microliter,C5H6ClN3O,B1(OC(C(O1)(C)C)(C)C)C2=CN=C(C=C2)C,"2-methyl-5-(4,4,5,5-tetramethyl-1,3,2-dioxaborolan-2-yl)pyridine",0.21032928 milligram,0.9600000000000001 micromole,0.21032928000000006 microliter,C12H18BNO2,O=C([O-])[O-].[Na+].[Na+],Na2CO3,0.635928 milligram,6.0 micromole,0.6359280000000002 microliter,CNa2O3,CN1C=NC2=C1C(=O)N(C(=O)N2C)C,caffeine,0.1553528 milligram,0.8 micromole,0.15535280000000004 microliter,C8H10N4O2,C1COCCO1,dioxane,32.445 milligram,368.2496084262139 micromole,31.5 microliter,C4H8O2,O,water,3.5 milligram,194.2825423258396 micromole,3.5 microliter,H2O,COc1ncnc(-c2ccc(C)nc2)c1N,suzuki_product_0,0.0 milligram,0.0 micromole,0 microliter,C11H12N4O,COc1ncncc1N,dehalogenation_0,0.0 milligram,0.0 micromole,0 microliter,C5H7N3O,Cc1ccccn1,deborylation_0,0.0 milligram,0.0 micromole,0 microliter,C6H7N,COC1=C(N)C(Cl)=NC=N1.B1(OC(C(O1)(C)C)(C)C)C2=CN=C(C=C2)C>>COc1ncnc(-c2ccc(C)nc2)c1N.COc1ncncc1N.Cc1ccccn1,001_RLN-NB-2443_007_F13,,,,,,,,,3/29/23 22:03,kat78-2-f13-a1_03_22_2023_133.raw,2min_150_1200.EXP,001_RLN-NB-2443_007_F13,KAT78-2-F13-A1_KAT78-2-F13-A1_KAT78-2-F13-A1,0,0,0,0,0,0,0,0,0,0,0,0,0,0,0,deborylation_0,0,0,0,0,0,175.2442771,43.83610518,4.332468016,195,0.7334,0,0,0,0,0,0,0,0,0,0,0,0,0,0,0,0,0,0,0,0,0,0,0,0,0,0,0,0,0,0,0,0,0,0,0,0,0,0,0,0,26.01673611,5.989334813,0.591945872,217,0.6501,0,0,0,0,0,0,0,0,0,0,0,0,0.000109304,13.6630177,0,0,0,0,0,0,0,0,0,0,0,0,0,0,0,0,0,0,0,0
F14,NC1=C(C=CC=C1)C2=C([Pd]OS(C)(=O)=O)C=CC=C2.CN(C)C3=CC=C(C=C3)P(C(C)(C)C)C(C)(C)C,APhos Pd G3,0.10161904000000001 milligram,0.16000000000000003 micromole,0.10161904000000004 microliter,C29H41N2O3PPdS,COC1=C(N)C(Cl)=NC=N1,4-chloro-6-methoxypyrimidin-5-amine,0.12766080000000002 milligram,0.8 micromole,0.12766080000000005 microliter,C5H6ClN3O,B1(OC(C(O1)(C)C)(C)C)C2=CN(N=C2C)C,"1,3-dimethyl-4-(4,4,5,5-tetramethyl-1,3,2-dioxaborolan-2-yl)-1H-pyrazole",0.21321311999999998 milligram,0.9600000000000001 micromole,0.21321312000000003 microliter,C11H19BN2O2,O=C([O-])[O-].[Na+].[Na+],Na2CO3,0.635928 milligram,6.0 micromole,0.6359280000000002 microliter,CNa2O3,CN1C=NC2=C1C(=O)N(C(=O)N2C)C,caffeine,0.1553528 milligram,0.8 micromole,0.15535280000000004 microliter,C8H10N4O2,C1COCCO1,dioxane,32.445 milligram,368.2496084262139 micromole,31.5 microliter,C4H8O2,O,water,3.5 milligram,194.2825423258396 micromole,3.5 microliter,H2O,COc1ncnc(-c2cn(C)nc2C)c1N,suzuki_product_0,0.0 milligram,0.0 micromole,0 microliter,C10H13N5O,COc1ncncc1N,dehalogenation_0,0.0 milligram,0.0 micromole,0 microliter,C5H7N3O,Cc1ccn(C)n1,deborylation_0,0.0 milligram,0.0 micromole,0 microliter,C5H8N2,COC1=C(N)C(Cl)=NC=N1.B1(OC(C(O1)(C)C)(C)C)C2=CN(N=C2C)C>>COc1ncnc(-c2cn(C)nc2C)c1N.COc1ncncc1N.Cc1ccn(C)n1,001_RLN-NB-2443_007_F14,,,,,,,,,3/29/23 22:06,kat78-2-f14-a1_03_22_2023_134.raw,2min_150_1200.EXP,001_RLN-NB-2443_007_F14,KAT78-2-F14-A1_KAT78-2-F14-A1_KAT78-2-F14-A1,0,0,0,0,0,0,0,0,0,0,0,0,0,0,0,deborylation_0,0,0,0,0,0,181.3944753,48.34619708,4.772525062,194.9,0.7334,0,0,0,0,0,0,0,0,0,0,0,0,0,0,0,0,0,0,0,0,0,0,0,0,0,0,0,0,0,0,0,0,0,0,0,0,0,0,0,0,16.83812337,3.31294268,0.327039207,220,0.6734,8.91691322,1.8752717,0.185118618,220,0.6934,0,0,0,0,0,0,0,5.48E-05,6.852540386,0,0,0,0,3.10E-05,3.878840142,0,0,0,0,0,0,0,0,0,0,0,0,0,0
F15,NC1=C(C=CC=C1)C2=C([Pd]OS(C)(=O)=O)C=CC=C2.CN(C)C3=CC=C(C=C3)P(C(C)(C)C)C(C)(C)C,APhos Pd G3,0.10161904000000001 milligram,0.16000000000000003 micromole,0.10161904000000004 microliter,C29H41N2O3PPdS,COC1=C(N)C(Cl)=NC=N1,4-chloro-6-methoxypyrimidin-5-amine,0.12766080000000002 milligram,0.8 micromole,0.12766080000000005 microliter,C5H6ClN3O,B1(OC(C(O1)(C)C)(C)C)C2=CCN(CC2)C(=O)OC(C)(C)C,"N-Boc-1,2,5,6-tetrahydropyridine-4-boronic acid pinacol ester",0.29684640000000007 milligram,0.9600000000000001 micromole,0.2968464000000001 microliter,C16H28BNO4,O=C([O-])[O-].[Na+].[Na+],Na2CO3,0.635928 milligram,6.0 micromole,0.6359280000000002 microliter,CNa2O3,CN1C=NC2=C1C(=O)N(C(=O)N2C)C,caffeine,0.1553528 milligram,0.8 micromole,0.15535280000000004 microliter,C8H10N4O2,C1COCCO1,dioxane,32.445 milligram,368.2496084262139 micromole,31.5 microliter,C4H8O2,O,water,3.5 milligram,194.2825423258396 micromole,3.5 microliter,H2O,COc1ncnc(C2=CCN(C(=O)OC(C)(C)C)CC2)c1N,suzuki_product_0,0.0 milligram,0.0 micromole,0 microliter,C15H22N4O3,COc1ncncc1N,dehalogenation_0,0.0 milligram,0.0 micromole,0 microliter,C5H7N3O,CC(C)(C)OC(=O)N1CC=CCC1,deborylation_0,0.0 milligram,0.0 micromole,0 microliter,C10H17NO2,COC1=C(N)C(Cl)=NC=N1.B1(OC(C(O1)(C)C)(C)C)C2=CCN(CC2)C(=O)OC(C)(C)C>>COc1ncnc(C2=CCN(C(=O)OC(C)(C)C)CC2)c1N.COc1ncncc1N.CC(C)(C)OC(=O)N1CC=CCC1,001_RLN-NB-2443_007_F15,,,,,,,,,3/29/23 22:08,kat78-2-f15-a1_03_22_2023_135.raw,2min_150_1200.EXP,001_RLN-NB-2443_007_F15,KAT78-2-F15-A1_KAT78-2-F15-A1_KAT78-2-F15-A1,0,0,0,0,0,0,0,0,0,0,0,0,0,0,0,deborylation_0,0,0,0,0,0,175.8463902,25.77477882,4.471676759,194.9,0.7318,0,0,0,0,0,0,0,0,0,0,0,0,0,0,0,0,0,0,0,0,0,0,0,0,0,0,0,0,0,0,0,0,0,0,0,0,0,0,0,0,200.207751,31.17028938,5.407746059,251.1,0.9968,0,0,0,0,0,0,0,0,0,0,0,0,0.000967466,120.9332953,0,0,0,0,0,0,0,0,0,0,0,0,0,0,0,0,0,0,0,0
F16,NC1=C(C=CC=C1)C2=C([Pd]OS(C)(=O)=O)C=CC=C2.CN(C)C3=CC=C(C=C3)P(C(C)(C)C)C(C)(C)C,APhos Pd G3,0.10161904000000001 milligram,0.16000000000000003 micromole,0.10161904000000004 microliter,C29H41N2O3PPdS,COC1=C(N)C(Cl)=NC=N1,4-chloro-6-methoxypyrimidin-5-amine,0.12766080000000002 milligram,0.8 micromole,0.12766080000000005 microliter,C5H6ClN3O,B1(OC(C(O1)(C)C)(C)C)C2=CCN(CC2)C(=O)OC(C)(C)C,"N-Boc-1,2,5,6-tetrahydropyridine-4-boronic acid pinacol ester",0.29684640000000007 milligram,0.9600000000000001 micromole,0.2968464000000001 microliter,C16H28BNO4,O=C([O-])[O-].[Na+].[Na+],Na2CO3,0.635928 milligram,6.0 micromole,0.6359280000000002 microliter,CNa2O3,CN1C=NC2=C1C(=O)N(C(=O)N2C)C,caffeine,0.1553528 milligram,0.8 micromole,0.15535280000000004 microliter,C8H10N4O2,C1COCCO1,dioxane,32.445 milligram,368.2496084262139 micromole,31.5 microliter,C4H8O2,O,water,3.5 milligram,194.2825423258396 micromole,3.5 microliter,H2O,COc1ncnc(C2=CCN(C(=O)OC(C)(C)C)CC2)c1N,suzuki_product_0,0.0 milligram,0.0 micromole,0 microliter,C15H22N4O3,COc1ncncc1N,dehalogenation_0,0.0 milligram,0.0 micromole,0 microliter,C5H7N3O,CC(C)(C)OC(=O)N1CC=CCC1,deborylation_0,0.0 milligram,0.0 micromole,0 microliter,C10H17NO2,COC1=C(N)C(Cl)=NC=N1.B1(OC(C(O1)(C)C)(C)C)C2=CCN(CC2)C(=O)OC(C)(C)C>>COc1ncnc(C2=CCN(C(=O)OC(C)(C)C)CC2)c1N.COc1ncncc1N.CC(C)(C)OC(=O)N1CC=CCC1,001_RLN-NB-2443_007_F16,,,,,,,,,3/29/23 22:11,kat78-2-f16-a1_03_22_2023_136.raw,2min_150_1200.EXP,001_RLN-NB-2443_007_F16,KAT78-2-F16-A1_KAT78-2-F16-A1_KAT78-2-F16-A1,0,0,0,0,0,0,0,0,0,0,0,0,0,0,0,deborylation_0,0,0,0,0,0,177.4457506,25.31476377,4.567289423,194.9,0.7334,0,0,0,0,0,0,0,0,0,0,0,0,0,0,0,0,0,0,0,0,0,0,0,0,0,0,0,0,0,0,0,0,0,0,0,0,0,0,0,0,176.4186785,27.38675998,4.941118958,307,0.9968,0,0,0,0,0,0,0,0,0,0,0,0,0.000865479,108.184932,0,0,0,0,0,0,0,0,0,0,0,0,0,0,0,0,0,0,0,0
F17,NC1=C(C=CC=C1)C2=C([Pd]OS(C)(=O)=O)C=CC=C2.CN(C)C3=CC=C(C=C3)P(C(C)(C)C)C(C)(C)C,APhos Pd G3,0.10161904000000001 milligram,0.16000000000000003 micromole,0.10161904000000004 microliter,C29H41N2O3PPdS,COC1=C(N)C(Cl)=NC=N1,4-chloro-6-methoxypyrimidin-5-amine,0.12766080000000002 milligram,0.8 micromole,0.12766080000000005 microliter,C5H6ClN3O,B1(OC(C(O1)(C)C)(C)C)C2=CC=C(C=C2)N,"4-(4,4,5,5-tetramethyl-1,3,2-dioxaborolan-2-yl)aniline",0.21032928 milligram,0.9600000000000001 micromole,0.21032928000000006 microliter,C12H18BNO2,O=C([O-])[O-].[Na+].[Na+],Na2CO3,0.635928 milligram,6.0 micromole,0.6359280000000002 microliter,CNa2O3,CN1C=NC2=C1C(=O)N(C(=O)N2C)C,caffeine,0.1553528 milligram,0.8 micromole,0.15535280000000004 microliter,C8H10N4O2,C1COCCO1,dioxane,32.445 milligram,368.2496084262139 micromole,31.5 microliter,C4H8O2,O,water,3.5 milligram,194.2825423258396 micromole,3.5 microliter,H2O,COc1ncnc(-c2ccc(N)cc2)c1N,suzuki_product_0,0.0 milligram,0.0 micromole,0 microliter,C11H12N4O,COc1ncncc1N,dehalogenation_0,0.0 milligram,0.0 micromole,0 microliter,C5H7N3O,Nc1ccccc1,deborylation_0,0.0 milligram,0.0 micromole,0 microliter,C6H7N,COC1=C(N)C(Cl)=NC=N1.B1(OC(C(O1)(C)C)(C)C)C2=CC=C(C=C2)N>>COc1ncnc(-c2ccc(N)cc2)c1N.COc1ncncc1N.Nc1ccccc1,001_RLN-NB-2443_007_F17,,,,,,,,,3/29/23 22:13,kat78-2-f17-a1_03_22_2023_137.raw,2min_150_1200.EXP,001_RLN-NB-2443_007_F17,KAT78-2-F17-A1_KAT78-2-F17-A1_KAT78-2-F17-A1,0,0,0,0,0,0,0,0,0,0,0,0,0,0,0,deborylation_0,0,0,0,0,0,182.0458701,49.78039925,4.565842962,194.9,0.7334,0,0,0,0,0,0,0,0,0,0,0,0,0,0,0,0,0,0,0,0,0,0,0,0,0,0,0,0,0,0,0,0,0,0,0,0,0,0,0,0,38.00544382,11.82233334,1.084340791,216.9,0.6568,0,0,0,0,0,0,0,0,0,0,0,0,0.000189992,23.74897253,0,0,0,0,0,0,0,0,0,0,0,0,0,0,0,0,0,0,0,0
F18,NC1=C(C=CC=C1)C2=C([Pd]OS(C)(=O)=O)C=CC=C2.CN(C)C3=CC=C(C=C3)P(C(C)(C)C)C(C)(C)C,APhos Pd G3,0.10161904000000001 milligram,0.16000000000000003 micromole,0.10161904000000004 microliter,C29H41N2O3PPdS,COC1=C(N)C(Cl)=NC=N1,4-chloro-6-methoxypyrimidin-5-amine,0.12766080000000002 milligram,0.8 micromole,0.12766080000000005 microliter,C5H6ClN3O,B1(OC(C(O1)(C)C)(C)C)C2=CC=C(C=C2)N,"4-(4,4,5,5-tetramethyl-1,3,2-dioxaborolan-2-yl)aniline",0.21032928 milligram,0.9600000000000001 micromole,0.21032928000000006 microliter,C12H18BNO2,O=C([O-])[O-].[Na+].[Na+],Na2CO3,0.635928 milligram,6.0 micromole,0.6359280000000002 microliter,CNa2O3,CN1C=NC2=C1C(=O)N(C(=O)N2C)C,caffeine,0.1553528 milligram,0.8 micromole,0.15535280000000004 microliter,C8H10N4O2,C1COCCO1,dioxane,32.445 milligram,368.2496084262139 micromole,31.5 microliter,C4H8O2,O,water,3.5 milligram,194.2825423258396 micromole,3.5 microliter,H2O,COc1ncnc(-c2ccc(N)cc2)c1N,suzuki_product_0,0.0 milligram,0.0 micromole,0 microliter,C11H12N4O,COc1ncncc1N,dehalogenation_0,0.0 milligram,0.0 micromole,0 microliter,C5H7N3O,Nc1ccccc1,deborylation_0,0.0 milligram,0.0 micromole,0 microliter,C6H7N,COC1=C(N)C(Cl)=NC=N1.B1(OC(C(O1)(C)C)(C)C)C2=CC=C(C=C2)N>>COc1ncnc(-c2ccc(N)cc2)c1N.COc1ncncc1N.Nc1ccccc1,001_RLN-NB-2443_007_F18,,,,,,,,,3/29/23 22:16,kat78-2-f18-a1_03_22_2023_138.raw,2min_150_1200.EXP,001_RLN-NB-2443_007_F18,KAT78-2-F18-A1_KAT78-2-F18-A1_KAT78-2-F18-A1,0,0,0,0,0,0,0,0,0,0,0,0,0,0,0,deborylation_0,0,0,0,0,0,172.8926712,45.90679666,4.432281453,194.9,0.7334,0,0,0,0,0,0,0,0,0,0,0,0,0,0,0,11.80495052,4.132850611,0.399024947,220,1.1151,0,0,0,0,0,0,0,0,0,0,0,0,0,0,0,0,0,0,0,0,29.24469353,7.986420503,0.771085461,216.9,0.6584,0,0,0,0,0,0,0,0,0,0,0,0,0.000139176,17.39703287,0,0,0,0,0,0,0,0,7.20E-05,9.002698755,0,0,0,0,0,0,0,0,0,0
F19,NC1=C(C=CC=C1)C2=C([Pd]OS(C)(=O)=O)C=CC=C2.CN(C)C3=CC=C(C=C3)P(C(C)(C)C)C(C)(C)C,APhos Pd G3,0.10161904000000001 milligram,0.16000000000000003 micromole,0.10161904000000004 microliter,C29H41N2O3PPdS,CC1=C(N2CCCC2=O)C=CC(Br)=C1,1-(4-bromo-2-methylphenyl)pyrrolidin-2-one,0.20330160000000003 milligram,0.8 micromole,0.20330160000000008 microliter,C11H12BrNO,B1(OC(C(O1)(C)C)(C)C)C2=CN=C(C=C2)C,"2-methyl-5-(4,4,5,5-tetramethyl-1,3,2-dioxaborolan-2-yl)pyridine",0.21032928 milligram,0.9600000000000001 micromole,0.21032928000000006 microliter,C12H18BNO2,O=C([O-])[O-].[Na+].[Na+],Na2CO3,0.635928 milligram,6.0 micromole,0.6359280000000002 microliter,CNa2O3,CN1C=NC2=C1C(=O)N(C(=O)N2C)C,caffeine,0.1553528 milligram,0.8 micromole,0.15535280000000004 microliter,C8H10N4O2,C1COCCO1,dioxane,32.445 milligram,368.2496084262139 micromole,31.5 microliter,C4H8O2,O,water,3.5 milligram,194.2825423258396 micromole,3.5 microliter,H2O,Cc1ccc(-c2ccc(N3CCCC3=O)c(C)c2)cn1,suzuki_product_0,0.0 milligram,0.0 micromole,0 microliter,C17H18N2O,Cc1ccccc1N1CCCC1=O,dehalogenation_0,0.0 milligram,0.0 micromole,0 microliter,C11H13NO,Cc1ccccn1,deborylation_0,0.0 milligram,0.0 micromole,0 microliter,C6H7N,CC1=C(N2CCCC2=O)C=CC(Br)=C1.B1(OC(C(O1)(C)C)(C)C)C2=CN=C(C=C2)C>>Cc1ccc(-c2ccc(N3CCCC3=O)c(C)c2)cn1.Cc1ccccc1N1CCCC1=O.Cc1ccccn1,001_RLN-NB-2443_007_F19,,,,,,,,,3/29/23 22:18,kat78-2-f19-a1_03_22_2023_139.raw,2min_150_1200.EXP,001_RLN-NB-2443_007_F19,KAT78-2-F19-A1_KAT78-2-F19-A1_KAT78-2-F19-A1,0,0,0,0,0,0,0,0,0,0,0,0,0,0,0,deborylation_0,0,0,0,0,0,171.3463957,41.33717922,4.445409614,195,0.7318,0,0,0,0,0,0,0,0,0,0,0,0,0,0,0,0,0,0,0,0,0,0,0,0,0,0,0,0,0,0,0,0,0,0,0,64.93853891,12.34235782,1.327299955,255.8,1.1868,0,0,0,0,0,0,0,0,0,0,0,0,0,0,0,0,0,0,0,0,0,0,0,0,0,0,0,0,0,0,0,0,0,0,0,0,0,0.000238862,29.85776498
F20,NC1=C(C=CC=C1)C2=C([Pd]OS(C)(=O)=O)C=CC=C2.CN(C)C3=CC=C(C=C3)P(C(C)(C)C)C(C)(C)C,APhos Pd G3,0.10161904000000001 milligram,0.16000000000000003 micromole,0.10161904000000004 microliter,C29H41N2O3PPdS,CC1=C(N2CCCC2=O)C=CC(Br)=C1,1-(4-bromo-2-methylphenyl)pyrrolidin-2-one,0.20330160000000003 milligram,0.8 micromole,0.20330160000000008 microliter,C11H12BrNO,B1(OC(C(O1)(C)C)(C)C)C2=CN(N=C2C)C,"1,3-dimethyl-4-(4,4,5,5-tetramethyl-1,3,2-dioxaborolan-2-yl)-1H-pyrazole",0.21321311999999998 milligram,0.9600000000000001 micromole,0.21321312000000003 microliter,C11H19BN2O2,O=C([O-])[O-].[Na+].[Na+],Na2CO3,0.635928 milligram,6.0 micromole,0.6359280000000002 microliter,CNa2O3,CN1C=NC2=C1C(=O)N(C(=O)N2C)C,caffeine,0.1553528 milligram,0.8 micromole,0.15535280000000004 microliter,C8H10N4O2,C1COCCO1,dioxane,32.445 milligram,368.2496084262139 micromole,31.5 microliter,C4H8O2,O,water,3.5 milligram,194.2825423258396 micromole,3.5 microliter,H2O,Cc1cc(-c2cn(C)nc2C)ccc1N1CCCC1=O,suzuki_product_0,0.0 milligram,0.0 micromole,0 microliter,C16H19N3O,Cc1ccccc1N1CCCC1=O,dehalogenation_0,0.0 milligram,0.0 micromole,0 microliter,C11H13NO,Cc1ccn(C)n1,deborylation_0,0.0 milligram,0.0 micromole,0 microliter,C5H8N2,CC1=C(N2CCCC2=O)C=CC(Br)=C1.B1(OC(C(O1)(C)C)(C)C)C2=CN(N=C2C)C>>Cc1cc(-c2cn(C)nc2C)ccc1N1CCCC1=O.Cc1ccccc1N1CCCC1=O.Cc1ccn(C)n1,001_RLN-NB-2443_007_F20,,,,,,,,,3/29/23 22:20,kat78-2-f20-a1_03_22_2023_140.raw,2min_150_1200.EXP,001_RLN-NB-2443_007_F20,KAT78-2-F20-A1_KAT78-2-F20-A1_KAT78-2-F20-A1,0,0,0,0,0,0,0,0,0,0,0,0,0,0,0,deborylation_0,0,0,0,0,0,183.1251068,50.68287227,4.953412537,194.9,0.7334,0,0,0,0,0,0,0,0,0,0,0,0,0,0,0,0,0,0,0,0,0,0,0,0,0,0,0,0,0,0,0,0,0,0,0,0,0,0,0,0,0,0,0,0,0,0,0,0,0,0,0,0,0,0,0,0,0,0,0,0,0,0,0,0,0,0,0,0,0,0,0,0,0,0,0,0,0,0,0
F21,NC1=C(C=CC=C1)C2=C([Pd]OS(C)(=O)=O)C=CC=C2.CN(C)C3=CC=C(C=C3)P(C(C)(C)C)C(C)(C)C,APhos Pd G3,0.10161904000000001 milligram,0.16000000000000003 micromole,0.10161904000000004 microliter,C29H41N2O3PPdS,CC1=C(N2CCCC2=O)C=CC(Br)=C1,1-(4-bromo-2-methylphenyl)pyrrolidin-2-one,0.20330160000000003 milligram,0.8 micromole,0.20330160000000008 microliter,C11H12BrNO,B1(OC(C(O1)(C)C)(C)C)C2=CCN(CC2)C(=O)OC(C)(C)C,"N-Boc-1,2,5,6-tetrahydropyridine-4-boronic acid pinacol ester",0.29684640000000007 milligram,0.9600000000000001 micromole,0.2968464000000001 microliter,C16H28BNO4,O=C([O-])[O-].[Na+].[Na+],Na2CO3,0.635928 milligram,6.0 micromole,0.6359280000000002 microliter,CNa2O3,CN1C=NC2=C1C(=O)N(C(=O)N2C)C,caffeine,0.1553528 milligram,0.8 micromole,0.15535280000000004 microliter,C8H10N4O2,C1COCCO1,dioxane,32.445 milligram,368.2496084262139 micromole,31.5 microliter,C4H8O2,O,water,3.5 milligram,194.2825423258396 micromole,3.5 microliter,H2O,Cc1cc(C2=CCN(C(=O)OC(C)(C)C)CC2)ccc1N1CCCC1=O,suzuki_product_0,0.0 milligram,0.0 micromole,0 microliter,C21H28N2O3,Cc1ccccc1N1CCCC1=O,dehalogenation_0,0.0 milligram,0.0 micromole,0 microliter,C11H13NO,CC(C)(C)OC(=O)N1CC=CCC1,deborylation_0,0.0 milligram,0.0 micromole,0 microliter,C10H17NO2,CC1=C(N2CCCC2=O)C=CC(Br)=C1.B1(OC(C(O1)(C)C)(C)C)C2=CCN(CC2)C(=O)OC(C)(C)C>>Cc1cc(C2=CCN(C(=O)OC(C)(C)C)CC2)ccc1N1CCCC1=O.Cc1ccccc1N1CCCC1=O.CC(C)(C)OC(=O)N1CC=CCC1,001_RLN-NB-2443_007_F21,,,,,,,,,3/29/23 22:23,kat78-2-f21-a1_03_22_2023_141.raw,2min_150_1200.EXP,001_RLN-NB-2443_007_F21,KAT78-2-F21-A1_KAT78-2-F21-A1_KAT78-2-F21-A1,0,0,0,0,0,0,0,0,0,0,0,0,0,0,0,deborylation_0,0,0,0,0,0,176.9046165,18.1479887,4.494771668,195,0.7334,0,0,0,0,0,0,0,0,0,0,0,0,0,0,0,0,0,0,0,0,0,0,0,0,0,0,0,0,0,0,0,0,0,0,0,62.851983,5.207602311,1.289783883,255.8,1.1884,298.3418348,38.51961857,9.540279813,357,1.3251,0,0,0,0,0,0,0,0,0,0,0,0,0.001698023,212.2528243,0,0,0,0,0,0,0,0,0,0,0,0,0,0,0,0,0,0,0.000229562,28.69520362
F22,NC1=C(C=CC=C1)C2=C([Pd]OS(C)(=O)=O)C=CC=C2.CN(C)C3=CC=C(C=C3)P(C(C)(C)C)C(C)(C)C,APhos Pd G3,0.10161904000000001 milligram,0.16000000000000003 micromole,0.10161904000000004 microliter,C29H41N2O3PPdS,CC1=C(N2CCCC2=O)C=CC(Br)=C1,1-(4-bromo-2-methylphenyl)pyrrolidin-2-one,0.20330160000000003 milligram,0.8 micromole,0.20330160000000008 microliter,C11H12BrNO,B1(OC(C(O1)(C)C)(C)C)C2=CCN(CC2)C(=O)OC(C)(C)C,"N-Boc-1,2,5,6-tetrahydropyridine-4-boronic acid pinacol ester",0.29684640000000007 milligram,0.9600000000000001 micromole,0.2968464000000001 microliter,C16H28BNO4,O=C([O-])[O-].[Na+].[Na+],Na2CO3,0.635928 milligram,6.0 micromole,0.6359280000000002 microliter,CNa2O3,CN1C=NC2=C1C(=O)N(C(=O)N2C)C,caffeine,0.1553528 milligram,0.8 micromole,0.15535280000000004 microliter,C8H10N4O2,C1COCCO1,dioxane,32.445 milligram,368.2496084262139 micromole,31.5 microliter,C4H8O2,O,water,3.5 milligram,194.2825423258396 micromole,3.5 microliter,H2O,Cc1cc(C2=CCN(C(=O)OC(C)(C)C)CC2)ccc1N1CCCC1=O,suzuki_product_0,0.0 milligram,0.0 micromole,0 microliter,C21H28N2O3,Cc1ccccc1N1CCCC1=O,dehalogenation_0,0.0 milligram,0.0 micromole,0 microliter,C11H13NO,CC(C)(C)OC(=O)N1CC=CCC1,deborylation_0,0.0 milligram,0.0 micromole,0 microliter,C10H17NO2,CC1=C(N2CCCC2=O)C=CC(Br)=C1.B1(OC(C(O1)(C)C)(C)C)C2=CCN(CC2)C(=O)OC(C)(C)C>>Cc1cc(C2=CCN(C(=O)OC(C)(C)C)CC2)ccc1N1CCCC1=O.Cc1ccccc1N1CCCC1=O.CC(C)(C)OC(=O)N1CC=CCC1,001_RLN-NB-2443_007_F22,,,,,,,,,3/29/23 22:25,kat78-2-f22-a1_03_22_2023_142.raw,2min_150_1200.EXP,001_RLN-NB-2443_007_F22,KAT78-2-F22-A1_KAT78-2-F22-A1_KAT78-2-F22-A1,0,0,0,0,0,0,0,0,0,0,0,0,0,0,0,deborylation_0,0,0,0,0,0,181.4679252,17.49918794,4.500549575,194.9,0.7334,0,0,0,0,0,13.64054526,1.375136668,0.353666168,176,1.0268,0,0,0,0,0,0,0,0,0,0,0,0,0,0,0,0,0,0,0,0,0,0,0,0,0,59.16586675,4.777137066,1.228613709,255.9,1.1884,337.3474862,41.48541524,10.66947613,357,1.3251,0,0,0,0,0,0,0,0,0,0,0,0,0.001896564,237.0705166,6.29E-05,7.858288472,0,0,0,0,0,0,0,0,0,0,0,0,0,0,0,0,0.000218394,27.29919288
F23,NC1=C(C=CC=C1)C2=C([Pd]OS(C)(=O)=O)C=CC=C2.CN(C)C3=CC=C(C=C3)P(C(C)(C)C)C(C)(C)C,APhos Pd G3,0.10161904000000001 milligram,0.16000000000000003 micromole,0.10161904000000004 microliter,C29H41N2O3PPdS,CC1=C(N2CCCC2=O)C=CC(Br)=C1,1-(4-bromo-2-methylphenyl)pyrrolidin-2-one,0.20330160000000003 milligram,0.8 micromole,0.20330160000000008 microliter,C11H12BrNO,B1(OC(C(O1)(C)C)(C)C)C2=CC=C(C=C2)N,"4-(4,4,5,5-tetramethyl-1,3,2-dioxaborolan-2-yl)aniline",0.21032928 milligram,0.9600000000000001 micromole,0.21032928000000006 microliter,C12H18BNO2,O=C([O-])[O-].[Na+].[Na+],Na2CO3,0.635928 milligram,6.0 micromole,0.6359280000000002 microliter,CNa2O3,CN1C=NC2=C1C(=O)N(C(=O)N2C)C,caffeine,0.1553528 milligram,0.8 micromole,0.15535280000000004 microliter,C8H10N4O2,C1COCCO1,dioxane,32.445 milligram,368.2496084262139 micromole,31.5 microliter,C4H8O2,O,water,3.5 milligram,194.2825423258396 micromole,3.5 microliter,H2O,Cc1cc(-c2ccc(N)cc2)ccc1N1CCCC1=O,suzuki_product_0,0.0 milligram,0.0 micromole,0 microliter,C17H18N2O,Cc1ccccc1N1CCCC1=O,dehalogenation_0,0.0 milligram,0.0 micromole,0 microliter,C11H13NO,Nc1ccccc1,deborylation_0,0.0 milligram,0.0 micromole,0 microliter,C6H7N,CC1=C(N2CCCC2=O)C=CC(Br)=C1.B1(OC(C(O1)(C)C)(C)C)C2=CC=C(C=C2)N>>Cc1cc(-c2ccc(N)cc2)ccc1N1CCCC1=O.Cc1ccccc1N1CCCC1=O.Nc1ccccc1,001_RLN-NB-2443_007_F23,,,,,,,,,3/29/23 22:28,kat78-2-f23-a1_03_22_2023_143.raw,2min_150_1200.EXP,001_RLN-NB-2443_007_F23,KAT78-2-F23-A1_KAT78-2-F23-A1_KAT78-2-F23-A1,0,0,0,0,0,0,0,0,0,0,0,0,0,0,0,deborylation_0,0,0,0,0,0,185.831959,28.00219401,4.642176381,195,0.7318,0,0,0,0,0,0,0,0,0,0,0,0,0,0,0,0,0,0,0,0,0,0,0,0,0,0,0,0,0,0,0,0,0,0,0,146.0770497,21.32562039,3.535340525,502.1,1.1884,104.9961052,16.02806524,2.657117005,267.1,0.8851,0,0,0,0,0,0,0,0,0,0,0,0,0.000457909,57.23860506,0,0,0,0,0,0,0,0,0,0,0,0,0,0,0,0,0,0,0.000609256,76.15696249
F24,NC1=C(C=CC=C1)C2=C([Pd]OS(C)(=O)=O)C=CC=C2.CN(C)C3=CC=C(C=C3)P(C(C)(C)C)C(C)(C)C,APhos Pd G3,0.10161904000000001 milligram,0.16000000000000003 micromole,0.10161904000000004 microliter,C29H41N2O3PPdS,CC1=C(N2CCCC2=O)C=CC(Br)=C1,1-(4-bromo-2-methylphenyl)pyrrolidin-2-one,0.20330160000000003 milligram,0.8 micromole,0.20330160000000008 microliter,C11H12BrNO,B1(OC(C(O1)(C)C)(C)C)C2=CC=C(C=C2)N,"4-(4,4,5,5-tetramethyl-1,3,2-dioxaborolan-2-yl)aniline",0.21032928 milligram,0.9600000000000001 micromole,0.21032928000000006 microliter,C12H18BNO2,O=C([O-])[O-].[Na+].[Na+],Na2CO3,0.635928 milligram,6.0 micromole,0.6359280000000002 microliter,CNa2O3,CN1C=NC2=C1C(=O)N(C(=O)N2C)C,caffeine,0.1553528 milligram,0.8 micromole,0.15535280000000004 microliter,C8H10N4O2,C1COCCO1,dioxane,32.445 milligram,368.2496084262139 micromole,31.5 microliter,C4H8O2,O,water,3.5 milligram,194.2825423258396 micromole,3.5 microliter,H2O,Cc1cc(-c2ccc(N)cc2)ccc1N1CCCC1=O,suzuki_product_0,0.0 milligram,0.0 micromole,0 microliter,C17H18N2O,Cc1ccccc1N1CCCC1=O,dehalogenation_0,0.0 milligram,0.0 micromole,0 microliter,C11H13NO,Nc1ccccc1,deborylation_0,0.0 milligram,0.0 micromole,0 microliter,C6H7N,CC1=C(N2CCCC2=O)C=CC(Br)=C1.B1(OC(C(O1)(C)C)(C)C)C2=CC=C(C=C2)N>>Cc1cc(-c2ccc(N)cc2)ccc1N1CCCC1=O.Cc1ccccc1N1CCCC1=O.Nc1ccccc1,001_RLN-NB-2443_007_F24,,,,,,,,,3/29/23 22:30,kat78-2-f24-a1_03_22_2023_144.raw,2min_150_1200.EXP,001_RLN-NB-2443_007_F24,KAT78-2-F24-A1_KAT78-2-F24-A1_KAT78-2-F24-A1,0,0,0,0,0,0,0,0,0,0,0,0,0,0,0,deborylation_0,0,0,0,0,0,183.4048205,34.07777284,4.722739723,195,0.7318,0,0,0,0,0,0,0,0,0,0,0,0,0,0,0,14.68668602,3.089910837,0.428221783,220,1.0984,0,0,0,0,0,0,0,0,0,0,0,0,0,0,0,141.1458183,24.54626551,3.40179576,255.9,1.1868,71.23956389,12.7678974,1.769465877,266.9,0.8834,0,0,0,0,0,0,0,0,0,0,0,0,0.000299735,37.46693616,0,0,0,0,0,0,0,0,7.25E-05,9.067232332,0,0,0,0,0,0,0,0,0.000576241,72.0301342
G1,NC1=C(C=CC=C1)C2=C([Pd]OS(C)(=O)=O)C=CC=C2.CN(C)C3=CC=C(C=C3)P(C(C)(C)C)C(C)(C)C,APhos Pd G3,0.10161904000000001 milligram,0.16000000000000003 micromole,0.10161904000000004 microliter,C29H41N2O3PPdS,BrC1=CC=CN2C=CN=C12,"8-bromoimidazo[1,2-a]pyridine",0.15762800000000002 milligram,0.8 micromole,0.15762800000000005 microliter,C7H5BrN2,B1(OC(C(O1)(C)C)(C)C)C2=CN=C(C=C2)C,"2-methyl-5-(4,4,5,5-tetramethyl-1,3,2-dioxaborolan-2-yl)pyridine",0.21032928 milligram,0.9600000000000001 micromole,0.21032928000000006 microliter,C12H18BNO2,O=C([O-])[O-].[Na+].[Na+],Na2CO3,0.635928 milligram,6.0 micromole,0.6359280000000002 microliter,CNa2O3,CN1C=NC2=C1C(=O)N(C(=O)N2C)C,caffeine,0.1553528 milligram,0.8 micromole,0.15535280000000004 microliter,C8H10N4O2,C1COCCO1,dioxane,32.445 milligram,368.2496084262139 micromole,31.5 microliter,C4H8O2,O,water,3.5 milligram,194.2825423258396 micromole,3.5 microliter,H2O,Cc1ccc(-c2cccn3ccnc23)cn1,suzuki_product_0,0.0 milligram,0.0 micromole,0 microliter,C13H11N3,c1ccn2ccnc2c1,dehalogenation_0,0.0 milligram,0.0 micromole,0 microliter,C7H6N2,Cc1ccccn1,deborylation_0,0.0 milligram,0.0 micromole,0 microliter,C6H7N,BrC1=CC=CN2C=CN=C12.B1(OC(C(O1)(C)C)(C)C)C2=CN=C(C=C2)C>>Cc1ccc(-c2cccn3ccnc23)cn1.c1ccn2ccnc2c1.Cc1ccccn1,001_RLN-NB-2443_007_G1,,,,,,,,,3/29/23 22:33,kat78-2-g1-a1_03_22_2023_145.raw,2min_150_1200.EXP,001_RLN-NB-2443_007_G1,KAT78-2-G1-A1_KAT78-2-G1-A1_KAT78-2-G1-A1,0,0,0,0,0,0,0,0,0,0,0,0,0,0,0,deborylation_0,0,0,0,0,0,187.0397422,7.174654214,4.76105061,195.1,0.7334,0,0,0,0,0,0,0,0,0,0,0,0,0,0,0,0,0,0,0,0,0,0,0,0,0,0,0,0,0,0,0,0,0,0,0,0,0,0,0,0,53.76278321,2.725894205,1.808884426,210,0.5851,0,0,0,0,0,0,0,0,0,0,0,0,0.000303947,37.99338789,0,0,0,0,0,0,0,0,0,0,0,0,0,0,0,0,0,0,0,0
G2,NC1=C(C=CC=C1)C2=C([Pd]OS(C)(=O)=O)C=CC=C2.CN(C)C3=CC=C(C=C3)P(C(C)(C)C)C(C)(C)C,APhos Pd G3,0.10161904000000001 milligram,0.16000000000000003 micromole,0.10161904000000004 microliter,C29H41N2O3PPdS,BrC1=CC=CN2C=CN=C12,"8-bromoimidazo[1,2-a]pyridine",0.15762800000000002 milligram,0.8 micromole,0.15762800000000005 microliter,C7H5BrN2,B1(OC(C(O1)(C)C)(C)C)C2=CN(N=C2C)C,"1,3-dimethyl-4-(4,4,5,5-tetramethyl-1,3,2-dioxaborolan-2-yl)-1H-pyrazole",0.21321311999999998 milligram,0.9600000000000001 micromole,0.21321312000000003 microliter,C11H19BN2O2,O=C([O-])[O-].[Na+].[Na+],Na2CO3,0.635928 milligram,6.0 micromole,0.6359280000000002 microliter,CNa2O3,CN1C=NC2=C1C(=O)N(C(=O)N2C)C,caffeine,0.1553528 milligram,0.8 micromole,0.15535280000000004 microliter,C8H10N4O2,C1COCCO1,dioxane,32.445 milligram,368.2496084262139 micromole,31.5 microliter,C4H8O2,O,water,3.5 milligram,194.2825423258396 micromole,3.5 microliter,H2O,Cc1nn(C)cc1-c1cccn2ccnc12,suzuki_product_0,0.0 milligram,0.0 micromole,0 microliter,C12H12N4,c1ccn2ccnc2c1,dehalogenation_0,0.0 milligram,0.0 micromole,0 microliter,C7H6N2,Cc1ccn(C)n1,deborylation_0,0.0 milligram,0.0 micromole,0 microliter,C5H8N2,BrC1=CC=CN2C=CN=C12.B1(OC(C(O1)(C)C)(C)C)C2=CN(N=C2C)C>>Cc1nn(C)cc1-c1cccn2ccnc12.c1ccn2ccnc2c1.Cc1ccn(C)n1,001_RLN-NB-2443_007_G2,,,,,,,,,3/29/23 22:35,kat78-2-g2-a1_03_22_2023_146.raw,2min_150_1200.EXP,001_RLN-NB-2443_007_G2,KAT78-2-G2-A1_KAT78-2-G2-A1_KAT78-2-G2-A1,0,0,0,0,0,0,0,0,0,0,0,0,0,0,0,deborylation_0,0,0,0,0,0,184.7090146,11.88427872,4.808875051,195.1,0.7318,0,0,0,0,0,0,0,0,0,0,0,0,0,0,0,0,0,0,0,0,0,0,0,0,0,0,0,0,0,0,0,0,0,0,0,0,0,0,0,0,0,0,0,0,0,0,0,0,0,0,0,0,0,0,0,0,0,0,0,0,0,0,0,0,0,0,0,0,0,0,0,0,0,0,0,0,0,0,0
G3,NC1=C(C=CC=C1)C2=C([Pd]OS(C)(=O)=O)C=CC=C2.CN(C)C3=CC=C(C=C3)P(C(C)(C)C)C(C)(C)C,APhos Pd G3,0.10161904000000001 milligram,0.16000000000000003 micromole,0.10161904000000004 microliter,C29H41N2O3PPdS,BrC1=CC=CN2C=CN=C12,"8-bromoimidazo[1,2-a]pyridine",0.15762800000000002 milligram,0.8 micromole,0.15762800000000005 microliter,C7H5BrN2,B1(OC(C(O1)(C)C)(C)C)C2=CCN(CC2)C(=O)OC(C)(C)C,"N-Boc-1,2,5,6-tetrahydropyridine-4-boronic acid pinacol ester",0.29684640000000007 milligram,0.9600000000000001 micromole,0.2968464000000001 microliter,C16H28BNO4,O=C([O-])[O-].[Na+].[Na+],Na2CO3,0.635928 milligram,6.0 micromole,0.6359280000000002 microliter,CNa2O3,CN1C=NC2=C1C(=O)N(C(=O)N2C)C,caffeine,0.1553528 milligram,0.8 micromole,0.15535280000000004 microliter,C8H10N4O2,C1COCCO1,dioxane,32.445 milligram,368.2496084262139 micromole,31.5 microliter,C4H8O2,O,water,3.5 milligram,194.2825423258396 micromole,3.5 microliter,H2O,CC(C)(C)OC(=O)N1CC=C(c2cccn3ccnc23)CC1,suzuki_product_0,0.0 milligram,0.0 micromole,0 microliter,C17H21N3O2,c1ccn2ccnc2c1,dehalogenation_0,0.0 milligram,0.0 micromole,0 microliter,C7H6N2,CC(C)(C)OC(=O)N1CC=CCC1,deborylation_0,0.0 milligram,0.0 micromole,0 microliter,C10H17NO2,BrC1=CC=CN2C=CN=C12.B1(OC(C(O1)(C)C)(C)C)C2=CCN(CC2)C(=O)OC(C)(C)C>>CC(C)(C)OC(=O)N1CC=C(c2cccn3ccnc23)CC1.c1ccn2ccnc2c1.CC(C)(C)OC(=O)N1CC=CCC1,001_RLN-NB-2443_007_G3,,,,,,,,,3/29/23 22:38,kat78-2-g3-a1_03_22_2023_147.raw,2min_150_1200.EXP,001_RLN-NB-2443_007_G3,KAT78-2-G3-A1_KAT78-2-G3-A1_KAT78-2-G3-A1,0,0,0,0,0,0,0,0,0,0,0,0,0,0,0,deborylation_0,0,0,0,0,0,179.2052727,10.0110348,4.560061147,194.9,0.7301,0,0,0,0,0,0,0,0,0,0,0,0,0,0,0,0,0,0,0,0,0,0,0,0,0,0,0,0,0,0,0,0,0,0,0,0,0,0,0,0,192.3597654,12.88349761,5.868477944,300,0.8684,0,0,0,0,0,0,0,0,0,0,0,0,0.001029544,128.6929661,0,0,0,0,0,0,0,0,0,0,0,0,0,0,0,0,0,0,0,0
G4,NC1=C(C=CC=C1)C2=C([Pd]OS(C)(=O)=O)C=CC=C2.CN(C)C3=CC=C(C=C3)P(C(C)(C)C)C(C)(C)C,APhos Pd G3,0.10161904000000001 milligram,0.16000000000000003 micromole,0.10161904000000004 microliter,C29H41N2O3PPdS,BrC1=CC=CN2C=CN=C12,"8-bromoimidazo[1,2-a]pyridine",0.15762800000000002 milligram,0.8 micromole,0.15762800000000005 microliter,C7H5BrN2,B1(OC(C(O1)(C)C)(C)C)C2=CCN(CC2)C(=O)OC(C)(C)C,"N-Boc-1,2,5,6-tetrahydropyridine-4-boronic acid pinacol ester",0.29684640000000007 milligram,0.9600000000000001 micromole,0.2968464000000001 microliter,C16H28BNO4,O=C([O-])[O-].[Na+].[Na+],Na2CO3,0.635928 milligram,6.0 micromole,0.6359280000000002 microliter,CNa2O3,CN1C=NC2=C1C(=O)N(C(=O)N2C)C,caffeine,0.1553528 milligram,0.8 micromole,0.15535280000000004 microliter,C8H10N4O2,C1COCCO1,dioxane,32.445 milligram,368.2496084262139 micromole,31.5 microliter,C4H8O2,O,water,3.5 milligram,194.2825423258396 micromole,3.5 microliter,H2O,CC(C)(C)OC(=O)N1CC=C(c2cccn3ccnc23)CC1,suzuki_product_0,0.0 milligram,0.0 micromole,0 microliter,C17H21N3O2,c1ccn2ccnc2c1,dehalogenation_0,0.0 milligram,0.0 micromole,0 microliter,C7H6N2,CC(C)(C)OC(=O)N1CC=CCC1,deborylation_0,0.0 milligram,0.0 micromole,0 microliter,C10H17NO2,BrC1=CC=CN2C=CN=C12.B1(OC(C(O1)(C)C)(C)C)C2=CCN(CC2)C(=O)OC(C)(C)C>>CC(C)(C)OC(=O)N1CC=C(c2cccn3ccnc23)CC1.c1ccn2ccnc2c1.CC(C)(C)OC(=O)N1CC=CCC1,001_RLN-NB-2443_007_G4,,,,,,,,,3/29/23 22:40,kat78-2-g4-a1_03_22_2023_148.raw,2min_150_1200.EXP,001_RLN-NB-2443_007_G4,KAT78-2-G4-A1_KAT78-2-G4-A1_KAT78-2-G4-A1,0,0,0,0,0,0,0,0,0,0,0,0,0,0,0,deborylation_0,0,0,0,0,0,171.5879657,13.20862298,4.303497477,194.9,0.7318,0,0,0,0,0,0,0,0,0,0,0,0,0,0,0,0,0,0,0,0,0,0,0,0,0,0,0,0,0,0,0,0,0,0,0,0,0,0,0,0,0,0,0,0,0,0,0,0,0,0,0,0,0,0,0,0,0,0,0,0,0,0,0,0,0,0,0,0,0,0,0,0,0,0,0,0,0,0,0
G5,NC1=C(C=CC=C1)C2=C([Pd]OS(C)(=O)=O)C=CC=C2.CN(C)C3=CC=C(C=C3)P(C(C)(C)C)C(C)(C)C,APhos Pd G3,0.10161904000000001 milligram,0.16000000000000003 micromole,0.10161904000000004 microliter,C29H41N2O3PPdS,BrC1=CC=CN2C=CN=C12,"8-bromoimidazo[1,2-a]pyridine",0.15762800000000002 milligram,0.8 micromole,0.15762800000000005 microliter,C7H5BrN2,B1(OC(C(O1)(C)C)(C)C)C2=CC=C(C=C2)N,"4-(4,4,5,5-tetramethyl-1,3,2-dioxaborolan-2-yl)aniline",0.21032928 milligram,0.9600000000000001 micromole,0.21032928000000006 microliter,C12H18BNO2,O=C([O-])[O-].[Na+].[Na+],Na2CO3,0.635928 milligram,6.0 micromole,0.6359280000000002 microliter,CNa2O3,CN1C=NC2=C1C(=O)N(C(=O)N2C)C,caffeine,0.1553528 milligram,0.8 micromole,0.15535280000000004 microliter,C8H10N4O2,C1COCCO1,dioxane,32.445 milligram,368.2496084262139 micromole,31.5 microliter,C4H8O2,O,water,3.5 milligram,194.2825423258396 micromole,3.5 microliter,H2O,Nc1ccc(-c2cccn3ccnc23)cc1,suzuki_product_0,0.0 milligram,0.0 micromole,0 microliter,C13H11N3,c1ccn2ccnc2c1,dehalogenation_0,0.0 milligram,0.0 micromole,0 microliter,C7H6N2,Nc1ccccc1,deborylation_0,0.0 milligram,0.0 micromole,0 microliter,C6H7N,BrC1=CC=CN2C=CN=C12.B1(OC(C(O1)(C)C)(C)C)C2=CC=C(C=C2)N>>Nc1ccc(-c2cccn3ccnc23)cc1.c1ccn2ccnc2c1.Nc1ccccc1,001_RLN-NB-2443_007_G5,,,,,,,,,3/29/23 22:43,kat78-2-g5-a1_03_22_2023_149.raw,2min_150_1200.EXP,001_RLN-NB-2443_007_G5,KAT78-2-G5-A1_KAT78-2-G5-A1_KAT78-2-G5-A1,0,0,0,0,0,0,0,0,0,0,0,0,0,0,0,deborylation_0,0,0,0,0,0,176.4190761,15.99810713,4.592509263,195,0.7318,0,0,0,0,0,0,0,0,0,0,0,0,0,0,0,26.1153254,2.932757074,0.841894226,219.8,1.0951,0,0,0,0,0,0,0,0,0,0,0,0,0,0,0,0,0,0,0,0,49.81793826,4.799867679,1.377877807,210.1,0.6334,0,0,0,0,0,0,0,0,0,0,0,0,0.000240022,30.00272244,0,0,0,0,0,0,0,0,0.000146655,18.33190045,0,0,0,0,0,0,0,0,0,0
G6,NC1=C(C=CC=C1)C2=C([Pd]OS(C)(=O)=O)C=CC=C2.CN(C)C3=CC=C(C=C3)P(C(C)(C)C)C(C)(C)C,APhos Pd G3,0.10161904000000001 milligram,0.16000000000000003 micromole,0.10161904000000004 microliter,C29H41N2O3PPdS,BrC1=CC=CN2C=CN=C12,"8-bromoimidazo[1,2-a]pyridine",0.15762800000000002 milligram,0.8 micromole,0.15762800000000005 microliter,C7H5BrN2,B1(OC(C(O1)(C)C)(C)C)C2=CC=C(C=C2)N,"4-(4,4,5,5-tetramethyl-1,3,2-dioxaborolan-2-yl)aniline",0.21032928 milligram,0.9600000000000001 micromole,0.21032928000000006 microliter,C12H18BNO2,O=C([O-])[O-].[Na+].[Na+],Na2CO3,0.635928 milligram,6.0 micromole,0.6359280000000002 microliter,CNa2O3,CN1C=NC2=C1C(=O)N(C(=O)N2C)C,caffeine,0.1553528 milligram,0.8 micromole,0.15535280000000004 microliter,C8H10N4O2,C1COCCO1,dioxane,32.445 milligram,368.2496084262139 micromole,31.5 microliter,C4H8O2,O,water,3.5 milligram,194.2825423258396 micromole,3.5 microliter,H2O,Nc1ccc(-c2cccn3ccnc23)cc1,suzuki_product_0,0.0 milligram,0.0 micromole,0 microliter,C13H11N3,c1ccn2ccnc2c1,dehalogenation_0,0.0 milligram,0.0 micromole,0 microliter,C7H6N2,Nc1ccccc1,deborylation_0,0.0 milligram,0.0 micromole,0 microliter,C6H7N,BrC1=CC=CN2C=CN=C12.B1(OC(C(O1)(C)C)(C)C)C2=CC=C(C=C2)N>>Nc1ccc(-c2cccn3ccnc23)cc1.c1ccn2ccnc2c1.Nc1ccccc1,001_RLN-NB-2443_007_G6,,,,,,,,,3/29/23 22:45,kat78-2-g6-a1_03_22_2023_150.raw,2min_150_1200.EXP,001_RLN-NB-2443_007_G6,KAT78-2-G6-A1_KAT78-2-G6-A1_KAT78-2-G6-A1,0,0,0,0,0,0,0,0,0,0,0,0,0,0,0,deborylation_0,0,0,0,0,0,182.9127634,17.84419947,4.654964209,194.9,0.7334,0,0,0,0,0,0,0,0,0,0,0,0,0,0,0,32.19003795,4.610112775,1.202626658,220,1.1018,0,0,0,0,0,0,0,0,0,0,0,0,0,0,0,0,0,0,0,0,48.87979564,4.974013395,1.29755635,209.9,0.6351,0,0,0,0,0,0,0,0,0,0,0,0,0.000222997,27.87467941,0,0,0,0,0,0,0,0,0.000206683,25.83535777,0,0,0,0,0,0,0,0,0,0
G7,NC1=C(C=CC=C1)C2=C([Pd]OS(C)(=O)=O)C=CC=C2.CN(C)C3=CC=C(C=C3)P(C(C)(C)C)C(C)(C)C,APhos Pd G3,0.10161904000000001 milligram,0.16000000000000003 micromole,0.10161904000000004 microliter,C29H41N2O3PPdS,CC1=CC(C=O)=C(C)N1C2=CC(Cl)=CC(Cl)=C2,"1-(3,5-dichlorophenyl)-2,5-dimethyl-1H-pyrrole-3-carbaldehyde",0.2145144 milligram,0.8 micromole,0.21451440000000005 microliter,C13H11Cl2NO,B1(OC(C(O1)(C)C)(C)C)C2=CN=C(C=C2)C,"2-methyl-5-(4,4,5,5-tetramethyl-1,3,2-dioxaborolan-2-yl)pyridine",0.21032928 milligram,0.9600000000000001 micromole,0.21032928000000006 microliter,C12H18BNO2,O=C([O-])[O-].[Na+].[Na+],Na2CO3,0.635928 milligram,6.0 micromole,0.6359280000000002 microliter,CNa2O3,CN1C=NC2=C1C(=O)N(C(=O)N2C)C,caffeine,0.1553528 milligram,0.8 micromole,0.15535280000000004 microliter,C8H10N4O2,C1COCCO1,dioxane,32.445 milligram,368.2496084262139 micromole,31.5 microliter,C4H8O2,O,water,3.5 milligram,194.2825423258396 micromole,3.5 microliter,H2O,Cc1ccc(-c2cc(Cl)cc(-n3c(C)cc(C=O)c3C)c2)cn1,suzuki_product_0,0.0 milligram,0.0 micromole,0 microliter,C19H17ClN2O,Cc1ccc(-c2cc(-c3ccc(C)nc3)cc(-n3c(C)cc(C=O)c3C)c2)cn1,bis_addition_1,0.0 milligram,0.0 micromole,0 microliter,C25H23N3O,Cc1cc(C=O)c(C)n1-c1cccc(Cl)c1,dehalogenation_0,0.0 milligram,0.0 micromole,0 microliter,C13H12ClNO,CC1=CC(C=O)=C(C)N1C2=CC(Cl)=CC(Cl)=C2.B1(OC(C(O1)(C)C)(C)C)C2=CN=C(C=C2)C>>Cc1ccc(-c2cc(Cl)cc(-n3c(C)cc(C=O)c3C)c2)cn1.Cc1ccc(-c2cc(-c3ccc(C)nc3)cc(-n3c(C)cc(C=O)c3C)c2)cn1.Cc1cc(C=O)c(C)n1-c1cccc(Cl)c1.Cc1ccccn1,001_RLN-NB-2443_007_G7,,,Cc1ccccn1,deborylation_0,0.0 milligram,0.0 micromole,0 microliter,C6H7N,3/29/23 22:47,kat78-2-g7-a1_03_22_2023_151.raw,2min_150_1200.EXP,001_RLN-NB-2443_007_G7,KAT78-2-G7-A1_KAT78-2-G7-A1_KAT78-2-G7-A1,0,0,0,0,0,0,0,0,0,0,0,0,0,0,0,bis_addition_1,0,0,0,0,0,187.3887433,15.88391198,4.741205015,195,0.7318,0,0,0,0,0,21.45820055,1.581233682,0.471984047,233.8,1.2468,0,0,0,0,0,0,0,0,0,0,113.0060248,10.031315,2.994257399,382,0.8084,0,0,0,0,0,0,0,0,0,0,0,0,0,0,0,254.5767873,29.40103744,8.775945516,324.9,1.0368,0,0,0,0,0,112.1354467,10.67911638,3.187620291,267.9,1.3251,0,0,0.001480796,185.0994734,7.96E-05,9.954938579,0,0,0,0,0,0,0,0,0.000537858,67.23228128,0.000505231,63.15393217,0,0,0,0,0,0
G8,NC1=C(C=CC=C1)C2=C([Pd]OS(C)(=O)=O)C=CC=C2.CN(C)C3=CC=C(C=C3)P(C(C)(C)C)C(C)(C)C,APhos Pd G3,0.10161904000000001 milligram,0.16000000000000003 micromole,0.10161904000000004 microliter,C29H41N2O3PPdS,CC1=CC(C=O)=C(C)N1C2=CC(Cl)=CC(Cl)=C2,"1-(3,5-dichlorophenyl)-2,5-dimethyl-1H-pyrrole-3-carbaldehyde",0.2145144 milligram,0.8 micromole,0.21451440000000005 microliter,C13H11Cl2NO,B1(OC(C(O1)(C)C)(C)C)C2=CN(N=C2C)C,"1,3-dimethyl-4-(4,4,5,5-tetramethyl-1,3,2-dioxaborolan-2-yl)-1H-pyrazole",0.21321311999999998 milligram,0.9600000000000001 micromole,0.21321312000000003 microliter,C11H19BN2O2,O=C([O-])[O-].[Na+].[Na+],Na2CO3,0.635928 milligram,6.0 micromole,0.6359280000000002 microliter,CNa2O3,CN1C=NC2=C1C(=O)N(C(=O)N2C)C,caffeine,0.1553528 milligram,0.8 micromole,0.15535280000000004 microliter,C8H10N4O2,C1COCCO1,dioxane,32.445 milligram,368.2496084262139 micromole,31.5 microliter,C4H8O2,O,water,3.5 milligram,194.2825423258396 micromole,3.5 microliter,H2O,Cc1nn(C)cc1-c1cc(Cl)cc(-n2c(C)cc(C=O)c2C)c1,suzuki_product_0,0.0 milligram,0.0 micromole,0 microliter,C18H18ClN3O,Cc1nn(C)cc1-c1cc(-c2cn(C)nc2C)cc(-n2c(C)cc(C=O)c2C)c1,bis_addition_1,0.0 milligram,0.0 micromole,0 microliter,C23H25N5O,Cc1cc(C=O)c(C)n1-c1cccc(Cl)c1,dehalogenation_0,0.0 milligram,0.0 micromole,0 microliter,C13H12ClNO,CC1=CC(C=O)=C(C)N1C2=CC(Cl)=CC(Cl)=C2.B1(OC(C(O1)(C)C)(C)C)C2=CN(N=C2C)C>>Cc1nn(C)cc1-c1cc(Cl)cc(-n2c(C)cc(C=O)c2C)c1.Cc1nn(C)cc1-c1cc(-c2cn(C)nc2C)cc(-n2c(C)cc(C=O)c2C)c1.Cc1cc(C=O)c(C)n1-c1cccc(Cl)c1.Cc1ccn(C)n1,001_RLN-NB-2443_007_G8,,,Cc1ccn(C)n1,deborylation_0,0.0 milligram,0.0 micromole,0 microliter,C5H8N2,3/29/23 22:50,kat78-2-g8-a1_03_22_2023_152.raw,2min_150_1200.EXP,001_RLN-NB-2443_007_G8,KAT78-2-G8-A1_KAT78-2-G8-A1_KAT78-2-G8-A1,0,0,0,0,0,0,0,0,0,0,0,0,0,0,0,bis_addition_2,0,0,0,0,0,177.2937434,20.18989987,4.454755912,195,0.7334,0,0,0,0,0,20.54712916,1.546963612,0.341326373,233.9,1.2484,0,0,0,0,0,0,0,0,0,0,0,0,0,0,0,13.47061551,1.503859395,0.331815738,230.9,1.0651,0,0,0,0,0,0,0,0,0,0,78.74023076,8.735036318,1.927322816,328,1.2118,0,0,0,0,0,210.6721897,26.68433939,5.887707191,267.8,1.3268,0,0,0.000346115,43.26438652,6.13E-05,7.662066784,0,0,0,0,0,0,0,0,0.001057334,132.1667743,0,0,0,0,0,0,0,0
G9,NC1=C(C=CC=C1)C2=C([Pd]OS(C)(=O)=O)C=CC=C2.CN(C)C3=CC=C(C=C3)P(C(C)(C)C)C(C)(C)C,APhos Pd G3,0.10161904000000001 milligram,0.16000000000000003 micromole,0.10161904000000004 microliter,C29H41N2O3PPdS,CC1=CC(C=O)=C(C)N1C2=CC(Cl)=CC(Cl)=C2,"1-(3,5-dichlorophenyl)-2,5-dimethyl-1H-pyrrole-3-carbaldehyde",0.2145144 milligram,0.8 micromole,0.21451440000000005 microliter,C13H11Cl2NO,B1(OC(C(O1)(C)C)(C)C)C2=CCN(CC2)C(=O)OC(C)(C)C,"N-Boc-1,2,5,6-tetrahydropyridine-4-boronic acid pinacol ester",0.29684640000000007 milligram,0.9600000000000001 micromole,0.2968464000000001 microliter,C16H28BNO4,O=C([O-])[O-].[Na+].[Na+],Na2CO3,0.635928 milligram,6.0 micromole,0.6359280000000002 microliter,CNa2O3,CN1C=NC2=C1C(=O)N(C(=O)N2C)C,caffeine,0.1553528 milligram,0.8 micromole,0.15535280000000004 microliter,C8H10N4O2,C1COCCO1,dioxane,32.445 milligram,368.2496084262139 micromole,31.5 microliter,C4H8O2,O,water,3.5 milligram,194.2825423258396 micromole,3.5 microliter,H2O,Cc1cc(C=O)c(C)n1-c1cc(Cl)cc(C2=CCN(C(=O)OC(C)(C)C)CC2)c1,suzuki_product_0,0.0 milligram,0.0 micromole,0 microliter,C23H27ClN2O3,Cc1cc(C=O)c(C)n1-c1cc(C2=CCN(C(=O)OC(C)(C)C)CC2)cc(C2=CCN(C(=O)OC(C)(C)C)CC2)c1,bis_addition_2,0.0 milligram,0.0 micromole,0 microliter,C33H43N3O5,Cc1cc(C=O)c(C)n1-c1cccc(Cl)c1,dehalogenation_0,0.0 milligram,0.0 micromole,0 microliter,C13H12ClNO,CC1=CC(C=O)=C(C)N1C2=CC(Cl)=CC(Cl)=C2.B1(OC(C(O1)(C)C)(C)C)C2=CCN(CC2)C(=O)OC(C)(C)C>>Cc1cc(C=O)c(C)n1-c1cc(Cl)cc(C2=CCN(C(=O)OC(C)(C)C)CC2)c1.Cc1cc(C=O)c(C)n1-c1cc(C2=CCN(C(=O)OC(C)(C)C)CC2)cc(C2=CCN(C(=O)OC(C)(C)C)CC2)c1.Cc1cc(C=O)c(C)n1-c1cccc(Cl)c1.CC(C)(C)OC(=O)N1CC=CCC1,001_RLN-NB-2443_007_G9,,,CC(C)(C)OC(=O)N1CC=CCC1,deborylation_0,0.0 milligram,0.0 micromole,0 microliter,C10H17NO2,3/29/23 22:52,kat78-2-g9-a1_03_22_2023_153.raw,2min_150_1200.EXP,001_RLN-NB-2443_007_G9,KAT78-2-G9-A1_KAT78-2-G9-A1_KAT78-2-G9-A1,0,0,0,0,0,0,0,0,0,0,0,0,0,0,0,bis_addition_1,0,0,0,0,0,182.6317704,12.44314633,4.692954216,195,0.7334,0,0,0,0,0,0,0,0,0,0,0,0,0,0,0,0,0,0,0,0,156.5066149,13.53527972,5.10485422,562.1,1.5534,0,0,0,0,0,0,0,0,0,0,0,0,0,0,0,300.8258357,32.89077649,12.40481339,415.1,1.4701,0,0,0,0,0,215.9553098,14.85569241,5.602850157,267.8,1.3251,0,0,0.002114628,264.3284554,0,0,0,0,0,0,0,0,0,0,0.000955108,119.3885535,0,0,0,0,0,0,0,0
G10,NC1=C(C=CC=C1)C2=C([Pd]OS(C)(=O)=O)C=CC=C2.CN(C)C3=CC=C(C=C3)P(C(C)(C)C)C(C)(C)C,APhos Pd G3,0.10161904000000001 milligram,0.16000000000000003 micromole,0.10161904000000004 microliter,C29H41N2O3PPdS,CC1=CC(C=O)=C(C)N1C2=CC(Cl)=CC(Cl)=C2,"1-(3,5-dichlorophenyl)-2,5-dimethyl-1H-pyrrole-3-carbaldehyde",0.2145144 milligram,0.8 micromole,0.21451440000000005 microliter,C13H11Cl2NO,B1(OC(C(O1)(C)C)(C)C)C2=CCN(CC2)C(=O)OC(C)(C)C,"N-Boc-1,2,5,6-tetrahydropyridine-4-boronic acid pinacol ester",0.29684640000000007 milligram,0.9600000000000001 micromole,0.2968464000000001 microliter,C16H28BNO4,O=C([O-])[O-].[Na+].[Na+],Na2CO3,0.635928 milligram,6.0 micromole,0.6359280000000002 microliter,CNa2O3,CN1C=NC2=C1C(=O)N(C(=O)N2C)C,caffeine,0.1553528 milligram,0.8 micromole,0.15535280000000004 microliter,C8H10N4O2,C1COCCO1,dioxane,32.445 milligram,368.2496084262139 micromole,31.5 microliter,C4H8O2,O,water,3.5 milligram,194.2825423258396 micromole,3.5 microliter,H2O,Cc1cc(C=O)c(C)n1-c1cc(Cl)cc(C2=CCN(C(=O)OC(C)(C)C)CC2)c1,suzuki_product_0,0.0 milligram,0.0 micromole,0 microliter,C23H27ClN2O3,Cc1cc(C=O)c(C)n1-c1cc(C2=CCN(C(=O)OC(C)(C)C)CC2)cc(C2=CCN(C(=O)OC(C)(C)C)CC2)c1,bis_addition_2,0.0 milligram,0.0 micromole,0 microliter,C33H43N3O5,Cc1cc(C=O)c(C)n1-c1cccc(Cl)c1,dehalogenation_0,0.0 milligram,0.0 micromole,0 microliter,C13H12ClNO,CC1=CC(C=O)=C(C)N1C2=CC(Cl)=CC(Cl)=C2.B1(OC(C(O1)(C)C)(C)C)C2=CCN(CC2)C(=O)OC(C)(C)C>>Cc1cc(C=O)c(C)n1-c1cc(Cl)cc(C2=CCN(C(=O)OC(C)(C)C)CC2)c1.Cc1cc(C=O)c(C)n1-c1cc(C2=CCN(C(=O)OC(C)(C)C)CC2)cc(C2=CCN(C(=O)OC(C)(C)C)CC2)c1.Cc1cc(C=O)c(C)n1-c1cccc(Cl)c1.CC(C)(C)OC(=O)N1CC=CCC1,001_RLN-NB-2443_007_G10,,,CC(C)(C)OC(=O)N1CC=CCC1,deborylation_0,0.0 milligram,0.0 micromole,0 microliter,C10H17NO2,3/29/23 22:55,kat78-2-g10-a1_03_22_2023_154.raw,2min_150_1200.EXP,001_RLN-NB-2443_007_G10,KAT78-2-G10-A1_KAT78-2-G10-A1_KAT78-2-G10-A1,0,0,0,0,0,0,0,0,0,0,0,0,0,0,0,bis_addition_1,0,0,0,0,0,174.0571092,13.02322988,4.406343779,194.9,0.7334,0,0,0,0,0,0,0,0,0,0,0,0,0,0,0,0,0,0,0,0,0,0,0,0,0,0,0,0,0,0,0,0,0,0,0,0,0,0,0,0,282.2995063,35.09430261,11.87397929,415.1,1.4701,0,0,0,0,0,183.8298631,13.54233199,4.581979343,267.9,1.3251,0,0,0.002155797,269.4746458,0,0,0,0,0,0,0,0,0,0,0.000831888,103.9859705,0,0,0,0,0,0,0,0
G11,NC1=C(C=CC=C1)C2=C([Pd]OS(C)(=O)=O)C=CC=C2.CN(C)C3=CC=C(C=C3)P(C(C)(C)C)C(C)(C)C,APhos Pd G3,0.10161904000000001 milligram,0.16000000000000003 micromole,0.10161904000000004 microliter,C29H41N2O3PPdS,CC1=CC(C=O)=C(C)N1C2=CC(Cl)=CC(Cl)=C2,"1-(3,5-dichlorophenyl)-2,5-dimethyl-1H-pyrrole-3-carbaldehyde",0.2145144 milligram,0.8 micromole,0.21451440000000005 microliter,C13H11Cl2NO,B1(OC(C(O1)(C)C)(C)C)C2=CC=C(C=C2)N,"4-(4,4,5,5-tetramethyl-1,3,2-dioxaborolan-2-yl)aniline",0.21032928 milligram,0.9600000000000001 micromole,0.21032928000000006 microliter,C12H18BNO2,O=C([O-])[O-].[Na+].[Na+],Na2CO3,0.635928 milligram,6.0 micromole,0.6359280000000002 microliter,CNa2O3,CN1C=NC2=C1C(=O)N(C(=O)N2C)C,caffeine,0.1553528 milligram,0.8 micromole,0.15535280000000004 microliter,C8H10N4O2,C1COCCO1,dioxane,32.445 milligram,368.2496084262139 micromole,31.5 microliter,C4H8O2,O,water,3.5 milligram,194.2825423258396 micromole,3.5 microliter,H2O,Cc1cc(C=O)c(C)n1-c1cc(Cl)cc(-c2ccc(N)cc2)c1,suzuki_product_0,0.0 milligram,0.0 micromole,0 microliter,C19H17ClN2O,Cc1cc(C=O)c(C)n1-c1cc(-c2ccc(N)cc2)cc(-c2ccc(N)cc2)c1,bis_addition_1,0.0 milligram,0.0 micromole,0 microliter,C25H23N3O,Cc1cc(C=O)c(C)n1-c1cccc(Cl)c1,dehalogenation_0,0.0 milligram,0.0 micromole,0 microliter,C13H12ClNO,CC1=CC(C=O)=C(C)N1C2=CC(Cl)=CC(Cl)=C2.B1(OC(C(O1)(C)C)(C)C)C2=CC=C(C=C2)N>>Cc1cc(C=O)c(C)n1-c1cc(Cl)cc(-c2ccc(N)cc2)c1.Cc1cc(C=O)c(C)n1-c1cc(-c2ccc(N)cc2)cc(-c2ccc(N)cc2)c1.Cc1cc(C=O)c(C)n1-c1cccc(Cl)c1.Nc1ccccc1,001_RLN-NB-2443_007_G11,,,Nc1ccccc1,deborylation_0,0.0 milligram,0.0 micromole,0 microliter,C6H7N,3/29/23 22:57,kat78-2-g11-a1_03_22_2023_155.raw,2min_150_1200.EXP,001_RLN-NB-2443_007_G11,KAT78-2-G11-A1_KAT78-2-G11-A1_KAT78-2-G11-A1,0,0,0,0,0,0,0,0,0,0,0,0,0,0,0,bis_addition_1,0,0,0,0,0,166.3236011,13.12071947,4.190836193,194.9,0.7318,0,0,0,0,0,0,0,0,0,0,0,0,0,0,0,0,0,0,0,0,42.90900536,2.715217603,0.867256726,382.4,1.0101,0,0,0,0,0,0,0,0,0,0,0,0,0,0,0,197.9095421,22.62969703,7.22806044,324.9,1.2301,0,0,0,0,0,162.6864856,15.33204322,4.89714621,267.8,1.3234,0,0,0.001379784,172.4729888,0,0,0,0,0,0,0,0,0,0,0.000934829,116.8536775,0.000165553,20.69412131,0,0,0,0,0,0
G12,NC1=C(C=CC=C1)C2=C([Pd]OS(C)(=O)=O)C=CC=C2.CN(C)C3=CC=C(C=C3)P(C(C)(C)C)C(C)(C)C,APhos Pd G3,0.10161904000000001 milligram,0.16000000000000003 micromole,0.10161904000000004 microliter,C29H41N2O3PPdS,CC1=CC(C=O)=C(C)N1C2=CC(Cl)=CC(Cl)=C2,"1-(3,5-dichlorophenyl)-2,5-dimethyl-1H-pyrrole-3-carbaldehyde",0.2145144 milligram,0.8 micromole,0.21451440000000005 microliter,C13H11Cl2NO,B1(OC(C(O1)(C)C)(C)C)C2=CC=C(C=C2)N,"4-(4,4,5,5-tetramethyl-1,3,2-dioxaborolan-2-yl)aniline",0.21032928 milligram,0.9600000000000001 micromole,0.21032928000000006 microliter,C12H18BNO2,O=C([O-])[O-].[Na+].[Na+],Na2CO3,0.635928 milligram,6.0 micromole,0.6359280000000002 microliter,CNa2O3,CN1C=NC2=C1C(=O)N(C(=O)N2C)C,caffeine,0.1553528 milligram,0.8 micromole,0.15535280000000004 microliter,C8H10N4O2,C1COCCO1,dioxane,32.445 milligram,368.2496084262139 micromole,31.5 microliter,C4H8O2,O,water,3.5 milligram,194.2825423258396 micromole,3.5 microliter,H2O,Cc1cc(C=O)c(C)n1-c1cc(Cl)cc(-c2ccc(N)cc2)c1,suzuki_product_0,0.0 milligram,0.0 micromole,0 microliter,C19H17ClN2O,Cc1cc(C=O)c(C)n1-c1cc(-c2ccc(N)cc2)cc(-c2ccc(N)cc2)c1,bis_addition_1,0.0 milligram,0.0 micromole,0 microliter,C25H23N3O,Cc1cc(C=O)c(C)n1-c1cccc(Cl)c1,dehalogenation_0,0.0 milligram,0.0 micromole,0 microliter,C13H12ClNO,CC1=CC(C=O)=C(C)N1C2=CC(Cl)=CC(Cl)=C2.B1(OC(C(O1)(C)C)(C)C)C2=CC=C(C=C2)N>>Cc1cc(C=O)c(C)n1-c1cc(Cl)cc(-c2ccc(N)cc2)c1.Cc1cc(C=O)c(C)n1-c1cc(-c2ccc(N)cc2)cc(-c2ccc(N)cc2)c1.Cc1cc(C=O)c(C)n1-c1cccc(Cl)c1.Nc1ccccc1,001_RLN-NB-2443_007_G12,,,Nc1ccccc1,deborylation_0,0.0 milligram,0.0 micromole,0 microliter,C6H7N,3/29/23 23:00,kat78-2-g12-a1_03_22_2023_156.raw,2min_150_1200.EXP,001_RLN-NB-2443_007_G12,KAT78-2-G12-A1_KAT78-2-G12-A1_KAT78-2-G12-A1,0,0,0,0,0,0,0,0,0,0,0,0,0,0,0,bis_addition_1,0,0,0,0,0,180.2361973,15.12457636,4.628477411,194.9,0.7351,0,0,0,0,0,0,0,0,0,0,0,0,0,0,0,0,0,0,0,0,34.54499329,2.373573489,0.72636952,382.1,1.0118,0,0,0,0,0,0,0,0,0,0,0,0,0,0,0,178.7834969,22.91058695,7.011180455,324.9,1.2301,0,0,0,0,0,173.737207,16.51743981,5.054726505,267.8,1.3251,0,0,0.001211834,151.4791979,0,0,0,0,0,0,0,0,0,0,0.000873674,109.2092724,0.000125548,15.69348742,0,0,0,0,0,0
G13,NC1=C(C=CC=C1)C2=C([Pd]OS(C)(=O)=O)C=CC=C2.CN(C)C3=CC=C(C=C3)P(C(C)(C)C)C(C)(C)C,APhos Pd G3,0.10161904000000001 milligram,0.16000000000000003 micromole,0.10161904000000004 microliter,C29H41N2O3PPdS,COC1=C(N)C(Cl)=NC=N1,4-chloro-6-methoxypyrimidin-5-amine,0.12766080000000002 milligram,0.8 micromole,0.12766080000000005 microliter,C5H6ClN3O,B1(OC(C(O1)(C)C)(C)C)C2=CN=C(C=C2)C,"2-methyl-5-(4,4,5,5-tetramethyl-1,3,2-dioxaborolan-2-yl)pyridine",0.21032928 milligram,0.9600000000000001 micromole,0.21032928000000006 microliter,C12H18BNO2,O=C([O-])[O-].[Na+].[Na+],Na2CO3,0.635928 milligram,6.0 micromole,0.6359280000000002 microliter,CNa2O3,CN1C=NC2=C1C(=O)N(C(=O)N2C)C,caffeine,0.1553528 milligram,0.8 micromole,0.15535280000000004 microliter,C8H10N4O2,C1COCCO1,dioxane,32.445 milligram,368.2496084262139 micromole,31.5 microliter,C4H8O2,O,water,3.5 milligram,194.2825423258396 micromole,3.5 microliter,H2O,COc1ncnc(-c2ccc(C)nc2)c1N,suzuki_product_0,0.0 milligram,0.0 micromole,0 microliter,C11H12N4O,COc1ncncc1N,dehalogenation_0,0.0 milligram,0.0 micromole,0 microliter,C5H7N3O,Cc1ccccn1,deborylation_0,0.0 milligram,0.0 micromole,0 microliter,C6H7N,COC1=C(N)C(Cl)=NC=N1.B1(OC(C(O1)(C)C)(C)C)C2=CN=C(C=C2)C>>COc1ncnc(-c2ccc(C)nc2)c1N.COc1ncncc1N.Cc1ccccn1,001_RLN-NB-2443_007_G13,,,,,,,,,3/29/23 23:02,kat78-2-g13-a1_03_22_2023_157.raw,2min_150_1200.EXP,001_RLN-NB-2443_007_G13,KAT78-2-G13-A1_KAT78-2-G13-A1_KAT78-2-G13-A1,0,0,0,0,0,0,0,0,0,0,0,0,0,0,0,deborylation_0,0,0,0,0,0,187.431401,33.33015665,4.935401141,195,0.7334,0,0,0,0,0,0,0,0,0,0,0,0,0,0,0,0,0,0,0,0,0,0,0,0,0,0,0,0,0,0,0,0,0,0,0,0,0,0,0,0,30.32762746,4.604113786,0.681759425,216.9,0.6501,0,0,0,0,0,0,0,0,0,0,0,0,0.000110509,13.81365781,0,0,0,0,0,0,0,0,0,0,0,0,0,0,0,0,0,0,0,0
G14,NC1=C(C=CC=C1)C2=C([Pd]OS(C)(=O)=O)C=CC=C2.CN(C)C3=CC=C(C=C3)P(C(C)(C)C)C(C)(C)C,APhos Pd G3,0.10161904000000001 milligram,0.16000000000000003 micromole,0.10161904000000004 microliter,C29H41N2O3PPdS,COC1=C(N)C(Cl)=NC=N1,4-chloro-6-methoxypyrimidin-5-amine,0.12766080000000002 milligram,0.8 micromole,0.12766080000000005 microliter,C5H6ClN3O,B1(OC(C(O1)(C)C)(C)C)C2=CN(N=C2C)C,"1,3-dimethyl-4-(4,4,5,5-tetramethyl-1,3,2-dioxaborolan-2-yl)-1H-pyrazole",0.21321311999999998 milligram,0.9600000000000001 micromole,0.21321312000000003 microliter,C11H19BN2O2,O=C([O-])[O-].[Na+].[Na+],Na2CO3,0.635928 milligram,6.0 micromole,0.6359280000000002 microliter,CNa2O3,CN1C=NC2=C1C(=O)N(C(=O)N2C)C,caffeine,0.1553528 milligram,0.8 micromole,0.15535280000000004 microliter,C8H10N4O2,C1COCCO1,dioxane,32.445 milligram,368.2496084262139 micromole,31.5 microliter,C4H8O2,O,water,3.5 milligram,194.2825423258396 micromole,3.5 microliter,H2O,COc1ncnc(-c2cn(C)nc2C)c1N,suzuki_product_0,0.0 milligram,0.0 micromole,0 microliter,C10H13N5O,COc1ncncc1N,dehalogenation_0,0.0 milligram,0.0 micromole,0 microliter,C5H7N3O,Cc1ccn(C)n1,deborylation_0,0.0 milligram,0.0 micromole,0 microliter,C5H8N2,COC1=C(N)C(Cl)=NC=N1.B1(OC(C(O1)(C)C)(C)C)C2=CN(N=C2C)C>>COc1ncnc(-c2cn(C)nc2C)c1N.COc1ncncc1N.Cc1ccn(C)n1,001_RLN-NB-2443_007_G14,,,,,,,,,3/29/23 23:05,kat78-2-g14-a1_03_22_2023_158.raw,2min_150_1200.EXP,001_RLN-NB-2443_007_G14,KAT78-2-G14-A1_KAT78-2-G14-A1_KAT78-2-G14-A1,0,0,0,0,0,0,0,0,0,0,0,0,0,0,0,deborylation_0,0,0,0,0,0,187.7886277,34.66642821,4.73310523,195,0.7318,0,0,0,0,0,0,0,0,0,0,0,0,0,0,0,0,0,0,0,0,0,0,0,0,0,0,0,0,0,0,0,0,0,0,0,0,0,0,0,0,26.4059433,5.972039957,0.815379461,220,0.6718,0,0,0,0,0,0,0,0,0,0,0,0,0.000137817,17.22715684,0,0,0,0,0,0,0,0,0,0,0,0,0,0,0,0,0,0,0,0
G15,NC1=C(C=CC=C1)C2=C([Pd]OS(C)(=O)=O)C=CC=C2.CN(C)C3=CC=C(C=C3)P(C(C)(C)C)C(C)(C)C,APhos Pd G3,0.10161904000000001 milligram,0.16000000000000003 micromole,0.10161904000000004 microliter,C29H41N2O3PPdS,COC1=C(N)C(Cl)=NC=N1,4-chloro-6-methoxypyrimidin-5-amine,0.12766080000000002 milligram,0.8 micromole,0.12766080000000005 microliter,C5H6ClN3O,B1(OC(C(O1)(C)C)(C)C)C2=CCN(CC2)C(=O)OC(C)(C)C,"N-Boc-1,2,5,6-tetrahydropyridine-4-boronic acid pinacol ester",0.29684640000000007 milligram,0.9600000000000001 micromole,0.2968464000000001 microliter,C16H28BNO4,O=C([O-])[O-].[Na+].[Na+],Na2CO3,0.635928 milligram,6.0 micromole,0.6359280000000002 microliter,CNa2O3,CN1C=NC2=C1C(=O)N(C(=O)N2C)C,caffeine,0.1553528 milligram,0.8 micromole,0.15535280000000004 microliter,C8H10N4O2,C1COCCO1,dioxane,32.445 milligram,368.2496084262139 micromole,31.5 microliter,C4H8O2,O,water,3.5 milligram,194.2825423258396 micromole,3.5 microliter,H2O,COc1ncnc(C2=CCN(C(=O)OC(C)(C)C)CC2)c1N,suzuki_product_0,0.0 milligram,0.0 micromole,0 microliter,C15H22N4O3,COc1ncncc1N,dehalogenation_0,0.0 milligram,0.0 micromole,0 microliter,C5H7N3O,CC(C)(C)OC(=O)N1CC=CCC1,deborylation_0,0.0 milligram,0.0 micromole,0 microliter,C10H17NO2,COC1=C(N)C(Cl)=NC=N1.B1(OC(C(O1)(C)C)(C)C)C2=CCN(CC2)C(=O)OC(C)(C)C>>COc1ncnc(C2=CCN(C(=O)OC(C)(C)C)CC2)c1N.COc1ncncc1N.CC(C)(C)OC(=O)N1CC=CCC1,001_RLN-NB-2443_007_G15,,,,,,,,,3/29/23 23:07,kat78-2-g15-a1_03_22_2023_159.raw,2min_150_1200.EXP,001_RLN-NB-2443_007_G15,KAT78-2-G15-A1_KAT78-2-G15-A1_KAT78-2-G15-A1,0,0,0,0,0,0,0,0,0,0,0,0,0,0,0,deborylation_0,0,0,0,0,0,188.1992054,25.11298419,4.771243515,194.9,0.7318,0,0,0,0,0,0,0,0,0,0,0,0,0,0,0,0,0,0,0,0,0,0,0,0,0,0,0,0,0,0,0,0,0,0,0,0,0,0,0,0,154.5197317,22.34185657,4.244753928,250.9,0.9951,0,0,0,0,0,0,0,0,0,0,0,0,0.000711723,88.96535911,0,0,0,0,0,0,0,0,0,0,0,0,0,0,0,0,0,0,0,0
G16,NC1=C(C=CC=C1)C2=C([Pd]OS(C)(=O)=O)C=CC=C2.CN(C)C3=CC=C(C=C3)P(C(C)(C)C)C(C)(C)C,APhos Pd G3,0.10161904000000001 milligram,0.16000000000000003 micromole,0.10161904000000004 microliter,C29H41N2O3PPdS,COC1=C(N)C(Cl)=NC=N1,4-chloro-6-methoxypyrimidin-5-amine,0.12766080000000002 milligram,0.8 micromole,0.12766080000000005 microliter,C5H6ClN3O,B1(OC(C(O1)(C)C)(C)C)C2=CCN(CC2)C(=O)OC(C)(C)C,"N-Boc-1,2,5,6-tetrahydropyridine-4-boronic acid pinacol ester",0.29684640000000007 milligram,0.9600000000000001 micromole,0.2968464000000001 microliter,C16H28BNO4,O=C([O-])[O-].[Na+].[Na+],Na2CO3,0.635928 milligram,6.0 micromole,0.6359280000000002 microliter,CNa2O3,CN1C=NC2=C1C(=O)N(C(=O)N2C)C,caffeine,0.1553528 milligram,0.8 micromole,0.15535280000000004 microliter,C8H10N4O2,C1COCCO1,dioxane,32.445 milligram,368.2496084262139 micromole,31.5 microliter,C4H8O2,O,water,3.5 milligram,194.2825423258396 micromole,3.5 microliter,H2O,COc1ncnc(C2=CCN(C(=O)OC(C)(C)C)CC2)c1N,suzuki_product_0,0.0 milligram,0.0 micromole,0 microliter,C15H22N4O3,COc1ncncc1N,dehalogenation_0,0.0 milligram,0.0 micromole,0 microliter,C5H7N3O,CC(C)(C)OC(=O)N1CC=CCC1,deborylation_0,0.0 milligram,0.0 micromole,0 microliter,C10H17NO2,COC1=C(N)C(Cl)=NC=N1.B1(OC(C(O1)(C)C)(C)C)C2=CCN(CC2)C(=O)OC(C)(C)C>>COc1ncnc(C2=CCN(C(=O)OC(C)(C)C)CC2)c1N.COc1ncncc1N.CC(C)(C)OC(=O)N1CC=CCC1,001_RLN-NB-2443_007_G16,,,,,,,,,3/29/23 23:10,kat78-2-g16-a1_03_22_2023_160.raw,2min_150_1200.EXP,001_RLN-NB-2443_007_G16,KAT78-2-G16-A1_KAT78-2-G16-A1_KAT78-2-G16-A1,0,0,0,0,0,0,0,0,0,0,0,0,0,0,0,deborylation_0,0,0,0,0,0,207.8422217,21.68721398,5.211402153,195,0.7351,0,0,0,0,0,0,0,0,0,0,0,0,0,0,0,0,0,0,0,0,0,0,0,0,0,0,0,0,0,0,0,0,0,0,0,0,0,0,0,0,165.9641483,18.42511838,4.427525899,251,0.9984,0,0,0,0,0,0,0,0,0,0,0,0,0.000679668,84.95843862,0,0,0,0,0,0,0,0,0,0,0,0,0,0,0,0,0,0,0,0
G17,NC1=C(C=CC=C1)C2=C([Pd]OS(C)(=O)=O)C=CC=C2.CN(C)C3=CC=C(C=C3)P(C(C)(C)C)C(C)(C)C,APhos Pd G3,0.10161904000000001 milligram,0.16000000000000003 micromole,0.10161904000000004 microliter,C29H41N2O3PPdS,COC1=C(N)C(Cl)=NC=N1,4-chloro-6-methoxypyrimidin-5-amine,0.12766080000000002 milligram,0.8 micromole,0.12766080000000005 microliter,C5H6ClN3O,B1(OC(C(O1)(C)C)(C)C)C2=CC=C(C=C2)N,"4-(4,4,5,5-tetramethyl-1,3,2-dioxaborolan-2-yl)aniline",0.21032928 milligram,0.9600000000000001 micromole,0.21032928000000006 microliter,C12H18BNO2,O=C([O-])[O-].[Na+].[Na+],Na2CO3,0.635928 milligram,6.0 micromole,0.6359280000000002 microliter,CNa2O3,CN1C=NC2=C1C(=O)N(C(=O)N2C)C,caffeine,0.1553528 milligram,0.8 micromole,0.15535280000000004 microliter,C8H10N4O2,C1COCCO1,dioxane,32.445 milligram,368.2496084262139 micromole,31.5 microliter,C4H8O2,O,water,3.5 milligram,194.2825423258396 micromole,3.5 microliter,H2O,COc1ncnc(-c2ccc(N)cc2)c1N,suzuki_product_0,0.0 milligram,0.0 micromole,0 microliter,C11H12N4O,COc1ncncc1N,dehalogenation_0,0.0 milligram,0.0 micromole,0 microliter,C5H7N3O,Nc1ccccc1,deborylation_0,0.0 milligram,0.0 micromole,0 microliter,C6H7N,COC1=C(N)C(Cl)=NC=N1.B1(OC(C(O1)(C)C)(C)C)C2=CC=C(C=C2)N>>COc1ncnc(-c2ccc(N)cc2)c1N.COc1ncncc1N.Nc1ccccc1,001_RLN-NB-2443_007_G17,,,,,,,,,3/29/23 23:12,kat78-2-g17-a1_03_22_2023_161.raw,2min_150_1200.EXP,001_RLN-NB-2443_007_G17,KAT78-2-G17-A1_KAT78-2-G17-A1_KAT78-2-G17-A1,0,0,0,0,0,0,0,0,0,0,0,0,0,0,0,deborylation_0,0,0,0,0,0,170.7301643,28.71415519,4.308782358,194.9,0.7334,0,0,0,0,0,0,0,0,0,0,0,0,0,0,0,0,0,0,0,0,0,0,0,0,0,0,0,0,0,0,0,0,0,0,0,0,0,0,0,0,62.77865714,11.35375745,1.703719627,216.9,0.6551,0,0,0,0,0,0,0,0,0,0,0,0,0.000316325,39.54062856,0,0,0,0,0,0,0,0,0,0,0,0,0,0,0,0,0,0,0,0
G18,NC1=C(C=CC=C1)C2=C([Pd]OS(C)(=O)=O)C=CC=C2.CN(C)C3=CC=C(C=C3)P(C(C)(C)C)C(C)(C)C,APhos Pd G3,0.10161904000000001 milligram,0.16000000000000003 micromole,0.10161904000000004 microliter,C29H41N2O3PPdS,COC1=C(N)C(Cl)=NC=N1,4-chloro-6-methoxypyrimidin-5-amine,0.12766080000000002 milligram,0.8 micromole,0.12766080000000005 microliter,C5H6ClN3O,B1(OC(C(O1)(C)C)(C)C)C2=CC=C(C=C2)N,"4-(4,4,5,5-tetramethyl-1,3,2-dioxaborolan-2-yl)aniline",0.21032928 milligram,0.9600000000000001 micromole,0.21032928000000006 microliter,C12H18BNO2,O=C([O-])[O-].[Na+].[Na+],Na2CO3,0.635928 milligram,6.0 micromole,0.6359280000000002 microliter,CNa2O3,CN1C=NC2=C1C(=O)N(C(=O)N2C)C,caffeine,0.1553528 milligram,0.8 micromole,0.15535280000000004 microliter,C8H10N4O2,C1COCCO1,dioxane,32.445 milligram,368.2496084262139 micromole,31.5 microliter,C4H8O2,O,water,3.5 milligram,194.2825423258396 micromole,3.5 microliter,H2O,COc1ncnc(-c2ccc(N)cc2)c1N,suzuki_product_0,0.0 milligram,0.0 micromole,0 microliter,C11H12N4O,COc1ncncc1N,dehalogenation_0,0.0 milligram,0.0 micromole,0 microliter,C5H7N3O,Nc1ccccc1,deborylation_0,0.0 milligram,0.0 micromole,0 microliter,C6H7N,COC1=C(N)C(Cl)=NC=N1.B1(OC(C(O1)(C)C)(C)C)C2=CC=C(C=C2)N>>COc1ncnc(-c2ccc(N)cc2)c1N.COc1ncncc1N.Nc1ccccc1,001_RLN-NB-2443_007_G18,,,,,,,,,3/29/23 23:14,kat78-2-g18-a1_03_22_2023_162.raw,2min_150_1200.EXP,001_RLN-NB-2443_007_G18,KAT78-2-G18-A1_KAT78-2-G18-A1_KAT78-2-G18-A1,0,0,0,0,0,0,0,0,0,0,0,0,0,0,0,deborylation_0,0,0,0,0,0,190.1388009,33.47726279,4.68173233,194.9,0.7334,0,0,0,0,0,0,0,0,0,0,0,0,0,0,0,0,0,0,0,0,0,0,0,0,0,0,0,0,0,0,0,0,0,0,0,0,0,0,0,0,0,0,0,0,0,0,0,0,0,0,0,0,0,0,0,0,0,0,0,0,0,0,0,0,0,0,0,0,0,0,0,0,0,0,0,0,0,0,0
G19,NC1=C(C=CC=C1)C2=C([Pd]OS(C)(=O)=O)C=CC=C2.CN(C)C3=CC=C(C=C3)P(C(C)(C)C)C(C)(C)C,APhos Pd G3,0.10161904000000001 milligram,0.16000000000000003 micromole,0.10161904000000004 microliter,C29H41N2O3PPdS,CC1=C(N2CCCC2=O)C=CC(Br)=C1,1-(4-bromo-2-methylphenyl)pyrrolidin-2-one,0.20330160000000003 milligram,0.8 micromole,0.20330160000000008 microliter,C11H12BrNO,B1(OC(C(O1)(C)C)(C)C)C2=CN=C(C=C2)C,"2-methyl-5-(4,4,5,5-tetramethyl-1,3,2-dioxaborolan-2-yl)pyridine",0.21032928 milligram,0.9600000000000001 micromole,0.21032928000000006 microliter,C12H18BNO2,O=C([O-])[O-].[Na+].[Na+],Na2CO3,0.635928 milligram,6.0 micromole,0.6359280000000002 microliter,CNa2O3,CN1C=NC2=C1C(=O)N(C(=O)N2C)C,caffeine,0.1553528 milligram,0.8 micromole,0.15535280000000004 microliter,C8H10N4O2,C1COCCO1,dioxane,32.445 milligram,368.2496084262139 micromole,31.5 microliter,C4H8O2,O,water,3.5 milligram,194.2825423258396 micromole,3.5 microliter,H2O,Cc1ccc(-c2ccc(N3CCCC3=O)c(C)c2)cn1,suzuki_product_0,0.0 milligram,0.0 micromole,0 microliter,C17H18N2O,Cc1ccccc1N1CCCC1=O,dehalogenation_0,0.0 milligram,0.0 micromole,0 microliter,C11H13NO,Cc1ccccn1,deborylation_0,0.0 milligram,0.0 micromole,0 microliter,C6H7N,CC1=C(N2CCCC2=O)C=CC(Br)=C1.B1(OC(C(O1)(C)C)(C)C)C2=CN=C(C=C2)C>>Cc1ccc(-c2ccc(N3CCCC3=O)c(C)c2)cn1.Cc1ccccc1N1CCCC1=O.Cc1ccccn1,001_RLN-NB-2443_007_G19,,,,,,,,,3/29/23 23:17,kat78-2-g19-a1_03_22_2023_163.raw,2min_150_1200.EXP,001_RLN-NB-2443_007_G19,KAT78-2-G19-A1_KAT78-2-G19-A1_KAT78-2-G19-A1,0,0,0,0,0,0,0,0,0,0,0,0,0,0,0,deborylation_0,0,0,0,0,0,182.2048304,35.24754037,4.745890716,194.9,0.7334,0,0,0,0,0,0,0,0,0,0,0,0,0,0,0,0,0,0,0,0,0,0,0,0,0,0,0,0,0,0,0,0,0,0,0,0,0,0,0,0,0,0,0,0,0,0,0,0,0,0,0,0,0,0,0,0,0,0,0,0,0,0,0,0,0,0,0,0,0,0,0,0,0,0,0,0,0,0,0
G20,NC1=C(C=CC=C1)C2=C([Pd]OS(C)(=O)=O)C=CC=C2.CN(C)C3=CC=C(C=C3)P(C(C)(C)C)C(C)(C)C,APhos Pd G3,0.10161904000000001 milligram,0.16000000000000003 micromole,0.10161904000000004 microliter,C29H41N2O3PPdS,CC1=C(N2CCCC2=O)C=CC(Br)=C1,1-(4-bromo-2-methylphenyl)pyrrolidin-2-one,0.20330160000000003 milligram,0.8 micromole,0.20330160000000008 microliter,C11H12BrNO,B1(OC(C(O1)(C)C)(C)C)C2=CN(N=C2C)C,"1,3-dimethyl-4-(4,4,5,5-tetramethyl-1,3,2-dioxaborolan-2-yl)-1H-pyrazole",0.21321311999999998 milligram,0.9600000000000001 micromole,0.21321312000000003 microliter,C11H19BN2O2,O=C([O-])[O-].[Na+].[Na+],Na2CO3,0.635928 milligram,6.0 micromole,0.6359280000000002 microliter,CNa2O3,CN1C=NC2=C1C(=O)N(C(=O)N2C)C,caffeine,0.1553528 milligram,0.8 micromole,0.15535280000000004 microliter,C8H10N4O2,C1COCCO1,dioxane,32.445 milligram,368.2496084262139 micromole,31.5 microliter,C4H8O2,O,water,3.5 milligram,194.2825423258396 micromole,3.5 microliter,H2O,Cc1cc(-c2cn(C)nc2C)ccc1N1CCCC1=O,suzuki_product_0,0.0 milligram,0.0 micromole,0 microliter,C16H19N3O,Cc1ccccc1N1CCCC1=O,dehalogenation_0,0.0 milligram,0.0 micromole,0 microliter,C11H13NO,Cc1ccn(C)n1,deborylation_0,0.0 milligram,0.0 micromole,0 microliter,C5H8N2,CC1=C(N2CCCC2=O)C=CC(Br)=C1.B1(OC(C(O1)(C)C)(C)C)C2=CN(N=C2C)C>>Cc1cc(-c2cn(C)nc2C)ccc1N1CCCC1=O.Cc1ccccc1N1CCCC1=O.Cc1ccn(C)n1,001_RLN-NB-2443_007_G20,,,,,,,,,3/29/23 23:19,kat78-2-g20-a1_03_22_2023_164.raw,2min_150_1200.EXP,001_RLN-NB-2443_007_G20,KAT78-2-G20-A1_KAT78-2-G20-A1_KAT78-2-G20-A1,0,0,0,0,0,0,0,0,0,0,0,0,0,0,0,deborylation_0,0,0,0,0,0,176.8838666,34.68870809,4.570187819,195,0.7351,0,0,0,0,0,0,0,0,0,0,0,0,0,0,0,0,0,0,0,0,0,0,0,0,0,0,0,0,0,0,0,0,0,0,0,0,0,0,0,0,0,0,0,0,0,0,0,0,0,0,0,0,0,0,0,0,0,0,0,0,0,0,0,0,0,0,0,0,0,0,0,0,0,0,0,0,0,0,0
G21,NC1=C(C=CC=C1)C2=C([Pd]OS(C)(=O)=O)C=CC=C2.CN(C)C3=CC=C(C=C3)P(C(C)(C)C)C(C)(C)C,APhos Pd G3,0.10161904000000001 milligram,0.16000000000000003 micromole,0.10161904000000004 microliter,C29H41N2O3PPdS,CC1=C(N2CCCC2=O)C=CC(Br)=C1,1-(4-bromo-2-methylphenyl)pyrrolidin-2-one,0.20330160000000003 milligram,0.8 micromole,0.20330160000000008 microliter,C11H12BrNO,B1(OC(C(O1)(C)C)(C)C)C2=CCN(CC2)C(=O)OC(C)(C)C,"N-Boc-1,2,5,6-tetrahydropyridine-4-boronic acid pinacol ester",0.29684640000000007 milligram,0.9600000000000001 micromole,0.2968464000000001 microliter,C16H28BNO4,O=C([O-])[O-].[Na+].[Na+],Na2CO3,0.635928 milligram,6.0 micromole,0.6359280000000002 microliter,CNa2O3,CN1C=NC2=C1C(=O)N(C(=O)N2C)C,caffeine,0.1553528 milligram,0.8 micromole,0.15535280000000004 microliter,C8H10N4O2,C1COCCO1,dioxane,32.445 milligram,368.2496084262139 micromole,31.5 microliter,C4H8O2,O,water,3.5 milligram,194.2825423258396 micromole,3.5 microliter,H2O,Cc1cc(C2=CCN(C(=O)OC(C)(C)C)CC2)ccc1N1CCCC1=O,suzuki_product_0,0.0 milligram,0.0 micromole,0 microliter,C21H28N2O3,Cc1ccccc1N1CCCC1=O,dehalogenation_0,0.0 milligram,0.0 micromole,0 microliter,C11H13NO,CC(C)(C)OC(=O)N1CC=CCC1,deborylation_0,0.0 milligram,0.0 micromole,0 microliter,C10H17NO2,CC1=C(N2CCCC2=O)C=CC(Br)=C1.B1(OC(C(O1)(C)C)(C)C)C2=CCN(CC2)C(=O)OC(C)(C)C>>Cc1cc(C2=CCN(C(=O)OC(C)(C)C)CC2)ccc1N1CCCC1=O.Cc1ccccc1N1CCCC1=O.CC(C)(C)OC(=O)N1CC=CCC1,001_RLN-NB-2443_007_G21,,,,,,,,,3/29/23 23:22,kat78-2-g21-a1_03_22_2023_165.raw,2min_150_1200.EXP,001_RLN-NB-2443_007_G21,KAT78-2-G21-A1_KAT78-2-G21-A1_KAT78-2-G21-A1,0,0,0,0,0,0,0,0,0,0,0,0,0,0,0,deborylation_0,0,0,0,0,0,180.6326576,22.21745091,4.657809392,195,0.7318,0,0,0,0,0,0,0,0,0,0,0,0,0,0,0,0,0,0,0,0,0,0,0,0,0,0,0,0,0,0,0,0,0,0,0,0,0,0,0,0,0,0,0,0,0,0,0,0,0,0,0,0,0,0,0,0,0,0,0,0,0,0,0,0,0,0,0,0,0,0,0,0,0,0,0,0,0,0,0
G22,NC1=C(C=CC=C1)C2=C([Pd]OS(C)(=O)=O)C=CC=C2.CN(C)C3=CC=C(C=C3)P(C(C)(C)C)C(C)(C)C,APhos Pd G3,0.10161904000000001 milligram,0.16000000000000003 micromole,0.10161904000000004 microliter,C29H41N2O3PPdS,CC1=C(N2CCCC2=O)C=CC(Br)=C1,1-(4-bromo-2-methylphenyl)pyrrolidin-2-one,0.20330160000000003 milligram,0.8 micromole,0.20330160000000008 microliter,C11H12BrNO,B1(OC(C(O1)(C)C)(C)C)C2=CCN(CC2)C(=O)OC(C)(C)C,"N-Boc-1,2,5,6-tetrahydropyridine-4-boronic acid pinacol ester",0.29684640000000007 milligram,0.9600000000000001 micromole,0.2968464000000001 microliter,C16H28BNO4,O=C([O-])[O-].[Na+].[Na+],Na2CO3,0.635928 milligram,6.0 micromole,0.6359280000000002 microliter,CNa2O3,CN1C=NC2=C1C(=O)N(C(=O)N2C)C,caffeine,0.1553528 milligram,0.8 micromole,0.15535280000000004 microliter,C8H10N4O2,C1COCCO1,dioxane,32.445 milligram,368.2496084262139 micromole,31.5 microliter,C4H8O2,O,water,3.5 milligram,194.2825423258396 micromole,3.5 microliter,H2O,Cc1cc(C2=CCN(C(=O)OC(C)(C)C)CC2)ccc1N1CCCC1=O,suzuki_product_0,0.0 milligram,0.0 micromole,0 microliter,C21H28N2O3,Cc1ccccc1N1CCCC1=O,dehalogenation_0,0.0 milligram,0.0 micromole,0 microliter,C11H13NO,CC(C)(C)OC(=O)N1CC=CCC1,deborylation_0,0.0 milligram,0.0 micromole,0 microliter,C10H17NO2,CC1=C(N2CCCC2=O)C=CC(Br)=C1.B1(OC(C(O1)(C)C)(C)C)C2=CCN(CC2)C(=O)OC(C)(C)C>>Cc1cc(C2=CCN(C(=O)OC(C)(C)C)CC2)ccc1N1CCCC1=O.Cc1ccccc1N1CCCC1=O.CC(C)(C)OC(=O)N1CC=CCC1,001_RLN-NB-2443_007_G22,,,,,,,,,3/29/23 23:24,kat78-2-g22-a1_03_22_2023_166.raw,2min_150_1200.EXP,001_RLN-NB-2443_007_G22,KAT78-2-G22-A1_KAT78-2-G22-A1_KAT78-2-G22-A1,0,0,0,0,0,0,0,0,0,0,0,0,0,0,0,deborylation_0,0,0,0,0,0,183.5119546,21.02669738,4.731402577,195,0.7334,0,0,0,0,0,0,0,0,0,0,0,0,0,0,0,0,0,0,0,0,0,0,0,0,0,0,0,0,0,0,0,0,0,0,0,0,0,0,0,0,0,0,0,0,0,0,0,0,0,0,0,0,0,0,0,0,0,0,0,0,0,0,0,0,0,0,0,0,0,0,0,0,0,0,0,0,0,0,0
G23,NC1=C(C=CC=C1)C2=C([Pd]OS(C)(=O)=O)C=CC=C2.CN(C)C3=CC=C(C=C3)P(C(C)(C)C)C(C)(C)C,APhos Pd G3,0.10161904000000001 milligram,0.16000000000000003 micromole,0.10161904000000004 microliter,C29H41N2O3PPdS,CC1=C(N2CCCC2=O)C=CC(Br)=C1,1-(4-bromo-2-methylphenyl)pyrrolidin-2-one,0.20330160000000003 milligram,0.8 micromole,0.20330160000000008 microliter,C11H12BrNO,B1(OC(C(O1)(C)C)(C)C)C2=CC=C(C=C2)N,"4-(4,4,5,5-tetramethyl-1,3,2-dioxaborolan-2-yl)aniline",0.21032928 milligram,0.9600000000000001 micromole,0.21032928000000006 microliter,C12H18BNO2,O=C([O-])[O-].[Na+].[Na+],Na2CO3,0.635928 milligram,6.0 micromole,0.6359280000000002 microliter,CNa2O3,CN1C=NC2=C1C(=O)N(C(=O)N2C)C,caffeine,0.1553528 milligram,0.8 micromole,0.15535280000000004 microliter,C8H10N4O2,C1COCCO1,dioxane,32.445 milligram,368.2496084262139 micromole,31.5 microliter,C4H8O2,O,water,3.5 milligram,194.2825423258396 micromole,3.5 microliter,H2O,Cc1cc(-c2ccc(N)cc2)ccc1N1CCCC1=O,suzuki_product_0,0.0 milligram,0.0 micromole,0 microliter,C17H18N2O,Cc1ccccc1N1CCCC1=O,dehalogenation_0,0.0 milligram,0.0 micromole,0 microliter,C11H13NO,Nc1ccccc1,deborylation_0,0.0 milligram,0.0 micromole,0 microliter,C6H7N,CC1=C(N2CCCC2=O)C=CC(Br)=C1.B1(OC(C(O1)(C)C)(C)C)C2=CC=C(C=C2)N>>Cc1cc(-c2ccc(N)cc2)ccc1N1CCCC1=O.Cc1ccccc1N1CCCC1=O.Nc1ccccc1,001_RLN-NB-2443_007_G23,,,,,,,,,3/29/23 23:27,kat78-2-g23-a1_03_22_2023_167.raw,2min_150_1200.EXP,001_RLN-NB-2443_007_G23,KAT78-2-G23-A1_KAT78-2-G23-A1_KAT78-2-G23-A1,0,0,0,0,0,0,0,0,0,0,0,0,0,0,0,deborylation_0,0,0,0,0,0,185.3028589,38.97043701,4.705112075,195,0.7318,0,0,0,0,0,0,0,0,0,0,0,0,0,0,0,0,0,0,0,0,0,0,0,0,0,0,0,0,0,0,0,0,0,0,0,0,0,0,0,0,0,0,0,0,0,0,0,0,0,0,0,0,0,0,0,0,0,0,0,0,0,0,0,0,0,0,0,0,0,0,0,0,0,0,0,0,0,0,0
G24,NC1=C(C=CC=C1)C2=C([Pd]OS(C)(=O)=O)C=CC=C2.CN(C)C3=CC=C(C=C3)P(C(C)(C)C)C(C)(C)C,APhos Pd G3,0.10161904000000001 milligram,0.16000000000000003 micromole,0.10161904000000004 microliter,C29H41N2O3PPdS,CC1=C(N2CCCC2=O)C=CC(Br)=C1,1-(4-bromo-2-methylphenyl)pyrrolidin-2-one,0.20330160000000003 milligram,0.8 micromole,0.20330160000000008 microliter,C11H12BrNO,B1(OC(C(O1)(C)C)(C)C)C2=CC=C(C=C2)N,"4-(4,4,5,5-tetramethyl-1,3,2-dioxaborolan-2-yl)aniline",0.21032928 milligram,0.9600000000000001 micromole,0.21032928000000006 microliter,C12H18BNO2,O=C([O-])[O-].[Na+].[Na+],Na2CO3,0.635928 milligram,6.0 micromole,0.6359280000000002 microliter,CNa2O3,CN1C=NC2=C1C(=O)N(C(=O)N2C)C,caffeine,0.1553528 milligram,0.8 micromole,0.15535280000000004 microliter,C8H10N4O2,C1COCCO1,dioxane,32.445 milligram,368.2496084262139 micromole,31.5 microliter,C4H8O2,O,water,3.5 milligram,194.2825423258396 micromole,3.5 microliter,H2O,Cc1cc(-c2ccc(N)cc2)ccc1N1CCCC1=O,suzuki_product_0,0.0 milligram,0.0 micromole,0 microliter,C17H18N2O,Cc1ccccc1N1CCCC1=O,dehalogenation_0,0.0 milligram,0.0 micromole,0 microliter,C11H13NO,Nc1ccccc1,deborylation_0,0.0 milligram,0.0 micromole,0 microliter,C6H7N,CC1=C(N2CCCC2=O)C=CC(Br)=C1.B1(OC(C(O1)(C)C)(C)C)C2=CC=C(C=C2)N>>Cc1cc(-c2ccc(N)cc2)ccc1N1CCCC1=O.Cc1ccccc1N1CCCC1=O.Nc1ccccc1,001_RLN-NB-2443_007_G24,,,,,,,,,3/29/23 23:29,kat78-2-g24-a1_03_22_2023_168.raw,2min_150_1200.EXP,001_RLN-NB-2443_007_G24,KAT78-2-G24-A1_KAT78-2-G24-A1_KAT78-2-G24-A1,0,0,0,0,0,0,0,0,0,0,0,0,0,0,0,deborylation_0,0,0,0,0,0,194.1169979,25.10151956,4.840701521,195,0.7318,0,0,0,0,0,0,0,0,0,0,0,0,0,0,0,0,0,0,0,0,0,0,0,0,0,0,0,0,0,0,0,0,0,0,0,150.0549856,18.12967309,3.496216071,255.8,1.1884,113.3208892,15.0536289,2.903016453,267,0.8851,0,0,0,0,0,0,0,0,0,0,0,0,0.000479768,59.97098646,0,0,0,0,0,0,0,0,0,0,0,0,0,0,0,0,0,0,0.000577803,72.22540073
H1,NC1=C(C=CC=C1)C2=C([Pd]OS(C)(=O)=O)C=CC=C2.CN(C)C3=CC=C(C=C3)P(C(C)(C)C)C(C)(C)C,APhos Pd G3,0.10161904000000001 milligram,0.16000000000000003 micromole,0.10161904000000004 microliter,C29H41N2O3PPdS,BrC1=CC=CN2C=CN=C12,"8-bromoimidazo[1,2-a]pyridine",0.15762800000000002 milligram,0.8 micromole,0.15762800000000005 microliter,C7H5BrN2,B1(OC(C(O1)(C)C)(C)C)C2=CN=C(C=C2)C,"2-methyl-5-(4,4,5,5-tetramethyl-1,3,2-dioxaborolan-2-yl)pyridine",0.21032928 milligram,0.9600000000000001 micromole,0.21032928000000006 microliter,C12H18BNO2,O=C([O-])[O-].[Na+].[Na+],Na2CO3,0.635928 milligram,6.0 micromole,0.6359280000000002 microliter,CNa2O3,CN1C=NC2=C1C(=O)N(C(=O)N2C)C,caffeine,0.1553528 milligram,0.8 micromole,0.15535280000000004 microliter,C8H10N4O2,C1COCCO1,dioxane,32.445 milligram,368.2496084262139 micromole,31.5 microliter,C4H8O2,O,water,3.5 milligram,194.2825423258396 micromole,3.5 microliter,H2O,Cc1ccc(-c2cccn3ccnc23)cn1,suzuki_product_0,0.0 milligram,0.0 micromole,0 microliter,C13H11N3,c1ccn2ccnc2c1,dehalogenation_0,0.0 milligram,0.0 micromole,0 microliter,C7H6N2,Cc1ccccn1,deborylation_0,0.0 milligram,0.0 micromole,0 microliter,C6H7N,BrC1=CC=CN2C=CN=C12.B1(OC(C(O1)(C)C)(C)C)C2=CN=C(C=C2)C>>Cc1ccc(-c2cccn3ccnc23)cn1.c1ccn2ccnc2c1.Cc1ccccn1,001_RLN-NB-2443_007_H1,,,,,,,,,3/29/23 23:32,kat78-2-h1-a1_03_22_2023_169.raw,2min_150_1200.EXP,001_RLN-NB-2443_007_H1,KAT78-2-H1-A1_KAT78-2-H1-A1_KAT78-2-H1-A1,0,0,0,0,0,0,0,0,0,0,0,0,0,0,0,deborylation_0,0,0,0,0,0,178.5110956,30.25492264,4.766700912,195,0.7334,0,0,0,0,0,0,0,0,0,0,0,0,0,0,0,0,0,0,0,0,0,0,0,0,0,0,0,0,0,0,0,0,0,0,0,0,0,0,0,0,35.63005142,6.690277544,1.054061597,210,0.5884,0,0,0,0,0,0,0,0,0,0,0,0,0.000176904,22.11302149,0,0,0,0,0,0,0,0,0,0,0,0,0,0,0,0,0,0,0,0
H2,NC1=C(C=CC=C1)C2=C([Pd]OS(C)(=O)=O)C=CC=C2.CN(C)C3=CC=C(C=C3)P(C(C)(C)C)C(C)(C)C,APhos Pd G3,0.10161904000000001 milligram,0.16000000000000003 micromole,0.10161904000000004 microliter,C29H41N2O3PPdS,BrC1=CC=CN2C=CN=C12,"8-bromoimidazo[1,2-a]pyridine",0.15762800000000002 milligram,0.8 micromole,0.15762800000000005 microliter,C7H5BrN2,B1(OC(C(O1)(C)C)(C)C)C2=CN(N=C2C)C,"1,3-dimethyl-4-(4,4,5,5-tetramethyl-1,3,2-dioxaborolan-2-yl)-1H-pyrazole",0.21321311999999998 milligram,0.9600000000000001 micromole,0.21321312000000003 microliter,C11H19BN2O2,O=C([O-])[O-].[Na+].[Na+],Na2CO3,0.635928 milligram,6.0 micromole,0.6359280000000002 microliter,CNa2O3,CN1C=NC2=C1C(=O)N(C(=O)N2C)C,caffeine,0.1553528 milligram,0.8 micromole,0.15535280000000004 microliter,C8H10N4O2,C1COCCO1,dioxane,32.445 milligram,368.2496084262139 micromole,31.5 microliter,C4H8O2,O,water,3.5 milligram,194.2825423258396 micromole,3.5 microliter,H2O,Cc1nn(C)cc1-c1cccn2ccnc12,suzuki_product_0,0.0 milligram,0.0 micromole,0 microliter,C12H12N4,c1ccn2ccnc2c1,dehalogenation_0,0.0 milligram,0.0 micromole,0 microliter,C7H6N2,Cc1ccn(C)n1,deborylation_0,0.0 milligram,0.0 micromole,0 microliter,C5H8N2,BrC1=CC=CN2C=CN=C12.B1(OC(C(O1)(C)C)(C)C)C2=CN(N=C2C)C>>Cc1nn(C)cc1-c1cccn2ccnc12.c1ccn2ccnc2c1.Cc1ccn(C)n1,001_RLN-NB-2443_007_H2,,,,,,,,,3/29/23 23:34,kat78-2-h2-a1_03_22_2023_170.raw,2min_150_1200.EXP,001_RLN-NB-2443_007_H2,KAT78-2-H2-A1_KAT78-2-H2-A1_KAT78-2-H2-A1,0,0,0,0,0,0,0,0,0,0,0,0,0,0,0,deborylation_0,0,0,0,0,0,184.8701684,39.46650544,4.771232384,195,0.7334,0,0,0,0,0,0,0,0,0,0,0,0,0,0,0,0,0,0,0,0,0,0,0,0,0,0,0,0,0,0,0,0,0,0,0,0,0,0,0,0,15.85926117,2.753679953,0.332901199,213.1,0.6568,195.2345559,41.36683159,5.000968905,418.2,1.4318,0,0,0,0,0,0,0,5.58E-05,6.977258114,0,0,0,0,0.00083852,104.8150353,0,0,0,0,0,0,0,0,0,0,0,0,0,0
H3,NC1=C(C=CC=C1)C2=C([Pd]OS(C)(=O)=O)C=CC=C2.CN(C)C3=CC=C(C=C3)P(C(C)(C)C)C(C)(C)C,APhos Pd G3,0.10161904000000001 milligram,0.16000000000000003 micromole,0.10161904000000004 microliter,C29H41N2O3PPdS,BrC1=CC=CN2C=CN=C12,"8-bromoimidazo[1,2-a]pyridine",0.15762800000000002 milligram,0.8 micromole,0.15762800000000005 microliter,C7H5BrN2,B1(OC(C(O1)(C)C)(C)C)C2=CCN(CC2)C(=O)OC(C)(C)C,"N-Boc-1,2,5,6-tetrahydropyridine-4-boronic acid pinacol ester",0.29684640000000007 milligram,0.9600000000000001 micromole,0.2968464000000001 microliter,C16H28BNO4,O=C([O-])[O-].[Na+].[Na+],Na2CO3,0.635928 milligram,6.0 micromole,0.6359280000000002 microliter,CNa2O3,CN1C=NC2=C1C(=O)N(C(=O)N2C)C,caffeine,0.1553528 milligram,0.8 micromole,0.15535280000000004 microliter,C8H10N4O2,C1COCCO1,dioxane,32.445 milligram,368.2496084262139 micromole,31.5 microliter,C4H8O2,O,water,3.5 milligram,194.2825423258396 micromole,3.5 microliter,H2O,CC(C)(C)OC(=O)N1CC=C(c2cccn3ccnc23)CC1,suzuki_product_0,0.0 milligram,0.0 micromole,0 microliter,C17H21N3O2,c1ccn2ccnc2c1,dehalogenation_0,0.0 milligram,0.0 micromole,0 microliter,C7H6N2,CC(C)(C)OC(=O)N1CC=CCC1,deborylation_0,0.0 milligram,0.0 micromole,0 microliter,C10H17NO2,BrC1=CC=CN2C=CN=C12.B1(OC(C(O1)(C)C)(C)C)C2=CCN(CC2)C(=O)OC(C)(C)C>>CC(C)(C)OC(=O)N1CC=C(c2cccn3ccnc23)CC1.c1ccn2ccnc2c1.CC(C)(C)OC(=O)N1CC=CCC1,001_RLN-NB-2443_007_H3,,,,,,,,,3/29/23 23:36,kat78-2-h3-a1_03_22_2023_171.raw,2min_150_1200.EXP,001_RLN-NB-2443_007_H3,KAT78-2-H3-A1_KAT78-2-H3-A1_KAT78-2-H3-A1,0,0,0,0,0,0,0,0,0,0,0,0,0,0,0,deborylation_0,0,0,0,0,0,174.1309141,17.80585251,4.283437062,195,0.7334,0,0,0,0,0,0,0,0,0,0,0,0,0,0,0,0,0,0,0,0,0,0,0,0,0,0,0,0,0,0,0,0,0,0,0,0,0,0,0,0,177.2755137,21.49596208,5.171142498,243.9,0.8684,0,0,0,0,0,0,0,0,0,0,0,0,0.000965793,120.7241387,0,0,0,0,0,0,0,0,0,0,0,0,0,0,0,0,0,0,0,0
H4,NC1=C(C=CC=C1)C2=C([Pd]OS(C)(=O)=O)C=CC=C2.CN(C)C3=CC=C(C=C3)P(C(C)(C)C)C(C)(C)C,APhos Pd G3,0.10161904000000001 milligram,0.16000000000000003 micromole,0.10161904000000004 microliter,C29H41N2O3PPdS,BrC1=CC=CN2C=CN=C12,"8-bromoimidazo[1,2-a]pyridine",0.15762800000000002 milligram,0.8 micromole,0.15762800000000005 microliter,C7H5BrN2,B1(OC(C(O1)(C)C)(C)C)C2=CCN(CC2)C(=O)OC(C)(C)C,"N-Boc-1,2,5,6-tetrahydropyridine-4-boronic acid pinacol ester",0.29684640000000007 milligram,0.9600000000000001 micromole,0.2968464000000001 microliter,C16H28BNO4,O=C([O-])[O-].[Na+].[Na+],Na2CO3,0.635928 milligram,6.0 micromole,0.6359280000000002 microliter,CNa2O3,CN1C=NC2=C1C(=O)N(C(=O)N2C)C,caffeine,0.1553528 milligram,0.8 micromole,0.15535280000000004 microliter,C8H10N4O2,C1COCCO1,dioxane,32.445 milligram,368.2496084262139 micromole,31.5 microliter,C4H8O2,O,water,3.5 milligram,194.2825423258396 micromole,3.5 microliter,H2O,CC(C)(C)OC(=O)N1CC=C(c2cccn3ccnc23)CC1,suzuki_product_0,0.0 milligram,0.0 micromole,0 microliter,C17H21N3O2,c1ccn2ccnc2c1,dehalogenation_0,0.0 milligram,0.0 micromole,0 microliter,C7H6N2,CC(C)(C)OC(=O)N1CC=CCC1,deborylation_0,0.0 milligram,0.0 micromole,0 microliter,C10H17NO2,BrC1=CC=CN2C=CN=C12.B1(OC(C(O1)(C)C)(C)C)C2=CCN(CC2)C(=O)OC(C)(C)C>>CC(C)(C)OC(=O)N1CC=C(c2cccn3ccnc23)CC1.c1ccn2ccnc2c1.CC(C)(C)OC(=O)N1CC=CCC1,001_RLN-NB-2443_007_H4,,,,,,,,,3/29/23 23:39,kat78-2-h4-a1_03_22_2023_172.raw,2min_150_1200.EXP,001_RLN-NB-2443_007_H4,KAT78-2-H4-A1_KAT78-2-H4-A1_KAT78-2-H4-A1,0,0,0,0,0,0,0,0,0,0,0,0,0,0,0,deborylation_0,0,0,0,0,0,182.9912022,18.93023161,4.678695656,194.9,0.7334,0,0,0,0,0,0,0,0,0,0,0,0,0,0,0,0,0,0,0,0,0,0,0,0,0,0,0,0,0,0,0,0,0,0,0,0,0,0,0,0,192.4382037,22.5164172,5.565038267,300,0.8684,0,0,0,0,0,0,0,0,0,0,0,0,0.000951554,118.9442245,0,0,0,0,0,0,0,0,0,0,0,0,0,0,0,0,0,0,0,0
H5,NC1=C(C=CC=C1)C2=C([Pd]OS(C)(=O)=O)C=CC=C2.CN(C)C3=CC=C(C=C3)P(C(C)(C)C)C(C)(C)C,APhos Pd G3,0.10161904000000001 milligram,0.16000000000000003 micromole,0.10161904000000004 microliter,C29H41N2O3PPdS,BrC1=CC=CN2C=CN=C12,"8-bromoimidazo[1,2-a]pyridine",0.15762800000000002 milligram,0.8 micromole,0.15762800000000005 microliter,C7H5BrN2,B1(OC(C(O1)(C)C)(C)C)C2=CC=C(C=C2)N,"4-(4,4,5,5-tetramethyl-1,3,2-dioxaborolan-2-yl)aniline",0.21032928 milligram,0.9600000000000001 micromole,0.21032928000000006 microliter,C12H18BNO2,O=C([O-])[O-].[Na+].[Na+],Na2CO3,0.635928 milligram,6.0 micromole,0.6359280000000002 microliter,CNa2O3,CN1C=NC2=C1C(=O)N(C(=O)N2C)C,caffeine,0.1553528 milligram,0.8 micromole,0.15535280000000004 microliter,C8H10N4O2,C1COCCO1,dioxane,32.445 milligram,368.2496084262139 micromole,31.5 microliter,C4H8O2,O,water,3.5 milligram,194.2825423258396 micromole,3.5 microliter,H2O,Nc1ccc(-c2cccn3ccnc23)cc1,suzuki_product_0,0.0 milligram,0.0 micromole,0 microliter,C13H11N3,c1ccn2ccnc2c1,dehalogenation_0,0.0 milligram,0.0 micromole,0 microliter,C7H6N2,Nc1ccccc1,deborylation_0,0.0 milligram,0.0 micromole,0 microliter,C6H7N,BrC1=CC=CN2C=CN=C12.B1(OC(C(O1)(C)C)(C)C)C2=CC=C(C=C2)N>>Nc1ccc(-c2cccn3ccnc23)cc1.c1ccn2ccnc2c1.Nc1ccccc1,001_RLN-NB-2443_007_H5,,,,,,,,,3/29/23 23:41,kat78-2-h5-a1_03_22_2023_173.raw,2min_150_1200.EXP,001_RLN-NB-2443_007_H5,KAT78-2-H5-A1_KAT78-2-H5-A1_KAT78-2-H5-A1,0,0,0,0,0,0,0,0,0,0,0,0,0,0,0,deborylation_0,0,0,0,0,0,171.8309234,26.94173696,4.355206901,194.9,0.7334,0,0,0,0,0,0,0,0,0,0,0,0,0,0,0,19.17791415,4.47031566,0.722638991,220,1.1118,0,0,0,0,0,0,0,0,0,0,0,0,0,0,0,0,0,0,0,0,45.85042462,7.408620144,1.197624104,210,0.6351,0,0,0,0,0,0,0,0,0,0,0,0,0.000219989,27.49867299,0,0,0,0,0,0,0,0,0.00013274,16.59252953,0,0,0,0,0,0,0,0,0,0
H6,NC1=C(C=CC=C1)C2=C([Pd]OS(C)(=O)=O)C=CC=C2.CN(C)C3=CC=C(C=C3)P(C(C)(C)C)C(C)(C)C,APhos Pd G3,0.10161904000000001 milligram,0.16000000000000003 micromole,0.10161904000000004 microliter,C29H41N2O3PPdS,BrC1=CC=CN2C=CN=C12,"8-bromoimidazo[1,2-a]pyridine",0.15762800000000002 milligram,0.8 micromole,0.15762800000000005 microliter,C7H5BrN2,B1(OC(C(O1)(C)C)(C)C)C2=CC=C(C=C2)N,"4-(4,4,5,5-tetramethyl-1,3,2-dioxaborolan-2-yl)aniline",0.21032928 milligram,0.9600000000000001 micromole,0.21032928000000006 microliter,C12H18BNO2,O=C([O-])[O-].[Na+].[Na+],Na2CO3,0.635928 milligram,6.0 micromole,0.6359280000000002 microliter,CNa2O3,CN1C=NC2=C1C(=O)N(C(=O)N2C)C,caffeine,0.1553528 milligram,0.8 micromole,0.15535280000000004 microliter,C8H10N4O2,C1COCCO1,dioxane,32.445 milligram,368.2496084262139 micromole,31.5 microliter,C4H8O2,O,water,3.5 milligram,194.2825423258396 micromole,3.5 microliter,H2O,Nc1ccc(-c2cccn3ccnc23)cc1,suzuki_product_0,0.0 milligram,0.0 micromole,0 microliter,C13H11N3,c1ccn2ccnc2c1,dehalogenation_0,0.0 milligram,0.0 micromole,0 microliter,C7H6N2,Nc1ccccc1,deborylation_0,0.0 milligram,0.0 micromole,0 microliter,C6H7N,BrC1=CC=CN2C=CN=C12.B1(OC(C(O1)(C)C)(C)C)C2=CC=C(C=C2)N>>Nc1ccc(-c2cccn3ccnc23)cc1.c1ccn2ccnc2c1.Nc1ccccc1,001_RLN-NB-2443_007_H6,,,,,,,,,3/29/23 23:44,kat78-2-h6-a1_03_22_2023_174.raw,2min_150_1200.EXP,001_RLN-NB-2443_007_H6,KAT78-2-H6-A1_KAT78-2-H6-A1_KAT78-2-H6-A1,0,0,0,0,0,0,0,0,0,0,0,0,0,0,0,deborylation_0,0,0,0,0,0,177.9805819,29.9411439,4.514678775,194.9,0.7318,0,0,0,0,0,0,0,0,0,0,0,0,0,0,0,19.40761625,4.672375487,0.704524667,220,1.1118,0,0,0,0,0,0,0,0,0,0,0,0,0,0,0,0,0,0,0,0,41.88460573,7.343900213,1.107350826,210,0.6351,0,0,0,0,0,0,0,0,0,0,0,0,0.000196222,24.52778771,0,0,0,0,0,0,0,0,0.000124842,15.60520033,0,0,0,0,0,0,0,0,0,0
H7,NC1=C(C=CC=C1)C2=C([Pd]OS(C)(=O)=O)C=CC=C2.CN(C)C3=CC=C(C=C3)P(C(C)(C)C)C(C)(C)C,APhos Pd G3,0.10161904000000001 milligram,0.16000000000000003 micromole,0.10161904000000004 microliter,C29H41N2O3PPdS,CC1=CC(C=O)=C(C)N1C2=CC(Cl)=CC(Cl)=C2,"1-(3,5-dichlorophenyl)-2,5-dimethyl-1H-pyrrole-3-carbaldehyde",0.2145144 milligram,0.8 micromole,0.21451440000000005 microliter,C13H11Cl2NO,B1(OC(C(O1)(C)C)(C)C)C2=CN=C(C=C2)C,"2-methyl-5-(4,4,5,5-tetramethyl-1,3,2-dioxaborolan-2-yl)pyridine",0.21032928 milligram,0.9600000000000001 micromole,0.21032928000000006 microliter,C12H18BNO2,O=C([O-])[O-].[Na+].[Na+],Na2CO3,0.635928 milligram,6.0 micromole,0.6359280000000002 microliter,CNa2O3,CN1C=NC2=C1C(=O)N(C(=O)N2C)C,caffeine,0.1553528 milligram,0.8 micromole,0.15535280000000004 microliter,C8H10N4O2,C1COCCO1,dioxane,32.445 milligram,368.2496084262139 micromole,31.5 microliter,C4H8O2,O,water,3.5 milligram,194.2825423258396 micromole,3.5 microliter,H2O,Cc1ccc(-c2cc(Cl)cc(-n3c(C)cc(C=O)c3C)c2)cn1,suzuki_product_0,0.0 milligram,0.0 micromole,0 microliter,C19H17ClN2O,Cc1ccc(-c2cc(-c3ccc(C)nc3)cc(-n3c(C)cc(C=O)c3C)c2)cn1,bis_addition_1,0.0 milligram,0.0 micromole,0 microliter,C25H23N3O,Cc1cc(C=O)c(C)n1-c1cccc(Cl)c1,dehalogenation_0,0.0 milligram,0.0 micromole,0 microliter,C13H12ClNO,CC1=CC(C=O)=C(C)N1C2=CC(Cl)=CC(Cl)=C2.B1(OC(C(O1)(C)C)(C)C)C2=CN=C(C=C2)C>>Cc1ccc(-c2cc(Cl)cc(-n3c(C)cc(C=O)c3C)c2)cn1.Cc1ccc(-c2cc(-c3ccc(C)nc3)cc(-n3c(C)cc(C=O)c3C)c2)cn1.Cc1cc(C=O)c(C)n1-c1cccc(Cl)c1.Cc1ccccn1,001_RLN-NB-2443_007_H7,,,Cc1ccccn1,deborylation_0,0.0 milligram,0.0 micromole,0 microliter,C6H7N,3/29/23 23:46,kat78-2-h7-a1_03_22_2023_175.raw,2min_150_1200.EXP,001_RLN-NB-2443_007_H7,KAT78-2-H7-A1_KAT78-2-H7-A1_KAT78-2-H7-A1,0,0,0,0,0,0,0,0,0,0,0,0,0,0,0,bis_addition_1,0,0,0,0,0,178.6214537,20.67260679,4.513976709,194.9,0.7334,0,0,0,0,0,0,0,0,0,0,0,0,0,0,0,0,0,0,0,0,87.03674772,10.55043092,2.30374427,382.2,0.8068,0,0,0,0,0,0,0,0,0,0,0,0,0,0,0,218.2762287,29.2911383,6.395880182,324.9,1.0368,0,0,0,0,0,131.7532339,13.03130529,2.845456753,267.9,1.3251,0,0,0.001133525,141.6905889,0,0,0,0,0,0,0,0,0,0,0.000504293,63.03658473,0.000408286,51.0358032,0,0,0,0,0,0
H8,NC1=C(C=CC=C1)C2=C([Pd]OS(C)(=O)=O)C=CC=C2.CN(C)C3=CC=C(C=C3)P(C(C)(C)C)C(C)(C)C,APhos Pd G3,0.10161904000000001 milligram,0.16000000000000003 micromole,0.10161904000000004 microliter,C29H41N2O3PPdS,CC1=CC(C=O)=C(C)N1C2=CC(Cl)=CC(Cl)=C2,"1-(3,5-dichlorophenyl)-2,5-dimethyl-1H-pyrrole-3-carbaldehyde",0.2145144 milligram,0.8 micromole,0.21451440000000005 microliter,C13H11Cl2NO,B1(OC(C(O1)(C)C)(C)C)C2=CN(N=C2C)C,"1,3-dimethyl-4-(4,4,5,5-tetramethyl-1,3,2-dioxaborolan-2-yl)-1H-pyrazole",0.21321311999999998 milligram,0.9600000000000001 micromole,0.21321312000000003 microliter,C11H19BN2O2,O=C([O-])[O-].[Na+].[Na+],Na2CO3,0.635928 milligram,6.0 micromole,0.6359280000000002 microliter,CNa2O3,CN1C=NC2=C1C(=O)N(C(=O)N2C)C,caffeine,0.1553528 milligram,0.8 micromole,0.15535280000000004 microliter,C8H10N4O2,C1COCCO1,dioxane,32.445 milligram,368.2496084262139 micromole,31.5 microliter,C4H8O2,O,water,3.5 milligram,194.2825423258396 micromole,3.5 microliter,H2O,Cc1nn(C)cc1-c1cc(Cl)cc(-n2c(C)cc(C=O)c2C)c1,suzuki_product_0,0.0 milligram,0.0 micromole,0 microliter,C18H18ClN3O,Cc1nn(C)cc1-c1cc(-c2cn(C)nc2C)cc(-n2c(C)cc(C=O)c2C)c1,bis_addition_1,0.0 milligram,0.0 micromole,0 microliter,C23H25N5O,Cc1cc(C=O)c(C)n1-c1cccc(Cl)c1,dehalogenation_0,0.0 milligram,0.0 micromole,0 microliter,C13H12ClNO,CC1=CC(C=O)=C(C)N1C2=CC(Cl)=CC(Cl)=C2.B1(OC(C(O1)(C)C)(C)C)C2=CN(N=C2C)C>>Cc1nn(C)cc1-c1cc(Cl)cc(-n2c(C)cc(C=O)c2C)c1.Cc1nn(C)cc1-c1cc(-c2cn(C)nc2C)cc(-n2c(C)cc(C=O)c2C)c1.Cc1cc(C=O)c(C)n1-c1cccc(Cl)c1.Cc1ccn(C)n1,001_RLN-NB-2443_007_H8,,,Cc1ccn(C)n1,deborylation_0,0.0 milligram,0.0 micromole,0 microliter,C5H8N2,3/29/23 23:49,kat78-2-h8-a1_03_22_2023_176.raw,2min_150_1200.EXP,001_RLN-NB-2443_007_H8,KAT78-2-H8-A1_KAT78-2-H8-A1_KAT78-2-H8-A1,0,0,0,0,0,0,0,0,0,0,0,0,0,0,0,bis_addition_2,0,0,0,0,0,181.2057449,23.45813838,4.749158734,194.9,0.7334,0,0,0,0,0,0,0,0,0,0,0,0,0,0,0,0,0,0,0,0,0,0,0,0,0,51.21960369,6.015017878,1.217755401,388,1.0684,0,0,0,0,0,0,0,0,0,0,186.4811359,24.52493792,4.965134967,327.9,1.2118,0,0,0,0,0,181.0579915,20.8706814,4.225321604,267.8,1.3251,0,0,0.000836381,104.5476735,0,0,0,0,0,0,0,0,0,0,0.000711759,88.96989637,0,0,0,0,0,0,0,0
H9,NC1=C(C=CC=C1)C2=C([Pd]OS(C)(=O)=O)C=CC=C2.CN(C)C3=CC=C(C=C3)P(C(C)(C)C)C(C)(C)C,APhos Pd G3,0.10161904000000001 milligram,0.16000000000000003 micromole,0.10161904000000004 microliter,C29H41N2O3PPdS,CC1=CC(C=O)=C(C)N1C2=CC(Cl)=CC(Cl)=C2,"1-(3,5-dichlorophenyl)-2,5-dimethyl-1H-pyrrole-3-carbaldehyde",0.2145144 milligram,0.8 micromole,0.21451440000000005 microliter,C13H11Cl2NO,B1(OC(C(O1)(C)C)(C)C)C2=CCN(CC2)C(=O)OC(C)(C)C,"N-Boc-1,2,5,6-tetrahydropyridine-4-boronic acid pinacol ester",0.29684640000000007 milligram,0.9600000000000001 micromole,0.2968464000000001 microliter,C16H28BNO4,O=C([O-])[O-].[Na+].[Na+],Na2CO3,0.635928 milligram,6.0 micromole,0.6359280000000002 microliter,CNa2O3,CN1C=NC2=C1C(=O)N(C(=O)N2C)C,caffeine,0.1553528 milligram,0.8 micromole,0.15535280000000004 microliter,C8H10N4O2,C1COCCO1,dioxane,32.445 milligram,368.2496084262139 micromole,31.5 microliter,C4H8O2,O,water,3.5 milligram,194.2825423258396 micromole,3.5 microliter,H2O,Cc1cc(C=O)c(C)n1-c1cc(Cl)cc(C2=CCN(C(=O)OC(C)(C)C)CC2)c1,suzuki_product_0,0.0 milligram,0.0 micromole,0 microliter,C23H27ClN2O3,Cc1cc(C=O)c(C)n1-c1cc(C2=CCN(C(=O)OC(C)(C)C)CC2)cc(C2=CCN(C(=O)OC(C)(C)C)CC2)c1,bis_addition_2,0.0 milligram,0.0 micromole,0 microliter,C33H43N3O5,Cc1cc(C=O)c(C)n1-c1cccc(Cl)c1,dehalogenation_0,0.0 milligram,0.0 micromole,0 microliter,C13H12ClNO,CC1=CC(C=O)=C(C)N1C2=CC(Cl)=CC(Cl)=C2.B1(OC(C(O1)(C)C)(C)C)C2=CCN(CC2)C(=O)OC(C)(C)C>>Cc1cc(C=O)c(C)n1-c1cc(Cl)cc(C2=CCN(C(=O)OC(C)(C)C)CC2)c1.Cc1cc(C=O)c(C)n1-c1cc(C2=CCN(C(=O)OC(C)(C)C)CC2)cc(C2=CCN(C(=O)OC(C)(C)C)CC2)c1.Cc1cc(C=O)c(C)n1-c1cccc(Cl)c1.CC(C)(C)OC(=O)N1CC=CCC1,001_RLN-NB-2443_007_H9,,,CC(C)(C)OC(=O)N1CC=CCC1,deborylation_0,0.0 milligram,0.0 micromole,0 microliter,C10H17NO2,3/29/23 23:51,kat78-2-h9-a1_03_22_2023_177.raw,2min_150_1200.EXP,001_RLN-NB-2443_007_H9,KAT78-2-H9-A1_KAT78-2-H9-A1_KAT78-2-H9-A1,0,0,0,0,0,0,0,0,0,0,0,0,0,0,0,bis_addition_1,0,0,0,0,0,189.0116383,30.07466662,4.76121567,194.9,0.7334,0,0,0,0,0,0,0,0,0,0,0,0,0,0,0,0,0,0,0,0,0,0,0,0,0,0,0,0,0,0,0,0,0,0,0,0,0,0,0,0,0,0,0,0,0,0,0,0,0,0,223.8704809,29.8880609,4.731673528,267.9,1.3251,0,0,0,0,0,0,0,0,0,0,0,0,0,0,0.000795036,99.37952523,0,0,0,0,0,0,0,0
H10,NC1=C(C=CC=C1)C2=C([Pd]OS(C)(=O)=O)C=CC=C2.CN(C)C3=CC=C(C=C3)P(C(C)(C)C)C(C)(C)C,APhos Pd G3,0.10161904000000001 milligram,0.16000000000000003 micromole,0.10161904000000004 microliter,C29H41N2O3PPdS,CC1=CC(C=O)=C(C)N1C2=CC(Cl)=CC(Cl)=C2,"1-(3,5-dichlorophenyl)-2,5-dimethyl-1H-pyrrole-3-carbaldehyde",0.2145144 milligram,0.8 micromole,0.21451440000000005 microliter,C13H11Cl2NO,B1(OC(C(O1)(C)C)(C)C)C2=CCN(CC2)C(=O)OC(C)(C)C,"N-Boc-1,2,5,6-tetrahydropyridine-4-boronic acid pinacol ester",0.29684640000000007 milligram,0.9600000000000001 micromole,0.2968464000000001 microliter,C16H28BNO4,O=C([O-])[O-].[Na+].[Na+],Na2CO3,0.635928 milligram,6.0 micromole,0.6359280000000002 microliter,CNa2O3,CN1C=NC2=C1C(=O)N(C(=O)N2C)C,caffeine,0.1553528 milligram,0.8 micromole,0.15535280000000004 microliter,C8H10N4O2,C1COCCO1,dioxane,32.445 milligram,368.2496084262139 micromole,31.5 microliter,C4H8O2,O,water,3.5 milligram,194.2825423258396 micromole,3.5 microliter,H2O,Cc1cc(C=O)c(C)n1-c1cc(Cl)cc(C2=CCN(C(=O)OC(C)(C)C)CC2)c1,suzuki_product_0,0.0 milligram,0.0 micromole,0 microliter,C23H27ClN2O3,Cc1cc(C=O)c(C)n1-c1cc(C2=CCN(C(=O)OC(C)(C)C)CC2)cc(C2=CCN(C(=O)OC(C)(C)C)CC2)c1,bis_addition_2,0.0 milligram,0.0 micromole,0 microliter,C33H43N3O5,Cc1cc(C=O)c(C)n1-c1cccc(Cl)c1,dehalogenation_0,0.0 milligram,0.0 micromole,0 microliter,C13H12ClNO,CC1=CC(C=O)=C(C)N1C2=CC(Cl)=CC(Cl)=C2.B1(OC(C(O1)(C)C)(C)C)C2=CCN(CC2)C(=O)OC(C)(C)C>>Cc1cc(C=O)c(C)n1-c1cc(Cl)cc(C2=CCN(C(=O)OC(C)(C)C)CC2)c1.Cc1cc(C=O)c(C)n1-c1cc(C2=CCN(C(=O)OC(C)(C)C)CC2)cc(C2=CCN(C(=O)OC(C)(C)C)CC2)c1.Cc1cc(C=O)c(C)n1-c1cccc(Cl)c1.CC(C)(C)OC(=O)N1CC=CCC1,001_RLN-NB-2443_007_H10,,,CC(C)(C)OC(=O)N1CC=CCC1,deborylation_0,0.0 milligram,0.0 micromole,0 microliter,C10H17NO2,3/29/23 23:54,kat78-2-h10-a1_03_22_2023_178.raw,2min_150_1200.EXP,001_RLN-NB-2443_007_H10,KAT78-2-H10-A1_KAT78-2-H10-A1_KAT78-2-H10-A1,0,0,0,0,0,0,0,0,0,0,0,0,0,0,0,bis_addition_1,0,0,0,0,0,183.995301,16.0113998,4.640340022,195,0.7334,0,0,0,0,0,0,0,0,0,0,0,0,0,0,0,0,0,0,0,0,145.1563396,14.61850778,4.236659353,562.2,1.5518,0,0,0,0,0,0,0,0,0,0,0,0,0,0,0,260.4047303,18.33557279,5.313919662,415.1,1.4701,0,0,0,0,0,159.6922129,13.55479608,3.928379998,267.8,1.3251,0,0,0.000916126,114.5157389,0,0,0,0,0,0,0,0,0,0,0.000677257,84.65715829,0,0,0,0,0,0,0,0
H11,NC1=C(C=CC=C1)C2=C([Pd]OS(C)(=O)=O)C=CC=C2.CN(C)C3=CC=C(C=C3)P(C(C)(C)C)C(C)(C)C,APhos Pd G3,0.10161904000000001 milligram,0.16000000000000003 micromole,0.10161904000000004 microliter,C29H41N2O3PPdS,CC1=CC(C=O)=C(C)N1C2=CC(Cl)=CC(Cl)=C2,"1-(3,5-dichlorophenyl)-2,5-dimethyl-1H-pyrrole-3-carbaldehyde",0.2145144 milligram,0.8 micromole,0.21451440000000005 microliter,C13H11Cl2NO,B1(OC(C(O1)(C)C)(C)C)C2=CC=C(C=C2)N,"4-(4,4,5,5-tetramethyl-1,3,2-dioxaborolan-2-yl)aniline",0.21032928 milligram,0.9600000000000001 micromole,0.21032928000000006 microliter,C12H18BNO2,O=C([O-])[O-].[Na+].[Na+],Na2CO3,0.635928 milligram,6.0 micromole,0.6359280000000002 microliter,CNa2O3,CN1C=NC2=C1C(=O)N(C(=O)N2C)C,caffeine,0.1553528 milligram,0.8 micromole,0.15535280000000004 microliter,C8H10N4O2,C1COCCO1,dioxane,32.445 milligram,368.2496084262139 micromole,31.5 microliter,C4H8O2,O,water,3.5 milligram,194.2825423258396 micromole,3.5 microliter,H2O,Cc1cc(C=O)c(C)n1-c1cc(Cl)cc(-c2ccc(N)cc2)c1,suzuki_product_0,0.0 milligram,0.0 micromole,0 microliter,C19H17ClN2O,Cc1cc(C=O)c(C)n1-c1cc(-c2ccc(N)cc2)cc(-c2ccc(N)cc2)c1,bis_addition_1,0.0 milligram,0.0 micromole,0 microliter,C25H23N3O,Cc1cc(C=O)c(C)n1-c1cccc(Cl)c1,dehalogenation_0,0.0 milligram,0.0 micromole,0 microliter,C13H12ClNO,CC1=CC(C=O)=C(C)N1C2=CC(Cl)=CC(Cl)=C2.B1(OC(C(O1)(C)C)(C)C)C2=CC=C(C=C2)N>>Cc1cc(C=O)c(C)n1-c1cc(Cl)cc(-c2ccc(N)cc2)c1.Cc1cc(C=O)c(C)n1-c1cc(-c2ccc(N)cc2)cc(-c2ccc(N)cc2)c1.Cc1cc(C=O)c(C)n1-c1cccc(Cl)c1.Nc1ccccc1,001_RLN-NB-2443_007_H11,,,Nc1ccccc1,deborylation_0,0.0 milligram,0.0 micromole,0 microliter,C6H7N,3/29/23 23:56,kat78-2-h11-a1_03_22_2023_179.raw,2min_150_1200.EXP,001_RLN-NB-2443_007_H11,KAT78-2-H11-A1_KAT78-2-H11-A1_KAT78-2-H11-A1,0,0,0,0,0,0,0,0,0,0,0,0,0,0,0,bis_addition_1,0,0,0,0,0,188.0150242,18.53127585,4.709784039,195,0.7334,0,0,0,0,0,0,0,0,0,0,0,0,0,0,0,0,0,0,0,0,42.77591681,3.193420226,0.811618139,382.1,1.0101,0,0,0,0,0,0,0,0,0,0,0,0,0,0,0,139.3286866,20.04921905,5.095574242,324.8,1.2301,0,0,0,0,0,177.4763826,16.85392654,4.283480256,267.8,1.3251,0,0,0.00086553,108.1912504,0,0,0,0,0,0,0,0,0,0,0.000727588,90.94854924,0.000137861,17.23259776,0,0,0,0,0,0
H12,NC1=C(C=CC=C1)C2=C([Pd]OS(C)(=O)=O)C=CC=C2.CN(C)C3=CC=C(C=C3)P(C(C)(C)C)C(C)(C)C,APhos Pd G3,0.10161904000000001 milligram,0.16000000000000003 micromole,0.10161904000000004 microliter,C29H41N2O3PPdS,CC1=CC(C=O)=C(C)N1C2=CC(Cl)=CC(Cl)=C2,"1-(3,5-dichlorophenyl)-2,5-dimethyl-1H-pyrrole-3-carbaldehyde",0.2145144 milligram,0.8 micromole,0.21451440000000005 microliter,C13H11Cl2NO,B1(OC(C(O1)(C)C)(C)C)C2=CC=C(C=C2)N,"4-(4,4,5,5-tetramethyl-1,3,2-dioxaborolan-2-yl)aniline",0.21032928 milligram,0.9600000000000001 micromole,0.21032928000000006 microliter,C12H18BNO2,O=C([O-])[O-].[Na+].[Na+],Na2CO3,0.635928 milligram,6.0 micromole,0.6359280000000002 microliter,CNa2O3,CN1C=NC2=C1C(=O)N(C(=O)N2C)C,caffeine,0.1553528 milligram,0.8 micromole,0.15535280000000004 microliter,C8H10N4O2,C1COCCO1,dioxane,32.445 milligram,368.2496084262139 micromole,31.5 microliter,C4H8O2,O,water,3.5 milligram,194.2825423258396 micromole,3.5 microliter,H2O,Cc1cc(C=O)c(C)n1-c1cc(Cl)cc(-c2ccc(N)cc2)c1,suzuki_product_0,0.0 milligram,0.0 micromole,0 microliter,C19H17ClN2O,Cc1cc(C=O)c(C)n1-c1cc(-c2ccc(N)cc2)cc(-c2ccc(N)cc2)c1,bis_addition_1,0.0 milligram,0.0 micromole,0 microliter,C25H23N3O,Cc1cc(C=O)c(C)n1-c1cccc(Cl)c1,dehalogenation_0,0.0 milligram,0.0 micromole,0 microliter,C13H12ClNO,CC1=CC(C=O)=C(C)N1C2=CC(Cl)=CC(Cl)=C2.B1(OC(C(O1)(C)C)(C)C)C2=CC=C(C=C2)N>>Cc1cc(C=O)c(C)n1-c1cc(Cl)cc(-c2ccc(N)cc2)c1.Cc1cc(C=O)c(C)n1-c1cc(-c2ccc(N)cc2)cc(-c2ccc(N)cc2)c1.Cc1cc(C=O)c(C)n1-c1cccc(Cl)c1.Nc1ccccc1,001_RLN-NB-2443_007_H12,,,Nc1ccccc1,deborylation_0,0.0 milligram,0.0 micromole,0 microliter,C6H7N,3/29/23 23:59,kat78-2-h12-a1_03_22_2023_180.raw,2min_150_1200.EXP,001_RLN-NB-2443_007_H12,KAT78-2-H12-A1_KAT78-2-H12-A1_KAT78-2-H12-A1,0,0,0,0,0,0,0,0,0,0,0,0,0,0,0,bis_addition_1,0,0,0,0,0,183.9360875,17.50141634,4.624181932,195,0.7334,0,0,0,0,0,0,0,0,0,0,0,0,0,0,0,22.57791493,3.279950907,0.866620703,219.9,1.1034,52.17586796,3.340490861,0.882616423,382.1,1.0134,0,0,0,0,0,0,0,0,0,0,0,0,0,0,0,173.91369,23.14129042,6.114335835,324.9,1.2334,0,0,0,0,0,158.3220882,14.35317221,3.792360478,267.8,1.3251,0,0,0.001057802,132.2252438,0,0,0,0,0,0,0,0,0.000149928,18.74105983,0.000656092,82.01148947,0.000152696,19.08697443,0,0,0,0,0,0
H13,NC1=C(C=CC=C1)C2=C([Pd]OS(C)(=O)=O)C=CC=C2.CN(C)C3=CC=C(C=C3)P(C(C)(C)C)C(C)(C)C,APhos Pd G3,0.10161904000000001 milligram,0.16000000000000003 micromole,0.10161904000000004 microliter,C29H41N2O3PPdS,COC1=C(N)C(Cl)=NC=N1,4-chloro-6-methoxypyrimidin-5-amine,0.12766080000000002 milligram,0.8 micromole,0.12766080000000005 microliter,C5H6ClN3O,B1(OC(C(O1)(C)C)(C)C)C2=CN=C(C=C2)C,"2-methyl-5-(4,4,5,5-tetramethyl-1,3,2-dioxaborolan-2-yl)pyridine",0.21032928 milligram,0.9600000000000001 micromole,0.21032928000000006 microliter,C12H18BNO2,O=C([O-])[O-].[Na+].[Na+],Na2CO3,0.635928 milligram,6.0 micromole,0.6359280000000002 microliter,CNa2O3,CN1C=NC2=C1C(=O)N(C(=O)N2C)C,caffeine,0.1553528 milligram,0.8 micromole,0.15535280000000004 microliter,C8H10N4O2,C1COCCO1,dioxane,32.445 milligram,368.2496084262139 micromole,31.5 microliter,C4H8O2,O,water,3.5 milligram,194.2825423258396 micromole,3.5 microliter,H2O,COc1ncnc(-c2ccc(C)nc2)c1N,suzuki_product_0,0.0 milligram,0.0 micromole,0 microliter,C11H12N4O,COc1ncncc1N,dehalogenation_0,0.0 milligram,0.0 micromole,0 microliter,C5H7N3O,Cc1ccccn1,deborylation_0,0.0 milligram,0.0 micromole,0 microliter,C6H7N,COC1=C(N)C(Cl)=NC=N1.B1(OC(C(O1)(C)C)(C)C)C2=CN=C(C=C2)C>>COc1ncnc(-c2ccc(C)nc2)c1N.COc1ncncc1N.Cc1ccccn1,001_RLN-NB-2443_007_H13,,,,,,,,,3/30/23 0:01,kat78-2-h13-a1_03_22_2023_181.raw,2min_150_1200.EXP,001_RLN-NB-2443_007_H13,KAT78-2-H13-A1_KAT78-2-H13-A1_KAT78-2-H13-A1,0,0,0,0,0,0,0,0,0,0,0,0,0,0,0,deborylation_0,0,0,0,0,0,183.7447045,43.64911812,4.672114125,195,0.7334,0,0,0,0,0,0,0,0,0,0,0,0,0,0,0,0,0,0,0,0,0,0,0,0,0,0,0,0,0,0,0,0,0,0,0,0,0,0,0,0,25.49448042,5.380231844,0.575889234,217,0.6501,0,0,0,0,0,0,0,0,0,0,0,0,9.86E-05,12.32609518,0,0,0,0,0,0,0,0,0,0,0,0,0,0,0,0,0,0,0,0
H14,NC1=C(C=CC=C1)C2=C([Pd]OS(C)(=O)=O)C=CC=C2.CN(C)C3=CC=C(C=C3)P(C(C)(C)C)C(C)(C)C,APhos Pd G3,0.10161904000000001 milligram,0.16000000000000003 micromole,0.10161904000000004 microliter,C29H41N2O3PPdS,COC1=C(N)C(Cl)=NC=N1,4-chloro-6-methoxypyrimidin-5-amine,0.12766080000000002 milligram,0.8 micromole,0.12766080000000005 microliter,C5H6ClN3O,B1(OC(C(O1)(C)C)(C)C)C2=CN(N=C2C)C,"1,3-dimethyl-4-(4,4,5,5-tetramethyl-1,3,2-dioxaborolan-2-yl)-1H-pyrazole",0.21321311999999998 milligram,0.9600000000000001 micromole,0.21321312000000003 microliter,C11H19BN2O2,O=C([O-])[O-].[Na+].[Na+],Na2CO3,0.635928 milligram,6.0 micromole,0.6359280000000002 microliter,CNa2O3,CN1C=NC2=C1C(=O)N(C(=O)N2C)C,caffeine,0.1553528 milligram,0.8 micromole,0.15535280000000004 microliter,C8H10N4O2,C1COCCO1,dioxane,32.445 milligram,368.2496084262139 micromole,31.5 microliter,C4H8O2,O,water,3.5 milligram,194.2825423258396 micromole,3.5 microliter,H2O,COc1ncnc(-c2cn(C)nc2C)c1N,suzuki_product_0,0.0 milligram,0.0 micromole,0 microliter,C10H13N5O,COc1ncncc1N,dehalogenation_0,0.0 milligram,0.0 micromole,0 microliter,C5H7N3O,Cc1ccn(C)n1,deborylation_0,0.0 milligram,0.0 micromole,0 microliter,C5H8N2,COC1=C(N)C(Cl)=NC=N1.B1(OC(C(O1)(C)C)(C)C)C2=CN(N=C2C)C>>COc1ncnc(-c2cn(C)nc2C)c1N.COc1ncncc1N.Cc1ccn(C)n1,001_RLN-NB-2443_007_H14,,,,,,,,,3/30/23 0:03,kat78-2-h14-a1_03_22_2023_182.raw,2min_150_1200.EXP,001_RLN-NB-2443_007_H14,KAT78-2-H14-A1_KAT78-2-H14-A1_KAT78-2-H14-A1,0,0,0,0,0,0,0,0,0,0,0,0,0,0,0,deborylation_0,0,0,0,0,0,182.5644398,46.94254438,4.733532485,194.9,0.7318,0,0,0,0,0,0,0,0,0,0,0,0,0,0,0,0,0,0,0,0,0,0,0,0,0,0,0,0,0,0,0,0,0,0,0,0,0,0,0,0,25.28944844,6.52196236,0.657653331,220,0.6718,0,0,0,0,0,0,0,0,0,0,0,0,0.000111148,13.89349991,0,0,0,0,0,0,0,0,0,0,0,0,0,0,0,0,0,0,0,0
H15,NC1=C(C=CC=C1)C2=C([Pd]OS(C)(=O)=O)C=CC=C2.CN(C)C3=CC=C(C=C3)P(C(C)(C)C)C(C)(C)C,APhos Pd G3,0.10161904000000001 milligram,0.16000000000000003 micromole,0.10161904000000004 microliter,C29H41N2O3PPdS,COC1=C(N)C(Cl)=NC=N1,4-chloro-6-methoxypyrimidin-5-amine,0.12766080000000002 milligram,0.8 micromole,0.12766080000000005 microliter,C5H6ClN3O,B1(OC(C(O1)(C)C)(C)C)C2=CCN(CC2)C(=O)OC(C)(C)C,"N-Boc-1,2,5,6-tetrahydropyridine-4-boronic acid pinacol ester",0.29684640000000007 milligram,0.9600000000000001 micromole,0.2968464000000001 microliter,C16H28BNO4,O=C([O-])[O-].[Na+].[Na+],Na2CO3,0.635928 milligram,6.0 micromole,0.6359280000000002 microliter,CNa2O3,CN1C=NC2=C1C(=O)N(C(=O)N2C)C,caffeine,0.1553528 milligram,0.8 micromole,0.15535280000000004 microliter,C8H10N4O2,C1COCCO1,dioxane,32.445 milligram,368.2496084262139 micromole,31.5 microliter,C4H8O2,O,water,3.5 milligram,194.2825423258396 micromole,3.5 microliter,H2O,COc1ncnc(C2=CCN(C(=O)OC(C)(C)C)CC2)c1N,suzuki_product_0,0.0 milligram,0.0 micromole,0 microliter,C15H22N4O3,COc1ncncc1N,dehalogenation_0,0.0 milligram,0.0 micromole,0 microliter,C5H7N3O,CC(C)(C)OC(=O)N1CC=CCC1,deborylation_0,0.0 milligram,0.0 micromole,0 microliter,C10H17NO2,COC1=C(N)C(Cl)=NC=N1.B1(OC(C(O1)(C)C)(C)C)C2=CCN(CC2)C(=O)OC(C)(C)C>>COc1ncnc(C2=CCN(C(=O)OC(C)(C)C)CC2)c1N.COc1ncncc1N.CC(C)(C)OC(=O)N1CC=CCC1,001_RLN-NB-2443_007_H15,,,,,,,,,3/30/23 0:06,kat78-2-h15-a1_03_22_2023_183.raw,2min_150_1200.EXP,001_RLN-NB-2443_007_H15,KAT78-2-H15-A1_KAT78-2-H15-A1_KAT78-2-H15-A1,0,0,0,0,0,0,0,0,0,0,0,0,0,0,0,deborylation_0,0,0,0,0,0,193.0831362,25.29076287,4.777991423,195,0.7334,0,0,0,0,0,0,0,0,0,0,0,0,0,0,0,0,0,0,0,0,0,0,0,0,0,0,0,0,0,0,0,0,0,0,0,0,0,0,0,0,166.8626327,24.23792288,4.579086373,307,0.9984,0,0,0,0,0,0,0,0,0,0,0,0,0.000766696,95.83705721,0,0,0,0,0,0,0,0,0,0,0,0,0,0,0,0,0,0,0,0
H16,NC1=C(C=CC=C1)C2=C([Pd]OS(C)(=O)=O)C=CC=C2.CN(C)C3=CC=C(C=C3)P(C(C)(C)C)C(C)(C)C,APhos Pd G3,0.10161904000000001 milligram,0.16000000000000003 micromole,0.10161904000000004 microliter,C29H41N2O3PPdS,COC1=C(N)C(Cl)=NC=N1,4-chloro-6-methoxypyrimidin-5-amine,0.12766080000000002 milligram,0.8 micromole,0.12766080000000005 microliter,C5H6ClN3O,B1(OC(C(O1)(C)C)(C)C)C2=CCN(CC2)C(=O)OC(C)(C)C,"N-Boc-1,2,5,6-tetrahydropyridine-4-boronic acid pinacol ester",0.29684640000000007 milligram,0.9600000000000001 micromole,0.2968464000000001 microliter,C16H28BNO4,O=C([O-])[O-].[Na+].[Na+],Na2CO3,0.635928 milligram,6.0 micromole,0.6359280000000002 microliter,CNa2O3,CN1C=NC2=C1C(=O)N(C(=O)N2C)C,caffeine,0.1553528 milligram,0.8 micromole,0.15535280000000004 microliter,C8H10N4O2,C1COCCO1,dioxane,32.445 milligram,368.2496084262139 micromole,31.5 microliter,C4H8O2,O,water,3.5 milligram,194.2825423258396 micromole,3.5 microliter,H2O,COc1ncnc(C2=CCN(C(=O)OC(C)(C)C)CC2)c1N,suzuki_product_0,0.0 milligram,0.0 micromole,0 microliter,C15H22N4O3,COc1ncncc1N,dehalogenation_0,0.0 milligram,0.0 micromole,0 microliter,C5H7N3O,CC(C)(C)OC(=O)N1CC=CCC1,deborylation_0,0.0 milligram,0.0 micromole,0 microliter,C10H17NO2,COC1=C(N)C(Cl)=NC=N1.B1(OC(C(O1)(C)C)(C)C)C2=CCN(CC2)C(=O)OC(C)(C)C>>COc1ncnc(C2=CCN(C(=O)OC(C)(C)C)CC2)c1N.COc1ncncc1N.CC(C)(C)OC(=O)N1CC=CCC1,001_RLN-NB-2443_007_H16,,,,,,,,,3/30/23 0:08,kat78-2-h16-a1_03_22_2023_184.raw,2min_150_1200.EXP,001_RLN-NB-2443_007_H16,KAT78-2-H16-A1_KAT78-2-H16-A1_KAT78-2-H16-A1,0,0,0,0,0,0,0,0,0,0,0,0,0,0,0,deborylation_0,0,0,0,0,0,179.5959432,22.43021109,4.46819282,195,0.7334,0,0,0,0,0,0,0,0,0,0,0,0,0,0,0,0,0,0,0,0,0,0,0,0,0,0,0,0,0,0,0,0,0,0,0,0,0,0,0,0,223.1884968,31.6897359,6.312729284,307,0.9984,0,0,0,0,0,0,0,0,0,0,0,0,0.001130252,141.2814876,0,0,0,0,0,0,0,0,0,0,0,0,0,0,0,0,0,0,0,0
H17,NC1=C(C=CC=C1)C2=C([Pd]OS(C)(=O)=O)C=CC=C2.CN(C)C3=CC=C(C=C3)P(C(C)(C)C)C(C)(C)C,APhos Pd G3,0.10161904000000001 milligram,0.16000000000000003 micromole,0.10161904000000004 microliter,C29H41N2O3PPdS,COC1=C(N)C(Cl)=NC=N1,4-chloro-6-methoxypyrimidin-5-amine,0.12766080000000002 milligram,0.8 micromole,0.12766080000000005 microliter,C5H6ClN3O,B1(OC(C(O1)(C)C)(C)C)C2=CC=C(C=C2)N,"4-(4,4,5,5-tetramethyl-1,3,2-dioxaborolan-2-yl)aniline",0.21032928 milligram,0.9600000000000001 micromole,0.21032928000000006 microliter,C12H18BNO2,O=C([O-])[O-].[Na+].[Na+],Na2CO3,0.635928 milligram,6.0 micromole,0.6359280000000002 microliter,CNa2O3,CN1C=NC2=C1C(=O)N(C(=O)N2C)C,caffeine,0.1553528 milligram,0.8 micromole,0.15535280000000004 microliter,C8H10N4O2,C1COCCO1,dioxane,32.445 milligram,368.2496084262139 micromole,31.5 microliter,C4H8O2,O,water,3.5 milligram,194.2825423258396 micromole,3.5 microliter,H2O,COc1ncnc(-c2ccc(N)cc2)c1N,suzuki_product_0,0.0 milligram,0.0 micromole,0 microliter,C11H12N4O,COc1ncncc1N,dehalogenation_0,0.0 milligram,0.0 micromole,0 microliter,C5H7N3O,Nc1ccccc1,deborylation_0,0.0 milligram,0.0 micromole,0 microliter,C6H7N,COC1=C(N)C(Cl)=NC=N1.B1(OC(C(O1)(C)C)(C)C)C2=CC=C(C=C2)N>>COc1ncnc(-c2ccc(N)cc2)c1N.COc1ncncc1N.Nc1ccccc1,001_RLN-NB-2443_007_H17,,,,,,,,,3/30/23 0:11,kat78-2-h17-a1_03_22_2023_185.raw,2min_150_1200.EXP,001_RLN-NB-2443_007_H17,KAT78-2-H17-A1_KAT78-2-H17-A1_KAT78-2-H17-A1,0,0,0,0,0,0,0,0,0,0,0,0,0,0,0,deborylation_0,0,0,0,0,0,174.5335197,41.43602517,4.43298088,195,0.7334,0,0,0,0,0,0,0,0,0,0,0,0,0,0,0,16.90998553,4.264918832,0.456276961,220,1.1168,0,0,0,0,0,0,0,0,0,0,0,0,0,0,0,0,0,0,0,0,64.67338188,15.81437453,1.691880908,216.9,0.6568,0,0,0,0,0,0,0,0,0,0,0,0,0.000305326,38.16576147,0,0,0,0,0,0,0,0,8.23E-05,10.29277981,0,0,0,0,0,0,0,0,0,0
H18,NC1=C(C=CC=C1)C2=C([Pd]OS(C)(=O)=O)C=CC=C2.CN(C)C3=CC=C(C=C3)P(C(C)(C)C)C(C)(C)C,APhos Pd G3,0.10161904000000001 milligram,0.16000000000000003 micromole,0.10161904000000004 microliter,C29H41N2O3PPdS,COC1=C(N)C(Cl)=NC=N1,4-chloro-6-methoxypyrimidin-5-amine,0.12766080000000002 milligram,0.8 micromole,0.12766080000000005 microliter,C5H6ClN3O,B1(OC(C(O1)(C)C)(C)C)C2=CC=C(C=C2)N,"4-(4,4,5,5-tetramethyl-1,3,2-dioxaborolan-2-yl)aniline",0.21032928 milligram,0.9600000000000001 micromole,0.21032928000000006 microliter,C12H18BNO2,O=C([O-])[O-].[Na+].[Na+],Na2CO3,0.635928 milligram,6.0 micromole,0.6359280000000002 microliter,CNa2O3,CN1C=NC2=C1C(=O)N(C(=O)N2C)C,caffeine,0.1553528 milligram,0.8 micromole,0.15535280000000004 microliter,C8H10N4O2,C1COCCO1,dioxane,32.445 milligram,368.2496084262139 micromole,31.5 microliter,C4H8O2,O,water,3.5 milligram,194.2825423258396 micromole,3.5 microliter,H2O,COc1ncnc(-c2ccc(N)cc2)c1N,suzuki_product_0,0.0 milligram,0.0 micromole,0 microliter,C11H12N4O,COc1ncncc1N,dehalogenation_0,0.0 milligram,0.0 micromole,0 microliter,C5H7N3O,Nc1ccccc1,deborylation_0,0.0 milligram,0.0 micromole,0 microliter,C6H7N,COC1=C(N)C(Cl)=NC=N1.B1(OC(C(O1)(C)C)(C)C)C2=CC=C(C=C2)N>>COc1ncnc(-c2ccc(N)cc2)c1N.COc1ncncc1N.Nc1ccccc1,001_RLN-NB-2443_007_H18,,,,,,,,,3/30/23 0:13,kat78-2-h18-a1_03_22_2023_186.raw,2min_150_1200.EXP,001_RLN-NB-2443_007_H18,KAT78-2-H18-A1_KAT78-2-H18-A1_KAT78-2-H18-A1,0,0,0,0,0,0,0,0,0,0,0,0,0,0,0,deborylation_0,0,0,0,0,0,171.2789093,45.21397644,4.418419804,195,0.7318,0,0,0,0,0,0,0,0,0,0,0,0,0,0,0,0,0,0,0,0,0,0,0,0,0,0,0,0,0,0,0,0,0,0,0,0,0,0,0,0,43.27898449,12.33693995,1.205595794,217,0.6534,0,0,0,0,0,0,0,0,0,0,0,0,0.000218285,27.28567784,0,0,0,0,0,0,0,0,0,0,0,0,0,0,0,0,0,0,0,0
H19,NC1=C(C=CC=C1)C2=C([Pd]OS(C)(=O)=O)C=CC=C2.CN(C)C3=CC=C(C=C3)P(C(C)(C)C)C(C)(C)C,APhos Pd G3,0.10161904000000001 milligram,0.16000000000000003 micromole,0.10161904000000004 microliter,C29H41N2O3PPdS,CC1=C(N2CCCC2=O)C=CC(Br)=C1,1-(4-bromo-2-methylphenyl)pyrrolidin-2-one,0.20330160000000003 milligram,0.8 micromole,0.20330160000000008 microliter,C11H12BrNO,B1(OC(C(O1)(C)C)(C)C)C2=CN=C(C=C2)C,"2-methyl-5-(4,4,5,5-tetramethyl-1,3,2-dioxaborolan-2-yl)pyridine",0.21032928 milligram,0.9600000000000001 micromole,0.21032928000000006 microliter,C12H18BNO2,O=C([O-])[O-].[Na+].[Na+],Na2CO3,0.635928 milligram,6.0 micromole,0.6359280000000002 microliter,CNa2O3,CN1C=NC2=C1C(=O)N(C(=O)N2C)C,caffeine,0.1553528 milligram,0.8 micromole,0.15535280000000004 microliter,C8H10N4O2,C1COCCO1,dioxane,32.445 milligram,368.2496084262139 micromole,31.5 microliter,C4H8O2,O,water,3.5 milligram,194.2825423258396 micromole,3.5 microliter,H2O,Cc1ccc(-c2ccc(N3CCCC3=O)c(C)c2)cn1,suzuki_product_0,0.0 milligram,0.0 micromole,0 microliter,C17H18N2O,Cc1ccccc1N1CCCC1=O,dehalogenation_0,0.0 milligram,0.0 micromole,0 microliter,C11H13NO,Cc1ccccn1,deborylation_0,0.0 milligram,0.0 micromole,0 microliter,C6H7N,CC1=C(N2CCCC2=O)C=CC(Br)=C1.B1(OC(C(O1)(C)C)(C)C)C2=CN=C(C=C2)C>>Cc1ccc(-c2ccc(N3CCCC3=O)c(C)c2)cn1.Cc1ccccc1N1CCCC1=O.Cc1ccccn1,001_RLN-NB-2443_007_H19,,,,,,,,,3/30/23 0:16,kat78-2-h19-a1_03_22_2023_187.raw,2min_150_1200.EXP,001_RLN-NB-2443_007_H19,KAT78-2-H19-A1_KAT78-2-H19-A1_KAT78-2-H19-A1,0,0,0,0,0,0,0,0,0,0,0,0,0,0,0,deborylation_0,0,0,0,0,0,168.179338,47.24932128,4.381545717,194.9,0.7334,0,0,0,0,0,0,0,0,0,0,0,0,0,0,0,0,0,0,0,0,0,0,0,0,0,0,0,0,0,0,0,0,0,0,0,0,0,0,0,0,0,0,0,0,0,0,0,0,0,0,0,0,0,0,0,0,0,0,0,0,0,0,0,0,0,0,0,0,0,0,0,0,0,0,0,0,0,0,0
H20,NC1=C(C=CC=C1)C2=C([Pd]OS(C)(=O)=O)C=CC=C2.CN(C)C3=CC=C(C=C3)P(C(C)(C)C)C(C)(C)C,APhos Pd G3,0.10161904000000001 milligram,0.16000000000000003 micromole,0.10161904000000004 microliter,C29H41N2O3PPdS,CC1=C(N2CCCC2=O)C=CC(Br)=C1,1-(4-bromo-2-methylphenyl)pyrrolidin-2-one,0.20330160000000003 milligram,0.8 micromole,0.20330160000000008 microliter,C11H12BrNO,B1(OC(C(O1)(C)C)(C)C)C2=CN(N=C2C)C,"1,3-dimethyl-4-(4,4,5,5-tetramethyl-1,3,2-dioxaborolan-2-yl)-1H-pyrazole",0.21321311999999998 milligram,0.9600000000000001 micromole,0.21321312000000003 microliter,C11H19BN2O2,O=C([O-])[O-].[Na+].[Na+],Na2CO3,0.635928 milligram,6.0 micromole,0.6359280000000002 microliter,CNa2O3,CN1C=NC2=C1C(=O)N(C(=O)N2C)C,caffeine,0.1553528 milligram,0.8 micromole,0.15535280000000004 microliter,C8H10N4O2,C1COCCO1,dioxane,32.445 milligram,368.2496084262139 micromole,31.5 microliter,C4H8O2,O,water,3.5 milligram,194.2825423258396 micromole,3.5 microliter,H2O,Cc1cc(-c2cn(C)nc2C)ccc1N1CCCC1=O,suzuki_product_0,0.0 milligram,0.0 micromole,0 microliter,C16H19N3O,Cc1ccccc1N1CCCC1=O,dehalogenation_0,0.0 milligram,0.0 micromole,0 microliter,C11H13NO,Cc1ccn(C)n1,deborylation_0,0.0 milligram,0.0 micromole,0 microliter,C5H8N2,CC1=C(N2CCCC2=O)C=CC(Br)=C1.B1(OC(C(O1)(C)C)(C)C)C2=CN(N=C2C)C>>Cc1cc(-c2cn(C)nc2C)ccc1N1CCCC1=O.Cc1ccccc1N1CCCC1=O.Cc1ccn(C)n1,001_RLN-NB-2443_007_H20,,,,,,,,,3/30/23 0:18,kat78-2-h20-a1_03_22_2023_188.raw,2min_150_1200.EXP,001_RLN-NB-2443_007_H20,KAT78-2-H20-A1_KAT78-2-H20-A1_KAT78-2-H20-A1,0,0,0,0,0,0,0,0,0,0,0,0,0,0,0,deborylation_0,0,0,0,0,0,193.9342435,48.63664733,5.047652125,195,0.7334,0,0,0,0,0,0,0,0,0,0,0,0,0,0,0,0,0,0,0,0,0,0,0,0,0,0,0,0,0,0,0,0,0,0,0,0,0,0,0,0,7.982793026,1.508211948,0.156526604,270.1,0.9951,0,0,0,0,0,0,0,0,0,0,0,0,2.48E-05,3.10097844,0,0,0,0,0,0,0,0,0,0,0,0,0,0,0,0,0,0,0,0
H21,NC1=C(C=CC=C1)C2=C([Pd]OS(C)(=O)=O)C=CC=C2.CN(C)C3=CC=C(C=C3)P(C(C)(C)C)C(C)(C)C,APhos Pd G3,0.10161904000000001 milligram,0.16000000000000003 micromole,0.10161904000000004 microliter,C29H41N2O3PPdS,CC1=C(N2CCCC2=O)C=CC(Br)=C1,1-(4-bromo-2-methylphenyl)pyrrolidin-2-one,0.20330160000000003 milligram,0.8 micromole,0.20330160000000008 microliter,C11H12BrNO,B1(OC(C(O1)(C)C)(C)C)C2=CCN(CC2)C(=O)OC(C)(C)C,"N-Boc-1,2,5,6-tetrahydropyridine-4-boronic acid pinacol ester",0.29684640000000007 milligram,0.9600000000000001 micromole,0.2968464000000001 microliter,C16H28BNO4,O=C([O-])[O-].[Na+].[Na+],Na2CO3,0.635928 milligram,6.0 micromole,0.6359280000000002 microliter,CNa2O3,CN1C=NC2=C1C(=O)N(C(=O)N2C)C,caffeine,0.1553528 milligram,0.8 micromole,0.15535280000000004 microliter,C8H10N4O2,C1COCCO1,dioxane,32.445 milligram,368.2496084262139 micromole,31.5 microliter,C4H8O2,O,water,3.5 milligram,194.2825423258396 micromole,3.5 microliter,H2O,Cc1cc(C2=CCN(C(=O)OC(C)(C)C)CC2)ccc1N1CCCC1=O,suzuki_product_0,0.0 milligram,0.0 micromole,0 microliter,C21H28N2O3,Cc1ccccc1N1CCCC1=O,dehalogenation_0,0.0 milligram,0.0 micromole,0 microliter,C11H13NO,CC(C)(C)OC(=O)N1CC=CCC1,deborylation_0,0.0 milligram,0.0 micromole,0 microliter,C10H17NO2,CC1=C(N2CCCC2=O)C=CC(Br)=C1.B1(OC(C(O1)(C)C)(C)C)C2=CCN(CC2)C(=O)OC(C)(C)C>>Cc1cc(C2=CCN(C(=O)OC(C)(C)C)CC2)ccc1N1CCCC1=O.Cc1ccccc1N1CCCC1=O.CC(C)(C)OC(=O)N1CC=CCC1,001_RLN-NB-2443_007_H21,,,,,,,,,3/30/23 0:21,kat78-2-h21-a1_03_22_2023_189.raw,2min_150_1200.EXP,001_RLN-NB-2443_007_H21,KAT78-2-H21-A1_KAT78-2-H21-A1_KAT78-2-H21-A1,0,0,0,0,0,0,0,0,0,0,0,0,0,0,0,deborylation_0,0,0,0,0,0,184.0606469,23.66805873,4.678991338,195,0.7318,0,0,0,0,0,0,0,0,0,0,0,0,0,0,0,0,0,0,0,0,0,0,0,0,0,0,0,0,0,0,0,0,0,0,0,29.90473991,3.726912381,0.736781624,250.9,1.4334,0,0,0,0,0,0,0,0,0,0,0,0,0,0,0,0,0,0,0,0,0,0,0,0,0,0,0,0,0,0,0,0,0,0,0,0,0,0.000125973,15.74659089
H22,NC1=C(C=CC=C1)C2=C([Pd]OS(C)(=O)=O)C=CC=C2.CN(C)C3=CC=C(C=C3)P(C(C)(C)C)C(C)(C)C,APhos Pd G3,0.10161904000000001 milligram,0.16000000000000003 micromole,0.10161904000000004 microliter,C29H41N2O3PPdS,CC1=C(N2CCCC2=O)C=CC(Br)=C1,1-(4-bromo-2-methylphenyl)pyrrolidin-2-one,0.20330160000000003 milligram,0.8 micromole,0.20330160000000008 microliter,C11H12BrNO,B1(OC(C(O1)(C)C)(C)C)C2=CCN(CC2)C(=O)OC(C)(C)C,"N-Boc-1,2,5,6-tetrahydropyridine-4-boronic acid pinacol ester",0.29684640000000007 milligram,0.9600000000000001 micromole,0.2968464000000001 microliter,C16H28BNO4,O=C([O-])[O-].[Na+].[Na+],Na2CO3,0.635928 milligram,6.0 micromole,0.6359280000000002 microliter,CNa2O3,CN1C=NC2=C1C(=O)N(C(=O)N2C)C,caffeine,0.1553528 milligram,0.8 micromole,0.15535280000000004 microliter,C8H10N4O2,C1COCCO1,dioxane,32.445 milligram,368.2496084262139 micromole,31.5 microliter,C4H8O2,O,water,3.5 milligram,194.2825423258396 micromole,3.5 microliter,H2O,Cc1cc(C2=CCN(C(=O)OC(C)(C)C)CC2)ccc1N1CCCC1=O,suzuki_product_0,0.0 milligram,0.0 micromole,0 microliter,C21H28N2O3,Cc1ccccc1N1CCCC1=O,dehalogenation_0,0.0 milligram,0.0 micromole,0 microliter,C11H13NO,CC(C)(C)OC(=O)N1CC=CCC1,deborylation_0,0.0 milligram,0.0 micromole,0 microliter,C10H17NO2,CC1=C(N2CCCC2=O)C=CC(Br)=C1.B1(OC(C(O1)(C)C)(C)C)C2=CCN(CC2)C(=O)OC(C)(C)C>>Cc1cc(C2=CCN(C(=O)OC(C)(C)C)CC2)ccc1N1CCCC1=O.Cc1ccccc1N1CCCC1=O.CC(C)(C)OC(=O)N1CC=CCC1,001_RLN-NB-2443_007_H22,,,,,,,,,3/30/23 0:23,kat78-2-h22-a1_03_22_2023_190.raw,2min_150_1200.EXP,001_RLN-NB-2443_007_H22,KAT78-2-H22-A1_KAT78-2-H22-A1_KAT78-2-H22-A1,0,0,0,0,0,0,0,0,0,0,0,0,0,0,0,deborylation_0,0,0,0,0,0,172.6831318,23.7019616,4.476614148,194.9,0.7334,0,0,0,0,0,0,0,0,0,0,0,0,0,0,0,0,0,0,0,0,0,0,0,0,0,0,0,0,0,0,0,0,0,0,0,26.94803965,2.921152912,0.55172119,251,1.4351,0,0,0,0,0,0,0,0,0,0,0,0,0,0,0,0,0,0,0,0,0,0,0,0,0,0,0,0,0,0,0,0,0,0,0,0,0,9.86E-05,12.32451964
H23,NC1=C(C=CC=C1)C2=C([Pd]OS(C)(=O)=O)C=CC=C2.CN(C)C3=CC=C(C=C3)P(C(C)(C)C)C(C)(C)C,APhos Pd G3,0.10161904000000001 milligram,0.16000000000000003 micromole,0.10161904000000004 microliter,C29H41N2O3PPdS,CC1=C(N2CCCC2=O)C=CC(Br)=C1,1-(4-bromo-2-methylphenyl)pyrrolidin-2-one,0.20330160000000003 milligram,0.8 micromole,0.20330160000000008 microliter,C11H12BrNO,B1(OC(C(O1)(C)C)(C)C)C2=CC=C(C=C2)N,"4-(4,4,5,5-tetramethyl-1,3,2-dioxaborolan-2-yl)aniline",0.21032928 milligram,0.9600000000000001 micromole,0.21032928000000006 microliter,C12H18BNO2,O=C([O-])[O-].[Na+].[Na+],Na2CO3,0.635928 milligram,6.0 micromole,0.6359280000000002 microliter,CNa2O3,CN1C=NC2=C1C(=O)N(C(=O)N2C)C,caffeine,0.1553528 milligram,0.8 micromole,0.15535280000000004 microliter,C8H10N4O2,C1COCCO1,dioxane,32.445 milligram,368.2496084262139 micromole,31.5 microliter,C4H8O2,O,water,3.5 milligram,194.2825423258396 micromole,3.5 microliter,H2O,Cc1cc(-c2ccc(N)cc2)ccc1N1CCCC1=O,suzuki_product_0,0.0 milligram,0.0 micromole,0 microliter,C17H18N2O,Cc1ccccc1N1CCCC1=O,dehalogenation_0,0.0 milligram,0.0 micromole,0 microliter,C11H13NO,Nc1ccccc1,deborylation_0,0.0 milligram,0.0 micromole,0 microliter,C6H7N,CC1=C(N2CCCC2=O)C=CC(Br)=C1.B1(OC(C(O1)(C)C)(C)C)C2=CC=C(C=C2)N>>Cc1cc(-c2ccc(N)cc2)ccc1N1CCCC1=O.Cc1ccccc1N1CCCC1=O.Nc1ccccc1,001_RLN-NB-2443_007_H23,,,,,,,,,3/30/23 0:26,kat78-2-h23-a1_03_22_2023_191.raw,2min_150_1200.EXP,001_RLN-NB-2443_007_H23,KAT78-2-H23-A1_KAT78-2-H23-A1_KAT78-2-H23-A1,0,0,0,0,0,0,0,0,0,0,0,0,0,0,0,deborylation_0,0,0,0,0,0,170.1862647,27.12669089,4.423023243,194.9,0.7318,0,0,0,0,0,0,0,0,0,0,0,0,0,0,0,10.32113976,1.13734684,0.185445085,220,1.1051,0,0,0,0,0,0,0,0,0,0,0,0,0,0,0,169.9706911,25.90936239,4.2245371,502.2,1.1884,126.1859336,20.62855182,3.363497766,267,0.8868,0,0,0,0,0,0,0,0,0,0,0,0,0.000608362,76.04522022,0,0,0,0,0,0,0,0,3.35E-05,4.192722379,0,0,0,0,0,0,0,0,0.000764099,95.51243275
H24,NC1=C(C=CC=C1)C2=C([Pd]OS(C)(=O)=O)C=CC=C2.CN(C)C3=CC=C(C=C3)P(C(C)(C)C)C(C)(C)C,APhos Pd G3,0.10161904000000001 milligram,0.16000000000000003 micromole,0.10161904000000004 microliter,C29H41N2O3PPdS,CC1=C(N2CCCC2=O)C=CC(Br)=C1,1-(4-bromo-2-methylphenyl)pyrrolidin-2-one,0.20330160000000003 milligram,0.8 micromole,0.20330160000000008 microliter,C11H12BrNO,B1(OC(C(O1)(C)C)(C)C)C2=CC=C(C=C2)N,"4-(4,4,5,5-tetramethyl-1,3,2-dioxaborolan-2-yl)aniline",0.21032928 milligram,0.9600000000000001 micromole,0.21032928000000006 microliter,C12H18BNO2,O=C([O-])[O-].[Na+].[Na+],Na2CO3,0.635928 milligram,6.0 micromole,0.6359280000000002 microliter,CNa2O3,CN1C=NC2=C1C(=O)N(C(=O)N2C)C,caffeine,0.1553528 milligram,0.8 micromole,0.15535280000000004 microliter,C8H10N4O2,C1COCCO1,dioxane,32.445 milligram,368.2496084262139 micromole,31.5 microliter,C4H8O2,O,water,3.5 milligram,194.2825423258396 micromole,3.5 microliter,H2O,Cc1cc(-c2ccc(N)cc2)ccc1N1CCCC1=O,suzuki_product_0,0.0 milligram,0.0 micromole,0 microliter,C17H18N2O,Cc1ccccc1N1CCCC1=O,dehalogenation_0,0.0 milligram,0.0 micromole,0 microliter,C11H13NO,Nc1ccccc1,deborylation_0,0.0 milligram,0.0 micromole,0 microliter,C6H7N,CC1=C(N2CCCC2=O)C=CC(Br)=C1.B1(OC(C(O1)(C)C)(C)C)C2=CC=C(C=C2)N>>Cc1cc(-c2ccc(N)cc2)ccc1N1CCCC1=O.Cc1ccccc1N1CCCC1=O.Nc1ccccc1,001_RLN-NB-2443_007_H24,,,,,,,,,3/30/23 0:28,kat78-2-h24-a1_03_22_2023_192.raw,2min_150_1200.EXP,001_RLN-NB-2443_007_H24,KAT78-2-H24-A1_KAT78-2-H24-A1_KAT78-2-H24-A1,0,0,0,0,0,0,0,0,0,0,0,0,0,0,0,deborylation_0,0,0,0,0,0,192.9195562,29.73322378,4.704109439,195,0.7334,0,0,0,0,0,0,0,0,0,0,0,0,0,0,0,0,0,0,0,0,0,0,0,0,0,0,0,0,0,0,0,0,0,0,0,157.2839353,24.08887108,3.811113341,502.1,1.1884,127.6788863,20.97534585,3.318520828,267,0.8851,0,0,0,0,0,0,0,0,0,0,0,0,0.000564361,70.54514508,0,0,0,0,0,0,0,0,0,0,0,0,0,0,0,0,0,0,0.000648133,81.01668107
I1,C[NH+]1C2=C(C3=C([Pd-2]1([P+](C4CCCCC4)(C5CCCCC5)C6CCCCC6)OS(C)(=O)=O)C=CC=C3)C=CC=C2,PCy Pd G4,0.10627216000000012 milligram,0.16000000000000003 micromole,0.10627216000000014 microliter,C32H48NO3PPdS,BrC1=CC=CN2C=CN=C12,"8-bromoimidazo[1,2-a]pyridine",0.15762800000000002 milligram,0.8 micromole,0.15762800000000005 microliter,C7H5BrN2,B1(OC(C(O1)(C)C)(C)C)C2=CN=C(C=C2)C,"2-methyl-5-(4,4,5,5-tetramethyl-1,3,2-dioxaborolan-2-yl)pyridine",0.21032928 milligram,0.9600000000000001 micromole,0.21032928000000006 microliter,C12H18BNO2,O=C([O-])[O-].[Na+].[Na+],Na2CO3,0.635928 milligram,6.0 micromole,0.6359280000000002 microliter,CNa2O3,CN1C=NC2=C1C(=O)N(C(=O)N2C)C,caffeine,0.1553528 milligram,0.8 micromole,0.15535280000000004 microliter,C8H10N4O2,C1COCCO1,dioxane,32.445 milligram,368.2496084262139 micromole,31.5 microliter,C4H8O2,O,water,3.5 milligram,194.2825423258396 micromole,3.5 microliter,H2O,Cc1ccc(-c2cccn3ccnc23)cn1,suzuki_product_0,0.0 milligram,0.0 micromole,0 microliter,C13H11N3,c1ccn2ccnc2c1,dehalogenation_0,0.0 milligram,0.0 micromole,0 microliter,C7H6N2,Cc1ccccn1,deborylation_0,0.0 milligram,0.0 micromole,0 microliter,C6H7N,BrC1=CC=CN2C=CN=C12.B1(OC(C(O1)(C)C)(C)C)C2=CN=C(C=C2)C>>Cc1ccc(-c2cccn3ccnc23)cn1.c1ccn2ccnc2c1.Cc1ccccn1,001_RLN-NB-2443_007_I1,,,,,,,,,3/30/23 0:30,kat78-2-i1-a1_03_22_2023_193.raw,2min_150_1200.EXP,001_RLN-NB-2443_007_I1,KAT78-2-I1-A1_KAT78-2-I1-A1_KAT78-2-I1-A1,0,0,0,0,0,0,0,0,0,0,0,0,0,0,0,deborylation_0,0,0,0,0,0,205.9873805,49.13963582,5.282960534,195,0.7334,0,0,0,0,0,0,0,0,0,0,0,0,0,0,0,0,0,0,0,0,0,0,0,0,0,0,0,0,0,0,0,0,0,0,0,0,0,0,0,0,0,0,0,0,0,0,0,0,0,0,0,0,0,0,0,0,0,0,0,0,0,0,0,0,0,0,0,0,0,0,0,0,0,0,0,0,0,0,0
I2,C[NH+]1C2=C(C3=C([Pd-2]1([P+](C4CCCCC4)(C5CCCCC5)C6CCCCC6)OS(C)(=O)=O)C=CC=C3)C=CC=C2,PCy Pd G4,0.10627216000000012 milligram,0.16000000000000003 micromole,0.10627216000000014 microliter,C32H48NO3PPdS,BrC1=CC=CN2C=CN=C12,"8-bromoimidazo[1,2-a]pyridine",0.15762800000000002 milligram,0.8 micromole,0.15762800000000005 microliter,C7H5BrN2,B1(OC(C(O1)(C)C)(C)C)C2=CN(N=C2C)C,"1,3-dimethyl-4-(4,4,5,5-tetramethyl-1,3,2-dioxaborolan-2-yl)-1H-pyrazole",0.21321311999999998 milligram,0.9600000000000001 micromole,0.21321312000000003 microliter,C11H19BN2O2,O=C([O-])[O-].[Na+].[Na+],Na2CO3,0.635928 milligram,6.0 micromole,0.6359280000000002 microliter,CNa2O3,CN1C=NC2=C1C(=O)N(C(=O)N2C)C,caffeine,0.1553528 milligram,0.8 micromole,0.15535280000000004 microliter,C8H10N4O2,C1COCCO1,dioxane,32.445 milligram,368.2496084262139 micromole,31.5 microliter,C4H8O2,O,water,3.5 milligram,194.2825423258396 micromole,3.5 microliter,H2O,Cc1nn(C)cc1-c1cccn2ccnc12,suzuki_product_0,0.0 milligram,0.0 micromole,0 microliter,C12H12N4,c1ccn2ccnc2c1,dehalogenation_0,0.0 milligram,0.0 micromole,0 microliter,C7H6N2,Cc1ccn(C)n1,deborylation_0,0.0 milligram,0.0 micromole,0 microliter,C5H8N2,BrC1=CC=CN2C=CN=C12.B1(OC(C(O1)(C)C)(C)C)C2=CN(N=C2C)C>>Cc1nn(C)cc1-c1cccn2ccnc12.c1ccn2ccnc2c1.Cc1ccn(C)n1,001_RLN-NB-2443_007_I2,,,,,,,,,3/30/23 0:33,kat78-2-i2-a1_03_22_2023_194.raw,2min_150_1200.EXP,001_RLN-NB-2443_007_I2,KAT78-2-I2-A1_KAT78-2-I2-A1_KAT78-2-I2-A1,0,0,0,0,0,0,0,0,0,0,0,0,0,0,0,deborylation_0,0,0,0,0,0,173.9559866,30.43015414,4.588701238,195,0.7334,0,0,0,0,0,0,0,0,0,0,0,0,0,0,0,0,0,0,0,0,0,0,0,0,0,0,0,0,0,0,0,0,0,0,0,0,0,0,0,0,0,0,0,0,0,0,0,0,0,0,0,0,0,0,0,0,0,0,0,0,0,0,0,0,0,0,0,0,0,0,0,0,0,0,0,0,0,0,0
I3,C[NH+]1C2=C(C3=C([Pd-2]1([P+](C4CCCCC4)(C5CCCCC5)C6CCCCC6)OS(C)(=O)=O)C=CC=C3)C=CC=C2,PCy Pd G4,0.10627216000000012 milligram,0.16000000000000003 micromole,0.10627216000000014 microliter,C32H48NO3PPdS,BrC1=CC=CN2C=CN=C12,"8-bromoimidazo[1,2-a]pyridine",0.15762800000000002 milligram,0.8 micromole,0.15762800000000005 microliter,C7H5BrN2,B1(OC(C(O1)(C)C)(C)C)C2=CCN(CC2)C(=O)OC(C)(C)C,"N-Boc-1,2,5,6-tetrahydropyridine-4-boronic acid pinacol ester",0.29684640000000007 milligram,0.9600000000000001 micromole,0.2968464000000001 microliter,C16H28BNO4,O=C([O-])[O-].[Na+].[Na+],Na2CO3,0.635928 milligram,6.0 micromole,0.6359280000000002 microliter,CNa2O3,CN1C=NC2=C1C(=O)N(C(=O)N2C)C,caffeine,0.1553528 milligram,0.8 micromole,0.15535280000000004 microliter,C8H10N4O2,C1COCCO1,dioxane,32.445 milligram,368.2496084262139 micromole,31.5 microliter,C4H8O2,O,water,3.5 milligram,194.2825423258396 micromole,3.5 microliter,H2O,CC(C)(C)OC(=O)N1CC=C(c2cccn3ccnc23)CC1,suzuki_product_0,0.0 milligram,0.0 micromole,0 microliter,C17H21N3O2,c1ccn2ccnc2c1,dehalogenation_0,0.0 milligram,0.0 micromole,0 microliter,C7H6N2,CC(C)(C)OC(=O)N1CC=CCC1,deborylation_0,0.0 milligram,0.0 micromole,0 microliter,C10H17NO2,BrC1=CC=CN2C=CN=C12.B1(OC(C(O1)(C)C)(C)C)C2=CCN(CC2)C(=O)OC(C)(C)C>>CC(C)(C)OC(=O)N1CC=C(c2cccn3ccnc23)CC1.c1ccn2ccnc2c1.CC(C)(C)OC(=O)N1CC=CCC1,001_RLN-NB-2443_007_I3,,,,,,,,,3/30/23 0:35,kat78-2-i3-a1_03_22_2023_195.raw,2min_150_1200.EXP,001_RLN-NB-2443_007_I3,KAT78-2-I3-A1_KAT78-2-I3-A1_KAT78-2-I3-A1,0,0,0,0,0,0,0,0,0,0,0,0,0,0,0,deborylation_0,0,0,0,0,0,186.6365745,15.76680336,4.7320403,195,0.7334,0,0,0,0,0,0,0,0,0,0,49.22724965,4.443337894,1.333564801,309,1.5401,0,0,0,0,0,0,0,0,0,0,0,0,0,0,0,0,0,0,0,0,0,0,0,0,0,181.0887244,16.84311678,5.055070805,300,0.8701,0,0,0,0,0,0,0,0,0,0,0,0,0.000854612,106.826453,0,0,0,0,0,0,0.000225453,28.18160278,0,0,0,0,0,0,0,0,0,0,0,0
I4,C[NH+]1C2=C(C3=C([Pd-2]1([P+](C4CCCCC4)(C5CCCCC5)C6CCCCC6)OS(C)(=O)=O)C=CC=C3)C=CC=C2,PCy Pd G4,0.10627216000000012 milligram,0.16000000000000003 micromole,0.10627216000000014 microliter,C32H48NO3PPdS,BrC1=CC=CN2C=CN=C12,"8-bromoimidazo[1,2-a]pyridine",0.15762800000000002 milligram,0.8 micromole,0.15762800000000005 microliter,C7H5BrN2,B1(OC(C(O1)(C)C)(C)C)C2=CCN(CC2)C(=O)OC(C)(C)C,"N-Boc-1,2,5,6-tetrahydropyridine-4-boronic acid pinacol ester",0.29684640000000007 milligram,0.9600000000000001 micromole,0.2968464000000001 microliter,C16H28BNO4,O=C([O-])[O-].[Na+].[Na+],Na2CO3,0.635928 milligram,6.0 micromole,0.6359280000000002 microliter,CNa2O3,CN1C=NC2=C1C(=O)N(C(=O)N2C)C,caffeine,0.1553528 milligram,0.8 micromole,0.15535280000000004 microliter,C8H10N4O2,C1COCCO1,dioxane,32.445 milligram,368.2496084262139 micromole,31.5 microliter,C4H8O2,O,water,3.5 milligram,194.2825423258396 micromole,3.5 microliter,H2O,CC(C)(C)OC(=O)N1CC=C(c2cccn3ccnc23)CC1,suzuki_product_0,0.0 milligram,0.0 micromole,0 microliter,C17H21N3O2,c1ccn2ccnc2c1,dehalogenation_0,0.0 milligram,0.0 micromole,0 microliter,C7H6N2,CC(C)(C)OC(=O)N1CC=CCC1,deborylation_0,0.0 milligram,0.0 micromole,0 microliter,C10H17NO2,BrC1=CC=CN2C=CN=C12.B1(OC(C(O1)(C)C)(C)C)C2=CCN(CC2)C(=O)OC(C)(C)C>>CC(C)(C)OC(=O)N1CC=C(c2cccn3ccnc23)CC1.c1ccn2ccnc2c1.CC(C)(C)OC(=O)N1CC=CCC1,001_RLN-NB-2443_007_I4,,,,,,,,,3/30/23 0:38,kat78-2-i4-a1_03_22_2023_196.raw,2min_150_1200.EXP,001_RLN-NB-2443_007_I4,KAT78-2-I4-A1_KAT78-2-I4-A1_KAT78-2-I4-A1,0,0,0,0,0,0,0,0,0,0,0,0,0,0,0,deborylation_0,0,0,0,0,0,175.9909897,15.86704511,4.632127165,195,0.7334,0,0,0,0,0,0,0,0,0,0,49.34811745,4.424048573,1.29152942,309.1,1.5418,0,0,0,0,0,0,0,0,0,0,0,0,0,0,0,0,0,0,0,0,0,0,0,0,0,165.5351428,15.74207635,4.595644559,300.1,0.8701,0,0,0,0,0,0,0,0,0,0,0,0,0.000793699,99.21240058,0,0,0,0,0,0,0.000223056,27.88199405,0,0,0,0,0,0,0,0,0,0,0,0
I5,C[NH+]1C2=C(C3=C([Pd-2]1([P+](C4CCCCC4)(C5CCCCC5)C6CCCCC6)OS(C)(=O)=O)C=CC=C3)C=CC=C2,PCy Pd G4,0.10627216000000012 milligram,0.16000000000000003 micromole,0.10627216000000014 microliter,C32H48NO3PPdS,BrC1=CC=CN2C=CN=C12,"8-bromoimidazo[1,2-a]pyridine",0.15762800000000002 milligram,0.8 micromole,0.15762800000000005 microliter,C7H5BrN2,B1(OC(C(O1)(C)C)(C)C)C2=CC=C(C=C2)N,"4-(4,4,5,5-tetramethyl-1,3,2-dioxaborolan-2-yl)aniline",0.21032928 milligram,0.9600000000000001 micromole,0.21032928000000006 microliter,C12H18BNO2,O=C([O-])[O-].[Na+].[Na+],Na2CO3,0.635928 milligram,6.0 micromole,0.6359280000000002 microliter,CNa2O3,CN1C=NC2=C1C(=O)N(C(=O)N2C)C,caffeine,0.1553528 milligram,0.8 micromole,0.15535280000000004 microliter,C8H10N4O2,C1COCCO1,dioxane,32.445 milligram,368.2496084262139 micromole,31.5 microliter,C4H8O2,O,water,3.5 milligram,194.2825423258396 micromole,3.5 microliter,H2O,Nc1ccc(-c2cccn3ccnc23)cc1,suzuki_product_0,0.0 milligram,0.0 micromole,0 microliter,C13H11N3,c1ccn2ccnc2c1,dehalogenation_0,0.0 milligram,0.0 micromole,0 microliter,C7H6N2,Nc1ccccc1,deborylation_0,0.0 milligram,0.0 micromole,0 microliter,C6H7N,BrC1=CC=CN2C=CN=C12.B1(OC(C(O1)(C)C)(C)C)C2=CC=C(C=C2)N>>Nc1ccc(-c2cccn3ccnc23)cc1.c1ccn2ccnc2c1.Nc1ccccc1,001_RLN-NB-2443_007_I5,,,,,,,,,3/30/23 0:40,kat78-2-i5-a1_03_22_2023_197.raw,2min_150_1200.EXP,001_RLN-NB-2443_007_I5,KAT78-2-I5-A1_KAT78-2-I5-A1_KAT78-2-I5-A1,0,0,0,0,0,0,0,0,0,0,0,0,0,0,0,deborylation_0,0,0,0,0,0,166.1284994,25.88729861,4.366917241,195,0.7318,0,0,0,0,0,0,0,0,0,0,0,0,0,0,0,16.41387111,3.61844945,0.610394678,220,1.0918,0,0,0,0,0,0,0,0,0,0,0,0,0,0,0,0,0,0,0,0,32.48075107,5.615455705,0.947268802,210,0.6351,0,0,0,0,0,0,0,0,0,0,0,0,0.000173535,21.69193391,0,0,0,0,0,0,0,0,0.000111822,13.97770198,0,0,0,0,0,0,0,0,0,0
I6,C[NH+]1C2=C(C3=C([Pd-2]1([P+](C4CCCCC4)(C5CCCCC5)C6CCCCC6)OS(C)(=O)=O)C=CC=C3)C=CC=C2,PCy Pd G4,0.10627216000000012 milligram,0.16000000000000003 micromole,0.10627216000000014 microliter,C32H48NO3PPdS,BrC1=CC=CN2C=CN=C12,"8-bromoimidazo[1,2-a]pyridine",0.15762800000000002 milligram,0.8 micromole,0.15762800000000005 microliter,C7H5BrN2,B1(OC(C(O1)(C)C)(C)C)C2=CC=C(C=C2)N,"4-(4,4,5,5-tetramethyl-1,3,2-dioxaborolan-2-yl)aniline",0.21032928 milligram,0.9600000000000001 micromole,0.21032928000000006 microliter,C12H18BNO2,O=C([O-])[O-].[Na+].[Na+],Na2CO3,0.635928 milligram,6.0 micromole,0.6359280000000002 microliter,CNa2O3,CN1C=NC2=C1C(=O)N(C(=O)N2C)C,caffeine,0.1553528 milligram,0.8 micromole,0.15535280000000004 microliter,C8H10N4O2,C1COCCO1,dioxane,32.445 milligram,368.2496084262139 micromole,31.5 microliter,C4H8O2,O,water,3.5 milligram,194.2825423258396 micromole,3.5 microliter,H2O,Nc1ccc(-c2cccn3ccnc23)cc1,suzuki_product_0,0.0 milligram,0.0 micromole,0 microliter,C13H11N3,c1ccn2ccnc2c1,dehalogenation_0,0.0 milligram,0.0 micromole,0 microliter,C7H6N2,Nc1ccccc1,deborylation_0,0.0 milligram,0.0 micromole,0 microliter,C6H7N,BrC1=CC=CN2C=CN=C12.B1(OC(C(O1)(C)C)(C)C)C2=CC=C(C=C2)N>>Nc1ccc(-c2cccn3ccnc23)cc1.c1ccn2ccnc2c1.Nc1ccccc1,001_RLN-NB-2443_007_I6,,,,,,,,,3/30/23 0:43,kat78-2-i6-a1_03_22_2023_198.raw,2min_150_1200.EXP,001_RLN-NB-2443_007_I6,KAT78-2-I6-A1_KAT78-2-I6-A1_KAT78-2-I6-A1,0,0,0,0,0,0,0,0,0,0,0,0,0,0,0,deborylation_0,0,0,0,0,0,175.8649822,28.47144295,4.588453116,194.9,0.7334,0,0,0,0,0,0,0,0,0,0,0,0,0,0,0,0,0,0,0,0,0,0,0,0,0,0,0,0,0,0,0,0,0,0,0,0,0,0,0,0,24.34781598,4.432656112,0.714366138,209.9,0.6368,0,0,0,0,0,0,0,0,0,0,0,0,0.00012455,15.56877928,0,0,0,0,0,0,0,0,0,0,0,0,0,0,0,0,0,0,0,0
I7,C[NH+]1C2=C(C3=C([Pd-2]1([P+](C4CCCCC4)(C5CCCCC5)C6CCCCC6)OS(C)(=O)=O)C=CC=C3)C=CC=C2,PCy Pd G4,0.10627216000000012 milligram,0.16000000000000003 micromole,0.10627216000000014 microliter,C32H48NO3PPdS,CC1=CC(C=O)=C(C)N1C2=CC(Cl)=CC(Cl)=C2,"1-(3,5-dichlorophenyl)-2,5-dimethyl-1H-pyrrole-3-carbaldehyde",0.2145144 milligram,0.8 micromole,0.21451440000000005 microliter,C13H11Cl2NO,B1(OC(C(O1)(C)C)(C)C)C2=CN=C(C=C2)C,"2-methyl-5-(4,4,5,5-tetramethyl-1,3,2-dioxaborolan-2-yl)pyridine",0.21032928 milligram,0.9600000000000001 micromole,0.21032928000000006 microliter,C12H18BNO2,O=C([O-])[O-].[Na+].[Na+],Na2CO3,0.635928 milligram,6.0 micromole,0.6359280000000002 microliter,CNa2O3,CN1C=NC2=C1C(=O)N(C(=O)N2C)C,caffeine,0.1553528 milligram,0.8 micromole,0.15535280000000004 microliter,C8H10N4O2,C1COCCO1,dioxane,32.445 milligram,368.2496084262139 micromole,31.5 microliter,C4H8O2,O,water,3.5 milligram,194.2825423258396 micromole,3.5 microliter,H2O,Cc1ccc(-c2cc(Cl)cc(-n3c(C)cc(C=O)c3C)c2)cn1,suzuki_product_0,0.0 milligram,0.0 micromole,0 microliter,C19H17ClN2O,Cc1ccc(-c2cc(-c3ccc(C)nc3)cc(-n3c(C)cc(C=O)c3C)c2)cn1,bis_addition_1,0.0 milligram,0.0 micromole,0 microliter,C25H23N3O,Cc1cc(C=O)c(C)n1-c1cccc(Cl)c1,dehalogenation_0,0.0 milligram,0.0 micromole,0 microliter,C13H12ClNO,CC1=CC(C=O)=C(C)N1C2=CC(Cl)=CC(Cl)=C2.B1(OC(C(O1)(C)C)(C)C)C2=CN=C(C=C2)C>>Cc1ccc(-c2cc(Cl)cc(-n3c(C)cc(C=O)c3C)c2)cn1.Cc1ccc(-c2cc(-c3ccc(C)nc3)cc(-n3c(C)cc(C=O)c3C)c2)cn1.Cc1cc(C=O)c(C)n1-c1cccc(Cl)c1.Cc1ccccn1,001_RLN-NB-2443_007_I7,,,Cc1ccccn1,deborylation_0,0.0 milligram,0.0 micromole,0 microliter,C6H7N,3/30/23 0:45,kat78-2-i7-a1_03_22_2023_199.raw,2min_150_1200.EXP,001_RLN-NB-2443_007_I7,KAT78-2-I7-A1_KAT78-2-I7-A1_KAT78-2-I7-A1,0,0,0,0,0,0,0,0,0,0,0,0,0,0,0,bis_addition_1,0,0,0,0,0,177.7284149,38.74024826,4.52517422,194.9,0.7334,0,0,0,0,0,0,0,0,0,0,0,0,0,0,0,0,0,0,0,0,0,0,0,0,0,0,0,0,0,0,0,0,0,0,0,0,0,0,0,0,0,0,0,0,0,0,0,0,0,0,218.9402671,39.90146225,4.660813403,267.9,1.3268,0,0,0,0,0,0,0,0,0,0,0,0,0,0,0.000823979,102.9974356,0,0,0,0,0,0,0,0
I8,C[NH+]1C2=C(C3=C([Pd-2]1([P+](C4CCCCC4)(C5CCCCC5)C6CCCCC6)OS(C)(=O)=O)C=CC=C3)C=CC=C2,PCy Pd G4,0.10627216000000012 milligram,0.16000000000000003 micromole,0.10627216000000014 microliter,C32H48NO3PPdS,CC1=CC(C=O)=C(C)N1C2=CC(Cl)=CC(Cl)=C2,"1-(3,5-dichlorophenyl)-2,5-dimethyl-1H-pyrrole-3-carbaldehyde",0.2145144 milligram,0.8 micromole,0.21451440000000005 microliter,C13H11Cl2NO,B1(OC(C(O1)(C)C)(C)C)C2=CN(N=C2C)C,"1,3-dimethyl-4-(4,4,5,5-tetramethyl-1,3,2-dioxaborolan-2-yl)-1H-pyrazole",0.21321311999999998 milligram,0.9600000000000001 micromole,0.21321312000000003 microliter,C11H19BN2O2,O=C([O-])[O-].[Na+].[Na+],Na2CO3,0.635928 milligram,6.0 micromole,0.6359280000000002 microliter,CNa2O3,CN1C=NC2=C1C(=O)N(C(=O)N2C)C,caffeine,0.1553528 milligram,0.8 micromole,0.15535280000000004 microliter,C8H10N4O2,C1COCCO1,dioxane,32.445 milligram,368.2496084262139 micromole,31.5 microliter,C4H8O2,O,water,3.5 milligram,194.2825423258396 micromole,3.5 microliter,H2O,Cc1nn(C)cc1-c1cc(Cl)cc(-n2c(C)cc(C=O)c2C)c1,suzuki_product_0,0.0 milligram,0.0 micromole,0 microliter,C18H18ClN3O,Cc1nn(C)cc1-c1cc(-c2cn(C)nc2C)cc(-n2c(C)cc(C=O)c2C)c1,bis_addition_1,0.0 milligram,0.0 micromole,0 microliter,C23H25N5O,Cc1cc(C=O)c(C)n1-c1cccc(Cl)c1,dehalogenation_0,0.0 milligram,0.0 micromole,0 microliter,C13H12ClNO,CC1=CC(C=O)=C(C)N1C2=CC(Cl)=CC(Cl)=C2.B1(OC(C(O1)(C)C)(C)C)C2=CN(N=C2C)C>>Cc1nn(C)cc1-c1cc(Cl)cc(-n2c(C)cc(C=O)c2C)c1.Cc1nn(C)cc1-c1cc(-c2cn(C)nc2C)cc(-n2c(C)cc(C=O)c2C)c1.Cc1cc(C=O)c(C)n1-c1cccc(Cl)c1.Cc1ccn(C)n1,001_RLN-NB-2443_007_I8,,,Cc1ccn(C)n1,deborylation_0,0.0 milligram,0.0 micromole,0 microliter,C5H8N2,3/30/23 0:48,kat78-2-i8-a1_03_22_2023_200.raw,2min_150_1200.EXP,001_RLN-NB-2443_007_I8,KAT78-2-I8-A1_KAT78-2-I8-A1_KAT78-2-I8-A1,0,0,0,0,0,0,0,0,0,0,0,0,0,0,0,bis_addition_2,0,0,0,0,0,181.0774341,32.22135827,4.688882686,195,0.7334,0,0,0,0,0,0,0,0,0,0,0,0,0,0,0,0,0,0,0,0,0,0,0,0,0,0,0,0,0,0,0,0,0,0,0,0,0,0,0,0,10.89645532,1.541728969,0.224353865,278.1,1.2134,9.426450049,1.37056345,0.199445696,223,0.6984,187.2730384,25.50430963,3.711411383,267.8,1.3251,0,0,3.83E-05,4.784804401,0,0,0,0,3.40E-05,4.253586823,0,0,0,0,0.000633227,79.15342804,0,0,0,0,0,0,0,0
I9,C[NH+]1C2=C(C3=C([Pd-2]1([P+](C4CCCCC4)(C5CCCCC5)C6CCCCC6)OS(C)(=O)=O)C=CC=C3)C=CC=C2,PCy Pd G4,0.10627216000000012 milligram,0.16000000000000003 micromole,0.10627216000000014 microliter,C32H48NO3PPdS,CC1=CC(C=O)=C(C)N1C2=CC(Cl)=CC(Cl)=C2,"1-(3,5-dichlorophenyl)-2,5-dimethyl-1H-pyrrole-3-carbaldehyde",0.2145144 milligram,0.8 micromole,0.21451440000000005 microliter,C13H11Cl2NO,B1(OC(C(O1)(C)C)(C)C)C2=CCN(CC2)C(=O)OC(C)(C)C,"N-Boc-1,2,5,6-tetrahydropyridine-4-boronic acid pinacol ester",0.29684640000000007 milligram,0.9600000000000001 micromole,0.2968464000000001 microliter,C16H28BNO4,O=C([O-])[O-].[Na+].[Na+],Na2CO3,0.635928 milligram,6.0 micromole,0.6359280000000002 microliter,CNa2O3,CN1C=NC2=C1C(=O)N(C(=O)N2C)C,caffeine,0.1553528 milligram,0.8 micromole,0.15535280000000004 microliter,C8H10N4O2,C1COCCO1,dioxane,32.445 milligram,368.2496084262139 micromole,31.5 microliter,C4H8O2,O,water,3.5 milligram,194.2825423258396 micromole,3.5 microliter,H2O,Cc1cc(C=O)c(C)n1-c1cc(Cl)cc(C2=CCN(C(=O)OC(C)(C)C)CC2)c1,suzuki_product_0,0.0 milligram,0.0 micromole,0 microliter,C23H27ClN2O3,Cc1cc(C=O)c(C)n1-c1cc(C2=CCN(C(=O)OC(C)(C)C)CC2)cc(C2=CCN(C(=O)OC(C)(C)C)CC2)c1,bis_addition_2,0.0 milligram,0.0 micromole,0 microliter,C33H43N3O5,Cc1cc(C=O)c(C)n1-c1cccc(Cl)c1,dehalogenation_0,0.0 milligram,0.0 micromole,0 microliter,C13H12ClNO,CC1=CC(C=O)=C(C)N1C2=CC(Cl)=CC(Cl)=C2.B1(OC(C(O1)(C)C)(C)C)C2=CCN(CC2)C(=O)OC(C)(C)C>>Cc1cc(C=O)c(C)n1-c1cc(Cl)cc(C2=CCN(C(=O)OC(C)(C)C)CC2)c1.Cc1cc(C=O)c(C)n1-c1cc(C2=CCN(C(=O)OC(C)(C)C)CC2)cc(C2=CCN(C(=O)OC(C)(C)C)CC2)c1.Cc1cc(C=O)c(C)n1-c1cccc(Cl)c1.CC(C)(C)OC(=O)N1CC=CCC1,001_RLN-NB-2443_007_I9,,,CC(C)(C)OC(=O)N1CC=CCC1,deborylation_0,0.0 milligram,0.0 micromole,0 microliter,C10H17NO2,3/30/23 0:50,kat78-2-i9-a1_03_22_2023_201.raw,2min_150_1200.EXP,001_RLN-NB-2443_007_I9,KAT78-2-I9-A1_KAT78-2-I9-A1_KAT78-2-I9-A1,0,0,0,0,0,0,0,0,0,0,0,0,0,0,0,bis_addition_1,0,0,0,0,0,173.7785171,12.92515405,4.446723591,195,0.7334,151.8308186,8.967845836,3.085265481,267.8,1.3268,0,0,0,0,0,60.03552624,5.928161283,2.039503322,309,1.5468,0,0,0,0,0,0,0,0,0,0,0,0,0,0,0,0,0,0,0,0,0,0,0,0,0,259.9471902,13.88873603,4.778230874,415.1,1.4684,0,0,0,0,0,151.8308186,8.967845836,3.085265481,267.8,1.3268,0,0,0.000859641,107.4550909,0,0,0.000555063,69.38289322,0,0,0.000366922,45.86530465,0,0,0.000555063,69.38289322,0,0,0,0,0,0,0,0
I10,C[NH+]1C2=C(C3=C([Pd-2]1([P+](C4CCCCC4)(C5CCCCC5)C6CCCCC6)OS(C)(=O)=O)C=CC=C3)C=CC=C2,PCy Pd G4,0.10627216000000012 milligram,0.16000000000000003 micromole,0.10627216000000014 microliter,C32H48NO3PPdS,CC1=CC(C=O)=C(C)N1C2=CC(Cl)=CC(Cl)=C2,"1-(3,5-dichlorophenyl)-2,5-dimethyl-1H-pyrrole-3-carbaldehyde",0.2145144 milligram,0.8 micromole,0.21451440000000005 microliter,C13H11Cl2NO,B1(OC(C(O1)(C)C)(C)C)C2=CCN(CC2)C(=O)OC(C)(C)C,"N-Boc-1,2,5,6-tetrahydropyridine-4-boronic acid pinacol ester",0.29684640000000007 milligram,0.9600000000000001 micromole,0.2968464000000001 microliter,C16H28BNO4,O=C([O-])[O-].[Na+].[Na+],Na2CO3,0.635928 milligram,6.0 micromole,0.6359280000000002 microliter,CNa2O3,CN1C=NC2=C1C(=O)N(C(=O)N2C)C,caffeine,0.1553528 milligram,0.8 micromole,0.15535280000000004 microliter,C8H10N4O2,C1COCCO1,dioxane,32.445 milligram,368.2496084262139 micromole,31.5 microliter,C4H8O2,O,water,3.5 milligram,194.2825423258396 micromole,3.5 microliter,H2O,Cc1cc(C=O)c(C)n1-c1cc(Cl)cc(C2=CCN(C(=O)OC(C)(C)C)CC2)c1,suzuki_product_0,0.0 milligram,0.0 micromole,0 microliter,C23H27ClN2O3,Cc1cc(C=O)c(C)n1-c1cc(C2=CCN(C(=O)OC(C)(C)C)CC2)cc(C2=CCN(C(=O)OC(C)(C)C)CC2)c1,bis_addition_2,0.0 milligram,0.0 micromole,0 microliter,C33H43N3O5,Cc1cc(C=O)c(C)n1-c1cccc(Cl)c1,dehalogenation_0,0.0 milligram,0.0 micromole,0 microliter,C13H12ClNO,CC1=CC(C=O)=C(C)N1C2=CC(Cl)=CC(Cl)=C2.B1(OC(C(O1)(C)C)(C)C)C2=CCN(CC2)C(=O)OC(C)(C)C>>Cc1cc(C=O)c(C)n1-c1cc(Cl)cc(C2=CCN(C(=O)OC(C)(C)C)CC2)c1.Cc1cc(C=O)c(C)n1-c1cc(C2=CCN(C(=O)OC(C)(C)C)CC2)cc(C2=CCN(C(=O)OC(C)(C)C)CC2)c1.Cc1cc(C=O)c(C)n1-c1cccc(Cl)c1.CC(C)(C)OC(=O)N1CC=CCC1,001_RLN-NB-2443_007_I10,,,CC(C)(C)OC(=O)N1CC=CCC1,deborylation_0,0.0 milligram,0.0 micromole,0 microliter,C10H17NO2,3/30/23 0:52,kat78-2-i10-a1_03_22_2023_202.raw,2min_150_1200.EXP,001_RLN-NB-2443_007_I10,KAT78-2-I10-A1_KAT78-2-I10-A1_KAT78-2-I10-A1,0,0,0,0,0,0,0,0,0,0,0,0,0,0,0,bis_addition_1,0,0,0,0,0,187.4989575,12.72206666,4.782038069,195,0.7351,179.9255341,10.17424148,3.824347991,267.9,1.3268,0,0,0,0,0,62.56750417,5.725015504,2.151949272,309,1.5468,0,0,0,0,0,0,0,0,0,0,0,0,0,0,0,0,0,0,0,0,0,0,0,0,0,274.0287534,13.09723626,4.923058813,415.2,1.4701,0,0,0,0,0,179.9255341,10.17424148,3.824347991,267.9,1.3268,0,0,0.000823592,102.9489674,0,0,0.000639785,79.97318164,0,0,0.000360005,45.00067212,0,0,0.000639785,79.97318164,0,0,0,0,0,0,0,0
I11,C[NH+]1C2=C(C3=C([Pd-2]1([P+](C4CCCCC4)(C5CCCCC5)C6CCCCC6)OS(C)(=O)=O)C=CC=C3)C=CC=C2,PCy Pd G4,0.10627216000000012 milligram,0.16000000000000003 micromole,0.10627216000000014 microliter,C32H48NO3PPdS,CC1=CC(C=O)=C(C)N1C2=CC(Cl)=CC(Cl)=C2,"1-(3,5-dichlorophenyl)-2,5-dimethyl-1H-pyrrole-3-carbaldehyde",0.2145144 milligram,0.8 micromole,0.21451440000000005 microliter,C13H11Cl2NO,B1(OC(C(O1)(C)C)(C)C)C2=CC=C(C=C2)N,"4-(4,4,5,5-tetramethyl-1,3,2-dioxaborolan-2-yl)aniline",0.21032928 milligram,0.9600000000000001 micromole,0.21032928000000006 microliter,C12H18BNO2,O=C([O-])[O-].[Na+].[Na+],Na2CO3,0.635928 milligram,6.0 micromole,0.6359280000000002 microliter,CNa2O3,CN1C=NC2=C1C(=O)N(C(=O)N2C)C,caffeine,0.1553528 milligram,0.8 micromole,0.15535280000000004 microliter,C8H10N4O2,C1COCCO1,dioxane,32.445 milligram,368.2496084262139 micromole,31.5 microliter,C4H8O2,O,water,3.5 milligram,194.2825423258396 micromole,3.5 microliter,H2O,Cc1cc(C=O)c(C)n1-c1cc(Cl)cc(-c2ccc(N)cc2)c1,suzuki_product_0,0.0 milligram,0.0 micromole,0 microliter,C19H17ClN2O,Cc1cc(C=O)c(C)n1-c1cc(-c2ccc(N)cc2)cc(-c2ccc(N)cc2)c1,bis_addition_1,0.0 milligram,0.0 micromole,0 microliter,C25H23N3O,Cc1cc(C=O)c(C)n1-c1cccc(Cl)c1,dehalogenation_0,0.0 milligram,0.0 micromole,0 microliter,C13H12ClNO,CC1=CC(C=O)=C(C)N1C2=CC(Cl)=CC(Cl)=C2.B1(OC(C(O1)(C)C)(C)C)C2=CC=C(C=C2)N>>Cc1cc(C=O)c(C)n1-c1cc(Cl)cc(-c2ccc(N)cc2)c1.Cc1cc(C=O)c(C)n1-c1cc(-c2ccc(N)cc2)cc(-c2ccc(N)cc2)c1.Cc1cc(C=O)c(C)n1-c1cccc(Cl)c1.Nc1ccccc1,001_RLN-NB-2443_007_I11,,,Nc1ccccc1,deborylation_0,0.0 milligram,0.0 micromole,0 microliter,C6H7N,3/30/23 0:55,kat78-2-i11-a1_03_22_2023_203.raw,2min_150_1200.EXP,001_RLN-NB-2443_007_I11,KAT78-2-I11-A1_KAT78-2-I11-A1_KAT78-2-I11-A1,0,0,0,0,0,0,0,0,0,0,0,0,0,0,0,bis_addition_1,0,0,0,0,0,168.7552973,21.56388688,4.309080209,195,0.7318,0,0,0,0,0,0,0,0,0,0,0,0,0,0,0,0,0,0,0,0,0,0,0,0,0,0,0,0,0,0,0,0,0,0,0,0,0,0,0,0,73.35774747,9.84038318,1.966389484,324.9,1.2301,0,0,0,0,0,166.2743377,16.38887898,3.274965892,267.8,1.3251,0,0,0.000365069,45.63362455,0,0,0,0,0,0,0,0,0,0,0.000608012,76.00150691,0,0,0,0,0,0,0,0
I12,C[NH+]1C2=C(C3=C([Pd-2]1([P+](C4CCCCC4)(C5CCCCC5)C6CCCCC6)OS(C)(=O)=O)C=CC=C3)C=CC=C2,PCy Pd G4,0.10627216000000012 milligram,0.16000000000000003 micromole,0.10627216000000014 microliter,C32H48NO3PPdS,CC1=CC(C=O)=C(C)N1C2=CC(Cl)=CC(Cl)=C2,"1-(3,5-dichlorophenyl)-2,5-dimethyl-1H-pyrrole-3-carbaldehyde",0.2145144 milligram,0.8 micromole,0.21451440000000005 microliter,C13H11Cl2NO,B1(OC(C(O1)(C)C)(C)C)C2=CC=C(C=C2)N,"4-(4,4,5,5-tetramethyl-1,3,2-dioxaborolan-2-yl)aniline",0.21032928 milligram,0.9600000000000001 micromole,0.21032928000000006 microliter,C12H18BNO2,O=C([O-])[O-].[Na+].[Na+],Na2CO3,0.635928 milligram,6.0 micromole,0.6359280000000002 microliter,CNa2O3,CN1C=NC2=C1C(=O)N(C(=O)N2C)C,caffeine,0.1553528 milligram,0.8 micromole,0.15535280000000004 microliter,C8H10N4O2,C1COCCO1,dioxane,32.445 milligram,368.2496084262139 micromole,31.5 microliter,C4H8O2,O,water,3.5 milligram,194.2825423258396 micromole,3.5 microliter,H2O,Cc1cc(C=O)c(C)n1-c1cc(Cl)cc(-c2ccc(N)cc2)c1,suzuki_product_0,0.0 milligram,0.0 micromole,0 microliter,C19H17ClN2O,Cc1cc(C=O)c(C)n1-c1cc(-c2ccc(N)cc2)cc(-c2ccc(N)cc2)c1,bis_addition_1,0.0 milligram,0.0 micromole,0 microliter,C25H23N3O,Cc1cc(C=O)c(C)n1-c1cccc(Cl)c1,dehalogenation_0,0.0 milligram,0.0 micromole,0 microliter,C13H12ClNO,CC1=CC(C=O)=C(C)N1C2=CC(Cl)=CC(Cl)=C2.B1(OC(C(O1)(C)C)(C)C)C2=CC=C(C=C2)N>>Cc1cc(C=O)c(C)n1-c1cc(Cl)cc(-c2ccc(N)cc2)c1.Cc1cc(C=O)c(C)n1-c1cc(-c2ccc(N)cc2)cc(-c2ccc(N)cc2)c1.Cc1cc(C=O)c(C)n1-c1cccc(Cl)c1.Nc1ccccc1,001_RLN-NB-2443_007_I12,,,Nc1ccccc1,deborylation_0,0.0 milligram,0.0 micromole,0 microliter,C6H7N,3/30/23 0:57,kat78-2-i12-a1_03_22_2023_204.raw,2min_150_1200.EXP,001_RLN-NB-2443_007_I12,KAT78-2-I12-A1_KAT78-2-I12-A1_KAT78-2-I12-A1,0,0,0,0,0,0,0,0,0,0,0,0,0,0,0,bis_addition_1,0,0,0,0,0,174.1937135,18.43104628,4.432431568,194.9,0.7318,0,0,0,0,0,0,0,0,0,0,0,0,0,0,0,0,0,0,0,0,0,0,0,0,0,0,0,0,0,0,0,0,0,0,0,0,0,0,0,0,88.1469105,11.87593745,2.856011496,324.8,1.2301,0,0,0,0,0,182.3800648,17.00514328,4.089520082,267.8,1.3251,0,0,0.000515475,64.43441828,0,0,0,0,0,0,0,0,0,0,0.000738109,92.26358084,0,0,0,0,0,0,0,0
I13,C[NH+]1C2=C(C3=C([Pd-2]1([P+](C4CCCCC4)(C5CCCCC5)C6CCCCC6)OS(C)(=O)=O)C=CC=C3)C=CC=C2,PCy Pd G4,0.10627216000000012 milligram,0.16000000000000003 micromole,0.10627216000000014 microliter,C32H48NO3PPdS,COC1=C(N)C(Cl)=NC=N1,4-chloro-6-methoxypyrimidin-5-amine,0.12766080000000002 milligram,0.8 micromole,0.12766080000000005 microliter,C5H6ClN3O,B1(OC(C(O1)(C)C)(C)C)C2=CN=C(C=C2)C,"2-methyl-5-(4,4,5,5-tetramethyl-1,3,2-dioxaborolan-2-yl)pyridine",0.21032928 milligram,0.9600000000000001 micromole,0.21032928000000006 microliter,C12H18BNO2,O=C([O-])[O-].[Na+].[Na+],Na2CO3,0.635928 milligram,6.0 micromole,0.6359280000000002 microliter,CNa2O3,CN1C=NC2=C1C(=O)N(C(=O)N2C)C,caffeine,0.1553528 milligram,0.8 micromole,0.15535280000000004 microliter,C8H10N4O2,C1COCCO1,dioxane,32.445 milligram,368.2496084262139 micromole,31.5 microliter,C4H8O2,O,water,3.5 milligram,194.2825423258396 micromole,3.5 microliter,H2O,COc1ncnc(-c2ccc(C)nc2)c1N,suzuki_product_0,0.0 milligram,0.0 micromole,0 microliter,C11H12N4O,COc1ncncc1N,dehalogenation_0,0.0 milligram,0.0 micromole,0 microliter,C5H7N3O,Cc1ccccn1,deborylation_0,0.0 milligram,0.0 micromole,0 microliter,C6H7N,COC1=C(N)C(Cl)=NC=N1.B1(OC(C(O1)(C)C)(C)C)C2=CN=C(C=C2)C>>COc1ncnc(-c2ccc(C)nc2)c1N.COc1ncncc1N.Cc1ccccn1,001_RLN-NB-2443_007_I13,,,,,,,,,3/30/23 1:00,kat78-2-i13-a1_03_22_2023_205.raw,2min_150_1200.EXP,001_RLN-NB-2443_007_I13,KAT78-2-I13-A1_KAT78-2-I13-A1_KAT78-2-I13-A1,0,0,0,0,0,0,0,0,0,0,0,0,0,0,0,deborylation_0,0,0,0,0,0,172.1664733,60.07973635,4.486605685,194.9,0.7334,0,0,0,0,0,0,0,0,0,0,0,0,0,0,0,0,0,0,0,0,0,0,0,0,0,0,0,0,0,0,0,0,0,0,0,0,0,0,0,0,0,0,0,0,0,0,0,0,0,0,0,0,0,0,0,0,0,0,0,0,0,0,0,0,0,0,0,0,0,0,0,0,0,0,0,0,0,0,0
I14,C[NH+]1C2=C(C3=C([Pd-2]1([P+](C4CCCCC4)(C5CCCCC5)C6CCCCC6)OS(C)(=O)=O)C=CC=C3)C=CC=C2,PCy Pd G4,0.10627216000000012 milligram,0.16000000000000003 micromole,0.10627216000000014 microliter,C32H48NO3PPdS,COC1=C(N)C(Cl)=NC=N1,4-chloro-6-methoxypyrimidin-5-amine,0.12766080000000002 milligram,0.8 micromole,0.12766080000000005 microliter,C5H6ClN3O,B1(OC(C(O1)(C)C)(C)C)C2=CN(N=C2C)C,"1,3-dimethyl-4-(4,4,5,5-tetramethyl-1,3,2-dioxaborolan-2-yl)-1H-pyrazole",0.21321311999999998 milligram,0.9600000000000001 micromole,0.21321312000000003 microliter,C11H19BN2O2,O=C([O-])[O-].[Na+].[Na+],Na2CO3,0.635928 milligram,6.0 micromole,0.6359280000000002 microliter,CNa2O3,CN1C=NC2=C1C(=O)N(C(=O)N2C)C,caffeine,0.1553528 milligram,0.8 micromole,0.15535280000000004 microliter,C8H10N4O2,C1COCCO1,dioxane,32.445 milligram,368.2496084262139 micromole,31.5 microliter,C4H8O2,O,water,3.5 milligram,194.2825423258396 micromole,3.5 microliter,H2O,COc1ncnc(-c2cn(C)nc2C)c1N,suzuki_product_0,0.0 milligram,0.0 micromole,0 microliter,C10H13N5O,COc1ncncc1N,dehalogenation_0,0.0 milligram,0.0 micromole,0 microliter,C5H7N3O,Cc1ccn(C)n1,deborylation_0,0.0 milligram,0.0 micromole,0 microliter,C5H8N2,COC1=C(N)C(Cl)=NC=N1.B1(OC(C(O1)(C)C)(C)C)C2=CN(N=C2C)C>>COc1ncnc(-c2cn(C)nc2C)c1N.COc1ncncc1N.Cc1ccn(C)n1,001_RLN-NB-2443_007_I14,,,,,,,,,3/30/23 1:02,kat78-2-i14-a1_03_22_2023_206.raw,2min_150_1200.EXP,001_RLN-NB-2443_007_I14,KAT78-2-I14-A1_KAT78-2-I14-A1_KAT78-2-I14-A1,0,0,0,0,0,0,0,0,0,0,0,0,0,0,0,deborylation_0,0,0,0,0,0,183.6270055,93.46244922,4.716009686,194.9,0.7334,0,0,0,0,0,0,0,0,0,0,0,0,0,0,0,0,0,0,0,0,0,0,0,0,0,0,0,0,0,0,0,0,0,0,0,0,0,0,0,0,0,0,0,0,0,0,0,0,0,0,0,0,0,0,0,0,0,0,0,0,0,0,0,0,0,0,0,0,0,0,0,0,0,0,0,0,0,0,0
I15,C[NH+]1C2=C(C3=C([Pd-2]1([P+](C4CCCCC4)(C5CCCCC5)C6CCCCC6)OS(C)(=O)=O)C=CC=C3)C=CC=C2,PCy Pd G4,0.10627216000000012 milligram,0.16000000000000003 micromole,0.10627216000000014 microliter,C32H48NO3PPdS,COC1=C(N)C(Cl)=NC=N1,4-chloro-6-methoxypyrimidin-5-amine,0.12766080000000002 milligram,0.8 micromole,0.12766080000000005 microliter,C5H6ClN3O,B1(OC(C(O1)(C)C)(C)C)C2=CCN(CC2)C(=O)OC(C)(C)C,"N-Boc-1,2,5,6-tetrahydropyridine-4-boronic acid pinacol ester",0.29684640000000007 milligram,0.9600000000000001 micromole,0.2968464000000001 microliter,C16H28BNO4,O=C([O-])[O-].[Na+].[Na+],Na2CO3,0.635928 milligram,6.0 micromole,0.6359280000000002 microliter,CNa2O3,CN1C=NC2=C1C(=O)N(C(=O)N2C)C,caffeine,0.1553528 milligram,0.8 micromole,0.15535280000000004 microliter,C8H10N4O2,C1COCCO1,dioxane,32.445 milligram,368.2496084262139 micromole,31.5 microliter,C4H8O2,O,water,3.5 milligram,194.2825423258396 micromole,3.5 microliter,H2O,COc1ncnc(C2=CCN(C(=O)OC(C)(C)C)CC2)c1N,suzuki_product_0,0.0 milligram,0.0 micromole,0 microliter,C15H22N4O3,COc1ncncc1N,dehalogenation_0,0.0 milligram,0.0 micromole,0 microliter,C5H7N3O,CC(C)(C)OC(=O)N1CC=CCC1,deborylation_0,0.0 milligram,0.0 micromole,0 microliter,C10H17NO2,COC1=C(N)C(Cl)=NC=N1.B1(OC(C(O1)(C)C)(C)C)C2=CCN(CC2)C(=O)OC(C)(C)C>>COc1ncnc(C2=CCN(C(=O)OC(C)(C)C)CC2)c1N.COc1ncncc1N.CC(C)(C)OC(=O)N1CC=CCC1,001_RLN-NB-2443_007_I15,,,,,,,,,3/30/23 1:05,kat78-2-i15-a1_03_22_2023_207.raw,2min_150_1200.EXP,001_RLN-NB-2443_007_I15,KAT78-2-I15-A1_KAT78-2-I15-A1_KAT78-2-I15-A1,0,0,0,0,0,0,0,0,0,0,0,0,0,0,0,deborylation_0,0,0,0,0,0,180.1063508,17.75073842,4.722727442,194.9,0.7334,0,0,0,0,0,0,0,0,0,0,44.7367786,4.492943655,1.195383978,309,1.5401,0,0,0,0,0,0,0,0,0,0,0,0,0,0,0,0,0,0,0,0,0,0,0,0,0,144.7004546,13.69970515,3.644917296,306.9,0.9951,0,0,0,0,0,0,0,0,0,0,0,0,0.000617426,77.17822678,0,0,0,0,0,0,0.00020249,25.31130564,0,0,0,0,0,0,0,0,0,0,0,0
I16,C[NH+]1C2=C(C3=C([Pd-2]1([P+](C4CCCCC4)(C5CCCCC5)C6CCCCC6)OS(C)(=O)=O)C=CC=C3)C=CC=C2,PCy Pd G4,0.10627216000000012 milligram,0.16000000000000003 micromole,0.10627216000000014 microliter,C32H48NO3PPdS,COC1=C(N)C(Cl)=NC=N1,4-chloro-6-methoxypyrimidin-5-amine,0.12766080000000002 milligram,0.8 micromole,0.12766080000000005 microliter,C5H6ClN3O,B1(OC(C(O1)(C)C)(C)C)C2=CCN(CC2)C(=O)OC(C)(C)C,"N-Boc-1,2,5,6-tetrahydropyridine-4-boronic acid pinacol ester",0.29684640000000007 milligram,0.9600000000000001 micromole,0.2968464000000001 microliter,C16H28BNO4,O=C([O-])[O-].[Na+].[Na+],Na2CO3,0.635928 milligram,6.0 micromole,0.6359280000000002 microliter,CNa2O3,CN1C=NC2=C1C(=O)N(C(=O)N2C)C,caffeine,0.1553528 milligram,0.8 micromole,0.15535280000000004 microliter,C8H10N4O2,C1COCCO1,dioxane,32.445 milligram,368.2496084262139 micromole,31.5 microliter,C4H8O2,O,water,3.5 milligram,194.2825423258396 micromole,3.5 microliter,H2O,COc1ncnc(C2=CCN(C(=O)OC(C)(C)C)CC2)c1N,suzuki_product_0,0.0 milligram,0.0 micromole,0 microliter,C15H22N4O3,COc1ncncc1N,dehalogenation_0,0.0 milligram,0.0 micromole,0 microliter,C5H7N3O,CC(C)(C)OC(=O)N1CC=CCC1,deborylation_0,0.0 milligram,0.0 micromole,0 microliter,C10H17NO2,COC1=C(N)C(Cl)=NC=N1.B1(OC(C(O1)(C)C)(C)C)C2=CCN(CC2)C(=O)OC(C)(C)C>>COc1ncnc(C2=CCN(C(=O)OC(C)(C)C)CC2)c1N.COc1ncncc1N.CC(C)(C)OC(=O)N1CC=CCC1,001_RLN-NB-2443_007_I16,,,,,,,,,3/30/23 1:07,kat78-2-i16-a1_03_22_2023_208.raw,2min_150_1200.EXP,001_RLN-NB-2443_007_I16,KAT78-2-I16-A1_KAT78-2-I16-A1_KAT78-2-I16-A1,0,0,0,0,0,0,0,0,0,0,0,0,0,0,0,deborylation_0,0,0,0,0,0,186.6944127,17.03565927,4.710042681,195,0.7334,0,0,0,0,0,0,0,0,0,0,44.4868192,4.327673526,1.196521173,308.9,1.5368,0,0,0,0,0,0,0,0,0,0,0,0,0,0,0,0,0,0,0,0,0,0,0,0,0,140.5299215,12.7625121,3.52859703,306.9,0.9951,0,0,0,0,0,0,0,0,0,0,0,0,0.000599332,74.91645551,0,0,0,0,0,0,0.000203229,25.40361636,0,0,0,0,0,0,0,0,0,0,0,0
I17,C[NH+]1C2=C(C3=C([Pd-2]1([P+](C4CCCCC4)(C5CCCCC5)C6CCCCC6)OS(C)(=O)=O)C=CC=C3)C=CC=C2,PCy Pd G4,0.10627216000000012 milligram,0.16000000000000003 micromole,0.10627216000000014 microliter,C32H48NO3PPdS,COC1=C(N)C(Cl)=NC=N1,4-chloro-6-methoxypyrimidin-5-amine,0.12766080000000002 milligram,0.8 micromole,0.12766080000000005 microliter,C5H6ClN3O,B1(OC(C(O1)(C)C)(C)C)C2=CC=C(C=C2)N,"4-(4,4,5,5-tetramethyl-1,3,2-dioxaborolan-2-yl)aniline",0.21032928 milligram,0.9600000000000001 micromole,0.21032928000000006 microliter,C12H18BNO2,O=C([O-])[O-].[Na+].[Na+],Na2CO3,0.635928 milligram,6.0 micromole,0.6359280000000002 microliter,CNa2O3,CN1C=NC2=C1C(=O)N(C(=O)N2C)C,caffeine,0.1553528 milligram,0.8 micromole,0.15535280000000004 microliter,C8H10N4O2,C1COCCO1,dioxane,32.445 milligram,368.2496084262139 micromole,31.5 microliter,C4H8O2,O,water,3.5 milligram,194.2825423258396 micromole,3.5 microliter,H2O,COc1ncnc(-c2ccc(N)cc2)c1N,suzuki_product_0,0.0 milligram,0.0 micromole,0 microliter,C11H12N4O,COc1ncncc1N,dehalogenation_0,0.0 milligram,0.0 micromole,0 microliter,C5H7N3O,Nc1ccccc1,deborylation_0,0.0 milligram,0.0 micromole,0 microliter,C6H7N,COC1=C(N)C(Cl)=NC=N1.B1(OC(C(O1)(C)C)(C)C)C2=CC=C(C=C2)N>>COc1ncnc(-c2ccc(N)cc2)c1N.COc1ncncc1N.Nc1ccccc1,001_RLN-NB-2443_007_I17,,,,,,,,,3/30/23 1:10,kat78-2-i17-a1_03_22_2023_209.raw,2min_150_1200.EXP,001_RLN-NB-2443_007_I17,KAT78-2-I17-A1_KAT78-2-I17-A1_KAT78-2-I17-A1,0,0,0,0,0,0,0,0,0,0,0,0,0,0,0,deborylation_0,0,0,0,0,0,181.115727,33.2678596,4.520540166,194.9,0.7351,0,0,0,0,0,0,0,0,0,0,0,0,0,0,0,0,0,0,0,0,0,0,0,0,0,0,0,0,0,0,0,0,0,0,0,0,0,0,0,0,19.67913638,3.850460455,0.523212535,217,0.6568,0,0,0,0,0,0,0,0,0,0,0,0,9.26E-05,11.57411538,0,0,0,0,0,0,0,0,0,0,0,0,0,0,0,0,0,0,0,0
I18,C[NH+]1C2=C(C3=C([Pd-2]1([P+](C4CCCCC4)(C5CCCCC5)C6CCCCC6)OS(C)(=O)=O)C=CC=C3)C=CC=C2,PCy Pd G4,0.10627216000000012 milligram,0.16000000000000003 micromole,0.10627216000000014 microliter,C32H48NO3PPdS,COC1=C(N)C(Cl)=NC=N1,4-chloro-6-methoxypyrimidin-5-amine,0.12766080000000002 milligram,0.8 micromole,0.12766080000000005 microliter,C5H6ClN3O,B1(OC(C(O1)(C)C)(C)C)C2=CC=C(C=C2)N,"4-(4,4,5,5-tetramethyl-1,3,2-dioxaborolan-2-yl)aniline",0.21032928 milligram,0.9600000000000001 micromole,0.21032928000000006 microliter,C12H18BNO2,O=C([O-])[O-].[Na+].[Na+],Na2CO3,0.635928 milligram,6.0 micromole,0.6359280000000002 microliter,CNa2O3,CN1C=NC2=C1C(=O)N(C(=O)N2C)C,caffeine,0.1553528 milligram,0.8 micromole,0.15535280000000004 microliter,C8H10N4O2,C1COCCO1,dioxane,32.445 milligram,368.2496084262139 micromole,31.5 microliter,C4H8O2,O,water,3.5 milligram,194.2825423258396 micromole,3.5 microliter,H2O,COc1ncnc(-c2ccc(N)cc2)c1N,suzuki_product_0,0.0 milligram,0.0 micromole,0 microliter,C11H12N4O,COc1ncncc1N,dehalogenation_0,0.0 milligram,0.0 micromole,0 microliter,C5H7N3O,Nc1ccccc1,deborylation_0,0.0 milligram,0.0 micromole,0 microliter,C6H7N,COC1=C(N)C(Cl)=NC=N1.B1(OC(C(O1)(C)C)(C)C)C2=CC=C(C=C2)N>>COc1ncnc(-c2ccc(N)cc2)c1N.COc1ncncc1N.Nc1ccccc1,001_RLN-NB-2443_007_I18,,,,,,,,,3/30/23 1:12,kat78-2-i18-a1_03_22_2023_210.raw,2min_150_1200.EXP,001_RLN-NB-2443_007_I18,KAT78-2-I18-A1_KAT78-2-I18-A1_KAT78-2-I18-A1,0,0,0,0,0,0,0,0,0,0,0,0,0,0,0,deborylation_0,0,0,0,0,0,175.3747813,33.08719604,4.485377165,194.9,0.7334,0,0,0,0,0,0,0,0,0,0,0,0,0,0,0,0,0,0,0,0,0,0,0,0,0,0,0,0,0,0,0,0,0,0,0,0,0,0,0,0,25.79177619,5.015356266,0.679893347,216.9,0.6568,0,0,0,0,0,0,0,0,0,0,0,0,0.000121264,15.15799725,0,0,0,0,0,0,0,0,0,0,0,0,0,0,0,0,0,0,0,0
I19,C[NH+]1C2=C(C3=C([Pd-2]1([P+](C4CCCCC4)(C5CCCCC5)C6CCCCC6)OS(C)(=O)=O)C=CC=C3)C=CC=C2,PCy Pd G4,0.10627216000000012 milligram,0.16000000000000003 micromole,0.10627216000000014 microliter,C32H48NO3PPdS,CC1=C(N2CCCC2=O)C=CC(Br)=C1,1-(4-bromo-2-methylphenyl)pyrrolidin-2-one,0.20330160000000003 milligram,0.8 micromole,0.20330160000000008 microliter,C11H12BrNO,B1(OC(C(O1)(C)C)(C)C)C2=CN=C(C=C2)C,"2-methyl-5-(4,4,5,5-tetramethyl-1,3,2-dioxaborolan-2-yl)pyridine",0.21032928 milligram,0.9600000000000001 micromole,0.21032928000000006 microliter,C12H18BNO2,O=C([O-])[O-].[Na+].[Na+],Na2CO3,0.635928 milligram,6.0 micromole,0.6359280000000002 microliter,CNa2O3,CN1C=NC2=C1C(=O)N(C(=O)N2C)C,caffeine,0.1553528 milligram,0.8 micromole,0.15535280000000004 microliter,C8H10N4O2,C1COCCO1,dioxane,32.445 milligram,368.2496084262139 micromole,31.5 microliter,C4H8O2,O,water,3.5 milligram,194.2825423258396 micromole,3.5 microliter,H2O,Cc1ccc(-c2ccc(N3CCCC3=O)c(C)c2)cn1,suzuki_product_0,0.0 milligram,0.0 micromole,0 microliter,C17H18N2O,Cc1ccccc1N1CCCC1=O,dehalogenation_0,0.0 milligram,0.0 micromole,0 microliter,C11H13NO,Cc1ccccn1,deborylation_0,0.0 milligram,0.0 micromole,0 microliter,C6H7N,CC1=C(N2CCCC2=O)C=CC(Br)=C1.B1(OC(C(O1)(C)C)(C)C)C2=CN=C(C=C2)C>>Cc1ccc(-c2ccc(N3CCCC3=O)c(C)c2)cn1.Cc1ccccc1N1CCCC1=O.Cc1ccccn1,001_RLN-NB-2443_007_I19,,,,,,,,,3/30/23 1:15,kat78-2-i19-a1_03_22_2023_211.raw,2min_150_1200.EXP,001_RLN-NB-2443_007_I19,KAT78-2-I19-A1_KAT78-2-I19-A1_KAT78-2-I19-A1,0,0,0,0,0,0,0,0,0,0,0,0,0,0,0,deborylation_0,0,0,0,0,0,179.3466723,60.26036631,4.607959341,195,0.7318,0,0,0,0,0,15.70544515,3.082479436,0.235709485,167.5,0.1601,0,0,0,0,0,0,0,0,0,0,0,0,0,0,0,0,0,0,0,0,0,0,0,0,0,0,0,0,0,0,0,0,0,0,0,0,0,0,0,0,0,0,0,0,0,0,0,0,0,4.09E-05,5.115268334,0,0,0,0,0,0,0,0,0,0,0,0,0,0,0,0,0,0
I20,C[NH+]1C2=C(C3=C([Pd-2]1([P+](C4CCCCC4)(C5CCCCC5)C6CCCCC6)OS(C)(=O)=O)C=CC=C3)C=CC=C2,PCy Pd G4,0.10627216000000012 milligram,0.16000000000000003 micromole,0.10627216000000014 microliter,C32H48NO3PPdS,CC1=C(N2CCCC2=O)C=CC(Br)=C1,1-(4-bromo-2-methylphenyl)pyrrolidin-2-one,0.20330160000000003 milligram,0.8 micromole,0.20330160000000008 microliter,C11H12BrNO,B1(OC(C(O1)(C)C)(C)C)C2=CN(N=C2C)C,"1,3-dimethyl-4-(4,4,5,5-tetramethyl-1,3,2-dioxaborolan-2-yl)-1H-pyrazole",0.21321311999999998 milligram,0.9600000000000001 micromole,0.21321312000000003 microliter,C11H19BN2O2,O=C([O-])[O-].[Na+].[Na+],Na2CO3,0.635928 milligram,6.0 micromole,0.6359280000000002 microliter,CNa2O3,CN1C=NC2=C1C(=O)N(C(=O)N2C)C,caffeine,0.1553528 milligram,0.8 micromole,0.15535280000000004 microliter,C8H10N4O2,C1COCCO1,dioxane,32.445 milligram,368.2496084262139 micromole,31.5 microliter,C4H8O2,O,water,3.5 milligram,194.2825423258396 micromole,3.5 microliter,H2O,Cc1cc(-c2cn(C)nc2C)ccc1N1CCCC1=O,suzuki_product_0,0.0 milligram,0.0 micromole,0 microliter,C16H19N3O,Cc1ccccc1N1CCCC1=O,dehalogenation_0,0.0 milligram,0.0 micromole,0 microliter,C11H13NO,Cc1ccn(C)n1,deborylation_0,0.0 milligram,0.0 micromole,0 microliter,C5H8N2,CC1=C(N2CCCC2=O)C=CC(Br)=C1.B1(OC(C(O1)(C)C)(C)C)C2=CN(N=C2C)C>>Cc1cc(-c2cn(C)nc2C)ccc1N1CCCC1=O.Cc1ccccc1N1CCCC1=O.Cc1ccn(C)n1,001_RLN-NB-2443_007_I20,,,,,,,,,3/30/23 1:17,kat78-2-i20-a1_03_22_2023_212.raw,2min_150_1200.EXP,001_RLN-NB-2443_007_I20,KAT78-2-I20-A1_KAT78-2-I20-A1_KAT78-2-I20-A1,0,0,0,0,0,0,0,0,0,0,0,0,0,0,0,deborylation_0,0,0,0,0,0,161.6013882,39.85705442,4.21092328,194.9,0.7334,0,0,0,0,0,0,0,0,0,0,0,0,0,0,0,0,0,0,0,0,0,0,0,0,0,0,0,0,0,0,0,0,0,0,0,0,0,0,0,0,0,0,0,0,0,0,0,0,0,0,0,0,0,0,0,0,0,0,0,0,0,0,0,0,0,0,0,0,0,0,0,0,0,0,0,0,0,0,0
I21,C[NH+]1C2=C(C3=C([Pd-2]1([P+](C4CCCCC4)(C5CCCCC5)C6CCCCC6)OS(C)(=O)=O)C=CC=C3)C=CC=C2,PCy Pd G4,0.10627216000000012 milligram,0.16000000000000003 micromole,0.10627216000000014 microliter,C32H48NO3PPdS,CC1=C(N2CCCC2=O)C=CC(Br)=C1,1-(4-bromo-2-methylphenyl)pyrrolidin-2-one,0.20330160000000003 milligram,0.8 micromole,0.20330160000000008 microliter,C11H12BrNO,B1(OC(C(O1)(C)C)(C)C)C2=CCN(CC2)C(=O)OC(C)(C)C,"N-Boc-1,2,5,6-tetrahydropyridine-4-boronic acid pinacol ester",0.29684640000000007 milligram,0.9600000000000001 micromole,0.2968464000000001 microliter,C16H28BNO4,O=C([O-])[O-].[Na+].[Na+],Na2CO3,0.635928 milligram,6.0 micromole,0.6359280000000002 microliter,CNa2O3,CN1C=NC2=C1C(=O)N(C(=O)N2C)C,caffeine,0.1553528 milligram,0.8 micromole,0.15535280000000004 microliter,C8H10N4O2,C1COCCO1,dioxane,32.445 milligram,368.2496084262139 micromole,31.5 microliter,C4H8O2,O,water,3.5 milligram,194.2825423258396 micromole,3.5 microliter,H2O,Cc1cc(C2=CCN(C(=O)OC(C)(C)C)CC2)ccc1N1CCCC1=O,suzuki_product_0,0.0 milligram,0.0 micromole,0 microliter,C21H28N2O3,Cc1ccccc1N1CCCC1=O,dehalogenation_0,0.0 milligram,0.0 micromole,0 microliter,C11H13NO,CC(C)(C)OC(=O)N1CC=CCC1,deborylation_0,0.0 milligram,0.0 micromole,0 microliter,C10H17NO2,CC1=C(N2CCCC2=O)C=CC(Br)=C1.B1(OC(C(O1)(C)C)(C)C)C2=CCN(CC2)C(=O)OC(C)(C)C>>Cc1cc(C2=CCN(C(=O)OC(C)(C)C)CC2)ccc1N1CCCC1=O.Cc1ccccc1N1CCCC1=O.CC(C)(C)OC(=O)N1CC=CCC1,001_RLN-NB-2443_007_I21,,,,,,,,,3/30/23 1:19,kat78-2-i21-a1_03_22_2023_213.raw,2min_150_1200.EXP,001_RLN-NB-2443_007_I21,KAT78-2-I21-A1_KAT78-2-I21-A1_KAT78-2-I21-A1,0,0,0,0,0,0,0,0,0,0,0,0,0,0,0,deborylation_0,0,0,0,0,0,175.4531698,14.03244729,4.541247296,195,0.7318,334.2975229,28.31058067,9.162004695,357.1,1.3251,0,0,0,0,0,23.28547076,1.718947614,0.556293998,308.9,1.5401,0,0,0,0,0,0,0,0,0,0,0,0,0,0,0,0,0,0,0,0,29.43537658,1.8678389,0.604478904,255.7,1.1868,334.2975229,28.31058067,9.162004695,357.1,1.3251,0,0,0,0,0,0,0,0,0,0,0,0,0.001614007,201.7508428,0,0,0.001614007,201.7508428,0,0,9.80E-05,12.24980631,0,0,0,0,0,0,0,0,0,0,0.000106487,13.31085635
I22,C[NH+]1C2=C(C3=C([Pd-2]1([P+](C4CCCCC4)(C5CCCCC5)C6CCCCC6)OS(C)(=O)=O)C=CC=C3)C=CC=C2,PCy Pd G4,0.10627216000000012 milligram,0.16000000000000003 micromole,0.10627216000000014 microliter,C32H48NO3PPdS,CC1=C(N2CCCC2=O)C=CC(Br)=C1,1-(4-bromo-2-methylphenyl)pyrrolidin-2-one,0.20330160000000003 milligram,0.8 micromole,0.20330160000000008 microliter,C11H12BrNO,B1(OC(C(O1)(C)C)(C)C)C2=CCN(CC2)C(=O)OC(C)(C)C,"N-Boc-1,2,5,6-tetrahydropyridine-4-boronic acid pinacol ester",0.29684640000000007 milligram,0.9600000000000001 micromole,0.2968464000000001 microliter,C16H28BNO4,O=C([O-])[O-].[Na+].[Na+],Na2CO3,0.635928 milligram,6.0 micromole,0.6359280000000002 microliter,CNa2O3,CN1C=NC2=C1C(=O)N(C(=O)N2C)C,caffeine,0.1553528 milligram,0.8 micromole,0.15535280000000004 microliter,C8H10N4O2,C1COCCO1,dioxane,32.445 milligram,368.2496084262139 micromole,31.5 microliter,C4H8O2,O,water,3.5 milligram,194.2825423258396 micromole,3.5 microliter,H2O,Cc1cc(C2=CCN(C(=O)OC(C)(C)C)CC2)ccc1N1CCCC1=O,suzuki_product_0,0.0 milligram,0.0 micromole,0 microliter,C21H28N2O3,Cc1ccccc1N1CCCC1=O,dehalogenation_0,0.0 milligram,0.0 micromole,0 microliter,C11H13NO,CC(C)(C)OC(=O)N1CC=CCC1,deborylation_0,0.0 milligram,0.0 micromole,0 microliter,C10H17NO2,CC1=C(N2CCCC2=O)C=CC(Br)=C1.B1(OC(C(O1)(C)C)(C)C)C2=CCN(CC2)C(=O)OC(C)(C)C>>Cc1cc(C2=CCN(C(=O)OC(C)(C)C)CC2)ccc1N1CCCC1=O.Cc1ccccc1N1CCCC1=O.CC(C)(C)OC(=O)N1CC=CCC1,001_RLN-NB-2443_007_I22,,,,,,,,,3/30/23 1:22,kat78-2-i22-a1_03_22_2023_214.raw,2min_150_1200.EXP,001_RLN-NB-2443_007_I22,KAT78-2-I22-A1_KAT78-2-I22-A1_KAT78-2-I22-A1,0,0,0,0,0,0,0,0,0,0,0,0,0,0,0,deborylation_0,0,0,0,0,0,181.913393,14.42987109,4.606921304,195,0.7334,0,0,0,0,0,0,0,0,0,0,0,0,0,0,0,0,0,0,0,0,0,0,0,0,0,0,0,0,0,0,0,0,0,0,0,65.81177851,4.146014314,1.323668212,253.8,1.1868,344.8918176,29.10715021,9.292830792,357,1.3251,0,0,0,0,0,0,0,0,0,0,0,0,0.001613716,201.7145547,0,0,0,0,0,0,0,0,0,0,0,0,0,0,0,0,0,0,0.000229857,28.7321646
I23,C[NH+]1C2=C(C3=C([Pd-2]1([P+](C4CCCCC4)(C5CCCCC5)C6CCCCC6)OS(C)(=O)=O)C=CC=C3)C=CC=C2,PCy Pd G4,0.10627216000000012 milligram,0.16000000000000003 micromole,0.10627216000000014 microliter,C32H48NO3PPdS,CC1=C(N2CCCC2=O)C=CC(Br)=C1,1-(4-bromo-2-methylphenyl)pyrrolidin-2-one,0.20330160000000003 milligram,0.8 micromole,0.20330160000000008 microliter,C11H12BrNO,B1(OC(C(O1)(C)C)(C)C)C2=CC=C(C=C2)N,"4-(4,4,5,5-tetramethyl-1,3,2-dioxaborolan-2-yl)aniline",0.21032928 milligram,0.9600000000000001 micromole,0.21032928000000006 microliter,C12H18BNO2,O=C([O-])[O-].[Na+].[Na+],Na2CO3,0.635928 milligram,6.0 micromole,0.6359280000000002 microliter,CNa2O3,CN1C=NC2=C1C(=O)N(C(=O)N2C)C,caffeine,0.1553528 milligram,0.8 micromole,0.15535280000000004 microliter,C8H10N4O2,C1COCCO1,dioxane,32.445 milligram,368.2496084262139 micromole,31.5 microliter,C4H8O2,O,water,3.5 milligram,194.2825423258396 micromole,3.5 microliter,H2O,Cc1cc(-c2ccc(N)cc2)ccc1N1CCCC1=O,suzuki_product_0,0.0 milligram,0.0 micromole,0 microliter,C17H18N2O,Cc1ccccc1N1CCCC1=O,dehalogenation_0,0.0 milligram,0.0 micromole,0 microliter,C11H13NO,Nc1ccccc1,deborylation_0,0.0 milligram,0.0 micromole,0 microliter,C6H7N,CC1=C(N2CCCC2=O)C=CC(Br)=C1.B1(OC(C(O1)(C)C)(C)C)C2=CC=C(C=C2)N>>Cc1cc(-c2ccc(N)cc2)ccc1N1CCCC1=O.Cc1ccccc1N1CCCC1=O.Nc1ccccc1,001_RLN-NB-2443_007_I23,,,,,,,,,3/30/23 1:24,kat78-2-i23-a1_03_22_2023_215.raw,2min_150_1200.EXP,001_RLN-NB-2443_007_I23,KAT78-2-I23-A1_KAT78-2-I23-A1_KAT78-2-I23-A1,0,0,0,0,0,0,0,0,0,0,0,0,0,0,0,deborylation_0,0,0,0,0,0,177.9105712,24.66711823,4.467940609,195,0.7318,0,0,0,0,0,0,0,0,0,0,0,0,0,0,0,0,0,0,0,0,0,0,0,0,0,0,0,0,0,0,0,0,0,0,0,81.05498231,9.201427287,1.66664911,255.9,1.1868,77.60627034,10.57389612,1.915243582,267,0.8851,0,0,0,0,0,0,0,0,0,0,0,0,0.000342931,42.86636171,0,0,0,0,0,0,0,0,0,0,0,0,0,0,0,0,0,0,0.000298419,37.30240072
I24,C[NH+]1C2=C(C3=C([Pd-2]1([P+](C4CCCCC4)(C5CCCCC5)C6CCCCC6)OS(C)(=O)=O)C=CC=C3)C=CC=C2,PCy Pd G4,0.10627216000000012 milligram,0.16000000000000003 micromole,0.10627216000000014 microliter,C32H48NO3PPdS,CC1=C(N2CCCC2=O)C=CC(Br)=C1,1-(4-bromo-2-methylphenyl)pyrrolidin-2-one,0.20330160000000003 milligram,0.8 micromole,0.20330160000000008 microliter,C11H12BrNO,B1(OC(C(O1)(C)C)(C)C)C2=CC=C(C=C2)N,"4-(4,4,5,5-tetramethyl-1,3,2-dioxaborolan-2-yl)aniline",0.21032928 milligram,0.9600000000000001 micromole,0.21032928000000006 microliter,C12H18BNO2,O=C([O-])[O-].[Na+].[Na+],Na2CO3,0.635928 milligram,6.0 micromole,0.6359280000000002 microliter,CNa2O3,CN1C=NC2=C1C(=O)N(C(=O)N2C)C,caffeine,0.1553528 milligram,0.8 micromole,0.15535280000000004 microliter,C8H10N4O2,C1COCCO1,dioxane,32.445 milligram,368.2496084262139 micromole,31.5 microliter,C4H8O2,O,water,3.5 milligram,194.2825423258396 micromole,3.5 microliter,H2O,Cc1cc(-c2ccc(N)cc2)ccc1N1CCCC1=O,suzuki_product_0,0.0 milligram,0.0 micromole,0 microliter,C17H18N2O,Cc1ccccc1N1CCCC1=O,dehalogenation_0,0.0 milligram,0.0 micromole,0 microliter,C11H13NO,Nc1ccccc1,deborylation_0,0.0 milligram,0.0 micromole,0 microliter,C6H7N,CC1=C(N2CCCC2=O)C=CC(Br)=C1.B1(OC(C(O1)(C)C)(C)C)C2=CC=C(C=C2)N>>Cc1cc(-c2ccc(N)cc2)ccc1N1CCCC1=O.Cc1ccccc1N1CCCC1=O.Nc1ccccc1,001_RLN-NB-2443_007_I24,,,,,,,,,3/30/23 1:27,kat78-2-i24-a1_03_22_2023_216.raw,2min_150_1200.EXP,001_RLN-NB-2443_007_I24,KAT78-2-I24-A1_KAT78-2-I24-A1_KAT78-2-I24-A1,0,0,0,0,0,0,0,0,0,0,0,0,0,0,0,deborylation_0,0,0,0,0,0,186.3808124,24.27615431,4.799638311,195,0.7334,0,0,0,0,0,0,0,0,0,0,0,0,0,0,0,0,0,0,0,0,0,0,0,0,0,0,0,0,0,0,0,0,0,0,0,88.27530947,9.429449936,1.864296485,255.8,1.1884,75.53968277,9.532522368,1.884674935,266.9,0.8851,0,0,0,0,0,0,0,0,0,0,0,0,0.000314136,39.26702,0,0,0,0,0,0,0,0,0,0,0,0,0,0,0,0,0,0,0.000310739,38.84243696
J1,C[NH+]1C2=C(C3=C([Pd-2]1([P+](C4CCCCC4)(C5CCCCC5)C6CCCCC6)OS(C)(=O)=O)C=CC=C3)C=CC=C2,PCy Pd G4,0.10627216000000012 milligram,0.16000000000000003 micromole,0.10627216000000014 microliter,C32H48NO3PPdS,BrC1=CC=CN2C=CN=C12,"8-bromoimidazo[1,2-a]pyridine",0.15762800000000002 milligram,0.8 micromole,0.15762800000000005 microliter,C7H5BrN2,B1(OC(C(O1)(C)C)(C)C)C2=CN=C(C=C2)C,"2-methyl-5-(4,4,5,5-tetramethyl-1,3,2-dioxaborolan-2-yl)pyridine",0.21032928 milligram,0.9600000000000001 micromole,0.21032928000000006 microliter,C12H18BNO2,O=C([O-])[O-].[Na+].[Na+],Na2CO3,0.635928 milligram,6.0 micromole,0.6359280000000002 microliter,CNa2O3,CN1C=NC2=C1C(=O)N(C(=O)N2C)C,caffeine,0.1553528 milligram,0.8 micromole,0.15535280000000004 microliter,C8H10N4O2,C1COCCO1,dioxane,32.445 milligram,368.2496084262139 micromole,31.5 microliter,C4H8O2,O,water,3.5 milligram,194.2825423258396 micromole,3.5 microliter,H2O,Cc1ccc(-c2cccn3ccnc23)cn1,suzuki_product_0,0.0 milligram,0.0 micromole,0 microliter,C13H11N3,c1ccn2ccnc2c1,dehalogenation_0,0.0 milligram,0.0 micromole,0 microliter,C7H6N2,Cc1ccccn1,deborylation_0,0.0 milligram,0.0 micromole,0 microliter,C6H7N,BrC1=CC=CN2C=CN=C12.B1(OC(C(O1)(C)C)(C)C)C2=CN=C(C=C2)C>>Cc1ccc(-c2cccn3ccnc23)cn1.c1ccn2ccnc2c1.Cc1ccccn1,001_RLN-NB-2443_007_J1,,,,,,,,,3/30/23 1:29,kat78-2-j1-a1_03_22_2023_217.raw,2min_150_1200.EXP,001_RLN-NB-2443_007_J1,KAT78-2-J1-A1_KAT78-2-J1-A1_KAT78-2-J1-A1,0,0,0,0,0,0,0,0,0,0,0,0,0,0,0,deborylation_0,0,0,0,0,0,177.1958018,49.03109511,4.684831489,195,0.7334,0,0,0,0,0,0,0,0,0,0,0,0,0,0,0,0,0,0,0,0,0,0,0,0,0,0,0,0,0,0,0,0,0,0,0,0,0,0,0,0,0,0,0,0,0,0,0,0,0,0,0,0,0,0,0,0,0,0,0,0,0,0,0,0,0,0,0,0,0,0,0,0,0,0,0,0,0,0,0
J2,C[NH+]1C2=C(C3=C([Pd-2]1([P+](C4CCCCC4)(C5CCCCC5)C6CCCCC6)OS(C)(=O)=O)C=CC=C3)C=CC=C2,PCy Pd G4,0.10627216000000012 milligram,0.16000000000000003 micromole,0.10627216000000014 microliter,C32H48NO3PPdS,BrC1=CC=CN2C=CN=C12,"8-bromoimidazo[1,2-a]pyridine",0.15762800000000002 milligram,0.8 micromole,0.15762800000000005 microliter,C7H5BrN2,B1(OC(C(O1)(C)C)(C)C)C2=CN(N=C2C)C,"1,3-dimethyl-4-(4,4,5,5-tetramethyl-1,3,2-dioxaborolan-2-yl)-1H-pyrazole",0.21321311999999998 milligram,0.9600000000000001 micromole,0.21321312000000003 microliter,C11H19BN2O2,O=C([O-])[O-].[Na+].[Na+],Na2CO3,0.635928 milligram,6.0 micromole,0.6359280000000002 microliter,CNa2O3,CN1C=NC2=C1C(=O)N(C(=O)N2C)C,caffeine,0.1553528 milligram,0.8 micromole,0.15535280000000004 microliter,C8H10N4O2,C1COCCO1,dioxane,32.445 milligram,368.2496084262139 micromole,31.5 microliter,C4H8O2,O,water,3.5 milligram,194.2825423258396 micromole,3.5 microliter,H2O,Cc1nn(C)cc1-c1cccn2ccnc12,suzuki_product_0,0.0 milligram,0.0 micromole,0 microliter,C12H12N4,c1ccn2ccnc2c1,dehalogenation_0,0.0 milligram,0.0 micromole,0 microliter,C7H6N2,Cc1ccn(C)n1,deborylation_0,0.0 milligram,0.0 micromole,0 microliter,C5H8N2,BrC1=CC=CN2C=CN=C12.B1(OC(C(O1)(C)C)(C)C)C2=CN(N=C2C)C>>Cc1nn(C)cc1-c1cccn2ccnc12.c1ccn2ccnc2c1.Cc1ccn(C)n1,001_RLN-NB-2443_007_J2,,,,,,,,,3/30/23 1:32,kat78-2-j2-a1_03_22_2023_218.raw,2min_150_1200.EXP,001_RLN-NB-2443_007_J2,KAT78-2-J2-A1_KAT78-2-J2-A1_KAT78-2-J2-A1,0,0,0,0,0,0,0,0,0,0,0,0,0,0,0,deborylation_0,0,0,0,0,0,175.7951949,33.34691919,4.554655856,195,0.7334,0,0,0,0,0,0,0,0,0,0,0,0,0,0,0,0,0,0,0,0,0,0,0,0,0,0,0,0,0,0,0,0,0,0,0,0,0,0,0,0,0,0,0,0,0,0,0,0,0,0,0,0,0,0,0,0,0,0,0,0,0,0,0,0,0,0,0,0,0,0,0,0,0,0,0,0,0,0,0
J3,C[NH+]1C2=C(C3=C([Pd-2]1([P+](C4CCCCC4)(C5CCCCC5)C6CCCCC6)OS(C)(=O)=O)C=CC=C3)C=CC=C2,PCy Pd G4,0.10627216000000012 milligram,0.16000000000000003 micromole,0.10627216000000014 microliter,C32H48NO3PPdS,BrC1=CC=CN2C=CN=C12,"8-bromoimidazo[1,2-a]pyridine",0.15762800000000002 milligram,0.8 micromole,0.15762800000000005 microliter,C7H5BrN2,B1(OC(C(O1)(C)C)(C)C)C2=CCN(CC2)C(=O)OC(C)(C)C,"N-Boc-1,2,5,6-tetrahydropyridine-4-boronic acid pinacol ester",0.29684640000000007 milligram,0.9600000000000001 micromole,0.2968464000000001 microliter,C16H28BNO4,O=C([O-])[O-].[Na+].[Na+],Na2CO3,0.635928 milligram,6.0 micromole,0.6359280000000002 microliter,CNa2O3,CN1C=NC2=C1C(=O)N(C(=O)N2C)C,caffeine,0.1553528 milligram,0.8 micromole,0.15535280000000004 microliter,C8H10N4O2,C1COCCO1,dioxane,32.445 milligram,368.2496084262139 micromole,31.5 microliter,C4H8O2,O,water,3.5 milligram,194.2825423258396 micromole,3.5 microliter,H2O,CC(C)(C)OC(=O)N1CC=C(c2cccn3ccnc23)CC1,suzuki_product_0,0.0 milligram,0.0 micromole,0 microliter,C17H21N3O2,c1ccn2ccnc2c1,dehalogenation_0,0.0 milligram,0.0 micromole,0 microliter,C7H6N2,CC(C)(C)OC(=O)N1CC=CCC1,deborylation_0,0.0 milligram,0.0 micromole,0 microliter,C10H17NO2,BrC1=CC=CN2C=CN=C12.B1(OC(C(O1)(C)C)(C)C)C2=CCN(CC2)C(=O)OC(C)(C)C>>CC(C)(C)OC(=O)N1CC=C(c2cccn3ccnc23)CC1.c1ccn2ccnc2c1.CC(C)(C)OC(=O)N1CC=CCC1,001_RLN-NB-2443_007_J3,,,,,,,,,3/30/23 1:34,kat78-2-j3-a1_03_22_2023_219.raw,2min_150_1200.EXP,001_RLN-NB-2443_007_J3,KAT78-2-J3-A1_KAT78-2-J3-A1_KAT78-2-J3-A1,0,0,0,0,0,0,0,0,0,0,0,0,0,0,0,deborylation_0,0,0,0,0,0,190.9694537,17.47373596,4.819633137,194.9,0.7318,0,0,0,0,0,0,0,0,0,0,47.0263664,4.728321127,1.304172917,309,1.5384,0,0,0,0,0,0,0,0,0,0,0,0,0,0,0,0,0,0,0,0,0,0,0,0,0,152.1456124,14.98240942,4.132471563,299.9,0.8718,0,0,0,0,0,0,0,0,0,0,0,0,0.00068594,85.74245062,0,0,0,0,0,0,0.000216477,27.05958897,0,0,0,0,0,0,0,0,0,0,0,0
J4,C[NH+]1C2=C(C3=C([Pd-2]1([P+](C4CCCCC4)(C5CCCCC5)C6CCCCC6)OS(C)(=O)=O)C=CC=C3)C=CC=C2,PCy Pd G4,0.10627216000000012 milligram,0.16000000000000003 micromole,0.10627216000000014 microliter,C32H48NO3PPdS,BrC1=CC=CN2C=CN=C12,"8-bromoimidazo[1,2-a]pyridine",0.15762800000000002 milligram,0.8 micromole,0.15762800000000005 microliter,C7H5BrN2,B1(OC(C(O1)(C)C)(C)C)C2=CCN(CC2)C(=O)OC(C)(C)C,"N-Boc-1,2,5,6-tetrahydropyridine-4-boronic acid pinacol ester",0.29684640000000007 milligram,0.9600000000000001 micromole,0.2968464000000001 microliter,C16H28BNO4,O=C([O-])[O-].[Na+].[Na+],Na2CO3,0.635928 milligram,6.0 micromole,0.6359280000000002 microliter,CNa2O3,CN1C=NC2=C1C(=O)N(C(=O)N2C)C,caffeine,0.1553528 milligram,0.8 micromole,0.15535280000000004 microliter,C8H10N4O2,C1COCCO1,dioxane,32.445 milligram,368.2496084262139 micromole,31.5 microliter,C4H8O2,O,water,3.5 milligram,194.2825423258396 micromole,3.5 microliter,H2O,CC(C)(C)OC(=O)N1CC=C(c2cccn3ccnc23)CC1,suzuki_product_0,0.0 milligram,0.0 micromole,0 microliter,C17H21N3O2,c1ccn2ccnc2c1,dehalogenation_0,0.0 milligram,0.0 micromole,0 microliter,C7H6N2,CC(C)(C)OC(=O)N1CC=CCC1,deborylation_0,0.0 milligram,0.0 micromole,0 microliter,C10H17NO2,BrC1=CC=CN2C=CN=C12.B1(OC(C(O1)(C)C)(C)C)C2=CCN(CC2)C(=O)OC(C)(C)C>>CC(C)(C)OC(=O)N1CC=C(c2cccn3ccnc23)CC1.c1ccn2ccnc2c1.CC(C)(C)OC(=O)N1CC=CCC1,001_RLN-NB-2443_007_J4,,,,,,,,,3/30/23 1:37,kat78-2-j4-a1_03_22_2023_220.raw,2min_150_1200.EXP,001_RLN-NB-2443_007_J4,KAT78-2-J4-A1_KAT78-2-J4-A1_KAT78-2-J4-A1,0,0,0,0,0,0,0,0,0,0,0,0,0,0,0,deborylation_0,0,0,0,0,0,193.931808,17.70702216,4.787243825,194.9,0.7334,0,0,0,0,0,0,0,0,0,0,48.05782999,4.793923984,1.296078064,309.1,1.5418,0,0,0,0,0,0,0,0,0,0,0,0,0,0,0,0,0,0,0,0,0,0,0,0,0,139.4478565,14.73152005,3.982791561,300,0.8701,0,0,0,0,0,0,0,0,0,0,0,0,0.000665567,83.19592037,0,0,0,0,0,0,0.000216589,27.07357534,0,0,0,0,0,0,0,0,0,0,0,0
J5,C[NH+]1C2=C(C3=C([Pd-2]1([P+](C4CCCCC4)(C5CCCCC5)C6CCCCC6)OS(C)(=O)=O)C=CC=C3)C=CC=C2,PCy Pd G4,0.10627216000000012 milligram,0.16000000000000003 micromole,0.10627216000000014 microliter,C32H48NO3PPdS,BrC1=CC=CN2C=CN=C12,"8-bromoimidazo[1,2-a]pyridine",0.15762800000000002 milligram,0.8 micromole,0.15762800000000005 microliter,C7H5BrN2,B1(OC(C(O1)(C)C)(C)C)C2=CC=C(C=C2)N,"4-(4,4,5,5-tetramethyl-1,3,2-dioxaborolan-2-yl)aniline",0.21032928 milligram,0.9600000000000001 micromole,0.21032928000000006 microliter,C12H18BNO2,O=C([O-])[O-].[Na+].[Na+],Na2CO3,0.635928 milligram,6.0 micromole,0.6359280000000002 microliter,CNa2O3,CN1C=NC2=C1C(=O)N(C(=O)N2C)C,caffeine,0.1553528 milligram,0.8 micromole,0.15535280000000004 microliter,C8H10N4O2,C1COCCO1,dioxane,32.445 milligram,368.2496084262139 micromole,31.5 microliter,C4H8O2,O,water,3.5 milligram,194.2825423258396 micromole,3.5 microliter,H2O,Nc1ccc(-c2cccn3ccnc23)cc1,suzuki_product_0,0.0 milligram,0.0 micromole,0 microliter,C13H11N3,c1ccn2ccnc2c1,dehalogenation_0,0.0 milligram,0.0 micromole,0 microliter,C7H6N2,Nc1ccccc1,deborylation_0,0.0 milligram,0.0 micromole,0 microliter,C6H7N,BrC1=CC=CN2C=CN=C12.B1(OC(C(O1)(C)C)(C)C)C2=CC=C(C=C2)N>>Nc1ccc(-c2cccn3ccnc23)cc1.c1ccn2ccnc2c1.Nc1ccccc1,001_RLN-NB-2443_007_J5,,,,,,,,,3/30/23 1:39,kat78-2-j5-a1_03_22_2023_221.raw,2min_150_1200.EXP,001_RLN-NB-2443_007_J5,KAT78-2-J5-A1_KAT78-2-J5-A1_KAT78-2-J5-A1,0,0,0,0,0,0,0,0,0,0,0,0,0,0,0,deborylation_0,0,0,0,0,0,171.3342642,26.89619959,4.508681937,195,0.7334,0,0,0,0,0,0,0,0,0,0,0,0,0,0,0,14.99260646,2.845487042,0.47699661,220,1.0951,0,0,0,0,0,0,0,0,0,0,0,0,0,0,0,0,0,0,0,0,34.74202368,5.416907743,0.908050746,210.1,0.6368,0,0,0,0,0,0,0,0,0,0,0,0,0.00016112,20.14004888,0,0,0,0,0,0,0,0,8.46E-05,10.57951341,0,0,0,0,0,0,0,0,0,0
J6,C[NH+]1C2=C(C3=C([Pd-2]1([P+](C4CCCCC4)(C5CCCCC5)C6CCCCC6)OS(C)(=O)=O)C=CC=C3)C=CC=C2,PCy Pd G4,0.10627216000000012 milligram,0.16000000000000003 micromole,0.10627216000000014 microliter,C32H48NO3PPdS,BrC1=CC=CN2C=CN=C12,"8-bromoimidazo[1,2-a]pyridine",0.15762800000000002 milligram,0.8 micromole,0.15762800000000005 microliter,C7H5BrN2,B1(OC(C(O1)(C)C)(C)C)C2=CC=C(C=C2)N,"4-(4,4,5,5-tetramethyl-1,3,2-dioxaborolan-2-yl)aniline",0.21032928 milligram,0.9600000000000001 micromole,0.21032928000000006 microliter,C12H18BNO2,O=C([O-])[O-].[Na+].[Na+],Na2CO3,0.635928 milligram,6.0 micromole,0.6359280000000002 microliter,CNa2O3,CN1C=NC2=C1C(=O)N(C(=O)N2C)C,caffeine,0.1553528 milligram,0.8 micromole,0.15535280000000004 microliter,C8H10N4O2,C1COCCO1,dioxane,32.445 milligram,368.2496084262139 micromole,31.5 microliter,C4H8O2,O,water,3.5 milligram,194.2825423258396 micromole,3.5 microliter,H2O,Nc1ccc(-c2cccn3ccnc23)cc1,suzuki_product_0,0.0 milligram,0.0 micromole,0 microliter,C13H11N3,c1ccn2ccnc2c1,dehalogenation_0,0.0 milligram,0.0 micromole,0 microliter,C7H6N2,Nc1ccccc1,deborylation_0,0.0 milligram,0.0 micromole,0 microliter,C6H7N,BrC1=CC=CN2C=CN=C12.B1(OC(C(O1)(C)C)(C)C)C2=CC=C(C=C2)N>>Nc1ccc(-c2cccn3ccnc23)cc1.c1ccn2ccnc2c1.Nc1ccccc1,001_RLN-NB-2443_007_J6,,,,,,,,,3/30/23 1:41,kat78-2-j6-a1_03_22_2023_222.raw,2min_150_1200.EXP,001_RLN-NB-2443_007_J6,KAT78-2-J6-A1_KAT78-2-J6-A1_KAT78-2-J6-A1,0,0,0,0,0,0,0,0,0,0,0,0,0,0,0,deborylation_0,0,0,0,0,0,184.994856,89.56920165,4.593414518,195,0.7334,0,0,0,0,0,0,0,0,0,0,0,0,0,0,0,0,0,0,0,0,0,0,0,0,0,0,0,0,0,0,0,0,0,0,0,0,0,0,0,0,0,0,0,0,0,0,0,0,0,0,0,0,0,0,0,0,0,0,0,0,0,0,0,0,0,0,0,0,0,0,0,0,0,0,0,0,0,0,0
J7,C[NH+]1C2=C(C3=C([Pd-2]1([P+](C4CCCCC4)(C5CCCCC5)C6CCCCC6)OS(C)(=O)=O)C=CC=C3)C=CC=C2,PCy Pd G4,0.10627216000000012 milligram,0.16000000000000003 micromole,0.10627216000000014 microliter,C32H48NO3PPdS,CC1=CC(C=O)=C(C)N1C2=CC(Cl)=CC(Cl)=C2,"1-(3,5-dichlorophenyl)-2,5-dimethyl-1H-pyrrole-3-carbaldehyde",0.2145144 milligram,0.8 micromole,0.21451440000000005 microliter,C13H11Cl2NO,B1(OC(C(O1)(C)C)(C)C)C2=CN=C(C=C2)C,"2-methyl-5-(4,4,5,5-tetramethyl-1,3,2-dioxaborolan-2-yl)pyridine",0.21032928 milligram,0.9600000000000001 micromole,0.21032928000000006 microliter,C12H18BNO2,O=C([O-])[O-].[Na+].[Na+],Na2CO3,0.635928 milligram,6.0 micromole,0.6359280000000002 microliter,CNa2O3,CN1C=NC2=C1C(=O)N(C(=O)N2C)C,caffeine,0.1553528 milligram,0.8 micromole,0.15535280000000004 microliter,C8H10N4O2,C1COCCO1,dioxane,32.445 milligram,368.2496084262139 micromole,31.5 microliter,C4H8O2,O,water,3.5 milligram,194.2825423258396 micromole,3.5 microliter,H2O,Cc1ccc(-c2cc(Cl)cc(-n3c(C)cc(C=O)c3C)c2)cn1,suzuki_product_0,0.0 milligram,0.0 micromole,0 microliter,C19H17ClN2O,Cc1ccc(-c2cc(-c3ccc(C)nc3)cc(-n3c(C)cc(C=O)c3C)c2)cn1,bis_addition_1,0.0 milligram,0.0 micromole,0 microliter,C25H23N3O,Cc1cc(C=O)c(C)n1-c1cccc(Cl)c1,dehalogenation_0,0.0 milligram,0.0 micromole,0 microliter,C13H12ClNO,CC1=CC(C=O)=C(C)N1C2=CC(Cl)=CC(Cl)=C2.B1(OC(C(O1)(C)C)(C)C)C2=CN=C(C=C2)C>>Cc1ccc(-c2cc(Cl)cc(-n3c(C)cc(C=O)c3C)c2)cn1.Cc1ccc(-c2cc(-c3ccc(C)nc3)cc(-n3c(C)cc(C=O)c3C)c2)cn1.Cc1cc(C=O)c(C)n1-c1cccc(Cl)c1.Cc1ccccn1,001_RLN-NB-2443_007_J7,,,Cc1ccccn1,deborylation_0,0.0 milligram,0.0 micromole,0 microliter,C6H7N,3/30/23 1:44,kat78-2-j7-a1_03_22_2023_223.raw,2min_150_1200.EXP,001_RLN-NB-2443_007_J7,KAT78-2-J7-A1_KAT78-2-J7-A1_KAT78-2-J7-A1,0,0,0,0,0,0,0,0,0,0,0,0,0,0,0,bis_addition_1,0,0,0,0,0,175.47653,40.21902875,4.423500308,195,0.7318,0,0,0,0,0,0,0,0,0,0,0,0,0,0,0,0,0,0,0,0,0,0,0,0,0,0,0,0,0,0,0,0,0,0,0,0,0,0,0,0,0,0,0,0,0,0,0,0,0,0,198.2752076,36.9684108,4.065980249,267.9,1.3234,0,0,0,0,0,0,0,0,0,0,0,0,0,0,0.000735342,91.91771146,0,0,0,0,0,0,0,0
J8,C[NH+]1C2=C(C3=C([Pd-2]1([P+](C4CCCCC4)(C5CCCCC5)C6CCCCC6)OS(C)(=O)=O)C=CC=C3)C=CC=C2,PCy Pd G4,0.10627216000000012 milligram,0.16000000000000003 micromole,0.10627216000000014 microliter,C32H48NO3PPdS,CC1=CC(C=O)=C(C)N1C2=CC(Cl)=CC(Cl)=C2,"1-(3,5-dichlorophenyl)-2,5-dimethyl-1H-pyrrole-3-carbaldehyde",0.2145144 milligram,0.8 micromole,0.21451440000000005 microliter,C13H11Cl2NO,B1(OC(C(O1)(C)C)(C)C)C2=CN(N=C2C)C,"1,3-dimethyl-4-(4,4,5,5-tetramethyl-1,3,2-dioxaborolan-2-yl)-1H-pyrazole",0.21321311999999998 milligram,0.9600000000000001 micromole,0.21321312000000003 microliter,C11H19BN2O2,O=C([O-])[O-].[Na+].[Na+],Na2CO3,0.635928 milligram,6.0 micromole,0.6359280000000002 microliter,CNa2O3,CN1C=NC2=C1C(=O)N(C(=O)N2C)C,caffeine,0.1553528 milligram,0.8 micromole,0.15535280000000004 microliter,C8H10N4O2,C1COCCO1,dioxane,32.445 milligram,368.2496084262139 micromole,31.5 microliter,C4H8O2,O,water,3.5 milligram,194.2825423258396 micromole,3.5 microliter,H2O,Cc1nn(C)cc1-c1cc(Cl)cc(-n2c(C)cc(C=O)c2C)c1,suzuki_product_0,0.0 milligram,0.0 micromole,0 microliter,C18H18ClN3O,Cc1nn(C)cc1-c1cc(-c2cn(C)nc2C)cc(-n2c(C)cc(C=O)c2C)c1,bis_addition_1,0.0 milligram,0.0 micromole,0 microliter,C23H25N5O,Cc1cc(C=O)c(C)n1-c1cccc(Cl)c1,dehalogenation_0,0.0 milligram,0.0 micromole,0 microliter,C13H12ClNO,CC1=CC(C=O)=C(C)N1C2=CC(Cl)=CC(Cl)=C2.B1(OC(C(O1)(C)C)(C)C)C2=CN(N=C2C)C>>Cc1nn(C)cc1-c1cc(Cl)cc(-n2c(C)cc(C=O)c2C)c1.Cc1nn(C)cc1-c1cc(-c2cn(C)nc2C)cc(-n2c(C)cc(C=O)c2C)c1.Cc1cc(C=O)c(C)n1-c1cccc(Cl)c1.Cc1ccn(C)n1,001_RLN-NB-2443_007_J8,,,Cc1ccn(C)n1,deborylation_0,0.0 milligram,0.0 micromole,0 microliter,C5H8N2,3/30/23 1:46,kat78-2-j8-a1_03_22_2023_224.raw,2min_150_1200.EXP,001_RLN-NB-2443_007_J8,KAT78-2-J8-A1_KAT78-2-J8-A1_KAT78-2-J8-A1,0,0,0,0,0,0,0,0,0,0,0,0,0,0,0,bis_addition_2,0,0,0,0,0,194.8266861,29.31683843,5.098897517,195,0.7334,0,0,0,0,0,0,0,0,0,0,0,0,0,0,0,0,0,0,0,0,0,0,0,0,0,0,0,0,0,0,0,0,0,0,0,0,0,0,0,0,32.87728364,4.292814139,0.746622778,328.1,1.2118,8.386330689,1.059274294,0.184233067,223.2,0.6984,189.1838676,21.85956461,3.801899716,267.9,1.3251,0,0,0.000117143,14.6428277,0,0,0,0,2.89E-05,3.613194158,0,0,0,0,0.000596505,74.56317181,0,0,0,0,0,0,0,0
J9,C[NH+]1C2=C(C3=C([Pd-2]1([P+](C4CCCCC4)(C5CCCCC5)C6CCCCC6)OS(C)(=O)=O)C=CC=C3)C=CC=C2,PCy Pd G4,0.10627216000000012 milligram,0.16000000000000003 micromole,0.10627216000000014 microliter,C32H48NO3PPdS,CC1=CC(C=O)=C(C)N1C2=CC(Cl)=CC(Cl)=C2,"1-(3,5-dichlorophenyl)-2,5-dimethyl-1H-pyrrole-3-carbaldehyde",0.2145144 milligram,0.8 micromole,0.21451440000000005 microliter,C13H11Cl2NO,B1(OC(C(O1)(C)C)(C)C)C2=CCN(CC2)C(=O)OC(C)(C)C,"N-Boc-1,2,5,6-tetrahydropyridine-4-boronic acid pinacol ester",0.29684640000000007 milligram,0.9600000000000001 micromole,0.2968464000000001 microliter,C16H28BNO4,O=C([O-])[O-].[Na+].[Na+],Na2CO3,0.635928 milligram,6.0 micromole,0.6359280000000002 microliter,CNa2O3,CN1C=NC2=C1C(=O)N(C(=O)N2C)C,caffeine,0.1553528 milligram,0.8 micromole,0.15535280000000004 microliter,C8H10N4O2,C1COCCO1,dioxane,32.445 milligram,368.2496084262139 micromole,31.5 microliter,C4H8O2,O,water,3.5 milligram,194.2825423258396 micromole,3.5 microliter,H2O,Cc1cc(C=O)c(C)n1-c1cc(Cl)cc(C2=CCN(C(=O)OC(C)(C)C)CC2)c1,suzuki_product_0,0.0 milligram,0.0 micromole,0 microliter,C23H27ClN2O3,Cc1cc(C=O)c(C)n1-c1cc(C2=CCN(C(=O)OC(C)(C)C)CC2)cc(C2=CCN(C(=O)OC(C)(C)C)CC2)c1,bis_addition_2,0.0 milligram,0.0 micromole,0 microliter,C33H43N3O5,Cc1cc(C=O)c(C)n1-c1cccc(Cl)c1,dehalogenation_0,0.0 milligram,0.0 micromole,0 microliter,C13H12ClNO,CC1=CC(C=O)=C(C)N1C2=CC(Cl)=CC(Cl)=C2.B1(OC(C(O1)(C)C)(C)C)C2=CCN(CC2)C(=O)OC(C)(C)C>>Cc1cc(C=O)c(C)n1-c1cc(Cl)cc(C2=CCN(C(=O)OC(C)(C)C)CC2)c1.Cc1cc(C=O)c(C)n1-c1cc(C2=CCN(C(=O)OC(C)(C)C)CC2)cc(C2=CCN(C(=O)OC(C)(C)C)CC2)c1.Cc1cc(C=O)c(C)n1-c1cccc(Cl)c1.CC(C)(C)OC(=O)N1CC=CCC1,001_RLN-NB-2443_007_J9,,,CC(C)(C)OC(=O)N1CC=CCC1,deborylation_0,0.0 milligram,0.0 micromole,0 microliter,C10H17NO2,3/30/23 1:49,kat78-2-j9-a1_03_22_2023_225.raw,2min_150_1200.EXP,001_RLN-NB-2443_007_J9,KAT78-2-J9-A1_KAT78-2-J9-A1_KAT78-2-J9-A1,0,0,0,0,0,0,0,0,0,0,0,0,0,0,0,bis_addition_1,0,0,0,0,0,174.7162237,13.83216878,4.46103574,195,0.7351,134.4910648,8.594648518,2.771874376,267.8,1.3268,0,0,0,0,0,58.41672902,5.744132809,1.852549818,309,1.5468,0,0,0,0,0,0,0,0,0,0,0,0,0,0,0,0,0,0,0,0,0,0,0,0,0,237.675571,13.72016441,4.424913024,415.1,1.4684,0,0,0,0,0,0,0,0,0,0,0,0,0.000793522,99.19026167,0,0,0.000497082,62.1352201,0,0,0.000332219,41.52734759,0,0,0,0,0,0,0,0,0,0,0,0
J10,C[NH+]1C2=C(C3=C([Pd-2]1([P+](C4CCCCC4)(C5CCCCC5)C6CCCCC6)OS(C)(=O)=O)C=CC=C3)C=CC=C2,PCy Pd G4,0.10627216000000012 milligram,0.16000000000000003 micromole,0.10627216000000014 microliter,C32H48NO3PPdS,CC1=CC(C=O)=C(C)N1C2=CC(Cl)=CC(Cl)=C2,"1-(3,5-dichlorophenyl)-2,5-dimethyl-1H-pyrrole-3-carbaldehyde",0.2145144 milligram,0.8 micromole,0.21451440000000005 microliter,C13H11Cl2NO,B1(OC(C(O1)(C)C)(C)C)C2=CCN(CC2)C(=O)OC(C)(C)C,"N-Boc-1,2,5,6-tetrahydropyridine-4-boronic acid pinacol ester",0.29684640000000007 milligram,0.9600000000000001 micromole,0.2968464000000001 microliter,C16H28BNO4,O=C([O-])[O-].[Na+].[Na+],Na2CO3,0.635928 milligram,6.0 micromole,0.6359280000000002 microliter,CNa2O3,CN1C=NC2=C1C(=O)N(C(=O)N2C)C,caffeine,0.1553528 milligram,0.8 micromole,0.15535280000000004 microliter,C8H10N4O2,C1COCCO1,dioxane,32.445 milligram,368.2496084262139 micromole,31.5 microliter,C4H8O2,O,water,3.5 milligram,194.2825423258396 micromole,3.5 microliter,H2O,Cc1cc(C=O)c(C)n1-c1cc(Cl)cc(C2=CCN(C(=O)OC(C)(C)C)CC2)c1,suzuki_product_0,0.0 milligram,0.0 micromole,0 microliter,C23H27ClN2O3,Cc1cc(C=O)c(C)n1-c1cc(C2=CCN(C(=O)OC(C)(C)C)CC2)cc(C2=CCN(C(=O)OC(C)(C)C)CC2)c1,bis_addition_2,0.0 milligram,0.0 micromole,0 microliter,C33H43N3O5,Cc1cc(C=O)c(C)n1-c1cccc(Cl)c1,dehalogenation_0,0.0 milligram,0.0 micromole,0 microliter,C13H12ClNO,CC1=CC(C=O)=C(C)N1C2=CC(Cl)=CC(Cl)=C2.B1(OC(C(O1)(C)C)(C)C)C2=CCN(CC2)C(=O)OC(C)(C)C>>Cc1cc(C=O)c(C)n1-c1cc(Cl)cc(C2=CCN(C(=O)OC(C)(C)C)CC2)c1.Cc1cc(C=O)c(C)n1-c1cc(C2=CCN(C(=O)OC(C)(C)C)CC2)cc(C2=CCN(C(=O)OC(C)(C)C)CC2)c1.Cc1cc(C=O)c(C)n1-c1cccc(Cl)c1.CC(C)(C)OC(=O)N1CC=CCC1,001_RLN-NB-2443_007_J10,,,CC(C)(C)OC(=O)N1CC=CCC1,deborylation_0,0.0 milligram,0.0 micromole,0 microliter,C10H17NO2,3/30/23 1:51,kat78-2-j10-a1_03_22_2023_226.raw,2min_150_1200.EXP,001_RLN-NB-2443_007_J10,KAT78-2-J10-A1_KAT78-2-J10-A1_KAT78-2-J10-A1,0,0,0,0,0,0,0,0,0,0,0,0,0,0,0,bis_addition_1,0,0,0,0,0,179.1679832,13.07634618,4.597303212,195,0.7351,152.6687935,9.134373049,3.211407986,267.8,1.3251,0,0,0,0,0,65.19657052,6.222920234,2.187816901,309,1.5484,0,0,0,0,0,0,0,0,0,0,0,0,0,0,0,0,0,0,0,0,0,0,0,0,0,283.7321125,15.51171893,5.453516929,415,1.4684,0,0,0,0,0,152.6687935,9.134373049,3.211407986,267.8,1.3251,0,0,0.000948994,118.6242603,0,0,0.000558833,69.85416968,0,0,0.000380713,47.58913651,0,0,0.000558833,69.85416968,0,0,0,0,0,0,0,0
J11,C[NH+]1C2=C(C3=C([Pd-2]1([P+](C4CCCCC4)(C5CCCCC5)C6CCCCC6)OS(C)(=O)=O)C=CC=C3)C=CC=C2,PCy Pd G4,0.10627216000000012 milligram,0.16000000000000003 micromole,0.10627216000000014 microliter,C32H48NO3PPdS,CC1=CC(C=O)=C(C)N1C2=CC(Cl)=CC(Cl)=C2,"1-(3,5-dichlorophenyl)-2,5-dimethyl-1H-pyrrole-3-carbaldehyde",0.2145144 milligram,0.8 micromole,0.21451440000000005 microliter,C13H11Cl2NO,B1(OC(C(O1)(C)C)(C)C)C2=CC=C(C=C2)N,"4-(4,4,5,5-tetramethyl-1,3,2-dioxaborolan-2-yl)aniline",0.21032928 milligram,0.9600000000000001 micromole,0.21032928000000006 microliter,C12H18BNO2,O=C([O-])[O-].[Na+].[Na+],Na2CO3,0.635928 milligram,6.0 micromole,0.6359280000000002 microliter,CNa2O3,CN1C=NC2=C1C(=O)N(C(=O)N2C)C,caffeine,0.1553528 milligram,0.8 micromole,0.15535280000000004 microliter,C8H10N4O2,C1COCCO1,dioxane,32.445 milligram,368.2496084262139 micromole,31.5 microliter,C4H8O2,O,water,3.5 milligram,194.2825423258396 micromole,3.5 microliter,H2O,Cc1cc(C=O)c(C)n1-c1cc(Cl)cc(-c2ccc(N)cc2)c1,suzuki_product_0,0.0 milligram,0.0 micromole,0 microliter,C19H17ClN2O,Cc1cc(C=O)c(C)n1-c1cc(-c2ccc(N)cc2)cc(-c2ccc(N)cc2)c1,bis_addition_1,0.0 milligram,0.0 micromole,0 microliter,C25H23N3O,Cc1cc(C=O)c(C)n1-c1cccc(Cl)c1,dehalogenation_0,0.0 milligram,0.0 micromole,0 microliter,C13H12ClNO,CC1=CC(C=O)=C(C)N1C2=CC(Cl)=CC(Cl)=C2.B1(OC(C(O1)(C)C)(C)C)C2=CC=C(C=C2)N>>Cc1cc(C=O)c(C)n1-c1cc(Cl)cc(-c2ccc(N)cc2)c1.Cc1cc(C=O)c(C)n1-c1cc(-c2ccc(N)cc2)cc(-c2ccc(N)cc2)c1.Cc1cc(C=O)c(C)n1-c1cccc(Cl)c1.Nc1ccccc1,001_RLN-NB-2443_007_J11,,,Nc1ccccc1,deborylation_0,0.0 milligram,0.0 micromole,0 microliter,C6H7N,3/30/23 1:54,kat78-2-j11-a1_03_22_2023_227.raw,2min_150_1200.EXP,001_RLN-NB-2443_007_J11,KAT78-2-J11-A1_KAT78-2-J11-A1_KAT78-2-J11-A1,0,0,0,0,0,0,0,0,0,0,0,0,0,0,0,bis_addition_1,0,0,0,0,0,183.5327673,18.37283211,4.651376829,195,0.7351,0,0,0,0,0,0,0,0,0,0,0,0,0,0,0,0,0,0,0,0,0,0,0,0,0,0,0,0,0,0,0,0,0,0,0,0,0,0,0,0,113.5453286,13.10971823,3.318935221,325,1.2318,0,0,0,0,0,177.2600106,14.56448169,3.6872319,267.8,1.3268,0,0,0.000570831,71.35382367,0,0,0,0,0,0,0,0,0,0,0.000634175,79.27183791,0,0,0,0,0,0,0,0
J12,C[NH+]1C2=C(C3=C([Pd-2]1([P+](C4CCCCC4)(C5CCCCC5)C6CCCCC6)OS(C)(=O)=O)C=CC=C3)C=CC=C2,PCy Pd G4,0.10627216000000012 milligram,0.16000000000000003 micromole,0.10627216000000014 microliter,C32H48NO3PPdS,CC1=CC(C=O)=C(C)N1C2=CC(Cl)=CC(Cl)=C2,"1-(3,5-dichlorophenyl)-2,5-dimethyl-1H-pyrrole-3-carbaldehyde",0.2145144 milligram,0.8 micromole,0.21451440000000005 microliter,C13H11Cl2NO,B1(OC(C(O1)(C)C)(C)C)C2=CC=C(C=C2)N,"4-(4,4,5,5-tetramethyl-1,3,2-dioxaborolan-2-yl)aniline",0.21032928 milligram,0.9600000000000001 micromole,0.21032928000000006 microliter,C12H18BNO2,O=C([O-])[O-].[Na+].[Na+],Na2CO3,0.635928 milligram,6.0 micromole,0.6359280000000002 microliter,CNa2O3,CN1C=NC2=C1C(=O)N(C(=O)N2C)C,caffeine,0.1553528 milligram,0.8 micromole,0.15535280000000004 microliter,C8H10N4O2,C1COCCO1,dioxane,32.445 milligram,368.2496084262139 micromole,31.5 microliter,C4H8O2,O,water,3.5 milligram,194.2825423258396 micromole,3.5 microliter,H2O,Cc1cc(C=O)c(C)n1-c1cc(Cl)cc(-c2ccc(N)cc2)c1,suzuki_product_0,0.0 milligram,0.0 micromole,0 microliter,C19H17ClN2O,Cc1cc(C=O)c(C)n1-c1cc(-c2ccc(N)cc2)cc(-c2ccc(N)cc2)c1,bis_addition_1,0.0 milligram,0.0 micromole,0 microliter,C25H23N3O,Cc1cc(C=O)c(C)n1-c1cccc(Cl)c1,dehalogenation_0,0.0 milligram,0.0 micromole,0 microliter,C13H12ClNO,CC1=CC(C=O)=C(C)N1C2=CC(Cl)=CC(Cl)=C2.B1(OC(C(O1)(C)C)(C)C)C2=CC=C(C=C2)N>>Cc1cc(C=O)c(C)n1-c1cc(Cl)cc(-c2ccc(N)cc2)c1.Cc1cc(C=O)c(C)n1-c1cc(-c2ccc(N)cc2)cc(-c2ccc(N)cc2)c1.Cc1cc(C=O)c(C)n1-c1cccc(Cl)c1.Nc1ccccc1,001_RLN-NB-2443_007_J12,,,Nc1ccccc1,deborylation_0,0.0 milligram,0.0 micromole,0 microliter,C6H7N,3/30/23 1:56,kat78-2-j12-a1_03_22_2023_228.raw,2min_150_1200.EXP,001_RLN-NB-2443_007_J12,KAT78-2-J12-A1_KAT78-2-J12-A1_KAT78-2-J12-A1,0,0,0,0,0,0,0,0,0,0,0,0,0,0,0,bis_addition_1,0,0,0,0,0,172.1410748,20.20721217,4.37651971,195,0.7334,0,0,0,0,0,0,0,0,0,0,0,0,0,0,0,0,0,0,0,0,0,0,0,0,0,0,0,0,0,0,0,0,0,0,0,0,0,0,0,0,81.75943742,11.56374121,2.504498932,324.8,1.2301,0,0,0,0,0,175.2137013,17.06906263,3.696852808,267.9,1.3251,0,0,0.000457806,57.22581179,0,0,0,0,0,0,0,0,0,0,0.000675761,84.470151,0,0,0,0,0,0,0,0
J13,C[NH+]1C2=C(C3=C([Pd-2]1([P+](C4CCCCC4)(C5CCCCC5)C6CCCCC6)OS(C)(=O)=O)C=CC=C3)C=CC=C2,PCy Pd G4,0.10627216000000012 milligram,0.16000000000000003 micromole,0.10627216000000014 microliter,C32H48NO3PPdS,COC1=C(N)C(Cl)=NC=N1,4-chloro-6-methoxypyrimidin-5-amine,0.12766080000000002 milligram,0.8 micromole,0.12766080000000005 microliter,C5H6ClN3O,B1(OC(C(O1)(C)C)(C)C)C2=CN=C(C=C2)C,"2-methyl-5-(4,4,5,5-tetramethyl-1,3,2-dioxaborolan-2-yl)pyridine",0.21032928 milligram,0.9600000000000001 micromole,0.21032928000000006 microliter,C12H18BNO2,O=C([O-])[O-].[Na+].[Na+],Na2CO3,0.635928 milligram,6.0 micromole,0.6359280000000002 microliter,CNa2O3,CN1C=NC2=C1C(=O)N(C(=O)N2C)C,caffeine,0.1553528 milligram,0.8 micromole,0.15535280000000004 microliter,C8H10N4O2,C1COCCO1,dioxane,32.445 milligram,368.2496084262139 micromole,31.5 microliter,C4H8O2,O,water,3.5 milligram,194.2825423258396 micromole,3.5 microliter,H2O,COc1ncnc(-c2ccc(C)nc2)c1N,suzuki_product_0,0.0 milligram,0.0 micromole,0 microliter,C11H12N4O,COc1ncncc1N,dehalogenation_0,0.0 milligram,0.0 micromole,0 microliter,C5H7N3O,Cc1ccccn1,deborylation_0,0.0 milligram,0.0 micromole,0 microliter,C6H7N,COC1=C(N)C(Cl)=NC=N1.B1(OC(C(O1)(C)C)(C)C)C2=CN=C(C=C2)C>>COc1ncnc(-c2ccc(C)nc2)c1N.COc1ncncc1N.Cc1ccccn1,001_RLN-NB-2443_007_J13,,,,,,,,,3/30/23 1:59,kat78-2-j13-a1_03_22_2023_229.raw,2min_150_1200.EXP,001_RLN-NB-2443_007_J13,KAT78-2-J13-A1_KAT78-2-J13-A1_KAT78-2-J13-A1,0,0,0,0,0,0,0,0,0,0,0,0,0,0,0,deborylation_0,0,0,0,0,0,172.609357,48.61697724,4.543935777,195,0.7318,0,0,0,0,0,0,0,0,0,0,0,0,0,0,0,0,0,0,0,0,0,0,0,0,0,0,0,0,0,0,0,0,0,0,0,0,0,0,0,0,0,0,0,0,0,0,0,0,0,0,0,0,0,0,0,0,0,0,0,0,0,0,0,0,0,0,0,0,0,0,0,0,0,0,0,0,0,0,0
J14,C[NH+]1C2=C(C3=C([Pd-2]1([P+](C4CCCCC4)(C5CCCCC5)C6CCCCC6)OS(C)(=O)=O)C=CC=C3)C=CC=C2,PCy Pd G4,0.10627216000000012 milligram,0.16000000000000003 micromole,0.10627216000000014 microliter,C32H48NO3PPdS,COC1=C(N)C(Cl)=NC=N1,4-chloro-6-methoxypyrimidin-5-amine,0.12766080000000002 milligram,0.8 micromole,0.12766080000000005 microliter,C5H6ClN3O,B1(OC(C(O1)(C)C)(C)C)C2=CN(N=C2C)C,"1,3-dimethyl-4-(4,4,5,5-tetramethyl-1,3,2-dioxaborolan-2-yl)-1H-pyrazole",0.21321311999999998 milligram,0.9600000000000001 micromole,0.21321312000000003 microliter,C11H19BN2O2,O=C([O-])[O-].[Na+].[Na+],Na2CO3,0.635928 milligram,6.0 micromole,0.6359280000000002 microliter,CNa2O3,CN1C=NC2=C1C(=O)N(C(=O)N2C)C,caffeine,0.1553528 milligram,0.8 micromole,0.15535280000000004 microliter,C8H10N4O2,C1COCCO1,dioxane,32.445 milligram,368.2496084262139 micromole,31.5 microliter,C4H8O2,O,water,3.5 milligram,194.2825423258396 micromole,3.5 microliter,H2O,COc1ncnc(-c2cn(C)nc2C)c1N,suzuki_product_0,0.0 milligram,0.0 micromole,0 microliter,C10H13N5O,COc1ncncc1N,dehalogenation_0,0.0 milligram,0.0 micromole,0 microliter,C5H7N3O,Cc1ccn(C)n1,deborylation_0,0.0 milligram,0.0 micromole,0 microliter,C5H8N2,COC1=C(N)C(Cl)=NC=N1.B1(OC(C(O1)(C)C)(C)C)C2=CN(N=C2C)C>>COc1ncnc(-c2cn(C)nc2C)c1N.COc1ncncc1N.Cc1ccn(C)n1,001_RLN-NB-2443_007_J14,,,,,,,,,3/30/23 2:01,kat78-2-j14-a1_03_22_2023_230.raw,2min_150_1200.EXP,001_RLN-NB-2443_007_J14,KAT78-2-J14-A1_KAT78-2-J14-A1_KAT78-2-J14-A1,0,0,0,0,0,0,0,0,0,0,0,0,0,0,0,deborylation_0,0,0,0,0,0,175.3871828,36.86672833,4.587435992,194.9,0.7351,0,0,0,0,0,0,0,0,0,0,0,0,0,0,0,0,0,0,0,0,0,0,0,0,0,0,0,0,0,0,0,0,0,0,0,0,0,0,0,0,0,0,0,0,0,0,0,0,0,0,0,0,0,0,0,0,0,0,0,0,0,0,0,0,0,0,0,0,0,0,0,0,0,0,0,0,0,0,0
J15,C[NH+]1C2=C(C3=C([Pd-2]1([P+](C4CCCCC4)(C5CCCCC5)C6CCCCC6)OS(C)(=O)=O)C=CC=C3)C=CC=C2,PCy Pd G4,0.10627216000000012 milligram,0.16000000000000003 micromole,0.10627216000000014 microliter,C32H48NO3PPdS,COC1=C(N)C(Cl)=NC=N1,4-chloro-6-methoxypyrimidin-5-amine,0.12766080000000002 milligram,0.8 micromole,0.12766080000000005 microliter,C5H6ClN3O,B1(OC(C(O1)(C)C)(C)C)C2=CCN(CC2)C(=O)OC(C)(C)C,"N-Boc-1,2,5,6-tetrahydropyridine-4-boronic acid pinacol ester",0.29684640000000007 milligram,0.9600000000000001 micromole,0.2968464000000001 microliter,C16H28BNO4,O=C([O-])[O-].[Na+].[Na+],Na2CO3,0.635928 milligram,6.0 micromole,0.6359280000000002 microliter,CNa2O3,CN1C=NC2=C1C(=O)N(C(=O)N2C)C,caffeine,0.1553528 milligram,0.8 micromole,0.15535280000000004 microliter,C8H10N4O2,C1COCCO1,dioxane,32.445 milligram,368.2496084262139 micromole,31.5 microliter,C4H8O2,O,water,3.5 milligram,194.2825423258396 micromole,3.5 microliter,H2O,COc1ncnc(C2=CCN(C(=O)OC(C)(C)C)CC2)c1N,suzuki_product_0,0.0 milligram,0.0 micromole,0 microliter,C15H22N4O3,COc1ncncc1N,dehalogenation_0,0.0 milligram,0.0 micromole,0 microliter,C5H7N3O,CC(C)(C)OC(=O)N1CC=CCC1,deborylation_0,0.0 milligram,0.0 micromole,0 microliter,C10H17NO2,COC1=C(N)C(Cl)=NC=N1.B1(OC(C(O1)(C)C)(C)C)C2=CCN(CC2)C(=O)OC(C)(C)C>>COc1ncnc(C2=CCN(C(=O)OC(C)(C)C)CC2)c1N.COc1ncncc1N.CC(C)(C)OC(=O)N1CC=CCC1,001_RLN-NB-2443_007_J15,,,,,,,,,3/30/23 2:03,kat78-2-j15-a1_03_22_2023_231.raw,2min_150_1200.EXP,001_RLN-NB-2443_007_J15,KAT78-2-J15-A1_KAT78-2-J15-A1_KAT78-2-J15-A1,0,0,0,0,0,0,0,0,0,0,0,0,0,0,0,deborylation_0,0,0,0,0,0,193.7554468,16.79026812,4.896596182,195,0.7318,0,0,0,0,0,0,0,0,0,0,48.07083717,4.529150813,1.320849817,309.1,1.5401,0,0,0,0,0,0,0,0,0,0,0,0,0,0,0,0,0,0,0,0,0,0,0,0,0,165.7618837,14.21280395,4.144922587,306.9,0.9968,0,0,0,0,0,0,0,0,0,0,0,0,0.000677192,84.6490589,0,0,0,0,0,0,0.000215799,26.97485698,0,0,0,0,0,0,0,0,0,0,0,0
J16,C[NH+]1C2=C(C3=C([Pd-2]1([P+](C4CCCCC4)(C5CCCCC5)C6CCCCC6)OS(C)(=O)=O)C=CC=C3)C=CC=C2,PCy Pd G4,0.10627216000000012 milligram,0.16000000000000003 micromole,0.10627216000000014 microliter,C32H48NO3PPdS,COC1=C(N)C(Cl)=NC=N1,4-chloro-6-methoxypyrimidin-5-amine,0.12766080000000002 milligram,0.8 micromole,0.12766080000000005 microliter,C5H6ClN3O,B1(OC(C(O1)(C)C)(C)C)C2=CCN(CC2)C(=O)OC(C)(C)C,"N-Boc-1,2,5,6-tetrahydropyridine-4-boronic acid pinacol ester",0.29684640000000007 milligram,0.9600000000000001 micromole,0.2968464000000001 microliter,C16H28BNO4,O=C([O-])[O-].[Na+].[Na+],Na2CO3,0.635928 milligram,6.0 micromole,0.6359280000000002 microliter,CNa2O3,CN1C=NC2=C1C(=O)N(C(=O)N2C)C,caffeine,0.1553528 milligram,0.8 micromole,0.15535280000000004 microliter,C8H10N4O2,C1COCCO1,dioxane,32.445 milligram,368.2496084262139 micromole,31.5 microliter,C4H8O2,O,water,3.5 milligram,194.2825423258396 micromole,3.5 microliter,H2O,COc1ncnc(C2=CCN(C(=O)OC(C)(C)C)CC2)c1N,suzuki_product_0,0.0 milligram,0.0 micromole,0 microliter,C15H22N4O3,COc1ncncc1N,dehalogenation_0,0.0 milligram,0.0 micromole,0 microliter,C5H7N3O,CC(C)(C)OC(=O)N1CC=CCC1,deborylation_0,0.0 milligram,0.0 micromole,0 microliter,C10H17NO2,COC1=C(N)C(Cl)=NC=N1.B1(OC(C(O1)(C)C)(C)C)C2=CCN(CC2)C(=O)OC(C)(C)C>>COc1ncnc(C2=CCN(C(=O)OC(C)(C)C)CC2)c1N.COc1ncncc1N.CC(C)(C)OC(=O)N1CC=CCC1,001_RLN-NB-2443_007_J16,,,,,,,,,3/30/23 2:06,kat78-2-j16-a1_03_22_2023_232.raw,2min_150_1200.EXP,001_RLN-NB-2443_007_J16,KAT78-2-J16-A1_KAT78-2-J16-A1_KAT78-2-J16-A1,0,0,0,0,0,0,0,0,0,0,0,0,0,0,0,deborylation_0,0,0,0,0,0,183.786897,18.61229437,4.612332879,195,0.7334,0,0,0,0,0,0,0,0,0,0,42.21476922,4.452616557,1.103407744,309,1.5384,0,0,0,0,0,0,0,0,0,0,0,0,0,0,0,0,0,0,0,0,0,0,0,0,0,115.7964188,11.32396726,2.806204624,307,0.9951,0,0,0,0,0,0,0,0,0,0,0,0,0.000486731,60.84132906,0,0,0,0,0,0,0.000191384,23.9229859,0,0,0,0,0,0,0,0,0,0,0,0
J17,C[NH+]1C2=C(C3=C([Pd-2]1([P+](C4CCCCC4)(C5CCCCC5)C6CCCCC6)OS(C)(=O)=O)C=CC=C3)C=CC=C2,PCy Pd G4,0.10627216000000012 milligram,0.16000000000000003 micromole,0.10627216000000014 microliter,C32H48NO3PPdS,COC1=C(N)C(Cl)=NC=N1,4-chloro-6-methoxypyrimidin-5-amine,0.12766080000000002 milligram,0.8 micromole,0.12766080000000005 microliter,C5H6ClN3O,B1(OC(C(O1)(C)C)(C)C)C2=CC=C(C=C2)N,"4-(4,4,5,5-tetramethyl-1,3,2-dioxaborolan-2-yl)aniline",0.21032928 milligram,0.9600000000000001 micromole,0.21032928000000006 microliter,C12H18BNO2,O=C([O-])[O-].[Na+].[Na+],Na2CO3,0.635928 milligram,6.0 micromole,0.6359280000000002 microliter,CNa2O3,CN1C=NC2=C1C(=O)N(C(=O)N2C)C,caffeine,0.1553528 milligram,0.8 micromole,0.15535280000000004 microliter,C8H10N4O2,C1COCCO1,dioxane,32.445 milligram,368.2496084262139 micromole,31.5 microliter,C4H8O2,O,water,3.5 milligram,194.2825423258396 micromole,3.5 microliter,H2O,COc1ncnc(-c2ccc(N)cc2)c1N,suzuki_product_0,0.0 milligram,0.0 micromole,0 microliter,C11H12N4O,COc1ncncc1N,dehalogenation_0,0.0 milligram,0.0 micromole,0 microliter,C5H7N3O,Nc1ccccc1,deborylation_0,0.0 milligram,0.0 micromole,0 microliter,C6H7N,COC1=C(N)C(Cl)=NC=N1.B1(OC(C(O1)(C)C)(C)C)C2=CC=C(C=C2)N>>COc1ncnc(-c2ccc(N)cc2)c1N.COc1ncncc1N.Nc1ccccc1,001_RLN-NB-2443_007_J17,,,,,,,,,3/30/23 2:08,kat78-2-j17-a1_03_22_2023_233.raw,2min_150_1200.EXP,001_RLN-NB-2443_007_J17,KAT78-2-J17-A1_KAT78-2-J17-A1_KAT78-2-J17-A1,0,0,0,0,0,0,0,0,0,0,0,0,0,0,0,deborylation_0,0,0,0,0,0,183.5136505,31.93431926,4.63067064,194.9,0.7334,0,0,0,0,0,0,0,0,0,0,0,0,0,0,0,0,0,0,0,0,0,0,0,0,0,0,0,0,0,0,0,0,0,0,0,0,0,0,0,0,27.84531023,5.349775708,0.775750036,216.9,0.6551,0,0,0,0,0,0,0,0,0,0,0,0,0.000134019,16.75243385,0,0,0,0,0,0,0,0,0,0,0,0,0,0,0,0,0,0,0,0
J18,C[NH+]1C2=C(C3=C([Pd-2]1([P+](C4CCCCC4)(C5CCCCC5)C6CCCCC6)OS(C)(=O)=O)C=CC=C3)C=CC=C2,PCy Pd G4,0.10627216000000012 milligram,0.16000000000000003 micromole,0.10627216000000014 microliter,C32H48NO3PPdS,COC1=C(N)C(Cl)=NC=N1,4-chloro-6-methoxypyrimidin-5-amine,0.12766080000000002 milligram,0.8 micromole,0.12766080000000005 microliter,C5H6ClN3O,B1(OC(C(O1)(C)C)(C)C)C2=CC=C(C=C2)N,"4-(4,4,5,5-tetramethyl-1,3,2-dioxaborolan-2-yl)aniline",0.21032928 milligram,0.9600000000000001 micromole,0.21032928000000006 microliter,C12H18BNO2,O=C([O-])[O-].[Na+].[Na+],Na2CO3,0.635928 milligram,6.0 micromole,0.6359280000000002 microliter,CNa2O3,CN1C=NC2=C1C(=O)N(C(=O)N2C)C,caffeine,0.1553528 milligram,0.8 micromole,0.15535280000000004 microliter,C8H10N4O2,C1COCCO1,dioxane,32.445 milligram,368.2496084262139 micromole,31.5 microliter,C4H8O2,O,water,3.5 milligram,194.2825423258396 micromole,3.5 microliter,H2O,COc1ncnc(-c2ccc(N)cc2)c1N,suzuki_product_0,0.0 milligram,0.0 micromole,0 microliter,C11H12N4O,COc1ncncc1N,dehalogenation_0,0.0 milligram,0.0 micromole,0 microliter,C5H7N3O,Nc1ccccc1,deborylation_0,0.0 milligram,0.0 micromole,0 microliter,C6H7N,COC1=C(N)C(Cl)=NC=N1.B1(OC(C(O1)(C)C)(C)C)C2=CC=C(C=C2)N>>COc1ncnc(-c2ccc(N)cc2)c1N.COc1ncncc1N.Nc1ccccc1,001_RLN-NB-2443_007_J18,,,,,,,,,3/30/23 2:11,kat78-2-j18-a1_03_22_2023_234.raw,2min_150_1200.EXP,001_RLN-NB-2443_007_J18,KAT78-2-J18-A1_KAT78-2-J18-A1_KAT78-2-J18-A1,0,0,0,0,0,0,0,0,0,0,0,0,0,0,0,deborylation_0,0,0,0,0,0,179.7436114,34.12619097,4.53747077,195,0.7334,0,0,0,0,0,0,0,0,0,0,0,0,0,0,0,0,0,0,0,0,0,0,0,0,0,0,0,0,0,0,0,0,0,0,0,0,0,0,0,0,17.34240408,3.911922596,0.520135237,217,0.6568,0,0,0,0,0,0,0,0,0,0,0,0,9.17E-05,11.46310937,0,0,0,0,0,0,0,0,0,0,0,0,0,0,0,0,0,0,0,0
J19,C[NH+]1C2=C(C3=C([Pd-2]1([P+](C4CCCCC4)(C5CCCCC5)C6CCCCC6)OS(C)(=O)=O)C=CC=C3)C=CC=C2,PCy Pd G4,0.10627216000000012 milligram,0.16000000000000003 micromole,0.10627216000000014 microliter,C32H48NO3PPdS,CC1=C(N2CCCC2=O)C=CC(Br)=C1,1-(4-bromo-2-methylphenyl)pyrrolidin-2-one,0.20330160000000003 milligram,0.8 micromole,0.20330160000000008 microliter,C11H12BrNO,B1(OC(C(O1)(C)C)(C)C)C2=CN=C(C=C2)C,"2-methyl-5-(4,4,5,5-tetramethyl-1,3,2-dioxaborolan-2-yl)pyridine",0.21032928 milligram,0.9600000000000001 micromole,0.21032928000000006 microliter,C12H18BNO2,O=C([O-])[O-].[Na+].[Na+],Na2CO3,0.635928 milligram,6.0 micromole,0.6359280000000002 microliter,CNa2O3,CN1C=NC2=C1C(=O)N(C(=O)N2C)C,caffeine,0.1553528 milligram,0.8 micromole,0.15535280000000004 microliter,C8H10N4O2,C1COCCO1,dioxane,32.445 milligram,368.2496084262139 micromole,31.5 microliter,C4H8O2,O,water,3.5 milligram,194.2825423258396 micromole,3.5 microliter,H2O,Cc1ccc(-c2ccc(N3CCCC3=O)c(C)c2)cn1,suzuki_product_0,0.0 milligram,0.0 micromole,0 microliter,C17H18N2O,Cc1ccccc1N1CCCC1=O,dehalogenation_0,0.0 milligram,0.0 micromole,0 microliter,C11H13NO,Cc1ccccn1,deborylation_0,0.0 milligram,0.0 micromole,0 microliter,C6H7N,CC1=C(N2CCCC2=O)C=CC(Br)=C1.B1(OC(C(O1)(C)C)(C)C)C2=CN=C(C=C2)C>>Cc1ccc(-c2ccc(N3CCCC3=O)c(C)c2)cn1.Cc1ccccc1N1CCCC1=O.Cc1ccccn1,001_RLN-NB-2443_007_J19,,,,,,,,,3/30/23 2:13,kat78-2-j19-a1_03_22_2023_235.raw,2min_150_1200.EXP,001_RLN-NB-2443_007_J19,KAT78-2-J19-A1_KAT78-2-J19-A1_KAT78-2-J19-A1,0,0,0,0,0,0,0,0,0,0,0,0,0,0,0,deborylation_0,0,0,0,0,0,177.4752033,46.42502931,4.38169023,195,0.7334,0,0,0,0,0,0,0,0,0,0,0,0,0,0,0,0,0,0,0,0,0,0,0,0,0,0,0,0,0,0,0,0,0,0,0,82.90914965,18.42059906,1.738574217,255.9,1.1884,15.13682248,3.266326749,0.30828267,266.9,0.7718,0,0,0,0,0,0,0,0,0,0,0,0,5.63E-05,7.035702073,0,0,0,0,0,0,0,0,0,0,0,0,0,0,0,0,0,0,0.000317425,39.67816357
J20,C[NH+]1C2=C(C3=C([Pd-2]1([P+](C4CCCCC4)(C5CCCCC5)C6CCCCC6)OS(C)(=O)=O)C=CC=C3)C=CC=C2,PCy Pd G4,0.10627216000000012 milligram,0.16000000000000003 micromole,0.10627216000000014 microliter,C32H48NO3PPdS,CC1=C(N2CCCC2=O)C=CC(Br)=C1,1-(4-bromo-2-methylphenyl)pyrrolidin-2-one,0.20330160000000003 milligram,0.8 micromole,0.20330160000000008 microliter,C11H12BrNO,B1(OC(C(O1)(C)C)(C)C)C2=CN(N=C2C)C,"1,3-dimethyl-4-(4,4,5,5-tetramethyl-1,3,2-dioxaborolan-2-yl)-1H-pyrazole",0.21321311999999998 milligram,0.9600000000000001 micromole,0.21321312000000003 microliter,C11H19BN2O2,O=C([O-])[O-].[Na+].[Na+],Na2CO3,0.635928 milligram,6.0 micromole,0.6359280000000002 microliter,CNa2O3,CN1C=NC2=C1C(=O)N(C(=O)N2C)C,caffeine,0.1553528 milligram,0.8 micromole,0.15535280000000004 microliter,C8H10N4O2,C1COCCO1,dioxane,32.445 milligram,368.2496084262139 micromole,31.5 microliter,C4H8O2,O,water,3.5 milligram,194.2825423258396 micromole,3.5 microliter,H2O,Cc1cc(-c2cn(C)nc2C)ccc1N1CCCC1=O,suzuki_product_0,0.0 milligram,0.0 micromole,0 microliter,C16H19N3O,Cc1ccccc1N1CCCC1=O,dehalogenation_0,0.0 milligram,0.0 micromole,0 microliter,C11H13NO,Cc1ccn(C)n1,deborylation_0,0.0 milligram,0.0 micromole,0 microliter,C5H8N2,CC1=C(N2CCCC2=O)C=CC(Br)=C1.B1(OC(C(O1)(C)C)(C)C)C2=CN(N=C2C)C>>Cc1cc(-c2cn(C)nc2C)ccc1N1CCCC1=O.Cc1ccccc1N1CCCC1=O.Cc1ccn(C)n1,001_RLN-NB-2443_007_J20,,,,,,,,,3/30/23 2:16,kat78-2-j20-a1_03_22_2023_236.raw,2min_150_1200.EXP,001_RLN-NB-2443_007_J20,KAT78-2-J20-A1_KAT78-2-J20-A1_KAT78-2-J20-A1,0,0,0,0,0,0,0,0,0,0,0,0,0,0,0,deborylation_0,0,0,0,0,0,176.6139982,38.63409675,4.534445631,195,0.7318,0,0,0,0,0,0,0,0,0,0,0,0,0,0,0,0,0,0,0,0,0,0,0,0,0,0,0,0,0,0,0,0,0,0,0,0,0,0,0,0,0,0,0,0,0,0,0,0,0,0,0,0,0,0,0,0,0,0,0,0,0,0,0,0,0,0,0,0,0,0,0,0,0,0,0,0,0,0,0
J21,C[NH+]1C2=C(C3=C([Pd-2]1([P+](C4CCCCC4)(C5CCCCC5)C6CCCCC6)OS(C)(=O)=O)C=CC=C3)C=CC=C2,PCy Pd G4,0.10627216000000012 milligram,0.16000000000000003 micromole,0.10627216000000014 microliter,C32H48NO3PPdS,CC1=C(N2CCCC2=O)C=CC(Br)=C1,1-(4-bromo-2-methylphenyl)pyrrolidin-2-one,0.20330160000000003 milligram,0.8 micromole,0.20330160000000008 microliter,C11H12BrNO,B1(OC(C(O1)(C)C)(C)C)C2=CCN(CC2)C(=O)OC(C)(C)C,"N-Boc-1,2,5,6-tetrahydropyridine-4-boronic acid pinacol ester",0.29684640000000007 milligram,0.9600000000000001 micromole,0.2968464000000001 microliter,C16H28BNO4,O=C([O-])[O-].[Na+].[Na+],Na2CO3,0.635928 milligram,6.0 micromole,0.6359280000000002 microliter,CNa2O3,CN1C=NC2=C1C(=O)N(C(=O)N2C)C,caffeine,0.1553528 milligram,0.8 micromole,0.15535280000000004 microliter,C8H10N4O2,C1COCCO1,dioxane,32.445 milligram,368.2496084262139 micromole,31.5 microliter,C4H8O2,O,water,3.5 milligram,194.2825423258396 micromole,3.5 microliter,H2O,Cc1cc(C2=CCN(C(=O)OC(C)(C)C)CC2)ccc1N1CCCC1=O,suzuki_product_0,0.0 milligram,0.0 micromole,0 microliter,C21H28N2O3,Cc1ccccc1N1CCCC1=O,dehalogenation_0,0.0 milligram,0.0 micromole,0 microliter,C11H13NO,CC(C)(C)OC(=O)N1CC=CCC1,deborylation_0,0.0 milligram,0.0 micromole,0 microliter,C10H17NO2,CC1=C(N2CCCC2=O)C=CC(Br)=C1.B1(OC(C(O1)(C)C)(C)C)C2=CCN(CC2)C(=O)OC(C)(C)C>>Cc1cc(C2=CCN(C(=O)OC(C)(C)C)CC2)ccc1N1CCCC1=O.Cc1ccccc1N1CCCC1=O.CC(C)(C)OC(=O)N1CC=CCC1,001_RLN-NB-2443_007_J21,,,,,,,,,3/30/23 2:18,kat78-2-j21-a1_03_22_2023_237.raw,2min_150_1200.EXP,001_RLN-NB-2443_007_J21,KAT78-2-J21-A1_KAT78-2-J21-A1_KAT78-2-J21-A1,0,0,0,0,0,0,0,0,0,0,0,0,0,0,0,deborylation_0,0,0,0,0,0,184.2493042,13.77039349,4.682515327,194.9,0.7334,362.5006457,29.45828144,10.01705975,357,1.3268,0,0,0,0,0,20.94091511,1.409131205,0.479164119,308.9,1.5384,0,0,0,0,0,0,0,0,0,0,0,0,0,0,0,0,0,0,0,0,53.7479098,3.327779532,1.131585577,253.8,1.1868,0,0,0,0,0,0,0,0,0,0,0,0,0,0,0,0,0,0,0,0,0,0.001711398,213.9247615,0,0,8.19E-05,10.23304966,0,0,0,0,0,0,0,0,0,0,0.00019333,24.16619056
J22,C[NH+]1C2=C(C3=C([Pd-2]1([P+](C4CCCCC4)(C5CCCCC5)C6CCCCC6)OS(C)(=O)=O)C=CC=C3)C=CC=C2,PCy Pd G4,0.10627216000000012 milligram,0.16000000000000003 micromole,0.10627216000000014 microliter,C32H48NO3PPdS,CC1=C(N2CCCC2=O)C=CC(Br)=C1,1-(4-bromo-2-methylphenyl)pyrrolidin-2-one,0.20330160000000003 milligram,0.8 micromole,0.20330160000000008 microliter,C11H12BrNO,B1(OC(C(O1)(C)C)(C)C)C2=CCN(CC2)C(=O)OC(C)(C)C,"N-Boc-1,2,5,6-tetrahydropyridine-4-boronic acid pinacol ester",0.29684640000000007 milligram,0.9600000000000001 micromole,0.2968464000000001 microliter,C16H28BNO4,O=C([O-])[O-].[Na+].[Na+],Na2CO3,0.635928 milligram,6.0 micromole,0.6359280000000002 microliter,CNa2O3,CN1C=NC2=C1C(=O)N(C(=O)N2C)C,caffeine,0.1553528 milligram,0.8 micromole,0.15535280000000004 microliter,C8H10N4O2,C1COCCO1,dioxane,32.445 milligram,368.2496084262139 micromole,31.5 microliter,C4H8O2,O,water,3.5 milligram,194.2825423258396 micromole,3.5 microliter,H2O,Cc1cc(C2=CCN(C(=O)OC(C)(C)C)CC2)ccc1N1CCCC1=O,suzuki_product_0,0.0 milligram,0.0 micromole,0 microliter,C21H28N2O3,Cc1ccccc1N1CCCC1=O,dehalogenation_0,0.0 milligram,0.0 micromole,0 microliter,C11H13NO,CC(C)(C)OC(=O)N1CC=CCC1,deborylation_0,0.0 milligram,0.0 micromole,0 microliter,C10H17NO2,CC1=C(N2CCCC2=O)C=CC(Br)=C1.B1(OC(C(O1)(C)C)(C)C)C2=CCN(CC2)C(=O)OC(C)(C)C>>Cc1cc(C2=CCN(C(=O)OC(C)(C)C)CC2)ccc1N1CCCC1=O.Cc1ccccc1N1CCCC1=O.CC(C)(C)OC(=O)N1CC=CCC1,001_RLN-NB-2443_007_J22,,,,,,,,,3/30/23 2:21,kat78-2-j22-a1_03_22_2023_238.raw,2min_150_1200.EXP,001_RLN-NB-2443_007_J22,KAT78-2-J22-A1_KAT78-2-J22-A1_KAT78-2-J22-A1,0,0,0,0,0,0,0,0,0,0,0,0,0,0,0,deborylation_0,0,0,0,0,0,184.7797649,13.78039755,4.655115361,195,0.7318,0,0,0,0,0,0,0,0,0,0,23.59063645,1.569450512,0.530171438,309,1.5384,0,0,0,0,0,0,0,0,0,0,0,0,0,0,0,0,0,0,0,0,56.81187089,3.414752822,1.153527557,253.8,1.1884,342.0520555,27.8252075,9.399551094,357,1.3251,0,0,0,0,0,0,0,0,0,0,0,0,0.00161535,201.9187574,0,0,0,0,0,0,9.11E-05,11.38900751,0,0,0,0,0,0,0,0,0,0,0.000198238,24.77978454
J23,C[NH+]1C2=C(C3=C([Pd-2]1([P+](C4CCCCC4)(C5CCCCC5)C6CCCCC6)OS(C)(=O)=O)C=CC=C3)C=CC=C2,PCy Pd G4,0.10627216000000012 milligram,0.16000000000000003 micromole,0.10627216000000014 microliter,C32H48NO3PPdS,CC1=C(N2CCCC2=O)C=CC(Br)=C1,1-(4-bromo-2-methylphenyl)pyrrolidin-2-one,0.20330160000000003 milligram,0.8 micromole,0.20330160000000008 microliter,C11H12BrNO,B1(OC(C(O1)(C)C)(C)C)C2=CC=C(C=C2)N,"4-(4,4,5,5-tetramethyl-1,3,2-dioxaborolan-2-yl)aniline",0.21032928 milligram,0.9600000000000001 micromole,0.21032928000000006 microliter,C12H18BNO2,O=C([O-])[O-].[Na+].[Na+],Na2CO3,0.635928 milligram,6.0 micromole,0.6359280000000002 microliter,CNa2O3,CN1C=NC2=C1C(=O)N(C(=O)N2C)C,caffeine,0.1553528 milligram,0.8 micromole,0.15535280000000004 microliter,C8H10N4O2,C1COCCO1,dioxane,32.445 milligram,368.2496084262139 micromole,31.5 microliter,C4H8O2,O,water,3.5 milligram,194.2825423258396 micromole,3.5 microliter,H2O,Cc1cc(-c2ccc(N)cc2)ccc1N1CCCC1=O,suzuki_product_0,0.0 milligram,0.0 micromole,0 microliter,C17H18N2O,Cc1ccccc1N1CCCC1=O,dehalogenation_0,0.0 milligram,0.0 micromole,0 microliter,C11H13NO,Nc1ccccc1,deborylation_0,0.0 milligram,0.0 micromole,0 microliter,C6H7N,CC1=C(N2CCCC2=O)C=CC(Br)=C1.B1(OC(C(O1)(C)C)(C)C)C2=CC=C(C=C2)N>>Cc1cc(-c2ccc(N)cc2)ccc1N1CCCC1=O.Cc1ccccc1N1CCCC1=O.Nc1ccccc1,001_RLN-NB-2443_007_J23,,,,,,,,,3/30/23 2:23,kat78-2-j23-a1_03_22_2023_239.raw,2min_150_1200.EXP,001_RLN-NB-2443_007_J23,KAT78-2-J23-A1_KAT78-2-J23-A1_KAT78-2-J23-A1,0,0,0,0,0,0,0,0,0,0,0,0,0,0,0,deborylation_0,0,0,0,0,0,183.8160328,22.05446357,4.561548796,194.9,0.7334,0,0,0,0,0,0,0,0,0,0,0,0,0,0,0,0,0,0,0,0,0,0,0,0,0,0,0,0,0,0,0,0,0,0,0,77.66119605,7.892075666,1.632326632,253.9,1.1884,97.31450571,12.27898779,2.539676459,267,0.8851,0,0,0,0,0,0,0,0,0,0,0,0,0.000445406,55.67574902,0,0,0,0,0,0,0,0,0,0,0,0,0,0,0,0,0,0,0.000286276,35.78448254
J24,C[NH+]1C2=C(C3=C([Pd-2]1([P+](C4CCCCC4)(C5CCCCC5)C6CCCCC6)OS(C)(=O)=O)C=CC=C3)C=CC=C2,PCy Pd G4,0.10627216000000012 milligram,0.16000000000000003 micromole,0.10627216000000014 microliter,C32H48NO3PPdS,CC1=C(N2CCCC2=O)C=CC(Br)=C1,1-(4-bromo-2-methylphenyl)pyrrolidin-2-one,0.20330160000000003 milligram,0.8 micromole,0.20330160000000008 microliter,C11H12BrNO,B1(OC(C(O1)(C)C)(C)C)C2=CC=C(C=C2)N,"4-(4,4,5,5-tetramethyl-1,3,2-dioxaborolan-2-yl)aniline",0.21032928 milligram,0.9600000000000001 micromole,0.21032928000000006 microliter,C12H18BNO2,O=C([O-])[O-].[Na+].[Na+],Na2CO3,0.635928 milligram,6.0 micromole,0.6359280000000002 microliter,CNa2O3,CN1C=NC2=C1C(=O)N(C(=O)N2C)C,caffeine,0.1553528 milligram,0.8 micromole,0.15535280000000004 microliter,C8H10N4O2,C1COCCO1,dioxane,32.445 milligram,368.2496084262139 micromole,31.5 microliter,C4H8O2,O,water,3.5 milligram,194.2825423258396 micromole,3.5 microliter,H2O,Cc1cc(-c2ccc(N)cc2)ccc1N1CCCC1=O,suzuki_product_0,0.0 milligram,0.0 micromole,0 microliter,C17H18N2O,Cc1ccccc1N1CCCC1=O,dehalogenation_0,0.0 milligram,0.0 micromole,0 microliter,C11H13NO,Nc1ccccc1,deborylation_0,0.0 milligram,0.0 micromole,0 microliter,C6H7N,CC1=C(N2CCCC2=O)C=CC(Br)=C1.B1(OC(C(O1)(C)C)(C)C)C2=CC=C(C=C2)N>>Cc1cc(-c2ccc(N)cc2)ccc1N1CCCC1=O.Cc1ccccc1N1CCCC1=O.Nc1ccccc1,001_RLN-NB-2443_007_J24,,,,,,,,,3/30/23 2:25,kat78-2-j24-a1_03_22_2023_240.raw,2min_150_1200.EXP,001_RLN-NB-2443_007_J24,KAT78-2-J24-A1_KAT78-2-J24-A1_KAT78-2-J24-A1,0,0,0,0,0,0,0,0,0,0,0,0,0,0,0,deborylation_0,0,0,0,0,0,178.4288299,22.07646413,4.424589942,195,0.7334,0,0,0,0,0,0,0,0,0,0,0,0,0,0,0,10.76136275,1.888320652,0.378459363,220,1.0918,0,0,0,0,0,0,0,0,0,0,0,0,0,0,0,72.11618339,7.672437499,1.537718612,253.8,1.1868,96.02475241,12.09898675,2.424892626,267,0.8868,0,0,0,0,0,0,0,0,0,0,0,0,0.000438439,54.80491204,0,0,0,0,0,0,0,0,6.84E-05,8.553546622,0,0,0,0,0,0,0,0,0.000278031,34.7539237
K1,C[NH+]1C2=C(C3=C([Pd-2]1([P+](C4CCCCC4)(C5CCCCC5)C6CCCCC6)OS(C)(=O)=O)C=CC=C3)C=CC=C2,PCy Pd G4,0.10627216000000012 milligram,0.16000000000000003 micromole,0.10627216000000014 microliter,C32H48NO3PPdS,BrC1=CC=CN2C=CN=C12,"8-bromoimidazo[1,2-a]pyridine",0.15762800000000002 milligram,0.8 micromole,0.15762800000000005 microliter,C7H5BrN2,B1(OC(C(O1)(C)C)(C)C)C2=CN=C(C=C2)C,"2-methyl-5-(4,4,5,5-tetramethyl-1,3,2-dioxaborolan-2-yl)pyridine",0.21032928 milligram,0.9600000000000001 micromole,0.21032928000000006 microliter,C12H18BNO2,O=C([O-])[O-].[Na+].[Na+],Na2CO3,0.635928 milligram,6.0 micromole,0.6359280000000002 microliter,CNa2O3,CN1C=NC2=C1C(=O)N(C(=O)N2C)C,caffeine,0.1553528 milligram,0.8 micromole,0.15535280000000004 microliter,C8H10N4O2,C1COCCO1,dioxane,32.445 milligram,368.2496084262139 micromole,31.5 microliter,C4H8O2,O,water,3.5 milligram,194.2825423258396 micromole,3.5 microliter,H2O,Cc1ccc(-c2cccn3ccnc23)cn1,suzuki_product_0,0.0 milligram,0.0 micromole,0 microliter,C13H11N3,c1ccn2ccnc2c1,dehalogenation_0,0.0 milligram,0.0 micromole,0 microliter,C7H6N2,Cc1ccccn1,deborylation_0,0.0 milligram,0.0 micromole,0 microliter,C6H7N,BrC1=CC=CN2C=CN=C12.B1(OC(C(O1)(C)C)(C)C)C2=CN=C(C=C2)C>>Cc1ccc(-c2cccn3ccnc23)cn1.c1ccn2ccnc2c1.Cc1ccccn1,001_RLN-NB-2443_007_K1,,,,,,,,,3/30/23 2:28,kat78-2-k1-a1_03_22_2023_241.raw,2min_150_1200.EXP,001_RLN-NB-2443_007_K1,KAT78-2-K1-A1_KAT78-2-K1-A1_KAT78-2-K1-A1,0,0,0,0,0,0,0,0,0,0,0,0,0,0,0,deborylation_0,0,0,0,0,0,185.2149134,53.64522459,4.737119866,194.9,0.7334,0,0,0,0,0,0,0,0,0,0,0,0,0,0,0,0,0,0,0,0,0,0,0,0,0,0,0,0,0,0,0,0,0,0,0,0,0,0,0,0,0,0,0,0,0,0,0,0,0,0,0,0,0,0,0,0,0,0,0,0,0,0,0,0,0,0,0,0,0,0,0,0,0,0,0,0,0,0,0
K2,C[NH+]1C2=C(C3=C([Pd-2]1([P+](C4CCCCC4)(C5CCCCC5)C6CCCCC6)OS(C)(=O)=O)C=CC=C3)C=CC=C2,PCy Pd G4,0.10627216000000012 milligram,0.16000000000000003 micromole,0.10627216000000014 microliter,C32H48NO3PPdS,BrC1=CC=CN2C=CN=C12,"8-bromoimidazo[1,2-a]pyridine",0.15762800000000002 milligram,0.8 micromole,0.15762800000000005 microliter,C7H5BrN2,B1(OC(C(O1)(C)C)(C)C)C2=CN(N=C2C)C,"1,3-dimethyl-4-(4,4,5,5-tetramethyl-1,3,2-dioxaborolan-2-yl)-1H-pyrazole",0.21321311999999998 milligram,0.9600000000000001 micromole,0.21321312000000003 microliter,C11H19BN2O2,O=C([O-])[O-].[Na+].[Na+],Na2CO3,0.635928 milligram,6.0 micromole,0.6359280000000002 microliter,CNa2O3,CN1C=NC2=C1C(=O)N(C(=O)N2C)C,caffeine,0.1553528 milligram,0.8 micromole,0.15535280000000004 microliter,C8H10N4O2,C1COCCO1,dioxane,32.445 milligram,368.2496084262139 micromole,31.5 microliter,C4H8O2,O,water,3.5 milligram,194.2825423258396 micromole,3.5 microliter,H2O,Cc1nn(C)cc1-c1cccn2ccnc12,suzuki_product_0,0.0 milligram,0.0 micromole,0 microliter,C12H12N4,c1ccn2ccnc2c1,dehalogenation_0,0.0 milligram,0.0 micromole,0 microliter,C7H6N2,Cc1ccn(C)n1,deborylation_0,0.0 milligram,0.0 micromole,0 microliter,C5H8N2,BrC1=CC=CN2C=CN=C12.B1(OC(C(O1)(C)C)(C)C)C2=CN(N=C2C)C>>Cc1nn(C)cc1-c1cccn2ccnc12.c1ccn2ccnc2c1.Cc1ccn(C)n1,001_RLN-NB-2443_007_K2,,,,,,,,,3/30/23 2:30,kat78-2-k2-a1_03_22_2023_242.raw,2min_150_1200.EXP,001_RLN-NB-2443_007_K2,KAT78-2-K2-A1_KAT78-2-K2-A1_KAT78-2-K2-A1,0,0,0,0,0,0,0,0,0,0,0,0,0,0,0,deborylation_0,0,0,0,0,0,187.9046016,34.98037747,4.826176523,195,0.7334,0,0,0,0,0,0,0,0,0,0,0,0,0,0,0,0,0,0,0,0,0,0,0,0,0,0,0,0,0,0,0,0,0,0,0,0,0,0,0,0,0,0,0,0,0,0,0,0,0,0,0,0,0,0,0,0,0,0,0,0,0,0,0,0,0,0,0,0,0,0,0,0,0,0,0,0,0,0,0
K3,C[NH+]1C2=C(C3=C([Pd-2]1([P+](C4CCCCC4)(C5CCCCC5)C6CCCCC6)OS(C)(=O)=O)C=CC=C3)C=CC=C2,PCy Pd G4,0.10627216000000012 milligram,0.16000000000000003 micromole,0.10627216000000014 microliter,C32H48NO3PPdS,BrC1=CC=CN2C=CN=C12,"8-bromoimidazo[1,2-a]pyridine",0.15762800000000002 milligram,0.8 micromole,0.15762800000000005 microliter,C7H5BrN2,B1(OC(C(O1)(C)C)(C)C)C2=CCN(CC2)C(=O)OC(C)(C)C,"N-Boc-1,2,5,6-tetrahydropyridine-4-boronic acid pinacol ester",0.29684640000000007 milligram,0.9600000000000001 micromole,0.2968464000000001 microliter,C16H28BNO4,O=C([O-])[O-].[Na+].[Na+],Na2CO3,0.635928 milligram,6.0 micromole,0.6359280000000002 microliter,CNa2O3,CN1C=NC2=C1C(=O)N(C(=O)N2C)C,caffeine,0.1553528 milligram,0.8 micromole,0.15535280000000004 microliter,C8H10N4O2,C1COCCO1,dioxane,32.445 milligram,368.2496084262139 micromole,31.5 microliter,C4H8O2,O,water,3.5 milligram,194.2825423258396 micromole,3.5 microliter,H2O,CC(C)(C)OC(=O)N1CC=C(c2cccn3ccnc23)CC1,suzuki_product_0,0.0 milligram,0.0 micromole,0 microliter,C17H21N3O2,c1ccn2ccnc2c1,dehalogenation_0,0.0 milligram,0.0 micromole,0 microliter,C7H6N2,CC(C)(C)OC(=O)N1CC=CCC1,deborylation_0,0.0 milligram,0.0 micromole,0 microliter,C10H17NO2,BrC1=CC=CN2C=CN=C12.B1(OC(C(O1)(C)C)(C)C)C2=CCN(CC2)C(=O)OC(C)(C)C>>CC(C)(C)OC(=O)N1CC=C(c2cccn3ccnc23)CC1.c1ccn2ccnc2c1.CC(C)(C)OC(=O)N1CC=CCC1,001_RLN-NB-2443_007_K3,,,,,,,,,3/30/23 2:33,kat78-2-k3-a1_03_22_2023_243.raw,2min_150_1200.EXP,001_RLN-NB-2443_007_K3,KAT78-2-K3-A1_KAT78-2-K3-A1_KAT78-2-K3-A1,0,0,0,0,0,0,0,0,0,0,0,0,0,0,0,deborylation_0,0,0,0,0,0,181.8088771,15.09567492,4.507736669,195,0.7334,0,0,0,0,0,0,0,0,0,0,54.90520659,4.608573406,1.37617135,309,1.5418,0,0,0,0,0,0,0,0,0,0,0,0,0,0,0,0,0,0,0,0,0,0,0,0,0,158.2365121,15.45388221,4.614701355,299.9,0.8701,0,0,0,0,0,0,0,0,0,0,0,0,0.000818983,102.3729134,0,0,0,0,0,0,0.000244233,30.52909811,0,0,0,0,0,0,0,0,0,0,0,0
K4,C[NH+]1C2=C(C3=C([Pd-2]1([P+](C4CCCCC4)(C5CCCCC5)C6CCCCC6)OS(C)(=O)=O)C=CC=C3)C=CC=C2,PCy Pd G4,0.10627216000000012 milligram,0.16000000000000003 micromole,0.10627216000000014 microliter,C32H48NO3PPdS,BrC1=CC=CN2C=CN=C12,"8-bromoimidazo[1,2-a]pyridine",0.15762800000000002 milligram,0.8 micromole,0.15762800000000005 microliter,C7H5BrN2,B1(OC(C(O1)(C)C)(C)C)C2=CCN(CC2)C(=O)OC(C)(C)C,"N-Boc-1,2,5,6-tetrahydropyridine-4-boronic acid pinacol ester",0.29684640000000007 milligram,0.9600000000000001 micromole,0.2968464000000001 microliter,C16H28BNO4,O=C([O-])[O-].[Na+].[Na+],Na2CO3,0.635928 milligram,6.0 micromole,0.6359280000000002 microliter,CNa2O3,CN1C=NC2=C1C(=O)N(C(=O)N2C)C,caffeine,0.1553528 milligram,0.8 micromole,0.15535280000000004 microliter,C8H10N4O2,C1COCCO1,dioxane,32.445 milligram,368.2496084262139 micromole,31.5 microliter,C4H8O2,O,water,3.5 milligram,194.2825423258396 micromole,3.5 microliter,H2O,CC(C)(C)OC(=O)N1CC=C(c2cccn3ccnc23)CC1,suzuki_product_0,0.0 milligram,0.0 micromole,0 microliter,C17H21N3O2,c1ccn2ccnc2c1,dehalogenation_0,0.0 milligram,0.0 micromole,0 microliter,C7H6N2,CC(C)(C)OC(=O)N1CC=CCC1,deborylation_0,0.0 milligram,0.0 micromole,0 microliter,C10H17NO2,BrC1=CC=CN2C=CN=C12.B1(OC(C(O1)(C)C)(C)C)C2=CCN(CC2)C(=O)OC(C)(C)C>>CC(C)(C)OC(=O)N1CC=C(c2cccn3ccnc23)CC1.c1ccn2ccnc2c1.CC(C)(C)OC(=O)N1CC=CCC1,001_RLN-NB-2443_007_K4,,,,,,,,,3/30/23 2:35,kat78-2-k4-a1_03_22_2023_244.raw,2min_150_1200.EXP,001_RLN-NB-2443_007_K4,KAT78-2-K4-A1_KAT78-2-K4-A1_KAT78-2-K4-A1,0,0,0,0,0,0,0,0,0,0,0,0,0,0,0,deborylation_0,0,0,0,0,0,184.4995675,16.69021666,4.486759436,194.9,0.7334,0,0,0,0,0,0,0,0,0,0,42.63322772,4.554259929,1.224302184,309.1,1.5401,0,0,0,0,0,0,0,0,0,0,0,0,0,0,0,0,0,0,0,0,0,0,0,0,0,144.6293359,14.77742891,3.972552901,300.1,0.8718,0,0,0,0,0,0,0,0,0,0,0,0,0.000708316,88.53946725,0,0,0,0,0,0,0.000218296,27.28700305,0,0,0,0,0,0,0,0,0,0,0,0
K5,C[NH+]1C2=C(C3=C([Pd-2]1([P+](C4CCCCC4)(C5CCCCC5)C6CCCCC6)OS(C)(=O)=O)C=CC=C3)C=CC=C2,PCy Pd G4,0.10627216000000012 milligram,0.16000000000000003 micromole,0.10627216000000014 microliter,C32H48NO3PPdS,BrC1=CC=CN2C=CN=C12,"8-bromoimidazo[1,2-a]pyridine",0.15762800000000002 milligram,0.8 micromole,0.15762800000000005 microliter,C7H5BrN2,B1(OC(C(O1)(C)C)(C)C)C2=CC=C(C=C2)N,"4-(4,4,5,5-tetramethyl-1,3,2-dioxaborolan-2-yl)aniline",0.21032928 milligram,0.9600000000000001 micromole,0.21032928000000006 microliter,C12H18BNO2,O=C([O-])[O-].[Na+].[Na+],Na2CO3,0.635928 milligram,6.0 micromole,0.6359280000000002 microliter,CNa2O3,CN1C=NC2=C1C(=O)N(C(=O)N2C)C,caffeine,0.1553528 milligram,0.8 micromole,0.15535280000000004 microliter,C8H10N4O2,C1COCCO1,dioxane,32.445 milligram,368.2496084262139 micromole,31.5 microliter,C4H8O2,O,water,3.5 milligram,194.2825423258396 micromole,3.5 microliter,H2O,Nc1ccc(-c2cccn3ccnc23)cc1,suzuki_product_0,0.0 milligram,0.0 micromole,0 microliter,C13H11N3,c1ccn2ccnc2c1,dehalogenation_0,0.0 milligram,0.0 micromole,0 microliter,C7H6N2,Nc1ccccc1,deborylation_0,0.0 milligram,0.0 micromole,0 microliter,C6H7N,BrC1=CC=CN2C=CN=C12.B1(OC(C(O1)(C)C)(C)C)C2=CC=C(C=C2)N>>Nc1ccc(-c2cccn3ccnc23)cc1.c1ccn2ccnc2c1.Nc1ccccc1,001_RLN-NB-2443_007_K5,,,,,,,,,3/30/23 2:38,kat78-2-k5-a1_03_22_2023_245.raw,2min_150_1200.EXP,001_RLN-NB-2443_007_K5,KAT78-2-K5-A1_KAT78-2-K5-A1_KAT78-2-K5-A1,0,0,0,0,0,0,0,0,0,0,0,0,0,0,0,deborylation_0,0,0,0,0,0,173.0271984,27.38937244,4.396910251,195,0.7334,0,0,0,0,0,0,0,0,0,0,0,0,0,0,0,15.67504387,4.173114759,0.669924479,220,1.0951,0,0,0,0,0,0,0,0,0,0,0,0,0,0,0,0,0,0,0,0,33.65403645,5.663200292,0.909133039,210,0.6351,0,0,0,0,0,0,0,0,0,0,0,0,0.000165413,20.67663399,0,0,0,0,0,0,0,0,0.00012189,15.23625548,0,0,0,0,0,0,0,0,0,0
K6,C[NH+]1C2=C(C3=C([Pd-2]1([P+](C4CCCCC4)(C5CCCCC5)C6CCCCC6)OS(C)(=O)=O)C=CC=C3)C=CC=C2,PCy Pd G4,0.10627216000000012 milligram,0.16000000000000003 micromole,0.10627216000000014 microliter,C32H48NO3PPdS,BrC1=CC=CN2C=CN=C12,"8-bromoimidazo[1,2-a]pyridine",0.15762800000000002 milligram,0.8 micromole,0.15762800000000005 microliter,C7H5BrN2,B1(OC(C(O1)(C)C)(C)C)C2=CC=C(C=C2)N,"4-(4,4,5,5-tetramethyl-1,3,2-dioxaborolan-2-yl)aniline",0.21032928 milligram,0.9600000000000001 micromole,0.21032928000000006 microliter,C12H18BNO2,O=C([O-])[O-].[Na+].[Na+],Na2CO3,0.635928 milligram,6.0 micromole,0.6359280000000002 microliter,CNa2O3,CN1C=NC2=C1C(=O)N(C(=O)N2C)C,caffeine,0.1553528 milligram,0.8 micromole,0.15535280000000004 microliter,C8H10N4O2,C1COCCO1,dioxane,32.445 milligram,368.2496084262139 micromole,31.5 microliter,C4H8O2,O,water,3.5 milligram,194.2825423258396 micromole,3.5 microliter,H2O,Nc1ccc(-c2cccn3ccnc23)cc1,suzuki_product_0,0.0 milligram,0.0 micromole,0 microliter,C13H11N3,c1ccn2ccnc2c1,dehalogenation_0,0.0 milligram,0.0 micromole,0 microliter,C7H6N2,Nc1ccccc1,deborylation_0,0.0 milligram,0.0 micromole,0 microliter,C6H7N,BrC1=CC=CN2C=CN=C12.B1(OC(C(O1)(C)C)(C)C)C2=CC=C(C=C2)N>>Nc1ccc(-c2cccn3ccnc23)cc1.c1ccn2ccnc2c1.Nc1ccccc1,001_RLN-NB-2443_007_K6,,,,,,,,,3/30/23 2:40,kat78-2-k6-a1_03_22_2023_246.raw,2min_150_1200.EXP,001_RLN-NB-2443_007_K6,KAT78-2-K6-A1_KAT78-2-K6-A1_KAT78-2-K6-A1,0,0,0,0,0,0,0,0,0,0,0,0,0,0,0,deborylation_0,0,0,0,0,0,173.5534318,25.20189079,4.469770016,195,0.7334,0,0,0,0,0,0,0,0,0,0,0,0,0,0,0,15.32191469,3.40319991,0.603586494,220,1.1001,0,0,0,0,0,0,0,0,0,0,0,0,0,0,0,0,0,0,0,0,33.9075705,5.542390649,0.982990195,209.9,0.6368,0,0,0,0,0,0,0,0,0,0,0,0,0.000175936,21.9919636,0,0,0,0,0,0,0,0,0.00010803,13.50374834,0,0,0,0,0,0,0,0,0,0
K7,C[NH+]1C2=C(C3=C([Pd-2]1([P+](C4CCCCC4)(C5CCCCC5)C6CCCCC6)OS(C)(=O)=O)C=CC=C3)C=CC=C2,PCy Pd G4,0.10627216000000012 milligram,0.16000000000000003 micromole,0.10627216000000014 microliter,C32H48NO3PPdS,CC1=CC(C=O)=C(C)N1C2=CC(Cl)=CC(Cl)=C2,"1-(3,5-dichlorophenyl)-2,5-dimethyl-1H-pyrrole-3-carbaldehyde",0.2145144 milligram,0.8 micromole,0.21451440000000005 microliter,C13H11Cl2NO,B1(OC(C(O1)(C)C)(C)C)C2=CN=C(C=C2)C,"2-methyl-5-(4,4,5,5-tetramethyl-1,3,2-dioxaborolan-2-yl)pyridine",0.21032928 milligram,0.9600000000000001 micromole,0.21032928000000006 microliter,C12H18BNO2,O=C([O-])[O-].[Na+].[Na+],Na2CO3,0.635928 milligram,6.0 micromole,0.6359280000000002 microliter,CNa2O3,CN1C=NC2=C1C(=O)N(C(=O)N2C)C,caffeine,0.1553528 milligram,0.8 micromole,0.15535280000000004 microliter,C8H10N4O2,C1COCCO1,dioxane,32.445 milligram,368.2496084262139 micromole,31.5 microliter,C4H8O2,O,water,3.5 milligram,194.2825423258396 micromole,3.5 microliter,H2O,Cc1ccc(-c2cc(Cl)cc(-n3c(C)cc(C=O)c3C)c2)cn1,suzuki_product_0,0.0 milligram,0.0 micromole,0 microliter,C19H17ClN2O,Cc1ccc(-c2cc(-c3ccc(C)nc3)cc(-n3c(C)cc(C=O)c3C)c2)cn1,bis_addition_1,0.0 milligram,0.0 micromole,0 microliter,C25H23N3O,Cc1cc(C=O)c(C)n1-c1cccc(Cl)c1,dehalogenation_0,0.0 milligram,0.0 micromole,0 microliter,C13H12ClNO,CC1=CC(C=O)=C(C)N1C2=CC(Cl)=CC(Cl)=C2.B1(OC(C(O1)(C)C)(C)C)C2=CN=C(C=C2)C>>Cc1ccc(-c2cc(Cl)cc(-n3c(C)cc(C=O)c3C)c2)cn1.Cc1ccc(-c2cc(-c3ccc(C)nc3)cc(-n3c(C)cc(C=O)c3C)c2)cn1.Cc1cc(C=O)c(C)n1-c1cccc(Cl)c1.Cc1ccccn1,001_RLN-NB-2443_007_K7,,,Cc1ccccn1,deborylation_0,0.0 milligram,0.0 micromole,0 microliter,C6H7N,3/30/23 2:43,kat78-2-k7-a1_03_22_2023_247.raw,2min_150_1200.EXP,001_RLN-NB-2443_007_K7,KAT78-2-K7-A1_KAT78-2-K7-A1_KAT78-2-K7-A1,0,0,0,0,0,0,0,0,0,0,0,0,0,0,0,bis_addition_1,0,0,0,0,0,183.4663814,37.97115392,4.671696046,195,0.7334,0,0,0,0,0,0,0,0,0,0,0,0,0,0,0,0,0,0,0,0,0,0,0,0,0,0,0,0,0,0,0,0,0,0,0,0,0,0,0,0,0,0,0,0,0,0,0,0,0,0,240.3223774,39.71059928,4.885704818,267.9,1.3268,0,0,0,0,0,0,0,0,0,0,0,0,0,0,0.000836648,104.5809652,0,0,0,0,0,0,0,0
K8,C[NH+]1C2=C(C3=C([Pd-2]1([P+](C4CCCCC4)(C5CCCCC5)C6CCCCC6)OS(C)(=O)=O)C=CC=C3)C=CC=C2,PCy Pd G4,0.10627216000000012 milligram,0.16000000000000003 micromole,0.10627216000000014 microliter,C32H48NO3PPdS,CC1=CC(C=O)=C(C)N1C2=CC(Cl)=CC(Cl)=C2,"1-(3,5-dichlorophenyl)-2,5-dimethyl-1H-pyrrole-3-carbaldehyde",0.2145144 milligram,0.8 micromole,0.21451440000000005 microliter,C13H11Cl2NO,B1(OC(C(O1)(C)C)(C)C)C2=CN(N=C2C)C,"1,3-dimethyl-4-(4,4,5,5-tetramethyl-1,3,2-dioxaborolan-2-yl)-1H-pyrazole",0.21321311999999998 milligram,0.9600000000000001 micromole,0.21321312000000003 microliter,C11H19BN2O2,O=C([O-])[O-].[Na+].[Na+],Na2CO3,0.635928 milligram,6.0 micromole,0.6359280000000002 microliter,CNa2O3,CN1C=NC2=C1C(=O)N(C(=O)N2C)C,caffeine,0.1553528 milligram,0.8 micromole,0.15535280000000004 microliter,C8H10N4O2,C1COCCO1,dioxane,32.445 milligram,368.2496084262139 micromole,31.5 microliter,C4H8O2,O,water,3.5 milligram,194.2825423258396 micromole,3.5 microliter,H2O,Cc1nn(C)cc1-c1cc(Cl)cc(-n2c(C)cc(C=O)c2C)c1,suzuki_product_0,0.0 milligram,0.0 micromole,0 microliter,C18H18ClN3O,Cc1nn(C)cc1-c1cc(-c2cn(C)nc2C)cc(-n2c(C)cc(C=O)c2C)c1,bis_addition_1,0.0 milligram,0.0 micromole,0 microliter,C23H25N5O,Cc1cc(C=O)c(C)n1-c1cccc(Cl)c1,dehalogenation_0,0.0 milligram,0.0 micromole,0 microliter,C13H12ClNO,CC1=CC(C=O)=C(C)N1C2=CC(Cl)=CC(Cl)=C2.B1(OC(C(O1)(C)C)(C)C)C2=CN(N=C2C)C>>Cc1nn(C)cc1-c1cc(Cl)cc(-n2c(C)cc(C=O)c2C)c1.Cc1nn(C)cc1-c1cc(-c2cn(C)nc2C)cc(-n2c(C)cc(C=O)c2C)c1.Cc1cc(C=O)c(C)n1-c1cccc(Cl)c1.Cc1ccn(C)n1,001_RLN-NB-2443_007_K8,,,Cc1ccn(C)n1,deborylation_0,0.0 milligram,0.0 micromole,0 microliter,C5H8N2,3/30/23 2:45,kat78-2-k8-a1_03_22_2023_248.raw,2min_150_1200.EXP,001_RLN-NB-2443_007_K8,KAT78-2-K8-A1_KAT78-2-K8-A1_KAT78-2-K8-A1,0,0,0,0,0,0,0,0,0,0,0,0,0,0,0,bis_addition_2,0,0,0,0,0,182.0917213,28.67736002,4.729934941,195,0.7318,0,0,0,0,0,0,0,0,0,0,0,0,0,0,0,0,0,0,0,0,0,0,0,0,0,0,0,0,0,0,0,0,0,0,0,0,0,0,0,0,25.53664825,3.46694032,0.57182398,327.9,1.2101,8.979768745,1.27645868,0.210534251,223,0.7001,192.1163328,22.93420216,3.782680277,267.8,1.3251,0,0,9.67E-05,12.0894682,0,0,0,0,3.56E-05,4.451102469,0,0,0,0,0.000639786,79.97319888,0,0,0,0,0,0,0,0
K9,C[NH+]1C2=C(C3=C([Pd-2]1([P+](C4CCCCC4)(C5CCCCC5)C6CCCCC6)OS(C)(=O)=O)C=CC=C3)C=CC=C2,PCy Pd G4,0.10627216000000012 milligram,0.16000000000000003 micromole,0.10627216000000014 microliter,C32H48NO3PPdS,CC1=CC(C=O)=C(C)N1C2=CC(Cl)=CC(Cl)=C2,"1-(3,5-dichlorophenyl)-2,5-dimethyl-1H-pyrrole-3-carbaldehyde",0.2145144 milligram,0.8 micromole,0.21451440000000005 microliter,C13H11Cl2NO,B1(OC(C(O1)(C)C)(C)C)C2=CCN(CC2)C(=O)OC(C)(C)C,"N-Boc-1,2,5,6-tetrahydropyridine-4-boronic acid pinacol ester",0.29684640000000007 milligram,0.9600000000000001 micromole,0.2968464000000001 microliter,C16H28BNO4,O=C([O-])[O-].[Na+].[Na+],Na2CO3,0.635928 milligram,6.0 micromole,0.6359280000000002 microliter,CNa2O3,CN1C=NC2=C1C(=O)N(C(=O)N2C)C,caffeine,0.1553528 milligram,0.8 micromole,0.15535280000000004 microliter,C8H10N4O2,C1COCCO1,dioxane,32.445 milligram,368.2496084262139 micromole,31.5 microliter,C4H8O2,O,water,3.5 milligram,194.2825423258396 micromole,3.5 microliter,H2O,Cc1cc(C=O)c(C)n1-c1cc(Cl)cc(C2=CCN(C(=O)OC(C)(C)C)CC2)c1,suzuki_product_0,0.0 milligram,0.0 micromole,0 microliter,C23H27ClN2O3,Cc1cc(C=O)c(C)n1-c1cc(C2=CCN(C(=O)OC(C)(C)C)CC2)cc(C2=CCN(C(=O)OC(C)(C)C)CC2)c1,bis_addition_2,0.0 milligram,0.0 micromole,0 microliter,C33H43N3O5,Cc1cc(C=O)c(C)n1-c1cccc(Cl)c1,dehalogenation_0,0.0 milligram,0.0 micromole,0 microliter,C13H12ClNO,CC1=CC(C=O)=C(C)N1C2=CC(Cl)=CC(Cl)=C2.B1(OC(C(O1)(C)C)(C)C)C2=CCN(CC2)C(=O)OC(C)(C)C>>Cc1cc(C=O)c(C)n1-c1cc(Cl)cc(C2=CCN(C(=O)OC(C)(C)C)CC2)c1.Cc1cc(C=O)c(C)n1-c1cc(C2=CCN(C(=O)OC(C)(C)C)CC2)cc(C2=CCN(C(=O)OC(C)(C)C)CC2)c1.Cc1cc(C=O)c(C)n1-c1cccc(Cl)c1.CC(C)(C)OC(=O)N1CC=CCC1,001_RLN-NB-2443_007_K9,,,CC(C)(C)OC(=O)N1CC=CCC1,deborylation_0,0.0 milligram,0.0 micromole,0 microliter,C10H17NO2,3/30/23 2:47,kat78-2-k9-a1_03_22_2023_249.raw,2min_150_1200.EXP,001_RLN-NB-2443_007_K9,KAT78-2-K9-A1_KAT78-2-K9-A1_KAT78-2-K9-A1,0,0,0,0,0,0,0,0,0,0,0,0,0,0,0,bis_addition_1,0,0,0,0,0,186.7448658,14.72402853,4.682540077,194.9,0.7351,155.4829267,10.00172053,3.180750236,267.9,1.3268,0,0,0,0,0,54.97140109,5.780882415,1.838438001,308.9,1.5501,0,0,0,0,0,0,0,0,0,0,0,0,0,0,0,0,0,0,0,0,0,0,0,0,0,238.3723586,13.83742081,4.400580817,415.1,1.4701,0,0,0,0,0,155.4829267,10.00172053,3.180750236,267.9,1.3268,0,0,0.000751828,93.97849767,0,0,0.000543423,67.92788067,0,0,0.000314092,39.26155401,0,0,0.000543423,67.92788067,0,0,0,0,0,0,0,0
K10,C[NH+]1C2=C(C3=C([Pd-2]1([P+](C4CCCCC4)(C5CCCCC5)C6CCCCC6)OS(C)(=O)=O)C=CC=C3)C=CC=C2,PCy Pd G4,0.10627216000000012 milligram,0.16000000000000003 micromole,0.10627216000000014 microliter,C32H48NO3PPdS,CC1=CC(C=O)=C(C)N1C2=CC(Cl)=CC(Cl)=C2,"1-(3,5-dichlorophenyl)-2,5-dimethyl-1H-pyrrole-3-carbaldehyde",0.2145144 milligram,0.8 micromole,0.21451440000000005 microliter,C13H11Cl2NO,B1(OC(C(O1)(C)C)(C)C)C2=CCN(CC2)C(=O)OC(C)(C)C,"N-Boc-1,2,5,6-tetrahydropyridine-4-boronic acid pinacol ester",0.29684640000000007 milligram,0.9600000000000001 micromole,0.2968464000000001 microliter,C16H28BNO4,O=C([O-])[O-].[Na+].[Na+],Na2CO3,0.635928 milligram,6.0 micromole,0.6359280000000002 microliter,CNa2O3,CN1C=NC2=C1C(=O)N(C(=O)N2C)C,caffeine,0.1553528 milligram,0.8 micromole,0.15535280000000004 microliter,C8H10N4O2,C1COCCO1,dioxane,32.445 milligram,368.2496084262139 micromole,31.5 microliter,C4H8O2,O,water,3.5 milligram,194.2825423258396 micromole,3.5 microliter,H2O,Cc1cc(C=O)c(C)n1-c1cc(Cl)cc(C2=CCN(C(=O)OC(C)(C)C)CC2)c1,suzuki_product_0,0.0 milligram,0.0 micromole,0 microliter,C23H27ClN2O3,Cc1cc(C=O)c(C)n1-c1cc(C2=CCN(C(=O)OC(C)(C)C)CC2)cc(C2=CCN(C(=O)OC(C)(C)C)CC2)c1,bis_addition_2,0.0 milligram,0.0 micromole,0 microliter,C33H43N3O5,Cc1cc(C=O)c(C)n1-c1cccc(Cl)c1,dehalogenation_0,0.0 milligram,0.0 micromole,0 microliter,C13H12ClNO,CC1=CC(C=O)=C(C)N1C2=CC(Cl)=CC(Cl)=C2.B1(OC(C(O1)(C)C)(C)C)C2=CCN(CC2)C(=O)OC(C)(C)C>>Cc1cc(C=O)c(C)n1-c1cc(Cl)cc(C2=CCN(C(=O)OC(C)(C)C)CC2)c1.Cc1cc(C=O)c(C)n1-c1cc(C2=CCN(C(=O)OC(C)(C)C)CC2)cc(C2=CCN(C(=O)OC(C)(C)C)CC2)c1.Cc1cc(C=O)c(C)n1-c1cccc(Cl)c1.CC(C)(C)OC(=O)N1CC=CCC1,001_RLN-NB-2443_007_K10,,,CC(C)(C)OC(=O)N1CC=CCC1,deborylation_0,0.0 milligram,0.0 micromole,0 microliter,C10H17NO2,3/30/23 2:50,kat78-2-k10-a1_03_22_2023_250.raw,2min_150_1200.EXP,001_RLN-NB-2443_007_K10,KAT78-2-K10-A1_KAT78-2-K10-A1_KAT78-2-K10-A1,0,0,0,0,0,0,0,0,0,0,0,0,0,0,0,bis_addition_1,0,0,0,0,0,176.8688741,13.42124433,4.521195867,195,0.7334,147.9854871,9.394192887,3.164608661,267.8,1.3251,0,0,0,0,0,61.64113984,5.784970973,1.948775106,309,1.5451,0,0,0,0,0,0,0,0,0,0,0,0,0,0,0,0,0,0,0,0,0,0,0,0,0,262.0068541,14.61542512,4.923477883,415,1.4684,0,0,0,0,0,147.9854871,9.394192887,3.164608661,267.8,1.3251,0,0,0.000871182,108.8976905,0,0,0.00055996,69.99494722,0,0,0.000344825,43.10308962,0,0,0.00055996,69.99494722,0,0,0,0,0,0,0,0
K11,C[NH+]1C2=C(C3=C([Pd-2]1([P+](C4CCCCC4)(C5CCCCC5)C6CCCCC6)OS(C)(=O)=O)C=CC=C3)C=CC=C2,PCy Pd G4,0.10627216000000012 milligram,0.16000000000000003 micromole,0.10627216000000014 microliter,C32H48NO3PPdS,CC1=CC(C=O)=C(C)N1C2=CC(Cl)=CC(Cl)=C2,"1-(3,5-dichlorophenyl)-2,5-dimethyl-1H-pyrrole-3-carbaldehyde",0.2145144 milligram,0.8 micromole,0.21451440000000005 microliter,C13H11Cl2NO,B1(OC(C(O1)(C)C)(C)C)C2=CC=C(C=C2)N,"4-(4,4,5,5-tetramethyl-1,3,2-dioxaborolan-2-yl)aniline",0.21032928 milligram,0.9600000000000001 micromole,0.21032928000000006 microliter,C12H18BNO2,O=C([O-])[O-].[Na+].[Na+],Na2CO3,0.635928 milligram,6.0 micromole,0.6359280000000002 microliter,CNa2O3,CN1C=NC2=C1C(=O)N(C(=O)N2C)C,caffeine,0.1553528 milligram,0.8 micromole,0.15535280000000004 microliter,C8H10N4O2,C1COCCO1,dioxane,32.445 milligram,368.2496084262139 micromole,31.5 microliter,C4H8O2,O,water,3.5 milligram,194.2825423258396 micromole,3.5 microliter,H2O,Cc1cc(C=O)c(C)n1-c1cc(Cl)cc(-c2ccc(N)cc2)c1,suzuki_product_0,0.0 milligram,0.0 micromole,0 microliter,C19H17ClN2O,Cc1cc(C=O)c(C)n1-c1cc(-c2ccc(N)cc2)cc(-c2ccc(N)cc2)c1,bis_addition_1,0.0 milligram,0.0 micromole,0 microliter,C25H23N3O,Cc1cc(C=O)c(C)n1-c1cccc(Cl)c1,dehalogenation_0,0.0 milligram,0.0 micromole,0 microliter,C13H12ClNO,CC1=CC(C=O)=C(C)N1C2=CC(Cl)=CC(Cl)=C2.B1(OC(C(O1)(C)C)(C)C)C2=CC=C(C=C2)N>>Cc1cc(C=O)c(C)n1-c1cc(Cl)cc(-c2ccc(N)cc2)c1.Cc1cc(C=O)c(C)n1-c1cc(-c2ccc(N)cc2)cc(-c2ccc(N)cc2)c1.Cc1cc(C=O)c(C)n1-c1cccc(Cl)c1.Nc1ccccc1,001_RLN-NB-2443_007_K11,,,Nc1ccccc1,deborylation_0,0.0 milligram,0.0 micromole,0 microliter,C6H7N,3/30/23 2:52,kat78-2-k11-a1_03_22_2023_251.raw,2min_150_1200.EXP,001_RLN-NB-2443_007_K11,KAT78-2-K11-A1_KAT78-2-K11-A1_KAT78-2-K11-A1,0,0,0,0,0,0,0,0,0,0,0,0,0,0,0,bis_addition_1,0,0,0,0,0,167.764661,19.02381205,4.410315011,194.9,0.7334,0,0,0,0,0,0,0,0,0,0,0,0,0,0,0,0,0,0,0,0,0,0,0,0,0,0,0,0,0,0,0,0,0,0,0,0,0,0,0,0,117.3309206,15.4447759,3.580582421,324.9,1.2284,0,0,0,0,0,175.0789452,15.63070841,3.623687395,267.9,1.3234,0,0,0.000649492,81.18654591,0,0,0,0,0,0,0,0,0,0,0.000657311,82.16391314,0,0,0,0,0,0,0,0
K12,C[NH+]1C2=C(C3=C([Pd-2]1([P+](C4CCCCC4)(C5CCCCC5)C6CCCCC6)OS(C)(=O)=O)C=CC=C3)C=CC=C2,PCy Pd G4,0.10627216000000012 milligram,0.16000000000000003 micromole,0.10627216000000014 microliter,C32H48NO3PPdS,CC1=CC(C=O)=C(C)N1C2=CC(Cl)=CC(Cl)=C2,"1-(3,5-dichlorophenyl)-2,5-dimethyl-1H-pyrrole-3-carbaldehyde",0.2145144 milligram,0.8 micromole,0.21451440000000005 microliter,C13H11Cl2NO,B1(OC(C(O1)(C)C)(C)C)C2=CC=C(C=C2)N,"4-(4,4,5,5-tetramethyl-1,3,2-dioxaborolan-2-yl)aniline",0.21032928 milligram,0.9600000000000001 micromole,0.21032928000000006 microliter,C12H18BNO2,O=C([O-])[O-].[Na+].[Na+],Na2CO3,0.635928 milligram,6.0 micromole,0.6359280000000002 microliter,CNa2O3,CN1C=NC2=C1C(=O)N(C(=O)N2C)C,caffeine,0.1553528 milligram,0.8 micromole,0.15535280000000004 microliter,C8H10N4O2,C1COCCO1,dioxane,32.445 milligram,368.2496084262139 micromole,31.5 microliter,C4H8O2,O,water,3.5 milligram,194.2825423258396 micromole,3.5 microliter,H2O,Cc1cc(C=O)c(C)n1-c1cc(Cl)cc(-c2ccc(N)cc2)c1,suzuki_product_0,0.0 milligram,0.0 micromole,0 microliter,C19H17ClN2O,Cc1cc(C=O)c(C)n1-c1cc(-c2ccc(N)cc2)cc(-c2ccc(N)cc2)c1,bis_addition_1,0.0 milligram,0.0 micromole,0 microliter,C25H23N3O,Cc1cc(C=O)c(C)n1-c1cccc(Cl)c1,dehalogenation_0,0.0 milligram,0.0 micromole,0 microliter,C13H12ClNO,CC1=CC(C=O)=C(C)N1C2=CC(Cl)=CC(Cl)=C2.B1(OC(C(O1)(C)C)(C)C)C2=CC=C(C=C2)N>>Cc1cc(C=O)c(C)n1-c1cc(Cl)cc(-c2ccc(N)cc2)c1.Cc1cc(C=O)c(C)n1-c1cc(-c2ccc(N)cc2)cc(-c2ccc(N)cc2)c1.Cc1cc(C=O)c(C)n1-c1cccc(Cl)c1.Nc1ccccc1,001_RLN-NB-2443_007_K12,,,Nc1ccccc1,deborylation_0,0.0 milligram,0.0 micromole,0 microliter,C6H7N,3/30/23 2:55,kat78-2-k12-a1_03_22_2023_252.raw,2min_150_1200.EXP,001_RLN-NB-2443_007_K12,KAT78-2-K12-A1_KAT78-2-K12-A1_KAT78-2-K12-A1,0,0,0,0,0,0,0,0,0,0,0,0,0,0,0,bis_addition_1,0,0,0,0,0,172.0496755,18.59421426,4.355620476,195,0.7334,0,0,0,0,0,0,0,0,0,0,0,0,0,0,0,0,0,0,0,0,0,0,0,0,0,0,0,0,0,0,0,0,0,0,0,0,0,0,0,0,126.8338511,16.47339854,3.858827858,324.9,1.2334,0,0,0,0,0,169.1133992,15.1123971,3.540018703,267.8,1.3251,0,0,0.000708754,88.59421704,0,0,0,0,0,0,0,0,0,0,0.000650198,81.2747282,0,0,0,0,0,0,0,0
K13,C[NH+]1C2=C(C3=C([Pd-2]1([P+](C4CCCCC4)(C5CCCCC5)C6CCCCC6)OS(C)(=O)=O)C=CC=C3)C=CC=C2,PCy Pd G4,0.10627216000000012 milligram,0.16000000000000003 micromole,0.10627216000000014 microliter,C32H48NO3PPdS,COC1=C(N)C(Cl)=NC=N1,4-chloro-6-methoxypyrimidin-5-amine,0.12766080000000002 milligram,0.8 micromole,0.12766080000000005 microliter,C5H6ClN3O,B1(OC(C(O1)(C)C)(C)C)C2=CN=C(C=C2)C,"2-methyl-5-(4,4,5,5-tetramethyl-1,3,2-dioxaborolan-2-yl)pyridine",0.21032928 milligram,0.9600000000000001 micromole,0.21032928000000006 microliter,C12H18BNO2,O=C([O-])[O-].[Na+].[Na+],Na2CO3,0.635928 milligram,6.0 micromole,0.6359280000000002 microliter,CNa2O3,CN1C=NC2=C1C(=O)N(C(=O)N2C)C,caffeine,0.1553528 milligram,0.8 micromole,0.15535280000000004 microliter,C8H10N4O2,C1COCCO1,dioxane,32.445 milligram,368.2496084262139 micromole,31.5 microliter,C4H8O2,O,water,3.5 milligram,194.2825423258396 micromole,3.5 microliter,H2O,COc1ncnc(-c2ccc(C)nc2)c1N,suzuki_product_0,0.0 milligram,0.0 micromole,0 microliter,C11H12N4O,COc1ncncc1N,dehalogenation_0,0.0 milligram,0.0 micromole,0 microliter,C5H7N3O,Cc1ccccn1,deborylation_0,0.0 milligram,0.0 micromole,0 microliter,C6H7N,COC1=C(N)C(Cl)=NC=N1.B1(OC(C(O1)(C)C)(C)C)C2=CN=C(C=C2)C>>COc1ncnc(-c2ccc(C)nc2)c1N.COc1ncncc1N.Cc1ccccn1,001_RLN-NB-2443_007_K13,,,,,,,,,3/30/23 2:57,kat78-2-k13-a1_03_22_2023_253.raw,2min_150_1200.EXP,001_RLN-NB-2443_007_K13,KAT78-2-K13-A1_KAT78-2-K13-A1_KAT78-2-K13-A1,0,0,0,0,0,0,0,0,0,0,0,0,0,0,0,deborylation_0,0,0,0,0,0,179.0417724,44.03512219,4.548490275,194.9,0.7334,0,0,0,0,0,0,0,0,0,0,0,0,0,0,0,0,0,0,0,0,0,0,0,0,0,0,0,0,0,0,0,0,0,0,0,0,0,0,0,0,0,0,0,0,0,0,0,0,0,0,0,0,0,0,0,0,0,0,0,0,0,0,0,0,0,0,0,0,0,0,0,0,0,0,0,0,0,0,0
K14,C[NH+]1C2=C(C3=C([Pd-2]1([P+](C4CCCCC4)(C5CCCCC5)C6CCCCC6)OS(C)(=O)=O)C=CC=C3)C=CC=C2,PCy Pd G4,0.10627216000000012 milligram,0.16000000000000003 micromole,0.10627216000000014 microliter,C32H48NO3PPdS,COC1=C(N)C(Cl)=NC=N1,4-chloro-6-methoxypyrimidin-5-amine,0.12766080000000002 milligram,0.8 micromole,0.12766080000000005 microliter,C5H6ClN3O,B1(OC(C(O1)(C)C)(C)C)C2=CN(N=C2C)C,"1,3-dimethyl-4-(4,4,5,5-tetramethyl-1,3,2-dioxaborolan-2-yl)-1H-pyrazole",0.21321311999999998 milligram,0.9600000000000001 micromole,0.21321312000000003 microliter,C11H19BN2O2,O=C([O-])[O-].[Na+].[Na+],Na2CO3,0.635928 milligram,6.0 micromole,0.6359280000000002 microliter,CNa2O3,CN1C=NC2=C1C(=O)N(C(=O)N2C)C,caffeine,0.1553528 milligram,0.8 micromole,0.15535280000000004 microliter,C8H10N4O2,C1COCCO1,dioxane,32.445 milligram,368.2496084262139 micromole,31.5 microliter,C4H8O2,O,water,3.5 milligram,194.2825423258396 micromole,3.5 microliter,H2O,COc1ncnc(-c2cn(C)nc2C)c1N,suzuki_product_0,0.0 milligram,0.0 micromole,0 microliter,C10H13N5O,COc1ncncc1N,dehalogenation_0,0.0 milligram,0.0 micromole,0 microliter,C5H7N3O,Cc1ccn(C)n1,deborylation_0,0.0 milligram,0.0 micromole,0 microliter,C5H8N2,COC1=C(N)C(Cl)=NC=N1.B1(OC(C(O1)(C)C)(C)C)C2=CN(N=C2C)C>>COc1ncnc(-c2cn(C)nc2C)c1N.COc1ncncc1N.Cc1ccn(C)n1,001_RLN-NB-2443_007_K14,,,,,,,,,3/30/23 3:00,kat78-2-k14-a1_03_22_2023_254.raw,2min_150_1200.EXP,001_RLN-NB-2443_007_K14,KAT78-2-K14-A1_KAT78-2-K14-A1_KAT78-2-K14-A1,0,0,0,0,0,0,0,0,0,0,0,0,0,0,0,deborylation_0,0,0,0,0,0,181.0839853,44.85572393,4.691097976,195,0.7334,0,0,0,0,0,0,0,0,0,0,0,0,0,0,0,0,0,0,0,0,0,0,0,0,0,0,0,0,0,0,0,0,0,0,0,0,0,0,0,0,0,0,0,0,0,0,0,0,0,0,0,0,0,0,0,0,0,0,0,0,0,0,0,0,0,0,0,0,0,0,0,0,0,0,0,0,0,0,0
K15,C[NH+]1C2=C(C3=C([Pd-2]1([P+](C4CCCCC4)(C5CCCCC5)C6CCCCC6)OS(C)(=O)=O)C=CC=C3)C=CC=C2,PCy Pd G4,0.10627216000000012 milligram,0.16000000000000003 micromole,0.10627216000000014 microliter,C32H48NO3PPdS,COC1=C(N)C(Cl)=NC=N1,4-chloro-6-methoxypyrimidin-5-amine,0.12766080000000002 milligram,0.8 micromole,0.12766080000000005 microliter,C5H6ClN3O,B1(OC(C(O1)(C)C)(C)C)C2=CCN(CC2)C(=O)OC(C)(C)C,"N-Boc-1,2,5,6-tetrahydropyridine-4-boronic acid pinacol ester",0.29684640000000007 milligram,0.9600000000000001 micromole,0.2968464000000001 microliter,C16H28BNO4,O=C([O-])[O-].[Na+].[Na+],Na2CO3,0.635928 milligram,6.0 micromole,0.6359280000000002 microliter,CNa2O3,CN1C=NC2=C1C(=O)N(C(=O)N2C)C,caffeine,0.1553528 milligram,0.8 micromole,0.15535280000000004 microliter,C8H10N4O2,C1COCCO1,dioxane,32.445 milligram,368.2496084262139 micromole,31.5 microliter,C4H8O2,O,water,3.5 milligram,194.2825423258396 micromole,3.5 microliter,H2O,COc1ncnc(C2=CCN(C(=O)OC(C)(C)C)CC2)c1N,suzuki_product_0,0.0 milligram,0.0 micromole,0 microliter,C15H22N4O3,COc1ncncc1N,dehalogenation_0,0.0 milligram,0.0 micromole,0 microliter,C5H7N3O,CC(C)(C)OC(=O)N1CC=CCC1,deborylation_0,0.0 milligram,0.0 micromole,0 microliter,C10H17NO2,COC1=C(N)C(Cl)=NC=N1.B1(OC(C(O1)(C)C)(C)C)C2=CCN(CC2)C(=O)OC(C)(C)C>>COc1ncnc(C2=CCN(C(=O)OC(C)(C)C)CC2)c1N.COc1ncncc1N.CC(C)(C)OC(=O)N1CC=CCC1,001_RLN-NB-2443_007_K15,,,,,,,,,3/30/23 3:02,kat78-2-k15-a1_03_22_2023_255.raw,2min_150_1200.EXP,001_RLN-NB-2443_007_K15,KAT78-2-K15-A1_KAT78-2-K15-A1_KAT78-2-K15-A1,0,0,0,0,0,0,0,0,0,0,0,0,0,0,0,deborylation_0,0,0,0,0,0,193.3214796,19.17232146,4.888388957,195,0.7334,0,0,0,0,0,0,0,0,0,0,42.0413184,4.47261547,1.140387935,309.1,1.5401,0,0,0,0,0,0,0,0,0,0,0,0,0,0,0,230.2146258,24.75754017,6.312458627,209.1,1.4918,0,0,0,0,0,127.225171,12.75470497,3.252081866,307,0.9984,0,0,0,0,0,0,0,0,0,0,0,0,0.000532213,66.52665928,0,0,0,0,0,0,0.000186628,23.32850239,0,0,0,0,0,0,0,0,0.001033053,129.1316768,0,0
K16,C[NH+]1C2=C(C3=C([Pd-2]1([P+](C4CCCCC4)(C5CCCCC5)C6CCCCC6)OS(C)(=O)=O)C=CC=C3)C=CC=C2,PCy Pd G4,0.10627216000000012 milligram,0.16000000000000003 micromole,0.10627216000000014 microliter,C32H48NO3PPdS,COC1=C(N)C(Cl)=NC=N1,4-chloro-6-methoxypyrimidin-5-amine,0.12766080000000002 milligram,0.8 micromole,0.12766080000000005 microliter,C5H6ClN3O,B1(OC(C(O1)(C)C)(C)C)C2=CCN(CC2)C(=O)OC(C)(C)C,"N-Boc-1,2,5,6-tetrahydropyridine-4-boronic acid pinacol ester",0.29684640000000007 milligram,0.9600000000000001 micromole,0.2968464000000001 microliter,C16H28BNO4,O=C([O-])[O-].[Na+].[Na+],Na2CO3,0.635928 milligram,6.0 micromole,0.6359280000000002 microliter,CNa2O3,CN1C=NC2=C1C(=O)N(C(=O)N2C)C,caffeine,0.1553528 milligram,0.8 micromole,0.15535280000000004 microliter,C8H10N4O2,C1COCCO1,dioxane,32.445 milligram,368.2496084262139 micromole,31.5 microliter,C4H8O2,O,water,3.5 milligram,194.2825423258396 micromole,3.5 microliter,H2O,COc1ncnc(C2=CCN(C(=O)OC(C)(C)C)CC2)c1N,suzuki_product_0,0.0 milligram,0.0 micromole,0 microliter,C15H22N4O3,COc1ncncc1N,dehalogenation_0,0.0 milligram,0.0 micromole,0 microliter,C5H7N3O,CC(C)(C)OC(=O)N1CC=CCC1,deborylation_0,0.0 milligram,0.0 micromole,0 microliter,C10H17NO2,COC1=C(N)C(Cl)=NC=N1.B1(OC(C(O1)(C)C)(C)C)C2=CCN(CC2)C(=O)OC(C)(C)C>>COc1ncnc(C2=CCN(C(=O)OC(C)(C)C)CC2)c1N.COc1ncncc1N.CC(C)(C)OC(=O)N1CC=CCC1,001_RLN-NB-2443_007_K16,,,,,,,,,3/30/23 3:05,kat78-2-k16-a1_03_22_2023_256.raw,2min_150_1200.EXP,001_RLN-NB-2443_007_K16,KAT78-2-K16-A1_KAT78-2-K16-A1_KAT78-2-K16-A1,0,0,0,0,0,0,0,0,0,0,0,0,0,0,0,deborylation_0,0,0,0,0,0,174.2862667,18.06851491,4.478927331,194.9,0.7334,12.58759121,1.326497669,0.328819867,183.9,1.3201,0,0,0,0,0,192.0416805,26.65383885,6.607106776,308.9,1.5434,0,0,0,0,0,0,0,0,0,0,0,0,0,0,0,0,0,0,0,0,0,0,0,0,0,19.68303896,1.988683201,0.492966223,250.9,0.9951,0,0,0,0,0,0,0,0,0,0,0,0,8.81E-05,11.00634563,0,0,5.87E-05,7.341486978,0,0,0.001180123,147.5153823,0,0,0,0,0,0,0,0,0,0,0,0
K17,C[NH+]1C2=C(C3=C([Pd-2]1([P+](C4CCCCC4)(C5CCCCC5)C6CCCCC6)OS(C)(=O)=O)C=CC=C3)C=CC=C2,PCy Pd G4,0.10627216000000012 milligram,0.16000000000000003 micromole,0.10627216000000014 microliter,C32H48NO3PPdS,COC1=C(N)C(Cl)=NC=N1,4-chloro-6-methoxypyrimidin-5-amine,0.12766080000000002 milligram,0.8 micromole,0.12766080000000005 microliter,C5H6ClN3O,B1(OC(C(O1)(C)C)(C)C)C2=CC=C(C=C2)N,"4-(4,4,5,5-tetramethyl-1,3,2-dioxaborolan-2-yl)aniline",0.21032928 milligram,0.9600000000000001 micromole,0.21032928000000006 microliter,C12H18BNO2,O=C([O-])[O-].[Na+].[Na+],Na2CO3,0.635928 milligram,6.0 micromole,0.6359280000000002 microliter,CNa2O3,CN1C=NC2=C1C(=O)N(C(=O)N2C)C,caffeine,0.1553528 milligram,0.8 micromole,0.15535280000000004 microliter,C8H10N4O2,C1COCCO1,dioxane,32.445 milligram,368.2496084262139 micromole,31.5 microliter,C4H8O2,O,water,3.5 milligram,194.2825423258396 micromole,3.5 microliter,H2O,COc1ncnc(-c2ccc(N)cc2)c1N,suzuki_product_0,0.0 milligram,0.0 micromole,0 microliter,C11H12N4O,COc1ncncc1N,dehalogenation_0,0.0 milligram,0.0 micromole,0 microliter,C5H7N3O,Nc1ccccc1,deborylation_0,0.0 milligram,0.0 micromole,0 microliter,C6H7N,COC1=C(N)C(Cl)=NC=N1.B1(OC(C(O1)(C)C)(C)C)C2=CC=C(C=C2)N>>COc1ncnc(-c2ccc(N)cc2)c1N.COc1ncncc1N.Nc1ccccc1,001_RLN-NB-2443_007_K17,,,,,,,,,3/30/23 3:07,kat78-2-k17-a1_03_22_2023_257.raw,2min_150_1200.EXP,001_RLN-NB-2443_007_K17,KAT78-2-K17-A1_KAT78-2-K17-A1_KAT78-2-K17-A1,0,0,0,0,0,0,0,0,0,0,0,0,0,0,0,deborylation_0,0,0,0,0,0,180.1344874,44.64946452,4.579620559,194.9,0.7318,0,0,0,0,0,0,0,0,0,0,0,0,0,0,0,0,0,0,0,0,0,0,0,0,0,0,0,0,0,0,0,0,0,0,0,0,0,0,0,0,0,0,0,0,0,0,0,0,0,0,0,0,0,0,0,0,0,0,0,0,0,0,0,0,0,0,0,0,0,0,0,0,0,0,0,0,0,0,0
K18,C[NH+]1C2=C(C3=C([Pd-2]1([P+](C4CCCCC4)(C5CCCCC5)C6CCCCC6)OS(C)(=O)=O)C=CC=C3)C=CC=C2,PCy Pd G4,0.10627216000000012 milligram,0.16000000000000003 micromole,0.10627216000000014 microliter,C32H48NO3PPdS,COC1=C(N)C(Cl)=NC=N1,4-chloro-6-methoxypyrimidin-5-amine,0.12766080000000002 milligram,0.8 micromole,0.12766080000000005 microliter,C5H6ClN3O,B1(OC(C(O1)(C)C)(C)C)C2=CC=C(C=C2)N,"4-(4,4,5,5-tetramethyl-1,3,2-dioxaborolan-2-yl)aniline",0.21032928 milligram,0.9600000000000001 micromole,0.21032928000000006 microliter,C12H18BNO2,O=C([O-])[O-].[Na+].[Na+],Na2CO3,0.635928 milligram,6.0 micromole,0.6359280000000002 microliter,CNa2O3,CN1C=NC2=C1C(=O)N(C(=O)N2C)C,caffeine,0.1553528 milligram,0.8 micromole,0.15535280000000004 microliter,C8H10N4O2,C1COCCO1,dioxane,32.445 milligram,368.2496084262139 micromole,31.5 microliter,C4H8O2,O,water,3.5 milligram,194.2825423258396 micromole,3.5 microliter,H2O,COc1ncnc(-c2ccc(N)cc2)c1N,suzuki_product_0,0.0 milligram,0.0 micromole,0 microliter,C11H12N4O,COc1ncncc1N,dehalogenation_0,0.0 milligram,0.0 micromole,0 microliter,C5H7N3O,Nc1ccccc1,deborylation_0,0.0 milligram,0.0 micromole,0 microliter,C6H7N,COC1=C(N)C(Cl)=NC=N1.B1(OC(C(O1)(C)C)(C)C)C2=CC=C(C=C2)N>>COc1ncnc(-c2ccc(N)cc2)c1N.COc1ncncc1N.Nc1ccccc1,001_RLN-NB-2443_007_K18,,,,,,,,,3/30/23 3:10,kat78-2-k18-a1_03_22_2023_258.raw,2min_150_1200.EXP,001_RLN-NB-2443_007_K18,KAT78-2-K18-A1_KAT78-2-K18-A1_KAT78-2-K18-A1,0,0,0,0,0,0,0,0,0,0,0,0,0,0,0,deborylation_0,0,0,0,0,0,187.8789371,39.53247068,4.775466194,195,0.7334,0,0,0,0,0,0,0,0,0,0,0,0,0,0,0,0,0,0,0,0,0,0,0,0,0,0,0,0,0,0,0,0,0,0,0,0,0,0,0,0,19.72099701,4.326360314,0.522618169,217,0.6568,0,0,0,0,0,0,0,0,0,0,0,0,8.76E-05,10.94381464,0,0,0,0,0,0,0,0,0,0,0,0,0,0,0,0,0,0,0,0
K19,C[NH+]1C2=C(C3=C([Pd-2]1([P+](C4CCCCC4)(C5CCCCC5)C6CCCCC6)OS(C)(=O)=O)C=CC=C3)C=CC=C2,PCy Pd G4,0.10627216000000012 milligram,0.16000000000000003 micromole,0.10627216000000014 microliter,C32H48NO3PPdS,CC1=C(N2CCCC2=O)C=CC(Br)=C1,1-(4-bromo-2-methylphenyl)pyrrolidin-2-one,0.20330160000000003 milligram,0.8 micromole,0.20330160000000008 microliter,C11H12BrNO,B1(OC(C(O1)(C)C)(C)C)C2=CN=C(C=C2)C,"2-methyl-5-(4,4,5,5-tetramethyl-1,3,2-dioxaborolan-2-yl)pyridine",0.21032928 milligram,0.9600000000000001 micromole,0.21032928000000006 microliter,C12H18BNO2,O=C([O-])[O-].[Na+].[Na+],Na2CO3,0.635928 milligram,6.0 micromole,0.6359280000000002 microliter,CNa2O3,CN1C=NC2=C1C(=O)N(C(=O)N2C)C,caffeine,0.1553528 milligram,0.8 micromole,0.15535280000000004 microliter,C8H10N4O2,C1COCCO1,dioxane,32.445 milligram,368.2496084262139 micromole,31.5 microliter,C4H8O2,O,water,3.5 milligram,194.2825423258396 micromole,3.5 microliter,H2O,Cc1ccc(-c2ccc(N3CCCC3=O)c(C)c2)cn1,suzuki_product_0,0.0 milligram,0.0 micromole,0 microliter,C17H18N2O,Cc1ccccc1N1CCCC1=O,dehalogenation_0,0.0 milligram,0.0 micromole,0 microliter,C11H13NO,Cc1ccccn1,deborylation_0,0.0 milligram,0.0 micromole,0 microliter,C6H7N,CC1=C(N2CCCC2=O)C=CC(Br)=C1.B1(OC(C(O1)(C)C)(C)C)C2=CN=C(C=C2)C>>Cc1ccc(-c2ccc(N3CCCC3=O)c(C)c2)cn1.Cc1ccccc1N1CCCC1=O.Cc1ccccn1,001_RLN-NB-2443_007_K19,,,,,,,,,3/30/23 3:12,kat78-2-k19-a1_03_22_2023_259.raw,2min_150_1200.EXP,001_RLN-NB-2443_007_K19,KAT78-2-K19-A1_KAT78-2-K19-A1_KAT78-2-K19-A1,0,0,0,0,0,0,0,0,0,0,0,0,0,0,0,deborylation_0,0,0,0,0,0,178.0643741,49.17291076,4.35620346,194.9,0.7334,0,0,0,0,0,0,0,0,0,0,0,0,0,0,0,0,0,0,0,0,0,0,0,0,0,0,0,0,0,0,0,0,0,0,0,80.36798112,18.88789872,1.673269458,255.8,1.1868,15.43985995,3.615857379,0.320326989,266.9,0.789253308,0,0,0,0,0,0,0,0,0,0,0,0,5.88E-05,7.353352329,0,0,0,0,0,0,0,0,0,0,0,0,0,0,0,0,0,0,0.000307289,38.41118703
K20,C[NH+]1C2=C(C3=C([Pd-2]1([P+](C4CCCCC4)(C5CCCCC5)C6CCCCC6)OS(C)(=O)=O)C=CC=C3)C=CC=C2,PCy Pd G4,0.10627216000000012 milligram,0.16000000000000003 micromole,0.10627216000000014 microliter,C32H48NO3PPdS,CC1=C(N2CCCC2=O)C=CC(Br)=C1,1-(4-bromo-2-methylphenyl)pyrrolidin-2-one,0.20330160000000003 milligram,0.8 micromole,0.20330160000000008 microliter,C11H12BrNO,B1(OC(C(O1)(C)C)(C)C)C2=CN(N=C2C)C,"1,3-dimethyl-4-(4,4,5,5-tetramethyl-1,3,2-dioxaborolan-2-yl)-1H-pyrazole",0.21321311999999998 milligram,0.9600000000000001 micromole,0.21321312000000003 microliter,C11H19BN2O2,O=C([O-])[O-].[Na+].[Na+],Na2CO3,0.635928 milligram,6.0 micromole,0.6359280000000002 microliter,CNa2O3,CN1C=NC2=C1C(=O)N(C(=O)N2C)C,caffeine,0.1553528 milligram,0.8 micromole,0.15535280000000004 microliter,C8H10N4O2,C1COCCO1,dioxane,32.445 milligram,368.2496084262139 micromole,31.5 microliter,C4H8O2,O,water,3.5 milligram,194.2825423258396 micromole,3.5 microliter,H2O,Cc1cc(-c2cn(C)nc2C)ccc1N1CCCC1=O,suzuki_product_0,0.0 milligram,0.0 micromole,0 microliter,C16H19N3O,Cc1ccccc1N1CCCC1=O,dehalogenation_0,0.0 milligram,0.0 micromole,0 microliter,C11H13NO,Cc1ccn(C)n1,deborylation_0,0.0 milligram,0.0 micromole,0 microliter,C5H8N2,CC1=C(N2CCCC2=O)C=CC(Br)=C1.B1(OC(C(O1)(C)C)(C)C)C2=CN(N=C2C)C>>Cc1cc(-c2cn(C)nc2C)ccc1N1CCCC1=O.Cc1ccccc1N1CCCC1=O.Cc1ccn(C)n1,001_RLN-NB-2443_007_K20,,,,,,,,,3/30/23 3:14,kat78-2-k20-a1_03_22_2023_260.raw,2min_150_1200.EXP,001_RLN-NB-2443_007_K20,KAT78-2-K20-A1_KAT78-2-K20-A1_KAT78-2-K20-A1,0,0,0,0,0,0,0,0,0,0,0,0,0,0,0,deborylation_0,0,0,0,0,0,172.5814494,33.96693521,4.47952037,194.9,0.7351,0,0,0,0,0,0,0,0,0,0,0,0,0,0,0,0,0,0,0,0,0,0,0,0,0,0,0,0,0,0,0,0,0,0,0,68.00895819,10.77123103,1.420497566,255.8,1.1901,36.54982319,6.499042993,0.857086319,269.9,0.9968,0,0,0,0,0,0,0,0,0,0,0,0,0.000153068,19.13343949,0,0,0,0,0,0,0,0,0,0,0,0,0,0,0,0,0,0,0.000253687,31.71092994
K21,C[NH+]1C2=C(C3=C([Pd-2]1([P+](C4CCCCC4)(C5CCCCC5)C6CCCCC6)OS(C)(=O)=O)C=CC=C3)C=CC=C2,PCy Pd G4,0.10627216000000012 milligram,0.16000000000000003 micromole,0.10627216000000014 microliter,C32H48NO3PPdS,CC1=C(N2CCCC2=O)C=CC(Br)=C1,1-(4-bromo-2-methylphenyl)pyrrolidin-2-one,0.20330160000000003 milligram,0.8 micromole,0.20330160000000008 microliter,C11H12BrNO,B1(OC(C(O1)(C)C)(C)C)C2=CCN(CC2)C(=O)OC(C)(C)C,"N-Boc-1,2,5,6-tetrahydropyridine-4-boronic acid pinacol ester",0.29684640000000007 milligram,0.9600000000000001 micromole,0.2968464000000001 microliter,C16H28BNO4,O=C([O-])[O-].[Na+].[Na+],Na2CO3,0.635928 milligram,6.0 micromole,0.6359280000000002 microliter,CNa2O3,CN1C=NC2=C1C(=O)N(C(=O)N2C)C,caffeine,0.1553528 milligram,0.8 micromole,0.15535280000000004 microliter,C8H10N4O2,C1COCCO1,dioxane,32.445 milligram,368.2496084262139 micromole,31.5 microliter,C4H8O2,O,water,3.5 milligram,194.2825423258396 micromole,3.5 microliter,H2O,Cc1cc(C2=CCN(C(=O)OC(C)(C)C)CC2)ccc1N1CCCC1=O,suzuki_product_0,0.0 milligram,0.0 micromole,0 microliter,C21H28N2O3,Cc1ccccc1N1CCCC1=O,dehalogenation_0,0.0 milligram,0.0 micromole,0 microliter,C11H13NO,CC(C)(C)OC(=O)N1CC=CCC1,deborylation_0,0.0 milligram,0.0 micromole,0 microliter,C10H17NO2,CC1=C(N2CCCC2=O)C=CC(Br)=C1.B1(OC(C(O1)(C)C)(C)C)C2=CCN(CC2)C(=O)OC(C)(C)C>>Cc1cc(C2=CCN(C(=O)OC(C)(C)C)CC2)ccc1N1CCCC1=O.Cc1ccccc1N1CCCC1=O.CC(C)(C)OC(=O)N1CC=CCC1,001_RLN-NB-2443_007_K21,,,,,,,,,3/30/23 3:17,kat78-2-k21-a1_03_22_2023_261.raw,2min_150_1200.EXP,001_RLN-NB-2443_007_K21,KAT78-2-K21-A1_KAT78-2-K21-A1_KAT78-2-K21-A1,0,0,0,0,0,0,0,0,0,0,0,0,0,0,0,deborylation_0,0,0,0,0,0,177.4315316,14.37627111,4.558964208,195,0.7318,348.5773407,29.6433206,9.400409642,357.1,1.3234,16.11490831,1.126647399,0.357279376,289,1.0268,19.86921697,1.441342494,0.457074633,309,1.5384,0,0,0,0,0,0,0,0,0,0,0,0,0,0,0,0,0,0,0,0,52.24013399,3.479634925,1.103452415,255.5,1.1868,0,0,0,0,0,0,0,0,0,0,0,0,0,0,0,0,0,0,0,6.27E-05,7.836854147,0.001649569,206.1961712,0,0,8.02E-05,10.02584385,0,0,0,0,0,0,0,0,0,0,0.000193632,24.20401575
K22,C[NH+]1C2=C(C3=C([Pd-2]1([P+](C4CCCCC4)(C5CCCCC5)C6CCCCC6)OS(C)(=O)=O)C=CC=C3)C=CC=C2,PCy Pd G4,0.10627216000000012 milligram,0.16000000000000003 micromole,0.10627216000000014 microliter,C32H48NO3PPdS,CC1=C(N2CCCC2=O)C=CC(Br)=C1,1-(4-bromo-2-methylphenyl)pyrrolidin-2-one,0.20330160000000003 milligram,0.8 micromole,0.20330160000000008 microliter,C11H12BrNO,B1(OC(C(O1)(C)C)(C)C)C2=CCN(CC2)C(=O)OC(C)(C)C,"N-Boc-1,2,5,6-tetrahydropyridine-4-boronic acid pinacol ester",0.29684640000000007 milligram,0.9600000000000001 micromole,0.2968464000000001 microliter,C16H28BNO4,O=C([O-])[O-].[Na+].[Na+],Na2CO3,0.635928 milligram,6.0 micromole,0.6359280000000002 microliter,CNa2O3,CN1C=NC2=C1C(=O)N(C(=O)N2C)C,caffeine,0.1553528 milligram,0.8 micromole,0.15535280000000004 microliter,C8H10N4O2,C1COCCO1,dioxane,32.445 milligram,368.2496084262139 micromole,31.5 microliter,C4H8O2,O,water,3.5 milligram,194.2825423258396 micromole,3.5 microliter,H2O,Cc1cc(C2=CCN(C(=O)OC(C)(C)C)CC2)ccc1N1CCCC1=O,suzuki_product_0,0.0 milligram,0.0 micromole,0 microliter,C21H28N2O3,Cc1ccccc1N1CCCC1=O,dehalogenation_0,0.0 milligram,0.0 micromole,0 microliter,C11H13NO,CC(C)(C)OC(=O)N1CC=CCC1,deborylation_0,0.0 milligram,0.0 micromole,0 microliter,C10H17NO2,CC1=C(N2CCCC2=O)C=CC(Br)=C1.B1(OC(C(O1)(C)C)(C)C)C2=CCN(CC2)C(=O)OC(C)(C)C>>Cc1cc(C2=CCN(C(=O)OC(C)(C)C)CC2)ccc1N1CCCC1=O.Cc1ccccc1N1CCCC1=O.CC(C)(C)OC(=O)N1CC=CCC1,001_RLN-NB-2443_007_K22,,,,,,,,,3/30/23 3:19,kat78-2-k22-a1_03_22_2023_262.raw,2min_150_1200.EXP,001_RLN-NB-2443_007_K22,KAT78-2-K22-A1_KAT78-2-K22-A1_KAT78-2-K22-A1,0,0,0,0,0,0,0,0,0,0,0,0,0,0,0,deborylation_0,0,0,0,0,0,177.0011599,14.60630394,4.472479013,194.9,0.7318,312.2036908,26.77826771,8.199558278,357.1,1.3251,0,0,0,0,0,20.52188952,1.592874812,0.487741402,309,1.5368,0,0,0,0,0,0,0,0,0,0,0,0,0,0,0,0,0,0,0,0,57.78915588,3.874380485,1.18634293,255.9,1.1868,312.2036908,26.77826771,8.199558278,357.1,1.3251,0,0,0,0,0,0,0,0,0,0,0,0,0.001466669,183.3336334,0,0,0.001466669,183.3336334,0,0,8.72E-05,10.90539276,0,0,0,0,0,0,0,0,0,0,0.000212203,26.52539959
K23,C[NH+]1C2=C(C3=C([Pd-2]1([P+](C4CCCCC4)(C5CCCCC5)C6CCCCC6)OS(C)(=O)=O)C=CC=C3)C=CC=C2,PCy Pd G4,0.10627216000000012 milligram,0.16000000000000003 micromole,0.10627216000000014 microliter,C32H48NO3PPdS,CC1=C(N2CCCC2=O)C=CC(Br)=C1,1-(4-bromo-2-methylphenyl)pyrrolidin-2-one,0.20330160000000003 milligram,0.8 micromole,0.20330160000000008 microliter,C11H12BrNO,B1(OC(C(O1)(C)C)(C)C)C2=CC=C(C=C2)N,"4-(4,4,5,5-tetramethyl-1,3,2-dioxaborolan-2-yl)aniline",0.21032928 milligram,0.9600000000000001 micromole,0.21032928000000006 microliter,C12H18BNO2,O=C([O-])[O-].[Na+].[Na+],Na2CO3,0.635928 milligram,6.0 micromole,0.6359280000000002 microliter,CNa2O3,CN1C=NC2=C1C(=O)N(C(=O)N2C)C,caffeine,0.1553528 milligram,0.8 micromole,0.15535280000000004 microliter,C8H10N4O2,C1COCCO1,dioxane,32.445 milligram,368.2496084262139 micromole,31.5 microliter,C4H8O2,O,water,3.5 milligram,194.2825423258396 micromole,3.5 microliter,H2O,Cc1cc(-c2ccc(N)cc2)ccc1N1CCCC1=O,suzuki_product_0,0.0 milligram,0.0 micromole,0 microliter,C17H18N2O,Cc1ccccc1N1CCCC1=O,dehalogenation_0,0.0 milligram,0.0 micromole,0 microliter,C11H13NO,Nc1ccccc1,deborylation_0,0.0 milligram,0.0 micromole,0 microliter,C6H7N,CC1=C(N2CCCC2=O)C=CC(Br)=C1.B1(OC(C(O1)(C)C)(C)C)C2=CC=C(C=C2)N>>Cc1cc(-c2ccc(N)cc2)ccc1N1CCCC1=O.Cc1ccccc1N1CCCC1=O.Nc1ccccc1,001_RLN-NB-2443_007_K23,,,,,,,,,3/30/23 3:22,kat78-2-k23-a1_03_22_2023_263.raw,2min_150_1200.EXP,001_RLN-NB-2443_007_K23,KAT78-2-K23-A1_KAT78-2-K23-A1_KAT78-2-K23-A1,0,0,0,0,0,0,0,0,0,0,0,0,0,0,0,deborylation_0,0,0,0,0,0,176.9144839,25.21279525,4.576139911,195,0.7318,0,0,0,0,0,0,0,0,0,0,0,0,0,0,0,0,0,0,0,0,0,0,0,0,0,0,0,0,0,0,0,0,0,0,0,80.48362869,8.697730931,1.578644226,255.8,1.1868,70.64278283,9.623957419,1.746754979,267,0.8834,0,0,0,0,0,0,0,0,0,0,0,0,0.000305367,38.170926,0,0,0,0,0,0,0,0,0,0,0,0,0,0,0,0,0,0,0.000275978,34.49728935
K24,C[NH+]1C2=C(C3=C([Pd-2]1([P+](C4CCCCC4)(C5CCCCC5)C6CCCCC6)OS(C)(=O)=O)C=CC=C3)C=CC=C2,PCy Pd G4,0.10627216000000012 milligram,0.16000000000000003 micromole,0.10627216000000014 microliter,C32H48NO3PPdS,CC1=C(N2CCCC2=O)C=CC(Br)=C1,1-(4-bromo-2-methylphenyl)pyrrolidin-2-one,0.20330160000000003 milligram,0.8 micromole,0.20330160000000008 microliter,C11H12BrNO,B1(OC(C(O1)(C)C)(C)C)C2=CC=C(C=C2)N,"4-(4,4,5,5-tetramethyl-1,3,2-dioxaborolan-2-yl)aniline",0.21032928 milligram,0.9600000000000001 micromole,0.21032928000000006 microliter,C12H18BNO2,O=C([O-])[O-].[Na+].[Na+],Na2CO3,0.635928 milligram,6.0 micromole,0.6359280000000002 microliter,CNa2O3,CN1C=NC2=C1C(=O)N(C(=O)N2C)C,caffeine,0.1553528 milligram,0.8 micromole,0.15535280000000004 microliter,C8H10N4O2,C1COCCO1,dioxane,32.445 milligram,368.2496084262139 micromole,31.5 microliter,C4H8O2,O,water,3.5 milligram,194.2825423258396 micromole,3.5 microliter,H2O,Cc1cc(-c2ccc(N)cc2)ccc1N1CCCC1=O,suzuki_product_0,0.0 milligram,0.0 micromole,0 microliter,C17H18N2O,Cc1ccccc1N1CCCC1=O,dehalogenation_0,0.0 milligram,0.0 micromole,0 microliter,C11H13NO,Nc1ccccc1,deborylation_0,0.0 milligram,0.0 micromole,0 microliter,C6H7N,CC1=C(N2CCCC2=O)C=CC(Br)=C1.B1(OC(C(O1)(C)C)(C)C)C2=CC=C(C=C2)N>>Cc1cc(-c2ccc(N)cc2)ccc1N1CCCC1=O.Cc1ccccc1N1CCCC1=O.Nc1ccccc1,001_RLN-NB-2443_007_K24,,,,,,,,,3/30/23 3:24,kat78-2-k24-a1_03_22_2023_264.raw,2min_150_1200.EXP,001_RLN-NB-2443_007_K24,KAT78-2-K24-A1_KAT78-2-K24-A1_KAT78-2-K24-A1,0,0,0,0,0,0,0,0,0,0,0,0,0,0,0,deborylation_0,0,0,0,0,0,249.4853264,25.38371458,6.491319168,195,0.7351,0,0,0,0,0,0,0,0,0,0,0,0,0,0,0,0,0,0,0,0,0,0,0,0,0,0,0,0,0,0,0,0,0,0,0,122.8696016,10.68300586,2.73194061,253.9,1.1901,121.2552545,11.86881139,3.035183942,267.2,0.8884,0,0,0,0,0,0,0,0,0,0,0,0,0.000374061,46.75758292,0,0,0,0,0,0,0,0,0,0,0,0,0,0,0,0,0,0,0.000336688,42.08606201
L1,C[NH+]1C2=C(C3=C([Pd-2]1([P+](C4CCCCC4)(C5CCCCC5)C6CCCCC6)OS(C)(=O)=O)C=CC=C3)C=CC=C2,PCy Pd G4,0.10627216000000012 milligram,0.16000000000000003 micromole,0.10627216000000014 microliter,C32H48NO3PPdS,BrC1=CC=CN2C=CN=C12,"8-bromoimidazo[1,2-a]pyridine",0.15762800000000002 milligram,0.8 micromole,0.15762800000000005 microliter,C7H5BrN2,B1(OC(C(O1)(C)C)(C)C)C2=CN=C(C=C2)C,"2-methyl-5-(4,4,5,5-tetramethyl-1,3,2-dioxaborolan-2-yl)pyridine",0.21032928 milligram,0.9600000000000001 micromole,0.21032928000000006 microliter,C12H18BNO2,O=C([O-])[O-].[Na+].[Na+],Na2CO3,0.635928 milligram,6.0 micromole,0.6359280000000002 microliter,CNa2O3,CN1C=NC2=C1C(=O)N(C(=O)N2C)C,caffeine,0.1553528 milligram,0.8 micromole,0.15535280000000004 microliter,C8H10N4O2,C1COCCO1,dioxane,32.445 milligram,368.2496084262139 micromole,31.5 microliter,C4H8O2,O,water,3.5 milligram,194.2825423258396 micromole,3.5 microliter,H2O,Cc1ccc(-c2cccn3ccnc23)cn1,suzuki_product_0,0.0 milligram,0.0 micromole,0 microliter,C13H11N3,c1ccn2ccnc2c1,dehalogenation_0,0.0 milligram,0.0 micromole,0 microliter,C7H6N2,Cc1ccccn1,deborylation_0,0.0 milligram,0.0 micromole,0 microliter,C6H7N,BrC1=CC=CN2C=CN=C12.B1(OC(C(O1)(C)C)(C)C)C2=CN=C(C=C2)C>>Cc1ccc(-c2cccn3ccnc23)cn1.c1ccn2ccnc2c1.Cc1ccccn1,001_RLN-NB-2443_007_L1,,,,,,,,,3/30/23 3:27,kat78-2-l1-a1_03_22_2023_265.raw,2min_150_1200.EXP,001_RLN-NB-2443_007_L1,KAT78-2-L1-A1_KAT78-2-L1-A1_KAT78-2-L1-A1,0,0,0,0,0,0,0,0,0,0,0,0,0,0,0,deborylation_0,190.7387376,56.72442156,4.881416243,195,0.7334,190.7387376,56.72442156,4.881416243,195,0.7334,0,0,0,0,0,0,0,0,0,0,0,0,0,0,0,0,0,0,0,0,0,0,0,0,0,0,0,0,0,0,0,0,0,0,0,0,0,0,0,0,0,0,0,0,0,0,0,0,0,0,0,0,0,0,0,0.0008,100,0,0,0,0,0,0,0,0,0,0,0,0,0,0,0,0,0,0,0,0,0,0
L2,C[NH+]1C2=C(C3=C([Pd-2]1([P+](C4CCCCC4)(C5CCCCC5)C6CCCCC6)OS(C)(=O)=O)C=CC=C3)C=CC=C2,PCy Pd G4,0.10627216000000012 milligram,0.16000000000000003 micromole,0.10627216000000014 microliter,C32H48NO3PPdS,BrC1=CC=CN2C=CN=C12,"8-bromoimidazo[1,2-a]pyridine",0.15762800000000002 milligram,0.8 micromole,0.15762800000000005 microliter,C7H5BrN2,B1(OC(C(O1)(C)C)(C)C)C2=CN(N=C2C)C,"1,3-dimethyl-4-(4,4,5,5-tetramethyl-1,3,2-dioxaborolan-2-yl)-1H-pyrazole",0.21321311999999998 milligram,0.9600000000000001 micromole,0.21321312000000003 microliter,C11H19BN2O2,O=C([O-])[O-].[Na+].[Na+],Na2CO3,0.635928 milligram,6.0 micromole,0.6359280000000002 microliter,CNa2O3,CN1C=NC2=C1C(=O)N(C(=O)N2C)C,caffeine,0.1553528 milligram,0.8 micromole,0.15535280000000004 microliter,C8H10N4O2,C1COCCO1,dioxane,32.445 milligram,368.2496084262139 micromole,31.5 microliter,C4H8O2,O,water,3.5 milligram,194.2825423258396 micromole,3.5 microliter,H2O,Cc1nn(C)cc1-c1cccn2ccnc12,suzuki_product_0,0.0 milligram,0.0 micromole,0 microliter,C12H12N4,c1ccn2ccnc2c1,dehalogenation_0,0.0 milligram,0.0 micromole,0 microliter,C7H6N2,Cc1ccn(C)n1,deborylation_0,0.0 milligram,0.0 micromole,0 microliter,C5H8N2,BrC1=CC=CN2C=CN=C12.B1(OC(C(O1)(C)C)(C)C)C2=CN(N=C2C)C>>Cc1nn(C)cc1-c1cccn2ccnc12.c1ccn2ccnc2c1.Cc1ccn(C)n1,001_RLN-NB-2443_007_L2,,,,,,,,,3/30/23 3:29,kat78-2-l2-a1_03_22_2023_266.raw,2min_150_1200.EXP,001_RLN-NB-2443_007_L2,KAT78-2-L2-A1_KAT78-2-L2-A1_KAT78-2-L2-A1,0,0,0,0,0,0,0,0,0,0,0,0,0,0,0,deborylation_0,180.2661718,34.48741521,4.599927744,195,0.7334,180.2661718,34.48741521,4.599927744,195,0.7334,0,0,0,0,0,0,0,0,0,0,0,0,0,0,0,0,0,0,0,0,0,0,0,0,0,0,0,0,0,0,0,0,0,0,0,0,0,0,0,0,0,0,0,0,0,0,0,0,0,0,0,0,0,0,0,0.0008,100,0,0,0,0,0,0,0,0,0,0,0,0,0,0,0,0,0,0,0,0,0,0
L3,C[NH+]1C2=C(C3=C([Pd-2]1([P+](C4CCCCC4)(C5CCCCC5)C6CCCCC6)OS(C)(=O)=O)C=CC=C3)C=CC=C2,PCy Pd G4,0.10627216000000012 milligram,0.16000000000000003 micromole,0.10627216000000014 microliter,C32H48NO3PPdS,BrC1=CC=CN2C=CN=C12,"8-bromoimidazo[1,2-a]pyridine",0.15762800000000002 milligram,0.8 micromole,0.15762800000000005 microliter,C7H5BrN2,B1(OC(C(O1)(C)C)(C)C)C2=CCN(CC2)C(=O)OC(C)(C)C,"N-Boc-1,2,5,6-tetrahydropyridine-4-boronic acid pinacol ester",0.29684640000000007 milligram,0.9600000000000001 micromole,0.2968464000000001 microliter,C16H28BNO4,O=C([O-])[O-].[Na+].[Na+],Na2CO3,0.635928 milligram,6.0 micromole,0.6359280000000002 microliter,CNa2O3,CN1C=NC2=C1C(=O)N(C(=O)N2C)C,caffeine,0.1553528 milligram,0.8 micromole,0.15535280000000004 microliter,C8H10N4O2,C1COCCO1,dioxane,32.445 milligram,368.2496084262139 micromole,31.5 microliter,C4H8O2,O,water,3.5 milligram,194.2825423258396 micromole,3.5 microliter,H2O,CC(C)(C)OC(=O)N1CC=C(c2cccn3ccnc23)CC1,suzuki_product_0,0.0 milligram,0.0 micromole,0 microliter,C17H21N3O2,c1ccn2ccnc2c1,dehalogenation_0,0.0 milligram,0.0 micromole,0 microliter,C7H6N2,CC(C)(C)OC(=O)N1CC=CCC1,deborylation_0,0.0 milligram,0.0 micromole,0 microliter,C10H17NO2,BrC1=CC=CN2C=CN=C12.B1(OC(C(O1)(C)C)(C)C)C2=CCN(CC2)C(=O)OC(C)(C)C>>CC(C)(C)OC(=O)N1CC=C(c2cccn3ccnc23)CC1.c1ccn2ccnc2c1.CC(C)(C)OC(=O)N1CC=CCC1,001_RLN-NB-2443_007_L3,,,,,,,,,3/30/23 3:31,kat78-2-l3-a1_03_22_2023_267.raw,2min_150_1200.EXP,001_RLN-NB-2443_007_L3,KAT78-2-L3-A1_KAT78-2-L3-A1_KAT78-2-L3-A1,0,0,0,0,0,0,0,0,0,0,0,0,0,0,0,deborylation_0,0,0,0,0,0,168.933199,16.30881226,4.375442882,195,0.7351,0,0,0,0,0,0,0,0,0,0,43.20988688,4.642767389,1.245594296,309,1.5401,0,0,0,0,0,0,0,0,0,0,0,0,0,0,0,0,0,0,0,0,0,0,0,0,0,156.9265593,16.17603971,4.339821729,243.9,0.8718,0,0,0,0,0,0,0,0,0,0,0,0,0.000793487,99.18588462,0,0,0,0,0,0,0.000227743,28.46784495,0,0,0,0,0,0,0,0,0,0,0,0
L4,C[NH+]1C2=C(C3=C([Pd-2]1([P+](C4CCCCC4)(C5CCCCC5)C6CCCCC6)OS(C)(=O)=O)C=CC=C3)C=CC=C2,PCy Pd G4,0.10627216000000012 milligram,0.16000000000000003 micromole,0.10627216000000014 microliter,C32H48NO3PPdS,BrC1=CC=CN2C=CN=C12,"8-bromoimidazo[1,2-a]pyridine",0.15762800000000002 milligram,0.8 micromole,0.15762800000000005 microliter,C7H5BrN2,B1(OC(C(O1)(C)C)(C)C)C2=CCN(CC2)C(=O)OC(C)(C)C,"N-Boc-1,2,5,6-tetrahydropyridine-4-boronic acid pinacol ester",0.29684640000000007 milligram,0.9600000000000001 micromole,0.2968464000000001 microliter,C16H28BNO4,O=C([O-])[O-].[Na+].[Na+],Na2CO3,0.635928 milligram,6.0 micromole,0.6359280000000002 microliter,CNa2O3,CN1C=NC2=C1C(=O)N(C(=O)N2C)C,caffeine,0.1553528 milligram,0.8 micromole,0.15535280000000004 microliter,C8H10N4O2,C1COCCO1,dioxane,32.445 milligram,368.2496084262139 micromole,31.5 microliter,C4H8O2,O,water,3.5 milligram,194.2825423258396 micromole,3.5 microliter,H2O,CC(C)(C)OC(=O)N1CC=C(c2cccn3ccnc23)CC1,suzuki_product_0,0.0 milligram,0.0 micromole,0 microliter,C17H21N3O2,c1ccn2ccnc2c1,dehalogenation_0,0.0 milligram,0.0 micromole,0 microliter,C7H6N2,CC(C)(C)OC(=O)N1CC=CCC1,deborylation_0,0.0 milligram,0.0 micromole,0 microliter,C10H17NO2,BrC1=CC=CN2C=CN=C12.B1(OC(C(O1)(C)C)(C)C)C2=CCN(CC2)C(=O)OC(C)(C)C>>CC(C)(C)OC(=O)N1CC=C(c2cccn3ccnc23)CC1.c1ccn2ccnc2c1.CC(C)(C)OC(=O)N1CC=CCC1,001_RLN-NB-2443_007_L4,,,,,,,,,3/30/23 3:34,kat78-2-l4-a1_03_22_2023_268.raw,2min_150_1200.EXP,001_RLN-NB-2443_007_L4,KAT78-2-L4-A1_KAT78-2-L4-A1_KAT78-2-L4-A1,0,0,0,0,0,0,0,0,0,0,0,0,0,0,0,deborylation_0,0,0,0,0,0,171.4948861,15.96959381,4.355595807,194.9,0.7334,0,0,0,0,0,0,0,0,0,0,47.7477452,4.891598119,1.334149416,309,1.5418,0,0,0,0,0,0,0,0,0,0,0,0,0,0,0,0,0,0,0,0,0,0,0,0,0,151.4581932,15.62972606,4.262899238,244,0.8701,0,0,0,0,0,0,0,0,0,0,0,0,0.000782974,97.87178213,0,0,0,0,0,0,0.000245046,30.63069841,0,0,0,0,0,0,0,0,0,0,0,0
L5,C[NH+]1C2=C(C3=C([Pd-2]1([P+](C4CCCCC4)(C5CCCCC5)C6CCCCC6)OS(C)(=O)=O)C=CC=C3)C=CC=C2,PCy Pd G4,0.10627216000000012 milligram,0.16000000000000003 micromole,0.10627216000000014 microliter,C32H48NO3PPdS,BrC1=CC=CN2C=CN=C12,"8-bromoimidazo[1,2-a]pyridine",0.15762800000000002 milligram,0.8 micromole,0.15762800000000005 microliter,C7H5BrN2,B1(OC(C(O1)(C)C)(C)C)C2=CC=C(C=C2)N,"4-(4,4,5,5-tetramethyl-1,3,2-dioxaborolan-2-yl)aniline",0.21032928 milligram,0.9600000000000001 micromole,0.21032928000000006 microliter,C12H18BNO2,O=C([O-])[O-].[Na+].[Na+],Na2CO3,0.635928 milligram,6.0 micromole,0.6359280000000002 microliter,CNa2O3,CN1C=NC2=C1C(=O)N(C(=O)N2C)C,caffeine,0.1553528 milligram,0.8 micromole,0.15535280000000004 microliter,C8H10N4O2,C1COCCO1,dioxane,32.445 milligram,368.2496084262139 micromole,31.5 microliter,C4H8O2,O,water,3.5 milligram,194.2825423258396 micromole,3.5 microliter,H2O,Nc1ccc(-c2cccn3ccnc23)cc1,suzuki_product_0,0.0 milligram,0.0 micromole,0 microliter,C13H11N3,c1ccn2ccnc2c1,dehalogenation_0,0.0 milligram,0.0 micromole,0 microliter,C7H6N2,Nc1ccccc1,deborylation_0,0.0 milligram,0.0 micromole,0 microliter,C6H7N,BrC1=CC=CN2C=CN=C12.B1(OC(C(O1)(C)C)(C)C)C2=CC=C(C=C2)N>>Nc1ccc(-c2cccn3ccnc23)cc1.c1ccn2ccnc2c1.Nc1ccccc1,001_RLN-NB-2443_007_L5,,,,,,,,,3/30/23 3:36,kat78-2-l5-a1_03_22_2023_269.raw,2min_150_1200.EXP,001_RLN-NB-2443_007_L5,KAT78-2-L5-A1_KAT78-2-L5-A1_KAT78-2-L5-A1,0,0,0,0,0,0,0,0,0,0,0,0,0,0,0,deborylation_0,0,0,0,0,0,179.127211,24.97263668,4.502399942,195,0.7334,0,0,0,0,0,0,0,0,0,0,0,0,0,0,0,16.25267819,2.909914748,0.524638233,220,1.0951,0,0,0,0,0,0,0,0,0,0,0,0,0,0,0,0,0,0,0,0,34.98051799,5.68020044,1.024102279,209.9,0.6368,0,0,0,0,0,0,0,0,0,0,0,0,0.000181966,22.74569767,0,0,0,0,0,0,0,0,9.32E-05,11.65241294,0,0,0,0,0,0,0,0,0,0
L6,C[NH+]1C2=C(C3=C([Pd-2]1([P+](C4CCCCC4)(C5CCCCC5)C6CCCCC6)OS(C)(=O)=O)C=CC=C3)C=CC=C2,PCy Pd G4,0.10627216000000012 milligram,0.16000000000000003 micromole,0.10627216000000014 microliter,C32H48NO3PPdS,BrC1=CC=CN2C=CN=C12,"8-bromoimidazo[1,2-a]pyridine",0.15762800000000002 milligram,0.8 micromole,0.15762800000000005 microliter,C7H5BrN2,B1(OC(C(O1)(C)C)(C)C)C2=CC=C(C=C2)N,"4-(4,4,5,5-tetramethyl-1,3,2-dioxaborolan-2-yl)aniline",0.21032928 milligram,0.9600000000000001 micromole,0.21032928000000006 microliter,C12H18BNO2,O=C([O-])[O-].[Na+].[Na+],Na2CO3,0.635928 milligram,6.0 micromole,0.6359280000000002 microliter,CNa2O3,CN1C=NC2=C1C(=O)N(C(=O)N2C)C,caffeine,0.1553528 milligram,0.8 micromole,0.15535280000000004 microliter,C8H10N4O2,C1COCCO1,dioxane,32.445 milligram,368.2496084262139 micromole,31.5 microliter,C4H8O2,O,water,3.5 milligram,194.2825423258396 micromole,3.5 microliter,H2O,Nc1ccc(-c2cccn3ccnc23)cc1,suzuki_product_0,0.0 milligram,0.0 micromole,0 microliter,C13H11N3,c1ccn2ccnc2c1,dehalogenation_0,0.0 milligram,0.0 micromole,0 microliter,C7H6N2,Nc1ccccc1,deborylation_0,0.0 milligram,0.0 micromole,0 microliter,C6H7N,BrC1=CC=CN2C=CN=C12.B1(OC(C(O1)(C)C)(C)C)C2=CC=C(C=C2)N>>Nc1ccc(-c2cccn3ccnc23)cc1.c1ccn2ccnc2c1.Nc1ccccc1,001_RLN-NB-2443_007_L6,,,,,,,,,3/30/23 3:39,kat78-2-l6-a1_03_22_2023_270.raw,2min_150_1200.EXP,001_RLN-NB-2443_007_L6,KAT78-2-L6-A1_KAT78-2-L6-A1_KAT78-2-L6-A1,0,0,0,0,0,0,0,0,0,0,0,0,0,0,0,deborylation_0,0,0,0,0,0,163.3987736,23.41695868,4.115227676,195,0.7334,0,0,0,0,0,0,0,0,0,0,0,0,0,0,0,13.89377583,2.513150178,0.441653645,220,1.0951,0,0,0,0,0,0,0,0,0,0,0,0,0,0,0,0,0,0,0,0,35.94949653,6.029375374,1.059584754,210,0.6368,0,0,0,0,0,0,0,0,0,0,0,0,0.000205983,25.74790115,0,0,0,0,0,0,0,0,8.59E-05,10.73218009,0,0,0,0,0,0,0,0,0,0
L7,C[NH+]1C2=C(C3=C([Pd-2]1([P+](C4CCCCC4)(C5CCCCC5)C6CCCCC6)OS(C)(=O)=O)C=CC=C3)C=CC=C2,PCy Pd G4,0.10627216000000012 milligram,0.16000000000000003 micromole,0.10627216000000014 microliter,C32H48NO3PPdS,CC1=CC(C=O)=C(C)N1C2=CC(Cl)=CC(Cl)=C2,"1-(3,5-dichlorophenyl)-2,5-dimethyl-1H-pyrrole-3-carbaldehyde",0.2145144 milligram,0.8 micromole,0.21451440000000005 microliter,C13H11Cl2NO,B1(OC(C(O1)(C)C)(C)C)C2=CN=C(C=C2)C,"2-methyl-5-(4,4,5,5-tetramethyl-1,3,2-dioxaborolan-2-yl)pyridine",0.21032928 milligram,0.9600000000000001 micromole,0.21032928000000006 microliter,C12H18BNO2,O=C([O-])[O-].[Na+].[Na+],Na2CO3,0.635928 milligram,6.0 micromole,0.6359280000000002 microliter,CNa2O3,CN1C=NC2=C1C(=O)N(C(=O)N2C)C,caffeine,0.1553528 milligram,0.8 micromole,0.15535280000000004 microliter,C8H10N4O2,C1COCCO1,dioxane,32.445 milligram,368.2496084262139 micromole,31.5 microliter,C4H8O2,O,water,3.5 milligram,194.2825423258396 micromole,3.5 microliter,H2O,Cc1ccc(-c2cc(Cl)cc(-n3c(C)cc(C=O)c3C)c2)cn1,suzuki_product_0,0.0 milligram,0.0 micromole,0 microliter,C19H17ClN2O,Cc1ccc(-c2cc(-c3ccc(C)nc3)cc(-n3c(C)cc(C=O)c3C)c2)cn1,bis_addition_1,0.0 milligram,0.0 micromole,0 microliter,C25H23N3O,Cc1cc(C=O)c(C)n1-c1cccc(Cl)c1,dehalogenation_0,0.0 milligram,0.0 micromole,0 microliter,C13H12ClNO,CC1=CC(C=O)=C(C)N1C2=CC(Cl)=CC(Cl)=C2.B1(OC(C(O1)(C)C)(C)C)C2=CN=C(C=C2)C>>Cc1ccc(-c2cc(Cl)cc(-n3c(C)cc(C=O)c3C)c2)cn1.Cc1ccc(-c2cc(-c3ccc(C)nc3)cc(-n3c(C)cc(C=O)c3C)c2)cn1.Cc1cc(C=O)c(C)n1-c1cccc(Cl)c1.Cc1ccccn1,001_RLN-NB-2443_007_L7,,,Cc1ccccn1,deborylation_0,0.0 milligram,0.0 micromole,0 microliter,C6H7N,3/30/23 3:41,kat78-2-l7-a1_03_22_2023_271.raw,2min_150_1200.EXP,001_RLN-NB-2443_007_L7,KAT78-2-L7-A1_KAT78-2-L7-A1_KAT78-2-L7-A1,0,0,0,0,0,0,0,0,0,0,0,0,0,0,0,bis_addition_1,0,0,0,0,0,176.2271028,60.3186072,4.485790885,194.9,0.7334,0,0,0,0,0,0,0,0,0,0,0,0,0,0,0,0,0,0,0,0,0,0,0,0,0,0,0,0,0,0,0,0,0,0,0,0,0,0,0,0,0,0,0,0,0,0,0,0,0,0,0,0,0,0,0,0,0,0,0,0,0,0,0,0,0,0,0,0,0,0,0,0,0,0,0,0,0,0,0
L8,C[NH+]1C2=C(C3=C([Pd-2]1([P+](C4CCCCC4)(C5CCCCC5)C6CCCCC6)OS(C)(=O)=O)C=CC=C3)C=CC=C2,PCy Pd G4,0.10627216000000012 milligram,0.16000000000000003 micromole,0.10627216000000014 microliter,C32H48NO3PPdS,CC1=CC(C=O)=C(C)N1C2=CC(Cl)=CC(Cl)=C2,"1-(3,5-dichlorophenyl)-2,5-dimethyl-1H-pyrrole-3-carbaldehyde",0.2145144 milligram,0.8 micromole,0.21451440000000005 microliter,C13H11Cl2NO,B1(OC(C(O1)(C)C)(C)C)C2=CN(N=C2C)C,"1,3-dimethyl-4-(4,4,5,5-tetramethyl-1,3,2-dioxaborolan-2-yl)-1H-pyrazole",0.21321311999999998 milligram,0.9600000000000001 micromole,0.21321312000000003 microliter,C11H19BN2O2,O=C([O-])[O-].[Na+].[Na+],Na2CO3,0.635928 milligram,6.0 micromole,0.6359280000000002 microliter,CNa2O3,CN1C=NC2=C1C(=O)N(C(=O)N2C)C,caffeine,0.1553528 milligram,0.8 micromole,0.15535280000000004 microliter,C8H10N4O2,C1COCCO1,dioxane,32.445 milligram,368.2496084262139 micromole,31.5 microliter,C4H8O2,O,water,3.5 milligram,194.2825423258396 micromole,3.5 microliter,H2O,Cc1nn(C)cc1-c1cc(Cl)cc(-n2c(C)cc(C=O)c2C)c1,suzuki_product_0,0.0 milligram,0.0 micromole,0 microliter,C18H18ClN3O,Cc1nn(C)cc1-c1cc(-c2cn(C)nc2C)cc(-n2c(C)cc(C=O)c2C)c1,bis_addition_1,0.0 milligram,0.0 micromole,0 microliter,C23H25N5O,Cc1cc(C=O)c(C)n1-c1cccc(Cl)c1,dehalogenation_0,0.0 milligram,0.0 micromole,0 microliter,C13H12ClNO,CC1=CC(C=O)=C(C)N1C2=CC(Cl)=CC(Cl)=C2.B1(OC(C(O1)(C)C)(C)C)C2=CN(N=C2C)C>>Cc1nn(C)cc1-c1cc(Cl)cc(-n2c(C)cc(C=O)c2C)c1.Cc1nn(C)cc1-c1cc(-c2cn(C)nc2C)cc(-n2c(C)cc(C=O)c2C)c1.Cc1cc(C=O)c(C)n1-c1cccc(Cl)c1.Cc1ccn(C)n1,001_RLN-NB-2443_007_L8,,,Cc1ccn(C)n1,deborylation_0,0.0 milligram,0.0 micromole,0 microliter,C5H8N2,3/30/23 3:44,kat78-2-l8-a1_03_22_2023_272.raw,2min_150_1200.EXP,001_RLN-NB-2443_007_L8,KAT78-2-L8-A1_KAT78-2-L8-A1_KAT78-2-L8-A1,0,0,0,0,0,0,0,0,0,0,0,0,0,0,0,bis_addition_2,0,0,0,0,0,174.3236203,26.43593821,4.430195379,195,0.7334,0,0,0,0,0,0,0,0,0,0,0,0,0,0,0,0,0,0,0,0,0,0,0,0,0,0,0,0,0,0,0,0,0,0,0,0,0,0,0,0,15.90974632,2.134267702,0.357665494,327.9,1.2118,0,0,0,0,0,220.2492012,26.07215512,4.369231772,267.8,1.3268,0,0,6.46E-05,8.07335713,0,0,0,0,0,0,0,0,0,0,0.000788991,98.62390704,0,0,0,0,0,0,0,0
L9,C[NH+]1C2=C(C3=C([Pd-2]1([P+](C4CCCCC4)(C5CCCCC5)C6CCCCC6)OS(C)(=O)=O)C=CC=C3)C=CC=C2,PCy Pd G4,0.10627216000000012 milligram,0.16000000000000003 micromole,0.10627216000000014 microliter,C32H48NO3PPdS,CC1=CC(C=O)=C(C)N1C2=CC(Cl)=CC(Cl)=C2,"1-(3,5-dichlorophenyl)-2,5-dimethyl-1H-pyrrole-3-carbaldehyde",0.2145144 milligram,0.8 micromole,0.21451440000000005 microliter,C13H11Cl2NO,B1(OC(C(O1)(C)C)(C)C)C2=CCN(CC2)C(=O)OC(C)(C)C,"N-Boc-1,2,5,6-tetrahydropyridine-4-boronic acid pinacol ester",0.29684640000000007 milligram,0.9600000000000001 micromole,0.2968464000000001 microliter,C16H28BNO4,O=C([O-])[O-].[Na+].[Na+],Na2CO3,0.635928 milligram,6.0 micromole,0.6359280000000002 microliter,CNa2O3,CN1C=NC2=C1C(=O)N(C(=O)N2C)C,caffeine,0.1553528 milligram,0.8 micromole,0.15535280000000004 microliter,C8H10N4O2,C1COCCO1,dioxane,32.445 milligram,368.2496084262139 micromole,31.5 microliter,C4H8O2,O,water,3.5 milligram,194.2825423258396 micromole,3.5 microliter,H2O,Cc1cc(C=O)c(C)n1-c1cc(Cl)cc(C2=CCN(C(=O)OC(C)(C)C)CC2)c1,suzuki_product_0,0.0 milligram,0.0 micromole,0 microliter,C23H27ClN2O3,Cc1cc(C=O)c(C)n1-c1cc(C2=CCN(C(=O)OC(C)(C)C)CC2)cc(C2=CCN(C(=O)OC(C)(C)C)CC2)c1,bis_addition_2,0.0 milligram,0.0 micromole,0 microliter,C33H43N3O5,Cc1cc(C=O)c(C)n1-c1cccc(Cl)c1,dehalogenation_0,0.0 milligram,0.0 micromole,0 microliter,C13H12ClNO,CC1=CC(C=O)=C(C)N1C2=CC(Cl)=CC(Cl)=C2.B1(OC(C(O1)(C)C)(C)C)C2=CCN(CC2)C(=O)OC(C)(C)C>>Cc1cc(C=O)c(C)n1-c1cc(Cl)cc(C2=CCN(C(=O)OC(C)(C)C)CC2)c1.Cc1cc(C=O)c(C)n1-c1cc(C2=CCN(C(=O)OC(C)(C)C)CC2)cc(C2=CCN(C(=O)OC(C)(C)C)CC2)c1.Cc1cc(C=O)c(C)n1-c1cccc(Cl)c1.CC(C)(C)OC(=O)N1CC=CCC1,001_RLN-NB-2443_007_L9,,,CC(C)(C)OC(=O)N1CC=CCC1,deborylation_0,0.0 milligram,0.0 micromole,0 microliter,C10H17NO2,3/30/23 3:46,kat78-2-l9-a1_03_22_2023_273.raw,2min_150_1200.EXP,001_RLN-NB-2443_007_L9,KAT78-2-L9-A1_KAT78-2-L9-A1_KAT78-2-L9-A1,0,0,0,0,0,0,0,0,0,0,0,0,0,0,0,bis_addition_1,0,0,0,0,0,172.2876711,14.46995527,4.407823616,195,0.7334,150.424682,10.05781768,3.063802581,267.8,1.3268,0,0,0,0,0,56.85140282,5.921787808,1.803889208,309.1,1.5484,0,0,0,0,0,0,0,0,0,0,0,0,0,0,0,0,0,0,0,0,0,0,0,0,0,250.611657,17.73848514,5.403479986,415,1.4701,0,0,0,0,0,150.424682,10.05781768,3.063802581,267.8,1.3268,0,0,0.000980707,122.5883896,0,0,0.000556066,69.50828453,0,0,0.000327398,40.92471398,0,0,0.000556066,69.50828453,0,0,0,0,0,0,0,0
L10,C[NH+]1C2=C(C3=C([Pd-2]1([P+](C4CCCCC4)(C5CCCCC5)C6CCCCC6)OS(C)(=O)=O)C=CC=C3)C=CC=C2,PCy Pd G4,0.10627216000000012 milligram,0.16000000000000003 micromole,0.10627216000000014 microliter,C32H48NO3PPdS,CC1=CC(C=O)=C(C)N1C2=CC(Cl)=CC(Cl)=C2,"1-(3,5-dichlorophenyl)-2,5-dimethyl-1H-pyrrole-3-carbaldehyde",0.2145144 milligram,0.8 micromole,0.21451440000000005 microliter,C13H11Cl2NO,B1(OC(C(O1)(C)C)(C)C)C2=CCN(CC2)C(=O)OC(C)(C)C,"N-Boc-1,2,5,6-tetrahydropyridine-4-boronic acid pinacol ester",0.29684640000000007 milligram,0.9600000000000001 micromole,0.2968464000000001 microliter,C16H28BNO4,O=C([O-])[O-].[Na+].[Na+],Na2CO3,0.635928 milligram,6.0 micromole,0.6359280000000002 microliter,CNa2O3,CN1C=NC2=C1C(=O)N(C(=O)N2C)C,caffeine,0.1553528 milligram,0.8 micromole,0.15535280000000004 microliter,C8H10N4O2,C1COCCO1,dioxane,32.445 milligram,368.2496084262139 micromole,31.5 microliter,C4H8O2,O,water,3.5 milligram,194.2825423258396 micromole,3.5 microliter,H2O,Cc1cc(C=O)c(C)n1-c1cc(Cl)cc(C2=CCN(C(=O)OC(C)(C)C)CC2)c1,suzuki_product_0,0.0 milligram,0.0 micromole,0 microliter,C23H27ClN2O3,Cc1cc(C=O)c(C)n1-c1cc(C2=CCN(C(=O)OC(C)(C)C)CC2)cc(C2=CCN(C(=O)OC(C)(C)C)CC2)c1,bis_addition_2,0.0 milligram,0.0 micromole,0 microliter,C33H43N3O5,Cc1cc(C=O)c(C)n1-c1cccc(Cl)c1,dehalogenation_0,0.0 milligram,0.0 micromole,0 microliter,C13H12ClNO,CC1=CC(C=O)=C(C)N1C2=CC(Cl)=CC(Cl)=C2.B1(OC(C(O1)(C)C)(C)C)C2=CCN(CC2)C(=O)OC(C)(C)C>>Cc1cc(C=O)c(C)n1-c1cc(Cl)cc(C2=CCN(C(=O)OC(C)(C)C)CC2)c1.Cc1cc(C=O)c(C)n1-c1cc(C2=CCN(C(=O)OC(C)(C)C)CC2)cc(C2=CCN(C(=O)OC(C)(C)C)CC2)c1.Cc1cc(C=O)c(C)n1-c1cccc(Cl)c1.CC(C)(C)OC(=O)N1CC=CCC1,001_RLN-NB-2443_007_L10,,,CC(C)(C)OC(=O)N1CC=CCC1,deborylation_0,0.0 milligram,0.0 micromole,0 microliter,C10H17NO2,3/30/23 3:49,kat78-2-l10-a1_03_22_2023_274.raw,2min_150_1200.EXP,001_RLN-NB-2443_007_L10,KAT78-2-L10-A1_KAT78-2-L10-A1_KAT78-2-L10-A1,0,0,0,0,0,0,0,0,0,0,0,0,0,0,0,bis_addition_1,0,0,0,0,0,181.014867,12.35251429,4.603940107,195,0.7334,169.5485048,10.00713573,3.729787513,267.8,1.3268,0,0,0,0,0,66.58109782,5.776724837,2.153059251,309,1.5468,0,0,0,0,0,0,0,0,0,0,0,0,0,0,0,0,0,0,0,0,0,0,0,0,0,300.993068,15.85471023,5.90925334,415.1,1.4701,0,0,0,0,0,169.5485048,10.00713573,3.729787513,267.8,1.3268,0,0,0.001026817,128.3520898,0,0,0.000648104,81.012946,0,0,0.000374125,46.76557907,0,0,0.000648104,81.012946,0,0,0,0,0,0,0,0
L11,C[NH+]1C2=C(C3=C([Pd-2]1([P+](C4CCCCC4)(C5CCCCC5)C6CCCCC6)OS(C)(=O)=O)C=CC=C3)C=CC=C2,PCy Pd G4,0.10627216000000012 milligram,0.16000000000000003 micromole,0.10627216000000014 microliter,C32H48NO3PPdS,CC1=CC(C=O)=C(C)N1C2=CC(Cl)=CC(Cl)=C2,"1-(3,5-dichlorophenyl)-2,5-dimethyl-1H-pyrrole-3-carbaldehyde",0.2145144 milligram,0.8 micromole,0.21451440000000005 microliter,C13H11Cl2NO,B1(OC(C(O1)(C)C)(C)C)C2=CC=C(C=C2)N,"4-(4,4,5,5-tetramethyl-1,3,2-dioxaborolan-2-yl)aniline",0.21032928 milligram,0.9600000000000001 micromole,0.21032928000000006 microliter,C12H18BNO2,O=C([O-])[O-].[Na+].[Na+],Na2CO3,0.635928 milligram,6.0 micromole,0.6359280000000002 microliter,CNa2O3,CN1C=NC2=C1C(=O)N(C(=O)N2C)C,caffeine,0.1553528 milligram,0.8 micromole,0.15535280000000004 microliter,C8H10N4O2,C1COCCO1,dioxane,32.445 milligram,368.2496084262139 micromole,31.5 microliter,C4H8O2,O,water,3.5 milligram,194.2825423258396 micromole,3.5 microliter,H2O,Cc1cc(C=O)c(C)n1-c1cc(Cl)cc(-c2ccc(N)cc2)c1,suzuki_product_0,0.0 milligram,0.0 micromole,0 microliter,C19H17ClN2O,Cc1cc(C=O)c(C)n1-c1cc(-c2ccc(N)cc2)cc(-c2ccc(N)cc2)c1,bis_addition_1,0.0 milligram,0.0 micromole,0 microliter,C25H23N3O,Cc1cc(C=O)c(C)n1-c1cccc(Cl)c1,dehalogenation_0,0.0 milligram,0.0 micromole,0 microliter,C13H12ClNO,CC1=CC(C=O)=C(C)N1C2=CC(Cl)=CC(Cl)=C2.B1(OC(C(O1)(C)C)(C)C)C2=CC=C(C=C2)N>>Cc1cc(C=O)c(C)n1-c1cc(Cl)cc(-c2ccc(N)cc2)c1.Cc1cc(C=O)c(C)n1-c1cc(-c2ccc(N)cc2)cc(-c2ccc(N)cc2)c1.Cc1cc(C=O)c(C)n1-c1cccc(Cl)c1.Nc1ccccc1,001_RLN-NB-2443_007_L11,,,Nc1ccccc1,deborylation_0,0.0 milligram,0.0 micromole,0 microliter,C6H7N,3/30/23 3:51,kat78-2-l11-a1_03_22_2023_275.raw,2min_150_1200.EXP,001_RLN-NB-2443_007_L11,KAT78-2-L11-A1_KAT78-2-L11-A1_KAT78-2-L11-A1,0,0,0,0,0,0,0,0,0,0,0,0,0,0,0,bis_addition_1,0,0,0,0,0,171.1300494,38.92723893,4.304916911,195,0.7351,0,0,0,0,0,0,0,0,0,0,0,0,0,0,0,0,0,0,0,0,0,0,0,0,0,0,0,0,0,0,0,0,0,0,0,0,0,0,0,0,0,0,0,0,0,0,0,0,0,0,168.6638782,31.71776325,3.507629597,267.9,1.3268,0,0,0,0,0,0,0,0,0,0,0,0,0,0,0.000651837,81.47961201,0,0,0,0,0,0,0,0
L12,C[NH+]1C2=C(C3=C([Pd-2]1([P+](C4CCCCC4)(C5CCCCC5)C6CCCCC6)OS(C)(=O)=O)C=CC=C3)C=CC=C2,PCy Pd G4,0.10627216000000012 milligram,0.16000000000000003 micromole,0.10627216000000014 microliter,C32H48NO3PPdS,CC1=CC(C=O)=C(C)N1C2=CC(Cl)=CC(Cl)=C2,"1-(3,5-dichlorophenyl)-2,5-dimethyl-1H-pyrrole-3-carbaldehyde",0.2145144 milligram,0.8 micromole,0.21451440000000005 microliter,C13H11Cl2NO,B1(OC(C(O1)(C)C)(C)C)C2=CC=C(C=C2)N,"4-(4,4,5,5-tetramethyl-1,3,2-dioxaborolan-2-yl)aniline",0.21032928 milligram,0.9600000000000001 micromole,0.21032928000000006 microliter,C12H18BNO2,O=C([O-])[O-].[Na+].[Na+],Na2CO3,0.635928 milligram,6.0 micromole,0.6359280000000002 microliter,CNa2O3,CN1C=NC2=C1C(=O)N(C(=O)N2C)C,caffeine,0.1553528 milligram,0.8 micromole,0.15535280000000004 microliter,C8H10N4O2,C1COCCO1,dioxane,32.445 milligram,368.2496084262139 micromole,31.5 microliter,C4H8O2,O,water,3.5 milligram,194.2825423258396 micromole,3.5 microliter,H2O,Cc1cc(C=O)c(C)n1-c1cc(Cl)cc(-c2ccc(N)cc2)c1,suzuki_product_0,0.0 milligram,0.0 micromole,0 microliter,C19H17ClN2O,Cc1cc(C=O)c(C)n1-c1cc(-c2ccc(N)cc2)cc(-c2ccc(N)cc2)c1,bis_addition_1,0.0 milligram,0.0 micromole,0 microliter,C25H23N3O,Cc1cc(C=O)c(C)n1-c1cccc(Cl)c1,dehalogenation_0,0.0 milligram,0.0 micromole,0 microliter,C13H12ClNO,CC1=CC(C=O)=C(C)N1C2=CC(Cl)=CC(Cl)=C2.B1(OC(C(O1)(C)C)(C)C)C2=CC=C(C=C2)N>>Cc1cc(C=O)c(C)n1-c1cc(Cl)cc(-c2ccc(N)cc2)c1.Cc1cc(C=O)c(C)n1-c1cc(-c2ccc(N)cc2)cc(-c2ccc(N)cc2)c1.Cc1cc(C=O)c(C)n1-c1cccc(Cl)c1.Nc1ccccc1,001_RLN-NB-2443_007_L12,,,Nc1ccccc1,deborylation_0,0.0 milligram,0.0 micromole,0 microliter,C6H7N,3/30/23 3:53,kat78-2-l12-a1_03_22_2023_276.raw,2min_150_1200.EXP,001_RLN-NB-2443_007_L12,KAT78-2-L12-A1_KAT78-2-L12-A1_KAT78-2-L12-A1,0,0,0,0,0,0,0,0,0,0,0,0,0,0,0,bis_addition_1,0,0,0,0,0,178.1377107,18.94036831,4.50342485,195,0.7334,0,0,0,0,0,0,0,0,0,0,0,0,0,0,0,0,0,0,0,0,0,0,0,0,0,0,0,0,0,0,0,0,0,0,0,0,0,0,0,0,123.0708731,15.38908134,3.65904032,324.8,1.2334,0,0,0,0,0,154.9854734,12.94812512,3.078657578,267.9,1.3268,0,0,0.000650001,81.25016941,0,0,0,0,0,0,0,0,0,0,0.000546901,68.3625836,0,0,0,0,0,0,0,0
L13,C[NH+]1C2=C(C3=C([Pd-2]1([P+](C4CCCCC4)(C5CCCCC5)C6CCCCC6)OS(C)(=O)=O)C=CC=C3)C=CC=C2,PCy Pd G4,0.10627216000000012 milligram,0.16000000000000003 micromole,0.10627216000000014 microliter,C32H48NO3PPdS,COC1=C(N)C(Cl)=NC=N1,4-chloro-6-methoxypyrimidin-5-amine,0.12766080000000002 milligram,0.8 micromole,0.12766080000000005 microliter,C5H6ClN3O,B1(OC(C(O1)(C)C)(C)C)C2=CN=C(C=C2)C,"2-methyl-5-(4,4,5,5-tetramethyl-1,3,2-dioxaborolan-2-yl)pyridine",0.21032928 milligram,0.9600000000000001 micromole,0.21032928000000006 microliter,C12H18BNO2,O=C([O-])[O-].[Na+].[Na+],Na2CO3,0.635928 milligram,6.0 micromole,0.6359280000000002 microliter,CNa2O3,CN1C=NC2=C1C(=O)N(C(=O)N2C)C,caffeine,0.1553528 milligram,0.8 micromole,0.15535280000000004 microliter,C8H10N4O2,C1COCCO1,dioxane,32.445 milligram,368.2496084262139 micromole,31.5 microliter,C4H8O2,O,water,3.5 milligram,194.2825423258396 micromole,3.5 microliter,H2O,COc1ncnc(-c2ccc(C)nc2)c1N,suzuki_product_0,0.0 milligram,0.0 micromole,0 microliter,C11H12N4O,COc1ncncc1N,dehalogenation_0,0.0 milligram,0.0 micromole,0 microliter,C5H7N3O,Cc1ccccn1,deborylation_0,0.0 milligram,0.0 micromole,0 microliter,C6H7N,COC1=C(N)C(Cl)=NC=N1.B1(OC(C(O1)(C)C)(C)C)C2=CN=C(C=C2)C>>COc1ncnc(-c2ccc(C)nc2)c1N.COc1ncncc1N.Cc1ccccn1,001_RLN-NB-2443_007_L13,,,,,,,,,3/30/23 3:56,kat78-2-l13-a1_03_22_2023_277.raw,2min_150_1200.EXP,001_RLN-NB-2443_007_L13,KAT78-2-L13-A1_KAT78-2-L13-A1_KAT78-2-L13-A1,0,0,0,0,0,0,0,0,0,0,0,0,0,0,0,deborylation_0,0,0,0,0,0,176.7580441,55.34090374,4.519748099,194.9,0.7334,0,0,0,0,0,0,0,0,0,0,0,0,0,0,0,0,0,0,0,0,0,0,0,0,0,0,0,0,0,0,0,0,0,0,0,0,0,0,0,0,0,0,0,0,0,0,0,0,0,0,0,0,0,0,0,0,0,0,0,0,0,0,0,0,0,0,0,0,0,0,0,0,0,0,0,0,0,0,0
L14,C[NH+]1C2=C(C3=C([Pd-2]1([P+](C4CCCCC4)(C5CCCCC5)C6CCCCC6)OS(C)(=O)=O)C=CC=C3)C=CC=C2,PCy Pd G4,0.10627216000000012 milligram,0.16000000000000003 micromole,0.10627216000000014 microliter,C32H48NO3PPdS,COC1=C(N)C(Cl)=NC=N1,4-chloro-6-methoxypyrimidin-5-amine,0.12766080000000002 milligram,0.8 micromole,0.12766080000000005 microliter,C5H6ClN3O,B1(OC(C(O1)(C)C)(C)C)C2=CN(N=C2C)C,"1,3-dimethyl-4-(4,4,5,5-tetramethyl-1,3,2-dioxaborolan-2-yl)-1H-pyrazole",0.21321311999999998 milligram,0.9600000000000001 micromole,0.21321312000000003 microliter,C11H19BN2O2,O=C([O-])[O-].[Na+].[Na+],Na2CO3,0.635928 milligram,6.0 micromole,0.6359280000000002 microliter,CNa2O3,CN1C=NC2=C1C(=O)N(C(=O)N2C)C,caffeine,0.1553528 milligram,0.8 micromole,0.15535280000000004 microliter,C8H10N4O2,C1COCCO1,dioxane,32.445 milligram,368.2496084262139 micromole,31.5 microliter,C4H8O2,O,water,3.5 milligram,194.2825423258396 micromole,3.5 microliter,H2O,COc1ncnc(-c2cn(C)nc2C)c1N,suzuki_product_0,0.0 milligram,0.0 micromole,0 microliter,C10H13N5O,COc1ncncc1N,dehalogenation_0,0.0 milligram,0.0 micromole,0 microliter,C5H7N3O,Cc1ccn(C)n1,deborylation_0,0.0 milligram,0.0 micromole,0 microliter,C5H8N2,COC1=C(N)C(Cl)=NC=N1.B1(OC(C(O1)(C)C)(C)C)C2=CN(N=C2C)C>>COc1ncnc(-c2cn(C)nc2C)c1N.COc1ncncc1N.Cc1ccn(C)n1,001_RLN-NB-2443_007_L14,,,,,,,,,3/30/23 3:58,kat78-2-l14-a1_03_22_2023_278.raw,2min_150_1200.EXP,001_RLN-NB-2443_007_L14,KAT78-2-L14-A1_KAT78-2-L14-A1_KAT78-2-L14-A1,0,0,0,0,0,0,0,0,0,0,0,0,0,0,0,deborylation_0,0,0,0,0,0,181.222254,40.53808049,4.781020668,195,0.7351,0,0,0,0,0,0,0,0,0,0,0,0,0,0,0,0,0,0,0,0,0,0,0,0,0,0,0,0,0,0,0,0,0,0,0,0,0,0,0,0,11.64310186,2.331953699,0.275028287,223,0.7001,192.8653558,42.87003419,5.056048954,418,1.4352,0,0,0,0,0,0,0,4.60E-05,5.752501526,0,0,0,0,0.00084602,105.7525015,0,0,0,0,0,0,0,0,0,0,0,0,0,0
L15,C[NH+]1C2=C(C3=C([Pd-2]1([P+](C4CCCCC4)(C5CCCCC5)C6CCCCC6)OS(C)(=O)=O)C=CC=C3)C=CC=C2,PCy Pd G4,0.10627216000000012 milligram,0.16000000000000003 micromole,0.10627216000000014 microliter,C32H48NO3PPdS,COC1=C(N)C(Cl)=NC=N1,4-chloro-6-methoxypyrimidin-5-amine,0.12766080000000002 milligram,0.8 micromole,0.12766080000000005 microliter,C5H6ClN3O,B1(OC(C(O1)(C)C)(C)C)C2=CCN(CC2)C(=O)OC(C)(C)C,"N-Boc-1,2,5,6-tetrahydropyridine-4-boronic acid pinacol ester",0.29684640000000007 milligram,0.9600000000000001 micromole,0.2968464000000001 microliter,C16H28BNO4,O=C([O-])[O-].[Na+].[Na+],Na2CO3,0.635928 milligram,6.0 micromole,0.6359280000000002 microliter,CNa2O3,CN1C=NC2=C1C(=O)N(C(=O)N2C)C,caffeine,0.1553528 milligram,0.8 micromole,0.15535280000000004 microliter,C8H10N4O2,C1COCCO1,dioxane,32.445 milligram,368.2496084262139 micromole,31.5 microliter,C4H8O2,O,water,3.5 milligram,194.2825423258396 micromole,3.5 microliter,H2O,COc1ncnc(C2=CCN(C(=O)OC(C)(C)C)CC2)c1N,suzuki_product_0,0.0 milligram,0.0 micromole,0 microliter,C15H22N4O3,COc1ncncc1N,dehalogenation_0,0.0 milligram,0.0 micromole,0 microliter,C5H7N3O,CC(C)(C)OC(=O)N1CC=CCC1,deborylation_0,0.0 milligram,0.0 micromole,0 microliter,C10H17NO2,COC1=C(N)C(Cl)=NC=N1.B1(OC(C(O1)(C)C)(C)C)C2=CCN(CC2)C(=O)OC(C)(C)C>>COc1ncnc(C2=CCN(C(=O)OC(C)(C)C)CC2)c1N.COc1ncncc1N.CC(C)(C)OC(=O)N1CC=CCC1,001_RLN-NB-2443_007_L15,,,,,,,,,3/30/23 4:01,kat78-2-l15-a1_03_22_2023_279.raw,2min_150_1200.EXP,001_RLN-NB-2443_007_L15,KAT78-2-L15-A1_KAT78-2-L15-A1_KAT78-2-L15-A1,0,0,0,0,0,0,0,0,0,0,0,0,0,0,0,deborylation_0,0,0,0,0,0,182.1636,18.61741147,4.653621661,195,0.7351,0,0,0,0,0,0,0,0,0,0,44.70528076,5.080120117,1.269830506,309,1.5418,0,0,0,0,0,0,0,0,0,0,0,0,0,0,0,0,0,0,0,0,0,0,0,0,0,117.4560813,11.6787436,2.919227212,307,0.9968,0,0,0,0,0,0,0,0,0,0,0,0,0.000501842,62.73022229,0,0,0,0,0,0,0.000218295,27.28693044,0,0,0,0,0,0,0,0,0,0,0,0
L16,C[NH+]1C2=C(C3=C([Pd-2]1([P+](C4CCCCC4)(C5CCCCC5)C6CCCCC6)OS(C)(=O)=O)C=CC=C3)C=CC=C2,PCy Pd G4,0.10627216000000012 milligram,0.16000000000000003 micromole,0.10627216000000014 microliter,C32H48NO3PPdS,COC1=C(N)C(Cl)=NC=N1,4-chloro-6-methoxypyrimidin-5-amine,0.12766080000000002 milligram,0.8 micromole,0.12766080000000005 microliter,C5H6ClN3O,B1(OC(C(O1)(C)C)(C)C)C2=CCN(CC2)C(=O)OC(C)(C)C,"N-Boc-1,2,5,6-tetrahydropyridine-4-boronic acid pinacol ester",0.29684640000000007 milligram,0.9600000000000001 micromole,0.2968464000000001 microliter,C16H28BNO4,O=C([O-])[O-].[Na+].[Na+],Na2CO3,0.635928 milligram,6.0 micromole,0.6359280000000002 microliter,CNa2O3,CN1C=NC2=C1C(=O)N(C(=O)N2C)C,caffeine,0.1553528 milligram,0.8 micromole,0.15535280000000004 microliter,C8H10N4O2,C1COCCO1,dioxane,32.445 milligram,368.2496084262139 micromole,31.5 microliter,C4H8O2,O,water,3.5 milligram,194.2825423258396 micromole,3.5 microliter,H2O,COc1ncnc(C2=CCN(C(=O)OC(C)(C)C)CC2)c1N,suzuki_product_0,0.0 milligram,0.0 micromole,0 microliter,C15H22N4O3,COc1ncncc1N,dehalogenation_0,0.0 milligram,0.0 micromole,0 microliter,C5H7N3O,CC(C)(C)OC(=O)N1CC=CCC1,deborylation_0,0.0 milligram,0.0 micromole,0 microliter,C10H17NO2,COC1=C(N)C(Cl)=NC=N1.B1(OC(C(O1)(C)C)(C)C)C2=CCN(CC2)C(=O)OC(C)(C)C>>COc1ncnc(C2=CCN(C(=O)OC(C)(C)C)CC2)c1N.COc1ncncc1N.CC(C)(C)OC(=O)N1CC=CCC1,001_RLN-NB-2443_007_L16,,,,,,,,,3/30/23 4:03,kat78-2-l16-a1_03_22_2023_280.raw,2min_150_1200.EXP,001_RLN-NB-2443_007_L16,KAT78-2-L16-A1_KAT78-2-L16-A1_KAT78-2-L16-A1,0,0,0,0,0,0,0,0,0,0,0,0,0,0,0,deborylation_0,0,0,0,0,0,184.768824,18.29055111,4.599950981,195,0.7351,0,0,0,0,0,0,0,0,0,0,39.37635471,4.038364445,1.015621584,309,1.5418,0,0,0,0,0,0,0,0,0,0,0,0,0,0,0,0,0,0,0,0,0,0,0,0,0,140.4589161,13.69181734,3.443400269,306.9,0.9984,0,0,0,0,0,0,0,0,0,0,0,0,0.000598859,74.85732529,0,0,0,0,0,0,0.000176632,22.07896537,0,0,0,0,0,0,0,0,0,0,0,0
L17,C[NH+]1C2=C(C3=C([Pd-2]1([P+](C4CCCCC4)(C5CCCCC5)C6CCCCC6)OS(C)(=O)=O)C=CC=C3)C=CC=C2,PCy Pd G4,0.10627216000000012 milligram,0.16000000000000003 micromole,0.10627216000000014 microliter,C32H48NO3PPdS,COC1=C(N)C(Cl)=NC=N1,4-chloro-6-methoxypyrimidin-5-amine,0.12766080000000002 milligram,0.8 micromole,0.12766080000000005 microliter,C5H6ClN3O,B1(OC(C(O1)(C)C)(C)C)C2=CC=C(C=C2)N,"4-(4,4,5,5-tetramethyl-1,3,2-dioxaborolan-2-yl)aniline",0.21032928 milligram,0.9600000000000001 micromole,0.21032928000000006 microliter,C12H18BNO2,O=C([O-])[O-].[Na+].[Na+],Na2CO3,0.635928 milligram,6.0 micromole,0.6359280000000002 microliter,CNa2O3,CN1C=NC2=C1C(=O)N(C(=O)N2C)C,caffeine,0.1553528 milligram,0.8 micromole,0.15535280000000004 microliter,C8H10N4O2,C1COCCO1,dioxane,32.445 milligram,368.2496084262139 micromole,31.5 microliter,C4H8O2,O,water,3.5 milligram,194.2825423258396 micromole,3.5 microliter,H2O,COc1ncnc(-c2ccc(N)cc2)c1N,suzuki_product_0,0.0 milligram,0.0 micromole,0 microliter,C11H12N4O,COc1ncncc1N,dehalogenation_0,0.0 milligram,0.0 micromole,0 microliter,C5H7N3O,Nc1ccccc1,deborylation_0,0.0 milligram,0.0 micromole,0 microliter,C6H7N,COC1=C(N)C(Cl)=NC=N1.B1(OC(C(O1)(C)C)(C)C)C2=CC=C(C=C2)N>>COc1ncnc(-c2ccc(N)cc2)c1N.COc1ncncc1N.Nc1ccccc1,001_RLN-NB-2443_007_L17,,,,,,,,,3/30/23 4:06,kat78-2-l17-a1_03_22_2023_281.raw,2min_150_1200.EXP,001_RLN-NB-2443_007_L17,KAT78-2-L17-A1_KAT78-2-L17-A1_KAT78-2-L17-A1,0,0,0,0,0,0,0,0,0,0,0,0,0,0,0,deborylation_0,0,0,0,0,0,172.9387038,32.79173489,4.361089853,195,0.7334,0,0,0,0,0,0,0,0,0,0,0,0,0,0,0,0,0,0,0,0,0,0,0,0,0,0,0,0,0,0,0,0,0,0,0,0,0,0,0,0,14.97861805,2.805317922,0.373089242,217,0.6568,0,0,0,0,0,0,0,0,0,0,0,0,6.84E-05,8.554954264,0,0,0,0,0,0,0,0,0,0,0,0,0,0,0,0,0,0,0,0
L18,C[NH+]1C2=C(C3=C([Pd-2]1([P+](C4CCCCC4)(C5CCCCC5)C6CCCCC6)OS(C)(=O)=O)C=CC=C3)C=CC=C2,PCy Pd G4,0.10627216000000012 milligram,0.16000000000000003 micromole,0.10627216000000014 microliter,C32H48NO3PPdS,COC1=C(N)C(Cl)=NC=N1,4-chloro-6-methoxypyrimidin-5-amine,0.12766080000000002 milligram,0.8 micromole,0.12766080000000005 microliter,C5H6ClN3O,B1(OC(C(O1)(C)C)(C)C)C2=CC=C(C=C2)N,"4-(4,4,5,5-tetramethyl-1,3,2-dioxaborolan-2-yl)aniline",0.21032928 milligram,0.9600000000000001 micromole,0.21032928000000006 microliter,C12H18BNO2,O=C([O-])[O-].[Na+].[Na+],Na2CO3,0.635928 milligram,6.0 micromole,0.6359280000000002 microliter,CNa2O3,CN1C=NC2=C1C(=O)N(C(=O)N2C)C,caffeine,0.1553528 milligram,0.8 micromole,0.15535280000000004 microliter,C8H10N4O2,C1COCCO1,dioxane,32.445 milligram,368.2496084262139 micromole,31.5 microliter,C4H8O2,O,water,3.5 milligram,194.2825423258396 micromole,3.5 microliter,H2O,COc1ncnc(-c2ccc(N)cc2)c1N,suzuki_product_0,0.0 milligram,0.0 micromole,0 microliter,C11H12N4O,COc1ncncc1N,dehalogenation_0,0.0 milligram,0.0 micromole,0 microliter,C5H7N3O,Nc1ccccc1,deborylation_0,0.0 milligram,0.0 micromole,0 microliter,C6H7N,COC1=C(N)C(Cl)=NC=N1.B1(OC(C(O1)(C)C)(C)C)C2=CC=C(C=C2)N>>COc1ncnc(-c2ccc(N)cc2)c1N.COc1ncncc1N.Nc1ccccc1,001_RLN-NB-2443_007_L18,,,,,,,,,3/30/23 4:08,kat78-2-l18-a1_03_22_2023_282.raw,2min_150_1200.EXP,001_RLN-NB-2443_007_L18,KAT78-2-L18-A1_KAT78-2-L18-A1_KAT78-2-L18-A1,0,0,0,0,0,0,0,0,0,0,0,0,0,0,0,deborylation_0,0,0,0,0,0,175.7012065,35.7977851,4.362857896,195,0.7351,0,0,0,0,0,0,0,0,0,0,0,0,0,0,0,0,0,0,0,0,0,0,0,0,0,0,0,0,0,0,0,0,0,0,0,0,0,0,0,0,13.7923434,2.909846273,0.354637745,217.1,0.6584,0,0,0,0,0,0,0,0,0,0,0,0,6.50E-05,8.128565118,0,0,0,0,0,0,0,0,0,0,0,0,0,0,0,0,0,0,0,0
L19,C[NH+]1C2=C(C3=C([Pd-2]1([P+](C4CCCCC4)(C5CCCCC5)C6CCCCC6)OS(C)(=O)=O)C=CC=C3)C=CC=C2,PCy Pd G4,0.10627216000000012 milligram,0.16000000000000003 micromole,0.10627216000000014 microliter,C32H48NO3PPdS,CC1=C(N2CCCC2=O)C=CC(Br)=C1,1-(4-bromo-2-methylphenyl)pyrrolidin-2-one,0.20330160000000003 milligram,0.8 micromole,0.20330160000000008 microliter,C11H12BrNO,B1(OC(C(O1)(C)C)(C)C)C2=CN=C(C=C2)C,"2-methyl-5-(4,4,5,5-tetramethyl-1,3,2-dioxaborolan-2-yl)pyridine",0.21032928 milligram,0.9600000000000001 micromole,0.21032928000000006 microliter,C12H18BNO2,O=C([O-])[O-].[Na+].[Na+],Na2CO3,0.635928 milligram,6.0 micromole,0.6359280000000002 microliter,CNa2O3,CN1C=NC2=C1C(=O)N(C(=O)N2C)C,caffeine,0.1553528 milligram,0.8 micromole,0.15535280000000004 microliter,C8H10N4O2,C1COCCO1,dioxane,32.445 milligram,368.2496084262139 micromole,31.5 microliter,C4H8O2,O,water,3.5 milligram,194.2825423258396 micromole,3.5 microliter,H2O,Cc1ccc(-c2ccc(N3CCCC3=O)c(C)c2)cn1,suzuki_product_0,0.0 milligram,0.0 micromole,0 microliter,C17H18N2O,Cc1ccccc1N1CCCC1=O,dehalogenation_0,0.0 milligram,0.0 micromole,0 microliter,C11H13NO,Cc1ccccn1,deborylation_0,0.0 milligram,0.0 micromole,0 microliter,C6H7N,CC1=C(N2CCCC2=O)C=CC(Br)=C1.B1(OC(C(O1)(C)C)(C)C)C2=CN=C(C=C2)C>>Cc1ccc(-c2ccc(N3CCCC3=O)c(C)c2)cn1.Cc1ccccc1N1CCCC1=O.Cc1ccccn1,001_RLN-NB-2443_007_L19,,,,,,,,,3/30/23 4:11,kat78-2-l19-a1_03_22_2023_283.raw,2min_150_1200.EXP,001_RLN-NB-2443_007_L19,KAT78-2-L19-A1_KAT78-2-L19-A1_KAT78-2-L19-A1,0,0,0,0,0,0,0,0,0,0,0,0,0,0,0,deborylation_0,0,0,0,0,0,184.3051234,48.03967013,4.465151102,194.9,0.7334,0,0,0,0,0,0,0,0,0,0,0,0,0,0,0,0,0,0,0,0,0,0,0,0,0,0,0,0,0,0,0,0,0,0,0,87.25146288,20.02960006,1.861694523,255.9,1.1884,15.12382317,3.413067785,0.317234971,266.9,0.7801,0,0,0,0,0,0,0,0,0,0,0,0,5.68E-05,7.104686139,0,0,0,0,0,0,0,0,0,0,0,0,0,0,0,0,0,0,0.000333551,41.69387509
L20,C[NH+]1C2=C(C3=C([Pd-2]1([P+](C4CCCCC4)(C5CCCCC5)C6CCCCC6)OS(C)(=O)=O)C=CC=C3)C=CC=C2,PCy Pd G4,0.10627216000000012 milligram,0.16000000000000003 micromole,0.10627216000000014 microliter,C32H48NO3PPdS,CC1=C(N2CCCC2=O)C=CC(Br)=C1,1-(4-bromo-2-methylphenyl)pyrrolidin-2-one,0.20330160000000003 milligram,0.8 micromole,0.20330160000000008 microliter,C11H12BrNO,B1(OC(C(O1)(C)C)(C)C)C2=CN(N=C2C)C,"1,3-dimethyl-4-(4,4,5,5-tetramethyl-1,3,2-dioxaborolan-2-yl)-1H-pyrazole",0.21321311999999998 milligram,0.9600000000000001 micromole,0.21321312000000003 microliter,C11H19BN2O2,O=C([O-])[O-].[Na+].[Na+],Na2CO3,0.635928 milligram,6.0 micromole,0.6359280000000002 microliter,CNa2O3,CN1C=NC2=C1C(=O)N(C(=O)N2C)C,caffeine,0.1553528 milligram,0.8 micromole,0.15535280000000004 microliter,C8H10N4O2,C1COCCO1,dioxane,32.445 milligram,368.2496084262139 micromole,31.5 microliter,C4H8O2,O,water,3.5 milligram,194.2825423258396 micromole,3.5 microliter,H2O,Cc1cc(-c2cn(C)nc2C)ccc1N1CCCC1=O,suzuki_product_0,0.0 milligram,0.0 micromole,0 microliter,C16H19N3O,Cc1ccccc1N1CCCC1=O,dehalogenation_0,0.0 milligram,0.0 micromole,0 microliter,C11H13NO,Cc1ccn(C)n1,deborylation_0,0.0 milligram,0.0 micromole,0 microliter,C5H8N2,CC1=C(N2CCCC2=O)C=CC(Br)=C1.B1(OC(C(O1)(C)C)(C)C)C2=CN(N=C2C)C>>Cc1cc(-c2cn(C)nc2C)ccc1N1CCCC1=O.Cc1ccccc1N1CCCC1=O.Cc1ccn(C)n1,001_RLN-NB-2443_007_L20,,,,,,,,,3/30/23 4:13,kat78-2-l20-a1_03_22_2023_284.raw,2min_150_1200.EXP,001_RLN-NB-2443_007_L20,KAT78-2-L20-A1_KAT78-2-L20-A1_KAT78-2-L20-A1,0,0,0,0,0,0,0,0,0,0,0,0,0,0,0,deborylation_0,0,0,0,0,0,177.0171111,33.58259176,4.738055024,195,0.7334,0,0,0,0,0,0,0,0,0,0,0,0,0,0,0,0,0,0,0,0,0,0,0,0,0,0,0,0,0,0,0,0,0,0,0,68.4742758,10.34292301,1.459248253,255.9,1.1901,50.35309453,8.075900713,1.139401694,539.8,2.0252,0,0,0,0,0,0,0,0,0,0,0,0,0.000192383,24.04787805,0,0,0,0,0,0,0,0,0,0,0,0,0,0,0,0,0,0,0.000246388,30.79846572
L21,C[NH+]1C2=C(C3=C([Pd-2]1([P+](C4CCCCC4)(C5CCCCC5)C6CCCCC6)OS(C)(=O)=O)C=CC=C3)C=CC=C2,PCy Pd G4,0.10627216000000012 milligram,0.16000000000000003 micromole,0.10627216000000014 microliter,C32H48NO3PPdS,CC1=C(N2CCCC2=O)C=CC(Br)=C1,1-(4-bromo-2-methylphenyl)pyrrolidin-2-one,0.20330160000000003 milligram,0.8 micromole,0.20330160000000008 microliter,C11H12BrNO,B1(OC(C(O1)(C)C)(C)C)C2=CCN(CC2)C(=O)OC(C)(C)C,"N-Boc-1,2,5,6-tetrahydropyridine-4-boronic acid pinacol ester",0.29684640000000007 milligram,0.9600000000000001 micromole,0.2968464000000001 microliter,C16H28BNO4,O=C([O-])[O-].[Na+].[Na+],Na2CO3,0.635928 milligram,6.0 micromole,0.6359280000000002 microliter,CNa2O3,CN1C=NC2=C1C(=O)N(C(=O)N2C)C,caffeine,0.1553528 milligram,0.8 micromole,0.15535280000000004 microliter,C8H10N4O2,C1COCCO1,dioxane,32.445 milligram,368.2496084262139 micromole,31.5 microliter,C4H8O2,O,water,3.5 milligram,194.2825423258396 micromole,3.5 microliter,H2O,Cc1cc(C2=CCN(C(=O)OC(C)(C)C)CC2)ccc1N1CCCC1=O,suzuki_product_0,0.0 milligram,0.0 micromole,0 microliter,C21H28N2O3,Cc1ccccc1N1CCCC1=O,dehalogenation_0,0.0 milligram,0.0 micromole,0 microliter,C11H13NO,CC(C)(C)OC(=O)N1CC=CCC1,deborylation_0,0.0 milligram,0.0 micromole,0 microliter,C10H17NO2,CC1=C(N2CCCC2=O)C=CC(Br)=C1.B1(OC(C(O1)(C)C)(C)C)C2=CCN(CC2)C(=O)OC(C)(C)C>>Cc1cc(C2=CCN(C(=O)OC(C)(C)C)CC2)ccc1N1CCCC1=O.Cc1ccccc1N1CCCC1=O.CC(C)(C)OC(=O)N1CC=CCC1,001_RLN-NB-2443_007_L21,,,,,,,,,3/30/23 4:15,kat78-2-l21-a1_03_22_2023_285.raw,2min_150_1200.EXP,001_RLN-NB-2443_007_L21,KAT78-2-L21-A1_KAT78-2-L21-A1_KAT78-2-L21-A1,0,0,0,0,0,0,0,0,0,0,0,0,0,0,0,deborylation_0,0,0,0,0,0,177.084851,15.28739312,4.52005109,195,0.7334,303.7288433,28.45863584,8.414416178,357.1,1.3268,0,0,0,0,0,0,0,0,0,0,0,0,0,0,0,0,0,0,0,0,0,0,0,0,0,0,0,0,0,0,49.02350011,3.349757561,0.990428859,255.8,1.1884,303.7288433,28.45863584,8.414416178,357.1,1.3268,0,0,0,0,0,0,0,0,0,0,0,0,0.00148926,186.1575458,0,0,0.00148926,186.1575458,0,0,0,0,0,0,0,0,0,0,0,0,0,0,0.000175295,21.91189521
L22,C[NH+]1C2=C(C3=C([Pd-2]1([P+](C4CCCCC4)(C5CCCCC5)C6CCCCC6)OS(C)(=O)=O)C=CC=C3)C=CC=C2,PCy Pd G4,0.10627216000000012 milligram,0.16000000000000003 micromole,0.10627216000000014 microliter,C32H48NO3PPdS,CC1=C(N2CCCC2=O)C=CC(Br)=C1,1-(4-bromo-2-methylphenyl)pyrrolidin-2-one,0.20330160000000003 milligram,0.8 micromole,0.20330160000000008 microliter,C11H12BrNO,B1(OC(C(O1)(C)C)(C)C)C2=CCN(CC2)C(=O)OC(C)(C)C,"N-Boc-1,2,5,6-tetrahydropyridine-4-boronic acid pinacol ester",0.29684640000000007 milligram,0.9600000000000001 micromole,0.2968464000000001 microliter,C16H28BNO4,O=C([O-])[O-].[Na+].[Na+],Na2CO3,0.635928 milligram,6.0 micromole,0.6359280000000002 microliter,CNa2O3,CN1C=NC2=C1C(=O)N(C(=O)N2C)C,caffeine,0.1553528 milligram,0.8 micromole,0.15535280000000004 microliter,C8H10N4O2,C1COCCO1,dioxane,32.445 milligram,368.2496084262139 micromole,31.5 microliter,C4H8O2,O,water,3.5 milligram,194.2825423258396 micromole,3.5 microliter,H2O,Cc1cc(C2=CCN(C(=O)OC(C)(C)C)CC2)ccc1N1CCCC1=O,suzuki_product_0,0.0 milligram,0.0 micromole,0 microliter,C21H28N2O3,Cc1ccccc1N1CCCC1=O,dehalogenation_0,0.0 milligram,0.0 micromole,0 microliter,C11H13NO,CC(C)(C)OC(=O)N1CC=CCC1,deborylation_0,0.0 milligram,0.0 micromole,0 microliter,C10H17NO2,CC1=C(N2CCCC2=O)C=CC(Br)=C1.B1(OC(C(O1)(C)C)(C)C)C2=CCN(CC2)C(=O)OC(C)(C)C>>Cc1cc(C2=CCN(C(=O)OC(C)(C)C)CC2)ccc1N1CCCC1=O.Cc1ccccc1N1CCCC1=O.CC(C)(C)OC(=O)N1CC=CCC1,001_RLN-NB-2443_007_L22,,,,,,,,,3/30/23 4:18,kat78-2-l22-a1_03_22_2023_286.raw,2min_150_1200.EXP,001_RLN-NB-2443_007_L22,KAT78-2-L22-A1_KAT78-2-L22-A1_KAT78-2-L22-A1,0,0,0,0,0,0,0,0,0,0,0,0,0,0,0,deborylation_0,0,0,0,0,0,168.4202155,32.94119158,4.229404168,195,0.7351,8.677216371,1.45048804,0.186231884,184.2,1.3251,0,0,0,0,0,0,0,0,0,0,0,0,0,0,0,0,0,0,0,0,0,0,0,0,0,0,0,0,0,0,78.8121135,12.13088615,1.55751562,255.9,1.1884,8.677216371,1.45048804,0.186231884,184.2,1.3251,0,0,0,0,0,0,0,0,0,0,0,0,3.52E-05,4.403265246,0,0,3.52E-05,4.403265246,0,0,0,0,0,0,0,0,0,0,0,0,0,0,0.000294607,36.82588748
L23,C[NH+]1C2=C(C3=C([Pd-2]1([P+](C4CCCCC4)(C5CCCCC5)C6CCCCC6)OS(C)(=O)=O)C=CC=C3)C=CC=C2,PCy Pd G4,0.10627216000000012 milligram,0.16000000000000003 micromole,0.10627216000000014 microliter,C32H48NO3PPdS,CC1=C(N2CCCC2=O)C=CC(Br)=C1,1-(4-bromo-2-methylphenyl)pyrrolidin-2-one,0.20330160000000003 milligram,0.8 micromole,0.20330160000000008 microliter,C11H12BrNO,B1(OC(C(O1)(C)C)(C)C)C2=CC=C(C=C2)N,"4-(4,4,5,5-tetramethyl-1,3,2-dioxaborolan-2-yl)aniline",0.21032928 milligram,0.9600000000000001 micromole,0.21032928000000006 microliter,C12H18BNO2,O=C([O-])[O-].[Na+].[Na+],Na2CO3,0.635928 milligram,6.0 micromole,0.6359280000000002 microliter,CNa2O3,CN1C=NC2=C1C(=O)N(C(=O)N2C)C,caffeine,0.1553528 milligram,0.8 micromole,0.15535280000000004 microliter,C8H10N4O2,C1COCCO1,dioxane,32.445 milligram,368.2496084262139 micromole,31.5 microliter,C4H8O2,O,water,3.5 milligram,194.2825423258396 micromole,3.5 microliter,H2O,Cc1cc(-c2ccc(N)cc2)ccc1N1CCCC1=O,suzuki_product_0,0.0 milligram,0.0 micromole,0 microliter,C17H18N2O,Cc1ccccc1N1CCCC1=O,dehalogenation_0,0.0 milligram,0.0 micromole,0 microliter,C11H13NO,Nc1ccccc1,deborylation_0,0.0 milligram,0.0 micromole,0 microliter,C6H7N,CC1=C(N2CCCC2=O)C=CC(Br)=C1.B1(OC(C(O1)(C)C)(C)C)C2=CC=C(C=C2)N>>Cc1cc(-c2ccc(N)cc2)ccc1N1CCCC1=O.Cc1ccccc1N1CCCC1=O.Nc1ccccc1,001_RLN-NB-2443_007_L23,,,,,,,,,3/30/23 4:20,kat78-2-l23-a1_03_22_2023_287.raw,2min_150_1200.EXP,001_RLN-NB-2443_007_L23,KAT78-2-L23-A1_KAT78-2-L23-A1_KAT78-2-L23-A1,0,0,0,0,0,0,0,0,0,0,0,0,0,0,0,deborylation_0,0,0,0,0,0,171.8552794,29.05127019,4.38579802,194.9,0.7334,0,0,0,0,0,0,0,0,0,0,0,0,0,0,0,0,0,0,0,0,0,0,0,0,0,0,0,0,0,0,0,0,0,0,0,60.88332389,8.746784372,1.320480286,255.9,1.1901,46.715661,7.530309861,1.136832154,266.9,0.8868,0,0,0,0,0,0,0,0,0,0,0,0,0.000207366,25.92075944,0,0,0,0,0,0,0,0,0,0,0,0,0,0,0,0,0,0,0.000240865,30.10809618
L24,C[NH+]1C2=C(C3=C([Pd-2]1([P+](C4CCCCC4)(C5CCCCC5)C6CCCCC6)OS(C)(=O)=O)C=CC=C3)C=CC=C2,PCy Pd G4,0.10627216000000012 milligram,0.16000000000000003 micromole,0.10627216000000014 microliter,C32H48NO3PPdS,CC1=C(N2CCCC2=O)C=CC(Br)=C1,1-(4-bromo-2-methylphenyl)pyrrolidin-2-one,0.20330160000000003 milligram,0.8 micromole,0.20330160000000008 microliter,C11H12BrNO,B1(OC(C(O1)(C)C)(C)C)C2=CC=C(C=C2)N,"4-(4,4,5,5-tetramethyl-1,3,2-dioxaborolan-2-yl)aniline",0.21032928 milligram,0.9600000000000001 micromole,0.21032928000000006 microliter,C12H18BNO2,O=C([O-])[O-].[Na+].[Na+],Na2CO3,0.635928 milligram,6.0 micromole,0.6359280000000002 microliter,CNa2O3,CN1C=NC2=C1C(=O)N(C(=O)N2C)C,caffeine,0.1553528 milligram,0.8 micromole,0.15535280000000004 microliter,C8H10N4O2,C1COCCO1,dioxane,32.445 milligram,368.2496084262139 micromole,31.5 microliter,C4H8O2,O,water,3.5 milligram,194.2825423258396 micromole,3.5 microliter,H2O,Cc1cc(-c2ccc(N)cc2)ccc1N1CCCC1=O,suzuki_product_0,0.0 milligram,0.0 micromole,0 microliter,C17H18N2O,Cc1ccccc1N1CCCC1=O,dehalogenation_0,0.0 milligram,0.0 micromole,0 microliter,C11H13NO,Nc1ccccc1,deborylation_0,0.0 milligram,0.0 micromole,0 microliter,C6H7N,CC1=C(N2CCCC2=O)C=CC(Br)=C1.B1(OC(C(O1)(C)C)(C)C)C2=CC=C(C=C2)N>>Cc1cc(-c2ccc(N)cc2)ccc1N1CCCC1=O.Cc1ccccc1N1CCCC1=O.Nc1ccccc1,001_RLN-NB-2443_007_L24,,,,,,,,,3/30/23 4:23,kat78-2-l24-a1_03_22_2023_288.raw,2min_150_1200.EXP,001_RLN-NB-2443_007_L24,KAT78-2-L24-A1_KAT78-2-L24-A1_KAT78-2-L24-A1,0,0,0,0,0,0,0,0,0,0,0,0,0,0,0,deborylation_0,0,0,0,0,0,154.6654473,29.21091448,3.895188039,195,0.7351,0,0,0,0,0,0,0,0,0,0,0,0,0,0,0,0,0,0,0,0,0,0,0,0,0,0,0,0,0,0,0,0,0,0,0,61.56714351,9.35284158,1.247173438,255.8,1.1901,27.02180532,4.520096743,0.602741375,266.9,0.8868,0,0,0,0,0,0,0,0,0,0,0,0,0.000123792,15.47399944,0,0,0,0,0,0,0,0,0,0,0,0,0,0,0,0,0,0,0.000256146,32.01831146
M1,CS(=O)(=O)O[Pd]c1ccccc1-c2ccccc2N.COc3cccc(OC)c3-c4ccccc4P(C5CCCCC5)C6CCCCC6,SPhos Pd G3,0.12484415999999997 milligram,0.16000000000000003 micromole,0.12484416 microliter,C39H48NO5PPdS,BrC1=CC=CN2C=CN=C12,"8-bromoimidazo[1,2-a]pyridine",0.15762800000000002 milligram,0.8 micromole,0.15762800000000005 microliter,C7H5BrN2,B1(OC(C(O1)(C)C)(C)C)C2=CN=C(C=C2)C,"2-methyl-5-(4,4,5,5-tetramethyl-1,3,2-dioxaborolan-2-yl)pyridine",0.21032928 milligram,0.9600000000000001 micromole,0.21032928000000006 microliter,C12H18BNO2,O=C([O-])[O-].[Na+].[Na+],Na2CO3,0.635928 milligram,6.0 micromole,0.6359280000000002 microliter,CNa2O3,CN1C=NC2=C1C(=O)N(C(=O)N2C)C,caffeine,0.1553528 milligram,0.8 micromole,0.15535280000000004 microliter,C8H10N4O2,C1COCCO1,dioxane,32.445 milligram,368.2496084262139 micromole,31.5 microliter,C4H8O2,O,water,3.5 milligram,194.2825423258396 micromole,3.5 microliter,H2O,Cc1ccc(-c2cccn3ccnc23)cn1,suzuki_product_0,0.0 milligram,0.0 micromole,0 microliter,C13H11N3,c1ccn2ccnc2c1,dehalogenation_0,0.0 milligram,0.0 micromole,0 microliter,C7H6N2,Cc1ccccn1,deborylation_0,0.0 milligram,0.0 micromole,0 microliter,C6H7N,BrC1=CC=CN2C=CN=C12.B1(OC(C(O1)(C)C)(C)C)C2=CN=C(C=C2)C>>Cc1ccc(-c2cccn3ccnc23)cn1.c1ccn2ccnc2c1.Cc1ccccn1,001_RLN-NB-2443_007_M1,,,,,,,,,3/30/23 4:25,kat78-2-m1-a1_03_22_2023_289.raw,2min_150_1200.EXP,001_RLN-NB-2443_007_M1,KAT78-2-M1-A1_KAT78-2-M1-A1_KAT78-2-M1-A1,0,0,0,0,0,0,0,0,0,0,0,0,0,0,0,deborylation_0,0,0,0,0,0,178.7127407,45.57152796,4.552992661,195,0.7334,0,0,0,0,0,0,0,0,0,0,0,0,0,0,0,0,0,0,0,0,0,0,0,0,0,0,0,0,0,0,0,0,0,0,0,0,0,0,0,0,39.10491765,12.23574939,1.222457962,210,0.5884,0,0,0,0,0,0,0,0,0,0,0,0,0.000214796,26.84954826,0,0,0,0,0,0,0,0,0,0,0,0,0,0,0,0,0,0,0,0
M2,CS(=O)(=O)O[Pd]c1ccccc1-c2ccccc2N.COc3cccc(OC)c3-c4ccccc4P(C5CCCCC5)C6CCCCC6,SPhos Pd G3,0.12484415999999997 milligram,0.16000000000000003 micromole,0.12484416 microliter,C39H48NO5PPdS,BrC1=CC=CN2C=CN=C12,"8-bromoimidazo[1,2-a]pyridine",0.15762800000000002 milligram,0.8 micromole,0.15762800000000005 microliter,C7H5BrN2,B1(OC(C(O1)(C)C)(C)C)C2=CN(N=C2C)C,"1,3-dimethyl-4-(4,4,5,5-tetramethyl-1,3,2-dioxaborolan-2-yl)-1H-pyrazole",0.21321311999999998 milligram,0.9600000000000001 micromole,0.21321312000000003 microliter,C11H19BN2O2,O=C([O-])[O-].[Na+].[Na+],Na2CO3,0.635928 milligram,6.0 micromole,0.6359280000000002 microliter,CNa2O3,CN1C=NC2=C1C(=O)N(C(=O)N2C)C,caffeine,0.1553528 milligram,0.8 micromole,0.15535280000000004 microliter,C8H10N4O2,C1COCCO1,dioxane,32.445 milligram,368.2496084262139 micromole,31.5 microliter,C4H8O2,O,water,3.5 milligram,194.2825423258396 micromole,3.5 microliter,H2O,Cc1nn(C)cc1-c1cccn2ccnc12,suzuki_product_0,0.0 milligram,0.0 micromole,0 microliter,C12H12N4,c1ccn2ccnc2c1,dehalogenation_0,0.0 milligram,0.0 micromole,0 microliter,C7H6N2,Cc1ccn(C)n1,deborylation_0,0.0 milligram,0.0 micromole,0 microliter,C5H8N2,BrC1=CC=CN2C=CN=C12.B1(OC(C(O1)(C)C)(C)C)C2=CN(N=C2C)C>>Cc1nn(C)cc1-c1cccn2ccnc12.c1ccn2ccnc2c1.Cc1ccn(C)n1,001_RLN-NB-2443_007_M2,,,,,,,,,3/30/23 4:28,kat78-2-m2-a1_03_22_2023_290.raw,2min_150_1200.EXP,001_RLN-NB-2443_007_M2,KAT78-2-M2-A1_KAT78-2-M2-A1_KAT78-2-M2-A1,0,0,0,0,0,0,0,0,0,0,0,0,0,0,0,deborylation_0,0,0,0,0,0,178.7188554,56.49881364,4.564132147,195,0.7351,0,0,0,0,0,0,0,0,0,0,0,0,0,0,0,0,0,0,0,0,0,0,0,0,0,0,0,0,0,0,0,0,0,0,0,0,0,0,0,0,11.39754639,2.837632339,0.229231875,213.1,0.6568,0,0,0,0,0,0,0,0,0,0,0,0,4.02E-05,5.022463581,0,0,0,0,0,0,0,0,0,0,0,0,0,0,0,0,0,0,0,0
M3,CS(=O)(=O)O[Pd]c1ccccc1-c2ccccc2N.COc3cccc(OC)c3-c4ccccc4P(C5CCCCC5)C6CCCCC6,SPhos Pd G3,0.12484415999999997 milligram,0.16000000000000003 micromole,0.12484416 microliter,C39H48NO5PPdS,BrC1=CC=CN2C=CN=C12,"8-bromoimidazo[1,2-a]pyridine",0.15762800000000002 milligram,0.8 micromole,0.15762800000000005 microliter,C7H5BrN2,B1(OC(C(O1)(C)C)(C)C)C2=CCN(CC2)C(=O)OC(C)(C)C,"N-Boc-1,2,5,6-tetrahydropyridine-4-boronic acid pinacol ester",0.29684640000000007 milligram,0.9600000000000001 micromole,0.2968464000000001 microliter,C16H28BNO4,O=C([O-])[O-].[Na+].[Na+],Na2CO3,0.635928 milligram,6.0 micromole,0.6359280000000002 microliter,CNa2O3,CN1C=NC2=C1C(=O)N(C(=O)N2C)C,caffeine,0.1553528 milligram,0.8 micromole,0.15535280000000004 microliter,C8H10N4O2,C1COCCO1,dioxane,32.445 milligram,368.2496084262139 micromole,31.5 microliter,C4H8O2,O,water,3.5 milligram,194.2825423258396 micromole,3.5 microliter,H2O,CC(C)(C)OC(=O)N1CC=C(c2cccn3ccnc23)CC1,suzuki_product_0,0.0 milligram,0.0 micromole,0 microliter,C17H21N3O2,c1ccn2ccnc2c1,dehalogenation_0,0.0 milligram,0.0 micromole,0 microliter,C7H6N2,CC(C)(C)OC(=O)N1CC=CCC1,deborylation_0,0.0 milligram,0.0 micromole,0 microliter,C10H17NO2,BrC1=CC=CN2C=CN=C12.B1(OC(C(O1)(C)C)(C)C)C2=CCN(CC2)C(=O)OC(C)(C)C>>CC(C)(C)OC(=O)N1CC=C(c2cccn3ccnc23)CC1.c1ccn2ccnc2c1.CC(C)(C)OC(=O)N1CC=CCC1,001_RLN-NB-2443_007_M3,,,,,,,,,3/30/23 4:30,kat78-2-m3-a1_03_22_2023_291.raw,2min_150_1200.EXP,001_RLN-NB-2443_007_M3,KAT78-2-M3-A1_KAT78-2-M3-A1_KAT78-2-M3-A1,0,0,0,0,0,0,0,0,0,0,0,0,0,0,0,deborylation_0,0,0,0,0,0,181.5275549,18.56798419,4.543890462,195,0.7351,0,0,0,0,0,0,0,0,0,0,0,0,0,0,0,0,0,0,0,0,0,0,0,0,0,0,0,0,0,0,0,0,0,0,0,0,0,0,0,0,202.6182232,25.89628217,6.337245247,300,0.8684,0,0,0,0,0,0,0,0,0,0,0,0,0.001115739,139.4673859,0,0,0,0,0,0,0,0,0,0,0,0,0,0,0,0,0,0,0,0
M4,CS(=O)(=O)O[Pd]c1ccccc1-c2ccccc2N.COc3cccc(OC)c3-c4ccccc4P(C5CCCCC5)C6CCCCC6,SPhos Pd G3,0.12484415999999997 milligram,0.16000000000000003 micromole,0.12484416 microliter,C39H48NO5PPdS,BrC1=CC=CN2C=CN=C12,"8-bromoimidazo[1,2-a]pyridine",0.15762800000000002 milligram,0.8 micromole,0.15762800000000005 microliter,C7H5BrN2,B1(OC(C(O1)(C)C)(C)C)C2=CCN(CC2)C(=O)OC(C)(C)C,"N-Boc-1,2,5,6-tetrahydropyridine-4-boronic acid pinacol ester",0.29684640000000007 milligram,0.9600000000000001 micromole,0.2968464000000001 microliter,C16H28BNO4,O=C([O-])[O-].[Na+].[Na+],Na2CO3,0.635928 milligram,6.0 micromole,0.6359280000000002 microliter,CNa2O3,CN1C=NC2=C1C(=O)N(C(=O)N2C)C,caffeine,0.1553528 milligram,0.8 micromole,0.15535280000000004 microliter,C8H10N4O2,C1COCCO1,dioxane,32.445 milligram,368.2496084262139 micromole,31.5 microliter,C4H8O2,O,water,3.5 milligram,194.2825423258396 micromole,3.5 microliter,H2O,CC(C)(C)OC(=O)N1CC=C(c2cccn3ccnc23)CC1,suzuki_product_0,0.0 milligram,0.0 micromole,0 microliter,C17H21N3O2,c1ccn2ccnc2c1,dehalogenation_0,0.0 milligram,0.0 micromole,0 microliter,C7H6N2,CC(C)(C)OC(=O)N1CC=CCC1,deborylation_0,0.0 milligram,0.0 micromole,0 microliter,C10H17NO2,BrC1=CC=CN2C=CN=C12.B1(OC(C(O1)(C)C)(C)C)C2=CCN(CC2)C(=O)OC(C)(C)C>>CC(C)(C)OC(=O)N1CC=C(c2cccn3ccnc23)CC1.c1ccn2ccnc2c1.CC(C)(C)OC(=O)N1CC=CCC1,001_RLN-NB-2443_007_M4,,,,,,,,,3/30/23 4:32,kat78-2-m4-a1_03_22_2023_292.raw,2min_150_1200.EXP,001_RLN-NB-2443_007_M4,KAT78-2-M4-A1_KAT78-2-M4-A1_KAT78-2-M4-A1,0,0,0,0,0,0,0,0,0,0,0,0,0,0,0,deborylation_0,0,0,0,0,0,174.555592,62.7599609,4.606897917,194.9,0.7334,0,0,0,0,0,0,0,0,0,0,0,0,0,0,0,0,0,0,0,0,0,0,0,0,0,0,0,0,0,0,0,0,0,0,0,0,0,0,0,0,0,0,0,0,0,0,0,0,0,0,0,0,0,0,0,0,0,0,0,0,0,0,0,0,0,0,0,0,0,0,0,0,0,0,0,0,0,0,0
M5,CS(=O)(=O)O[Pd]c1ccccc1-c2ccccc2N.COc3cccc(OC)c3-c4ccccc4P(C5CCCCC5)C6CCCCC6,SPhos Pd G3,0.12484415999999997 milligram,0.16000000000000003 micromole,0.12484416 microliter,C39H48NO5PPdS,BrC1=CC=CN2C=CN=C12,"8-bromoimidazo[1,2-a]pyridine",0.15762800000000002 milligram,0.8 micromole,0.15762800000000005 microliter,C7H5BrN2,B1(OC(C(O1)(C)C)(C)C)C2=CC=C(C=C2)N,"4-(4,4,5,5-tetramethyl-1,3,2-dioxaborolan-2-yl)aniline",0.21032928 milligram,0.9600000000000001 micromole,0.21032928000000006 microliter,C12H18BNO2,O=C([O-])[O-].[Na+].[Na+],Na2CO3,0.635928 milligram,6.0 micromole,0.6359280000000002 microliter,CNa2O3,CN1C=NC2=C1C(=O)N(C(=O)N2C)C,caffeine,0.1553528 milligram,0.8 micromole,0.15535280000000004 microliter,C8H10N4O2,C1COCCO1,dioxane,32.445 milligram,368.2496084262139 micromole,31.5 microliter,C4H8O2,O,water,3.5 milligram,194.2825423258396 micromole,3.5 microliter,H2O,Nc1ccc(-c2cccn3ccnc23)cc1,suzuki_product_0,0.0 milligram,0.0 micromole,0 microliter,C13H11N3,c1ccn2ccnc2c1,dehalogenation_0,0.0 milligram,0.0 micromole,0 microliter,C7H6N2,Nc1ccccc1,deborylation_0,0.0 milligram,0.0 micromole,0 microliter,C6H7N,BrC1=CC=CN2C=CN=C12.B1(OC(C(O1)(C)C)(C)C)C2=CC=C(C=C2)N>>Nc1ccc(-c2cccn3ccnc23)cc1.c1ccn2ccnc2c1.Nc1ccccc1,001_RLN-NB-2443_007_M5,,,,,,,,,3/30/23 4:35,kat78-2-m5-a1_03_22_2023_293.raw,2min_150_1200.EXP,001_RLN-NB-2443_007_M5,KAT78-2-M5-A1_KAT78-2-M5-A1_KAT78-2-M5-A1,0,0,0,0,0,0,0,0,0,0,0,0,0,0,0,deborylation_0,0,0,0,0,0,170.4239323,30.63649242,4.390767889,194.9,0.7334,0,0,0,0,0,0,0,0,0,0,0,0,0,0,0,21.3315533,4.430594189,0.63498492,219.8,1.1018,0,0,0,0,0,0,0,0,0,0,0,0,0,0,0,0,0,0,0,0,63.38409471,12.05688148,1.727970923,210,0.6368,0,0,0,0,0,0,0,0,0,0,0,0,0.000314837,39.3546406,0,0,0,0,0,0,0,0,0.000115695,14.46181935,0,0,0,0,0,0,0,0,0,0
M6,CS(=O)(=O)O[Pd]c1ccccc1-c2ccccc2N.COc3cccc(OC)c3-c4ccccc4P(C5CCCCC5)C6CCCCC6,SPhos Pd G3,0.12484415999999997 milligram,0.16000000000000003 micromole,0.12484416 microliter,C39H48NO5PPdS,BrC1=CC=CN2C=CN=C12,"8-bromoimidazo[1,2-a]pyridine",0.15762800000000002 milligram,0.8 micromole,0.15762800000000005 microliter,C7H5BrN2,B1(OC(C(O1)(C)C)(C)C)C2=CC=C(C=C2)N,"4-(4,4,5,5-tetramethyl-1,3,2-dioxaborolan-2-yl)aniline",0.21032928 milligram,0.9600000000000001 micromole,0.21032928000000006 microliter,C12H18BNO2,O=C([O-])[O-].[Na+].[Na+],Na2CO3,0.635928 milligram,6.0 micromole,0.6359280000000002 microliter,CNa2O3,CN1C=NC2=C1C(=O)N(C(=O)N2C)C,caffeine,0.1553528 milligram,0.8 micromole,0.15535280000000004 microliter,C8H10N4O2,C1COCCO1,dioxane,32.445 milligram,368.2496084262139 micromole,31.5 microliter,C4H8O2,O,water,3.5 milligram,194.2825423258396 micromole,3.5 microliter,H2O,Nc1ccc(-c2cccn3ccnc23)cc1,suzuki_product_0,0.0 milligram,0.0 micromole,0 microliter,C13H11N3,c1ccn2ccnc2c1,dehalogenation_0,0.0 milligram,0.0 micromole,0 microliter,C7H6N2,Nc1ccccc1,deborylation_0,0.0 milligram,0.0 micromole,0 microliter,C6H7N,BrC1=CC=CN2C=CN=C12.B1(OC(C(O1)(C)C)(C)C)C2=CC=C(C=C2)N>>Nc1ccc(-c2cccn3ccnc23)cc1.c1ccn2ccnc2c1.Nc1ccccc1,001_RLN-NB-2443_007_M6,,,,,,,,,3/30/23 4:37,kat78-2-m6-a1_03_22_2023_294.raw,2min_150_1200.EXP,001_RLN-NB-2443_007_M6,KAT78-2-M6-A1_KAT78-2-M6-A1_KAT78-2-M6-A1,0,0,0,0,0,0,0,0,0,0,0,0,0,0,0,deborylation_0,0,0,0,0,0,176.6243092,32.82461033,4.464671865,195,0.7334,0,0,0,0,0,0,0,0,0,0,0,0,0,0,0,0,0,0,0,0,0,0,0,0,0,0,0,0,0,0,0,0,0,0,0,0,0,0,0,0,59.87091161,12.34194627,1.678702039,210.1,0.6384,0,0,0,0,0,0,0,0,0,0,0,0,0.000300797,37.59967338,0,0,0,0,0,0,0,0,0,0,0,0,0,0,0,0,0,0,0,0
M7,CS(=O)(=O)O[Pd]c1ccccc1-c2ccccc2N.COc3cccc(OC)c3-c4ccccc4P(C5CCCCC5)C6CCCCC6,SPhos Pd G3,0.12484415999999997 milligram,0.16000000000000003 micromole,0.12484416 microliter,C39H48NO5PPdS,CC1=CC(C=O)=C(C)N1C2=CC(Cl)=CC(Cl)=C2,"1-(3,5-dichlorophenyl)-2,5-dimethyl-1H-pyrrole-3-carbaldehyde",0.2145144 milligram,0.8 micromole,0.21451440000000005 microliter,C13H11Cl2NO,B1(OC(C(O1)(C)C)(C)C)C2=CN=C(C=C2)C,"2-methyl-5-(4,4,5,5-tetramethyl-1,3,2-dioxaborolan-2-yl)pyridine",0.21032928 milligram,0.9600000000000001 micromole,0.21032928000000006 microliter,C12H18BNO2,O=C([O-])[O-].[Na+].[Na+],Na2CO3,0.635928 milligram,6.0 micromole,0.6359280000000002 microliter,CNa2O3,CN1C=NC2=C1C(=O)N(C(=O)N2C)C,caffeine,0.1553528 milligram,0.8 micromole,0.15535280000000004 microliter,C8H10N4O2,C1COCCO1,dioxane,32.445 milligram,368.2496084262139 micromole,31.5 microliter,C4H8O2,O,water,3.5 milligram,194.2825423258396 micromole,3.5 microliter,H2O,Cc1ccc(-c2cc(Cl)cc(-n3c(C)cc(C=O)c3C)c2)cn1,suzuki_product_0,0.0 milligram,0.0 micromole,0 microliter,C19H17ClN2O,Cc1ccc(-c2cc(-c3ccc(C)nc3)cc(-n3c(C)cc(C=O)c3C)c2)cn1,bis_addition_1,0.0 milligram,0.0 micromole,0 microliter,C25H23N3O,Cc1cc(C=O)c(C)n1-c1cccc(Cl)c1,dehalogenation_0,0.0 milligram,0.0 micromole,0 microliter,C13H12ClNO,CC1=CC(C=O)=C(C)N1C2=CC(Cl)=CC(Cl)=C2.B1(OC(C(O1)(C)C)(C)C)C2=CN=C(C=C2)C>>Cc1ccc(-c2cc(Cl)cc(-n3c(C)cc(C=O)c3C)c2)cn1.Cc1ccc(-c2cc(-c3ccc(C)nc3)cc(-n3c(C)cc(C=O)c3C)c2)cn1.Cc1cc(C=O)c(C)n1-c1cccc(Cl)c1.Cc1ccccn1,001_RLN-NB-2443_007_M7,,,Cc1ccccn1,deborylation_0,0.0 milligram,0.0 micromole,0 microliter,C6H7N,3/30/23 4:40,kat78-2-m7-a1_03_22_2023_295.raw,2min_150_1200.EXP,001_RLN-NB-2443_007_M7,KAT78-2-M7-A1_KAT78-2-M7-A1_KAT78-2-M7-A1,0,0,0,0,0,0,0,0,0,0,0,0,0,0,0,bis_addition_1,0,0,0,0,0,171.6822918,25.08351877,4.235921226,195,0.7351,0,0,0,0,0,0,0,0,0,0,0,0,0,0,0,0,0,0,0,0,48.79689724,6.326003652,1.068289238,382.1,0.8068,0,0,0,0,0,0,0,0,0,0,0,0,0,0,0,214.3588445,33.60898325,5.675639326,324.9,1.0368,0,0,0,0,0,161.0274967,21.29526032,3.596187842,268,1.3251,0,0,0.001071906,133.9883115,0,0,0,0,0,0,0,0,0,0,0.000679179,84.89742018,0.000201758,25.21976167,0,0,0,0,0,0
M8,CS(=O)(=O)O[Pd]c1ccccc1-c2ccccc2N.COc3cccc(OC)c3-c4ccccc4P(C5CCCCC5)C6CCCCC6,SPhos Pd G3,0.12484415999999997 milligram,0.16000000000000003 micromole,0.12484416 microliter,C39H48NO5PPdS,CC1=CC(C=O)=C(C)N1C2=CC(Cl)=CC(Cl)=C2,"1-(3,5-dichlorophenyl)-2,5-dimethyl-1H-pyrrole-3-carbaldehyde",0.2145144 milligram,0.8 micromole,0.21451440000000005 microliter,C13H11Cl2NO,B1(OC(C(O1)(C)C)(C)C)C2=CN(N=C2C)C,"1,3-dimethyl-4-(4,4,5,5-tetramethyl-1,3,2-dioxaborolan-2-yl)-1H-pyrazole",0.21321311999999998 milligram,0.9600000000000001 micromole,0.21321312000000003 microliter,C11H19BN2O2,O=C([O-])[O-].[Na+].[Na+],Na2CO3,0.635928 milligram,6.0 micromole,0.6359280000000002 microliter,CNa2O3,CN1C=NC2=C1C(=O)N(C(=O)N2C)C,caffeine,0.1553528 milligram,0.8 micromole,0.15535280000000004 microliter,C8H10N4O2,C1COCCO1,dioxane,32.445 milligram,368.2496084262139 micromole,31.5 microliter,C4H8O2,O,water,3.5 milligram,194.2825423258396 micromole,3.5 microliter,H2O,Cc1nn(C)cc1-c1cc(Cl)cc(-n2c(C)cc(C=O)c2C)c1,suzuki_product_0,0.0 milligram,0.0 micromole,0 microliter,C18H18ClN3O,Cc1nn(C)cc1-c1cc(-c2cn(C)nc2C)cc(-n2c(C)cc(C=O)c2C)c1,bis_addition_1,0.0 milligram,0.0 micromole,0 microliter,C23H25N5O,Cc1cc(C=O)c(C)n1-c1cccc(Cl)c1,dehalogenation_0,0.0 milligram,0.0 micromole,0 microliter,C13H12ClNO,CC1=CC(C=O)=C(C)N1C2=CC(Cl)=CC(Cl)=C2.B1(OC(C(O1)(C)C)(C)C)C2=CN(N=C2C)C>>Cc1nn(C)cc1-c1cc(Cl)cc(-n2c(C)cc(C=O)c2C)c1.Cc1nn(C)cc1-c1cc(-c2cn(C)nc2C)cc(-n2c(C)cc(C=O)c2C)c1.Cc1cc(C=O)c(C)n1-c1cccc(Cl)c1.Cc1ccn(C)n1,001_RLN-NB-2443_007_M8,,,Cc1ccn(C)n1,deborylation_0,0.0 milligram,0.0 micromole,0 microliter,C5H8N2,3/30/23 4:42,kat78-2-m8-a1_03_22_2023_296.raw,2min_150_1200.EXP,001_RLN-NB-2443_007_M8,KAT78-2-M8-A1_KAT78-2-M8-A1_KAT78-2-M8-A1,0,0,0,0,0,0,0,0,0,0,0,0,0,0,0,bis_addition_2,0,0,0,0,0,168.500518,37.09256722,4.224274391,195,0.7334,0,0,0,0,0,0,0,0,0,0,0,0,0,0,0,0,0,0,0,0,0,0,0,0,0,0,0,0,0,0,0,0,0,0,0,0,0,0,0,0,0,0,0,0,0,0,0,0,0,0,183.4054264,36.95861102,4.209018835,267.8,1.3268,0,0,0,0,0,0,0,0,0,0,0,0,0,0,0.000797111,99.63885973,0,0,0,0,0,0,0,0
M9,CS(=O)(=O)O[Pd]c1ccccc1-c2ccccc2N.COc3cccc(OC)c3-c4ccccc4P(C5CCCCC5)C6CCCCC6,SPhos Pd G3,0.12484415999999997 milligram,0.16000000000000003 micromole,0.12484416 microliter,C39H48NO5PPdS,CC1=CC(C=O)=C(C)N1C2=CC(Cl)=CC(Cl)=C2,"1-(3,5-dichlorophenyl)-2,5-dimethyl-1H-pyrrole-3-carbaldehyde",0.2145144 milligram,0.8 micromole,0.21451440000000005 microliter,C13H11Cl2NO,B1(OC(C(O1)(C)C)(C)C)C2=CCN(CC2)C(=O)OC(C)(C)C,"N-Boc-1,2,5,6-tetrahydropyridine-4-boronic acid pinacol ester",0.29684640000000007 milligram,0.9600000000000001 micromole,0.2968464000000001 microliter,C16H28BNO4,O=C([O-])[O-].[Na+].[Na+],Na2CO3,0.635928 milligram,6.0 micromole,0.6359280000000002 microliter,CNa2O3,CN1C=NC2=C1C(=O)N(C(=O)N2C)C,caffeine,0.1553528 milligram,0.8 micromole,0.15535280000000004 microliter,C8H10N4O2,C1COCCO1,dioxane,32.445 milligram,368.2496084262139 micromole,31.5 microliter,C4H8O2,O,water,3.5 milligram,194.2825423258396 micromole,3.5 microliter,H2O,Cc1cc(C=O)c(C)n1-c1cc(Cl)cc(C2=CCN(C(=O)OC(C)(C)C)CC2)c1,suzuki_product_0,0.0 milligram,0.0 micromole,0 microliter,C23H27ClN2O3,Cc1cc(C=O)c(C)n1-c1cc(C2=CCN(C(=O)OC(C)(C)C)CC2)cc(C2=CCN(C(=O)OC(C)(C)C)CC2)c1,bis_addition_2,0.0 milligram,0.0 micromole,0 microliter,C33H43N3O5,Cc1cc(C=O)c(C)n1-c1cccc(Cl)c1,dehalogenation_0,0.0 milligram,0.0 micromole,0 microliter,C13H12ClNO,CC1=CC(C=O)=C(C)N1C2=CC(Cl)=CC(Cl)=C2.B1(OC(C(O1)(C)C)(C)C)C2=CCN(CC2)C(=O)OC(C)(C)C>>Cc1cc(C=O)c(C)n1-c1cc(Cl)cc(C2=CCN(C(=O)OC(C)(C)C)CC2)c1.Cc1cc(C=O)c(C)n1-c1cc(C2=CCN(C(=O)OC(C)(C)C)CC2)cc(C2=CCN(C(=O)OC(C)(C)C)CC2)c1.Cc1cc(C=O)c(C)n1-c1cccc(Cl)c1.CC(C)(C)OC(=O)N1CC=CCC1,001_RLN-NB-2443_007_M9,,,CC(C)(C)OC(=O)N1CC=CCC1,deborylation_0,0.0 milligram,0.0 micromole,0 microliter,C10H17NO2,3/30/23 4:45,kat78-2-m9-a1_03_22_2023_297.raw,2min_150_1200.EXP,001_RLN-NB-2443_007_M9,KAT78-2-M9-A1_KAT78-2-M9-A1_KAT78-2-M9-A1,0,0,0,0,0,0,0,0,0,0,0,0,0,0,0,bis_addition_1,0,0,0,0,0,180.7879011,38.72623469,4.644340031,195,0.7334,0,0,0,0,0,0,0,0,0,0,0,0,0,0,0,0,0,0,0,0,0,0,0,0,0,0,0,0,0,0,0,0,0,0,0,0,0,0,0,0,0,0,0,0,0,0,0,0,0,0,379.1450749,74.66234599,8.954067573,462.8,2.0585,0,0,0,0,0,0,0,0,0,0,0,0,0,0,0.001542362,192.7952629,0,0,0,0,0,0,0,0
M10,CS(=O)(=O)O[Pd]c1ccccc1-c2ccccc2N.COc3cccc(OC)c3-c4ccccc4P(C5CCCCC5)C6CCCCC6,SPhos Pd G3,0.12484415999999997 milligram,0.16000000000000003 micromole,0.12484416 microliter,C39H48NO5PPdS,CC1=CC(C=O)=C(C)N1C2=CC(Cl)=CC(Cl)=C2,"1-(3,5-dichlorophenyl)-2,5-dimethyl-1H-pyrrole-3-carbaldehyde",0.2145144 milligram,0.8 micromole,0.21451440000000005 microliter,C13H11Cl2NO,B1(OC(C(O1)(C)C)(C)C)C2=CCN(CC2)C(=O)OC(C)(C)C,"N-Boc-1,2,5,6-tetrahydropyridine-4-boronic acid pinacol ester",0.29684640000000007 milligram,0.9600000000000001 micromole,0.2968464000000001 microliter,C16H28BNO4,O=C([O-])[O-].[Na+].[Na+],Na2CO3,0.635928 milligram,6.0 micromole,0.6359280000000002 microliter,CNa2O3,CN1C=NC2=C1C(=O)N(C(=O)N2C)C,caffeine,0.1553528 milligram,0.8 micromole,0.15535280000000004 microliter,C8H10N4O2,C1COCCO1,dioxane,32.445 milligram,368.2496084262139 micromole,31.5 microliter,C4H8O2,O,water,3.5 milligram,194.2825423258396 micromole,3.5 microliter,H2O,Cc1cc(C=O)c(C)n1-c1cc(Cl)cc(C2=CCN(C(=O)OC(C)(C)C)CC2)c1,suzuki_product_0,0.0 milligram,0.0 micromole,0 microliter,C23H27ClN2O3,Cc1cc(C=O)c(C)n1-c1cc(C2=CCN(C(=O)OC(C)(C)C)CC2)cc(C2=CCN(C(=O)OC(C)(C)C)CC2)c1,bis_addition_2,0.0 milligram,0.0 micromole,0 microliter,C33H43N3O5,Cc1cc(C=O)c(C)n1-c1cccc(Cl)c1,dehalogenation_0,0.0 milligram,0.0 micromole,0 microliter,C13H12ClNO,CC1=CC(C=O)=C(C)N1C2=CC(Cl)=CC(Cl)=C2.B1(OC(C(O1)(C)C)(C)C)C2=CCN(CC2)C(=O)OC(C)(C)C>>Cc1cc(C=O)c(C)n1-c1cc(Cl)cc(C2=CCN(C(=O)OC(C)(C)C)CC2)c1.Cc1cc(C=O)c(C)n1-c1cc(C2=CCN(C(=O)OC(C)(C)C)CC2)cc(C2=CCN(C(=O)OC(C)(C)C)CC2)c1.Cc1cc(C=O)c(C)n1-c1cccc(Cl)c1.CC(C)(C)OC(=O)N1CC=CCC1,001_RLN-NB-2443_007_M10,,,CC(C)(C)OC(=O)N1CC=CCC1,deborylation_0,0.0 milligram,0.0 micromole,0 microliter,C10H17NO2,3/30/23 4:47,kat78-2-m10-a1_03_22_2023_298.raw,2min_150_1200.EXP,001_RLN-NB-2443_007_M10,KAT78-2-M10-A1_KAT78-2-M10-A1_KAT78-2-M10-A1,0,0,0,0,0,0,0,0,0,0,0,0,0,0,0,bis_addition_1,0,0,0,0,0,189.9413989,38.20923873,4.775157358,195,0.7351,0,0,0,0,0,0,0,0,0,0,0,0,0,0,0,0,0,0,0,0,0,0,0,0,0,0,0,0,0,0,0,0,0,0,0,0,0,0,0,0,0,0,0,0,0,0,0,0,0,0,213.9933585,37.48339789,4.684446202,267.8,1.3268,0,0,0,0,0,0,0,0,0,0,0,0,0,0,0.000784803,98.10035253,0,0,0,0,0,0,0,0
M11,CS(=O)(=O)O[Pd]c1ccccc1-c2ccccc2N.COc3cccc(OC)c3-c4ccccc4P(C5CCCCC5)C6CCCCC6,SPhos Pd G3,0.12484415999999997 milligram,0.16000000000000003 micromole,0.12484416 microliter,C39H48NO5PPdS,CC1=CC(C=O)=C(C)N1C2=CC(Cl)=CC(Cl)=C2,"1-(3,5-dichlorophenyl)-2,5-dimethyl-1H-pyrrole-3-carbaldehyde",0.2145144 milligram,0.8 micromole,0.21451440000000005 microliter,C13H11Cl2NO,B1(OC(C(O1)(C)C)(C)C)C2=CC=C(C=C2)N,"4-(4,4,5,5-tetramethyl-1,3,2-dioxaborolan-2-yl)aniline",0.21032928 milligram,0.9600000000000001 micromole,0.21032928000000006 microliter,C12H18BNO2,O=C([O-])[O-].[Na+].[Na+],Na2CO3,0.635928 milligram,6.0 micromole,0.6359280000000002 microliter,CNa2O3,CN1C=NC2=C1C(=O)N(C(=O)N2C)C,caffeine,0.1553528 milligram,0.8 micromole,0.15535280000000004 microliter,C8H10N4O2,C1COCCO1,dioxane,32.445 milligram,368.2496084262139 micromole,31.5 microliter,C4H8O2,O,water,3.5 milligram,194.2825423258396 micromole,3.5 microliter,H2O,Cc1cc(C=O)c(C)n1-c1cc(Cl)cc(-c2ccc(N)cc2)c1,suzuki_product_0,0.0 milligram,0.0 micromole,0 microliter,C19H17ClN2O,Cc1cc(C=O)c(C)n1-c1cc(-c2ccc(N)cc2)cc(-c2ccc(N)cc2)c1,bis_addition_1,0.0 milligram,0.0 micromole,0 microliter,C25H23N3O,Cc1cc(C=O)c(C)n1-c1cccc(Cl)c1,dehalogenation_0,0.0 milligram,0.0 micromole,0 microliter,C13H12ClNO,CC1=CC(C=O)=C(C)N1C2=CC(Cl)=CC(Cl)=C2.B1(OC(C(O1)(C)C)(C)C)C2=CC=C(C=C2)N>>Cc1cc(C=O)c(C)n1-c1cc(Cl)cc(-c2ccc(N)cc2)c1.Cc1cc(C=O)c(C)n1-c1cc(-c2ccc(N)cc2)cc(-c2ccc(N)cc2)c1.Cc1cc(C=O)c(C)n1-c1cccc(Cl)c1.Nc1ccccc1,001_RLN-NB-2443_007_M11,,,Nc1ccccc1,deborylation_0,0.0 milligram,0.0 micromole,0 microliter,C6H7N,3/30/23 4:50,kat78-2-m11-a1_03_22_2023_299.raw,2min_150_1200.EXP,001_RLN-NB-2443_007_M11,KAT78-2-M11-A1_KAT78-2-M11-A1_KAT78-2-M11-A1,0,0,0,0,0,0,0,0,0,0,0,0,0,0,0,bis_addition_1,0,0,0,0,0,180.4476834,20.013573,4.687283886,195,0.7334,0,0,0,0,0,0,0,0,0,0,0,0,0,0,0,0,0,0,0,0,86.66317103,17.12128634,4.009895163,261,1.0251,0,0,0,0,0,0,0,0,0,0,0,0,0,0,0,192.3546401,27.8834534,6.5304512,325,1.2318,0,0,0,0,0,161.8473562,18.47004761,4.325782134,267.8,1.3251,0,0,0.001114582,139.3227156,0,0,0,0,0,0,0,0,0,0,0.000738301,92.28760704,0.000684387,85.54837428,0,0,0,0,0,0
M12,CS(=O)(=O)O[Pd]c1ccccc1-c2ccccc2N.COc3cccc(OC)c3-c4ccccc4P(C5CCCCC5)C6CCCCC6,SPhos Pd G3,0.12484415999999997 milligram,0.16000000000000003 micromole,0.12484416 microliter,C39H48NO5PPdS,CC1=CC(C=O)=C(C)N1C2=CC(Cl)=CC(Cl)=C2,"1-(3,5-dichlorophenyl)-2,5-dimethyl-1H-pyrrole-3-carbaldehyde",0.2145144 milligram,0.8 micromole,0.21451440000000005 microliter,C13H11Cl2NO,B1(OC(C(O1)(C)C)(C)C)C2=CC=C(C=C2)N,"4-(4,4,5,5-tetramethyl-1,3,2-dioxaborolan-2-yl)aniline",0.21032928 milligram,0.9600000000000001 micromole,0.21032928000000006 microliter,C12H18BNO2,O=C([O-])[O-].[Na+].[Na+],Na2CO3,0.635928 milligram,6.0 micromole,0.6359280000000002 microliter,CNa2O3,CN1C=NC2=C1C(=O)N(C(=O)N2C)C,caffeine,0.1553528 milligram,0.8 micromole,0.15535280000000004 microliter,C8H10N4O2,C1COCCO1,dioxane,32.445 milligram,368.2496084262139 micromole,31.5 microliter,C4H8O2,O,water,3.5 milligram,194.2825423258396 micromole,3.5 microliter,H2O,Cc1cc(C=O)c(C)n1-c1cc(Cl)cc(-c2ccc(N)cc2)c1,suzuki_product_0,0.0 milligram,0.0 micromole,0 microliter,C19H17ClN2O,Cc1cc(C=O)c(C)n1-c1cc(-c2ccc(N)cc2)cc(-c2ccc(N)cc2)c1,bis_addition_1,0.0 milligram,0.0 micromole,0 microliter,C25H23N3O,Cc1cc(C=O)c(C)n1-c1cccc(Cl)c1,dehalogenation_0,0.0 milligram,0.0 micromole,0 microliter,C13H12ClNO,CC1=CC(C=O)=C(C)N1C2=CC(Cl)=CC(Cl)=C2.B1(OC(C(O1)(C)C)(C)C)C2=CC=C(C=C2)N>>Cc1cc(C=O)c(C)n1-c1cc(Cl)cc(-c2ccc(N)cc2)c1.Cc1cc(C=O)c(C)n1-c1cc(-c2ccc(N)cc2)cc(-c2ccc(N)cc2)c1.Cc1cc(C=O)c(C)n1-c1cccc(Cl)c1.Nc1ccccc1,001_RLN-NB-2443_007_M12,,,Nc1ccccc1,deborylation_0,0.0 milligram,0.0 micromole,0 microliter,C6H7N,3/30/23 4:52,kat78-2-m12-a1_03_22_2023_300.raw,2min_150_1200.EXP,001_RLN-NB-2443_007_M12,KAT78-2-M12-A1_KAT78-2-M12-A1_KAT78-2-M12-A1,0,0,0,0,0,0,0,0,0,0,0,0,0,0,0,bis_addition_1,0,0,0,0,0,178.5799565,32.57823956,4.453747219,195,0.7351,0,0,0,0,0,33.1857198,7.001159279,0.957123347,325,1.2318,0,0,0,0,0,0,0,0,0,0,0,0,0,0,0,0,0,0,0,0,0,0,0,0,0,0,0,0,0,0,33.1857198,7.001159279,0.957123347,325,1.2318,0,0,0,0,0,172.8163182,33.08985547,4.523689856,267.9,1.3268,0,0,0.000171922,21.49029344,0.000171922,21.49029344,0,0,0,0,0,0,0,0,0.000812563,101.5704222,0,0,0,0,0,0,0,0
M13,CS(=O)(=O)O[Pd]c1ccccc1-c2ccccc2N.COc3cccc(OC)c3-c4ccccc4P(C5CCCCC5)C6CCCCC6,SPhos Pd G3,0.12484415999999997 milligram,0.16000000000000003 micromole,0.12484416 microliter,C39H48NO5PPdS,COC1=C(N)C(Cl)=NC=N1,4-chloro-6-methoxypyrimidin-5-amine,0.12766080000000002 milligram,0.8 micromole,0.12766080000000005 microliter,C5H6ClN3O,B1(OC(C(O1)(C)C)(C)C)C2=CN=C(C=C2)C,"2-methyl-5-(4,4,5,5-tetramethyl-1,3,2-dioxaborolan-2-yl)pyridine",0.21032928 milligram,0.9600000000000001 micromole,0.21032928000000006 microliter,C12H18BNO2,O=C([O-])[O-].[Na+].[Na+],Na2CO3,0.635928 milligram,6.0 micromole,0.6359280000000002 microliter,CNa2O3,CN1C=NC2=C1C(=O)N(C(=O)N2C)C,caffeine,0.1553528 milligram,0.8 micromole,0.15535280000000004 microliter,C8H10N4O2,C1COCCO1,dioxane,32.445 milligram,368.2496084262139 micromole,31.5 microliter,C4H8O2,O,water,3.5 milligram,194.2825423258396 micromole,3.5 microliter,H2O,COc1ncnc(-c2ccc(C)nc2)c1N,suzuki_product_0,0.0 milligram,0.0 micromole,0 microliter,C11H12N4O,COc1ncncc1N,dehalogenation_0,0.0 milligram,0.0 micromole,0 microliter,C5H7N3O,Cc1ccccn1,deborylation_0,0.0 milligram,0.0 micromole,0 microliter,C6H7N,COC1=C(N)C(Cl)=NC=N1.B1(OC(C(O1)(C)C)(C)C)C2=CN=C(C=C2)C>>COc1ncnc(-c2ccc(C)nc2)c1N.COc1ncncc1N.Cc1ccccn1,001_RLN-NB-2443_007_M13,,,,,,,,,3/30/23 4:54,kat78-2-m13-a1_03_22_2023_301.raw,2min_150_1200.EXP,001_RLN-NB-2443_007_M13,KAT78-2-M13-A1_KAT78-2-M13-A1_KAT78-2-M13-A1,0,0,0,0,0,0,0,0,0,0,0,0,0,0,0,deborylation_0,0,0,0,0,0,166.3758873,65.00798858,4.280434818,194.9,0.7334,0,0,0,0,0,0,0,0,0,0,0,0,0,0,0,0,0,0,0,0,0,0,0,0,0,0,0,0,0,0,0,0,0,0,0,0,0,0,0,0,17.01845686,5.536424311,0.36454448,216.9,0.6518,0,0,0,0,0,0,0,0,0,0,0,0,6.81E-05,8.516529171,0,0,0,0,0,0,0,0,0,0,0,0,0,0,0,0,0,0,0,0
M14,CS(=O)(=O)O[Pd]c1ccccc1-c2ccccc2N.COc3cccc(OC)c3-c4ccccc4P(C5CCCCC5)C6CCCCC6,SPhos Pd G3,0.12484415999999997 milligram,0.16000000000000003 micromole,0.12484416 microliter,C39H48NO5PPdS,COC1=C(N)C(Cl)=NC=N1,4-chloro-6-methoxypyrimidin-5-amine,0.12766080000000002 milligram,0.8 micromole,0.12766080000000005 microliter,C5H6ClN3O,B1(OC(C(O1)(C)C)(C)C)C2=CN(N=C2C)C,"1,3-dimethyl-4-(4,4,5,5-tetramethyl-1,3,2-dioxaborolan-2-yl)-1H-pyrazole",0.21321311999999998 milligram,0.9600000000000001 micromole,0.21321312000000003 microliter,C11H19BN2O2,O=C([O-])[O-].[Na+].[Na+],Na2CO3,0.635928 milligram,6.0 micromole,0.6359280000000002 microliter,CNa2O3,CN1C=NC2=C1C(=O)N(C(=O)N2C)C,caffeine,0.1553528 milligram,0.8 micromole,0.15535280000000004 microliter,C8H10N4O2,C1COCCO1,dioxane,32.445 milligram,368.2496084262139 micromole,31.5 microliter,C4H8O2,O,water,3.5 milligram,194.2825423258396 micromole,3.5 microliter,H2O,COc1ncnc(-c2cn(C)nc2C)c1N,suzuki_product_0,0.0 milligram,0.0 micromole,0 microliter,C10H13N5O,COc1ncncc1N,dehalogenation_0,0.0 milligram,0.0 micromole,0 microliter,C5H7N3O,Cc1ccn(C)n1,deborylation_0,0.0 milligram,0.0 micromole,0 microliter,C5H8N2,COC1=C(N)C(Cl)=NC=N1.B1(OC(C(O1)(C)C)(C)C)C2=CN(N=C2C)C>>COc1ncnc(-c2cn(C)nc2C)c1N.COc1ncncc1N.Cc1ccn(C)n1,001_RLN-NB-2443_007_M14,,,,,,,,,3/30/23 4:57,kat78-2-m14-a1_03_22_2023_302.raw,2min_150_1200.EXP,001_RLN-NB-2443_007_M14,KAT78-2-M14-A1_KAT78-2-M14-A1_KAT78-2-M14-A1,0,0,0,0,0,0,0,0,0,0,0,0,0,0,0,deborylation_0,0,0,0,0,0,184.1604188,49.91376261,4.908685041,195,0.7351,0,0,0,0,0,0,0,0,0,0,0,0,0,0,0,0,0,0,0,0,0,0,0,0,0,0,0,0,0,0,0,0,0,0,0,0,0,0,0,0,0,0,0,0,0,0,0,0,0,0,0,0,0,0,0,0,0,0,0,0,0,0,0,0,0,0,0,0,0,0,0,0,0,0,0,0,0,0,0
M15,CS(=O)(=O)O[Pd]c1ccccc1-c2ccccc2N.COc3cccc(OC)c3-c4ccccc4P(C5CCCCC5)C6CCCCC6,SPhos Pd G3,0.12484415999999997 milligram,0.16000000000000003 micromole,0.12484416 microliter,C39H48NO5PPdS,COC1=C(N)C(Cl)=NC=N1,4-chloro-6-methoxypyrimidin-5-amine,0.12766080000000002 milligram,0.8 micromole,0.12766080000000005 microliter,C5H6ClN3O,B1(OC(C(O1)(C)C)(C)C)C2=CCN(CC2)C(=O)OC(C)(C)C,"N-Boc-1,2,5,6-tetrahydropyridine-4-boronic acid pinacol ester",0.29684640000000007 milligram,0.9600000000000001 micromole,0.2968464000000001 microliter,C16H28BNO4,O=C([O-])[O-].[Na+].[Na+],Na2CO3,0.635928 milligram,6.0 micromole,0.6359280000000002 microliter,CNa2O3,CN1C=NC2=C1C(=O)N(C(=O)N2C)C,caffeine,0.1553528 milligram,0.8 micromole,0.15535280000000004 microliter,C8H10N4O2,C1COCCO1,dioxane,32.445 milligram,368.2496084262139 micromole,31.5 microliter,C4H8O2,O,water,3.5 milligram,194.2825423258396 micromole,3.5 microliter,H2O,COc1ncnc(C2=CCN(C(=O)OC(C)(C)C)CC2)c1N,suzuki_product_0,0.0 milligram,0.0 micromole,0 microliter,C15H22N4O3,COc1ncncc1N,dehalogenation_0,0.0 milligram,0.0 micromole,0 microliter,C5H7N3O,CC(C)(C)OC(=O)N1CC=CCC1,deborylation_0,0.0 milligram,0.0 micromole,0 microliter,C10H17NO2,COC1=C(N)C(Cl)=NC=N1.B1(OC(C(O1)(C)C)(C)C)C2=CCN(CC2)C(=O)OC(C)(C)C>>COc1ncnc(C2=CCN(C(=O)OC(C)(C)C)CC2)c1N.COc1ncncc1N.CC(C)(C)OC(=O)N1CC=CCC1,001_RLN-NB-2443_007_M15,,,,,,,,,3/30/23 4:59,kat78-2-m15-a1_03_22_2023_303.raw,2min_150_1200.EXP,001_RLN-NB-2443_007_M15,KAT78-2-M15-A1_KAT78-2-M15-A1_KAT78-2-M15-A1,0,0,0,0,0,0,0,0,0,0,0,0,0,0,0,deborylation_0,0,0,0,0,0,185.4813137,22.50557651,4.645533296,195,0.7334,0,0,0,0,0,0,0,0,0,0,0,0,0,0,0,0,0,0,0,0,0,0,0,0,0,0,0,0,0,0,0,0,0,0,0,0,0,0,0,0,123.4085597,17.78509369,3.671145456,306.9,0.9984,0,0,0,0,0,0,0,0,0,0,0,0,0.000632202,79.02527485,0,0,0,0,0,0,0,0,0,0,0,0,0,0,0,0,0,0,0,0
M16,CS(=O)(=O)O[Pd]c1ccccc1-c2ccccc2N.COc3cccc(OC)c3-c4ccccc4P(C5CCCCC5)C6CCCCC6,SPhos Pd G3,0.12484415999999997 milligram,0.16000000000000003 micromole,0.12484416 microliter,C39H48NO5PPdS,COC1=C(N)C(Cl)=NC=N1,4-chloro-6-methoxypyrimidin-5-amine,0.12766080000000002 milligram,0.8 micromole,0.12766080000000005 microliter,C5H6ClN3O,B1(OC(C(O1)(C)C)(C)C)C2=CCN(CC2)C(=O)OC(C)(C)C,"N-Boc-1,2,5,6-tetrahydropyridine-4-boronic acid pinacol ester",0.29684640000000007 milligram,0.9600000000000001 micromole,0.2968464000000001 microliter,C16H28BNO4,O=C([O-])[O-].[Na+].[Na+],Na2CO3,0.635928 milligram,6.0 micromole,0.6359280000000002 microliter,CNa2O3,CN1C=NC2=C1C(=O)N(C(=O)N2C)C,caffeine,0.1553528 milligram,0.8 micromole,0.15535280000000004 microliter,C8H10N4O2,C1COCCO1,dioxane,32.445 milligram,368.2496084262139 micromole,31.5 microliter,C4H8O2,O,water,3.5 milligram,194.2825423258396 micromole,3.5 microliter,H2O,COc1ncnc(C2=CCN(C(=O)OC(C)(C)C)CC2)c1N,suzuki_product_0,0.0 milligram,0.0 micromole,0 microliter,C15H22N4O3,COc1ncncc1N,dehalogenation_0,0.0 milligram,0.0 micromole,0 microliter,C5H7N3O,CC(C)(C)OC(=O)N1CC=CCC1,deborylation_0,0.0 milligram,0.0 micromole,0 microliter,C10H17NO2,COC1=C(N)C(Cl)=NC=N1.B1(OC(C(O1)(C)C)(C)C)C2=CCN(CC2)C(=O)OC(C)(C)C>>COc1ncnc(C2=CCN(C(=O)OC(C)(C)C)CC2)c1N.COc1ncncc1N.CC(C)(C)OC(=O)N1CC=CCC1,001_RLN-NB-2443_007_M16,,,,,,,,,3/30/23 5:02,kat78-2-m16-a1_03_22_2023_304.raw,2min_150_1200.EXP,001_RLN-NB-2443_007_M16,KAT78-2-M16-A1_KAT78-2-M16-A1_KAT78-2-M16-A1,0,0,0,0,0,0,0,0,0,0,0,0,0,0,0,deborylation_0,0,0,0,0,0,180.9723494,58.17581426,4.599702387,195,0.7351,0,0,0,0,0,0,0,0,0,0,0,0,0,0,0,0,0,0,0,0,0,0,0,0,0,0,0,0,0,0,0,0,0,0,0,0,0,0,0,0,0,0,0,0,0,0,0,0,0,0,0,0,0,0,0,0,0,0,0,0,0,0,0,0,0,0,0,0,0,0,0,0,0,0,0,0,0,0,0
M17,CS(=O)(=O)O[Pd]c1ccccc1-c2ccccc2N.COc3cccc(OC)c3-c4ccccc4P(C5CCCCC5)C6CCCCC6,SPhos Pd G3,0.12484415999999997 milligram,0.16000000000000003 micromole,0.12484416 microliter,C39H48NO5PPdS,COC1=C(N)C(Cl)=NC=N1,4-chloro-6-methoxypyrimidin-5-amine,0.12766080000000002 milligram,0.8 micromole,0.12766080000000005 microliter,C5H6ClN3O,B1(OC(C(O1)(C)C)(C)C)C2=CC=C(C=C2)N,"4-(4,4,5,5-tetramethyl-1,3,2-dioxaborolan-2-yl)aniline",0.21032928 milligram,0.9600000000000001 micromole,0.21032928000000006 microliter,C12H18BNO2,O=C([O-])[O-].[Na+].[Na+],Na2CO3,0.635928 milligram,6.0 micromole,0.6359280000000002 microliter,CNa2O3,CN1C=NC2=C1C(=O)N(C(=O)N2C)C,caffeine,0.1553528 milligram,0.8 micromole,0.15535280000000004 microliter,C8H10N4O2,C1COCCO1,dioxane,32.445 milligram,368.2496084262139 micromole,31.5 microliter,C4H8O2,O,water,3.5 milligram,194.2825423258396 micromole,3.5 microliter,H2O,COc1ncnc(-c2ccc(N)cc2)c1N,suzuki_product_0,0.0 milligram,0.0 micromole,0 microliter,C11H12N4O,COc1ncncc1N,dehalogenation_0,0.0 milligram,0.0 micromole,0 microliter,C5H7N3O,Nc1ccccc1,deborylation_0,0.0 milligram,0.0 micromole,0 microliter,C6H7N,COC1=C(N)C(Cl)=NC=N1.B1(OC(C(O1)(C)C)(C)C)C2=CC=C(C=C2)N>>COc1ncnc(-c2ccc(N)cc2)c1N.COc1ncncc1N.Nc1ccccc1,001_RLN-NB-2443_007_M17,,,,,,,,,3/30/23 5:04,kat78-2-m17-a1_03_22_2023_305.raw,2min_150_1200.EXP,001_RLN-NB-2443_007_M17,KAT78-2-M17-A1_KAT78-2-M17-A1_KAT78-2-M17-A1,0,0,0,0,0,0,0,0,0,0,0,0,0,0,0,deborylation_0,0,0,0,0,0,188.6009936,51.36871006,4.685157092,195,0.7351,0,0,0,0,0,0,0,0,0,0,0,0,0,0,0,0,0,0,0,0,0,0,0,0,0,0,0,0,0,0,0,0,0,0,0,0,0,0,0,0,0,0,0,0,0,0,0,0,0,0,0,0,0,0,0,0,0,0,0,0,0,0,0,0,0,0,0,0,0,0,0,0,0,0,0,0,0,0,0
M18,CS(=O)(=O)O[Pd]c1ccccc1-c2ccccc2N.COc3cccc(OC)c3-c4ccccc4P(C5CCCCC5)C6CCCCC6,SPhos Pd G3,0.12484415999999997 milligram,0.16000000000000003 micromole,0.12484416 microliter,C39H48NO5PPdS,COC1=C(N)C(Cl)=NC=N1,4-chloro-6-methoxypyrimidin-5-amine,0.12766080000000002 milligram,0.8 micromole,0.12766080000000005 microliter,C5H6ClN3O,B1(OC(C(O1)(C)C)(C)C)C2=CC=C(C=C2)N,"4-(4,4,5,5-tetramethyl-1,3,2-dioxaborolan-2-yl)aniline",0.21032928 milligram,0.9600000000000001 micromole,0.21032928000000006 microliter,C12H18BNO2,O=C([O-])[O-].[Na+].[Na+],Na2CO3,0.635928 milligram,6.0 micromole,0.6359280000000002 microliter,CNa2O3,CN1C=NC2=C1C(=O)N(C(=O)N2C)C,caffeine,0.1553528 milligram,0.8 micromole,0.15535280000000004 microliter,C8H10N4O2,C1COCCO1,dioxane,32.445 milligram,368.2496084262139 micromole,31.5 microliter,C4H8O2,O,water,3.5 milligram,194.2825423258396 micromole,3.5 microliter,H2O,COc1ncnc(-c2ccc(N)cc2)c1N,suzuki_product_0,0.0 milligram,0.0 micromole,0 microliter,C11H12N4O,COc1ncncc1N,dehalogenation_0,0.0 milligram,0.0 micromole,0 microliter,C5H7N3O,Nc1ccccc1,deborylation_0,0.0 milligram,0.0 micromole,0 microliter,C6H7N,COC1=C(N)C(Cl)=NC=N1.B1(OC(C(O1)(C)C)(C)C)C2=CC=C(C=C2)N>>COc1ncnc(-c2ccc(N)cc2)c1N.COc1ncncc1N.Nc1ccccc1,001_RLN-NB-2443_007_M18,,,,,,,,,3/30/23 5:07,kat78-2-m18-a1_03_22_2023_306.raw,2min_150_1200.EXP,001_RLN-NB-2443_007_M18,KAT78-2-M18-A1_KAT78-2-M18-A1_KAT78-2-M18-A1,0,0,0,0,0,0,0,0,0,0,0,0,0,0,0,deborylation_0,0,0,0,0,0,172.2238313,45.8939381,4.347493955,195,0.7318,0,0,0,0,0,0,0,0,0,0,0,0,0,0,0,0,0,0,0,0,0,0,0,0,0,0,0,0,0,0,0,0,0,0,0,0,0,0,0,0,8.60162541,1.870121077,0.177154988,216.9,0.6568,0,0,0,0,0,0,0,0,0,0,0,0,3.26E-05,4.074876016,0,0,0,0,0,0,0,0,0,0,0,0,0,0,0,0,0,0,0,0
M19,CS(=O)(=O)O[Pd]c1ccccc1-c2ccccc2N.COc3cccc(OC)c3-c4ccccc4P(C5CCCCC5)C6CCCCC6,SPhos Pd G3,0.12484415999999997 milligram,0.16000000000000003 micromole,0.12484416 microliter,C39H48NO5PPdS,CC1=C(N2CCCC2=O)C=CC(Br)=C1,1-(4-bromo-2-methylphenyl)pyrrolidin-2-one,0.20330160000000003 milligram,0.8 micromole,0.20330160000000008 microliter,C11H12BrNO,B1(OC(C(O1)(C)C)(C)C)C2=CN=C(C=C2)C,"2-methyl-5-(4,4,5,5-tetramethyl-1,3,2-dioxaborolan-2-yl)pyridine",0.21032928 milligram,0.9600000000000001 micromole,0.21032928000000006 microliter,C12H18BNO2,O=C([O-])[O-].[Na+].[Na+],Na2CO3,0.635928 milligram,6.0 micromole,0.6359280000000002 microliter,CNa2O3,CN1C=NC2=C1C(=O)N(C(=O)N2C)C,caffeine,0.1553528 milligram,0.8 micromole,0.15535280000000004 microliter,C8H10N4O2,C1COCCO1,dioxane,32.445 milligram,368.2496084262139 micromole,31.5 microliter,C4H8O2,O,water,3.5 milligram,194.2825423258396 micromole,3.5 microliter,H2O,Cc1ccc(-c2ccc(N3CCCC3=O)c(C)c2)cn1,suzuki_product_0,0.0 milligram,0.0 micromole,0 microliter,C17H18N2O,Cc1ccccc1N1CCCC1=O,dehalogenation_0,0.0 milligram,0.0 micromole,0 microliter,C11H13NO,Cc1ccccn1,deborylation_0,0.0 milligram,0.0 micromole,0 microliter,C6H7N,CC1=C(N2CCCC2=O)C=CC(Br)=C1.B1(OC(C(O1)(C)C)(C)C)C2=CN=C(C=C2)C>>Cc1ccc(-c2ccc(N3CCCC3=O)c(C)c2)cn1.Cc1ccccc1N1CCCC1=O.Cc1ccccn1,001_RLN-NB-2443_007_M19,,,,,,,,,3/30/23 5:09,kat78-2-m19-a1_03_22_2023_307.raw,2min_150_1200.EXP,001_RLN-NB-2443_007_M19,KAT78-2-M19-A1_KAT78-2-M19-A1_KAT78-2-M19-A1,0,0,0,0,0,0,0,0,0,0,0,0,0,0,0,deborylation_0,0,0,0,0,0,178.492941,26.24675698,4.084548446,195,0.7351,0,0,0,0,0,0,0,0,0,0,0,0,0,0,0,0,0,0,0,0,0,0,0,0,0,0,0,0,0,0,0,0,0,0,0,63.91070816,9.361274534,1.456811574,255.9,1.1851,212.8138995,41.22790061,6.41593007,267.1,0.7784,0,0,0,0,0,0,0,0,0,0,0,0,0.001256625,157.078075,0,0,0,0,0,0,0,0,0,0,0,0,0,0,0,0,0,0,0.000285331,35.66640458
M20,CS(=O)(=O)O[Pd]c1ccccc1-c2ccccc2N.COc3cccc(OC)c3-c4ccccc4P(C5CCCCC5)C6CCCCC6,SPhos Pd G3,0.12484415999999997 milligram,0.16000000000000003 micromole,0.12484416 microliter,C39H48NO5PPdS,CC1=C(N2CCCC2=O)C=CC(Br)=C1,1-(4-bromo-2-methylphenyl)pyrrolidin-2-one,0.20330160000000003 milligram,0.8 micromole,0.20330160000000008 microliter,C11H12BrNO,B1(OC(C(O1)(C)C)(C)C)C2=CN(N=C2C)C,"1,3-dimethyl-4-(4,4,5,5-tetramethyl-1,3,2-dioxaborolan-2-yl)-1H-pyrazole",0.21321311999999998 milligram,0.9600000000000001 micromole,0.21321312000000003 microliter,C11H19BN2O2,O=C([O-])[O-].[Na+].[Na+],Na2CO3,0.635928 milligram,6.0 micromole,0.6359280000000002 microliter,CNa2O3,CN1C=NC2=C1C(=O)N(C(=O)N2C)C,caffeine,0.1553528 milligram,0.8 micromole,0.15535280000000004 microliter,C8H10N4O2,C1COCCO1,dioxane,32.445 milligram,368.2496084262139 micromole,31.5 microliter,C4H8O2,O,water,3.5 milligram,194.2825423258396 micromole,3.5 microliter,H2O,Cc1cc(-c2cn(C)nc2C)ccc1N1CCCC1=O,suzuki_product_0,0.0 milligram,0.0 micromole,0 microliter,C16H19N3O,Cc1ccccc1N1CCCC1=O,dehalogenation_0,0.0 milligram,0.0 micromole,0 microliter,C11H13NO,Cc1ccn(C)n1,deborylation_0,0.0 milligram,0.0 micromole,0 microliter,C5H8N2,CC1=C(N2CCCC2=O)C=CC(Br)=C1.B1(OC(C(O1)(C)C)(C)C)C2=CN(N=C2C)C>>Cc1cc(-c2cn(C)nc2C)ccc1N1CCCC1=O.Cc1ccccc1N1CCCC1=O.Cc1ccn(C)n1,001_RLN-NB-2443_007_M20,,,,,,,,,3/30/23 5:12,kat78-2-m20-a1_03_22_2023_308.raw,2min_150_1200.EXP,001_RLN-NB-2443_007_M20,KAT78-2-M20-A1_KAT78-2-M20-A1_KAT78-2-M20-A1,0,0,0,0,0,0,0,0,0,0,0,0,0,0,0,deborylation_0,0,0,0,0,0,171.6950881,34.52034672,4.705291379,195,0.7318,0,0,0,0,0,0,0,0,0,0,0,0,0,0,0,0,0,0,0,0,0,0,0,0,0,0,0,0,0,0,0,0,0,0,0,104.5492407,21.11462581,2.878026331,255.9,1.1868,59.35316485,16.14205236,2.200240353,270,0.9951,0,0,0,0,0,0,0,0,0,0,0,0,0.000374088,46.76097983,0,0,0,0,0,0,0,0,0,0,0,0,0,0,0,0,0,0,0.000489326,61.16574084
M21,CS(=O)(=O)O[Pd]c1ccccc1-c2ccccc2N.COc3cccc(OC)c3-c4ccccc4P(C5CCCCC5)C6CCCCC6,SPhos Pd G3,0.12484415999999997 milligram,0.16000000000000003 micromole,0.12484416 microliter,C39H48NO5PPdS,CC1=C(N2CCCC2=O)C=CC(Br)=C1,1-(4-bromo-2-methylphenyl)pyrrolidin-2-one,0.20330160000000003 milligram,0.8 micromole,0.20330160000000008 microliter,C11H12BrNO,B1(OC(C(O1)(C)C)(C)C)C2=CCN(CC2)C(=O)OC(C)(C)C,"N-Boc-1,2,5,6-tetrahydropyridine-4-boronic acid pinacol ester",0.29684640000000007 milligram,0.9600000000000001 micromole,0.2968464000000001 microliter,C16H28BNO4,O=C([O-])[O-].[Na+].[Na+],Na2CO3,0.635928 milligram,6.0 micromole,0.6359280000000002 microliter,CNa2O3,CN1C=NC2=C1C(=O)N(C(=O)N2C)C,caffeine,0.1553528 milligram,0.8 micromole,0.15535280000000004 microliter,C8H10N4O2,C1COCCO1,dioxane,32.445 milligram,368.2496084262139 micromole,31.5 microliter,C4H8O2,O,water,3.5 milligram,194.2825423258396 micromole,3.5 microliter,H2O,Cc1cc(C2=CCN(C(=O)OC(C)(C)C)CC2)ccc1N1CCCC1=O,suzuki_product_0,0.0 milligram,0.0 micromole,0 microliter,C21H28N2O3,Cc1ccccc1N1CCCC1=O,dehalogenation_0,0.0 milligram,0.0 micromole,0 microliter,C11H13NO,CC(C)(C)OC(=O)N1CC=CCC1,deborylation_0,0.0 milligram,0.0 micromole,0 microliter,C10H17NO2,CC1=C(N2CCCC2=O)C=CC(Br)=C1.B1(OC(C(O1)(C)C)(C)C)C2=CCN(CC2)C(=O)OC(C)(C)C>>Cc1cc(C2=CCN(C(=O)OC(C)(C)C)CC2)ccc1N1CCCC1=O.Cc1ccccc1N1CCCC1=O.CC(C)(C)OC(=O)N1CC=CCC1,001_RLN-NB-2443_007_M21,,,,,,,,,3/30/23 5:14,kat78-2-m21-a1_03_22_2023_309.raw,2min_150_1200.EXP,001_RLN-NB-2443_007_M21,KAT78-2-M21-A1_KAT78-2-M21-A1_KAT78-2-M21-A1,0,0,0,0,0,0,0,0,0,0,0,0,0,0,0,deborylation_0,0,0,0,0,0,177.7905193,44.4743769,4.562920433,195,0.7351,0,0,0,0,0,0,0,0,0,0,0,0,0,0,0,0,0,0,0,0,0,0,0,0,0,0,0,0,0,0,0,0,0,0,0,97.96101088,26.22130342,2.690216918,255.9,1.1884,0,0,0,0,0,0,0,0,0,0,0,0,0,0,0,0,0,0,0,0,0,0,0,0,0,0,0,0,0,0,0,0,0,0,0,0,0,0.000471666,58.95822549
M22,CS(=O)(=O)O[Pd]c1ccccc1-c2ccccc2N.COc3cccc(OC)c3-c4ccccc4P(C5CCCCC5)C6CCCCC6,SPhos Pd G3,0.12484415999999997 milligram,0.16000000000000003 micromole,0.12484416 microliter,C39H48NO5PPdS,CC1=C(N2CCCC2=O)C=CC(Br)=C1,1-(4-bromo-2-methylphenyl)pyrrolidin-2-one,0.20330160000000003 milligram,0.8 micromole,0.20330160000000008 microliter,C11H12BrNO,B1(OC(C(O1)(C)C)(C)C)C2=CCN(CC2)C(=O)OC(C)(C)C,"N-Boc-1,2,5,6-tetrahydropyridine-4-boronic acid pinacol ester",0.29684640000000007 milligram,0.9600000000000001 micromole,0.2968464000000001 microliter,C16H28BNO4,O=C([O-])[O-].[Na+].[Na+],Na2CO3,0.635928 milligram,6.0 micromole,0.6359280000000002 microliter,CNa2O3,CN1C=NC2=C1C(=O)N(C(=O)N2C)C,caffeine,0.1553528 milligram,0.8 micromole,0.15535280000000004 microliter,C8H10N4O2,C1COCCO1,dioxane,32.445 milligram,368.2496084262139 micromole,31.5 microliter,C4H8O2,O,water,3.5 milligram,194.2825423258396 micromole,3.5 microliter,H2O,Cc1cc(C2=CCN(C(=O)OC(C)(C)C)CC2)ccc1N1CCCC1=O,suzuki_product_0,0.0 milligram,0.0 micromole,0 microliter,C21H28N2O3,Cc1ccccc1N1CCCC1=O,dehalogenation_0,0.0 milligram,0.0 micromole,0 microliter,C11H13NO,CC(C)(C)OC(=O)N1CC=CCC1,deborylation_0,0.0 milligram,0.0 micromole,0 microliter,C10H17NO2,CC1=C(N2CCCC2=O)C=CC(Br)=C1.B1(OC(C(O1)(C)C)(C)C)C2=CCN(CC2)C(=O)OC(C)(C)C>>Cc1cc(C2=CCN(C(=O)OC(C)(C)C)CC2)ccc1N1CCCC1=O.Cc1ccccc1N1CCCC1=O.CC(C)(C)OC(=O)N1CC=CCC1,001_RLN-NB-2443_007_M22,,,,,,,,,3/30/23 5:16,kat78-2-m22-a1_03_22_2023_310.raw,2min_150_1200.EXP,001_RLN-NB-2443_007_M22,KAT78-2-M22-A1_KAT78-2-M22-A1_KAT78-2-M22-A1,0,0,0,0,0,0,0,0,0,0,0,0,0,0,0,deborylation_0,0,0,0,0,0,188.424162,14.13357355,4.783914639,195,0.7351,0,0,0,0,0,0,0,0,0,0,0,0,0,0,0,0,0,0,0,0,0,0,0,0,0,0,0,0,0,0,0,0,0,0,0,75.37920019,6.308415188,2.135264635,255.8,1.1884,475.0140485,45.09955781,15.26524301,357,1.3268,0,0,0,0,0,0,0,0,0,0,0,0,0.002552762,319.0952214,0,0,0,0,0,0,0,0,0,0,0,0,0,0,0,0,0,0,0.000357074,44.6342545
M23,CS(=O)(=O)O[Pd]c1ccccc1-c2ccccc2N.COc3cccc(OC)c3-c4ccccc4P(C5CCCCC5)C6CCCCC6,SPhos Pd G3,0.12484415999999997 milligram,0.16000000000000003 micromole,0.12484416 microliter,C39H48NO5PPdS,CC1=C(N2CCCC2=O)C=CC(Br)=C1,1-(4-bromo-2-methylphenyl)pyrrolidin-2-one,0.20330160000000003 milligram,0.8 micromole,0.20330160000000008 microliter,C11H12BrNO,B1(OC(C(O1)(C)C)(C)C)C2=CC=C(C=C2)N,"4-(4,4,5,5-tetramethyl-1,3,2-dioxaborolan-2-yl)aniline",0.21032928 milligram,0.9600000000000001 micromole,0.21032928000000006 microliter,C12H18BNO2,O=C([O-])[O-].[Na+].[Na+],Na2CO3,0.635928 milligram,6.0 micromole,0.6359280000000002 microliter,CNa2O3,CN1C=NC2=C1C(=O)N(C(=O)N2C)C,caffeine,0.1553528 milligram,0.8 micromole,0.15535280000000004 microliter,C8H10N4O2,C1COCCO1,dioxane,32.445 milligram,368.2496084262139 micromole,31.5 microliter,C4H8O2,O,water,3.5 milligram,194.2825423258396 micromole,3.5 microliter,H2O,Cc1cc(-c2ccc(N)cc2)ccc1N1CCCC1=O,suzuki_product_0,0.0 milligram,0.0 micromole,0 microliter,C17H18N2O,Cc1ccccc1N1CCCC1=O,dehalogenation_0,0.0 milligram,0.0 micromole,0 microliter,C11H13NO,Nc1ccccc1,deborylation_0,0.0 milligram,0.0 micromole,0 microliter,C6H7N,CC1=C(N2CCCC2=O)C=CC(Br)=C1.B1(OC(C(O1)(C)C)(C)C)C2=CC=C(C=C2)N>>Cc1cc(-c2ccc(N)cc2)ccc1N1CCCC1=O.Cc1ccccc1N1CCCC1=O.Nc1ccccc1,001_RLN-NB-2443_007_M23,,,,,,,,,3/30/23 5:19,kat78-2-m23-a1_03_22_2023_311.raw,2min_150_1200.EXP,001_RLN-NB-2443_007_M23,KAT78-2-M23-A1_KAT78-2-M23-A1_KAT78-2-M23-A1,0,0,0,0,0,0,0,0,0,0,0,0,0,0,0,deborylation_0,0,0,0,0,0,184.9126034,22.39698527,4.796062599,195,0.7334,0,0,0,0,0,0,0,0,0,0,0,0,0,0,0,0,0,0,0,0,0,0,0,0,0,0,0,0,0,0,0,0,0,0,0,98.476233,12.18872307,2.610078014,255.8,1.1868,169.1733159,26.40272086,5.65384584,267,0.8884,0,0,0,0,0,0,0,0,0,0,0,0,0.000943081,117.8851552,0,0,0,0,0,0,0,0,0,0,0,0,0,0,0,0,0,0,0.00043537,54.42126661
M24,CS(=O)(=O)O[Pd]c1ccccc1-c2ccccc2N.COc3cccc(OC)c3-c4ccccc4P(C5CCCCC5)C6CCCCC6,SPhos Pd G3,0.12484415999999997 milligram,0.16000000000000003 micromole,0.12484416 microliter,C39H48NO5PPdS,CC1=C(N2CCCC2=O)C=CC(Br)=C1,1-(4-bromo-2-methylphenyl)pyrrolidin-2-one,0.20330160000000003 milligram,0.8 micromole,0.20330160000000008 microliter,C11H12BrNO,B1(OC(C(O1)(C)C)(C)C)C2=CC=C(C=C2)N,"4-(4,4,5,5-tetramethyl-1,3,2-dioxaborolan-2-yl)aniline",0.21032928 milligram,0.9600000000000001 micromole,0.21032928000000006 microliter,C12H18BNO2,O=C([O-])[O-].[Na+].[Na+],Na2CO3,0.635928 milligram,6.0 micromole,0.6359280000000002 microliter,CNa2O3,CN1C=NC2=C1C(=O)N(C(=O)N2C)C,caffeine,0.1553528 milligram,0.8 micromole,0.15535280000000004 microliter,C8H10N4O2,C1COCCO1,dioxane,32.445 milligram,368.2496084262139 micromole,31.5 microliter,C4H8O2,O,water,3.5 milligram,194.2825423258396 micromole,3.5 microliter,H2O,Cc1cc(-c2ccc(N)cc2)ccc1N1CCCC1=O,suzuki_product_0,0.0 milligram,0.0 micromole,0 microliter,C17H18N2O,Cc1ccccc1N1CCCC1=O,dehalogenation_0,0.0 milligram,0.0 micromole,0 microliter,C11H13NO,Nc1ccccc1,deborylation_0,0.0 milligram,0.0 micromole,0 microliter,C6H7N,CC1=C(N2CCCC2=O)C=CC(Br)=C1.B1(OC(C(O1)(C)C)(C)C)C2=CC=C(C=C2)N>>Cc1cc(-c2ccc(N)cc2)ccc1N1CCCC1=O.Cc1ccccc1N1CCCC1=O.Nc1ccccc1,001_RLN-NB-2443_007_M24,,,,,,,,,3/30/23 5:21,kat78-2-m24-a1_03_22_2023_312.raw,2min_150_1200.EXP,001_RLN-NB-2443_007_M24,KAT78-2-M24-A1_KAT78-2-M24-A1_KAT78-2-M24-A1,0,0,0,0,0,0,0,0,0,0,0,0,0,0,0,deborylation_0,0,0,0,0,0,173.4147526,21.51038324,4.331558229,195,0.7334,0,0,0,0,0,0,0,0,0,0,0,0,0,0,0,0,0,0,0,0,0,0,0,0,0,0,0,0,0,0,0,0,0,0,0,99.41157367,12.34526824,2.485973756,253.8,1.1868,170.0779165,25.25013338,5.084633863,267.2,0.8868,0,0,0,0,0,0,0,0,0,0,0,0,0.000939086,117.3857904,0,0,0,0,0,0,0,0,0,0,0,0,0,0,0,0,0,0,0.000459137,57.39213522
N1,CS(=O)(=O)O[Pd]c1ccccc1-c2ccccc2N.COc3cccc(OC)c3-c4ccccc4P(C5CCCCC5)C6CCCCC6,SPhos Pd G3,0.12484415999999997 milligram,0.16000000000000003 micromole,0.12484416 microliter,C39H48NO5PPdS,BrC1=CC=CN2C=CN=C12,"8-bromoimidazo[1,2-a]pyridine",0.15762800000000002 milligram,0.8 micromole,0.15762800000000005 microliter,C7H5BrN2,B1(OC(C(O1)(C)C)(C)C)C2=CN=C(C=C2)C,"2-methyl-5-(4,4,5,5-tetramethyl-1,3,2-dioxaborolan-2-yl)pyridine",0.21032928 milligram,0.9600000000000001 micromole,0.21032928000000006 microliter,C12H18BNO2,O=C([O-])[O-].[Na+].[Na+],Na2CO3,0.635928 milligram,6.0 micromole,0.6359280000000002 microliter,CNa2O3,CN1C=NC2=C1C(=O)N(C(=O)N2C)C,caffeine,0.1553528 milligram,0.8 micromole,0.15535280000000004 microliter,C8H10N4O2,C1COCCO1,dioxane,32.445 milligram,368.2496084262139 micromole,31.5 microliter,C4H8O2,O,water,3.5 milligram,194.2825423258396 micromole,3.5 microliter,H2O,Cc1ccc(-c2cccn3ccnc23)cn1,suzuki_product_0,0.0 milligram,0.0 micromole,0 microliter,C13H11N3,c1ccn2ccnc2c1,dehalogenation_0,0.0 milligram,0.0 micromole,0 microliter,C7H6N2,Cc1ccccn1,deborylation_0,0.0 milligram,0.0 micromole,0 microliter,C6H7N,BrC1=CC=CN2C=CN=C12.B1(OC(C(O1)(C)C)(C)C)C2=CN=C(C=C2)C>>Cc1ccc(-c2cccn3ccnc23)cn1.c1ccn2ccnc2c1.Cc1ccccn1,001_RLN-NB-2443_007_N1,,,,,,,,,3/30/23 5:24,kat78-2-n1-a1_03_22_2023_313.raw,2min_150_1200.EXP,001_RLN-NB-2443_007_N1,KAT78-2-N1-A1_KAT78-2-N1-A1_KAT78-2-N1-A1,0,0,0,0,0,0,0,0,0,0,0,0,0,0,0,deborylation_0,0,0,0,0,0,162.3899281,41.42574644,4.279166835,195.1,0.7334,0,0,0,0,0,0,0,0,0,0,0,0,0,0,0,0,0,0,0,0,0,0,0,0,0,0,0,0,0,0,0,0,0,0,0,0,0,0,0,0,43.03392324,12.47807141,1.288950808,210,0.5868,0,0,0,0,0,0,0,0,0,0,0,0,0.000240972,30.12153668,0,0,0,0,0,0,0,0,0,0,0,0,0,0,0,0,0,0,0,0
N2,CS(=O)(=O)O[Pd]c1ccccc1-c2ccccc2N.COc3cccc(OC)c3-c4ccccc4P(C5CCCCC5)C6CCCCC6,SPhos Pd G3,0.12484415999999997 milligram,0.16000000000000003 micromole,0.12484416 microliter,C39H48NO5PPdS,BrC1=CC=CN2C=CN=C12,"8-bromoimidazo[1,2-a]pyridine",0.15762800000000002 milligram,0.8 micromole,0.15762800000000005 microliter,C7H5BrN2,B1(OC(C(O1)(C)C)(C)C)C2=CN(N=C2C)C,"1,3-dimethyl-4-(4,4,5,5-tetramethyl-1,3,2-dioxaborolan-2-yl)-1H-pyrazole",0.21321311999999998 milligram,0.9600000000000001 micromole,0.21321312000000003 microliter,C11H19BN2O2,O=C([O-])[O-].[Na+].[Na+],Na2CO3,0.635928 milligram,6.0 micromole,0.6359280000000002 microliter,CNa2O3,CN1C=NC2=C1C(=O)N(C(=O)N2C)C,caffeine,0.1553528 milligram,0.8 micromole,0.15535280000000004 microliter,C8H10N4O2,C1COCCO1,dioxane,32.445 milligram,368.2496084262139 micromole,31.5 microliter,C4H8O2,O,water,3.5 milligram,194.2825423258396 micromole,3.5 microliter,H2O,Cc1nn(C)cc1-c1cccn2ccnc12,suzuki_product_0,0.0 milligram,0.0 micromole,0 microliter,C12H12N4,c1ccn2ccnc2c1,dehalogenation_0,0.0 milligram,0.0 micromole,0 microliter,C7H6N2,Cc1ccn(C)n1,deborylation_0,0.0 milligram,0.0 micromole,0 microliter,C5H8N2,BrC1=CC=CN2C=CN=C12.B1(OC(C(O1)(C)C)(C)C)C2=CN(N=C2C)C>>Cc1nn(C)cc1-c1cccn2ccnc12.c1ccn2ccnc2c1.Cc1ccn(C)n1,001_RLN-NB-2443_007_N2,,,,,,,,,3/30/23 5:26,kat78-2-n2-a1_03_22_2023_314.raw,2min_150_1200.EXP,001_RLN-NB-2443_007_N2,KAT78-2-N2-A1_KAT78-2-N2-A1_KAT78-2-N2-A1,0,0,0,0,0,0,0,0,0,0,0,0,0,0,0,deborylation_0,0,0,0,0,0,168.0411571,49.07755251,4.342225236,195,0.7318,0,0,0,0,0,0,0,0,0,0,0,0,0,0,0,0,0,0,0,0,0,0,0,0,0,0,0,0,0,0,0,0,0,0,0,0,0,0,0,0,6.773390694,1.454294902,0.128671372,212.9,0.6551,0,0,0,0,0,0,0,0,0,0,0,0,2.37E-05,2.963258818,0,0,0,0,0,0,0,0,0,0,0,0,0,0,0,0,0,0,0,0
N3,CS(=O)(=O)O[Pd]c1ccccc1-c2ccccc2N.COc3cccc(OC)c3-c4ccccc4P(C5CCCCC5)C6CCCCC6,SPhos Pd G3,0.12484415999999997 milligram,0.16000000000000003 micromole,0.12484416 microliter,C39H48NO5PPdS,BrC1=CC=CN2C=CN=C12,"8-bromoimidazo[1,2-a]pyridine",0.15762800000000002 milligram,0.8 micromole,0.15762800000000005 microliter,C7H5BrN2,B1(OC(C(O1)(C)C)(C)C)C2=CCN(CC2)C(=O)OC(C)(C)C,"N-Boc-1,2,5,6-tetrahydropyridine-4-boronic acid pinacol ester",0.29684640000000007 milligram,0.9600000000000001 micromole,0.2968464000000001 microliter,C16H28BNO4,O=C([O-])[O-].[Na+].[Na+],Na2CO3,0.635928 milligram,6.0 micromole,0.6359280000000002 microliter,CNa2O3,CN1C=NC2=C1C(=O)N(C(=O)N2C)C,caffeine,0.1553528 milligram,0.8 micromole,0.15535280000000004 microliter,C8H10N4O2,C1COCCO1,dioxane,32.445 milligram,368.2496084262139 micromole,31.5 microliter,C4H8O2,O,water,3.5 milligram,194.2825423258396 micromole,3.5 microliter,H2O,CC(C)(C)OC(=O)N1CC=C(c2cccn3ccnc23)CC1,suzuki_product_0,0.0 milligram,0.0 micromole,0 microliter,C17H21N3O2,c1ccn2ccnc2c1,dehalogenation_0,0.0 milligram,0.0 micromole,0 microliter,C7H6N2,CC(C)(C)OC(=O)N1CC=CCC1,deborylation_0,0.0 milligram,0.0 micromole,0 microliter,C10H17NO2,BrC1=CC=CN2C=CN=C12.B1(OC(C(O1)(C)C)(C)C)C2=CCN(CC2)C(=O)OC(C)(C)C>>CC(C)(C)OC(=O)N1CC=C(c2cccn3ccnc23)CC1.c1ccn2ccnc2c1.CC(C)(C)OC(=O)N1CC=CCC1,001_RLN-NB-2443_007_N3,,,,,,,,,3/30/23 5:29,kat78-2-n3-a1_03_22_2023_315.raw,2min_150_1200.EXP,001_RLN-NB-2443_007_N3,KAT78-2-N3-A1_KAT78-2-N3-A1_KAT78-2-N3-A1,0,0,0,0,0,0,0,0,0,0,0,0,0,0,0,deborylation_0,0,0,0,0,0,169.8246054,17.38863917,4.410578635,195,0.7318,0,0,0,0,0,0,0,0,0,0,0,0,0,0,0,0,0,0,0,0,0,0,0,0,0,0,0,0,0,0,0,0,0,0,0,0,0,0,0,0,204.4699523,24.63284455,6.248050627,300,0.8701,0,0,0,0,0,0,0,0,0,0,0,0,0.001133285,141.6605653,0,0,0,0,0,0,0,0,0,0,0,0,0,0,0,0,0,0,0,0
N4,CS(=O)(=O)O[Pd]c1ccccc1-c2ccccc2N.COc3cccc(OC)c3-c4ccccc4P(C5CCCCC5)C6CCCCC6,SPhos Pd G3,0.12484415999999997 milligram,0.16000000000000003 micromole,0.12484416 microliter,C39H48NO5PPdS,BrC1=CC=CN2C=CN=C12,"8-bromoimidazo[1,2-a]pyridine",0.15762800000000002 milligram,0.8 micromole,0.15762800000000005 microliter,C7H5BrN2,B1(OC(C(O1)(C)C)(C)C)C2=CCN(CC2)C(=O)OC(C)(C)C,"N-Boc-1,2,5,6-tetrahydropyridine-4-boronic acid pinacol ester",0.29684640000000007 milligram,0.9600000000000001 micromole,0.2968464000000001 microliter,C16H28BNO4,O=C([O-])[O-].[Na+].[Na+],Na2CO3,0.635928 milligram,6.0 micromole,0.6359280000000002 microliter,CNa2O3,CN1C=NC2=C1C(=O)N(C(=O)N2C)C,caffeine,0.1553528 milligram,0.8 micromole,0.15535280000000004 microliter,C8H10N4O2,C1COCCO1,dioxane,32.445 milligram,368.2496084262139 micromole,31.5 microliter,C4H8O2,O,water,3.5 milligram,194.2825423258396 micromole,3.5 microliter,H2O,CC(C)(C)OC(=O)N1CC=C(c2cccn3ccnc23)CC1,suzuki_product_0,0.0 milligram,0.0 micromole,0 microliter,C17H21N3O2,c1ccn2ccnc2c1,dehalogenation_0,0.0 milligram,0.0 micromole,0 microliter,C7H6N2,CC(C)(C)OC(=O)N1CC=CCC1,deborylation_0,0.0 milligram,0.0 micromole,0 microliter,C10H17NO2,BrC1=CC=CN2C=CN=C12.B1(OC(C(O1)(C)C)(C)C)C2=CCN(CC2)C(=O)OC(C)(C)C>>CC(C)(C)OC(=O)N1CC=C(c2cccn3ccnc23)CC1.c1ccn2ccnc2c1.CC(C)(C)OC(=O)N1CC=CCC1,001_RLN-NB-2443_007_N4,,,,,,,,,3/30/23 5:31,kat78-2-n4-a1_03_22_2023_316.raw,2min_150_1200.EXP,001_RLN-NB-2443_007_N4,KAT78-2-N4-A1_KAT78-2-N4-A1_KAT78-2-N4-A1,0,0,0,0,0,0,0,0,0,0,0,0,0,0,0,deborylation_0,0,0,0,0,0,187.415507,17.84402469,4.75822484,194.9,0.7334,0,0,0,0,0,0,0,0,0,0,0,0,0,0,0,0,0,0,0,0,0,0,0,0,0,0,0,0,0,0,0,0,0,0,0,0,0,0,0,0,219.4411051,23.75885801,6.335453481,299.9,0.8701,0,0,0,0,0,0,0,0,0,0,0,0,0.001065179,133.1474172,0,0,0,0,0,0,0,0,0,0,0,0,0,0,0,0,0,0,0,0
N5,CS(=O)(=O)O[Pd]c1ccccc1-c2ccccc2N.COc3cccc(OC)c3-c4ccccc4P(C5CCCCC5)C6CCCCC6,SPhos Pd G3,0.12484415999999997 milligram,0.16000000000000003 micromole,0.12484416 microliter,C39H48NO5PPdS,BrC1=CC=CN2C=CN=C12,"8-bromoimidazo[1,2-a]pyridine",0.15762800000000002 milligram,0.8 micromole,0.15762800000000005 microliter,C7H5BrN2,B1(OC(C(O1)(C)C)(C)C)C2=CC=C(C=C2)N,"4-(4,4,5,5-tetramethyl-1,3,2-dioxaborolan-2-yl)aniline",0.21032928 milligram,0.9600000000000001 micromole,0.21032928000000006 microliter,C12H18BNO2,O=C([O-])[O-].[Na+].[Na+],Na2CO3,0.635928 milligram,6.0 micromole,0.6359280000000002 microliter,CNa2O3,CN1C=NC2=C1C(=O)N(C(=O)N2C)C,caffeine,0.1553528 milligram,0.8 micromole,0.15535280000000004 microliter,C8H10N4O2,C1COCCO1,dioxane,32.445 milligram,368.2496084262139 micromole,31.5 microliter,C4H8O2,O,water,3.5 milligram,194.2825423258396 micromole,3.5 microliter,H2O,Nc1ccc(-c2cccn3ccnc23)cc1,suzuki_product_0,0.0 milligram,0.0 micromole,0 microliter,C13H11N3,c1ccn2ccnc2c1,dehalogenation_0,0.0 milligram,0.0 micromole,0 microliter,C7H6N2,Nc1ccccc1,deborylation_0,0.0 milligram,0.0 micromole,0 microliter,C6H7N,BrC1=CC=CN2C=CN=C12.B1(OC(C(O1)(C)C)(C)C)C2=CC=C(C=C2)N>>Nc1ccc(-c2cccn3ccnc23)cc1.c1ccn2ccnc2c1.Nc1ccccc1,001_RLN-NB-2443_007_N5,,,,,,,,,3/30/23 5:34,kat78-2-n5-a1_03_22_2023_317.raw,2min_150_1200.EXP,001_RLN-NB-2443_007_N5,KAT78-2-N5-A1_KAT78-2-N5-A1_KAT78-2-N5-A1,0,0,0,0,0,0,0,0,0,0,0,0,0,0,0,deborylation_0,0,0,0,0,0,175.5587478,26.37071474,4.474498269,195,0.7351,0,0,0,0,0,0,0,0,0,0,0,0,0,0,0,0,0,0,0,0,0,0,0,0,0,0,0,0,0,0,0,0,0,0,0,0,0,0,0,0,73.7799521,12.44726477,2.112011951,210,0.6351,0,0,0,0,0,0,0,0,0,0,0,0,0.000377609,47.2010899,0,0,0,0,0,0,0,0,0,0,0,0,0,0,0,0,0,0,0,0
N6,CS(=O)(=O)O[Pd]c1ccccc1-c2ccccc2N.COc3cccc(OC)c3-c4ccccc4P(C5CCCCC5)C6CCCCC6,SPhos Pd G3,0.12484415999999997 milligram,0.16000000000000003 micromole,0.12484416 microliter,C39H48NO5PPdS,BrC1=CC=CN2C=CN=C12,"8-bromoimidazo[1,2-a]pyridine",0.15762800000000002 milligram,0.8 micromole,0.15762800000000005 microliter,C7H5BrN2,B1(OC(C(O1)(C)C)(C)C)C2=CC=C(C=C2)N,"4-(4,4,5,5-tetramethyl-1,3,2-dioxaborolan-2-yl)aniline",0.21032928 milligram,0.9600000000000001 micromole,0.21032928000000006 microliter,C12H18BNO2,O=C([O-])[O-].[Na+].[Na+],Na2CO3,0.635928 milligram,6.0 micromole,0.6359280000000002 microliter,CNa2O3,CN1C=NC2=C1C(=O)N(C(=O)N2C)C,caffeine,0.1553528 milligram,0.8 micromole,0.15535280000000004 microliter,C8H10N4O2,C1COCCO1,dioxane,32.445 milligram,368.2496084262139 micromole,31.5 microliter,C4H8O2,O,water,3.5 milligram,194.2825423258396 micromole,3.5 microliter,H2O,Nc1ccc(-c2cccn3ccnc23)cc1,suzuki_product_0,0.0 milligram,0.0 micromole,0 microliter,C13H11N3,c1ccn2ccnc2c1,dehalogenation_0,0.0 milligram,0.0 micromole,0 microliter,C7H6N2,Nc1ccccc1,deborylation_0,0.0 milligram,0.0 micromole,0 microliter,C6H7N,BrC1=CC=CN2C=CN=C12.B1(OC(C(O1)(C)C)(C)C)C2=CC=C(C=C2)N>>Nc1ccc(-c2cccn3ccnc23)cc1.c1ccn2ccnc2c1.Nc1ccccc1,001_RLN-NB-2443_007_N6,,,,,,,,,3/30/23 5:36,kat78-2-n6-a1_03_22_2023_318.raw,2min_150_1200.EXP,001_RLN-NB-2443_007_N6,KAT78-2-N6-A1_KAT78-2-N6-A1_KAT78-2-N6-A1,0,0,0,0,0,0,0,0,0,0,0,0,0,0,0,deborylation_0,0,0,0,0,0,177.1708313,28.18290429,4.524748466,195,0.7318,0,0,0,0,0,0,0,0,0,0,0,0,0,0,0,0,0,0,0,0,0,0,0,0,0,0,0,0,0,0,0,0,0,0,0,0,0,0,0,0,73.90145118,13.177086,2.115573295,209.9,0.6351,0,0,0,0,0,0,0,0,0,0,0,0,0.000374045,46.75560003,0,0,0,0,0,0,0,0,0,0,0,0,0,0,0,0,0,0,0,0
N7,CS(=O)(=O)O[Pd]c1ccccc1-c2ccccc2N.COc3cccc(OC)c3-c4ccccc4P(C5CCCCC5)C6CCCCC6,SPhos Pd G3,0.12484415999999997 milligram,0.16000000000000003 micromole,0.12484416 microliter,C39H48NO5PPdS,CC1=CC(C=O)=C(C)N1C2=CC(Cl)=CC(Cl)=C2,"1-(3,5-dichlorophenyl)-2,5-dimethyl-1H-pyrrole-3-carbaldehyde",0.2145144 milligram,0.8 micromole,0.21451440000000005 microliter,C13H11Cl2NO,B1(OC(C(O1)(C)C)(C)C)C2=CN=C(C=C2)C,"2-methyl-5-(4,4,5,5-tetramethyl-1,3,2-dioxaborolan-2-yl)pyridine",0.21032928 milligram,0.9600000000000001 micromole,0.21032928000000006 microliter,C12H18BNO2,O=C([O-])[O-].[Na+].[Na+],Na2CO3,0.635928 milligram,6.0 micromole,0.6359280000000002 microliter,CNa2O3,CN1C=NC2=C1C(=O)N(C(=O)N2C)C,caffeine,0.1553528 milligram,0.8 micromole,0.15535280000000004 microliter,C8H10N4O2,C1COCCO1,dioxane,32.445 milligram,368.2496084262139 micromole,31.5 microliter,C4H8O2,O,water,3.5 milligram,194.2825423258396 micromole,3.5 microliter,H2O,Cc1ccc(-c2cc(Cl)cc(-n3c(C)cc(C=O)c3C)c2)cn1,suzuki_product_0,0.0 milligram,0.0 micromole,0 microliter,C19H17ClN2O,Cc1ccc(-c2cc(-c3ccc(C)nc3)cc(-n3c(C)cc(C=O)c3C)c2)cn1,bis_addition_1,0.0 milligram,0.0 micromole,0 microliter,C25H23N3O,Cc1cc(C=O)c(C)n1-c1cccc(Cl)c1,dehalogenation_0,0.0 milligram,0.0 micromole,0 microliter,C13H12ClNO,CC1=CC(C=O)=C(C)N1C2=CC(Cl)=CC(Cl)=C2.B1(OC(C(O1)(C)C)(C)C)C2=CN=C(C=C2)C>>Cc1ccc(-c2cc(Cl)cc(-n3c(C)cc(C=O)c3C)c2)cn1.Cc1ccc(-c2cc(-c3ccc(C)nc3)cc(-n3c(C)cc(C=O)c3C)c2)cn1.Cc1cc(C=O)c(C)n1-c1cccc(Cl)c1.Cc1ccccn1,001_RLN-NB-2443_007_N7,,,Cc1ccccn1,deborylation_0,0.0 milligram,0.0 micromole,0 microliter,C6H7N,3/30/23 5:38,kat78-2-n7-a1_03_22_2023_319.raw,2min_150_1200.EXP,001_RLN-NB-2443_007_N7,KAT78-2-N7-A1_KAT78-2-N7-A1_KAT78-2-N7-A1,0,0,0,0,0,0,0,0,0,0,0,0,0,0,0,bis_addition_1,0,0,0,0,0,178.455384,23.66032304,4.494624607,195,0.7334,0,0,0,0,0,0,0,0,0,0,0,0,0,0,0,0,0,0,0,0,54.80720119,7.300303435,1.38679947,382.1,0.8068,0,0,0,0,0,0,0,0,0,0,0,0,0,0,0,197.3228012,31.63302829,6.009156642,325,1.0384,0,0,0,0,0,141.5683876,17.40546569,3.30642292,267.9,1.3251,0,0,0.001069572,133.696519,0,0,0,0,0,0,0,0,0,0,0.000588512,73.56393936,0.000246837,30.85462284,0,0,0,0,0,0
N8,CS(=O)(=O)O[Pd]c1ccccc1-c2ccccc2N.COc3cccc(OC)c3-c4ccccc4P(C5CCCCC5)C6CCCCC6,SPhos Pd G3,0.12484415999999997 milligram,0.16000000000000003 micromole,0.12484416 microliter,C39H48NO5PPdS,CC1=CC(C=O)=C(C)N1C2=CC(Cl)=CC(Cl)=C2,"1-(3,5-dichlorophenyl)-2,5-dimethyl-1H-pyrrole-3-carbaldehyde",0.2145144 milligram,0.8 micromole,0.21451440000000005 microliter,C13H11Cl2NO,B1(OC(C(O1)(C)C)(C)C)C2=CN(N=C2C)C,"1,3-dimethyl-4-(4,4,5,5-tetramethyl-1,3,2-dioxaborolan-2-yl)-1H-pyrazole",0.21321311999999998 milligram,0.9600000000000001 micromole,0.21321312000000003 microliter,C11H19BN2O2,O=C([O-])[O-].[Na+].[Na+],Na2CO3,0.635928 milligram,6.0 micromole,0.6359280000000002 microliter,CNa2O3,CN1C=NC2=C1C(=O)N(C(=O)N2C)C,caffeine,0.1553528 milligram,0.8 micromole,0.15535280000000004 microliter,C8H10N4O2,C1COCCO1,dioxane,32.445 milligram,368.2496084262139 micromole,31.5 microliter,C4H8O2,O,water,3.5 milligram,194.2825423258396 micromole,3.5 microliter,H2O,Cc1nn(C)cc1-c1cc(Cl)cc(-n2c(C)cc(C=O)c2C)c1,suzuki_product_0,0.0 milligram,0.0 micromole,0 microliter,C18H18ClN3O,Cc1nn(C)cc1-c1cc(-c2cn(C)nc2C)cc(-n2c(C)cc(C=O)c2C)c1,bis_addition_1,0.0 milligram,0.0 micromole,0 microliter,C23H25N5O,Cc1cc(C=O)c(C)n1-c1cccc(Cl)c1,dehalogenation_0,0.0 milligram,0.0 micromole,0 microliter,C13H12ClNO,CC1=CC(C=O)=C(C)N1C2=CC(Cl)=CC(Cl)=C2.B1(OC(C(O1)(C)C)(C)C)C2=CN(N=C2C)C>>Cc1nn(C)cc1-c1cc(Cl)cc(-n2c(C)cc(C=O)c2C)c1.Cc1nn(C)cc1-c1cc(-c2cn(C)nc2C)cc(-n2c(C)cc(C=O)c2C)c1.Cc1cc(C=O)c(C)n1-c1cccc(Cl)c1.Cc1ccn(C)n1,001_RLN-NB-2443_007_N8,,,Cc1ccn(C)n1,deborylation_0,0.0 milligram,0.0 micromole,0 microliter,C5H8N2,3/30/23 5:41,kat78-2-n8-a1_03_22_2023_320.raw,2min_150_1200.EXP,001_RLN-NB-2443_007_N8,KAT78-2-N8-A1_KAT78-2-N8-A1_KAT78-2-N8-A1,0,0,0,0,0,0,0,0,0,0,0,0,0,0,0,bis_addition_2,0,0,0,0,0,183.4016837,38.4574583,4.838570552,194.9,0.7334,0,0,0,0,0,0,0,0,0,0,0,0,0,0,0,0,0,0,0,0,0,0,0,0,0,0,0,0,0,0,0,0,0,0,0,0,0,0,0,0,0,0,0,0,0,7.165006323,1.289497924,0.162239705,222.9,0.6984,0,0,0,0,0,0,0,0,0,0,0,0,0,2.68E-05,3.353050308,0,0,0,0,0,0,0,0,0,0,0,0,0,0
N9,CS(=O)(=O)O[Pd]c1ccccc1-c2ccccc2N.COc3cccc(OC)c3-c4ccccc4P(C5CCCCC5)C6CCCCC6,SPhos Pd G3,0.12484415999999997 milligram,0.16000000000000003 micromole,0.12484416 microliter,C39H48NO5PPdS,CC1=CC(C=O)=C(C)N1C2=CC(Cl)=CC(Cl)=C2,"1-(3,5-dichlorophenyl)-2,5-dimethyl-1H-pyrrole-3-carbaldehyde",0.2145144 milligram,0.8 micromole,0.21451440000000005 microliter,C13H11Cl2NO,B1(OC(C(O1)(C)C)(C)C)C2=CCN(CC2)C(=O)OC(C)(C)C,"N-Boc-1,2,5,6-tetrahydropyridine-4-boronic acid pinacol ester",0.29684640000000007 milligram,0.9600000000000001 micromole,0.2968464000000001 microliter,C16H28BNO4,O=C([O-])[O-].[Na+].[Na+],Na2CO3,0.635928 milligram,6.0 micromole,0.6359280000000002 microliter,CNa2O3,CN1C=NC2=C1C(=O)N(C(=O)N2C)C,caffeine,0.1553528 milligram,0.8 micromole,0.15535280000000004 microliter,C8H10N4O2,C1COCCO1,dioxane,32.445 milligram,368.2496084262139 micromole,31.5 microliter,C4H8O2,O,water,3.5 milligram,194.2825423258396 micromole,3.5 microliter,H2O,Cc1cc(C=O)c(C)n1-c1cc(Cl)cc(C2=CCN(C(=O)OC(C)(C)C)CC2)c1,suzuki_product_0,0.0 milligram,0.0 micromole,0 microliter,C23H27ClN2O3,Cc1cc(C=O)c(C)n1-c1cc(C2=CCN(C(=O)OC(C)(C)C)CC2)cc(C2=CCN(C(=O)OC(C)(C)C)CC2)c1,bis_addition_2,0.0 milligram,0.0 micromole,0 microliter,C33H43N3O5,Cc1cc(C=O)c(C)n1-c1cccc(Cl)c1,dehalogenation_0,0.0 milligram,0.0 micromole,0 microliter,C13H12ClNO,CC1=CC(C=O)=C(C)N1C2=CC(Cl)=CC(Cl)=C2.B1(OC(C(O1)(C)C)(C)C)C2=CCN(CC2)C(=O)OC(C)(C)C>>Cc1cc(C=O)c(C)n1-c1cc(Cl)cc(C2=CCN(C(=O)OC(C)(C)C)CC2)c1.Cc1cc(C=O)c(C)n1-c1cc(C2=CCN(C(=O)OC(C)(C)C)CC2)cc(C2=CCN(C(=O)OC(C)(C)C)CC2)c1.Cc1cc(C=O)c(C)n1-c1cccc(Cl)c1.CC(C)(C)OC(=O)N1CC=CCC1,001_RLN-NB-2443_007_N9,,,CC(C)(C)OC(=O)N1CC=CCC1,deborylation_0,0.0 milligram,0.0 micromole,0 microliter,C10H17NO2,3/30/23 5:43,kat78-2-n9-a1_03_22_2023_321.raw,2min_150_1200.EXP,001_RLN-NB-2443_007_N9,KAT78-2-N9-A1_KAT78-2-N9-A1_KAT78-2-N9-A1,0,0,0,0,0,0,0,0,0,0,0,0,0,0,0,bis_addition_1,0,0,0,0,0,183.5351946,14.68472642,4.630292251,194.9,0.7351,0,0,0,0,0,0,0,0,0,0,0,0,0,0,0,0,0,0,0,0,37.95803773,5.196130579,1.638410037,562.1,1.5501,0,0,0,0,0,0,0,0,0,0,0,0,0,0,0,262.7727637,17.2496268,5.439039927,415.2,1.4701,0,0,0,0,0,180.7898781,16.18692393,5.103955382,267.9,1.3268,0,0,0.000939732,117.4664499,0,0,0,0,0,0,0,0,0,0,0.000881837,110.2296595,0,0,0,0,0,0,0,0
N10,CS(=O)(=O)O[Pd]c1ccccc1-c2ccccc2N.COc3cccc(OC)c3-c4ccccc4P(C5CCCCC5)C6CCCCC6,SPhos Pd G3,0.12484415999999997 milligram,0.16000000000000003 micromole,0.12484416 microliter,C39H48NO5PPdS,CC1=CC(C=O)=C(C)N1C2=CC(Cl)=CC(Cl)=C2,"1-(3,5-dichlorophenyl)-2,5-dimethyl-1H-pyrrole-3-carbaldehyde",0.2145144 milligram,0.8 micromole,0.21451440000000005 microliter,C13H11Cl2NO,B1(OC(C(O1)(C)C)(C)C)C2=CCN(CC2)C(=O)OC(C)(C)C,"N-Boc-1,2,5,6-tetrahydropyridine-4-boronic acid pinacol ester",0.29684640000000007 milligram,0.9600000000000001 micromole,0.2968464000000001 microliter,C16H28BNO4,O=C([O-])[O-].[Na+].[Na+],Na2CO3,0.635928 milligram,6.0 micromole,0.6359280000000002 microliter,CNa2O3,CN1C=NC2=C1C(=O)N(C(=O)N2C)C,caffeine,0.1553528 milligram,0.8 micromole,0.15535280000000004 microliter,C8H10N4O2,C1COCCO1,dioxane,32.445 milligram,368.2496084262139 micromole,31.5 microliter,C4H8O2,O,water,3.5 milligram,194.2825423258396 micromole,3.5 microliter,H2O,Cc1cc(C=O)c(C)n1-c1cc(Cl)cc(C2=CCN(C(=O)OC(C)(C)C)CC2)c1,suzuki_product_0,0.0 milligram,0.0 micromole,0 microliter,C23H27ClN2O3,Cc1cc(C=O)c(C)n1-c1cc(C2=CCN(C(=O)OC(C)(C)C)CC2)cc(C2=CCN(C(=O)OC(C)(C)C)CC2)c1,bis_addition_2,0.0 milligram,0.0 micromole,0 microliter,C33H43N3O5,Cc1cc(C=O)c(C)n1-c1cccc(Cl)c1,dehalogenation_0,0.0 milligram,0.0 micromole,0 microliter,C13H12ClNO,CC1=CC(C=O)=C(C)N1C2=CC(Cl)=CC(Cl)=C2.B1(OC(C(O1)(C)C)(C)C)C2=CCN(CC2)C(=O)OC(C)(C)C>>Cc1cc(C=O)c(C)n1-c1cc(Cl)cc(C2=CCN(C(=O)OC(C)(C)C)CC2)c1.Cc1cc(C=O)c(C)n1-c1cc(C2=CCN(C(=O)OC(C)(C)C)CC2)cc(C2=CCN(C(=O)OC(C)(C)C)CC2)c1.Cc1cc(C=O)c(C)n1-c1cccc(Cl)c1.CC(C)(C)OC(=O)N1CC=CCC1,001_RLN-NB-2443_007_N10,,,CC(C)(C)OC(=O)N1CC=CCC1,deborylation_0,0.0 milligram,0.0 micromole,0 microliter,C10H17NO2,3/30/23 5:46,kat78-2-n10-a1_03_22_2023_322.raw,2min_150_1200.EXP,001_RLN-NB-2443_007_N10,KAT78-2-N10-A1_KAT78-2-N10-A1_KAT78-2-N10-A1,0,0,0,0,0,0,0,0,0,0,0,0,0,0,0,bis_addition_1,0,0,0,0,0,188.544308,15.94344471,4.820628328,195,0.7351,0,0,0,0,0,0,0,0,0,0,0,0,0,0,0,0,0,0,0,0,22.85293713,2.521442848,0.76237846,562.2,1.5518,0,0,0,0,0,0,0,0,0,0,0,0,0,0,0,232.9025555,14.41726007,4.359174164,415.1,1.4684,0,0,0,0,0,190.6852787,17.24905484,5.215390017,267.9,1.3268,0,0,0.00072342,90.42751002,0,0,0,0,0,0,0,0,0,0,0.000865512,108.189009,0,0,0,0,0,0,0,0
N11,CS(=O)(=O)O[Pd]c1ccccc1-c2ccccc2N.COc3cccc(OC)c3-c4ccccc4P(C5CCCCC5)C6CCCCC6,SPhos Pd G3,0.12484415999999997 milligram,0.16000000000000003 micromole,0.12484416 microliter,C39H48NO5PPdS,CC1=CC(C=O)=C(C)N1C2=CC(Cl)=CC(Cl)=C2,"1-(3,5-dichlorophenyl)-2,5-dimethyl-1H-pyrrole-3-carbaldehyde",0.2145144 milligram,0.8 micromole,0.21451440000000005 microliter,C13H11Cl2NO,B1(OC(C(O1)(C)C)(C)C)C2=CC=C(C=C2)N,"4-(4,4,5,5-tetramethyl-1,3,2-dioxaborolan-2-yl)aniline",0.21032928 milligram,0.9600000000000001 micromole,0.21032928000000006 microliter,C12H18BNO2,O=C([O-])[O-].[Na+].[Na+],Na2CO3,0.635928 milligram,6.0 micromole,0.6359280000000002 microliter,CNa2O3,CN1C=NC2=C1C(=O)N(C(=O)N2C)C,caffeine,0.1553528 milligram,0.8 micromole,0.15535280000000004 microliter,C8H10N4O2,C1COCCO1,dioxane,32.445 milligram,368.2496084262139 micromole,31.5 microliter,C4H8O2,O,water,3.5 milligram,194.2825423258396 micromole,3.5 microliter,H2O,Cc1cc(C=O)c(C)n1-c1cc(Cl)cc(-c2ccc(N)cc2)c1,suzuki_product_0,0.0 milligram,0.0 micromole,0 microliter,C19H17ClN2O,Cc1cc(C=O)c(C)n1-c1cc(-c2ccc(N)cc2)cc(-c2ccc(N)cc2)c1,bis_addition_1,0.0 milligram,0.0 micromole,0 microliter,C25H23N3O,Cc1cc(C=O)c(C)n1-c1cccc(Cl)c1,dehalogenation_0,0.0 milligram,0.0 micromole,0 microliter,C13H12ClNO,CC1=CC(C=O)=C(C)N1C2=CC(Cl)=CC(Cl)=C2.B1(OC(C(O1)(C)C)(C)C)C2=CC=C(C=C2)N>>Cc1cc(C=O)c(C)n1-c1cc(Cl)cc(-c2ccc(N)cc2)c1.Cc1cc(C=O)c(C)n1-c1cc(-c2ccc(N)cc2)cc(-c2ccc(N)cc2)c1.Cc1cc(C=O)c(C)n1-c1cccc(Cl)c1.Nc1ccccc1,001_RLN-NB-2443_007_N11,,,Nc1ccccc1,deborylation_0,0.0 milligram,0.0 micromole,0 microliter,C6H7N,3/30/23 5:48,kat78-2-n11-a1_03_22_2023_323.raw,2min_150_1200.EXP,001_RLN-NB-2443_007_N11,KAT78-2-N11-A1_KAT78-2-N11-A1_KAT78-2-N11-A1,0,0,0,0,0,0,0,0,0,0,0,0,0,0,0,bis_addition_1,0,0,0,0,0,175.5150965,19.6434583,4.58549615,195,0.7351,0,0,0,0,0,0,0,0,0,0,0,0,0,0,0,0,0,0,0,0,0,0,0,0,0,0,0,0,0,0,0,0,0,0,0,0,0,0,0,0,203.4385377,30.04130282,7.012730463,325,1.2351,0,0,0,0,0,153.7584825,17.865512,4.17045895,267.9,1.3268,0,0,0.001223463,152.9328612,0,0,0,0,0,0,0,0,0,0,0.000727591,90.948914,0,0,0,0,0,0,0,0
N12,CS(=O)(=O)O[Pd]c1ccccc1-c2ccccc2N.COc3cccc(OC)c3-c4ccccc4P(C5CCCCC5)C6CCCCC6,SPhos Pd G3,0.12484415999999997 milligram,0.16000000000000003 micromole,0.12484416 microliter,C39H48NO5PPdS,CC1=CC(C=O)=C(C)N1C2=CC(Cl)=CC(Cl)=C2,"1-(3,5-dichlorophenyl)-2,5-dimethyl-1H-pyrrole-3-carbaldehyde",0.2145144 milligram,0.8 micromole,0.21451440000000005 microliter,C13H11Cl2NO,B1(OC(C(O1)(C)C)(C)C)C2=CC=C(C=C2)N,"4-(4,4,5,5-tetramethyl-1,3,2-dioxaborolan-2-yl)aniline",0.21032928 milligram,0.9600000000000001 micromole,0.21032928000000006 microliter,C12H18BNO2,O=C([O-])[O-].[Na+].[Na+],Na2CO3,0.635928 milligram,6.0 micromole,0.6359280000000002 microliter,CNa2O3,CN1C=NC2=C1C(=O)N(C(=O)N2C)C,caffeine,0.1553528 milligram,0.8 micromole,0.15535280000000004 microliter,C8H10N4O2,C1COCCO1,dioxane,32.445 milligram,368.2496084262139 micromole,31.5 microliter,C4H8O2,O,water,3.5 milligram,194.2825423258396 micromole,3.5 microliter,H2O,Cc1cc(C=O)c(C)n1-c1cc(Cl)cc(-c2ccc(N)cc2)c1,suzuki_product_0,0.0 milligram,0.0 micromole,0 microliter,C19H17ClN2O,Cc1cc(C=O)c(C)n1-c1cc(-c2ccc(N)cc2)cc(-c2ccc(N)cc2)c1,bis_addition_1,0.0 milligram,0.0 micromole,0 microliter,C25H23N3O,Cc1cc(C=O)c(C)n1-c1cccc(Cl)c1,dehalogenation_0,0.0 milligram,0.0 micromole,0 microliter,C13H12ClNO,CC1=CC(C=O)=C(C)N1C2=CC(Cl)=CC(Cl)=C2.B1(OC(C(O1)(C)C)(C)C)C2=CC=C(C=C2)N>>Cc1cc(C=O)c(C)n1-c1cc(Cl)cc(-c2ccc(N)cc2)c1.Cc1cc(C=O)c(C)n1-c1cc(-c2ccc(N)cc2)cc(-c2ccc(N)cc2)c1.Cc1cc(C=O)c(C)n1-c1cccc(Cl)c1.Nc1ccccc1,001_RLN-NB-2443_007_N12,,,Nc1ccccc1,deborylation_0,0.0 milligram,0.0 micromole,0 microliter,C6H7N,3/30/23 5:51,kat78-2-n12-a1_03_22_2023_324.raw,2min_150_1200.EXP,001_RLN-NB-2443_007_N12,KAT78-2-N12-A1_KAT78-2-N12-A1_KAT78-2-N12-A1,0,0,0,0,0,0,0,0,0,0,0,0,0,0,0,bis_addition_1,0,0,0,0,0,181.7738625,26.62033359,4.580886568,195,0.7334,0,0,0,0,0,58.93065726,13.00110798,2.237259753,325,1.2334,0,0,0,0,0,0,0,0,0,0,0,0,0,0,0,0,0,0,0,0,0,0,0,0,0,0,0,0,0,0,58.93065726,13.00110798,2.237259753,325,1.2334,0,0,0,0,0,188.6713585,29.35662515,5.051753742,267.8,1.3251,0,0,0.000390712,48.83901226,0.000390712,48.83901226,0,0,0,0,0,0,0,0,0.000882232,110.2789529,0,0,0,0,0,0,0,0
N13,CS(=O)(=O)O[Pd]c1ccccc1-c2ccccc2N.COc3cccc(OC)c3-c4ccccc4P(C5CCCCC5)C6CCCCC6,SPhos Pd G3,0.12484415999999997 milligram,0.16000000000000003 micromole,0.12484416 microliter,C39H48NO5PPdS,COC1=C(N)C(Cl)=NC=N1,4-chloro-6-methoxypyrimidin-5-amine,0.12766080000000002 milligram,0.8 micromole,0.12766080000000005 microliter,C5H6ClN3O,B1(OC(C(O1)(C)C)(C)C)C2=CN=C(C=C2)C,"2-methyl-5-(4,4,5,5-tetramethyl-1,3,2-dioxaborolan-2-yl)pyridine",0.21032928 milligram,0.9600000000000001 micromole,0.21032928000000006 microliter,C12H18BNO2,O=C([O-])[O-].[Na+].[Na+],Na2CO3,0.635928 milligram,6.0 micromole,0.6359280000000002 microliter,CNa2O3,CN1C=NC2=C1C(=O)N(C(=O)N2C)C,caffeine,0.1553528 milligram,0.8 micromole,0.15535280000000004 microliter,C8H10N4O2,C1COCCO1,dioxane,32.445 milligram,368.2496084262139 micromole,31.5 microliter,C4H8O2,O,water,3.5 milligram,194.2825423258396 micromole,3.5 microliter,H2O,COc1ncnc(-c2ccc(C)nc2)c1N,suzuki_product_0,0.0 milligram,0.0 micromole,0 microliter,C11H12N4O,COc1ncncc1N,dehalogenation_0,0.0 milligram,0.0 micromole,0 microliter,C5H7N3O,Cc1ccccn1,deborylation_0,0.0 milligram,0.0 micromole,0 microliter,C6H7N,COC1=C(N)C(Cl)=NC=N1.B1(OC(C(O1)(C)C)(C)C)C2=CN=C(C=C2)C>>COc1ncnc(-c2ccc(C)nc2)c1N.COc1ncncc1N.Cc1ccccn1,001_RLN-NB-2443_007_N13,,,,,,,,,3/30/23 5:53,kat78-2-n13-a1_03_22_2023_325.raw,2min_150_1200.EXP,001_RLN-NB-2443_007_N13,KAT78-2-N13-A1_KAT78-2-N13-A1_KAT78-2-N13-A1,0,0,0,0,0,0,0,0,0,0,0,0,0,0,0,deborylation_0,0,0,0,0,0,181.3329213,57.57004028,4.502941213,194.9,0.7351,0,0,0,0,0,0,0,0,0,0,0,0,0,0,0,0,0,0,0,0,0,0,0,0,0,0,0,0,0,0,0,0,0,0,0,0,0,0,0,0,0,0,0,0,0,0,0,0,0,0,0,0,0,0,0,0,0,0,0,0,0,0,0,0,0,0,0,0,0,0,0,0,0,0,0,0,0,0,0
N14,CS(=O)(=O)O[Pd]c1ccccc1-c2ccccc2N.COc3cccc(OC)c3-c4ccccc4P(C5CCCCC5)C6CCCCC6,SPhos Pd G3,0.12484415999999997 milligram,0.16000000000000003 micromole,0.12484416 microliter,C39H48NO5PPdS,COC1=C(N)C(Cl)=NC=N1,4-chloro-6-methoxypyrimidin-5-amine,0.12766080000000002 milligram,0.8 micromole,0.12766080000000005 microliter,C5H6ClN3O,B1(OC(C(O1)(C)C)(C)C)C2=CN(N=C2C)C,"1,3-dimethyl-4-(4,4,5,5-tetramethyl-1,3,2-dioxaborolan-2-yl)-1H-pyrazole",0.21321311999999998 milligram,0.9600000000000001 micromole,0.21321312000000003 microliter,C11H19BN2O2,O=C([O-])[O-].[Na+].[Na+],Na2CO3,0.635928 milligram,6.0 micromole,0.6359280000000002 microliter,CNa2O3,CN1C=NC2=C1C(=O)N(C(=O)N2C)C,caffeine,0.1553528 milligram,0.8 micromole,0.15535280000000004 microliter,C8H10N4O2,C1COCCO1,dioxane,32.445 milligram,368.2496084262139 micromole,31.5 microliter,C4H8O2,O,water,3.5 milligram,194.2825423258396 micromole,3.5 microliter,H2O,COc1ncnc(-c2cn(C)nc2C)c1N,suzuki_product_0,0.0 milligram,0.0 micromole,0 microliter,C10H13N5O,COc1ncncc1N,dehalogenation_0,0.0 milligram,0.0 micromole,0 microliter,C5H7N3O,Cc1ccn(C)n1,deborylation_0,0.0 milligram,0.0 micromole,0 microliter,C5H8N2,COC1=C(N)C(Cl)=NC=N1.B1(OC(C(O1)(C)C)(C)C)C2=CN(N=C2C)C>>COc1ncnc(-c2cn(C)nc2C)c1N.COc1ncncc1N.Cc1ccn(C)n1,001_RLN-NB-2443_007_N14,,,,,,,,,3/30/23 5:55,kat78-2-n14-a1_03_22_2023_326.raw,2min_150_1200.EXP,001_RLN-NB-2443_007_N14,KAT78-2-N14-A1_KAT78-2-N14-A1_KAT78-2-N14-A1,0,0,0,0,0,0,0,0,0,0,0,0,0,0,0,deborylation_0,0,0,0,0,0,173.8576373,58.21025706,4.506189758,194.9,0.7318,0,0,0,0,0,0,0,0,0,0,0,0,0,0,0,0,0,0,0,0,0,0,0,0,0,0,0,0,0,0,0,0,0,0,0,0,0,0,0,0,0,0,0,0,0,0,0,0,0,0,0,0,0,0,0,0,0,0,0,0,0,0,0,0,0,0,0,0,0,0,0,0,0,0,0,0,0,0,0
N15,CS(=O)(=O)O[Pd]c1ccccc1-c2ccccc2N.COc3cccc(OC)c3-c4ccccc4P(C5CCCCC5)C6CCCCC6,SPhos Pd G3,0.12484415999999997 milligram,0.16000000000000003 micromole,0.12484416 microliter,C39H48NO5PPdS,COC1=C(N)C(Cl)=NC=N1,4-chloro-6-methoxypyrimidin-5-amine,0.12766080000000002 milligram,0.8 micromole,0.12766080000000005 microliter,C5H6ClN3O,B1(OC(C(O1)(C)C)(C)C)C2=CCN(CC2)C(=O)OC(C)(C)C,"N-Boc-1,2,5,6-tetrahydropyridine-4-boronic acid pinacol ester",0.29684640000000007 milligram,0.9600000000000001 micromole,0.2968464000000001 microliter,C16H28BNO4,O=C([O-])[O-].[Na+].[Na+],Na2CO3,0.635928 milligram,6.0 micromole,0.6359280000000002 microliter,CNa2O3,CN1C=NC2=C1C(=O)N(C(=O)N2C)C,caffeine,0.1553528 milligram,0.8 micromole,0.15535280000000004 microliter,C8H10N4O2,C1COCCO1,dioxane,32.445 milligram,368.2496084262139 micromole,31.5 microliter,C4H8O2,O,water,3.5 milligram,194.2825423258396 micromole,3.5 microliter,H2O,COc1ncnc(C2=CCN(C(=O)OC(C)(C)C)CC2)c1N,suzuki_product_0,0.0 milligram,0.0 micromole,0 microliter,C15H22N4O3,COc1ncncc1N,dehalogenation_0,0.0 milligram,0.0 micromole,0 microliter,C5H7N3O,CC(C)(C)OC(=O)N1CC=CCC1,deborylation_0,0.0 milligram,0.0 micromole,0 microliter,C10H17NO2,COC1=C(N)C(Cl)=NC=N1.B1(OC(C(O1)(C)C)(C)C)C2=CCN(CC2)C(=O)OC(C)(C)C>>COc1ncnc(C2=CCN(C(=O)OC(C)(C)C)CC2)c1N.COc1ncncc1N.CC(C)(C)OC(=O)N1CC=CCC1,001_RLN-NB-2443_007_N15,,,,,,,,,3/30/23 5:58,kat78-2-n15-a1_03_22_2023_327.raw,2min_150_1200.EXP,001_RLN-NB-2443_007_N15,KAT78-2-N15-A1_KAT78-2-N15-A1_KAT78-2-N15-A1,0,0,0,0,0,0,0,0,0,0,0,0,0,0,0,deborylation_0,0,0,0,0,0,180.3372057,24.27352188,4.508598534,194.9,0.7351,0,0,0,0,0,0,0,0,0,0,0,0,0,0,0,0,0,0,0,0,0,0,0,0,0,0,0,0,0,0,0,0,0,0,0,0,0,0,0,0,92.08712399,16.83068745,3.126155865,307,0.9968,0,0,0,0,0,0,0,0,0,0,0,0,0.000554701,69.33764097,0,0,0,0,0,0,0,0,0,0,0,0,0,0,0,0,0,0,0,0
N16,CS(=O)(=O)O[Pd]c1ccccc1-c2ccccc2N.COc3cccc(OC)c3-c4ccccc4P(C5CCCCC5)C6CCCCC6,SPhos Pd G3,0.12484415999999997 milligram,0.16000000000000003 micromole,0.12484416 microliter,C39H48NO5PPdS,COC1=C(N)C(Cl)=NC=N1,4-chloro-6-methoxypyrimidin-5-amine,0.12766080000000002 milligram,0.8 micromole,0.12766080000000005 microliter,C5H6ClN3O,B1(OC(C(O1)(C)C)(C)C)C2=CCN(CC2)C(=O)OC(C)(C)C,"N-Boc-1,2,5,6-tetrahydropyridine-4-boronic acid pinacol ester",0.29684640000000007 milligram,0.9600000000000001 micromole,0.2968464000000001 microliter,C16H28BNO4,O=C([O-])[O-].[Na+].[Na+],Na2CO3,0.635928 milligram,6.0 micromole,0.6359280000000002 microliter,CNa2O3,CN1C=NC2=C1C(=O)N(C(=O)N2C)C,caffeine,0.1553528 milligram,0.8 micromole,0.15535280000000004 microliter,C8H10N4O2,C1COCCO1,dioxane,32.445 milligram,368.2496084262139 micromole,31.5 microliter,C4H8O2,O,water,3.5 milligram,194.2825423258396 micromole,3.5 microliter,H2O,COc1ncnc(C2=CCN(C(=O)OC(C)(C)C)CC2)c1N,suzuki_product_0,0.0 milligram,0.0 micromole,0 microliter,C15H22N4O3,COc1ncncc1N,dehalogenation_0,0.0 milligram,0.0 micromole,0 microliter,C5H7N3O,CC(C)(C)OC(=O)N1CC=CCC1,deborylation_0,0.0 milligram,0.0 micromole,0 microliter,C10H17NO2,COC1=C(N)C(Cl)=NC=N1.B1(OC(C(O1)(C)C)(C)C)C2=CCN(CC2)C(=O)OC(C)(C)C>>COc1ncnc(C2=CCN(C(=O)OC(C)(C)C)CC2)c1N.COc1ncncc1N.CC(C)(C)OC(=O)N1CC=CCC1,001_RLN-NB-2443_007_N16,,,,,,,,,3/30/23 6:00,kat78-2-n16-a1_03_22_2023_328.raw,2min_150_1200.EXP,001_RLN-NB-2443_007_N16,KAT78-2-N16-A1_KAT78-2-N16-A1_KAT78-2-N16-A1,0,0,0,0,0,0,0,0,0,0,0,0,0,0,0,deborylation_0,0,0,0,0,0,170.0959943,56.71426031,4.38442427,195.1,0.7334,0,0,0,0,0,0,0,0,0,0,0,0,0,0,0,0,0,0,0,0,0,0,0,0,0,0,0,0,0,0,0,0,0,0,0,0,0,0,0,0,0,0,0,0,0,0,0,0,0,0,0,0,0,0,0,0,0,0,0,0,0,0,0,0,0,0,0,0,0,0,0,0,0,0,0,0,0,0,0
N17,CS(=O)(=O)O[Pd]c1ccccc1-c2ccccc2N.COc3cccc(OC)c3-c4ccccc4P(C5CCCCC5)C6CCCCC6,SPhos Pd G3,0.12484415999999997 milligram,0.16000000000000003 micromole,0.12484416 microliter,C39H48NO5PPdS,COC1=C(N)C(Cl)=NC=N1,4-chloro-6-methoxypyrimidin-5-amine,0.12766080000000002 milligram,0.8 micromole,0.12766080000000005 microliter,C5H6ClN3O,B1(OC(C(O1)(C)C)(C)C)C2=CC=C(C=C2)N,"4-(4,4,5,5-tetramethyl-1,3,2-dioxaborolan-2-yl)aniline",0.21032928 milligram,0.9600000000000001 micromole,0.21032928000000006 microliter,C12H18BNO2,O=C([O-])[O-].[Na+].[Na+],Na2CO3,0.635928 milligram,6.0 micromole,0.6359280000000002 microliter,CNa2O3,CN1C=NC2=C1C(=O)N(C(=O)N2C)C,caffeine,0.1553528 milligram,0.8 micromole,0.15535280000000004 microliter,C8H10N4O2,C1COCCO1,dioxane,32.445 milligram,368.2496084262139 micromole,31.5 microliter,C4H8O2,O,water,3.5 milligram,194.2825423258396 micromole,3.5 microliter,H2O,COc1ncnc(-c2ccc(N)cc2)c1N,suzuki_product_0,0.0 milligram,0.0 micromole,0 microliter,C11H12N4O,COc1ncncc1N,dehalogenation_0,0.0 milligram,0.0 micromole,0 microliter,C5H7N3O,Nc1ccccc1,deborylation_0,0.0 milligram,0.0 micromole,0 microliter,C6H7N,COC1=C(N)C(Cl)=NC=N1.B1(OC(C(O1)(C)C)(C)C)C2=CC=C(C=C2)N>>COc1ncnc(-c2ccc(N)cc2)c1N.COc1ncncc1N.Nc1ccccc1,001_RLN-NB-2443_007_N17,,,,,,,,,3/30/23 6:03,kat78-2-n17-a1_03_22_2023_329.raw,2min_150_1200.EXP,001_RLN-NB-2443_007_N17,KAT78-2-N17-A1_KAT78-2-N17-A1_KAT78-2-N17-A1,0,0,0,0,0,0,0,0,0,0,0,0,0,0,0,deborylation_0,0,0,0,0,0,183.2019732,37.02753942,4.654647317,195,0.7318,0,0,0,0,0,0,0,0,0,0,0,0,0,0,0,0,0,0,0,0,0,0,0,0,0,0,0,0,0,0,0,0,0,0,0,0,0,0,0,0,45.60351602,9.435508628,1.186116215,217,0.6551,0,0,0,0,0,0,0,0,0,0,0,0,0.000203859,25.4824079,0,0,0,0,0,0,0,0,0,0,0,0,0,0,0,0,0,0,0,0
N18,CS(=O)(=O)O[Pd]c1ccccc1-c2ccccc2N.COc3cccc(OC)c3-c4ccccc4P(C5CCCCC5)C6CCCCC6,SPhos Pd G3,0.12484415999999997 milligram,0.16000000000000003 micromole,0.12484416 microliter,C39H48NO5PPdS,COC1=C(N)C(Cl)=NC=N1,4-chloro-6-methoxypyrimidin-5-amine,0.12766080000000002 milligram,0.8 micromole,0.12766080000000005 microliter,C5H6ClN3O,B1(OC(C(O1)(C)C)(C)C)C2=CC=C(C=C2)N,"4-(4,4,5,5-tetramethyl-1,3,2-dioxaborolan-2-yl)aniline",0.21032928 milligram,0.9600000000000001 micromole,0.21032928000000006 microliter,C12H18BNO2,O=C([O-])[O-].[Na+].[Na+],Na2CO3,0.635928 milligram,6.0 micromole,0.6359280000000002 microliter,CNa2O3,CN1C=NC2=C1C(=O)N(C(=O)N2C)C,caffeine,0.1553528 milligram,0.8 micromole,0.15535280000000004 microliter,C8H10N4O2,C1COCCO1,dioxane,32.445 milligram,368.2496084262139 micromole,31.5 microliter,C4H8O2,O,water,3.5 milligram,194.2825423258396 micromole,3.5 microliter,H2O,COc1ncnc(-c2ccc(N)cc2)c1N,suzuki_product_0,0.0 milligram,0.0 micromole,0 microliter,C11H12N4O,COc1ncncc1N,dehalogenation_0,0.0 milligram,0.0 micromole,0 microliter,C5H7N3O,Nc1ccccc1,deborylation_0,0.0 milligram,0.0 micromole,0 microliter,C6H7N,COC1=C(N)C(Cl)=NC=N1.B1(OC(C(O1)(C)C)(C)C)C2=CC=C(C=C2)N>>COc1ncnc(-c2ccc(N)cc2)c1N.COc1ncncc1N.Nc1ccccc1,001_RLN-NB-2443_007_N18,,,,,,,,,3/30/23 6:05,kat78-2-n18-a1_03_22_2023_330.raw,2min_150_1200.EXP,001_RLN-NB-2443_007_N18,KAT78-2-N18-A1_KAT78-2-N18-A1_KAT78-2-N18-A1,0,0,0,0,0,0,0,0,0,0,0,0,0,0,0,deborylation_0,0,0,0,0,0,173.6613546,39.65767337,4.535954167,195,0.7351,0,0,0,0,0,0,0,0,0,0,0,0,0,0,0,0,0,0,0,0,0,0,0,0,0,0,0,0,0,0,0,0,0,0,0,0,0,0,0,0,47.62626738,10.58996575,1.211256112,217,0.6568,0,0,0,0,0,0,0,0,0,0,0,0,0.000213628,26.7034469,0,0,0,0,0,0,0,0,0,0,0,0,0,0,0,0,0,0,0,0
N19,CS(=O)(=O)O[Pd]c1ccccc1-c2ccccc2N.COc3cccc(OC)c3-c4ccccc4P(C5CCCCC5)C6CCCCC6,SPhos Pd G3,0.12484415999999997 milligram,0.16000000000000003 micromole,0.12484416 microliter,C39H48NO5PPdS,CC1=C(N2CCCC2=O)C=CC(Br)=C1,1-(4-bromo-2-methylphenyl)pyrrolidin-2-one,0.20330160000000003 milligram,0.8 micromole,0.20330160000000008 microliter,C11H12BrNO,B1(OC(C(O1)(C)C)(C)C)C2=CN=C(C=C2)C,"2-methyl-5-(4,4,5,5-tetramethyl-1,3,2-dioxaborolan-2-yl)pyridine",0.21032928 milligram,0.9600000000000001 micromole,0.21032928000000006 microliter,C12H18BNO2,O=C([O-])[O-].[Na+].[Na+],Na2CO3,0.635928 milligram,6.0 micromole,0.6359280000000002 microliter,CNa2O3,CN1C=NC2=C1C(=O)N(C(=O)N2C)C,caffeine,0.1553528 milligram,0.8 micromole,0.15535280000000004 microliter,C8H10N4O2,C1COCCO1,dioxane,32.445 milligram,368.2496084262139 micromole,31.5 microliter,C4H8O2,O,water,3.5 milligram,194.2825423258396 micromole,3.5 microliter,H2O,Cc1ccc(-c2ccc(N3CCCC3=O)c(C)c2)cn1,suzuki_product_0,0.0 milligram,0.0 micromole,0 microliter,C17H18N2O,Cc1ccccc1N1CCCC1=O,dehalogenation_0,0.0 milligram,0.0 micromole,0 microliter,C11H13NO,Cc1ccccn1,deborylation_0,0.0 milligram,0.0 micromole,0 microliter,C6H7N,CC1=C(N2CCCC2=O)C=CC(Br)=C1.B1(OC(C(O1)(C)C)(C)C)C2=CN=C(C=C2)C>>Cc1ccc(-c2ccc(N3CCCC3=O)c(C)c2)cn1.Cc1ccccc1N1CCCC1=O.Cc1ccccn1,001_RLN-NB-2443_007_N19,,,,,,,,,3/30/23 6:08,kat78-2-n19-a1_03_22_2023_331.raw,2min_150_1200.EXP,001_RLN-NB-2443_007_N19,KAT78-2-N19-A1_KAT78-2-N19-A1_KAT78-2-N19-A1,0,0,0,0,0,0,0,0,0,0,0,0,0,0,0,deborylation_0,0,0,0,0,0,172.2250225,23.07927772,4.076837693,195,0.7334,0,0,0,0,0,0,0,0,0,0,0,0,0,0,0,0,0,0,0,0,0,0,0,0,0,0,0,0,0,0,0,0,0,0,0,68.37889157,8.594097854,1.518103924,282,1.1868,261.0442451,44.18047982,7.80425833,267,0.7768,0,0,0,0,0,0,0,0,0,0,0,0,0.001531434,191.4292135,0,0,0,0,0,0,0,0,0,0,0,0,0,0,0,0,0,0,0.000297898,37.23729121
N20,CS(=O)(=O)O[Pd]c1ccccc1-c2ccccc2N.COc3cccc(OC)c3-c4ccccc4P(C5CCCCC5)C6CCCCC6,SPhos Pd G3,0.12484415999999997 milligram,0.16000000000000003 micromole,0.12484416 microliter,C39H48NO5PPdS,CC1=C(N2CCCC2=O)C=CC(Br)=C1,1-(4-bromo-2-methylphenyl)pyrrolidin-2-one,0.20330160000000003 milligram,0.8 micromole,0.20330160000000008 microliter,C11H12BrNO,B1(OC(C(O1)(C)C)(C)C)C2=CN(N=C2C)C,"1,3-dimethyl-4-(4,4,5,5-tetramethyl-1,3,2-dioxaborolan-2-yl)-1H-pyrazole",0.21321311999999998 milligram,0.9600000000000001 micromole,0.21321312000000003 microliter,C11H19BN2O2,O=C([O-])[O-].[Na+].[Na+],Na2CO3,0.635928 milligram,6.0 micromole,0.6359280000000002 microliter,CNa2O3,CN1C=NC2=C1C(=O)N(C(=O)N2C)C,caffeine,0.1553528 milligram,0.8 micromole,0.15535280000000004 microliter,C8H10N4O2,C1COCCO1,dioxane,32.445 milligram,368.2496084262139 micromole,31.5 microliter,C4H8O2,O,water,3.5 milligram,194.2825423258396 micromole,3.5 microliter,H2O,Cc1cc(-c2cn(C)nc2C)ccc1N1CCCC1=O,suzuki_product_0,0.0 milligram,0.0 micromole,0 microliter,C16H19N3O,Cc1ccccc1N1CCCC1=O,dehalogenation_0,0.0 milligram,0.0 micromole,0 microliter,C11H13NO,Cc1ccn(C)n1,deborylation_0,0.0 milligram,0.0 micromole,0 microliter,C5H8N2,CC1=C(N2CCCC2=O)C=CC(Br)=C1.B1(OC(C(O1)(C)C)(C)C)C2=CN(N=C2C)C>>Cc1cc(-c2cn(C)nc2C)ccc1N1CCCC1=O.Cc1ccccc1N1CCCC1=O.Cc1ccn(C)n1,001_RLN-NB-2443_007_N20,,,,,,,,,3/30/23 6:10,kat78-2-n20-a1_03_22_2023_332.raw,2min_150_1200.EXP,001_RLN-NB-2443_007_N20,KAT78-2-N20-A1_KAT78-2-N20-A1_KAT78-2-N20-A1,0,0,0,0,0,0,0,0,0,0,0,0,0,0,0,deborylation_0,0,0,0,0,0,177.1021345,30.42575735,4.757489867,195,0.7334,0,0,0,0,0,0,0,0,0,0,0,0,0,0,0,0,0,0,0,0,0,0,0,0,0,0,0,0,0,0,0,0,0,0,0,102.5980809,17.17279842,2.685205616,255.8,1.1868,141.7537311,33.97796722,5.312927232,270,0.9968,0,0,0,0,0,0,0,0,0,0,0,0,0.0008934,111.6750089,0,0,0,0,0,0,0,0,0,0,0,0,0,0,0,0,0,0,0.000451533,56.44164655
N21,CS(=O)(=O)O[Pd]c1ccccc1-c2ccccc2N.COc3cccc(OC)c3-c4ccccc4P(C5CCCCC5)C6CCCCC6,SPhos Pd G3,0.12484415999999997 milligram,0.16000000000000003 micromole,0.12484416 microliter,C39H48NO5PPdS,CC1=C(N2CCCC2=O)C=CC(Br)=C1,1-(4-bromo-2-methylphenyl)pyrrolidin-2-one,0.20330160000000003 milligram,0.8 micromole,0.20330160000000008 microliter,C11H12BrNO,B1(OC(C(O1)(C)C)(C)C)C2=CCN(CC2)C(=O)OC(C)(C)C,"N-Boc-1,2,5,6-tetrahydropyridine-4-boronic acid pinacol ester",0.29684640000000007 milligram,0.9600000000000001 micromole,0.2968464000000001 microliter,C16H28BNO4,O=C([O-])[O-].[Na+].[Na+],Na2CO3,0.635928 milligram,6.0 micromole,0.6359280000000002 microliter,CNa2O3,CN1C=NC2=C1C(=O)N(C(=O)N2C)C,caffeine,0.1553528 milligram,0.8 micromole,0.15535280000000004 microliter,C8H10N4O2,C1COCCO1,dioxane,32.445 milligram,368.2496084262139 micromole,31.5 microliter,C4H8O2,O,water,3.5 milligram,194.2825423258396 micromole,3.5 microliter,H2O,Cc1cc(C2=CCN(C(=O)OC(C)(C)C)CC2)ccc1N1CCCC1=O,suzuki_product_0,0.0 milligram,0.0 micromole,0 microliter,C21H28N2O3,Cc1ccccc1N1CCCC1=O,dehalogenation_0,0.0 milligram,0.0 micromole,0 microliter,C11H13NO,CC(C)(C)OC(=O)N1CC=CCC1,deborylation_0,0.0 milligram,0.0 micromole,0 microliter,C10H17NO2,CC1=C(N2CCCC2=O)C=CC(Br)=C1.B1(OC(C(O1)(C)C)(C)C)C2=CCN(CC2)C(=O)OC(C)(C)C>>Cc1cc(C2=CCN(C(=O)OC(C)(C)C)CC2)ccc1N1CCCC1=O.Cc1ccccc1N1CCCC1=O.CC(C)(C)OC(=O)N1CC=CCC1,001_RLN-NB-2443_007_N21,,,,,,,,,3/30/23 6:13,kat78-2-n21-a1_03_22_2023_333.raw,2min_150_1200.EXP,001_RLN-NB-2443_007_N21,KAT78-2-N21-A1_KAT78-2-N21-A1_KAT78-2-N21-A1,0,0,0,0,0,0,0,0,0,0,0,0,0,0,0,deborylation_0,0,0,0,0,0,189.9636526,15.47869122,4.835564757,195,0.7318,0,0,0,0,0,0,0,0,0,0,0,0,0,0,0,0,0,0,0,0,0,0,0,0,0,0,0,0,0,0,0,0,0,0,0,71.28914737,6.633554705,2.072331755,255.8,1.1884,418.3577236,41.73700131,13.0386975,357,1.3234,0,0,0,0,0,0,0,0,0,0,0,0,0.002157133,269.6416687,0,0,0,0,0,0,0,0,0,0,0,0,0,0,0,0,0,0,0.000342848,42.85604389
N22,CS(=O)(=O)O[Pd]c1ccccc1-c2ccccc2N.COc3cccc(OC)c3-c4ccccc4P(C5CCCCC5)C6CCCCC6,SPhos Pd G3,0.12484415999999997 milligram,0.16000000000000003 micromole,0.12484416 microliter,C39H48NO5PPdS,CC1=C(N2CCCC2=O)C=CC(Br)=C1,1-(4-bromo-2-methylphenyl)pyrrolidin-2-one,0.20330160000000003 milligram,0.8 micromole,0.20330160000000008 microliter,C11H12BrNO,B1(OC(C(O1)(C)C)(C)C)C2=CCN(CC2)C(=O)OC(C)(C)C,"N-Boc-1,2,5,6-tetrahydropyridine-4-boronic acid pinacol ester",0.29684640000000007 milligram,0.9600000000000001 micromole,0.2968464000000001 microliter,C16H28BNO4,O=C([O-])[O-].[Na+].[Na+],Na2CO3,0.635928 milligram,6.0 micromole,0.6359280000000002 microliter,CNa2O3,CN1C=NC2=C1C(=O)N(C(=O)N2C)C,caffeine,0.1553528 milligram,0.8 micromole,0.15535280000000004 microliter,C8H10N4O2,C1COCCO1,dioxane,32.445 milligram,368.2496084262139 micromole,31.5 microliter,C4H8O2,O,water,3.5 milligram,194.2825423258396 micromole,3.5 microliter,H2O,Cc1cc(C2=CCN(C(=O)OC(C)(C)C)CC2)ccc1N1CCCC1=O,suzuki_product_0,0.0 milligram,0.0 micromole,0 microliter,C21H28N2O3,Cc1ccccc1N1CCCC1=O,dehalogenation_0,0.0 milligram,0.0 micromole,0 microliter,C11H13NO,CC(C)(C)OC(=O)N1CC=CCC1,deborylation_0,0.0 milligram,0.0 micromole,0 microliter,C10H17NO2,CC1=C(N2CCCC2=O)C=CC(Br)=C1.B1(OC(C(O1)(C)C)(C)C)C2=CCN(CC2)C(=O)OC(C)(C)C>>Cc1cc(C2=CCN(C(=O)OC(C)(C)C)CC2)ccc1N1CCCC1=O.Cc1ccccc1N1CCCC1=O.CC(C)(C)OC(=O)N1CC=CCC1,001_RLN-NB-2443_007_N22,,,,,,,,,3/30/23 6:15,kat78-2-n22-a1_03_22_2023_334.raw,2min_150_1200.EXP,001_RLN-NB-2443_007_N22,KAT78-2-N22-A1_KAT78-2-N22-A1_KAT78-2-N22-A1,0,0,0,0,0,0,0,0,0,0,0,0,0,0,0,deborylation_0,0,0,0,0,0,175.4523811,39.21510046,4.473288637,194.9,0.7318,0,0,0,0,0,0,0,0,0,0,0,0,0,0,0,0,0,0,0,0,0,0,0,0,0,0,0,0,0,0,0,0,0,0,0,119.6828197,28.73765846,3.278120916,255.8,1.1868,9.034160234,1.6061182,0.183210809,357.1,1.3234,0,0,0,0,0,0,0,0,0,0,0,0,3.28E-05,4.095662591,0,0,0,0,0,0,0,0,0,0,0,0,0,0,0,0,0,0,0.000586257,73.28212378
N23,CS(=O)(=O)O[Pd]c1ccccc1-c2ccccc2N.COc3cccc(OC)c3-c4ccccc4P(C5CCCCC5)C6CCCCC6,SPhos Pd G3,0.12484415999999997 milligram,0.16000000000000003 micromole,0.12484416 microliter,C39H48NO5PPdS,CC1=C(N2CCCC2=O)C=CC(Br)=C1,1-(4-bromo-2-methylphenyl)pyrrolidin-2-one,0.20330160000000003 milligram,0.8 micromole,0.20330160000000008 microliter,C11H12BrNO,B1(OC(C(O1)(C)C)(C)C)C2=CC=C(C=C2)N,"4-(4,4,5,5-tetramethyl-1,3,2-dioxaborolan-2-yl)aniline",0.21032928 milligram,0.9600000000000001 micromole,0.21032928000000006 microliter,C12H18BNO2,O=C([O-])[O-].[Na+].[Na+],Na2CO3,0.635928 milligram,6.0 micromole,0.6359280000000002 microliter,CNa2O3,CN1C=NC2=C1C(=O)N(C(=O)N2C)C,caffeine,0.1553528 milligram,0.8 micromole,0.15535280000000004 microliter,C8H10N4O2,C1COCCO1,dioxane,32.445 milligram,368.2496084262139 micromole,31.5 microliter,C4H8O2,O,water,3.5 milligram,194.2825423258396 micromole,3.5 microliter,H2O,Cc1cc(-c2ccc(N)cc2)ccc1N1CCCC1=O,suzuki_product_0,0.0 milligram,0.0 micromole,0 microliter,C17H18N2O,Cc1ccccc1N1CCCC1=O,dehalogenation_0,0.0 milligram,0.0 micromole,0 microliter,C11H13NO,Nc1ccccc1,deborylation_0,0.0 milligram,0.0 micromole,0 microliter,C6H7N,CC1=C(N2CCCC2=O)C=CC(Br)=C1.B1(OC(C(O1)(C)C)(C)C)C2=CC=C(C=C2)N>>Cc1cc(-c2ccc(N)cc2)ccc1N1CCCC1=O.Cc1ccccc1N1CCCC1=O.Nc1ccccc1,001_RLN-NB-2443_007_N23,,,,,,,,,3/30/23 6:17,kat78-2-n23-a1_03_22_2023_335.raw,2min_150_1200.EXP,001_RLN-NB-2443_007_N23,KAT78-2-N23-A1_KAT78-2-N23-A1_KAT78-2-N23-A1,0,0,0,0,0,0,0,0,0,0,0,0,0,0,0,deborylation_0,0,0,0,0,0,180.8324698,25.10680529,4.539027945,195,0.7351,0,0,0,0,0,0,0,0,0,0,0,0,0,0,0,0,0,0,0,0,0,0,0,0,0,0,0,0,0,0,0,0,0,0,0,80.74460081,10.98200385,1.985422749,253.8,1.1884,189.275193,31.40771078,5.678160772,267,0.8884,0,0,0,0,0,0,0,0,0,0,0,0,0.001000771,125.0964048,0,0,0,0,0,0,0,0,0,0,0,0,0,0,0,0,0,0,0.000349929,43.74114399
N24,CS(=O)(=O)O[Pd]c1ccccc1-c2ccccc2N.COc3cccc(OC)c3-c4ccccc4P(C5CCCCC5)C6CCCCC6,SPhos Pd G3,0.12484415999999997 milligram,0.16000000000000003 micromole,0.12484416 microliter,C39H48NO5PPdS,CC1=C(N2CCCC2=O)C=CC(Br)=C1,1-(4-bromo-2-methylphenyl)pyrrolidin-2-one,0.20330160000000003 milligram,0.8 micromole,0.20330160000000008 microliter,C11H12BrNO,B1(OC(C(O1)(C)C)(C)C)C2=CC=C(C=C2)N,"4-(4,4,5,5-tetramethyl-1,3,2-dioxaborolan-2-yl)aniline",0.21032928 milligram,0.9600000000000001 micromole,0.21032928000000006 microliter,C12H18BNO2,O=C([O-])[O-].[Na+].[Na+],Na2CO3,0.635928 milligram,6.0 micromole,0.6359280000000002 microliter,CNa2O3,CN1C=NC2=C1C(=O)N(C(=O)N2C)C,caffeine,0.1553528 milligram,0.8 micromole,0.15535280000000004 microliter,C8H10N4O2,C1COCCO1,dioxane,32.445 milligram,368.2496084262139 micromole,31.5 microliter,C4H8O2,O,water,3.5 milligram,194.2825423258396 micromole,3.5 microliter,H2O,Cc1cc(-c2ccc(N)cc2)ccc1N1CCCC1=O,suzuki_product_0,0.0 milligram,0.0 micromole,0 microliter,C17H18N2O,Cc1ccccc1N1CCCC1=O,dehalogenation_0,0.0 milligram,0.0 micromole,0 microliter,C11H13NO,Nc1ccccc1,deborylation_0,0.0 milligram,0.0 micromole,0 microliter,C6H7N,CC1=C(N2CCCC2=O)C=CC(Br)=C1.B1(OC(C(O1)(C)C)(C)C)C2=CC=C(C=C2)N>>Cc1cc(-c2ccc(N)cc2)ccc1N1CCCC1=O.Cc1ccccc1N1CCCC1=O.Nc1ccccc1,001_RLN-NB-2443_007_N24,,,,,,,,,3/30/23 6:20,kat78-2-n24-a1_03_22_2023_336.raw,2min_150_1200.EXP,001_RLN-NB-2443_007_N24,KAT78-2-N24-A1_KAT78-2-N24-A1_KAT78-2-N24-A1,0,0,0,0,0,0,0,0,0,0,0,0,0,0,0,deborylation_0,0,0,0,0,0,197.8406293,24.75436601,4.951106161,195,0.7318,0,0,0,0,0,0,0,0,0,0,0,0,0,0,0,18.18537231,3.801373698,0.760310513,220,1.0968,0,0,0,0,0,0,0,0,0,0,0,0,0,0,0,89.42672603,11.84509124,2.36912972,255.9,1.1868,178.4526246,26.80546188,5.361344637,267,0.8868,0,0,0,0,0,0,0,0,0,0,0,0,0.000866286,108.2857944,0,0,0,0,0,0,0,0,0.000122851,15.35637671,0,0,0,0,0,0,0,0,0.000382804,47.85051345
O1,CS(=O)(=O)O[Pd]c1ccccc1-c2ccccc2N.COc3cccc(OC)c3-c4ccccc4P(C5CCCCC5)C6CCCCC6,SPhos Pd G3,0.12484415999999997 milligram,0.16000000000000003 micromole,0.12484416 microliter,C39H48NO5PPdS,BrC1=CC=CN2C=CN=C12,"8-bromoimidazo[1,2-a]pyridine",0.15762800000000002 milligram,0.8 micromole,0.15762800000000005 microliter,C7H5BrN2,B1(OC(C(O1)(C)C)(C)C)C2=CN=C(C=C2)C,"2-methyl-5-(4,4,5,5-tetramethyl-1,3,2-dioxaborolan-2-yl)pyridine",0.21032928 milligram,0.9600000000000001 micromole,0.21032928000000006 microliter,C12H18BNO2,O=C([O-])[O-].[Na+].[Na+],Na2CO3,0.635928 milligram,6.0 micromole,0.6359280000000002 microliter,CNa2O3,CN1C=NC2=C1C(=O)N(C(=O)N2C)C,caffeine,0.1553528 milligram,0.8 micromole,0.15535280000000004 microliter,C8H10N4O2,C1COCCO1,dioxane,32.445 milligram,368.2496084262139 micromole,31.5 microliter,C4H8O2,O,water,3.5 milligram,194.2825423258396 micromole,3.5 microliter,H2O,Cc1ccc(-c2cccn3ccnc23)cn1,suzuki_product_0,0.0 milligram,0.0 micromole,0 microliter,C13H11N3,c1ccn2ccnc2c1,dehalogenation_0,0.0 milligram,0.0 micromole,0 microliter,C7H6N2,Cc1ccccn1,deborylation_0,0.0 milligram,0.0 micromole,0 microliter,C6H7N,BrC1=CC=CN2C=CN=C12.B1(OC(C(O1)(C)C)(C)C)C2=CN=C(C=C2)C>>Cc1ccc(-c2cccn3ccnc23)cn1.c1ccn2ccnc2c1.Cc1ccccn1,001_RLN-NB-2443_007_O1,,,,,,,,,3/30/23 6:22,kat78-2-o1-a1_03_22_2023_337.raw,2min_150_1200.EXP,001_RLN-NB-2443_007_O1,KAT78-2-O1-A1_KAT78-2-O1-A1_KAT78-2-O1-A1,0,0,0,0,0,0,0,0,0,0,0,0,0,0,0,deborylation_0,0,0,0,0,0,173.6194411,46.80314304,4.394707533,195,0.7318,0,0,0,0,0,0,0,0,0,0,0,0,0,0,0,0,0,0,0,0,0,0,0,0,0,0,0,0,0,0,0,0,0,0,0,0,0,0,0,0,42.52601825,13.27785899,1.246760434,210,0.5884,0,0,0,0,0,0,0,0,0,0,0,0,0.000226957,28.3695883,0,0,0,0,0,0,0,0,0,0,0,0,0,0,0,0,0,0,0,0
O2,CS(=O)(=O)O[Pd]c1ccccc1-c2ccccc2N.COc3cccc(OC)c3-c4ccccc4P(C5CCCCC5)C6CCCCC6,SPhos Pd G3,0.12484415999999997 milligram,0.16000000000000003 micromole,0.12484416 microliter,C39H48NO5PPdS,BrC1=CC=CN2C=CN=C12,"8-bromoimidazo[1,2-a]pyridine",0.15762800000000002 milligram,0.8 micromole,0.15762800000000005 microliter,C7H5BrN2,B1(OC(C(O1)(C)C)(C)C)C2=CN(N=C2C)C,"1,3-dimethyl-4-(4,4,5,5-tetramethyl-1,3,2-dioxaborolan-2-yl)-1H-pyrazole",0.21321311999999998 milligram,0.9600000000000001 micromole,0.21321312000000003 microliter,C11H19BN2O2,O=C([O-])[O-].[Na+].[Na+],Na2CO3,0.635928 milligram,6.0 micromole,0.6359280000000002 microliter,CNa2O3,CN1C=NC2=C1C(=O)N(C(=O)N2C)C,caffeine,0.1553528 milligram,0.8 micromole,0.15535280000000004 microliter,C8H10N4O2,C1COCCO1,dioxane,32.445 milligram,368.2496084262139 micromole,31.5 microliter,C4H8O2,O,water,3.5 milligram,194.2825423258396 micromole,3.5 microliter,H2O,Cc1nn(C)cc1-c1cccn2ccnc12,suzuki_product_0,0.0 milligram,0.0 micromole,0 microliter,C12H12N4,c1ccn2ccnc2c1,dehalogenation_0,0.0 milligram,0.0 micromole,0 microliter,C7H6N2,Cc1ccn(C)n1,deborylation_0,0.0 milligram,0.0 micromole,0 microliter,C5H8N2,BrC1=CC=CN2C=CN=C12.B1(OC(C(O1)(C)C)(C)C)C2=CN(N=C2C)C>>Cc1nn(C)cc1-c1cccn2ccnc12.c1ccn2ccnc2c1.Cc1ccn(C)n1,001_RLN-NB-2443_007_O2,,,,,,,,,3/30/23 6:25,kat78-2-o2-a1_03_22_2023_338.raw,2min_150_1200.EXP,001_RLN-NB-2443_007_O2,KAT78-2-O2-A1_KAT78-2-O2-A1_KAT78-2-O2-A1,0,0,0,0,0,0,0,0,0,0,0,0,0,0,0,deborylation_0,0,0,0,0,0,176.6009754,46.04323486,4.55947087,195,0.7351,0,0,0,0,0,0,0,0,0,0,0,0,0,0,0,0,0,0,0,0,0,0,0,0,0,0,0,0,0,0,0,0,0,0,0,0,0,0,0,0,10.43293543,2.222357736,0.220070883,213,0.6584,0,0,0,0,0,0,0,0,0,0,0,0,3.86E-05,4.826675935,0,0,0,0,0,0,0,0,0,0,0,0,0,0,0,0,0,0,0,0
O3,CS(=O)(=O)O[Pd]c1ccccc1-c2ccccc2N.COc3cccc(OC)c3-c4ccccc4P(C5CCCCC5)C6CCCCC6,SPhos Pd G3,0.12484415999999997 milligram,0.16000000000000003 micromole,0.12484416 microliter,C39H48NO5PPdS,BrC1=CC=CN2C=CN=C12,"8-bromoimidazo[1,2-a]pyridine",0.15762800000000002 milligram,0.8 micromole,0.15762800000000005 microliter,C7H5BrN2,B1(OC(C(O1)(C)C)(C)C)C2=CCN(CC2)C(=O)OC(C)(C)C,"N-Boc-1,2,5,6-tetrahydropyridine-4-boronic acid pinacol ester",0.29684640000000007 milligram,0.9600000000000001 micromole,0.2968464000000001 microliter,C16H28BNO4,O=C([O-])[O-].[Na+].[Na+],Na2CO3,0.635928 milligram,6.0 micromole,0.6359280000000002 microliter,CNa2O3,CN1C=NC2=C1C(=O)N(C(=O)N2C)C,caffeine,0.1553528 milligram,0.8 micromole,0.15535280000000004 microliter,C8H10N4O2,C1COCCO1,dioxane,32.445 milligram,368.2496084262139 micromole,31.5 microliter,C4H8O2,O,water,3.5 milligram,194.2825423258396 micromole,3.5 microliter,H2O,CC(C)(C)OC(=O)N1CC=C(c2cccn3ccnc23)CC1,suzuki_product_0,0.0 milligram,0.0 micromole,0 microliter,C17H21N3O2,c1ccn2ccnc2c1,dehalogenation_0,0.0 milligram,0.0 micromole,0 microliter,C7H6N2,CC(C)(C)OC(=O)N1CC=CCC1,deborylation_0,0.0 milligram,0.0 micromole,0 microliter,C10H17NO2,BrC1=CC=CN2C=CN=C12.B1(OC(C(O1)(C)C)(C)C)C2=CCN(CC2)C(=O)OC(C)(C)C>>CC(C)(C)OC(=O)N1CC=C(c2cccn3ccnc23)CC1.c1ccn2ccnc2c1.CC(C)(C)OC(=O)N1CC=CCC1,001_RLN-NB-2443_007_O3,,,,,,,,,3/30/23 6:27,kat78-2-o3-a1_03_22_2023_339.raw,2min_150_1200.EXP,001_RLN-NB-2443_007_O3,KAT78-2-O3-A1_KAT78-2-O3-A1_KAT78-2-O3-A1,0,0,0,0,0,0,0,0,0,0,0,0,0,0,0,deborylation_0,0,0,0,0,0,181.3950817,16.72621525,4.470692096,194.9,0.7334,0,0,0,0,0,0,0,0,0,0,0,0,0,0,0,0,0,0,0,0,0,0,0,0,0,0,0,0,0,0,0,0,0,0,0,0,0,0,0,0,196.338424,23.31143326,6.230832191,300,0.8701,0,0,0,0,0,0,0,0,0,0,0,0,0.001114965,139.3706401,0,0,0,0,0,0,0,0,0,0,0,0,0,0,0,0,0,0,0,0
O4,CS(=O)(=O)O[Pd]c1ccccc1-c2ccccc2N.COc3cccc(OC)c3-c4ccccc4P(C5CCCCC5)C6CCCCC6,SPhos Pd G3,0.12484415999999997 milligram,0.16000000000000003 micromole,0.12484416 microliter,C39H48NO5PPdS,BrC1=CC=CN2C=CN=C12,"8-bromoimidazo[1,2-a]pyridine",0.15762800000000002 milligram,0.8 micromole,0.15762800000000005 microliter,C7H5BrN2,B1(OC(C(O1)(C)C)(C)C)C2=CCN(CC2)C(=O)OC(C)(C)C,"N-Boc-1,2,5,6-tetrahydropyridine-4-boronic acid pinacol ester",0.29684640000000007 milligram,0.9600000000000001 micromole,0.2968464000000001 microliter,C16H28BNO4,O=C([O-])[O-].[Na+].[Na+],Na2CO3,0.635928 milligram,6.0 micromole,0.6359280000000002 microliter,CNa2O3,CN1C=NC2=C1C(=O)N(C(=O)N2C)C,caffeine,0.1553528 milligram,0.8 micromole,0.15535280000000004 microliter,C8H10N4O2,C1COCCO1,dioxane,32.445 milligram,368.2496084262139 micromole,31.5 microliter,C4H8O2,O,water,3.5 milligram,194.2825423258396 micromole,3.5 microliter,H2O,CC(C)(C)OC(=O)N1CC=C(c2cccn3ccnc23)CC1,suzuki_product_0,0.0 milligram,0.0 micromole,0 microliter,C17H21N3O2,c1ccn2ccnc2c1,dehalogenation_0,0.0 milligram,0.0 micromole,0 microliter,C7H6N2,CC(C)(C)OC(=O)N1CC=CCC1,deborylation_0,0.0 milligram,0.0 micromole,0 microliter,C10H17NO2,BrC1=CC=CN2C=CN=C12.B1(OC(C(O1)(C)C)(C)C)C2=CCN(CC2)C(=O)OC(C)(C)C>>CC(C)(C)OC(=O)N1CC=C(c2cccn3ccnc23)CC1.c1ccn2ccnc2c1.CC(C)(C)OC(=O)N1CC=CCC1,001_RLN-NB-2443_007_O4,,,,,,,,,3/30/23 6:30,kat78-2-o4-a1_03_22_2023_340.raw,2min_150_1200.EXP,001_RLN-NB-2443_007_O4,KAT78-2-O4-A1_KAT78-2-O4-A1_KAT78-2-O4-A1,0,0,0,0,0,0,0,0,0,0,0,0,0,0,0,deborylation_0,0,0,0,0,0,179.8919406,18.2633152,4.531751718,195,0.7351,0,0,0,0,0,0,0,0,0,0,0,0,0,0,0,0,0,0,0,0,0,0,0,0,0,0,0,0,0,0,0,0,0,0,0,0,0,0,0,0,197.2759025,25.28685208,6.274530889,299.9,0.8684,0,0,0,0,0,0,0,0,0,0,0,0,0.001107657,138.4570753,0,0,0,0,0,0,0,0,0,0,0,0,0,0,0,0,0,0,0,0
O5,CS(=O)(=O)O[Pd]c1ccccc1-c2ccccc2N.COc3cccc(OC)c3-c4ccccc4P(C5CCCCC5)C6CCCCC6,SPhos Pd G3,0.12484415999999997 milligram,0.16000000000000003 micromole,0.12484416 microliter,C39H48NO5PPdS,BrC1=CC=CN2C=CN=C12,"8-bromoimidazo[1,2-a]pyridine",0.15762800000000002 milligram,0.8 micromole,0.15762800000000005 microliter,C7H5BrN2,B1(OC(C(O1)(C)C)(C)C)C2=CC=C(C=C2)N,"4-(4,4,5,5-tetramethyl-1,3,2-dioxaborolan-2-yl)aniline",0.21032928 milligram,0.9600000000000001 micromole,0.21032928000000006 microliter,C12H18BNO2,O=C([O-])[O-].[Na+].[Na+],Na2CO3,0.635928 milligram,6.0 micromole,0.6359280000000002 microliter,CNa2O3,CN1C=NC2=C1C(=O)N(C(=O)N2C)C,caffeine,0.1553528 milligram,0.8 micromole,0.15535280000000004 microliter,C8H10N4O2,C1COCCO1,dioxane,32.445 milligram,368.2496084262139 micromole,31.5 microliter,C4H8O2,O,water,3.5 milligram,194.2825423258396 micromole,3.5 microliter,H2O,Nc1ccc(-c2cccn3ccnc23)cc1,suzuki_product_0,0.0 milligram,0.0 micromole,0 microliter,C13H11N3,c1ccn2ccnc2c1,dehalogenation_0,0.0 milligram,0.0 micromole,0 microliter,C7H6N2,Nc1ccccc1,deborylation_0,0.0 milligram,0.0 micromole,0 microliter,C6H7N,BrC1=CC=CN2C=CN=C12.B1(OC(C(O1)(C)C)(C)C)C2=CC=C(C=C2)N>>Nc1ccc(-c2cccn3ccnc23)cc1.c1ccn2ccnc2c1.Nc1ccccc1,001_RLN-NB-2443_007_O5,,,,,,,,,3/30/23 6:32,kat78-2-o5-a1_03_22_2023_341.raw,2min_150_1200.EXP,001_RLN-NB-2443_007_O5,KAT78-2-O5-A1_KAT78-2-O5-A1_KAT78-2-O5-A1,0,0,0,0,0,0,0,0,0,0,0,0,0,0,0,deborylation_0,0,0,0,0,0,177.3351551,37.40011464,4.370309072,195,0.7334,0,0,0,0,0,0,0,0,0,0,0,0,0,0,0,15.24751429,4.178896544,0.488315869,220,1.0984,0,0,0,0,0,0,0,0,0,0,0,0,0,0,0,0,0,0,0,0,56.74339263,13.37175219,1.562527026,210.1,0.6351,0,0,0,0,0,0,0,0,0,0,0,0,0.000286026,35.7532385,0,0,0,0,0,0,0,0,8.94E-05,11.17348592,0,0,0,0,0,0,0,0,0,0
O6,CS(=O)(=O)O[Pd]c1ccccc1-c2ccccc2N.COc3cccc(OC)c3-c4ccccc4P(C5CCCCC5)C6CCCCC6,SPhos Pd G3,0.12484415999999997 milligram,0.16000000000000003 micromole,0.12484416 microliter,C39H48NO5PPdS,BrC1=CC=CN2C=CN=C12,"8-bromoimidazo[1,2-a]pyridine",0.15762800000000002 milligram,0.8 micromole,0.15762800000000005 microliter,C7H5BrN2,B1(OC(C(O1)(C)C)(C)C)C2=CC=C(C=C2)N,"4-(4,4,5,5-tetramethyl-1,3,2-dioxaborolan-2-yl)aniline",0.21032928 milligram,0.9600000000000001 micromole,0.21032928000000006 microliter,C12H18BNO2,O=C([O-])[O-].[Na+].[Na+],Na2CO3,0.635928 milligram,6.0 micromole,0.6359280000000002 microliter,CNa2O3,CN1C=NC2=C1C(=O)N(C(=O)N2C)C,caffeine,0.1553528 milligram,0.8 micromole,0.15535280000000004 microliter,C8H10N4O2,C1COCCO1,dioxane,32.445 milligram,368.2496084262139 micromole,31.5 microliter,C4H8O2,O,water,3.5 milligram,194.2825423258396 micromole,3.5 microliter,H2O,Nc1ccc(-c2cccn3ccnc23)cc1,suzuki_product_0,0.0 milligram,0.0 micromole,0 microliter,C13H11N3,c1ccn2ccnc2c1,dehalogenation_0,0.0 milligram,0.0 micromole,0 microliter,C7H6N2,Nc1ccccc1,deborylation_0,0.0 milligram,0.0 micromole,0 microliter,C6H7N,BrC1=CC=CN2C=CN=C12.B1(OC(C(O1)(C)C)(C)C)C2=CC=C(C=C2)N>>Nc1ccc(-c2cccn3ccnc23)cc1.c1ccn2ccnc2c1.Nc1ccccc1,001_RLN-NB-2443_007_O6,,,,,,,,,3/30/23 6:35,kat78-2-o6-a1_03_22_2023_342.raw,2min_150_1200.EXP,001_RLN-NB-2443_007_O6,KAT78-2-O6-A1_KAT78-2-O6-A1_KAT78-2-O6-A1,0,0,0,0,0,0,0,0,0,0,0,0,0,0,0,deborylation_0,0,0,0,0,0,169.9953906,32.63426211,4.214049786,195,0.7334,0,0,0,0,0,0,0,0,0,0,0,0,0,0,0,0,0,0,0,0,0,0,0,0,0,0,0,0,0,0,0,0,0,0,0,0,0,0,0,0,54.54127721,11.85332105,1.530614814,210,0.6351,0,0,0,0,0,0,0,0,0,0,0,0,0.000290574,36.32170695,0,0,0,0,0,0,0,0,0,0,0,0,0,0,0,0,0,0,0,0
O7,CS(=O)(=O)O[Pd]c1ccccc1-c2ccccc2N.COc3cccc(OC)c3-c4ccccc4P(C5CCCCC5)C6CCCCC6,SPhos Pd G3,0.12484415999999997 milligram,0.16000000000000003 micromole,0.12484416 microliter,C39H48NO5PPdS,CC1=CC(C=O)=C(C)N1C2=CC(Cl)=CC(Cl)=C2,"1-(3,5-dichlorophenyl)-2,5-dimethyl-1H-pyrrole-3-carbaldehyde",0.2145144 milligram,0.8 micromole,0.21451440000000005 microliter,C13H11Cl2NO,B1(OC(C(O1)(C)C)(C)C)C2=CN=C(C=C2)C,"2-methyl-5-(4,4,5,5-tetramethyl-1,3,2-dioxaborolan-2-yl)pyridine",0.21032928 milligram,0.9600000000000001 micromole,0.21032928000000006 microliter,C12H18BNO2,O=C([O-])[O-].[Na+].[Na+],Na2CO3,0.635928 milligram,6.0 micromole,0.6359280000000002 microliter,CNa2O3,CN1C=NC2=C1C(=O)N(C(=O)N2C)C,caffeine,0.1553528 milligram,0.8 micromole,0.15535280000000004 microliter,C8H10N4O2,C1COCCO1,dioxane,32.445 milligram,368.2496084262139 micromole,31.5 microliter,C4H8O2,O,water,3.5 milligram,194.2825423258396 micromole,3.5 microliter,H2O,Cc1ccc(-c2cc(Cl)cc(-n3c(C)cc(C=O)c3C)c2)cn1,suzuki_product_0,0.0 milligram,0.0 micromole,0 microliter,C19H17ClN2O,Cc1ccc(-c2cc(-c3ccc(C)nc3)cc(-n3c(C)cc(C=O)c3C)c2)cn1,bis_addition_1,0.0 milligram,0.0 micromole,0 microliter,C25H23N3O,Cc1cc(C=O)c(C)n1-c1cccc(Cl)c1,dehalogenation_0,0.0 milligram,0.0 micromole,0 microliter,C13H12ClNO,CC1=CC(C=O)=C(C)N1C2=CC(Cl)=CC(Cl)=C2.B1(OC(C(O1)(C)C)(C)C)C2=CN=C(C=C2)C>>Cc1ccc(-c2cc(Cl)cc(-n3c(C)cc(C=O)c3C)c2)cn1.Cc1ccc(-c2cc(-c3ccc(C)nc3)cc(-n3c(C)cc(C=O)c3C)c2)cn1.Cc1cc(C=O)c(C)n1-c1cccc(Cl)c1.Cc1ccccn1,001_RLN-NB-2443_007_O7,,,Cc1ccccn1,deborylation_0,0.0 milligram,0.0 micromole,0 microliter,C6H7N,3/30/23 6:37,kat78-2-o7-a1_03_22_2023_343.raw,2min_150_1200.EXP,001_RLN-NB-2443_007_O7,KAT78-2-O7-A1_KAT78-2-O7-A1_KAT78-2-O7-A1,0,0,0,0,0,0,0,0,0,0,0,0,0,0,0,bis_addition_1,0,0,0,0,0,170.1367774,23.82613034,4.333239161,195,0.7334,0,0,0,0,0,0,0,0,0,0,0,0,0,0,0,0,0,0,0,0,73.90439372,9.952197857,1.809998219,382.2,0.8084,0,0,0,0,0,0,0,0,0,0,0,0,0,0,0,203.2107655,31.59608776,5.746355066,324.9,1.0368,0,0,0,0,0,142.8353744,17.97901335,3.269828696,267.7,1.3251,0,0,0.001060889,132.6110758,0,0,0,0,0,0,0,0,0,0,0.000603674,75.45922517,0.000334161,41.77009742,0,0,0,0,0,0
O8,CS(=O)(=O)O[Pd]c1ccccc1-c2ccccc2N.COc3cccc(OC)c3-c4ccccc4P(C5CCCCC5)C6CCCCC6,SPhos Pd G3,0.12484415999999997 milligram,0.16000000000000003 micromole,0.12484416 microliter,C39H48NO5PPdS,CC1=CC(C=O)=C(C)N1C2=CC(Cl)=CC(Cl)=C2,"1-(3,5-dichlorophenyl)-2,5-dimethyl-1H-pyrrole-3-carbaldehyde",0.2145144 milligram,0.8 micromole,0.21451440000000005 microliter,C13H11Cl2NO,B1(OC(C(O1)(C)C)(C)C)C2=CN(N=C2C)C,"1,3-dimethyl-4-(4,4,5,5-tetramethyl-1,3,2-dioxaborolan-2-yl)-1H-pyrazole",0.21321311999999998 milligram,0.9600000000000001 micromole,0.21321312000000003 microliter,C11H19BN2O2,O=C([O-])[O-].[Na+].[Na+],Na2CO3,0.635928 milligram,6.0 micromole,0.6359280000000002 microliter,CNa2O3,CN1C=NC2=C1C(=O)N(C(=O)N2C)C,caffeine,0.1553528 milligram,0.8 micromole,0.15535280000000004 microliter,C8H10N4O2,C1COCCO1,dioxane,32.445 milligram,368.2496084262139 micromole,31.5 microliter,C4H8O2,O,water,3.5 milligram,194.2825423258396 micromole,3.5 microliter,H2O,Cc1nn(C)cc1-c1cc(Cl)cc(-n2c(C)cc(C=O)c2C)c1,suzuki_product_0,0.0 milligram,0.0 micromole,0 microliter,C18H18ClN3O,Cc1nn(C)cc1-c1cc(-c2cn(C)nc2C)cc(-n2c(C)cc(C=O)c2C)c1,bis_addition_1,0.0 milligram,0.0 micromole,0 microliter,C23H25N5O,Cc1cc(C=O)c(C)n1-c1cccc(Cl)c1,dehalogenation_0,0.0 milligram,0.0 micromole,0 microliter,C13H12ClNO,CC1=CC(C=O)=C(C)N1C2=CC(Cl)=CC(Cl)=C2.B1(OC(C(O1)(C)C)(C)C)C2=CN(N=C2C)C>>Cc1nn(C)cc1-c1cc(Cl)cc(-n2c(C)cc(C=O)c2C)c1.Cc1nn(C)cc1-c1cc(-c2cn(C)nc2C)cc(-n2c(C)cc(C=O)c2C)c1.Cc1cc(C=O)c(C)n1-c1cccc(Cl)c1.Cc1ccn(C)n1,001_RLN-NB-2443_007_O8,,,Cc1ccn(C)n1,deborylation_0,0.0 milligram,0.0 micromole,0 microliter,C5H8N2,3/30/23 6:39,kat78-2-o8-a1_03_22_2023_344.raw,2min_150_1200.EXP,001_RLN-NB-2443_007_O8,KAT78-2-O8-A1_KAT78-2-O8-A1_KAT78-2-O8-A1,0,0,0,0,0,0,0,0,0,0,0,0,0,0,0,bis_addition_2,0,0,0,0,0,190.084656,38.90464667,4.770896854,194.9,0.7334,0,0,0,0,0,0,0,0,0,0,0,0,0,0,0,0,0,0,0,0,0,0,0,0,0,0,0,0,0,0,0,0,0,0,0,0,0,0,0,0,0,0,0,0,0,0,0,0,0,0,191.4997763,35.78091529,4.387832066,267.9,1.3251,0,0,0,0,0,0,0,0,0,0,0,0,0,0,0.000735766,91.97080131,0,0,0,0,0,0,0,0
O9,CS(=O)(=O)O[Pd]c1ccccc1-c2ccccc2N.COc3cccc(OC)c3-c4ccccc4P(C5CCCCC5)C6CCCCC6,SPhos Pd G3,0.12484415999999997 milligram,0.16000000000000003 micromole,0.12484416 microliter,C39H48NO5PPdS,CC1=CC(C=O)=C(C)N1C2=CC(Cl)=CC(Cl)=C2,"1-(3,5-dichlorophenyl)-2,5-dimethyl-1H-pyrrole-3-carbaldehyde",0.2145144 milligram,0.8 micromole,0.21451440000000005 microliter,C13H11Cl2NO,B1(OC(C(O1)(C)C)(C)C)C2=CCN(CC2)C(=O)OC(C)(C)C,"N-Boc-1,2,5,6-tetrahydropyridine-4-boronic acid pinacol ester",0.29684640000000007 milligram,0.9600000000000001 micromole,0.2968464000000001 microliter,C16H28BNO4,O=C([O-])[O-].[Na+].[Na+],Na2CO3,0.635928 milligram,6.0 micromole,0.6359280000000002 microliter,CNa2O3,CN1C=NC2=C1C(=O)N(C(=O)N2C)C,caffeine,0.1553528 milligram,0.8 micromole,0.15535280000000004 microliter,C8H10N4O2,C1COCCO1,dioxane,32.445 milligram,368.2496084262139 micromole,31.5 microliter,C4H8O2,O,water,3.5 milligram,194.2825423258396 micromole,3.5 microliter,H2O,Cc1cc(C=O)c(C)n1-c1cc(Cl)cc(C2=CCN(C(=O)OC(C)(C)C)CC2)c1,suzuki_product_0,0.0 milligram,0.0 micromole,0 microliter,C23H27ClN2O3,Cc1cc(C=O)c(C)n1-c1cc(C2=CCN(C(=O)OC(C)(C)C)CC2)cc(C2=CCN(C(=O)OC(C)(C)C)CC2)c1,bis_addition_2,0.0 milligram,0.0 micromole,0 microliter,C33H43N3O5,Cc1cc(C=O)c(C)n1-c1cccc(Cl)c1,dehalogenation_0,0.0 milligram,0.0 micromole,0 microliter,C13H12ClNO,CC1=CC(C=O)=C(C)N1C2=CC(Cl)=CC(Cl)=C2.B1(OC(C(O1)(C)C)(C)C)C2=CCN(CC2)C(=O)OC(C)(C)C>>Cc1cc(C=O)c(C)n1-c1cc(Cl)cc(C2=CCN(C(=O)OC(C)(C)C)CC2)c1.Cc1cc(C=O)c(C)n1-c1cc(C2=CCN(C(=O)OC(C)(C)C)CC2)cc(C2=CCN(C(=O)OC(C)(C)C)CC2)c1.Cc1cc(C=O)c(C)n1-c1cccc(Cl)c1.CC(C)(C)OC(=O)N1CC=CCC1,001_RLN-NB-2443_007_O9,,,CC(C)(C)OC(=O)N1CC=CCC1,deborylation_0,0.0 milligram,0.0 micromole,0 microliter,C10H17NO2,3/30/23 6:42,kat78-2-o9-a1_03_22_2023_345.raw,2min_150_1200.EXP,001_RLN-NB-2443_007_O9,KAT78-2-O9-A1_KAT78-2-O9-A1_KAT78-2-O9-A1,0,0,0,0,0,0,0,0,0,0,0,0,0,0,0,bis_addition_1,0,0,0,0,0,170.6577645,36.02518477,4.385251659,195,0.7334,0,0,0,0,0,0,0,0,0,0,0,0,0,0,0,0,0,0,0,0,0,0,0,0,0,0,0,0,0,0,0,0,0,0,0,0,0,0,0,0,0,0,0,0,0,0,0,0,0,0,194.9136224,36.75778421,4.474429075,267.8,1.3251,0,0,0,0,0,0,0,0,0,0,0,0,0,0,0.000816269,102.0335758,0,0,0,0,0,0,0,0
O10,CS(=O)(=O)O[Pd]c1ccccc1-c2ccccc2N.COc3cccc(OC)c3-c4ccccc4P(C5CCCCC5)C6CCCCC6,SPhos Pd G3,0.12484415999999997 milligram,0.16000000000000003 micromole,0.12484416 microliter,C39H48NO5PPdS,CC1=CC(C=O)=C(C)N1C2=CC(Cl)=CC(Cl)=C2,"1-(3,5-dichlorophenyl)-2,5-dimethyl-1H-pyrrole-3-carbaldehyde",0.2145144 milligram,0.8 micromole,0.21451440000000005 microliter,C13H11Cl2NO,B1(OC(C(O1)(C)C)(C)C)C2=CCN(CC2)C(=O)OC(C)(C)C,"N-Boc-1,2,5,6-tetrahydropyridine-4-boronic acid pinacol ester",0.29684640000000007 milligram,0.9600000000000001 micromole,0.2968464000000001 microliter,C16H28BNO4,O=C([O-])[O-].[Na+].[Na+],Na2CO3,0.635928 milligram,6.0 micromole,0.6359280000000002 microliter,CNa2O3,CN1C=NC2=C1C(=O)N(C(=O)N2C)C,caffeine,0.1553528 milligram,0.8 micromole,0.15535280000000004 microliter,C8H10N4O2,C1COCCO1,dioxane,32.445 milligram,368.2496084262139 micromole,31.5 microliter,C4H8O2,O,water,3.5 milligram,194.2825423258396 micromole,3.5 microliter,H2O,Cc1cc(C=O)c(C)n1-c1cc(Cl)cc(C2=CCN(C(=O)OC(C)(C)C)CC2)c1,suzuki_product_0,0.0 milligram,0.0 micromole,0 microliter,C23H27ClN2O3,Cc1cc(C=O)c(C)n1-c1cc(C2=CCN(C(=O)OC(C)(C)C)CC2)cc(C2=CCN(C(=O)OC(C)(C)C)CC2)c1,bis_addition_2,0.0 milligram,0.0 micromole,0 microliter,C33H43N3O5,Cc1cc(C=O)c(C)n1-c1cccc(Cl)c1,dehalogenation_0,0.0 milligram,0.0 micromole,0 microliter,C13H12ClNO,CC1=CC(C=O)=C(C)N1C2=CC(Cl)=CC(Cl)=C2.B1(OC(C(O1)(C)C)(C)C)C2=CCN(CC2)C(=O)OC(C)(C)C>>Cc1cc(C=O)c(C)n1-c1cc(Cl)cc(C2=CCN(C(=O)OC(C)(C)C)CC2)c1.Cc1cc(C=O)c(C)n1-c1cc(C2=CCN(C(=O)OC(C)(C)C)CC2)cc(C2=CCN(C(=O)OC(C)(C)C)CC2)c1.Cc1cc(C=O)c(C)n1-c1cccc(Cl)c1.CC(C)(C)OC(=O)N1CC=CCC1,001_RLN-NB-2443_007_O10,,,CC(C)(C)OC(=O)N1CC=CCC1,deborylation_0,0.0 milligram,0.0 micromole,0 microliter,C10H17NO2,3/30/23 6:44,kat78-2-o10-a1_03_22_2023_346.raw,2min_150_1200.EXP,001_RLN-NB-2443_007_O10,KAT78-2-O10-A1_KAT78-2-O10-A1_KAT78-2-O10-A1,0,0,0,0,0,0,0,0,0,0,0,0,0,0,0,bis_addition_1,0,0,0,0,0,171.0377938,37.09020291,4.442243675,195,0.7334,0,0,0,0,0,0,0,0,0,0,0,0,0,0,0,0,0,0,0,0,0,0,0,0,0,0,0,0,0,0,0,0,0,0,0,0,0,0,0,0,0,0,0,0,0,0,0,0,0,0,184.5066795,32.7812904,3.926171024,267.9,1.3251,0,0,0,0,0,0,0,0,0,0,0,0,0,0,0.000707061,88.38261273,0,0,0,0,0,0,0,0
O11,CS(=O)(=O)O[Pd]c1ccccc1-c2ccccc2N.COc3cccc(OC)c3-c4ccccc4P(C5CCCCC5)C6CCCCC6,SPhos Pd G3,0.12484415999999997 milligram,0.16000000000000003 micromole,0.12484416 microliter,C39H48NO5PPdS,CC1=CC(C=O)=C(C)N1C2=CC(Cl)=CC(Cl)=C2,"1-(3,5-dichlorophenyl)-2,5-dimethyl-1H-pyrrole-3-carbaldehyde",0.2145144 milligram,0.8 micromole,0.21451440000000005 microliter,C13H11Cl2NO,B1(OC(C(O1)(C)C)(C)C)C2=CC=C(C=C2)N,"4-(4,4,5,5-tetramethyl-1,3,2-dioxaborolan-2-yl)aniline",0.21032928 milligram,0.9600000000000001 micromole,0.21032928000000006 microliter,C12H18BNO2,O=C([O-])[O-].[Na+].[Na+],Na2CO3,0.635928 milligram,6.0 micromole,0.6359280000000002 microliter,CNa2O3,CN1C=NC2=C1C(=O)N(C(=O)N2C)C,caffeine,0.1553528 milligram,0.8 micromole,0.15535280000000004 microliter,C8H10N4O2,C1COCCO1,dioxane,32.445 milligram,368.2496084262139 micromole,31.5 microliter,C4H8O2,O,water,3.5 milligram,194.2825423258396 micromole,3.5 microliter,H2O,Cc1cc(C=O)c(C)n1-c1cc(Cl)cc(-c2ccc(N)cc2)c1,suzuki_product_0,0.0 milligram,0.0 micromole,0 microliter,C19H17ClN2O,Cc1cc(C=O)c(C)n1-c1cc(-c2ccc(N)cc2)cc(-c2ccc(N)cc2)c1,bis_addition_1,0.0 milligram,0.0 micromole,0 microliter,C25H23N3O,Cc1cc(C=O)c(C)n1-c1cccc(Cl)c1,dehalogenation_0,0.0 milligram,0.0 micromole,0 microliter,C13H12ClNO,CC1=CC(C=O)=C(C)N1C2=CC(Cl)=CC(Cl)=C2.B1(OC(C(O1)(C)C)(C)C)C2=CC=C(C=C2)N>>Cc1cc(C=O)c(C)n1-c1cc(Cl)cc(-c2ccc(N)cc2)c1.Cc1cc(C=O)c(C)n1-c1cc(-c2ccc(N)cc2)cc(-c2ccc(N)cc2)c1.Cc1cc(C=O)c(C)n1-c1cccc(Cl)c1.Nc1ccccc1,001_RLN-NB-2443_007_O11,,,Nc1ccccc1,deborylation_0,0.0 milligram,0.0 micromole,0 microliter,C6H7N,3/30/23 6:47,kat78-2-o11-a1_03_22_2023_347.raw,2min_150_1200.EXP,001_RLN-NB-2443_007_O11,KAT78-2-O11-A1_KAT78-2-O11-A1_KAT78-2-O11-A1,0,0,0,0,0,0,0,0,0,0,0,0,0,0,0,bis_addition_1,0,0,0,0,0,180.7732568,27.61185439,4.537105679,195,0.7334,0,0,0,0,0,54.10672579,11.68452842,1.919970296,325,1.2318,0,0,0,0,0,0,0,0,0,0,0,0,0,0,0,0,0,0,0,0,0,0,0,0,0,0,0,0,0,0,54.10672579,11.68452842,1.919970296,325,1.2318,0,0,0,0,0,177.8456049,29.75905372,4.8899277,267.9,1.3268,0,0,0.000338537,42.31707242,0.000338537,42.31707242,0,0,0,0,0,0,0,0,0.000862211,107.7763677,0,0,0,0,0,0,0,0
O12,CS(=O)(=O)O[Pd]c1ccccc1-c2ccccc2N.COc3cccc(OC)c3-c4ccccc4P(C5CCCCC5)C6CCCCC6,SPhos Pd G3,0.12484415999999997 milligram,0.16000000000000003 micromole,0.12484416 microliter,C39H48NO5PPdS,CC1=CC(C=O)=C(C)N1C2=CC(Cl)=CC(Cl)=C2,"1-(3,5-dichlorophenyl)-2,5-dimethyl-1H-pyrrole-3-carbaldehyde",0.2145144 milligram,0.8 micromole,0.21451440000000005 microliter,C13H11Cl2NO,B1(OC(C(O1)(C)C)(C)C)C2=CC=C(C=C2)N,"4-(4,4,5,5-tetramethyl-1,3,2-dioxaborolan-2-yl)aniline",0.21032928 milligram,0.9600000000000001 micromole,0.21032928000000006 microliter,C12H18BNO2,O=C([O-])[O-].[Na+].[Na+],Na2CO3,0.635928 milligram,6.0 micromole,0.6359280000000002 microliter,CNa2O3,CN1C=NC2=C1C(=O)N(C(=O)N2C)C,caffeine,0.1553528 milligram,0.8 micromole,0.15535280000000004 microliter,C8H10N4O2,C1COCCO1,dioxane,32.445 milligram,368.2496084262139 micromole,31.5 microliter,C4H8O2,O,water,3.5 milligram,194.2825423258396 micromole,3.5 microliter,H2O,Cc1cc(C=O)c(C)n1-c1cc(Cl)cc(-c2ccc(N)cc2)c1,suzuki_product_0,0.0 milligram,0.0 micromole,0 microliter,C19H17ClN2O,Cc1cc(C=O)c(C)n1-c1cc(-c2ccc(N)cc2)cc(-c2ccc(N)cc2)c1,bis_addition_1,0.0 milligram,0.0 micromole,0 microliter,C25H23N3O,Cc1cc(C=O)c(C)n1-c1cccc(Cl)c1,dehalogenation_0,0.0 milligram,0.0 micromole,0 microliter,C13H12ClNO,CC1=CC(C=O)=C(C)N1C2=CC(Cl)=CC(Cl)=C2.B1(OC(C(O1)(C)C)(C)C)C2=CC=C(C=C2)N>>Cc1cc(C=O)c(C)n1-c1cc(Cl)cc(-c2ccc(N)cc2)c1.Cc1cc(C=O)c(C)n1-c1cc(-c2ccc(N)cc2)cc(-c2ccc(N)cc2)c1.Cc1cc(C=O)c(C)n1-c1cccc(Cl)c1.Nc1ccccc1,001_RLN-NB-2443_007_O12,,,Nc1ccccc1,deborylation_0,0.0 milligram,0.0 micromole,0 microliter,C6H7N,3/30/23 6:49,kat78-2-o12-a1_03_22_2023_348.raw,2min_150_1200.EXP,001_RLN-NB-2443_007_O12,KAT78-2-O12-A1_KAT78-2-O12-A1_KAT78-2-O12-A1,0,0,0,0,0,0,0,0,0,0,0,0,0,0,0,bis_addition_1,0,0,0,0,0,173.3298934,26.06480787,4.415239304,195,0.7334,0,0,0,0,0,71.19784959,14.74217874,2.497246375,325,1.2318,0,0,0,0,0,0,0,0,0,0,0,0,0,0,0,0,0,0,0,0,0,0,0,0,0,0,0,0,0,0,71.19784959,14.74217874,2.497246375,325,1.2318,0,0,0,0,0,179.9110771,29.1076148,4.930674553,267.8,1.3268,0,0,0.000452478,56.55970613,0.000452478,56.55970613,0,0,0,0,0,0,0,0,0.000893392,111.6740048,0,0,0,0,0,0,0,0
O13,CS(=O)(=O)O[Pd]c1ccccc1-c2ccccc2N.COc3cccc(OC)c3-c4ccccc4P(C5CCCCC5)C6CCCCC6,SPhos Pd G3,0.12484415999999997 milligram,0.16000000000000003 micromole,0.12484416 microliter,C39H48NO5PPdS,COC1=C(N)C(Cl)=NC=N1,4-chloro-6-methoxypyrimidin-5-amine,0.12766080000000002 milligram,0.8 micromole,0.12766080000000005 microliter,C5H6ClN3O,B1(OC(C(O1)(C)C)(C)C)C2=CN=C(C=C2)C,"2-methyl-5-(4,4,5,5-tetramethyl-1,3,2-dioxaborolan-2-yl)pyridine",0.21032928 milligram,0.9600000000000001 micromole,0.21032928000000006 microliter,C12H18BNO2,O=C([O-])[O-].[Na+].[Na+],Na2CO3,0.635928 milligram,6.0 micromole,0.6359280000000002 microliter,CNa2O3,CN1C=NC2=C1C(=O)N(C(=O)N2C)C,caffeine,0.1553528 milligram,0.8 micromole,0.15535280000000004 microliter,C8H10N4O2,C1COCCO1,dioxane,32.445 milligram,368.2496084262139 micromole,31.5 microliter,C4H8O2,O,water,3.5 milligram,194.2825423258396 micromole,3.5 microliter,H2O,COc1ncnc(-c2ccc(C)nc2)c1N,suzuki_product_0,0.0 milligram,0.0 micromole,0 microliter,C11H12N4O,COc1ncncc1N,dehalogenation_0,0.0 milligram,0.0 micromole,0 microliter,C5H7N3O,Cc1ccccn1,deborylation_0,0.0 milligram,0.0 micromole,0 microliter,C6H7N,COC1=C(N)C(Cl)=NC=N1.B1(OC(C(O1)(C)C)(C)C)C2=CN=C(C=C2)C>>COc1ncnc(-c2ccc(C)nc2)c1N.COc1ncncc1N.Cc1ccccn1,001_RLN-NB-2443_007_O13,,,,,,,,,3/30/23 6:52,kat78-2-o13-a1_03_22_2023_349.raw,2min_150_1200.EXP,001_RLN-NB-2443_007_O13,KAT78-2-O13-A1_KAT78-2-O13-A1_KAT78-2-O13-A1,0,0,0,0,0,0,0,0,0,0,0,0,0,0,0,deborylation_0,0,0,0,0,0,174.2290533,51.67346706,4.522319983,194.9,0.7318,0,0,0,0,0,0,0,0,0,0,0,0,0,0,0,0,0,0,0,0,0,0,0,0,0,0,0,0,0,0,0,0,0,0,0,0,0,0,0,0,0,0,0,0,0,0,0,0,0,0,0,0,0,0,0,0,0,0,0,0,0,0,0,0,0,0,0,0,0,0,0,0,0,0,0,0,0,0,0
O14,CS(=O)(=O)O[Pd]c1ccccc1-c2ccccc2N.COc3cccc(OC)c3-c4ccccc4P(C5CCCCC5)C6CCCCC6,SPhos Pd G3,0.12484415999999997 milligram,0.16000000000000003 micromole,0.12484416 microliter,C39H48NO5PPdS,COC1=C(N)C(Cl)=NC=N1,4-chloro-6-methoxypyrimidin-5-amine,0.12766080000000002 milligram,0.8 micromole,0.12766080000000005 microliter,C5H6ClN3O,B1(OC(C(O1)(C)C)(C)C)C2=CN(N=C2C)C,"1,3-dimethyl-4-(4,4,5,5-tetramethyl-1,3,2-dioxaborolan-2-yl)-1H-pyrazole",0.21321311999999998 milligram,0.9600000000000001 micromole,0.21321312000000003 microliter,C11H19BN2O2,O=C([O-])[O-].[Na+].[Na+],Na2CO3,0.635928 milligram,6.0 micromole,0.6359280000000002 microliter,CNa2O3,CN1C=NC2=C1C(=O)N(C(=O)N2C)C,caffeine,0.1553528 milligram,0.8 micromole,0.15535280000000004 microliter,C8H10N4O2,C1COCCO1,dioxane,32.445 milligram,368.2496084262139 micromole,31.5 microliter,C4H8O2,O,water,3.5 milligram,194.2825423258396 micromole,3.5 microliter,H2O,COc1ncnc(-c2cn(C)nc2C)c1N,suzuki_product_0,0.0 milligram,0.0 micromole,0 microliter,C10H13N5O,COc1ncncc1N,dehalogenation_0,0.0 milligram,0.0 micromole,0 microliter,C5H7N3O,Cc1ccn(C)n1,deborylation_0,0.0 milligram,0.0 micromole,0 microliter,C5H8N2,COC1=C(N)C(Cl)=NC=N1.B1(OC(C(O1)(C)C)(C)C)C2=CN(N=C2C)C>>COc1ncnc(-c2cn(C)nc2C)c1N.COc1ncncc1N.Cc1ccn(C)n1,001_RLN-NB-2443_007_O14,,,,,,,,,3/30/23 6:54,kat78-2-o14-a1_03_22_2023_350.raw,2min_150_1200.EXP,001_RLN-NB-2443_007_O14,KAT78-2-O14-A1_KAT78-2-O14-A1_KAT78-2-O14-A1,0,0,0,0,0,0,0,0,0,0,0,0,0,0,0,deborylation_0,0,0,0,0,0,179.3704119,51.54776733,4.648281879,195,0.7334,0,0,0,0,0,0,0,0,0,0,0,0,0,0,0,0,0,0,0,0,0,0,0,0,0,0,0,0,0,0,0,0,0,0,0,0,0,0,0,0,0,0,0,0,0,0,0,0,0,0,0,0,0,0,0,0,0,0,0,0,0,0,0,0,0,0,0,0,0,0,0,0,0,0,0,0,0,0,0
O15,CS(=O)(=O)O[Pd]c1ccccc1-c2ccccc2N.COc3cccc(OC)c3-c4ccccc4P(C5CCCCC5)C6CCCCC6,SPhos Pd G3,0.12484415999999997 milligram,0.16000000000000003 micromole,0.12484416 microliter,C39H48NO5PPdS,COC1=C(N)C(Cl)=NC=N1,4-chloro-6-methoxypyrimidin-5-amine,0.12766080000000002 milligram,0.8 micromole,0.12766080000000005 microliter,C5H6ClN3O,B1(OC(C(O1)(C)C)(C)C)C2=CCN(CC2)C(=O)OC(C)(C)C,"N-Boc-1,2,5,6-tetrahydropyridine-4-boronic acid pinacol ester",0.29684640000000007 milligram,0.9600000000000001 micromole,0.2968464000000001 microliter,C16H28BNO4,O=C([O-])[O-].[Na+].[Na+],Na2CO3,0.635928 milligram,6.0 micromole,0.6359280000000002 microliter,CNa2O3,CN1C=NC2=C1C(=O)N(C(=O)N2C)C,caffeine,0.1553528 milligram,0.8 micromole,0.15535280000000004 microliter,C8H10N4O2,C1COCCO1,dioxane,32.445 milligram,368.2496084262139 micromole,31.5 microliter,C4H8O2,O,water,3.5 milligram,194.2825423258396 micromole,3.5 microliter,H2O,COc1ncnc(C2=CCN(C(=O)OC(C)(C)C)CC2)c1N,suzuki_product_0,0.0 milligram,0.0 micromole,0 microliter,C15H22N4O3,COc1ncncc1N,dehalogenation_0,0.0 milligram,0.0 micromole,0 microliter,C5H7N3O,CC(C)(C)OC(=O)N1CC=CCC1,deborylation_0,0.0 milligram,0.0 micromole,0 microliter,C10H17NO2,COC1=C(N)C(Cl)=NC=N1.B1(OC(C(O1)(C)C)(C)C)C2=CCN(CC2)C(=O)OC(C)(C)C>>COc1ncnc(C2=CCN(C(=O)OC(C)(C)C)CC2)c1N.COc1ncncc1N.CC(C)(C)OC(=O)N1CC=CCC1,001_RLN-NB-2443_007_O15,,,,,,,,,3/30/23 6:57,kat78-2-o15-a1_03_22_2023_351.raw,2min_150_1200.EXP,001_RLN-NB-2443_007_O15,KAT78-2-O15-A1_KAT78-2-O15-A1_KAT78-2-O15-A1,0,0,0,0,0,0,0,0,0,0,0,0,0,0,0,deborylation_0,0,0,0,0,0,177.3492786,23.00720082,4.490395572,195,0.7351,0,0,0,0,0,0,0,0,0,0,0,0,0,0,0,0,0,0,0,0,0,0,0,0,0,0,0,0,0,0,0,0,0,0,0,0,0,0,0,0,118.3650819,18.81421369,3.672035661,251,0.9984,0,0,0,0,0,0,0,0,0,0,0,0,0.000654203,81.77532695,0,0,0,0,0,0,0,0,0,0,0,0,0,0,0,0,0,0,0,0
O16,CS(=O)(=O)O[Pd]c1ccccc1-c2ccccc2N.COc3cccc(OC)c3-c4ccccc4P(C5CCCCC5)C6CCCCC6,SPhos Pd G3,0.12484415999999997 milligram,0.16000000000000003 micromole,0.12484416 microliter,C39H48NO5PPdS,COC1=C(N)C(Cl)=NC=N1,4-chloro-6-methoxypyrimidin-5-amine,0.12766080000000002 milligram,0.8 micromole,0.12766080000000005 microliter,C5H6ClN3O,B1(OC(C(O1)(C)C)(C)C)C2=CCN(CC2)C(=O)OC(C)(C)C,"N-Boc-1,2,5,6-tetrahydropyridine-4-boronic acid pinacol ester",0.29684640000000007 milligram,0.9600000000000001 micromole,0.2968464000000001 microliter,C16H28BNO4,O=C([O-])[O-].[Na+].[Na+],Na2CO3,0.635928 milligram,6.0 micromole,0.6359280000000002 microliter,CNa2O3,CN1C=NC2=C1C(=O)N(C(=O)N2C)C,caffeine,0.1553528 milligram,0.8 micromole,0.15535280000000004 microliter,C8H10N4O2,C1COCCO1,dioxane,32.445 milligram,368.2496084262139 micromole,31.5 microliter,C4H8O2,O,water,3.5 milligram,194.2825423258396 micromole,3.5 microliter,H2O,COc1ncnc(C2=CCN(C(=O)OC(C)(C)C)CC2)c1N,suzuki_product_0,0.0 milligram,0.0 micromole,0 microliter,C15H22N4O3,COc1ncncc1N,dehalogenation_0,0.0 milligram,0.0 micromole,0 microliter,C5H7N3O,CC(C)(C)OC(=O)N1CC=CCC1,deborylation_0,0.0 milligram,0.0 micromole,0 microliter,C10H17NO2,COC1=C(N)C(Cl)=NC=N1.B1(OC(C(O1)(C)C)(C)C)C2=CCN(CC2)C(=O)OC(C)(C)C>>COc1ncnc(C2=CCN(C(=O)OC(C)(C)C)CC2)c1N.COc1ncncc1N.CC(C)(C)OC(=O)N1CC=CCC1,001_RLN-NB-2443_007_O16,,,,,,,,,3/30/23 6:59,kat78-2-o16-a1_03_22_2023_352.raw,2min_150_1200.EXP,001_RLN-NB-2443_007_O16,KAT78-2-O16-A1_KAT78-2-O16-A1_KAT78-2-O16-A1,0,0,0,0,0,0,0,0,0,0,0,0,0,0,0,deborylation_0,0,0,0,0,0,163.6569878,56.84407943,4.23775164,195,0.7318,0,0,0,0,0,0,0,0,0,0,0,0,0,0,0,0,0,0,0,0,0,0,0,0,0,0,0,0,0,0,0,0,0,0,0,0,0,0,0,0,0,0,0,0,0,0,0,0,0,0,0,0,0,0,0,0,0,0,0,0,0,0,0,0,0,0,0,0,0,0,0,0,0,0,0,0,0,0,0
O17,CS(=O)(=O)O[Pd]c1ccccc1-c2ccccc2N.COc3cccc(OC)c3-c4ccccc4P(C5CCCCC5)C6CCCCC6,SPhos Pd G3,0.12484415999999997 milligram,0.16000000000000003 micromole,0.12484416 microliter,C39H48NO5PPdS,COC1=C(N)C(Cl)=NC=N1,4-chloro-6-methoxypyrimidin-5-amine,0.12766080000000002 milligram,0.8 micromole,0.12766080000000005 microliter,C5H6ClN3O,B1(OC(C(O1)(C)C)(C)C)C2=CC=C(C=C2)N,"4-(4,4,5,5-tetramethyl-1,3,2-dioxaborolan-2-yl)aniline",0.21032928 milligram,0.9600000000000001 micromole,0.21032928000000006 microliter,C12H18BNO2,O=C([O-])[O-].[Na+].[Na+],Na2CO3,0.635928 milligram,6.0 micromole,0.6359280000000002 microliter,CNa2O3,CN1C=NC2=C1C(=O)N(C(=O)N2C)C,caffeine,0.1553528 milligram,0.8 micromole,0.15535280000000004 microliter,C8H10N4O2,C1COCCO1,dioxane,32.445 milligram,368.2496084262139 micromole,31.5 microliter,C4H8O2,O,water,3.5 milligram,194.2825423258396 micromole,3.5 microliter,H2O,COc1ncnc(-c2ccc(N)cc2)c1N,suzuki_product_0,0.0 milligram,0.0 micromole,0 microliter,C11H12N4O,COc1ncncc1N,dehalogenation_0,0.0 milligram,0.0 micromole,0 microliter,C5H7N3O,Nc1ccccc1,deborylation_0,0.0 milligram,0.0 micromole,0 microliter,C6H7N,COC1=C(N)C(Cl)=NC=N1.B1(OC(C(O1)(C)C)(C)C)C2=CC=C(C=C2)N>>COc1ncnc(-c2ccc(N)cc2)c1N.COc1ncncc1N.Nc1ccccc1,001_RLN-NB-2443_007_O17,,,,,,,,,3/30/23 7:01,kat78-2-o17-a1_03_22_2023_353.raw,2min_150_1200.EXP,001_RLN-NB-2443_007_O17,KAT78-2-O17-A1_KAT78-2-O17-A1_KAT78-2-O17-A1,0,0,0,0,0,0,0,0,0,0,0,0,0,0,0,deborylation_0,0,0,0,0,0,185.2085576,43.84044793,4.619325063,194.9,0.7334,0,0,0,0,0,0,0,0,0,0,0,0,0,0,0,0,0,0,0,0,0,0,0,0,0,0,0,0,0,0,0,0,0,0,0,0,0,0,0,0,50.46090756,12.28329185,1.294250414,216.9,0.6568,0,0,0,0,0,0,0,0,0,0,0,0,0.000224145,28.01817141,0,0,0,0,0,0,0,0,0,0,0,0,0,0,0,0,0,0,0,0
O18,CS(=O)(=O)O[Pd]c1ccccc1-c2ccccc2N.COc3cccc(OC)c3-c4ccccc4P(C5CCCCC5)C6CCCCC6,SPhos Pd G3,0.12484415999999997 milligram,0.16000000000000003 micromole,0.12484416 microliter,C39H48NO5PPdS,COC1=C(N)C(Cl)=NC=N1,4-chloro-6-methoxypyrimidin-5-amine,0.12766080000000002 milligram,0.8 micromole,0.12766080000000005 microliter,C5H6ClN3O,B1(OC(C(O1)(C)C)(C)C)C2=CC=C(C=C2)N,"4-(4,4,5,5-tetramethyl-1,3,2-dioxaborolan-2-yl)aniline",0.21032928 milligram,0.9600000000000001 micromole,0.21032928000000006 microliter,C12H18BNO2,O=C([O-])[O-].[Na+].[Na+],Na2CO3,0.635928 milligram,6.0 micromole,0.6359280000000002 microliter,CNa2O3,CN1C=NC2=C1C(=O)N(C(=O)N2C)C,caffeine,0.1553528 milligram,0.8 micromole,0.15535280000000004 microliter,C8H10N4O2,C1COCCO1,dioxane,32.445 milligram,368.2496084262139 micromole,31.5 microliter,C4H8O2,O,water,3.5 milligram,194.2825423258396 micromole,3.5 microliter,H2O,COc1ncnc(-c2ccc(N)cc2)c1N,suzuki_product_0,0.0 milligram,0.0 micromole,0 microliter,C11H12N4O,COc1ncncc1N,dehalogenation_0,0.0 milligram,0.0 micromole,0 microliter,C5H7N3O,Nc1ccccc1,deborylation_0,0.0 milligram,0.0 micromole,0 microliter,C6H7N,COC1=C(N)C(Cl)=NC=N1.B1(OC(C(O1)(C)C)(C)C)C2=CC=C(C=C2)N>>COc1ncnc(-c2ccc(N)cc2)c1N.COc1ncncc1N.Nc1ccccc1,001_RLN-NB-2443_007_O18,,,,,,,,,3/30/23 7:04,kat78-2-o18-a1_03_22_2023_354.raw,2min_150_1200.EXP,001_RLN-NB-2443_007_O18,KAT78-2-O18-A1_KAT78-2-O18-A1_KAT78-2-O18-A1,0,0,0,0,0,0,0,0,0,0,0,0,0,0,0,deborylation_0,0,0,0,0,0,178.5588616,43.25895822,4.523036298,194.9,0.7334,0,0,0,0,0,0,0,0,0,0,0,0,0,0,0,0,0,0,0,0,0,0,0,0,0,0,0,0,0,0,0,0,0,0,0,0,0,0,0,0,42.41274489,10.40666981,1.088092437,217.1,0.6568,0,0,0,0,0,0,0,0,0,0,0,0,0.000192453,24.05668152,0,0,0,0,0,0,0,0,0,0,0,0,0,0,0,0,0,0,0,0
O19,CS(=O)(=O)O[Pd]c1ccccc1-c2ccccc2N.COc3cccc(OC)c3-c4ccccc4P(C5CCCCC5)C6CCCCC6,SPhos Pd G3,0.12484415999999997 milligram,0.16000000000000003 micromole,0.12484416 microliter,C39H48NO5PPdS,CC1=C(N2CCCC2=O)C=CC(Br)=C1,1-(4-bromo-2-methylphenyl)pyrrolidin-2-one,0.20330160000000003 milligram,0.8 micromole,0.20330160000000008 microliter,C11H12BrNO,B1(OC(C(O1)(C)C)(C)C)C2=CN=C(C=C2)C,"2-methyl-5-(4,4,5,5-tetramethyl-1,3,2-dioxaborolan-2-yl)pyridine",0.21032928 milligram,0.9600000000000001 micromole,0.21032928000000006 microliter,C12H18BNO2,O=C([O-])[O-].[Na+].[Na+],Na2CO3,0.635928 milligram,6.0 micromole,0.6359280000000002 microliter,CNa2O3,CN1C=NC2=C1C(=O)N(C(=O)N2C)C,caffeine,0.1553528 milligram,0.8 micromole,0.15535280000000004 microliter,C8H10N4O2,C1COCCO1,dioxane,32.445 milligram,368.2496084262139 micromole,31.5 microliter,C4H8O2,O,water,3.5 milligram,194.2825423258396 micromole,3.5 microliter,H2O,Cc1ccc(-c2ccc(N3CCCC3=O)c(C)c2)cn1,suzuki_product_0,0.0 milligram,0.0 micromole,0 microliter,C17H18N2O,Cc1ccccc1N1CCCC1=O,dehalogenation_0,0.0 milligram,0.0 micromole,0 microliter,C11H13NO,Cc1ccccn1,deborylation_0,0.0 milligram,0.0 micromole,0 microliter,C6H7N,CC1=C(N2CCCC2=O)C=CC(Br)=C1.B1(OC(C(O1)(C)C)(C)C)C2=CN=C(C=C2)C>>Cc1ccc(-c2ccc(N3CCCC3=O)c(C)c2)cn1.Cc1ccccc1N1CCCC1=O.Cc1ccccn1,001_RLN-NB-2443_007_O19,,,,,,,,,3/30/23 7:06,kat78-2-o19-a1_03_22_2023_355.raw,2min_150_1200.EXP,001_RLN-NB-2443_007_O19,KAT78-2-O19-A1_KAT78-2-O19-A1_KAT78-2-O19-A1,0,0,0,0,0,0,0,0,0,0,0,0,0,0,0,deborylation_0,0,0,0,0,0,172.8093185,24.46200166,4.050043866,195,0.7318,0,0,0,0,0,0,0,0,0,0,0,0,0,0,0,0,0,0,0,0,0,0,0,0,0,0,0,0,0,0,0,0,0,0,0,67.08700022,9.040892794,1.496852666,255.6,1.1851,247.4099343,43.4484085,7.193522539,267.1,0.7751,0,0,0,0,0,0,0,0,0,0,0,0,0.001420927,177.6159167,0,0,0,0,0,0,0,0,0,0,0,0,0,0,0,0,0,0,0.000295671,36.95892478
O20,CS(=O)(=O)O[Pd]c1ccccc1-c2ccccc2N.COc3cccc(OC)c3-c4ccccc4P(C5CCCCC5)C6CCCCC6,SPhos Pd G3,0.12484415999999997 milligram,0.16000000000000003 micromole,0.12484416 microliter,C39H48NO5PPdS,CC1=C(N2CCCC2=O)C=CC(Br)=C1,1-(4-bromo-2-methylphenyl)pyrrolidin-2-one,0.20330160000000003 milligram,0.8 micromole,0.20330160000000008 microliter,C11H12BrNO,B1(OC(C(O1)(C)C)(C)C)C2=CN(N=C2C)C,"1,3-dimethyl-4-(4,4,5,5-tetramethyl-1,3,2-dioxaborolan-2-yl)-1H-pyrazole",0.21321311999999998 milligram,0.9600000000000001 micromole,0.21321312000000003 microliter,C11H19BN2O2,O=C([O-])[O-].[Na+].[Na+],Na2CO3,0.635928 milligram,6.0 micromole,0.6359280000000002 microliter,CNa2O3,CN1C=NC2=C1C(=O)N(C(=O)N2C)C,caffeine,0.1553528 milligram,0.8 micromole,0.15535280000000004 microliter,C8H10N4O2,C1COCCO1,dioxane,32.445 milligram,368.2496084262139 micromole,31.5 microliter,C4H8O2,O,water,3.5 milligram,194.2825423258396 micromole,3.5 microliter,H2O,Cc1cc(-c2cn(C)nc2C)ccc1N1CCCC1=O,suzuki_product_0,0.0 milligram,0.0 micromole,0 microliter,C16H19N3O,Cc1ccccc1N1CCCC1=O,dehalogenation_0,0.0 milligram,0.0 micromole,0 microliter,C11H13NO,Cc1ccn(C)n1,deborylation_0,0.0 milligram,0.0 micromole,0 microliter,C5H8N2,CC1=C(N2CCCC2=O)C=CC(Br)=C1.B1(OC(C(O1)(C)C)(C)C)C2=CN(N=C2C)C>>Cc1cc(-c2cn(C)nc2C)ccc1N1CCCC1=O.Cc1ccccc1N1CCCC1=O.Cc1ccn(C)n1,001_RLN-NB-2443_007_O20,,,,,,,,,3/30/23 7:09,kat78-2-o20-a1_03_22_2023_356.raw,2min_150_1200.EXP,001_RLN-NB-2443_007_O20,KAT78-2-O20-A1_KAT78-2-O20-A1_KAT78-2-O20-A1,0,0,0,0,0,0,0,0,0,0,0,0,0,0,0,deborylation_0,0,0,0,0,0,172.0430399,33.6575402,4.589147218,195,0.7334,0,0,0,0,0,0,0,0,0,0,0,0,0,0,0,0,0,0,0,0,0,0,0,0,0,0,0,0,0,0,0,0,0,0,0,104.4028614,21.25124481,2.897570363,255.9,1.1868,78.78460555,25.50386765,3.47740811,270.1,0.9968,0,0,0,0,0,0,0,0,0,0,0,0,0.000606197,75.77460354,0,0,0,0,0,0,0,0,0,0,0,0,0,0,0,0,0,0,0.000505117,63.13962542
O21,CS(=O)(=O)O[Pd]c1ccccc1-c2ccccc2N.COc3cccc(OC)c3-c4ccccc4P(C5CCCCC5)C6CCCCC6,SPhos Pd G3,0.12484415999999997 milligram,0.16000000000000003 micromole,0.12484416 microliter,C39H48NO5PPdS,CC1=C(N2CCCC2=O)C=CC(Br)=C1,1-(4-bromo-2-methylphenyl)pyrrolidin-2-one,0.20330160000000003 milligram,0.8 micromole,0.20330160000000008 microliter,C11H12BrNO,B1(OC(C(O1)(C)C)(C)C)C2=CCN(CC2)C(=O)OC(C)(C)C,"N-Boc-1,2,5,6-tetrahydropyridine-4-boronic acid pinacol ester",0.29684640000000007 milligram,0.9600000000000001 micromole,0.2968464000000001 microliter,C16H28BNO4,O=C([O-])[O-].[Na+].[Na+],Na2CO3,0.635928 milligram,6.0 micromole,0.6359280000000002 microliter,CNa2O3,CN1C=NC2=C1C(=O)N(C(=O)N2C)C,caffeine,0.1553528 milligram,0.8 micromole,0.15535280000000004 microliter,C8H10N4O2,C1COCCO1,dioxane,32.445 milligram,368.2496084262139 micromole,31.5 microliter,C4H8O2,O,water,3.5 milligram,194.2825423258396 micromole,3.5 microliter,H2O,Cc1cc(C2=CCN(C(=O)OC(C)(C)C)CC2)ccc1N1CCCC1=O,suzuki_product_0,0.0 milligram,0.0 micromole,0 microliter,C21H28N2O3,Cc1ccccc1N1CCCC1=O,dehalogenation_0,0.0 milligram,0.0 micromole,0 microliter,C11H13NO,CC(C)(C)OC(=O)N1CC=CCC1,deborylation_0,0.0 milligram,0.0 micromole,0 microliter,C10H17NO2,CC1=C(N2CCCC2=O)C=CC(Br)=C1.B1(OC(C(O1)(C)C)(C)C)C2=CCN(CC2)C(=O)OC(C)(C)C>>Cc1cc(C2=CCN(C(=O)OC(C)(C)C)CC2)ccc1N1CCCC1=O.Cc1ccccc1N1CCCC1=O.CC(C)(C)OC(=O)N1CC=CCC1,001_RLN-NB-2443_007_O21,,,,,,,,,3/30/23 7:11,kat78-2-o21-a1_03_22_2023_357.raw,2min_150_1200.EXP,001_RLN-NB-2443_007_O21,KAT78-2-O21-A1_KAT78-2-O21-A1_KAT78-2-O21-A1,0,0,0,0,0,0,0,0,0,0,0,0,0,0,0,deborylation_0,0,0,0,0,0,171.0619058,43.35794186,4.30946333,195,0.7334,0,0,0,0,0,0,0,0,0,0,0,0,0,0,0,0,0,0,0,0,0,0,0,0,0,0,0,0,0,0,0,0,0,0,0,105.8842968,29.27303382,2.909526153,255.8,1.1884,0,0,0,0,0,0,0,0,0,0,0,0,0,0,0,0,0,0,0,0,0,0,0,0,0,0,0,0,0,0,0,0,0,0,0,0,0,0.000540119,67.51481405
O22,CS(=O)(=O)O[Pd]c1ccccc1-c2ccccc2N.COc3cccc(OC)c3-c4ccccc4P(C5CCCCC5)C6CCCCC6,SPhos Pd G3,0.12484415999999997 milligram,0.16000000000000003 micromole,0.12484416 microliter,C39H48NO5PPdS,CC1=C(N2CCCC2=O)C=CC(Br)=C1,1-(4-bromo-2-methylphenyl)pyrrolidin-2-one,0.20330160000000003 milligram,0.8 micromole,0.20330160000000008 microliter,C11H12BrNO,B1(OC(C(O1)(C)C)(C)C)C2=CCN(CC2)C(=O)OC(C)(C)C,"N-Boc-1,2,5,6-tetrahydropyridine-4-boronic acid pinacol ester",0.29684640000000007 milligram,0.9600000000000001 micromole,0.2968464000000001 microliter,C16H28BNO4,O=C([O-])[O-].[Na+].[Na+],Na2CO3,0.635928 milligram,6.0 micromole,0.6359280000000002 microliter,CNa2O3,CN1C=NC2=C1C(=O)N(C(=O)N2C)C,caffeine,0.1553528 milligram,0.8 micromole,0.15535280000000004 microliter,C8H10N4O2,C1COCCO1,dioxane,32.445 milligram,368.2496084262139 micromole,31.5 microliter,C4H8O2,O,water,3.5 milligram,194.2825423258396 micromole,3.5 microliter,H2O,Cc1cc(C2=CCN(C(=O)OC(C)(C)C)CC2)ccc1N1CCCC1=O,suzuki_product_0,0.0 milligram,0.0 micromole,0 microliter,C21H28N2O3,Cc1ccccc1N1CCCC1=O,dehalogenation_0,0.0 milligram,0.0 micromole,0 microliter,C11H13NO,CC(C)(C)OC(=O)N1CC=CCC1,deborylation_0,0.0 milligram,0.0 micromole,0 microliter,C10H17NO2,CC1=C(N2CCCC2=O)C=CC(Br)=C1.B1(OC(C(O1)(C)C)(C)C)C2=CCN(CC2)C(=O)OC(C)(C)C>>Cc1cc(C2=CCN(C(=O)OC(C)(C)C)CC2)ccc1N1CCCC1=O.Cc1ccccc1N1CCCC1=O.CC(C)(C)OC(=O)N1CC=CCC1,001_RLN-NB-2443_007_O22,,,,,,,,,3/30/23 7:14,kat78-2-o22-a1_03_22_2023_358.raw,2min_150_1200.EXP,001_RLN-NB-2443_007_O22,KAT78-2-O22-A1_KAT78-2-O22-A1_KAT78-2-O22-A1,0,0,0,0,0,0,0,0,0,0,0,0,0,0,0,deborylation_0,0,0,0,0,0,178.5642195,14.08586829,4.590813923,195,0.7318,0,0,0,0,0,0,0,0,0,0,0,0,0,0,0,0,0,0,0,0,0,0,0,0,0,0,0,0,0,0,0,0,0,0,0,79.57990808,7.052210141,2.29843016,255.8,1.1868,397.224083,40.33436947,13.14562803,357.1,1.3268,0,0,0,0,0,0,0,0,0,0,0,0,0.002290771,286.3463483,0,0,0,0,0,0,0,0,0,0,0,0,0,0,0,0,0,0,0.000400527,50.06585322
O23,CS(=O)(=O)O[Pd]c1ccccc1-c2ccccc2N.COc3cccc(OC)c3-c4ccccc4P(C5CCCCC5)C6CCCCC6,SPhos Pd G3,0.12484415999999997 milligram,0.16000000000000003 micromole,0.12484416 microliter,C39H48NO5PPdS,CC1=C(N2CCCC2=O)C=CC(Br)=C1,1-(4-bromo-2-methylphenyl)pyrrolidin-2-one,0.20330160000000003 milligram,0.8 micromole,0.20330160000000008 microliter,C11H12BrNO,B1(OC(C(O1)(C)C)(C)C)C2=CC=C(C=C2)N,"4-(4,4,5,5-tetramethyl-1,3,2-dioxaborolan-2-yl)aniline",0.21032928 milligram,0.9600000000000001 micromole,0.21032928000000006 microliter,C12H18BNO2,O=C([O-])[O-].[Na+].[Na+],Na2CO3,0.635928 milligram,6.0 micromole,0.6359280000000002 microliter,CNa2O3,CN1C=NC2=C1C(=O)N(C(=O)N2C)C,caffeine,0.1553528 milligram,0.8 micromole,0.15535280000000004 microliter,C8H10N4O2,C1COCCO1,dioxane,32.445 milligram,368.2496084262139 micromole,31.5 microliter,C4H8O2,O,water,3.5 milligram,194.2825423258396 micromole,3.5 microliter,H2O,Cc1cc(-c2ccc(N)cc2)ccc1N1CCCC1=O,suzuki_product_0,0.0 milligram,0.0 micromole,0 microliter,C17H18N2O,Cc1ccccc1N1CCCC1=O,dehalogenation_0,0.0 milligram,0.0 micromole,0 microliter,C11H13NO,Nc1ccccc1,deborylation_0,0.0 milligram,0.0 micromole,0 microliter,C6H7N,CC1=C(N2CCCC2=O)C=CC(Br)=C1.B1(OC(C(O1)(C)C)(C)C)C2=CC=C(C=C2)N>>Cc1cc(-c2ccc(N)cc2)ccc1N1CCCC1=O.Cc1ccccc1N1CCCC1=O.Nc1ccccc1,001_RLN-NB-2443_007_O23,,,,,,,,,3/30/23 7:16,kat78-2-o23-a1_03_22_2023_359.raw,2min_150_1200.EXP,001_RLN-NB-2443_007_O23,KAT78-2-O23-A1_KAT78-2-O23-A1_KAT78-2-O23-A1,0,0,0,0,0,0,0,0,0,0,0,0,0,0,0,deborylation_0,0,0,0,0,0,171.4458548,23.67461881,4.464440347,194.9,0.7334,0,0,0,0,0,0,0,0,0,0,0,0,0,0,0,0,0,0,0,0,0,0,0,0,0,0,0,0,0,0,0,0,0,0,0,82.70187166,11.83227184,2.231270216,253.9,1.1851,173.6925443,29.26914434,5.519427788,267.1,0.8868,0,0,0,0,0,0,0,0,0,0,0,0,0.000989047,123.6309002,0,0,0,0,0,0,0,0,0,0,0,0,0,0,0,0,0,0,0.00039983,49.97872168
O24,CS(=O)(=O)O[Pd]c1ccccc1-c2ccccc2N.COc3cccc(OC)c3-c4ccccc4P(C5CCCCC5)C6CCCCC6,SPhos Pd G3,0.12484415999999997 milligram,0.16000000000000003 micromole,0.12484416 microliter,C39H48NO5PPdS,CC1=C(N2CCCC2=O)C=CC(Br)=C1,1-(4-bromo-2-methylphenyl)pyrrolidin-2-one,0.20330160000000003 milligram,0.8 micromole,0.20330160000000008 microliter,C11H12BrNO,B1(OC(C(O1)(C)C)(C)C)C2=CC=C(C=C2)N,"4-(4,4,5,5-tetramethyl-1,3,2-dioxaborolan-2-yl)aniline",0.21032928 milligram,0.9600000000000001 micromole,0.21032928000000006 microliter,C12H18BNO2,O=C([O-])[O-].[Na+].[Na+],Na2CO3,0.635928 milligram,6.0 micromole,0.6359280000000002 microliter,CNa2O3,CN1C=NC2=C1C(=O)N(C(=O)N2C)C,caffeine,0.1553528 milligram,0.8 micromole,0.15535280000000004 microliter,C8H10N4O2,C1COCCO1,dioxane,32.445 milligram,368.2496084262139 micromole,31.5 microliter,C4H8O2,O,water,3.5 milligram,194.2825423258396 micromole,3.5 microliter,H2O,Cc1cc(-c2ccc(N)cc2)ccc1N1CCCC1=O,suzuki_product_0,0.0 milligram,0.0 micromole,0 microliter,C17H18N2O,Cc1ccccc1N1CCCC1=O,dehalogenation_0,0.0 milligram,0.0 micromole,0 microliter,C11H13NO,Nc1ccccc1,deborylation_0,0.0 milligram,0.0 micromole,0 microliter,C6H7N,CC1=C(N2CCCC2=O)C=CC(Br)=C1.B1(OC(C(O1)(C)C)(C)C)C2=CC=C(C=C2)N>>Cc1cc(-c2ccc(N)cc2)ccc1N1CCCC1=O.Cc1ccccc1N1CCCC1=O.Nc1ccccc1,001_RLN-NB-2443_007_O24,,,,,,,,,3/30/23 7:19,kat78-2-o24-a1_03_22_2023_360.raw,2min_150_1200.EXP,001_RLN-NB-2443_007_O24,KAT78-2-O24-A1_KAT78-2-O24-A1_KAT78-2-O24-A1,0,0,0,0,0,0,0,0,0,0,0,0,0,0,0,deborylation_0,0,0,0,0,0,168.7115803,22.90201642,4.312114011,195,0.7334,0,0,0,0,0,0,0,0,0,0,0,0,0,0,0,0,0,0,0,0,0,0,0,0,0,0,0,0,0,0,0,0,0,0,0,99.18424453,14.2906043,2.690711328,282.1,1.1868,148.914781,23.79524281,4.480295448,267,0.8851,0,0,0,0,0,0,0,0,0,0,0,0,0.000831202,103.9002085,0,0,0,0,0,0,0,0,0,0,0,0,0,0,0,0,0,0,0.000499191,62.39889116