well,reactant_1&smiles,reactant_1&name,reactant_1&mass,reactant_1&umol,reactant_1&volume,reactant_1&formula,reactant_1&equivalents,reactant_2&smiles,reactant_2&name,reactant_2&mass,reactant_2&umol,reactant_2&volume,reactant_2&formula,reactant_2&equivalents,catalyst_1&smiles,catalyst_1&name,catalyst_1&mass,catalyst_1&umol,catalyst_1&volume,catalyst_1&formula,catalyst_1&equivalents,solvent_1&smiles,solvent_1&name,solvent_1&mass,solvent_1&umol,solvent_1&volume,solvent_1&formula,solvent_1&equivalents,base_1&smiles,base_1&name,base_1&mass,base_1&umol,base_1&volume,base_1&formula,base_1&equivalents,solvent_2&smiles,solvent_2&name,solvent_2&mass,solvent_2&umol,solvent_2&volume,solvent_2&formula,solvent_2&equivalents,IS_1&smiles,IS_1&name,IS_1&mass,IS_1&umol,IS_1&volume,IS_1&formula,IS_1&equivalents,solvent_3&smiles,solvent_3&name,solvent_3&mass,solvent_3&umol,solvent_3&volume,solvent_3&formula,solvent_3&equivalents,product_1&smiles,product_1&name,product_1&mass,product_1&umol,product_1&volume,product_1&formula,product_1&equivalents,byproduct_1&smiles,byproduct_1&name,byproduct_1&mass,byproduct_1&umol,byproduct_1&volume,byproduct_1&formula,byproduct_1&equivalents,byproduct_2&smiles,byproduct_2&name,byproduct_2&mass,byproduct_2&umol,byproduct_2&volume,byproduct_2&formula,byproduct_2&equivalents,reaction_smiles,id,product_2&smiles,product_2&name,product_2&mass,product_2&umol,product_2&volume,product_2&formula,product_2&equivalents,byproduct_3&smiles,byproduct_3&name,byproduct_3&mass,byproduct_3&umol,byproduct_3&volume,byproduct_3&formula,byproduct_3&equivalents,Sample_Attributes__Acquired,Sample_Attributes__Container,Sample_Attributes__Data_File,Sample_Attributes__Injection_Volume,Sample_Attributes__Inlet_Method,Sample_Attributes__Location,Sample_Attributes__MS_Method,Sample_Attributes__Original_Plate_Location,Sample_Attributes__Sample_Id,Sample_Attributes__Sample_Name,Sample_Attributes__Submitter,suzuki_product_CAD_yield
A1,CC1=C(C(=NN1C(C)C)N)Br,4-BROMO-1-ISOPROPYL-5-METHYL-1H-PYRAZOL-3-AMINE,0.08723920000000002 milligram,0.40000000000000013 micromole,0.08723920000000003 microliter,C7H12BrN3,1.0,CCc1ccc(B(O)O)cc1,417706695,0.07199328 milligram,0.4800000000000001 micromole,0.07199328000000002 microliter,C8H11BO2,1.1999999999999997,CC(C)C1=CC(C(C)C)=CC(C(C)C)=C1C2=C([P+](C3CCCCC3)([Pd-2]4(OS(C)(=O)=O)C(C=CC=C5)=C5C6=C([NH+]4C)C=CC=C6)C7CCCCC7)C=CC=C2,XPhos Pd G4,0.08260742400000001 milligram,0.09600000000000003 micromole,0.08260742400000003 microliter,C47H64NO3PPdS,0.24,C1COCCO1,DMF,20.52 milligram,232.90127800603818 micromole,21.6 microliter,C4H8O2,582.2531950150952,[K+].[K+].[K+].[O-]P([O-])([O-])=O,K3PO4,0.7641504000000002 milligram,3.6000000000000014 micromole,0.7641504000000005 microliter,K3O4P,9.0,O,water,3.047886095999999 milligram,169.18601698584507 micromole,3.047886095999999 microliter,H2O,422.96504246461257,CN1C=NC2=C1C(=O)N(C(=O)N2C)C,caffeine,0.09321168000000002 milligram,0.4800000000000001 micromole,0.09321168000000003 microliter,C8H10N4O2,1.1999999999999997,C1COCCO1,dioxane,3.3935943787199996 milligram,38.51717679522393 micromole,3.2947518239999996 microliter,C4H8O2,96.2929419880598,CCc1ccc(-c2c(N)nn(C(C)C)c2C)cc1,suzuki_product,0.0 milligram,0.0 micromole,0 microliter,C15H21N3,0.0,Cc1cc(N)nn1C(C)C,dehalogenation_byproduct,0.0 milligram,0.0 micromole,0 microliter,C7H13N3,0.0,CCc1ccccc1,deborylation_byproduct,0.0 milligram,0.0 micromole,0 microliter,C8H10,0.0,CC1=C(C(=NN1C(C)C)N)Br.CCc1ccc(B(O)O)cc1>>CCc1ccc(-c2c(N)nn(C(C)C)c2C)cc1.CCc1ccccc1.Cc1cc(N)nn1C(C)C,pcr_A1,,,,,,,,,,,,,,,12/18/2023 3:36:55 PM,5,011_rln-nb-2443_018_ct-126_001.raw,1,Rxn_Opt_HSST3_2_98_2min,"A,1",2min_100_1500.EXP,"A,1",pcr_A1,pcr_A1,Eunjae Shim,9.29643897351955
A2,C1CON=C1C2=CC=C(C=C2)Br,"3-(4-bromophenyl)-4,5-dihydro-1,2-oxazole",0.09042920000000002 milligram,0.40000000000000013 micromole,0.09042920000000003 microliter,C9H8BrNO,1.0,CCc1ccc(B(O)O)cc1,417706695,0.07199328 milligram,0.4800000000000001 micromole,0.07199328000000002 microliter,C8H11BO2,1.1999999999999997,CC(C)C1=CC(C(C)C)=CC(C(C)C)=C1C2=C([P+](C3CCCCC3)([Pd-2]4(OS(C)(=O)=O)C(C=CC=C5)=C5C6=C([NH+]4C)C=CC=C6)C7CCCCC7)C=CC=C2,XPhos Pd G4,0.08260742400000001 milligram,0.09600000000000003 micromole,0.08260742400000003 microliter,C47H64NO3PPdS,0.24,C1COCCO1,DMF,20.52 milligram,232.90127800603818 micromole,21.6 microliter,C4H8O2,582.2531950150952,[K+].[K+].[K+].[O-]P([O-])([O-])=O,K3PO4,0.7641504000000002 milligram,3.6000000000000014 micromole,0.7641504000000005 microliter,K3O4P,9.0,O,water,3.047886095999999 milligram,169.18601698584507 micromole,3.047886095999999 microliter,H2O,422.96504246461257,CN1C=NC2=C1C(=O)N(C(=O)N2C)C,caffeine,0.09321168000000002 milligram,0.4800000000000001 micromole,0.09321168000000003 microliter,C8H10N4O2,1.1999999999999997,C1COCCO1,dioxane,3.3935943787199996 milligram,38.51717679522393 micromole,3.2947518239999996 microliter,C4H8O2,96.2929419880598,CCc1ccc(-c2ccc(C3=NOCC3)cc2)cc1,suzuki_product,0.0 milligram,0.0 micromole,0 microliter,C17H17NO,0.0,c1ccc(C2=NOCC2)cc1,dehalogenation_byproduct,0.0 milligram,0.0 micromole,0 microliter,C9H9NO,0.0,CCc1ccccc1,deborylation_byproduct,0.0 milligram,0.0 micromole,0 microliter,C8H10,0.0,C1CON=C1C2=CC=C(C=C2)Br.CCc1ccc(B(O)O)cc1>>CCc1ccc(-c2ccc(C3=NOCC3)cc2)cc1.CCc1ccccc1.c1ccc(C2=NOCC2)cc1,pcr_A2,,,,,,,,,,,,,,,12/18/2023 3:40:35 PM,5,011_rln-nb-2443_018_ct-126_002.raw,1,Rxn_Opt_HSST3_2_98_2min,"A,2",2min_100_1500.EXP,"A,2",pcr_A2,pcr_A2,Eunjae Shim,85.91399725809528
A3,C1=NC(=C(NC1=O)Cl)Br,5-bromo-6-chloropyrazin-2-ol,0.08377200000000001 milligram,0.40000000000000013 micromole,0.08377200000000003 microliter,C4H2BrClN2O,1.0,CCc1ccc(B(O)O)cc1,417706695,0.07199328 milligram,0.4800000000000001 micromole,0.07199328000000002 microliter,C8H11BO2,1.1999999999999997,CC(C)C1=CC(C(C)C)=CC(C(C)C)=C1C2=C([P+](C3CCCCC3)([Pd-2]4(OS(C)(=O)=O)C(C=CC=C5)=C5C6=C([NH+]4C)C=CC=C6)C7CCCCC7)C=CC=C2,XPhos Pd G4,0.08260742400000001 milligram,0.09600000000000003 micromole,0.08260742400000003 microliter,C47H64NO3PPdS,0.24,C1COCCO1,DMF,20.52 milligram,232.90127800603818 micromole,21.6 microliter,C4H8O2,582.2531950150952,[K+].[K+].[K+].[O-]P([O-])([O-])=O,K3PO4,0.7641504000000002 milligram,3.6000000000000014 micromole,0.7641504000000005 microliter,K3O4P,9.0,O,water,3.047886095999999 milligram,169.18601698584507 micromole,3.047886095999999 microliter,H2O,422.96504246461257,CN1C=NC2=C1C(=O)N(C(=O)N2C)C,caffeine,0.09321168000000002 milligram,0.4800000000000001 micromole,0.09321168000000003 microliter,C8H10N4O2,1.1999999999999997,C1COCCO1,dioxane,3.3935943787199996 milligram,38.51717679522393 micromole,3.2947518239999996 microliter,C4H8O2,96.2929419880598,CCc1ccc(-c2[nH]c(=O)cnc2Br)cc1,suzuki_product,0.0 milligram,0.0 micromole,0 microliter,C12H11BrN2O,0.0,O=c1cncc(Cl)[nH]1,dehalogenation_byproduct,0.0 milligram,0.0 micromole,0 microliter,C4H3ClN2O,0.0,O=c1cnc(Br)c[nH]1,dehalogenation_byproduct,0.0 milligram,0.0 micromole,0 microliter,C4H3BrN2O,0.0,C1=NC(=C(NC1=O)Cl)Br.CCc1ccc(B(O)O)cc1>>CCc1ccc(-c2[nH]c(=O)cnc2Br)cc1.CCc1ccc(-c2ncc(=O)[nH]c2Cl)cc1.CCc1ccccc1.O=c1cnc(Br)c[nH]1.O=c1cncc(Cl)[nH]1,pcr_A3,CCc1ccc(-c2ncc(=O)[nH]c2Cl)cc1,suzuki_product,0.0 milligram,0.0 micromole,0 microliter,C12H11ClN2O,0.0,CCc1ccccc1,deborylation_byproduct,0.0 milligram,0.0 micromole,0 microliter,C8H10,0.0,12/18/2023 3:43:05 PM,5,011_rln-nb-2443_018_ct-126_003.raw,1,Rxn_Opt_HSST3_2_98_2min,"A,3",2min_100_1500.EXP,"A,3",pcr_A3,pcr_A3,Eunjae Shim,2.9385919781575516
A4,Cc1c(Br)cnc2[nH]ccc12,"5-bromo-4-methyl-1H-pyrrolo[2,3-b]pyridine",0.08442480000000005 milligram,0.40000000000000013 micromole,0.08442480000000006 microliter,C8H7BrN2,1.0,CCc1ccc(B(O)O)cc1,417706695,0.07199328 milligram,0.4800000000000001 micromole,0.07199328000000002 microliter,C8H11BO2,1.1999999999999997,CC(C)C1=CC(C(C)C)=CC(C(C)C)=C1C2=C([P+](C3CCCCC3)([Pd-2]4(OS(C)(=O)=O)C(C=CC=C5)=C5C6=C([NH+]4C)C=CC=C6)C7CCCCC7)C=CC=C2,XPhos Pd G4,0.08260742400000001 milligram,0.09600000000000003 micromole,0.08260742400000003 microliter,C47H64NO3PPdS,0.24,C1COCCO1,DMF,20.52 milligram,232.90127800603818 micromole,21.6 microliter,C4H8O2,582.2531950150952,[K+].[K+].[K+].[O-]P([O-])([O-])=O,K3PO4,0.7641504000000002 milligram,3.6000000000000014 micromole,0.7641504000000005 microliter,K3O4P,9.0,O,water,3.047886095999999 milligram,169.18601698584507 micromole,3.047886095999999 microliter,H2O,422.96504246461257,CN1C=NC2=C1C(=O)N(C(=O)N2C)C,caffeine,0.09321168000000002 milligram,0.4800000000000001 micromole,0.09321168000000003 microliter,C8H10N4O2,1.1999999999999997,C1COCCO1,dioxane,3.3935943787199996 milligram,38.51717679522393 micromole,3.2947518239999996 microliter,C4H8O2,96.2929419880598,CCc1ccc(-c2cnc3[nH]ccc3c2C)cc1,suzuki_product,0.0 milligram,0.0 micromole,0 microliter,C16H16N2,0.0,Cc1ccnc2[nH]ccc12,dehalogenation_byproduct,0.0 milligram,0.0 micromole,0 microliter,C8H8N2,0.0,CCc1ccccc1,deborylation_byproduct,0.0 milligram,0.0 micromole,0 microliter,C8H10,0.0,CCc1ccc(B(O)O)cc1.Cc1c(Br)cnc2[nH]ccc12>>CCc1ccc(-c2cnc3[nH]ccc3c2C)cc1.CCc1ccccc1.Cc1ccnc2[nH]ccc12,pcr_A4,,,,,,,,,,,,,,,12/18/2023 3:45:35 PM,5,011_rln-nb-2443_018_ct-126_004.raw,1,Rxn_Opt_HSST3_2_98_2min,"A,4",2min_100_1500.EXP,"A,4",pcr_A4,pcr_A4,Eunjae Shim,1.8763359777303434
A5,COc1ccc(-c2nnc(Br)o2)cc1,"2-bromo-5-(4-methoxyphenyl)-1,3,4-oxadiazole",0.10202840000000003 milligram,0.40000000000000013 micromole,0.10202840000000006 microliter,C9H7BrN2O2,1.0,CCc1ccc(B(O)O)cc1,417706695,0.07199328 milligram,0.4800000000000001 micromole,0.07199328000000002 microliter,C8H11BO2,1.1999999999999997,CC(C)C1=CC(C(C)C)=CC(C(C)C)=C1C2=C([P+](C3CCCCC3)([Pd-2]4(OS(C)(=O)=O)C(C=CC=C5)=C5C6=C([NH+]4C)C=CC=C6)C7CCCCC7)C=CC=C2,XPhos Pd G4,0.08260742400000001 milligram,0.09600000000000003 micromole,0.08260742400000003 microliter,C47H64NO3PPdS,0.24,C1COCCO1,DMF,20.52 milligram,232.90127800603818 micromole,21.6 microliter,C4H8O2,582.2531950150952,[K+].[K+].[K+].[O-]P([O-])([O-])=O,K3PO4,0.7641504000000002 milligram,3.6000000000000014 micromole,0.7641504000000005 microliter,K3O4P,9.0,O,water,3.047886095999999 milligram,169.18601698584507 micromole,3.047886095999999 microliter,H2O,422.96504246461257,CN1C=NC2=C1C(=O)N(C(=O)N2C)C,caffeine,0.09321168000000002 milligram,0.4800000000000001 micromole,0.09321168000000003 microliter,C8H10N4O2,1.1999999999999997,C1COCCO1,dioxane,3.3935943787199996 milligram,38.51717679522393 micromole,3.2947518239999996 microliter,C4H8O2,96.2929419880598,CCc1ccc(-c2nnc(-c3ccc(OC)cc3)o2)cc1,suzuki_product,0.0 milligram,0.0 micromole,0 microliter,C17H16N2O2,0.0,COc1ccc(-c2nnco2)cc1,dehalogenation_byproduct,0.0 milligram,0.0 micromole,0 microliter,C9H8N2O2,0.0,CCc1ccccc1,deborylation_byproduct,0.0 milligram,0.0 micromole,0 microliter,C8H10,0.0,CCc1ccc(B(O)O)cc1.COc1ccc(-c2nnc(Br)o2)cc1>>CCc1ccc(-c2nnc(-c3ccc(OC)cc3)o2)cc1.CCc1ccccc1.COc1ccc(-c2nnco2)cc1,pcr_A5,,,,,,,,,,,,,,,12/18/2023 3:48:05 PM,5,011_rln-nb-2443_018_ct-126_005.raw,1,Rxn_Opt_HSST3_2_98_2min,"A,5",2min_100_1500.EXP,"A,5",pcr_A5,pcr_A5,Eunjae Shim,7.690691169250588
A6,BrC1=CC=CC=C1,phenylbromide,0.06280400000000001 milligram,0.40000000000000013 micromole,0.06280400000000003 microliter,C6H5Br,1.0,CCc1ccc(B(O)O)cc1,417706695,0.07199328 milligram,0.4800000000000001 micromole,0.07199328000000002 microliter,C8H11BO2,1.1999999999999997,CC(C)C1=CC(C(C)C)=CC(C(C)C)=C1C2=C([P+](C3CCCCC3)([Pd-2]4(OS(C)(=O)=O)C(C=CC=C5)=C5C6=C([NH+]4C)C=CC=C6)C7CCCCC7)C=CC=C2,XPhos Pd G4,0.08260742400000001 milligram,0.09600000000000003 micromole,0.08260742400000003 microliter,C47H64NO3PPdS,0.24,C1COCCO1,DMF,20.52 milligram,232.90127800603818 micromole,21.6 microliter,C4H8O2,582.2531950150952,[K+].[K+].[K+].[O-]P([O-])([O-])=O,K3PO4,0.7641504000000002 milligram,3.6000000000000014 micromole,0.7641504000000005 microliter,K3O4P,9.0,O,water,3.047886095999999 milligram,169.18601698584507 micromole,3.047886095999999 microliter,H2O,422.96504246461257,CN1C=NC2=C1C(=O)N(C(=O)N2C)C,caffeine,0.09321168000000002 milligram,0.4800000000000001 micromole,0.09321168000000003 microliter,C8H10N4O2,1.1999999999999997,C1COCCO1,dioxane,3.3935943787199996 milligram,38.51717679522393 micromole,3.2947518239999996 microliter,C4H8O2,96.2929419880598,CCc1ccc(-c2ccccc2)cc1,suzuki_product,0.0 milligram,0.0 micromole,0 microliter,C14H14,0.0,c1ccccc1,dehalogenation_byproduct,0.0 milligram,0.0 micromole,0 microliter,C6H6,0.0,CCc1ccccc1,deborylation_byproduct,0.0 milligram,0.0 micromole,0 microliter,C8H10,0.0,BrC1=CC=CC=C1.CCc1ccc(B(O)O)cc1>>CCc1ccc(-c2ccccc2)cc1.CCc1ccccc1.c1ccccc1,pcr_A6,,,,,,,,,,,,,,,12/18/2023 3:50:34 PM,5,011_rln-nb-2443_018_ct-126_006.raw,1,Rxn_Opt_HSST3_2_98_2min,"A,6",2min_100_1500.EXP,"A,6",pcr_A6,pcr_A6,Eunjae Shim,0.0
A7,CC1=C(C(=NN1C(C)C)N)Br,4-BROMO-1-ISOPROPYL-5-METHYL-1H-PYRAZOL-3-AMINE,0.08723920000000002 milligram,0.40000000000000013 micromole,0.08723920000000003 microliter,C7H12BrN3,1.0,COc1ccc(B2OC(C)(C)C(C)(C)O2)cc1F,417385164,0.12100512 milligram,0.4800000000000001 micromole,0.12100512000000002 microliter,C13H18BFO3,1.1999999999999997,CC(C)C1=CC(C(C)C)=CC(C(C)C)=C1C2=C([P+](C3CCCCC3)([Pd-2]4(OS(C)(=O)=O)C(C=CC=C5)=C5C6=C([NH+]4C)C=CC=C6)C7CCCCC7)C=CC=C2,XPhos Pd G4,0.08260742400000001 milligram,0.09600000000000003 micromole,0.08260742400000003 microliter,C47H64NO3PPdS,0.24,C1COCCO1,DMF,20.52 milligram,232.90127800603818 micromole,21.6 microliter,C4H8O2,582.2531950150952,[K+].[K+].[K+].[O-]P([O-])([O-])=O,K3PO4,0.7641504000000002 milligram,3.6000000000000014 micromole,0.7641504000000005 microliter,K3O4P,9.0,O,water,3.047886095999999 milligram,169.18601698584507 micromole,3.047886095999999 microliter,H2O,422.96504246461257,CN1C=NC2=C1C(=O)N(C(=O)N2C)C,caffeine,0.09321168000000002 milligram,0.4800000000000001 micromole,0.09321168000000003 microliter,C8H10N4O2,1.1999999999999997,C1COCCO1,dioxane,3.3935943787199996 milligram,38.51717679522393 micromole,3.2947518239999996 microliter,C4H8O2,96.2929419880598,COc1ccc(-c2c(N)nn(C(C)C)c2C)cc1F,suzuki_product,0.0 milligram,0.0 micromole,0 microliter,C14H18FN3O,0.0,Cc1cc(N)nn1C(C)C,dehalogenation_byproduct,0.0 milligram,0.0 micromole,0 microliter,C7H13N3,0.0,COc1ccccc1F,deborylation_byproduct,0.0 milligram,0.0 micromole,0 microliter,C7H7FO,0.0,CC1=C(C(=NN1C(C)C)N)Br.COc1ccc(B2OC(C)(C)C(C)(C)O2)cc1F>>COc1ccc(-c2c(N)nn(C(C)C)c2C)cc1F.COc1ccccc1F.Cc1cc(N)nn1C(C)C,pcr_A7,,,,,,,,,,,,,,,12/18/2023 3:53:04 PM,5,011_rln-nb-2443_018_ct-126_007.raw,1,Rxn_Opt_HSST3_2_98_2min,"A,7",2min_100_1500.EXP,"A,7",pcr_A7,pcr_A7,Eunjae Shim,0.0
A8,C1CON=C1C2=CC=C(C=C2)Br,"3-(4-bromophenyl)-4,5-dihydro-1,2-oxazole",0.09042920000000002 milligram,0.40000000000000013 micromole,0.09042920000000003 microliter,C9H8BrNO,1.0,COc1ccc(B2OC(C)(C)C(C)(C)O2)cc1F,417385164,0.12100512 milligram,0.4800000000000001 micromole,0.12100512000000002 microliter,C13H18BFO3,1.1999999999999997,CC(C)C1=CC(C(C)C)=CC(C(C)C)=C1C2=C([P+](C3CCCCC3)([Pd-2]4(OS(C)(=O)=O)C(C=CC=C5)=C5C6=C([NH+]4C)C=CC=C6)C7CCCCC7)C=CC=C2,XPhos Pd G4,0.08260742400000001 milligram,0.09600000000000003 micromole,0.08260742400000003 microliter,C47H64NO3PPdS,0.24,C1COCCO1,DMF,20.52 milligram,232.90127800603818 micromole,21.6 microliter,C4H8O2,582.2531950150952,[K+].[K+].[K+].[O-]P([O-])([O-])=O,K3PO4,0.7641504000000002 milligram,3.6000000000000014 micromole,0.7641504000000005 microliter,K3O4P,9.0,O,water,3.047886095999999 milligram,169.18601698584507 micromole,3.047886095999999 microliter,H2O,422.96504246461257,CN1C=NC2=C1C(=O)N(C(=O)N2C)C,caffeine,0.09321168000000002 milligram,0.4800000000000001 micromole,0.09321168000000003 microliter,C8H10N4O2,1.1999999999999997,C1COCCO1,dioxane,3.3935943787199996 milligram,38.51717679522393 micromole,3.2947518239999996 microliter,C4H8O2,96.2929419880598,COc1ccc(-c2ccc(C3=NOCC3)cc2)cc1F,suzuki_product,0.0 milligram,0.0 micromole,0 microliter,C16H14FNO2,0.0,c1ccc(C2=NOCC2)cc1,dehalogenation_byproduct,0.0 milligram,0.0 micromole,0 microliter,C9H9NO,0.0,COc1ccccc1F,deborylation_byproduct,0.0 milligram,0.0 micromole,0 microliter,C7H7FO,0.0,C1CON=C1C2=CC=C(C=C2)Br.COc1ccc(B2OC(C)(C)C(C)(C)O2)cc1F>>COc1ccc(-c2ccc(C3=NOCC3)cc2)cc1F.COc1ccccc1F.c1ccc(C2=NOCC2)cc1,pcr_A8,,,,,,,,,,,,,,,12/18/2023 3:55:34 PM,5,011_rln-nb-2443_018_ct-126_008.raw,1,Rxn_Opt_HSST3_2_98_2min,"A,8",2min_100_1500.EXP,"A,8",pcr_A8,pcr_A8,Eunjae Shim,37.856188907185974
A9,C1=NC(=C(NC1=O)Cl)Br,5-bromo-6-chloropyrazin-2-ol,0.08377200000000001 milligram,0.40000000000000013 micromole,0.08377200000000003 microliter,C4H2BrClN2O,1.0,COc1ccc(B2OC(C)(C)C(C)(C)O2)cc1F,417385164,0.12100512 milligram,0.4800000000000001 micromole,0.12100512000000002 microliter,C13H18BFO3,1.1999999999999997,CC(C)C1=CC(C(C)C)=CC(C(C)C)=C1C2=C([P+](C3CCCCC3)([Pd-2]4(OS(C)(=O)=O)C(C=CC=C5)=C5C6=C([NH+]4C)C=CC=C6)C7CCCCC7)C=CC=C2,XPhos Pd G4,0.08260742400000001 milligram,0.09600000000000003 micromole,0.08260742400000003 microliter,C47H64NO3PPdS,0.24,C1COCCO1,DMF,20.52 milligram,232.90127800603818 micromole,21.6 microliter,C4H8O2,582.2531950150952,[K+].[K+].[K+].[O-]P([O-])([O-])=O,K3PO4,0.7641504000000002 milligram,3.6000000000000014 micromole,0.7641504000000005 microliter,K3O4P,9.0,O,water,3.047886095999999 milligram,169.18601698584507 micromole,3.047886095999999 microliter,H2O,422.96504246461257,CN1C=NC2=C1C(=O)N(C(=O)N2C)C,caffeine,0.09321168000000002 milligram,0.4800000000000001 micromole,0.09321168000000003 microliter,C8H10N4O2,1.1999999999999997,C1COCCO1,dioxane,3.3935943787199996 milligram,38.51717679522393 micromole,3.2947518239999996 microliter,C4H8O2,96.2929419880598,COc1ccc(-c2[nH]c(=O)cnc2Br)cc1F,suzuki_product,0.0 milligram,0.0 micromole,0 microliter,C11H8BrFN2O2,0.0,O=c1cncc(Cl)[nH]1,dehalogenation_byproduct,0.0 milligram,0.0 micromole,0 microliter,C4H3ClN2O,0.0,O=c1cnc(Br)c[nH]1,dehalogenation_byproduct,0.0 milligram,0.0 micromole,0 microliter,C4H3BrN2O,0.0,C1=NC(=C(NC1=O)Cl)Br.COc1ccc(B2OC(C)(C)C(C)(C)O2)cc1F>>COc1ccc(-c2[nH]c(=O)cnc2Br)cc1F.COc1ccc(-c2ncc(=O)[nH]c2Cl)cc1F.COc1ccccc1F.O=c1cnc(Br)c[nH]1.O=c1cncc(Cl)[nH]1,pcr_A9,COc1ccc(-c2ncc(=O)[nH]c2Cl)cc1F,suzuki_product,0.0 milligram,0.0 micromole,0 microliter,C11H8ClFN2O2,0.0,COc1ccccc1F,deborylation_byproduct,0.0 milligram,0.0 micromole,0 microliter,C7H7FO,0.0,12/18/2023 3:58:04 PM,5,011_rln-nb-2443_018_ct-126_009.raw,1,Rxn_Opt_HSST3_2_98_2min,"A,9",2min_100_1500.EXP,"A,9",pcr_A9,pcr_A9,Eunjae Shim,5.811848281943874
A10,Cc1c(Br)cnc2[nH]ccc12,"5-bromo-4-methyl-1H-pyrrolo[2,3-b]pyridine",0.08442480000000005 milligram,0.40000000000000013 micromole,0.08442480000000006 microliter,C8H7BrN2,1.0,COc1ccc(B2OC(C)(C)C(C)(C)O2)cc1F,417385164,0.12100512 milligram,0.4800000000000001 micromole,0.12100512000000002 microliter,C13H18BFO3,1.1999999999999997,CC(C)C1=CC(C(C)C)=CC(C(C)C)=C1C2=C([P+](C3CCCCC3)([Pd-2]4(OS(C)(=O)=O)C(C=CC=C5)=C5C6=C([NH+]4C)C=CC=C6)C7CCCCC7)C=CC=C2,XPhos Pd G4,0.08260742400000001 milligram,0.09600000000000003 micromole,0.08260742400000003 microliter,C47H64NO3PPdS,0.24,C1COCCO1,DMF,20.52 milligram,232.90127800603818 micromole,21.6 microliter,C4H8O2,582.2531950150952,[K+].[K+].[K+].[O-]P([O-])([O-])=O,K3PO4,0.7641504000000002 milligram,3.6000000000000014 micromole,0.7641504000000005 microliter,K3O4P,9.0,O,water,3.047886095999999 milligram,169.18601698584507 micromole,3.047886095999999 microliter,H2O,422.96504246461257,CN1C=NC2=C1C(=O)N(C(=O)N2C)C,caffeine,0.09321168000000002 milligram,0.4800000000000001 micromole,0.09321168000000003 microliter,C8H10N4O2,1.1999999999999997,C1COCCO1,dioxane,3.3935943787199996 milligram,38.51717679522393 micromole,3.2947518239999996 microliter,C4H8O2,96.2929419880598,COc1ccc(-c2cnc3[nH]ccc3c2C)cc1F,suzuki_product,0.0 milligram,0.0 micromole,0 microliter,C15H13FN2O,0.0,Cc1ccnc2[nH]ccc12,dehalogenation_byproduct,0.0 milligram,0.0 micromole,0 microliter,C8H8N2,0.0,COc1ccccc1F,deborylation_byproduct,0.0 milligram,0.0 micromole,0 microliter,C7H7FO,0.0,COc1ccc(B2OC(C)(C)C(C)(C)O2)cc1F.Cc1c(Br)cnc2[nH]ccc12>>COc1ccc(-c2cnc3[nH]ccc3c2C)cc1F.COc1ccccc1F.Cc1ccnc2[nH]ccc12,pcr_A10,,,,,,,,,,,,,,,12/18/2023 4:00:33 PM,5,011_rln-nb-2443_018_ct-126_010.raw,1,Rxn_Opt_HSST3_2_98_2min,"A,10",2min_100_1500.EXP,"A,10",pcr_A10,pcr_A10,Eunjae Shim,3.036204421884458
A11,COc1ccc(-c2nnc(Br)o2)cc1,"2-bromo-5-(4-methoxyphenyl)-1,3,4-oxadiazole",0.10202840000000003 milligram,0.40000000000000013 micromole,0.10202840000000006 microliter,C9H7BrN2O2,1.0,COc1ccc(B2OC(C)(C)C(C)(C)O2)cc1F,417385164,0.12100512 milligram,0.4800000000000001 micromole,0.12100512000000002 microliter,C13H18BFO3,1.1999999999999997,CC(C)C1=CC(C(C)C)=CC(C(C)C)=C1C2=C([P+](C3CCCCC3)([Pd-2]4(OS(C)(=O)=O)C(C=CC=C5)=C5C6=C([NH+]4C)C=CC=C6)C7CCCCC7)C=CC=C2,XPhos Pd G4,0.08260742400000001 milligram,0.09600000000000003 micromole,0.08260742400000003 microliter,C47H64NO3PPdS,0.24,C1COCCO1,DMF,20.52 milligram,232.90127800603818 micromole,21.6 microliter,C4H8O2,582.2531950150952,[K+].[K+].[K+].[O-]P([O-])([O-])=O,K3PO4,0.7641504000000002 milligram,3.6000000000000014 micromole,0.7641504000000005 microliter,K3O4P,9.0,O,water,3.047886095999999 milligram,169.18601698584507 micromole,3.047886095999999 microliter,H2O,422.96504246461257,CN1C=NC2=C1C(=O)N(C(=O)N2C)C,caffeine,0.09321168000000002 milligram,0.4800000000000001 micromole,0.09321168000000003 microliter,C8H10N4O2,1.1999999999999997,C1COCCO1,dioxane,3.3935943787199996 milligram,38.51717679522393 micromole,3.2947518239999996 microliter,C4H8O2,96.2929419880598,COc1ccc(-c2nnc(-c3ccc(OC)c(F)c3)o2)cc1,suzuki_product,0.0 milligram,0.0 micromole,0 microliter,C16H13FN2O3,0.0,COc1ccc(-c2nnco2)cc1,dehalogenation_byproduct,0.0 milligram,0.0 micromole,0 microliter,C9H8N2O2,0.0,COc1ccccc1F,deborylation_byproduct,0.0 milligram,0.0 micromole,0 microliter,C7H7FO,0.0,COc1ccc(-c2nnc(Br)o2)cc1.COc1ccc(B2OC(C)(C)C(C)(C)O2)cc1F>>COc1ccc(-c2nnc(-c3ccc(OC)c(F)c3)o2)cc1.COc1ccc(-c2nnco2)cc1.COc1ccccc1F,pcr_A11,,,,,,,,,,,,,,,12/18/2023 4:03:03 PM,5,011_rln-nb-2443_018_ct-126_011.raw,1,Rxn_Opt_HSST3_2_98_2min,"A,11",2min_100_1500.EXP,"A,11",pcr_A11,pcr_A11,Eunjae Shim,3.1746089327260174
A12,BrC1=CC=CC=C1,phenylbromide,0.06280400000000001 milligram,0.40000000000000013 micromole,0.06280400000000003 microliter,C6H5Br,1.0,COc1ccc(B2OC(C)(C)C(C)(C)O2)cc1F,417385164,0.12100512 milligram,0.4800000000000001 micromole,0.12100512000000002 microliter,C13H18BFO3,1.1999999999999997,CC(C)C1=CC(C(C)C)=CC(C(C)C)=C1C2=C([P+](C3CCCCC3)([Pd-2]4(OS(C)(=O)=O)C(C=CC=C5)=C5C6=C([NH+]4C)C=CC=C6)C7CCCCC7)C=CC=C2,XPhos Pd G4,0.08260742400000001 milligram,0.09600000000000003 micromole,0.08260742400000003 microliter,C47H64NO3PPdS,0.24,C1COCCO1,DMF,20.52 milligram,232.90127800603818 micromole,21.6 microliter,C4H8O2,582.2531950150952,[K+].[K+].[K+].[O-]P([O-])([O-])=O,K3PO4,0.7641504000000002 milligram,3.6000000000000014 micromole,0.7641504000000005 microliter,K3O4P,9.0,O,water,3.047886095999999 milligram,169.18601698584507 micromole,3.047886095999999 microliter,H2O,422.96504246461257,CN1C=NC2=C1C(=O)N(C(=O)N2C)C,caffeine,0.09321168000000002 milligram,0.4800000000000001 micromole,0.09321168000000003 microliter,C8H10N4O2,1.1999999999999997,C1COCCO1,dioxane,3.3935943787199996 milligram,38.51717679522393 micromole,3.2947518239999996 microliter,C4H8O2,96.2929419880598,COc1ccc(-c2ccccc2)cc1F,suzuki_product,0.0 milligram,0.0 micromole,0 microliter,C13H11FO,0.0,c1ccccc1,dehalogenation_byproduct,0.0 milligram,0.0 micromole,0 microliter,C6H6,0.0,COc1ccccc1F,deborylation_byproduct,0.0 milligram,0.0 micromole,0 microliter,C7H7FO,0.0,BrC1=CC=CC=C1.COc1ccc(B2OC(C)(C)C(C)(C)O2)cc1F>>COc1ccc(-c2ccccc2)cc1F.COc1ccccc1F.c1ccccc1,pcr_A12,,,,,,,,,,,,,,,12/18/2023 4:05:32 PM,5,011_rln-nb-2443_018_ct-126_012.raw,1,Rxn_Opt_HSST3_2_98_2min,"A,12",2min_100_1500.EXP,"A,12",pcr_A12,pcr_A12,Eunjae Shim,0.0
A13,CC1=C(C(=NN1C(C)C)N)Br,4-BROMO-1-ISOPROPYL-5-METHYL-1H-PYRAZOL-3-AMINE,0.08723920000000002 milligram,0.40000000000000013 micromole,0.08723920000000003 microliter,C7H12BrN3,1.0,CCc1ccc(B(O)O)cc1,417706695,0.07199328 milligram,0.4800000000000001 micromole,0.07199328000000002 microliter,C8H11BO2,1.1999999999999997,CC(C)C1=CC(C(C)C)=CC(C(C)C)=C1C2=C([P+](C3CCCCC3)([Pd-2]4(OS(C)(=O)=O)C(C=CC=C5)=C5C6=C([NH+]4C)C=CC=C6)C7CCCCC7)C=CC=C2,XPhos Pd G4,0.08260742400000001 milligram,0.09600000000000003 micromole,0.08260742400000003 microliter,C47H64NO3PPdS,0.24,C1COCCO1,DMF,20.52 milligram,232.90127800603818 micromole,21.6 microliter,C4H8O2,582.2531950150952,[K+].[K+].[K+].[O-]P([O-])([O-])=O,K3PO4,0.7641504000000002 milligram,3.6000000000000014 micromole,0.7641504000000005 microliter,K3O4P,9.0,O,water,3.047886095999999 milligram,169.18601698584507 micromole,3.047886095999999 microliter,H2O,422.96504246461257,CN1C=NC2=C1C(=O)N(C(=O)N2C)C,caffeine,0.09321168000000002 milligram,0.4800000000000001 micromole,0.09321168000000003 microliter,C8H10N4O2,1.1999999999999997,C1COCCO1,dioxane,3.3935943787199996 milligram,38.51717679522393 micromole,3.2947518239999996 microliter,C4H8O2,96.2929419880598,CCc1ccc(-c2c(N)nn(C(C)C)c2C)cc1,suzuki_product,0.0 milligram,0.0 micromole,0 microliter,C15H21N3,0.0,Cc1cc(N)nn1C(C)C,dehalogenation_byproduct,0.0 milligram,0.0 micromole,0 microliter,C7H13N3,0.0,CCc1ccccc1,deborylation_byproduct,0.0 milligram,0.0 micromole,0 microliter,C8H10,0.0,CC1=C(C(=NN1C(C)C)N)Br.CCc1ccc(B(O)O)cc1>>CCc1ccc(-c2c(N)nn(C(C)C)c2C)cc1.CCc1ccccc1.Cc1cc(N)nn1C(C)C,pcr_A13,,,,,,,,,,,,,,,12/18/2023 4:08:02 PM,5,011_rln-nb-2443_018_ct-126_013.raw,1,Rxn_Opt_HSST3_2_98_2min,"A,13",2min_100_1500.EXP,"A,13",pcr_A13,pcr_A13,Eunjae Shim,3.056821900138658
A14,C1CON=C1C2=CC=C(C=C2)Br,"3-(4-bromophenyl)-4,5-dihydro-1,2-oxazole",0.09042920000000002 milligram,0.40000000000000013 micromole,0.09042920000000003 microliter,C9H8BrNO,1.0,CCc1ccc(B(O)O)cc1,417706695,0.07199328 milligram,0.4800000000000001 micromole,0.07199328000000002 microliter,C8H11BO2,1.1999999999999997,CC(C)C1=CC(C(C)C)=CC(C(C)C)=C1C2=C([P+](C3CCCCC3)([Pd-2]4(OS(C)(=O)=O)C(C=CC=C5)=C5C6=C([NH+]4C)C=CC=C6)C7CCCCC7)C=CC=C2,XPhos Pd G4,0.08260742400000001 milligram,0.09600000000000003 micromole,0.08260742400000003 microliter,C47H64NO3PPdS,0.24,C1COCCO1,DMF,20.52 milligram,232.90127800603818 micromole,21.6 microliter,C4H8O2,582.2531950150952,[K+].[K+].[K+].[O-]P([O-])([O-])=O,K3PO4,0.7641504000000002 milligram,3.6000000000000014 micromole,0.7641504000000005 microliter,K3O4P,9.0,O,water,3.047886095999999 milligram,169.18601698584507 micromole,3.047886095999999 microliter,H2O,422.96504246461257,CN1C=NC2=C1C(=O)N(C(=O)N2C)C,caffeine,0.09321168000000002 milligram,0.4800000000000001 micromole,0.09321168000000003 microliter,C8H10N4O2,1.1999999999999997,C1COCCO1,dioxane,3.3935943787199996 milligram,38.51717679522393 micromole,3.2947518239999996 microliter,C4H8O2,96.2929419880598,CCc1ccc(-c2ccc(C3=NOCC3)cc2)cc1,suzuki_product,0.0 milligram,0.0 micromole,0 microliter,C17H17NO,0.0,c1ccc(C2=NOCC2)cc1,dehalogenation_byproduct,0.0 milligram,0.0 micromole,0 microliter,C9H9NO,0.0,CCc1ccccc1,deborylation_byproduct,0.0 milligram,0.0 micromole,0 microliter,C8H10,0.0,C1CON=C1C2=CC=C(C=C2)Br.CCc1ccc(B(O)O)cc1>>CCc1ccc(-c2ccc(C3=NOCC3)cc2)cc1.CCc1ccccc1.c1ccc(C2=NOCC2)cc1,pcr_A14,,,,,,,,,,,,,,,12/18/2023 4:10:32 PM,5,011_rln-nb-2443_018_ct-126_014.raw,1,Rxn_Opt_HSST3_2_98_2min,"A,14",2min_100_1500.EXP,"A,14",pcr_A14,pcr_A14,Eunjae Shim,70.44787355810685
A15,C1=NC(=C(NC1=O)Cl)Br,5-bromo-6-chloropyrazin-2-ol,0.08377200000000001 milligram,0.40000000000000013 micromole,0.08377200000000003 microliter,C4H2BrClN2O,1.0,CCc1ccc(B(O)O)cc1,417706695,0.07199328 milligram,0.4800000000000001 micromole,0.07199328000000002 microliter,C8H11BO2,1.1999999999999997,CC(C)C1=CC(C(C)C)=CC(C(C)C)=C1C2=C([P+](C3CCCCC3)([Pd-2]4(OS(C)(=O)=O)C(C=CC=C5)=C5C6=C([NH+]4C)C=CC=C6)C7CCCCC7)C=CC=C2,XPhos Pd G4,0.08260742400000001 milligram,0.09600000000000003 micromole,0.08260742400000003 microliter,C47H64NO3PPdS,0.24,C1COCCO1,DMF,20.52 milligram,232.90127800603818 micromole,21.6 microliter,C4H8O2,582.2531950150952,[K+].[K+].[K+].[O-]P([O-])([O-])=O,K3PO4,0.7641504000000002 milligram,3.6000000000000014 micromole,0.7641504000000005 microliter,K3O4P,9.0,O,water,3.047886095999999 milligram,169.18601698584507 micromole,3.047886095999999 microliter,H2O,422.96504246461257,CN1C=NC2=C1C(=O)N(C(=O)N2C)C,caffeine,0.09321168000000002 milligram,0.4800000000000001 micromole,0.09321168000000003 microliter,C8H10N4O2,1.1999999999999997,C1COCCO1,dioxane,3.3935943787199996 milligram,38.51717679522393 micromole,3.2947518239999996 microliter,C4H8O2,96.2929419880598,CCc1ccc(-c2[nH]c(=O)cnc2Br)cc1,suzuki_product,0.0 milligram,0.0 micromole,0 microliter,C12H11BrN2O,0.0,O=c1cncc(Cl)[nH]1,dehalogenation_byproduct,0.0 milligram,0.0 micromole,0 microliter,C4H3ClN2O,0.0,O=c1cnc(Br)c[nH]1,dehalogenation_byproduct,0.0 milligram,0.0 micromole,0 microliter,C4H3BrN2O,0.0,C1=NC(=C(NC1=O)Cl)Br.CCc1ccc(B(O)O)cc1>>CCc1ccc(-c2[nH]c(=O)cnc2Br)cc1.CCc1ccc(-c2ncc(=O)[nH]c2Cl)cc1.CCc1ccccc1.O=c1cnc(Br)c[nH]1.O=c1cncc(Cl)[nH]1,pcr_A15,CCc1ccc(-c2ncc(=O)[nH]c2Cl)cc1,suzuki_product,0.0 milligram,0.0 micromole,0 microliter,C12H11ClN2O,0.0,CCc1ccccc1,deborylation_byproduct,0.0 milligram,0.0 micromole,0 microliter,C8H10,0.0,12/18/2023 4:13:01 PM,5,011_rln-nb-2443_018_ct-126_015.raw,1,Rxn_Opt_HSST3_2_98_2min,"A,15",2min_100_1500.EXP,"A,15",pcr_A15,pcr_A15,Eunjae Shim,3.8007737112979
A16,Cc1c(Br)cnc2[nH]ccc12,"5-bromo-4-methyl-1H-pyrrolo[2,3-b]pyridine",0.08442480000000005 milligram,0.40000000000000013 micromole,0.08442480000000006 microliter,C8H7BrN2,1.0,CCc1ccc(B(O)O)cc1,417706695,0.07199328 milligram,0.4800000000000001 micromole,0.07199328000000002 microliter,C8H11BO2,1.1999999999999997,CC(C)C1=CC(C(C)C)=CC(C(C)C)=C1C2=C([P+](C3CCCCC3)([Pd-2]4(OS(C)(=O)=O)C(C=CC=C5)=C5C6=C([NH+]4C)C=CC=C6)C7CCCCC7)C=CC=C2,XPhos Pd G4,0.08260742400000001 milligram,0.09600000000000003 micromole,0.08260742400000003 microliter,C47H64NO3PPdS,0.24,C1COCCO1,DMF,20.52 milligram,232.90127800603818 micromole,21.6 microliter,C4H8O2,582.2531950150952,[K+].[K+].[K+].[O-]P([O-])([O-])=O,K3PO4,0.7641504000000002 milligram,3.6000000000000014 micromole,0.7641504000000005 microliter,K3O4P,9.0,O,water,3.047886095999999 milligram,169.18601698584507 micromole,3.047886095999999 microliter,H2O,422.96504246461257,CN1C=NC2=C1C(=O)N(C(=O)N2C)C,caffeine,0.09321168000000002 milligram,0.4800000000000001 micromole,0.09321168000000003 microliter,C8H10N4O2,1.1999999999999997,C1COCCO1,dioxane,3.3935943787199996 milligram,38.51717679522393 micromole,3.2947518239999996 microliter,C4H8O2,96.2929419880598,CCc1ccc(-c2cnc3[nH]ccc3c2C)cc1,suzuki_product,0.0 milligram,0.0 micromole,0 microliter,C16H16N2,0.0,Cc1ccnc2[nH]ccc12,dehalogenation_byproduct,0.0 milligram,0.0 micromole,0 microliter,C8H8N2,0.0,CCc1ccccc1,deborylation_byproduct,0.0 milligram,0.0 micromole,0 microliter,C8H10,0.0,CCc1ccc(B(O)O)cc1.Cc1c(Br)cnc2[nH]ccc12>>CCc1ccc(-c2cnc3[nH]ccc3c2C)cc1.CCc1ccccc1.Cc1ccnc2[nH]ccc12,pcr_A16,,,,,,,,,,,,,,,12/18/2023 4:15:32 PM,5,011_rln-nb-2443_018_ct-126_016.raw,1,Rxn_Opt_HSST3_2_98_2min,"A,16",2min_100_1500.EXP,"A,16",pcr_A16,pcr_A16,Eunjae Shim,2.2523955344561153
A17,COc1ccc(-c2nnc(Br)o2)cc1,"2-bromo-5-(4-methoxyphenyl)-1,3,4-oxadiazole",0.10202840000000003 milligram,0.40000000000000013 micromole,0.10202840000000006 microliter,C9H7BrN2O2,1.0,CCc1ccc(B(O)O)cc1,417706695,0.07199328 milligram,0.4800000000000001 micromole,0.07199328000000002 microliter,C8H11BO2,1.1999999999999997,CC(C)C1=CC(C(C)C)=CC(C(C)C)=C1C2=C([P+](C3CCCCC3)([Pd-2]4(OS(C)(=O)=O)C(C=CC=C5)=C5C6=C([NH+]4C)C=CC=C6)C7CCCCC7)C=CC=C2,XPhos Pd G4,0.08260742400000001 milligram,0.09600000000000003 micromole,0.08260742400000003 microliter,C47H64NO3PPdS,0.24,C1COCCO1,DMF,20.52 milligram,232.90127800603818 micromole,21.6 microliter,C4H8O2,582.2531950150952,[K+].[K+].[K+].[O-]P([O-])([O-])=O,K3PO4,0.7641504000000002 milligram,3.6000000000000014 micromole,0.7641504000000005 microliter,K3O4P,9.0,O,water,3.047886095999999 milligram,169.18601698584507 micromole,3.047886095999999 microliter,H2O,422.96504246461257,CN1C=NC2=C1C(=O)N(C(=O)N2C)C,caffeine,0.09321168000000002 milligram,0.4800000000000001 micromole,0.09321168000000003 microliter,C8H10N4O2,1.1999999999999997,C1COCCO1,dioxane,3.3935943787199996 milligram,38.51717679522393 micromole,3.2947518239999996 microliter,C4H8O2,96.2929419880598,CCc1ccc(-c2nnc(-c3ccc(OC)cc3)o2)cc1,suzuki_product,0.0 milligram,0.0 micromole,0 microliter,C17H16N2O2,0.0,COc1ccc(-c2nnco2)cc1,dehalogenation_byproduct,0.0 milligram,0.0 micromole,0 microliter,C9H8N2O2,0.0,CCc1ccccc1,deborylation_byproduct,0.0 milligram,0.0 micromole,0 microliter,C8H10,0.0,CCc1ccc(B(O)O)cc1.COc1ccc(-c2nnc(Br)o2)cc1>>CCc1ccc(-c2nnc(-c3ccc(OC)cc3)o2)cc1.CCc1ccccc1.COc1ccc(-c2nnco2)cc1,pcr_A17,,,,,,,,,,,,,,,12/18/2023 4:18:02 PM,5,011_rln-nb-2443_018_ct-126_017.raw,1,Rxn_Opt_HSST3_2_98_2min,"A,17",2min_100_1500.EXP,"A,17",pcr_A17,pcr_A17,Eunjae Shim,7.736195752359689
A18,BrC1=CC=CC=C1,phenylbromide,0.06280400000000001 milligram,0.40000000000000013 micromole,0.06280400000000003 microliter,C6H5Br,1.0,CCc1ccc(B(O)O)cc1,417706695,0.07199328 milligram,0.4800000000000001 micromole,0.07199328000000002 microliter,C8H11BO2,1.1999999999999997,CC(C)C1=CC(C(C)C)=CC(C(C)C)=C1C2=C([P+](C3CCCCC3)([Pd-2]4(OS(C)(=O)=O)C(C=CC=C5)=C5C6=C([NH+]4C)C=CC=C6)C7CCCCC7)C=CC=C2,XPhos Pd G4,0.08260742400000001 milligram,0.09600000000000003 micromole,0.08260742400000003 microliter,C47H64NO3PPdS,0.24,C1COCCO1,DMF,20.52 milligram,232.90127800603818 micromole,21.6 microliter,C4H8O2,582.2531950150952,[K+].[K+].[K+].[O-]P([O-])([O-])=O,K3PO4,0.7641504000000002 milligram,3.6000000000000014 micromole,0.7641504000000005 microliter,K3O4P,9.0,O,water,3.047886095999999 milligram,169.18601698584507 micromole,3.047886095999999 microliter,H2O,422.96504246461257,CN1C=NC2=C1C(=O)N(C(=O)N2C)C,caffeine,0.09321168000000002 milligram,0.4800000000000001 micromole,0.09321168000000003 microliter,C8H10N4O2,1.1999999999999997,C1COCCO1,dioxane,3.3935943787199996 milligram,38.51717679522393 micromole,3.2947518239999996 microliter,C4H8O2,96.2929419880598,CCc1ccc(-c2ccccc2)cc1,suzuki_product,0.0 milligram,0.0 micromole,0 microliter,C14H14,0.0,c1ccccc1,dehalogenation_byproduct,0.0 milligram,0.0 micromole,0 microliter,C6H6,0.0,CCc1ccccc1,deborylation_byproduct,0.0 milligram,0.0 micromole,0 microliter,C8H10,0.0,BrC1=CC=CC=C1.CCc1ccc(B(O)O)cc1>>CCc1ccc(-c2ccccc2)cc1.CCc1ccccc1.c1ccccc1,pcr_A18,,,,,,,,,,,,,,,12/18/2023 4:20:32 PM,5,011_rln-nb-2443_018_ct-126_018.raw,1,Rxn_Opt_HSST3_2_98_2min,"A,18",2min_100_1500.EXP,"A,18",pcr_A18,pcr_A18,Eunjae Shim,0.0
A19,CC1=C(C(=NN1C(C)C)N)Br,4-BROMO-1-ISOPROPYL-5-METHYL-1H-PYRAZOL-3-AMINE,0.08723920000000002 milligram,0.40000000000000013 micromole,0.08723920000000003 microliter,C7H12BrN3,1.0,COc1ccc(B2OC(C)(C)C(C)(C)O2)cc1F,417385164,0.12100512 milligram,0.4800000000000001 micromole,0.12100512000000002 microliter,C13H18BFO3,1.1999999999999997,CC(C)C1=CC(C(C)C)=CC(C(C)C)=C1C2=C([P+](C3CCCCC3)([Pd-2]4(OS(C)(=O)=O)C(C=CC=C5)=C5C6=C([NH+]4C)C=CC=C6)C7CCCCC7)C=CC=C2,XPhos Pd G4,0.08260742400000001 milligram,0.09600000000000003 micromole,0.08260742400000003 microliter,C47H64NO3PPdS,0.24,C1COCCO1,DMF,20.52 milligram,232.90127800603818 micromole,21.6 microliter,C4H8O2,582.2531950150952,[K+].[K+].[K+].[O-]P([O-])([O-])=O,K3PO4,0.7641504000000002 milligram,3.6000000000000014 micromole,0.7641504000000005 microliter,K3O4P,9.0,O,water,3.047886095999999 milligram,169.18601698584507 micromole,3.047886095999999 microliter,H2O,422.96504246461257,CN1C=NC2=C1C(=O)N(C(=O)N2C)C,caffeine,0.09321168000000002 milligram,0.4800000000000001 micromole,0.09321168000000003 microliter,C8H10N4O2,1.1999999999999997,C1COCCO1,dioxane,3.3935943787199996 milligram,38.51717679522393 micromole,3.2947518239999996 microliter,C4H8O2,96.2929419880598,COc1ccc(-c2c(N)nn(C(C)C)c2C)cc1F,suzuki_product,0.0 milligram,0.0 micromole,0 microliter,C14H18FN3O,0.0,Cc1cc(N)nn1C(C)C,dehalogenation_byproduct,0.0 milligram,0.0 micromole,0 microliter,C7H13N3,0.0,COc1ccccc1F,deborylation_byproduct,0.0 milligram,0.0 micromole,0 microliter,C7H7FO,0.0,CC1=C(C(=NN1C(C)C)N)Br.COc1ccc(B2OC(C)(C)C(C)(C)O2)cc1F>>COc1ccc(-c2c(N)nn(C(C)C)c2C)cc1F.COc1ccccc1F.Cc1cc(N)nn1C(C)C,pcr_A19,,,,,,,,,,,,,,,12/18/2023 4:23:02 PM,5,011_rln-nb-2443_018_ct-126_019.raw,1,Rxn_Opt_HSST3_2_98_2min,"A,19",2min_100_1500.EXP,"A,19",pcr_A19,pcr_A19,Eunjae Shim,0.0
A20,C1CON=C1C2=CC=C(C=C2)Br,"3-(4-bromophenyl)-4,5-dihydro-1,2-oxazole",0.09042920000000002 milligram,0.40000000000000013 micromole,0.09042920000000003 microliter,C9H8BrNO,1.0,COc1ccc(B2OC(C)(C)C(C)(C)O2)cc1F,417385164,0.12100512 milligram,0.4800000000000001 micromole,0.12100512000000002 microliter,C13H18BFO3,1.1999999999999997,CC(C)C1=CC(C(C)C)=CC(C(C)C)=C1C2=C([P+](C3CCCCC3)([Pd-2]4(OS(C)(=O)=O)C(C=CC=C5)=C5C6=C([NH+]4C)C=CC=C6)C7CCCCC7)C=CC=C2,XPhos Pd G4,0.08260742400000001 milligram,0.09600000000000003 micromole,0.08260742400000003 microliter,C47H64NO3PPdS,0.24,C1COCCO1,DMF,20.52 milligram,232.90127800603818 micromole,21.6 microliter,C4H8O2,582.2531950150952,[K+].[K+].[K+].[O-]P([O-])([O-])=O,K3PO4,0.7641504000000002 milligram,3.6000000000000014 micromole,0.7641504000000005 microliter,K3O4P,9.0,O,water,3.047886095999999 milligram,169.18601698584507 micromole,3.047886095999999 microliter,H2O,422.96504246461257,CN1C=NC2=C1C(=O)N(C(=O)N2C)C,caffeine,0.09321168000000002 milligram,0.4800000000000001 micromole,0.09321168000000003 microliter,C8H10N4O2,1.1999999999999997,C1COCCO1,dioxane,3.3935943787199996 milligram,38.51717679522393 micromole,3.2947518239999996 microliter,C4H8O2,96.2929419880598,COc1ccc(-c2ccc(C3=NOCC3)cc2)cc1F,suzuki_product,0.0 milligram,0.0 micromole,0 microliter,C16H14FNO2,0.0,c1ccc(C2=NOCC2)cc1,dehalogenation_byproduct,0.0 milligram,0.0 micromole,0 microliter,C9H9NO,0.0,COc1ccccc1F,deborylation_byproduct,0.0 milligram,0.0 micromole,0 microliter,C7H7FO,0.0,C1CON=C1C2=CC=C(C=C2)Br.COc1ccc(B2OC(C)(C)C(C)(C)O2)cc1F>>COc1ccc(-c2ccc(C3=NOCC3)cc2)cc1F.COc1ccccc1F.c1ccc(C2=NOCC2)cc1,pcr_A20,,,,,,,,,,,,,,,12/18/2023 4:25:33 PM,5,011_rln-nb-2443_018_ct-126_020.raw,1,Rxn_Opt_HSST3_2_98_2min,"A,20",2min_100_1500.EXP,"A,20",pcr_A20,pcr_A20,Eunjae Shim,48.1467053160389
A21,C1=NC(=C(NC1=O)Cl)Br,5-bromo-6-chloropyrazin-2-ol,0.08377200000000001 milligram,0.40000000000000013 micromole,0.08377200000000003 microliter,C4H2BrClN2O,1.0,COc1ccc(B2OC(C)(C)C(C)(C)O2)cc1F,417385164,0.12100512 milligram,0.4800000000000001 micromole,0.12100512000000002 microliter,C13H18BFO3,1.1999999999999997,CC(C)C1=CC(C(C)C)=CC(C(C)C)=C1C2=C([P+](C3CCCCC3)([Pd-2]4(OS(C)(=O)=O)C(C=CC=C5)=C5C6=C([NH+]4C)C=CC=C6)C7CCCCC7)C=CC=C2,XPhos Pd G4,0.08260742400000001 milligram,0.09600000000000003 micromole,0.08260742400000003 microliter,C47H64NO3PPdS,0.24,C1COCCO1,DMF,20.52 milligram,232.90127800603818 micromole,21.6 microliter,C4H8O2,582.2531950150952,[K+].[K+].[K+].[O-]P([O-])([O-])=O,K3PO4,0.7641504000000002 milligram,3.6000000000000014 micromole,0.7641504000000005 microliter,K3O4P,9.0,O,water,3.047886095999999 milligram,169.18601698584507 micromole,3.047886095999999 microliter,H2O,422.96504246461257,CN1C=NC2=C1C(=O)N(C(=O)N2C)C,caffeine,0.09321168000000002 milligram,0.4800000000000001 micromole,0.09321168000000003 microliter,C8H10N4O2,1.1999999999999997,C1COCCO1,dioxane,3.3935943787199996 milligram,38.51717679522393 micromole,3.2947518239999996 microliter,C4H8O2,96.2929419880598,COc1ccc(-c2[nH]c(=O)cnc2Br)cc1F,suzuki_product,0.0 milligram,0.0 micromole,0 microliter,C11H8BrFN2O2,0.0,O=c1cncc(Cl)[nH]1,dehalogenation_byproduct,0.0 milligram,0.0 micromole,0 microliter,C4H3ClN2O,0.0,O=c1cnc(Br)c[nH]1,dehalogenation_byproduct,0.0 milligram,0.0 micromole,0 microliter,C4H3BrN2O,0.0,C1=NC(=C(NC1=O)Cl)Br.COc1ccc(B2OC(C)(C)C(C)(C)O2)cc1F>>COc1ccc(-c2[nH]c(=O)cnc2Br)cc1F.COc1ccc(-c2ncc(=O)[nH]c2Cl)cc1F.COc1ccccc1F.O=c1cnc(Br)c[nH]1.O=c1cncc(Cl)[nH]1,pcr_A21,COc1ccc(-c2ncc(=O)[nH]c2Cl)cc1F,suzuki_product,0.0 milligram,0.0 micromole,0 microliter,C11H8ClFN2O2,0.0,COc1ccccc1F,deborylation_byproduct,0.0 milligram,0.0 micromole,0 microliter,C7H7FO,0.0,12/18/2023 4:28:03 PM,5,011_rln-nb-2443_018_ct-126_021.raw,1,Rxn_Opt_HSST3_2_98_2min,"A,21",2min_100_1500.EXP,"A,21",pcr_A21,pcr_A21,Eunjae Shim,6.85038410611544
A22,Cc1c(Br)cnc2[nH]ccc12,"5-bromo-4-methyl-1H-pyrrolo[2,3-b]pyridine",0.08442480000000005 milligram,0.40000000000000013 micromole,0.08442480000000006 microliter,C8H7BrN2,1.0,COc1ccc(B2OC(C)(C)C(C)(C)O2)cc1F,417385164,0.12100512 milligram,0.4800000000000001 micromole,0.12100512000000002 microliter,C13H18BFO3,1.1999999999999997,CC(C)C1=CC(C(C)C)=CC(C(C)C)=C1C2=C([P+](C3CCCCC3)([Pd-2]4(OS(C)(=O)=O)C(C=CC=C5)=C5C6=C([NH+]4C)C=CC=C6)C7CCCCC7)C=CC=C2,XPhos Pd G4,0.08260742400000001 milligram,0.09600000000000003 micromole,0.08260742400000003 microliter,C47H64NO3PPdS,0.24,C1COCCO1,DMF,20.52 milligram,232.90127800603818 micromole,21.6 microliter,C4H8O2,582.2531950150952,[K+].[K+].[K+].[O-]P([O-])([O-])=O,K3PO4,0.7641504000000002 milligram,3.6000000000000014 micromole,0.7641504000000005 microliter,K3O4P,9.0,O,water,3.047886095999999 milligram,169.18601698584507 micromole,3.047886095999999 microliter,H2O,422.96504246461257,CN1C=NC2=C1C(=O)N(C(=O)N2C)C,caffeine,0.09321168000000002 milligram,0.4800000000000001 micromole,0.09321168000000003 microliter,C8H10N4O2,1.1999999999999997,C1COCCO1,dioxane,3.3935943787199996 milligram,38.51717679522393 micromole,3.2947518239999996 microliter,C4H8O2,96.2929419880598,COc1ccc(-c2cnc3[nH]ccc3c2C)cc1F,suzuki_product,0.0 milligram,0.0 micromole,0 microliter,C15H13FN2O,0.0,Cc1ccnc2[nH]ccc12,dehalogenation_byproduct,0.0 milligram,0.0 micromole,0 microliter,C8H8N2,0.0,COc1ccccc1F,deborylation_byproduct,0.0 milligram,0.0 micromole,0 microliter,C7H7FO,0.0,COc1ccc(B2OC(C)(C)C(C)(C)O2)cc1F.Cc1c(Br)cnc2[nH]ccc12>>COc1ccc(-c2cnc3[nH]ccc3c2C)cc1F.COc1ccccc1F.Cc1ccnc2[nH]ccc12,pcr_A22,,,,,,,,,,,,,,,12/18/2023 4:30:33 PM,5,011_rln-nb-2443_018_ct-126_022.raw,1,Rxn_Opt_HSST3_2_98_2min,"A,22",2min_100_1500.EXP,"A,22",pcr_A22,pcr_A22,Eunjae Shim,2.7477888851146552
A23,COc1ccc(-c2nnc(Br)o2)cc1,"2-bromo-5-(4-methoxyphenyl)-1,3,4-oxadiazole",0.10202840000000003 milligram,0.40000000000000013 micromole,0.10202840000000006 microliter,C9H7BrN2O2,1.0,COc1ccc(B2OC(C)(C)C(C)(C)O2)cc1F,417385164,0.12100512 milligram,0.4800000000000001 micromole,0.12100512000000002 microliter,C13H18BFO3,1.1999999999999997,CC(C)C1=CC(C(C)C)=CC(C(C)C)=C1C2=C([P+](C3CCCCC3)([Pd-2]4(OS(C)(=O)=O)C(C=CC=C5)=C5C6=C([NH+]4C)C=CC=C6)C7CCCCC7)C=CC=C2,XPhos Pd G4,0.08260742400000001 milligram,0.09600000000000003 micromole,0.08260742400000003 microliter,C47H64NO3PPdS,0.24,C1COCCO1,DMF,20.52 milligram,232.90127800603818 micromole,21.6 microliter,C4H8O2,582.2531950150952,[K+].[K+].[K+].[O-]P([O-])([O-])=O,K3PO4,0.7641504000000002 milligram,3.6000000000000014 micromole,0.7641504000000005 microliter,K3O4P,9.0,O,water,3.047886095999999 milligram,169.18601698584507 micromole,3.047886095999999 microliter,H2O,422.96504246461257,CN1C=NC2=C1C(=O)N(C(=O)N2C)C,caffeine,0.09321168000000002 milligram,0.4800000000000001 micromole,0.09321168000000003 microliter,C8H10N4O2,1.1999999999999997,C1COCCO1,dioxane,3.3935943787199996 milligram,38.51717679522393 micromole,3.2947518239999996 microliter,C4H8O2,96.2929419880598,COc1ccc(-c2nnc(-c3ccc(OC)c(F)c3)o2)cc1,suzuki_product,0.0 milligram,0.0 micromole,0 microliter,C16H13FN2O3,0.0,COc1ccc(-c2nnco2)cc1,dehalogenation_byproduct,0.0 milligram,0.0 micromole,0 microliter,C9H8N2O2,0.0,COc1ccccc1F,deborylation_byproduct,0.0 milligram,0.0 micromole,0 microliter,C7H7FO,0.0,COc1ccc(-c2nnc(Br)o2)cc1.COc1ccc(B2OC(C)(C)C(C)(C)O2)cc1F>>COc1ccc(-c2nnc(-c3ccc(OC)c(F)c3)o2)cc1.COc1ccc(-c2nnco2)cc1.COc1ccccc1F,pcr_A23,,,,,,,,,,,,,,,12/18/2023 4:33:03 PM,5,011_rln-nb-2443_018_ct-126_023.raw,1,Rxn_Opt_HSST3_2_98_2min,"A,23",2min_100_1500.EXP,"A,23",pcr_A23,pcr_A23,Eunjae Shim,4.361378992880473
A24,BrC1=CC=CC=C1,phenylbromide,0.06280400000000001 milligram,0.40000000000000013 micromole,0.06280400000000003 microliter,C6H5Br,1.0,COc1ccc(B2OC(C)(C)C(C)(C)O2)cc1F,417385164,0.12100512 milligram,0.4800000000000001 micromole,0.12100512000000002 microliter,C13H18BFO3,1.1999999999999997,CC(C)C1=CC(C(C)C)=CC(C(C)C)=C1C2=C([P+](C3CCCCC3)([Pd-2]4(OS(C)(=O)=O)C(C=CC=C5)=C5C6=C([NH+]4C)C=CC=C6)C7CCCCC7)C=CC=C2,XPhos Pd G4,0.08260742400000001 milligram,0.09600000000000003 micromole,0.08260742400000003 microliter,C47H64NO3PPdS,0.24,C1COCCO1,DMF,20.52 milligram,232.90127800603818 micromole,21.6 microliter,C4H8O2,582.2531950150952,[K+].[K+].[K+].[O-]P([O-])([O-])=O,K3PO4,0.7641504000000002 milligram,3.6000000000000014 micromole,0.7641504000000005 microliter,K3O4P,9.0,O,water,3.047886095999999 milligram,169.18601698584507 micromole,3.047886095999999 microliter,H2O,422.96504246461257,CN1C=NC2=C1C(=O)N(C(=O)N2C)C,caffeine,0.09321168000000002 milligram,0.4800000000000001 micromole,0.09321168000000003 microliter,C8H10N4O2,1.1999999999999997,C1COCCO1,dioxane,3.3935943787199996 milligram,38.51717679522393 micromole,3.2947518239999996 microliter,C4H8O2,96.2929419880598,COc1ccc(-c2ccccc2)cc1F,suzuki_product,0.0 milligram,0.0 micromole,0 microliter,C13H11FO,0.0,c1ccccc1,dehalogenation_byproduct,0.0 milligram,0.0 micromole,0 microliter,C6H6,0.0,COc1ccccc1F,deborylation_byproduct,0.0 milligram,0.0 micromole,0 microliter,C7H7FO,0.0,BrC1=CC=CC=C1.COc1ccc(B2OC(C)(C)C(C)(C)O2)cc1F>>COc1ccc(-c2ccccc2)cc1F.COc1ccccc1F.c1ccccc1,pcr_A24,,,,,,,,,,,,,,,12/18/2023 4:35:33 PM,5,011_rln-nb-2443_018_ct-126_024.raw,1,Rxn_Opt_HSST3_2_98_2min,"A,24",2min_100_1500.EXP,"A,24",pcr_A24,pcr_A24,Eunjae Shim,0.0
B1,CC1=C(C(=NN1C(C)C)N)Br,4-BROMO-1-ISOPROPYL-5-METHYL-1H-PYRAZOL-3-AMINE,0.08723920000000002 milligram,0.40000000000000013 micromole,0.08723920000000003 microliter,C7H12BrN3,1.0,COc1ccccc1B(O)O,417715635,0.07293984 milligram,0.4800000000000001 micromole,0.07293984000000002 microliter,C7H9BO3,1.1999999999999997,CC(C)C1=CC(C(C)C)=CC(C(C)C)=C1C2=C([P+](C3CCCCC3)([Pd-2]4(OS(C)(=O)=O)C(C=CC=C5)=C5C6=C([NH+]4C)C=CC=C6)C7CCCCC7)C=CC=C2,XPhos Pd G4,0.08260742400000001 milligram,0.09600000000000003 micromole,0.08260742400000003 microliter,C47H64NO3PPdS,0.24,C1COCCO1,DMF,20.52 milligram,232.90127800603818 micromole,21.6 microliter,C4H8O2,582.2531950150952,[K+].[K+].[K+].[O-]P([O-])([O-])=O,K3PO4,0.7641504000000002 milligram,3.6000000000000014 micromole,0.7641504000000005 microliter,K3O4P,9.0,O,water,3.047886095999999 milligram,169.18601698584507 micromole,3.047886095999999 microliter,H2O,422.96504246461257,CN1C=NC2=C1C(=O)N(C(=O)N2C)C,caffeine,0.09321168000000002 milligram,0.4800000000000001 micromole,0.09321168000000003 microliter,C8H10N4O2,1.1999999999999997,C1COCCO1,dioxane,3.3935943787199996 milligram,38.51717679522393 micromole,3.2947518239999996 microliter,C4H8O2,96.2929419880598,COc1ccccc1-c1c(N)nn(C(C)C)c1C,suzuki_product,0.0 milligram,0.0 micromole,0 microliter,C14H19N3O,0.0,Cc1cc(N)nn1C(C)C,dehalogenation_byproduct,0.0 milligram,0.0 micromole,0 microliter,C7H13N3,0.0,COc1ccccc1,deborylation_byproduct,0.0 milligram,0.0 micromole,0 microliter,C7H8O,0.0,CC1=C(C(=NN1C(C)C)N)Br.COc1ccccc1B(O)O>>COc1ccccc1.COc1ccccc1-c1c(N)nn(C(C)C)c1C.Cc1cc(N)nn1C(C)C,pcr_B1,,,,,,,,,,,,,,,12/18/2023 4:38:04 PM,5,011_rln-nb-2443_018_ct-126_025.raw,1,Rxn_Opt_HSST3_2_98_2min,"B,1",2min_100_1500.EXP,"B,1",pcr_B1,pcr_B1,Eunjae Shim,2.6529821205000492
B2,C1CON=C1C2=CC=C(C=C2)Br,"3-(4-bromophenyl)-4,5-dihydro-1,2-oxazole",0.09042920000000002 milligram,0.40000000000000013 micromole,0.09042920000000003 microliter,C9H8BrNO,1.0,COc1ccccc1B(O)O,417715635,0.07293984 milligram,0.4800000000000001 micromole,0.07293984000000002 microliter,C7H9BO3,1.1999999999999997,CC(C)C1=CC(C(C)C)=CC(C(C)C)=C1C2=C([P+](C3CCCCC3)([Pd-2]4(OS(C)(=O)=O)C(C=CC=C5)=C5C6=C([NH+]4C)C=CC=C6)C7CCCCC7)C=CC=C2,XPhos Pd G4,0.08260742400000001 milligram,0.09600000000000003 micromole,0.08260742400000003 microliter,C47H64NO3PPdS,0.24,C1COCCO1,DMF,20.52 milligram,232.90127800603818 micromole,21.6 microliter,C4H8O2,582.2531950150952,[K+].[K+].[K+].[O-]P([O-])([O-])=O,K3PO4,0.7641504000000002 milligram,3.6000000000000014 micromole,0.7641504000000005 microliter,K3O4P,9.0,O,water,3.047886095999999 milligram,169.18601698584507 micromole,3.047886095999999 microliter,H2O,422.96504246461257,CN1C=NC2=C1C(=O)N(C(=O)N2C)C,caffeine,0.09321168000000002 milligram,0.4800000000000001 micromole,0.09321168000000003 microliter,C8H10N4O2,1.1999999999999997,C1COCCO1,dioxane,3.3935943787199996 milligram,38.51717679522393 micromole,3.2947518239999996 microliter,C4H8O2,96.2929419880598,COc1ccccc1-c1ccc(C2=NOCC2)cc1,suzuki_product,0.0 milligram,0.0 micromole,0 microliter,C16H15NO2,0.0,c1ccc(C2=NOCC2)cc1,dehalogenation_byproduct,0.0 milligram,0.0 micromole,0 microliter,C9H9NO,0.0,COc1ccccc1,deborylation_byproduct,0.0 milligram,0.0 micromole,0 microliter,C7H8O,0.0,C1CON=C1C2=CC=C(C=C2)Br.COc1ccccc1B(O)O>>COc1ccccc1.COc1ccccc1-c1ccc(C2=NOCC2)cc1.c1ccc(C2=NOCC2)cc1,pcr_B2,,,,,,,,,,,,,,,12/18/2023 4:40:34 PM,5,011_rln-nb-2443_018_ct-126_026.raw,1,Rxn_Opt_HSST3_2_98_2min,"B,2",2min_100_1500.EXP,"B,2",pcr_B2,pcr_B2,Eunjae Shim,53.43247868447235
B3,C1=NC(=C(NC1=O)Cl)Br,5-bromo-6-chloropyrazin-2-ol,0.08377200000000001 milligram,0.40000000000000013 micromole,0.08377200000000003 microliter,C4H2BrClN2O,1.0,COc1ccccc1B(O)O,417715635,0.07293984 milligram,0.4800000000000001 micromole,0.07293984000000002 microliter,C7H9BO3,1.1999999999999997,CC(C)C1=CC(C(C)C)=CC(C(C)C)=C1C2=C([P+](C3CCCCC3)([Pd-2]4(OS(C)(=O)=O)C(C=CC=C5)=C5C6=C([NH+]4C)C=CC=C6)C7CCCCC7)C=CC=C2,XPhos Pd G4,0.08260742400000001 milligram,0.09600000000000003 micromole,0.08260742400000003 microliter,C47H64NO3PPdS,0.24,C1COCCO1,DMF,20.52 milligram,232.90127800603818 micromole,21.6 microliter,C4H8O2,582.2531950150952,[K+].[K+].[K+].[O-]P([O-])([O-])=O,K3PO4,0.7641504000000002 milligram,3.6000000000000014 micromole,0.7641504000000005 microliter,K3O4P,9.0,O,water,3.047886095999999 milligram,169.18601698584507 micromole,3.047886095999999 microliter,H2O,422.96504246461257,CN1C=NC2=C1C(=O)N(C(=O)N2C)C,caffeine,0.09321168000000002 milligram,0.4800000000000001 micromole,0.09321168000000003 microliter,C8H10N4O2,1.1999999999999997,C1COCCO1,dioxane,3.3935943787199996 milligram,38.51717679522393 micromole,3.2947518239999996 microliter,C4H8O2,96.2929419880598,COc1ccccc1-c1[nH]c(=O)cnc1Br,suzuki_product,0.0 milligram,0.0 micromole,0 microliter,C11H9BrN2O2,0.0,O=c1cncc(Cl)[nH]1,dehalogenation_byproduct,0.0 milligram,0.0 micromole,0 microliter,C4H3ClN2O,0.0,O=c1cnc(Br)c[nH]1,dehalogenation_byproduct,0.0 milligram,0.0 micromole,0 microliter,C4H3BrN2O,0.0,C1=NC(=C(NC1=O)Cl)Br.COc1ccccc1B(O)O>>COc1ccccc1.COc1ccccc1-c1[nH]c(=O)cnc1Br.COc1ccccc1-c1ncc(=O)[nH]c1Cl.O=c1cnc(Br)c[nH]1.O=c1cncc(Cl)[nH]1,pcr_B3,COc1ccccc1-c1ncc(=O)[nH]c1Cl,suzuki_product,0.0 milligram,0.0 micromole,0 microliter,C11H9ClN2O2,0.0,COc1ccccc1,deborylation_byproduct,0.0 milligram,0.0 micromole,0 microliter,C7H8O,0.0,12/18/2023 4:43:04 PM,5,011_rln-nb-2443_018_ct-126_027.raw,1,Rxn_Opt_HSST3_2_98_2min,"B,3",2min_100_1500.EXP,"B,3",pcr_B3,pcr_B3,Eunjae Shim,0.0
B4,Cc1c(Br)cnc2[nH]ccc12,"5-bromo-4-methyl-1H-pyrrolo[2,3-b]pyridine",0.08442480000000005 milligram,0.40000000000000013 micromole,0.08442480000000006 microliter,C8H7BrN2,1.0,COc1ccccc1B(O)O,417715635,0.07293984 milligram,0.4800000000000001 micromole,0.07293984000000002 microliter,C7H9BO3,1.1999999999999997,CC(C)C1=CC(C(C)C)=CC(C(C)C)=C1C2=C([P+](C3CCCCC3)([Pd-2]4(OS(C)(=O)=O)C(C=CC=C5)=C5C6=C([NH+]4C)C=CC=C6)C7CCCCC7)C=CC=C2,XPhos Pd G4,0.08260742400000001 milligram,0.09600000000000003 micromole,0.08260742400000003 microliter,C47H64NO3PPdS,0.24,C1COCCO1,DMF,20.52 milligram,232.90127800603818 micromole,21.6 microliter,C4H8O2,582.2531950150952,[K+].[K+].[K+].[O-]P([O-])([O-])=O,K3PO4,0.7641504000000002 milligram,3.6000000000000014 micromole,0.7641504000000005 microliter,K3O4P,9.0,O,water,3.047886095999999 milligram,169.18601698584507 micromole,3.047886095999999 microliter,H2O,422.96504246461257,CN1C=NC2=C1C(=O)N(C(=O)N2C)C,caffeine,0.09321168000000002 milligram,0.4800000000000001 micromole,0.09321168000000003 microliter,C8H10N4O2,1.1999999999999997,C1COCCO1,dioxane,3.3935943787199996 milligram,38.51717679522393 micromole,3.2947518239999996 microliter,C4H8O2,96.2929419880598,COc1ccccc1-c1cnc2[nH]ccc2c1C,suzuki_product,0.0 milligram,0.0 micromole,0 microliter,C15H14N2O,0.0,Cc1ccnc2[nH]ccc12,dehalogenation_byproduct,0.0 milligram,0.0 micromole,0 microliter,C8H8N2,0.0,COc1ccccc1,deborylation_byproduct,0.0 milligram,0.0 micromole,0 microliter,C7H8O,0.0,COc1ccccc1B(O)O.Cc1c(Br)cnc2[nH]ccc12>>COc1ccccc1.COc1ccccc1-c1cnc2[nH]ccc2c1C.Cc1ccnc2[nH]ccc12,pcr_B4,,,,,,,,,,,,,,,12/18/2023 4:45:34 PM,5,011_rln-nb-2443_018_ct-126_028.raw,1,Rxn_Opt_HSST3_2_98_2min,"B,4",2min_100_1500.EXP,"B,4",pcr_B4,pcr_B4,Eunjae Shim,5.817413334999429
B5,COc1ccc(-c2nnc(Br)o2)cc1,"2-bromo-5-(4-methoxyphenyl)-1,3,4-oxadiazole",0.10202840000000003 milligram,0.40000000000000013 micromole,0.10202840000000006 microliter,C9H7BrN2O2,1.0,COc1ccccc1B(O)O,417715635,0.07293984 milligram,0.4800000000000001 micromole,0.07293984000000002 microliter,C7H9BO3,1.1999999999999997,CC(C)C1=CC(C(C)C)=CC(C(C)C)=C1C2=C([P+](C3CCCCC3)([Pd-2]4(OS(C)(=O)=O)C(C=CC=C5)=C5C6=C([NH+]4C)C=CC=C6)C7CCCCC7)C=CC=C2,XPhos Pd G4,0.08260742400000001 milligram,0.09600000000000003 micromole,0.08260742400000003 microliter,C47H64NO3PPdS,0.24,C1COCCO1,DMF,20.52 milligram,232.90127800603818 micromole,21.6 microliter,C4H8O2,582.2531950150952,[K+].[K+].[K+].[O-]P([O-])([O-])=O,K3PO4,0.7641504000000002 milligram,3.6000000000000014 micromole,0.7641504000000005 microliter,K3O4P,9.0,O,water,3.047886095999999 milligram,169.18601698584507 micromole,3.047886095999999 microliter,H2O,422.96504246461257,CN1C=NC2=C1C(=O)N(C(=O)N2C)C,caffeine,0.09321168000000002 milligram,0.4800000000000001 micromole,0.09321168000000003 microliter,C8H10N4O2,1.1999999999999997,C1COCCO1,dioxane,3.3935943787199996 milligram,38.51717679522393 micromole,3.2947518239999996 microliter,C4H8O2,96.2929419880598,COc1ccc(-c2nnc(-c3ccccc3OC)o2)cc1,suzuki_product,0.0 milligram,0.0 micromole,0 microliter,C16H14N2O3,0.0,COc1ccc(-c2nnco2)cc1,dehalogenation_byproduct,0.0 milligram,0.0 micromole,0 microliter,C9H8N2O2,0.0,COc1ccccc1,deborylation_byproduct,0.0 milligram,0.0 micromole,0 microliter,C7H8O,0.0,COc1ccc(-c2nnc(Br)o2)cc1.COc1ccccc1B(O)O>>COc1ccc(-c2nnc(-c3ccccc3OC)o2)cc1.COc1ccc(-c2nnco2)cc1.COc1ccccc1,pcr_B5,,,,,,,,,,,,,,,12/18/2023 4:48:04 PM,5,011_rln-nb-2443_018_ct-126_029.raw,1,Rxn_Opt_HSST3_2_98_2min,"B,5",2min_100_1500.EXP,"B,5",pcr_B5,pcr_B5,Eunjae Shim,4.662382030234431
B6,BrC1=CC=CC=C1,phenylbromide,0.06280400000000001 milligram,0.40000000000000013 micromole,0.06280400000000003 microliter,C6H5Br,1.0,COc1ccccc1B(O)O,417715635,0.07293984 milligram,0.4800000000000001 micromole,0.07293984000000002 microliter,C7H9BO3,1.1999999999999997,CC(C)C1=CC(C(C)C)=CC(C(C)C)=C1C2=C([P+](C3CCCCC3)([Pd-2]4(OS(C)(=O)=O)C(C=CC=C5)=C5C6=C([NH+]4C)C=CC=C6)C7CCCCC7)C=CC=C2,XPhos Pd G4,0.08260742400000001 milligram,0.09600000000000003 micromole,0.08260742400000003 microliter,C47H64NO3PPdS,0.24,C1COCCO1,DMF,20.52 milligram,232.90127800603818 micromole,21.6 microliter,C4H8O2,582.2531950150952,[K+].[K+].[K+].[O-]P([O-])([O-])=O,K3PO4,0.7641504000000002 milligram,3.6000000000000014 micromole,0.7641504000000005 microliter,K3O4P,9.0,O,water,3.047886095999999 milligram,169.18601698584507 micromole,3.047886095999999 microliter,H2O,422.96504246461257,CN1C=NC2=C1C(=O)N(C(=O)N2C)C,caffeine,0.09321168000000002 milligram,0.4800000000000001 micromole,0.09321168000000003 microliter,C8H10N4O2,1.1999999999999997,C1COCCO1,dioxane,3.3935943787199996 milligram,38.51717679522393 micromole,3.2947518239999996 microliter,C4H8O2,96.2929419880598,COc1ccccc1-c1ccccc1,suzuki_product,0.0 milligram,0.0 micromole,0 microliter,C13H12O,0.0,c1ccccc1,dehalogenation_byproduct,0.0 milligram,0.0 micromole,0 microliter,C6H6,0.0,COc1ccccc1,deborylation_byproduct,0.0 milligram,0.0 micromole,0 microliter,C7H8O,0.0,BrC1=CC=CC=C1.COc1ccccc1B(O)O>>COc1ccccc1.COc1ccccc1-c1ccccc1.c1ccccc1,pcr_B6,,,,,,,,,,,,,,,12/18/2023 4:50:34 PM,5,011_rln-nb-2443_018_ct-126_030.raw,1,Rxn_Opt_HSST3_2_98_2min,"B,6",2min_100_1500.EXP,"B,6",pcr_B6,pcr_B6,Eunjae Shim,0.0
B7,CC1=C(C(=NN1C(C)C)N)Br,4-BROMO-1-ISOPROPYL-5-METHYL-1H-PYRAZOL-3-AMINE,0.08723920000000002 milligram,0.40000000000000013 micromole,0.08723920000000003 microliter,C7H12BrN3,1.0,OB(O)c1ccc(-c2ccccc2)cc1,417707419,0.09505440000000001 milligram,0.4800000000000001 micromole,0.09505440000000004 microliter,C12H11BO2,1.1999999999999997,CC(C)C1=CC(C(C)C)=CC(C(C)C)=C1C2=C([P+](C3CCCCC3)([Pd-2]4(OS(C)(=O)=O)C(C=CC=C5)=C5C6=C([NH+]4C)C=CC=C6)C7CCCCC7)C=CC=C2,XPhos Pd G4,0.08260742400000001 milligram,0.09600000000000003 micromole,0.08260742400000003 microliter,C47H64NO3PPdS,0.24,C1COCCO1,DMF,20.52 milligram,232.90127800603818 micromole,21.6 microliter,C4H8O2,582.2531950150952,[K+].[K+].[K+].[O-]P([O-])([O-])=O,K3PO4,0.7641504000000002 milligram,3.6000000000000014 micromole,0.7641504000000005 microliter,K3O4P,9.0,O,water,3.047886095999999 milligram,169.18601698584507 micromole,3.047886095999999 microliter,H2O,422.96504246461257,CN1C=NC2=C1C(=O)N(C(=O)N2C)C,caffeine,0.09321168000000002 milligram,0.4800000000000001 micromole,0.09321168000000003 microliter,C8H10N4O2,1.1999999999999997,C1COCCO1,dioxane,3.3935943787199996 milligram,38.51717679522393 micromole,3.2947518239999996 microliter,C4H8O2,96.2929419880598,Cc1c(-c2ccc(-c3ccccc3)cc2)c(N)nn1C(C)C,suzuki_product,0.0 milligram,0.0 micromole,0 microliter,C19H21N3,0.0,Cc1cc(N)nn1C(C)C,dehalogenation_byproduct,0.0 milligram,0.0 micromole,0 microliter,C7H13N3,0.0,c1ccc(-c2ccccc2)cc1,deborylation_byproduct,0.0 milligram,0.0 micromole,0 microliter,C12H10,0.0,CC1=C(C(=NN1C(C)C)N)Br.OB(O)c1ccc(-c2ccccc2)cc1>>Cc1c(-c2ccc(-c3ccccc3)cc2)c(N)nn1C(C)C.Cc1cc(N)nn1C(C)C.c1ccc(-c2ccccc2)cc1,pcr_B7,,,,,,,,,,,,,,,12/18/2023 4:53:03 PM,5,011_rln-nb-2443_018_ct-126_031.raw,1,Rxn_Opt_HSST3_2_98_2min,"B,7",2min_100_1500.EXP,"B,7",pcr_B7,pcr_B7,Eunjae Shim,7.481716081462521
B8,C1CON=C1C2=CC=C(C=C2)Br,"3-(4-bromophenyl)-4,5-dihydro-1,2-oxazole",0.09042920000000002 milligram,0.40000000000000013 micromole,0.09042920000000003 microliter,C9H8BrNO,1.0,OB(O)c1ccc(-c2ccccc2)cc1,417707419,0.09505440000000001 milligram,0.4800000000000001 micromole,0.09505440000000004 microliter,C12H11BO2,1.1999999999999997,CC(C)C1=CC(C(C)C)=CC(C(C)C)=C1C2=C([P+](C3CCCCC3)([Pd-2]4(OS(C)(=O)=O)C(C=CC=C5)=C5C6=C([NH+]4C)C=CC=C6)C7CCCCC7)C=CC=C2,XPhos Pd G4,0.08260742400000001 milligram,0.09600000000000003 micromole,0.08260742400000003 microliter,C47H64NO3PPdS,0.24,C1COCCO1,DMF,20.52 milligram,232.90127800603818 micromole,21.6 microliter,C4H8O2,582.2531950150952,[K+].[K+].[K+].[O-]P([O-])([O-])=O,K3PO4,0.7641504000000002 milligram,3.6000000000000014 micromole,0.7641504000000005 microliter,K3O4P,9.0,O,water,3.047886095999999 milligram,169.18601698584507 micromole,3.047886095999999 microliter,H2O,422.96504246461257,CN1C=NC2=C1C(=O)N(C(=O)N2C)C,caffeine,0.09321168000000002 milligram,0.4800000000000001 micromole,0.09321168000000003 microliter,C8H10N4O2,1.1999999999999997,C1COCCO1,dioxane,3.3935943787199996 milligram,38.51717679522393 micromole,3.2947518239999996 microliter,C4H8O2,96.2929419880598,c1ccc(-c2ccc(-c3ccc(C4=NOCC4)cc3)cc2)cc1,suzuki_product,0.0 milligram,0.0 micromole,0 microliter,C21H17NO,0.0,c1ccc(C2=NOCC2)cc1,dehalogenation_byproduct,0.0 milligram,0.0 micromole,0 microliter,C9H9NO,0.0,c1ccc(-c2ccccc2)cc1,deborylation_byproduct,0.0 milligram,0.0 micromole,0 microliter,C12H10,0.0,C1CON=C1C2=CC=C(C=C2)Br.OB(O)c1ccc(-c2ccccc2)cc1>>c1ccc(-c2ccc(-c3ccc(C4=NOCC4)cc3)cc2)cc1.c1ccc(-c2ccccc2)cc1.c1ccc(C2=NOCC2)cc1,pcr_B8,,,,,,,,,,,,,,,12/18/2023 4:55:34 PM,5,011_rln-nb-2443_018_ct-126_032.raw,1,Rxn_Opt_HSST3_2_98_2min,"B,8",2min_100_1500.EXP,"B,8",pcr_B8,pcr_B8,Eunjae Shim,11.565875600903318
B9,C1=NC(=C(NC1=O)Cl)Br,5-bromo-6-chloropyrazin-2-ol,0.08377200000000001 milligram,0.40000000000000013 micromole,0.08377200000000003 microliter,C4H2BrClN2O,1.0,OB(O)c1ccc(-c2ccccc2)cc1,417707419,0.09505440000000001 milligram,0.4800000000000001 micromole,0.09505440000000004 microliter,C12H11BO2,1.1999999999999997,CC(C)C1=CC(C(C)C)=CC(C(C)C)=C1C2=C([P+](C3CCCCC3)([Pd-2]4(OS(C)(=O)=O)C(C=CC=C5)=C5C6=C([NH+]4C)C=CC=C6)C7CCCCC7)C=CC=C2,XPhos Pd G4,0.08260742400000001 milligram,0.09600000000000003 micromole,0.08260742400000003 microliter,C47H64NO3PPdS,0.24,C1COCCO1,DMF,20.52 milligram,232.90127800603818 micromole,21.6 microliter,C4H8O2,582.2531950150952,[K+].[K+].[K+].[O-]P([O-])([O-])=O,K3PO4,0.7641504000000002 milligram,3.6000000000000014 micromole,0.7641504000000005 microliter,K3O4P,9.0,O,water,3.047886095999999 milligram,169.18601698584507 micromole,3.047886095999999 microliter,H2O,422.96504246461257,CN1C=NC2=C1C(=O)N(C(=O)N2C)C,caffeine,0.09321168000000002 milligram,0.4800000000000001 micromole,0.09321168000000003 microliter,C8H10N4O2,1.1999999999999997,C1COCCO1,dioxane,3.3935943787199996 milligram,38.51717679522393 micromole,3.2947518239999996 microliter,C4H8O2,96.2929419880598,O=c1cnc(Br)c(-c2ccc(-c3ccccc3)cc2)[nH]1,suzuki_product,0.0 milligram,0.0 micromole,0 microliter,C16H11BrN2O,0.0,O=c1cncc(Cl)[nH]1,dehalogenation_byproduct,0.0 milligram,0.0 micromole,0 microliter,C4H3ClN2O,0.0,O=c1cnc(Br)c[nH]1,dehalogenation_byproduct,0.0 milligram,0.0 micromole,0 microliter,C4H3BrN2O,0.0,C1=NC(=C(NC1=O)Cl)Br.OB(O)c1ccc(-c2ccccc2)cc1>>O=c1cnc(-c2ccc(-c3ccccc3)cc2)c(Cl)[nH]1.O=c1cnc(Br)c(-c2ccc(-c3ccccc3)cc2)[nH]1.O=c1cnc(Br)c[nH]1.O=c1cncc(Cl)[nH]1.c1ccc(-c2ccccc2)cc1,pcr_B9,O=c1cnc(-c2ccc(-c3ccccc3)cc2)c(Cl)[nH]1,suzuki_product,0.0 milligram,0.0 micromole,0 microliter,C16H11ClN2O,0.0,c1ccc(-c2ccccc2)cc1,deborylation_byproduct,0.0 milligram,0.0 micromole,0 microliter,C12H10,0.0,12/18/2023 4:58:04 PM,5,011_rln-nb-2443_018_ct-126_033.raw,1,Rxn_Opt_HSST3_2_98_2min,"B,9",2min_100_1500.EXP,"B,9",pcr_B9,pcr_B9,Eunjae Shim,6.134688302900021
B10,Cc1c(Br)cnc2[nH]ccc12,"5-bromo-4-methyl-1H-pyrrolo[2,3-b]pyridine",0.08442480000000005 milligram,0.40000000000000013 micromole,0.08442480000000006 microliter,C8H7BrN2,1.0,OB(O)c1ccc(-c2ccccc2)cc1,417707419,0.09505440000000001 milligram,0.4800000000000001 micromole,0.09505440000000004 microliter,C12H11BO2,1.1999999999999997,CC(C)C1=CC(C(C)C)=CC(C(C)C)=C1C2=C([P+](C3CCCCC3)([Pd-2]4(OS(C)(=O)=O)C(C=CC=C5)=C5C6=C([NH+]4C)C=CC=C6)C7CCCCC7)C=CC=C2,XPhos Pd G4,0.08260742400000001 milligram,0.09600000000000003 micromole,0.08260742400000003 microliter,C47H64NO3PPdS,0.24,C1COCCO1,DMF,20.52 milligram,232.90127800603818 micromole,21.6 microliter,C4H8O2,582.2531950150952,[K+].[K+].[K+].[O-]P([O-])([O-])=O,K3PO4,0.7641504000000002 milligram,3.6000000000000014 micromole,0.7641504000000005 microliter,K3O4P,9.0,O,water,3.047886095999999 milligram,169.18601698584507 micromole,3.047886095999999 microliter,H2O,422.96504246461257,CN1C=NC2=C1C(=O)N(C(=O)N2C)C,caffeine,0.09321168000000002 milligram,0.4800000000000001 micromole,0.09321168000000003 microliter,C8H10N4O2,1.1999999999999997,C1COCCO1,dioxane,3.3935943787199996 milligram,38.51717679522393 micromole,3.2947518239999996 microliter,C4H8O2,96.2929419880598,Cc1c(-c2ccc(-c3ccccc3)cc2)cnc2[nH]ccc12,suzuki_product,0.0 milligram,0.0 micromole,0 microliter,C20H16N2,0.0,Cc1ccnc2[nH]ccc12,dehalogenation_byproduct,0.0 milligram,0.0 micromole,0 microliter,C8H8N2,0.0,c1ccc(-c2ccccc2)cc1,deborylation_byproduct,0.0 milligram,0.0 micromole,0 microliter,C12H10,0.0,Cc1c(Br)cnc2[nH]ccc12.OB(O)c1ccc(-c2ccccc2)cc1>>Cc1c(-c2ccc(-c3ccccc3)cc2)cnc2[nH]ccc12.Cc1ccnc2[nH]ccc12.c1ccc(-c2ccccc2)cc1,pcr_B10,,,,,,,,,,,,,,,12/18/2023 5:00:34 PM,5,011_rln-nb-2443_018_ct-126_034.raw,1,Rxn_Opt_HSST3_2_98_2min,"B,10",2min_100_1500.EXP,"B,10",pcr_B10,pcr_B10,Eunjae Shim,6.721727404698363
B11,COc1ccc(-c2nnc(Br)o2)cc1,"2-bromo-5-(4-methoxyphenyl)-1,3,4-oxadiazole",0.10202840000000003 milligram,0.40000000000000013 micromole,0.10202840000000006 microliter,C9H7BrN2O2,1.0,OB(O)c1ccc(-c2ccccc2)cc1,417707419,0.09505440000000001 milligram,0.4800000000000001 micromole,0.09505440000000004 microliter,C12H11BO2,1.1999999999999997,CC(C)C1=CC(C(C)C)=CC(C(C)C)=C1C2=C([P+](C3CCCCC3)([Pd-2]4(OS(C)(=O)=O)C(C=CC=C5)=C5C6=C([NH+]4C)C=CC=C6)C7CCCCC7)C=CC=C2,XPhos Pd G4,0.08260742400000001 milligram,0.09600000000000003 micromole,0.08260742400000003 microliter,C47H64NO3PPdS,0.24,C1COCCO1,DMF,20.52 milligram,232.90127800603818 micromole,21.6 microliter,C4H8O2,582.2531950150952,[K+].[K+].[K+].[O-]P([O-])([O-])=O,K3PO4,0.7641504000000002 milligram,3.6000000000000014 micromole,0.7641504000000005 microliter,K3O4P,9.0,O,water,3.047886095999999 milligram,169.18601698584507 micromole,3.047886095999999 microliter,H2O,422.96504246461257,CN1C=NC2=C1C(=O)N(C(=O)N2C)C,caffeine,0.09321168000000002 milligram,0.4800000000000001 micromole,0.09321168000000003 microliter,C8H10N4O2,1.1999999999999997,C1COCCO1,dioxane,3.3935943787199996 milligram,38.51717679522393 micromole,3.2947518239999996 microliter,C4H8O2,96.2929419880598,COc1ccc(-c2nnc(-c3ccc(-c4ccccc4)cc3)o2)cc1,suzuki_product,0.0 milligram,0.0 micromole,0 microliter,C21H16N2O2,0.0,COc1ccc(-c2nnco2)cc1,dehalogenation_byproduct,0.0 milligram,0.0 micromole,0 microliter,C9H8N2O2,0.0,c1ccc(-c2ccccc2)cc1,deborylation_byproduct,0.0 milligram,0.0 micromole,0 microliter,C12H10,0.0,COc1ccc(-c2nnc(Br)o2)cc1.OB(O)c1ccc(-c2ccccc2)cc1>>COc1ccc(-c2nnc(-c3ccc(-c4ccccc4)cc3)o2)cc1.COc1ccc(-c2nnco2)cc1.c1ccc(-c2ccccc2)cc1,pcr_B11,,,,,,,,,,,,,,,12/18/2023 5:03:03 PM,5,011_rln-nb-2443_018_ct-126_035.raw,1,Rxn_Opt_HSST3_2_98_2min,"B,11",2min_100_1500.EXP,"B,11",pcr_B11,pcr_B11,Eunjae Shim,7.348390816708777
B12,BrC1=CC=CC=C1,phenylbromide,0.06280400000000001 milligram,0.40000000000000013 micromole,0.06280400000000003 microliter,C6H5Br,1.0,OB(O)c1ccc(-c2ccccc2)cc1,417707419,0.09505440000000001 milligram,0.4800000000000001 micromole,0.09505440000000004 microliter,C12H11BO2,1.1999999999999997,CC(C)C1=CC(C(C)C)=CC(C(C)C)=C1C2=C([P+](C3CCCCC3)([Pd-2]4(OS(C)(=O)=O)C(C=CC=C5)=C5C6=C([NH+]4C)C=CC=C6)C7CCCCC7)C=CC=C2,XPhos Pd G4,0.08260742400000001 milligram,0.09600000000000003 micromole,0.08260742400000003 microliter,C47H64NO3PPdS,0.24,C1COCCO1,DMF,20.52 milligram,232.90127800603818 micromole,21.6 microliter,C4H8O2,582.2531950150952,[K+].[K+].[K+].[O-]P([O-])([O-])=O,K3PO4,0.7641504000000002 milligram,3.6000000000000014 micromole,0.7641504000000005 microliter,K3O4P,9.0,O,water,3.047886095999999 milligram,169.18601698584507 micromole,3.047886095999999 microliter,H2O,422.96504246461257,CN1C=NC2=C1C(=O)N(C(=O)N2C)C,caffeine,0.09321168000000002 milligram,0.4800000000000001 micromole,0.09321168000000003 microliter,C8H10N4O2,1.1999999999999997,C1COCCO1,dioxane,3.3935943787199996 milligram,38.51717679522393 micromole,3.2947518239999996 microliter,C4H8O2,96.2929419880598,c1ccc(-c2ccc(-c3ccccc3)cc2)cc1,suzuki_product,0.0 milligram,0.0 micromole,0 microliter,C18H14,0.0,c1ccccc1,dehalogenation_byproduct,0.0 milligram,0.0 micromole,0 microliter,C6H6,0.0,c1ccc(-c2ccccc2)cc1,deborylation_byproduct,0.0 milligram,0.0 micromole,0 microliter,C12H10,0.0,BrC1=CC=CC=C1.OB(O)c1ccc(-c2ccccc2)cc1>>c1ccc(-c2ccc(-c3ccccc3)cc2)cc1.c1ccc(-c2ccccc2)cc1.c1ccccc1,pcr_B12,,,,,,,,,,,,,,,12/18/2023 5:05:34 PM,5,011_rln-nb-2443_018_ct-126_036.raw,1,Rxn_Opt_HSST3_2_98_2min,"B,12",2min_100_1500.EXP,"B,12",pcr_B12,pcr_B12,Eunjae Shim,2.301522016068241
B13,CC1=C(C(=NN1C(C)C)N)Br,4-BROMO-1-ISOPROPYL-5-METHYL-1H-PYRAZOL-3-AMINE,0.08723920000000002 milligram,0.40000000000000013 micromole,0.08723920000000003 microliter,C7H12BrN3,1.0,COc1ccccc1B(O)O,417715635,0.07293984 milligram,0.4800000000000001 micromole,0.07293984000000002 microliter,C7H9BO3,1.1999999999999997,CC(C)C1=CC(C(C)C)=CC(C(C)C)=C1C2=C([P+](C3CCCCC3)([Pd-2]4(OS(C)(=O)=O)C(C=CC=C5)=C5C6=C([NH+]4C)C=CC=C6)C7CCCCC7)C=CC=C2,XPhos Pd G4,0.08260742400000001 milligram,0.09600000000000003 micromole,0.08260742400000003 microliter,C47H64NO3PPdS,0.24,C1COCCO1,DMF,20.52 milligram,232.90127800603818 micromole,21.6 microliter,C4H8O2,582.2531950150952,[K+].[K+].[K+].[O-]P([O-])([O-])=O,K3PO4,0.7641504000000002 milligram,3.6000000000000014 micromole,0.7641504000000005 microliter,K3O4P,9.0,O,water,3.047886095999999 milligram,169.18601698584507 micromole,3.047886095999999 microliter,H2O,422.96504246461257,CN1C=NC2=C1C(=O)N(C(=O)N2C)C,caffeine,0.09321168000000002 milligram,0.4800000000000001 micromole,0.09321168000000003 microliter,C8H10N4O2,1.1999999999999997,C1COCCO1,dioxane,3.3935943787199996 milligram,38.51717679522393 micromole,3.2947518239999996 microliter,C4H8O2,96.2929419880598,COc1ccccc1-c1c(N)nn(C(C)C)c1C,suzuki_product,0.0 milligram,0.0 micromole,0 microliter,C14H19N3O,0.0,Cc1cc(N)nn1C(C)C,dehalogenation_byproduct,0.0 milligram,0.0 micromole,0 microliter,C7H13N3,0.0,COc1ccccc1,deborylation_byproduct,0.0 milligram,0.0 micromole,0 microliter,C7H8O,0.0,CC1=C(C(=NN1C(C)C)N)Br.COc1ccccc1B(O)O>>COc1ccccc1.COc1ccccc1-c1c(N)nn(C(C)C)c1C.Cc1cc(N)nn1C(C)C,pcr_B13,,,,,,,,,,,,,,,12/18/2023 5:08:03 PM,5,011_rln-nb-2443_018_ct-126_037.raw,1,Rxn_Opt_HSST3_2_98_2min,"B,13",2min_100_1500.EXP,"B,13",pcr_B13,pcr_B13,Eunjae Shim,3.0301282036353396
B14,C1CON=C1C2=CC=C(C=C2)Br,"3-(4-bromophenyl)-4,5-dihydro-1,2-oxazole",0.09042920000000002 milligram,0.40000000000000013 micromole,0.09042920000000003 microliter,C9H8BrNO,1.0,COc1ccccc1B(O)O,417715635,0.07293984 milligram,0.4800000000000001 micromole,0.07293984000000002 microliter,C7H9BO3,1.1999999999999997,CC(C)C1=CC(C(C)C)=CC(C(C)C)=C1C2=C([P+](C3CCCCC3)([Pd-2]4(OS(C)(=O)=O)C(C=CC=C5)=C5C6=C([NH+]4C)C=CC=C6)C7CCCCC7)C=CC=C2,XPhos Pd G4,0.08260742400000001 milligram,0.09600000000000003 micromole,0.08260742400000003 microliter,C47H64NO3PPdS,0.24,C1COCCO1,DMF,20.52 milligram,232.90127800603818 micromole,21.6 microliter,C4H8O2,582.2531950150952,[K+].[K+].[K+].[O-]P([O-])([O-])=O,K3PO4,0.7641504000000002 milligram,3.6000000000000014 micromole,0.7641504000000005 microliter,K3O4P,9.0,O,water,3.047886095999999 milligram,169.18601698584507 micromole,3.047886095999999 microliter,H2O,422.96504246461257,CN1C=NC2=C1C(=O)N(C(=O)N2C)C,caffeine,0.09321168000000002 milligram,0.4800000000000001 micromole,0.09321168000000003 microliter,C8H10N4O2,1.1999999999999997,C1COCCO1,dioxane,3.3935943787199996 milligram,38.51717679522393 micromole,3.2947518239999996 microliter,C4H8O2,96.2929419880598,COc1ccccc1-c1ccc(C2=NOCC2)cc1,suzuki_product,0.0 milligram,0.0 micromole,0 microliter,C16H15NO2,0.0,c1ccc(C2=NOCC2)cc1,dehalogenation_byproduct,0.0 milligram,0.0 micromole,0 microliter,C9H9NO,0.0,COc1ccccc1,deborylation_byproduct,0.0 milligram,0.0 micromole,0 microliter,C7H8O,0.0,C1CON=C1C2=CC=C(C=C2)Br.COc1ccccc1B(O)O>>COc1ccccc1.COc1ccccc1-c1ccc(C2=NOCC2)cc1.c1ccc(C2=NOCC2)cc1,pcr_B14,,,,,,,,,,,,,,,12/18/2023 5:10:33 PM,5,011_rln-nb-2443_018_ct-126_038.raw,1,Rxn_Opt_HSST3_2_98_2min,"B,14",2min_100_1500.EXP,"B,14",pcr_B14,pcr_B14,Eunjae Shim,37.13817310831288
B15,C1=NC(=C(NC1=O)Cl)Br,5-bromo-6-chloropyrazin-2-ol,0.08377200000000001 milligram,0.40000000000000013 micromole,0.08377200000000003 microliter,C4H2BrClN2O,1.0,COc1ccccc1B(O)O,417715635,0.07293984 milligram,0.4800000000000001 micromole,0.07293984000000002 microliter,C7H9BO3,1.1999999999999997,CC(C)C1=CC(C(C)C)=CC(C(C)C)=C1C2=C([P+](C3CCCCC3)([Pd-2]4(OS(C)(=O)=O)C(C=CC=C5)=C5C6=C([NH+]4C)C=CC=C6)C7CCCCC7)C=CC=C2,XPhos Pd G4,0.08260742400000001 milligram,0.09600000000000003 micromole,0.08260742400000003 microliter,C47H64NO3PPdS,0.24,C1COCCO1,DMF,20.52 milligram,232.90127800603818 micromole,21.6 microliter,C4H8O2,582.2531950150952,[K+].[K+].[K+].[O-]P([O-])([O-])=O,K3PO4,0.7641504000000002 milligram,3.6000000000000014 micromole,0.7641504000000005 microliter,K3O4P,9.0,O,water,3.047886095999999 milligram,169.18601698584507 micromole,3.047886095999999 microliter,H2O,422.96504246461257,CN1C=NC2=C1C(=O)N(C(=O)N2C)C,caffeine,0.09321168000000002 milligram,0.4800000000000001 micromole,0.09321168000000003 microliter,C8H10N4O2,1.1999999999999997,C1COCCO1,dioxane,3.3935943787199996 milligram,38.51717679522393 micromole,3.2947518239999996 microliter,C4H8O2,96.2929419880598,COc1ccccc1-c1[nH]c(=O)cnc1Br,suzuki_product,0.0 milligram,0.0 micromole,0 microliter,C11H9BrN2O2,0.0,O=c1cncc(Cl)[nH]1,dehalogenation_byproduct,0.0 milligram,0.0 micromole,0 microliter,C4H3ClN2O,0.0,O=c1cnc(Br)c[nH]1,dehalogenation_byproduct,0.0 milligram,0.0 micromole,0 microliter,C4H3BrN2O,0.0,C1=NC(=C(NC1=O)Cl)Br.COc1ccccc1B(O)O>>COc1ccccc1.COc1ccccc1-c1[nH]c(=O)cnc1Br.COc1ccccc1-c1ncc(=O)[nH]c1Cl.O=c1cnc(Br)c[nH]1.O=c1cncc(Cl)[nH]1,pcr_B15,COc1ccccc1-c1ncc(=O)[nH]c1Cl,suzuki_product,0.0 milligram,0.0 micromole,0 microliter,C11H9ClN2O2,0.0,COc1ccccc1,deborylation_byproduct,0.0 milligram,0.0 micromole,0 microliter,C7H8O,0.0,12/18/2023 5:13:04 PM,5,011_rln-nb-2443_018_ct-126_039.raw,1,Rxn_Opt_HSST3_2_98_2min,"B,15",2min_100_1500.EXP,"B,15",pcr_B15,pcr_B15,Eunjae Shim,0.0
B16,Cc1c(Br)cnc2[nH]ccc12,"5-bromo-4-methyl-1H-pyrrolo[2,3-b]pyridine",0.08442480000000005 milligram,0.40000000000000013 micromole,0.08442480000000006 microliter,C8H7BrN2,1.0,COc1ccccc1B(O)O,417715635,0.07293984 milligram,0.4800000000000001 micromole,0.07293984000000002 microliter,C7H9BO3,1.1999999999999997,CC(C)C1=CC(C(C)C)=CC(C(C)C)=C1C2=C([P+](C3CCCCC3)([Pd-2]4(OS(C)(=O)=O)C(C=CC=C5)=C5C6=C([NH+]4C)C=CC=C6)C7CCCCC7)C=CC=C2,XPhos Pd G4,0.08260742400000001 milligram,0.09600000000000003 micromole,0.08260742400000003 microliter,C47H64NO3PPdS,0.24,C1COCCO1,DMF,20.52 milligram,232.90127800603818 micromole,21.6 microliter,C4H8O2,582.2531950150952,[K+].[K+].[K+].[O-]P([O-])([O-])=O,K3PO4,0.7641504000000002 milligram,3.6000000000000014 micromole,0.7641504000000005 microliter,K3O4P,9.0,O,water,3.047886095999999 milligram,169.18601698584507 micromole,3.047886095999999 microliter,H2O,422.96504246461257,CN1C=NC2=C1C(=O)N(C(=O)N2C)C,caffeine,0.09321168000000002 milligram,0.4800000000000001 micromole,0.09321168000000003 microliter,C8H10N4O2,1.1999999999999997,C1COCCO1,dioxane,3.3935943787199996 milligram,38.51717679522393 micromole,3.2947518239999996 microliter,C4H8O2,96.2929419880598,COc1ccccc1-c1cnc2[nH]ccc2c1C,suzuki_product,0.0 milligram,0.0 micromole,0 microliter,C15H14N2O,0.0,Cc1ccnc2[nH]ccc12,dehalogenation_byproduct,0.0 milligram,0.0 micromole,0 microliter,C8H8N2,0.0,COc1ccccc1,deborylation_byproduct,0.0 milligram,0.0 micromole,0 microliter,C7H8O,0.0,COc1ccccc1B(O)O.Cc1c(Br)cnc2[nH]ccc12>>COc1ccccc1.COc1ccccc1-c1cnc2[nH]ccc2c1C.Cc1ccnc2[nH]ccc12,pcr_B16,,,,,,,,,,,,,,,12/18/2023 5:15:33 PM,5,011_rln-nb-2443_018_ct-126_040.raw,1,Rxn_Opt_HSST3_2_98_2min,"B,16",2min_100_1500.EXP,"B,16",pcr_B16,pcr_B16,Eunjae Shim,6.6086138449867295
B17,COc1ccc(-c2nnc(Br)o2)cc1,"2-bromo-5-(4-methoxyphenyl)-1,3,4-oxadiazole",0.10202840000000003 milligram,0.40000000000000013 micromole,0.10202840000000006 microliter,C9H7BrN2O2,1.0,COc1ccccc1B(O)O,417715635,0.07293984 milligram,0.4800000000000001 micromole,0.07293984000000002 microliter,C7H9BO3,1.1999999999999997,CC(C)C1=CC(C(C)C)=CC(C(C)C)=C1C2=C([P+](C3CCCCC3)([Pd-2]4(OS(C)(=O)=O)C(C=CC=C5)=C5C6=C([NH+]4C)C=CC=C6)C7CCCCC7)C=CC=C2,XPhos Pd G4,0.08260742400000001 milligram,0.09600000000000003 micromole,0.08260742400000003 microliter,C47H64NO3PPdS,0.24,C1COCCO1,DMF,20.52 milligram,232.90127800603818 micromole,21.6 microliter,C4H8O2,582.2531950150952,[K+].[K+].[K+].[O-]P([O-])([O-])=O,K3PO4,0.7641504000000002 milligram,3.6000000000000014 micromole,0.7641504000000005 microliter,K3O4P,9.0,O,water,3.047886095999999 milligram,169.18601698584507 micromole,3.047886095999999 microliter,H2O,422.96504246461257,CN1C=NC2=C1C(=O)N(C(=O)N2C)C,caffeine,0.09321168000000002 milligram,0.4800000000000001 micromole,0.09321168000000003 microliter,C8H10N4O2,1.1999999999999997,C1COCCO1,dioxane,3.3935943787199996 milligram,38.51717679522393 micromole,3.2947518239999996 microliter,C4H8O2,96.2929419880598,COc1ccc(-c2nnc(-c3ccccc3OC)o2)cc1,suzuki_product,0.0 milligram,0.0 micromole,0 microliter,C16H14N2O3,0.0,COc1ccc(-c2nnco2)cc1,dehalogenation_byproduct,0.0 milligram,0.0 micromole,0 microliter,C9H8N2O2,0.0,COc1ccccc1,deborylation_byproduct,0.0 milligram,0.0 micromole,0 microliter,C7H8O,0.0,COc1ccc(-c2nnc(Br)o2)cc1.COc1ccccc1B(O)O>>COc1ccc(-c2nnc(-c3ccccc3OC)o2)cc1.COc1ccc(-c2nnco2)cc1.COc1ccccc1,pcr_B17,,,,,,,,,,,,,,,12/18/2023 5:18:03 PM,5,011_rln-nb-2443_018_ct-126_041.raw,1,Rxn_Opt_HSST3_2_98_2min,"B,17",2min_100_1500.EXP,"B,17",pcr_B17,pcr_B17,Eunjae Shim,5.617395682203299
B18,BrC1=CC=CC=C1,phenylbromide,0.06280400000000001 milligram,0.40000000000000013 micromole,0.06280400000000003 microliter,C6H5Br,1.0,COc1ccccc1B(O)O,417715635,0.07293984 milligram,0.4800000000000001 micromole,0.07293984000000002 microliter,C7H9BO3,1.1999999999999997,CC(C)C1=CC(C(C)C)=CC(C(C)C)=C1C2=C([P+](C3CCCCC3)([Pd-2]4(OS(C)(=O)=O)C(C=CC=C5)=C5C6=C([NH+]4C)C=CC=C6)C7CCCCC7)C=CC=C2,XPhos Pd G4,0.08260742400000001 milligram,0.09600000000000003 micromole,0.08260742400000003 microliter,C47H64NO3PPdS,0.24,C1COCCO1,DMF,20.52 milligram,232.90127800603818 micromole,21.6 microliter,C4H8O2,582.2531950150952,[K+].[K+].[K+].[O-]P([O-])([O-])=O,K3PO4,0.7641504000000002 milligram,3.6000000000000014 micromole,0.7641504000000005 microliter,K3O4P,9.0,O,water,3.047886095999999 milligram,169.18601698584507 micromole,3.047886095999999 microliter,H2O,422.96504246461257,CN1C=NC2=C1C(=O)N(C(=O)N2C)C,caffeine,0.09321168000000002 milligram,0.4800000000000001 micromole,0.09321168000000003 microliter,C8H10N4O2,1.1999999999999997,C1COCCO1,dioxane,3.3935943787199996 milligram,38.51717679522393 micromole,3.2947518239999996 microliter,C4H8O2,96.2929419880598,COc1ccccc1-c1ccccc1,suzuki_product,0.0 milligram,0.0 micromole,0 microliter,C13H12O,0.0,c1ccccc1,dehalogenation_byproduct,0.0 milligram,0.0 micromole,0 microliter,C6H6,0.0,COc1ccccc1,deborylation_byproduct,0.0 milligram,0.0 micromole,0 microliter,C7H8O,0.0,BrC1=CC=CC=C1.COc1ccccc1B(O)O>>COc1ccccc1.COc1ccccc1-c1ccccc1.c1ccccc1,pcr_B18,,,,,,,,,,,,,,,12/18/2023 5:20:33 PM,5,011_rln-nb-2443_018_ct-126_042.raw,1,Rxn_Opt_HSST3_2_98_2min,"B,18",2min_100_1500.EXP,"B,18",pcr_B18,pcr_B18,Eunjae Shim,0.0
B19,CC1=C(C(=NN1C(C)C)N)Br,4-BROMO-1-ISOPROPYL-5-METHYL-1H-PYRAZOL-3-AMINE,0.08723920000000002 milligram,0.40000000000000013 micromole,0.08723920000000003 microliter,C7H12BrN3,1.0,OB(O)c1ccc(-c2ccccc2)cc1,417707419,0.09505440000000001 milligram,0.4800000000000001 micromole,0.09505440000000004 microliter,C12H11BO2,1.1999999999999997,CC(C)C1=CC(C(C)C)=CC(C(C)C)=C1C2=C([P+](C3CCCCC3)([Pd-2]4(OS(C)(=O)=O)C(C=CC=C5)=C5C6=C([NH+]4C)C=CC=C6)C7CCCCC7)C=CC=C2,XPhos Pd G4,0.08260742400000001 milligram,0.09600000000000003 micromole,0.08260742400000003 microliter,C47H64NO3PPdS,0.24,C1COCCO1,DMF,20.52 milligram,232.90127800603818 micromole,21.6 microliter,C4H8O2,582.2531950150952,[K+].[K+].[K+].[O-]P([O-])([O-])=O,K3PO4,0.7641504000000002 milligram,3.6000000000000014 micromole,0.7641504000000005 microliter,K3O4P,9.0,O,water,3.047886095999999 milligram,169.18601698584507 micromole,3.047886095999999 microliter,H2O,422.96504246461257,CN1C=NC2=C1C(=O)N(C(=O)N2C)C,caffeine,0.09321168000000002 milligram,0.4800000000000001 micromole,0.09321168000000003 microliter,C8H10N4O2,1.1999999999999997,C1COCCO1,dioxane,3.3935943787199996 milligram,38.51717679522393 micromole,3.2947518239999996 microliter,C4H8O2,96.2929419880598,Cc1c(-c2ccc(-c3ccccc3)cc2)c(N)nn1C(C)C,suzuki_product,0.0 milligram,0.0 micromole,0 microliter,C19H21N3,0.0,Cc1cc(N)nn1C(C)C,dehalogenation_byproduct,0.0 milligram,0.0 micromole,0 microliter,C7H13N3,0.0,c1ccc(-c2ccccc2)cc1,deborylation_byproduct,0.0 milligram,0.0 micromole,0 microliter,C12H10,0.0,CC1=C(C(=NN1C(C)C)N)Br.OB(O)c1ccc(-c2ccccc2)cc1>>Cc1c(-c2ccc(-c3ccccc3)cc2)c(N)nn1C(C)C.Cc1cc(N)nn1C(C)C.c1ccc(-c2ccccc2)cc1,pcr_B19,,,,,,,,,,,,,,,12/18/2023 5:23:03 PM,5,011_rln-nb-2443_018_ct-126_043.raw,1,Rxn_Opt_HSST3_2_98_2min,"B,19",2min_100_1500.EXP,"B,19",pcr_B19,pcr_B19,Eunjae Shim,7.506429512528277
B20,C1CON=C1C2=CC=C(C=C2)Br,"3-(4-bromophenyl)-4,5-dihydro-1,2-oxazole",0.09042920000000002 milligram,0.40000000000000013 micromole,0.09042920000000003 microliter,C9H8BrNO,1.0,OB(O)c1ccc(-c2ccccc2)cc1,417707419,0.09505440000000001 milligram,0.4800000000000001 micromole,0.09505440000000004 microliter,C12H11BO2,1.1999999999999997,CC(C)C1=CC(C(C)C)=CC(C(C)C)=C1C2=C([P+](C3CCCCC3)([Pd-2]4(OS(C)(=O)=O)C(C=CC=C5)=C5C6=C([NH+]4C)C=CC=C6)C7CCCCC7)C=CC=C2,XPhos Pd G4,0.08260742400000001 milligram,0.09600000000000003 micromole,0.08260742400000003 microliter,C47H64NO3PPdS,0.24,C1COCCO1,DMF,20.52 milligram,232.90127800603818 micromole,21.6 microliter,C4H8O2,582.2531950150952,[K+].[K+].[K+].[O-]P([O-])([O-])=O,K3PO4,0.7641504000000002 milligram,3.6000000000000014 micromole,0.7641504000000005 microliter,K3O4P,9.0,O,water,3.047886095999999 milligram,169.18601698584507 micromole,3.047886095999999 microliter,H2O,422.96504246461257,CN1C=NC2=C1C(=O)N(C(=O)N2C)C,caffeine,0.09321168000000002 milligram,0.4800000000000001 micromole,0.09321168000000003 microliter,C8H10N4O2,1.1999999999999997,C1COCCO1,dioxane,3.3935943787199996 milligram,38.51717679522393 micromole,3.2947518239999996 microliter,C4H8O2,96.2929419880598,c1ccc(-c2ccc(-c3ccc(C4=NOCC4)cc3)cc2)cc1,suzuki_product,0.0 milligram,0.0 micromole,0 microliter,C21H17NO,0.0,c1ccc(C2=NOCC2)cc1,dehalogenation_byproduct,0.0 milligram,0.0 micromole,0 microliter,C9H9NO,0.0,c1ccc(-c2ccccc2)cc1,deborylation_byproduct,0.0 milligram,0.0 micromole,0 microliter,C12H10,0.0,C1CON=C1C2=CC=C(C=C2)Br.OB(O)c1ccc(-c2ccccc2)cc1>>c1ccc(-c2ccc(-c3ccc(C4=NOCC4)cc3)cc2)cc1.c1ccc(-c2ccccc2)cc1.c1ccc(C2=NOCC2)cc1,pcr_B20,,,,,,,,,,,,,,,12/18/2023 5:25:33 PM,5,011_rln-nb-2443_018_ct-126_044.raw,1,Rxn_Opt_HSST3_2_98_2min,"B,20",2min_100_1500.EXP,"B,20",pcr_B20,pcr_B20,Eunjae Shim,12.83577121429052
B21,C1=NC(=C(NC1=O)Cl)Br,5-bromo-6-chloropyrazin-2-ol,0.08377200000000001 milligram,0.40000000000000013 micromole,0.08377200000000003 microliter,C4H2BrClN2O,1.0,OB(O)c1ccc(-c2ccccc2)cc1,417707419,0.09505440000000001 milligram,0.4800000000000001 micromole,0.09505440000000004 microliter,C12H11BO2,1.1999999999999997,CC(C)C1=CC(C(C)C)=CC(C(C)C)=C1C2=C([P+](C3CCCCC3)([Pd-2]4(OS(C)(=O)=O)C(C=CC=C5)=C5C6=C([NH+]4C)C=CC=C6)C7CCCCC7)C=CC=C2,XPhos Pd G4,0.08260742400000001 milligram,0.09600000000000003 micromole,0.08260742400000003 microliter,C47H64NO3PPdS,0.24,C1COCCO1,DMF,20.52 milligram,232.90127800603818 micromole,21.6 microliter,C4H8O2,582.2531950150952,[K+].[K+].[K+].[O-]P([O-])([O-])=O,K3PO4,0.7641504000000002 milligram,3.6000000000000014 micromole,0.7641504000000005 microliter,K3O4P,9.0,O,water,3.047886095999999 milligram,169.18601698584507 micromole,3.047886095999999 microliter,H2O,422.96504246461257,CN1C=NC2=C1C(=O)N(C(=O)N2C)C,caffeine,0.09321168000000002 milligram,0.4800000000000001 micromole,0.09321168000000003 microliter,C8H10N4O2,1.1999999999999997,C1COCCO1,dioxane,3.3935943787199996 milligram,38.51717679522393 micromole,3.2947518239999996 microliter,C4H8O2,96.2929419880598,O=c1cnc(Br)c(-c2ccc(-c3ccccc3)cc2)[nH]1,suzuki_product,0.0 milligram,0.0 micromole,0 microliter,C16H11BrN2O,0.0,O=c1cncc(Cl)[nH]1,dehalogenation_byproduct,0.0 milligram,0.0 micromole,0 microliter,C4H3ClN2O,0.0,O=c1cnc(Br)c[nH]1,dehalogenation_byproduct,0.0 milligram,0.0 micromole,0 microliter,C4H3BrN2O,0.0,C1=NC(=C(NC1=O)Cl)Br.OB(O)c1ccc(-c2ccccc2)cc1>>O=c1cnc(-c2ccc(-c3ccccc3)cc2)c(Cl)[nH]1.O=c1cnc(Br)c(-c2ccc(-c3ccccc3)cc2)[nH]1.O=c1cnc(Br)c[nH]1.O=c1cncc(Cl)[nH]1.c1ccc(-c2ccccc2)cc1,pcr_B21,O=c1cnc(-c2ccc(-c3ccccc3)cc2)c(Cl)[nH]1,suzuki_product,0.0 milligram,0.0 micromole,0 microliter,C16H11ClN2O,0.0,c1ccc(-c2ccccc2)cc1,deborylation_byproduct,0.0 milligram,0.0 micromole,0 microliter,C12H10,0.0,12/18/2023 5:28:03 PM,5,011_rln-nb-2443_018_ct-126_045.raw,1,Rxn_Opt_HSST3_2_98_2min,"B,21",2min_100_1500.EXP,"B,21",pcr_B21,pcr_B21,Eunjae Shim,4.43425739185824
B22,Cc1c(Br)cnc2[nH]ccc12,"5-bromo-4-methyl-1H-pyrrolo[2,3-b]pyridine",0.08442480000000005 milligram,0.40000000000000013 micromole,0.08442480000000006 microliter,C8H7BrN2,1.0,OB(O)c1ccc(-c2ccccc2)cc1,417707419,0.09505440000000001 milligram,0.4800000000000001 micromole,0.09505440000000004 microliter,C12H11BO2,1.1999999999999997,CC(C)C1=CC(C(C)C)=CC(C(C)C)=C1C2=C([P+](C3CCCCC3)([Pd-2]4(OS(C)(=O)=O)C(C=CC=C5)=C5C6=C([NH+]4C)C=CC=C6)C7CCCCC7)C=CC=C2,XPhos Pd G4,0.08260742400000001 milligram,0.09600000000000003 micromole,0.08260742400000003 microliter,C47H64NO3PPdS,0.24,C1COCCO1,DMF,20.52 milligram,232.90127800603818 micromole,21.6 microliter,C4H8O2,582.2531950150952,[K+].[K+].[K+].[O-]P([O-])([O-])=O,K3PO4,0.7641504000000002 milligram,3.6000000000000014 micromole,0.7641504000000005 microliter,K3O4P,9.0,O,water,3.047886095999999 milligram,169.18601698584507 micromole,3.047886095999999 microliter,H2O,422.96504246461257,CN1C=NC2=C1C(=O)N(C(=O)N2C)C,caffeine,0.09321168000000002 milligram,0.4800000000000001 micromole,0.09321168000000003 microliter,C8H10N4O2,1.1999999999999997,C1COCCO1,dioxane,3.3935943787199996 milligram,38.51717679522393 micromole,3.2947518239999996 microliter,C4H8O2,96.2929419880598,Cc1c(-c2ccc(-c3ccccc3)cc2)cnc2[nH]ccc12,suzuki_product,0.0 milligram,0.0 micromole,0 microliter,C20H16N2,0.0,Cc1ccnc2[nH]ccc12,dehalogenation_byproduct,0.0 milligram,0.0 micromole,0 microliter,C8H8N2,0.0,c1ccc(-c2ccccc2)cc1,deborylation_byproduct,0.0 milligram,0.0 micromole,0 microliter,C12H10,0.0,Cc1c(Br)cnc2[nH]ccc12.OB(O)c1ccc(-c2ccccc2)cc1>>Cc1c(-c2ccc(-c3ccccc3)cc2)cnc2[nH]ccc12.Cc1ccnc2[nH]ccc12.c1ccc(-c2ccccc2)cc1,pcr_B22,,,,,,,,,,,,,,,12/18/2023 5:30:33 PM,5,011_rln-nb-2443_018_ct-126_046.raw,1,Rxn_Opt_HSST3_2_98_2min,"B,22",2min_100_1500.EXP,"B,22",pcr_B22,pcr_B22,Eunjae Shim,5.969617999203045
B23,COc1ccc(-c2nnc(Br)o2)cc1,"2-bromo-5-(4-methoxyphenyl)-1,3,4-oxadiazole",0.10202840000000003 milligram,0.40000000000000013 micromole,0.10202840000000006 microliter,C9H7BrN2O2,1.0,OB(O)c1ccc(-c2ccccc2)cc1,417707419,0.09505440000000001 milligram,0.4800000000000001 micromole,0.09505440000000004 microliter,C12H11BO2,1.1999999999999997,CC(C)C1=CC(C(C)C)=CC(C(C)C)=C1C2=C([P+](C3CCCCC3)([Pd-2]4(OS(C)(=O)=O)C(C=CC=C5)=C5C6=C([NH+]4C)C=CC=C6)C7CCCCC7)C=CC=C2,XPhos Pd G4,0.08260742400000001 milligram,0.09600000000000003 micromole,0.08260742400000003 microliter,C47H64NO3PPdS,0.24,C1COCCO1,DMF,20.52 milligram,232.90127800603818 micromole,21.6 microliter,C4H8O2,582.2531950150952,[K+].[K+].[K+].[O-]P([O-])([O-])=O,K3PO4,0.7641504000000002 milligram,3.6000000000000014 micromole,0.7641504000000005 microliter,K3O4P,9.0,O,water,3.047886095999999 milligram,169.18601698584507 micromole,3.047886095999999 microliter,H2O,422.96504246461257,CN1C=NC2=C1C(=O)N(C(=O)N2C)C,caffeine,0.09321168000000002 milligram,0.4800000000000001 micromole,0.09321168000000003 microliter,C8H10N4O2,1.1999999999999997,C1COCCO1,dioxane,3.3935943787199996 milligram,38.51717679522393 micromole,3.2947518239999996 microliter,C4H8O2,96.2929419880598,COc1ccc(-c2nnc(-c3ccc(-c4ccccc4)cc3)o2)cc1,suzuki_product,0.0 milligram,0.0 micromole,0 microliter,C21H16N2O2,0.0,COc1ccc(-c2nnco2)cc1,dehalogenation_byproduct,0.0 milligram,0.0 micromole,0 microliter,C9H8N2O2,0.0,c1ccc(-c2ccccc2)cc1,deborylation_byproduct,0.0 milligram,0.0 micromole,0 microliter,C12H10,0.0,COc1ccc(-c2nnc(Br)o2)cc1.OB(O)c1ccc(-c2ccccc2)cc1>>COc1ccc(-c2nnc(-c3ccc(-c4ccccc4)cc3)o2)cc1.COc1ccc(-c2nnco2)cc1.c1ccc(-c2ccccc2)cc1,pcr_B23,,,,,,,,,,,,,,,12/18/2023 5:33:03 PM,5,011_rln-nb-2443_018_ct-126_047.raw,1,Rxn_Opt_HSST3_2_98_2min,"B,23",2min_100_1500.EXP,"B,23",pcr_B23,pcr_B23,Eunjae Shim,6.204589699801386
B24,BrC1=CC=CC=C1,phenylbromide,0.06280400000000001 milligram,0.40000000000000013 micromole,0.06280400000000003 microliter,C6H5Br,1.0,OB(O)c1ccc(-c2ccccc2)cc1,417707419,0.09505440000000001 milligram,0.4800000000000001 micromole,0.09505440000000004 microliter,C12H11BO2,1.1999999999999997,CC(C)C1=CC(C(C)C)=CC(C(C)C)=C1C2=C([P+](C3CCCCC3)([Pd-2]4(OS(C)(=O)=O)C(C=CC=C5)=C5C6=C([NH+]4C)C=CC=C6)C7CCCCC7)C=CC=C2,XPhos Pd G4,0.08260742400000001 milligram,0.09600000000000003 micromole,0.08260742400000003 microliter,C47H64NO3PPdS,0.24,C1COCCO1,DMF,20.52 milligram,232.90127800603818 micromole,21.6 microliter,C4H8O2,582.2531950150952,[K+].[K+].[K+].[O-]P([O-])([O-])=O,K3PO4,0.7641504000000002 milligram,3.6000000000000014 micromole,0.7641504000000005 microliter,K3O4P,9.0,O,water,3.047886095999999 milligram,169.18601698584507 micromole,3.047886095999999 microliter,H2O,422.96504246461257,CN1C=NC2=C1C(=O)N(C(=O)N2C)C,caffeine,0.09321168000000002 milligram,0.4800000000000001 micromole,0.09321168000000003 microliter,C8H10N4O2,1.1999999999999997,C1COCCO1,dioxane,3.3935943787199996 milligram,38.51717679522393 micromole,3.2947518239999996 microliter,C4H8O2,96.2929419880598,c1ccc(-c2ccc(-c3ccccc3)cc2)cc1,suzuki_product,0.0 milligram,0.0 micromole,0 microliter,C18H14,0.0,c1ccccc1,dehalogenation_byproduct,0.0 milligram,0.0 micromole,0 microliter,C6H6,0.0,c1ccc(-c2ccccc2)cc1,deborylation_byproduct,0.0 milligram,0.0 micromole,0 microliter,C12H10,0.0,BrC1=CC=CC=C1.OB(O)c1ccc(-c2ccccc2)cc1>>c1ccc(-c2ccc(-c3ccccc3)cc2)cc1.c1ccc(-c2ccccc2)cc1.c1ccccc1,pcr_B24,,,,,,,,,,,,,,,12/18/2023 5:35:33 PM,5,011_rln-nb-2443_018_ct-126_048.raw,1,Rxn_Opt_HSST3_2_98_2min,"B,24",2min_100_1500.EXP,"B,24",pcr_B24,pcr_B24,Eunjae Shim,2.3287304131184086
C1,CC1=C(C(=NN1C(C)C)N)Br,4-BROMO-1-ISOPROPYL-5-METHYL-1H-PYRAZOL-3-AMINE,0.08723920000000002 milligram,0.40000000000000013 micromole,0.08723920000000003 microliter,C7H12BrN3,1.0,Cc1cccc(B(O)O)c1,417715597,0.06526032000000001 milligram,0.4800000000000001 micromole,0.06526032000000002 microliter,C7H9BO2,1.1999999999999997,CC(C)C1=CC(C(C)C)=CC(C(C)C)=C1C2=C([P+](C3CCCCC3)([Pd-2]4(OS(C)(=O)=O)C(C=CC=C5)=C5C6=C([NH+]4C)C=CC=C6)C7CCCCC7)C=CC=C2,XPhos Pd G4,0.08260742400000001 milligram,0.09600000000000003 micromole,0.08260742400000003 microliter,C47H64NO3PPdS,0.24,C1COCCO1,DMF,20.52 milligram,232.90127800603818 micromole,21.6 microliter,C4H8O2,582.2531950150952,[K+].[K+].[K+].[O-]P([O-])([O-])=O,K3PO4,0.7641504000000002 milligram,3.6000000000000014 micromole,0.7641504000000005 microliter,K3O4P,9.0,O,water,3.047886095999999 milligram,169.18601698584507 micromole,3.047886095999999 microliter,H2O,422.96504246461257,CN1C=NC2=C1C(=O)N(C(=O)N2C)C,caffeine,0.09321168000000002 milligram,0.4800000000000001 micromole,0.09321168000000003 microliter,C8H10N4O2,1.1999999999999997,C1COCCO1,dioxane,3.3935943787199996 milligram,38.51717679522393 micromole,3.2947518239999996 microliter,C4H8O2,96.2929419880598,Cc1cccc(-c2c(N)nn(C(C)C)c2C)c1,suzuki_product,0.0 milligram,0.0 micromole,0 microliter,C14H19N3,0.0,Cc1cc(N)nn1C(C)C,dehalogenation_byproduct,0.0 milligram,0.0 micromole,0 microliter,C7H13N3,0.0,Cc1ccccc1,deborylation_byproduct,0.0 milligram,0.0 micromole,0 microliter,C7H8,0.0,CC1=C(C(=NN1C(C)C)N)Br.Cc1cccc(B(O)O)c1>>Cc1cc(N)nn1C(C)C.Cc1cccc(-c2c(N)nn(C(C)C)c2C)c1.Cc1ccccc1,pcr_C1,,,,,,,,,,,,,,,12/18/2023 5:38:02 PM,5,011_rln-nb-2443_018_ct-126_049.raw,1,Rxn_Opt_HSST3_2_98_2min,"C,1",2min_100_1500.EXP,"C,1",pcr_C1,pcr_C1,Eunjae Shim,0.0
C2,C1CON=C1C2=CC=C(C=C2)Br,"3-(4-bromophenyl)-4,5-dihydro-1,2-oxazole",0.09042920000000002 milligram,0.40000000000000013 micromole,0.09042920000000003 microliter,C9H8BrNO,1.0,Cc1cccc(B(O)O)c1,417715597,0.06526032000000001 milligram,0.4800000000000001 micromole,0.06526032000000002 microliter,C7H9BO2,1.1999999999999997,CC(C)C1=CC(C(C)C)=CC(C(C)C)=C1C2=C([P+](C3CCCCC3)([Pd-2]4(OS(C)(=O)=O)C(C=CC=C5)=C5C6=C([NH+]4C)C=CC=C6)C7CCCCC7)C=CC=C2,XPhos Pd G4,0.08260742400000001 milligram,0.09600000000000003 micromole,0.08260742400000003 microliter,C47H64NO3PPdS,0.24,C1COCCO1,DMF,20.52 milligram,232.90127800603818 micromole,21.6 microliter,C4H8O2,582.2531950150952,[K+].[K+].[K+].[O-]P([O-])([O-])=O,K3PO4,0.7641504000000002 milligram,3.6000000000000014 micromole,0.7641504000000005 microliter,K3O4P,9.0,O,water,3.047886095999999 milligram,169.18601698584507 micromole,3.047886095999999 microliter,H2O,422.96504246461257,CN1C=NC2=C1C(=O)N(C(=O)N2C)C,caffeine,0.09321168000000002 milligram,0.4800000000000001 micromole,0.09321168000000003 microliter,C8H10N4O2,1.1999999999999997,C1COCCO1,dioxane,3.3935943787199996 milligram,38.51717679522393 micromole,3.2947518239999996 microliter,C4H8O2,96.2929419880598,Cc1cccc(-c2ccc(C3=NOCC3)cc2)c1,suzuki_product,0.0 milligram,0.0 micromole,0 microliter,C16H15NO,0.0,c1ccc(C2=NOCC2)cc1,dehalogenation_byproduct,0.0 milligram,0.0 micromole,0 microliter,C9H9NO,0.0,Cc1ccccc1,deborylation_byproduct,0.0 milligram,0.0 micromole,0 microliter,C7H8,0.0,C1CON=C1C2=CC=C(C=C2)Br.Cc1cccc(B(O)O)c1>>Cc1cccc(-c2ccc(C3=NOCC3)cc2)c1.Cc1ccccc1.c1ccc(C2=NOCC2)cc1,pcr_C2,,,,,,,,,,,,,,,12/18/2023 5:40:32 PM,5,011_rln-nb-2443_018_ct-126_050.raw,1,Rxn_Opt_HSST3_2_98_2min,"C,2",2min_100_1500.EXP,"C,2",pcr_C2,pcr_C2,Eunjae Shim,65.56490600080728
C3,C1=NC(=C(NC1=O)Cl)Br,5-bromo-6-chloropyrazin-2-ol,0.08377200000000001 milligram,0.40000000000000013 micromole,0.08377200000000003 microliter,C4H2BrClN2O,1.0,Cc1cccc(B(O)O)c1,417715597,0.06526032000000001 milligram,0.4800000000000001 micromole,0.06526032000000002 microliter,C7H9BO2,1.1999999999999997,CC(C)C1=CC(C(C)C)=CC(C(C)C)=C1C2=C([P+](C3CCCCC3)([Pd-2]4(OS(C)(=O)=O)C(C=CC=C5)=C5C6=C([NH+]4C)C=CC=C6)C7CCCCC7)C=CC=C2,XPhos Pd G4,0.08260742400000001 milligram,0.09600000000000003 micromole,0.08260742400000003 microliter,C47H64NO3PPdS,0.24,C1COCCO1,DMF,20.52 milligram,232.90127800603818 micromole,21.6 microliter,C4H8O2,582.2531950150952,[K+].[K+].[K+].[O-]P([O-])([O-])=O,K3PO4,0.7641504000000002 milligram,3.6000000000000014 micromole,0.7641504000000005 microliter,K3O4P,9.0,O,water,3.047886095999999 milligram,169.18601698584507 micromole,3.047886095999999 microliter,H2O,422.96504246461257,CN1C=NC2=C1C(=O)N(C(=O)N2C)C,caffeine,0.09321168000000002 milligram,0.4800000000000001 micromole,0.09321168000000003 microliter,C8H10N4O2,1.1999999999999997,C1COCCO1,dioxane,3.3935943787199996 milligram,38.51717679522393 micromole,3.2947518239999996 microliter,C4H8O2,96.2929419880598,Cc1cccc(-c2[nH]c(=O)cnc2Br)c1,suzuki_product,0.0 milligram,0.0 micromole,0 microliter,C11H9BrN2O,0.0,O=c1cncc(Cl)[nH]1,dehalogenation_byproduct,0.0 milligram,0.0 micromole,0 microliter,C4H3ClN2O,0.0,O=c1cnc(Br)c[nH]1,dehalogenation_byproduct,0.0 milligram,0.0 micromole,0 microliter,C4H3BrN2O,0.0,C1=NC(=C(NC1=O)Cl)Br.Cc1cccc(B(O)O)c1>>Cc1cccc(-c2[nH]c(=O)cnc2Br)c1.Cc1cccc(-c2ncc(=O)[nH]c2Cl)c1.Cc1ccccc1.O=c1cnc(Br)c[nH]1.O=c1cncc(Cl)[nH]1,pcr_C3,Cc1cccc(-c2ncc(=O)[nH]c2Cl)c1,suzuki_product,0.0 milligram,0.0 micromole,0 microliter,C11H9ClN2O,0.0,Cc1ccccc1,deborylation_byproduct,0.0 milligram,0.0 micromole,0 microliter,C7H8,0.0,12/18/2023 5:43:01 PM,5,011_rln-nb-2443_018_ct-126_051.raw,1,Rxn_Opt_HSST3_2_98_2min,"C,3",2min_100_1500.EXP,"C,3",pcr_C3,pcr_C3,Eunjae Shim,0.0
C4,Cc1c(Br)cnc2[nH]ccc12,"5-bromo-4-methyl-1H-pyrrolo[2,3-b]pyridine",0.08442480000000005 milligram,0.40000000000000013 micromole,0.08442480000000006 microliter,C8H7BrN2,1.0,Cc1cccc(B(O)O)c1,417715597,0.06526032000000001 milligram,0.4800000000000001 micromole,0.06526032000000002 microliter,C7H9BO2,1.1999999999999997,CC(C)C1=CC(C(C)C)=CC(C(C)C)=C1C2=C([P+](C3CCCCC3)([Pd-2]4(OS(C)(=O)=O)C(C=CC=C5)=C5C6=C([NH+]4C)C=CC=C6)C7CCCCC7)C=CC=C2,XPhos Pd G4,0.08260742400000001 milligram,0.09600000000000003 micromole,0.08260742400000003 microliter,C47H64NO3PPdS,0.24,C1COCCO1,DMF,20.52 milligram,232.90127800603818 micromole,21.6 microliter,C4H8O2,582.2531950150952,[K+].[K+].[K+].[O-]P([O-])([O-])=O,K3PO4,0.7641504000000002 milligram,3.6000000000000014 micromole,0.7641504000000005 microliter,K3O4P,9.0,O,water,3.047886095999999 milligram,169.18601698584507 micromole,3.047886095999999 microliter,H2O,422.96504246461257,CN1C=NC2=C1C(=O)N(C(=O)N2C)C,caffeine,0.09321168000000002 milligram,0.4800000000000001 micromole,0.09321168000000003 microliter,C8H10N4O2,1.1999999999999997,C1COCCO1,dioxane,3.3935943787199996 milligram,38.51717679522393 micromole,3.2947518239999996 microliter,C4H8O2,96.2929419880598,Cc1cccc(-c2cnc3[nH]ccc3c2C)c1,suzuki_product,0.0 milligram,0.0 micromole,0 microliter,C15H14N2,0.0,Cc1ccnc2[nH]ccc12,dehalogenation_byproduct,0.0 milligram,0.0 micromole,0 microliter,C8H8N2,0.0,Cc1ccccc1,deborylation_byproduct,0.0 milligram,0.0 micromole,0 microliter,C7H8,0.0,Cc1c(Br)cnc2[nH]ccc12.Cc1cccc(B(O)O)c1>>Cc1cccc(-c2cnc3[nH]ccc3c2C)c1.Cc1ccccc1.Cc1ccnc2[nH]ccc12,pcr_C4,,,,,,,,,,,,,,,12/18/2023 5:45:31 PM,5,011_rln-nb-2443_018_ct-126_052.raw,1,Rxn_Opt_HSST3_2_98_2min,"C,4",2min_100_1500.EXP,"C,4",pcr_C4,pcr_C4,Eunjae Shim,5.079170643467474
C5,COc1ccc(-c2nnc(Br)o2)cc1,"2-bromo-5-(4-methoxyphenyl)-1,3,4-oxadiazole",0.10202840000000003 milligram,0.40000000000000013 micromole,0.10202840000000006 microliter,C9H7BrN2O2,1.0,Cc1cccc(B(O)O)c1,417715597,0.06526032000000001 milligram,0.4800000000000001 micromole,0.06526032000000002 microliter,C7H9BO2,1.1999999999999997,CC(C)C1=CC(C(C)C)=CC(C(C)C)=C1C2=C([P+](C3CCCCC3)([Pd-2]4(OS(C)(=O)=O)C(C=CC=C5)=C5C6=C([NH+]4C)C=CC=C6)C7CCCCC7)C=CC=C2,XPhos Pd G4,0.08260742400000001 milligram,0.09600000000000003 micromole,0.08260742400000003 microliter,C47H64NO3PPdS,0.24,C1COCCO1,DMF,20.52 milligram,232.90127800603818 micromole,21.6 microliter,C4H8O2,582.2531950150952,[K+].[K+].[K+].[O-]P([O-])([O-])=O,K3PO4,0.7641504000000002 milligram,3.6000000000000014 micromole,0.7641504000000005 microliter,K3O4P,9.0,O,water,3.047886095999999 milligram,169.18601698584507 micromole,3.047886095999999 microliter,H2O,422.96504246461257,CN1C=NC2=C1C(=O)N(C(=O)N2C)C,caffeine,0.09321168000000002 milligram,0.4800000000000001 micromole,0.09321168000000003 microliter,C8H10N4O2,1.1999999999999997,C1COCCO1,dioxane,3.3935943787199996 milligram,38.51717679522393 micromole,3.2947518239999996 microliter,C4H8O2,96.2929419880598,COc1ccc(-c2nnc(-c3cccc(C)c3)o2)cc1,suzuki_product,0.0 milligram,0.0 micromole,0 microliter,C16H14N2O2,0.0,COc1ccc(-c2nnco2)cc1,dehalogenation_byproduct,0.0 milligram,0.0 micromole,0 microliter,C9H8N2O2,0.0,Cc1ccccc1,deborylation_byproduct,0.0 milligram,0.0 micromole,0 microliter,C7H8,0.0,COc1ccc(-c2nnc(Br)o2)cc1.Cc1cccc(B(O)O)c1>>COc1ccc(-c2nnc(-c3cccc(C)c3)o2)cc1.COc1ccc(-c2nnco2)cc1.Cc1ccccc1,pcr_C5,,,,,,,,,,,,,,,12/18/2023 5:48:00 PM,5,011_rln-nb-2443_018_ct-126_053.raw,1,Rxn_Opt_HSST3_2_98_2min,"C,5",2min_100_1500.EXP,"C,5",pcr_C5,pcr_C5,Eunjae Shim,9.680072997354214
C6,BrC1=CC=CC=C1,phenylbromide,0.06280400000000001 milligram,0.40000000000000013 micromole,0.06280400000000003 microliter,C6H5Br,1.0,Cc1cccc(B(O)O)c1,417715597,0.06526032000000001 milligram,0.4800000000000001 micromole,0.06526032000000002 microliter,C7H9BO2,1.1999999999999997,CC(C)C1=CC(C(C)C)=CC(C(C)C)=C1C2=C([P+](C3CCCCC3)([Pd-2]4(OS(C)(=O)=O)C(C=CC=C5)=C5C6=C([NH+]4C)C=CC=C6)C7CCCCC7)C=CC=C2,XPhos Pd G4,0.08260742400000001 milligram,0.09600000000000003 micromole,0.08260742400000003 microliter,C47H64NO3PPdS,0.24,C1COCCO1,DMF,20.52 milligram,232.90127800603818 micromole,21.6 microliter,C4H8O2,582.2531950150952,[K+].[K+].[K+].[O-]P([O-])([O-])=O,K3PO4,0.7641504000000002 milligram,3.6000000000000014 micromole,0.7641504000000005 microliter,K3O4P,9.0,O,water,3.047886095999999 milligram,169.18601698584507 micromole,3.047886095999999 microliter,H2O,422.96504246461257,CN1C=NC2=C1C(=O)N(C(=O)N2C)C,caffeine,0.09321168000000002 milligram,0.4800000000000001 micromole,0.09321168000000003 microliter,C8H10N4O2,1.1999999999999997,C1COCCO1,dioxane,3.3935943787199996 milligram,38.51717679522393 micromole,3.2947518239999996 microliter,C4H8O2,96.2929419880598,Cc1cccc(-c2ccccc2)c1,suzuki_product,0.0 milligram,0.0 micromole,0 microliter,C13H12,0.0,c1ccccc1,dehalogenation_byproduct,0.0 milligram,0.0 micromole,0 microliter,C6H6,0.0,Cc1ccccc1,deborylation_byproduct,0.0 milligram,0.0 micromole,0 microliter,C7H8,0.0,BrC1=CC=CC=C1.Cc1cccc(B(O)O)c1>>Cc1cccc(-c2ccccc2)c1.Cc1ccccc1.c1ccccc1,pcr_C6,,,,,,,,,,,,,,,12/18/2023 5:50:30 PM,5,011_rln-nb-2443_018_ct-126_054.raw,1,Rxn_Opt_HSST3_2_98_2min,"C,6",2min_100_1500.EXP,"C,6",pcr_C6,pcr_C6,Eunjae Shim,0.0
C7,CC1=C(C(=NN1C(C)C)N)Br,4-BROMO-1-ISOPROPYL-5-METHYL-1H-PYRAZOL-3-AMINE,0.08723920000000002 milligram,0.40000000000000013 micromole,0.08723920000000003 microliter,C7H12BrN3,1.0,COc1ccc(B(O)O)c(C)c1,417715776,0.0796728 milligram,0.4800000000000001 micromole,0.07967280000000002 microliter,C8H11BO3,1.1999999999999997,CC(C)C1=CC(C(C)C)=CC(C(C)C)=C1C2=C([P+](C3CCCCC3)([Pd-2]4(OS(C)(=O)=O)C(C=CC=C5)=C5C6=C([NH+]4C)C=CC=C6)C7CCCCC7)C=CC=C2,XPhos Pd G4,0.08260742400000001 milligram,0.09600000000000003 micromole,0.08260742400000003 microliter,C47H64NO3PPdS,0.24,C1COCCO1,DMF,20.52 milligram,232.90127800603818 micromole,21.6 microliter,C4H8O2,582.2531950150952,[K+].[K+].[K+].[O-]P([O-])([O-])=O,K3PO4,0.7641504000000002 milligram,3.6000000000000014 micromole,0.7641504000000005 microliter,K3O4P,9.0,O,water,3.047886095999999 milligram,169.18601698584507 micromole,3.047886095999999 microliter,H2O,422.96504246461257,CN1C=NC2=C1C(=O)N(C(=O)N2C)C,caffeine,0.09321168000000002 milligram,0.4800000000000001 micromole,0.09321168000000003 microliter,C8H10N4O2,1.1999999999999997,C1COCCO1,dioxane,3.3935943787199996 milligram,38.51717679522393 micromole,3.2947518239999996 microliter,C4H8O2,96.2929419880598,COc1ccc(-c2c(N)nn(C(C)C)c2C)c(C)c1,suzuki_product,0.0 milligram,0.0 micromole,0 microliter,C15H21N3O,0.0,Cc1cc(N)nn1C(C)C,dehalogenation_byproduct,0.0 milligram,0.0 micromole,0 microliter,C7H13N3,0.0,COc1cccc(C)c1,deborylation_byproduct,0.0 milligram,0.0 micromole,0 microliter,C8H10O,0.0,CC1=C(C(=NN1C(C)C)N)Br.COc1ccc(B(O)O)c(C)c1>>COc1ccc(-c2c(N)nn(C(C)C)c2C)c(C)c1.COc1cccc(C)c1.Cc1cc(N)nn1C(C)C,pcr_C7,,,,,,,,,,,,,,,12/18/2023 5:52:59 PM,5,011_rln-nb-2443_018_ct-126_055.raw,1,Rxn_Opt_HSST3_2_98_2min,"C,7",2min_100_1500.EXP,"C,7",pcr_C7,pcr_C7,Eunjae Shim,1.7335141339786655
C8,C1CON=C1C2=CC=C(C=C2)Br,"3-(4-bromophenyl)-4,5-dihydro-1,2-oxazole",0.09042920000000002 milligram,0.40000000000000013 micromole,0.09042920000000003 microliter,C9H8BrNO,1.0,COc1ccc(B(O)O)c(C)c1,417715776,0.0796728 milligram,0.4800000000000001 micromole,0.07967280000000002 microliter,C8H11BO3,1.1999999999999997,CC(C)C1=CC(C(C)C)=CC(C(C)C)=C1C2=C([P+](C3CCCCC3)([Pd-2]4(OS(C)(=O)=O)C(C=CC=C5)=C5C6=C([NH+]4C)C=CC=C6)C7CCCCC7)C=CC=C2,XPhos Pd G4,0.08260742400000001 milligram,0.09600000000000003 micromole,0.08260742400000003 microliter,C47H64NO3PPdS,0.24,C1COCCO1,DMF,20.52 milligram,232.90127800603818 micromole,21.6 microliter,C4H8O2,582.2531950150952,[K+].[K+].[K+].[O-]P([O-])([O-])=O,K3PO4,0.7641504000000002 milligram,3.6000000000000014 micromole,0.7641504000000005 microliter,K3O4P,9.0,O,water,3.047886095999999 milligram,169.18601698584507 micromole,3.047886095999999 microliter,H2O,422.96504246461257,CN1C=NC2=C1C(=O)N(C(=O)N2C)C,caffeine,0.09321168000000002 milligram,0.4800000000000001 micromole,0.09321168000000003 microliter,C8H10N4O2,1.1999999999999997,C1COCCO1,dioxane,3.3935943787199996 milligram,38.51717679522393 micromole,3.2947518239999996 microliter,C4H8O2,96.2929419880598,COc1ccc(-c2ccc(C3=NOCC3)cc2)c(C)c1,suzuki_product,0.0 milligram,0.0 micromole,0 microliter,C17H17NO2,0.0,c1ccc(C2=NOCC2)cc1,dehalogenation_byproduct,0.0 milligram,0.0 micromole,0 microliter,C9H9NO,0.0,COc1cccc(C)c1,deborylation_byproduct,0.0 milligram,0.0 micromole,0 microliter,C8H10O,0.0,C1CON=C1C2=CC=C(C=C2)Br.COc1ccc(B(O)O)c(C)c1>>COc1ccc(-c2ccc(C3=NOCC3)cc2)c(C)c1.COc1cccc(C)c1.c1ccc(C2=NOCC2)cc1,pcr_C8,,,,,,,,,,,,,,,12/18/2023 5:55:30 PM,5,011_rln-nb-2443_018_ct-126_056.raw,1,Rxn_Opt_HSST3_2_98_2min,"C,8",2min_100_1500.EXP,"C,8",pcr_C8,pcr_C8,Eunjae Shim,77.06737292892551
C9,C1=NC(=C(NC1=O)Cl)Br,5-bromo-6-chloropyrazin-2-ol,0.08377200000000001 milligram,0.40000000000000013 micromole,0.08377200000000003 microliter,C4H2BrClN2O,1.0,COc1ccc(B(O)O)c(C)c1,417715776,0.0796728 milligram,0.4800000000000001 micromole,0.07967280000000002 microliter,C8H11BO3,1.1999999999999997,CC(C)C1=CC(C(C)C)=CC(C(C)C)=C1C2=C([P+](C3CCCCC3)([Pd-2]4(OS(C)(=O)=O)C(C=CC=C5)=C5C6=C([NH+]4C)C=CC=C6)C7CCCCC7)C=CC=C2,XPhos Pd G4,0.08260742400000001 milligram,0.09600000000000003 micromole,0.08260742400000003 microliter,C47H64NO3PPdS,0.24,C1COCCO1,DMF,20.52 milligram,232.90127800603818 micromole,21.6 microliter,C4H8O2,582.2531950150952,[K+].[K+].[K+].[O-]P([O-])([O-])=O,K3PO4,0.7641504000000002 milligram,3.6000000000000014 micromole,0.7641504000000005 microliter,K3O4P,9.0,O,water,3.047886095999999 milligram,169.18601698584507 micromole,3.047886095999999 microliter,H2O,422.96504246461257,CN1C=NC2=C1C(=O)N(C(=O)N2C)C,caffeine,0.09321168000000002 milligram,0.4800000000000001 micromole,0.09321168000000003 microliter,C8H10N4O2,1.1999999999999997,C1COCCO1,dioxane,3.3935943787199996 milligram,38.51717679522393 micromole,3.2947518239999996 microliter,C4H8O2,96.2929419880598,COc1ccc(-c2[nH]c(=O)cnc2Br)c(C)c1,suzuki_product,0.0 milligram,0.0 micromole,0 microliter,C12H11BrN2O2,0.0,O=c1cncc(Cl)[nH]1,dehalogenation_byproduct,0.0 milligram,0.0 micromole,0 microliter,C4H3ClN2O,0.0,O=c1cnc(Br)c[nH]1,dehalogenation_byproduct,0.0 milligram,0.0 micromole,0 microliter,C4H3BrN2O,0.0,C1=NC(=C(NC1=O)Cl)Br.COc1ccc(B(O)O)c(C)c1>>COc1ccc(-c2[nH]c(=O)cnc2Br)c(C)c1.COc1ccc(-c2ncc(=O)[nH]c2Cl)c(C)c1.COc1cccc(C)c1.O=c1cnc(Br)c[nH]1.O=c1cncc(Cl)[nH]1,pcr_C9,COc1ccc(-c2ncc(=O)[nH]c2Cl)c(C)c1,suzuki_product,0.0 milligram,0.0 micromole,0 microliter,C12H11ClN2O2,0.0,COc1cccc(C)c1,deborylation_byproduct,0.0 milligram,0.0 micromole,0 microliter,C8H10O,0.0,12/18/2023 5:58:00 PM,5,011_rln-nb-2443_018_ct-126_057.raw,1,Rxn_Opt_HSST3_2_98_2min,"C,9",2min_100_1500.EXP,"C,9",pcr_C9,pcr_C9,Eunjae Shim,9.391470203922392
C10,Cc1c(Br)cnc2[nH]ccc12,"5-bromo-4-methyl-1H-pyrrolo[2,3-b]pyridine",0.08442480000000005 milligram,0.40000000000000013 micromole,0.08442480000000006 microliter,C8H7BrN2,1.0,COc1ccc(B(O)O)c(C)c1,417715776,0.0796728 milligram,0.4800000000000001 micromole,0.07967280000000002 microliter,C8H11BO3,1.1999999999999997,CC(C)C1=CC(C(C)C)=CC(C(C)C)=C1C2=C([P+](C3CCCCC3)([Pd-2]4(OS(C)(=O)=O)C(C=CC=C5)=C5C6=C([NH+]4C)C=CC=C6)C7CCCCC7)C=CC=C2,XPhos Pd G4,0.08260742400000001 milligram,0.09600000000000003 micromole,0.08260742400000003 microliter,C47H64NO3PPdS,0.24,C1COCCO1,DMF,20.52 milligram,232.90127800603818 micromole,21.6 microliter,C4H8O2,582.2531950150952,[K+].[K+].[K+].[O-]P([O-])([O-])=O,K3PO4,0.7641504000000002 milligram,3.6000000000000014 micromole,0.7641504000000005 microliter,K3O4P,9.0,O,water,3.047886095999999 milligram,169.18601698584507 micromole,3.047886095999999 microliter,H2O,422.96504246461257,CN1C=NC2=C1C(=O)N(C(=O)N2C)C,caffeine,0.09321168000000002 milligram,0.4800000000000001 micromole,0.09321168000000003 microliter,C8H10N4O2,1.1999999999999997,C1COCCO1,dioxane,3.3935943787199996 milligram,38.51717679522393 micromole,3.2947518239999996 microliter,C4H8O2,96.2929419880598,COc1ccc(-c2cnc3[nH]ccc3c2C)c(C)c1,suzuki_product,0.0 milligram,0.0 micromole,0 microliter,C16H16N2O,0.0,Cc1ccnc2[nH]ccc12,dehalogenation_byproduct,0.0 milligram,0.0 micromole,0 microliter,C8H8N2,0.0,COc1cccc(C)c1,deborylation_byproduct,0.0 milligram,0.0 micromole,0 microliter,C8H10O,0.0,COc1ccc(B(O)O)c(C)c1.Cc1c(Br)cnc2[nH]ccc12>>COc1ccc(-c2cnc3[nH]ccc3c2C)c(C)c1.COc1cccc(C)c1.Cc1ccnc2[nH]ccc12,pcr_C10,,,,,,,,,,,,,,,12/18/2023 6:00:30 PM,5,011_rln-nb-2443_018_ct-126_058.raw,1,Rxn_Opt_HSST3_2_98_2min,"C,10",2min_100_1500.EXP,"C,10",pcr_C10,pcr_C10,Eunjae Shim,2.3309567050420017
C11,COc1ccc(-c2nnc(Br)o2)cc1,"2-bromo-5-(4-methoxyphenyl)-1,3,4-oxadiazole",0.10202840000000003 milligram,0.40000000000000013 micromole,0.10202840000000006 microliter,C9H7BrN2O2,1.0,COc1ccc(B(O)O)c(C)c1,417715776,0.0796728 milligram,0.4800000000000001 micromole,0.07967280000000002 microliter,C8H11BO3,1.1999999999999997,CC(C)C1=CC(C(C)C)=CC(C(C)C)=C1C2=C([P+](C3CCCCC3)([Pd-2]4(OS(C)(=O)=O)C(C=CC=C5)=C5C6=C([NH+]4C)C=CC=C6)C7CCCCC7)C=CC=C2,XPhos Pd G4,0.08260742400000001 milligram,0.09600000000000003 micromole,0.08260742400000003 microliter,C47H64NO3PPdS,0.24,C1COCCO1,DMF,20.52 milligram,232.90127800603818 micromole,21.6 microliter,C4H8O2,582.2531950150952,[K+].[K+].[K+].[O-]P([O-])([O-])=O,K3PO4,0.7641504000000002 milligram,3.6000000000000014 micromole,0.7641504000000005 microliter,K3O4P,9.0,O,water,3.047886095999999 milligram,169.18601698584507 micromole,3.047886095999999 microliter,H2O,422.96504246461257,CN1C=NC2=C1C(=O)N(C(=O)N2C)C,caffeine,0.09321168000000002 milligram,0.4800000000000001 micromole,0.09321168000000003 microliter,C8H10N4O2,1.1999999999999997,C1COCCO1,dioxane,3.3935943787199996 milligram,38.51717679522393 micromole,3.2947518239999996 microliter,C4H8O2,96.2929419880598,COc1ccc(-c2nnc(-c3ccc(OC)cc3C)o2)cc1,suzuki_product,0.0 milligram,0.0 micromole,0 microliter,C17H16N2O3,0.0,COc1ccc(-c2nnco2)cc1,dehalogenation_byproduct,0.0 milligram,0.0 micromole,0 microliter,C9H8N2O2,0.0,COc1cccc(C)c1,deborylation_byproduct,0.0 milligram,0.0 micromole,0 microliter,C8H10O,0.0,COc1ccc(-c2nnc(Br)o2)cc1.COc1ccc(B(O)O)c(C)c1>>COc1ccc(-c2nnc(-c3ccc(OC)cc3C)o2)cc1.COc1ccc(-c2nnco2)cc1.COc1cccc(C)c1,pcr_C11,,,,,,,,,,,,,,,12/18/2023 6:03:00 PM,5,011_rln-nb-2443_018_ct-126_059.raw,1,Rxn_Opt_HSST3_2_98_2min,"C,11",2min_100_1500.EXP,"C,11",pcr_C11,pcr_C11,Eunjae Shim,33.40823541787961
C12,BrC1=CC=CC=C1,phenylbromide,0.06280400000000001 milligram,0.40000000000000013 micromole,0.06280400000000003 microliter,C6H5Br,1.0,COc1ccc(B(O)O)c(C)c1,417715776,0.0796728 milligram,0.4800000000000001 micromole,0.07967280000000002 microliter,C8H11BO3,1.1999999999999997,CC(C)C1=CC(C(C)C)=CC(C(C)C)=C1C2=C([P+](C3CCCCC3)([Pd-2]4(OS(C)(=O)=O)C(C=CC=C5)=C5C6=C([NH+]4C)C=CC=C6)C7CCCCC7)C=CC=C2,XPhos Pd G4,0.08260742400000001 milligram,0.09600000000000003 micromole,0.08260742400000003 microliter,C47H64NO3PPdS,0.24,C1COCCO1,DMF,20.52 milligram,232.90127800603818 micromole,21.6 microliter,C4H8O2,582.2531950150952,[K+].[K+].[K+].[O-]P([O-])([O-])=O,K3PO4,0.7641504000000002 milligram,3.6000000000000014 micromole,0.7641504000000005 microliter,K3O4P,9.0,O,water,3.047886095999999 milligram,169.18601698584507 micromole,3.047886095999999 microliter,H2O,422.96504246461257,CN1C=NC2=C1C(=O)N(C(=O)N2C)C,caffeine,0.09321168000000002 milligram,0.4800000000000001 micromole,0.09321168000000003 microliter,C8H10N4O2,1.1999999999999997,C1COCCO1,dioxane,3.3935943787199996 milligram,38.51717679522393 micromole,3.2947518239999996 microliter,C4H8O2,96.2929419880598,COc1ccc(-c2ccccc2)c(C)c1,suzuki_product,0.0 milligram,0.0 micromole,0 microliter,C14H14O,0.0,c1ccccc1,dehalogenation_byproduct,0.0 milligram,0.0 micromole,0 microliter,C6H6,0.0,COc1cccc(C)c1,deborylation_byproduct,0.0 milligram,0.0 micromole,0 microliter,C8H10O,0.0,BrC1=CC=CC=C1.COc1ccc(B(O)O)c(C)c1>>COc1ccc(-c2ccccc2)c(C)c1.COc1cccc(C)c1.c1ccccc1,pcr_C12,,,,,,,,,,,,,,,12/18/2023 6:05:30 PM,5,011_rln-nb-2443_018_ct-126_060.raw,1,Rxn_Opt_HSST3_2_98_2min,"C,12",2min_100_1500.EXP,"C,12",pcr_C12,pcr_C12,Eunjae Shim,0.0
C13,CC1=C(C(=NN1C(C)C)N)Br,4-BROMO-1-ISOPROPYL-5-METHYL-1H-PYRAZOL-3-AMINE,0.08723920000000002 milligram,0.40000000000000013 micromole,0.08723920000000003 microliter,C7H12BrN3,1.0,Cc1cccc(B(O)O)c1,417715597,0.06526032000000001 milligram,0.4800000000000001 micromole,0.06526032000000002 microliter,C7H9BO2,1.1999999999999997,CC(C)C1=CC(C(C)C)=CC(C(C)C)=C1C2=C([P+](C3CCCCC3)([Pd-2]4(OS(C)(=O)=O)C(C=CC=C5)=C5C6=C([NH+]4C)C=CC=C6)C7CCCCC7)C=CC=C2,XPhos Pd G4,0.08260742400000001 milligram,0.09600000000000003 micromole,0.08260742400000003 microliter,C47H64NO3PPdS,0.24,C1COCCO1,DMF,20.52 milligram,232.90127800603818 micromole,21.6 microliter,C4H8O2,582.2531950150952,[K+].[K+].[K+].[O-]P([O-])([O-])=O,K3PO4,0.7641504000000002 milligram,3.6000000000000014 micromole,0.7641504000000005 microliter,K3O4P,9.0,O,water,3.047886095999999 milligram,169.18601698584507 micromole,3.047886095999999 microliter,H2O,422.96504246461257,CN1C=NC2=C1C(=O)N(C(=O)N2C)C,caffeine,0.09321168000000002 milligram,0.4800000000000001 micromole,0.09321168000000003 microliter,C8H10N4O2,1.1999999999999997,C1COCCO1,dioxane,3.3935943787199996 milligram,38.51717679522393 micromole,3.2947518239999996 microliter,C4H8O2,96.2929419880598,Cc1cccc(-c2c(N)nn(C(C)C)c2C)c1,suzuki_product,0.0 milligram,0.0 micromole,0 microliter,C14H19N3,0.0,Cc1cc(N)nn1C(C)C,dehalogenation_byproduct,0.0 milligram,0.0 micromole,0 microliter,C7H13N3,0.0,Cc1ccccc1,deborylation_byproduct,0.0 milligram,0.0 micromole,0 microliter,C7H8,0.0,CC1=C(C(=NN1C(C)C)N)Br.Cc1cccc(B(O)O)c1>>Cc1cc(N)nn1C(C)C.Cc1cccc(-c2c(N)nn(C(C)C)c2C)c1.Cc1ccccc1,pcr_C13,,,,,,,,,,,,,,,12/18/2023 6:07:59 PM,5,011_rln-nb-2443_018_ct-126_061.raw,1,Rxn_Opt_HSST3_2_98_2min,"C,13",2min_100_1500.EXP,"C,13",pcr_C13,pcr_C13,Eunjae Shim,0.0
C14,C1CON=C1C2=CC=C(C=C2)Br,"3-(4-bromophenyl)-4,5-dihydro-1,2-oxazole",0.09042920000000002 milligram,0.40000000000000013 micromole,0.09042920000000003 microliter,C9H8BrNO,1.0,Cc1cccc(B(O)O)c1,417715597,0.06526032000000001 milligram,0.4800000000000001 micromole,0.06526032000000002 microliter,C7H9BO2,1.1999999999999997,CC(C)C1=CC(C(C)C)=CC(C(C)C)=C1C2=C([P+](C3CCCCC3)([Pd-2]4(OS(C)(=O)=O)C(C=CC=C5)=C5C6=C([NH+]4C)C=CC=C6)C7CCCCC7)C=CC=C2,XPhos Pd G4,0.08260742400000001 milligram,0.09600000000000003 micromole,0.08260742400000003 microliter,C47H64NO3PPdS,0.24,C1COCCO1,DMF,20.52 milligram,232.90127800603818 micromole,21.6 microliter,C4H8O2,582.2531950150952,[K+].[K+].[K+].[O-]P([O-])([O-])=O,K3PO4,0.7641504000000002 milligram,3.6000000000000014 micromole,0.7641504000000005 microliter,K3O4P,9.0,O,water,3.047886095999999 milligram,169.18601698584507 micromole,3.047886095999999 microliter,H2O,422.96504246461257,CN1C=NC2=C1C(=O)N(C(=O)N2C)C,caffeine,0.09321168000000002 milligram,0.4800000000000001 micromole,0.09321168000000003 microliter,C8H10N4O2,1.1999999999999997,C1COCCO1,dioxane,3.3935943787199996 milligram,38.51717679522393 micromole,3.2947518239999996 microliter,C4H8O2,96.2929419880598,Cc1cccc(-c2ccc(C3=NOCC3)cc2)c1,suzuki_product,0.0 milligram,0.0 micromole,0 microliter,C16H15NO,0.0,c1ccc(C2=NOCC2)cc1,dehalogenation_byproduct,0.0 milligram,0.0 micromole,0 microliter,C9H9NO,0.0,Cc1ccccc1,deborylation_byproduct,0.0 milligram,0.0 micromole,0 microliter,C7H8,0.0,C1CON=C1C2=CC=C(C=C2)Br.Cc1cccc(B(O)O)c1>>Cc1cccc(-c2ccc(C3=NOCC3)cc2)c1.Cc1ccccc1.c1ccc(C2=NOCC2)cc1,pcr_C14,,,,,,,,,,,,,,,12/18/2023 6:10:29 PM,5,011_rln-nb-2443_018_ct-126_062.raw,1,Rxn_Opt_HSST3_2_98_2min,"C,14",2min_100_1500.EXP,"C,14",pcr_C14,pcr_C14,Eunjae Shim,68.49850601460267
C15,C1=NC(=C(NC1=O)Cl)Br,5-bromo-6-chloropyrazin-2-ol,0.08377200000000001 milligram,0.40000000000000013 micromole,0.08377200000000003 microliter,C4H2BrClN2O,1.0,Cc1cccc(B(O)O)c1,417715597,0.06526032000000001 milligram,0.4800000000000001 micromole,0.06526032000000002 microliter,C7H9BO2,1.1999999999999997,CC(C)C1=CC(C(C)C)=CC(C(C)C)=C1C2=C([P+](C3CCCCC3)([Pd-2]4(OS(C)(=O)=O)C(C=CC=C5)=C5C6=C([NH+]4C)C=CC=C6)C7CCCCC7)C=CC=C2,XPhos Pd G4,0.08260742400000001 milligram,0.09600000000000003 micromole,0.08260742400000003 microliter,C47H64NO3PPdS,0.24,C1COCCO1,DMF,20.52 milligram,232.90127800603818 micromole,21.6 microliter,C4H8O2,582.2531950150952,[K+].[K+].[K+].[O-]P([O-])([O-])=O,K3PO4,0.7641504000000002 milligram,3.6000000000000014 micromole,0.7641504000000005 microliter,K3O4P,9.0,O,water,3.047886095999999 milligram,169.18601698584507 micromole,3.047886095999999 microliter,H2O,422.96504246461257,CN1C=NC2=C1C(=O)N(C(=O)N2C)C,caffeine,0.09321168000000002 milligram,0.4800000000000001 micromole,0.09321168000000003 microliter,C8H10N4O2,1.1999999999999997,C1COCCO1,dioxane,3.3935943787199996 milligram,38.51717679522393 micromole,3.2947518239999996 microliter,C4H8O2,96.2929419880598,Cc1cccc(-c2[nH]c(=O)cnc2Br)c1,suzuki_product,0.0 milligram,0.0 micromole,0 microliter,C11H9BrN2O,0.0,O=c1cncc(Cl)[nH]1,dehalogenation_byproduct,0.0 milligram,0.0 micromole,0 microliter,C4H3ClN2O,0.0,O=c1cnc(Br)c[nH]1,dehalogenation_byproduct,0.0 milligram,0.0 micromole,0 microliter,C4H3BrN2O,0.0,C1=NC(=C(NC1=O)Cl)Br.Cc1cccc(B(O)O)c1>>Cc1cccc(-c2[nH]c(=O)cnc2Br)c1.Cc1cccc(-c2ncc(=O)[nH]c2Cl)c1.Cc1ccccc1.O=c1cnc(Br)c[nH]1.O=c1cncc(Cl)[nH]1,pcr_C15,Cc1cccc(-c2ncc(=O)[nH]c2Cl)c1,suzuki_product,0.0 milligram,0.0 micromole,0 microliter,C11H9ClN2O,0.0,Cc1ccccc1,deborylation_byproduct,0.0 milligram,0.0 micromole,0 microliter,C7H8,0.0,12/18/2023 6:12:58 PM,5,011_rln-nb-2443_018_ct-126_063.raw,1,Rxn_Opt_HSST3_2_98_2min,"C,15",2min_100_1500.EXP,"C,15",pcr_C15,pcr_C15,Eunjae Shim,0.0
C16,Cc1c(Br)cnc2[nH]ccc12,"5-bromo-4-methyl-1H-pyrrolo[2,3-b]pyridine",0.08442480000000005 milligram,0.40000000000000013 micromole,0.08442480000000006 microliter,C8H7BrN2,1.0,Cc1cccc(B(O)O)c1,417715597,0.06526032000000001 milligram,0.4800000000000001 micromole,0.06526032000000002 microliter,C7H9BO2,1.1999999999999997,CC(C)C1=CC(C(C)C)=CC(C(C)C)=C1C2=C([P+](C3CCCCC3)([Pd-2]4(OS(C)(=O)=O)C(C=CC=C5)=C5C6=C([NH+]4C)C=CC=C6)C7CCCCC7)C=CC=C2,XPhos Pd G4,0.08260742400000001 milligram,0.09600000000000003 micromole,0.08260742400000003 microliter,C47H64NO3PPdS,0.24,C1COCCO1,DMF,20.52 milligram,232.90127800603818 micromole,21.6 microliter,C4H8O2,582.2531950150952,[K+].[K+].[K+].[O-]P([O-])([O-])=O,K3PO4,0.7641504000000002 milligram,3.6000000000000014 micromole,0.7641504000000005 microliter,K3O4P,9.0,O,water,3.047886095999999 milligram,169.18601698584507 micromole,3.047886095999999 microliter,H2O,422.96504246461257,CN1C=NC2=C1C(=O)N(C(=O)N2C)C,caffeine,0.09321168000000002 milligram,0.4800000000000001 micromole,0.09321168000000003 microliter,C8H10N4O2,1.1999999999999997,C1COCCO1,dioxane,3.3935943787199996 milligram,38.51717679522393 micromole,3.2947518239999996 microliter,C4H8O2,96.2929419880598,Cc1cccc(-c2cnc3[nH]ccc3c2C)c1,suzuki_product,0.0 milligram,0.0 micromole,0 microliter,C15H14N2,0.0,Cc1ccnc2[nH]ccc12,dehalogenation_byproduct,0.0 milligram,0.0 micromole,0 microliter,C8H8N2,0.0,Cc1ccccc1,deborylation_byproduct,0.0 milligram,0.0 micromole,0 microliter,C7H8,0.0,Cc1c(Br)cnc2[nH]ccc12.Cc1cccc(B(O)O)c1>>Cc1cccc(-c2cnc3[nH]ccc3c2C)c1.Cc1ccccc1.Cc1ccnc2[nH]ccc12,pcr_C16,,,,,,,,,,,,,,,12/18/2023 6:15:28 PM,5,011_rln-nb-2443_018_ct-126_064.raw,1,Rxn_Opt_HSST3_2_98_2min,"C,16",2min_100_1500.EXP,"C,16",pcr_C16,pcr_C16,Eunjae Shim,5.355267941218848
C17,COc1ccc(-c2nnc(Br)o2)cc1,"2-bromo-5-(4-methoxyphenyl)-1,3,4-oxadiazole",0.10202840000000003 milligram,0.40000000000000013 micromole,0.10202840000000006 microliter,C9H7BrN2O2,1.0,Cc1cccc(B(O)O)c1,417715597,0.06526032000000001 milligram,0.4800000000000001 micromole,0.06526032000000002 microliter,C7H9BO2,1.1999999999999997,CC(C)C1=CC(C(C)C)=CC(C(C)C)=C1C2=C([P+](C3CCCCC3)([Pd-2]4(OS(C)(=O)=O)C(C=CC=C5)=C5C6=C([NH+]4C)C=CC=C6)C7CCCCC7)C=CC=C2,XPhos Pd G4,0.08260742400000001 milligram,0.09600000000000003 micromole,0.08260742400000003 microliter,C47H64NO3PPdS,0.24,C1COCCO1,DMF,20.52 milligram,232.90127800603818 micromole,21.6 microliter,C4H8O2,582.2531950150952,[K+].[K+].[K+].[O-]P([O-])([O-])=O,K3PO4,0.7641504000000002 milligram,3.6000000000000014 micromole,0.7641504000000005 microliter,K3O4P,9.0,O,water,3.047886095999999 milligram,169.18601698584507 micromole,3.047886095999999 microliter,H2O,422.96504246461257,CN1C=NC2=C1C(=O)N(C(=O)N2C)C,caffeine,0.09321168000000002 milligram,0.4800000000000001 micromole,0.09321168000000003 microliter,C8H10N4O2,1.1999999999999997,C1COCCO1,dioxane,3.3935943787199996 milligram,38.51717679522393 micromole,3.2947518239999996 microliter,C4H8O2,96.2929419880598,COc1ccc(-c2nnc(-c3cccc(C)c3)o2)cc1,suzuki_product,0.0 milligram,0.0 micromole,0 microliter,C16H14N2O2,0.0,COc1ccc(-c2nnco2)cc1,dehalogenation_byproduct,0.0 milligram,0.0 micromole,0 microliter,C9H8N2O2,0.0,Cc1ccccc1,deborylation_byproduct,0.0 milligram,0.0 micromole,0 microliter,C7H8,0.0,COc1ccc(-c2nnc(Br)o2)cc1.Cc1cccc(B(O)O)c1>>COc1ccc(-c2nnc(-c3cccc(C)c3)o2)cc1.COc1ccc(-c2nnco2)cc1.Cc1ccccc1,pcr_C17,,,,,,,,,,,,,,,12/18/2023 6:17:58 PM,5,011_rln-nb-2443_018_ct-126_065.raw,1,Rxn_Opt_HSST3_2_98_2min,"C,17",2min_100_1500.EXP,"C,17",pcr_C17,pcr_C17,Eunjae Shim,6.806324512920401
C18,BrC1=CC=CC=C1,phenylbromide,0.06280400000000001 milligram,0.40000000000000013 micromole,0.06280400000000003 microliter,C6H5Br,1.0,Cc1cccc(B(O)O)c1,417715597,0.06526032000000001 milligram,0.4800000000000001 micromole,0.06526032000000002 microliter,C7H9BO2,1.1999999999999997,CC(C)C1=CC(C(C)C)=CC(C(C)C)=C1C2=C([P+](C3CCCCC3)([Pd-2]4(OS(C)(=O)=O)C(C=CC=C5)=C5C6=C([NH+]4C)C=CC=C6)C7CCCCC7)C=CC=C2,XPhos Pd G4,0.08260742400000001 milligram,0.09600000000000003 micromole,0.08260742400000003 microliter,C47H64NO3PPdS,0.24,C1COCCO1,DMF,20.52 milligram,232.90127800603818 micromole,21.6 microliter,C4H8O2,582.2531950150952,[K+].[K+].[K+].[O-]P([O-])([O-])=O,K3PO4,0.7641504000000002 milligram,3.6000000000000014 micromole,0.7641504000000005 microliter,K3O4P,9.0,O,water,3.047886095999999 milligram,169.18601698584507 micromole,3.047886095999999 microliter,H2O,422.96504246461257,CN1C=NC2=C1C(=O)N(C(=O)N2C)C,caffeine,0.09321168000000002 milligram,0.4800000000000001 micromole,0.09321168000000003 microliter,C8H10N4O2,1.1999999999999997,C1COCCO1,dioxane,3.3935943787199996 milligram,38.51717679522393 micromole,3.2947518239999996 microliter,C4H8O2,96.2929419880598,Cc1cccc(-c2ccccc2)c1,suzuki_product,0.0 milligram,0.0 micromole,0 microliter,C13H12,0.0,c1ccccc1,dehalogenation_byproduct,0.0 milligram,0.0 micromole,0 microliter,C6H6,0.0,Cc1ccccc1,deborylation_byproduct,0.0 milligram,0.0 micromole,0 microliter,C7H8,0.0,BrC1=CC=CC=C1.Cc1cccc(B(O)O)c1>>Cc1cccc(-c2ccccc2)c1.Cc1ccccc1.c1ccccc1,pcr_C18,,,,,,,,,,,,,,,12/18/2023 6:20:27 PM,5,011_rln-nb-2443_018_ct-126_066.raw,1,Rxn_Opt_HSST3_2_98_2min,"C,18",2min_100_1500.EXP,"C,18",pcr_C18,pcr_C18,Eunjae Shim,0.0
C19,CC1=C(C(=NN1C(C)C)N)Br,4-BROMO-1-ISOPROPYL-5-METHYL-1H-PYRAZOL-3-AMINE,0.08723920000000002 milligram,0.40000000000000013 micromole,0.08723920000000003 microliter,C7H12BrN3,1.0,COc1ccc(B(O)O)c(C)c1,417715776,0.0796728 milligram,0.4800000000000001 micromole,0.07967280000000002 microliter,C8H11BO3,1.1999999999999997,CC(C)C1=CC(C(C)C)=CC(C(C)C)=C1C2=C([P+](C3CCCCC3)([Pd-2]4(OS(C)(=O)=O)C(C=CC=C5)=C5C6=C([NH+]4C)C=CC=C6)C7CCCCC7)C=CC=C2,XPhos Pd G4,0.08260742400000001 milligram,0.09600000000000003 micromole,0.08260742400000003 microliter,C47H64NO3PPdS,0.24,C1COCCO1,DMF,20.52 milligram,232.90127800603818 micromole,21.6 microliter,C4H8O2,582.2531950150952,[K+].[K+].[K+].[O-]P([O-])([O-])=O,K3PO4,0.7641504000000002 milligram,3.6000000000000014 micromole,0.7641504000000005 microliter,K3O4P,9.0,O,water,3.047886095999999 milligram,169.18601698584507 micromole,3.047886095999999 microliter,H2O,422.96504246461257,CN1C=NC2=C1C(=O)N(C(=O)N2C)C,caffeine,0.09321168000000002 milligram,0.4800000000000001 micromole,0.09321168000000003 microliter,C8H10N4O2,1.1999999999999997,C1COCCO1,dioxane,3.3935943787199996 milligram,38.51717679522393 micromole,3.2947518239999996 microliter,C4H8O2,96.2929419880598,COc1ccc(-c2c(N)nn(C(C)C)c2C)c(C)c1,suzuki_product,0.0 milligram,0.0 micromole,0 microliter,C15H21N3O,0.0,Cc1cc(N)nn1C(C)C,dehalogenation_byproduct,0.0 milligram,0.0 micromole,0 microliter,C7H13N3,0.0,COc1cccc(C)c1,deborylation_byproduct,0.0 milligram,0.0 micromole,0 microliter,C8H10O,0.0,CC1=C(C(=NN1C(C)C)N)Br.COc1ccc(B(O)O)c(C)c1>>COc1ccc(-c2c(N)nn(C(C)C)c2C)c(C)c1.COc1cccc(C)c1.Cc1cc(N)nn1C(C)C,pcr_C19,,,,,,,,,,,,,,,12/18/2023 6:22:57 PM,5,011_rln-nb-2443_018_ct-126_067.raw,1,Rxn_Opt_HSST3_2_98_2min,"C,19",2min_100_1500.EXP,"C,19",pcr_C19,pcr_C19,Eunjae Shim,0.0
C20,C1CON=C1C2=CC=C(C=C2)Br,"3-(4-bromophenyl)-4,5-dihydro-1,2-oxazole",0.09042920000000002 milligram,0.40000000000000013 micromole,0.09042920000000003 microliter,C9H8BrNO,1.0,COc1ccc(B(O)O)c(C)c1,417715776,0.0796728 milligram,0.4800000000000001 micromole,0.07967280000000002 microliter,C8H11BO3,1.1999999999999997,CC(C)C1=CC(C(C)C)=CC(C(C)C)=C1C2=C([P+](C3CCCCC3)([Pd-2]4(OS(C)(=O)=O)C(C=CC=C5)=C5C6=C([NH+]4C)C=CC=C6)C7CCCCC7)C=CC=C2,XPhos Pd G4,0.08260742400000001 milligram,0.09600000000000003 micromole,0.08260742400000003 microliter,C47H64NO3PPdS,0.24,C1COCCO1,DMF,20.52 milligram,232.90127800603818 micromole,21.6 microliter,C4H8O2,582.2531950150952,[K+].[K+].[K+].[O-]P([O-])([O-])=O,K3PO4,0.7641504000000002 milligram,3.6000000000000014 micromole,0.7641504000000005 microliter,K3O4P,9.0,O,water,3.047886095999999 milligram,169.18601698584507 micromole,3.047886095999999 microliter,H2O,422.96504246461257,CN1C=NC2=C1C(=O)N(C(=O)N2C)C,caffeine,0.09321168000000002 milligram,0.4800000000000001 micromole,0.09321168000000003 microliter,C8H10N4O2,1.1999999999999997,C1COCCO1,dioxane,3.3935943787199996 milligram,38.51717679522393 micromole,3.2947518239999996 microliter,C4H8O2,96.2929419880598,COc1ccc(-c2ccc(C3=NOCC3)cc2)c(C)c1,suzuki_product,0.0 milligram,0.0 micromole,0 microliter,C17H17NO2,0.0,c1ccc(C2=NOCC2)cc1,dehalogenation_byproduct,0.0 milligram,0.0 micromole,0 microliter,C9H9NO,0.0,COc1cccc(C)c1,deborylation_byproduct,0.0 milligram,0.0 micromole,0 microliter,C8H10O,0.0,C1CON=C1C2=CC=C(C=C2)Br.COc1ccc(B(O)O)c(C)c1>>COc1ccc(-c2ccc(C3=NOCC3)cc2)c(C)c1.COc1cccc(C)c1.c1ccc(C2=NOCC2)cc1,pcr_C20,,,,,,,,,,,,,,,12/18/2023 6:25:27 PM,5,011_rln-nb-2443_018_ct-126_068.raw,1,Rxn_Opt_HSST3_2_98_2min,"C,20",2min_100_1500.EXP,"C,20",pcr_C20,pcr_C20,Eunjae Shim,85.9512464453084
C21,C1=NC(=C(NC1=O)Cl)Br,5-bromo-6-chloropyrazin-2-ol,0.08377200000000001 milligram,0.40000000000000013 micromole,0.08377200000000003 microliter,C4H2BrClN2O,1.0,COc1ccc(B(O)O)c(C)c1,417715776,0.0796728 milligram,0.4800000000000001 micromole,0.07967280000000002 microliter,C8H11BO3,1.1999999999999997,CC(C)C1=CC(C(C)C)=CC(C(C)C)=C1C2=C([P+](C3CCCCC3)([Pd-2]4(OS(C)(=O)=O)C(C=CC=C5)=C5C6=C([NH+]4C)C=CC=C6)C7CCCCC7)C=CC=C2,XPhos Pd G4,0.08260742400000001 milligram,0.09600000000000003 micromole,0.08260742400000003 microliter,C47H64NO3PPdS,0.24,C1COCCO1,DMF,20.52 milligram,232.90127800603818 micromole,21.6 microliter,C4H8O2,582.2531950150952,[K+].[K+].[K+].[O-]P([O-])([O-])=O,K3PO4,0.7641504000000002 milligram,3.6000000000000014 micromole,0.7641504000000005 microliter,K3O4P,9.0,O,water,3.047886095999999 milligram,169.18601698584507 micromole,3.047886095999999 microliter,H2O,422.96504246461257,CN1C=NC2=C1C(=O)N(C(=O)N2C)C,caffeine,0.09321168000000002 milligram,0.4800000000000001 micromole,0.09321168000000003 microliter,C8H10N4O2,1.1999999999999997,C1COCCO1,dioxane,3.3935943787199996 milligram,38.51717679522393 micromole,3.2947518239999996 microliter,C4H8O2,96.2929419880598,COc1ccc(-c2[nH]c(=O)cnc2Br)c(C)c1,suzuki_product,0.0 milligram,0.0 micromole,0 microliter,C12H11BrN2O2,0.0,O=c1cncc(Cl)[nH]1,dehalogenation_byproduct,0.0 milligram,0.0 micromole,0 microliter,C4H3ClN2O,0.0,O=c1cnc(Br)c[nH]1,dehalogenation_byproduct,0.0 milligram,0.0 micromole,0 microliter,C4H3BrN2O,0.0,C1=NC(=C(NC1=O)Cl)Br.COc1ccc(B(O)O)c(C)c1>>COc1ccc(-c2[nH]c(=O)cnc2Br)c(C)c1.COc1ccc(-c2ncc(=O)[nH]c2Cl)c(C)c1.COc1cccc(C)c1.O=c1cnc(Br)c[nH]1.O=c1cncc(Cl)[nH]1,pcr_C21,COc1ccc(-c2ncc(=O)[nH]c2Cl)c(C)c1,suzuki_product,0.0 milligram,0.0 micromole,0 microliter,C12H11ClN2O2,0.0,COc1cccc(C)c1,deborylation_byproduct,0.0 milligram,0.0 micromole,0 microliter,C8H10O,0.0,12/18/2023 6:27:57 PM,5,011_rln-nb-2443_018_ct-126_069.raw,1,Rxn_Opt_HSST3_2_98_2min,"C,21",2min_100_1500.EXP,"C,21",pcr_C21,pcr_C21,Eunjae Shim,9.44569051628492
C22,Cc1c(Br)cnc2[nH]ccc12,"5-bromo-4-methyl-1H-pyrrolo[2,3-b]pyridine",0.08442480000000005 milligram,0.40000000000000013 micromole,0.08442480000000006 microliter,C8H7BrN2,1.0,COc1ccc(B(O)O)c(C)c1,417715776,0.0796728 milligram,0.4800000000000001 micromole,0.07967280000000002 microliter,C8H11BO3,1.1999999999999997,CC(C)C1=CC(C(C)C)=CC(C(C)C)=C1C2=C([P+](C3CCCCC3)([Pd-2]4(OS(C)(=O)=O)C(C=CC=C5)=C5C6=C([NH+]4C)C=CC=C6)C7CCCCC7)C=CC=C2,XPhos Pd G4,0.08260742400000001 milligram,0.09600000000000003 micromole,0.08260742400000003 microliter,C47H64NO3PPdS,0.24,C1COCCO1,DMF,20.52 milligram,232.90127800603818 micromole,21.6 microliter,C4H8O2,582.2531950150952,[K+].[K+].[K+].[O-]P([O-])([O-])=O,K3PO4,0.7641504000000002 milligram,3.6000000000000014 micromole,0.7641504000000005 microliter,K3O4P,9.0,O,water,3.047886095999999 milligram,169.18601698584507 micromole,3.047886095999999 microliter,H2O,422.96504246461257,CN1C=NC2=C1C(=O)N(C(=O)N2C)C,caffeine,0.09321168000000002 milligram,0.4800000000000001 micromole,0.09321168000000003 microliter,C8H10N4O2,1.1999999999999997,C1COCCO1,dioxane,3.3935943787199996 milligram,38.51717679522393 micromole,3.2947518239999996 microliter,C4H8O2,96.2929419880598,COc1ccc(-c2cnc3[nH]ccc3c2C)c(C)c1,suzuki_product,0.0 milligram,0.0 micromole,0 microliter,C16H16N2O,0.0,Cc1ccnc2[nH]ccc12,dehalogenation_byproduct,0.0 milligram,0.0 micromole,0 microliter,C8H8N2,0.0,COc1cccc(C)c1,deborylation_byproduct,0.0 milligram,0.0 micromole,0 microliter,C8H10O,0.0,COc1ccc(B(O)O)c(C)c1.Cc1c(Br)cnc2[nH]ccc12>>COc1ccc(-c2cnc3[nH]ccc3c2C)c(C)c1.COc1cccc(C)c1.Cc1ccnc2[nH]ccc12,pcr_C22,,,,,,,,,,,,,,,12/18/2023 6:30:26 PM,5,011_rln-nb-2443_018_ct-126_070.raw,1,Rxn_Opt_HSST3_2_98_2min,"C,22",2min_100_1500.EXP,"C,22",pcr_C22,pcr_C22,Eunjae Shim,2.543554020114348
C23,COc1ccc(-c2nnc(Br)o2)cc1,"2-bromo-5-(4-methoxyphenyl)-1,3,4-oxadiazole",0.10202840000000003 milligram,0.40000000000000013 micromole,0.10202840000000006 microliter,C9H7BrN2O2,1.0,COc1ccc(B(O)O)c(C)c1,417715776,0.0796728 milligram,0.4800000000000001 micromole,0.07967280000000002 microliter,C8H11BO3,1.1999999999999997,CC(C)C1=CC(C(C)C)=CC(C(C)C)=C1C2=C([P+](C3CCCCC3)([Pd-2]4(OS(C)(=O)=O)C(C=CC=C5)=C5C6=C([NH+]4C)C=CC=C6)C7CCCCC7)C=CC=C2,XPhos Pd G4,0.08260742400000001 milligram,0.09600000000000003 micromole,0.08260742400000003 microliter,C47H64NO3PPdS,0.24,C1COCCO1,DMF,20.52 milligram,232.90127800603818 micromole,21.6 microliter,C4H8O2,582.2531950150952,[K+].[K+].[K+].[O-]P([O-])([O-])=O,K3PO4,0.7641504000000002 milligram,3.6000000000000014 micromole,0.7641504000000005 microliter,K3O4P,9.0,O,water,3.047886095999999 milligram,169.18601698584507 micromole,3.047886095999999 microliter,H2O,422.96504246461257,CN1C=NC2=C1C(=O)N(C(=O)N2C)C,caffeine,0.09321168000000002 milligram,0.4800000000000001 micromole,0.09321168000000003 microliter,C8H10N4O2,1.1999999999999997,C1COCCO1,dioxane,3.3935943787199996 milligram,38.51717679522393 micromole,3.2947518239999996 microliter,C4H8O2,96.2929419880598,COc1ccc(-c2nnc(-c3ccc(OC)cc3C)o2)cc1,suzuki_product,0.0 milligram,0.0 micromole,0 microliter,C17H16N2O3,0.0,COc1ccc(-c2nnco2)cc1,dehalogenation_byproduct,0.0 milligram,0.0 micromole,0 microliter,C9H8N2O2,0.0,COc1cccc(C)c1,deborylation_byproduct,0.0 milligram,0.0 micromole,0 microliter,C8H10O,0.0,COc1ccc(-c2nnc(Br)o2)cc1.COc1ccc(B(O)O)c(C)c1>>COc1ccc(-c2nnc(-c3ccc(OC)cc3C)o2)cc1.COc1ccc(-c2nnco2)cc1.COc1cccc(C)c1,pcr_C23,,,,,,,,,,,,,,,12/18/2023 6:32:55 PM,5,011_rln-nb-2443_018_ct-126_071.raw,1,Rxn_Opt_HSST3_2_98_2min,"C,23",2min_100_1500.EXP,"C,23",pcr_C23,pcr_C23,Eunjae Shim,23.957710715705336
C24,BrC1=CC=CC=C1,phenylbromide,0.06280400000000001 milligram,0.40000000000000013 micromole,0.06280400000000003 microliter,C6H5Br,1.0,COc1ccc(B(O)O)c(C)c1,417715776,0.0796728 milligram,0.4800000000000001 micromole,0.07967280000000002 microliter,C8H11BO3,1.1999999999999997,CC(C)C1=CC(C(C)C)=CC(C(C)C)=C1C2=C([P+](C3CCCCC3)([Pd-2]4(OS(C)(=O)=O)C(C=CC=C5)=C5C6=C([NH+]4C)C=CC=C6)C7CCCCC7)C=CC=C2,XPhos Pd G4,0.08260742400000001 milligram,0.09600000000000003 micromole,0.08260742400000003 microliter,C47H64NO3PPdS,0.24,C1COCCO1,DMF,20.52 milligram,232.90127800603818 micromole,21.6 microliter,C4H8O2,582.2531950150952,[K+].[K+].[K+].[O-]P([O-])([O-])=O,K3PO4,0.7641504000000002 milligram,3.6000000000000014 micromole,0.7641504000000005 microliter,K3O4P,9.0,O,water,3.047886095999999 milligram,169.18601698584507 micromole,3.047886095999999 microliter,H2O,422.96504246461257,CN1C=NC2=C1C(=O)N(C(=O)N2C)C,caffeine,0.09321168000000002 milligram,0.4800000000000001 micromole,0.09321168000000003 microliter,C8H10N4O2,1.1999999999999997,C1COCCO1,dioxane,3.3935943787199996 milligram,38.51717679522393 micromole,3.2947518239999996 microliter,C4H8O2,96.2929419880598,COc1ccc(-c2ccccc2)c(C)c1,suzuki_product,0.0 milligram,0.0 micromole,0 microliter,C14H14O,0.0,c1ccccc1,dehalogenation_byproduct,0.0 milligram,0.0 micromole,0 microliter,C6H6,0.0,COc1cccc(C)c1,deborylation_byproduct,0.0 milligram,0.0 micromole,0 microliter,C8H10O,0.0,BrC1=CC=CC=C1.COc1ccc(B(O)O)c(C)c1>>COc1ccc(-c2ccccc2)c(C)c1.COc1cccc(C)c1.c1ccccc1,pcr_C24,,,,,,,,,,,,,,,12/18/2023 6:35:24 PM,5,011_rln-nb-2443_018_ct-126_072.raw,1,Rxn_Opt_HSST3_2_98_2min,"C,24",2min_100_1500.EXP,"C,24",pcr_C24,pcr_C24,Eunjae Shim,0.0
D1,CC1=C(C(=NN1C(C)C)N)Br,4-BROMO-1-ISOPROPYL-5-METHYL-1H-PYRAZOL-3-AMINE,0.08723920000000002 milligram,0.40000000000000013 micromole,0.08723920000000003 microliter,C7H12BrN3,1.0,OB(O)c1cc(F)ccc1F,417706888,0.07579776 milligram,0.4800000000000001 micromole,0.07579776000000002 microliter,C6H5BF2O2,1.1999999999999997,CC(C)C1=CC(C(C)C)=CC(C(C)C)=C1C2=C([P+](C3CCCCC3)([Pd-2]4(OS(C)(=O)=O)C(C=CC=C5)=C5C6=C([NH+]4C)C=CC=C6)C7CCCCC7)C=CC=C2,XPhos Pd G4,0.08260742400000001 milligram,0.09600000000000003 micromole,0.08260742400000003 microliter,C47H64NO3PPdS,0.24,C1COCCO1,DMF,20.52 milligram,232.90127800603818 micromole,21.6 microliter,C4H8O2,582.2531950150952,[K+].[K+].[K+].[O-]P([O-])([O-])=O,K3PO4,0.7641504000000002 milligram,3.6000000000000014 micromole,0.7641504000000005 microliter,K3O4P,9.0,O,water,3.047886095999999 milligram,169.18601698584507 micromole,3.047886095999999 microliter,H2O,422.96504246461257,CN1C=NC2=C1C(=O)N(C(=O)N2C)C,caffeine,0.09321168000000002 milligram,0.4800000000000001 micromole,0.09321168000000003 microliter,C8H10N4O2,1.1999999999999997,C1COCCO1,dioxane,3.3935943787199996 milligram,38.51717679522393 micromole,3.2947518239999996 microliter,C4H8O2,96.2929419880598,Cc1c(-c2cc(F)ccc2F)c(N)nn1C(C)C,suzuki_product,0.0 milligram,0.0 micromole,0 microliter,C13H15F2N3,0.0,Cc1cc(N)nn1C(C)C,dehalogenation_byproduct,0.0 milligram,0.0 micromole,0 microliter,C7H13N3,0.0,Fc1ccc(F)cc1,deborylation_byproduct,0.0 milligram,0.0 micromole,0 microliter,C6H4F2,0.0,CC1=C(C(=NN1C(C)C)N)Br.OB(O)c1cc(F)ccc1F>>Cc1c(-c2cc(F)ccc2F)c(N)nn1C(C)C.Cc1cc(N)nn1C(C)C.Fc1ccc(F)cc1,pcr_D1,,,,,,,,,,,,,,,12/18/2023 6:37:55 PM,5,011_rln-nb-2443_018_ct-126_073.raw,1,Rxn_Opt_HSST3_2_98_2min,"D,1",2min_100_1500.EXP,"D,1",pcr_D1,pcr_D1,Eunjae Shim,0.6141200954051758
D2,C1CON=C1C2=CC=C(C=C2)Br,"3-(4-bromophenyl)-4,5-dihydro-1,2-oxazole",0.09042920000000002 milligram,0.40000000000000013 micromole,0.09042920000000003 microliter,C9H8BrNO,1.0,OB(O)c1cc(F)ccc1F,417706888,0.07579776 milligram,0.4800000000000001 micromole,0.07579776000000002 microliter,C6H5BF2O2,1.1999999999999997,CC(C)C1=CC(C(C)C)=CC(C(C)C)=C1C2=C([P+](C3CCCCC3)([Pd-2]4(OS(C)(=O)=O)C(C=CC=C5)=C5C6=C([NH+]4C)C=CC=C6)C7CCCCC7)C=CC=C2,XPhos Pd G4,0.08260742400000001 milligram,0.09600000000000003 micromole,0.08260742400000003 microliter,C47H64NO3PPdS,0.24,C1COCCO1,DMF,20.52 milligram,232.90127800603818 micromole,21.6 microliter,C4H8O2,582.2531950150952,[K+].[K+].[K+].[O-]P([O-])([O-])=O,K3PO4,0.7641504000000002 milligram,3.6000000000000014 micromole,0.7641504000000005 microliter,K3O4P,9.0,O,water,3.047886095999999 milligram,169.18601698584507 micromole,3.047886095999999 microliter,H2O,422.96504246461257,CN1C=NC2=C1C(=O)N(C(=O)N2C)C,caffeine,0.09321168000000002 milligram,0.4800000000000001 micromole,0.09321168000000003 microliter,C8H10N4O2,1.1999999999999997,C1COCCO1,dioxane,3.3935943787199996 milligram,38.51717679522393 micromole,3.2947518239999996 microliter,C4H8O2,96.2929419880598,Fc1ccc(F)c(-c2ccc(C3=NOCC3)cc2)c1,suzuki_product,0.0 milligram,0.0 micromole,0 microliter,C15H11F2NO,0.0,c1ccc(C2=NOCC2)cc1,dehalogenation_byproduct,0.0 milligram,0.0 micromole,0 microliter,C9H9NO,0.0,Fc1ccc(F)cc1,deborylation_byproduct,0.0 milligram,0.0 micromole,0 microliter,C6H4F2,0.0,C1CON=C1C2=CC=C(C=C2)Br.OB(O)c1cc(F)ccc1F>>Fc1ccc(F)c(-c2ccc(C3=NOCC3)cc2)c1.Fc1ccc(F)cc1.c1ccc(C2=NOCC2)cc1,pcr_D2,,,,,,,,,,,,,,,12/18/2023 6:40:25 PM,5,011_rln-nb-2443_018_ct-126_074.raw,1,Rxn_Opt_HSST3_2_98_2min,"D,2",2min_100_1500.EXP,"D,2",pcr_D2,pcr_D2,Eunjae Shim,30.81271608293118
D3,C1=NC(=C(NC1=O)Cl)Br,5-bromo-6-chloropyrazin-2-ol,0.08377200000000001 milligram,0.40000000000000013 micromole,0.08377200000000003 microliter,C4H2BrClN2O,1.0,OB(O)c1cc(F)ccc1F,417706888,0.07579776 milligram,0.4800000000000001 micromole,0.07579776000000002 microliter,C6H5BF2O2,1.1999999999999997,CC(C)C1=CC(C(C)C)=CC(C(C)C)=C1C2=C([P+](C3CCCCC3)([Pd-2]4(OS(C)(=O)=O)C(C=CC=C5)=C5C6=C([NH+]4C)C=CC=C6)C7CCCCC7)C=CC=C2,XPhos Pd G4,0.08260742400000001 milligram,0.09600000000000003 micromole,0.08260742400000003 microliter,C47H64NO3PPdS,0.24,C1COCCO1,DMF,20.52 milligram,232.90127800603818 micromole,21.6 microliter,C4H8O2,582.2531950150952,[K+].[K+].[K+].[O-]P([O-])([O-])=O,K3PO4,0.7641504000000002 milligram,3.6000000000000014 micromole,0.7641504000000005 microliter,K3O4P,9.0,O,water,3.047886095999999 milligram,169.18601698584507 micromole,3.047886095999999 microliter,H2O,422.96504246461257,CN1C=NC2=C1C(=O)N(C(=O)N2C)C,caffeine,0.09321168000000002 milligram,0.4800000000000001 micromole,0.09321168000000003 microliter,C8H10N4O2,1.1999999999999997,C1COCCO1,dioxane,3.3935943787199996 milligram,38.51717679522393 micromole,3.2947518239999996 microliter,C4H8O2,96.2929419880598,O=c1cnc(Br)c(-c2cc(F)ccc2F)[nH]1,suzuki_product,0.0 milligram,0.0 micromole,0 microliter,C10H5BrF2N2O,0.0,O=c1cncc(Cl)[nH]1,dehalogenation_byproduct,0.0 milligram,0.0 micromole,0 microliter,C4H3ClN2O,0.0,O=c1cnc(Br)c[nH]1,dehalogenation_byproduct,0.0 milligram,0.0 micromole,0 microliter,C4H3BrN2O,0.0,C1=NC(=C(NC1=O)Cl)Br.OB(O)c1cc(F)ccc1F>>Fc1ccc(F)cc1.O=c1cnc(-c2cc(F)ccc2F)c(Cl)[nH]1.O=c1cnc(Br)c(-c2cc(F)ccc2F)[nH]1.O=c1cnc(Br)c[nH]1.O=c1cncc(Cl)[nH]1,pcr_D3,O=c1cnc(-c2cc(F)ccc2F)c(Cl)[nH]1,suzuki_product,0.0 milligram,0.0 micromole,0 microliter,C10H5ClF2N2O,0.0,Fc1ccc(F)cc1,deborylation_byproduct,0.0 milligram,0.0 micromole,0 microliter,C6H4F2,0.0,12/18/2023 6:42:56 PM,5,011_rln-nb-2443_018_ct-126_075.raw,1,Rxn_Opt_HSST3_2_98_2min,"D,3",2min_100_1500.EXP,"D,3",pcr_D3,pcr_D3,Eunjae Shim,0.0
D4,Cc1c(Br)cnc2[nH]ccc12,"5-bromo-4-methyl-1H-pyrrolo[2,3-b]pyridine",0.08442480000000005 milligram,0.40000000000000013 micromole,0.08442480000000006 microliter,C8H7BrN2,1.0,OB(O)c1cc(F)ccc1F,417706888,0.07579776 milligram,0.4800000000000001 micromole,0.07579776000000002 microliter,C6H5BF2O2,1.1999999999999997,CC(C)C1=CC(C(C)C)=CC(C(C)C)=C1C2=C([P+](C3CCCCC3)([Pd-2]4(OS(C)(=O)=O)C(C=CC=C5)=C5C6=C([NH+]4C)C=CC=C6)C7CCCCC7)C=CC=C2,XPhos Pd G4,0.08260742400000001 milligram,0.09600000000000003 micromole,0.08260742400000003 microliter,C47H64NO3PPdS,0.24,C1COCCO1,DMF,20.52 milligram,232.90127800603818 micromole,21.6 microliter,C4H8O2,582.2531950150952,[K+].[K+].[K+].[O-]P([O-])([O-])=O,K3PO4,0.7641504000000002 milligram,3.6000000000000014 micromole,0.7641504000000005 microliter,K3O4P,9.0,O,water,3.047886095999999 milligram,169.18601698584507 micromole,3.047886095999999 microliter,H2O,422.96504246461257,CN1C=NC2=C1C(=O)N(C(=O)N2C)C,caffeine,0.09321168000000002 milligram,0.4800000000000001 micromole,0.09321168000000003 microliter,C8H10N4O2,1.1999999999999997,C1COCCO1,dioxane,3.3935943787199996 milligram,38.51717679522393 micromole,3.2947518239999996 microliter,C4H8O2,96.2929419880598,Cc1c(-c2cc(F)ccc2F)cnc2[nH]ccc12,suzuki_product,0.0 milligram,0.0 micromole,0 microliter,C14H10F2N2,0.0,Cc1ccnc2[nH]ccc12,dehalogenation_byproduct,0.0 milligram,0.0 micromole,0 microliter,C8H8N2,0.0,Fc1ccc(F)cc1,deborylation_byproduct,0.0 milligram,0.0 micromole,0 microliter,C6H4F2,0.0,Cc1c(Br)cnc2[nH]ccc12.OB(O)c1cc(F)ccc1F>>Cc1c(-c2cc(F)ccc2F)cnc2[nH]ccc12.Cc1ccnc2[nH]ccc12.Fc1ccc(F)cc1,pcr_D4,,,,,,,,,,,,,,,12/18/2023 6:45:25 PM,5,011_rln-nb-2443_018_ct-126_076.raw,1,Rxn_Opt_HSST3_2_98_2min,"D,4",2min_100_1500.EXP,"D,4",pcr_D4,pcr_D4,Eunjae Shim,0.0
D5,COc1ccc(-c2nnc(Br)o2)cc1,"2-bromo-5-(4-methoxyphenyl)-1,3,4-oxadiazole",0.10202840000000003 milligram,0.40000000000000013 micromole,0.10202840000000006 microliter,C9H7BrN2O2,1.0,OB(O)c1cc(F)ccc1F,417706888,0.07579776 milligram,0.4800000000000001 micromole,0.07579776000000002 microliter,C6H5BF2O2,1.1999999999999997,CC(C)C1=CC(C(C)C)=CC(C(C)C)=C1C2=C([P+](C3CCCCC3)([Pd-2]4(OS(C)(=O)=O)C(C=CC=C5)=C5C6=C([NH+]4C)C=CC=C6)C7CCCCC7)C=CC=C2,XPhos Pd G4,0.08260742400000001 milligram,0.09600000000000003 micromole,0.08260742400000003 microliter,C47H64NO3PPdS,0.24,C1COCCO1,DMF,20.52 milligram,232.90127800603818 micromole,21.6 microliter,C4H8O2,582.2531950150952,[K+].[K+].[K+].[O-]P([O-])([O-])=O,K3PO4,0.7641504000000002 milligram,3.6000000000000014 micromole,0.7641504000000005 microliter,K3O4P,9.0,O,water,3.047886095999999 milligram,169.18601698584507 micromole,3.047886095999999 microliter,H2O,422.96504246461257,CN1C=NC2=C1C(=O)N(C(=O)N2C)C,caffeine,0.09321168000000002 milligram,0.4800000000000001 micromole,0.09321168000000003 microliter,C8H10N4O2,1.1999999999999997,C1COCCO1,dioxane,3.3935943787199996 milligram,38.51717679522393 micromole,3.2947518239999996 microliter,C4H8O2,96.2929419880598,COc1ccc(-c2nnc(-c3cc(F)ccc3F)o2)cc1,suzuki_product,0.0 milligram,0.0 micromole,0 microliter,C15H10F2N2O2,0.0,COc1ccc(-c2nnco2)cc1,dehalogenation_byproduct,0.0 milligram,0.0 micromole,0 microliter,C9H8N2O2,0.0,Fc1ccc(F)cc1,deborylation_byproduct,0.0 milligram,0.0 micromole,0 microliter,C6H4F2,0.0,COc1ccc(-c2nnc(Br)o2)cc1.OB(O)c1cc(F)ccc1F>>COc1ccc(-c2nnc(-c3cc(F)ccc3F)o2)cc1.COc1ccc(-c2nnco2)cc1.Fc1ccc(F)cc1,pcr_D5,,,,,,,,,,,,,,,12/18/2023 6:47:56 PM,5,011_rln-nb-2443_018_ct-126_077.raw,1,Rxn_Opt_HSST3_2_98_2min,"D,5",2min_100_1500.EXP,"D,5",pcr_D5,pcr_D5,Eunjae Shim,0.8091894662900081
D6,BrC1=CC=CC=C1,phenylbromide,0.06280400000000001 milligram,0.40000000000000013 micromole,0.06280400000000003 microliter,C6H5Br,1.0,OB(O)c1cc(F)ccc1F,417706888,0.07579776 milligram,0.4800000000000001 micromole,0.07579776000000002 microliter,C6H5BF2O2,1.1999999999999997,CC(C)C1=CC(C(C)C)=CC(C(C)C)=C1C2=C([P+](C3CCCCC3)([Pd-2]4(OS(C)(=O)=O)C(C=CC=C5)=C5C6=C([NH+]4C)C=CC=C6)C7CCCCC7)C=CC=C2,XPhos Pd G4,0.08260742400000001 milligram,0.09600000000000003 micromole,0.08260742400000003 microliter,C47H64NO3PPdS,0.24,C1COCCO1,DMF,20.52 milligram,232.90127800603818 micromole,21.6 microliter,C4H8O2,582.2531950150952,[K+].[K+].[K+].[O-]P([O-])([O-])=O,K3PO4,0.7641504000000002 milligram,3.6000000000000014 micromole,0.7641504000000005 microliter,K3O4P,9.0,O,water,3.047886095999999 milligram,169.18601698584507 micromole,3.047886095999999 microliter,H2O,422.96504246461257,CN1C=NC2=C1C(=O)N(C(=O)N2C)C,caffeine,0.09321168000000002 milligram,0.4800000000000001 micromole,0.09321168000000003 microliter,C8H10N4O2,1.1999999999999997,C1COCCO1,dioxane,3.3935943787199996 milligram,38.51717679522393 micromole,3.2947518239999996 microliter,C4H8O2,96.2929419880598,Fc1ccc(F)c(-c2ccccc2)c1,suzuki_product,0.0 milligram,0.0 micromole,0 microliter,C12H8F2,0.0,c1ccccc1,dehalogenation_byproduct,0.0 milligram,0.0 micromole,0 microliter,C6H6,0.0,Fc1ccc(F)cc1,deborylation_byproduct,0.0 milligram,0.0 micromole,0 microliter,C6H4F2,0.0,BrC1=CC=CC=C1.OB(O)c1cc(F)ccc1F>>Fc1ccc(F)c(-c2ccccc2)c1.Fc1ccc(F)cc1.c1ccccc1,pcr_D6,,,,,,,,,,,,,,,12/18/2023 6:50:25 PM,5,011_rln-nb-2443_018_ct-126_078.raw,1,Rxn_Opt_HSST3_2_98_2min,"D,6",2min_100_1500.EXP,"D,6",pcr_D6,pcr_D6,Eunjae Shim,0.0
D7,CC1=C(C(=NN1C(C)C)N)Br,4-BROMO-1-ISOPROPYL-5-METHYL-1H-PYRAZOL-3-AMINE,0.08723920000000002 milligram,0.40000000000000013 micromole,0.08723920000000003 microliter,C7H12BrN3,1.0,OB(O)c1cccc(OCc2ccccc2)c1,417706289,0.10946688 milligram,0.4800000000000001 micromole,0.10946688000000003 microliter,C13H13BO3,1.1999999999999997,CC(C)C1=CC(C(C)C)=CC(C(C)C)=C1C2=C([P+](C3CCCCC3)([Pd-2]4(OS(C)(=O)=O)C(C=CC=C5)=C5C6=C([NH+]4C)C=CC=C6)C7CCCCC7)C=CC=C2,XPhos Pd G4,0.08260742400000001 milligram,0.09600000000000003 micromole,0.08260742400000003 microliter,C47H64NO3PPdS,0.24,C1COCCO1,DMF,20.52 milligram,232.90127800603818 micromole,21.6 microliter,C4H8O2,582.2531950150952,[K+].[K+].[K+].[O-]P([O-])([O-])=O,K3PO4,0.7641504000000002 milligram,3.6000000000000014 micromole,0.7641504000000005 microliter,K3O4P,9.0,O,water,3.047886095999999 milligram,169.18601698584507 micromole,3.047886095999999 microliter,H2O,422.96504246461257,CN1C=NC2=C1C(=O)N(C(=O)N2C)C,caffeine,0.09321168000000002 milligram,0.4800000000000001 micromole,0.09321168000000003 microliter,C8H10N4O2,1.1999999999999997,C1COCCO1,dioxane,3.3935943787199996 milligram,38.51717679522393 micromole,3.2947518239999996 microliter,C4H8O2,96.2929419880598,Cc1c(-c2cccc(OCc3ccccc3)c2)c(N)nn1C(C)C,suzuki_product,0.0 milligram,0.0 micromole,0 microliter,C20H23N3O,0.0,Cc1cc(N)nn1C(C)C,dehalogenation_byproduct,0.0 milligram,0.0 micromole,0 microliter,C7H13N3,0.0,c1ccc(COc2ccccc2)cc1,deborylation_byproduct,0.0 milligram,0.0 micromole,0 microliter,C13H12O,0.0,CC1=C(C(=NN1C(C)C)N)Br.OB(O)c1cccc(OCc2ccccc2)c1>>Cc1c(-c2cccc(OCc3ccccc3)c2)c(N)nn1C(C)C.Cc1cc(N)nn1C(C)C.c1ccc(COc2ccccc2)cc1,pcr_D7,,,,,,,,,,,,,,,12/18/2023 6:52:54 PM,5,011_rln-nb-2443_018_ct-126_079.raw,1,Rxn_Opt_HSST3_2_98_2min,"D,7",2min_100_1500.EXP,"D,7",pcr_D7,pcr_D7,Eunjae Shim,7.8062616355309755
D8,C1CON=C1C2=CC=C(C=C2)Br,"3-(4-bromophenyl)-4,5-dihydro-1,2-oxazole",0.09042920000000002 milligram,0.40000000000000013 micromole,0.09042920000000003 microliter,C9H8BrNO,1.0,OB(O)c1cccc(OCc2ccccc2)c1,417706289,0.10946688 milligram,0.4800000000000001 micromole,0.10946688000000003 microliter,C13H13BO3,1.1999999999999997,CC(C)C1=CC(C(C)C)=CC(C(C)C)=C1C2=C([P+](C3CCCCC3)([Pd-2]4(OS(C)(=O)=O)C(C=CC=C5)=C5C6=C([NH+]4C)C=CC=C6)C7CCCCC7)C=CC=C2,XPhos Pd G4,0.08260742400000001 milligram,0.09600000000000003 micromole,0.08260742400000003 microliter,C47H64NO3PPdS,0.24,C1COCCO1,DMF,20.52 milligram,232.90127800603818 micromole,21.6 microliter,C4H8O2,582.2531950150952,[K+].[K+].[K+].[O-]P([O-])([O-])=O,K3PO4,0.7641504000000002 milligram,3.6000000000000014 micromole,0.7641504000000005 microliter,K3O4P,9.0,O,water,3.047886095999999 milligram,169.18601698584507 micromole,3.047886095999999 microliter,H2O,422.96504246461257,CN1C=NC2=C1C(=O)N(C(=O)N2C)C,caffeine,0.09321168000000002 milligram,0.4800000000000001 micromole,0.09321168000000003 microliter,C8H10N4O2,1.1999999999999997,C1COCCO1,dioxane,3.3935943787199996 milligram,38.51717679522393 micromole,3.2947518239999996 microliter,C4H8O2,96.2929419880598,c1ccc(COc2cccc(-c3ccc(C4=NOCC4)cc3)c2)cc1,suzuki_product,0.0 milligram,0.0 micromole,0 microliter,C22H19NO2,0.0,c1ccc(C2=NOCC2)cc1,dehalogenation_byproduct,0.0 milligram,0.0 micromole,0 microliter,C9H9NO,0.0,c1ccc(COc2ccccc2)cc1,deborylation_byproduct,0.0 milligram,0.0 micromole,0 microliter,C13H12O,0.0,C1CON=C1C2=CC=C(C=C2)Br.OB(O)c1cccc(OCc2ccccc2)c1>>c1ccc(C2=NOCC2)cc1.c1ccc(COc2cccc(-c3ccc(C4=NOCC4)cc3)c2)cc1.c1ccc(COc2ccccc2)cc1,pcr_D8,,,,,,,,,,,,,,,12/18/2023 6:55:23 PM,5,011_rln-nb-2443_018_ct-126_080.raw,1,Rxn_Opt_HSST3_2_98_2min,"D,8",2min_100_1500.EXP,"D,8",pcr_D8,pcr_D8,Eunjae Shim,52.984968539577984
D9,C1=NC(=C(NC1=O)Cl)Br,5-bromo-6-chloropyrazin-2-ol,0.08377200000000001 milligram,0.40000000000000013 micromole,0.08377200000000003 microliter,C4H2BrClN2O,1.0,OB(O)c1cccc(OCc2ccccc2)c1,417706289,0.10946688 milligram,0.4800000000000001 micromole,0.10946688000000003 microliter,C13H13BO3,1.1999999999999997,CC(C)C1=CC(C(C)C)=CC(C(C)C)=C1C2=C([P+](C3CCCCC3)([Pd-2]4(OS(C)(=O)=O)C(C=CC=C5)=C5C6=C([NH+]4C)C=CC=C6)C7CCCCC7)C=CC=C2,XPhos Pd G4,0.08260742400000001 milligram,0.09600000000000003 micromole,0.08260742400000003 microliter,C47H64NO3PPdS,0.24,C1COCCO1,DMF,20.52 milligram,232.90127800603818 micromole,21.6 microliter,C4H8O2,582.2531950150952,[K+].[K+].[K+].[O-]P([O-])([O-])=O,K3PO4,0.7641504000000002 milligram,3.6000000000000014 micromole,0.7641504000000005 microliter,K3O4P,9.0,O,water,3.047886095999999 milligram,169.18601698584507 micromole,3.047886095999999 microliter,H2O,422.96504246461257,CN1C=NC2=C1C(=O)N(C(=O)N2C)C,caffeine,0.09321168000000002 milligram,0.4800000000000001 micromole,0.09321168000000003 microliter,C8H10N4O2,1.1999999999999997,C1COCCO1,dioxane,3.3935943787199996 milligram,38.51717679522393 micromole,3.2947518239999996 microliter,C4H8O2,96.2929419880598,O=c1cnc(Br)c(-c2cccc(OCc3ccccc3)c2)[nH]1,suzuki_product,0.0 milligram,0.0 micromole,0 microliter,C17H13BrN2O2,0.0,O=c1cncc(Cl)[nH]1,dehalogenation_byproduct,0.0 milligram,0.0 micromole,0 microliter,C4H3ClN2O,0.0,O=c1cnc(Br)c[nH]1,dehalogenation_byproduct,0.0 milligram,0.0 micromole,0 microliter,C4H3BrN2O,0.0,C1=NC(=C(NC1=O)Cl)Br.OB(O)c1cccc(OCc2ccccc2)c1>>O=c1cnc(-c2cccc(OCc3ccccc3)c2)c(Cl)[nH]1.O=c1cnc(Br)c(-c2cccc(OCc3ccccc3)c2)[nH]1.O=c1cnc(Br)c[nH]1.O=c1cncc(Cl)[nH]1.c1ccc(COc2ccccc2)cc1,pcr_D9,O=c1cnc(-c2cccc(OCc3ccccc3)c2)c(Cl)[nH]1,suzuki_product,0.0 milligram,0.0 micromole,0 microliter,C17H13ClN2O2,0.0,c1ccc(COc2ccccc2)cc1,deborylation_byproduct,0.0 milligram,0.0 micromole,0 microliter,C13H12O,0.0,12/18/2023 6:57:52 PM,5,011_rln-nb-2443_018_ct-126_081.raw,1,Rxn_Opt_HSST3_2_98_2min,"D,9",2min_100_1500.EXP,"D,9",pcr_D9,pcr_D9,Eunjae Shim,5.02177123221324
D10,Cc1c(Br)cnc2[nH]ccc12,"5-bromo-4-methyl-1H-pyrrolo[2,3-b]pyridine",0.08442480000000005 milligram,0.40000000000000013 micromole,0.08442480000000006 microliter,C8H7BrN2,1.0,OB(O)c1cccc(OCc2ccccc2)c1,417706289,0.10946688 milligram,0.4800000000000001 micromole,0.10946688000000003 microliter,C13H13BO3,1.1999999999999997,CC(C)C1=CC(C(C)C)=CC(C(C)C)=C1C2=C([P+](C3CCCCC3)([Pd-2]4(OS(C)(=O)=O)C(C=CC=C5)=C5C6=C([NH+]4C)C=CC=C6)C7CCCCC7)C=CC=C2,XPhos Pd G4,0.08260742400000001 milligram,0.09600000000000003 micromole,0.08260742400000003 microliter,C47H64NO3PPdS,0.24,C1COCCO1,DMF,20.52 milligram,232.90127800603818 micromole,21.6 microliter,C4H8O2,582.2531950150952,[K+].[K+].[K+].[O-]P([O-])([O-])=O,K3PO4,0.7641504000000002 milligram,3.6000000000000014 micromole,0.7641504000000005 microliter,K3O4P,9.0,O,water,3.047886095999999 milligram,169.18601698584507 micromole,3.047886095999999 microliter,H2O,422.96504246461257,CN1C=NC2=C1C(=O)N(C(=O)N2C)C,caffeine,0.09321168000000002 milligram,0.4800000000000001 micromole,0.09321168000000003 microliter,C8H10N4O2,1.1999999999999997,C1COCCO1,dioxane,3.3935943787199996 milligram,38.51717679522393 micromole,3.2947518239999996 microliter,C4H8O2,96.2929419880598,Cc1c(-c2cccc(OCc3ccccc3)c2)cnc2[nH]ccc12,suzuki_product,0.0 milligram,0.0 micromole,0 microliter,C21H18N2O,0.0,Cc1ccnc2[nH]ccc12,dehalogenation_byproduct,0.0 milligram,0.0 micromole,0 microliter,C8H8N2,0.0,c1ccc(COc2ccccc2)cc1,deborylation_byproduct,0.0 milligram,0.0 micromole,0 microliter,C13H12O,0.0,Cc1c(Br)cnc2[nH]ccc12.OB(O)c1cccc(OCc2ccccc2)c1>>Cc1c(-c2cccc(OCc3ccccc3)c2)cnc2[nH]ccc12.Cc1ccnc2[nH]ccc12.c1ccc(COc2ccccc2)cc1,pcr_D10,,,,,,,,,,,,,,,12/18/2023 7:00:21 PM,5,011_rln-nb-2443_018_ct-126_082.raw,1,Rxn_Opt_HSST3_2_98_2min,"D,10",2min_100_1500.EXP,"D,10",pcr_D10,pcr_D10,Eunjae Shim,5.55631012672568
D11,COc1ccc(-c2nnc(Br)o2)cc1,"2-bromo-5-(4-methoxyphenyl)-1,3,4-oxadiazole",0.10202840000000003 milligram,0.40000000000000013 micromole,0.10202840000000006 microliter,C9H7BrN2O2,1.0,OB(O)c1cccc(OCc2ccccc2)c1,417706289,0.10946688 milligram,0.4800000000000001 micromole,0.10946688000000003 microliter,C13H13BO3,1.1999999999999997,CC(C)C1=CC(C(C)C)=CC(C(C)C)=C1C2=C([P+](C3CCCCC3)([Pd-2]4(OS(C)(=O)=O)C(C=CC=C5)=C5C6=C([NH+]4C)C=CC=C6)C7CCCCC7)C=CC=C2,XPhos Pd G4,0.08260742400000001 milligram,0.09600000000000003 micromole,0.08260742400000003 microliter,C47H64NO3PPdS,0.24,C1COCCO1,DMF,20.52 milligram,232.90127800603818 micromole,21.6 microliter,C4H8O2,582.2531950150952,[K+].[K+].[K+].[O-]P([O-])([O-])=O,K3PO4,0.7641504000000002 milligram,3.6000000000000014 micromole,0.7641504000000005 microliter,K3O4P,9.0,O,water,3.047886095999999 milligram,169.18601698584507 micromole,3.047886095999999 microliter,H2O,422.96504246461257,CN1C=NC2=C1C(=O)N(C(=O)N2C)C,caffeine,0.09321168000000002 milligram,0.4800000000000001 micromole,0.09321168000000003 microliter,C8H10N4O2,1.1999999999999997,C1COCCO1,dioxane,3.3935943787199996 milligram,38.51717679522393 micromole,3.2947518239999996 microliter,C4H8O2,96.2929419880598,COc1ccc(-c2nnc(-c3cccc(OCc4ccccc4)c3)o2)cc1,suzuki_product,0.0 milligram,0.0 micromole,0 microliter,C22H18N2O3,0.0,COc1ccc(-c2nnco2)cc1,dehalogenation_byproduct,0.0 milligram,0.0 micromole,0 microliter,C9H8N2O2,0.0,c1ccc(COc2ccccc2)cc1,deborylation_byproduct,0.0 milligram,0.0 micromole,0 microliter,C13H12O,0.0,COc1ccc(-c2nnc(Br)o2)cc1.OB(O)c1cccc(OCc2ccccc2)c1>>COc1ccc(-c2nnc(-c3cccc(OCc4ccccc4)c3)o2)cc1.COc1ccc(-c2nnco2)cc1.c1ccc(COc2ccccc2)cc1,pcr_D11,,,,,,,,,,,,,,,12/18/2023 7:02:50 PM,5,011_rln-nb-2443_018_ct-126_083.raw,1,Rxn_Opt_HSST3_2_98_2min,"D,11",2min_100_1500.EXP,"D,11",pcr_D11,pcr_D11,Eunjae Shim,8.624649183130693
D12,BrC1=CC=CC=C1,phenylbromide,0.06280400000000001 milligram,0.40000000000000013 micromole,0.06280400000000003 microliter,C6H5Br,1.0,OB(O)c1cccc(OCc2ccccc2)c1,417706289,0.10946688 milligram,0.4800000000000001 micromole,0.10946688000000003 microliter,C13H13BO3,1.1999999999999997,CC(C)C1=CC(C(C)C)=CC(C(C)C)=C1C2=C([P+](C3CCCCC3)([Pd-2]4(OS(C)(=O)=O)C(C=CC=C5)=C5C6=C([NH+]4C)C=CC=C6)C7CCCCC7)C=CC=C2,XPhos Pd G4,0.08260742400000001 milligram,0.09600000000000003 micromole,0.08260742400000003 microliter,C47H64NO3PPdS,0.24,C1COCCO1,DMF,20.52 milligram,232.90127800603818 micromole,21.6 microliter,C4H8O2,582.2531950150952,[K+].[K+].[K+].[O-]P([O-])([O-])=O,K3PO4,0.7641504000000002 milligram,3.6000000000000014 micromole,0.7641504000000005 microliter,K3O4P,9.0,O,water,3.047886095999999 milligram,169.18601698584507 micromole,3.047886095999999 microliter,H2O,422.96504246461257,CN1C=NC2=C1C(=O)N(C(=O)N2C)C,caffeine,0.09321168000000002 milligram,0.4800000000000001 micromole,0.09321168000000003 microliter,C8H10N4O2,1.1999999999999997,C1COCCO1,dioxane,3.3935943787199996 milligram,38.51717679522393 micromole,3.2947518239999996 microliter,C4H8O2,96.2929419880598,c1ccc(COc2cccc(-c3ccccc3)c2)cc1,suzuki_product,0.0 milligram,0.0 micromole,0 microliter,C19H16O,0.0,c1ccccc1,dehalogenation_byproduct,0.0 milligram,0.0 micromole,0 microliter,C6H6,0.0,c1ccc(COc2ccccc2)cc1,deborylation_byproduct,0.0 milligram,0.0 micromole,0 microliter,C13H12O,0.0,BrC1=CC=CC=C1.OB(O)c1cccc(OCc2ccccc2)c1>>c1ccc(COc2cccc(-c3ccccc3)c2)cc1.c1ccc(COc2ccccc2)cc1.c1ccccc1,pcr_D12,,,,,,,,,,,,,,,12/18/2023 7:05:19 PM,5,011_rln-nb-2443_018_ct-126_084.raw,1,Rxn_Opt_HSST3_2_98_2min,"D,12",2min_100_1500.EXP,"D,12",pcr_D12,pcr_D12,Eunjae Shim,0.0
D13,CC1=C(C(=NN1C(C)C)N)Br,4-BROMO-1-ISOPROPYL-5-METHYL-1H-PYRAZOL-3-AMINE,0.08723920000000002 milligram,0.40000000000000013 micromole,0.08723920000000003 microliter,C7H12BrN3,1.0,OB(O)c1cc(F)ccc1F,417706888,0.07579776 milligram,0.4800000000000001 micromole,0.07579776000000002 microliter,C6H5BF2O2,1.1999999999999997,CC(C)C1=CC(C(C)C)=CC(C(C)C)=C1C2=C([P+](C3CCCCC3)([Pd-2]4(OS(C)(=O)=O)C(C=CC=C5)=C5C6=C([NH+]4C)C=CC=C6)C7CCCCC7)C=CC=C2,XPhos Pd G4,0.08260742400000001 milligram,0.09600000000000003 micromole,0.08260742400000003 microliter,C47H64NO3PPdS,0.24,C1COCCO1,DMF,20.52 milligram,232.90127800603818 micromole,21.6 microliter,C4H8O2,582.2531950150952,[K+].[K+].[K+].[O-]P([O-])([O-])=O,K3PO4,0.7641504000000002 milligram,3.6000000000000014 micromole,0.7641504000000005 microliter,K3O4P,9.0,O,water,3.047886095999999 milligram,169.18601698584507 micromole,3.047886095999999 microliter,H2O,422.96504246461257,CN1C=NC2=C1C(=O)N(C(=O)N2C)C,caffeine,0.09321168000000002 milligram,0.4800000000000001 micromole,0.09321168000000003 microliter,C8H10N4O2,1.1999999999999997,C1COCCO1,dioxane,3.3935943787199996 milligram,38.51717679522393 micromole,3.2947518239999996 microliter,C4H8O2,96.2929419880598,Cc1c(-c2cc(F)ccc2F)c(N)nn1C(C)C,suzuki_product,0.0 milligram,0.0 micromole,0 microliter,C13H15F2N3,0.0,Cc1cc(N)nn1C(C)C,dehalogenation_byproduct,0.0 milligram,0.0 micromole,0 microliter,C7H13N3,0.0,Fc1ccc(F)cc1,deborylation_byproduct,0.0 milligram,0.0 micromole,0 microliter,C6H4F2,0.0,CC1=C(C(=NN1C(C)C)N)Br.OB(O)c1cc(F)ccc1F>>Cc1c(-c2cc(F)ccc2F)c(N)nn1C(C)C.Cc1cc(N)nn1C(C)C.Fc1ccc(F)cc1,pcr_D13,,,,,,,,,,,,,,,12/18/2023 7:07:48 PM,5,011_rln-nb-2443_018_ct-126_085.raw,1,Rxn_Opt_HSST3_2_98_2min,"D,13",2min_100_1500.EXP,"D,13",pcr_D13,pcr_D13,Eunjae Shim,0.0
D14,C1CON=C1C2=CC=C(C=C2)Br,"3-(4-bromophenyl)-4,5-dihydro-1,2-oxazole",0.09042920000000002 milligram,0.40000000000000013 micromole,0.09042920000000003 microliter,C9H8BrNO,1.0,OB(O)c1cc(F)ccc1F,417706888,0.07579776 milligram,0.4800000000000001 micromole,0.07579776000000002 microliter,C6H5BF2O2,1.1999999999999997,CC(C)C1=CC(C(C)C)=CC(C(C)C)=C1C2=C([P+](C3CCCCC3)([Pd-2]4(OS(C)(=O)=O)C(C=CC=C5)=C5C6=C([NH+]4C)C=CC=C6)C7CCCCC7)C=CC=C2,XPhos Pd G4,0.08260742400000001 milligram,0.09600000000000003 micromole,0.08260742400000003 microliter,C47H64NO3PPdS,0.24,C1COCCO1,DMF,20.52 milligram,232.90127800603818 micromole,21.6 microliter,C4H8O2,582.2531950150952,[K+].[K+].[K+].[O-]P([O-])([O-])=O,K3PO4,0.7641504000000002 milligram,3.6000000000000014 micromole,0.7641504000000005 microliter,K3O4P,9.0,O,water,3.047886095999999 milligram,169.18601698584507 micromole,3.047886095999999 microliter,H2O,422.96504246461257,CN1C=NC2=C1C(=O)N(C(=O)N2C)C,caffeine,0.09321168000000002 milligram,0.4800000000000001 micromole,0.09321168000000003 microliter,C8H10N4O2,1.1999999999999997,C1COCCO1,dioxane,3.3935943787199996 milligram,38.51717679522393 micromole,3.2947518239999996 microliter,C4H8O2,96.2929419880598,Fc1ccc(F)c(-c2ccc(C3=NOCC3)cc2)c1,suzuki_product,0.0 milligram,0.0 micromole,0 microliter,C15H11F2NO,0.0,c1ccc(C2=NOCC2)cc1,dehalogenation_byproduct,0.0 milligram,0.0 micromole,0 microliter,C9H9NO,0.0,Fc1ccc(F)cc1,deborylation_byproduct,0.0 milligram,0.0 micromole,0 microliter,C6H4F2,0.0,C1CON=C1C2=CC=C(C=C2)Br.OB(O)c1cc(F)ccc1F>>Fc1ccc(F)c(-c2ccc(C3=NOCC3)cc2)c1.Fc1ccc(F)cc1.c1ccc(C2=NOCC2)cc1,pcr_D14,,,,,,,,,,,,,,,12/18/2023 7:10:17 PM,5,011_rln-nb-2443_018_ct-126_086.raw,1,Rxn_Opt_HSST3_2_98_2min,"D,14",2min_100_1500.EXP,"D,14",pcr_D14,pcr_D14,Eunjae Shim,29.295440738570242
D15,C1=NC(=C(NC1=O)Cl)Br,5-bromo-6-chloropyrazin-2-ol,0.08377200000000001 milligram,0.40000000000000013 micromole,0.08377200000000003 microliter,C4H2BrClN2O,1.0,OB(O)c1cc(F)ccc1F,417706888,0.07579776 milligram,0.4800000000000001 micromole,0.07579776000000002 microliter,C6H5BF2O2,1.1999999999999997,CC(C)C1=CC(C(C)C)=CC(C(C)C)=C1C2=C([P+](C3CCCCC3)([Pd-2]4(OS(C)(=O)=O)C(C=CC=C5)=C5C6=C([NH+]4C)C=CC=C6)C7CCCCC7)C=CC=C2,XPhos Pd G4,0.08260742400000001 milligram,0.09600000000000003 micromole,0.08260742400000003 microliter,C47H64NO3PPdS,0.24,C1COCCO1,DMF,20.52 milligram,232.90127800603818 micromole,21.6 microliter,C4H8O2,582.2531950150952,[K+].[K+].[K+].[O-]P([O-])([O-])=O,K3PO4,0.7641504000000002 milligram,3.6000000000000014 micromole,0.7641504000000005 microliter,K3O4P,9.0,O,water,3.047886095999999 milligram,169.18601698584507 micromole,3.047886095999999 microliter,H2O,422.96504246461257,CN1C=NC2=C1C(=O)N(C(=O)N2C)C,caffeine,0.09321168000000002 milligram,0.4800000000000001 micromole,0.09321168000000003 microliter,C8H10N4O2,1.1999999999999997,C1COCCO1,dioxane,3.3935943787199996 milligram,38.51717679522393 micromole,3.2947518239999996 microliter,C4H8O2,96.2929419880598,O=c1cnc(Br)c(-c2cc(F)ccc2F)[nH]1,suzuki_product,0.0 milligram,0.0 micromole,0 microliter,C10H5BrF2N2O,0.0,O=c1cncc(Cl)[nH]1,dehalogenation_byproduct,0.0 milligram,0.0 micromole,0 microliter,C4H3ClN2O,0.0,O=c1cnc(Br)c[nH]1,dehalogenation_byproduct,0.0 milligram,0.0 micromole,0 microliter,C4H3BrN2O,0.0,C1=NC(=C(NC1=O)Cl)Br.OB(O)c1cc(F)ccc1F>>Fc1ccc(F)cc1.O=c1cnc(-c2cc(F)ccc2F)c(Cl)[nH]1.O=c1cnc(Br)c(-c2cc(F)ccc2F)[nH]1.O=c1cnc(Br)c[nH]1.O=c1cncc(Cl)[nH]1,pcr_D15,O=c1cnc(-c2cc(F)ccc2F)c(Cl)[nH]1,suzuki_product,0.0 milligram,0.0 micromole,0 microliter,C10H5ClF2N2O,0.0,Fc1ccc(F)cc1,deborylation_byproduct,0.0 milligram,0.0 micromole,0 microliter,C6H4F2,0.0,12/18/2023 7:12:47 PM,5,011_rln-nb-2443_018_ct-126_087.raw,1,Rxn_Opt_HSST3_2_98_2min,"D,15",2min_100_1500.EXP,"D,15",pcr_D15,pcr_D15,Eunjae Shim,0.0
D16,Cc1c(Br)cnc2[nH]ccc12,"5-bromo-4-methyl-1H-pyrrolo[2,3-b]pyridine",0.08442480000000005 milligram,0.40000000000000013 micromole,0.08442480000000006 microliter,C8H7BrN2,1.0,OB(O)c1cc(F)ccc1F,417706888,0.07579776 milligram,0.4800000000000001 micromole,0.07579776000000002 microliter,C6H5BF2O2,1.1999999999999997,CC(C)C1=CC(C(C)C)=CC(C(C)C)=C1C2=C([P+](C3CCCCC3)([Pd-2]4(OS(C)(=O)=O)C(C=CC=C5)=C5C6=C([NH+]4C)C=CC=C6)C7CCCCC7)C=CC=C2,XPhos Pd G4,0.08260742400000001 milligram,0.09600000000000003 micromole,0.08260742400000003 microliter,C47H64NO3PPdS,0.24,C1COCCO1,DMF,20.52 milligram,232.90127800603818 micromole,21.6 microliter,C4H8O2,582.2531950150952,[K+].[K+].[K+].[O-]P([O-])([O-])=O,K3PO4,0.7641504000000002 milligram,3.6000000000000014 micromole,0.7641504000000005 microliter,K3O4P,9.0,O,water,3.047886095999999 milligram,169.18601698584507 micromole,3.047886095999999 microliter,H2O,422.96504246461257,CN1C=NC2=C1C(=O)N(C(=O)N2C)C,caffeine,0.09321168000000002 milligram,0.4800000000000001 micromole,0.09321168000000003 microliter,C8H10N4O2,1.1999999999999997,C1COCCO1,dioxane,3.3935943787199996 milligram,38.51717679522393 micromole,3.2947518239999996 microliter,C4H8O2,96.2929419880598,Cc1c(-c2cc(F)ccc2F)cnc2[nH]ccc12,suzuki_product,0.0 milligram,0.0 micromole,0 microliter,C14H10F2N2,0.0,Cc1ccnc2[nH]ccc12,dehalogenation_byproduct,0.0 milligram,0.0 micromole,0 microliter,C8H8N2,0.0,Fc1ccc(F)cc1,deborylation_byproduct,0.0 milligram,0.0 micromole,0 microliter,C6H4F2,0.0,Cc1c(Br)cnc2[nH]ccc12.OB(O)c1cc(F)ccc1F>>Cc1c(-c2cc(F)ccc2F)cnc2[nH]ccc12.Cc1ccnc2[nH]ccc12.Fc1ccc(F)cc1,pcr_D16,,,,,,,,,,,,,,,12/18/2023 7:15:17 PM,5,011_rln-nb-2443_018_ct-126_088.raw,1,Rxn_Opt_HSST3_2_98_2min,"D,16",2min_100_1500.EXP,"D,16",pcr_D16,pcr_D16,Eunjae Shim,0.0
D17,COc1ccc(-c2nnc(Br)o2)cc1,"2-bromo-5-(4-methoxyphenyl)-1,3,4-oxadiazole",0.10202840000000003 milligram,0.40000000000000013 micromole,0.10202840000000006 microliter,C9H7BrN2O2,1.0,OB(O)c1cc(F)ccc1F,417706888,0.07579776 milligram,0.4800000000000001 micromole,0.07579776000000002 microliter,C6H5BF2O2,1.1999999999999997,CC(C)C1=CC(C(C)C)=CC(C(C)C)=C1C2=C([P+](C3CCCCC3)([Pd-2]4(OS(C)(=O)=O)C(C=CC=C5)=C5C6=C([NH+]4C)C=CC=C6)C7CCCCC7)C=CC=C2,XPhos Pd G4,0.08260742400000001 milligram,0.09600000000000003 micromole,0.08260742400000003 microliter,C47H64NO3PPdS,0.24,C1COCCO1,DMF,20.52 milligram,232.90127800603818 micromole,21.6 microliter,C4H8O2,582.2531950150952,[K+].[K+].[K+].[O-]P([O-])([O-])=O,K3PO4,0.7641504000000002 milligram,3.6000000000000014 micromole,0.7641504000000005 microliter,K3O4P,9.0,O,water,3.047886095999999 milligram,169.18601698584507 micromole,3.047886095999999 microliter,H2O,422.96504246461257,CN1C=NC2=C1C(=O)N(C(=O)N2C)C,caffeine,0.09321168000000002 milligram,0.4800000000000001 micromole,0.09321168000000003 microliter,C8H10N4O2,1.1999999999999997,C1COCCO1,dioxane,3.3935943787199996 milligram,38.51717679522393 micromole,3.2947518239999996 microliter,C4H8O2,96.2929419880598,COc1ccc(-c2nnc(-c3cc(F)ccc3F)o2)cc1,suzuki_product,0.0 milligram,0.0 micromole,0 microliter,C15H10F2N2O2,0.0,COc1ccc(-c2nnco2)cc1,dehalogenation_byproduct,0.0 milligram,0.0 micromole,0 microliter,C9H8N2O2,0.0,Fc1ccc(F)cc1,deborylation_byproduct,0.0 milligram,0.0 micromole,0 microliter,C6H4F2,0.0,COc1ccc(-c2nnc(Br)o2)cc1.OB(O)c1cc(F)ccc1F>>COc1ccc(-c2nnc(-c3cc(F)ccc3F)o2)cc1.COc1ccc(-c2nnco2)cc1.Fc1ccc(F)cc1,pcr_D17,,,,,,,,,,,,,,,12/18/2023 7:17:47 PM,5,011_rln-nb-2443_018_ct-126_089.raw,1,Rxn_Opt_HSST3_2_98_2min,"D,17",2min_100_1500.EXP,"D,17",pcr_D17,pcr_D17,Eunjae Shim,1.010026821346812
D18,BrC1=CC=CC=C1,phenylbromide,0.06280400000000001 milligram,0.40000000000000013 micromole,0.06280400000000003 microliter,C6H5Br,1.0,OB(O)c1cc(F)ccc1F,417706888,0.07579776 milligram,0.4800000000000001 micromole,0.07579776000000002 microliter,C6H5BF2O2,1.1999999999999997,CC(C)C1=CC(C(C)C)=CC(C(C)C)=C1C2=C([P+](C3CCCCC3)([Pd-2]4(OS(C)(=O)=O)C(C=CC=C5)=C5C6=C([NH+]4C)C=CC=C6)C7CCCCC7)C=CC=C2,XPhos Pd G4,0.08260742400000001 milligram,0.09600000000000003 micromole,0.08260742400000003 microliter,C47H64NO3PPdS,0.24,C1COCCO1,DMF,20.52 milligram,232.90127800603818 micromole,21.6 microliter,C4H8O2,582.2531950150952,[K+].[K+].[K+].[O-]P([O-])([O-])=O,K3PO4,0.7641504000000002 milligram,3.6000000000000014 micromole,0.7641504000000005 microliter,K3O4P,9.0,O,water,3.047886095999999 milligram,169.18601698584507 micromole,3.047886095999999 microliter,H2O,422.96504246461257,CN1C=NC2=C1C(=O)N(C(=O)N2C)C,caffeine,0.09321168000000002 milligram,0.4800000000000001 micromole,0.09321168000000003 microliter,C8H10N4O2,1.1999999999999997,C1COCCO1,dioxane,3.3935943787199996 milligram,38.51717679522393 micromole,3.2947518239999996 microliter,C4H8O2,96.2929419880598,Fc1ccc(F)c(-c2ccccc2)c1,suzuki_product,0.0 milligram,0.0 micromole,0 microliter,C12H8F2,0.0,c1ccccc1,dehalogenation_byproduct,0.0 milligram,0.0 micromole,0 microliter,C6H6,0.0,Fc1ccc(F)cc1,deborylation_byproduct,0.0 milligram,0.0 micromole,0 microliter,C6H4F2,0.0,BrC1=CC=CC=C1.OB(O)c1cc(F)ccc1F>>Fc1ccc(F)c(-c2ccccc2)c1.Fc1ccc(F)cc1.c1ccccc1,pcr_D18,,,,,,,,,,,,,,,12/18/2023 7:20:17 PM,5,011_rln-nb-2443_018_ct-126_090.raw,1,Rxn_Opt_HSST3_2_98_2min,"D,18",2min_100_1500.EXP,"D,18",pcr_D18,pcr_D18,Eunjae Shim,0.0
D19,CC1=C(C(=NN1C(C)C)N)Br,4-BROMO-1-ISOPROPYL-5-METHYL-1H-PYRAZOL-3-AMINE,0.08723920000000002 milligram,0.40000000000000013 micromole,0.08723920000000003 microliter,C7H12BrN3,1.0,OB(O)c1cccc(OCc2ccccc2)c1,417706289,0.10946688 milligram,0.4800000000000001 micromole,0.10946688000000003 microliter,C13H13BO3,1.1999999999999997,CC(C)C1=CC(C(C)C)=CC(C(C)C)=C1C2=C([P+](C3CCCCC3)([Pd-2]4(OS(C)(=O)=O)C(C=CC=C5)=C5C6=C([NH+]4C)C=CC=C6)C7CCCCC7)C=CC=C2,XPhos Pd G4,0.08260742400000001 milligram,0.09600000000000003 micromole,0.08260742400000003 microliter,C47H64NO3PPdS,0.24,C1COCCO1,DMF,20.52 milligram,232.90127800603818 micromole,21.6 microliter,C4H8O2,582.2531950150952,[K+].[K+].[K+].[O-]P([O-])([O-])=O,K3PO4,0.7641504000000002 milligram,3.6000000000000014 micromole,0.7641504000000005 microliter,K3O4P,9.0,O,water,3.047886095999999 milligram,169.18601698584507 micromole,3.047886095999999 microliter,H2O,422.96504246461257,CN1C=NC2=C1C(=O)N(C(=O)N2C)C,caffeine,0.09321168000000002 milligram,0.4800000000000001 micromole,0.09321168000000003 microliter,C8H10N4O2,1.1999999999999997,C1COCCO1,dioxane,3.3935943787199996 milligram,38.51717679522393 micromole,3.2947518239999996 microliter,C4H8O2,96.2929419880598,Cc1c(-c2cccc(OCc3ccccc3)c2)c(N)nn1C(C)C,suzuki_product,0.0 milligram,0.0 micromole,0 microliter,C20H23N3O,0.0,Cc1cc(N)nn1C(C)C,dehalogenation_byproduct,0.0 milligram,0.0 micromole,0 microliter,C7H13N3,0.0,c1ccc(COc2ccccc2)cc1,deborylation_byproduct,0.0 milligram,0.0 micromole,0 microliter,C13H12O,0.0,CC1=C(C(=NN1C(C)C)N)Br.OB(O)c1cccc(OCc2ccccc2)c1>>Cc1c(-c2cccc(OCc3ccccc3)c2)c(N)nn1C(C)C.Cc1cc(N)nn1C(C)C.c1ccc(COc2ccccc2)cc1,pcr_D19,,,,,,,,,,,,,,,12/18/2023 7:22:46 PM,5,011_rln-nb-2443_018_ct-126_091.raw,1,Rxn_Opt_HSST3_2_98_2min,"D,19",2min_100_1500.EXP,"D,19",pcr_D19,pcr_D19,Eunjae Shim,7.73017842576061
D20,C1CON=C1C2=CC=C(C=C2)Br,"3-(4-bromophenyl)-4,5-dihydro-1,2-oxazole",0.09042920000000002 milligram,0.40000000000000013 micromole,0.09042920000000003 microliter,C9H8BrNO,1.0,OB(O)c1cccc(OCc2ccccc2)c1,417706289,0.10946688 milligram,0.4800000000000001 micromole,0.10946688000000003 microliter,C13H13BO3,1.1999999999999997,CC(C)C1=CC(C(C)C)=CC(C(C)C)=C1C2=C([P+](C3CCCCC3)([Pd-2]4(OS(C)(=O)=O)C(C=CC=C5)=C5C6=C([NH+]4C)C=CC=C6)C7CCCCC7)C=CC=C2,XPhos Pd G4,0.08260742400000001 milligram,0.09600000000000003 micromole,0.08260742400000003 microliter,C47H64NO3PPdS,0.24,C1COCCO1,DMF,20.52 milligram,232.90127800603818 micromole,21.6 microliter,C4H8O2,582.2531950150952,[K+].[K+].[K+].[O-]P([O-])([O-])=O,K3PO4,0.7641504000000002 milligram,3.6000000000000014 micromole,0.7641504000000005 microliter,K3O4P,9.0,O,water,3.047886095999999 milligram,169.18601698584507 micromole,3.047886095999999 microliter,H2O,422.96504246461257,CN1C=NC2=C1C(=O)N(C(=O)N2C)C,caffeine,0.09321168000000002 milligram,0.4800000000000001 micromole,0.09321168000000003 microliter,C8H10N4O2,1.1999999999999997,C1COCCO1,dioxane,3.3935943787199996 milligram,38.51717679522393 micromole,3.2947518239999996 microliter,C4H8O2,96.2929419880598,c1ccc(COc2cccc(-c3ccc(C4=NOCC4)cc3)c2)cc1,suzuki_product,0.0 milligram,0.0 micromole,0 microliter,C22H19NO2,0.0,c1ccc(C2=NOCC2)cc1,dehalogenation_byproduct,0.0 milligram,0.0 micromole,0 microliter,C9H9NO,0.0,c1ccc(COc2ccccc2)cc1,deborylation_byproduct,0.0 milligram,0.0 micromole,0 microliter,C13H12O,0.0,C1CON=C1C2=CC=C(C=C2)Br.OB(O)c1cccc(OCc2ccccc2)c1>>c1ccc(C2=NOCC2)cc1.c1ccc(COc2cccc(-c3ccc(C4=NOCC4)cc3)c2)cc1.c1ccc(COc2ccccc2)cc1,pcr_D20,,,,,,,,,,,,,,,12/18/2023 7:25:16 PM,5,011_rln-nb-2443_018_ct-126_092.raw,1,Rxn_Opt_HSST3_2_98_2min,"D,20",2min_100_1500.EXP,"D,20",pcr_D20,pcr_D20,Eunjae Shim,61.76800520737
D21,C1=NC(=C(NC1=O)Cl)Br,5-bromo-6-chloropyrazin-2-ol,0.08377200000000001 milligram,0.40000000000000013 micromole,0.08377200000000003 microliter,C4H2BrClN2O,1.0,OB(O)c1cccc(OCc2ccccc2)c1,417706289,0.10946688 milligram,0.4800000000000001 micromole,0.10946688000000003 microliter,C13H13BO3,1.1999999999999997,CC(C)C1=CC(C(C)C)=CC(C(C)C)=C1C2=C([P+](C3CCCCC3)([Pd-2]4(OS(C)(=O)=O)C(C=CC=C5)=C5C6=C([NH+]4C)C=CC=C6)C7CCCCC7)C=CC=C2,XPhos Pd G4,0.08260742400000001 milligram,0.09600000000000003 micromole,0.08260742400000003 microliter,C47H64NO3PPdS,0.24,C1COCCO1,DMF,20.52 milligram,232.90127800603818 micromole,21.6 microliter,C4H8O2,582.2531950150952,[K+].[K+].[K+].[O-]P([O-])([O-])=O,K3PO4,0.7641504000000002 milligram,3.6000000000000014 micromole,0.7641504000000005 microliter,K3O4P,9.0,O,water,3.047886095999999 milligram,169.18601698584507 micromole,3.047886095999999 microliter,H2O,422.96504246461257,CN1C=NC2=C1C(=O)N(C(=O)N2C)C,caffeine,0.09321168000000002 milligram,0.4800000000000001 micromole,0.09321168000000003 microliter,C8H10N4O2,1.1999999999999997,C1COCCO1,dioxane,3.3935943787199996 milligram,38.51717679522393 micromole,3.2947518239999996 microliter,C4H8O2,96.2929419880598,O=c1cnc(Br)c(-c2cccc(OCc3ccccc3)c2)[nH]1,suzuki_product,0.0 milligram,0.0 micromole,0 microliter,C17H13BrN2O2,0.0,O=c1cncc(Cl)[nH]1,dehalogenation_byproduct,0.0 milligram,0.0 micromole,0 microliter,C4H3ClN2O,0.0,O=c1cnc(Br)c[nH]1,dehalogenation_byproduct,0.0 milligram,0.0 micromole,0 microliter,C4H3BrN2O,0.0,C1=NC(=C(NC1=O)Cl)Br.OB(O)c1cccc(OCc2ccccc2)c1>>O=c1cnc(-c2cccc(OCc3ccccc3)c2)c(Cl)[nH]1.O=c1cnc(Br)c(-c2cccc(OCc3ccccc3)c2)[nH]1.O=c1cnc(Br)c[nH]1.O=c1cncc(Cl)[nH]1.c1ccc(COc2ccccc2)cc1,pcr_D21,O=c1cnc(-c2cccc(OCc3ccccc3)c2)c(Cl)[nH]1,suzuki_product,0.0 milligram,0.0 micromole,0 microliter,C17H13ClN2O2,0.0,c1ccc(COc2ccccc2)cc1,deborylation_byproduct,0.0 milligram,0.0 micromole,0 microliter,C13H12O,0.0,12/18/2023 7:27:45 PM,5,011_rln-nb-2443_018_ct-126_093.raw,1,Rxn_Opt_HSST3_2_98_2min,"D,21",2min_100_1500.EXP,"D,21",pcr_D21,pcr_D21,Eunjae Shim,4.99624033212152
D22,Cc1c(Br)cnc2[nH]ccc12,"5-bromo-4-methyl-1H-pyrrolo[2,3-b]pyridine",0.08442480000000005 milligram,0.40000000000000013 micromole,0.08442480000000006 microliter,C8H7BrN2,1.0,OB(O)c1cccc(OCc2ccccc2)c1,417706289,0.10946688 milligram,0.4800000000000001 micromole,0.10946688000000003 microliter,C13H13BO3,1.1999999999999997,CC(C)C1=CC(C(C)C)=CC(C(C)C)=C1C2=C([P+](C3CCCCC3)([Pd-2]4(OS(C)(=O)=O)C(C=CC=C5)=C5C6=C([NH+]4C)C=CC=C6)C7CCCCC7)C=CC=C2,XPhos Pd G4,0.08260742400000001 milligram,0.09600000000000003 micromole,0.08260742400000003 microliter,C47H64NO3PPdS,0.24,C1COCCO1,DMF,20.52 milligram,232.90127800603818 micromole,21.6 microliter,C4H8O2,582.2531950150952,[K+].[K+].[K+].[O-]P([O-])([O-])=O,K3PO4,0.7641504000000002 milligram,3.6000000000000014 micromole,0.7641504000000005 microliter,K3O4P,9.0,O,water,3.047886095999999 milligram,169.18601698584507 micromole,3.047886095999999 microliter,H2O,422.96504246461257,CN1C=NC2=C1C(=O)N(C(=O)N2C)C,caffeine,0.09321168000000002 milligram,0.4800000000000001 micromole,0.09321168000000003 microliter,C8H10N4O2,1.1999999999999997,C1COCCO1,dioxane,3.3935943787199996 milligram,38.51717679522393 micromole,3.2947518239999996 microliter,C4H8O2,96.2929419880598,Cc1c(-c2cccc(OCc3ccccc3)c2)cnc2[nH]ccc12,suzuki_product,0.0 milligram,0.0 micromole,0 microliter,C21H18N2O,0.0,Cc1ccnc2[nH]ccc12,dehalogenation_byproduct,0.0 milligram,0.0 micromole,0 microliter,C8H8N2,0.0,c1ccc(COc2ccccc2)cc1,deborylation_byproduct,0.0 milligram,0.0 micromole,0 microliter,C13H12O,0.0,Cc1c(Br)cnc2[nH]ccc12.OB(O)c1cccc(OCc2ccccc2)c1>>Cc1c(-c2cccc(OCc3ccccc3)c2)cnc2[nH]ccc12.Cc1ccnc2[nH]ccc12.c1ccc(COc2ccccc2)cc1,pcr_D22,,,,,,,,,,,,,,,12/18/2023 7:30:15 PM,5,011_rln-nb-2443_018_ct-126_094.raw,1,Rxn_Opt_HSST3_2_98_2min,"D,22",2min_100_1500.EXP,"D,22",pcr_D22,pcr_D22,Eunjae Shim,6.130727329334862
D23,COc1ccc(-c2nnc(Br)o2)cc1,"2-bromo-5-(4-methoxyphenyl)-1,3,4-oxadiazole",0.10202840000000003 milligram,0.40000000000000013 micromole,0.10202840000000006 microliter,C9H7BrN2O2,1.0,OB(O)c1cccc(OCc2ccccc2)c1,417706289,0.10946688 milligram,0.4800000000000001 micromole,0.10946688000000003 microliter,C13H13BO3,1.1999999999999997,CC(C)C1=CC(C(C)C)=CC(C(C)C)=C1C2=C([P+](C3CCCCC3)([Pd-2]4(OS(C)(=O)=O)C(C=CC=C5)=C5C6=C([NH+]4C)C=CC=C6)C7CCCCC7)C=CC=C2,XPhos Pd G4,0.08260742400000001 milligram,0.09600000000000003 micromole,0.08260742400000003 microliter,C47H64NO3PPdS,0.24,C1COCCO1,DMF,20.52 milligram,232.90127800603818 micromole,21.6 microliter,C4H8O2,582.2531950150952,[K+].[K+].[K+].[O-]P([O-])([O-])=O,K3PO4,0.7641504000000002 milligram,3.6000000000000014 micromole,0.7641504000000005 microliter,K3O4P,9.0,O,water,3.047886095999999 milligram,169.18601698584507 micromole,3.047886095999999 microliter,H2O,422.96504246461257,CN1C=NC2=C1C(=O)N(C(=O)N2C)C,caffeine,0.09321168000000002 milligram,0.4800000000000001 micromole,0.09321168000000003 microliter,C8H10N4O2,1.1999999999999997,C1COCCO1,dioxane,3.3935943787199996 milligram,38.51717679522393 micromole,3.2947518239999996 microliter,C4H8O2,96.2929419880598,COc1ccc(-c2nnc(-c3cccc(OCc4ccccc4)c3)o2)cc1,suzuki_product,0.0 milligram,0.0 micromole,0 microliter,C22H18N2O3,0.0,COc1ccc(-c2nnco2)cc1,dehalogenation_byproduct,0.0 milligram,0.0 micromole,0 microliter,C9H8N2O2,0.0,c1ccc(COc2ccccc2)cc1,deborylation_byproduct,0.0 milligram,0.0 micromole,0 microliter,C13H12O,0.0,COc1ccc(-c2nnc(Br)o2)cc1.OB(O)c1cccc(OCc2ccccc2)c1>>COc1ccc(-c2nnc(-c3cccc(OCc4ccccc4)c3)o2)cc1.COc1ccc(-c2nnco2)cc1.c1ccc(COc2ccccc2)cc1,pcr_D23,,,,,,,,,,,,,,,12/18/2023 7:32:44 PM,5,011_rln-nb-2443_018_ct-126_095.raw,1,Rxn_Opt_HSST3_2_98_2min,"D,23",2min_100_1500.EXP,"D,23",pcr_D23,pcr_D23,Eunjae Shim,9.694297830254865
D24,BrC1=CC=CC=C1,phenylbromide,0.06280400000000001 milligram,0.40000000000000013 micromole,0.06280400000000003 microliter,C6H5Br,1.0,OB(O)c1cccc(OCc2ccccc2)c1,417706289,0.10946688 milligram,0.4800000000000001 micromole,0.10946688000000003 microliter,C13H13BO3,1.1999999999999997,CC(C)C1=CC(C(C)C)=CC(C(C)C)=C1C2=C([P+](C3CCCCC3)([Pd-2]4(OS(C)(=O)=O)C(C=CC=C5)=C5C6=C([NH+]4C)C=CC=C6)C7CCCCC7)C=CC=C2,XPhos Pd G4,0.08260742400000001 milligram,0.09600000000000003 micromole,0.08260742400000003 microliter,C47H64NO3PPdS,0.24,C1COCCO1,DMF,20.52 milligram,232.90127800603818 micromole,21.6 microliter,C4H8O2,582.2531950150952,[K+].[K+].[K+].[O-]P([O-])([O-])=O,K3PO4,0.7641504000000002 milligram,3.6000000000000014 micromole,0.7641504000000005 microliter,K3O4P,9.0,O,water,3.047886095999999 milligram,169.18601698584507 micromole,3.047886095999999 microliter,H2O,422.96504246461257,CN1C=NC2=C1C(=O)N(C(=O)N2C)C,caffeine,0.09321168000000002 milligram,0.4800000000000001 micromole,0.09321168000000003 microliter,C8H10N4O2,1.1999999999999997,C1COCCO1,dioxane,3.3935943787199996 milligram,38.51717679522393 micromole,3.2947518239999996 microliter,C4H8O2,96.2929419880598,c1ccc(COc2cccc(-c3ccccc3)c2)cc1,suzuki_product,0.0 milligram,0.0 micromole,0 microliter,C19H16O,0.0,c1ccccc1,dehalogenation_byproduct,0.0 milligram,0.0 micromole,0 microliter,C6H6,0.0,c1ccc(COc2ccccc2)cc1,deborylation_byproduct,0.0 milligram,0.0 micromole,0 microliter,C13H12O,0.0,BrC1=CC=CC=C1.OB(O)c1cccc(OCc2ccccc2)c1>>c1ccc(COc2cccc(-c3ccccc3)c2)cc1.c1ccc(COc2ccccc2)cc1.c1ccccc1,pcr_D24,,,,,,,,,,,,,,,12/18/2023 7:35:13 PM,5,011_rln-nb-2443_018_ct-126_096.raw,1,Rxn_Opt_HSST3_2_98_2min,"D,24",2min_100_1500.EXP,"D,24",pcr_D24,pcr_D24,Eunjae Shim,0.0
E1,CC1=C(C(=NN1C(C)C)N)Br,4-BROMO-1-ISOPROPYL-5-METHYL-1H-PYRAZOL-3-AMINE,0.08723920000000002 milligram,0.40000000000000013 micromole,0.08723920000000003 microliter,C7H12BrN3,1.0,Cc1c(F)cccc1B(O)O,417384680,0.07389552 milligram,0.4800000000000001 micromole,0.07389552000000002 microliter,C7H8BFO2,1.1999999999999997,CC(C)C1=CC(C(C)C)=CC(C(C)C)=C1C2=C([P+](C3CCCCC3)([Pd-2]4(OS(C)(=O)=O)C(C=CC=C5)=C5C6=C([NH+]4C)C=CC=C6)C7CCCCC7)C=CC=C2,XPhos Pd G4,0.08260742400000001 milligram,0.09600000000000003 micromole,0.08260742400000003 microliter,C47H64NO3PPdS,0.24,C1COCCO1,DMF,20.52 milligram,232.90127800603818 micromole,21.6 microliter,C4H8O2,582.2531950150952,[K+].[K+].[K+].[O-]P([O-])([O-])=O,K3PO4,0.7641504000000002 milligram,3.6000000000000014 micromole,0.7641504000000005 microliter,K3O4P,9.0,O,water,3.047886095999999 milligram,169.18601698584507 micromole,3.047886095999999 microliter,H2O,422.96504246461257,CN1C=NC2=C1C(=O)N(C(=O)N2C)C,caffeine,0.09321168000000002 milligram,0.4800000000000001 micromole,0.09321168000000003 microliter,C8H10N4O2,1.1999999999999997,C1COCCO1,dioxane,3.3935943787199996 milligram,38.51717679522393 micromole,3.2947518239999996 microliter,C4H8O2,96.2929419880598,Cc1c(F)cccc1-c1c(N)nn(C(C)C)c1C,suzuki_product,0.0 milligram,0.0 micromole,0 microliter,C14H18FN3,0.0,Cc1cc(N)nn1C(C)C,dehalogenation_byproduct,0.0 milligram,0.0 micromole,0 microliter,C7H13N3,0.0,Cc1ccccc1F,deborylation_byproduct,0.0 milligram,0.0 micromole,0 microliter,C7H7F,0.0,CC1=C(C(=NN1C(C)C)N)Br.Cc1c(F)cccc1B(O)O>>Cc1c(F)cccc1-c1c(N)nn(C(C)C)c1C.Cc1cc(N)nn1C(C)C.Cc1ccccc1F,pcr_E1,,,,,,,,,,,,,,,12/18/2023 7:37:42 PM,5,011_rln-nb-2443_018_ct-126_097.raw,1,Rxn_Opt_HSST3_2_98_2min,"E,1",2min_100_1500.EXP,"E,1",pcr_E1,pcr_E1,Eunjae Shim,0.0
E2,C1CON=C1C2=CC=C(C=C2)Br,"3-(4-bromophenyl)-4,5-dihydro-1,2-oxazole",0.09042920000000002 milligram,0.40000000000000013 micromole,0.09042920000000003 microliter,C9H8BrNO,1.0,Cc1c(F)cccc1B(O)O,417384680,0.07389552 milligram,0.4800000000000001 micromole,0.07389552000000002 microliter,C7H8BFO2,1.1999999999999997,CC(C)C1=CC(C(C)C)=CC(C(C)C)=C1C2=C([P+](C3CCCCC3)([Pd-2]4(OS(C)(=O)=O)C(C=CC=C5)=C5C6=C([NH+]4C)C=CC=C6)C7CCCCC7)C=CC=C2,XPhos Pd G4,0.08260742400000001 milligram,0.09600000000000003 micromole,0.08260742400000003 microliter,C47H64NO3PPdS,0.24,C1COCCO1,DMF,20.52 milligram,232.90127800603818 micromole,21.6 microliter,C4H8O2,582.2531950150952,[K+].[K+].[K+].[O-]P([O-])([O-])=O,K3PO4,0.7641504000000002 milligram,3.6000000000000014 micromole,0.7641504000000005 microliter,K3O4P,9.0,O,water,3.047886095999999 milligram,169.18601698584507 micromole,3.047886095999999 microliter,H2O,422.96504246461257,CN1C=NC2=C1C(=O)N(C(=O)N2C)C,caffeine,0.09321168000000002 milligram,0.4800000000000001 micromole,0.09321168000000003 microliter,C8H10N4O2,1.1999999999999997,C1COCCO1,dioxane,3.3935943787199996 milligram,38.51717679522393 micromole,3.2947518239999996 microliter,C4H8O2,96.2929419880598,Cc1c(F)cccc1-c1ccc(C2=NOCC2)cc1,suzuki_product,0.0 milligram,0.0 micromole,0 microliter,C16H14FNO,0.0,c1ccc(C2=NOCC2)cc1,dehalogenation_byproduct,0.0 milligram,0.0 micromole,0 microliter,C9H9NO,0.0,Cc1ccccc1F,deborylation_byproduct,0.0 milligram,0.0 micromole,0 microliter,C7H7F,0.0,C1CON=C1C2=CC=C(C=C2)Br.Cc1c(F)cccc1B(O)O>>Cc1c(F)cccc1-c1ccc(C2=NOCC2)cc1.Cc1ccccc1F.c1ccc(C2=NOCC2)cc1,pcr_E2,,,,,,,,,,,,,,,12/18/2023 7:40:11 PM,5,011_rln-nb-2443_018_ct-126_098.raw,1,Rxn_Opt_HSST3_2_98_2min,"E,2",2min_100_1500.EXP,"E,2",pcr_E2,pcr_E2,Eunjae Shim,16.72553168965137
E3,C1=NC(=C(NC1=O)Cl)Br,5-bromo-6-chloropyrazin-2-ol,0.08377200000000001 milligram,0.40000000000000013 micromole,0.08377200000000003 microliter,C4H2BrClN2O,1.0,Cc1c(F)cccc1B(O)O,417384680,0.07389552 milligram,0.4800000000000001 micromole,0.07389552000000002 microliter,C7H8BFO2,1.1999999999999997,CC(C)C1=CC(C(C)C)=CC(C(C)C)=C1C2=C([P+](C3CCCCC3)([Pd-2]4(OS(C)(=O)=O)C(C=CC=C5)=C5C6=C([NH+]4C)C=CC=C6)C7CCCCC7)C=CC=C2,XPhos Pd G4,0.08260742400000001 milligram,0.09600000000000003 micromole,0.08260742400000003 microliter,C47H64NO3PPdS,0.24,C1COCCO1,DMF,20.52 milligram,232.90127800603818 micromole,21.6 microliter,C4H8O2,582.2531950150952,[K+].[K+].[K+].[O-]P([O-])([O-])=O,K3PO4,0.7641504000000002 milligram,3.6000000000000014 micromole,0.7641504000000005 microliter,K3O4P,9.0,O,water,3.047886095999999 milligram,169.18601698584507 micromole,3.047886095999999 microliter,H2O,422.96504246461257,CN1C=NC2=C1C(=O)N(C(=O)N2C)C,caffeine,0.09321168000000002 milligram,0.4800000000000001 micromole,0.09321168000000003 microliter,C8H10N4O2,1.1999999999999997,C1COCCO1,dioxane,3.3935943787199996 milligram,38.51717679522393 micromole,3.2947518239999996 microliter,C4H8O2,96.2929419880598,Cc1c(F)cccc1-c1[nH]c(=O)cnc1Br,suzuki_product,0.0 milligram,0.0 micromole,0 microliter,C11H8BrFN2O,0.0,O=c1cncc(Cl)[nH]1,dehalogenation_byproduct,0.0 milligram,0.0 micromole,0 microliter,C4H3ClN2O,0.0,O=c1cnc(Br)c[nH]1,dehalogenation_byproduct,0.0 milligram,0.0 micromole,0 microliter,C4H3BrN2O,0.0,C1=NC(=C(NC1=O)Cl)Br.Cc1c(F)cccc1B(O)O>>Cc1c(F)cccc1-c1[nH]c(=O)cnc1Br.Cc1c(F)cccc1-c1ncc(=O)[nH]c1Cl.Cc1ccccc1F.O=c1cnc(Br)c[nH]1.O=c1cncc(Cl)[nH]1,pcr_E3,Cc1c(F)cccc1-c1ncc(=O)[nH]c1Cl,suzuki_product,0.0 milligram,0.0 micromole,0 microliter,C11H8ClFN2O,0.0,Cc1ccccc1F,deborylation_byproduct,0.0 milligram,0.0 micromole,0 microliter,C7H7F,0.0,12/18/2023 7:42:41 PM,5,011_rln-nb-2443_018_ct-126_099.raw,1,Rxn_Opt_HSST3_2_98_2min,"E,3",2min_100_1500.EXP,"E,3",pcr_E3,pcr_E3,Eunjae Shim,1.0050227105517977
E4,Cc1c(Br)cnc2[nH]ccc12,"5-bromo-4-methyl-1H-pyrrolo[2,3-b]pyridine",0.08442480000000005 milligram,0.40000000000000013 micromole,0.08442480000000006 microliter,C8H7BrN2,1.0,Cc1c(F)cccc1B(O)O,417384680,0.07389552 milligram,0.4800000000000001 micromole,0.07389552000000002 microliter,C7H8BFO2,1.1999999999999997,CC(C)C1=CC(C(C)C)=CC(C(C)C)=C1C2=C([P+](C3CCCCC3)([Pd-2]4(OS(C)(=O)=O)C(C=CC=C5)=C5C6=C([NH+]4C)C=CC=C6)C7CCCCC7)C=CC=C2,XPhos Pd G4,0.08260742400000001 milligram,0.09600000000000003 micromole,0.08260742400000003 microliter,C47H64NO3PPdS,0.24,C1COCCO1,DMF,20.52 milligram,232.90127800603818 micromole,21.6 microliter,C4H8O2,582.2531950150952,[K+].[K+].[K+].[O-]P([O-])([O-])=O,K3PO4,0.7641504000000002 milligram,3.6000000000000014 micromole,0.7641504000000005 microliter,K3O4P,9.0,O,water,3.047886095999999 milligram,169.18601698584507 micromole,3.047886095999999 microliter,H2O,422.96504246461257,CN1C=NC2=C1C(=O)N(C(=O)N2C)C,caffeine,0.09321168000000002 milligram,0.4800000000000001 micromole,0.09321168000000003 microliter,C8H10N4O2,1.1999999999999997,C1COCCO1,dioxane,3.3935943787199996 milligram,38.51717679522393 micromole,3.2947518239999996 microliter,C4H8O2,96.2929419880598,Cc1c(F)cccc1-c1cnc2[nH]ccc2c1C,suzuki_product,0.0 milligram,0.0 micromole,0 microliter,C15H13FN2,0.0,Cc1ccnc2[nH]ccc12,dehalogenation_byproduct,0.0 milligram,0.0 micromole,0 microliter,C8H8N2,0.0,Cc1ccccc1F,deborylation_byproduct,0.0 milligram,0.0 micromole,0 microliter,C7H7F,0.0,Cc1c(Br)cnc2[nH]ccc12.Cc1c(F)cccc1B(O)O>>Cc1c(F)cccc1-c1cnc2[nH]ccc2c1C.Cc1ccccc1F.Cc1ccnc2[nH]ccc12,pcr_E4,,,,,,,,,,,,,,,12/18/2023 7:45:11 PM,5,011_rln-nb-2443_018_ct-126_100.raw,1,Rxn_Opt_HSST3_2_98_2min,"E,4",2min_100_1500.EXP,"E,4",pcr_E4,pcr_E4,Eunjae Shim,2.251146941803243
E5,COc1ccc(-c2nnc(Br)o2)cc1,"2-bromo-5-(4-methoxyphenyl)-1,3,4-oxadiazole",0.10202840000000003 milligram,0.40000000000000013 micromole,0.10202840000000006 microliter,C9H7BrN2O2,1.0,Cc1c(F)cccc1B(O)O,417384680,0.07389552 milligram,0.4800000000000001 micromole,0.07389552000000002 microliter,C7H8BFO2,1.1999999999999997,CC(C)C1=CC(C(C)C)=CC(C(C)C)=C1C2=C([P+](C3CCCCC3)([Pd-2]4(OS(C)(=O)=O)C(C=CC=C5)=C5C6=C([NH+]4C)C=CC=C6)C7CCCCC7)C=CC=C2,XPhos Pd G4,0.08260742400000001 milligram,0.09600000000000003 micromole,0.08260742400000003 microliter,C47H64NO3PPdS,0.24,C1COCCO1,DMF,20.52 milligram,232.90127800603818 micromole,21.6 microliter,C4H8O2,582.2531950150952,[K+].[K+].[K+].[O-]P([O-])([O-])=O,K3PO4,0.7641504000000002 milligram,3.6000000000000014 micromole,0.7641504000000005 microliter,K3O4P,9.0,O,water,3.047886095999999 milligram,169.18601698584507 micromole,3.047886095999999 microliter,H2O,422.96504246461257,CN1C=NC2=C1C(=O)N(C(=O)N2C)C,caffeine,0.09321168000000002 milligram,0.4800000000000001 micromole,0.09321168000000003 microliter,C8H10N4O2,1.1999999999999997,C1COCCO1,dioxane,3.3935943787199996 milligram,38.51717679522393 micromole,3.2947518239999996 microliter,C4H8O2,96.2929419880598,COc1ccc(-c2nnc(-c3cccc(F)c3C)o2)cc1,suzuki_product,0.0 milligram,0.0 micromole,0 microliter,C16H13FN2O2,0.0,COc1ccc(-c2nnco2)cc1,dehalogenation_byproduct,0.0 milligram,0.0 micromole,0 microliter,C9H8N2O2,0.0,Cc1ccccc1F,deborylation_byproduct,0.0 milligram,0.0 micromole,0 microliter,C7H7F,0.0,COc1ccc(-c2nnc(Br)o2)cc1.Cc1c(F)cccc1B(O)O>>COc1ccc(-c2nnc(-c3cccc(F)c3C)o2)cc1.COc1ccc(-c2nnco2)cc1.Cc1ccccc1F,pcr_E5,,,,,,,,,,,,,,,12/18/2023 7:47:40 PM,5,011_rln-nb-2443_018_ct-126_101.raw,1,Rxn_Opt_HSST3_2_98_2min,"E,5",2min_100_1500.EXP,"E,5",pcr_E5,pcr_E5,Eunjae Shim,2.6280080669252857
E6,BrC1=CC=CC=C1,phenylbromide,0.06280400000000001 milligram,0.40000000000000013 micromole,0.06280400000000003 microliter,C6H5Br,1.0,Cc1c(F)cccc1B(O)O,417384680,0.07389552 milligram,0.4800000000000001 micromole,0.07389552000000002 microliter,C7H8BFO2,1.1999999999999997,CC(C)C1=CC(C(C)C)=CC(C(C)C)=C1C2=C([P+](C3CCCCC3)([Pd-2]4(OS(C)(=O)=O)C(C=CC=C5)=C5C6=C([NH+]4C)C=CC=C6)C7CCCCC7)C=CC=C2,XPhos Pd G4,0.08260742400000001 milligram,0.09600000000000003 micromole,0.08260742400000003 microliter,C47H64NO3PPdS,0.24,C1COCCO1,DMF,20.52 milligram,232.90127800603818 micromole,21.6 microliter,C4H8O2,582.2531950150952,[K+].[K+].[K+].[O-]P([O-])([O-])=O,K3PO4,0.7641504000000002 milligram,3.6000000000000014 micromole,0.7641504000000005 microliter,K3O4P,9.0,O,water,3.047886095999999 milligram,169.18601698584507 micromole,3.047886095999999 microliter,H2O,422.96504246461257,CN1C=NC2=C1C(=O)N(C(=O)N2C)C,caffeine,0.09321168000000002 milligram,0.4800000000000001 micromole,0.09321168000000003 microliter,C8H10N4O2,1.1999999999999997,C1COCCO1,dioxane,3.3935943787199996 milligram,38.51717679522393 micromole,3.2947518239999996 microliter,C4H8O2,96.2929419880598,Cc1c(F)cccc1-c1ccccc1,suzuki_product,0.0 milligram,0.0 micromole,0 microliter,C13H11F,0.0,c1ccccc1,dehalogenation_byproduct,0.0 milligram,0.0 micromole,0 microliter,C6H6,0.0,Cc1ccccc1F,deborylation_byproduct,0.0 milligram,0.0 micromole,0 microliter,C7H7F,0.0,BrC1=CC=CC=C1.Cc1c(F)cccc1B(O)O>>Cc1c(F)cccc1-c1ccccc1.Cc1ccccc1F.c1ccccc1,pcr_E6,,,,,,,,,,,,,,,12/18/2023 7:50:10 PM,5,011_rln-nb-2443_018_ct-126_102.raw,1,Rxn_Opt_HSST3_2_98_2min,"E,6",2min_100_1500.EXP,"E,6",pcr_E6,pcr_E6,Eunjae Shim,0.0
E7,CC1=C(C(=NN1C(C)C)N)Br,4-BROMO-1-ISOPROPYL-5-METHYL-1H-PYRAZOL-3-AMINE,0.08723920000000002 milligram,0.40000000000000013 micromole,0.08723920000000003 microliter,C7H12BrN3,1.0,Cc1cc(B(O)O)ccc1C#N,417711289,0.07726511999999999 milligram,0.4800000000000001 micromole,0.07726512 microliter,C8H8BNO2,1.1999999999999997,CC(C)C1=CC(C(C)C)=CC(C(C)C)=C1C2=C([P+](C3CCCCC3)([Pd-2]4(OS(C)(=O)=O)C(C=CC=C5)=C5C6=C([NH+]4C)C=CC=C6)C7CCCCC7)C=CC=C2,XPhos Pd G4,0.08260742400000001 milligram,0.09600000000000003 micromole,0.08260742400000003 microliter,C47H64NO3PPdS,0.24,C1COCCO1,DMF,20.52 milligram,232.90127800603818 micromole,21.6 microliter,C4H8O2,582.2531950150952,[K+].[K+].[K+].[O-]P([O-])([O-])=O,K3PO4,0.7641504000000002 milligram,3.6000000000000014 micromole,0.7641504000000005 microliter,K3O4P,9.0,O,water,3.047886095999999 milligram,169.18601698584507 micromole,3.047886095999999 microliter,H2O,422.96504246461257,CN1C=NC2=C1C(=O)N(C(=O)N2C)C,caffeine,0.09321168000000002 milligram,0.4800000000000001 micromole,0.09321168000000003 microliter,C8H10N4O2,1.1999999999999997,C1COCCO1,dioxane,3.3935943787199996 milligram,38.51717679522393 micromole,3.2947518239999996 microliter,C4H8O2,96.2929419880598,Cc1cc(-c2c(N)nn(C(C)C)c2C)ccc1C#N,suzuki_product,0.0 milligram,0.0 micromole,0 microliter,C15H18N4,0.0,Cc1cc(N)nn1C(C)C,dehalogenation_byproduct,0.0 milligram,0.0 micromole,0 microliter,C7H13N3,0.0,Cc1ccccc1C#N,deborylation_byproduct,0.0 milligram,0.0 micromole,0 microliter,C8H7N,0.0,CC1=C(C(=NN1C(C)C)N)Br.Cc1cc(B(O)O)ccc1C#N>>Cc1cc(-c2c(N)nn(C(C)C)c2C)ccc1C#N.Cc1cc(N)nn1C(C)C.Cc1ccccc1C#N,pcr_E7,,,,,,,,,,,,,,,12/18/2023 7:52:41 PM,5,011_rln-nb-2443_018_ct-126_103.raw,1,Rxn_Opt_HSST3_2_98_2min,"E,7",2min_100_1500.EXP,"E,7",pcr_E7,pcr_E7,Eunjae Shim,4.484471317778458
E8,C1CON=C1C2=CC=C(C=C2)Br,"3-(4-bromophenyl)-4,5-dihydro-1,2-oxazole",0.09042920000000002 milligram,0.40000000000000013 micromole,0.09042920000000003 microliter,C9H8BrNO,1.0,Cc1cc(B(O)O)ccc1C#N,417711289,0.07726511999999999 milligram,0.4800000000000001 micromole,0.07726512 microliter,C8H8BNO2,1.1999999999999997,CC(C)C1=CC(C(C)C)=CC(C(C)C)=C1C2=C([P+](C3CCCCC3)([Pd-2]4(OS(C)(=O)=O)C(C=CC=C5)=C5C6=C([NH+]4C)C=CC=C6)C7CCCCC7)C=CC=C2,XPhos Pd G4,0.08260742400000001 milligram,0.09600000000000003 micromole,0.08260742400000003 microliter,C47H64NO3PPdS,0.24,C1COCCO1,DMF,20.52 milligram,232.90127800603818 micromole,21.6 microliter,C4H8O2,582.2531950150952,[K+].[K+].[K+].[O-]P([O-])([O-])=O,K3PO4,0.7641504000000002 milligram,3.6000000000000014 micromole,0.7641504000000005 microliter,K3O4P,9.0,O,water,3.047886095999999 milligram,169.18601698584507 micromole,3.047886095999999 microliter,H2O,422.96504246461257,CN1C=NC2=C1C(=O)N(C(=O)N2C)C,caffeine,0.09321168000000002 milligram,0.4800000000000001 micromole,0.09321168000000003 microliter,C8H10N4O2,1.1999999999999997,C1COCCO1,dioxane,3.3935943787199996 milligram,38.51717679522393 micromole,3.2947518239999996 microliter,C4H8O2,96.2929419880598,Cc1cc(-c2ccc(C3=NOCC3)cc2)ccc1C#N,suzuki_product,0.0 milligram,0.0 micromole,0 microliter,C17H14N2O,0.0,c1ccc(C2=NOCC2)cc1,dehalogenation_byproduct,0.0 milligram,0.0 micromole,0 microliter,C9H9NO,0.0,Cc1ccccc1C#N,deborylation_byproduct,0.0 milligram,0.0 micromole,0 microliter,C8H7N,0.0,C1CON=C1C2=CC=C(C=C2)Br.Cc1cc(B(O)O)ccc1C#N>>Cc1cc(-c2ccc(C3=NOCC3)cc2)ccc1C#N.Cc1ccccc1C#N.c1ccc(C2=NOCC2)cc1,pcr_E8,,,,,,,,,,,,,,,12/18/2023 7:55:09 PM,5,011_rln-nb-2443_018_ct-126_104.raw,1,Rxn_Opt_HSST3_2_98_2min,"E,8",2min_100_1500.EXP,"E,8",pcr_E8,pcr_E8,Eunjae Shim,56.77417428145228
E9,C1=NC(=C(NC1=O)Cl)Br,5-bromo-6-chloropyrazin-2-ol,0.08377200000000001 milligram,0.40000000000000013 micromole,0.08377200000000003 microliter,C4H2BrClN2O,1.0,Cc1cc(B(O)O)ccc1C#N,417711289,0.07726511999999999 milligram,0.4800000000000001 micromole,0.07726512 microliter,C8H8BNO2,1.1999999999999997,CC(C)C1=CC(C(C)C)=CC(C(C)C)=C1C2=C([P+](C3CCCCC3)([Pd-2]4(OS(C)(=O)=O)C(C=CC=C5)=C5C6=C([NH+]4C)C=CC=C6)C7CCCCC7)C=CC=C2,XPhos Pd G4,0.08260742400000001 milligram,0.09600000000000003 micromole,0.08260742400000003 microliter,C47H64NO3PPdS,0.24,C1COCCO1,DMF,20.52 milligram,232.90127800603818 micromole,21.6 microliter,C4H8O2,582.2531950150952,[K+].[K+].[K+].[O-]P([O-])([O-])=O,K3PO4,0.7641504000000002 milligram,3.6000000000000014 micromole,0.7641504000000005 microliter,K3O4P,9.0,O,water,3.047886095999999 milligram,169.18601698584507 micromole,3.047886095999999 microliter,H2O,422.96504246461257,CN1C=NC2=C1C(=O)N(C(=O)N2C)C,caffeine,0.09321168000000002 milligram,0.4800000000000001 micromole,0.09321168000000003 microliter,C8H10N4O2,1.1999999999999997,C1COCCO1,dioxane,3.3935943787199996 milligram,38.51717679522393 micromole,3.2947518239999996 microliter,C4H8O2,96.2929419880598,Cc1cc(-c2[nH]c(=O)cnc2Br)ccc1C#N,suzuki_product,0.0 milligram,0.0 micromole,0 microliter,C12H8BrN3O,0.0,O=c1cncc(Cl)[nH]1,dehalogenation_byproduct,0.0 milligram,0.0 micromole,0 microliter,C4H3ClN2O,0.0,O=c1cnc(Br)c[nH]1,dehalogenation_byproduct,0.0 milligram,0.0 micromole,0 microliter,C4H3BrN2O,0.0,C1=NC(=C(NC1=O)Cl)Br.Cc1cc(B(O)O)ccc1C#N>>Cc1cc(-c2[nH]c(=O)cnc2Br)ccc1C#N.Cc1cc(-c2ncc(=O)[nH]c2Cl)ccc1C#N.Cc1ccccc1C#N.O=c1cnc(Br)c[nH]1.O=c1cncc(Cl)[nH]1,pcr_E9,Cc1cc(-c2ncc(=O)[nH]c2Cl)ccc1C#N,suzuki_product,0.0 milligram,0.0 micromole,0 microliter,C12H8ClN3O,0.0,Cc1ccccc1C#N,deborylation_byproduct,0.0 milligram,0.0 micromole,0 microliter,C8H7N,0.0,12/18/2023 7:57:39 PM,5,011_rln-nb-2443_018_ct-126_105.raw,1,Rxn_Opt_HSST3_2_98_2min,"E,9",2min_100_1500.EXP,"E,9",pcr_E9,pcr_E9,Eunjae Shim,0.0
E10,Cc1c(Br)cnc2[nH]ccc12,"5-bromo-4-methyl-1H-pyrrolo[2,3-b]pyridine",0.08442480000000005 milligram,0.40000000000000013 micromole,0.08442480000000006 microliter,C8H7BrN2,1.0,Cc1cc(B(O)O)ccc1C#N,417711289,0.07726511999999999 milligram,0.4800000000000001 micromole,0.07726512 microliter,C8H8BNO2,1.1999999999999997,CC(C)C1=CC(C(C)C)=CC(C(C)C)=C1C2=C([P+](C3CCCCC3)([Pd-2]4(OS(C)(=O)=O)C(C=CC=C5)=C5C6=C([NH+]4C)C=CC=C6)C7CCCCC7)C=CC=C2,XPhos Pd G4,0.08260742400000001 milligram,0.09600000000000003 micromole,0.08260742400000003 microliter,C47H64NO3PPdS,0.24,C1COCCO1,DMF,20.52 milligram,232.90127800603818 micromole,21.6 microliter,C4H8O2,582.2531950150952,[K+].[K+].[K+].[O-]P([O-])([O-])=O,K3PO4,0.7641504000000002 milligram,3.6000000000000014 micromole,0.7641504000000005 microliter,K3O4P,9.0,O,water,3.047886095999999 milligram,169.18601698584507 micromole,3.047886095999999 microliter,H2O,422.96504246461257,CN1C=NC2=C1C(=O)N(C(=O)N2C)C,caffeine,0.09321168000000002 milligram,0.4800000000000001 micromole,0.09321168000000003 microliter,C8H10N4O2,1.1999999999999997,C1COCCO1,dioxane,3.3935943787199996 milligram,38.51717679522393 micromole,3.2947518239999996 microliter,C4H8O2,96.2929419880598,Cc1cc(-c2cnc3[nH]ccc3c2C)ccc1C#N,suzuki_product,0.0 milligram,0.0 micromole,0 microliter,C16H13N3,0.0,Cc1ccnc2[nH]ccc12,dehalogenation_byproduct,0.0 milligram,0.0 micromole,0 microliter,C8H8N2,0.0,Cc1ccccc1C#N,deborylation_byproduct,0.0 milligram,0.0 micromole,0 microliter,C8H7N,0.0,Cc1c(Br)cnc2[nH]ccc12.Cc1cc(B(O)O)ccc1C#N>>Cc1cc(-c2cnc3[nH]ccc3c2C)ccc1C#N.Cc1ccccc1C#N.Cc1ccnc2[nH]ccc12,pcr_E10,,,,,,,,,,,,,,,12/18/2023 8:00:08 PM,5,011_rln-nb-2443_018_ct-126_106.raw,1,Rxn_Opt_HSST3_2_98_2min,"E,10",2min_100_1500.EXP,"E,10",pcr_E10,pcr_E10,Eunjae Shim,10.85648601503583
E11,COc1ccc(-c2nnc(Br)o2)cc1,"2-bromo-5-(4-methoxyphenyl)-1,3,4-oxadiazole",0.10202840000000003 milligram,0.40000000000000013 micromole,0.10202840000000006 microliter,C9H7BrN2O2,1.0,Cc1cc(B(O)O)ccc1C#N,417711289,0.07726511999999999 milligram,0.4800000000000001 micromole,0.07726512 microliter,C8H8BNO2,1.1999999999999997,CC(C)C1=CC(C(C)C)=CC(C(C)C)=C1C2=C([P+](C3CCCCC3)([Pd-2]4(OS(C)(=O)=O)C(C=CC=C5)=C5C6=C([NH+]4C)C=CC=C6)C7CCCCC7)C=CC=C2,XPhos Pd G4,0.08260742400000001 milligram,0.09600000000000003 micromole,0.08260742400000003 microliter,C47H64NO3PPdS,0.24,C1COCCO1,DMF,20.52 milligram,232.90127800603818 micromole,21.6 microliter,C4H8O2,582.2531950150952,[K+].[K+].[K+].[O-]P([O-])([O-])=O,K3PO4,0.7641504000000002 milligram,3.6000000000000014 micromole,0.7641504000000005 microliter,K3O4P,9.0,O,water,3.047886095999999 milligram,169.18601698584507 micromole,3.047886095999999 microliter,H2O,422.96504246461257,CN1C=NC2=C1C(=O)N(C(=O)N2C)C,caffeine,0.09321168000000002 milligram,0.4800000000000001 micromole,0.09321168000000003 microliter,C8H10N4O2,1.1999999999999997,C1COCCO1,dioxane,3.3935943787199996 milligram,38.51717679522393 micromole,3.2947518239999996 microliter,C4H8O2,96.2929419880598,COc1ccc(-c2nnc(-c3ccc(C#N)c(C)c3)o2)cc1,suzuki_product,0.0 milligram,0.0 micromole,0 microliter,C17H13N3O2,0.0,COc1ccc(-c2nnco2)cc1,dehalogenation_byproduct,0.0 milligram,0.0 micromole,0 microliter,C9H8N2O2,0.0,Cc1ccccc1C#N,deborylation_byproduct,0.0 milligram,0.0 micromole,0 microliter,C8H7N,0.0,COc1ccc(-c2nnc(Br)o2)cc1.Cc1cc(B(O)O)ccc1C#N>>COc1ccc(-c2nnc(-c3ccc(C#N)c(C)c3)o2)cc1.COc1ccc(-c2nnco2)cc1.Cc1ccccc1C#N,pcr_E11,,,,,,,,,,,,,,,12/18/2023 8:02:38 PM,5,011_rln-nb-2443_018_ct-126_107.raw,1,Rxn_Opt_HSST3_2_98_2min,"E,11",2min_100_1500.EXP,"E,11",pcr_E11,pcr_E11,Eunjae Shim,7.312215903334682
E12,BrC1=CC=CC=C1,phenylbromide,0.06280400000000001 milligram,0.40000000000000013 micromole,0.06280400000000003 microliter,C6H5Br,1.0,Cc1cc(B(O)O)ccc1C#N,417711289,0.07726511999999999 milligram,0.4800000000000001 micromole,0.07726512 microliter,C8H8BNO2,1.1999999999999997,CC(C)C1=CC(C(C)C)=CC(C(C)C)=C1C2=C([P+](C3CCCCC3)([Pd-2]4(OS(C)(=O)=O)C(C=CC=C5)=C5C6=C([NH+]4C)C=CC=C6)C7CCCCC7)C=CC=C2,XPhos Pd G4,0.08260742400000001 milligram,0.09600000000000003 micromole,0.08260742400000003 microliter,C47H64NO3PPdS,0.24,C1COCCO1,DMF,20.52 milligram,232.90127800603818 micromole,21.6 microliter,C4H8O2,582.2531950150952,[K+].[K+].[K+].[O-]P([O-])([O-])=O,K3PO4,0.7641504000000002 milligram,3.6000000000000014 micromole,0.7641504000000005 microliter,K3O4P,9.0,O,water,3.047886095999999 milligram,169.18601698584507 micromole,3.047886095999999 microliter,H2O,422.96504246461257,CN1C=NC2=C1C(=O)N(C(=O)N2C)C,caffeine,0.09321168000000002 milligram,0.4800000000000001 micromole,0.09321168000000003 microliter,C8H10N4O2,1.1999999999999997,C1COCCO1,dioxane,3.3935943787199996 milligram,38.51717679522393 micromole,3.2947518239999996 microliter,C4H8O2,96.2929419880598,Cc1cc(-c2ccccc2)ccc1C#N,suzuki_product,0.0 milligram,0.0 micromole,0 microliter,C14H11N,0.0,c1ccccc1,dehalogenation_byproduct,0.0 milligram,0.0 micromole,0 microliter,C6H6,0.0,Cc1ccccc1C#N,deborylation_byproduct,0.0 milligram,0.0 micromole,0 microliter,C8H7N,0.0,BrC1=CC=CC=C1.Cc1cc(B(O)O)ccc1C#N>>Cc1cc(-c2ccccc2)ccc1C#N.Cc1ccccc1C#N.c1ccccc1,pcr_E12,,,,,,,,,,,,,,,12/18/2023 8:05:07 PM,5,011_rln-nb-2443_018_ct-126_108.raw,1,Rxn_Opt_HSST3_2_98_2min,"E,12",2min_100_1500.EXP,"E,12",pcr_E12,pcr_E12,Eunjae Shim,0.0
E13,CC1=C(C(=NN1C(C)C)N)Br,4-BROMO-1-ISOPROPYL-5-METHYL-1H-PYRAZOL-3-AMINE,0.08723920000000002 milligram,0.40000000000000013 micromole,0.08723920000000003 microliter,C7H12BrN3,1.0,Cc1c(F)cccc1B(O)O,417384680,0.07389552 milligram,0.4800000000000001 micromole,0.07389552000000002 microliter,C7H8BFO2,1.1999999999999997,CC(C)C1=CC(C(C)C)=CC(C(C)C)=C1C2=C([P+](C3CCCCC3)([Pd-2]4(OS(C)(=O)=O)C(C=CC=C5)=C5C6=C([NH+]4C)C=CC=C6)C7CCCCC7)C=CC=C2,XPhos Pd G4,0.08260742400000001 milligram,0.09600000000000003 micromole,0.08260742400000003 microliter,C47H64NO3PPdS,0.24,C1COCCO1,DMF,20.52 milligram,232.90127800603818 micromole,21.6 microliter,C4H8O2,582.2531950150952,[K+].[K+].[K+].[O-]P([O-])([O-])=O,K3PO4,0.7641504000000002 milligram,3.6000000000000014 micromole,0.7641504000000005 microliter,K3O4P,9.0,O,water,3.047886095999999 milligram,169.18601698584507 micromole,3.047886095999999 microliter,H2O,422.96504246461257,CN1C=NC2=C1C(=O)N(C(=O)N2C)C,caffeine,0.09321168000000002 milligram,0.4800000000000001 micromole,0.09321168000000003 microliter,C8H10N4O2,1.1999999999999997,C1COCCO1,dioxane,3.3935943787199996 milligram,38.51717679522393 micromole,3.2947518239999996 microliter,C4H8O2,96.2929419880598,Cc1c(F)cccc1-c1c(N)nn(C(C)C)c1C,suzuki_product,0.0 milligram,0.0 micromole,0 microliter,C14H18FN3,0.0,Cc1cc(N)nn1C(C)C,dehalogenation_byproduct,0.0 milligram,0.0 micromole,0 microliter,C7H13N3,0.0,Cc1ccccc1F,deborylation_byproduct,0.0 milligram,0.0 micromole,0 microliter,C7H7F,0.0,CC1=C(C(=NN1C(C)C)N)Br.Cc1c(F)cccc1B(O)O>>Cc1c(F)cccc1-c1c(N)nn(C(C)C)c1C.Cc1cc(N)nn1C(C)C.Cc1ccccc1F,pcr_E13,,,,,,,,,,,,,,,12/18/2023 8:07:37 PM,5,011_rln-nb-2443_018_ct-126_109.raw,1,Rxn_Opt_HSST3_2_98_2min,"E,13",2min_100_1500.EXP,"E,13",pcr_E13,pcr_E13,Eunjae Shim,0.0
E14,C1CON=C1C2=CC=C(C=C2)Br,"3-(4-bromophenyl)-4,5-dihydro-1,2-oxazole",0.09042920000000002 milligram,0.40000000000000013 micromole,0.09042920000000003 microliter,C9H8BrNO,1.0,Cc1c(F)cccc1B(O)O,417384680,0.07389552 milligram,0.4800000000000001 micromole,0.07389552000000002 microliter,C7H8BFO2,1.1999999999999997,CC(C)C1=CC(C(C)C)=CC(C(C)C)=C1C2=C([P+](C3CCCCC3)([Pd-2]4(OS(C)(=O)=O)C(C=CC=C5)=C5C6=C([NH+]4C)C=CC=C6)C7CCCCC7)C=CC=C2,XPhos Pd G4,0.08260742400000001 milligram,0.09600000000000003 micromole,0.08260742400000003 microliter,C47H64NO3PPdS,0.24,C1COCCO1,DMF,20.52 milligram,232.90127800603818 micromole,21.6 microliter,C4H8O2,582.2531950150952,[K+].[K+].[K+].[O-]P([O-])([O-])=O,K3PO4,0.7641504000000002 milligram,3.6000000000000014 micromole,0.7641504000000005 microliter,K3O4P,9.0,O,water,3.047886095999999 milligram,169.18601698584507 micromole,3.047886095999999 microliter,H2O,422.96504246461257,CN1C=NC2=C1C(=O)N(C(=O)N2C)C,caffeine,0.09321168000000002 milligram,0.4800000000000001 micromole,0.09321168000000003 microliter,C8H10N4O2,1.1999999999999997,C1COCCO1,dioxane,3.3935943787199996 milligram,38.51717679522393 micromole,3.2947518239999996 microliter,C4H8O2,96.2929419880598,Cc1c(F)cccc1-c1ccc(C2=NOCC2)cc1,suzuki_product,0.0 milligram,0.0 micromole,0 microliter,C16H14FNO,0.0,c1ccc(C2=NOCC2)cc1,dehalogenation_byproduct,0.0 milligram,0.0 micromole,0 microliter,C9H9NO,0.0,Cc1ccccc1F,deborylation_byproduct,0.0 milligram,0.0 micromole,0 microliter,C7H7F,0.0,C1CON=C1C2=CC=C(C=C2)Br.Cc1c(F)cccc1B(O)O>>Cc1c(F)cccc1-c1ccc(C2=NOCC2)cc1.Cc1ccccc1F.c1ccc(C2=NOCC2)cc1,pcr_E14,,,,,,,,,,,,,,,12/18/2023 8:10:07 PM,5,011_rln-nb-2443_018_ct-126_110.raw,1,Rxn_Opt_HSST3_2_98_2min,"E,14",2min_100_1500.EXP,"E,14",pcr_E14,pcr_E14,Eunjae Shim,20.741747721712535
E15,C1=NC(=C(NC1=O)Cl)Br,5-bromo-6-chloropyrazin-2-ol,0.08377200000000001 milligram,0.40000000000000013 micromole,0.08377200000000003 microliter,C4H2BrClN2O,1.0,Cc1c(F)cccc1B(O)O,417384680,0.07389552 milligram,0.4800000000000001 micromole,0.07389552000000002 microliter,C7H8BFO2,1.1999999999999997,CC(C)C1=CC(C(C)C)=CC(C(C)C)=C1C2=C([P+](C3CCCCC3)([Pd-2]4(OS(C)(=O)=O)C(C=CC=C5)=C5C6=C([NH+]4C)C=CC=C6)C7CCCCC7)C=CC=C2,XPhos Pd G4,0.08260742400000001 milligram,0.09600000000000003 micromole,0.08260742400000003 microliter,C47H64NO3PPdS,0.24,C1COCCO1,DMF,20.52 milligram,232.90127800603818 micromole,21.6 microliter,C4H8O2,582.2531950150952,[K+].[K+].[K+].[O-]P([O-])([O-])=O,K3PO4,0.7641504000000002 milligram,3.6000000000000014 micromole,0.7641504000000005 microliter,K3O4P,9.0,O,water,3.047886095999999 milligram,169.18601698584507 micromole,3.047886095999999 microliter,H2O,422.96504246461257,CN1C=NC2=C1C(=O)N(C(=O)N2C)C,caffeine,0.09321168000000002 milligram,0.4800000000000001 micromole,0.09321168000000003 microliter,C8H10N4O2,1.1999999999999997,C1COCCO1,dioxane,3.3935943787199996 milligram,38.51717679522393 micromole,3.2947518239999996 microliter,C4H8O2,96.2929419880598,Cc1c(F)cccc1-c1[nH]c(=O)cnc1Br,suzuki_product,0.0 milligram,0.0 micromole,0 microliter,C11H8BrFN2O,0.0,O=c1cncc(Cl)[nH]1,dehalogenation_byproduct,0.0 milligram,0.0 micromole,0 microliter,C4H3ClN2O,0.0,O=c1cnc(Br)c[nH]1,dehalogenation_byproduct,0.0 milligram,0.0 micromole,0 microliter,C4H3BrN2O,0.0,C1=NC(=C(NC1=O)Cl)Br.Cc1c(F)cccc1B(O)O>>Cc1c(F)cccc1-c1[nH]c(=O)cnc1Br.Cc1c(F)cccc1-c1ncc(=O)[nH]c1Cl.Cc1ccccc1F.O=c1cnc(Br)c[nH]1.O=c1cncc(Cl)[nH]1,pcr_E15,Cc1c(F)cccc1-c1ncc(=O)[nH]c1Cl,suzuki_product,0.0 milligram,0.0 micromole,0 microliter,C11H8ClFN2O,0.0,Cc1ccccc1F,deborylation_byproduct,0.0 milligram,0.0 micromole,0 microliter,C7H7F,0.0,12/18/2023 8:12:36 PM,5,011_rln-nb-2443_018_ct-126_111.raw,1,Rxn_Opt_HSST3_2_98_2min,"E,15",2min_100_1500.EXP,"E,15",pcr_E15,pcr_E15,Eunjae Shim,0.7908833865372906
E16,Cc1c(Br)cnc2[nH]ccc12,"5-bromo-4-methyl-1H-pyrrolo[2,3-b]pyridine",0.08442480000000005 milligram,0.40000000000000013 micromole,0.08442480000000006 microliter,C8H7BrN2,1.0,Cc1c(F)cccc1B(O)O,417384680,0.07389552 milligram,0.4800000000000001 micromole,0.07389552000000002 microliter,C7H8BFO2,1.1999999999999997,CC(C)C1=CC(C(C)C)=CC(C(C)C)=C1C2=C([P+](C3CCCCC3)([Pd-2]4(OS(C)(=O)=O)C(C=CC=C5)=C5C6=C([NH+]4C)C=CC=C6)C7CCCCC7)C=CC=C2,XPhos Pd G4,0.08260742400000001 milligram,0.09600000000000003 micromole,0.08260742400000003 microliter,C47H64NO3PPdS,0.24,C1COCCO1,DMF,20.52 milligram,232.90127800603818 micromole,21.6 microliter,C4H8O2,582.2531950150952,[K+].[K+].[K+].[O-]P([O-])([O-])=O,K3PO4,0.7641504000000002 milligram,3.6000000000000014 micromole,0.7641504000000005 microliter,K3O4P,9.0,O,water,3.047886095999999 milligram,169.18601698584507 micromole,3.047886095999999 microliter,H2O,422.96504246461257,CN1C=NC2=C1C(=O)N(C(=O)N2C)C,caffeine,0.09321168000000002 milligram,0.4800000000000001 micromole,0.09321168000000003 microliter,C8H10N4O2,1.1999999999999997,C1COCCO1,dioxane,3.3935943787199996 milligram,38.51717679522393 micromole,3.2947518239999996 microliter,C4H8O2,96.2929419880598,Cc1c(F)cccc1-c1cnc2[nH]ccc2c1C,suzuki_product,0.0 milligram,0.0 micromole,0 microliter,C15H13FN2,0.0,Cc1ccnc2[nH]ccc12,dehalogenation_byproduct,0.0 milligram,0.0 micromole,0 microliter,C8H8N2,0.0,Cc1ccccc1F,deborylation_byproduct,0.0 milligram,0.0 micromole,0 microliter,C7H7F,0.0,Cc1c(Br)cnc2[nH]ccc12.Cc1c(F)cccc1B(O)O>>Cc1c(F)cccc1-c1cnc2[nH]ccc2c1C.Cc1ccccc1F.Cc1ccnc2[nH]ccc12,pcr_E16,,,,,,,,,,,,,,,12/18/2023 8:15:05 PM,5,011_rln-nb-2443_018_ct-126_112.raw,1,Rxn_Opt_HSST3_2_98_2min,"E,16",2min_100_1500.EXP,"E,16",pcr_E16,pcr_E16,Eunjae Shim,3.007278258367271
E17,COc1ccc(-c2nnc(Br)o2)cc1,"2-bromo-5-(4-methoxyphenyl)-1,3,4-oxadiazole",0.10202840000000003 milligram,0.40000000000000013 micromole,0.10202840000000006 microliter,C9H7BrN2O2,1.0,Cc1c(F)cccc1B(O)O,417384680,0.07389552 milligram,0.4800000000000001 micromole,0.07389552000000002 microliter,C7H8BFO2,1.1999999999999997,CC(C)C1=CC(C(C)C)=CC(C(C)C)=C1C2=C([P+](C3CCCCC3)([Pd-2]4(OS(C)(=O)=O)C(C=CC=C5)=C5C6=C([NH+]4C)C=CC=C6)C7CCCCC7)C=CC=C2,XPhos Pd G4,0.08260742400000001 milligram,0.09600000000000003 micromole,0.08260742400000003 microliter,C47H64NO3PPdS,0.24,C1COCCO1,DMF,20.52 milligram,232.90127800603818 micromole,21.6 microliter,C4H8O2,582.2531950150952,[K+].[K+].[K+].[O-]P([O-])([O-])=O,K3PO4,0.7641504000000002 milligram,3.6000000000000014 micromole,0.7641504000000005 microliter,K3O4P,9.0,O,water,3.047886095999999 milligram,169.18601698584507 micromole,3.047886095999999 microliter,H2O,422.96504246461257,CN1C=NC2=C1C(=O)N(C(=O)N2C)C,caffeine,0.09321168000000002 milligram,0.4800000000000001 micromole,0.09321168000000003 microliter,C8H10N4O2,1.1999999999999997,C1COCCO1,dioxane,3.3935943787199996 milligram,38.51717679522393 micromole,3.2947518239999996 microliter,C4H8O2,96.2929419880598,COc1ccc(-c2nnc(-c3cccc(F)c3C)o2)cc1,suzuki_product,0.0 milligram,0.0 micromole,0 microliter,C16H13FN2O2,0.0,COc1ccc(-c2nnco2)cc1,dehalogenation_byproduct,0.0 milligram,0.0 micromole,0 microliter,C9H8N2O2,0.0,Cc1ccccc1F,deborylation_byproduct,0.0 milligram,0.0 micromole,0 microliter,C7H7F,0.0,COc1ccc(-c2nnc(Br)o2)cc1.Cc1c(F)cccc1B(O)O>>COc1ccc(-c2nnc(-c3cccc(F)c3C)o2)cc1.COc1ccc(-c2nnco2)cc1.Cc1ccccc1F,pcr_E17,,,,,,,,,,,,,,,12/18/2023 8:17:34 PM,5,011_rln-nb-2443_018_ct-126_113.raw,1,Rxn_Opt_HSST3_2_98_2min,"E,17",2min_100_1500.EXP,"E,17",pcr_E17,pcr_E17,Eunjae Shim,2.4267274526070457
E18,BrC1=CC=CC=C1,phenylbromide,0.06280400000000001 milligram,0.40000000000000013 micromole,0.06280400000000003 microliter,C6H5Br,1.0,Cc1c(F)cccc1B(O)O,417384680,0.07389552 milligram,0.4800000000000001 micromole,0.07389552000000002 microliter,C7H8BFO2,1.1999999999999997,CC(C)C1=CC(C(C)C)=CC(C(C)C)=C1C2=C([P+](C3CCCCC3)([Pd-2]4(OS(C)(=O)=O)C(C=CC=C5)=C5C6=C([NH+]4C)C=CC=C6)C7CCCCC7)C=CC=C2,XPhos Pd G4,0.08260742400000001 milligram,0.09600000000000003 micromole,0.08260742400000003 microliter,C47H64NO3PPdS,0.24,C1COCCO1,DMF,20.52 milligram,232.90127800603818 micromole,21.6 microliter,C4H8O2,582.2531950150952,[K+].[K+].[K+].[O-]P([O-])([O-])=O,K3PO4,0.7641504000000002 milligram,3.6000000000000014 micromole,0.7641504000000005 microliter,K3O4P,9.0,O,water,3.047886095999999 milligram,169.18601698584507 micromole,3.047886095999999 microliter,H2O,422.96504246461257,CN1C=NC2=C1C(=O)N(C(=O)N2C)C,caffeine,0.09321168000000002 milligram,0.4800000000000001 micromole,0.09321168000000003 microliter,C8H10N4O2,1.1999999999999997,C1COCCO1,dioxane,3.3935943787199996 milligram,38.51717679522393 micromole,3.2947518239999996 microliter,C4H8O2,96.2929419880598,Cc1c(F)cccc1-c1ccccc1,suzuki_product,0.0 milligram,0.0 micromole,0 microliter,C13H11F,0.0,c1ccccc1,dehalogenation_byproduct,0.0 milligram,0.0 micromole,0 microliter,C6H6,0.0,Cc1ccccc1F,deborylation_byproduct,0.0 milligram,0.0 micromole,0 microliter,C7H7F,0.0,BrC1=CC=CC=C1.Cc1c(F)cccc1B(O)O>>Cc1c(F)cccc1-c1ccccc1.Cc1ccccc1F.c1ccccc1,pcr_E18,,,,,,,,,,,,,,,12/18/2023 8:20:03 PM,5,011_rln-nb-2443_018_ct-126_114.raw,1,Rxn_Opt_HSST3_2_98_2min,"E,18",2min_100_1500.EXP,"E,18",pcr_E18,pcr_E18,Eunjae Shim,0.0
E19,CC1=C(C(=NN1C(C)C)N)Br,4-BROMO-1-ISOPROPYL-5-METHYL-1H-PYRAZOL-3-AMINE,0.08723920000000002 milligram,0.40000000000000013 micromole,0.08723920000000003 microliter,C7H12BrN3,1.0,Cc1cc(B(O)O)ccc1C#N,417711289,0.07726511999999999 milligram,0.4800000000000001 micromole,0.07726512 microliter,C8H8BNO2,1.1999999999999997,CC(C)C1=CC(C(C)C)=CC(C(C)C)=C1C2=C([P+](C3CCCCC3)([Pd-2]4(OS(C)(=O)=O)C(C=CC=C5)=C5C6=C([NH+]4C)C=CC=C6)C7CCCCC7)C=CC=C2,XPhos Pd G4,0.08260742400000001 milligram,0.09600000000000003 micromole,0.08260742400000003 microliter,C47H64NO3PPdS,0.24,C1COCCO1,DMF,20.52 milligram,232.90127800603818 micromole,21.6 microliter,C4H8O2,582.2531950150952,[K+].[K+].[K+].[O-]P([O-])([O-])=O,K3PO4,0.7641504000000002 milligram,3.6000000000000014 micromole,0.7641504000000005 microliter,K3O4P,9.0,O,water,3.047886095999999 milligram,169.18601698584507 micromole,3.047886095999999 microliter,H2O,422.96504246461257,CN1C=NC2=C1C(=O)N(C(=O)N2C)C,caffeine,0.09321168000000002 milligram,0.4800000000000001 micromole,0.09321168000000003 microliter,C8H10N4O2,1.1999999999999997,C1COCCO1,dioxane,3.3935943787199996 milligram,38.51717679522393 micromole,3.2947518239999996 microliter,C4H8O2,96.2929419880598,Cc1cc(-c2c(N)nn(C(C)C)c2C)ccc1C#N,suzuki_product,0.0 milligram,0.0 micromole,0 microliter,C15H18N4,0.0,Cc1cc(N)nn1C(C)C,dehalogenation_byproduct,0.0 milligram,0.0 micromole,0 microliter,C7H13N3,0.0,Cc1ccccc1C#N,deborylation_byproduct,0.0 milligram,0.0 micromole,0 microliter,C8H7N,0.0,CC1=C(C(=NN1C(C)C)N)Br.Cc1cc(B(O)O)ccc1C#N>>Cc1cc(-c2c(N)nn(C(C)C)c2C)ccc1C#N.Cc1cc(N)nn1C(C)C.Cc1ccccc1C#N,pcr_E19,,,,,,,,,,,,,,,12/18/2023 8:22:34 PM,5,011_rln-nb-2443_018_ct-126_115.raw,1,Rxn_Opt_HSST3_2_98_2min,"E,19",2min_100_1500.EXP,"E,19",pcr_E19,pcr_E19,Eunjae Shim,5.089162913965742
E20,C1CON=C1C2=CC=C(C=C2)Br,"3-(4-bromophenyl)-4,5-dihydro-1,2-oxazole",0.09042920000000002 milligram,0.40000000000000013 micromole,0.09042920000000003 microliter,C9H8BrNO,1.0,Cc1cc(B(O)O)ccc1C#N,417711289,0.07726511999999999 milligram,0.4800000000000001 micromole,0.07726512 microliter,C8H8BNO2,1.1999999999999997,CC(C)C1=CC(C(C)C)=CC(C(C)C)=C1C2=C([P+](C3CCCCC3)([Pd-2]4(OS(C)(=O)=O)C(C=CC=C5)=C5C6=C([NH+]4C)C=CC=C6)C7CCCCC7)C=CC=C2,XPhos Pd G4,0.08260742400000001 milligram,0.09600000000000003 micromole,0.08260742400000003 microliter,C47H64NO3PPdS,0.24,C1COCCO1,DMF,20.52 milligram,232.90127800603818 micromole,21.6 microliter,C4H8O2,582.2531950150952,[K+].[K+].[K+].[O-]P([O-])([O-])=O,K3PO4,0.7641504000000002 milligram,3.6000000000000014 micromole,0.7641504000000005 microliter,K3O4P,9.0,O,water,3.047886095999999 milligram,169.18601698584507 micromole,3.047886095999999 microliter,H2O,422.96504246461257,CN1C=NC2=C1C(=O)N(C(=O)N2C)C,caffeine,0.09321168000000002 milligram,0.4800000000000001 micromole,0.09321168000000003 microliter,C8H10N4O2,1.1999999999999997,C1COCCO1,dioxane,3.3935943787199996 milligram,38.51717679522393 micromole,3.2947518239999996 microliter,C4H8O2,96.2929419880598,Cc1cc(-c2ccc(C3=NOCC3)cc2)ccc1C#N,suzuki_product,0.0 milligram,0.0 micromole,0 microliter,C17H14N2O,0.0,c1ccc(C2=NOCC2)cc1,dehalogenation_byproduct,0.0 milligram,0.0 micromole,0 microliter,C9H9NO,0.0,Cc1ccccc1C#N,deborylation_byproduct,0.0 milligram,0.0 micromole,0 microliter,C8H7N,0.0,C1CON=C1C2=CC=C(C=C2)Br.Cc1cc(B(O)O)ccc1C#N>>Cc1cc(-c2ccc(C3=NOCC3)cc2)ccc1C#N.Cc1ccccc1C#N.c1ccc(C2=NOCC2)cc1,pcr_E20,,,,,,,,,,,,,,,12/18/2023 8:25:04 PM,5,011_rln-nb-2443_018_ct-126_116.raw,1,Rxn_Opt_HSST3_2_98_2min,"E,20",2min_100_1500.EXP,"E,20",pcr_E20,pcr_E20,Eunjae Shim,62.69408595181364
E21,C1=NC(=C(NC1=O)Cl)Br,5-bromo-6-chloropyrazin-2-ol,0.08377200000000001 milligram,0.40000000000000013 micromole,0.08377200000000003 microliter,C4H2BrClN2O,1.0,Cc1cc(B(O)O)ccc1C#N,417711289,0.07726511999999999 milligram,0.4800000000000001 micromole,0.07726512 microliter,C8H8BNO2,1.1999999999999997,CC(C)C1=CC(C(C)C)=CC(C(C)C)=C1C2=C([P+](C3CCCCC3)([Pd-2]4(OS(C)(=O)=O)C(C=CC=C5)=C5C6=C([NH+]4C)C=CC=C6)C7CCCCC7)C=CC=C2,XPhos Pd G4,0.08260742400000001 milligram,0.09600000000000003 micromole,0.08260742400000003 microliter,C47H64NO3PPdS,0.24,C1COCCO1,DMF,20.52 milligram,232.90127800603818 micromole,21.6 microliter,C4H8O2,582.2531950150952,[K+].[K+].[K+].[O-]P([O-])([O-])=O,K3PO4,0.7641504000000002 milligram,3.6000000000000014 micromole,0.7641504000000005 microliter,K3O4P,9.0,O,water,3.047886095999999 milligram,169.18601698584507 micromole,3.047886095999999 microliter,H2O,422.96504246461257,CN1C=NC2=C1C(=O)N(C(=O)N2C)C,caffeine,0.09321168000000002 milligram,0.4800000000000001 micromole,0.09321168000000003 microliter,C8H10N4O2,1.1999999999999997,C1COCCO1,dioxane,3.3935943787199996 milligram,38.51717679522393 micromole,3.2947518239999996 microliter,C4H8O2,96.2929419880598,Cc1cc(-c2[nH]c(=O)cnc2Br)ccc1C#N,suzuki_product,0.0 milligram,0.0 micromole,0 microliter,C12H8BrN3O,0.0,O=c1cncc(Cl)[nH]1,dehalogenation_byproduct,0.0 milligram,0.0 micromole,0 microliter,C4H3ClN2O,0.0,O=c1cnc(Br)c[nH]1,dehalogenation_byproduct,0.0 milligram,0.0 micromole,0 microliter,C4H3BrN2O,0.0,C1=NC(=C(NC1=O)Cl)Br.Cc1cc(B(O)O)ccc1C#N>>Cc1cc(-c2[nH]c(=O)cnc2Br)ccc1C#N.Cc1cc(-c2ncc(=O)[nH]c2Cl)ccc1C#N.Cc1ccccc1C#N.O=c1cnc(Br)c[nH]1.O=c1cncc(Cl)[nH]1,pcr_E21,Cc1cc(-c2ncc(=O)[nH]c2Cl)ccc1C#N,suzuki_product,0.0 milligram,0.0 micromole,0 microliter,C12H8ClN3O,0.0,Cc1ccccc1C#N,deborylation_byproduct,0.0 milligram,0.0 micromole,0 microliter,C8H7N,0.0,12/18/2023 8:27:33 PM,5,011_rln-nb-2443_018_ct-126_117.raw,1,Rxn_Opt_HSST3_2_98_2min,"E,21",2min_100_1500.EXP,"E,21",pcr_E21,pcr_E21,Eunjae Shim,0.0
E22,Cc1c(Br)cnc2[nH]ccc12,"5-bromo-4-methyl-1H-pyrrolo[2,3-b]pyridine",0.08442480000000005 milligram,0.40000000000000013 micromole,0.08442480000000006 microliter,C8H7BrN2,1.0,Cc1cc(B(O)O)ccc1C#N,417711289,0.07726511999999999 milligram,0.4800000000000001 micromole,0.07726512 microliter,C8H8BNO2,1.1999999999999997,CC(C)C1=CC(C(C)C)=CC(C(C)C)=C1C2=C([P+](C3CCCCC3)([Pd-2]4(OS(C)(=O)=O)C(C=CC=C5)=C5C6=C([NH+]4C)C=CC=C6)C7CCCCC7)C=CC=C2,XPhos Pd G4,0.08260742400000001 milligram,0.09600000000000003 micromole,0.08260742400000003 microliter,C47H64NO3PPdS,0.24,C1COCCO1,DMF,20.52 milligram,232.90127800603818 micromole,21.6 microliter,C4H8O2,582.2531950150952,[K+].[K+].[K+].[O-]P([O-])([O-])=O,K3PO4,0.7641504000000002 milligram,3.6000000000000014 micromole,0.7641504000000005 microliter,K3O4P,9.0,O,water,3.047886095999999 milligram,169.18601698584507 micromole,3.047886095999999 microliter,H2O,422.96504246461257,CN1C=NC2=C1C(=O)N(C(=O)N2C)C,caffeine,0.09321168000000002 milligram,0.4800000000000001 micromole,0.09321168000000003 microliter,C8H10N4O2,1.1999999999999997,C1COCCO1,dioxane,3.3935943787199996 milligram,38.51717679522393 micromole,3.2947518239999996 microliter,C4H8O2,96.2929419880598,Cc1cc(-c2cnc3[nH]ccc3c2C)ccc1C#N,suzuki_product,0.0 milligram,0.0 micromole,0 microliter,C16H13N3,0.0,Cc1ccnc2[nH]ccc12,dehalogenation_byproduct,0.0 milligram,0.0 micromole,0 microliter,C8H8N2,0.0,Cc1ccccc1C#N,deborylation_byproduct,0.0 milligram,0.0 micromole,0 microliter,C8H7N,0.0,Cc1c(Br)cnc2[nH]ccc12.Cc1cc(B(O)O)ccc1C#N>>Cc1cc(-c2cnc3[nH]ccc3c2C)ccc1C#N.Cc1ccccc1C#N.Cc1ccnc2[nH]ccc12,pcr_E22,,,,,,,,,,,,,,,12/18/2023 8:30:02 PM,5,011_rln-nb-2443_018_ct-126_118.raw,1,Rxn_Opt_HSST3_2_98_2min,"E,22",2min_100_1500.EXP,"E,22",pcr_E22,pcr_E22,Eunjae Shim,9.869975906843893
E23,COc1ccc(-c2nnc(Br)o2)cc1,"2-bromo-5-(4-methoxyphenyl)-1,3,4-oxadiazole",0.10202840000000003 milligram,0.40000000000000013 micromole,0.10202840000000006 microliter,C9H7BrN2O2,1.0,Cc1cc(B(O)O)ccc1C#N,417711289,0.07726511999999999 milligram,0.4800000000000001 micromole,0.07726512 microliter,C8H8BNO2,1.1999999999999997,CC(C)C1=CC(C(C)C)=CC(C(C)C)=C1C2=C([P+](C3CCCCC3)([Pd-2]4(OS(C)(=O)=O)C(C=CC=C5)=C5C6=C([NH+]4C)C=CC=C6)C7CCCCC7)C=CC=C2,XPhos Pd G4,0.08260742400000001 milligram,0.09600000000000003 micromole,0.08260742400000003 microliter,C47H64NO3PPdS,0.24,C1COCCO1,DMF,20.52 milligram,232.90127800603818 micromole,21.6 microliter,C4H8O2,582.2531950150952,[K+].[K+].[K+].[O-]P([O-])([O-])=O,K3PO4,0.7641504000000002 milligram,3.6000000000000014 micromole,0.7641504000000005 microliter,K3O4P,9.0,O,water,3.047886095999999 milligram,169.18601698584507 micromole,3.047886095999999 microliter,H2O,422.96504246461257,CN1C=NC2=C1C(=O)N(C(=O)N2C)C,caffeine,0.09321168000000002 milligram,0.4800000000000001 micromole,0.09321168000000003 microliter,C8H10N4O2,1.1999999999999997,C1COCCO1,dioxane,3.3935943787199996 milligram,38.51717679522393 micromole,3.2947518239999996 microliter,C4H8O2,96.2929419880598,COc1ccc(-c2nnc(-c3ccc(C#N)c(C)c3)o2)cc1,suzuki_product,0.0 milligram,0.0 micromole,0 microliter,C17H13N3O2,0.0,COc1ccc(-c2nnco2)cc1,dehalogenation_byproduct,0.0 milligram,0.0 micromole,0 microliter,C9H8N2O2,0.0,Cc1ccccc1C#N,deborylation_byproduct,0.0 milligram,0.0 micromole,0 microliter,C8H7N,0.0,COc1ccc(-c2nnc(Br)o2)cc1.Cc1cc(B(O)O)ccc1C#N>>COc1ccc(-c2nnc(-c3ccc(C#N)c(C)c3)o2)cc1.COc1ccc(-c2nnco2)cc1.Cc1ccccc1C#N,pcr_E23,,,,,,,,,,,,,,,12/18/2023 8:32:33 PM,5,011_rln-nb-2443_018_ct-126_119.raw,1,Rxn_Opt_HSST3_2_98_2min,"E,23",2min_100_1500.EXP,"E,23",pcr_E23,pcr_E23,Eunjae Shim,6.415785512215318
E24,BrC1=CC=CC=C1,phenylbromide,0.06280400000000001 milligram,0.40000000000000013 micromole,0.06280400000000003 microliter,C6H5Br,1.0,Cc1cc(B(O)O)ccc1C#N,417711289,0.07726511999999999 milligram,0.4800000000000001 micromole,0.07726512 microliter,C8H8BNO2,1.1999999999999997,CC(C)C1=CC(C(C)C)=CC(C(C)C)=C1C2=C([P+](C3CCCCC3)([Pd-2]4(OS(C)(=O)=O)C(C=CC=C5)=C5C6=C([NH+]4C)C=CC=C6)C7CCCCC7)C=CC=C2,XPhos Pd G4,0.08260742400000001 milligram,0.09600000000000003 micromole,0.08260742400000003 microliter,C47H64NO3PPdS,0.24,C1COCCO1,DMF,20.52 milligram,232.90127800603818 micromole,21.6 microliter,C4H8O2,582.2531950150952,[K+].[K+].[K+].[O-]P([O-])([O-])=O,K3PO4,0.7641504000000002 milligram,3.6000000000000014 micromole,0.7641504000000005 microliter,K3O4P,9.0,O,water,3.047886095999999 milligram,169.18601698584507 micromole,3.047886095999999 microliter,H2O,422.96504246461257,CN1C=NC2=C1C(=O)N(C(=O)N2C)C,caffeine,0.09321168000000002 milligram,0.4800000000000001 micromole,0.09321168000000003 microliter,C8H10N4O2,1.1999999999999997,C1COCCO1,dioxane,3.3935943787199996 milligram,38.51717679522393 micromole,3.2947518239999996 microliter,C4H8O2,96.2929419880598,Cc1cc(-c2ccccc2)ccc1C#N,suzuki_product,0.0 milligram,0.0 micromole,0 microliter,C14H11N,0.0,c1ccccc1,dehalogenation_byproduct,0.0 milligram,0.0 micromole,0 microliter,C6H6,0.0,Cc1ccccc1C#N,deborylation_byproduct,0.0 milligram,0.0 micromole,0 microliter,C8H7N,0.0,BrC1=CC=CC=C1.Cc1cc(B(O)O)ccc1C#N>>Cc1cc(-c2ccccc2)ccc1C#N.Cc1ccccc1C#N.c1ccccc1,pcr_E24,,,,,,,,,,,,,,,12/18/2023 8:35:02 PM,5,011_rln-nb-2443_018_ct-126_120.raw,1,Rxn_Opt_HSST3_2_98_2min,"E,24",2min_100_1500.EXP,"E,24",pcr_E24,pcr_E24,Eunjae Shim,0.0
F1,CC1=C(C(=NN1C(C)C)N)Br,4-BROMO-1-ISOPROPYL-5-METHYL-1H-PYRAZOL-3-AMINE,0.08723920000000002 milligram,0.40000000000000013 micromole,0.08723920000000003 microliter,C7H12BrN3,1.0,O=C(NC1CC1)c1ccc(B(O)O)cc1,417384234,0.09841056000000002 milligram,0.4800000000000001 micromole,0.09841056000000005 microliter,C10H12BNO3,1.1999999999999997,CC(C)C1=CC(C(C)C)=CC(C(C)C)=C1C2=C([P+](C3CCCCC3)([Pd-2]4(OS(C)(=O)=O)C(C=CC=C5)=C5C6=C([NH+]4C)C=CC=C6)C7CCCCC7)C=CC=C2,XPhos Pd G4,0.08260742400000001 milligram,0.09600000000000003 micromole,0.08260742400000003 microliter,C47H64NO3PPdS,0.24,C1COCCO1,DMF,20.52 milligram,232.90127800603818 micromole,21.6 microliter,C4H8O2,582.2531950150952,[K+].[K+].[K+].[O-]P([O-])([O-])=O,K3PO4,0.7641504000000002 milligram,3.6000000000000014 micromole,0.7641504000000005 microliter,K3O4P,9.0,O,water,3.047886095999999 milligram,169.18601698584507 micromole,3.047886095999999 microliter,H2O,422.96504246461257,CN1C=NC2=C1C(=O)N(C(=O)N2C)C,caffeine,0.09321168000000002 milligram,0.4800000000000001 micromole,0.09321168000000003 microliter,C8H10N4O2,1.1999999999999997,C1COCCO1,dioxane,3.3935943787199996 milligram,38.51717679522393 micromole,3.2947518239999996 microliter,C4H8O2,96.2929419880598,Cc1c(-c2ccc(C(=O)NC3CC3)cc2)c(N)nn1C(C)C,suzuki_product,0.0 milligram,0.0 micromole,0 microliter,C17H22N4O,0.0,Cc1cc(N)nn1C(C)C,dehalogenation_byproduct,0.0 milligram,0.0 micromole,0 microliter,C7H13N3,0.0,O=C(NC1CC1)c1ccccc1,deborylation_byproduct,0.0 milligram,0.0 micromole,0 microliter,C10H11NO,0.0,CC1=C(C(=NN1C(C)C)N)Br.O=C(NC1CC1)c1ccc(B(O)O)cc1>>Cc1c(-c2ccc(C(=O)NC3CC3)cc2)c(N)nn1C(C)C.Cc1cc(N)nn1C(C)C.O=C(NC1CC1)c1ccccc1,pcr_F1,,,,,,,,,,,,,,,12/18/2023 8:37:32 PM,5,011_rln-nb-2443_018_ct-126_121.raw,1,Rxn_Opt_HSST3_2_98_2min,"F,1",2min_100_1500.EXP,"F,1",pcr_F1,pcr_F1,Eunjae Shim,8.98506830266882
F2,C1CON=C1C2=CC=C(C=C2)Br,"3-(4-bromophenyl)-4,5-dihydro-1,2-oxazole",0.09042920000000002 milligram,0.40000000000000013 micromole,0.09042920000000003 microliter,C9H8BrNO,1.0,O=C(NC1CC1)c1ccc(B(O)O)cc1,417384234,0.09841056000000002 milligram,0.4800000000000001 micromole,0.09841056000000005 microliter,C10H12BNO3,1.1999999999999997,CC(C)C1=CC(C(C)C)=CC(C(C)C)=C1C2=C([P+](C3CCCCC3)([Pd-2]4(OS(C)(=O)=O)C(C=CC=C5)=C5C6=C([NH+]4C)C=CC=C6)C7CCCCC7)C=CC=C2,XPhos Pd G4,0.08260742400000001 milligram,0.09600000000000003 micromole,0.08260742400000003 microliter,C47H64NO3PPdS,0.24,C1COCCO1,DMF,20.52 milligram,232.90127800603818 micromole,21.6 microliter,C4H8O2,582.2531950150952,[K+].[K+].[K+].[O-]P([O-])([O-])=O,K3PO4,0.7641504000000002 milligram,3.6000000000000014 micromole,0.7641504000000005 microliter,K3O4P,9.0,O,water,3.047886095999999 milligram,169.18601698584507 micromole,3.047886095999999 microliter,H2O,422.96504246461257,CN1C=NC2=C1C(=O)N(C(=O)N2C)C,caffeine,0.09321168000000002 milligram,0.4800000000000001 micromole,0.09321168000000003 microliter,C8H10N4O2,1.1999999999999997,C1COCCO1,dioxane,3.3935943787199996 milligram,38.51717679522393 micromole,3.2947518239999996 microliter,C4H8O2,96.2929419880598,O=C(NC1CC1)c1ccc(-c2ccc(C3=NOCC3)cc2)cc1,suzuki_product,0.0 milligram,0.0 micromole,0 microliter,C19H18N2O2,0.0,c1ccc(C2=NOCC2)cc1,dehalogenation_byproduct,0.0 milligram,0.0 micromole,0 microliter,C9H9NO,0.0,O=C(NC1CC1)c1ccccc1,deborylation_byproduct,0.0 milligram,0.0 micromole,0 microliter,C10H11NO,0.0,C1CON=C1C2=CC=C(C=C2)Br.O=C(NC1CC1)c1ccc(B(O)O)cc1>>O=C(NC1CC1)c1ccc(-c2ccc(C3=NOCC3)cc2)cc1.O=C(NC1CC1)c1ccccc1.c1ccc(C2=NOCC2)cc1,pcr_F2,,,,,,,,,,,,,,,12/18/2023 8:40:02 PM,5,011_rln-nb-2443_018_ct-126_122.raw,1,Rxn_Opt_HSST3_2_98_2min,"F,2",2min_100_1500.EXP,"F,2",pcr_F2,pcr_F2,Eunjae Shim,36.48560886549797
F3,C1=NC(=C(NC1=O)Cl)Br,5-bromo-6-chloropyrazin-2-ol,0.08377200000000001 milligram,0.40000000000000013 micromole,0.08377200000000003 microliter,C4H2BrClN2O,1.0,O=C(NC1CC1)c1ccc(B(O)O)cc1,417384234,0.09841056000000002 milligram,0.4800000000000001 micromole,0.09841056000000005 microliter,C10H12BNO3,1.1999999999999997,CC(C)C1=CC(C(C)C)=CC(C(C)C)=C1C2=C([P+](C3CCCCC3)([Pd-2]4(OS(C)(=O)=O)C(C=CC=C5)=C5C6=C([NH+]4C)C=CC=C6)C7CCCCC7)C=CC=C2,XPhos Pd G4,0.08260742400000001 milligram,0.09600000000000003 micromole,0.08260742400000003 microliter,C47H64NO3PPdS,0.24,C1COCCO1,DMF,20.52 milligram,232.90127800603818 micromole,21.6 microliter,C4H8O2,582.2531950150952,[K+].[K+].[K+].[O-]P([O-])([O-])=O,K3PO4,0.7641504000000002 milligram,3.6000000000000014 micromole,0.7641504000000005 microliter,K3O4P,9.0,O,water,3.047886095999999 milligram,169.18601698584507 micromole,3.047886095999999 microliter,H2O,422.96504246461257,CN1C=NC2=C1C(=O)N(C(=O)N2C)C,caffeine,0.09321168000000002 milligram,0.4800000000000001 micromole,0.09321168000000003 microliter,C8H10N4O2,1.1999999999999997,C1COCCO1,dioxane,3.3935943787199996 milligram,38.51717679522393 micromole,3.2947518239999996 microliter,C4H8O2,96.2929419880598,O=C(NC1CC1)c1ccc(-c2[nH]c(=O)cnc2Br)cc1,suzuki_product,0.0 milligram,0.0 micromole,0 microliter,C14H12BrN3O2,0.0,O=c1cncc(Cl)[nH]1,dehalogenation_byproduct,0.0 milligram,0.0 micromole,0 microliter,C4H3ClN2O,0.0,O=c1cnc(Br)c[nH]1,dehalogenation_byproduct,0.0 milligram,0.0 micromole,0 microliter,C4H3BrN2O,0.0,C1=NC(=C(NC1=O)Cl)Br.O=C(NC1CC1)c1ccc(B(O)O)cc1>>O=C(NC1CC1)c1ccc(-c2[nH]c(=O)cnc2Br)cc1.O=C(NC1CC1)c1ccc(-c2ncc(=O)[nH]c2Cl)cc1.O=C(NC1CC1)c1ccccc1.O=c1cnc(Br)c[nH]1.O=c1cncc(Cl)[nH]1,pcr_F3,O=C(NC1CC1)c1ccc(-c2ncc(=O)[nH]c2Cl)cc1,suzuki_product,0.0 milligram,0.0 micromole,0 microliter,C14H12ClN3O2,0.0,O=C(NC1CC1)c1ccccc1,deborylation_byproduct,0.0 milligram,0.0 micromole,0 microliter,C10H11NO,0.0,12/18/2023 8:42:31 PM,5,011_rln-nb-2443_018_ct-126_123.raw,1,Rxn_Opt_HSST3_2_98_2min,"F,3",2min_100_1500.EXP,"F,3",pcr_F3,pcr_F3,Eunjae Shim,0.0
F4,Cc1c(Br)cnc2[nH]ccc12,"5-bromo-4-methyl-1H-pyrrolo[2,3-b]pyridine",0.08442480000000005 milligram,0.40000000000000013 micromole,0.08442480000000006 microliter,C8H7BrN2,1.0,O=C(NC1CC1)c1ccc(B(O)O)cc1,417384234,0.09841056000000002 milligram,0.4800000000000001 micromole,0.09841056000000005 microliter,C10H12BNO3,1.1999999999999997,CC(C)C1=CC(C(C)C)=CC(C(C)C)=C1C2=C([P+](C3CCCCC3)([Pd-2]4(OS(C)(=O)=O)C(C=CC=C5)=C5C6=C([NH+]4C)C=CC=C6)C7CCCCC7)C=CC=C2,XPhos Pd G4,0.08260742400000001 milligram,0.09600000000000003 micromole,0.08260742400000003 microliter,C47H64NO3PPdS,0.24,C1COCCO1,DMF,20.52 milligram,232.90127800603818 micromole,21.6 microliter,C4H8O2,582.2531950150952,[K+].[K+].[K+].[O-]P([O-])([O-])=O,K3PO4,0.7641504000000002 milligram,3.6000000000000014 micromole,0.7641504000000005 microliter,K3O4P,9.0,O,water,3.047886095999999 milligram,169.18601698584507 micromole,3.047886095999999 microliter,H2O,422.96504246461257,CN1C=NC2=C1C(=O)N(C(=O)N2C)C,caffeine,0.09321168000000002 milligram,0.4800000000000001 micromole,0.09321168000000003 microliter,C8H10N4O2,1.1999999999999997,C1COCCO1,dioxane,3.3935943787199996 milligram,38.51717679522393 micromole,3.2947518239999996 microliter,C4H8O2,96.2929419880598,Cc1c(-c2ccc(C(=O)NC3CC3)cc2)cnc2[nH]ccc12,suzuki_product,0.0 milligram,0.0 micromole,0 microliter,C18H17N3O,0.0,Cc1ccnc2[nH]ccc12,dehalogenation_byproduct,0.0 milligram,0.0 micromole,0 microliter,C8H8N2,0.0,O=C(NC1CC1)c1ccccc1,deborylation_byproduct,0.0 milligram,0.0 micromole,0 microliter,C10H11NO,0.0,Cc1c(Br)cnc2[nH]ccc12.O=C(NC1CC1)c1ccc(B(O)O)cc1>>Cc1c(-c2ccc(C(=O)NC3CC3)cc2)cnc2[nH]ccc12.Cc1ccnc2[nH]ccc12.O=C(NC1CC1)c1ccccc1,pcr_F4,,,,,,,,,,,,,,,12/18/2023 8:45:00 PM,5,011_rln-nb-2443_018_ct-126_124.raw,1,Rxn_Opt_HSST3_2_98_2min,"F,4",2min_100_1500.EXP,"F,4",pcr_F4,pcr_F4,Eunjae Shim,7.032284799324093
F5,COc1ccc(-c2nnc(Br)o2)cc1,"2-bromo-5-(4-methoxyphenyl)-1,3,4-oxadiazole",0.10202840000000003 milligram,0.40000000000000013 micromole,0.10202840000000006 microliter,C9H7BrN2O2,1.0,O=C(NC1CC1)c1ccc(B(O)O)cc1,417384234,0.09841056000000002 milligram,0.4800000000000001 micromole,0.09841056000000005 microliter,C10H12BNO3,1.1999999999999997,CC(C)C1=CC(C(C)C)=CC(C(C)C)=C1C2=C([P+](C3CCCCC3)([Pd-2]4(OS(C)(=O)=O)C(C=CC=C5)=C5C6=C([NH+]4C)C=CC=C6)C7CCCCC7)C=CC=C2,XPhos Pd G4,0.08260742400000001 milligram,0.09600000000000003 micromole,0.08260742400000003 microliter,C47H64NO3PPdS,0.24,C1COCCO1,DMF,20.52 milligram,232.90127800603818 micromole,21.6 microliter,C4H8O2,582.2531950150952,[K+].[K+].[K+].[O-]P([O-])([O-])=O,K3PO4,0.7641504000000002 milligram,3.6000000000000014 micromole,0.7641504000000005 microliter,K3O4P,9.0,O,water,3.047886095999999 milligram,169.18601698584507 micromole,3.047886095999999 microliter,H2O,422.96504246461257,CN1C=NC2=C1C(=O)N(C(=O)N2C)C,caffeine,0.09321168000000002 milligram,0.4800000000000001 micromole,0.09321168000000003 microliter,C8H10N4O2,1.1999999999999997,C1COCCO1,dioxane,3.3935943787199996 milligram,38.51717679522393 micromole,3.2947518239999996 microliter,C4H8O2,96.2929419880598,COc1ccc(-c2nnc(-c3ccc(C(=O)NC4CC4)cc3)o2)cc1,suzuki_product,0.0 milligram,0.0 micromole,0 microliter,C19H17N3O3,0.0,COc1ccc(-c2nnco2)cc1,dehalogenation_byproduct,0.0 milligram,0.0 micromole,0 microliter,C9H8N2O2,0.0,O=C(NC1CC1)c1ccccc1,deborylation_byproduct,0.0 milligram,0.0 micromole,0 microliter,C10H11NO,0.0,COc1ccc(-c2nnc(Br)o2)cc1.O=C(NC1CC1)c1ccc(B(O)O)cc1>>COc1ccc(-c2nnc(-c3ccc(C(=O)NC4CC4)cc3)o2)cc1.COc1ccc(-c2nnco2)cc1.O=C(NC1CC1)c1ccccc1,pcr_F5,,,,,,,,,,,,,,,12/18/2023 8:47:29 PM,5,011_rln-nb-2443_018_ct-126_125.raw,1,Rxn_Opt_HSST3_2_98_2min,"F,5",2min_100_1500.EXP,"F,5",pcr_F5,pcr_F5,Eunjae Shim,7.677056886448241
F6,BrC1=CC=CC=C1,phenylbromide,0.06280400000000001 milligram,0.40000000000000013 micromole,0.06280400000000003 microliter,C6H5Br,1.0,O=C(NC1CC1)c1ccc(B(O)O)cc1,417384234,0.09841056000000002 milligram,0.4800000000000001 micromole,0.09841056000000005 microliter,C10H12BNO3,1.1999999999999997,CC(C)C1=CC(C(C)C)=CC(C(C)C)=C1C2=C([P+](C3CCCCC3)([Pd-2]4(OS(C)(=O)=O)C(C=CC=C5)=C5C6=C([NH+]4C)C=CC=C6)C7CCCCC7)C=CC=C2,XPhos Pd G4,0.08260742400000001 milligram,0.09600000000000003 micromole,0.08260742400000003 microliter,C47H64NO3PPdS,0.24,C1COCCO1,DMF,20.52 milligram,232.90127800603818 micromole,21.6 microliter,C4H8O2,582.2531950150952,[K+].[K+].[K+].[O-]P([O-])([O-])=O,K3PO4,0.7641504000000002 milligram,3.6000000000000014 micromole,0.7641504000000005 microliter,K3O4P,9.0,O,water,3.047886095999999 milligram,169.18601698584507 micromole,3.047886095999999 microliter,H2O,422.96504246461257,CN1C=NC2=C1C(=O)N(C(=O)N2C)C,caffeine,0.09321168000000002 milligram,0.4800000000000001 micromole,0.09321168000000003 microliter,C8H10N4O2,1.1999999999999997,C1COCCO1,dioxane,3.3935943787199996 milligram,38.51717679522393 micromole,3.2947518239999996 microliter,C4H8O2,96.2929419880598,O=C(NC1CC1)c1ccc(-c2ccccc2)cc1,suzuki_product,0.0 milligram,0.0 micromole,0 microliter,C16H15NO,0.0,c1ccccc1,dehalogenation_byproduct,0.0 milligram,0.0 micromole,0 microliter,C6H6,0.0,O=C(NC1CC1)c1ccccc1,deborylation_byproduct,0.0 milligram,0.0 micromole,0 microliter,C10H11NO,0.0,BrC1=CC=CC=C1.O=C(NC1CC1)c1ccc(B(O)O)cc1>>O=C(NC1CC1)c1ccc(-c2ccccc2)cc1.O=C(NC1CC1)c1ccccc1.c1ccccc1,pcr_F6,,,,,,,,,,,,,,,12/18/2023 8:49:58 PM,5,011_rln-nb-2443_018_ct-126_126.raw,1,Rxn_Opt_HSST3_2_98_2min,"F,6",2min_100_1500.EXP,"F,6",pcr_F6,pcr_F6,Eunjae Shim,0.0
F7,CC1=C(C(=NN1C(C)C)N)Br,4-BROMO-1-ISOPROPYL-5-METHYL-1H-PYRAZOL-3-AMINE,0.08723920000000002 milligram,0.40000000000000013 micromole,0.08723920000000003 microliter,C7H12BrN3,1.0,COc1c(F)ccc(B(O)O)c1F,417706886,0.09021024000000001 milligram,0.4800000000000001 micromole,0.09021024000000002 microliter,C7H7BF2O3,1.1999999999999997,CC(C)C1=CC(C(C)C)=CC(C(C)C)=C1C2=C([P+](C3CCCCC3)([Pd-2]4(OS(C)(=O)=O)C(C=CC=C5)=C5C6=C([NH+]4C)C=CC=C6)C7CCCCC7)C=CC=C2,XPhos Pd G4,0.08260742400000001 milligram,0.09600000000000003 micromole,0.08260742400000003 microliter,C47H64NO3PPdS,0.24,C1COCCO1,DMF,20.52 milligram,232.90127800603818 micromole,21.6 microliter,C4H8O2,582.2531950150952,[K+].[K+].[K+].[O-]P([O-])([O-])=O,K3PO4,0.7641504000000002 milligram,3.6000000000000014 micromole,0.7641504000000005 microliter,K3O4P,9.0,O,water,3.047886095999999 milligram,169.18601698584507 micromole,3.047886095999999 microliter,H2O,422.96504246461257,CN1C=NC2=C1C(=O)N(C(=O)N2C)C,caffeine,0.09321168000000002 milligram,0.4800000000000001 micromole,0.09321168000000003 microliter,C8H10N4O2,1.1999999999999997,C1COCCO1,dioxane,3.3935943787199996 milligram,38.51717679522393 micromole,3.2947518239999996 microliter,C4H8O2,96.2929419880598,COc1c(F)ccc(-c2c(N)nn(C(C)C)c2C)c1F,suzuki_product,0.0 milligram,0.0 micromole,0 microliter,C14H17F2N3O,0.0,Cc1cc(N)nn1C(C)C,dehalogenation_byproduct,0.0 milligram,0.0 micromole,0 microliter,C7H13N3,0.0,COc1c(F)cccc1F,deborylation_byproduct,0.0 milligram,0.0 micromole,0 microliter,C7H6F2O,0.0,CC1=C(C(=NN1C(C)C)N)Br.COc1c(F)ccc(B(O)O)c1F>>COc1c(F)ccc(-c2c(N)nn(C(C)C)c2C)c1F.COc1c(F)cccc1F.Cc1cc(N)nn1C(C)C,pcr_F7,,,,,,,,,,,,,,,12/18/2023 8:52:28 PM,5,011_rln-nb-2443_018_ct-126_127.raw,1,Rxn_Opt_HSST3_2_98_2min,"F,7",2min_100_1500.EXP,"F,7",pcr_F7,pcr_F7,Eunjae Shim,2.4294143070798984
F8,C1CON=C1C2=CC=C(C=C2)Br,"3-(4-bromophenyl)-4,5-dihydro-1,2-oxazole",0.09042920000000002 milligram,0.40000000000000013 micromole,0.09042920000000003 microliter,C9H8BrNO,1.0,COc1c(F)ccc(B(O)O)c1F,417706886,0.09021024000000001 milligram,0.4800000000000001 micromole,0.09021024000000002 microliter,C7H7BF2O3,1.1999999999999997,CC(C)C1=CC(C(C)C)=CC(C(C)C)=C1C2=C([P+](C3CCCCC3)([Pd-2]4(OS(C)(=O)=O)C(C=CC=C5)=C5C6=C([NH+]4C)C=CC=C6)C7CCCCC7)C=CC=C2,XPhos Pd G4,0.08260742400000001 milligram,0.09600000000000003 micromole,0.08260742400000003 microliter,C47H64NO3PPdS,0.24,C1COCCO1,DMF,20.52 milligram,232.90127800603818 micromole,21.6 microliter,C4H8O2,582.2531950150952,[K+].[K+].[K+].[O-]P([O-])([O-])=O,K3PO4,0.7641504000000002 milligram,3.6000000000000014 micromole,0.7641504000000005 microliter,K3O4P,9.0,O,water,3.047886095999999 milligram,169.18601698584507 micromole,3.047886095999999 microliter,H2O,422.96504246461257,CN1C=NC2=C1C(=O)N(C(=O)N2C)C,caffeine,0.09321168000000002 milligram,0.4800000000000001 micromole,0.09321168000000003 microliter,C8H10N4O2,1.1999999999999997,C1COCCO1,dioxane,3.3935943787199996 milligram,38.51717679522393 micromole,3.2947518239999996 microliter,C4H8O2,96.2929419880598,COc1c(F)ccc(-c2ccc(C3=NOCC3)cc2)c1F,suzuki_product,0.0 milligram,0.0 micromole,0 microliter,C16H13F2NO2,0.0,c1ccc(C2=NOCC2)cc1,dehalogenation_byproduct,0.0 milligram,0.0 micromole,0 microliter,C9H9NO,0.0,COc1c(F)cccc1F,deborylation_byproduct,0.0 milligram,0.0 micromole,0 microliter,C7H6F2O,0.0,C1CON=C1C2=CC=C(C=C2)Br.COc1c(F)ccc(B(O)O)c1F>>COc1c(F)ccc(-c2ccc(C3=NOCC3)cc2)c1F.COc1c(F)cccc1F.c1ccc(C2=NOCC2)cc1,pcr_F8,,,,,,,,,,,,,,,12/18/2023 8:54:57 PM,5,011_rln-nb-2443_018_ct-126_128.raw,1,Rxn_Opt_HSST3_2_98_2min,"F,8",2min_100_1500.EXP,"F,8",pcr_F8,pcr_F8,Eunjae Shim,40.38117399890813
F9,C1=NC(=C(NC1=O)Cl)Br,5-bromo-6-chloropyrazin-2-ol,0.08377200000000001 milligram,0.40000000000000013 micromole,0.08377200000000003 microliter,C4H2BrClN2O,1.0,COc1c(F)ccc(B(O)O)c1F,417706886,0.09021024000000001 milligram,0.4800000000000001 micromole,0.09021024000000002 microliter,C7H7BF2O3,1.1999999999999997,CC(C)C1=CC(C(C)C)=CC(C(C)C)=C1C2=C([P+](C3CCCCC3)([Pd-2]4(OS(C)(=O)=O)C(C=CC=C5)=C5C6=C([NH+]4C)C=CC=C6)C7CCCCC7)C=CC=C2,XPhos Pd G4,0.08260742400000001 milligram,0.09600000000000003 micromole,0.08260742400000003 microliter,C47H64NO3PPdS,0.24,C1COCCO1,DMF,20.52 milligram,232.90127800603818 micromole,21.6 microliter,C4H8O2,582.2531950150952,[K+].[K+].[K+].[O-]P([O-])([O-])=O,K3PO4,0.7641504000000002 milligram,3.6000000000000014 micromole,0.7641504000000005 microliter,K3O4P,9.0,O,water,3.047886095999999 milligram,169.18601698584507 micromole,3.047886095999999 microliter,H2O,422.96504246461257,CN1C=NC2=C1C(=O)N(C(=O)N2C)C,caffeine,0.09321168000000002 milligram,0.4800000000000001 micromole,0.09321168000000003 microliter,C8H10N4O2,1.1999999999999997,C1COCCO1,dioxane,3.3935943787199996 milligram,38.51717679522393 micromole,3.2947518239999996 microliter,C4H8O2,96.2929419880598,COc1c(F)ccc(-c2[nH]c(=O)cnc2Br)c1F,suzuki_product,0.0 milligram,0.0 micromole,0 microliter,C11H7BrF2N2O2,0.0,O=c1cncc(Cl)[nH]1,dehalogenation_byproduct,0.0 milligram,0.0 micromole,0 microliter,C4H3ClN2O,0.0,O=c1cnc(Br)c[nH]1,dehalogenation_byproduct,0.0 milligram,0.0 micromole,0 microliter,C4H3BrN2O,0.0,C1=NC(=C(NC1=O)Cl)Br.COc1c(F)ccc(B(O)O)c1F>>COc1c(F)ccc(-c2[nH]c(=O)cnc2Br)c1F.COc1c(F)ccc(-c2ncc(=O)[nH]c2Cl)c1F.COc1c(F)cccc1F.O=c1cnc(Br)c[nH]1.O=c1cncc(Cl)[nH]1,pcr_F9,COc1c(F)ccc(-c2ncc(=O)[nH]c2Cl)c1F,suzuki_product,0.0 milligram,0.0 micromole,0 microliter,C11H7ClF2N2O2,0.0,COc1c(F)cccc1F,deborylation_byproduct,0.0 milligram,0.0 micromole,0 microliter,C7H6F2O,0.0,12/18/2023 8:57:28 PM,5,011_rln-nb-2443_018_ct-126_129.raw,1,Rxn_Opt_HSST3_2_98_2min,"F,9",2min_100_1500.EXP,"F,9",pcr_F9,pcr_F9,Eunjae Shim,3.4651869617939544
F10,Cc1c(Br)cnc2[nH]ccc12,"5-bromo-4-methyl-1H-pyrrolo[2,3-b]pyridine",0.08442480000000005 milligram,0.40000000000000013 micromole,0.08442480000000006 microliter,C8H7BrN2,1.0,COc1c(F)ccc(B(O)O)c1F,417706886,0.09021024000000001 milligram,0.4800000000000001 micromole,0.09021024000000002 microliter,C7H7BF2O3,1.1999999999999997,CC(C)C1=CC(C(C)C)=CC(C(C)C)=C1C2=C([P+](C3CCCCC3)([Pd-2]4(OS(C)(=O)=O)C(C=CC=C5)=C5C6=C([NH+]4C)C=CC=C6)C7CCCCC7)C=CC=C2,XPhos Pd G4,0.08260742400000001 milligram,0.09600000000000003 micromole,0.08260742400000003 microliter,C47H64NO3PPdS,0.24,C1COCCO1,DMF,20.52 milligram,232.90127800603818 micromole,21.6 microliter,C4H8O2,582.2531950150952,[K+].[K+].[K+].[O-]P([O-])([O-])=O,K3PO4,0.7641504000000002 milligram,3.6000000000000014 micromole,0.7641504000000005 microliter,K3O4P,9.0,O,water,3.047886095999999 milligram,169.18601698584507 micromole,3.047886095999999 microliter,H2O,422.96504246461257,CN1C=NC2=C1C(=O)N(C(=O)N2C)C,caffeine,0.09321168000000002 milligram,0.4800000000000001 micromole,0.09321168000000003 microliter,C8H10N4O2,1.1999999999999997,C1COCCO1,dioxane,3.3935943787199996 milligram,38.51717679522393 micromole,3.2947518239999996 microliter,C4H8O2,96.2929419880598,COc1c(F)ccc(-c2cnc3[nH]ccc3c2C)c1F,suzuki_product,0.0 milligram,0.0 micromole,0 microliter,C15H12F2N2O,0.0,Cc1ccnc2[nH]ccc12,dehalogenation_byproduct,0.0 milligram,0.0 micromole,0 microliter,C8H8N2,0.0,COc1c(F)cccc1F,deborylation_byproduct,0.0 milligram,0.0 micromole,0 microliter,C7H6F2O,0.0,COc1c(F)ccc(B(O)O)c1F.Cc1c(Br)cnc2[nH]ccc12>>COc1c(F)ccc(-c2cnc3[nH]ccc3c2C)c1F.COc1c(F)cccc1F.Cc1ccnc2[nH]ccc12,pcr_F10,,,,,,,,,,,,,,,12/18/2023 8:59:57 PM,5,011_rln-nb-2443_018_ct-126_130.raw,1,Rxn_Opt_HSST3_2_98_2min,"F,10",2min_100_1500.EXP,"F,10",pcr_F10,pcr_F10,Eunjae Shim,2.6164620112387045
F11,COc1ccc(-c2nnc(Br)o2)cc1,"2-bromo-5-(4-methoxyphenyl)-1,3,4-oxadiazole",0.10202840000000003 milligram,0.40000000000000013 micromole,0.10202840000000006 microliter,C9H7BrN2O2,1.0,COc1c(F)ccc(B(O)O)c1F,417706886,0.09021024000000001 milligram,0.4800000000000001 micromole,0.09021024000000002 microliter,C7H7BF2O3,1.1999999999999997,CC(C)C1=CC(C(C)C)=CC(C(C)C)=C1C2=C([P+](C3CCCCC3)([Pd-2]4(OS(C)(=O)=O)C(C=CC=C5)=C5C6=C([NH+]4C)C=CC=C6)C7CCCCC7)C=CC=C2,XPhos Pd G4,0.08260742400000001 milligram,0.09600000000000003 micromole,0.08260742400000003 microliter,C47H64NO3PPdS,0.24,C1COCCO1,DMF,20.52 milligram,232.90127800603818 micromole,21.6 microliter,C4H8O2,582.2531950150952,[K+].[K+].[K+].[O-]P([O-])([O-])=O,K3PO4,0.7641504000000002 milligram,3.6000000000000014 micromole,0.7641504000000005 microliter,K3O4P,9.0,O,water,3.047886095999999 milligram,169.18601698584507 micromole,3.047886095999999 microliter,H2O,422.96504246461257,CN1C=NC2=C1C(=O)N(C(=O)N2C)C,caffeine,0.09321168000000002 milligram,0.4800000000000001 micromole,0.09321168000000003 microliter,C8H10N4O2,1.1999999999999997,C1COCCO1,dioxane,3.3935943787199996 milligram,38.51717679522393 micromole,3.2947518239999996 microliter,C4H8O2,96.2929419880598,COc1ccc(-c2nnc(-c3ccc(F)c(OC)c3F)o2)cc1,suzuki_product,0.0 milligram,0.0 micromole,0 microliter,C16H12F2N2O3,0.0,COc1ccc(-c2nnco2)cc1,dehalogenation_byproduct,0.0 milligram,0.0 micromole,0 microliter,C9H8N2O2,0.0,COc1c(F)cccc1F,deborylation_byproduct,0.0 milligram,0.0 micromole,0 microliter,C7H6F2O,0.0,COc1c(F)ccc(B(O)O)c1F.COc1ccc(-c2nnc(Br)o2)cc1>>COc1c(F)cccc1F.COc1ccc(-c2nnc(-c3ccc(F)c(OC)c3F)o2)cc1.COc1ccc(-c2nnco2)cc1,pcr_F11,,,,,,,,,,,,,,,12/18/2023 9:02:27 PM,5,011_rln-nb-2443_018_ct-126_131.raw,1,Rxn_Opt_HSST3_2_98_2min,"F,11",2min_100_1500.EXP,"F,11",pcr_F11,pcr_F11,Eunjae Shim,3.21381349788242
F12,BrC1=CC=CC=C1,phenylbromide,0.06280400000000001 milligram,0.40000000000000013 micromole,0.06280400000000003 microliter,C6H5Br,1.0,COc1c(F)ccc(B(O)O)c1F,417706886,0.09021024000000001 milligram,0.4800000000000001 micromole,0.09021024000000002 microliter,C7H7BF2O3,1.1999999999999997,CC(C)C1=CC(C(C)C)=CC(C(C)C)=C1C2=C([P+](C3CCCCC3)([Pd-2]4(OS(C)(=O)=O)C(C=CC=C5)=C5C6=C([NH+]4C)C=CC=C6)C7CCCCC7)C=CC=C2,XPhos Pd G4,0.08260742400000001 milligram,0.09600000000000003 micromole,0.08260742400000003 microliter,C47H64NO3PPdS,0.24,C1COCCO1,DMF,20.52 milligram,232.90127800603818 micromole,21.6 microliter,C4H8O2,582.2531950150952,[K+].[K+].[K+].[O-]P([O-])([O-])=O,K3PO4,0.7641504000000002 milligram,3.6000000000000014 micromole,0.7641504000000005 microliter,K3O4P,9.0,O,water,3.047886095999999 milligram,169.18601698584507 micromole,3.047886095999999 microliter,H2O,422.96504246461257,CN1C=NC2=C1C(=O)N(C(=O)N2C)C,caffeine,0.09321168000000002 milligram,0.4800000000000001 micromole,0.09321168000000003 microliter,C8H10N4O2,1.1999999999999997,C1COCCO1,dioxane,3.3935943787199996 milligram,38.51717679522393 micromole,3.2947518239999996 microliter,C4H8O2,96.2929419880598,COc1c(F)ccc(-c2ccccc2)c1F,suzuki_product,0.0 milligram,0.0 micromole,0 microliter,C13H10F2O,0.0,c1ccccc1,dehalogenation_byproduct,0.0 milligram,0.0 micromole,0 microliter,C6H6,0.0,COc1c(F)cccc1F,deborylation_byproduct,0.0 milligram,0.0 micromole,0 microliter,C7H6F2O,0.0,BrC1=CC=CC=C1.COc1c(F)ccc(B(O)O)c1F>>COc1c(F)ccc(-c2ccccc2)c1F.COc1c(F)cccc1F.c1ccccc1,pcr_F12,,,,,,,,,,,,,,,12/18/2023 9:04:56 PM,5,011_rln-nb-2443_018_ct-126_132.raw,1,Rxn_Opt_HSST3_2_98_2min,"F,12",2min_100_1500.EXP,"F,12",pcr_F12,pcr_F12,Eunjae Shim,0.0
F13,CC1=C(C(=NN1C(C)C)N)Br,4-BROMO-1-ISOPROPYL-5-METHYL-1H-PYRAZOL-3-AMINE,0.08723920000000002 milligram,0.40000000000000013 micromole,0.08723920000000003 microliter,C7H12BrN3,1.0,O=C(NC1CC1)c1ccc(B(O)O)cc1,417384234,0.09841056000000002 milligram,0.4800000000000001 micromole,0.09841056000000005 microliter,C10H12BNO3,1.1999999999999997,CC(C)C1=CC(C(C)C)=CC(C(C)C)=C1C2=C([P+](C3CCCCC3)([Pd-2]4(OS(C)(=O)=O)C(C=CC=C5)=C5C6=C([NH+]4C)C=CC=C6)C7CCCCC7)C=CC=C2,XPhos Pd G4,0.08260742400000001 milligram,0.09600000000000003 micromole,0.08260742400000003 microliter,C47H64NO3PPdS,0.24,C1COCCO1,DMF,20.52 milligram,232.90127800603818 micromole,21.6 microliter,C4H8O2,582.2531950150952,[K+].[K+].[K+].[O-]P([O-])([O-])=O,K3PO4,0.7641504000000002 milligram,3.6000000000000014 micromole,0.7641504000000005 microliter,K3O4P,9.0,O,water,3.047886095999999 milligram,169.18601698584507 micromole,3.047886095999999 microliter,H2O,422.96504246461257,CN1C=NC2=C1C(=O)N(C(=O)N2C)C,caffeine,0.09321168000000002 milligram,0.4800000000000001 micromole,0.09321168000000003 microliter,C8H10N4O2,1.1999999999999997,C1COCCO1,dioxane,3.3935943787199996 milligram,38.51717679522393 micromole,3.2947518239999996 microliter,C4H8O2,96.2929419880598,Cc1c(-c2ccc(C(=O)NC3CC3)cc2)c(N)nn1C(C)C,suzuki_product,0.0 milligram,0.0 micromole,0 microliter,C17H22N4O,0.0,Cc1cc(N)nn1C(C)C,dehalogenation_byproduct,0.0 milligram,0.0 micromole,0 microliter,C7H13N3,0.0,O=C(NC1CC1)c1ccccc1,deborylation_byproduct,0.0 milligram,0.0 micromole,0 microliter,C10H11NO,0.0,CC1=C(C(=NN1C(C)C)N)Br.O=C(NC1CC1)c1ccc(B(O)O)cc1>>Cc1c(-c2ccc(C(=O)NC3CC3)cc2)c(N)nn1C(C)C.Cc1cc(N)nn1C(C)C.O=C(NC1CC1)c1ccccc1,pcr_F13,,,,,,,,,,,,,,,12/18/2023 9:07:25 PM,5,011_rln-nb-2443_018_ct-126_133.raw,1,Rxn_Opt_HSST3_2_98_2min,"F,13",2min_100_1500.EXP,"F,13",pcr_F13,pcr_F13,Eunjae Shim,9.391504263749525
F14,C1CON=C1C2=CC=C(C=C2)Br,"3-(4-bromophenyl)-4,5-dihydro-1,2-oxazole",0.09042920000000002 milligram,0.40000000000000013 micromole,0.09042920000000003 microliter,C9H8BrNO,1.0,O=C(NC1CC1)c1ccc(B(O)O)cc1,417384234,0.09841056000000002 milligram,0.4800000000000001 micromole,0.09841056000000005 microliter,C10H12BNO3,1.1999999999999997,CC(C)C1=CC(C(C)C)=CC(C(C)C)=C1C2=C([P+](C3CCCCC3)([Pd-2]4(OS(C)(=O)=O)C(C=CC=C5)=C5C6=C([NH+]4C)C=CC=C6)C7CCCCC7)C=CC=C2,XPhos Pd G4,0.08260742400000001 milligram,0.09600000000000003 micromole,0.08260742400000003 microliter,C47H64NO3PPdS,0.24,C1COCCO1,DMF,20.52 milligram,232.90127800603818 micromole,21.6 microliter,C4H8O2,582.2531950150952,[K+].[K+].[K+].[O-]P([O-])([O-])=O,K3PO4,0.7641504000000002 milligram,3.6000000000000014 micromole,0.7641504000000005 microliter,K3O4P,9.0,O,water,3.047886095999999 milligram,169.18601698584507 micromole,3.047886095999999 microliter,H2O,422.96504246461257,CN1C=NC2=C1C(=O)N(C(=O)N2C)C,caffeine,0.09321168000000002 milligram,0.4800000000000001 micromole,0.09321168000000003 microliter,C8H10N4O2,1.1999999999999997,C1COCCO1,dioxane,3.3935943787199996 milligram,38.51717679522393 micromole,3.2947518239999996 microliter,C4H8O2,96.2929419880598,O=C(NC1CC1)c1ccc(-c2ccc(C3=NOCC3)cc2)cc1,suzuki_product,0.0 milligram,0.0 micromole,0 microliter,C19H18N2O2,0.0,c1ccc(C2=NOCC2)cc1,dehalogenation_byproduct,0.0 milligram,0.0 micromole,0 microliter,C9H9NO,0.0,O=C(NC1CC1)c1ccccc1,deborylation_byproduct,0.0 milligram,0.0 micromole,0 microliter,C10H11NO,0.0,C1CON=C1C2=CC=C(C=C2)Br.O=C(NC1CC1)c1ccc(B(O)O)cc1>>O=C(NC1CC1)c1ccc(-c2ccc(C3=NOCC3)cc2)cc1.O=C(NC1CC1)c1ccccc1.c1ccc(C2=NOCC2)cc1,pcr_F14,,,,,,,,,,,,,,,12/18/2023 9:09:54 PM,5,011_rln-nb-2443_018_ct-126_134.raw,1,Rxn_Opt_HSST3_2_98_2min,"F,14",2min_100_1500.EXP,"F,14",pcr_F14,pcr_F14,Eunjae Shim,29.59301353707562
F15,C1=NC(=C(NC1=O)Cl)Br,5-bromo-6-chloropyrazin-2-ol,0.08377200000000001 milligram,0.40000000000000013 micromole,0.08377200000000003 microliter,C4H2BrClN2O,1.0,O=C(NC1CC1)c1ccc(B(O)O)cc1,417384234,0.09841056000000002 milligram,0.4800000000000001 micromole,0.09841056000000005 microliter,C10H12BNO3,1.1999999999999997,CC(C)C1=CC(C(C)C)=CC(C(C)C)=C1C2=C([P+](C3CCCCC3)([Pd-2]4(OS(C)(=O)=O)C(C=CC=C5)=C5C6=C([NH+]4C)C=CC=C6)C7CCCCC7)C=CC=C2,XPhos Pd G4,0.08260742400000001 milligram,0.09600000000000003 micromole,0.08260742400000003 microliter,C47H64NO3PPdS,0.24,C1COCCO1,DMF,20.52 milligram,232.90127800603818 micromole,21.6 microliter,C4H8O2,582.2531950150952,[K+].[K+].[K+].[O-]P([O-])([O-])=O,K3PO4,0.7641504000000002 milligram,3.6000000000000014 micromole,0.7641504000000005 microliter,K3O4P,9.0,O,water,3.047886095999999 milligram,169.18601698584507 micromole,3.047886095999999 microliter,H2O,422.96504246461257,CN1C=NC2=C1C(=O)N(C(=O)N2C)C,caffeine,0.09321168000000002 milligram,0.4800000000000001 micromole,0.09321168000000003 microliter,C8H10N4O2,1.1999999999999997,C1COCCO1,dioxane,3.3935943787199996 milligram,38.51717679522393 micromole,3.2947518239999996 microliter,C4H8O2,96.2929419880598,O=C(NC1CC1)c1ccc(-c2[nH]c(=O)cnc2Br)cc1,suzuki_product,0.0 milligram,0.0 micromole,0 microliter,C14H12BrN3O2,0.0,O=c1cncc(Cl)[nH]1,dehalogenation_byproduct,0.0 milligram,0.0 micromole,0 microliter,C4H3ClN2O,0.0,O=c1cnc(Br)c[nH]1,dehalogenation_byproduct,0.0 milligram,0.0 micromole,0 microliter,C4H3BrN2O,0.0,C1=NC(=C(NC1=O)Cl)Br.O=C(NC1CC1)c1ccc(B(O)O)cc1>>O=C(NC1CC1)c1ccc(-c2[nH]c(=O)cnc2Br)cc1.O=C(NC1CC1)c1ccc(-c2ncc(=O)[nH]c2Cl)cc1.O=C(NC1CC1)c1ccccc1.O=c1cnc(Br)c[nH]1.O=c1cncc(Cl)[nH]1,pcr_F15,O=C(NC1CC1)c1ccc(-c2ncc(=O)[nH]c2Cl)cc1,suzuki_product,0.0 milligram,0.0 micromole,0 microliter,C14H12ClN3O2,0.0,O=C(NC1CC1)c1ccccc1,deborylation_byproduct,0.0 milligram,0.0 micromole,0 microliter,C10H11NO,0.0,12/18/2023 9:12:23 PM,5,011_rln-nb-2443_018_ct-126_135.raw,1,Rxn_Opt_HSST3_2_98_2min,"F,15",2min_100_1500.EXP,"F,15",pcr_F15,pcr_F15,Eunjae Shim,0.0
F16,Cc1c(Br)cnc2[nH]ccc12,"5-bromo-4-methyl-1H-pyrrolo[2,3-b]pyridine",0.08442480000000005 milligram,0.40000000000000013 micromole,0.08442480000000006 microliter,C8H7BrN2,1.0,O=C(NC1CC1)c1ccc(B(O)O)cc1,417384234,0.09841056000000002 milligram,0.4800000000000001 micromole,0.09841056000000005 microliter,C10H12BNO3,1.1999999999999997,CC(C)C1=CC(C(C)C)=CC(C(C)C)=C1C2=C([P+](C3CCCCC3)([Pd-2]4(OS(C)(=O)=O)C(C=CC=C5)=C5C6=C([NH+]4C)C=CC=C6)C7CCCCC7)C=CC=C2,XPhos Pd G4,0.08260742400000001 milligram,0.09600000000000003 micromole,0.08260742400000003 microliter,C47H64NO3PPdS,0.24,C1COCCO1,DMF,20.52 milligram,232.90127800603818 micromole,21.6 microliter,C4H8O2,582.2531950150952,[K+].[K+].[K+].[O-]P([O-])([O-])=O,K3PO4,0.7641504000000002 milligram,3.6000000000000014 micromole,0.7641504000000005 microliter,K3O4P,9.0,O,water,3.047886095999999 milligram,169.18601698584507 micromole,3.047886095999999 microliter,H2O,422.96504246461257,CN1C=NC2=C1C(=O)N(C(=O)N2C)C,caffeine,0.09321168000000002 milligram,0.4800000000000001 micromole,0.09321168000000003 microliter,C8H10N4O2,1.1999999999999997,C1COCCO1,dioxane,3.3935943787199996 milligram,38.51717679522393 micromole,3.2947518239999996 microliter,C4H8O2,96.2929419880598,Cc1c(-c2ccc(C(=O)NC3CC3)cc2)cnc2[nH]ccc12,suzuki_product,0.0 milligram,0.0 micromole,0 microliter,C18H17N3O,0.0,Cc1ccnc2[nH]ccc12,dehalogenation_byproduct,0.0 milligram,0.0 micromole,0 microliter,C8H8N2,0.0,O=C(NC1CC1)c1ccccc1,deborylation_byproduct,0.0 milligram,0.0 micromole,0 microliter,C10H11NO,0.0,Cc1c(Br)cnc2[nH]ccc12.O=C(NC1CC1)c1ccc(B(O)O)cc1>>Cc1c(-c2ccc(C(=O)NC3CC3)cc2)cnc2[nH]ccc12.Cc1ccnc2[nH]ccc12.O=C(NC1CC1)c1ccccc1,pcr_F16,,,,,,,,,,,,,,,12/18/2023 9:14:52 PM,5,011_rln-nb-2443_018_ct-126_136.raw,1,Rxn_Opt_HSST3_2_98_2min,"F,16",2min_100_1500.EXP,"F,16",pcr_F16,pcr_F16,Eunjae Shim,6.298946772112833
F17,COc1ccc(-c2nnc(Br)o2)cc1,"2-bromo-5-(4-methoxyphenyl)-1,3,4-oxadiazole",0.10202840000000003 milligram,0.40000000000000013 micromole,0.10202840000000006 microliter,C9H7BrN2O2,1.0,O=C(NC1CC1)c1ccc(B(O)O)cc1,417384234,0.09841056000000002 milligram,0.4800000000000001 micromole,0.09841056000000005 microliter,C10H12BNO3,1.1999999999999997,CC(C)C1=CC(C(C)C)=CC(C(C)C)=C1C2=C([P+](C3CCCCC3)([Pd-2]4(OS(C)(=O)=O)C(C=CC=C5)=C5C6=C([NH+]4C)C=CC=C6)C7CCCCC7)C=CC=C2,XPhos Pd G4,0.08260742400000001 milligram,0.09600000000000003 micromole,0.08260742400000003 microliter,C47H64NO3PPdS,0.24,C1COCCO1,DMF,20.52 milligram,232.90127800603818 micromole,21.6 microliter,C4H8O2,582.2531950150952,[K+].[K+].[K+].[O-]P([O-])([O-])=O,K3PO4,0.7641504000000002 milligram,3.6000000000000014 micromole,0.7641504000000005 microliter,K3O4P,9.0,O,water,3.047886095999999 milligram,169.18601698584507 micromole,3.047886095999999 microliter,H2O,422.96504246461257,CN1C=NC2=C1C(=O)N(C(=O)N2C)C,caffeine,0.09321168000000002 milligram,0.4800000000000001 micromole,0.09321168000000003 microliter,C8H10N4O2,1.1999999999999997,C1COCCO1,dioxane,3.3935943787199996 milligram,38.51717679522393 micromole,3.2947518239999996 microliter,C4H8O2,96.2929419880598,COc1ccc(-c2nnc(-c3ccc(C(=O)NC4CC4)cc3)o2)cc1,suzuki_product,0.0 milligram,0.0 micromole,0 microliter,C19H17N3O3,0.0,COc1ccc(-c2nnco2)cc1,dehalogenation_byproduct,0.0 milligram,0.0 micromole,0 microliter,C9H8N2O2,0.0,O=C(NC1CC1)c1ccccc1,deborylation_byproduct,0.0 milligram,0.0 micromole,0 microliter,C10H11NO,0.0,COc1ccc(-c2nnc(Br)o2)cc1.O=C(NC1CC1)c1ccc(B(O)O)cc1>>COc1ccc(-c2nnc(-c3ccc(C(=O)NC4CC4)cc3)o2)cc1.COc1ccc(-c2nnco2)cc1.O=C(NC1CC1)c1ccccc1,pcr_F17,,,,,,,,,,,,,,,12/18/2023 9:17:21 PM,5,011_rln-nb-2443_018_ct-126_137.raw,1,Rxn_Opt_HSST3_2_98_2min,"F,17",2min_100_1500.EXP,"F,17",pcr_F17,pcr_F17,Eunjae Shim,7.0407259721754105
F18,BrC1=CC=CC=C1,phenylbromide,0.06280400000000001 milligram,0.40000000000000013 micromole,0.06280400000000003 microliter,C6H5Br,1.0,O=C(NC1CC1)c1ccc(B(O)O)cc1,417384234,0.09841056000000002 milligram,0.4800000000000001 micromole,0.09841056000000005 microliter,C10H12BNO3,1.1999999999999997,CC(C)C1=CC(C(C)C)=CC(C(C)C)=C1C2=C([P+](C3CCCCC3)([Pd-2]4(OS(C)(=O)=O)C(C=CC=C5)=C5C6=C([NH+]4C)C=CC=C6)C7CCCCC7)C=CC=C2,XPhos Pd G4,0.08260742400000001 milligram,0.09600000000000003 micromole,0.08260742400000003 microliter,C47H64NO3PPdS,0.24,C1COCCO1,DMF,20.52 milligram,232.90127800603818 micromole,21.6 microliter,C4H8O2,582.2531950150952,[K+].[K+].[K+].[O-]P([O-])([O-])=O,K3PO4,0.7641504000000002 milligram,3.6000000000000014 micromole,0.7641504000000005 microliter,K3O4P,9.0,O,water,3.047886095999999 milligram,169.18601698584507 micromole,3.047886095999999 microliter,H2O,422.96504246461257,CN1C=NC2=C1C(=O)N(C(=O)N2C)C,caffeine,0.09321168000000002 milligram,0.4800000000000001 micromole,0.09321168000000003 microliter,C8H10N4O2,1.1999999999999997,C1COCCO1,dioxane,3.3935943787199996 milligram,38.51717679522393 micromole,3.2947518239999996 microliter,C4H8O2,96.2929419880598,O=C(NC1CC1)c1ccc(-c2ccccc2)cc1,suzuki_product,0.0 milligram,0.0 micromole,0 microliter,C16H15NO,0.0,c1ccccc1,dehalogenation_byproduct,0.0 milligram,0.0 micromole,0 microliter,C6H6,0.0,O=C(NC1CC1)c1ccccc1,deborylation_byproduct,0.0 milligram,0.0 micromole,0 microliter,C10H11NO,0.0,BrC1=CC=CC=C1.O=C(NC1CC1)c1ccc(B(O)O)cc1>>O=C(NC1CC1)c1ccc(-c2ccccc2)cc1.O=C(NC1CC1)c1ccccc1.c1ccccc1,pcr_F18,,,,,,,,,,,,,,,12/18/2023 9:19:51 PM,5,011_rln-nb-2443_018_ct-126_138.raw,1,Rxn_Opt_HSST3_2_98_2min,"F,18",2min_100_1500.EXP,"F,18",pcr_F18,pcr_F18,Eunjae Shim,0.0
F19,CC1=C(C(=NN1C(C)C)N)Br,4-BROMO-1-ISOPROPYL-5-METHYL-1H-PYRAZOL-3-AMINE,0.08723920000000002 milligram,0.40000000000000013 micromole,0.08723920000000003 microliter,C7H12BrN3,1.0,COc1c(F)ccc(B(O)O)c1F,417706886,0.09021024000000001 milligram,0.4800000000000001 micromole,0.09021024000000002 microliter,C7H7BF2O3,1.1999999999999997,CC(C)C1=CC(C(C)C)=CC(C(C)C)=C1C2=C([P+](C3CCCCC3)([Pd-2]4(OS(C)(=O)=O)C(C=CC=C5)=C5C6=C([NH+]4C)C=CC=C6)C7CCCCC7)C=CC=C2,XPhos Pd G4,0.08260742400000001 milligram,0.09600000000000003 micromole,0.08260742400000003 microliter,C47H64NO3PPdS,0.24,C1COCCO1,DMF,20.52 milligram,232.90127800603818 micromole,21.6 microliter,C4H8O2,582.2531950150952,[K+].[K+].[K+].[O-]P([O-])([O-])=O,K3PO4,0.7641504000000002 milligram,3.6000000000000014 micromole,0.7641504000000005 microliter,K3O4P,9.0,O,water,3.047886095999999 milligram,169.18601698584507 micromole,3.047886095999999 microliter,H2O,422.96504246461257,CN1C=NC2=C1C(=O)N(C(=O)N2C)C,caffeine,0.09321168000000002 milligram,0.4800000000000001 micromole,0.09321168000000003 microliter,C8H10N4O2,1.1999999999999997,C1COCCO1,dioxane,3.3935943787199996 milligram,38.51717679522393 micromole,3.2947518239999996 microliter,C4H8O2,96.2929419880598,COc1c(F)ccc(-c2c(N)nn(C(C)C)c2C)c1F,suzuki_product,0.0 milligram,0.0 micromole,0 microliter,C14H17F2N3O,0.0,Cc1cc(N)nn1C(C)C,dehalogenation_byproduct,0.0 milligram,0.0 micromole,0 microliter,C7H13N3,0.0,COc1c(F)cccc1F,deborylation_byproduct,0.0 milligram,0.0 micromole,0 microliter,C7H6F2O,0.0,CC1=C(C(=NN1C(C)C)N)Br.COc1c(F)ccc(B(O)O)c1F>>COc1c(F)ccc(-c2c(N)nn(C(C)C)c2C)c1F.COc1c(F)cccc1F.Cc1cc(N)nn1C(C)C,pcr_F19,,,,,,,,,,,,,,,12/18/2023 9:22:20 PM,5,011_rln-nb-2443_018_ct-126_139.raw,1,Rxn_Opt_HSST3_2_98_2min,"F,19",2min_100_1500.EXP,"F,19",pcr_F19,pcr_F19,Eunjae Shim,2.0482233105877063
F20,C1CON=C1C2=CC=C(C=C2)Br,"3-(4-bromophenyl)-4,5-dihydro-1,2-oxazole",0.09042920000000002 milligram,0.40000000000000013 micromole,0.09042920000000003 microliter,C9H8BrNO,1.0,COc1c(F)ccc(B(O)O)c1F,417706886,0.09021024000000001 milligram,0.4800000000000001 micromole,0.09021024000000002 microliter,C7H7BF2O3,1.1999999999999997,CC(C)C1=CC(C(C)C)=CC(C(C)C)=C1C2=C([P+](C3CCCCC3)([Pd-2]4(OS(C)(=O)=O)C(C=CC=C5)=C5C6=C([NH+]4C)C=CC=C6)C7CCCCC7)C=CC=C2,XPhos Pd G4,0.08260742400000001 milligram,0.09600000000000003 micromole,0.08260742400000003 microliter,C47H64NO3PPdS,0.24,C1COCCO1,DMF,20.52 milligram,232.90127800603818 micromole,21.6 microliter,C4H8O2,582.2531950150952,[K+].[K+].[K+].[O-]P([O-])([O-])=O,K3PO4,0.7641504000000002 milligram,3.6000000000000014 micromole,0.7641504000000005 microliter,K3O4P,9.0,O,water,3.047886095999999 milligram,169.18601698584507 micromole,3.047886095999999 microliter,H2O,422.96504246461257,CN1C=NC2=C1C(=O)N(C(=O)N2C)C,caffeine,0.09321168000000002 milligram,0.4800000000000001 micromole,0.09321168000000003 microliter,C8H10N4O2,1.1999999999999997,C1COCCO1,dioxane,3.3935943787199996 milligram,38.51717679522393 micromole,3.2947518239999996 microliter,C4H8O2,96.2929419880598,COc1c(F)ccc(-c2ccc(C3=NOCC3)cc2)c1F,suzuki_product,0.0 milligram,0.0 micromole,0 microliter,C16H13F2NO2,0.0,c1ccc(C2=NOCC2)cc1,dehalogenation_byproduct,0.0 milligram,0.0 micromole,0 microliter,C9H9NO,0.0,COc1c(F)cccc1F,deborylation_byproduct,0.0 milligram,0.0 micromole,0 microliter,C7H6F2O,0.0,C1CON=C1C2=CC=C(C=C2)Br.COc1c(F)ccc(B(O)O)c1F>>COc1c(F)ccc(-c2ccc(C3=NOCC3)cc2)c1F.COc1c(F)cccc1F.c1ccc(C2=NOCC2)cc1,pcr_F20,,,,,,,,,,,,,,,12/18/2023 9:24:51 PM,5,011_rln-nb-2443_018_ct-126_140.raw,1,Rxn_Opt_HSST3_2_98_2min,"F,20",2min_100_1500.EXP,"F,20",pcr_F20,pcr_F20,Eunjae Shim,35.570171039565054
F21,C1=NC(=C(NC1=O)Cl)Br,5-bromo-6-chloropyrazin-2-ol,0.08377200000000001 milligram,0.40000000000000013 micromole,0.08377200000000003 microliter,C4H2BrClN2O,1.0,COc1c(F)ccc(B(O)O)c1F,417706886,0.09021024000000001 milligram,0.4800000000000001 micromole,0.09021024000000002 microliter,C7H7BF2O3,1.1999999999999997,CC(C)C1=CC(C(C)C)=CC(C(C)C)=C1C2=C([P+](C3CCCCC3)([Pd-2]4(OS(C)(=O)=O)C(C=CC=C5)=C5C6=C([NH+]4C)C=CC=C6)C7CCCCC7)C=CC=C2,XPhos Pd G4,0.08260742400000001 milligram,0.09600000000000003 micromole,0.08260742400000003 microliter,C47H64NO3PPdS,0.24,C1COCCO1,DMF,20.52 milligram,232.90127800603818 micromole,21.6 microliter,C4H8O2,582.2531950150952,[K+].[K+].[K+].[O-]P([O-])([O-])=O,K3PO4,0.7641504000000002 milligram,3.6000000000000014 micromole,0.7641504000000005 microliter,K3O4P,9.0,O,water,3.047886095999999 milligram,169.18601698584507 micromole,3.047886095999999 microliter,H2O,422.96504246461257,CN1C=NC2=C1C(=O)N(C(=O)N2C)C,caffeine,0.09321168000000002 milligram,0.4800000000000001 micromole,0.09321168000000003 microliter,C8H10N4O2,1.1999999999999997,C1COCCO1,dioxane,3.3935943787199996 milligram,38.51717679522393 micromole,3.2947518239999996 microliter,C4H8O2,96.2929419880598,COc1c(F)ccc(-c2[nH]c(=O)cnc2Br)c1F,suzuki_product,0.0 milligram,0.0 micromole,0 microliter,C11H7BrF2N2O2,0.0,O=c1cncc(Cl)[nH]1,dehalogenation_byproduct,0.0 milligram,0.0 micromole,0 microliter,C4H3ClN2O,0.0,O=c1cnc(Br)c[nH]1,dehalogenation_byproduct,0.0 milligram,0.0 micromole,0 microliter,C4H3BrN2O,0.0,C1=NC(=C(NC1=O)Cl)Br.COc1c(F)ccc(B(O)O)c1F>>COc1c(F)ccc(-c2[nH]c(=O)cnc2Br)c1F.COc1c(F)ccc(-c2ncc(=O)[nH]c2Cl)c1F.COc1c(F)cccc1F.O=c1cnc(Br)c[nH]1.O=c1cncc(Cl)[nH]1,pcr_F21,COc1c(F)ccc(-c2ncc(=O)[nH]c2Cl)c1F,suzuki_product,0.0 milligram,0.0 micromole,0 microliter,C11H7ClF2N2O2,0.0,COc1c(F)cccc1F,deborylation_byproduct,0.0 milligram,0.0 micromole,0 microliter,C7H6F2O,0.0,12/18/2023 9:27:20 PM,5,011_rln-nb-2443_018_ct-126_141.raw,1,Rxn_Opt_HSST3_2_98_2min,"F,21",2min_100_1500.EXP,"F,21",pcr_F21,pcr_F21,Eunjae Shim,3.586775447344094
F22,Cc1c(Br)cnc2[nH]ccc12,"5-bromo-4-methyl-1H-pyrrolo[2,3-b]pyridine",0.08442480000000005 milligram,0.40000000000000013 micromole,0.08442480000000006 microliter,C8H7BrN2,1.0,COc1c(F)ccc(B(O)O)c1F,417706886,0.09021024000000001 milligram,0.4800000000000001 micromole,0.09021024000000002 microliter,C7H7BF2O3,1.1999999999999997,CC(C)C1=CC(C(C)C)=CC(C(C)C)=C1C2=C([P+](C3CCCCC3)([Pd-2]4(OS(C)(=O)=O)C(C=CC=C5)=C5C6=C([NH+]4C)C=CC=C6)C7CCCCC7)C=CC=C2,XPhos Pd G4,0.08260742400000001 milligram,0.09600000000000003 micromole,0.08260742400000003 microliter,C47H64NO3PPdS,0.24,C1COCCO1,DMF,20.52 milligram,232.90127800603818 micromole,21.6 microliter,C4H8O2,582.2531950150952,[K+].[K+].[K+].[O-]P([O-])([O-])=O,K3PO4,0.7641504000000002 milligram,3.6000000000000014 micromole,0.7641504000000005 microliter,K3O4P,9.0,O,water,3.047886095999999 milligram,169.18601698584507 micromole,3.047886095999999 microliter,H2O,422.96504246461257,CN1C=NC2=C1C(=O)N(C(=O)N2C)C,caffeine,0.09321168000000002 milligram,0.4800000000000001 micromole,0.09321168000000003 microliter,C8H10N4O2,1.1999999999999997,C1COCCO1,dioxane,3.3935943787199996 milligram,38.51717679522393 micromole,3.2947518239999996 microliter,C4H8O2,96.2929419880598,COc1c(F)ccc(-c2cnc3[nH]ccc3c2C)c1F,suzuki_product,0.0 milligram,0.0 micromole,0 microliter,C15H12F2N2O,0.0,Cc1ccnc2[nH]ccc12,dehalogenation_byproduct,0.0 milligram,0.0 micromole,0 microliter,C8H8N2,0.0,COc1c(F)cccc1F,deborylation_byproduct,0.0 milligram,0.0 micromole,0 microliter,C7H6F2O,0.0,COc1c(F)ccc(B(O)O)c1F.Cc1c(Br)cnc2[nH]ccc12>>COc1c(F)ccc(-c2cnc3[nH]ccc3c2C)c1F.COc1c(F)cccc1F.Cc1ccnc2[nH]ccc12,pcr_F22,,,,,,,,,,,,,,,12/18/2023 9:29:50 PM,5,011_rln-nb-2443_018_ct-126_142.raw,1,Rxn_Opt_HSST3_2_98_2min,"F,22",2min_100_1500.EXP,"F,22",pcr_F22,pcr_F22,Eunjae Shim,3.2743639940737626
F23,COc1ccc(-c2nnc(Br)o2)cc1,"2-bromo-5-(4-methoxyphenyl)-1,3,4-oxadiazole",0.10202840000000003 milligram,0.40000000000000013 micromole,0.10202840000000006 microliter,C9H7BrN2O2,1.0,COc1c(F)ccc(B(O)O)c1F,417706886,0.09021024000000001 milligram,0.4800000000000001 micromole,0.09021024000000002 microliter,C7H7BF2O3,1.1999999999999997,CC(C)C1=CC(C(C)C)=CC(C(C)C)=C1C2=C([P+](C3CCCCC3)([Pd-2]4(OS(C)(=O)=O)C(C=CC=C5)=C5C6=C([NH+]4C)C=CC=C6)C7CCCCC7)C=CC=C2,XPhos Pd G4,0.08260742400000001 milligram,0.09600000000000003 micromole,0.08260742400000003 microliter,C47H64NO3PPdS,0.24,C1COCCO1,DMF,20.52 milligram,232.90127800603818 micromole,21.6 microliter,C4H8O2,582.2531950150952,[K+].[K+].[K+].[O-]P([O-])([O-])=O,K3PO4,0.7641504000000002 milligram,3.6000000000000014 micromole,0.7641504000000005 microliter,K3O4P,9.0,O,water,3.047886095999999 milligram,169.18601698584507 micromole,3.047886095999999 microliter,H2O,422.96504246461257,CN1C=NC2=C1C(=O)N(C(=O)N2C)C,caffeine,0.09321168000000002 milligram,0.4800000000000001 micromole,0.09321168000000003 microliter,C8H10N4O2,1.1999999999999997,C1COCCO1,dioxane,3.3935943787199996 milligram,38.51717679522393 micromole,3.2947518239999996 microliter,C4H8O2,96.2929419880598,COc1ccc(-c2nnc(-c3ccc(F)c(OC)c3F)o2)cc1,suzuki_product,0.0 milligram,0.0 micromole,0 microliter,C16H12F2N2O3,0.0,COc1ccc(-c2nnco2)cc1,dehalogenation_byproduct,0.0 milligram,0.0 micromole,0 microliter,C9H8N2O2,0.0,COc1c(F)cccc1F,deborylation_byproduct,0.0 milligram,0.0 micromole,0 microliter,C7H6F2O,0.0,COc1c(F)ccc(B(O)O)c1F.COc1ccc(-c2nnc(Br)o2)cc1>>COc1c(F)cccc1F.COc1ccc(-c2nnc(-c3ccc(F)c(OC)c3F)o2)cc1.COc1ccc(-c2nnco2)cc1,pcr_F23,,,,,,,,,,,,,,,12/18/2023 9:32:19 PM,5,011_rln-nb-2443_018_ct-126_143.raw,1,Rxn_Opt_HSST3_2_98_2min,"F,23",2min_100_1500.EXP,"F,23",pcr_F23,pcr_F23,Eunjae Shim,3.4735411394574296
F24,BrC1=CC=CC=C1,phenylbromide,0.06280400000000001 milligram,0.40000000000000013 micromole,0.06280400000000003 microliter,C6H5Br,1.0,COc1c(F)ccc(B(O)O)c1F,417706886,0.09021024000000001 milligram,0.4800000000000001 micromole,0.09021024000000002 microliter,C7H7BF2O3,1.1999999999999997,CC(C)C1=CC(C(C)C)=CC(C(C)C)=C1C2=C([P+](C3CCCCC3)([Pd-2]4(OS(C)(=O)=O)C(C=CC=C5)=C5C6=C([NH+]4C)C=CC=C6)C7CCCCC7)C=CC=C2,XPhos Pd G4,0.08260742400000001 milligram,0.09600000000000003 micromole,0.08260742400000003 microliter,C47H64NO3PPdS,0.24,C1COCCO1,DMF,20.52 milligram,232.90127800603818 micromole,21.6 microliter,C4H8O2,582.2531950150952,[K+].[K+].[K+].[O-]P([O-])([O-])=O,K3PO4,0.7641504000000002 milligram,3.6000000000000014 micromole,0.7641504000000005 microliter,K3O4P,9.0,O,water,3.047886095999999 milligram,169.18601698584507 micromole,3.047886095999999 microliter,H2O,422.96504246461257,CN1C=NC2=C1C(=O)N(C(=O)N2C)C,caffeine,0.09321168000000002 milligram,0.4800000000000001 micromole,0.09321168000000003 microliter,C8H10N4O2,1.1999999999999997,C1COCCO1,dioxane,3.3935943787199996 milligram,38.51717679522393 micromole,3.2947518239999996 microliter,C4H8O2,96.2929419880598,COc1c(F)ccc(-c2ccccc2)c1F,suzuki_product,0.0 milligram,0.0 micromole,0 microliter,C13H10F2O,0.0,c1ccccc1,dehalogenation_byproduct,0.0 milligram,0.0 micromole,0 microliter,C6H6,0.0,COc1c(F)cccc1F,deborylation_byproduct,0.0 milligram,0.0 micromole,0 microliter,C7H6F2O,0.0,BrC1=CC=CC=C1.COc1c(F)ccc(B(O)O)c1F>>COc1c(F)ccc(-c2ccccc2)c1F.COc1c(F)cccc1F.c1ccccc1,pcr_F24,,,,,,,,,,,,,,,12/18/2023 9:34:49 PM,5,011_rln-nb-2443_018_ct-126_144.raw,1,Rxn_Opt_HSST3_2_98_2min,"F,24",2min_100_1500.EXP,"F,24",pcr_F24,pcr_F24,Eunjae Shim,0.0
G1,CC1=C(C(=NN1C(C)C)N)Br,4-BROMO-1-ISOPROPYL-5-METHYL-1H-PYRAZOL-3-AMINE,0.08723920000000002 milligram,0.40000000000000013 micromole,0.08723920000000003 microliter,C7H12BrN3,1.0,COc1ccc(B(O)O)cn1,417707152,0.07341408 milligram,0.4800000000000001 micromole,0.07341408000000002 microliter,C6H8BNO3,1.1999999999999997,CC(C)C1=CC(C(C)C)=CC(C(C)C)=C1C2=C([P+](C3CCCCC3)([Pd-2]4(OS(C)(=O)=O)C(C=CC=C5)=C5C6=C([NH+]4C)C=CC=C6)C7CCCCC7)C=CC=C2,XPhos Pd G4,0.08260742400000001 milligram,0.09600000000000003 micromole,0.08260742400000003 microliter,C47H64NO3PPdS,0.24,C1COCCO1,DMF,20.52 milligram,232.90127800603818 micromole,21.6 microliter,C4H8O2,582.2531950150952,[K+].[K+].[K+].[O-]P([O-])([O-])=O,K3PO4,0.7641504000000002 milligram,3.6000000000000014 micromole,0.7641504000000005 microliter,K3O4P,9.0,O,water,3.047886095999999 milligram,169.18601698584507 micromole,3.047886095999999 microliter,H2O,422.96504246461257,CN1C=NC2=C1C(=O)N(C(=O)N2C)C,caffeine,0.09321168000000002 milligram,0.4800000000000001 micromole,0.09321168000000003 microliter,C8H10N4O2,1.1999999999999997,C1COCCO1,dioxane,3.3935943787199996 milligram,38.51717679522393 micromole,3.2947518239999996 microliter,C4H8O2,96.2929419880598,COc1ccc(-c2c(N)nn(C(C)C)c2C)cn1,suzuki_product,0.0 milligram,0.0 micromole,0 microliter,C13H18N4O,0.0,Cc1cc(N)nn1C(C)C,dehalogenation_byproduct,0.0 milligram,0.0 micromole,0 microliter,C7H13N3,0.0,COc1ccccn1,deborylation_byproduct,0.0 milligram,0.0 micromole,0 microliter,C6H7NO,0.0,CC1=C(C(=NN1C(C)C)N)Br.COc1ccc(B(O)O)cn1>>COc1ccc(-c2c(N)nn(C(C)C)c2C)cn1.COc1ccccn1.Cc1cc(N)nn1C(C)C,pcr_G1,,,,,,,,,,,,,,,12/18/2023 9:37:18 PM,5,011_rln-nb-2443_018_ct-126_145.raw,1,Rxn_Opt_HSST3_2_98_2min,"G,1",2min_100_1500.EXP,"G,1",pcr_G1,pcr_G1,Eunjae Shim,0.0
G2,C1CON=C1C2=CC=C(C=C2)Br,"3-(4-bromophenyl)-4,5-dihydro-1,2-oxazole",0.09042920000000002 milligram,0.40000000000000013 micromole,0.09042920000000003 microliter,C9H8BrNO,1.0,COc1ccc(B(O)O)cn1,417707152,0.07341408 milligram,0.4800000000000001 micromole,0.07341408000000002 microliter,C6H8BNO3,1.1999999999999997,CC(C)C1=CC(C(C)C)=CC(C(C)C)=C1C2=C([P+](C3CCCCC3)([Pd-2]4(OS(C)(=O)=O)C(C=CC=C5)=C5C6=C([NH+]4C)C=CC=C6)C7CCCCC7)C=CC=C2,XPhos Pd G4,0.08260742400000001 milligram,0.09600000000000003 micromole,0.08260742400000003 microliter,C47H64NO3PPdS,0.24,C1COCCO1,DMF,20.52 milligram,232.90127800603818 micromole,21.6 microliter,C4H8O2,582.2531950150952,[K+].[K+].[K+].[O-]P([O-])([O-])=O,K3PO4,0.7641504000000002 milligram,3.6000000000000014 micromole,0.7641504000000005 microliter,K3O4P,9.0,O,water,3.047886095999999 milligram,169.18601698584507 micromole,3.047886095999999 microliter,H2O,422.96504246461257,CN1C=NC2=C1C(=O)N(C(=O)N2C)C,caffeine,0.09321168000000002 milligram,0.4800000000000001 micromole,0.09321168000000003 microliter,C8H10N4O2,1.1999999999999997,C1COCCO1,dioxane,3.3935943787199996 milligram,38.51717679522393 micromole,3.2947518239999996 microliter,C4H8O2,96.2929419880598,COc1ccc(-c2ccc(C3=NOCC3)cc2)cn1,suzuki_product,0.0 milligram,0.0 micromole,0 microliter,C15H14N2O2,0.0,c1ccc(C2=NOCC2)cc1,dehalogenation_byproduct,0.0 milligram,0.0 micromole,0 microliter,C9H9NO,0.0,COc1ccccn1,deborylation_byproduct,0.0 milligram,0.0 micromole,0 microliter,C6H7NO,0.0,C1CON=C1C2=CC=C(C=C2)Br.COc1ccc(B(O)O)cn1>>COc1ccc(-c2ccc(C3=NOCC3)cc2)cn1.COc1ccccn1.c1ccc(C2=NOCC2)cc1,pcr_G2,,,,,,,,,,,,,,,12/18/2023 9:39:48 PM,5,011_rln-nb-2443_018_ct-126_146.raw,1,Rxn_Opt_HSST3_2_98_2min,"G,2",2min_100_1500.EXP,"G,2",pcr_G2,pcr_G2,Eunjae Shim,69.34969550302519
G3,C1=NC(=C(NC1=O)Cl)Br,5-bromo-6-chloropyrazin-2-ol,0.08377200000000001 milligram,0.40000000000000013 micromole,0.08377200000000003 microliter,C4H2BrClN2O,1.0,COc1ccc(B(O)O)cn1,417707152,0.07341408 milligram,0.4800000000000001 micromole,0.07341408000000002 microliter,C6H8BNO3,1.1999999999999997,CC(C)C1=CC(C(C)C)=CC(C(C)C)=C1C2=C([P+](C3CCCCC3)([Pd-2]4(OS(C)(=O)=O)C(C=CC=C5)=C5C6=C([NH+]4C)C=CC=C6)C7CCCCC7)C=CC=C2,XPhos Pd G4,0.08260742400000001 milligram,0.09600000000000003 micromole,0.08260742400000003 microliter,C47H64NO3PPdS,0.24,C1COCCO1,DMF,20.52 milligram,232.90127800603818 micromole,21.6 microliter,C4H8O2,582.2531950150952,[K+].[K+].[K+].[O-]P([O-])([O-])=O,K3PO4,0.7641504000000002 milligram,3.6000000000000014 micromole,0.7641504000000005 microliter,K3O4P,9.0,O,water,3.047886095999999 milligram,169.18601698584507 micromole,3.047886095999999 microliter,H2O,422.96504246461257,CN1C=NC2=C1C(=O)N(C(=O)N2C)C,caffeine,0.09321168000000002 milligram,0.4800000000000001 micromole,0.09321168000000003 microliter,C8H10N4O2,1.1999999999999997,C1COCCO1,dioxane,3.3935943787199996 milligram,38.51717679522393 micromole,3.2947518239999996 microliter,C4H8O2,96.2929419880598,COc1ccc(-c2[nH]c(=O)cnc2Br)cn1,suzuki_product,0.0 milligram,0.0 micromole,0 microliter,C10H8BrN3O2,0.0,O=c1cncc(Cl)[nH]1,dehalogenation_byproduct,0.0 milligram,0.0 micromole,0 microliter,C4H3ClN2O,0.0,O=c1cnc(Br)c[nH]1,dehalogenation_byproduct,0.0 milligram,0.0 micromole,0 microliter,C4H3BrN2O,0.0,C1=NC(=C(NC1=O)Cl)Br.COc1ccc(B(O)O)cn1>>COc1ccc(-c2[nH]c(=O)cnc2Br)cn1.COc1ccc(-c2ncc(=O)[nH]c2Cl)cn1.COc1ccccn1.O=c1cnc(Br)c[nH]1.O=c1cncc(Cl)[nH]1,pcr_G3,COc1ccc(-c2ncc(=O)[nH]c2Cl)cn1,suzuki_product,0.0 milligram,0.0 micromole,0 microliter,C10H8ClN3O2,0.0,COc1ccccn1,deborylation_byproduct,0.0 milligram,0.0 micromole,0 microliter,C6H7NO,0.0,12/18/2023 9:42:17 PM,5,011_rln-nb-2443_018_ct-126_147.raw,1,Rxn_Opt_HSST3_2_98_2min,"G,3",2min_100_1500.EXP,"G,3",pcr_G3,pcr_G3,Eunjae Shim,0.0
G4,Cc1c(Br)cnc2[nH]ccc12,"5-bromo-4-methyl-1H-pyrrolo[2,3-b]pyridine",0.08442480000000005 milligram,0.40000000000000013 micromole,0.08442480000000006 microliter,C8H7BrN2,1.0,COc1ccc(B(O)O)cn1,417707152,0.07341408 milligram,0.4800000000000001 micromole,0.07341408000000002 microliter,C6H8BNO3,1.1999999999999997,CC(C)C1=CC(C(C)C)=CC(C(C)C)=C1C2=C([P+](C3CCCCC3)([Pd-2]4(OS(C)(=O)=O)C(C=CC=C5)=C5C6=C([NH+]4C)C=CC=C6)C7CCCCC7)C=CC=C2,XPhos Pd G4,0.08260742400000001 milligram,0.09600000000000003 micromole,0.08260742400000003 microliter,C47H64NO3PPdS,0.24,C1COCCO1,DMF,20.52 milligram,232.90127800603818 micromole,21.6 microliter,C4H8O2,582.2531950150952,[K+].[K+].[K+].[O-]P([O-])([O-])=O,K3PO4,0.7641504000000002 milligram,3.6000000000000014 micromole,0.7641504000000005 microliter,K3O4P,9.0,O,water,3.047886095999999 milligram,169.18601698584507 micromole,3.047886095999999 microliter,H2O,422.96504246461257,CN1C=NC2=C1C(=O)N(C(=O)N2C)C,caffeine,0.09321168000000002 milligram,0.4800000000000001 micromole,0.09321168000000003 microliter,C8H10N4O2,1.1999999999999997,C1COCCO1,dioxane,3.3935943787199996 milligram,38.51717679522393 micromole,3.2947518239999996 microliter,C4H8O2,96.2929419880598,COc1ccc(-c2cnc3[nH]ccc3c2C)cn1,suzuki_product,0.0 milligram,0.0 micromole,0 microliter,C14H13N3O,0.0,Cc1ccnc2[nH]ccc12,dehalogenation_byproduct,0.0 milligram,0.0 micromole,0 microliter,C8H8N2,0.0,COc1ccccn1,deborylation_byproduct,0.0 milligram,0.0 micromole,0 microliter,C6H7NO,0.0,COc1ccc(B(O)O)cn1.Cc1c(Br)cnc2[nH]ccc12>>COc1ccc(-c2cnc3[nH]ccc3c2C)cn1.COc1ccccn1.Cc1ccnc2[nH]ccc12,pcr_G4,,,,,,,,,,,,,,,12/18/2023 9:44:46 PM,5,011_rln-nb-2443_018_ct-126_148.raw,1,Rxn_Opt_HSST3_2_98_2min,"G,4",2min_100_1500.EXP,"G,4",pcr_G4,pcr_G4,Eunjae Shim,8.469278201436149
G5,COc1ccc(-c2nnc(Br)o2)cc1,"2-bromo-5-(4-methoxyphenyl)-1,3,4-oxadiazole",0.10202840000000003 milligram,0.40000000000000013 micromole,0.10202840000000006 microliter,C9H7BrN2O2,1.0,COc1ccc(B(O)O)cn1,417707152,0.07341408 milligram,0.4800000000000001 micromole,0.07341408000000002 microliter,C6H8BNO3,1.1999999999999997,CC(C)C1=CC(C(C)C)=CC(C(C)C)=C1C2=C([P+](C3CCCCC3)([Pd-2]4(OS(C)(=O)=O)C(C=CC=C5)=C5C6=C([NH+]4C)C=CC=C6)C7CCCCC7)C=CC=C2,XPhos Pd G4,0.08260742400000001 milligram,0.09600000000000003 micromole,0.08260742400000003 microliter,C47H64NO3PPdS,0.24,C1COCCO1,DMF,20.52 milligram,232.90127800603818 micromole,21.6 microliter,C4H8O2,582.2531950150952,[K+].[K+].[K+].[O-]P([O-])([O-])=O,K3PO4,0.7641504000000002 milligram,3.6000000000000014 micromole,0.7641504000000005 microliter,K3O4P,9.0,O,water,3.047886095999999 milligram,169.18601698584507 micromole,3.047886095999999 microliter,H2O,422.96504246461257,CN1C=NC2=C1C(=O)N(C(=O)N2C)C,caffeine,0.09321168000000002 milligram,0.4800000000000001 micromole,0.09321168000000003 microliter,C8H10N4O2,1.1999999999999997,C1COCCO1,dioxane,3.3935943787199996 milligram,38.51717679522393 micromole,3.2947518239999996 microliter,C4H8O2,96.2929419880598,COc1ccc(-c2nnc(-c3ccc(OC)nc3)o2)cc1,suzuki_product,0.0 milligram,0.0 micromole,0 microliter,C15H13N3O3,0.0,COc1ccc(-c2nnco2)cc1,dehalogenation_byproduct,0.0 milligram,0.0 micromole,0 microliter,C9H8N2O2,0.0,COc1ccccn1,deborylation_byproduct,0.0 milligram,0.0 micromole,0 microliter,C6H7NO,0.0,COc1ccc(-c2nnc(Br)o2)cc1.COc1ccc(B(O)O)cn1>>COc1ccc(-c2nnc(-c3ccc(OC)nc3)o2)cc1.COc1ccc(-c2nnco2)cc1.COc1ccccn1,pcr_G5,,,,,,,,,,,,,,,12/18/2023 9:47:15 PM,5,011_rln-nb-2443_018_ct-126_149.raw,1,Rxn_Opt_HSST3_2_98_2min,"G,5",2min_100_1500.EXP,"G,5",pcr_G5,pcr_G5,Eunjae Shim,7.641577146193418
G6,BrC1=CC=CC=C1,phenylbromide,0.06280400000000001 milligram,0.40000000000000013 micromole,0.06280400000000003 microliter,C6H5Br,1.0,COc1ccc(B(O)O)cn1,417707152,0.07341408 milligram,0.4800000000000001 micromole,0.07341408000000002 microliter,C6H8BNO3,1.1999999999999997,CC(C)C1=CC(C(C)C)=CC(C(C)C)=C1C2=C([P+](C3CCCCC3)([Pd-2]4(OS(C)(=O)=O)C(C=CC=C5)=C5C6=C([NH+]4C)C=CC=C6)C7CCCCC7)C=CC=C2,XPhos Pd G4,0.08260742400000001 milligram,0.09600000000000003 micromole,0.08260742400000003 microliter,C47H64NO3PPdS,0.24,C1COCCO1,DMF,20.52 milligram,232.90127800603818 micromole,21.6 microliter,C4H8O2,582.2531950150952,[K+].[K+].[K+].[O-]P([O-])([O-])=O,K3PO4,0.7641504000000002 milligram,3.6000000000000014 micromole,0.7641504000000005 microliter,K3O4P,9.0,O,water,3.047886095999999 milligram,169.18601698584507 micromole,3.047886095999999 microliter,H2O,422.96504246461257,CN1C=NC2=C1C(=O)N(C(=O)N2C)C,caffeine,0.09321168000000002 milligram,0.4800000000000001 micromole,0.09321168000000003 microliter,C8H10N4O2,1.1999999999999997,C1COCCO1,dioxane,3.3935943787199996 milligram,38.51717679522393 micromole,3.2947518239999996 microliter,C4H8O2,96.2929419880598,COc1ccc(-c2ccccc2)cn1,suzuki_product,0.0 milligram,0.0 micromole,0 microliter,C12H11NO,0.0,c1ccccc1,dehalogenation_byproduct,0.0 milligram,0.0 micromole,0 microliter,C6H6,0.0,COc1ccccn1,deborylation_byproduct,0.0 milligram,0.0 micromole,0 microliter,C6H7NO,0.0,BrC1=CC=CC=C1.COc1ccc(B(O)O)cn1>>COc1ccc(-c2ccccc2)cn1.COc1ccccn1.c1ccccc1,pcr_G6,,,,,,,,,,,,,,,12/18/2023 9:49:44 PM,5,011_rln-nb-2443_018_ct-126_150.raw,1,Rxn_Opt_HSST3_2_98_2min,"G,6",2min_100_1500.EXP,"G,6",pcr_G6,pcr_G6,Eunjae Shim,0.0
G7,CC1=C(C(=NN1C(C)C)N)Br,4-BROMO-1-ISOPROPYL-5-METHYL-1H-PYRAZOL-3-AMINE,0.08723920000000002 milligram,0.40000000000000013 micromole,0.08723920000000003 microliter,C7H12BrN3,1.0,COc1cc(F)c(B(O)O)c(F)c1,417385008,0.09021024000000001 milligram,0.4800000000000001 micromole,0.09021024000000002 microliter,C7H7BF2O3,1.1999999999999997,CC(C)C1=CC(C(C)C)=CC(C(C)C)=C1C2=C([P+](C3CCCCC3)([Pd-2]4(OS(C)(=O)=O)C(C=CC=C5)=C5C6=C([NH+]4C)C=CC=C6)C7CCCCC7)C=CC=C2,XPhos Pd G4,0.08260742400000001 milligram,0.09600000000000003 micromole,0.08260742400000003 microliter,C47H64NO3PPdS,0.24,C1COCCO1,DMF,20.52 milligram,232.90127800603818 micromole,21.6 microliter,C4H8O2,582.2531950150952,[K+].[K+].[K+].[O-]P([O-])([O-])=O,K3PO4,0.7641504000000002 milligram,3.6000000000000014 micromole,0.7641504000000005 microliter,K3O4P,9.0,O,water,3.047886095999999 milligram,169.18601698584507 micromole,3.047886095999999 microliter,H2O,422.96504246461257,CN1C=NC2=C1C(=O)N(C(=O)N2C)C,caffeine,0.09321168000000002 milligram,0.4800000000000001 micromole,0.09321168000000003 microliter,C8H10N4O2,1.1999999999999997,C1COCCO1,dioxane,3.3935943787199996 milligram,38.51717679522393 micromole,3.2947518239999996 microliter,C4H8O2,96.2929419880598,COc1cc(F)c(-c2c(N)nn(C(C)C)c2C)c(F)c1,suzuki_product,0.0 milligram,0.0 micromole,0 microliter,C14H17F2N3O,0.0,Cc1cc(N)nn1C(C)C,dehalogenation_byproduct,0.0 milligram,0.0 micromole,0 microliter,C7H13N3,0.0,COc1cc(F)cc(F)c1,deborylation_byproduct,0.0 milligram,0.0 micromole,0 microliter,C7H6F2O,0.0,CC1=C(C(=NN1C(C)C)N)Br.COc1cc(F)c(B(O)O)c(F)c1>>COc1cc(F)c(-c2c(N)nn(C(C)C)c2C)c(F)c1.COc1cc(F)cc(F)c1.Cc1cc(N)nn1C(C)C,pcr_G7,,,,,,,,,,,,,,,12/18/2023 9:52:13 PM,5,011_rln-nb-2443_018_ct-126_151.raw,1,Rxn_Opt_HSST3_2_98_2min,"G,7",2min_100_1500.EXP,"G,7",pcr_G7,pcr_G7,Eunjae Shim,3.644727013275858
G8,C1CON=C1C2=CC=C(C=C2)Br,"3-(4-bromophenyl)-4,5-dihydro-1,2-oxazole",0.09042920000000002 milligram,0.40000000000000013 micromole,0.09042920000000003 microliter,C9H8BrNO,1.0,COc1cc(F)c(B(O)O)c(F)c1,417385008,0.09021024000000001 milligram,0.4800000000000001 micromole,0.09021024000000002 microliter,C7H7BF2O3,1.1999999999999997,CC(C)C1=CC(C(C)C)=CC(C(C)C)=C1C2=C([P+](C3CCCCC3)([Pd-2]4(OS(C)(=O)=O)C(C=CC=C5)=C5C6=C([NH+]4C)C=CC=C6)C7CCCCC7)C=CC=C2,XPhos Pd G4,0.08260742400000001 milligram,0.09600000000000003 micromole,0.08260742400000003 microliter,C47H64NO3PPdS,0.24,C1COCCO1,DMF,20.52 milligram,232.90127800603818 micromole,21.6 microliter,C4H8O2,582.2531950150952,[K+].[K+].[K+].[O-]P([O-])([O-])=O,K3PO4,0.7641504000000002 milligram,3.6000000000000014 micromole,0.7641504000000005 microliter,K3O4P,9.0,O,water,3.047886095999999 milligram,169.18601698584507 micromole,3.047886095999999 microliter,H2O,422.96504246461257,CN1C=NC2=C1C(=O)N(C(=O)N2C)C,caffeine,0.09321168000000002 milligram,0.4800000000000001 micromole,0.09321168000000003 microliter,C8H10N4O2,1.1999999999999997,C1COCCO1,dioxane,3.3935943787199996 milligram,38.51717679522393 micromole,3.2947518239999996 microliter,C4H8O2,96.2929419880598,COc1cc(F)c(-c2ccc(C3=NOCC3)cc2)c(F)c1,suzuki_product,0.0 milligram,0.0 micromole,0 microliter,C16H13F2NO2,0.0,c1ccc(C2=NOCC2)cc1,dehalogenation_byproduct,0.0 milligram,0.0 micromole,0 microliter,C9H9NO,0.0,COc1cc(F)cc(F)c1,deborylation_byproduct,0.0 milligram,0.0 micromole,0 microliter,C7H6F2O,0.0,C1CON=C1C2=CC=C(C=C2)Br.COc1cc(F)c(B(O)O)c(F)c1>>COc1cc(F)c(-c2ccc(C3=NOCC3)cc2)c(F)c1.COc1cc(F)cc(F)c1.c1ccc(C2=NOCC2)cc1,pcr_G8,,,,,,,,,,,,,,,12/18/2023 9:54:42 PM,5,011_rln-nb-2443_018_ct-126_152.raw,1,Rxn_Opt_HSST3_2_98_2min,"G,8",2min_100_1500.EXP,"G,8",pcr_G8,pcr_G8,Eunjae Shim,37.685473791531024
G9,C1=NC(=C(NC1=O)Cl)Br,5-bromo-6-chloropyrazin-2-ol,0.08377200000000001 milligram,0.40000000000000013 micromole,0.08377200000000003 microliter,C4H2BrClN2O,1.0,COc1cc(F)c(B(O)O)c(F)c1,417385008,0.09021024000000001 milligram,0.4800000000000001 micromole,0.09021024000000002 microliter,C7H7BF2O3,1.1999999999999997,CC(C)C1=CC(C(C)C)=CC(C(C)C)=C1C2=C([P+](C3CCCCC3)([Pd-2]4(OS(C)(=O)=O)C(C=CC=C5)=C5C6=C([NH+]4C)C=CC=C6)C7CCCCC7)C=CC=C2,XPhos Pd G4,0.08260742400000001 milligram,0.09600000000000003 micromole,0.08260742400000003 microliter,C47H64NO3PPdS,0.24,C1COCCO1,DMF,20.52 milligram,232.90127800603818 micromole,21.6 microliter,C4H8O2,582.2531950150952,[K+].[K+].[K+].[O-]P([O-])([O-])=O,K3PO4,0.7641504000000002 milligram,3.6000000000000014 micromole,0.7641504000000005 microliter,K3O4P,9.0,O,water,3.047886095999999 milligram,169.18601698584507 micromole,3.047886095999999 microliter,H2O,422.96504246461257,CN1C=NC2=C1C(=O)N(C(=O)N2C)C,caffeine,0.09321168000000002 milligram,0.4800000000000001 micromole,0.09321168000000003 microliter,C8H10N4O2,1.1999999999999997,C1COCCO1,dioxane,3.3935943787199996 milligram,38.51717679522393 micromole,3.2947518239999996 microliter,C4H8O2,96.2929419880598,COc1cc(F)c(-c2[nH]c(=O)cnc2Br)c(F)c1,suzuki_product,0.0 milligram,0.0 micromole,0 microliter,C11H7BrF2N2O2,0.0,O=c1cncc(Cl)[nH]1,dehalogenation_byproduct,0.0 milligram,0.0 micromole,0 microliter,C4H3ClN2O,0.0,O=c1cnc(Br)c[nH]1,dehalogenation_byproduct,0.0 milligram,0.0 micromole,0 microliter,C4H3BrN2O,0.0,C1=NC(=C(NC1=O)Cl)Br.COc1cc(F)c(B(O)O)c(F)c1>>COc1cc(F)c(-c2[nH]c(=O)cnc2Br)c(F)c1.COc1cc(F)c(-c2ncc(=O)[nH]c2Cl)c(F)c1.COc1cc(F)cc(F)c1.O=c1cnc(Br)c[nH]1.O=c1cncc(Cl)[nH]1,pcr_G9,COc1cc(F)c(-c2ncc(=O)[nH]c2Cl)c(F)c1,suzuki_product,0.0 milligram,0.0 micromole,0 microliter,C11H7ClF2N2O2,0.0,COc1cc(F)cc(F)c1,deborylation_byproduct,0.0 milligram,0.0 micromole,0 microliter,C7H6F2O,0.0,12/18/2023 9:57:11 PM,5,011_rln-nb-2443_018_ct-126_153.raw,1,Rxn_Opt_HSST3_2_98_2min,"G,9",2min_100_1500.EXP,"G,9",pcr_G9,pcr_G9,Eunjae Shim,1.6748985768250706
G10,Cc1c(Br)cnc2[nH]ccc12,"5-bromo-4-methyl-1H-pyrrolo[2,3-b]pyridine",0.08442480000000005 milligram,0.40000000000000013 micromole,0.08442480000000006 microliter,C8H7BrN2,1.0,COc1cc(F)c(B(O)O)c(F)c1,417385008,0.09021024000000001 milligram,0.4800000000000001 micromole,0.09021024000000002 microliter,C7H7BF2O3,1.1999999999999997,CC(C)C1=CC(C(C)C)=CC(C(C)C)=C1C2=C([P+](C3CCCCC3)([Pd-2]4(OS(C)(=O)=O)C(C=CC=C5)=C5C6=C([NH+]4C)C=CC=C6)C7CCCCC7)C=CC=C2,XPhos Pd G4,0.08260742400000001 milligram,0.09600000000000003 micromole,0.08260742400000003 microliter,C47H64NO3PPdS,0.24,C1COCCO1,DMF,20.52 milligram,232.90127800603818 micromole,21.6 microliter,C4H8O2,582.2531950150952,[K+].[K+].[K+].[O-]P([O-])([O-])=O,K3PO4,0.7641504000000002 milligram,3.6000000000000014 micromole,0.7641504000000005 microliter,K3O4P,9.0,O,water,3.047886095999999 milligram,169.18601698584507 micromole,3.047886095999999 microliter,H2O,422.96504246461257,CN1C=NC2=C1C(=O)N(C(=O)N2C)C,caffeine,0.09321168000000002 milligram,0.4800000000000001 micromole,0.09321168000000003 microliter,C8H10N4O2,1.1999999999999997,C1COCCO1,dioxane,3.3935943787199996 milligram,38.51717679522393 micromole,3.2947518239999996 microliter,C4H8O2,96.2929419880598,COc1cc(F)c(-c2cnc3[nH]ccc3c2C)c(F)c1,suzuki_product,0.0 milligram,0.0 micromole,0 microliter,C15H12F2N2O,0.0,Cc1ccnc2[nH]ccc12,dehalogenation_byproduct,0.0 milligram,0.0 micromole,0 microliter,C8H8N2,0.0,COc1cc(F)cc(F)c1,deborylation_byproduct,0.0 milligram,0.0 micromole,0 microliter,C7H6F2O,0.0,COc1cc(F)c(B(O)O)c(F)c1.Cc1c(Br)cnc2[nH]ccc12>>COc1cc(F)c(-c2cnc3[nH]ccc3c2C)c(F)c1.COc1cc(F)cc(F)c1.Cc1ccnc2[nH]ccc12,pcr_G10,,,,,,,,,,,,,,,12/18/2023 9:59:40 PM,5,011_rln-nb-2443_018_ct-126_154.raw,1,Rxn_Opt_HSST3_2_98_2min,"G,10",2min_100_1500.EXP,"G,10",pcr_G10,pcr_G10,Eunjae Shim,0.0
G11,COc1ccc(-c2nnc(Br)o2)cc1,"2-bromo-5-(4-methoxyphenyl)-1,3,4-oxadiazole",0.10202840000000003 milligram,0.40000000000000013 micromole,0.10202840000000006 microliter,C9H7BrN2O2,1.0,COc1cc(F)c(B(O)O)c(F)c1,417385008,0.09021024000000001 milligram,0.4800000000000001 micromole,0.09021024000000002 microliter,C7H7BF2O3,1.1999999999999997,CC(C)C1=CC(C(C)C)=CC(C(C)C)=C1C2=C([P+](C3CCCCC3)([Pd-2]4(OS(C)(=O)=O)C(C=CC=C5)=C5C6=C([NH+]4C)C=CC=C6)C7CCCCC7)C=CC=C2,XPhos Pd G4,0.08260742400000001 milligram,0.09600000000000003 micromole,0.08260742400000003 microliter,C47H64NO3PPdS,0.24,C1COCCO1,DMF,20.52 milligram,232.90127800603818 micromole,21.6 microliter,C4H8O2,582.2531950150952,[K+].[K+].[K+].[O-]P([O-])([O-])=O,K3PO4,0.7641504000000002 milligram,3.6000000000000014 micromole,0.7641504000000005 microliter,K3O4P,9.0,O,water,3.047886095999999 milligram,169.18601698584507 micromole,3.047886095999999 microliter,H2O,422.96504246461257,CN1C=NC2=C1C(=O)N(C(=O)N2C)C,caffeine,0.09321168000000002 milligram,0.4800000000000001 micromole,0.09321168000000003 microliter,C8H10N4O2,1.1999999999999997,C1COCCO1,dioxane,3.3935943787199996 milligram,38.51717679522393 micromole,3.2947518239999996 microliter,C4H8O2,96.2929419880598,COc1ccc(-c2nnc(-c3c(F)cc(OC)cc3F)o2)cc1,suzuki_product,0.0 milligram,0.0 micromole,0 microliter,C16H12F2N2O3,0.0,COc1ccc(-c2nnco2)cc1,dehalogenation_byproduct,0.0 milligram,0.0 micromole,0 microliter,C9H8N2O2,0.0,COc1cc(F)cc(F)c1,deborylation_byproduct,0.0 milligram,0.0 micromole,0 microliter,C7H6F2O,0.0,COc1cc(F)c(B(O)O)c(F)c1.COc1ccc(-c2nnc(Br)o2)cc1>>COc1cc(F)cc(F)c1.COc1ccc(-c2nnc(-c3c(F)cc(OC)cc3F)o2)cc1.COc1ccc(-c2nnco2)cc1,pcr_G11,,,,,,,,,,,,,,,12/18/2023 10:02:10 PM,5,011_rln-nb-2443_018_ct-126_155.raw,1,Rxn_Opt_HSST3_2_98_2min,"G,11",2min_100_1500.EXP,"G,11",pcr_G11,pcr_G11,Eunjae Shim,0.0
G12,BrC1=CC=CC=C1,phenylbromide,0.06280400000000001 milligram,0.40000000000000013 micromole,0.06280400000000003 microliter,C6H5Br,1.0,COc1cc(F)c(B(O)O)c(F)c1,417385008,0.09021024000000001 milligram,0.4800000000000001 micromole,0.09021024000000002 microliter,C7H7BF2O3,1.1999999999999997,CC(C)C1=CC(C(C)C)=CC(C(C)C)=C1C2=C([P+](C3CCCCC3)([Pd-2]4(OS(C)(=O)=O)C(C=CC=C5)=C5C6=C([NH+]4C)C=CC=C6)C7CCCCC7)C=CC=C2,XPhos Pd G4,0.08260742400000001 milligram,0.09600000000000003 micromole,0.08260742400000003 microliter,C47H64NO3PPdS,0.24,C1COCCO1,DMF,20.52 milligram,232.90127800603818 micromole,21.6 microliter,C4H8O2,582.2531950150952,[K+].[K+].[K+].[O-]P([O-])([O-])=O,K3PO4,0.7641504000000002 milligram,3.6000000000000014 micromole,0.7641504000000005 microliter,K3O4P,9.0,O,water,3.047886095999999 milligram,169.18601698584507 micromole,3.047886095999999 microliter,H2O,422.96504246461257,CN1C=NC2=C1C(=O)N(C(=O)N2C)C,caffeine,0.09321168000000002 milligram,0.4800000000000001 micromole,0.09321168000000003 microliter,C8H10N4O2,1.1999999999999997,C1COCCO1,dioxane,3.3935943787199996 milligram,38.51717679522393 micromole,3.2947518239999996 microliter,C4H8O2,96.2929419880598,COc1cc(F)c(-c2ccccc2)c(F)c1,suzuki_product,0.0 milligram,0.0 micromole,0 microliter,C13H10F2O,0.0,c1ccccc1,dehalogenation_byproduct,0.0 milligram,0.0 micromole,0 microliter,C6H6,0.0,COc1cc(F)cc(F)c1,deborylation_byproduct,0.0 milligram,0.0 micromole,0 microliter,C7H6F2O,0.0,BrC1=CC=CC=C1.COc1cc(F)c(B(O)O)c(F)c1>>COc1cc(F)c(-c2ccccc2)c(F)c1.COc1cc(F)cc(F)c1.c1ccccc1,pcr_G12,,,,,,,,,,,,,,,12/18/2023 10:04:39 PM,5,011_rln-nb-2443_018_ct-126_156.raw,1,Rxn_Opt_HSST3_2_98_2min,"G,12",2min_100_1500.EXP,"G,12",pcr_G12,pcr_G12,Eunjae Shim,0.0
G13,CC1=C(C(=NN1C(C)C)N)Br,4-BROMO-1-ISOPROPYL-5-METHYL-1H-PYRAZOL-3-AMINE,0.08723920000000002 milligram,0.40000000000000013 micromole,0.08723920000000003 microliter,C7H12BrN3,1.0,COc1ccc(B(O)O)cn1,417707152,0.07341408 milligram,0.4800000000000001 micromole,0.07341408000000002 microliter,C6H8BNO3,1.1999999999999997,CC(C)C1=CC(C(C)C)=CC(C(C)C)=C1C2=C([P+](C3CCCCC3)([Pd-2]4(OS(C)(=O)=O)C(C=CC=C5)=C5C6=C([NH+]4C)C=CC=C6)C7CCCCC7)C=CC=C2,XPhos Pd G4,0.08260742400000001 milligram,0.09600000000000003 micromole,0.08260742400000003 microliter,C47H64NO3PPdS,0.24,C1COCCO1,DMF,20.52 milligram,232.90127800603818 micromole,21.6 microliter,C4H8O2,582.2531950150952,[K+].[K+].[K+].[O-]P([O-])([O-])=O,K3PO4,0.7641504000000002 milligram,3.6000000000000014 micromole,0.7641504000000005 microliter,K3O4P,9.0,O,water,3.047886095999999 milligram,169.18601698584507 micromole,3.047886095999999 microliter,H2O,422.96504246461257,CN1C=NC2=C1C(=O)N(C(=O)N2C)C,caffeine,0.09321168000000002 milligram,0.4800000000000001 micromole,0.09321168000000003 microliter,C8H10N4O2,1.1999999999999997,C1COCCO1,dioxane,3.3935943787199996 milligram,38.51717679522393 micromole,3.2947518239999996 microliter,C4H8O2,96.2929419880598,COc1ccc(-c2c(N)nn(C(C)C)c2C)cn1,suzuki_product,0.0 milligram,0.0 micromole,0 microliter,C13H18N4O,0.0,Cc1cc(N)nn1C(C)C,dehalogenation_byproduct,0.0 milligram,0.0 micromole,0 microliter,C7H13N3,0.0,COc1ccccn1,deborylation_byproduct,0.0 milligram,0.0 micromole,0 microliter,C6H7NO,0.0,CC1=C(C(=NN1C(C)C)N)Br.COc1ccc(B(O)O)cn1>>COc1ccc(-c2c(N)nn(C(C)C)c2C)cn1.COc1ccccn1.Cc1cc(N)nn1C(C)C,pcr_G13,,,,,,,,,,,,,,,12/18/2023 10:07:08 PM,5,011_rln-nb-2443_018_ct-126_157.raw,1,Rxn_Opt_HSST3_2_98_2min,"G,13",2min_100_1500.EXP,"G,13",pcr_G13,pcr_G13,Eunjae Shim,1.5610564918749277
G14,C1CON=C1C2=CC=C(C=C2)Br,"3-(4-bromophenyl)-4,5-dihydro-1,2-oxazole",0.09042920000000002 milligram,0.40000000000000013 micromole,0.09042920000000003 microliter,C9H8BrNO,1.0,COc1ccc(B(O)O)cn1,417707152,0.07341408 milligram,0.4800000000000001 micromole,0.07341408000000002 microliter,C6H8BNO3,1.1999999999999997,CC(C)C1=CC(C(C)C)=CC(C(C)C)=C1C2=C([P+](C3CCCCC3)([Pd-2]4(OS(C)(=O)=O)C(C=CC=C5)=C5C6=C([NH+]4C)C=CC=C6)C7CCCCC7)C=CC=C2,XPhos Pd G4,0.08260742400000001 milligram,0.09600000000000003 micromole,0.08260742400000003 microliter,C47H64NO3PPdS,0.24,C1COCCO1,DMF,20.52 milligram,232.90127800603818 micromole,21.6 microliter,C4H8O2,582.2531950150952,[K+].[K+].[K+].[O-]P([O-])([O-])=O,K3PO4,0.7641504000000002 milligram,3.6000000000000014 micromole,0.7641504000000005 microliter,K3O4P,9.0,O,water,3.047886095999999 milligram,169.18601698584507 micromole,3.047886095999999 microliter,H2O,422.96504246461257,CN1C=NC2=C1C(=O)N(C(=O)N2C)C,caffeine,0.09321168000000002 milligram,0.4800000000000001 micromole,0.09321168000000003 microliter,C8H10N4O2,1.1999999999999997,C1COCCO1,dioxane,3.3935943787199996 milligram,38.51717679522393 micromole,3.2947518239999996 microliter,C4H8O2,96.2929419880598,COc1ccc(-c2ccc(C3=NOCC3)cc2)cn1,suzuki_product,0.0 milligram,0.0 micromole,0 microliter,C15H14N2O2,0.0,c1ccc(C2=NOCC2)cc1,dehalogenation_byproduct,0.0 milligram,0.0 micromole,0 microliter,C9H9NO,0.0,COc1ccccn1,deborylation_byproduct,0.0 milligram,0.0 micromole,0 microliter,C6H7NO,0.0,C1CON=C1C2=CC=C(C=C2)Br.COc1ccc(B(O)O)cn1>>COc1ccc(-c2ccc(C3=NOCC3)cc2)cn1.COc1ccccn1.c1ccc(C2=NOCC2)cc1,pcr_G14,,,,,,,,,,,,,,,12/18/2023 10:09:37 PM,5,011_rln-nb-2443_018_ct-126_158.raw,1,Rxn_Opt_HSST3_2_98_2min,"G,14",2min_100_1500.EXP,"G,14",pcr_G14,pcr_G14,Eunjae Shim,48.53048427884499
G15,C1=NC(=C(NC1=O)Cl)Br,5-bromo-6-chloropyrazin-2-ol,0.08377200000000001 milligram,0.40000000000000013 micromole,0.08377200000000003 microliter,C4H2BrClN2O,1.0,COc1ccc(B(O)O)cn1,417707152,0.07341408 milligram,0.4800000000000001 micromole,0.07341408000000002 microliter,C6H8BNO3,1.1999999999999997,CC(C)C1=CC(C(C)C)=CC(C(C)C)=C1C2=C([P+](C3CCCCC3)([Pd-2]4(OS(C)(=O)=O)C(C=CC=C5)=C5C6=C([NH+]4C)C=CC=C6)C7CCCCC7)C=CC=C2,XPhos Pd G4,0.08260742400000001 milligram,0.09600000000000003 micromole,0.08260742400000003 microliter,C47H64NO3PPdS,0.24,C1COCCO1,DMF,20.52 milligram,232.90127800603818 micromole,21.6 microliter,C4H8O2,582.2531950150952,[K+].[K+].[K+].[O-]P([O-])([O-])=O,K3PO4,0.7641504000000002 milligram,3.6000000000000014 micromole,0.7641504000000005 microliter,K3O4P,9.0,O,water,3.047886095999999 milligram,169.18601698584507 micromole,3.047886095999999 microliter,H2O,422.96504246461257,CN1C=NC2=C1C(=O)N(C(=O)N2C)C,caffeine,0.09321168000000002 milligram,0.4800000000000001 micromole,0.09321168000000003 microliter,C8H10N4O2,1.1999999999999997,C1COCCO1,dioxane,3.3935943787199996 milligram,38.51717679522393 micromole,3.2947518239999996 microliter,C4H8O2,96.2929419880598,COc1ccc(-c2[nH]c(=O)cnc2Br)cn1,suzuki_product,0.0 milligram,0.0 micromole,0 microliter,C10H8BrN3O2,0.0,O=c1cncc(Cl)[nH]1,dehalogenation_byproduct,0.0 milligram,0.0 micromole,0 microliter,C4H3ClN2O,0.0,O=c1cnc(Br)c[nH]1,dehalogenation_byproduct,0.0 milligram,0.0 micromole,0 microliter,C4H3BrN2O,0.0,C1=NC(=C(NC1=O)Cl)Br.COc1ccc(B(O)O)cn1>>COc1ccc(-c2[nH]c(=O)cnc2Br)cn1.COc1ccc(-c2ncc(=O)[nH]c2Cl)cn1.COc1ccccn1.O=c1cnc(Br)c[nH]1.O=c1cncc(Cl)[nH]1,pcr_G15,COc1ccc(-c2ncc(=O)[nH]c2Cl)cn1,suzuki_product,0.0 milligram,0.0 micromole,0 microliter,C10H8ClN3O2,0.0,COc1ccccn1,deborylation_byproduct,0.0 milligram,0.0 micromole,0 microliter,C6H7NO,0.0,12/18/2023 10:12:07 PM,5,011_rln-nb-2443_018_ct-126_159.raw,1,Rxn_Opt_HSST3_2_98_2min,"G,15",2min_100_1500.EXP,"G,15",pcr_G15,pcr_G15,Eunjae Shim,0.0
G16,Cc1c(Br)cnc2[nH]ccc12,"5-bromo-4-methyl-1H-pyrrolo[2,3-b]pyridine",0.08442480000000005 milligram,0.40000000000000013 micromole,0.08442480000000006 microliter,C8H7BrN2,1.0,COc1ccc(B(O)O)cn1,417707152,0.07341408 milligram,0.4800000000000001 micromole,0.07341408000000002 microliter,C6H8BNO3,1.1999999999999997,CC(C)C1=CC(C(C)C)=CC(C(C)C)=C1C2=C([P+](C3CCCCC3)([Pd-2]4(OS(C)(=O)=O)C(C=CC=C5)=C5C6=C([NH+]4C)C=CC=C6)C7CCCCC7)C=CC=C2,XPhos Pd G4,0.08260742400000001 milligram,0.09600000000000003 micromole,0.08260742400000003 microliter,C47H64NO3PPdS,0.24,C1COCCO1,DMF,20.52 milligram,232.90127800603818 micromole,21.6 microliter,C4H8O2,582.2531950150952,[K+].[K+].[K+].[O-]P([O-])([O-])=O,K3PO4,0.7641504000000002 milligram,3.6000000000000014 micromole,0.7641504000000005 microliter,K3O4P,9.0,O,water,3.047886095999999 milligram,169.18601698584507 micromole,3.047886095999999 microliter,H2O,422.96504246461257,CN1C=NC2=C1C(=O)N(C(=O)N2C)C,caffeine,0.09321168000000002 milligram,0.4800000000000001 micromole,0.09321168000000003 microliter,C8H10N4O2,1.1999999999999997,C1COCCO1,dioxane,3.3935943787199996 milligram,38.51717679522393 micromole,3.2947518239999996 microliter,C4H8O2,96.2929419880598,COc1ccc(-c2cnc3[nH]ccc3c2C)cn1,suzuki_product,0.0 milligram,0.0 micromole,0 microliter,C14H13N3O,0.0,Cc1ccnc2[nH]ccc12,dehalogenation_byproduct,0.0 milligram,0.0 micromole,0 microliter,C8H8N2,0.0,COc1ccccn1,deborylation_byproduct,0.0 milligram,0.0 micromole,0 microliter,C6H7NO,0.0,COc1ccc(B(O)O)cn1.Cc1c(Br)cnc2[nH]ccc12>>COc1ccc(-c2cnc3[nH]ccc3c2C)cn1.COc1ccccn1.Cc1ccnc2[nH]ccc12,pcr_G16,,,,,,,,,,,,,,,12/18/2023 10:14:36 PM,5,011_rln-nb-2443_018_ct-126_160.raw,1,Rxn_Opt_HSST3_2_98_2min,"G,16",2min_100_1500.EXP,"G,16",pcr_G16,pcr_G16,Eunjae Shim,6.6342879905424885
G17,COc1ccc(-c2nnc(Br)o2)cc1,"2-bromo-5-(4-methoxyphenyl)-1,3,4-oxadiazole",0.10202840000000003 milligram,0.40000000000000013 micromole,0.10202840000000006 microliter,C9H7BrN2O2,1.0,COc1ccc(B(O)O)cn1,417707152,0.07341408 milligram,0.4800000000000001 micromole,0.07341408000000002 microliter,C6H8BNO3,1.1999999999999997,CC(C)C1=CC(C(C)C)=CC(C(C)C)=C1C2=C([P+](C3CCCCC3)([Pd-2]4(OS(C)(=O)=O)C(C=CC=C5)=C5C6=C([NH+]4C)C=CC=C6)C7CCCCC7)C=CC=C2,XPhos Pd G4,0.08260742400000001 milligram,0.09600000000000003 micromole,0.08260742400000003 microliter,C47H64NO3PPdS,0.24,C1COCCO1,DMF,20.52 milligram,232.90127800603818 micromole,21.6 microliter,C4H8O2,582.2531950150952,[K+].[K+].[K+].[O-]P([O-])([O-])=O,K3PO4,0.7641504000000002 milligram,3.6000000000000014 micromole,0.7641504000000005 microliter,K3O4P,9.0,O,water,3.047886095999999 milligram,169.18601698584507 micromole,3.047886095999999 microliter,H2O,422.96504246461257,CN1C=NC2=C1C(=O)N(C(=O)N2C)C,caffeine,0.09321168000000002 milligram,0.4800000000000001 micromole,0.09321168000000003 microliter,C8H10N4O2,1.1999999999999997,C1COCCO1,dioxane,3.3935943787199996 milligram,38.51717679522393 micromole,3.2947518239999996 microliter,C4H8O2,96.2929419880598,COc1ccc(-c2nnc(-c3ccc(OC)nc3)o2)cc1,suzuki_product,0.0 milligram,0.0 micromole,0 microliter,C15H13N3O3,0.0,COc1ccc(-c2nnco2)cc1,dehalogenation_byproduct,0.0 milligram,0.0 micromole,0 microliter,C9H8N2O2,0.0,COc1ccccn1,deborylation_byproduct,0.0 milligram,0.0 micromole,0 microliter,C6H7NO,0.0,COc1ccc(-c2nnc(Br)o2)cc1.COc1ccc(B(O)O)cn1>>COc1ccc(-c2nnc(-c3ccc(OC)nc3)o2)cc1.COc1ccc(-c2nnco2)cc1.COc1ccccn1,pcr_G17,,,,,,,,,,,,,,,12/18/2023 10:17:06 PM,5,011_rln-nb-2443_018_ct-126_161.raw,1,Rxn_Opt_HSST3_2_98_2min,"G,17",2min_100_1500.EXP,"G,17",pcr_G17,pcr_G17,Eunjae Shim,6.759967777192245
G18,BrC1=CC=CC=C1,phenylbromide,0.06280400000000001 milligram,0.40000000000000013 micromole,0.06280400000000003 microliter,C6H5Br,1.0,COc1ccc(B(O)O)cn1,417707152,0.07341408 milligram,0.4800000000000001 micromole,0.07341408000000002 microliter,C6H8BNO3,1.1999999999999997,CC(C)C1=CC(C(C)C)=CC(C(C)C)=C1C2=C([P+](C3CCCCC3)([Pd-2]4(OS(C)(=O)=O)C(C=CC=C5)=C5C6=C([NH+]4C)C=CC=C6)C7CCCCC7)C=CC=C2,XPhos Pd G4,0.08260742400000001 milligram,0.09600000000000003 micromole,0.08260742400000003 microliter,C47H64NO3PPdS,0.24,C1COCCO1,DMF,20.52 milligram,232.90127800603818 micromole,21.6 microliter,C4H8O2,582.2531950150952,[K+].[K+].[K+].[O-]P([O-])([O-])=O,K3PO4,0.7641504000000002 milligram,3.6000000000000014 micromole,0.7641504000000005 microliter,K3O4P,9.0,O,water,3.047886095999999 milligram,169.18601698584507 micromole,3.047886095999999 microliter,H2O,422.96504246461257,CN1C=NC2=C1C(=O)N(C(=O)N2C)C,caffeine,0.09321168000000002 milligram,0.4800000000000001 micromole,0.09321168000000003 microliter,C8H10N4O2,1.1999999999999997,C1COCCO1,dioxane,3.3935943787199996 milligram,38.51717679522393 micromole,3.2947518239999996 microliter,C4H8O2,96.2929419880598,COc1ccc(-c2ccccc2)cn1,suzuki_product,0.0 milligram,0.0 micromole,0 microliter,C12H11NO,0.0,c1ccccc1,dehalogenation_byproduct,0.0 milligram,0.0 micromole,0 microliter,C6H6,0.0,COc1ccccn1,deborylation_byproduct,0.0 milligram,0.0 micromole,0 microliter,C6H7NO,0.0,BrC1=CC=CC=C1.COc1ccc(B(O)O)cn1>>COc1ccc(-c2ccccc2)cn1.COc1ccccn1.c1ccccc1,pcr_G18,,,,,,,,,,,,,,,12/18/2023 10:19:35 PM,5,011_rln-nb-2443_018_ct-126_162.raw,1,Rxn_Opt_HSST3_2_98_2min,"G,18",2min_100_1500.EXP,"G,18",pcr_G18,pcr_G18,Eunjae Shim,0.0
G19,CC1=C(C(=NN1C(C)C)N)Br,4-BROMO-1-ISOPROPYL-5-METHYL-1H-PYRAZOL-3-AMINE,0.08723920000000002 milligram,0.40000000000000013 micromole,0.08723920000000003 microliter,C7H12BrN3,1.0,COc1cc(F)c(B(O)O)c(F)c1,417385008,0.09021024000000001 milligram,0.4800000000000001 micromole,0.09021024000000002 microliter,C7H7BF2O3,1.1999999999999997,CC(C)C1=CC(C(C)C)=CC(C(C)C)=C1C2=C([P+](C3CCCCC3)([Pd-2]4(OS(C)(=O)=O)C(C=CC=C5)=C5C6=C([NH+]4C)C=CC=C6)C7CCCCC7)C=CC=C2,XPhos Pd G4,0.08260742400000001 milligram,0.09600000000000003 micromole,0.08260742400000003 microliter,C47H64NO3PPdS,0.24,C1COCCO1,DMF,20.52 milligram,232.90127800603818 micromole,21.6 microliter,C4H8O2,582.2531950150952,[K+].[K+].[K+].[O-]P([O-])([O-])=O,K3PO4,0.7641504000000002 milligram,3.6000000000000014 micromole,0.7641504000000005 microliter,K3O4P,9.0,O,water,3.047886095999999 milligram,169.18601698584507 micromole,3.047886095999999 microliter,H2O,422.96504246461257,CN1C=NC2=C1C(=O)N(C(=O)N2C)C,caffeine,0.09321168000000002 milligram,0.4800000000000001 micromole,0.09321168000000003 microliter,C8H10N4O2,1.1999999999999997,C1COCCO1,dioxane,3.3935943787199996 milligram,38.51717679522393 micromole,3.2947518239999996 microliter,C4H8O2,96.2929419880598,COc1cc(F)c(-c2c(N)nn(C(C)C)c2C)c(F)c1,suzuki_product,0.0 milligram,0.0 micromole,0 microliter,C14H17F2N3O,0.0,Cc1cc(N)nn1C(C)C,dehalogenation_byproduct,0.0 milligram,0.0 micromole,0 microliter,C7H13N3,0.0,COc1cc(F)cc(F)c1,deborylation_byproduct,0.0 milligram,0.0 micromole,0 microliter,C7H6F2O,0.0,CC1=C(C(=NN1C(C)C)N)Br.COc1cc(F)c(B(O)O)c(F)c1>>COc1cc(F)c(-c2c(N)nn(C(C)C)c2C)c(F)c1.COc1cc(F)cc(F)c1.Cc1cc(N)nn1C(C)C,pcr_G19,,,,,,,,,,,,,,,12/18/2023 10:22:04 PM,5,011_rln-nb-2443_018_ct-126_163.raw,1,Rxn_Opt_HSST3_2_98_2min,"G,19",2min_100_1500.EXP,"G,19",pcr_G19,pcr_G19,Eunjae Shim,3.797450173845207
G20,C1CON=C1C2=CC=C(C=C2)Br,"3-(4-bromophenyl)-4,5-dihydro-1,2-oxazole",0.09042920000000002 milligram,0.40000000000000013 micromole,0.09042920000000003 microliter,C9H8BrNO,1.0,COc1cc(F)c(B(O)O)c(F)c1,417385008,0.09021024000000001 milligram,0.4800000000000001 micromole,0.09021024000000002 microliter,C7H7BF2O3,1.1999999999999997,CC(C)C1=CC(C(C)C)=CC(C(C)C)=C1C2=C([P+](C3CCCCC3)([Pd-2]4(OS(C)(=O)=O)C(C=CC=C5)=C5C6=C([NH+]4C)C=CC=C6)C7CCCCC7)C=CC=C2,XPhos Pd G4,0.08260742400000001 milligram,0.09600000000000003 micromole,0.08260742400000003 microliter,C47H64NO3PPdS,0.24,C1COCCO1,DMF,20.52 milligram,232.90127800603818 micromole,21.6 microliter,C4H8O2,582.2531950150952,[K+].[K+].[K+].[O-]P([O-])([O-])=O,K3PO4,0.7641504000000002 milligram,3.6000000000000014 micromole,0.7641504000000005 microliter,K3O4P,9.0,O,water,3.047886095999999 milligram,169.18601698584507 micromole,3.047886095999999 microliter,H2O,422.96504246461257,CN1C=NC2=C1C(=O)N(C(=O)N2C)C,caffeine,0.09321168000000002 milligram,0.4800000000000001 micromole,0.09321168000000003 microliter,C8H10N4O2,1.1999999999999997,C1COCCO1,dioxane,3.3935943787199996 milligram,38.51717679522393 micromole,3.2947518239999996 microliter,C4H8O2,96.2929419880598,COc1cc(F)c(-c2ccc(C3=NOCC3)cc2)c(F)c1,suzuki_product,0.0 milligram,0.0 micromole,0 microliter,C16H13F2NO2,0.0,c1ccc(C2=NOCC2)cc1,dehalogenation_byproduct,0.0 milligram,0.0 micromole,0 microliter,C9H9NO,0.0,COc1cc(F)cc(F)c1,deborylation_byproduct,0.0 milligram,0.0 micromole,0 microliter,C7H6F2O,0.0,C1CON=C1C2=CC=C(C=C2)Br.COc1cc(F)c(B(O)O)c(F)c1>>COc1cc(F)c(-c2ccc(C3=NOCC3)cc2)c(F)c1.COc1cc(F)cc(F)c1.c1ccc(C2=NOCC2)cc1,pcr_G20,,,,,,,,,,,,,,,12/18/2023 10:24:33 PM,5,011_rln-nb-2443_018_ct-126_164.raw,1,Rxn_Opt_HSST3_2_98_2min,"G,20",2min_100_1500.EXP,"G,20",pcr_G20,pcr_G20,Eunjae Shim,24.02245926178691
G21,C1=NC(=C(NC1=O)Cl)Br,5-bromo-6-chloropyrazin-2-ol,0.08377200000000001 milligram,0.40000000000000013 micromole,0.08377200000000003 microliter,C4H2BrClN2O,1.0,COc1cc(F)c(B(O)O)c(F)c1,417385008,0.09021024000000001 milligram,0.4800000000000001 micromole,0.09021024000000002 microliter,C7H7BF2O3,1.1999999999999997,CC(C)C1=CC(C(C)C)=CC(C(C)C)=C1C2=C([P+](C3CCCCC3)([Pd-2]4(OS(C)(=O)=O)C(C=CC=C5)=C5C6=C([NH+]4C)C=CC=C6)C7CCCCC7)C=CC=C2,XPhos Pd G4,0.08260742400000001 milligram,0.09600000000000003 micromole,0.08260742400000003 microliter,C47H64NO3PPdS,0.24,C1COCCO1,DMF,20.52 milligram,232.90127800603818 micromole,21.6 microliter,C4H8O2,582.2531950150952,[K+].[K+].[K+].[O-]P([O-])([O-])=O,K3PO4,0.7641504000000002 milligram,3.6000000000000014 micromole,0.7641504000000005 microliter,K3O4P,9.0,O,water,3.047886095999999 milligram,169.18601698584507 micromole,3.047886095999999 microliter,H2O,422.96504246461257,CN1C=NC2=C1C(=O)N(C(=O)N2C)C,caffeine,0.09321168000000002 milligram,0.4800000000000001 micromole,0.09321168000000003 microliter,C8H10N4O2,1.1999999999999997,C1COCCO1,dioxane,3.3935943787199996 milligram,38.51717679522393 micromole,3.2947518239999996 microliter,C4H8O2,96.2929419880598,COc1cc(F)c(-c2[nH]c(=O)cnc2Br)c(F)c1,suzuki_product,0.0 milligram,0.0 micromole,0 microliter,C11H7BrF2N2O2,0.0,O=c1cncc(Cl)[nH]1,dehalogenation_byproduct,0.0 milligram,0.0 micromole,0 microliter,C4H3ClN2O,0.0,O=c1cnc(Br)c[nH]1,dehalogenation_byproduct,0.0 milligram,0.0 micromole,0 microliter,C4H3BrN2O,0.0,C1=NC(=C(NC1=O)Cl)Br.COc1cc(F)c(B(O)O)c(F)c1>>COc1cc(F)c(-c2[nH]c(=O)cnc2Br)c(F)c1.COc1cc(F)c(-c2ncc(=O)[nH]c2Cl)c(F)c1.COc1cc(F)cc(F)c1.O=c1cnc(Br)c[nH]1.O=c1cncc(Cl)[nH]1,pcr_G21,COc1cc(F)c(-c2ncc(=O)[nH]c2Cl)c(F)c1,suzuki_product,0.0 milligram,0.0 micromole,0 microliter,C11H7ClF2N2O2,0.0,COc1cc(F)cc(F)c1,deborylation_byproduct,0.0 milligram,0.0 micromole,0 microliter,C7H6F2O,0.0,12/18/2023 10:27:02 PM,5,011_rln-nb-2443_018_ct-126_165.raw,1,Rxn_Opt_HSST3_2_98_2min,"G,21",2min_100_1500.EXP,"G,21",pcr_G21,pcr_G21,Eunjae Shim,2.057789910552143
G22,Cc1c(Br)cnc2[nH]ccc12,"5-bromo-4-methyl-1H-pyrrolo[2,3-b]pyridine",0.08442480000000005 milligram,0.40000000000000013 micromole,0.08442480000000006 microliter,C8H7BrN2,1.0,COc1cc(F)c(B(O)O)c(F)c1,417385008,0.09021024000000001 milligram,0.4800000000000001 micromole,0.09021024000000002 microliter,C7H7BF2O3,1.1999999999999997,CC(C)C1=CC(C(C)C)=CC(C(C)C)=C1C2=C([P+](C3CCCCC3)([Pd-2]4(OS(C)(=O)=O)C(C=CC=C5)=C5C6=C([NH+]4C)C=CC=C6)C7CCCCC7)C=CC=C2,XPhos Pd G4,0.08260742400000001 milligram,0.09600000000000003 micromole,0.08260742400000003 microliter,C47H64NO3PPdS,0.24,C1COCCO1,DMF,20.52 milligram,232.90127800603818 micromole,21.6 microliter,C4H8O2,582.2531950150952,[K+].[K+].[K+].[O-]P([O-])([O-])=O,K3PO4,0.7641504000000002 milligram,3.6000000000000014 micromole,0.7641504000000005 microliter,K3O4P,9.0,O,water,3.047886095999999 milligram,169.18601698584507 micromole,3.047886095999999 microliter,H2O,422.96504246461257,CN1C=NC2=C1C(=O)N(C(=O)N2C)C,caffeine,0.09321168000000002 milligram,0.4800000000000001 micromole,0.09321168000000003 microliter,C8H10N4O2,1.1999999999999997,C1COCCO1,dioxane,3.3935943787199996 milligram,38.51717679522393 micromole,3.2947518239999996 microliter,C4H8O2,96.2929419880598,COc1cc(F)c(-c2cnc3[nH]ccc3c2C)c(F)c1,suzuki_product,0.0 milligram,0.0 micromole,0 microliter,C15H12F2N2O,0.0,Cc1ccnc2[nH]ccc12,dehalogenation_byproduct,0.0 milligram,0.0 micromole,0 microliter,C8H8N2,0.0,COc1cc(F)cc(F)c1,deborylation_byproduct,0.0 milligram,0.0 micromole,0 microliter,C7H6F2O,0.0,COc1cc(F)c(B(O)O)c(F)c1.Cc1c(Br)cnc2[nH]ccc12>>COc1cc(F)c(-c2cnc3[nH]ccc3c2C)c(F)c1.COc1cc(F)cc(F)c1.Cc1ccnc2[nH]ccc12,pcr_G22,,,,,,,,,,,,,,,12/18/2023 10:29:33 PM,5,011_rln-nb-2443_018_ct-126_166.raw,1,Rxn_Opt_HSST3_2_98_2min,"G,22",2min_100_1500.EXP,"G,22",pcr_G22,pcr_G22,Eunjae Shim,0.0
G23,COc1ccc(-c2nnc(Br)o2)cc1,"2-bromo-5-(4-methoxyphenyl)-1,3,4-oxadiazole",0.10202840000000003 milligram,0.40000000000000013 micromole,0.10202840000000006 microliter,C9H7BrN2O2,1.0,COc1cc(F)c(B(O)O)c(F)c1,417385008,0.09021024000000001 milligram,0.4800000000000001 micromole,0.09021024000000002 microliter,C7H7BF2O3,1.1999999999999997,CC(C)C1=CC(C(C)C)=CC(C(C)C)=C1C2=C([P+](C3CCCCC3)([Pd-2]4(OS(C)(=O)=O)C(C=CC=C5)=C5C6=C([NH+]4C)C=CC=C6)C7CCCCC7)C=CC=C2,XPhos Pd G4,0.08260742400000001 milligram,0.09600000000000003 micromole,0.08260742400000003 microliter,C47H64NO3PPdS,0.24,C1COCCO1,DMF,20.52 milligram,232.90127800603818 micromole,21.6 microliter,C4H8O2,582.2531950150952,[K+].[K+].[K+].[O-]P([O-])([O-])=O,K3PO4,0.7641504000000002 milligram,3.6000000000000014 micromole,0.7641504000000005 microliter,K3O4P,9.0,O,water,3.047886095999999 milligram,169.18601698584507 micromole,3.047886095999999 microliter,H2O,422.96504246461257,CN1C=NC2=C1C(=O)N(C(=O)N2C)C,caffeine,0.09321168000000002 milligram,0.4800000000000001 micromole,0.09321168000000003 microliter,C8H10N4O2,1.1999999999999997,C1COCCO1,dioxane,3.3935943787199996 milligram,38.51717679522393 micromole,3.2947518239999996 microliter,C4H8O2,96.2929419880598,COc1ccc(-c2nnc(-c3c(F)cc(OC)cc3F)o2)cc1,suzuki_product,0.0 milligram,0.0 micromole,0 microliter,C16H12F2N2O3,0.0,COc1ccc(-c2nnco2)cc1,dehalogenation_byproduct,0.0 milligram,0.0 micromole,0 microliter,C9H8N2O2,0.0,COc1cc(F)cc(F)c1,deborylation_byproduct,0.0 milligram,0.0 micromole,0 microliter,C7H6F2O,0.0,COc1cc(F)c(B(O)O)c(F)c1.COc1ccc(-c2nnc(Br)o2)cc1>>COc1cc(F)cc(F)c1.COc1ccc(-c2nnc(-c3c(F)cc(OC)cc3F)o2)cc1.COc1ccc(-c2nnco2)cc1,pcr_G23,,,,,,,,,,,,,,,12/18/2023 10:32:02 PM,5,011_rln-nb-2443_018_ct-126_167.raw,1,Rxn_Opt_HSST3_2_98_2min,"G,23",2min_100_1500.EXP,"G,23",pcr_G23,pcr_G23,Eunjae Shim,0.0
G24,BrC1=CC=CC=C1,phenylbromide,0.06280400000000001 milligram,0.40000000000000013 micromole,0.06280400000000003 microliter,C6H5Br,1.0,COc1cc(F)c(B(O)O)c(F)c1,417385008,0.09021024000000001 milligram,0.4800000000000001 micromole,0.09021024000000002 microliter,C7H7BF2O3,1.1999999999999997,CC(C)C1=CC(C(C)C)=CC(C(C)C)=C1C2=C([P+](C3CCCCC3)([Pd-2]4(OS(C)(=O)=O)C(C=CC=C5)=C5C6=C([NH+]4C)C=CC=C6)C7CCCCC7)C=CC=C2,XPhos Pd G4,0.08260742400000001 milligram,0.09600000000000003 micromole,0.08260742400000003 microliter,C47H64NO3PPdS,0.24,C1COCCO1,DMF,20.52 milligram,232.90127800603818 micromole,21.6 microliter,C4H8O2,582.2531950150952,[K+].[K+].[K+].[O-]P([O-])([O-])=O,K3PO4,0.7641504000000002 milligram,3.6000000000000014 micromole,0.7641504000000005 microliter,K3O4P,9.0,O,water,3.047886095999999 milligram,169.18601698584507 micromole,3.047886095999999 microliter,H2O,422.96504246461257,CN1C=NC2=C1C(=O)N(C(=O)N2C)C,caffeine,0.09321168000000002 milligram,0.4800000000000001 micromole,0.09321168000000003 microliter,C8H10N4O2,1.1999999999999997,C1COCCO1,dioxane,3.3935943787199996 milligram,38.51717679522393 micromole,3.2947518239999996 microliter,C4H8O2,96.2929419880598,COc1cc(F)c(-c2ccccc2)c(F)c1,suzuki_product,0.0 milligram,0.0 micromole,0 microliter,C13H10F2O,0.0,c1ccccc1,dehalogenation_byproduct,0.0 milligram,0.0 micromole,0 microliter,C6H6,0.0,COc1cc(F)cc(F)c1,deborylation_byproduct,0.0 milligram,0.0 micromole,0 microliter,C7H6F2O,0.0,BrC1=CC=CC=C1.COc1cc(F)c(B(O)O)c(F)c1>>COc1cc(F)c(-c2ccccc2)c(F)c1.COc1cc(F)cc(F)c1.c1ccccc1,pcr_G24,,,,,,,,,,,,,,,12/18/2023 10:34:31 PM,5,011_rln-nb-2443_018_ct-126_168.raw,1,Rxn_Opt_HSST3_2_98_2min,"G,24",2min_100_1500.EXP,"G,24",pcr_G24,pcr_G24,Eunjae Shim,0.0
H1,CC1=C(C(=NN1C(C)C)N)Br,4-BROMO-1-ISOPROPYL-5-METHYL-1H-PYRAZOL-3-AMINE,0.08723920000000002 milligram,0.40000000000000013 micromole,0.08723920000000003 microliter,C7H12BrN3,1.0,Cc1cc(F)cc(B(O)O)c1,417716397,0.07389552000000002 milligram,0.4800000000000001 micromole,0.07389552000000003 microliter,C7H8BFO2,1.1999999999999997,CC(C)C1=CC(C(C)C)=CC(C(C)C)=C1C2=C([P+](C3CCCCC3)([Pd-2]4(OS(C)(=O)=O)C(C=CC=C5)=C5C6=C([NH+]4C)C=CC=C6)C7CCCCC7)C=CC=C2,XPhos Pd G4,0.08260742400000001 milligram,0.09600000000000003 micromole,0.08260742400000003 microliter,C47H64NO3PPdS,0.24,C1COCCO1,DMF,20.52 milligram,232.90127800603818 micromole,21.6 microliter,C4H8O2,582.2531950150952,[K+].[K+].[K+].[O-]P([O-])([O-])=O,K3PO4,0.7641504000000002 milligram,3.6000000000000014 micromole,0.7641504000000005 microliter,K3O4P,9.0,O,water,3.047886095999999 milligram,169.18601698584507 micromole,3.047886095999999 microliter,H2O,422.96504246461257,CN1C=NC2=C1C(=O)N(C(=O)N2C)C,caffeine,0.09321168000000002 milligram,0.4800000000000001 micromole,0.09321168000000003 microliter,C8H10N4O2,1.1999999999999997,C1COCCO1,dioxane,3.3935943787199996 milligram,38.51717679522393 micromole,3.2947518239999996 microliter,C4H8O2,96.2929419880598,Cc1cc(F)cc(-c2c(N)nn(C(C)C)c2C)c1,suzuki_product,0.0 milligram,0.0 micromole,0 microliter,C14H18FN3,0.0,Cc1cc(N)nn1C(C)C,dehalogenation_byproduct,0.0 milligram,0.0 micromole,0 microliter,C7H13N3,0.0,Cc1cccc(F)c1,deborylation_byproduct,0.0 milligram,0.0 micromole,0 microliter,C7H7F,0.0,CC1=C(C(=NN1C(C)C)N)Br.Cc1cc(F)cc(B(O)O)c1>>Cc1cc(F)cc(-c2c(N)nn(C(C)C)c2C)c1.Cc1cc(N)nn1C(C)C.Cc1cccc(F)c1,pcr_H1,,,,,,,,,,,,,,,12/18/2023 10:37:00 PM,5,011_rln-nb-2443_018_ct-126_169.raw,1,Rxn_Opt_HSST3_2_98_2min,"H,1",2min_100_1500.EXP,"H,1",pcr_H1,pcr_H1,Eunjae Shim,0.0
H2,C1CON=C1C2=CC=C(C=C2)Br,"3-(4-bromophenyl)-4,5-dihydro-1,2-oxazole",0.09042920000000002 milligram,0.40000000000000013 micromole,0.09042920000000003 microliter,C9H8BrNO,1.0,Cc1cc(F)cc(B(O)O)c1,417716397,0.07389552000000002 milligram,0.4800000000000001 micromole,0.07389552000000003 microliter,C7H8BFO2,1.1999999999999997,CC(C)C1=CC(C(C)C)=CC(C(C)C)=C1C2=C([P+](C3CCCCC3)([Pd-2]4(OS(C)(=O)=O)C(C=CC=C5)=C5C6=C([NH+]4C)C=CC=C6)C7CCCCC7)C=CC=C2,XPhos Pd G4,0.08260742400000001 milligram,0.09600000000000003 micromole,0.08260742400000003 microliter,C47H64NO3PPdS,0.24,C1COCCO1,DMF,20.52 milligram,232.90127800603818 micromole,21.6 microliter,C4H8O2,582.2531950150952,[K+].[K+].[K+].[O-]P([O-])([O-])=O,K3PO4,0.7641504000000002 milligram,3.6000000000000014 micromole,0.7641504000000005 microliter,K3O4P,9.0,O,water,3.047886095999999 milligram,169.18601698584507 micromole,3.047886095999999 microliter,H2O,422.96504246461257,CN1C=NC2=C1C(=O)N(C(=O)N2C)C,caffeine,0.09321168000000002 milligram,0.4800000000000001 micromole,0.09321168000000003 microliter,C8H10N4O2,1.1999999999999997,C1COCCO1,dioxane,3.3935943787199996 milligram,38.51717679522393 micromole,3.2947518239999996 microliter,C4H8O2,96.2929419880598,Cc1cc(F)cc(-c2ccc(C3=NOCC3)cc2)c1,suzuki_product,0.0 milligram,0.0 micromole,0 microliter,C16H14FNO,0.0,c1ccc(C2=NOCC2)cc1,dehalogenation_byproduct,0.0 milligram,0.0 micromole,0 microliter,C9H9NO,0.0,Cc1cccc(F)c1,deborylation_byproduct,0.0 milligram,0.0 micromole,0 microliter,C7H7F,0.0,C1CON=C1C2=CC=C(C=C2)Br.Cc1cc(F)cc(B(O)O)c1>>Cc1cc(F)cc(-c2ccc(C3=NOCC3)cc2)c1.Cc1cccc(F)c1.c1ccc(C2=NOCC2)cc1,pcr_H2,,,,,,,,,,,,,,,12/18/2023 10:39:30 PM,5,011_rln-nb-2443_018_ct-126_170.raw,1,Rxn_Opt_HSST3_2_98_2min,"H,2",2min_100_1500.EXP,"H,2",pcr_H2,pcr_H2,Eunjae Shim,63.02268249891985
H3,C1=NC(=C(NC1=O)Cl)Br,5-bromo-6-chloropyrazin-2-ol,0.08377200000000001 milligram,0.40000000000000013 micromole,0.08377200000000003 microliter,C4H2BrClN2O,1.0,Cc1cc(F)cc(B(O)O)c1,417716397,0.07389552000000002 milligram,0.4800000000000001 micromole,0.07389552000000003 microliter,C7H8BFO2,1.1999999999999997,CC(C)C1=CC(C(C)C)=CC(C(C)C)=C1C2=C([P+](C3CCCCC3)([Pd-2]4(OS(C)(=O)=O)C(C=CC=C5)=C5C6=C([NH+]4C)C=CC=C6)C7CCCCC7)C=CC=C2,XPhos Pd G4,0.08260742400000001 milligram,0.09600000000000003 micromole,0.08260742400000003 microliter,C47H64NO3PPdS,0.24,C1COCCO1,DMF,20.52 milligram,232.90127800603818 micromole,21.6 microliter,C4H8O2,582.2531950150952,[K+].[K+].[K+].[O-]P([O-])([O-])=O,K3PO4,0.7641504000000002 milligram,3.6000000000000014 micromole,0.7641504000000005 microliter,K3O4P,9.0,O,water,3.047886095999999 milligram,169.18601698584507 micromole,3.047886095999999 microliter,H2O,422.96504246461257,CN1C=NC2=C1C(=O)N(C(=O)N2C)C,caffeine,0.09321168000000002 milligram,0.4800000000000001 micromole,0.09321168000000003 microliter,C8H10N4O2,1.1999999999999997,C1COCCO1,dioxane,3.3935943787199996 milligram,38.51717679522393 micromole,3.2947518239999996 microliter,C4H8O2,96.2929419880598,Cc1cc(F)cc(-c2[nH]c(=O)cnc2Br)c1,suzuki_product,0.0 milligram,0.0 micromole,0 microliter,C11H8BrFN2O,0.0,O=c1cncc(Cl)[nH]1,dehalogenation_byproduct,0.0 milligram,0.0 micromole,0 microliter,C4H3ClN2O,0.0,O=c1cnc(Br)c[nH]1,dehalogenation_byproduct,0.0 milligram,0.0 micromole,0 microliter,C4H3BrN2O,0.0,C1=NC(=C(NC1=O)Cl)Br.Cc1cc(F)cc(B(O)O)c1>>Cc1cc(F)cc(-c2[nH]c(=O)cnc2Br)c1.Cc1cc(F)cc(-c2ncc(=O)[nH]c2Cl)c1.Cc1cccc(F)c1.O=c1cnc(Br)c[nH]1.O=c1cncc(Cl)[nH]1,pcr_H3,Cc1cc(F)cc(-c2ncc(=O)[nH]c2Cl)c1,suzuki_product,0.0 milligram,0.0 micromole,0 microliter,C11H8ClFN2O,0.0,Cc1cccc(F)c1,deborylation_byproduct,0.0 milligram,0.0 micromole,0 microliter,C7H7F,0.0,12/18/2023 10:41:59 PM,5,011_rln-nb-2443_018_ct-126_171.raw,1,Rxn_Opt_HSST3_2_98_2min,"H,3",2min_100_1500.EXP,"H,3",pcr_H3,pcr_H3,Eunjae Shim,0.0
H4,Cc1c(Br)cnc2[nH]ccc12,"5-bromo-4-methyl-1H-pyrrolo[2,3-b]pyridine",0.08442480000000005 milligram,0.40000000000000013 micromole,0.08442480000000006 microliter,C8H7BrN2,1.0,Cc1cc(F)cc(B(O)O)c1,417716397,0.07389552000000002 milligram,0.4800000000000001 micromole,0.07389552000000003 microliter,C7H8BFO2,1.1999999999999997,CC(C)C1=CC(C(C)C)=CC(C(C)C)=C1C2=C([P+](C3CCCCC3)([Pd-2]4(OS(C)(=O)=O)C(C=CC=C5)=C5C6=C([NH+]4C)C=CC=C6)C7CCCCC7)C=CC=C2,XPhos Pd G4,0.08260742400000001 milligram,0.09600000000000003 micromole,0.08260742400000003 microliter,C47H64NO3PPdS,0.24,C1COCCO1,DMF,20.52 milligram,232.90127800603818 micromole,21.6 microliter,C4H8O2,582.2531950150952,[K+].[K+].[K+].[O-]P([O-])([O-])=O,K3PO4,0.7641504000000002 milligram,3.6000000000000014 micromole,0.7641504000000005 microliter,K3O4P,9.0,O,water,3.047886095999999 milligram,169.18601698584507 micromole,3.047886095999999 microliter,H2O,422.96504246461257,CN1C=NC2=C1C(=O)N(C(=O)N2C)C,caffeine,0.09321168000000002 milligram,0.4800000000000001 micromole,0.09321168000000003 microliter,C8H10N4O2,1.1999999999999997,C1COCCO1,dioxane,3.3935943787199996 milligram,38.51717679522393 micromole,3.2947518239999996 microliter,C4H8O2,96.2929419880598,Cc1cc(F)cc(-c2cnc3[nH]ccc3c2C)c1,suzuki_product,0.0 milligram,0.0 micromole,0 microliter,C15H13FN2,0.0,Cc1ccnc2[nH]ccc12,dehalogenation_byproduct,0.0 milligram,0.0 micromole,0 microliter,C8H8N2,0.0,Cc1cccc(F)c1,deborylation_byproduct,0.0 milligram,0.0 micromole,0 microliter,C7H7F,0.0,Cc1c(Br)cnc2[nH]ccc12.Cc1cc(F)cc(B(O)O)c1>>Cc1cc(F)cc(-c2cnc3[nH]ccc3c2C)c1.Cc1cccc(F)c1.Cc1ccnc2[nH]ccc12,pcr_H4,,,,,,,,,,,,,,,12/18/2023 10:44:29 PM,5,011_rln-nb-2443_018_ct-126_172.raw,1,Rxn_Opt_HSST3_2_98_2min,"H,4",2min_100_1500.EXP,"H,4",pcr_H4,pcr_H4,Eunjae Shim,3.6162872449933956
H5,COc1ccc(-c2nnc(Br)o2)cc1,"2-bromo-5-(4-methoxyphenyl)-1,3,4-oxadiazole",0.10202840000000003 milligram,0.40000000000000013 micromole,0.10202840000000006 microliter,C9H7BrN2O2,1.0,Cc1cc(F)cc(B(O)O)c1,417716397,0.07389552000000002 milligram,0.4800000000000001 micromole,0.07389552000000003 microliter,C7H8BFO2,1.1999999999999997,CC(C)C1=CC(C(C)C)=CC(C(C)C)=C1C2=C([P+](C3CCCCC3)([Pd-2]4(OS(C)(=O)=O)C(C=CC=C5)=C5C6=C([NH+]4C)C=CC=C6)C7CCCCC7)C=CC=C2,XPhos Pd G4,0.08260742400000001 milligram,0.09600000000000003 micromole,0.08260742400000003 microliter,C47H64NO3PPdS,0.24,C1COCCO1,DMF,20.52 milligram,232.90127800603818 micromole,21.6 microliter,C4H8O2,582.2531950150952,[K+].[K+].[K+].[O-]P([O-])([O-])=O,K3PO4,0.7641504000000002 milligram,3.6000000000000014 micromole,0.7641504000000005 microliter,K3O4P,9.0,O,water,3.047886095999999 milligram,169.18601698584507 micromole,3.047886095999999 microliter,H2O,422.96504246461257,CN1C=NC2=C1C(=O)N(C(=O)N2C)C,caffeine,0.09321168000000002 milligram,0.4800000000000001 micromole,0.09321168000000003 microliter,C8H10N4O2,1.1999999999999997,C1COCCO1,dioxane,3.3935943787199996 milligram,38.51717679522393 micromole,3.2947518239999996 microliter,C4H8O2,96.2929419880598,COc1ccc(-c2nnc(-c3cc(C)cc(F)c3)o2)cc1,suzuki_product,0.0 milligram,0.0 micromole,0 microliter,C16H13FN2O2,0.0,COc1ccc(-c2nnco2)cc1,dehalogenation_byproduct,0.0 milligram,0.0 micromole,0 microliter,C9H8N2O2,0.0,Cc1cccc(F)c1,deborylation_byproduct,0.0 milligram,0.0 micromole,0 microliter,C7H7F,0.0,COc1ccc(-c2nnc(Br)o2)cc1.Cc1cc(F)cc(B(O)O)c1>>COc1ccc(-c2nnc(-c3cc(C)cc(F)c3)o2)cc1.COc1ccc(-c2nnco2)cc1.Cc1cccc(F)c1,pcr_H5,,,,,,,,,,,,,,,12/18/2023 10:46:59 PM,5,011_rln-nb-2443_018_ct-126_173.raw,1,Rxn_Opt_HSST3_2_98_2min,"H,5",2min_100_1500.EXP,"H,5",pcr_H5,pcr_H5,Eunjae Shim,6.326003712092285
H6,BrC1=CC=CC=C1,phenylbromide,0.06280400000000001 milligram,0.40000000000000013 micromole,0.06280400000000003 microliter,C6H5Br,1.0,Cc1cc(F)cc(B(O)O)c1,417716397,0.07389552000000002 milligram,0.4800000000000001 micromole,0.07389552000000003 microliter,C7H8BFO2,1.1999999999999997,CC(C)C1=CC(C(C)C)=CC(C(C)C)=C1C2=C([P+](C3CCCCC3)([Pd-2]4(OS(C)(=O)=O)C(C=CC=C5)=C5C6=C([NH+]4C)C=CC=C6)C7CCCCC7)C=CC=C2,XPhos Pd G4,0.08260742400000001 milligram,0.09600000000000003 micromole,0.08260742400000003 microliter,C47H64NO3PPdS,0.24,C1COCCO1,DMF,20.52 milligram,232.90127800603818 micromole,21.6 microliter,C4H8O2,582.2531950150952,[K+].[K+].[K+].[O-]P([O-])([O-])=O,K3PO4,0.7641504000000002 milligram,3.6000000000000014 micromole,0.7641504000000005 microliter,K3O4P,9.0,O,water,3.047886095999999 milligram,169.18601698584507 micromole,3.047886095999999 microliter,H2O,422.96504246461257,CN1C=NC2=C1C(=O)N(C(=O)N2C)C,caffeine,0.09321168000000002 milligram,0.4800000000000001 micromole,0.09321168000000003 microliter,C8H10N4O2,1.1999999999999997,C1COCCO1,dioxane,3.3935943787199996 milligram,38.51717679522393 micromole,3.2947518239999996 microliter,C4H8O2,96.2929419880598,Cc1cc(F)cc(-c2ccccc2)c1,suzuki_product,0.0 milligram,0.0 micromole,0 microliter,C13H11F,0.0,c1ccccc1,dehalogenation_byproduct,0.0 milligram,0.0 micromole,0 microliter,C6H6,0.0,Cc1cccc(F)c1,deborylation_byproduct,0.0 milligram,0.0 micromole,0 microliter,C7H7F,0.0,BrC1=CC=CC=C1.Cc1cc(F)cc(B(O)O)c1>>Cc1cc(F)cc(-c2ccccc2)c1.Cc1cccc(F)c1.c1ccccc1,pcr_H6,,,,,,,,,,,,,,,12/18/2023 10:49:28 PM,5,011_rln-nb-2443_018_ct-126_174.raw,1,Rxn_Opt_HSST3_2_98_2min,"H,6",2min_100_1500.EXP,"H,6",pcr_H6,pcr_H6,Eunjae Shim,0.0
H7,CC1=C(C(=NN1C(C)C)N)Br,4-BROMO-1-ISOPROPYL-5-METHYL-1H-PYRAZOL-3-AMINE,0.08723920000000002 milligram,0.40000000000000013 micromole,0.08723920000000003 microliter,C7H12BrN3,1.0,OB(O)c1cccc2ccccc12,417716027,0.08255616 milligram,0.4800000000000001 micromole,0.08255616000000002 microliter,C10H9BO2,1.1999999999999997,CC(C)C1=CC(C(C)C)=CC(C(C)C)=C1C2=C([P+](C3CCCCC3)([Pd-2]4(OS(C)(=O)=O)C(C=CC=C5)=C5C6=C([NH+]4C)C=CC=C6)C7CCCCC7)C=CC=C2,XPhos Pd G4,0.08260742400000001 milligram,0.09600000000000003 micromole,0.08260742400000003 microliter,C47H64NO3PPdS,0.24,C1COCCO1,DMF,20.52 milligram,232.90127800603818 micromole,21.6 microliter,C4H8O2,582.2531950150952,[K+].[K+].[K+].[O-]P([O-])([O-])=O,K3PO4,0.7641504000000002 milligram,3.6000000000000014 micromole,0.7641504000000005 microliter,K3O4P,9.0,O,water,3.047886095999999 milligram,169.18601698584507 micromole,3.047886095999999 microliter,H2O,422.96504246461257,CN1C=NC2=C1C(=O)N(C(=O)N2C)C,caffeine,0.09321168000000002 milligram,0.4800000000000001 micromole,0.09321168000000003 microliter,C8H10N4O2,1.1999999999999997,C1COCCO1,dioxane,3.3935943787199996 milligram,38.51717679522393 micromole,3.2947518239999996 microliter,C4H8O2,96.2929419880598,Cc1c(-c2cccc3ccccc23)c(N)nn1C(C)C,suzuki_product,0.0 milligram,0.0 micromole,0 microliter,C17H19N3,0.0,Cc1cc(N)nn1C(C)C,dehalogenation_byproduct,0.0 milligram,0.0 micromole,0 microliter,C7H13N3,0.0,c1ccc2ccccc2c1,deborylation_byproduct,0.0 milligram,0.0 micromole,0 microliter,C10H8,0.0,CC1=C(C(=NN1C(C)C)N)Br.OB(O)c1cccc2ccccc12>>Cc1c(-c2cccc3ccccc23)c(N)nn1C(C)C.Cc1cc(N)nn1C(C)C.c1ccc2ccccc2c1,pcr_H7,,,,,,,,,,,,,,,12/18/2023 10:51:57 PM,5,011_rln-nb-2443_018_ct-126_175.raw,1,Rxn_Opt_HSST3_2_98_2min,"H,7",2min_100_1500.EXP,"H,7",pcr_H7,pcr_H7,Eunjae Shim,5.923199991740537
H8,C1CON=C1C2=CC=C(C=C2)Br,"3-(4-bromophenyl)-4,5-dihydro-1,2-oxazole",0.09042920000000002 milligram,0.40000000000000013 micromole,0.09042920000000003 microliter,C9H8BrNO,1.0,OB(O)c1cccc2ccccc12,417716027,0.08255616 milligram,0.4800000000000001 micromole,0.08255616000000002 microliter,C10H9BO2,1.1999999999999997,CC(C)C1=CC(C(C)C)=CC(C(C)C)=C1C2=C([P+](C3CCCCC3)([Pd-2]4(OS(C)(=O)=O)C(C=CC=C5)=C5C6=C([NH+]4C)C=CC=C6)C7CCCCC7)C=CC=C2,XPhos Pd G4,0.08260742400000001 milligram,0.09600000000000003 micromole,0.08260742400000003 microliter,C47H64NO3PPdS,0.24,C1COCCO1,DMF,20.52 milligram,232.90127800603818 micromole,21.6 microliter,C4H8O2,582.2531950150952,[K+].[K+].[K+].[O-]P([O-])([O-])=O,K3PO4,0.7641504000000002 milligram,3.6000000000000014 micromole,0.7641504000000005 microliter,K3O4P,9.0,O,water,3.047886095999999 milligram,169.18601698584507 micromole,3.047886095999999 microliter,H2O,422.96504246461257,CN1C=NC2=C1C(=O)N(C(=O)N2C)C,caffeine,0.09321168000000002 milligram,0.4800000000000001 micromole,0.09321168000000003 microliter,C8H10N4O2,1.1999999999999997,C1COCCO1,dioxane,3.3935943787199996 milligram,38.51717679522393 micromole,3.2947518239999996 microliter,C4H8O2,96.2929419880598,c1ccc2c(-c3ccc(C4=NOCC4)cc3)cccc2c1,suzuki_product,0.0 milligram,0.0 micromole,0 microliter,C19H15NO,0.0,c1ccc(C2=NOCC2)cc1,dehalogenation_byproduct,0.0 milligram,0.0 micromole,0 microliter,C9H9NO,0.0,c1ccc2ccccc2c1,deborylation_byproduct,0.0 milligram,0.0 micromole,0 microliter,C10H8,0.0,C1CON=C1C2=CC=C(C=C2)Br.OB(O)c1cccc2ccccc12>>c1ccc(C2=NOCC2)cc1.c1ccc2c(-c3ccc(C4=NOCC4)cc3)cccc2c1.c1ccc2ccccc2c1,pcr_H8,,,,,,,,,,,,,,,12/18/2023 10:54:26 PM,5,011_rln-nb-2443_018_ct-126_176.raw,1,Rxn_Opt_HSST3_2_98_2min,"H,8",2min_100_1500.EXP,"H,8",pcr_H8,pcr_H8,Eunjae Shim,50.3054654025039
H9,C1=NC(=C(NC1=O)Cl)Br,5-bromo-6-chloropyrazin-2-ol,0.08377200000000001 milligram,0.40000000000000013 micromole,0.08377200000000003 microliter,C4H2BrClN2O,1.0,OB(O)c1cccc2ccccc12,417716027,0.08255616 milligram,0.4800000000000001 micromole,0.08255616000000002 microliter,C10H9BO2,1.1999999999999997,CC(C)C1=CC(C(C)C)=CC(C(C)C)=C1C2=C([P+](C3CCCCC3)([Pd-2]4(OS(C)(=O)=O)C(C=CC=C5)=C5C6=C([NH+]4C)C=CC=C6)C7CCCCC7)C=CC=C2,XPhos Pd G4,0.08260742400000001 milligram,0.09600000000000003 micromole,0.08260742400000003 microliter,C47H64NO3PPdS,0.24,C1COCCO1,DMF,20.52 milligram,232.90127800603818 micromole,21.6 microliter,C4H8O2,582.2531950150952,[K+].[K+].[K+].[O-]P([O-])([O-])=O,K3PO4,0.7641504000000002 milligram,3.6000000000000014 micromole,0.7641504000000005 microliter,K3O4P,9.0,O,water,3.047886095999999 milligram,169.18601698584507 micromole,3.047886095999999 microliter,H2O,422.96504246461257,CN1C=NC2=C1C(=O)N(C(=O)N2C)C,caffeine,0.09321168000000002 milligram,0.4800000000000001 micromole,0.09321168000000003 microliter,C8H10N4O2,1.1999999999999997,C1COCCO1,dioxane,3.3935943787199996 milligram,38.51717679522393 micromole,3.2947518239999996 microliter,C4H8O2,96.2929419880598,O=c1cnc(Br)c(-c2cccc3ccccc23)[nH]1,suzuki_product,0.0 milligram,0.0 micromole,0 microliter,C14H9BrN2O,0.0,O=c1cncc(Cl)[nH]1,dehalogenation_byproduct,0.0 milligram,0.0 micromole,0 microliter,C4H3ClN2O,0.0,O=c1cnc(Br)c[nH]1,dehalogenation_byproduct,0.0 milligram,0.0 micromole,0 microliter,C4H3BrN2O,0.0,C1=NC(=C(NC1=O)Cl)Br.OB(O)c1cccc2ccccc12>>O=c1cnc(-c2cccc3ccccc23)c(Cl)[nH]1.O=c1cnc(Br)c(-c2cccc3ccccc23)[nH]1.O=c1cnc(Br)c[nH]1.O=c1cncc(Cl)[nH]1.c1ccc2ccccc2c1,pcr_H9,O=c1cnc(-c2cccc3ccccc23)c(Cl)[nH]1,suzuki_product,0.0 milligram,0.0 micromole,0 microliter,C14H9ClN2O,0.0,c1ccc2ccccc2c1,deborylation_byproduct,0.0 milligram,0.0 micromole,0 microliter,C10H8,0.0,12/18/2023 10:56:55 PM,5,011_rln-nb-2443_018_ct-126_177.raw,1,Rxn_Opt_HSST3_2_98_2min,"H,9",2min_100_1500.EXP,"H,9",pcr_H9,pcr_H9,Eunjae Shim,6.599830993057878
H10,Cc1c(Br)cnc2[nH]ccc12,"5-bromo-4-methyl-1H-pyrrolo[2,3-b]pyridine",0.08442480000000005 milligram,0.40000000000000013 micromole,0.08442480000000006 microliter,C8H7BrN2,1.0,OB(O)c1cccc2ccccc12,417716027,0.08255616 milligram,0.4800000000000001 micromole,0.08255616000000002 microliter,C10H9BO2,1.1999999999999997,CC(C)C1=CC(C(C)C)=CC(C(C)C)=C1C2=C([P+](C3CCCCC3)([Pd-2]4(OS(C)(=O)=O)C(C=CC=C5)=C5C6=C([NH+]4C)C=CC=C6)C7CCCCC7)C=CC=C2,XPhos Pd G4,0.08260742400000001 milligram,0.09600000000000003 micromole,0.08260742400000003 microliter,C47H64NO3PPdS,0.24,C1COCCO1,DMF,20.52 milligram,232.90127800603818 micromole,21.6 microliter,C4H8O2,582.2531950150952,[K+].[K+].[K+].[O-]P([O-])([O-])=O,K3PO4,0.7641504000000002 milligram,3.6000000000000014 micromole,0.7641504000000005 microliter,K3O4P,9.0,O,water,3.047886095999999 milligram,169.18601698584507 micromole,3.047886095999999 microliter,H2O,422.96504246461257,CN1C=NC2=C1C(=O)N(C(=O)N2C)C,caffeine,0.09321168000000002 milligram,0.4800000000000001 micromole,0.09321168000000003 microliter,C8H10N4O2,1.1999999999999997,C1COCCO1,dioxane,3.3935943787199996 milligram,38.51717679522393 micromole,3.2947518239999996 microliter,C4H8O2,96.2929419880598,Cc1c(-c2cccc3ccccc23)cnc2[nH]ccc12,suzuki_product,0.0 milligram,0.0 micromole,0 microliter,C18H14N2,0.0,Cc1ccnc2[nH]ccc12,dehalogenation_byproduct,0.0 milligram,0.0 micromole,0 microliter,C8H8N2,0.0,c1ccc2ccccc2c1,deborylation_byproduct,0.0 milligram,0.0 micromole,0 microliter,C10H8,0.0,Cc1c(Br)cnc2[nH]ccc12.OB(O)c1cccc2ccccc12>>Cc1c(-c2cccc3ccccc23)cnc2[nH]ccc12.Cc1ccnc2[nH]ccc12.c1ccc2ccccc2c1,pcr_H10,,,,,,,,,,,,,,,12/18/2023 10:59:24 PM,5,011_rln-nb-2443_018_ct-126_178.raw,1,Rxn_Opt_HSST3_2_98_2min,"H,10",2min_100_1500.EXP,"H,10",pcr_H10,pcr_H10,Eunjae Shim,4.698824132993245
H11,COc1ccc(-c2nnc(Br)o2)cc1,"2-bromo-5-(4-methoxyphenyl)-1,3,4-oxadiazole",0.10202840000000003 milligram,0.40000000000000013 micromole,0.10202840000000006 microliter,C9H7BrN2O2,1.0,OB(O)c1cccc2ccccc12,417716027,0.08255616 milligram,0.4800000000000001 micromole,0.08255616000000002 microliter,C10H9BO2,1.1999999999999997,CC(C)C1=CC(C(C)C)=CC(C(C)C)=C1C2=C([P+](C3CCCCC3)([Pd-2]4(OS(C)(=O)=O)C(C=CC=C5)=C5C6=C([NH+]4C)C=CC=C6)C7CCCCC7)C=CC=C2,XPhos Pd G4,0.08260742400000001 milligram,0.09600000000000003 micromole,0.08260742400000003 microliter,C47H64NO3PPdS,0.24,C1COCCO1,DMF,20.52 milligram,232.90127800603818 micromole,21.6 microliter,C4H8O2,582.2531950150952,[K+].[K+].[K+].[O-]P([O-])([O-])=O,K3PO4,0.7641504000000002 milligram,3.6000000000000014 micromole,0.7641504000000005 microliter,K3O4P,9.0,O,water,3.047886095999999 milligram,169.18601698584507 micromole,3.047886095999999 microliter,H2O,422.96504246461257,CN1C=NC2=C1C(=O)N(C(=O)N2C)C,caffeine,0.09321168000000002 milligram,0.4800000000000001 micromole,0.09321168000000003 microliter,C8H10N4O2,1.1999999999999997,C1COCCO1,dioxane,3.3935943787199996 milligram,38.51717679522393 micromole,3.2947518239999996 microliter,C4H8O2,96.2929419880598,COc1ccc(-c2nnc(-c3cccc4ccccc34)o2)cc1,suzuki_product,0.0 milligram,0.0 micromole,0 microliter,C19H14N2O2,0.0,COc1ccc(-c2nnco2)cc1,dehalogenation_byproduct,0.0 milligram,0.0 micromole,0 microliter,C9H8N2O2,0.0,c1ccc2ccccc2c1,deborylation_byproduct,0.0 milligram,0.0 micromole,0 microliter,C10H8,0.0,COc1ccc(-c2nnc(Br)o2)cc1.OB(O)c1cccc2ccccc12>>COc1ccc(-c2nnc(-c3cccc4ccccc34)o2)cc1.COc1ccc(-c2nnco2)cc1.c1ccc2ccccc2c1,pcr_H11,,,,,,,,,,,,,,,12/18/2023 11:01:55 PM,5,011_rln-nb-2443_018_ct-126_179.raw,1,Rxn_Opt_HSST3_2_98_2min,"H,11",2min_100_1500.EXP,"H,11",pcr_H11,pcr_H11,Eunjae Shim,9.283878891501903
H12,BrC1=CC=CC=C1,phenylbromide,0.06280400000000001 milligram,0.40000000000000013 micromole,0.06280400000000003 microliter,C6H5Br,1.0,OB(O)c1cccc2ccccc12,417716027,0.08255616 milligram,0.4800000000000001 micromole,0.08255616000000002 microliter,C10H9BO2,1.1999999999999997,CC(C)C1=CC(C(C)C)=CC(C(C)C)=C1C2=C([P+](C3CCCCC3)([Pd-2]4(OS(C)(=O)=O)C(C=CC=C5)=C5C6=C([NH+]4C)C=CC=C6)C7CCCCC7)C=CC=C2,XPhos Pd G4,0.08260742400000001 milligram,0.09600000000000003 micromole,0.08260742400000003 microliter,C47H64NO3PPdS,0.24,C1COCCO1,DMF,20.52 milligram,232.90127800603818 micromole,21.6 microliter,C4H8O2,582.2531950150952,[K+].[K+].[K+].[O-]P([O-])([O-])=O,K3PO4,0.7641504000000002 milligram,3.6000000000000014 micromole,0.7641504000000005 microliter,K3O4P,9.0,O,water,3.047886095999999 milligram,169.18601698584507 micromole,3.047886095999999 microliter,H2O,422.96504246461257,CN1C=NC2=C1C(=O)N(C(=O)N2C)C,caffeine,0.09321168000000002 milligram,0.4800000000000001 micromole,0.09321168000000003 microliter,C8H10N4O2,1.1999999999999997,C1COCCO1,dioxane,3.3935943787199996 milligram,38.51717679522393 micromole,3.2947518239999996 microliter,C4H8O2,96.2929419880598,c1ccc(-c2cccc3ccccc23)cc1,suzuki_product,0.0 milligram,0.0 micromole,0 microliter,C16H12,0.0,c1ccccc1,dehalogenation_byproduct,0.0 milligram,0.0 micromole,0 microliter,C6H6,0.0,c1ccc2ccccc2c1,deborylation_byproduct,0.0 milligram,0.0 micromole,0 microliter,C10H8,0.0,BrC1=CC=CC=C1.OB(O)c1cccc2ccccc12>>c1ccc(-c2cccc3ccccc23)cc1.c1ccc2ccccc2c1.c1ccccc1,pcr_H12,,,,,,,,,,,,,,,12/18/2023 11:04:24 PM,5,011_rln-nb-2443_018_ct-126_180.raw,1,Rxn_Opt_HSST3_2_98_2min,"H,12",2min_100_1500.EXP,"H,12",pcr_H12,pcr_H12,Eunjae Shim,0.0
H13,CC1=C(C(=NN1C(C)C)N)Br,4-BROMO-1-ISOPROPYL-5-METHYL-1H-PYRAZOL-3-AMINE,0.08723920000000002 milligram,0.40000000000000013 micromole,0.08723920000000003 microliter,C7H12BrN3,1.0,Cc1cc(F)cc(B(O)O)c1,417716397,0.07389552000000002 milligram,0.4800000000000001 micromole,0.07389552000000003 microliter,C7H8BFO2,1.1999999999999997,CC(C)C1=CC(C(C)C)=CC(C(C)C)=C1C2=C([P+](C3CCCCC3)([Pd-2]4(OS(C)(=O)=O)C(C=CC=C5)=C5C6=C([NH+]4C)C=CC=C6)C7CCCCC7)C=CC=C2,XPhos Pd G4,0.08260742400000001 milligram,0.09600000000000003 micromole,0.08260742400000003 microliter,C47H64NO3PPdS,0.24,C1COCCO1,DMF,20.52 milligram,232.90127800603818 micromole,21.6 microliter,C4H8O2,582.2531950150952,[K+].[K+].[K+].[O-]P([O-])([O-])=O,K3PO4,0.7641504000000002 milligram,3.6000000000000014 micromole,0.7641504000000005 microliter,K3O4P,9.0,O,water,3.047886095999999 milligram,169.18601698584507 micromole,3.047886095999999 microliter,H2O,422.96504246461257,CN1C=NC2=C1C(=O)N(C(=O)N2C)C,caffeine,0.09321168000000002 milligram,0.4800000000000001 micromole,0.09321168000000003 microliter,C8H10N4O2,1.1999999999999997,C1COCCO1,dioxane,3.3935943787199996 milligram,38.51717679522393 micromole,3.2947518239999996 microliter,C4H8O2,96.2929419880598,Cc1cc(F)cc(-c2c(N)nn(C(C)C)c2C)c1,suzuki_product,0.0 milligram,0.0 micromole,0 microliter,C14H18FN3,0.0,Cc1cc(N)nn1C(C)C,dehalogenation_byproduct,0.0 milligram,0.0 micromole,0 microliter,C7H13N3,0.0,Cc1cccc(F)c1,deborylation_byproduct,0.0 milligram,0.0 micromole,0 microliter,C7H7F,0.0,CC1=C(C(=NN1C(C)C)N)Br.Cc1cc(F)cc(B(O)O)c1>>Cc1cc(F)cc(-c2c(N)nn(C(C)C)c2C)c1.Cc1cc(N)nn1C(C)C.Cc1cccc(F)c1,pcr_H13,,,,,,,,,,,,,,,12/18/2023 11:06:54 PM,5,011_rln-nb-2443_018_ct-126_181.raw,1,Rxn_Opt_HSST3_2_98_2min,"H,13",2min_100_1500.EXP,"H,13",pcr_H13,pcr_H13,Eunjae Shim,0.0
H14,C1CON=C1C2=CC=C(C=C2)Br,"3-(4-bromophenyl)-4,5-dihydro-1,2-oxazole",0.09042920000000002 milligram,0.40000000000000013 micromole,0.09042920000000003 microliter,C9H8BrNO,1.0,Cc1cc(F)cc(B(O)O)c1,417716397,0.07389552000000002 milligram,0.4800000000000001 micromole,0.07389552000000003 microliter,C7H8BFO2,1.1999999999999997,CC(C)C1=CC(C(C)C)=CC(C(C)C)=C1C2=C([P+](C3CCCCC3)([Pd-2]4(OS(C)(=O)=O)C(C=CC=C5)=C5C6=C([NH+]4C)C=CC=C6)C7CCCCC7)C=CC=C2,XPhos Pd G4,0.08260742400000001 milligram,0.09600000000000003 micromole,0.08260742400000003 microliter,C47H64NO3PPdS,0.24,C1COCCO1,DMF,20.52 milligram,232.90127800603818 micromole,21.6 microliter,C4H8O2,582.2531950150952,[K+].[K+].[K+].[O-]P([O-])([O-])=O,K3PO4,0.7641504000000002 milligram,3.6000000000000014 micromole,0.7641504000000005 microliter,K3O4P,9.0,O,water,3.047886095999999 milligram,169.18601698584507 micromole,3.047886095999999 microliter,H2O,422.96504246461257,CN1C=NC2=C1C(=O)N(C(=O)N2C)C,caffeine,0.09321168000000002 milligram,0.4800000000000001 micromole,0.09321168000000003 microliter,C8H10N4O2,1.1999999999999997,C1COCCO1,dioxane,3.3935943787199996 milligram,38.51717679522393 micromole,3.2947518239999996 microliter,C4H8O2,96.2929419880598,Cc1cc(F)cc(-c2ccc(C3=NOCC3)cc2)c1,suzuki_product,0.0 milligram,0.0 micromole,0 microliter,C16H14FNO,0.0,c1ccc(C2=NOCC2)cc1,dehalogenation_byproduct,0.0 milligram,0.0 micromole,0 microliter,C9H9NO,0.0,Cc1cccc(F)c1,deborylation_byproduct,0.0 milligram,0.0 micromole,0 microliter,C7H7F,0.0,C1CON=C1C2=CC=C(C=C2)Br.Cc1cc(F)cc(B(O)O)c1>>Cc1cc(F)cc(-c2ccc(C3=NOCC3)cc2)c1.Cc1cccc(F)c1.c1ccc(C2=NOCC2)cc1,pcr_H14,,,,,,,,,,,,,,,12/18/2023 11:09:24 PM,5,011_rln-nb-2443_018_ct-126_182.raw,1,Rxn_Opt_HSST3_2_98_2min,"H,14",2min_100_1500.EXP,"H,14",pcr_H14,pcr_H14,Eunjae Shim,50.59446138009618
H15,C1=NC(=C(NC1=O)Cl)Br,5-bromo-6-chloropyrazin-2-ol,0.08377200000000001 milligram,0.40000000000000013 micromole,0.08377200000000003 microliter,C4H2BrClN2O,1.0,Cc1cc(F)cc(B(O)O)c1,417716397,0.07389552000000002 milligram,0.4800000000000001 micromole,0.07389552000000003 microliter,C7H8BFO2,1.1999999999999997,CC(C)C1=CC(C(C)C)=CC(C(C)C)=C1C2=C([P+](C3CCCCC3)([Pd-2]4(OS(C)(=O)=O)C(C=CC=C5)=C5C6=C([NH+]4C)C=CC=C6)C7CCCCC7)C=CC=C2,XPhos Pd G4,0.08260742400000001 milligram,0.09600000000000003 micromole,0.08260742400000003 microliter,C47H64NO3PPdS,0.24,C1COCCO1,DMF,20.52 milligram,232.90127800603818 micromole,21.6 microliter,C4H8O2,582.2531950150952,[K+].[K+].[K+].[O-]P([O-])([O-])=O,K3PO4,0.7641504000000002 milligram,3.6000000000000014 micromole,0.7641504000000005 microliter,K3O4P,9.0,O,water,3.047886095999999 milligram,169.18601698584507 micromole,3.047886095999999 microliter,H2O,422.96504246461257,CN1C=NC2=C1C(=O)N(C(=O)N2C)C,caffeine,0.09321168000000002 milligram,0.4800000000000001 micromole,0.09321168000000003 microliter,C8H10N4O2,1.1999999999999997,C1COCCO1,dioxane,3.3935943787199996 milligram,38.51717679522393 micromole,3.2947518239999996 microliter,C4H8O2,96.2929419880598,Cc1cc(F)cc(-c2[nH]c(=O)cnc2Br)c1,suzuki_product,0.0 milligram,0.0 micromole,0 microliter,C11H8BrFN2O,0.0,O=c1cncc(Cl)[nH]1,dehalogenation_byproduct,0.0 milligram,0.0 micromole,0 microliter,C4H3ClN2O,0.0,O=c1cnc(Br)c[nH]1,dehalogenation_byproduct,0.0 milligram,0.0 micromole,0 microliter,C4H3BrN2O,0.0,C1=NC(=C(NC1=O)Cl)Br.Cc1cc(F)cc(B(O)O)c1>>Cc1cc(F)cc(-c2[nH]c(=O)cnc2Br)c1.Cc1cc(F)cc(-c2ncc(=O)[nH]c2Cl)c1.Cc1cccc(F)c1.O=c1cnc(Br)c[nH]1.O=c1cncc(Cl)[nH]1,pcr_H15,Cc1cc(F)cc(-c2ncc(=O)[nH]c2Cl)c1,suzuki_product,0.0 milligram,0.0 micromole,0 microliter,C11H8ClFN2O,0.0,Cc1cccc(F)c1,deborylation_byproduct,0.0 milligram,0.0 micromole,0 microliter,C7H7F,0.0,12/18/2023 11:11:53 PM,5,011_rln-nb-2443_018_ct-126_183.raw,1,Rxn_Opt_HSST3_2_98_2min,"H,15",2min_100_1500.EXP,"H,15",pcr_H15,pcr_H15,Eunjae Shim,0.0
H16,Cc1c(Br)cnc2[nH]ccc12,"5-bromo-4-methyl-1H-pyrrolo[2,3-b]pyridine",0.08442480000000005 milligram,0.40000000000000013 micromole,0.08442480000000006 microliter,C8H7BrN2,1.0,Cc1cc(F)cc(B(O)O)c1,417716397,0.07389552000000002 milligram,0.4800000000000001 micromole,0.07389552000000003 microliter,C7H8BFO2,1.1999999999999997,CC(C)C1=CC(C(C)C)=CC(C(C)C)=C1C2=C([P+](C3CCCCC3)([Pd-2]4(OS(C)(=O)=O)C(C=CC=C5)=C5C6=C([NH+]4C)C=CC=C6)C7CCCCC7)C=CC=C2,XPhos Pd G4,0.08260742400000001 milligram,0.09600000000000003 micromole,0.08260742400000003 microliter,C47H64NO3PPdS,0.24,C1COCCO1,DMF,20.52 milligram,232.90127800603818 micromole,21.6 microliter,C4H8O2,582.2531950150952,[K+].[K+].[K+].[O-]P([O-])([O-])=O,K3PO4,0.7641504000000002 milligram,3.6000000000000014 micromole,0.7641504000000005 microliter,K3O4P,9.0,O,water,3.047886095999999 milligram,169.18601698584507 micromole,3.047886095999999 microliter,H2O,422.96504246461257,CN1C=NC2=C1C(=O)N(C(=O)N2C)C,caffeine,0.09321168000000002 milligram,0.4800000000000001 micromole,0.09321168000000003 microliter,C8H10N4O2,1.1999999999999997,C1COCCO1,dioxane,3.3935943787199996 milligram,38.51717679522393 micromole,3.2947518239999996 microliter,C4H8O2,96.2929419880598,Cc1cc(F)cc(-c2cnc3[nH]ccc3c2C)c1,suzuki_product,0.0 milligram,0.0 micromole,0 microliter,C15H13FN2,0.0,Cc1ccnc2[nH]ccc12,dehalogenation_byproduct,0.0 milligram,0.0 micromole,0 microliter,C8H8N2,0.0,Cc1cccc(F)c1,deborylation_byproduct,0.0 milligram,0.0 micromole,0 microliter,C7H7F,0.0,Cc1c(Br)cnc2[nH]ccc12.Cc1cc(F)cc(B(O)O)c1>>Cc1cc(F)cc(-c2cnc3[nH]ccc3c2C)c1.Cc1cccc(F)c1.Cc1ccnc2[nH]ccc12,pcr_H16,,,,,,,,,,,,,,,12/18/2023 11:14:22 PM,5,011_rln-nb-2443_018_ct-126_184.raw,1,Rxn_Opt_HSST3_2_98_2min,"H,16",2min_100_1500.EXP,"H,16",pcr_H16,pcr_H16,Eunjae Shim,2.943947811726509
H17,COc1ccc(-c2nnc(Br)o2)cc1,"2-bromo-5-(4-methoxyphenyl)-1,3,4-oxadiazole",0.10202840000000003 milligram,0.40000000000000013 micromole,0.10202840000000006 microliter,C9H7BrN2O2,1.0,Cc1cc(F)cc(B(O)O)c1,417716397,0.07389552000000002 milligram,0.4800000000000001 micromole,0.07389552000000003 microliter,C7H8BFO2,1.1999999999999997,CC(C)C1=CC(C(C)C)=CC(C(C)C)=C1C2=C([P+](C3CCCCC3)([Pd-2]4(OS(C)(=O)=O)C(C=CC=C5)=C5C6=C([NH+]4C)C=CC=C6)C7CCCCC7)C=CC=C2,XPhos Pd G4,0.08260742400000001 milligram,0.09600000000000003 micromole,0.08260742400000003 microliter,C47H64NO3PPdS,0.24,C1COCCO1,DMF,20.52 milligram,232.90127800603818 micromole,21.6 microliter,C4H8O2,582.2531950150952,[K+].[K+].[K+].[O-]P([O-])([O-])=O,K3PO4,0.7641504000000002 milligram,3.6000000000000014 micromole,0.7641504000000005 microliter,K3O4P,9.0,O,water,3.047886095999999 milligram,169.18601698584507 micromole,3.047886095999999 microliter,H2O,422.96504246461257,CN1C=NC2=C1C(=O)N(C(=O)N2C)C,caffeine,0.09321168000000002 milligram,0.4800000000000001 micromole,0.09321168000000003 microliter,C8H10N4O2,1.1999999999999997,C1COCCO1,dioxane,3.3935943787199996 milligram,38.51717679522393 micromole,3.2947518239999996 microliter,C4H8O2,96.2929419880598,COc1ccc(-c2nnc(-c3cc(C)cc(F)c3)o2)cc1,suzuki_product,0.0 milligram,0.0 micromole,0 microliter,C16H13FN2O2,0.0,COc1ccc(-c2nnco2)cc1,dehalogenation_byproduct,0.0 milligram,0.0 micromole,0 microliter,C9H8N2O2,0.0,Cc1cccc(F)c1,deborylation_byproduct,0.0 milligram,0.0 micromole,0 microliter,C7H7F,0.0,COc1ccc(-c2nnc(Br)o2)cc1.Cc1cc(F)cc(B(O)O)c1>>COc1ccc(-c2nnc(-c3cc(C)cc(F)c3)o2)cc1.COc1ccc(-c2nnco2)cc1.Cc1cccc(F)c1,pcr_H17,,,,,,,,,,,,,,,12/18/2023 11:16:52 PM,5,011_rln-nb-2443_018_ct-126_185.raw,1,Rxn_Opt_HSST3_2_98_2min,"H,17",2min_100_1500.EXP,"H,17",pcr_H17,pcr_H17,Eunjae Shim,5.766331470136151
H18,BrC1=CC=CC=C1,phenylbromide,0.06280400000000001 milligram,0.40000000000000013 micromole,0.06280400000000003 microliter,C6H5Br,1.0,Cc1cc(F)cc(B(O)O)c1,417716397,0.07389552000000002 milligram,0.4800000000000001 micromole,0.07389552000000003 microliter,C7H8BFO2,1.1999999999999997,CC(C)C1=CC(C(C)C)=CC(C(C)C)=C1C2=C([P+](C3CCCCC3)([Pd-2]4(OS(C)(=O)=O)C(C=CC=C5)=C5C6=C([NH+]4C)C=CC=C6)C7CCCCC7)C=CC=C2,XPhos Pd G4,0.08260742400000001 milligram,0.09600000000000003 micromole,0.08260742400000003 microliter,C47H64NO3PPdS,0.24,C1COCCO1,DMF,20.52 milligram,232.90127800603818 micromole,21.6 microliter,C4H8O2,582.2531950150952,[K+].[K+].[K+].[O-]P([O-])([O-])=O,K3PO4,0.7641504000000002 milligram,3.6000000000000014 micromole,0.7641504000000005 microliter,K3O4P,9.0,O,water,3.047886095999999 milligram,169.18601698584507 micromole,3.047886095999999 microliter,H2O,422.96504246461257,CN1C=NC2=C1C(=O)N(C(=O)N2C)C,caffeine,0.09321168000000002 milligram,0.4800000000000001 micromole,0.09321168000000003 microliter,C8H10N4O2,1.1999999999999997,C1COCCO1,dioxane,3.3935943787199996 milligram,38.51717679522393 micromole,3.2947518239999996 microliter,C4H8O2,96.2929419880598,Cc1cc(F)cc(-c2ccccc2)c1,suzuki_product,0.0 milligram,0.0 micromole,0 microliter,C13H11F,0.0,c1ccccc1,dehalogenation_byproduct,0.0 milligram,0.0 micromole,0 microliter,C6H6,0.0,Cc1cccc(F)c1,deborylation_byproduct,0.0 milligram,0.0 micromole,0 microliter,C7H7F,0.0,BrC1=CC=CC=C1.Cc1cc(F)cc(B(O)O)c1>>Cc1cc(F)cc(-c2ccccc2)c1.Cc1cccc(F)c1.c1ccccc1,pcr_H18,,,,,,,,,,,,,,,12/18/2023 11:19:21 PM,5,011_rln-nb-2443_018_ct-126_186.raw,1,Rxn_Opt_HSST3_2_98_2min,"H,18",2min_100_1500.EXP,"H,18",pcr_H18,pcr_H18,Eunjae Shim,0.0
H19,CC1=C(C(=NN1C(C)C)N)Br,4-BROMO-1-ISOPROPYL-5-METHYL-1H-PYRAZOL-3-AMINE,0.08723920000000002 milligram,0.40000000000000013 micromole,0.08723920000000003 microliter,C7H12BrN3,1.0,OB(O)c1cccc2ccccc12,417716027,0.08255616 milligram,0.4800000000000001 micromole,0.08255616000000002 microliter,C10H9BO2,1.1999999999999997,CC(C)C1=CC(C(C)C)=CC(C(C)C)=C1C2=C([P+](C3CCCCC3)([Pd-2]4(OS(C)(=O)=O)C(C=CC=C5)=C5C6=C([NH+]4C)C=CC=C6)C7CCCCC7)C=CC=C2,XPhos Pd G4,0.08260742400000001 milligram,0.09600000000000003 micromole,0.08260742400000003 microliter,C47H64NO3PPdS,0.24,C1COCCO1,DMF,20.52 milligram,232.90127800603818 micromole,21.6 microliter,C4H8O2,582.2531950150952,[K+].[K+].[K+].[O-]P([O-])([O-])=O,K3PO4,0.7641504000000002 milligram,3.6000000000000014 micromole,0.7641504000000005 microliter,K3O4P,9.0,O,water,3.047886095999999 milligram,169.18601698584507 micromole,3.047886095999999 microliter,H2O,422.96504246461257,CN1C=NC2=C1C(=O)N(C(=O)N2C)C,caffeine,0.09321168000000002 milligram,0.4800000000000001 micromole,0.09321168000000003 microliter,C8H10N4O2,1.1999999999999997,C1COCCO1,dioxane,3.3935943787199996 milligram,38.51717679522393 micromole,3.2947518239999996 microliter,C4H8O2,96.2929419880598,Cc1c(-c2cccc3ccccc23)c(N)nn1C(C)C,suzuki_product,0.0 milligram,0.0 micromole,0 microliter,C17H19N3,0.0,Cc1cc(N)nn1C(C)C,dehalogenation_byproduct,0.0 milligram,0.0 micromole,0 microliter,C7H13N3,0.0,c1ccc2ccccc2c1,deborylation_byproduct,0.0 milligram,0.0 micromole,0 microliter,C10H8,0.0,CC1=C(C(=NN1C(C)C)N)Br.OB(O)c1cccc2ccccc12>>Cc1c(-c2cccc3ccccc23)c(N)nn1C(C)C.Cc1cc(N)nn1C(C)C.c1ccc2ccccc2c1,pcr_H19,,,,,,,,,,,,,,,12/18/2023 11:21:51 PM,5,011_rln-nb-2443_018_ct-126_187.raw,1,Rxn_Opt_HSST3_2_98_2min,"H,19",2min_100_1500.EXP,"H,19",pcr_H19,pcr_H19,Eunjae Shim,5.159384172913794
H20,C1CON=C1C2=CC=C(C=C2)Br,"3-(4-bromophenyl)-4,5-dihydro-1,2-oxazole",0.09042920000000002 milligram,0.40000000000000013 micromole,0.09042920000000003 microliter,C9H8BrNO,1.0,OB(O)c1cccc2ccccc12,417716027,0.08255616 milligram,0.4800000000000001 micromole,0.08255616000000002 microliter,C10H9BO2,1.1999999999999997,CC(C)C1=CC(C(C)C)=CC(C(C)C)=C1C2=C([P+](C3CCCCC3)([Pd-2]4(OS(C)(=O)=O)C(C=CC=C5)=C5C6=C([NH+]4C)C=CC=C6)C7CCCCC7)C=CC=C2,XPhos Pd G4,0.08260742400000001 milligram,0.09600000000000003 micromole,0.08260742400000003 microliter,C47H64NO3PPdS,0.24,C1COCCO1,DMF,20.52 milligram,232.90127800603818 micromole,21.6 microliter,C4H8O2,582.2531950150952,[K+].[K+].[K+].[O-]P([O-])([O-])=O,K3PO4,0.7641504000000002 milligram,3.6000000000000014 micromole,0.7641504000000005 microliter,K3O4P,9.0,O,water,3.047886095999999 milligram,169.18601698584507 micromole,3.047886095999999 microliter,H2O,422.96504246461257,CN1C=NC2=C1C(=O)N(C(=O)N2C)C,caffeine,0.09321168000000002 milligram,0.4800000000000001 micromole,0.09321168000000003 microliter,C8H10N4O2,1.1999999999999997,C1COCCO1,dioxane,3.3935943787199996 milligram,38.51717679522393 micromole,3.2947518239999996 microliter,C4H8O2,96.2929419880598,c1ccc2c(-c3ccc(C4=NOCC4)cc3)cccc2c1,suzuki_product,0.0 milligram,0.0 micromole,0 microliter,C19H15NO,0.0,c1ccc(C2=NOCC2)cc1,dehalogenation_byproduct,0.0 milligram,0.0 micromole,0 microliter,C9H9NO,0.0,c1ccc2ccccc2c1,deborylation_byproduct,0.0 milligram,0.0 micromole,0 microliter,C10H8,0.0,C1CON=C1C2=CC=C(C=C2)Br.OB(O)c1cccc2ccccc12>>c1ccc(C2=NOCC2)cc1.c1ccc2c(-c3ccc(C4=NOCC4)cc3)cccc2c1.c1ccc2ccccc2c1,pcr_H20,,,,,,,,,,,,,,,12/18/2023 11:24:21 PM,5,011_rln-nb-2443_018_ct-126_188.raw,1,Rxn_Opt_HSST3_2_98_2min,"H,20",2min_100_1500.EXP,"H,20",pcr_H20,pcr_H20,Eunjae Shim,54.48313162322054
H21,C1=NC(=C(NC1=O)Cl)Br,5-bromo-6-chloropyrazin-2-ol,0.08377200000000001 milligram,0.40000000000000013 micromole,0.08377200000000003 microliter,C4H2BrClN2O,1.0,OB(O)c1cccc2ccccc12,417716027,0.08255616 milligram,0.4800000000000001 micromole,0.08255616000000002 microliter,C10H9BO2,1.1999999999999997,CC(C)C1=CC(C(C)C)=CC(C(C)C)=C1C2=C([P+](C3CCCCC3)([Pd-2]4(OS(C)(=O)=O)C(C=CC=C5)=C5C6=C([NH+]4C)C=CC=C6)C7CCCCC7)C=CC=C2,XPhos Pd G4,0.08260742400000001 milligram,0.09600000000000003 micromole,0.08260742400000003 microliter,C47H64NO3PPdS,0.24,C1COCCO1,DMF,20.52 milligram,232.90127800603818 micromole,21.6 microliter,C4H8O2,582.2531950150952,[K+].[K+].[K+].[O-]P([O-])([O-])=O,K3PO4,0.7641504000000002 milligram,3.6000000000000014 micromole,0.7641504000000005 microliter,K3O4P,9.0,O,water,3.047886095999999 milligram,169.18601698584507 micromole,3.047886095999999 microliter,H2O,422.96504246461257,CN1C=NC2=C1C(=O)N(C(=O)N2C)C,caffeine,0.09321168000000002 milligram,0.4800000000000001 micromole,0.09321168000000003 microliter,C8H10N4O2,1.1999999999999997,C1COCCO1,dioxane,3.3935943787199996 milligram,38.51717679522393 micromole,3.2947518239999996 microliter,C4H8O2,96.2929419880598,O=c1cnc(Br)c(-c2cccc3ccccc23)[nH]1,suzuki_product,0.0 milligram,0.0 micromole,0 microliter,C14H9BrN2O,0.0,O=c1cncc(Cl)[nH]1,dehalogenation_byproduct,0.0 milligram,0.0 micromole,0 microliter,C4H3ClN2O,0.0,O=c1cnc(Br)c[nH]1,dehalogenation_byproduct,0.0 milligram,0.0 micromole,0 microliter,C4H3BrN2O,0.0,C1=NC(=C(NC1=O)Cl)Br.OB(O)c1cccc2ccccc12>>O=c1cnc(-c2cccc3ccccc23)c(Cl)[nH]1.O=c1cnc(Br)c(-c2cccc3ccccc23)[nH]1.O=c1cnc(Br)c[nH]1.O=c1cncc(Cl)[nH]1.c1ccc2ccccc2c1,pcr_H21,O=c1cnc(-c2cccc3ccccc23)c(Cl)[nH]1,suzuki_product,0.0 milligram,0.0 micromole,0 microliter,C14H9ClN2O,0.0,c1ccc2ccccc2c1,deborylation_byproduct,0.0 milligram,0.0 micromole,0 microliter,C10H8,0.0,12/18/2023 11:26:50 PM,5,011_rln-nb-2443_018_ct-126_189.raw,1,Rxn_Opt_HSST3_2_98_2min,"H,21",2min_100_1500.EXP,"H,21",pcr_H21,pcr_H21,Eunjae Shim,7.179639016402615
H22,Cc1c(Br)cnc2[nH]ccc12,"5-bromo-4-methyl-1H-pyrrolo[2,3-b]pyridine",0.08442480000000005 milligram,0.40000000000000013 micromole,0.08442480000000006 microliter,C8H7BrN2,1.0,OB(O)c1cccc2ccccc12,417716027,0.08255616 milligram,0.4800000000000001 micromole,0.08255616000000002 microliter,C10H9BO2,1.1999999999999997,CC(C)C1=CC(C(C)C)=CC(C(C)C)=C1C2=C([P+](C3CCCCC3)([Pd-2]4(OS(C)(=O)=O)C(C=CC=C5)=C5C6=C([NH+]4C)C=CC=C6)C7CCCCC7)C=CC=C2,XPhos Pd G4,0.08260742400000001 milligram,0.09600000000000003 micromole,0.08260742400000003 microliter,C47H64NO3PPdS,0.24,C1COCCO1,DMF,20.52 milligram,232.90127800603818 micromole,21.6 microliter,C4H8O2,582.2531950150952,[K+].[K+].[K+].[O-]P([O-])([O-])=O,K3PO4,0.7641504000000002 milligram,3.6000000000000014 micromole,0.7641504000000005 microliter,K3O4P,9.0,O,water,3.047886095999999 milligram,169.18601698584507 micromole,3.047886095999999 microliter,H2O,422.96504246461257,CN1C=NC2=C1C(=O)N(C(=O)N2C)C,caffeine,0.09321168000000002 milligram,0.4800000000000001 micromole,0.09321168000000003 microliter,C8H10N4O2,1.1999999999999997,C1COCCO1,dioxane,3.3935943787199996 milligram,38.51717679522393 micromole,3.2947518239999996 microliter,C4H8O2,96.2929419880598,Cc1c(-c2cccc3ccccc23)cnc2[nH]ccc12,suzuki_product,0.0 milligram,0.0 micromole,0 microliter,C18H14N2,0.0,Cc1ccnc2[nH]ccc12,dehalogenation_byproduct,0.0 milligram,0.0 micromole,0 microliter,C8H8N2,0.0,c1ccc2ccccc2c1,deborylation_byproduct,0.0 milligram,0.0 micromole,0 microliter,C10H8,0.0,Cc1c(Br)cnc2[nH]ccc12.OB(O)c1cccc2ccccc12>>Cc1c(-c2cccc3ccccc23)cnc2[nH]ccc12.Cc1ccnc2[nH]ccc12.c1ccc2ccccc2c1,pcr_H22,,,,,,,,,,,,,,,12/18/2023 11:29:20 PM,5,011_rln-nb-2443_018_ct-126_190.raw,1,Rxn_Opt_HSST3_2_98_2min,"H,22",2min_100_1500.EXP,"H,22",pcr_H22,pcr_H22,Eunjae Shim,6.127491729716179
H23,COc1ccc(-c2nnc(Br)o2)cc1,"2-bromo-5-(4-methoxyphenyl)-1,3,4-oxadiazole",0.10202840000000003 milligram,0.40000000000000013 micromole,0.10202840000000006 microliter,C9H7BrN2O2,1.0,OB(O)c1cccc2ccccc12,417716027,0.08255616 milligram,0.4800000000000001 micromole,0.08255616000000002 microliter,C10H9BO2,1.1999999999999997,CC(C)C1=CC(C(C)C)=CC(C(C)C)=C1C2=C([P+](C3CCCCC3)([Pd-2]4(OS(C)(=O)=O)C(C=CC=C5)=C5C6=C([NH+]4C)C=CC=C6)C7CCCCC7)C=CC=C2,XPhos Pd G4,0.08260742400000001 milligram,0.09600000000000003 micromole,0.08260742400000003 microliter,C47H64NO3PPdS,0.24,C1COCCO1,DMF,20.52 milligram,232.90127800603818 micromole,21.6 microliter,C4H8O2,582.2531950150952,[K+].[K+].[K+].[O-]P([O-])([O-])=O,K3PO4,0.7641504000000002 milligram,3.6000000000000014 micromole,0.7641504000000005 microliter,K3O4P,9.0,O,water,3.047886095999999 milligram,169.18601698584507 micromole,3.047886095999999 microliter,H2O,422.96504246461257,CN1C=NC2=C1C(=O)N(C(=O)N2C)C,caffeine,0.09321168000000002 milligram,0.4800000000000001 micromole,0.09321168000000003 microliter,C8H10N4O2,1.1999999999999997,C1COCCO1,dioxane,3.3935943787199996 milligram,38.51717679522393 micromole,3.2947518239999996 microliter,C4H8O2,96.2929419880598,COc1ccc(-c2nnc(-c3cccc4ccccc34)o2)cc1,suzuki_product,0.0 milligram,0.0 micromole,0 microliter,C19H14N2O2,0.0,COc1ccc(-c2nnco2)cc1,dehalogenation_byproduct,0.0 milligram,0.0 micromole,0 microliter,C9H8N2O2,0.0,c1ccc2ccccc2c1,deborylation_byproduct,0.0 milligram,0.0 micromole,0 microliter,C10H8,0.0,COc1ccc(-c2nnc(Br)o2)cc1.OB(O)c1cccc2ccccc12>>COc1ccc(-c2nnc(-c3cccc4ccccc34)o2)cc1.COc1ccc(-c2nnco2)cc1.c1ccc2ccccc2c1,pcr_H23,,,,,,,,,,,,,,,12/18/2023 11:31:49 PM,5,011_rln-nb-2443_018_ct-126_191.raw,1,Rxn_Opt_HSST3_2_98_2min,"H,23",2min_100_1500.EXP,"H,23",pcr_H23,pcr_H23,Eunjae Shim,10.796834981690035
H24,BrC1=CC=CC=C1,phenylbromide,0.06280400000000001 milligram,0.40000000000000013 micromole,0.06280400000000003 microliter,C6H5Br,1.0,OB(O)c1cccc2ccccc12,417716027,0.08255616 milligram,0.4800000000000001 micromole,0.08255616000000002 microliter,C10H9BO2,1.1999999999999997,CC(C)C1=CC(C(C)C)=CC(C(C)C)=C1C2=C([P+](C3CCCCC3)([Pd-2]4(OS(C)(=O)=O)C(C=CC=C5)=C5C6=C([NH+]4C)C=CC=C6)C7CCCCC7)C=CC=C2,XPhos Pd G4,0.08260742400000001 milligram,0.09600000000000003 micromole,0.08260742400000003 microliter,C47H64NO3PPdS,0.24,C1COCCO1,DMF,20.52 milligram,232.90127800603818 micromole,21.6 microliter,C4H8O2,582.2531950150952,[K+].[K+].[K+].[O-]P([O-])([O-])=O,K3PO4,0.7641504000000002 milligram,3.6000000000000014 micromole,0.7641504000000005 microliter,K3O4P,9.0,O,water,3.047886095999999 milligram,169.18601698584507 micromole,3.047886095999999 microliter,H2O,422.96504246461257,CN1C=NC2=C1C(=O)N(C(=O)N2C)C,caffeine,0.09321168000000002 milligram,0.4800000000000001 micromole,0.09321168000000003 microliter,C8H10N4O2,1.1999999999999997,C1COCCO1,dioxane,3.3935943787199996 milligram,38.51717679522393 micromole,3.2947518239999996 microliter,C4H8O2,96.2929419880598,c1ccc(-c2cccc3ccccc23)cc1,suzuki_product,0.0 milligram,0.0 micromole,0 microliter,C16H12,0.0,c1ccccc1,dehalogenation_byproduct,0.0 milligram,0.0 micromole,0 microliter,C6H6,0.0,c1ccc2ccccc2c1,deborylation_byproduct,0.0 milligram,0.0 micromole,0 microliter,C10H8,0.0,BrC1=CC=CC=C1.OB(O)c1cccc2ccccc12>>c1ccc(-c2cccc3ccccc23)cc1.c1ccc2ccccc2c1.c1ccccc1,pcr_H24,,,,,,,,,,,,,,,12/18/2023 11:34:18 PM,5,011_rln-nb-2443_018_ct-126_192.raw,1,Rxn_Opt_HSST3_2_98_2min,"H,24",2min_100_1500.EXP,"H,24",pcr_H24,pcr_H24,Eunjae Shim,0.0
I1,CC1=C(C(=NN1C(C)C)N)Br,4-BROMO-1-ISOPROPYL-5-METHYL-1H-PYRAZOL-3-AMINE,0.08723920000000002 milligram,0.40000000000000013 micromole,0.08723920000000003 microliter,C7H12BrN3,1.0,COc1cncc(B2OC(C)(C)C(C)(C)O2)c1,1078055653,0.11284416 milligram,0.4800000000000001 micromole,0.11284416000000003 microliter,C12H18BNO3,1.1999999999999997,CC(C)C1=CC(C(C)C)=CC(C(C)C)=C1C2=C([P+](C3CCCCC3)([Pd-2]4(OS(C)(=O)=O)C(C=CC=C5)=C5C6=C([NH+]4C)C=CC=C6)C7CCCCC7)C=CC=C2,XPhos Pd G4,0.08260742400000001 milligram,0.09600000000000003 micromole,0.08260742400000003 microliter,C47H64NO3PPdS,0.24,C1COCCO1,DMF,20.52 milligram,232.90127800603818 micromole,21.6 microliter,C4H8O2,582.2531950150952,[K+].[K+].[K+].[O-]P([O-])([O-])=O,K3PO4,0.7641504000000002 milligram,3.6000000000000014 micromole,0.7641504000000005 microliter,K3O4P,9.0,O,water,3.047886095999999 milligram,169.18601698584507 micromole,3.047886095999999 microliter,H2O,422.96504246461257,CN1C=NC2=C1C(=O)N(C(=O)N2C)C,caffeine,0.09321168000000002 milligram,0.4800000000000001 micromole,0.09321168000000003 microliter,C8H10N4O2,1.1999999999999997,C1COCCO1,dioxane,3.3935943787199996 milligram,38.51717679522393 micromole,3.2947518239999996 microliter,C4H8O2,96.2929419880598,COc1cncc(-c2c(N)nn(C(C)C)c2C)c1,suzuki_product,0.0 milligram,0.0 micromole,0 microliter,C13H18N4O,0.0,Cc1cc(N)nn1C(C)C,dehalogenation_byproduct,0.0 milligram,0.0 micromole,0 microliter,C7H13N3,0.0,COc1cccnc1,deborylation_byproduct,0.0 milligram,0.0 micromole,0 microliter,C6H7NO,0.0,CC1=C(C(=NN1C(C)C)N)Br.COc1cncc(B2OC(C)(C)C(C)(C)O2)c1>>COc1cccnc1.COc1cncc(-c2c(N)nn(C(C)C)c2C)c1.Cc1cc(N)nn1C(C)C,pcr_I1,,,,,,,,,,,,,,,12/18/2023 11:36:48 PM,5,011_rln-nb-2443_018_ct-126_193.raw,1,Rxn_Opt_HSST3_2_98_2min,"I,1",2min_100_1500.EXP,"I,1",pcr_I1,pcr_I1,Eunjae Shim,0.0
I2,C1CON=C1C2=CC=C(C=C2)Br,"3-(4-bromophenyl)-4,5-dihydro-1,2-oxazole",0.09042920000000002 milligram,0.40000000000000013 micromole,0.09042920000000003 microliter,C9H8BrNO,1.0,COc1cncc(B2OC(C)(C)C(C)(C)O2)c1,1078055653,0.11284416 milligram,0.4800000000000001 micromole,0.11284416000000003 microliter,C12H18BNO3,1.1999999999999997,CC(C)C1=CC(C(C)C)=CC(C(C)C)=C1C2=C([P+](C3CCCCC3)([Pd-2]4(OS(C)(=O)=O)C(C=CC=C5)=C5C6=C([NH+]4C)C=CC=C6)C7CCCCC7)C=CC=C2,XPhos Pd G4,0.08260742400000001 milligram,0.09600000000000003 micromole,0.08260742400000003 microliter,C47H64NO3PPdS,0.24,C1COCCO1,DMF,20.52 milligram,232.90127800603818 micromole,21.6 microliter,C4H8O2,582.2531950150952,[K+].[K+].[K+].[O-]P([O-])([O-])=O,K3PO4,0.7641504000000002 milligram,3.6000000000000014 micromole,0.7641504000000005 microliter,K3O4P,9.0,O,water,3.047886095999999 milligram,169.18601698584507 micromole,3.047886095999999 microliter,H2O,422.96504246461257,CN1C=NC2=C1C(=O)N(C(=O)N2C)C,caffeine,0.09321168000000002 milligram,0.4800000000000001 micromole,0.09321168000000003 microliter,C8H10N4O2,1.1999999999999997,C1COCCO1,dioxane,3.3935943787199996 milligram,38.51717679522393 micromole,3.2947518239999996 microliter,C4H8O2,96.2929419880598,COc1cncc(-c2ccc(C3=NOCC3)cc2)c1,suzuki_product,0.0 milligram,0.0 micromole,0 microliter,C15H14N2O2,0.0,c1ccc(C2=NOCC2)cc1,dehalogenation_byproduct,0.0 milligram,0.0 micromole,0 microliter,C9H9NO,0.0,COc1cccnc1,deborylation_byproduct,0.0 milligram,0.0 micromole,0 microliter,C6H7NO,0.0,C1CON=C1C2=CC=C(C=C2)Br.COc1cncc(B2OC(C)(C)C(C)(C)O2)c1>>COc1cccnc1.COc1cncc(-c2ccc(C3=NOCC3)cc2)c1.c1ccc(C2=NOCC2)cc1,pcr_I2,,,,,,,,,,,,,,,12/18/2023 11:39:18 PM,5,011_rln-nb-2443_018_ct-126_194.raw,1,Rxn_Opt_HSST3_2_98_2min,"I,2",2min_100_1500.EXP,"I,2",pcr_I2,pcr_I2,Eunjae Shim,40.874806808700285
I3,C1=NC(=C(NC1=O)Cl)Br,5-bromo-6-chloropyrazin-2-ol,0.08377200000000001 milligram,0.40000000000000013 micromole,0.08377200000000003 microliter,C4H2BrClN2O,1.0,COc1cncc(B2OC(C)(C)C(C)(C)O2)c1,1078055653,0.11284416 milligram,0.4800000000000001 micromole,0.11284416000000003 microliter,C12H18BNO3,1.1999999999999997,CC(C)C1=CC(C(C)C)=CC(C(C)C)=C1C2=C([P+](C3CCCCC3)([Pd-2]4(OS(C)(=O)=O)C(C=CC=C5)=C5C6=C([NH+]4C)C=CC=C6)C7CCCCC7)C=CC=C2,XPhos Pd G4,0.08260742400000001 milligram,0.09600000000000003 micromole,0.08260742400000003 microliter,C47H64NO3PPdS,0.24,C1COCCO1,DMF,20.52 milligram,232.90127800603818 micromole,21.6 microliter,C4H8O2,582.2531950150952,[K+].[K+].[K+].[O-]P([O-])([O-])=O,K3PO4,0.7641504000000002 milligram,3.6000000000000014 micromole,0.7641504000000005 microliter,K3O4P,9.0,O,water,3.047886095999999 milligram,169.18601698584507 micromole,3.047886095999999 microliter,H2O,422.96504246461257,CN1C=NC2=C1C(=O)N(C(=O)N2C)C,caffeine,0.09321168000000002 milligram,0.4800000000000001 micromole,0.09321168000000003 microliter,C8H10N4O2,1.1999999999999997,C1COCCO1,dioxane,3.3935943787199996 milligram,38.51717679522393 micromole,3.2947518239999996 microliter,C4H8O2,96.2929419880598,COc1cncc(-c2[nH]c(=O)cnc2Br)c1,suzuki_product,0.0 milligram,0.0 micromole,0 microliter,C10H8BrN3O2,0.0,O=c1cncc(Cl)[nH]1,dehalogenation_byproduct,0.0 milligram,0.0 micromole,0 microliter,C4H3ClN2O,0.0,O=c1cnc(Br)c[nH]1,dehalogenation_byproduct,0.0 milligram,0.0 micromole,0 microliter,C4H3BrN2O,0.0,C1=NC(=C(NC1=O)Cl)Br.COc1cncc(B2OC(C)(C)C(C)(C)O2)c1>>COc1cccnc1.COc1cncc(-c2[nH]c(=O)cnc2Br)c1.COc1cncc(-c2ncc(=O)[nH]c2Cl)c1.O=c1cnc(Br)c[nH]1.O=c1cncc(Cl)[nH]1,pcr_I3,COc1cncc(-c2ncc(=O)[nH]c2Cl)c1,suzuki_product,0.0 milligram,0.0 micromole,0 microliter,C10H8ClN3O2,0.0,COc1cccnc1,deborylation_byproduct,0.0 milligram,0.0 micromole,0 microliter,C6H7NO,0.0,12/18/2023 11:41:47 PM,5,011_rln-nb-2443_018_ct-126_195.raw,1,Rxn_Opt_HSST3_2_98_2min,"I,3",2min_100_1500.EXP,"I,3",pcr_I3,pcr_I3,Eunjae Shim,11.595398451085936
I4,Cc1c(Br)cnc2[nH]ccc12,"5-bromo-4-methyl-1H-pyrrolo[2,3-b]pyridine",0.08442480000000005 milligram,0.40000000000000013 micromole,0.08442480000000006 microliter,C8H7BrN2,1.0,COc1cncc(B2OC(C)(C)C(C)(C)O2)c1,1078055653,0.11284416 milligram,0.4800000000000001 micromole,0.11284416000000003 microliter,C12H18BNO3,1.1999999999999997,CC(C)C1=CC(C(C)C)=CC(C(C)C)=C1C2=C([P+](C3CCCCC3)([Pd-2]4(OS(C)(=O)=O)C(C=CC=C5)=C5C6=C([NH+]4C)C=CC=C6)C7CCCCC7)C=CC=C2,XPhos Pd G4,0.08260742400000001 milligram,0.09600000000000003 micromole,0.08260742400000003 microliter,C47H64NO3PPdS,0.24,C1COCCO1,DMF,20.52 milligram,232.90127800603818 micromole,21.6 microliter,C4H8O2,582.2531950150952,[K+].[K+].[K+].[O-]P([O-])([O-])=O,K3PO4,0.7641504000000002 milligram,3.6000000000000014 micromole,0.7641504000000005 microliter,K3O4P,9.0,O,water,3.047886095999999 milligram,169.18601698584507 micromole,3.047886095999999 microliter,H2O,422.96504246461257,CN1C=NC2=C1C(=O)N(C(=O)N2C)C,caffeine,0.09321168000000002 milligram,0.4800000000000001 micromole,0.09321168000000003 microliter,C8H10N4O2,1.1999999999999997,C1COCCO1,dioxane,3.3935943787199996 milligram,38.51717679522393 micromole,3.2947518239999996 microliter,C4H8O2,96.2929419880598,COc1cncc(-c2cnc3[nH]ccc3c2C)c1,suzuki_product,0.0 milligram,0.0 micromole,0 microliter,C14H13N3O,0.0,Cc1ccnc2[nH]ccc12,dehalogenation_byproduct,0.0 milligram,0.0 micromole,0 microliter,C8H8N2,0.0,COc1cccnc1,deborylation_byproduct,0.0 milligram,0.0 micromole,0 microliter,C6H7NO,0.0,COc1cncc(B2OC(C)(C)C(C)(C)O2)c1.Cc1c(Br)cnc2[nH]ccc12>>COc1cccnc1.COc1cncc(-c2cnc3[nH]ccc3c2C)c1.Cc1ccnc2[nH]ccc12,pcr_I4,,,,,,,,,,,,,,,12/18/2023 11:44:16 PM,5,011_rln-nb-2443_018_ct-126_196.raw,1,Rxn_Opt_HSST3_2_98_2min,"I,4",2min_100_1500.EXP,"I,4",pcr_I4,pcr_I4,Eunjae Shim,7.048036545440111
I5,COc1ccc(-c2nnc(Br)o2)cc1,"2-bromo-5-(4-methoxyphenyl)-1,3,4-oxadiazole",0.10202840000000003 milligram,0.40000000000000013 micromole,0.10202840000000006 microliter,C9H7BrN2O2,1.0,COc1cncc(B2OC(C)(C)C(C)(C)O2)c1,1078055653,0.11284416 milligram,0.4800000000000001 micromole,0.11284416000000003 microliter,C12H18BNO3,1.1999999999999997,CC(C)C1=CC(C(C)C)=CC(C(C)C)=C1C2=C([P+](C3CCCCC3)([Pd-2]4(OS(C)(=O)=O)C(C=CC=C5)=C5C6=C([NH+]4C)C=CC=C6)C7CCCCC7)C=CC=C2,XPhos Pd G4,0.08260742400000001 milligram,0.09600000000000003 micromole,0.08260742400000003 microliter,C47H64NO3PPdS,0.24,C1COCCO1,DMF,20.52 milligram,232.90127800603818 micromole,21.6 microliter,C4H8O2,582.2531950150952,[K+].[K+].[K+].[O-]P([O-])([O-])=O,K3PO4,0.7641504000000002 milligram,3.6000000000000014 micromole,0.7641504000000005 microliter,K3O4P,9.0,O,water,3.047886095999999 milligram,169.18601698584507 micromole,3.047886095999999 microliter,H2O,422.96504246461257,CN1C=NC2=C1C(=O)N(C(=O)N2C)C,caffeine,0.09321168000000002 milligram,0.4800000000000001 micromole,0.09321168000000003 microliter,C8H10N4O2,1.1999999999999997,C1COCCO1,dioxane,3.3935943787199996 milligram,38.51717679522393 micromole,3.2947518239999996 microliter,C4H8O2,96.2929419880598,COc1ccc(-c2nnc(-c3cncc(OC)c3)o2)cc1,suzuki_product,0.0 milligram,0.0 micromole,0 microliter,C15H13N3O3,0.0,COc1ccc(-c2nnco2)cc1,dehalogenation_byproduct,0.0 milligram,0.0 micromole,0 microliter,C9H8N2O2,0.0,COc1cccnc1,deborylation_byproduct,0.0 milligram,0.0 micromole,0 microliter,C6H7NO,0.0,COc1ccc(-c2nnc(Br)o2)cc1.COc1cncc(B2OC(C)(C)C(C)(C)O2)c1>>COc1ccc(-c2nnc(-c3cncc(OC)c3)o2)cc1.COc1ccc(-c2nnco2)cc1.COc1cccnc1,pcr_I5,,,,,,,,,,,,,,,12/18/2023 11:46:46 PM,5,011_rln-nb-2443_018_ct-126_197.raw,1,Rxn_Opt_HSST3_2_98_2min,"I,5",2min_100_1500.EXP,"I,5",pcr_I5,pcr_I5,Eunjae Shim,22.66386766589982
I6,BrC1=CC=CC=C1,phenylbromide,0.06280400000000001 milligram,0.40000000000000013 micromole,0.06280400000000003 microliter,C6H5Br,1.0,COc1cncc(B2OC(C)(C)C(C)(C)O2)c1,1078055653,0.11284416 milligram,0.4800000000000001 micromole,0.11284416000000003 microliter,C12H18BNO3,1.1999999999999997,CC(C)C1=CC(C(C)C)=CC(C(C)C)=C1C2=C([P+](C3CCCCC3)([Pd-2]4(OS(C)(=O)=O)C(C=CC=C5)=C5C6=C([NH+]4C)C=CC=C6)C7CCCCC7)C=CC=C2,XPhos Pd G4,0.08260742400000001 milligram,0.09600000000000003 micromole,0.08260742400000003 microliter,C47H64NO3PPdS,0.24,C1COCCO1,DMF,20.52 milligram,232.90127800603818 micromole,21.6 microliter,C4H8O2,582.2531950150952,[K+].[K+].[K+].[O-]P([O-])([O-])=O,K3PO4,0.7641504000000002 milligram,3.6000000000000014 micromole,0.7641504000000005 microliter,K3O4P,9.0,O,water,3.047886095999999 milligram,169.18601698584507 micromole,3.047886095999999 microliter,H2O,422.96504246461257,CN1C=NC2=C1C(=O)N(C(=O)N2C)C,caffeine,0.09321168000000002 milligram,0.4800000000000001 micromole,0.09321168000000003 microliter,C8H10N4O2,1.1999999999999997,C1COCCO1,dioxane,3.3935943787199996 milligram,38.51717679522393 micromole,3.2947518239999996 microliter,C4H8O2,96.2929419880598,COc1cncc(-c2ccccc2)c1,suzuki_product,0.0 milligram,0.0 micromole,0 microliter,C12H11NO,0.0,c1ccccc1,dehalogenation_byproduct,0.0 milligram,0.0 micromole,0 microliter,C6H6,0.0,COc1cccnc1,deborylation_byproduct,0.0 milligram,0.0 micromole,0 microliter,C6H7NO,0.0,BrC1=CC=CC=C1.COc1cncc(B2OC(C)(C)C(C)(C)O2)c1>>COc1cccnc1.COc1cncc(-c2ccccc2)c1.c1ccccc1,pcr_I6,,,,,,,,,,,,,,,12/18/2023 11:49:15 PM,5,011_rln-nb-2443_018_ct-126_198.raw,1,Rxn_Opt_HSST3_2_98_2min,"I,6",2min_100_1500.EXP,"I,6",pcr_I6,pcr_I6,Eunjae Shim,0.0
I7,CC1=C(C(=NN1C(C)C)N)Br,4-BROMO-1-ISOPROPYL-5-METHYL-1H-PYRAZOL-3-AMINE,0.08723920000000002 milligram,0.40000000000000013 micromole,0.08723920000000003 microliter,C7H12BrN3,1.0,Cc1cc(F)c(B2OC(C)(C)C(C)(C)O2)cc1F,417710498,0.12196080000000001 milligram,0.4800000000000001 micromole,0.12196080000000004 microliter,C13H17BF2O2,1.1999999999999997,CC(C)C1=CC(C(C)C)=CC(C(C)C)=C1C2=C([P+](C3CCCCC3)([Pd-2]4(OS(C)(=O)=O)C(C=CC=C5)=C5C6=C([NH+]4C)C=CC=C6)C7CCCCC7)C=CC=C2,XPhos Pd G4,0.08260742400000001 milligram,0.09600000000000003 micromole,0.08260742400000003 microliter,C47H64NO3PPdS,0.24,C1COCCO1,DMF,20.52 milligram,232.90127800603818 micromole,21.6 microliter,C4H8O2,582.2531950150952,[K+].[K+].[K+].[O-]P([O-])([O-])=O,K3PO4,0.7641504000000002 milligram,3.6000000000000014 micromole,0.7641504000000005 microliter,K3O4P,9.0,O,water,3.047886095999999 milligram,169.18601698584507 micromole,3.047886095999999 microliter,H2O,422.96504246461257,CN1C=NC2=C1C(=O)N(C(=O)N2C)C,caffeine,0.09321168000000002 milligram,0.4800000000000001 micromole,0.09321168000000003 microliter,C8H10N4O2,1.1999999999999997,C1COCCO1,dioxane,3.3935943787199996 milligram,38.51717679522393 micromole,3.2947518239999996 microliter,C4H8O2,96.2929419880598,Cc1cc(F)c(-c2c(N)nn(C(C)C)c2C)cc1F,suzuki_product,0.0 milligram,0.0 micromole,0 microliter,C14H17F2N3,0.0,Cc1cc(N)nn1C(C)C,dehalogenation_byproduct,0.0 milligram,0.0 micromole,0 microliter,C7H13N3,0.0,Cc1cc(F)ccc1F,deborylation_byproduct,0.0 milligram,0.0 micromole,0 microliter,C7H6F2,0.0,CC1=C(C(=NN1C(C)C)N)Br.Cc1cc(F)c(B2OC(C)(C)C(C)(C)O2)cc1F>>Cc1cc(F)c(-c2c(N)nn(C(C)C)c2C)cc1F.Cc1cc(F)ccc1F.Cc1cc(N)nn1C(C)C,pcr_I7,,,,,,,,,,,,,,,12/18/2023 11:51:44 PM,5,011_rln-nb-2443_018_ct-126_199.raw,1,Rxn_Opt_HSST3_2_98_2min,"I,7",2min_100_1500.EXP,"I,7",pcr_I7,pcr_I7,Eunjae Shim,0.0
I8,C1CON=C1C2=CC=C(C=C2)Br,"3-(4-bromophenyl)-4,5-dihydro-1,2-oxazole",0.09042920000000002 milligram,0.40000000000000013 micromole,0.09042920000000003 microliter,C9H8BrNO,1.0,Cc1cc(F)c(B2OC(C)(C)C(C)(C)O2)cc1F,417710498,0.12196080000000001 milligram,0.4800000000000001 micromole,0.12196080000000004 microliter,C13H17BF2O2,1.1999999999999997,CC(C)C1=CC(C(C)C)=CC(C(C)C)=C1C2=C([P+](C3CCCCC3)([Pd-2]4(OS(C)(=O)=O)C(C=CC=C5)=C5C6=C([NH+]4C)C=CC=C6)C7CCCCC7)C=CC=C2,XPhos Pd G4,0.08260742400000001 milligram,0.09600000000000003 micromole,0.08260742400000003 microliter,C47H64NO3PPdS,0.24,C1COCCO1,DMF,20.52 milligram,232.90127800603818 micromole,21.6 microliter,C4H8O2,582.2531950150952,[K+].[K+].[K+].[O-]P([O-])([O-])=O,K3PO4,0.7641504000000002 milligram,3.6000000000000014 micromole,0.7641504000000005 microliter,K3O4P,9.0,O,water,3.047886095999999 milligram,169.18601698584507 micromole,3.047886095999999 microliter,H2O,422.96504246461257,CN1C=NC2=C1C(=O)N(C(=O)N2C)C,caffeine,0.09321168000000002 milligram,0.4800000000000001 micromole,0.09321168000000003 microliter,C8H10N4O2,1.1999999999999997,C1COCCO1,dioxane,3.3935943787199996 milligram,38.51717679522393 micromole,3.2947518239999996 microliter,C4H8O2,96.2929419880598,Cc1cc(F)c(-c2ccc(C3=NOCC3)cc2)cc1F,suzuki_product,0.0 milligram,0.0 micromole,0 microliter,C16H13F2NO,0.0,c1ccc(C2=NOCC2)cc1,dehalogenation_byproduct,0.0 milligram,0.0 micromole,0 microliter,C9H9NO,0.0,Cc1cc(F)ccc1F,deborylation_byproduct,0.0 milligram,0.0 micromole,0 microliter,C7H6F2,0.0,C1CON=C1C2=CC=C(C=C2)Br.Cc1cc(F)c(B2OC(C)(C)C(C)(C)O2)cc1F>>Cc1cc(F)c(-c2ccc(C3=NOCC3)cc2)cc1F.Cc1cc(F)ccc1F.c1ccc(C2=NOCC2)cc1,pcr_I8,,,,,,,,,,,,,,,12/18/2023 11:54:14 PM,5,011_rln-nb-2443_018_ct-126_200.raw,1,Rxn_Opt_HSST3_2_98_2min,"I,8",2min_100_1500.EXP,"I,8",pcr_I8,pcr_I8,Eunjae Shim,8.146693507785418
I9,C1=NC(=C(NC1=O)Cl)Br,5-bromo-6-chloropyrazin-2-ol,0.08377200000000001 milligram,0.40000000000000013 micromole,0.08377200000000003 microliter,C4H2BrClN2O,1.0,Cc1cc(F)c(B2OC(C)(C)C(C)(C)O2)cc1F,417710498,0.12196080000000001 milligram,0.4800000000000001 micromole,0.12196080000000004 microliter,C13H17BF2O2,1.1999999999999997,CC(C)C1=CC(C(C)C)=CC(C(C)C)=C1C2=C([P+](C3CCCCC3)([Pd-2]4(OS(C)(=O)=O)C(C=CC=C5)=C5C6=C([NH+]4C)C=CC=C6)C7CCCCC7)C=CC=C2,XPhos Pd G4,0.08260742400000001 milligram,0.09600000000000003 micromole,0.08260742400000003 microliter,C47H64NO3PPdS,0.24,C1COCCO1,DMF,20.52 milligram,232.90127800603818 micromole,21.6 microliter,C4H8O2,582.2531950150952,[K+].[K+].[K+].[O-]P([O-])([O-])=O,K3PO4,0.7641504000000002 milligram,3.6000000000000014 micromole,0.7641504000000005 microliter,K3O4P,9.0,O,water,3.047886095999999 milligram,169.18601698584507 micromole,3.047886095999999 microliter,H2O,422.96504246461257,CN1C=NC2=C1C(=O)N(C(=O)N2C)C,caffeine,0.09321168000000002 milligram,0.4800000000000001 micromole,0.09321168000000003 microliter,C8H10N4O2,1.1999999999999997,C1COCCO1,dioxane,3.3935943787199996 milligram,38.51717679522393 micromole,3.2947518239999996 microliter,C4H8O2,96.2929419880598,Cc1cc(F)c(-c2[nH]c(=O)cnc2Br)cc1F,suzuki_product,0.0 milligram,0.0 micromole,0 microliter,C11H7BrF2N2O,0.0,O=c1cncc(Cl)[nH]1,dehalogenation_byproduct,0.0 milligram,0.0 micromole,0 microliter,C4H3ClN2O,0.0,O=c1cnc(Br)c[nH]1,dehalogenation_byproduct,0.0 milligram,0.0 micromole,0 microliter,C4H3BrN2O,0.0,C1=NC(=C(NC1=O)Cl)Br.Cc1cc(F)c(B2OC(C)(C)C(C)(C)O2)cc1F>>Cc1cc(F)c(-c2[nH]c(=O)cnc2Br)cc1F.Cc1cc(F)c(-c2ncc(=O)[nH]c2Cl)cc1F.Cc1cc(F)ccc1F.O=c1cnc(Br)c[nH]1.O=c1cncc(Cl)[nH]1,pcr_I9,Cc1cc(F)c(-c2ncc(=O)[nH]c2Cl)cc1F,suzuki_product,0.0 milligram,0.0 micromole,0 microliter,C11H7ClF2N2O,0.0,Cc1cc(F)ccc1F,deborylation_byproduct,0.0 milligram,0.0 micromole,0 microliter,C7H6F2,0.0,12/18/2023 11:56:43 PM,5,011_rln-nb-2443_018_ct-126_201.raw,1,Rxn_Opt_HSST3_2_98_2min,"I,9",2min_100_1500.EXP,"I,9",pcr_I9,pcr_I9,Eunjae Shim,0.0
I10,Cc1c(Br)cnc2[nH]ccc12,"5-bromo-4-methyl-1H-pyrrolo[2,3-b]pyridine",0.08442480000000005 milligram,0.40000000000000013 micromole,0.08442480000000006 microliter,C8H7BrN2,1.0,Cc1cc(F)c(B2OC(C)(C)C(C)(C)O2)cc1F,417710498,0.12196080000000001 milligram,0.4800000000000001 micromole,0.12196080000000004 microliter,C13H17BF2O2,1.1999999999999997,CC(C)C1=CC(C(C)C)=CC(C(C)C)=C1C2=C([P+](C3CCCCC3)([Pd-2]4(OS(C)(=O)=O)C(C=CC=C5)=C5C6=C([NH+]4C)C=CC=C6)C7CCCCC7)C=CC=C2,XPhos Pd G4,0.08260742400000001 milligram,0.09600000000000003 micromole,0.08260742400000003 microliter,C47H64NO3PPdS,0.24,C1COCCO1,DMF,20.52 milligram,232.90127800603818 micromole,21.6 microliter,C4H8O2,582.2531950150952,[K+].[K+].[K+].[O-]P([O-])([O-])=O,K3PO4,0.7641504000000002 milligram,3.6000000000000014 micromole,0.7641504000000005 microliter,K3O4P,9.0,O,water,3.047886095999999 milligram,169.18601698584507 micromole,3.047886095999999 microliter,H2O,422.96504246461257,CN1C=NC2=C1C(=O)N(C(=O)N2C)C,caffeine,0.09321168000000002 milligram,0.4800000000000001 micromole,0.09321168000000003 microliter,C8H10N4O2,1.1999999999999997,C1COCCO1,dioxane,3.3935943787199996 milligram,38.51717679522393 micromole,3.2947518239999996 microliter,C4H8O2,96.2929419880598,Cc1cc(F)c(-c2cnc3[nH]ccc3c2C)cc1F,suzuki_product,0.0 milligram,0.0 micromole,0 microliter,C15H12F2N2,0.0,Cc1ccnc2[nH]ccc12,dehalogenation_byproduct,0.0 milligram,0.0 micromole,0 microliter,C8H8N2,0.0,Cc1cc(F)ccc1F,deborylation_byproduct,0.0 milligram,0.0 micromole,0 microliter,C7H6F2,0.0,Cc1c(Br)cnc2[nH]ccc12.Cc1cc(F)c(B2OC(C)(C)C(C)(C)O2)cc1F>>Cc1cc(F)c(-c2cnc3[nH]ccc3c2C)cc1F.Cc1cc(F)ccc1F.Cc1ccnc2[nH]ccc12,pcr_I10,,,,,,,,,,,,,,,12/18/2023 11:59:12 PM,5,011_rln-nb-2443_018_ct-126_202.raw,1,Rxn_Opt_HSST3_2_98_2min,"I,10",2min_100_1500.EXP,"I,10",pcr_I10,pcr_I10,Eunjae Shim,0.0
I11,COc1ccc(-c2nnc(Br)o2)cc1,"2-bromo-5-(4-methoxyphenyl)-1,3,4-oxadiazole",0.10202840000000003 milligram,0.40000000000000013 micromole,0.10202840000000006 microliter,C9H7BrN2O2,1.0,Cc1cc(F)c(B2OC(C)(C)C(C)(C)O2)cc1F,417710498,0.12196080000000001 milligram,0.4800000000000001 micromole,0.12196080000000004 microliter,C13H17BF2O2,1.1999999999999997,CC(C)C1=CC(C(C)C)=CC(C(C)C)=C1C2=C([P+](C3CCCCC3)([Pd-2]4(OS(C)(=O)=O)C(C=CC=C5)=C5C6=C([NH+]4C)C=CC=C6)C7CCCCC7)C=CC=C2,XPhos Pd G4,0.08260742400000001 milligram,0.09600000000000003 micromole,0.08260742400000003 microliter,C47H64NO3PPdS,0.24,C1COCCO1,DMF,20.52 milligram,232.90127800603818 micromole,21.6 microliter,C4H8O2,582.2531950150952,[K+].[K+].[K+].[O-]P([O-])([O-])=O,K3PO4,0.7641504000000002 milligram,3.6000000000000014 micromole,0.7641504000000005 microliter,K3O4P,9.0,O,water,3.047886095999999 milligram,169.18601698584507 micromole,3.047886095999999 microliter,H2O,422.96504246461257,CN1C=NC2=C1C(=O)N(C(=O)N2C)C,caffeine,0.09321168000000002 milligram,0.4800000000000001 micromole,0.09321168000000003 microliter,C8H10N4O2,1.1999999999999997,C1COCCO1,dioxane,3.3935943787199996 milligram,38.51717679522393 micromole,3.2947518239999996 microliter,C4H8O2,96.2929419880598,COc1ccc(-c2nnc(-c3cc(F)c(C)cc3F)o2)cc1,suzuki_product,0.0 milligram,0.0 micromole,0 microliter,C16H12F2N2O2,0.0,COc1ccc(-c2nnco2)cc1,dehalogenation_byproduct,0.0 milligram,0.0 micromole,0 microliter,C9H8N2O2,0.0,Cc1cc(F)ccc1F,deborylation_byproduct,0.0 milligram,0.0 micromole,0 microliter,C7H6F2,0.0,COc1ccc(-c2nnc(Br)o2)cc1.Cc1cc(F)c(B2OC(C)(C)C(C)(C)O2)cc1F>>COc1ccc(-c2nnc(-c3cc(F)c(C)cc3F)o2)cc1.COc1ccc(-c2nnco2)cc1.Cc1cc(F)ccc1F,pcr_I11,,,,,,,,,,,,,,,12/19/2023 12:01:41 AM,5,011_rln-nb-2443_018_ct-126_203.raw,1,Rxn_Opt_HSST3_2_98_2min,"I,11",2min_100_1500.EXP,"I,11",pcr_I11,pcr_I11,Eunjae Shim,0.8712092322265977
I12,BrC1=CC=CC=C1,phenylbromide,0.06280400000000001 milligram,0.40000000000000013 micromole,0.06280400000000003 microliter,C6H5Br,1.0,Cc1cc(F)c(B2OC(C)(C)C(C)(C)O2)cc1F,417710498,0.12196080000000001 milligram,0.4800000000000001 micromole,0.12196080000000004 microliter,C13H17BF2O2,1.1999999999999997,CC(C)C1=CC(C(C)C)=CC(C(C)C)=C1C2=C([P+](C3CCCCC3)([Pd-2]4(OS(C)(=O)=O)C(C=CC=C5)=C5C6=C([NH+]4C)C=CC=C6)C7CCCCC7)C=CC=C2,XPhos Pd G4,0.08260742400000001 milligram,0.09600000000000003 micromole,0.08260742400000003 microliter,C47H64NO3PPdS,0.24,C1COCCO1,DMF,20.52 milligram,232.90127800603818 micromole,21.6 microliter,C4H8O2,582.2531950150952,[K+].[K+].[K+].[O-]P([O-])([O-])=O,K3PO4,0.7641504000000002 milligram,3.6000000000000014 micromole,0.7641504000000005 microliter,K3O4P,9.0,O,water,3.047886095999999 milligram,169.18601698584507 micromole,3.047886095999999 microliter,H2O,422.96504246461257,CN1C=NC2=C1C(=O)N(C(=O)N2C)C,caffeine,0.09321168000000002 milligram,0.4800000000000001 micromole,0.09321168000000003 microliter,C8H10N4O2,1.1999999999999997,C1COCCO1,dioxane,3.3935943787199996 milligram,38.51717679522393 micromole,3.2947518239999996 microliter,C4H8O2,96.2929419880598,Cc1cc(F)c(-c2ccccc2)cc1F,suzuki_product,0.0 milligram,0.0 micromole,0 microliter,C13H10F2,0.0,c1ccccc1,dehalogenation_byproduct,0.0 milligram,0.0 micromole,0 microliter,C6H6,0.0,Cc1cc(F)ccc1F,deborylation_byproduct,0.0 milligram,0.0 micromole,0 microliter,C7H6F2,0.0,BrC1=CC=CC=C1.Cc1cc(F)c(B2OC(C)(C)C(C)(C)O2)cc1F>>Cc1cc(F)c(-c2ccccc2)cc1F.Cc1cc(F)ccc1F.c1ccccc1,pcr_I12,,,,,,,,,,,,,,,12/19/2023 12:04:10 AM,5,011_rln-nb-2443_018_ct-126_204.raw,1,Rxn_Opt_HSST3_2_98_2min,"I,12",2min_100_1500.EXP,"I,12",pcr_I12,pcr_I12,Eunjae Shim,0.0
I13,CC1=C(C(=NN1C(C)C)N)Br,4-BROMO-1-ISOPROPYL-5-METHYL-1H-PYRAZOL-3-AMINE,0.08723920000000002 milligram,0.40000000000000013 micromole,0.08723920000000003 microliter,C7H12BrN3,1.0,COc1cncc(B2OC(C)(C)C(C)(C)O2)c1,1078055653,0.11284416 milligram,0.4800000000000001 micromole,0.11284416000000003 microliter,C12H18BNO3,1.1999999999999997,CC(C)C1=CC(C(C)C)=CC(C(C)C)=C1C2=C([P+](C3CCCCC3)([Pd-2]4(OS(C)(=O)=O)C(C=CC=C5)=C5C6=C([NH+]4C)C=CC=C6)C7CCCCC7)C=CC=C2,XPhos Pd G4,0.08260742400000001 milligram,0.09600000000000003 micromole,0.08260742400000003 microliter,C47H64NO3PPdS,0.24,C1COCCO1,DMF,20.52 milligram,232.90127800603818 micromole,21.6 microliter,C4H8O2,582.2531950150952,[K+].[K+].[K+].[O-]P([O-])([O-])=O,K3PO4,0.7641504000000002 milligram,3.6000000000000014 micromole,0.7641504000000005 microliter,K3O4P,9.0,O,water,3.047886095999999 milligram,169.18601698584507 micromole,3.047886095999999 microliter,H2O,422.96504246461257,CN1C=NC2=C1C(=O)N(C(=O)N2C)C,caffeine,0.09321168000000002 milligram,0.4800000000000001 micromole,0.09321168000000003 microliter,C8H10N4O2,1.1999999999999997,C1COCCO1,dioxane,3.3935943787199996 milligram,38.51717679522393 micromole,3.2947518239999996 microliter,C4H8O2,96.2929419880598,COc1cncc(-c2c(N)nn(C(C)C)c2C)c1,suzuki_product,0.0 milligram,0.0 micromole,0 microliter,C13H18N4O,0.0,Cc1cc(N)nn1C(C)C,dehalogenation_byproduct,0.0 milligram,0.0 micromole,0 microliter,C7H13N3,0.0,COc1cccnc1,deborylation_byproduct,0.0 milligram,0.0 micromole,0 microliter,C6H7NO,0.0,CC1=C(C(=NN1C(C)C)N)Br.COc1cncc(B2OC(C)(C)C(C)(C)O2)c1>>COc1cccnc1.COc1cncc(-c2c(N)nn(C(C)C)c2C)c1.Cc1cc(N)nn1C(C)C,pcr_I13,,,,,,,,,,,,,,,12/19/2023 12:06:40 AM,5,011_rln-nb-2443_018_ct-126_205.raw,1,Rxn_Opt_HSST3_2_98_2min,"I,13",2min_100_1500.EXP,"I,13",pcr_I13,pcr_I13,Eunjae Shim,4.36265166458428
I14,C1CON=C1C2=CC=C(C=C2)Br,"3-(4-bromophenyl)-4,5-dihydro-1,2-oxazole",0.09042920000000002 milligram,0.40000000000000013 micromole,0.09042920000000003 microliter,C9H8BrNO,1.0,COc1cncc(B2OC(C)(C)C(C)(C)O2)c1,1078055653,0.11284416 milligram,0.4800000000000001 micromole,0.11284416000000003 microliter,C12H18BNO3,1.1999999999999997,CC(C)C1=CC(C(C)C)=CC(C(C)C)=C1C2=C([P+](C3CCCCC3)([Pd-2]4(OS(C)(=O)=O)C(C=CC=C5)=C5C6=C([NH+]4C)C=CC=C6)C7CCCCC7)C=CC=C2,XPhos Pd G4,0.08260742400000001 milligram,0.09600000000000003 micromole,0.08260742400000003 microliter,C47H64NO3PPdS,0.24,C1COCCO1,DMF,20.52 milligram,232.90127800603818 micromole,21.6 microliter,C4H8O2,582.2531950150952,[K+].[K+].[K+].[O-]P([O-])([O-])=O,K3PO4,0.7641504000000002 milligram,3.6000000000000014 micromole,0.7641504000000005 microliter,K3O4P,9.0,O,water,3.047886095999999 milligram,169.18601698584507 micromole,3.047886095999999 microliter,H2O,422.96504246461257,CN1C=NC2=C1C(=O)N(C(=O)N2C)C,caffeine,0.09321168000000002 milligram,0.4800000000000001 micromole,0.09321168000000003 microliter,C8H10N4O2,1.1999999999999997,C1COCCO1,dioxane,3.3935943787199996 milligram,38.51717679522393 micromole,3.2947518239999996 microliter,C4H8O2,96.2929419880598,COc1cncc(-c2ccc(C3=NOCC3)cc2)c1,suzuki_product,0.0 milligram,0.0 micromole,0 microliter,C15H14N2O2,0.0,c1ccc(C2=NOCC2)cc1,dehalogenation_byproduct,0.0 milligram,0.0 micromole,0 microliter,C9H9NO,0.0,COc1cccnc1,deborylation_byproduct,0.0 milligram,0.0 micromole,0 microliter,C6H7NO,0.0,C1CON=C1C2=CC=C(C=C2)Br.COc1cncc(B2OC(C)(C)C(C)(C)O2)c1>>COc1cccnc1.COc1cncc(-c2ccc(C3=NOCC3)cc2)c1.c1ccc(C2=NOCC2)cc1,pcr_I14,,,,,,,,,,,,,,,12/19/2023 12:09:09 AM,5,011_rln-nb-2443_018_ct-126_206.raw,1,Rxn_Opt_HSST3_2_98_2min,"I,14",2min_100_1500.EXP,"I,14",pcr_I14,pcr_I14,Eunjae Shim,32.09786290002214
I15,C1=NC(=C(NC1=O)Cl)Br,5-bromo-6-chloropyrazin-2-ol,0.08377200000000001 milligram,0.40000000000000013 micromole,0.08377200000000003 microliter,C4H2BrClN2O,1.0,COc1cncc(B2OC(C)(C)C(C)(C)O2)c1,1078055653,0.11284416 milligram,0.4800000000000001 micromole,0.11284416000000003 microliter,C12H18BNO3,1.1999999999999997,CC(C)C1=CC(C(C)C)=CC(C(C)C)=C1C2=C([P+](C3CCCCC3)([Pd-2]4(OS(C)(=O)=O)C(C=CC=C5)=C5C6=C([NH+]4C)C=CC=C6)C7CCCCC7)C=CC=C2,XPhos Pd G4,0.08260742400000001 milligram,0.09600000000000003 micromole,0.08260742400000003 microliter,C47H64NO3PPdS,0.24,C1COCCO1,DMF,20.52 milligram,232.90127800603818 micromole,21.6 microliter,C4H8O2,582.2531950150952,[K+].[K+].[K+].[O-]P([O-])([O-])=O,K3PO4,0.7641504000000002 milligram,3.6000000000000014 micromole,0.7641504000000005 microliter,K3O4P,9.0,O,water,3.047886095999999 milligram,169.18601698584507 micromole,3.047886095999999 microliter,H2O,422.96504246461257,CN1C=NC2=C1C(=O)N(C(=O)N2C)C,caffeine,0.09321168000000002 milligram,0.4800000000000001 micromole,0.09321168000000003 microliter,C8H10N4O2,1.1999999999999997,C1COCCO1,dioxane,3.3935943787199996 milligram,38.51717679522393 micromole,3.2947518239999996 microliter,C4H8O2,96.2929419880598,COc1cncc(-c2[nH]c(=O)cnc2Br)c1,suzuki_product,0.0 milligram,0.0 micromole,0 microliter,C10H8BrN3O2,0.0,O=c1cncc(Cl)[nH]1,dehalogenation_byproduct,0.0 milligram,0.0 micromole,0 microliter,C4H3ClN2O,0.0,O=c1cnc(Br)c[nH]1,dehalogenation_byproduct,0.0 milligram,0.0 micromole,0 microliter,C4H3BrN2O,0.0,C1=NC(=C(NC1=O)Cl)Br.COc1cncc(B2OC(C)(C)C(C)(C)O2)c1>>COc1cccnc1.COc1cncc(-c2[nH]c(=O)cnc2Br)c1.COc1cncc(-c2ncc(=O)[nH]c2Cl)c1.O=c1cnc(Br)c[nH]1.O=c1cncc(Cl)[nH]1,pcr_I15,COc1cncc(-c2ncc(=O)[nH]c2Cl)c1,suzuki_product,0.0 milligram,0.0 micromole,0 microliter,C10H8ClN3O2,0.0,COc1cccnc1,deborylation_byproduct,0.0 milligram,0.0 micromole,0 microliter,C6H7NO,0.0,12/19/2023 12:11:38 AM,5,011_rln-nb-2443_018_ct-126_207.raw,1,Rxn_Opt_HSST3_2_98_2min,"I,15",2min_100_1500.EXP,"I,15",pcr_I15,pcr_I15,Eunjae Shim,9.950419180589686
I16,Cc1c(Br)cnc2[nH]ccc12,"5-bromo-4-methyl-1H-pyrrolo[2,3-b]pyridine",0.08442480000000005 milligram,0.40000000000000013 micromole,0.08442480000000006 microliter,C8H7BrN2,1.0,COc1cncc(B2OC(C)(C)C(C)(C)O2)c1,1078055653,0.11284416 milligram,0.4800000000000001 micromole,0.11284416000000003 microliter,C12H18BNO3,1.1999999999999997,CC(C)C1=CC(C(C)C)=CC(C(C)C)=C1C2=C([P+](C3CCCCC3)([Pd-2]4(OS(C)(=O)=O)C(C=CC=C5)=C5C6=C([NH+]4C)C=CC=C6)C7CCCCC7)C=CC=C2,XPhos Pd G4,0.08260742400000001 milligram,0.09600000000000003 micromole,0.08260742400000003 microliter,C47H64NO3PPdS,0.24,C1COCCO1,DMF,20.52 milligram,232.90127800603818 micromole,21.6 microliter,C4H8O2,582.2531950150952,[K+].[K+].[K+].[O-]P([O-])([O-])=O,K3PO4,0.7641504000000002 milligram,3.6000000000000014 micromole,0.7641504000000005 microliter,K3O4P,9.0,O,water,3.047886095999999 milligram,169.18601698584507 micromole,3.047886095999999 microliter,H2O,422.96504246461257,CN1C=NC2=C1C(=O)N(C(=O)N2C)C,caffeine,0.09321168000000002 milligram,0.4800000000000001 micromole,0.09321168000000003 microliter,C8H10N4O2,1.1999999999999997,C1COCCO1,dioxane,3.3935943787199996 milligram,38.51717679522393 micromole,3.2947518239999996 microliter,C4H8O2,96.2929419880598,COc1cncc(-c2cnc3[nH]ccc3c2C)c1,suzuki_product,0.0 milligram,0.0 micromole,0 microliter,C14H13N3O,0.0,Cc1ccnc2[nH]ccc12,dehalogenation_byproduct,0.0 milligram,0.0 micromole,0 microliter,C8H8N2,0.0,COc1cccnc1,deborylation_byproduct,0.0 milligram,0.0 micromole,0 microliter,C6H7NO,0.0,COc1cncc(B2OC(C)(C)C(C)(C)O2)c1.Cc1c(Br)cnc2[nH]ccc12>>COc1cccnc1.COc1cncc(-c2cnc3[nH]ccc3c2C)c1.Cc1ccnc2[nH]ccc12,pcr_I16,,,,,,,,,,,,,,,12/19/2023 12:14:07 AM,5,011_rln-nb-2443_018_ct-126_208.raw,1,Rxn_Opt_HSST3_2_98_2min,"I,16",2min_100_1500.EXP,"I,16",pcr_I16,pcr_I16,Eunjae Shim,6.621477795632479
I17,COc1ccc(-c2nnc(Br)o2)cc1,"2-bromo-5-(4-methoxyphenyl)-1,3,4-oxadiazole",0.10202840000000003 milligram,0.40000000000000013 micromole,0.10202840000000006 microliter,C9H7BrN2O2,1.0,COc1cncc(B2OC(C)(C)C(C)(C)O2)c1,1078055653,0.11284416 milligram,0.4800000000000001 micromole,0.11284416000000003 microliter,C12H18BNO3,1.1999999999999997,CC(C)C1=CC(C(C)C)=CC(C(C)C)=C1C2=C([P+](C3CCCCC3)([Pd-2]4(OS(C)(=O)=O)C(C=CC=C5)=C5C6=C([NH+]4C)C=CC=C6)C7CCCCC7)C=CC=C2,XPhos Pd G4,0.08260742400000001 milligram,0.09600000000000003 micromole,0.08260742400000003 microliter,C47H64NO3PPdS,0.24,C1COCCO1,DMF,20.52 milligram,232.90127800603818 micromole,21.6 microliter,C4H8O2,582.2531950150952,[K+].[K+].[K+].[O-]P([O-])([O-])=O,K3PO4,0.7641504000000002 milligram,3.6000000000000014 micromole,0.7641504000000005 microliter,K3O4P,9.0,O,water,3.047886095999999 milligram,169.18601698584507 micromole,3.047886095999999 microliter,H2O,422.96504246461257,CN1C=NC2=C1C(=O)N(C(=O)N2C)C,caffeine,0.09321168000000002 milligram,0.4800000000000001 micromole,0.09321168000000003 microliter,C8H10N4O2,1.1999999999999997,C1COCCO1,dioxane,3.3935943787199996 milligram,38.51717679522393 micromole,3.2947518239999996 microliter,C4H8O2,96.2929419880598,COc1ccc(-c2nnc(-c3cncc(OC)c3)o2)cc1,suzuki_product,0.0 milligram,0.0 micromole,0 microliter,C15H13N3O3,0.0,COc1ccc(-c2nnco2)cc1,dehalogenation_byproduct,0.0 milligram,0.0 micromole,0 microliter,C9H8N2O2,0.0,COc1cccnc1,deborylation_byproduct,0.0 milligram,0.0 micromole,0 microliter,C6H7NO,0.0,COc1ccc(-c2nnc(Br)o2)cc1.COc1cncc(B2OC(C)(C)C(C)(C)O2)c1>>COc1ccc(-c2nnc(-c3cncc(OC)c3)o2)cc1.COc1ccc(-c2nnco2)cc1.COc1cccnc1,pcr_I17,,,,,,,,,,,,,,,12/19/2023 12:16:36 AM,5,011_rln-nb-2443_018_ct-126_209.raw,1,Rxn_Opt_HSST3_2_98_2min,"I,17",2min_100_1500.EXP,"I,17",pcr_I17,pcr_I17,Eunjae Shim,5.705161163720693
I18,BrC1=CC=CC=C1,phenylbromide,0.06280400000000001 milligram,0.40000000000000013 micromole,0.06280400000000003 microliter,C6H5Br,1.0,COc1cncc(B2OC(C)(C)C(C)(C)O2)c1,1078055653,0.11284416 milligram,0.4800000000000001 micromole,0.11284416000000003 microliter,C12H18BNO3,1.1999999999999997,CC(C)C1=CC(C(C)C)=CC(C(C)C)=C1C2=C([P+](C3CCCCC3)([Pd-2]4(OS(C)(=O)=O)C(C=CC=C5)=C5C6=C([NH+]4C)C=CC=C6)C7CCCCC7)C=CC=C2,XPhos Pd G4,0.08260742400000001 milligram,0.09600000000000003 micromole,0.08260742400000003 microliter,C47H64NO3PPdS,0.24,C1COCCO1,DMF,20.52 milligram,232.90127800603818 micromole,21.6 microliter,C4H8O2,582.2531950150952,[K+].[K+].[K+].[O-]P([O-])([O-])=O,K3PO4,0.7641504000000002 milligram,3.6000000000000014 micromole,0.7641504000000005 microliter,K3O4P,9.0,O,water,3.047886095999999 milligram,169.18601698584507 micromole,3.047886095999999 microliter,H2O,422.96504246461257,CN1C=NC2=C1C(=O)N(C(=O)N2C)C,caffeine,0.09321168000000002 milligram,0.4800000000000001 micromole,0.09321168000000003 microliter,C8H10N4O2,1.1999999999999997,C1COCCO1,dioxane,3.3935943787199996 milligram,38.51717679522393 micromole,3.2947518239999996 microliter,C4H8O2,96.2929419880598,COc1cncc(-c2ccccc2)c1,suzuki_product,0.0 milligram,0.0 micromole,0 microliter,C12H11NO,0.0,c1ccccc1,dehalogenation_byproduct,0.0 milligram,0.0 micromole,0 microliter,C6H6,0.0,COc1cccnc1,deborylation_byproduct,0.0 milligram,0.0 micromole,0 microliter,C6H7NO,0.0,BrC1=CC=CC=C1.COc1cncc(B2OC(C)(C)C(C)(C)O2)c1>>COc1cccnc1.COc1cncc(-c2ccccc2)c1.c1ccccc1,pcr_I18,,,,,,,,,,,,,,,12/19/2023 12:19:05 AM,5,011_rln-nb-2443_018_ct-126_210.raw,1,Rxn_Opt_HSST3_2_98_2min,"I,18",2min_100_1500.EXP,"I,18",pcr_I18,pcr_I18,Eunjae Shim,0.0
I19,CC1=C(C(=NN1C(C)C)N)Br,4-BROMO-1-ISOPROPYL-5-METHYL-1H-PYRAZOL-3-AMINE,0.08723920000000002 milligram,0.40000000000000013 micromole,0.08723920000000003 microliter,C7H12BrN3,1.0,Cc1cc(F)c(B2OC(C)(C)C(C)(C)O2)cc1F,417710498,0.12196080000000001 milligram,0.4800000000000001 micromole,0.12196080000000004 microliter,C13H17BF2O2,1.1999999999999997,CC(C)C1=CC(C(C)C)=CC(C(C)C)=C1C2=C([P+](C3CCCCC3)([Pd-2]4(OS(C)(=O)=O)C(C=CC=C5)=C5C6=C([NH+]4C)C=CC=C6)C7CCCCC7)C=CC=C2,XPhos Pd G4,0.08260742400000001 milligram,0.09600000000000003 micromole,0.08260742400000003 microliter,C47H64NO3PPdS,0.24,C1COCCO1,DMF,20.52 milligram,232.90127800603818 micromole,21.6 microliter,C4H8O2,582.2531950150952,[K+].[K+].[K+].[O-]P([O-])([O-])=O,K3PO4,0.7641504000000002 milligram,3.6000000000000014 micromole,0.7641504000000005 microliter,K3O4P,9.0,O,water,3.047886095999999 milligram,169.18601698584507 micromole,3.047886095999999 microliter,H2O,422.96504246461257,CN1C=NC2=C1C(=O)N(C(=O)N2C)C,caffeine,0.09321168000000002 milligram,0.4800000000000001 micromole,0.09321168000000003 microliter,C8H10N4O2,1.1999999999999997,C1COCCO1,dioxane,3.3935943787199996 milligram,38.51717679522393 micromole,3.2947518239999996 microliter,C4H8O2,96.2929419880598,Cc1cc(F)c(-c2c(N)nn(C(C)C)c2C)cc1F,suzuki_product,0.0 milligram,0.0 micromole,0 microliter,C14H17F2N3,0.0,Cc1cc(N)nn1C(C)C,dehalogenation_byproduct,0.0 milligram,0.0 micromole,0 microliter,C7H13N3,0.0,Cc1cc(F)ccc1F,deborylation_byproduct,0.0 milligram,0.0 micromole,0 microliter,C7H6F2,0.0,CC1=C(C(=NN1C(C)C)N)Br.Cc1cc(F)c(B2OC(C)(C)C(C)(C)O2)cc1F>>Cc1cc(F)c(-c2c(N)nn(C(C)C)c2C)cc1F.Cc1cc(F)ccc1F.Cc1cc(N)nn1C(C)C,pcr_I19,,,,,,,,,,,,,,,12/19/2023 12:21:34 AM,5,011_rln-nb-2443_018_ct-126_211.raw,1,Rxn_Opt_HSST3_2_98_2min,"I,19",2min_100_1500.EXP,"I,19",pcr_I19,pcr_I19,Eunjae Shim,0.0
I20,C1CON=C1C2=CC=C(C=C2)Br,"3-(4-bromophenyl)-4,5-dihydro-1,2-oxazole",0.09042920000000002 milligram,0.40000000000000013 micromole,0.09042920000000003 microliter,C9H8BrNO,1.0,Cc1cc(F)c(B2OC(C)(C)C(C)(C)O2)cc1F,417710498,0.12196080000000001 milligram,0.4800000000000001 micromole,0.12196080000000004 microliter,C13H17BF2O2,1.1999999999999997,CC(C)C1=CC(C(C)C)=CC(C(C)C)=C1C2=C([P+](C3CCCCC3)([Pd-2]4(OS(C)(=O)=O)C(C=CC=C5)=C5C6=C([NH+]4C)C=CC=C6)C7CCCCC7)C=CC=C2,XPhos Pd G4,0.08260742400000001 milligram,0.09600000000000003 micromole,0.08260742400000003 microliter,C47H64NO3PPdS,0.24,C1COCCO1,DMF,20.52 milligram,232.90127800603818 micromole,21.6 microliter,C4H8O2,582.2531950150952,[K+].[K+].[K+].[O-]P([O-])([O-])=O,K3PO4,0.7641504000000002 milligram,3.6000000000000014 micromole,0.7641504000000005 microliter,K3O4P,9.0,O,water,3.047886095999999 milligram,169.18601698584507 micromole,3.047886095999999 microliter,H2O,422.96504246461257,CN1C=NC2=C1C(=O)N(C(=O)N2C)C,caffeine,0.09321168000000002 milligram,0.4800000000000001 micromole,0.09321168000000003 microliter,C8H10N4O2,1.1999999999999997,C1COCCO1,dioxane,3.3935943787199996 milligram,38.51717679522393 micromole,3.2947518239999996 microliter,C4H8O2,96.2929419880598,Cc1cc(F)c(-c2ccc(C3=NOCC3)cc2)cc1F,suzuki_product,0.0 milligram,0.0 micromole,0 microliter,C16H13F2NO,0.0,c1ccc(C2=NOCC2)cc1,dehalogenation_byproduct,0.0 milligram,0.0 micromole,0 microliter,C9H9NO,0.0,Cc1cc(F)ccc1F,deborylation_byproduct,0.0 milligram,0.0 micromole,0 microliter,C7H6F2,0.0,C1CON=C1C2=CC=C(C=C2)Br.Cc1cc(F)c(B2OC(C)(C)C(C)(C)O2)cc1F>>Cc1cc(F)c(-c2ccc(C3=NOCC3)cc2)cc1F.Cc1cc(F)ccc1F.c1ccc(C2=NOCC2)cc1,pcr_I20,,,,,,,,,,,,,,,12/19/2023 12:24:04 AM,5,011_rln-nb-2443_018_ct-126_212.raw,1,Rxn_Opt_HSST3_2_98_2min,"I,20",2min_100_1500.EXP,"I,20",pcr_I20,pcr_I20,Eunjae Shim,3.5990239998492086
I21,C1=NC(=C(NC1=O)Cl)Br,5-bromo-6-chloropyrazin-2-ol,0.08377200000000001 milligram,0.40000000000000013 micromole,0.08377200000000003 microliter,C4H2BrClN2O,1.0,Cc1cc(F)c(B2OC(C)(C)C(C)(C)O2)cc1F,417710498,0.12196080000000001 milligram,0.4800000000000001 micromole,0.12196080000000004 microliter,C13H17BF2O2,1.1999999999999997,CC(C)C1=CC(C(C)C)=CC(C(C)C)=C1C2=C([P+](C3CCCCC3)([Pd-2]4(OS(C)(=O)=O)C(C=CC=C5)=C5C6=C([NH+]4C)C=CC=C6)C7CCCCC7)C=CC=C2,XPhos Pd G4,0.08260742400000001 milligram,0.09600000000000003 micromole,0.08260742400000003 microliter,C47H64NO3PPdS,0.24,C1COCCO1,DMF,20.52 milligram,232.90127800603818 micromole,21.6 microliter,C4H8O2,582.2531950150952,[K+].[K+].[K+].[O-]P([O-])([O-])=O,K3PO4,0.7641504000000002 milligram,3.6000000000000014 micromole,0.7641504000000005 microliter,K3O4P,9.0,O,water,3.047886095999999 milligram,169.18601698584507 micromole,3.047886095999999 microliter,H2O,422.96504246461257,CN1C=NC2=C1C(=O)N(C(=O)N2C)C,caffeine,0.09321168000000002 milligram,0.4800000000000001 micromole,0.09321168000000003 microliter,C8H10N4O2,1.1999999999999997,C1COCCO1,dioxane,3.3935943787199996 milligram,38.51717679522393 micromole,3.2947518239999996 microliter,C4H8O2,96.2929419880598,Cc1cc(F)c(-c2[nH]c(=O)cnc2Br)cc1F,suzuki_product,0.0 milligram,0.0 micromole,0 microliter,C11H7BrF2N2O,0.0,O=c1cncc(Cl)[nH]1,dehalogenation_byproduct,0.0 milligram,0.0 micromole,0 microliter,C4H3ClN2O,0.0,O=c1cnc(Br)c[nH]1,dehalogenation_byproduct,0.0 milligram,0.0 micromole,0 microliter,C4H3BrN2O,0.0,C1=NC(=C(NC1=O)Cl)Br.Cc1cc(F)c(B2OC(C)(C)C(C)(C)O2)cc1F>>Cc1cc(F)c(-c2[nH]c(=O)cnc2Br)cc1F.Cc1cc(F)c(-c2ncc(=O)[nH]c2Cl)cc1F.Cc1cc(F)ccc1F.O=c1cnc(Br)c[nH]1.O=c1cncc(Cl)[nH]1,pcr_I21,Cc1cc(F)c(-c2ncc(=O)[nH]c2Cl)cc1F,suzuki_product,0.0 milligram,0.0 micromole,0 microliter,C11H7ClF2N2O,0.0,Cc1cc(F)ccc1F,deborylation_byproduct,0.0 milligram,0.0 micromole,0 microliter,C7H6F2,0.0,12/19/2023 12:26:33 AM,5,011_rln-nb-2443_018_ct-126_213.raw,1,Rxn_Opt_HSST3_2_98_2min,"I,21",2min_100_1500.EXP,"I,21",pcr_I21,pcr_I21,Eunjae Shim,0.0
I22,Cc1c(Br)cnc2[nH]ccc12,"5-bromo-4-methyl-1H-pyrrolo[2,3-b]pyridine",0.08442480000000005 milligram,0.40000000000000013 micromole,0.08442480000000006 microliter,C8H7BrN2,1.0,Cc1cc(F)c(B2OC(C)(C)C(C)(C)O2)cc1F,417710498,0.12196080000000001 milligram,0.4800000000000001 micromole,0.12196080000000004 microliter,C13H17BF2O2,1.1999999999999997,CC(C)C1=CC(C(C)C)=CC(C(C)C)=C1C2=C([P+](C3CCCCC3)([Pd-2]4(OS(C)(=O)=O)C(C=CC=C5)=C5C6=C([NH+]4C)C=CC=C6)C7CCCCC7)C=CC=C2,XPhos Pd G4,0.08260742400000001 milligram,0.09600000000000003 micromole,0.08260742400000003 microliter,C47H64NO3PPdS,0.24,C1COCCO1,DMF,20.52 milligram,232.90127800603818 micromole,21.6 microliter,C4H8O2,582.2531950150952,[K+].[K+].[K+].[O-]P([O-])([O-])=O,K3PO4,0.7641504000000002 milligram,3.6000000000000014 micromole,0.7641504000000005 microliter,K3O4P,9.0,O,water,3.047886095999999 milligram,169.18601698584507 micromole,3.047886095999999 microliter,H2O,422.96504246461257,CN1C=NC2=C1C(=O)N(C(=O)N2C)C,caffeine,0.09321168000000002 milligram,0.4800000000000001 micromole,0.09321168000000003 microliter,C8H10N4O2,1.1999999999999997,C1COCCO1,dioxane,3.3935943787199996 milligram,38.51717679522393 micromole,3.2947518239999996 microliter,C4H8O2,96.2929419880598,Cc1cc(F)c(-c2cnc3[nH]ccc3c2C)cc1F,suzuki_product,0.0 milligram,0.0 micromole,0 microliter,C15H12F2N2,0.0,Cc1ccnc2[nH]ccc12,dehalogenation_byproduct,0.0 milligram,0.0 micromole,0 microliter,C8H8N2,0.0,Cc1cc(F)ccc1F,deborylation_byproduct,0.0 milligram,0.0 micromole,0 microliter,C7H6F2,0.0,Cc1c(Br)cnc2[nH]ccc12.Cc1cc(F)c(B2OC(C)(C)C(C)(C)O2)cc1F>>Cc1cc(F)c(-c2cnc3[nH]ccc3c2C)cc1F.Cc1cc(F)ccc1F.Cc1ccnc2[nH]ccc12,pcr_I22,,,,,,,,,,,,,,,12/19/2023 12:29:02 AM,5,011_rln-nb-2443_018_ct-126_214.raw,1,Rxn_Opt_HSST3_2_98_2min,"I,22",2min_100_1500.EXP,"I,22",pcr_I22,pcr_I22,Eunjae Shim,0.0
I23,COc1ccc(-c2nnc(Br)o2)cc1,"2-bromo-5-(4-methoxyphenyl)-1,3,4-oxadiazole",0.10202840000000003 milligram,0.40000000000000013 micromole,0.10202840000000006 microliter,C9H7BrN2O2,1.0,Cc1cc(F)c(B2OC(C)(C)C(C)(C)O2)cc1F,417710498,0.12196080000000001 milligram,0.4800000000000001 micromole,0.12196080000000004 microliter,C13H17BF2O2,1.1999999999999997,CC(C)C1=CC(C(C)C)=CC(C(C)C)=C1C2=C([P+](C3CCCCC3)([Pd-2]4(OS(C)(=O)=O)C(C=CC=C5)=C5C6=C([NH+]4C)C=CC=C6)C7CCCCC7)C=CC=C2,XPhos Pd G4,0.08260742400000001 milligram,0.09600000000000003 micromole,0.08260742400000003 microliter,C47H64NO3PPdS,0.24,C1COCCO1,DMF,20.52 milligram,232.90127800603818 micromole,21.6 microliter,C4H8O2,582.2531950150952,[K+].[K+].[K+].[O-]P([O-])([O-])=O,K3PO4,0.7641504000000002 milligram,3.6000000000000014 micromole,0.7641504000000005 microliter,K3O4P,9.0,O,water,3.047886095999999 milligram,169.18601698584507 micromole,3.047886095999999 microliter,H2O,422.96504246461257,CN1C=NC2=C1C(=O)N(C(=O)N2C)C,caffeine,0.09321168000000002 milligram,0.4800000000000001 micromole,0.09321168000000003 microliter,C8H10N4O2,1.1999999999999997,C1COCCO1,dioxane,3.3935943787199996 milligram,38.51717679522393 micromole,3.2947518239999996 microliter,C4H8O2,96.2929419880598,COc1ccc(-c2nnc(-c3cc(F)c(C)cc3F)o2)cc1,suzuki_product,0.0 milligram,0.0 micromole,0 microliter,C16H12F2N2O2,0.0,COc1ccc(-c2nnco2)cc1,dehalogenation_byproduct,0.0 milligram,0.0 micromole,0 microliter,C9H8N2O2,0.0,Cc1cc(F)ccc1F,deborylation_byproduct,0.0 milligram,0.0 micromole,0 microliter,C7H6F2,0.0,COc1ccc(-c2nnc(Br)o2)cc1.Cc1cc(F)c(B2OC(C)(C)C(C)(C)O2)cc1F>>COc1ccc(-c2nnc(-c3cc(F)c(C)cc3F)o2)cc1.COc1ccc(-c2nnco2)cc1.Cc1cc(F)ccc1F,pcr_I23,,,,,,,,,,,,,,,12/19/2023 12:31:32 AM,5,011_rln-nb-2443_018_ct-126_215.raw,1,Rxn_Opt_HSST3_2_98_2min,"I,23",2min_100_1500.EXP,"I,23",pcr_I23,pcr_I23,Eunjae Shim,0.0
I24,BrC1=CC=CC=C1,phenylbromide,0.06280400000000001 milligram,0.40000000000000013 micromole,0.06280400000000003 microliter,C6H5Br,1.0,Cc1cc(F)c(B2OC(C)(C)C(C)(C)O2)cc1F,417710498,0.12196080000000001 milligram,0.4800000000000001 micromole,0.12196080000000004 microliter,C13H17BF2O2,1.1999999999999997,CC(C)C1=CC(C(C)C)=CC(C(C)C)=C1C2=C([P+](C3CCCCC3)([Pd-2]4(OS(C)(=O)=O)C(C=CC=C5)=C5C6=C([NH+]4C)C=CC=C6)C7CCCCC7)C=CC=C2,XPhos Pd G4,0.08260742400000001 milligram,0.09600000000000003 micromole,0.08260742400000003 microliter,C47H64NO3PPdS,0.24,C1COCCO1,DMF,20.52 milligram,232.90127800603818 micromole,21.6 microliter,C4H8O2,582.2531950150952,[K+].[K+].[K+].[O-]P([O-])([O-])=O,K3PO4,0.7641504000000002 milligram,3.6000000000000014 micromole,0.7641504000000005 microliter,K3O4P,9.0,O,water,3.047886095999999 milligram,169.18601698584507 micromole,3.047886095999999 microliter,H2O,422.96504246461257,CN1C=NC2=C1C(=O)N(C(=O)N2C)C,caffeine,0.09321168000000002 milligram,0.4800000000000001 micromole,0.09321168000000003 microliter,C8H10N4O2,1.1999999999999997,C1COCCO1,dioxane,3.3935943787199996 milligram,38.51717679522393 micromole,3.2947518239999996 microliter,C4H8O2,96.2929419880598,Cc1cc(F)c(-c2ccccc2)cc1F,suzuki_product,0.0 milligram,0.0 micromole,0 microliter,C13H10F2,0.0,c1ccccc1,dehalogenation_byproduct,0.0 milligram,0.0 micromole,0 microliter,C6H6,0.0,Cc1cc(F)ccc1F,deborylation_byproduct,0.0 milligram,0.0 micromole,0 microliter,C7H6F2,0.0,BrC1=CC=CC=C1.Cc1cc(F)c(B2OC(C)(C)C(C)(C)O2)cc1F>>Cc1cc(F)c(-c2ccccc2)cc1F.Cc1cc(F)ccc1F.c1ccccc1,pcr_I24,,,,,,,,,,,,,,,12/19/2023 12:34:02 AM,5,011_rln-nb-2443_018_ct-126_216.raw,1,Rxn_Opt_HSST3_2_98_2min,"I,24",2min_100_1500.EXP,"I,24",pcr_I24,pcr_I24,Eunjae Shim,0.0
J1,CC1=C(C(=NN1C(C)C)N)Br,4-BROMO-1-ISOPROPYL-5-METHYL-1H-PYRAZOL-3-AMINE,0.08723920000000002 milligram,0.40000000000000013 micromole,0.08723920000000003 microliter,C7H12BrN3,1.0,OB(O)c1ccc2c(c1)CC2,417386845,0.07102559999999998 milligram,0.4800000000000001 micromole,0.0710256 microliter,C8H9BO2,1.1999999999999997,CC(C)C1=CC(C(C)C)=CC(C(C)C)=C1C2=C([P+](C3CCCCC3)([Pd-2]4(OS(C)(=O)=O)C(C=CC=C5)=C5C6=C([NH+]4C)C=CC=C6)C7CCCCC7)C=CC=C2,XPhos Pd G4,0.08260742400000001 milligram,0.09600000000000003 micromole,0.08260742400000003 microliter,C47H64NO3PPdS,0.24,C1COCCO1,DMF,20.52 milligram,232.90127800603818 micromole,21.6 microliter,C4H8O2,582.2531950150952,[K+].[K+].[K+].[O-]P([O-])([O-])=O,K3PO4,0.7641504000000002 milligram,3.6000000000000014 micromole,0.7641504000000005 microliter,K3O4P,9.0,O,water,3.047886095999999 milligram,169.18601698584507 micromole,3.047886095999999 microliter,H2O,422.96504246461257,CN1C=NC2=C1C(=O)N(C(=O)N2C)C,caffeine,0.09321168000000002 milligram,0.4800000000000001 micromole,0.09321168000000003 microliter,C8H10N4O2,1.1999999999999997,C1COCCO1,dioxane,3.3935943787199996 milligram,38.51717679522393 micromole,3.2947518239999996 microliter,C4H8O2,96.2929419880598,Cc1c(-c2ccc3c(c2)CC3)c(N)nn1C(C)C,suzuki_product,0.0 milligram,0.0 micromole,0 microliter,C15H19N3,0.0,Cc1cc(N)nn1C(C)C,dehalogenation_byproduct,0.0 milligram,0.0 micromole,0 microliter,C7H13N3,0.0,c1ccc2c(c1)CC2,deborylation_byproduct,0.0 milligram,0.0 micromole,0 microliter,C8H8,0.0,CC1=C(C(=NN1C(C)C)N)Br.OB(O)c1ccc2c(c1)CC2>>Cc1c(-c2ccc3c(c2)CC3)c(N)nn1C(C)C.Cc1cc(N)nn1C(C)C.c1ccc2c(c1)CC2,pcr_J1,,,,,,,,,,,,,,,12/19/2023 12:36:31 AM,5,011_rln-nb-2443_018_ct-126_217.raw,1,Rxn_Opt_HSST3_2_98_2min,"J,1",2min_100_1500.EXP,"J,1",pcr_J1,pcr_J1,Eunjae Shim,2.168857449569458
J2,C1CON=C1C2=CC=C(C=C2)Br,"3-(4-bromophenyl)-4,5-dihydro-1,2-oxazole",0.09042920000000002 milligram,0.40000000000000013 micromole,0.09042920000000003 microliter,C9H8BrNO,1.0,OB(O)c1ccc2c(c1)CC2,417386845,0.07102559999999998 milligram,0.4800000000000001 micromole,0.0710256 microliter,C8H9BO2,1.1999999999999997,CC(C)C1=CC(C(C)C)=CC(C(C)C)=C1C2=C([P+](C3CCCCC3)([Pd-2]4(OS(C)(=O)=O)C(C=CC=C5)=C5C6=C([NH+]4C)C=CC=C6)C7CCCCC7)C=CC=C2,XPhos Pd G4,0.08260742400000001 milligram,0.09600000000000003 micromole,0.08260742400000003 microliter,C47H64NO3PPdS,0.24,C1COCCO1,DMF,20.52 milligram,232.90127800603818 micromole,21.6 microliter,C4H8O2,582.2531950150952,[K+].[K+].[K+].[O-]P([O-])([O-])=O,K3PO4,0.7641504000000002 milligram,3.6000000000000014 micromole,0.7641504000000005 microliter,K3O4P,9.0,O,water,3.047886095999999 milligram,169.18601698584507 micromole,3.047886095999999 microliter,H2O,422.96504246461257,CN1C=NC2=C1C(=O)N(C(=O)N2C)C,caffeine,0.09321168000000002 milligram,0.4800000000000001 micromole,0.09321168000000003 microliter,C8H10N4O2,1.1999999999999997,C1COCCO1,dioxane,3.3935943787199996 milligram,38.51717679522393 micromole,3.2947518239999996 microliter,C4H8O2,96.2929419880598,c1cc(-c2ccc3c(c2)CC3)ccc1C1=NOCC1,suzuki_product,0.0 milligram,0.0 micromole,0 microliter,C17H15NO,0.0,c1ccc(C2=NOCC2)cc1,dehalogenation_byproduct,0.0 milligram,0.0 micromole,0 microliter,C9H9NO,0.0,c1ccc2c(c1)CC2,deborylation_byproduct,0.0 milligram,0.0 micromole,0 microliter,C8H8,0.0,C1CON=C1C2=CC=C(C=C2)Br.OB(O)c1ccc2c(c1)CC2>>c1cc(-c2ccc3c(c2)CC3)ccc1C1=NOCC1.c1ccc(C2=NOCC2)cc1.c1ccc2c(c1)CC2,pcr_J2,,,,,,,,,,,,,,,12/19/2023 12:39:01 AM,5,011_rln-nb-2443_018_ct-126_218.raw,1,Rxn_Opt_HSST3_2_98_2min,"J,2",2min_100_1500.EXP,"J,2",pcr_J2,pcr_J2,Eunjae Shim,121.36093033924486
J3,C1=NC(=C(NC1=O)Cl)Br,5-bromo-6-chloropyrazin-2-ol,0.08377200000000001 milligram,0.40000000000000013 micromole,0.08377200000000003 microliter,C4H2BrClN2O,1.0,OB(O)c1ccc2c(c1)CC2,417386845,0.07102559999999998 milligram,0.4800000000000001 micromole,0.0710256 microliter,C8H9BO2,1.1999999999999997,CC(C)C1=CC(C(C)C)=CC(C(C)C)=C1C2=C([P+](C3CCCCC3)([Pd-2]4(OS(C)(=O)=O)C(C=CC=C5)=C5C6=C([NH+]4C)C=CC=C6)C7CCCCC7)C=CC=C2,XPhos Pd G4,0.08260742400000001 milligram,0.09600000000000003 micromole,0.08260742400000003 microliter,C47H64NO3PPdS,0.24,C1COCCO1,DMF,20.52 milligram,232.90127800603818 micromole,21.6 microliter,C4H8O2,582.2531950150952,[K+].[K+].[K+].[O-]P([O-])([O-])=O,K3PO4,0.7641504000000002 milligram,3.6000000000000014 micromole,0.7641504000000005 microliter,K3O4P,9.0,O,water,3.047886095999999 milligram,169.18601698584507 micromole,3.047886095999999 microliter,H2O,422.96504246461257,CN1C=NC2=C1C(=O)N(C(=O)N2C)C,caffeine,0.09321168000000002 milligram,0.4800000000000001 micromole,0.09321168000000003 microliter,C8H10N4O2,1.1999999999999997,C1COCCO1,dioxane,3.3935943787199996 milligram,38.51717679522393 micromole,3.2947518239999996 microliter,C4H8O2,96.2929419880598,O=c1cnc(Br)c(-c2ccc3c(c2)CC3)[nH]1,suzuki_product,0.0 milligram,0.0 micromole,0 microliter,C12H9BrN2O,0.0,O=c1cncc(Cl)[nH]1,dehalogenation_byproduct,0.0 milligram,0.0 micromole,0 microliter,C4H3ClN2O,0.0,O=c1cnc(Br)c[nH]1,dehalogenation_byproduct,0.0 milligram,0.0 micromole,0 microliter,C4H3BrN2O,0.0,C1=NC(=C(NC1=O)Cl)Br.OB(O)c1ccc2c(c1)CC2>>O=c1cnc(-c2ccc3c(c2)CC3)c(Cl)[nH]1.O=c1cnc(Br)c(-c2ccc3c(c2)CC3)[nH]1.O=c1cnc(Br)c[nH]1.O=c1cncc(Cl)[nH]1.c1ccc2c(c1)CC2,pcr_J3,O=c1cnc(-c2ccc3c(c2)CC3)c(Cl)[nH]1,suzuki_product,0.0 milligram,0.0 micromole,0 microliter,C12H9ClN2O,0.0,c1ccc2c(c1)CC2,deborylation_byproduct,0.0 milligram,0.0 micromole,0 microliter,C8H8,0.0,12/19/2023 12:41:30 AM,5,011_rln-nb-2443_018_ct-126_219.raw,1,Rxn_Opt_HSST3_2_98_2min,"J,3",2min_100_1500.EXP,"J,3",pcr_J3,pcr_J3,Eunjae Shim,3.825526868352923
J4,Cc1c(Br)cnc2[nH]ccc12,"5-bromo-4-methyl-1H-pyrrolo[2,3-b]pyridine",0.08442480000000005 milligram,0.40000000000000013 micromole,0.08442480000000006 microliter,C8H7BrN2,1.0,OB(O)c1ccc2c(c1)CC2,417386845,0.07102559999999998 milligram,0.4800000000000001 micromole,0.0710256 microliter,C8H9BO2,1.1999999999999997,CC(C)C1=CC(C(C)C)=CC(C(C)C)=C1C2=C([P+](C3CCCCC3)([Pd-2]4(OS(C)(=O)=O)C(C=CC=C5)=C5C6=C([NH+]4C)C=CC=C6)C7CCCCC7)C=CC=C2,XPhos Pd G4,0.08260742400000001 milligram,0.09600000000000003 micromole,0.08260742400000003 microliter,C47H64NO3PPdS,0.24,C1COCCO1,DMF,20.52 milligram,232.90127800603818 micromole,21.6 microliter,C4H8O2,582.2531950150952,[K+].[K+].[K+].[O-]P([O-])([O-])=O,K3PO4,0.7641504000000002 milligram,3.6000000000000014 micromole,0.7641504000000005 microliter,K3O4P,9.0,O,water,3.047886095999999 milligram,169.18601698584507 micromole,3.047886095999999 microliter,H2O,422.96504246461257,CN1C=NC2=C1C(=O)N(C(=O)N2C)C,caffeine,0.09321168000000002 milligram,0.4800000000000001 micromole,0.09321168000000003 microliter,C8H10N4O2,1.1999999999999997,C1COCCO1,dioxane,3.3935943787199996 milligram,38.51717679522393 micromole,3.2947518239999996 microliter,C4H8O2,96.2929419880598,Cc1c(-c2ccc3c(c2)CC3)cnc2[nH]ccc12,suzuki_product,0.0 milligram,0.0 micromole,0 microliter,C16H14N2,0.0,Cc1ccnc2[nH]ccc12,dehalogenation_byproduct,0.0 milligram,0.0 micromole,0 microliter,C8H8N2,0.0,c1ccc2c(c1)CC2,deborylation_byproduct,0.0 milligram,0.0 micromole,0 microliter,C8H8,0.0,Cc1c(Br)cnc2[nH]ccc12.OB(O)c1ccc2c(c1)CC2>>Cc1c(-c2ccc3c(c2)CC3)cnc2[nH]ccc12.Cc1ccnc2[nH]ccc12.c1ccc2c(c1)CC2,pcr_J4,,,,,,,,,,,,,,,12/19/2023 12:43:58 AM,5,011_rln-nb-2443_018_ct-126_220.raw,1,Rxn_Opt_HSST3_2_98_2min,"J,4",2min_100_1500.EXP,"J,4",pcr_J4,pcr_J4,Eunjae Shim,0.0
J5,COc1ccc(-c2nnc(Br)o2)cc1,"2-bromo-5-(4-methoxyphenyl)-1,3,4-oxadiazole",0.10202840000000003 milligram,0.40000000000000013 micromole,0.10202840000000006 microliter,C9H7BrN2O2,1.0,OB(O)c1ccc2c(c1)CC2,417386845,0.07102559999999998 milligram,0.4800000000000001 micromole,0.0710256 microliter,C8H9BO2,1.1999999999999997,CC(C)C1=CC(C(C)C)=CC(C(C)C)=C1C2=C([P+](C3CCCCC3)([Pd-2]4(OS(C)(=O)=O)C(C=CC=C5)=C5C6=C([NH+]4C)C=CC=C6)C7CCCCC7)C=CC=C2,XPhos Pd G4,0.08260742400000001 milligram,0.09600000000000003 micromole,0.08260742400000003 microliter,C47H64NO3PPdS,0.24,C1COCCO1,DMF,20.52 milligram,232.90127800603818 micromole,21.6 microliter,C4H8O2,582.2531950150952,[K+].[K+].[K+].[O-]P([O-])([O-])=O,K3PO4,0.7641504000000002 milligram,3.6000000000000014 micromole,0.7641504000000005 microliter,K3O4P,9.0,O,water,3.047886095999999 milligram,169.18601698584507 micromole,3.047886095999999 microliter,H2O,422.96504246461257,CN1C=NC2=C1C(=O)N(C(=O)N2C)C,caffeine,0.09321168000000002 milligram,0.4800000000000001 micromole,0.09321168000000003 microliter,C8H10N4O2,1.1999999999999997,C1COCCO1,dioxane,3.3935943787199996 milligram,38.51717679522393 micromole,3.2947518239999996 microliter,C4H8O2,96.2929419880598,COc1ccc(-c2nnc(-c3ccc4c(c3)CC4)o2)cc1,suzuki_product,0.0 milligram,0.0 micromole,0 microliter,C17H14N2O2,0.0,COc1ccc(-c2nnco2)cc1,dehalogenation_byproduct,0.0 milligram,0.0 micromole,0 microliter,C9H8N2O2,0.0,c1ccc2c(c1)CC2,deborylation_byproduct,0.0 milligram,0.0 micromole,0 microliter,C8H8,0.0,COc1ccc(-c2nnc(Br)o2)cc1.OB(O)c1ccc2c(c1)CC2>>COc1ccc(-c2nnc(-c3ccc4c(c3)CC4)o2)cc1.COc1ccc(-c2nnco2)cc1.c1ccc2c(c1)CC2,pcr_J5,,,,,,,,,,,,,,,12/19/2023 12:46:27 AM,5,011_rln-nb-2443_018_ct-126_221.raw,1,Rxn_Opt_HSST3_2_98_2min,"J,5",2min_100_1500.EXP,"J,5",pcr_J5,pcr_J5,Eunjae Shim,18.96172874454681
J6,BrC1=CC=CC=C1,phenylbromide,0.06280400000000001 milligram,0.40000000000000013 micromole,0.06280400000000003 microliter,C6H5Br,1.0,OB(O)c1ccc2c(c1)CC2,417386845,0.07102559999999998 milligram,0.4800000000000001 micromole,0.0710256 microliter,C8H9BO2,1.1999999999999997,CC(C)C1=CC(C(C)C)=CC(C(C)C)=C1C2=C([P+](C3CCCCC3)([Pd-2]4(OS(C)(=O)=O)C(C=CC=C5)=C5C6=C([NH+]4C)C=CC=C6)C7CCCCC7)C=CC=C2,XPhos Pd G4,0.08260742400000001 milligram,0.09600000000000003 micromole,0.08260742400000003 microliter,C47H64NO3PPdS,0.24,C1COCCO1,DMF,20.52 milligram,232.90127800603818 micromole,21.6 microliter,C4H8O2,582.2531950150952,[K+].[K+].[K+].[O-]P([O-])([O-])=O,K3PO4,0.7641504000000002 milligram,3.6000000000000014 micromole,0.7641504000000005 microliter,K3O4P,9.0,O,water,3.047886095999999 milligram,169.18601698584507 micromole,3.047886095999999 microliter,H2O,422.96504246461257,CN1C=NC2=C1C(=O)N(C(=O)N2C)C,caffeine,0.09321168000000002 milligram,0.4800000000000001 micromole,0.09321168000000003 microliter,C8H10N4O2,1.1999999999999997,C1COCCO1,dioxane,3.3935943787199996 milligram,38.51717679522393 micromole,3.2947518239999996 microliter,C4H8O2,96.2929419880598,c1ccc(-c2ccc3c(c2)CC3)cc1,suzuki_product,0.0 milligram,0.0 micromole,0 microliter,C14H12,0.0,c1ccccc1,dehalogenation_byproduct,0.0 milligram,0.0 micromole,0 microliter,C6H6,0.0,c1ccc2c(c1)CC2,deborylation_byproduct,0.0 milligram,0.0 micromole,0 microliter,C8H8,0.0,BrC1=CC=CC=C1.OB(O)c1ccc2c(c1)CC2>>c1ccc(-c2ccc3c(c2)CC3)cc1.c1ccc2c(c1)CC2.c1ccccc1,pcr_J6,,,,,,,,,,,,,,,12/19/2023 12:48:57 AM,5,011_rln-nb-2443_018_ct-126_222.raw,1,Rxn_Opt_HSST3_2_98_2min,"J,6",2min_100_1500.EXP,"J,6",pcr_J6,pcr_J6,Eunjae Shim,0.0
J7,CC1=C(C(=NN1C(C)C)N)Br,4-BROMO-1-ISOPROPYL-5-METHYL-1H-PYRAZOL-3-AMINE,0.08723920000000002 milligram,0.40000000000000013 micromole,0.08723920000000003 microliter,C7H12BrN3,1.0,COc1c(C)cc(B(O)O)cc1C,417385797,0.08640576 milligram,0.4800000000000001 micromole,0.08640576000000001 microliter,C9H13BO3,1.1999999999999997,CC(C)C1=CC(C(C)C)=CC(C(C)C)=C1C2=C([P+](C3CCCCC3)([Pd-2]4(OS(C)(=O)=O)C(C=CC=C5)=C5C6=C([NH+]4C)C=CC=C6)C7CCCCC7)C=CC=C2,XPhos Pd G4,0.08260742400000001 milligram,0.09600000000000003 micromole,0.08260742400000003 microliter,C47H64NO3PPdS,0.24,C1COCCO1,DMF,20.52 milligram,232.90127800603818 micromole,21.6 microliter,C4H8O2,582.2531950150952,[K+].[K+].[K+].[O-]P([O-])([O-])=O,K3PO4,0.7641504000000002 milligram,3.6000000000000014 micromole,0.7641504000000005 microliter,K3O4P,9.0,O,water,3.047886095999999 milligram,169.18601698584507 micromole,3.047886095999999 microliter,H2O,422.96504246461257,CN1C=NC2=C1C(=O)N(C(=O)N2C)C,caffeine,0.09321168000000002 milligram,0.4800000000000001 micromole,0.09321168000000003 microliter,C8H10N4O2,1.1999999999999997,C1COCCO1,dioxane,3.3935943787199996 milligram,38.51717679522393 micromole,3.2947518239999996 microliter,C4H8O2,96.2929419880598,COc1c(C)cc(-c2c(N)nn(C(C)C)c2C)cc1C,suzuki_product,0.0 milligram,0.0 micromole,0 microliter,C16H23N3O,0.0,Cc1cc(N)nn1C(C)C,dehalogenation_byproduct,0.0 milligram,0.0 micromole,0 microliter,C7H13N3,0.0,COc1c(C)cccc1C,deborylation_byproduct,0.0 milligram,0.0 micromole,0 microliter,C9H12O,0.0,CC1=C(C(=NN1C(C)C)N)Br.COc1c(C)cc(B(O)O)cc1C>>COc1c(C)cc(-c2c(N)nn(C(C)C)c2C)cc1C.COc1c(C)cccc1C.Cc1cc(N)nn1C(C)C,pcr_J7,,,,,,,,,,,,,,,12/19/2023 12:51:27 AM,5,011_rln-nb-2443_018_ct-126_223.raw,1,Rxn_Opt_HSST3_2_98_2min,"J,7",2min_100_1500.EXP,"J,7",pcr_J7,pcr_J7,Eunjae Shim,2.811312130004724
J8,C1CON=C1C2=CC=C(C=C2)Br,"3-(4-bromophenyl)-4,5-dihydro-1,2-oxazole",0.09042920000000002 milligram,0.40000000000000013 micromole,0.09042920000000003 microliter,C9H8BrNO,1.0,COc1c(C)cc(B(O)O)cc1C,417385797,0.08640576 milligram,0.4800000000000001 micromole,0.08640576000000001 microliter,C9H13BO3,1.1999999999999997,CC(C)C1=CC(C(C)C)=CC(C(C)C)=C1C2=C([P+](C3CCCCC3)([Pd-2]4(OS(C)(=O)=O)C(C=CC=C5)=C5C6=C([NH+]4C)C=CC=C6)C7CCCCC7)C=CC=C2,XPhos Pd G4,0.08260742400000001 milligram,0.09600000000000003 micromole,0.08260742400000003 microliter,C47H64NO3PPdS,0.24,C1COCCO1,DMF,20.52 milligram,232.90127800603818 micromole,21.6 microliter,C4H8O2,582.2531950150952,[K+].[K+].[K+].[O-]P([O-])([O-])=O,K3PO4,0.7641504000000002 milligram,3.6000000000000014 micromole,0.7641504000000005 microliter,K3O4P,9.0,O,water,3.047886095999999 milligram,169.18601698584507 micromole,3.047886095999999 microliter,H2O,422.96504246461257,CN1C=NC2=C1C(=O)N(C(=O)N2C)C,caffeine,0.09321168000000002 milligram,0.4800000000000001 micromole,0.09321168000000003 microliter,C8H10N4O2,1.1999999999999997,C1COCCO1,dioxane,3.3935943787199996 milligram,38.51717679522393 micromole,3.2947518239999996 microliter,C4H8O2,96.2929419880598,COc1c(C)cc(-c2ccc(C3=NOCC3)cc2)cc1C,suzuki_product,0.0 milligram,0.0 micromole,0 microliter,C18H19NO2,0.0,c1ccc(C2=NOCC2)cc1,dehalogenation_byproduct,0.0 milligram,0.0 micromole,0 microliter,C9H9NO,0.0,COc1c(C)cccc1C,deborylation_byproduct,0.0 milligram,0.0 micromole,0 microliter,C9H12O,0.0,C1CON=C1C2=CC=C(C=C2)Br.COc1c(C)cc(B(O)O)cc1C>>COc1c(C)cc(-c2ccc(C3=NOCC3)cc2)cc1C.COc1c(C)cccc1C.c1ccc(C2=NOCC2)cc1,pcr_J8,,,,,,,,,,,,,,,12/19/2023 12:53:57 AM,5,011_rln-nb-2443_018_ct-126_224.raw,1,Rxn_Opt_HSST3_2_98_2min,"J,8",2min_100_1500.EXP,"J,8",pcr_J8,pcr_J8,Eunjae Shim,62.209570528841326
J9,C1=NC(=C(NC1=O)Cl)Br,5-bromo-6-chloropyrazin-2-ol,0.08377200000000001 milligram,0.40000000000000013 micromole,0.08377200000000003 microliter,C4H2BrClN2O,1.0,COc1c(C)cc(B(O)O)cc1C,417385797,0.08640576 milligram,0.4800000000000001 micromole,0.08640576000000001 microliter,C9H13BO3,1.1999999999999997,CC(C)C1=CC(C(C)C)=CC(C(C)C)=C1C2=C([P+](C3CCCCC3)([Pd-2]4(OS(C)(=O)=O)C(C=CC=C5)=C5C6=C([NH+]4C)C=CC=C6)C7CCCCC7)C=CC=C2,XPhos Pd G4,0.08260742400000001 milligram,0.09600000000000003 micromole,0.08260742400000003 microliter,C47H64NO3PPdS,0.24,C1COCCO1,DMF,20.52 milligram,232.90127800603818 micromole,21.6 microliter,C4H8O2,582.2531950150952,[K+].[K+].[K+].[O-]P([O-])([O-])=O,K3PO4,0.7641504000000002 milligram,3.6000000000000014 micromole,0.7641504000000005 microliter,K3O4P,9.0,O,water,3.047886095999999 milligram,169.18601698584507 micromole,3.047886095999999 microliter,H2O,422.96504246461257,CN1C=NC2=C1C(=O)N(C(=O)N2C)C,caffeine,0.09321168000000002 milligram,0.4800000000000001 micromole,0.09321168000000003 microliter,C8H10N4O2,1.1999999999999997,C1COCCO1,dioxane,3.3935943787199996 milligram,38.51717679522393 micromole,3.2947518239999996 microliter,C4H8O2,96.2929419880598,COc1c(C)cc(-c2[nH]c(=O)cnc2Br)cc1C,suzuki_product,0.0 milligram,0.0 micromole,0 microliter,C13H13BrN2O2,0.0,O=c1cncc(Cl)[nH]1,dehalogenation_byproduct,0.0 milligram,0.0 micromole,0 microliter,C4H3ClN2O,0.0,O=c1cnc(Br)c[nH]1,dehalogenation_byproduct,0.0 milligram,0.0 micromole,0 microliter,C4H3BrN2O,0.0,C1=NC(=C(NC1=O)Cl)Br.COc1c(C)cc(B(O)O)cc1C>>COc1c(C)cc(-c2[nH]c(=O)cnc2Br)cc1C.COc1c(C)cc(-c2ncc(=O)[nH]c2Cl)cc1C.COc1c(C)cccc1C.O=c1cnc(Br)c[nH]1.O=c1cncc(Cl)[nH]1,pcr_J9,COc1c(C)cc(-c2ncc(=O)[nH]c2Cl)cc1C,suzuki_product,0.0 milligram,0.0 micromole,0 microliter,C13H13ClN2O2,0.0,COc1c(C)cccc1C,deborylation_byproduct,0.0 milligram,0.0 micromole,0 microliter,C9H12O,0.0,12/19/2023 12:56:25 AM,5,011_rln-nb-2443_018_ct-126_225.raw,1,Rxn_Opt_HSST3_2_98_2min,"J,9",2min_100_1500.EXP,"J,9",pcr_J9,pcr_J9,Eunjae Shim,0.0
J10,Cc1c(Br)cnc2[nH]ccc12,"5-bromo-4-methyl-1H-pyrrolo[2,3-b]pyridine",0.08442480000000005 milligram,0.40000000000000013 micromole,0.08442480000000006 microliter,C8H7BrN2,1.0,COc1c(C)cc(B(O)O)cc1C,417385797,0.08640576 milligram,0.4800000000000001 micromole,0.08640576000000001 microliter,C9H13BO3,1.1999999999999997,CC(C)C1=CC(C(C)C)=CC(C(C)C)=C1C2=C([P+](C3CCCCC3)([Pd-2]4(OS(C)(=O)=O)C(C=CC=C5)=C5C6=C([NH+]4C)C=CC=C6)C7CCCCC7)C=CC=C2,XPhos Pd G4,0.08260742400000001 milligram,0.09600000000000003 micromole,0.08260742400000003 microliter,C47H64NO3PPdS,0.24,C1COCCO1,DMF,20.52 milligram,232.90127800603818 micromole,21.6 microliter,C4H8O2,582.2531950150952,[K+].[K+].[K+].[O-]P([O-])([O-])=O,K3PO4,0.7641504000000002 milligram,3.6000000000000014 micromole,0.7641504000000005 microliter,K3O4P,9.0,O,water,3.047886095999999 milligram,169.18601698584507 micromole,3.047886095999999 microliter,H2O,422.96504246461257,CN1C=NC2=C1C(=O)N(C(=O)N2C)C,caffeine,0.09321168000000002 milligram,0.4800000000000001 micromole,0.09321168000000003 microliter,C8H10N4O2,1.1999999999999997,C1COCCO1,dioxane,3.3935943787199996 milligram,38.51717679522393 micromole,3.2947518239999996 microliter,C4H8O2,96.2929419880598,COc1c(C)cc(-c2cnc3[nH]ccc3c2C)cc1C,suzuki_product,0.0 milligram,0.0 micromole,0 microliter,C17H18N2O,0.0,Cc1ccnc2[nH]ccc12,dehalogenation_byproduct,0.0 milligram,0.0 micromole,0 microliter,C8H8N2,0.0,COc1c(C)cccc1C,deborylation_byproduct,0.0 milligram,0.0 micromole,0 microliter,C9H12O,0.0,COc1c(C)cc(B(O)O)cc1C.Cc1c(Br)cnc2[nH]ccc12>>COc1c(C)cc(-c2cnc3[nH]ccc3c2C)cc1C.COc1c(C)cccc1C.Cc1ccnc2[nH]ccc12,pcr_J10,,,,,,,,,,,,,,,12/19/2023 12:58:55 AM,5,011_rln-nb-2443_018_ct-126_226.raw,1,Rxn_Opt_HSST3_2_98_2min,"J,10",2min_100_1500.EXP,"J,10",pcr_J10,pcr_J10,Eunjae Shim,3.609863695234835
J11,COc1ccc(-c2nnc(Br)o2)cc1,"2-bromo-5-(4-methoxyphenyl)-1,3,4-oxadiazole",0.10202840000000003 milligram,0.40000000000000013 micromole,0.10202840000000006 microliter,C9H7BrN2O2,1.0,COc1c(C)cc(B(O)O)cc1C,417385797,0.08640576 milligram,0.4800000000000001 micromole,0.08640576000000001 microliter,C9H13BO3,1.1999999999999997,CC(C)C1=CC(C(C)C)=CC(C(C)C)=C1C2=C([P+](C3CCCCC3)([Pd-2]4(OS(C)(=O)=O)C(C=CC=C5)=C5C6=C([NH+]4C)C=CC=C6)C7CCCCC7)C=CC=C2,XPhos Pd G4,0.08260742400000001 milligram,0.09600000000000003 micromole,0.08260742400000003 microliter,C47H64NO3PPdS,0.24,C1COCCO1,DMF,20.52 milligram,232.90127800603818 micromole,21.6 microliter,C4H8O2,582.2531950150952,[K+].[K+].[K+].[O-]P([O-])([O-])=O,K3PO4,0.7641504000000002 milligram,3.6000000000000014 micromole,0.7641504000000005 microliter,K3O4P,9.0,O,water,3.047886095999999 milligram,169.18601698584507 micromole,3.047886095999999 microliter,H2O,422.96504246461257,CN1C=NC2=C1C(=O)N(C(=O)N2C)C,caffeine,0.09321168000000002 milligram,0.4800000000000001 micromole,0.09321168000000003 microliter,C8H10N4O2,1.1999999999999997,C1COCCO1,dioxane,3.3935943787199996 milligram,38.51717679522393 micromole,3.2947518239999996 microliter,C4H8O2,96.2929419880598,COc1ccc(-c2nnc(-c3cc(C)c(OC)c(C)c3)o2)cc1,suzuki_product,0.0 milligram,0.0 micromole,0 microliter,C18H18N2O3,0.0,COc1ccc(-c2nnco2)cc1,dehalogenation_byproduct,0.0 milligram,0.0 micromole,0 microliter,C9H8N2O2,0.0,COc1c(C)cccc1C,deborylation_byproduct,0.0 milligram,0.0 micromole,0 microliter,C9H12O,0.0,COc1c(C)cc(B(O)O)cc1C.COc1ccc(-c2nnc(Br)o2)cc1>>COc1c(C)cccc1C.COc1ccc(-c2nnc(-c3cc(C)c(OC)c(C)c3)o2)cc1.COc1ccc(-c2nnco2)cc1,pcr_J11,,,,,,,,,,,,,,,12/19/2023 1:01:24 AM,5,011_rln-nb-2443_018_ct-126_227.raw,1,Rxn_Opt_HSST3_2_98_2min,"J,11",2min_100_1500.EXP,"J,11",pcr_J11,pcr_J11,Eunjae Shim,13.90642438247923
J12,BrC1=CC=CC=C1,phenylbromide,0.06280400000000001 milligram,0.40000000000000013 micromole,0.06280400000000003 microliter,C6H5Br,1.0,COc1c(C)cc(B(O)O)cc1C,417385797,0.08640576 milligram,0.4800000000000001 micromole,0.08640576000000001 microliter,C9H13BO3,1.1999999999999997,CC(C)C1=CC(C(C)C)=CC(C(C)C)=C1C2=C([P+](C3CCCCC3)([Pd-2]4(OS(C)(=O)=O)C(C=CC=C5)=C5C6=C([NH+]4C)C=CC=C6)C7CCCCC7)C=CC=C2,XPhos Pd G4,0.08260742400000001 milligram,0.09600000000000003 micromole,0.08260742400000003 microliter,C47H64NO3PPdS,0.24,C1COCCO1,DMF,20.52 milligram,232.90127800603818 micromole,21.6 microliter,C4H8O2,582.2531950150952,[K+].[K+].[K+].[O-]P([O-])([O-])=O,K3PO4,0.7641504000000002 milligram,3.6000000000000014 micromole,0.7641504000000005 microliter,K3O4P,9.0,O,water,3.047886095999999 milligram,169.18601698584507 micromole,3.047886095999999 microliter,H2O,422.96504246461257,CN1C=NC2=C1C(=O)N(C(=O)N2C)C,caffeine,0.09321168000000002 milligram,0.4800000000000001 micromole,0.09321168000000003 microliter,C8H10N4O2,1.1999999999999997,C1COCCO1,dioxane,3.3935943787199996 milligram,38.51717679522393 micromole,3.2947518239999996 microliter,C4H8O2,96.2929419880598,COc1c(C)cc(-c2ccccc2)cc1C,suzuki_product,0.0 milligram,0.0 micromole,0 microliter,C15H16O,0.0,c1ccccc1,dehalogenation_byproduct,0.0 milligram,0.0 micromole,0 microliter,C6H6,0.0,COc1c(C)cccc1C,deborylation_byproduct,0.0 milligram,0.0 micromole,0 microliter,C9H12O,0.0,BrC1=CC=CC=C1.COc1c(C)cc(B(O)O)cc1C>>COc1c(C)cc(-c2ccccc2)cc1C.COc1c(C)cccc1C.c1ccccc1,pcr_J12,,,,,,,,,,,,,,,12/19/2023 1:03:53 AM,5,011_rln-nb-2443_018_ct-126_228.raw,1,Rxn_Opt_HSST3_2_98_2min,"J,12",2min_100_1500.EXP,"J,12",pcr_J12,pcr_J12,Eunjae Shim,0.0
J13,CC1=C(C(=NN1C(C)C)N)Br,4-BROMO-1-ISOPROPYL-5-METHYL-1H-PYRAZOL-3-AMINE,0.08723920000000002 milligram,0.40000000000000013 micromole,0.08723920000000003 microliter,C7H12BrN3,1.0,OB(O)c1ccc2c(c1)CC2,417386845,0.07102559999999998 milligram,0.4800000000000001 micromole,0.0710256 microliter,C8H9BO2,1.1999999999999997,CC(C)C1=CC(C(C)C)=CC(C(C)C)=C1C2=C([P+](C3CCCCC3)([Pd-2]4(OS(C)(=O)=O)C(C=CC=C5)=C5C6=C([NH+]4C)C=CC=C6)C7CCCCC7)C=CC=C2,XPhos Pd G4,0.08260742400000001 milligram,0.09600000000000003 micromole,0.08260742400000003 microliter,C47H64NO3PPdS,0.24,C1COCCO1,DMF,20.52 milligram,232.90127800603818 micromole,21.6 microliter,C4H8O2,582.2531950150952,[K+].[K+].[K+].[O-]P([O-])([O-])=O,K3PO4,0.7641504000000002 milligram,3.6000000000000014 micromole,0.7641504000000005 microliter,K3O4P,9.0,O,water,3.047886095999999 milligram,169.18601698584507 micromole,3.047886095999999 microliter,H2O,422.96504246461257,CN1C=NC2=C1C(=O)N(C(=O)N2C)C,caffeine,0.09321168000000002 milligram,0.4800000000000001 micromole,0.09321168000000003 microliter,C8H10N4O2,1.1999999999999997,C1COCCO1,dioxane,3.3935943787199996 milligram,38.51717679522393 micromole,3.2947518239999996 microliter,C4H8O2,96.2929419880598,Cc1c(-c2ccc3c(c2)CC3)c(N)nn1C(C)C,suzuki_product,0.0 milligram,0.0 micromole,0 microliter,C15H19N3,0.0,Cc1cc(N)nn1C(C)C,dehalogenation_byproduct,0.0 milligram,0.0 micromole,0 microliter,C7H13N3,0.0,c1ccc2c(c1)CC2,deborylation_byproduct,0.0 milligram,0.0 micromole,0 microliter,C8H8,0.0,CC1=C(C(=NN1C(C)C)N)Br.OB(O)c1ccc2c(c1)CC2>>Cc1c(-c2ccc3c(c2)CC3)c(N)nn1C(C)C.Cc1cc(N)nn1C(C)C.c1ccc2c(c1)CC2,pcr_J13,,,,,,,,,,,,,,,12/19/2023 1:06:22 AM,5,011_rln-nb-2443_018_ct-126_229.raw,1,Rxn_Opt_HSST3_2_98_2min,"J,13",2min_100_1500.EXP,"J,13",pcr_J13,pcr_J13,Eunjae Shim,2.3380301154632894
J14,C1CON=C1C2=CC=C(C=C2)Br,"3-(4-bromophenyl)-4,5-dihydro-1,2-oxazole",0.09042920000000002 milligram,0.40000000000000013 micromole,0.09042920000000003 microliter,C9H8BrNO,1.0,OB(O)c1ccc2c(c1)CC2,417386845,0.07102559999999998 milligram,0.4800000000000001 micromole,0.0710256 microliter,C8H9BO2,1.1999999999999997,CC(C)C1=CC(C(C)C)=CC(C(C)C)=C1C2=C([P+](C3CCCCC3)([Pd-2]4(OS(C)(=O)=O)C(C=CC=C5)=C5C6=C([NH+]4C)C=CC=C6)C7CCCCC7)C=CC=C2,XPhos Pd G4,0.08260742400000001 milligram,0.09600000000000003 micromole,0.08260742400000003 microliter,C47H64NO3PPdS,0.24,C1COCCO1,DMF,20.52 milligram,232.90127800603818 micromole,21.6 microliter,C4H8O2,582.2531950150952,[K+].[K+].[K+].[O-]P([O-])([O-])=O,K3PO4,0.7641504000000002 milligram,3.6000000000000014 micromole,0.7641504000000005 microliter,K3O4P,9.0,O,water,3.047886095999999 milligram,169.18601698584507 micromole,3.047886095999999 microliter,H2O,422.96504246461257,CN1C=NC2=C1C(=O)N(C(=O)N2C)C,caffeine,0.09321168000000002 milligram,0.4800000000000001 micromole,0.09321168000000003 microliter,C8H10N4O2,1.1999999999999997,C1COCCO1,dioxane,3.3935943787199996 milligram,38.51717679522393 micromole,3.2947518239999996 microliter,C4H8O2,96.2929419880598,c1cc(-c2ccc3c(c2)CC3)ccc1C1=NOCC1,suzuki_product,0.0 milligram,0.0 micromole,0 microliter,C17H15NO,0.0,c1ccc(C2=NOCC2)cc1,dehalogenation_byproduct,0.0 milligram,0.0 micromole,0 microliter,C9H9NO,0.0,c1ccc2c(c1)CC2,deborylation_byproduct,0.0 milligram,0.0 micromole,0 microliter,C8H8,0.0,C1CON=C1C2=CC=C(C=C2)Br.OB(O)c1ccc2c(c1)CC2>>c1cc(-c2ccc3c(c2)CC3)ccc1C1=NOCC1.c1ccc(C2=NOCC2)cc1.c1ccc2c(c1)CC2,pcr_J14,,,,,,,,,,,,,,,12/19/2023 1:08:51 AM,5,011_rln-nb-2443_018_ct-126_230.raw,1,Rxn_Opt_HSST3_2_98_2min,"J,14",2min_100_1500.EXP,"J,14",pcr_J14,pcr_J14,Eunjae Shim,116.57423137750982
J15,C1=NC(=C(NC1=O)Cl)Br,5-bromo-6-chloropyrazin-2-ol,0.08377200000000001 milligram,0.40000000000000013 micromole,0.08377200000000003 microliter,C4H2BrClN2O,1.0,OB(O)c1ccc2c(c1)CC2,417386845,0.07102559999999998 milligram,0.4800000000000001 micromole,0.0710256 microliter,C8H9BO2,1.1999999999999997,CC(C)C1=CC(C(C)C)=CC(C(C)C)=C1C2=C([P+](C3CCCCC3)([Pd-2]4(OS(C)(=O)=O)C(C=CC=C5)=C5C6=C([NH+]4C)C=CC=C6)C7CCCCC7)C=CC=C2,XPhos Pd G4,0.08260742400000001 milligram,0.09600000000000003 micromole,0.08260742400000003 microliter,C47H64NO3PPdS,0.24,C1COCCO1,DMF,20.52 milligram,232.90127800603818 micromole,21.6 microliter,C4H8O2,582.2531950150952,[K+].[K+].[K+].[O-]P([O-])([O-])=O,K3PO4,0.7641504000000002 milligram,3.6000000000000014 micromole,0.7641504000000005 microliter,K3O4P,9.0,O,water,3.047886095999999 milligram,169.18601698584507 micromole,3.047886095999999 microliter,H2O,422.96504246461257,CN1C=NC2=C1C(=O)N(C(=O)N2C)C,caffeine,0.09321168000000002 milligram,0.4800000000000001 micromole,0.09321168000000003 microliter,C8H10N4O2,1.1999999999999997,C1COCCO1,dioxane,3.3935943787199996 milligram,38.51717679522393 micromole,3.2947518239999996 microliter,C4H8O2,96.2929419880598,O=c1cnc(Br)c(-c2ccc3c(c2)CC3)[nH]1,suzuki_product,0.0 milligram,0.0 micromole,0 microliter,C12H9BrN2O,0.0,O=c1cncc(Cl)[nH]1,dehalogenation_byproduct,0.0 milligram,0.0 micromole,0 microliter,C4H3ClN2O,0.0,O=c1cnc(Br)c[nH]1,dehalogenation_byproduct,0.0 milligram,0.0 micromole,0 microliter,C4H3BrN2O,0.0,C1=NC(=C(NC1=O)Cl)Br.OB(O)c1ccc2c(c1)CC2>>O=c1cnc(-c2ccc3c(c2)CC3)c(Cl)[nH]1.O=c1cnc(Br)c(-c2ccc3c(c2)CC3)[nH]1.O=c1cnc(Br)c[nH]1.O=c1cncc(Cl)[nH]1.c1ccc2c(c1)CC2,pcr_J15,O=c1cnc(-c2ccc3c(c2)CC3)c(Cl)[nH]1,suzuki_product,0.0 milligram,0.0 micromole,0 microliter,C12H9ClN2O,0.0,c1ccc2c(c1)CC2,deborylation_byproduct,0.0 milligram,0.0 micromole,0 microliter,C8H8,0.0,12/19/2023 1:11:20 AM,5,011_rln-nb-2443_018_ct-126_231.raw,1,Rxn_Opt_HSST3_2_98_2min,"J,15",2min_100_1500.EXP,"J,15",pcr_J15,pcr_J15,Eunjae Shim,4.103347062589085
J16,Cc1c(Br)cnc2[nH]ccc12,"5-bromo-4-methyl-1H-pyrrolo[2,3-b]pyridine",0.08442480000000005 milligram,0.40000000000000013 micromole,0.08442480000000006 microliter,C8H7BrN2,1.0,OB(O)c1ccc2c(c1)CC2,417386845,0.07102559999999998 milligram,0.4800000000000001 micromole,0.0710256 microliter,C8H9BO2,1.1999999999999997,CC(C)C1=CC(C(C)C)=CC(C(C)C)=C1C2=C([P+](C3CCCCC3)([Pd-2]4(OS(C)(=O)=O)C(C=CC=C5)=C5C6=C([NH+]4C)C=CC=C6)C7CCCCC7)C=CC=C2,XPhos Pd G4,0.08260742400000001 milligram,0.09600000000000003 micromole,0.08260742400000003 microliter,C47H64NO3PPdS,0.24,C1COCCO1,DMF,20.52 milligram,232.90127800603818 micromole,21.6 microliter,C4H8O2,582.2531950150952,[K+].[K+].[K+].[O-]P([O-])([O-])=O,K3PO4,0.7641504000000002 milligram,3.6000000000000014 micromole,0.7641504000000005 microliter,K3O4P,9.0,O,water,3.047886095999999 milligram,169.18601698584507 micromole,3.047886095999999 microliter,H2O,422.96504246461257,CN1C=NC2=C1C(=O)N(C(=O)N2C)C,caffeine,0.09321168000000002 milligram,0.4800000000000001 micromole,0.09321168000000003 microliter,C8H10N4O2,1.1999999999999997,C1COCCO1,dioxane,3.3935943787199996 milligram,38.51717679522393 micromole,3.2947518239999996 microliter,C4H8O2,96.2929419880598,Cc1c(-c2ccc3c(c2)CC3)cnc2[nH]ccc12,suzuki_product,0.0 milligram,0.0 micromole,0 microliter,C16H14N2,0.0,Cc1ccnc2[nH]ccc12,dehalogenation_byproduct,0.0 milligram,0.0 micromole,0 microliter,C8H8N2,0.0,c1ccc2c(c1)CC2,deborylation_byproduct,0.0 milligram,0.0 micromole,0 microliter,C8H8,0.0,Cc1c(Br)cnc2[nH]ccc12.OB(O)c1ccc2c(c1)CC2>>Cc1c(-c2ccc3c(c2)CC3)cnc2[nH]ccc12.Cc1ccnc2[nH]ccc12.c1ccc2c(c1)CC2,pcr_J16,,,,,,,,,,,,,,,12/19/2023 1:13:50 AM,5,011_rln-nb-2443_018_ct-126_232.raw,1,Rxn_Opt_HSST3_2_98_2min,"J,16",2min_100_1500.EXP,"J,16",pcr_J16,pcr_J16,Eunjae Shim,3.210818820948231
J17,COc1ccc(-c2nnc(Br)o2)cc1,"2-bromo-5-(4-methoxyphenyl)-1,3,4-oxadiazole",0.10202840000000003 milligram,0.40000000000000013 micromole,0.10202840000000006 microliter,C9H7BrN2O2,1.0,OB(O)c1ccc2c(c1)CC2,417386845,0.07102559999999998 milligram,0.4800000000000001 micromole,0.0710256 microliter,C8H9BO2,1.1999999999999997,CC(C)C1=CC(C(C)C)=CC(C(C)C)=C1C2=C([P+](C3CCCCC3)([Pd-2]4(OS(C)(=O)=O)C(C=CC=C5)=C5C6=C([NH+]4C)C=CC=C6)C7CCCCC7)C=CC=C2,XPhos Pd G4,0.08260742400000001 milligram,0.09600000000000003 micromole,0.08260742400000003 microliter,C47H64NO3PPdS,0.24,C1COCCO1,DMF,20.52 milligram,232.90127800603818 micromole,21.6 microliter,C4H8O2,582.2531950150952,[K+].[K+].[K+].[O-]P([O-])([O-])=O,K3PO4,0.7641504000000002 milligram,3.6000000000000014 micromole,0.7641504000000005 microliter,K3O4P,9.0,O,water,3.047886095999999 milligram,169.18601698584507 micromole,3.047886095999999 microliter,H2O,422.96504246461257,CN1C=NC2=C1C(=O)N(C(=O)N2C)C,caffeine,0.09321168000000002 milligram,0.4800000000000001 micromole,0.09321168000000003 microliter,C8H10N4O2,1.1999999999999997,C1COCCO1,dioxane,3.3935943787199996 milligram,38.51717679522393 micromole,3.2947518239999996 microliter,C4H8O2,96.2929419880598,COc1ccc(-c2nnc(-c3ccc4c(c3)CC4)o2)cc1,suzuki_product,0.0 milligram,0.0 micromole,0 microliter,C17H14N2O2,0.0,COc1ccc(-c2nnco2)cc1,dehalogenation_byproduct,0.0 milligram,0.0 micromole,0 microliter,C9H8N2O2,0.0,c1ccc2c(c1)CC2,deborylation_byproduct,0.0 milligram,0.0 micromole,0 microliter,C8H8,0.0,COc1ccc(-c2nnc(Br)o2)cc1.OB(O)c1ccc2c(c1)CC2>>COc1ccc(-c2nnc(-c3ccc4c(c3)CC4)o2)cc1.COc1ccc(-c2nnco2)cc1.c1ccc2c(c1)CC2,pcr_J17,,,,,,,,,,,,,,,12/19/2023 1:16:19 AM,5,011_rln-nb-2443_018_ct-126_233.raw,1,Rxn_Opt_HSST3_2_98_2min,"J,17",2min_100_1500.EXP,"J,17",pcr_J17,pcr_J17,Eunjae Shim,17.476338011055134
J18,BrC1=CC=CC=C1,phenylbromide,0.06280400000000001 milligram,0.40000000000000013 micromole,0.06280400000000003 microliter,C6H5Br,1.0,OB(O)c1ccc2c(c1)CC2,417386845,0.07102559999999998 milligram,0.4800000000000001 micromole,0.0710256 microliter,C8H9BO2,1.1999999999999997,CC(C)C1=CC(C(C)C)=CC(C(C)C)=C1C2=C([P+](C3CCCCC3)([Pd-2]4(OS(C)(=O)=O)C(C=CC=C5)=C5C6=C([NH+]4C)C=CC=C6)C7CCCCC7)C=CC=C2,XPhos Pd G4,0.08260742400000001 milligram,0.09600000000000003 micromole,0.08260742400000003 microliter,C47H64NO3PPdS,0.24,C1COCCO1,DMF,20.52 milligram,232.90127800603818 micromole,21.6 microliter,C4H8O2,582.2531950150952,[K+].[K+].[K+].[O-]P([O-])([O-])=O,K3PO4,0.7641504000000002 milligram,3.6000000000000014 micromole,0.7641504000000005 microliter,K3O4P,9.0,O,water,3.047886095999999 milligram,169.18601698584507 micromole,3.047886095999999 microliter,H2O,422.96504246461257,CN1C=NC2=C1C(=O)N(C(=O)N2C)C,caffeine,0.09321168000000002 milligram,0.4800000000000001 micromole,0.09321168000000003 microliter,C8H10N4O2,1.1999999999999997,C1COCCO1,dioxane,3.3935943787199996 milligram,38.51717679522393 micromole,3.2947518239999996 microliter,C4H8O2,96.2929419880598,c1ccc(-c2ccc3c(c2)CC3)cc1,suzuki_product,0.0 milligram,0.0 micromole,0 microliter,C14H12,0.0,c1ccccc1,dehalogenation_byproduct,0.0 milligram,0.0 micromole,0 microliter,C6H6,0.0,c1ccc2c(c1)CC2,deborylation_byproduct,0.0 milligram,0.0 micromole,0 microliter,C8H8,0.0,BrC1=CC=CC=C1.OB(O)c1ccc2c(c1)CC2>>c1ccc(-c2ccc3c(c2)CC3)cc1.c1ccc2c(c1)CC2.c1ccccc1,pcr_J18,,,,,,,,,,,,,,,12/19/2023 1:18:48 AM,5,011_rln-nb-2443_018_ct-126_234.raw,1,Rxn_Opt_HSST3_2_98_2min,"J,18",2min_100_1500.EXP,"J,18",pcr_J18,pcr_J18,Eunjae Shim,0.0
J19,CC1=C(C(=NN1C(C)C)N)Br,4-BROMO-1-ISOPROPYL-5-METHYL-1H-PYRAZOL-3-AMINE,0.08723920000000002 milligram,0.40000000000000013 micromole,0.08723920000000003 microliter,C7H12BrN3,1.0,COc1c(C)cc(B(O)O)cc1C,417385797,0.08640576 milligram,0.4800000000000001 micromole,0.08640576000000001 microliter,C9H13BO3,1.1999999999999997,CC(C)C1=CC(C(C)C)=CC(C(C)C)=C1C2=C([P+](C3CCCCC3)([Pd-2]4(OS(C)(=O)=O)C(C=CC=C5)=C5C6=C([NH+]4C)C=CC=C6)C7CCCCC7)C=CC=C2,XPhos Pd G4,0.08260742400000001 milligram,0.09600000000000003 micromole,0.08260742400000003 microliter,C47H64NO3PPdS,0.24,C1COCCO1,DMF,20.52 milligram,232.90127800603818 micromole,21.6 microliter,C4H8O2,582.2531950150952,[K+].[K+].[K+].[O-]P([O-])([O-])=O,K3PO4,0.7641504000000002 milligram,3.6000000000000014 micromole,0.7641504000000005 microliter,K3O4P,9.0,O,water,3.047886095999999 milligram,169.18601698584507 micromole,3.047886095999999 microliter,H2O,422.96504246461257,CN1C=NC2=C1C(=O)N(C(=O)N2C)C,caffeine,0.09321168000000002 milligram,0.4800000000000001 micromole,0.09321168000000003 microliter,C8H10N4O2,1.1999999999999997,C1COCCO1,dioxane,3.3935943787199996 milligram,38.51717679522393 micromole,3.2947518239999996 microliter,C4H8O2,96.2929419880598,COc1c(C)cc(-c2c(N)nn(C(C)C)c2C)cc1C,suzuki_product,0.0 milligram,0.0 micromole,0 microliter,C16H23N3O,0.0,Cc1cc(N)nn1C(C)C,dehalogenation_byproduct,0.0 milligram,0.0 micromole,0 microliter,C7H13N3,0.0,COc1c(C)cccc1C,deborylation_byproduct,0.0 milligram,0.0 micromole,0 microliter,C9H12O,0.0,CC1=C(C(=NN1C(C)C)N)Br.COc1c(C)cc(B(O)O)cc1C>>COc1c(C)cc(-c2c(N)nn(C(C)C)c2C)cc1C.COc1c(C)cccc1C.Cc1cc(N)nn1C(C)C,pcr_J19,,,,,,,,,,,,,,,12/19/2023 1:21:17 AM,5,011_rln-nb-2443_018_ct-126_235.raw,1,Rxn_Opt_HSST3_2_98_2min,"J,19",2min_100_1500.EXP,"J,19",pcr_J19,pcr_J19,Eunjae Shim,2.564004374530362
J20,C1CON=C1C2=CC=C(C=C2)Br,"3-(4-bromophenyl)-4,5-dihydro-1,2-oxazole",0.09042920000000002 milligram,0.40000000000000013 micromole,0.09042920000000003 microliter,C9H8BrNO,1.0,COc1c(C)cc(B(O)O)cc1C,417385797,0.08640576 milligram,0.4800000000000001 micromole,0.08640576000000001 microliter,C9H13BO3,1.1999999999999997,CC(C)C1=CC(C(C)C)=CC(C(C)C)=C1C2=C([P+](C3CCCCC3)([Pd-2]4(OS(C)(=O)=O)C(C=CC=C5)=C5C6=C([NH+]4C)C=CC=C6)C7CCCCC7)C=CC=C2,XPhos Pd G4,0.08260742400000001 milligram,0.09600000000000003 micromole,0.08260742400000003 microliter,C47H64NO3PPdS,0.24,C1COCCO1,DMF,20.52 milligram,232.90127800603818 micromole,21.6 microliter,C4H8O2,582.2531950150952,[K+].[K+].[K+].[O-]P([O-])([O-])=O,K3PO4,0.7641504000000002 milligram,3.6000000000000014 micromole,0.7641504000000005 microliter,K3O4P,9.0,O,water,3.047886095999999 milligram,169.18601698584507 micromole,3.047886095999999 microliter,H2O,422.96504246461257,CN1C=NC2=C1C(=O)N(C(=O)N2C)C,caffeine,0.09321168000000002 milligram,0.4800000000000001 micromole,0.09321168000000003 microliter,C8H10N4O2,1.1999999999999997,C1COCCO1,dioxane,3.3935943787199996 milligram,38.51717679522393 micromole,3.2947518239999996 microliter,C4H8O2,96.2929419880598,COc1c(C)cc(-c2ccc(C3=NOCC3)cc2)cc1C,suzuki_product,0.0 milligram,0.0 micromole,0 microliter,C18H19NO2,0.0,c1ccc(C2=NOCC2)cc1,dehalogenation_byproduct,0.0 milligram,0.0 micromole,0 microliter,C9H9NO,0.0,COc1c(C)cccc1C,deborylation_byproduct,0.0 milligram,0.0 micromole,0 microliter,C9H12O,0.0,C1CON=C1C2=CC=C(C=C2)Br.COc1c(C)cc(B(O)O)cc1C>>COc1c(C)cc(-c2ccc(C3=NOCC3)cc2)cc1C.COc1c(C)cccc1C.c1ccc(C2=NOCC2)cc1,pcr_J20,,,,,,,,,,,,,,,12/19/2023 1:23:46 AM,5,011_rln-nb-2443_018_ct-126_236.raw,1,Rxn_Opt_HSST3_2_98_2min,"J,20",2min_100_1500.EXP,"J,20",pcr_J20,pcr_J20,Eunjae Shim,61.990350396678295
J21,C1=NC(=C(NC1=O)Cl)Br,5-bromo-6-chloropyrazin-2-ol,0.08377200000000001 milligram,0.40000000000000013 micromole,0.08377200000000003 microliter,C4H2BrClN2O,1.0,COc1c(C)cc(B(O)O)cc1C,417385797,0.08640576 milligram,0.4800000000000001 micromole,0.08640576000000001 microliter,C9H13BO3,1.1999999999999997,CC(C)C1=CC(C(C)C)=CC(C(C)C)=C1C2=C([P+](C3CCCCC3)([Pd-2]4(OS(C)(=O)=O)C(C=CC=C5)=C5C6=C([NH+]4C)C=CC=C6)C7CCCCC7)C=CC=C2,XPhos Pd G4,0.08260742400000001 milligram,0.09600000000000003 micromole,0.08260742400000003 microliter,C47H64NO3PPdS,0.24,C1COCCO1,DMF,20.52 milligram,232.90127800603818 micromole,21.6 microliter,C4H8O2,582.2531950150952,[K+].[K+].[K+].[O-]P([O-])([O-])=O,K3PO4,0.7641504000000002 milligram,3.6000000000000014 micromole,0.7641504000000005 microliter,K3O4P,9.0,O,water,3.047886095999999 milligram,169.18601698584507 micromole,3.047886095999999 microliter,H2O,422.96504246461257,CN1C=NC2=C1C(=O)N(C(=O)N2C)C,caffeine,0.09321168000000002 milligram,0.4800000000000001 micromole,0.09321168000000003 microliter,C8H10N4O2,1.1999999999999997,C1COCCO1,dioxane,3.3935943787199996 milligram,38.51717679522393 micromole,3.2947518239999996 microliter,C4H8O2,96.2929419880598,COc1c(C)cc(-c2[nH]c(=O)cnc2Br)cc1C,suzuki_product,0.0 milligram,0.0 micromole,0 microliter,C13H13BrN2O2,0.0,O=c1cncc(Cl)[nH]1,dehalogenation_byproduct,0.0 milligram,0.0 micromole,0 microliter,C4H3ClN2O,0.0,O=c1cnc(Br)c[nH]1,dehalogenation_byproduct,0.0 milligram,0.0 micromole,0 microliter,C4H3BrN2O,0.0,C1=NC(=C(NC1=O)Cl)Br.COc1c(C)cc(B(O)O)cc1C>>COc1c(C)cc(-c2[nH]c(=O)cnc2Br)cc1C.COc1c(C)cc(-c2ncc(=O)[nH]c2Cl)cc1C.COc1c(C)cccc1C.O=c1cnc(Br)c[nH]1.O=c1cncc(Cl)[nH]1,pcr_J21,COc1c(C)cc(-c2ncc(=O)[nH]c2Cl)cc1C,suzuki_product,0.0 milligram,0.0 micromole,0 microliter,C13H13ClN2O2,0.0,COc1c(C)cccc1C,deborylation_byproduct,0.0 milligram,0.0 micromole,0 microliter,C9H12O,0.0,12/19/2023 1:26:15 AM,5,011_rln-nb-2443_018_ct-126_237.raw,1,Rxn_Opt_HSST3_2_98_2min,"J,21",2min_100_1500.EXP,"J,21",pcr_J21,pcr_J21,Eunjae Shim,0.0
J22,Cc1c(Br)cnc2[nH]ccc12,"5-bromo-4-methyl-1H-pyrrolo[2,3-b]pyridine",0.08442480000000005 milligram,0.40000000000000013 micromole,0.08442480000000006 microliter,C8H7BrN2,1.0,COc1c(C)cc(B(O)O)cc1C,417385797,0.08640576 milligram,0.4800000000000001 micromole,0.08640576000000001 microliter,C9H13BO3,1.1999999999999997,CC(C)C1=CC(C(C)C)=CC(C(C)C)=C1C2=C([P+](C3CCCCC3)([Pd-2]4(OS(C)(=O)=O)C(C=CC=C5)=C5C6=C([NH+]4C)C=CC=C6)C7CCCCC7)C=CC=C2,XPhos Pd G4,0.08260742400000001 milligram,0.09600000000000003 micromole,0.08260742400000003 microliter,C47H64NO3PPdS,0.24,C1COCCO1,DMF,20.52 milligram,232.90127800603818 micromole,21.6 microliter,C4H8O2,582.2531950150952,[K+].[K+].[K+].[O-]P([O-])([O-])=O,K3PO4,0.7641504000000002 milligram,3.6000000000000014 micromole,0.7641504000000005 microliter,K3O4P,9.0,O,water,3.047886095999999 milligram,169.18601698584507 micromole,3.047886095999999 microliter,H2O,422.96504246461257,CN1C=NC2=C1C(=O)N(C(=O)N2C)C,caffeine,0.09321168000000002 milligram,0.4800000000000001 micromole,0.09321168000000003 microliter,C8H10N4O2,1.1999999999999997,C1COCCO1,dioxane,3.3935943787199996 milligram,38.51717679522393 micromole,3.2947518239999996 microliter,C4H8O2,96.2929419880598,COc1c(C)cc(-c2cnc3[nH]ccc3c2C)cc1C,suzuki_product,0.0 milligram,0.0 micromole,0 microliter,C17H18N2O,0.0,Cc1ccnc2[nH]ccc12,dehalogenation_byproduct,0.0 milligram,0.0 micromole,0 microliter,C8H8N2,0.0,COc1c(C)cccc1C,deborylation_byproduct,0.0 milligram,0.0 micromole,0 microliter,C9H12O,0.0,COc1c(C)cc(B(O)O)cc1C.Cc1c(Br)cnc2[nH]ccc12>>COc1c(C)cc(-c2cnc3[nH]ccc3c2C)cc1C.COc1c(C)cccc1C.Cc1ccnc2[nH]ccc12,pcr_J22,,,,,,,,,,,,,,,12/19/2023 1:28:44 AM,5,011_rln-nb-2443_018_ct-126_238.raw,1,Rxn_Opt_HSST3_2_98_2min,"J,22",2min_100_1500.EXP,"J,22",pcr_J22,pcr_J22,Eunjae Shim,0.0
J23,COc1ccc(-c2nnc(Br)o2)cc1,"2-bromo-5-(4-methoxyphenyl)-1,3,4-oxadiazole",0.10202840000000003 milligram,0.40000000000000013 micromole,0.10202840000000006 microliter,C9H7BrN2O2,1.0,COc1c(C)cc(B(O)O)cc1C,417385797,0.08640576 milligram,0.4800000000000001 micromole,0.08640576000000001 microliter,C9H13BO3,1.1999999999999997,CC(C)C1=CC(C(C)C)=CC(C(C)C)=C1C2=C([P+](C3CCCCC3)([Pd-2]4(OS(C)(=O)=O)C(C=CC=C5)=C5C6=C([NH+]4C)C=CC=C6)C7CCCCC7)C=CC=C2,XPhos Pd G4,0.08260742400000001 milligram,0.09600000000000003 micromole,0.08260742400000003 microliter,C47H64NO3PPdS,0.24,C1COCCO1,DMF,20.52 milligram,232.90127800603818 micromole,21.6 microliter,C4H8O2,582.2531950150952,[K+].[K+].[K+].[O-]P([O-])([O-])=O,K3PO4,0.7641504000000002 milligram,3.6000000000000014 micromole,0.7641504000000005 microliter,K3O4P,9.0,O,water,3.047886095999999 milligram,169.18601698584507 micromole,3.047886095999999 microliter,H2O,422.96504246461257,CN1C=NC2=C1C(=O)N(C(=O)N2C)C,caffeine,0.09321168000000002 milligram,0.4800000000000001 micromole,0.09321168000000003 microliter,C8H10N4O2,1.1999999999999997,C1COCCO1,dioxane,3.3935943787199996 milligram,38.51717679522393 micromole,3.2947518239999996 microliter,C4H8O2,96.2929419880598,COc1ccc(-c2nnc(-c3cc(C)c(OC)c(C)c3)o2)cc1,suzuki_product,0.0 milligram,0.0 micromole,0 microliter,C18H18N2O3,0.0,COc1ccc(-c2nnco2)cc1,dehalogenation_byproduct,0.0 milligram,0.0 micromole,0 microliter,C9H8N2O2,0.0,COc1c(C)cccc1C,deborylation_byproduct,0.0 milligram,0.0 micromole,0 microliter,C9H12O,0.0,COc1c(C)cc(B(O)O)cc1C.COc1ccc(-c2nnc(Br)o2)cc1>>COc1c(C)cccc1C.COc1ccc(-c2nnc(-c3cc(C)c(OC)c(C)c3)o2)cc1.COc1ccc(-c2nnco2)cc1,pcr_J23,,,,,,,,,,,,,,,12/19/2023 1:31:13 AM,5,011_rln-nb-2443_018_ct-126_239.raw,1,Rxn_Opt_HSST3_2_98_2min,"J,23",2min_100_1500.EXP,"J,23",pcr_J23,pcr_J23,Eunjae Shim,0.0
J24,BrC1=CC=CC=C1,phenylbromide,0.06280400000000001 milligram,0.40000000000000013 micromole,0.06280400000000003 microliter,C6H5Br,1.0,COc1c(C)cc(B(O)O)cc1C,417385797,0.08640576 milligram,0.4800000000000001 micromole,0.08640576000000001 microliter,C9H13BO3,1.1999999999999997,CC(C)C1=CC(C(C)C)=CC(C(C)C)=C1C2=C([P+](C3CCCCC3)([Pd-2]4(OS(C)(=O)=O)C(C=CC=C5)=C5C6=C([NH+]4C)C=CC=C6)C7CCCCC7)C=CC=C2,XPhos Pd G4,0.08260742400000001 milligram,0.09600000000000003 micromole,0.08260742400000003 microliter,C47H64NO3PPdS,0.24,C1COCCO1,DMF,20.52 milligram,232.90127800603818 micromole,21.6 microliter,C4H8O2,582.2531950150952,[K+].[K+].[K+].[O-]P([O-])([O-])=O,K3PO4,0.7641504000000002 milligram,3.6000000000000014 micromole,0.7641504000000005 microliter,K3O4P,9.0,O,water,3.047886095999999 milligram,169.18601698584507 micromole,3.047886095999999 microliter,H2O,422.96504246461257,CN1C=NC2=C1C(=O)N(C(=O)N2C)C,caffeine,0.09321168000000002 milligram,0.4800000000000001 micromole,0.09321168000000003 microliter,C8H10N4O2,1.1999999999999997,C1COCCO1,dioxane,3.3935943787199996 milligram,38.51717679522393 micromole,3.2947518239999996 microliter,C4H8O2,96.2929419880598,COc1c(C)cc(-c2ccccc2)cc1C,suzuki_product,0.0 milligram,0.0 micromole,0 microliter,C15H16O,0.0,c1ccccc1,dehalogenation_byproduct,0.0 milligram,0.0 micromole,0 microliter,C6H6,0.0,COc1c(C)cccc1C,deborylation_byproduct,0.0 milligram,0.0 micromole,0 microliter,C9H12O,0.0,BrC1=CC=CC=C1.COc1c(C)cc(B(O)O)cc1C>>COc1c(C)cc(-c2ccccc2)cc1C.COc1c(C)cccc1C.c1ccccc1,pcr_J24,,,,,,,,,,,,,,,12/19/2023 1:33:42 AM,5,011_rln-nb-2443_018_ct-126_240.raw,1,Rxn_Opt_HSST3_2_98_2min,"J,24",2min_100_1500.EXP,"J,24",pcr_J24,pcr_J24,Eunjae Shim,0.0
K1,CC1=C(C(=NN1C(C)C)N)Br,4-BROMO-1-ISOPROPYL-5-METHYL-1H-PYRAZOL-3-AMINE,0.08723920000000002 milligram,0.40000000000000013 micromole,0.08723920000000003 microliter,C7H12BrN3,1.0,CN(C)c1ncc(B(O)O)cn1,417707424,0.08014896000000002 milligram,0.4800000000000001 micromole,0.08014896000000003 microliter,C6H10BN3O2,1.1999999999999997,CC(C)C1=CC(C(C)C)=CC(C(C)C)=C1C2=C([P+](C3CCCCC3)([Pd-2]4(OS(C)(=O)=O)C(C=CC=C5)=C5C6=C([NH+]4C)C=CC=C6)C7CCCCC7)C=CC=C2,XPhos Pd G4,0.08260742400000001 milligram,0.09600000000000003 micromole,0.08260742400000003 microliter,C47H64NO3PPdS,0.24,C1COCCO1,DMF,20.52 milligram,232.90127800603818 micromole,21.6 microliter,C4H8O2,582.2531950150952,[K+].[K+].[K+].[O-]P([O-])([O-])=O,K3PO4,0.7641504000000002 milligram,3.6000000000000014 micromole,0.7641504000000005 microliter,K3O4P,9.0,O,water,3.047886095999999 milligram,169.18601698584507 micromole,3.047886095999999 microliter,H2O,422.96504246461257,CN1C=NC2=C1C(=O)N(C(=O)N2C)C,caffeine,0.09321168000000002 milligram,0.4800000000000001 micromole,0.09321168000000003 microliter,C8H10N4O2,1.1999999999999997,C1COCCO1,dioxane,3.3935943787199996 milligram,38.51717679522393 micromole,3.2947518239999996 microliter,C4H8O2,96.2929419880598,Cc1c(-c2cnc(N(C)C)nc2)c(N)nn1C(C)C,suzuki_product,0.0 milligram,0.0 micromole,0 microliter,C13H20N6,0.0,Cc1cc(N)nn1C(C)C,dehalogenation_byproduct,0.0 milligram,0.0 micromole,0 microliter,C7H13N3,0.0,CN(C)c1ncccn1,deborylation_byproduct,0.0 milligram,0.0 micromole,0 microliter,C6H9N3,0.0,CC1=C(C(=NN1C(C)C)N)Br.CN(C)c1ncc(B(O)O)cn1>>CN(C)c1ncccn1.Cc1c(-c2cnc(N(C)C)nc2)c(N)nn1C(C)C.Cc1cc(N)nn1C(C)C,pcr_K1,,,,,,,,,,,,,,,12/19/2023 1:36:11 AM,5,011_rln-nb-2443_018_ct-126_241.raw,1,Rxn_Opt_HSST3_2_98_2min,"K,1",2min_100_1500.EXP,"K,1",pcr_K1,pcr_K1,Eunjae Shim,0.981915668075294
K2,C1CON=C1C2=CC=C(C=C2)Br,"3-(4-bromophenyl)-4,5-dihydro-1,2-oxazole",0.09042920000000002 milligram,0.40000000000000013 micromole,0.09042920000000003 microliter,C9H8BrNO,1.0,CN(C)c1ncc(B(O)O)cn1,417707424,0.08014896000000002 milligram,0.4800000000000001 micromole,0.08014896000000003 microliter,C6H10BN3O2,1.1999999999999997,CC(C)C1=CC(C(C)C)=CC(C(C)C)=C1C2=C([P+](C3CCCCC3)([Pd-2]4(OS(C)(=O)=O)C(C=CC=C5)=C5C6=C([NH+]4C)C=CC=C6)C7CCCCC7)C=CC=C2,XPhos Pd G4,0.08260742400000001 milligram,0.09600000000000003 micromole,0.08260742400000003 microliter,C47H64NO3PPdS,0.24,C1COCCO1,DMF,20.52 milligram,232.90127800603818 micromole,21.6 microliter,C4H8O2,582.2531950150952,[K+].[K+].[K+].[O-]P([O-])([O-])=O,K3PO4,0.7641504000000002 milligram,3.6000000000000014 micromole,0.7641504000000005 microliter,K3O4P,9.0,O,water,3.047886095999999 milligram,169.18601698584507 micromole,3.047886095999999 microliter,H2O,422.96504246461257,CN1C=NC2=C1C(=O)N(C(=O)N2C)C,caffeine,0.09321168000000002 milligram,0.4800000000000001 micromole,0.09321168000000003 microliter,C8H10N4O2,1.1999999999999997,C1COCCO1,dioxane,3.3935943787199996 milligram,38.51717679522393 micromole,3.2947518239999996 microliter,C4H8O2,96.2929419880598,CN(C)c1ncc(-c2ccc(C3=NOCC3)cc2)cn1,suzuki_product,0.0 milligram,0.0 micromole,0 microliter,C15H16N4O,0.0,c1ccc(C2=NOCC2)cc1,dehalogenation_byproduct,0.0 milligram,0.0 micromole,0 microliter,C9H9NO,0.0,CN(C)c1ncccn1,deborylation_byproduct,0.0 milligram,0.0 micromole,0 microliter,C6H9N3,0.0,C1CON=C1C2=CC=C(C=C2)Br.CN(C)c1ncc(B(O)O)cn1>>CN(C)c1ncc(-c2ccc(C3=NOCC3)cc2)cn1.CN(C)c1ncccn1.c1ccc(C2=NOCC2)cc1,pcr_K2,,,,,,,,,,,,,,,12/19/2023 1:38:40 AM,5,011_rln-nb-2443_018_ct-126_242.raw,1,Rxn_Opt_HSST3_2_98_2min,"K,2",2min_100_1500.EXP,"K,2",pcr_K2,pcr_K2,Eunjae Shim,54.432475891115196
K3,C1=NC(=C(NC1=O)Cl)Br,5-bromo-6-chloropyrazin-2-ol,0.08377200000000001 milligram,0.40000000000000013 micromole,0.08377200000000003 microliter,C4H2BrClN2O,1.0,CN(C)c1ncc(B(O)O)cn1,417707424,0.08014896000000002 milligram,0.4800000000000001 micromole,0.08014896000000003 microliter,C6H10BN3O2,1.1999999999999997,CC(C)C1=CC(C(C)C)=CC(C(C)C)=C1C2=C([P+](C3CCCCC3)([Pd-2]4(OS(C)(=O)=O)C(C=CC=C5)=C5C6=C([NH+]4C)C=CC=C6)C7CCCCC7)C=CC=C2,XPhos Pd G4,0.08260742400000001 milligram,0.09600000000000003 micromole,0.08260742400000003 microliter,C47H64NO3PPdS,0.24,C1COCCO1,DMF,20.52 milligram,232.90127800603818 micromole,21.6 microliter,C4H8O2,582.2531950150952,[K+].[K+].[K+].[O-]P([O-])([O-])=O,K3PO4,0.7641504000000002 milligram,3.6000000000000014 micromole,0.7641504000000005 microliter,K3O4P,9.0,O,water,3.047886095999999 milligram,169.18601698584507 micromole,3.047886095999999 microliter,H2O,422.96504246461257,CN1C=NC2=C1C(=O)N(C(=O)N2C)C,caffeine,0.09321168000000002 milligram,0.4800000000000001 micromole,0.09321168000000003 microliter,C8H10N4O2,1.1999999999999997,C1COCCO1,dioxane,3.3935943787199996 milligram,38.51717679522393 micromole,3.2947518239999996 microliter,C4H8O2,96.2929419880598,CN(C)c1ncc(-c2[nH]c(=O)cnc2Br)cn1,suzuki_product,0.0 milligram,0.0 micromole,0 microliter,C10H10BrN5O,0.0,O=c1cncc(Cl)[nH]1,dehalogenation_byproduct,0.0 milligram,0.0 micromole,0 microliter,C4H3ClN2O,0.0,O=c1cnc(Br)c[nH]1,dehalogenation_byproduct,0.0 milligram,0.0 micromole,0 microliter,C4H3BrN2O,0.0,C1=NC(=C(NC1=O)Cl)Br.CN(C)c1ncc(B(O)O)cn1>>CN(C)c1ncc(-c2[nH]c(=O)cnc2Br)cn1.CN(C)c1ncc(-c2ncc(=O)[nH]c2Cl)cn1.CN(C)c1ncccn1.O=c1cnc(Br)c[nH]1.O=c1cncc(Cl)[nH]1,pcr_K3,CN(C)c1ncc(-c2ncc(=O)[nH]c2Cl)cn1,suzuki_product,0.0 milligram,0.0 micromole,0 microliter,C10H10ClN5O,0.0,CN(C)c1ncccn1,deborylation_byproduct,0.0 milligram,0.0 micromole,0 microliter,C6H9N3,0.0,12/19/2023 1:41:09 AM,5,011_rln-nb-2443_018_ct-126_243.raw,1,Rxn_Opt_HSST3_2_98_2min,"K,3",2min_100_1500.EXP,"K,3",pcr_K3,pcr_K3,Eunjae Shim,5.295574859291282
K4,Cc1c(Br)cnc2[nH]ccc12,"5-bromo-4-methyl-1H-pyrrolo[2,3-b]pyridine",0.08442480000000005 milligram,0.40000000000000013 micromole,0.08442480000000006 microliter,C8H7BrN2,1.0,CN(C)c1ncc(B(O)O)cn1,417707424,0.08014896000000002 milligram,0.4800000000000001 micromole,0.08014896000000003 microliter,C6H10BN3O2,1.1999999999999997,CC(C)C1=CC(C(C)C)=CC(C(C)C)=C1C2=C([P+](C3CCCCC3)([Pd-2]4(OS(C)(=O)=O)C(C=CC=C5)=C5C6=C([NH+]4C)C=CC=C6)C7CCCCC7)C=CC=C2,XPhos Pd G4,0.08260742400000001 milligram,0.09600000000000003 micromole,0.08260742400000003 microliter,C47H64NO3PPdS,0.24,C1COCCO1,DMF,20.52 milligram,232.90127800603818 micromole,21.6 microliter,C4H8O2,582.2531950150952,[K+].[K+].[K+].[O-]P([O-])([O-])=O,K3PO4,0.7641504000000002 milligram,3.6000000000000014 micromole,0.7641504000000005 microliter,K3O4P,9.0,O,water,3.047886095999999 milligram,169.18601698584507 micromole,3.047886095999999 microliter,H2O,422.96504246461257,CN1C=NC2=C1C(=O)N(C(=O)N2C)C,caffeine,0.09321168000000002 milligram,0.4800000000000001 micromole,0.09321168000000003 microliter,C8H10N4O2,1.1999999999999997,C1COCCO1,dioxane,3.3935943787199996 milligram,38.51717679522393 micromole,3.2947518239999996 microliter,C4H8O2,96.2929419880598,Cc1c(-c2cnc(N(C)C)nc2)cnc2[nH]ccc12,suzuki_product,0.0 milligram,0.0 micromole,0 microliter,C14H15N5,0.0,Cc1ccnc2[nH]ccc12,dehalogenation_byproduct,0.0 milligram,0.0 micromole,0 microliter,C8H8N2,0.0,CN(C)c1ncccn1,deborylation_byproduct,0.0 milligram,0.0 micromole,0 microliter,C6H9N3,0.0,CN(C)c1ncc(B(O)O)cn1.Cc1c(Br)cnc2[nH]ccc12>>CN(C)c1ncccn1.Cc1c(-c2cnc(N(C)C)nc2)cnc2[nH]ccc12.Cc1ccnc2[nH]ccc12,pcr_K4,,,,,,,,,,,,,,,12/19/2023 1:43:39 AM,5,011_rln-nb-2443_018_ct-126_244.raw,1,Rxn_Opt_HSST3_2_98_2min,"K,4",2min_100_1500.EXP,"K,4",pcr_K4,pcr_K4,Eunjae Shim,9.436261278029269
K5,COc1ccc(-c2nnc(Br)o2)cc1,"2-bromo-5-(4-methoxyphenyl)-1,3,4-oxadiazole",0.10202840000000003 milligram,0.40000000000000013 micromole,0.10202840000000006 microliter,C9H7BrN2O2,1.0,CN(C)c1ncc(B(O)O)cn1,417707424,0.08014896000000002 milligram,0.4800000000000001 micromole,0.08014896000000003 microliter,C6H10BN3O2,1.1999999999999997,CC(C)C1=CC(C(C)C)=CC(C(C)C)=C1C2=C([P+](C3CCCCC3)([Pd-2]4(OS(C)(=O)=O)C(C=CC=C5)=C5C6=C([NH+]4C)C=CC=C6)C7CCCCC7)C=CC=C2,XPhos Pd G4,0.08260742400000001 milligram,0.09600000000000003 micromole,0.08260742400000003 microliter,C47H64NO3PPdS,0.24,C1COCCO1,DMF,20.52 milligram,232.90127800603818 micromole,21.6 microliter,C4H8O2,582.2531950150952,[K+].[K+].[K+].[O-]P([O-])([O-])=O,K3PO4,0.7641504000000002 milligram,3.6000000000000014 micromole,0.7641504000000005 microliter,K3O4P,9.0,O,water,3.047886095999999 milligram,169.18601698584507 micromole,3.047886095999999 microliter,H2O,422.96504246461257,CN1C=NC2=C1C(=O)N(C(=O)N2C)C,caffeine,0.09321168000000002 milligram,0.4800000000000001 micromole,0.09321168000000003 microliter,C8H10N4O2,1.1999999999999997,C1COCCO1,dioxane,3.3935943787199996 milligram,38.51717679522393 micromole,3.2947518239999996 microliter,C4H8O2,96.2929419880598,COc1ccc(-c2nnc(-c3cnc(N(C)C)nc3)o2)cc1,suzuki_product,0.0 milligram,0.0 micromole,0 microliter,C15H15N5O2,0.0,COc1ccc(-c2nnco2)cc1,dehalogenation_byproduct,0.0 milligram,0.0 micromole,0 microliter,C9H8N2O2,0.0,CN(C)c1ncccn1,deborylation_byproduct,0.0 milligram,0.0 micromole,0 microliter,C6H9N3,0.0,CN(C)c1ncc(B(O)O)cn1.COc1ccc(-c2nnc(Br)o2)cc1>>CN(C)c1ncccn1.COc1ccc(-c2nnc(-c3cnc(N(C)C)nc3)o2)cc1.COc1ccc(-c2nnco2)cc1,pcr_K5,,,,,,,,,,,,,,,12/19/2023 1:46:08 AM,5,011_rln-nb-2443_018_ct-126_245.raw,1,Rxn_Opt_HSST3_2_98_2min,"K,5",2min_100_1500.EXP,"K,5",pcr_K5,pcr_K5,Eunjae Shim,6.794019639011683
K6,BrC1=CC=CC=C1,phenylbromide,0.06280400000000001 milligram,0.40000000000000013 micromole,0.06280400000000003 microliter,C6H5Br,1.0,CN(C)c1ncc(B(O)O)cn1,417707424,0.08014896000000002 milligram,0.4800000000000001 micromole,0.08014896000000003 microliter,C6H10BN3O2,1.1999999999999997,CC(C)C1=CC(C(C)C)=CC(C(C)C)=C1C2=C([P+](C3CCCCC3)([Pd-2]4(OS(C)(=O)=O)C(C=CC=C5)=C5C6=C([NH+]4C)C=CC=C6)C7CCCCC7)C=CC=C2,XPhos Pd G4,0.08260742400000001 milligram,0.09600000000000003 micromole,0.08260742400000003 microliter,C47H64NO3PPdS,0.24,C1COCCO1,DMF,20.52 milligram,232.90127800603818 micromole,21.6 microliter,C4H8O2,582.2531950150952,[K+].[K+].[K+].[O-]P([O-])([O-])=O,K3PO4,0.7641504000000002 milligram,3.6000000000000014 micromole,0.7641504000000005 microliter,K3O4P,9.0,O,water,3.047886095999999 milligram,169.18601698584507 micromole,3.047886095999999 microliter,H2O,422.96504246461257,CN1C=NC2=C1C(=O)N(C(=O)N2C)C,caffeine,0.09321168000000002 milligram,0.4800000000000001 micromole,0.09321168000000003 microliter,C8H10N4O2,1.1999999999999997,C1COCCO1,dioxane,3.3935943787199996 milligram,38.51717679522393 micromole,3.2947518239999996 microliter,C4H8O2,96.2929419880598,CN(C)c1ncc(-c2ccccc2)cn1,suzuki_product,0.0 milligram,0.0 micromole,0 microliter,C12H13N3,0.0,c1ccccc1,dehalogenation_byproduct,0.0 milligram,0.0 micromole,0 microliter,C6H6,0.0,CN(C)c1ncccn1,deborylation_byproduct,0.0 milligram,0.0 micromole,0 microliter,C6H9N3,0.0,BrC1=CC=CC=C1.CN(C)c1ncc(B(O)O)cn1>>CN(C)c1ncc(-c2ccccc2)cn1.CN(C)c1ncccn1.c1ccccc1,pcr_K6,,,,,,,,,,,,,,,12/19/2023 1:48:38 AM,5,011_rln-nb-2443_018_ct-126_246.raw,1,Rxn_Opt_HSST3_2_98_2min,"K,6",2min_100_1500.EXP,"K,6",pcr_K6,pcr_K6,Eunjae Shim,0.0
K7,CC1=C(C(=NN1C(C)C)N)Br,4-BROMO-1-ISOPROPYL-5-METHYL-1H-PYRAZOL-3-AMINE,0.08723920000000002 milligram,0.40000000000000013 micromole,0.08723920000000003 microliter,C7H12BrN3,1.0,Cc1ccc2cc(B(O)O)ccc2n1,417705646,0.08976336000000001 milligram,0.4800000000000001 micromole,0.08976336000000003 microliter,C10H10BNO2,1.1999999999999997,CC(C)C1=CC(C(C)C)=CC(C(C)C)=C1C2=C([P+](C3CCCCC3)([Pd-2]4(OS(C)(=O)=O)C(C=CC=C5)=C5C6=C([NH+]4C)C=CC=C6)C7CCCCC7)C=CC=C2,XPhos Pd G4,0.08260742400000001 milligram,0.09600000000000003 micromole,0.08260742400000003 microliter,C47H64NO3PPdS,0.24,C1COCCO1,DMF,20.52 milligram,232.90127800603818 micromole,21.6 microliter,C4H8O2,582.2531950150952,[K+].[K+].[K+].[O-]P([O-])([O-])=O,K3PO4,0.7641504000000002 milligram,3.6000000000000014 micromole,0.7641504000000005 microliter,K3O4P,9.0,O,water,3.047886095999999 milligram,169.18601698584507 micromole,3.047886095999999 microliter,H2O,422.96504246461257,CN1C=NC2=C1C(=O)N(C(=O)N2C)C,caffeine,0.09321168000000002 milligram,0.4800000000000001 micromole,0.09321168000000003 microliter,C8H10N4O2,1.1999999999999997,C1COCCO1,dioxane,3.3935943787199996 milligram,38.51717679522393 micromole,3.2947518239999996 microliter,C4H8O2,96.2929419880598,Cc1ccc2cc(-c3c(N)nn(C(C)C)c3C)ccc2n1,suzuki_product,0.0 milligram,0.0 micromole,0 microliter,C17H20N4,0.0,Cc1cc(N)nn1C(C)C,dehalogenation_byproduct,0.0 milligram,0.0 micromole,0 microliter,C7H13N3,0.0,Cc1ccc2ccccc2n1,deborylation_byproduct,0.0 milligram,0.0 micromole,0 microliter,C10H9N,0.0,CC1=C(C(=NN1C(C)C)N)Br.Cc1ccc2cc(B(O)O)ccc2n1>>Cc1cc(N)nn1C(C)C.Cc1ccc2cc(-c3c(N)nn(C(C)C)c3C)ccc2n1.Cc1ccc2ccccc2n1,pcr_K7,,,,,,,,,,,,,,,12/19/2023 1:51:07 AM,5,011_rln-nb-2443_018_ct-126_247.raw,1,Rxn_Opt_HSST3_2_98_2min,"K,7",2min_100_1500.EXP,"K,7",pcr_K7,pcr_K7,Eunjae Shim,13.902800926650693
K8,C1CON=C1C2=CC=C(C=C2)Br,"3-(4-bromophenyl)-4,5-dihydro-1,2-oxazole",0.09042920000000002 milligram,0.40000000000000013 micromole,0.09042920000000003 microliter,C9H8BrNO,1.0,Cc1ccc2cc(B(O)O)ccc2n1,417705646,0.08976336000000001 milligram,0.4800000000000001 micromole,0.08976336000000003 microliter,C10H10BNO2,1.1999999999999997,CC(C)C1=CC(C(C)C)=CC(C(C)C)=C1C2=C([P+](C3CCCCC3)([Pd-2]4(OS(C)(=O)=O)C(C=CC=C5)=C5C6=C([NH+]4C)C=CC=C6)C7CCCCC7)C=CC=C2,XPhos Pd G4,0.08260742400000001 milligram,0.09600000000000003 micromole,0.08260742400000003 microliter,C47H64NO3PPdS,0.24,C1COCCO1,DMF,20.52 milligram,232.90127800603818 micromole,21.6 microliter,C4H8O2,582.2531950150952,[K+].[K+].[K+].[O-]P([O-])([O-])=O,K3PO4,0.7641504000000002 milligram,3.6000000000000014 micromole,0.7641504000000005 microliter,K3O4P,9.0,O,water,3.047886095999999 milligram,169.18601698584507 micromole,3.047886095999999 microliter,H2O,422.96504246461257,CN1C=NC2=C1C(=O)N(C(=O)N2C)C,caffeine,0.09321168000000002 milligram,0.4800000000000001 micromole,0.09321168000000003 microliter,C8H10N4O2,1.1999999999999997,C1COCCO1,dioxane,3.3935943787199996 milligram,38.51717679522393 micromole,3.2947518239999996 microliter,C4H8O2,96.2929419880598,Cc1ccc2cc(-c3ccc(C4=NOCC4)cc3)ccc2n1,suzuki_product,0.0 milligram,0.0 micromole,0 microliter,C19H16N2O,0.0,c1ccc(C2=NOCC2)cc1,dehalogenation_byproduct,0.0 milligram,0.0 micromole,0 microliter,C9H9NO,0.0,Cc1ccc2ccccc2n1,deborylation_byproduct,0.0 milligram,0.0 micromole,0 microliter,C10H9N,0.0,C1CON=C1C2=CC=C(C=C2)Br.Cc1ccc2cc(B(O)O)ccc2n1>>Cc1ccc2cc(-c3ccc(C4=NOCC4)cc3)ccc2n1.Cc1ccc2ccccc2n1.c1ccc(C2=NOCC2)cc1,pcr_K8,,,,,,,,,,,,,,,12/19/2023 1:53:37 AM,5,011_rln-nb-2443_018_ct-126_248.raw,1,Rxn_Opt_HSST3_2_98_2min,"K,8",2min_100_1500.EXP,"K,8",pcr_K8,pcr_K8,Eunjae Shim,41.11908907613923
K9,C1=NC(=C(NC1=O)Cl)Br,5-bromo-6-chloropyrazin-2-ol,0.08377200000000001 milligram,0.40000000000000013 micromole,0.08377200000000003 microliter,C4H2BrClN2O,1.0,Cc1ccc2cc(B(O)O)ccc2n1,417705646,0.08976336000000001 milligram,0.4800000000000001 micromole,0.08976336000000003 microliter,C10H10BNO2,1.1999999999999997,CC(C)C1=CC(C(C)C)=CC(C(C)C)=C1C2=C([P+](C3CCCCC3)([Pd-2]4(OS(C)(=O)=O)C(C=CC=C5)=C5C6=C([NH+]4C)C=CC=C6)C7CCCCC7)C=CC=C2,XPhos Pd G4,0.08260742400000001 milligram,0.09600000000000003 micromole,0.08260742400000003 microliter,C47H64NO3PPdS,0.24,C1COCCO1,DMF,20.52 milligram,232.90127800603818 micromole,21.6 microliter,C4H8O2,582.2531950150952,[K+].[K+].[K+].[O-]P([O-])([O-])=O,K3PO4,0.7641504000000002 milligram,3.6000000000000014 micromole,0.7641504000000005 microliter,K3O4P,9.0,O,water,3.047886095999999 milligram,169.18601698584507 micromole,3.047886095999999 microliter,H2O,422.96504246461257,CN1C=NC2=C1C(=O)N(C(=O)N2C)C,caffeine,0.09321168000000002 milligram,0.4800000000000001 micromole,0.09321168000000003 microliter,C8H10N4O2,1.1999999999999997,C1COCCO1,dioxane,3.3935943787199996 milligram,38.51717679522393 micromole,3.2947518239999996 microliter,C4H8O2,96.2929419880598,Cc1ccc2cc(-c3[nH]c(=O)cnc3Br)ccc2n1,suzuki_product,0.0 milligram,0.0 micromole,0 microliter,C14H10BrN3O,0.0,O=c1cncc(Cl)[nH]1,dehalogenation_byproduct,0.0 milligram,0.0 micromole,0 microliter,C4H3ClN2O,0.0,O=c1cnc(Br)c[nH]1,dehalogenation_byproduct,0.0 milligram,0.0 micromole,0 microliter,C4H3BrN2O,0.0,C1=NC(=C(NC1=O)Cl)Br.Cc1ccc2cc(B(O)O)ccc2n1>>Cc1ccc2cc(-c3[nH]c(=O)cnc3Br)ccc2n1.Cc1ccc2cc(-c3ncc(=O)[nH]c3Cl)ccc2n1.Cc1ccc2ccccc2n1.O=c1cnc(Br)c[nH]1.O=c1cncc(Cl)[nH]1,pcr_K9,Cc1ccc2cc(-c3ncc(=O)[nH]c3Cl)ccc2n1,suzuki_product,0.0 milligram,0.0 micromole,0 microliter,C14H10ClN3O,0.0,Cc1ccc2ccccc2n1,deborylation_byproduct,0.0 milligram,0.0 micromole,0 microliter,C10H9N,0.0,12/19/2023 1:56:05 AM,5,011_rln-nb-2443_018_ct-126_249.raw,1,Rxn_Opt_HSST3_2_98_2min,"K,9",2min_100_1500.EXP,"K,9",pcr_K9,pcr_K9,Eunjae Shim,22.871864735807925
K10,Cc1c(Br)cnc2[nH]ccc12,"5-bromo-4-methyl-1H-pyrrolo[2,3-b]pyridine",0.08442480000000005 milligram,0.40000000000000013 micromole,0.08442480000000006 microliter,C8H7BrN2,1.0,Cc1ccc2cc(B(O)O)ccc2n1,417705646,0.08976336000000001 milligram,0.4800000000000001 micromole,0.08976336000000003 microliter,C10H10BNO2,1.1999999999999997,CC(C)C1=CC(C(C)C)=CC(C(C)C)=C1C2=C([P+](C3CCCCC3)([Pd-2]4(OS(C)(=O)=O)C(C=CC=C5)=C5C6=C([NH+]4C)C=CC=C6)C7CCCCC7)C=CC=C2,XPhos Pd G4,0.08260742400000001 milligram,0.09600000000000003 micromole,0.08260742400000003 microliter,C47H64NO3PPdS,0.24,C1COCCO1,DMF,20.52 milligram,232.90127800603818 micromole,21.6 microliter,C4H8O2,582.2531950150952,[K+].[K+].[K+].[O-]P([O-])([O-])=O,K3PO4,0.7641504000000002 milligram,3.6000000000000014 micromole,0.7641504000000005 microliter,K3O4P,9.0,O,water,3.047886095999999 milligram,169.18601698584507 micromole,3.047886095999999 microliter,H2O,422.96504246461257,CN1C=NC2=C1C(=O)N(C(=O)N2C)C,caffeine,0.09321168000000002 milligram,0.4800000000000001 micromole,0.09321168000000003 microliter,C8H10N4O2,1.1999999999999997,C1COCCO1,dioxane,3.3935943787199996 milligram,38.51717679522393 micromole,3.2947518239999996 microliter,C4H8O2,96.2929419880598,Cc1ccc2cc(-c3cnc4[nH]ccc4c3C)ccc2n1,suzuki_product,0.0 milligram,0.0 micromole,0 microliter,C18H15N3,0.0,Cc1ccnc2[nH]ccc12,dehalogenation_byproduct,0.0 milligram,0.0 micromole,0 microliter,C8H8N2,0.0,Cc1ccc2ccccc2n1,deborylation_byproduct,0.0 milligram,0.0 micromole,0 microliter,C10H9N,0.0,Cc1c(Br)cnc2[nH]ccc12.Cc1ccc2cc(B(O)O)ccc2n1>>Cc1ccc2cc(-c3cnc4[nH]ccc4c3C)ccc2n1.Cc1ccc2ccccc2n1.Cc1ccnc2[nH]ccc12,pcr_K10,,,,,,,,,,,,,,,12/19/2023 1:58:34 AM,5,011_rln-nb-2443_018_ct-126_250.raw,1,Rxn_Opt_HSST3_2_98_2min,"K,10",2min_100_1500.EXP,"K,10",pcr_K10,pcr_K10,Eunjae Shim,7.880031545506279
K11,COc1ccc(-c2nnc(Br)o2)cc1,"2-bromo-5-(4-methoxyphenyl)-1,3,4-oxadiazole",0.10202840000000003 milligram,0.40000000000000013 micromole,0.10202840000000006 microliter,C9H7BrN2O2,1.0,Cc1ccc2cc(B(O)O)ccc2n1,417705646,0.08976336000000001 milligram,0.4800000000000001 micromole,0.08976336000000003 microliter,C10H10BNO2,1.1999999999999997,CC(C)C1=CC(C(C)C)=CC(C(C)C)=C1C2=C([P+](C3CCCCC3)([Pd-2]4(OS(C)(=O)=O)C(C=CC=C5)=C5C6=C([NH+]4C)C=CC=C6)C7CCCCC7)C=CC=C2,XPhos Pd G4,0.08260742400000001 milligram,0.09600000000000003 micromole,0.08260742400000003 microliter,C47H64NO3PPdS,0.24,C1COCCO1,DMF,20.52 milligram,232.90127800603818 micromole,21.6 microliter,C4H8O2,582.2531950150952,[K+].[K+].[K+].[O-]P([O-])([O-])=O,K3PO4,0.7641504000000002 milligram,3.6000000000000014 micromole,0.7641504000000005 microliter,K3O4P,9.0,O,water,3.047886095999999 milligram,169.18601698584507 micromole,3.047886095999999 microliter,H2O,422.96504246461257,CN1C=NC2=C1C(=O)N(C(=O)N2C)C,caffeine,0.09321168000000002 milligram,0.4800000000000001 micromole,0.09321168000000003 microliter,C8H10N4O2,1.1999999999999997,C1COCCO1,dioxane,3.3935943787199996 milligram,38.51717679522393 micromole,3.2947518239999996 microliter,C4H8O2,96.2929419880598,COc1ccc(-c2nnc(-c3ccc4nc(C)ccc4c3)o2)cc1,suzuki_product,0.0 milligram,0.0 micromole,0 microliter,C19H15N3O2,0.0,COc1ccc(-c2nnco2)cc1,dehalogenation_byproduct,0.0 milligram,0.0 micromole,0 microliter,C9H8N2O2,0.0,Cc1ccc2ccccc2n1,deborylation_byproduct,0.0 milligram,0.0 micromole,0 microliter,C10H9N,0.0,COc1ccc(-c2nnc(Br)o2)cc1.Cc1ccc2cc(B(O)O)ccc2n1>>COc1ccc(-c2nnc(-c3ccc4nc(C)ccc4c3)o2)cc1.COc1ccc(-c2nnco2)cc1.Cc1ccc2ccccc2n1,pcr_K11,,,,,,,,,,,,,,,12/19/2023 2:01:04 AM,5,011_rln-nb-2443_018_ct-126_251.raw,1,Rxn_Opt_HSST3_2_98_2min,"K,11",2min_100_1500.EXP,"K,11",pcr_K11,pcr_K11,Eunjae Shim,15.846441111399695
K12,BrC1=CC=CC=C1,phenylbromide,0.06280400000000001 milligram,0.40000000000000013 micromole,0.06280400000000003 microliter,C6H5Br,1.0,Cc1ccc2cc(B(O)O)ccc2n1,417705646,0.08976336000000001 milligram,0.4800000000000001 micromole,0.08976336000000003 microliter,C10H10BNO2,1.1999999999999997,CC(C)C1=CC(C(C)C)=CC(C(C)C)=C1C2=C([P+](C3CCCCC3)([Pd-2]4(OS(C)(=O)=O)C(C=CC=C5)=C5C6=C([NH+]4C)C=CC=C6)C7CCCCC7)C=CC=C2,XPhos Pd G4,0.08260742400000001 milligram,0.09600000000000003 micromole,0.08260742400000003 microliter,C47H64NO3PPdS,0.24,C1COCCO1,DMF,20.52 milligram,232.90127800603818 micromole,21.6 microliter,C4H8O2,582.2531950150952,[K+].[K+].[K+].[O-]P([O-])([O-])=O,K3PO4,0.7641504000000002 milligram,3.6000000000000014 micromole,0.7641504000000005 microliter,K3O4P,9.0,O,water,3.047886095999999 milligram,169.18601698584507 micromole,3.047886095999999 microliter,H2O,422.96504246461257,CN1C=NC2=C1C(=O)N(C(=O)N2C)C,caffeine,0.09321168000000002 milligram,0.4800000000000001 micromole,0.09321168000000003 microliter,C8H10N4O2,1.1999999999999997,C1COCCO1,dioxane,3.3935943787199996 milligram,38.51717679522393 micromole,3.2947518239999996 microliter,C4H8O2,96.2929419880598,Cc1ccc2cc(-c3ccccc3)ccc2n1,suzuki_product,0.0 milligram,0.0 micromole,0 microliter,C16H13N,0.0,c1ccccc1,dehalogenation_byproduct,0.0 milligram,0.0 micromole,0 microliter,C6H6,0.0,Cc1ccc2ccccc2n1,deborylation_byproduct,0.0 milligram,0.0 micromole,0 microliter,C10H9N,0.0,BrC1=CC=CC=C1.Cc1ccc2cc(B(O)O)ccc2n1>>Cc1ccc2cc(-c3ccccc3)ccc2n1.Cc1ccc2ccccc2n1.c1ccccc1,pcr_K12,,,,,,,,,,,,,,,12/19/2023 2:03:33 AM,5,011_rln-nb-2443_018_ct-126_252.raw,1,Rxn_Opt_HSST3_2_98_2min,"K,12",2min_100_1500.EXP,"K,12",pcr_K12,pcr_K12,Eunjae Shim,0.0
K13,CC1=C(C(=NN1C(C)C)N)Br,4-BROMO-1-ISOPROPYL-5-METHYL-1H-PYRAZOL-3-AMINE,0.08723920000000002 milligram,0.40000000000000013 micromole,0.08723920000000003 microliter,C7H12BrN3,1.0,CN(C)c1ncc(B(O)O)cn1,417707424,0.08014896000000002 milligram,0.4800000000000001 micromole,0.08014896000000003 microliter,C6H10BN3O2,1.1999999999999997,CC(C)C1=CC(C(C)C)=CC(C(C)C)=C1C2=C([P+](C3CCCCC3)([Pd-2]4(OS(C)(=O)=O)C(C=CC=C5)=C5C6=C([NH+]4C)C=CC=C6)C7CCCCC7)C=CC=C2,XPhos Pd G4,0.08260742400000001 milligram,0.09600000000000003 micromole,0.08260742400000003 microliter,C47H64NO3PPdS,0.24,C1COCCO1,DMF,20.52 milligram,232.90127800603818 micromole,21.6 microliter,C4H8O2,582.2531950150952,[K+].[K+].[K+].[O-]P([O-])([O-])=O,K3PO4,0.7641504000000002 milligram,3.6000000000000014 micromole,0.7641504000000005 microliter,K3O4P,9.0,O,water,3.047886095999999 milligram,169.18601698584507 micromole,3.047886095999999 microliter,H2O,422.96504246461257,CN1C=NC2=C1C(=O)N(C(=O)N2C)C,caffeine,0.09321168000000002 milligram,0.4800000000000001 micromole,0.09321168000000003 microliter,C8H10N4O2,1.1999999999999997,C1COCCO1,dioxane,3.3935943787199996 milligram,38.51717679522393 micromole,3.2947518239999996 microliter,C4H8O2,96.2929419880598,Cc1c(-c2cnc(N(C)C)nc2)c(N)nn1C(C)C,suzuki_product,0.0 milligram,0.0 micromole,0 microliter,C13H20N6,0.0,Cc1cc(N)nn1C(C)C,dehalogenation_byproduct,0.0 milligram,0.0 micromole,0 microliter,C7H13N3,0.0,CN(C)c1ncccn1,deborylation_byproduct,0.0 milligram,0.0 micromole,0 microliter,C6H9N3,0.0,CC1=C(C(=NN1C(C)C)N)Br.CN(C)c1ncc(B(O)O)cn1>>CN(C)c1ncccn1.Cc1c(-c2cnc(N(C)C)nc2)c(N)nn1C(C)C.Cc1cc(N)nn1C(C)C,pcr_K13,,,,,,,,,,,,,,,12/19/2023 2:06:03 AM,5,011_rln-nb-2443_018_ct-126_253.raw,1,Rxn_Opt_HSST3_2_98_2min,"K,13",2min_100_1500.EXP,"K,13",pcr_K13,pcr_K13,Eunjae Shim,1.9159920636321708
K14,C1CON=C1C2=CC=C(C=C2)Br,"3-(4-bromophenyl)-4,5-dihydro-1,2-oxazole",0.09042920000000002 milligram,0.40000000000000013 micromole,0.09042920000000003 microliter,C9H8BrNO,1.0,CN(C)c1ncc(B(O)O)cn1,417707424,0.08014896000000002 milligram,0.4800000000000001 micromole,0.08014896000000003 microliter,C6H10BN3O2,1.1999999999999997,CC(C)C1=CC(C(C)C)=CC(C(C)C)=C1C2=C([P+](C3CCCCC3)([Pd-2]4(OS(C)(=O)=O)C(C=CC=C5)=C5C6=C([NH+]4C)C=CC=C6)C7CCCCC7)C=CC=C2,XPhos Pd G4,0.08260742400000001 milligram,0.09600000000000003 micromole,0.08260742400000003 microliter,C47H64NO3PPdS,0.24,C1COCCO1,DMF,20.52 milligram,232.90127800603818 micromole,21.6 microliter,C4H8O2,582.2531950150952,[K+].[K+].[K+].[O-]P([O-])([O-])=O,K3PO4,0.7641504000000002 milligram,3.6000000000000014 micromole,0.7641504000000005 microliter,K3O4P,9.0,O,water,3.047886095999999 milligram,169.18601698584507 micromole,3.047886095999999 microliter,H2O,422.96504246461257,CN1C=NC2=C1C(=O)N(C(=O)N2C)C,caffeine,0.09321168000000002 milligram,0.4800000000000001 micromole,0.09321168000000003 microliter,C8H10N4O2,1.1999999999999997,C1COCCO1,dioxane,3.3935943787199996 milligram,38.51717679522393 micromole,3.2947518239999996 microliter,C4H8O2,96.2929419880598,CN(C)c1ncc(-c2ccc(C3=NOCC3)cc2)cn1,suzuki_product,0.0 milligram,0.0 micromole,0 microliter,C15H16N4O,0.0,c1ccc(C2=NOCC2)cc1,dehalogenation_byproduct,0.0 milligram,0.0 micromole,0 microliter,C9H9NO,0.0,CN(C)c1ncccn1,deborylation_byproduct,0.0 milligram,0.0 micromole,0 microliter,C6H9N3,0.0,C1CON=C1C2=CC=C(C=C2)Br.CN(C)c1ncc(B(O)O)cn1>>CN(C)c1ncc(-c2ccc(C3=NOCC3)cc2)cn1.CN(C)c1ncccn1.c1ccc(C2=NOCC2)cc1,pcr_K14,,,,,,,,,,,,,,,12/19/2023 2:08:32 AM,5,011_rln-nb-2443_018_ct-126_254.raw,1,Rxn_Opt_HSST3_2_98_2min,"K,14",2min_100_1500.EXP,"K,14",pcr_K14,pcr_K14,Eunjae Shim,47.10682424248565
K15,C1=NC(=C(NC1=O)Cl)Br,5-bromo-6-chloropyrazin-2-ol,0.08377200000000001 milligram,0.40000000000000013 micromole,0.08377200000000003 microliter,C4H2BrClN2O,1.0,CN(C)c1ncc(B(O)O)cn1,417707424,0.08014896000000002 milligram,0.4800000000000001 micromole,0.08014896000000003 microliter,C6H10BN3O2,1.1999999999999997,CC(C)C1=CC(C(C)C)=CC(C(C)C)=C1C2=C([P+](C3CCCCC3)([Pd-2]4(OS(C)(=O)=O)C(C=CC=C5)=C5C6=C([NH+]4C)C=CC=C6)C7CCCCC7)C=CC=C2,XPhos Pd G4,0.08260742400000001 milligram,0.09600000000000003 micromole,0.08260742400000003 microliter,C47H64NO3PPdS,0.24,C1COCCO1,DMF,20.52 milligram,232.90127800603818 micromole,21.6 microliter,C4H8O2,582.2531950150952,[K+].[K+].[K+].[O-]P([O-])([O-])=O,K3PO4,0.7641504000000002 milligram,3.6000000000000014 micromole,0.7641504000000005 microliter,K3O4P,9.0,O,water,3.047886095999999 milligram,169.18601698584507 micromole,3.047886095999999 microliter,H2O,422.96504246461257,CN1C=NC2=C1C(=O)N(C(=O)N2C)C,caffeine,0.09321168000000002 milligram,0.4800000000000001 micromole,0.09321168000000003 microliter,C8H10N4O2,1.1999999999999997,C1COCCO1,dioxane,3.3935943787199996 milligram,38.51717679522393 micromole,3.2947518239999996 microliter,C4H8O2,96.2929419880598,CN(C)c1ncc(-c2[nH]c(=O)cnc2Br)cn1,suzuki_product,0.0 milligram,0.0 micromole,0 microliter,C10H10BrN5O,0.0,O=c1cncc(Cl)[nH]1,dehalogenation_byproduct,0.0 milligram,0.0 micromole,0 microliter,C4H3ClN2O,0.0,O=c1cnc(Br)c[nH]1,dehalogenation_byproduct,0.0 milligram,0.0 micromole,0 microliter,C4H3BrN2O,0.0,C1=NC(=C(NC1=O)Cl)Br.CN(C)c1ncc(B(O)O)cn1>>CN(C)c1ncc(-c2[nH]c(=O)cnc2Br)cn1.CN(C)c1ncc(-c2ncc(=O)[nH]c2Cl)cn1.CN(C)c1ncccn1.O=c1cnc(Br)c[nH]1.O=c1cncc(Cl)[nH]1,pcr_K15,CN(C)c1ncc(-c2ncc(=O)[nH]c2Cl)cn1,suzuki_product,0.0 milligram,0.0 micromole,0 microliter,C10H10ClN5O,0.0,CN(C)c1ncccn1,deborylation_byproduct,0.0 milligram,0.0 micromole,0 microliter,C6H9N3,0.0,12/19/2023 2:11:01 AM,5,011_rln-nb-2443_018_ct-126_255.raw,1,Rxn_Opt_HSST3_2_98_2min,"K,15",2min_100_1500.EXP,"K,15",pcr_K15,pcr_K15,Eunjae Shim,4.333956191332587
K16,Cc1c(Br)cnc2[nH]ccc12,"5-bromo-4-methyl-1H-pyrrolo[2,3-b]pyridine",0.08442480000000005 milligram,0.40000000000000013 micromole,0.08442480000000006 microliter,C8H7BrN2,1.0,CN(C)c1ncc(B(O)O)cn1,417707424,0.08014896000000002 milligram,0.4800000000000001 micromole,0.08014896000000003 microliter,C6H10BN3O2,1.1999999999999997,CC(C)C1=CC(C(C)C)=CC(C(C)C)=C1C2=C([P+](C3CCCCC3)([Pd-2]4(OS(C)(=O)=O)C(C=CC=C5)=C5C6=C([NH+]4C)C=CC=C6)C7CCCCC7)C=CC=C2,XPhos Pd G4,0.08260742400000001 milligram,0.09600000000000003 micromole,0.08260742400000003 microliter,C47H64NO3PPdS,0.24,C1COCCO1,DMF,20.52 milligram,232.90127800603818 micromole,21.6 microliter,C4H8O2,582.2531950150952,[K+].[K+].[K+].[O-]P([O-])([O-])=O,K3PO4,0.7641504000000002 milligram,3.6000000000000014 micromole,0.7641504000000005 microliter,K3O4P,9.0,O,water,3.047886095999999 milligram,169.18601698584507 micromole,3.047886095999999 microliter,H2O,422.96504246461257,CN1C=NC2=C1C(=O)N(C(=O)N2C)C,caffeine,0.09321168000000002 milligram,0.4800000000000001 micromole,0.09321168000000003 microliter,C8H10N4O2,1.1999999999999997,C1COCCO1,dioxane,3.3935943787199996 milligram,38.51717679522393 micromole,3.2947518239999996 microliter,C4H8O2,96.2929419880598,Cc1c(-c2cnc(N(C)C)nc2)cnc2[nH]ccc12,suzuki_product,0.0 milligram,0.0 micromole,0 microliter,C14H15N5,0.0,Cc1ccnc2[nH]ccc12,dehalogenation_byproduct,0.0 milligram,0.0 micromole,0 microliter,C8H8N2,0.0,CN(C)c1ncccn1,deborylation_byproduct,0.0 milligram,0.0 micromole,0 microliter,C6H9N3,0.0,CN(C)c1ncc(B(O)O)cn1.Cc1c(Br)cnc2[nH]ccc12>>CN(C)c1ncccn1.Cc1c(-c2cnc(N(C)C)nc2)cnc2[nH]ccc12.Cc1ccnc2[nH]ccc12,pcr_K16,,,,,,,,,,,,,,,12/19/2023 2:13:31 AM,5,011_rln-nb-2443_018_ct-126_256.raw,1,Rxn_Opt_HSST3_2_98_2min,"K,16",2min_100_1500.EXP,"K,16",pcr_K16,pcr_K16,Eunjae Shim,8.179728679359277
K17,COc1ccc(-c2nnc(Br)o2)cc1,"2-bromo-5-(4-methoxyphenyl)-1,3,4-oxadiazole",0.10202840000000003 milligram,0.40000000000000013 micromole,0.10202840000000006 microliter,C9H7BrN2O2,1.0,CN(C)c1ncc(B(O)O)cn1,417707424,0.08014896000000002 milligram,0.4800000000000001 micromole,0.08014896000000003 microliter,C6H10BN3O2,1.1999999999999997,CC(C)C1=CC(C(C)C)=CC(C(C)C)=C1C2=C([P+](C3CCCCC3)([Pd-2]4(OS(C)(=O)=O)C(C=CC=C5)=C5C6=C([NH+]4C)C=CC=C6)C7CCCCC7)C=CC=C2,XPhos Pd G4,0.08260742400000001 milligram,0.09600000000000003 micromole,0.08260742400000003 microliter,C47H64NO3PPdS,0.24,C1COCCO1,DMF,20.52 milligram,232.90127800603818 micromole,21.6 microliter,C4H8O2,582.2531950150952,[K+].[K+].[K+].[O-]P([O-])([O-])=O,K3PO4,0.7641504000000002 milligram,3.6000000000000014 micromole,0.7641504000000005 microliter,K3O4P,9.0,O,water,3.047886095999999 milligram,169.18601698584507 micromole,3.047886095999999 microliter,H2O,422.96504246461257,CN1C=NC2=C1C(=O)N(C(=O)N2C)C,caffeine,0.09321168000000002 milligram,0.4800000000000001 micromole,0.09321168000000003 microliter,C8H10N4O2,1.1999999999999997,C1COCCO1,dioxane,3.3935943787199996 milligram,38.51717679522393 micromole,3.2947518239999996 microliter,C4H8O2,96.2929419880598,COc1ccc(-c2nnc(-c3cnc(N(C)C)nc3)o2)cc1,suzuki_product,0.0 milligram,0.0 micromole,0 microliter,C15H15N5O2,0.0,COc1ccc(-c2nnco2)cc1,dehalogenation_byproduct,0.0 milligram,0.0 micromole,0 microliter,C9H8N2O2,0.0,CN(C)c1ncccn1,deborylation_byproduct,0.0 milligram,0.0 micromole,0 microliter,C6H9N3,0.0,CN(C)c1ncc(B(O)O)cn1.COc1ccc(-c2nnc(Br)o2)cc1>>CN(C)c1ncccn1.COc1ccc(-c2nnc(-c3cnc(N(C)C)nc3)o2)cc1.COc1ccc(-c2nnco2)cc1,pcr_K17,,,,,,,,,,,,,,,12/19/2023 2:15:59 AM,5,011_rln-nb-2443_018_ct-126_257.raw,1,Rxn_Opt_HSST3_2_98_2min,"K,17",2min_100_1500.EXP,"K,17",pcr_K17,pcr_K17,Eunjae Shim,7.289666399489078
K18,BrC1=CC=CC=C1,phenylbromide,0.06280400000000001 milligram,0.40000000000000013 micromole,0.06280400000000003 microliter,C6H5Br,1.0,CN(C)c1ncc(B(O)O)cn1,417707424,0.08014896000000002 milligram,0.4800000000000001 micromole,0.08014896000000003 microliter,C6H10BN3O2,1.1999999999999997,CC(C)C1=CC(C(C)C)=CC(C(C)C)=C1C2=C([P+](C3CCCCC3)([Pd-2]4(OS(C)(=O)=O)C(C=CC=C5)=C5C6=C([NH+]4C)C=CC=C6)C7CCCCC7)C=CC=C2,XPhos Pd G4,0.08260742400000001 milligram,0.09600000000000003 micromole,0.08260742400000003 microliter,C47H64NO3PPdS,0.24,C1COCCO1,DMF,20.52 milligram,232.90127800603818 micromole,21.6 microliter,C4H8O2,582.2531950150952,[K+].[K+].[K+].[O-]P([O-])([O-])=O,K3PO4,0.7641504000000002 milligram,3.6000000000000014 micromole,0.7641504000000005 microliter,K3O4P,9.0,O,water,3.047886095999999 milligram,169.18601698584507 micromole,3.047886095999999 microliter,H2O,422.96504246461257,CN1C=NC2=C1C(=O)N(C(=O)N2C)C,caffeine,0.09321168000000002 milligram,0.4800000000000001 micromole,0.09321168000000003 microliter,C8H10N4O2,1.1999999999999997,C1COCCO1,dioxane,3.3935943787199996 milligram,38.51717679522393 micromole,3.2947518239999996 microliter,C4H8O2,96.2929419880598,CN(C)c1ncc(-c2ccccc2)cn1,suzuki_product,0.0 milligram,0.0 micromole,0 microliter,C12H13N3,0.0,c1ccccc1,dehalogenation_byproduct,0.0 milligram,0.0 micromole,0 microliter,C6H6,0.0,CN(C)c1ncccn1,deborylation_byproduct,0.0 milligram,0.0 micromole,0 microliter,C6H9N3,0.0,BrC1=CC=CC=C1.CN(C)c1ncc(B(O)O)cn1>>CN(C)c1ncc(-c2ccccc2)cn1.CN(C)c1ncccn1.c1ccccc1,pcr_K18,,,,,,,,,,,,,,,12/19/2023 2:18:29 AM,5,011_rln-nb-2443_018_ct-126_258.raw,1,Rxn_Opt_HSST3_2_98_2min,"K,18",2min_100_1500.EXP,"K,18",pcr_K18,pcr_K18,Eunjae Shim,0.0
K19,CC1=C(C(=NN1C(C)C)N)Br,4-BROMO-1-ISOPROPYL-5-METHYL-1H-PYRAZOL-3-AMINE,0.08723920000000002 milligram,0.40000000000000013 micromole,0.08723920000000003 microliter,C7H12BrN3,1.0,Cc1ccc2cc(B(O)O)ccc2n1,417705646,0.08976336000000001 milligram,0.4800000000000001 micromole,0.08976336000000003 microliter,C10H10BNO2,1.1999999999999997,CC(C)C1=CC(C(C)C)=CC(C(C)C)=C1C2=C([P+](C3CCCCC3)([Pd-2]4(OS(C)(=O)=O)C(C=CC=C5)=C5C6=C([NH+]4C)C=CC=C6)C7CCCCC7)C=CC=C2,XPhos Pd G4,0.08260742400000001 milligram,0.09600000000000003 micromole,0.08260742400000003 microliter,C47H64NO3PPdS,0.24,C1COCCO1,DMF,20.52 milligram,232.90127800603818 micromole,21.6 microliter,C4H8O2,582.2531950150952,[K+].[K+].[K+].[O-]P([O-])([O-])=O,K3PO4,0.7641504000000002 milligram,3.6000000000000014 micromole,0.7641504000000005 microliter,K3O4P,9.0,O,water,3.047886095999999 milligram,169.18601698584507 micromole,3.047886095999999 microliter,H2O,422.96504246461257,CN1C=NC2=C1C(=O)N(C(=O)N2C)C,caffeine,0.09321168000000002 milligram,0.4800000000000001 micromole,0.09321168000000003 microliter,C8H10N4O2,1.1999999999999997,C1COCCO1,dioxane,3.3935943787199996 milligram,38.51717679522393 micromole,3.2947518239999996 microliter,C4H8O2,96.2929419880598,Cc1ccc2cc(-c3c(N)nn(C(C)C)c3C)ccc2n1,suzuki_product,0.0 milligram,0.0 micromole,0 microliter,C17H20N4,0.0,Cc1cc(N)nn1C(C)C,dehalogenation_byproduct,0.0 milligram,0.0 micromole,0 microliter,C7H13N3,0.0,Cc1ccc2ccccc2n1,deborylation_byproduct,0.0 milligram,0.0 micromole,0 microliter,C10H9N,0.0,CC1=C(C(=NN1C(C)C)N)Br.Cc1ccc2cc(B(O)O)ccc2n1>>Cc1cc(N)nn1C(C)C.Cc1ccc2cc(-c3c(N)nn(C(C)C)c3C)ccc2n1.Cc1ccc2ccccc2n1,pcr_K19,,,,,,,,,,,,,,,12/19/2023 2:20:58 AM,5,011_rln-nb-2443_018_ct-126_259.raw,1,Rxn_Opt_HSST3_2_98_2min,"K,19",2min_100_1500.EXP,"K,19",pcr_K19,pcr_K19,Eunjae Shim,17.02537007295906
K20,C1CON=C1C2=CC=C(C=C2)Br,"3-(4-bromophenyl)-4,5-dihydro-1,2-oxazole",0.09042920000000002 milligram,0.40000000000000013 micromole,0.09042920000000003 microliter,C9H8BrNO,1.0,Cc1ccc2cc(B(O)O)ccc2n1,417705646,0.08976336000000001 milligram,0.4800000000000001 micromole,0.08976336000000003 microliter,C10H10BNO2,1.1999999999999997,CC(C)C1=CC(C(C)C)=CC(C(C)C)=C1C2=C([P+](C3CCCCC3)([Pd-2]4(OS(C)(=O)=O)C(C=CC=C5)=C5C6=C([NH+]4C)C=CC=C6)C7CCCCC7)C=CC=C2,XPhos Pd G4,0.08260742400000001 milligram,0.09600000000000003 micromole,0.08260742400000003 microliter,C47H64NO3PPdS,0.24,C1COCCO1,DMF,20.52 milligram,232.90127800603818 micromole,21.6 microliter,C4H8O2,582.2531950150952,[K+].[K+].[K+].[O-]P([O-])([O-])=O,K3PO4,0.7641504000000002 milligram,3.6000000000000014 micromole,0.7641504000000005 microliter,K3O4P,9.0,O,water,3.047886095999999 milligram,169.18601698584507 micromole,3.047886095999999 microliter,H2O,422.96504246461257,CN1C=NC2=C1C(=O)N(C(=O)N2C)C,caffeine,0.09321168000000002 milligram,0.4800000000000001 micromole,0.09321168000000003 microliter,C8H10N4O2,1.1999999999999997,C1COCCO1,dioxane,3.3935943787199996 milligram,38.51717679522393 micromole,3.2947518239999996 microliter,C4H8O2,96.2929419880598,Cc1ccc2cc(-c3ccc(C4=NOCC4)cc3)ccc2n1,suzuki_product,0.0 milligram,0.0 micromole,0 microliter,C19H16N2O,0.0,c1ccc(C2=NOCC2)cc1,dehalogenation_byproduct,0.0 milligram,0.0 micromole,0 microliter,C9H9NO,0.0,Cc1ccc2ccccc2n1,deborylation_byproduct,0.0 milligram,0.0 micromole,0 microliter,C10H9N,0.0,C1CON=C1C2=CC=C(C=C2)Br.Cc1ccc2cc(B(O)O)ccc2n1>>Cc1ccc2cc(-c3ccc(C4=NOCC4)cc3)ccc2n1.Cc1ccc2ccccc2n1.c1ccc(C2=NOCC2)cc1,pcr_K20,,,,,,,,,,,,,,,12/19/2023 2:23:27 AM,5,011_rln-nb-2443_018_ct-126_260.raw,1,Rxn_Opt_HSST3_2_98_2min,"K,20",2min_100_1500.EXP,"K,20",pcr_K20,pcr_K20,Eunjae Shim,39.54391032233377
K21,C1=NC(=C(NC1=O)Cl)Br,5-bromo-6-chloropyrazin-2-ol,0.08377200000000001 milligram,0.40000000000000013 micromole,0.08377200000000003 microliter,C4H2BrClN2O,1.0,Cc1ccc2cc(B(O)O)ccc2n1,417705646,0.08976336000000001 milligram,0.4800000000000001 micromole,0.08976336000000003 microliter,C10H10BNO2,1.1999999999999997,CC(C)C1=CC(C(C)C)=CC(C(C)C)=C1C2=C([P+](C3CCCCC3)([Pd-2]4(OS(C)(=O)=O)C(C=CC=C5)=C5C6=C([NH+]4C)C=CC=C6)C7CCCCC7)C=CC=C2,XPhos Pd G4,0.08260742400000001 milligram,0.09600000000000003 micromole,0.08260742400000003 microliter,C47H64NO3PPdS,0.24,C1COCCO1,DMF,20.52 milligram,232.90127800603818 micromole,21.6 microliter,C4H8O2,582.2531950150952,[K+].[K+].[K+].[O-]P([O-])([O-])=O,K3PO4,0.7641504000000002 milligram,3.6000000000000014 micromole,0.7641504000000005 microliter,K3O4P,9.0,O,water,3.047886095999999 milligram,169.18601698584507 micromole,3.047886095999999 microliter,H2O,422.96504246461257,CN1C=NC2=C1C(=O)N(C(=O)N2C)C,caffeine,0.09321168000000002 milligram,0.4800000000000001 micromole,0.09321168000000003 microliter,C8H10N4O2,1.1999999999999997,C1COCCO1,dioxane,3.3935943787199996 milligram,38.51717679522393 micromole,3.2947518239999996 microliter,C4H8O2,96.2929419880598,Cc1ccc2cc(-c3[nH]c(=O)cnc3Br)ccc2n1,suzuki_product,0.0 milligram,0.0 micromole,0 microliter,C14H10BrN3O,0.0,O=c1cncc(Cl)[nH]1,dehalogenation_byproduct,0.0 milligram,0.0 micromole,0 microliter,C4H3ClN2O,0.0,O=c1cnc(Br)c[nH]1,dehalogenation_byproduct,0.0 milligram,0.0 micromole,0 microliter,C4H3BrN2O,0.0,C1=NC(=C(NC1=O)Cl)Br.Cc1ccc2cc(B(O)O)ccc2n1>>Cc1ccc2cc(-c3[nH]c(=O)cnc3Br)ccc2n1.Cc1ccc2cc(-c3ncc(=O)[nH]c3Cl)ccc2n1.Cc1ccc2ccccc2n1.O=c1cnc(Br)c[nH]1.O=c1cncc(Cl)[nH]1,pcr_K21,Cc1ccc2cc(-c3ncc(=O)[nH]c3Cl)ccc2n1,suzuki_product,0.0 milligram,0.0 micromole,0 microliter,C14H10ClN3O,0.0,Cc1ccc2ccccc2n1,deborylation_byproduct,0.0 milligram,0.0 micromole,0 microliter,C10H9N,0.0,12/19/2023 2:25:56 AM,5,011_rln-nb-2443_018_ct-126_261.raw,1,Rxn_Opt_HSST3_2_98_2min,"K,21",2min_100_1500.EXP,"K,21",pcr_K21,pcr_K21,Eunjae Shim,11.480644942521508
K22,Cc1c(Br)cnc2[nH]ccc12,"5-bromo-4-methyl-1H-pyrrolo[2,3-b]pyridine",0.08442480000000005 milligram,0.40000000000000013 micromole,0.08442480000000006 microliter,C8H7BrN2,1.0,Cc1ccc2cc(B(O)O)ccc2n1,417705646,0.08976336000000001 milligram,0.4800000000000001 micromole,0.08976336000000003 microliter,C10H10BNO2,1.1999999999999997,CC(C)C1=CC(C(C)C)=CC(C(C)C)=C1C2=C([P+](C3CCCCC3)([Pd-2]4(OS(C)(=O)=O)C(C=CC=C5)=C5C6=C([NH+]4C)C=CC=C6)C7CCCCC7)C=CC=C2,XPhos Pd G4,0.08260742400000001 milligram,0.09600000000000003 micromole,0.08260742400000003 microliter,C47H64NO3PPdS,0.24,C1COCCO1,DMF,20.52 milligram,232.90127800603818 micromole,21.6 microliter,C4H8O2,582.2531950150952,[K+].[K+].[K+].[O-]P([O-])([O-])=O,K3PO4,0.7641504000000002 milligram,3.6000000000000014 micromole,0.7641504000000005 microliter,K3O4P,9.0,O,water,3.047886095999999 milligram,169.18601698584507 micromole,3.047886095999999 microliter,H2O,422.96504246461257,CN1C=NC2=C1C(=O)N(C(=O)N2C)C,caffeine,0.09321168000000002 milligram,0.4800000000000001 micromole,0.09321168000000003 microliter,C8H10N4O2,1.1999999999999997,C1COCCO1,dioxane,3.3935943787199996 milligram,38.51717679522393 micromole,3.2947518239999996 microliter,C4H8O2,96.2929419880598,Cc1ccc2cc(-c3cnc4[nH]ccc4c3C)ccc2n1,suzuki_product,0.0 milligram,0.0 micromole,0 microliter,C18H15N3,0.0,Cc1ccnc2[nH]ccc12,dehalogenation_byproduct,0.0 milligram,0.0 micromole,0 microliter,C8H8N2,0.0,Cc1ccc2ccccc2n1,deborylation_byproduct,0.0 milligram,0.0 micromole,0 microliter,C10H9N,0.0,Cc1c(Br)cnc2[nH]ccc12.Cc1ccc2cc(B(O)O)ccc2n1>>Cc1ccc2cc(-c3cnc4[nH]ccc4c3C)ccc2n1.Cc1ccc2ccccc2n1.Cc1ccnc2[nH]ccc12,pcr_K22,,,,,,,,,,,,,,,12/19/2023 2:28:25 AM,5,011_rln-nb-2443_018_ct-126_262.raw,1,Rxn_Opt_HSST3_2_98_2min,"K,22",2min_100_1500.EXP,"K,22",pcr_K22,pcr_K22,Eunjae Shim,7.905499287223243
K23,COc1ccc(-c2nnc(Br)o2)cc1,"2-bromo-5-(4-methoxyphenyl)-1,3,4-oxadiazole",0.10202840000000003 milligram,0.40000000000000013 micromole,0.10202840000000006 microliter,C9H7BrN2O2,1.0,Cc1ccc2cc(B(O)O)ccc2n1,417705646,0.08976336000000001 milligram,0.4800000000000001 micromole,0.08976336000000003 microliter,C10H10BNO2,1.1999999999999997,CC(C)C1=CC(C(C)C)=CC(C(C)C)=C1C2=C([P+](C3CCCCC3)([Pd-2]4(OS(C)(=O)=O)C(C=CC=C5)=C5C6=C([NH+]4C)C=CC=C6)C7CCCCC7)C=CC=C2,XPhos Pd G4,0.08260742400000001 milligram,0.09600000000000003 micromole,0.08260742400000003 microliter,C47H64NO3PPdS,0.24,C1COCCO1,DMF,20.52 milligram,232.90127800603818 micromole,21.6 microliter,C4H8O2,582.2531950150952,[K+].[K+].[K+].[O-]P([O-])([O-])=O,K3PO4,0.7641504000000002 milligram,3.6000000000000014 micromole,0.7641504000000005 microliter,K3O4P,9.0,O,water,3.047886095999999 milligram,169.18601698584507 micromole,3.047886095999999 microliter,H2O,422.96504246461257,CN1C=NC2=C1C(=O)N(C(=O)N2C)C,caffeine,0.09321168000000002 milligram,0.4800000000000001 micromole,0.09321168000000003 microliter,C8H10N4O2,1.1999999999999997,C1COCCO1,dioxane,3.3935943787199996 milligram,38.51717679522393 micromole,3.2947518239999996 microliter,C4H8O2,96.2929419880598,COc1ccc(-c2nnc(-c3ccc4nc(C)ccc4c3)o2)cc1,suzuki_product,0.0 milligram,0.0 micromole,0 microliter,C19H15N3O2,0.0,COc1ccc(-c2nnco2)cc1,dehalogenation_byproduct,0.0 milligram,0.0 micromole,0 microliter,C9H8N2O2,0.0,Cc1ccc2ccccc2n1,deborylation_byproduct,0.0 milligram,0.0 micromole,0 microliter,C10H9N,0.0,COc1ccc(-c2nnc(Br)o2)cc1.Cc1ccc2cc(B(O)O)ccc2n1>>COc1ccc(-c2nnc(-c3ccc4nc(C)ccc4c3)o2)cc1.COc1ccc(-c2nnco2)cc1.Cc1ccc2ccccc2n1,pcr_K23,,,,,,,,,,,,,,,12/19/2023 2:30:55 AM,5,011_rln-nb-2443_018_ct-126_263.raw,1,Rxn_Opt_HSST3_2_98_2min,"K,23",2min_100_1500.EXP,"K,23",pcr_K23,pcr_K23,Eunjae Shim,15.102546657686464
K24,BrC1=CC=CC=C1,phenylbromide,0.06280400000000001 milligram,0.40000000000000013 micromole,0.06280400000000003 microliter,C6H5Br,1.0,Cc1ccc2cc(B(O)O)ccc2n1,417705646,0.08976336000000001 milligram,0.4800000000000001 micromole,0.08976336000000003 microliter,C10H10BNO2,1.1999999999999997,CC(C)C1=CC(C(C)C)=CC(C(C)C)=C1C2=C([P+](C3CCCCC3)([Pd-2]4(OS(C)(=O)=O)C(C=CC=C5)=C5C6=C([NH+]4C)C=CC=C6)C7CCCCC7)C=CC=C2,XPhos Pd G4,0.08260742400000001 milligram,0.09600000000000003 micromole,0.08260742400000003 microliter,C47H64NO3PPdS,0.24,C1COCCO1,DMF,20.52 milligram,232.90127800603818 micromole,21.6 microliter,C4H8O2,582.2531950150952,[K+].[K+].[K+].[O-]P([O-])([O-])=O,K3PO4,0.7641504000000002 milligram,3.6000000000000014 micromole,0.7641504000000005 microliter,K3O4P,9.0,O,water,3.047886095999999 milligram,169.18601698584507 micromole,3.047886095999999 microliter,H2O,422.96504246461257,CN1C=NC2=C1C(=O)N(C(=O)N2C)C,caffeine,0.09321168000000002 milligram,0.4800000000000001 micromole,0.09321168000000003 microliter,C8H10N4O2,1.1999999999999997,C1COCCO1,dioxane,3.3935943787199996 milligram,38.51717679522393 micromole,3.2947518239999996 microliter,C4H8O2,96.2929419880598,Cc1ccc2cc(-c3ccccc3)ccc2n1,suzuki_product,0.0 milligram,0.0 micromole,0 microliter,C16H13N,0.0,c1ccccc1,dehalogenation_byproduct,0.0 milligram,0.0 micromole,0 microliter,C6H6,0.0,Cc1ccc2ccccc2n1,deborylation_byproduct,0.0 milligram,0.0 micromole,0 microliter,C10H9N,0.0,BrC1=CC=CC=C1.Cc1ccc2cc(B(O)O)ccc2n1>>Cc1ccc2cc(-c3ccccc3)ccc2n1.Cc1ccc2ccccc2n1.c1ccccc1,pcr_K24,,,,,,,,,,,,,,,12/19/2023 2:33:24 AM,5,011_rln-nb-2443_018_ct-126_264.raw,1,Rxn_Opt_HSST3_2_98_2min,"K,24",2min_100_1500.EXP,"K,24",pcr_K24,pcr_K24,Eunjae Shim,0.0
L1,CC1=C(C(=NN1C(C)C)N)Br,4-BROMO-1-ISOPROPYL-5-METHYL-1H-PYRAZOL-3-AMINE,0.08723920000000002 milligram,0.40000000000000013 micromole,0.08723920000000003 microliter,C7H12BrN3,1.0,COc1cc(B(O)O)cnc1OC,417717322,0.08782655999999998 milligram,0.4800000000000001 micromole,0.08782656 microliter,C7H10BNO4,1.1999999999999997,CC(C)C1=CC(C(C)C)=CC(C(C)C)=C1C2=C([P+](C3CCCCC3)([Pd-2]4(OS(C)(=O)=O)C(C=CC=C5)=C5C6=C([NH+]4C)C=CC=C6)C7CCCCC7)C=CC=C2,XPhos Pd G4,0.08260742400000001 milligram,0.09600000000000003 micromole,0.08260742400000003 microliter,C47H64NO3PPdS,0.24,C1COCCO1,DMF,20.52 milligram,232.90127800603818 micromole,21.6 microliter,C4H8O2,582.2531950150952,[K+].[K+].[K+].[O-]P([O-])([O-])=O,K3PO4,0.7641504000000002 milligram,3.6000000000000014 micromole,0.7641504000000005 microliter,K3O4P,9.0,O,water,3.047886095999999 milligram,169.18601698584507 micromole,3.047886095999999 microliter,H2O,422.96504246461257,CN1C=NC2=C1C(=O)N(C(=O)N2C)C,caffeine,0.09321168000000002 milligram,0.4800000000000001 micromole,0.09321168000000003 microliter,C8H10N4O2,1.1999999999999997,C1COCCO1,dioxane,3.3935943787199996 milligram,38.51717679522393 micromole,3.2947518239999996 microliter,C4H8O2,96.2929419880598,COc1cc(-c2c(N)nn(C(C)C)c2C)cnc1OC,suzuki_product,0.0 milligram,0.0 micromole,0 microliter,C14H20N4O2,0.0,Cc1cc(N)nn1C(C)C,dehalogenation_byproduct,0.0 milligram,0.0 micromole,0 microliter,C7H13N3,0.0,COc1cccnc1OC,deborylation_byproduct,0.0 milligram,0.0 micromole,0 microliter,C7H9NO2,0.0,CC1=C(C(=NN1C(C)C)N)Br.COc1cc(B(O)O)cnc1OC>>COc1cc(-c2c(N)nn(C(C)C)c2C)cnc1OC.COc1cccnc1OC.Cc1cc(N)nn1C(C)C,pcr_L1,,,,,,,,,,,,,,,12/19/2023 2:35:53 AM,5,011_rln-nb-2443_018_ct-126_265.raw,1,Rxn_Opt_HSST3_2_98_2min,"L,1",2min_100_1500.EXP,"L,1",pcr_L1,pcr_L1,Eunjae Shim,59.08632767422879
L2,C1CON=C1C2=CC=C(C=C2)Br,"3-(4-bromophenyl)-4,5-dihydro-1,2-oxazole",0.09042920000000002 milligram,0.40000000000000013 micromole,0.09042920000000003 microliter,C9H8BrNO,1.0,COc1cc(B(O)O)cnc1OC,417717322,0.08782655999999998 milligram,0.4800000000000001 micromole,0.08782656 microliter,C7H10BNO4,1.1999999999999997,CC(C)C1=CC(C(C)C)=CC(C(C)C)=C1C2=C([P+](C3CCCCC3)([Pd-2]4(OS(C)(=O)=O)C(C=CC=C5)=C5C6=C([NH+]4C)C=CC=C6)C7CCCCC7)C=CC=C2,XPhos Pd G4,0.08260742400000001 milligram,0.09600000000000003 micromole,0.08260742400000003 microliter,C47H64NO3PPdS,0.24,C1COCCO1,DMF,20.52 milligram,232.90127800603818 micromole,21.6 microliter,C4H8O2,582.2531950150952,[K+].[K+].[K+].[O-]P([O-])([O-])=O,K3PO4,0.7641504000000002 milligram,3.6000000000000014 micromole,0.7641504000000005 microliter,K3O4P,9.0,O,water,3.047886095999999 milligram,169.18601698584507 micromole,3.047886095999999 microliter,H2O,422.96504246461257,CN1C=NC2=C1C(=O)N(C(=O)N2C)C,caffeine,0.09321168000000002 milligram,0.4800000000000001 micromole,0.09321168000000003 microliter,C8H10N4O2,1.1999999999999997,C1COCCO1,dioxane,3.3935943787199996 milligram,38.51717679522393 micromole,3.2947518239999996 microliter,C4H8O2,96.2929419880598,COc1cc(-c2ccc(C3=NOCC3)cc2)cnc1OC,suzuki_product,0.0 milligram,0.0 micromole,0 microliter,C16H16N2O3,0.0,c1ccc(C2=NOCC2)cc1,dehalogenation_byproduct,0.0 milligram,0.0 micromole,0 microliter,C9H9NO,0.0,COc1cccnc1OC,deborylation_byproduct,0.0 milligram,0.0 micromole,0 microliter,C7H9NO2,0.0,C1CON=C1C2=CC=C(C=C2)Br.COc1cc(B(O)O)cnc1OC>>COc1cc(-c2ccc(C3=NOCC3)cc2)cnc1OC.COc1cccnc1OC.c1ccc(C2=NOCC2)cc1,pcr_L2,,,,,,,,,,,,,,,12/19/2023 2:38:22 AM,5,011_rln-nb-2443_018_ct-126_266.raw,1,Rxn_Opt_HSST3_2_98_2min,"L,2",2min_100_1500.EXP,"L,2",pcr_L2,pcr_L2,Eunjae Shim,89.55386033194326
L3,C1=NC(=C(NC1=O)Cl)Br,5-bromo-6-chloropyrazin-2-ol,0.08377200000000001 milligram,0.40000000000000013 micromole,0.08377200000000003 microliter,C4H2BrClN2O,1.0,COc1cc(B(O)O)cnc1OC,417717322,0.08782655999999998 milligram,0.4800000000000001 micromole,0.08782656 microliter,C7H10BNO4,1.1999999999999997,CC(C)C1=CC(C(C)C)=CC(C(C)C)=C1C2=C([P+](C3CCCCC3)([Pd-2]4(OS(C)(=O)=O)C(C=CC=C5)=C5C6=C([NH+]4C)C=CC=C6)C7CCCCC7)C=CC=C2,XPhos Pd G4,0.08260742400000001 milligram,0.09600000000000003 micromole,0.08260742400000003 microliter,C47H64NO3PPdS,0.24,C1COCCO1,DMF,20.52 milligram,232.90127800603818 micromole,21.6 microliter,C4H8O2,582.2531950150952,[K+].[K+].[K+].[O-]P([O-])([O-])=O,K3PO4,0.7641504000000002 milligram,3.6000000000000014 micromole,0.7641504000000005 microliter,K3O4P,9.0,O,water,3.047886095999999 milligram,169.18601698584507 micromole,3.047886095999999 microliter,H2O,422.96504246461257,CN1C=NC2=C1C(=O)N(C(=O)N2C)C,caffeine,0.09321168000000002 milligram,0.4800000000000001 micromole,0.09321168000000003 microliter,C8H10N4O2,1.1999999999999997,C1COCCO1,dioxane,3.3935943787199996 milligram,38.51717679522393 micromole,3.2947518239999996 microliter,C4H8O2,96.2929419880598,COc1cc(-c2[nH]c(=O)cnc2Br)cnc1OC,suzuki_product,0.0 milligram,0.0 micromole,0 microliter,C11H10BrN3O3,0.0,O=c1cncc(Cl)[nH]1,dehalogenation_byproduct,0.0 milligram,0.0 micromole,0 microliter,C4H3ClN2O,0.0,O=c1cnc(Br)c[nH]1,dehalogenation_byproduct,0.0 milligram,0.0 micromole,0 microliter,C4H3BrN2O,0.0,C1=NC(=C(NC1=O)Cl)Br.COc1cc(B(O)O)cnc1OC>>COc1cc(-c2[nH]c(=O)cnc2Br)cnc1OC.COc1cc(-c2ncc(=O)[nH]c2Cl)cnc1OC.COc1cccnc1OC.O=c1cnc(Br)c[nH]1.O=c1cncc(Cl)[nH]1,pcr_L3,COc1cc(-c2ncc(=O)[nH]c2Cl)cnc1OC,suzuki_product,0.0 milligram,0.0 micromole,0 microliter,C11H10ClN3O3,0.0,COc1cccnc1OC,deborylation_byproduct,0.0 milligram,0.0 micromole,0 microliter,C7H9NO2,0.0,12/19/2023 2:40:52 AM,5,011_rln-nb-2443_018_ct-126_267.raw,1,Rxn_Opt_HSST3_2_98_2min,"L,3",2min_100_1500.EXP,"L,3",pcr_L3,pcr_L3,Eunjae Shim,0.0
L4,Cc1c(Br)cnc2[nH]ccc12,"5-bromo-4-methyl-1H-pyrrolo[2,3-b]pyridine",0.08442480000000005 milligram,0.40000000000000013 micromole,0.08442480000000006 microliter,C8H7BrN2,1.0,COc1cc(B(O)O)cnc1OC,417717322,0.08782655999999998 milligram,0.4800000000000001 micromole,0.08782656 microliter,C7H10BNO4,1.1999999999999997,CC(C)C1=CC(C(C)C)=CC(C(C)C)=C1C2=C([P+](C3CCCCC3)([Pd-2]4(OS(C)(=O)=O)C(C=CC=C5)=C5C6=C([NH+]4C)C=CC=C6)C7CCCCC7)C=CC=C2,XPhos Pd G4,0.08260742400000001 milligram,0.09600000000000003 micromole,0.08260742400000003 microliter,C47H64NO3PPdS,0.24,C1COCCO1,DMF,20.52 milligram,232.90127800603818 micromole,21.6 microliter,C4H8O2,582.2531950150952,[K+].[K+].[K+].[O-]P([O-])([O-])=O,K3PO4,0.7641504000000002 milligram,3.6000000000000014 micromole,0.7641504000000005 microliter,K3O4P,9.0,O,water,3.047886095999999 milligram,169.18601698584507 micromole,3.047886095999999 microliter,H2O,422.96504246461257,CN1C=NC2=C1C(=O)N(C(=O)N2C)C,caffeine,0.09321168000000002 milligram,0.4800000000000001 micromole,0.09321168000000003 microliter,C8H10N4O2,1.1999999999999997,C1COCCO1,dioxane,3.3935943787199996 milligram,38.51717679522393 micromole,3.2947518239999996 microliter,C4H8O2,96.2929419880598,COc1cc(-c2cnc3[nH]ccc3c2C)cnc1OC,suzuki_product,0.0 milligram,0.0 micromole,0 microliter,C15H15N3O2,0.0,Cc1ccnc2[nH]ccc12,dehalogenation_byproduct,0.0 milligram,0.0 micromole,0 microliter,C8H8N2,0.0,COc1cccnc1OC,deborylation_byproduct,0.0 milligram,0.0 micromole,0 microliter,C7H9NO2,0.0,COc1cc(B(O)O)cnc1OC.Cc1c(Br)cnc2[nH]ccc12>>COc1cc(-c2cnc3[nH]ccc3c2C)cnc1OC.COc1cccnc1OC.Cc1ccnc2[nH]ccc12,pcr_L4,,,,,,,,,,,,,,,12/19/2023 2:43:21 AM,5,011_rln-nb-2443_018_ct-126_268.raw,1,Rxn_Opt_HSST3_2_98_2min,"L,4",2min_100_1500.EXP,"L,4",pcr_L4,pcr_L4,Eunjae Shim,11.005951435076616
L5,COc1ccc(-c2nnc(Br)o2)cc1,"2-bromo-5-(4-methoxyphenyl)-1,3,4-oxadiazole",0.10202840000000003 milligram,0.40000000000000013 micromole,0.10202840000000006 microliter,C9H7BrN2O2,1.0,COc1cc(B(O)O)cnc1OC,417717322,0.08782655999999998 milligram,0.4800000000000001 micromole,0.08782656 microliter,C7H10BNO4,1.1999999999999997,CC(C)C1=CC(C(C)C)=CC(C(C)C)=C1C2=C([P+](C3CCCCC3)([Pd-2]4(OS(C)(=O)=O)C(C=CC=C5)=C5C6=C([NH+]4C)C=CC=C6)C7CCCCC7)C=CC=C2,XPhos Pd G4,0.08260742400000001 milligram,0.09600000000000003 micromole,0.08260742400000003 microliter,C47H64NO3PPdS,0.24,C1COCCO1,DMF,20.52 milligram,232.90127800603818 micromole,21.6 microliter,C4H8O2,582.2531950150952,[K+].[K+].[K+].[O-]P([O-])([O-])=O,K3PO4,0.7641504000000002 milligram,3.6000000000000014 micromole,0.7641504000000005 microliter,K3O4P,9.0,O,water,3.047886095999999 milligram,169.18601698584507 micromole,3.047886095999999 microliter,H2O,422.96504246461257,CN1C=NC2=C1C(=O)N(C(=O)N2C)C,caffeine,0.09321168000000002 milligram,0.4800000000000001 micromole,0.09321168000000003 microliter,C8H10N4O2,1.1999999999999997,C1COCCO1,dioxane,3.3935943787199996 milligram,38.51717679522393 micromole,3.2947518239999996 microliter,C4H8O2,96.2929419880598,COc1ccc(-c2nnc(-c3cnc(OC)c(OC)c3)o2)cc1,suzuki_product,0.0 milligram,0.0 micromole,0 microliter,C16H15N3O4,0.0,COc1ccc(-c2nnco2)cc1,dehalogenation_byproduct,0.0 milligram,0.0 micromole,0 microliter,C9H8N2O2,0.0,COc1cccnc1OC,deborylation_byproduct,0.0 milligram,0.0 micromole,0 microliter,C7H9NO2,0.0,COc1cc(B(O)O)cnc1OC.COc1ccc(-c2nnc(Br)o2)cc1>>COc1ccc(-c2nnc(-c3cnc(OC)c(OC)c3)o2)cc1.COc1ccc(-c2nnco2)cc1.COc1cccnc1OC,pcr_L5,,,,,,,,,,,,,,,12/19/2023 2:45:50 AM,5,011_rln-nb-2443_018_ct-126_269.raw,1,Rxn_Opt_HSST3_2_98_2min,"L,5",2min_100_1500.EXP,"L,5",pcr_L5,pcr_L5,Eunjae Shim,9.636635557828386
L6,BrC1=CC=CC=C1,phenylbromide,0.06280400000000001 milligram,0.40000000000000013 micromole,0.06280400000000003 microliter,C6H5Br,1.0,COc1cc(B(O)O)cnc1OC,417717322,0.08782655999999998 milligram,0.4800000000000001 micromole,0.08782656 microliter,C7H10BNO4,1.1999999999999997,CC(C)C1=CC(C(C)C)=CC(C(C)C)=C1C2=C([P+](C3CCCCC3)([Pd-2]4(OS(C)(=O)=O)C(C=CC=C5)=C5C6=C([NH+]4C)C=CC=C6)C7CCCCC7)C=CC=C2,XPhos Pd G4,0.08260742400000001 milligram,0.09600000000000003 micromole,0.08260742400000003 microliter,C47H64NO3PPdS,0.24,C1COCCO1,DMF,20.52 milligram,232.90127800603818 micromole,21.6 microliter,C4H8O2,582.2531950150952,[K+].[K+].[K+].[O-]P([O-])([O-])=O,K3PO4,0.7641504000000002 milligram,3.6000000000000014 micromole,0.7641504000000005 microliter,K3O4P,9.0,O,water,3.047886095999999 milligram,169.18601698584507 micromole,3.047886095999999 microliter,H2O,422.96504246461257,CN1C=NC2=C1C(=O)N(C(=O)N2C)C,caffeine,0.09321168000000002 milligram,0.4800000000000001 micromole,0.09321168000000003 microliter,C8H10N4O2,1.1999999999999997,C1COCCO1,dioxane,3.3935943787199996 milligram,38.51717679522393 micromole,3.2947518239999996 microliter,C4H8O2,96.2929419880598,COc1cc(-c2ccccc2)cnc1OC,suzuki_product,0.0 milligram,0.0 micromole,0 microliter,C13H13NO2,0.0,c1ccccc1,dehalogenation_byproduct,0.0 milligram,0.0 micromole,0 microliter,C6H6,0.0,COc1cccnc1OC,deborylation_byproduct,0.0 milligram,0.0 micromole,0 microliter,C7H9NO2,0.0,BrC1=CC=CC=C1.COc1cc(B(O)O)cnc1OC>>COc1cc(-c2ccccc2)cnc1OC.COc1cccnc1OC.c1ccccc1,pcr_L6,,,,,,,,,,,,,,,12/19/2023 2:48:19 AM,5,011_rln-nb-2443_018_ct-126_270.raw,1,Rxn_Opt_HSST3_2_98_2min,"L,6",2min_100_1500.EXP,"L,6",pcr_L6,pcr_L6,Eunjae Shim,0.0
L7,CC1=C(C(=NN1C(C)C)N)Br,4-BROMO-1-ISOPROPYL-5-METHYL-1H-PYRAZOL-3-AMINE,0.08723920000000002 milligram,0.40000000000000013 micromole,0.08723920000000003 microliter,C7H12BrN3,1.0,Cc1ncccc1B(O)O,417387330,0.06573456 milligram,0.4800000000000001 micromole,0.06573456000000001 microliter,C6H8BNO2,1.1999999999999997,CC(C)C1=CC(C(C)C)=CC(C(C)C)=C1C2=C([P+](C3CCCCC3)([Pd-2]4(OS(C)(=O)=O)C(C=CC=C5)=C5C6=C([NH+]4C)C=CC=C6)C7CCCCC7)C=CC=C2,XPhos Pd G4,0.08260742400000001 milligram,0.09600000000000003 micromole,0.08260742400000003 microliter,C47H64NO3PPdS,0.24,C1COCCO1,DMF,20.52 milligram,232.90127800603818 micromole,21.6 microliter,C4H8O2,582.2531950150952,[K+].[K+].[K+].[O-]P([O-])([O-])=O,K3PO4,0.7641504000000002 milligram,3.6000000000000014 micromole,0.7641504000000005 microliter,K3O4P,9.0,O,water,3.047886095999999 milligram,169.18601698584507 micromole,3.047886095999999 microliter,H2O,422.96504246461257,CN1C=NC2=C1C(=O)N(C(=O)N2C)C,caffeine,0.09321168000000002 milligram,0.4800000000000001 micromole,0.09321168000000003 microliter,C8H10N4O2,1.1999999999999997,C1COCCO1,dioxane,3.3935943787199996 milligram,38.51717679522393 micromole,3.2947518239999996 microliter,C4H8O2,96.2929419880598,Cc1ncccc1-c1c(N)nn(C(C)C)c1C,suzuki_product,0.0 milligram,0.0 micromole,0 microliter,C13H18N4,0.0,Cc1cc(N)nn1C(C)C,dehalogenation_byproduct,0.0 milligram,0.0 micromole,0 microliter,C7H13N3,0.0,Cc1ccccn1,deborylation_byproduct,0.0 milligram,0.0 micromole,0 microliter,C6H7N,0.0,CC1=C(C(=NN1C(C)C)N)Br.Cc1ncccc1B(O)O>>Cc1cc(N)nn1C(C)C.Cc1ccccn1.Cc1ncccc1-c1c(N)nn(C(C)C)c1C,pcr_L7,,,,,,,,,,,,,,,12/19/2023 2:50:48 AM,5,011_rln-nb-2443_018_ct-126_271.raw,1,Rxn_Opt_HSST3_2_98_2min,"L,7",2min_100_1500.EXP,"L,7",pcr_L7,pcr_L7,Eunjae Shim,0.0
L8,C1CON=C1C2=CC=C(C=C2)Br,"3-(4-bromophenyl)-4,5-dihydro-1,2-oxazole",0.09042920000000002 milligram,0.40000000000000013 micromole,0.09042920000000003 microliter,C9H8BrNO,1.0,Cc1ncccc1B(O)O,417387330,0.06573456 milligram,0.4800000000000001 micromole,0.06573456000000001 microliter,C6H8BNO2,1.1999999999999997,CC(C)C1=CC(C(C)C)=CC(C(C)C)=C1C2=C([P+](C3CCCCC3)([Pd-2]4(OS(C)(=O)=O)C(C=CC=C5)=C5C6=C([NH+]4C)C=CC=C6)C7CCCCC7)C=CC=C2,XPhos Pd G4,0.08260742400000001 milligram,0.09600000000000003 micromole,0.08260742400000003 microliter,C47H64NO3PPdS,0.24,C1COCCO1,DMF,20.52 milligram,232.90127800603818 micromole,21.6 microliter,C4H8O2,582.2531950150952,[K+].[K+].[K+].[O-]P([O-])([O-])=O,K3PO4,0.7641504000000002 milligram,3.6000000000000014 micromole,0.7641504000000005 microliter,K3O4P,9.0,O,water,3.047886095999999 milligram,169.18601698584507 micromole,3.047886095999999 microliter,H2O,422.96504246461257,CN1C=NC2=C1C(=O)N(C(=O)N2C)C,caffeine,0.09321168000000002 milligram,0.4800000000000001 micromole,0.09321168000000003 microliter,C8H10N4O2,1.1999999999999997,C1COCCO1,dioxane,3.3935943787199996 milligram,38.51717679522393 micromole,3.2947518239999996 microliter,C4H8O2,96.2929419880598,Cc1ncccc1-c1ccc(C2=NOCC2)cc1,suzuki_product,0.0 milligram,0.0 micromole,0 microliter,C15H14N2O,0.0,c1ccc(C2=NOCC2)cc1,dehalogenation_byproduct,0.0 milligram,0.0 micromole,0 microliter,C9H9NO,0.0,Cc1ccccn1,deborylation_byproduct,0.0 milligram,0.0 micromole,0 microliter,C6H7N,0.0,C1CON=C1C2=CC=C(C=C2)Br.Cc1ncccc1B(O)O>>Cc1ccccn1.Cc1ncccc1-c1ccc(C2=NOCC2)cc1.c1ccc(C2=NOCC2)cc1,pcr_L8,,,,,,,,,,,,,,,12/19/2023 2:53:17 AM,5,011_rln-nb-2443_018_ct-126_272.raw,1,Rxn_Opt_HSST3_2_98_2min,"L,8",2min_100_1500.EXP,"L,8",pcr_L8,pcr_L8,Eunjae Shim,43.70042372333814
L9,C1=NC(=C(NC1=O)Cl)Br,5-bromo-6-chloropyrazin-2-ol,0.08377200000000001 milligram,0.40000000000000013 micromole,0.08377200000000003 microliter,C4H2BrClN2O,1.0,Cc1ncccc1B(O)O,417387330,0.06573456 milligram,0.4800000000000001 micromole,0.06573456000000001 microliter,C6H8BNO2,1.1999999999999997,CC(C)C1=CC(C(C)C)=CC(C(C)C)=C1C2=C([P+](C3CCCCC3)([Pd-2]4(OS(C)(=O)=O)C(C=CC=C5)=C5C6=C([NH+]4C)C=CC=C6)C7CCCCC7)C=CC=C2,XPhos Pd G4,0.08260742400000001 milligram,0.09600000000000003 micromole,0.08260742400000003 microliter,C47H64NO3PPdS,0.24,C1COCCO1,DMF,20.52 milligram,232.90127800603818 micromole,21.6 microliter,C4H8O2,582.2531950150952,[K+].[K+].[K+].[O-]P([O-])([O-])=O,K3PO4,0.7641504000000002 milligram,3.6000000000000014 micromole,0.7641504000000005 microliter,K3O4P,9.0,O,water,3.047886095999999 milligram,169.18601698584507 micromole,3.047886095999999 microliter,H2O,422.96504246461257,CN1C=NC2=C1C(=O)N(C(=O)N2C)C,caffeine,0.09321168000000002 milligram,0.4800000000000001 micromole,0.09321168000000003 microliter,C8H10N4O2,1.1999999999999997,C1COCCO1,dioxane,3.3935943787199996 milligram,38.51717679522393 micromole,3.2947518239999996 microliter,C4H8O2,96.2929419880598,Cc1ncccc1-c1[nH]c(=O)cnc1Br,suzuki_product,0.0 milligram,0.0 micromole,0 microliter,C10H8BrN3O,0.0,O=c1cncc(Cl)[nH]1,dehalogenation_byproduct,0.0 milligram,0.0 micromole,0 microliter,C4H3ClN2O,0.0,O=c1cnc(Br)c[nH]1,dehalogenation_byproduct,0.0 milligram,0.0 micromole,0 microliter,C4H3BrN2O,0.0,C1=NC(=C(NC1=O)Cl)Br.Cc1ncccc1B(O)O>>Cc1ccccn1.Cc1ncccc1-c1[nH]c(=O)cnc1Br.Cc1ncccc1-c1ncc(=O)[nH]c1Cl.O=c1cnc(Br)c[nH]1.O=c1cncc(Cl)[nH]1,pcr_L9,Cc1ncccc1-c1ncc(=O)[nH]c1Cl,suzuki_product,0.0 milligram,0.0 micromole,0 microliter,C10H8ClN3O,0.0,Cc1ccccn1,deborylation_byproduct,0.0 milligram,0.0 micromole,0 microliter,C6H7N,0.0,12/19/2023 2:55:47 AM,5,011_rln-nb-2443_018_ct-126_273.raw,1,Rxn_Opt_HSST3_2_98_2min,"L,9",2min_100_1500.EXP,"L,9",pcr_L9,pcr_L9,Eunjae Shim,0.0
L10,Cc1c(Br)cnc2[nH]ccc12,"5-bromo-4-methyl-1H-pyrrolo[2,3-b]pyridine",0.08442480000000005 milligram,0.40000000000000013 micromole,0.08442480000000006 microliter,C8H7BrN2,1.0,Cc1ncccc1B(O)O,417387330,0.06573456 milligram,0.4800000000000001 micromole,0.06573456000000001 microliter,C6H8BNO2,1.1999999999999997,CC(C)C1=CC(C(C)C)=CC(C(C)C)=C1C2=C([P+](C3CCCCC3)([Pd-2]4(OS(C)(=O)=O)C(C=CC=C5)=C5C6=C([NH+]4C)C=CC=C6)C7CCCCC7)C=CC=C2,XPhos Pd G4,0.08260742400000001 milligram,0.09600000000000003 micromole,0.08260742400000003 microliter,C47H64NO3PPdS,0.24,C1COCCO1,DMF,20.52 milligram,232.90127800603818 micromole,21.6 microliter,C4H8O2,582.2531950150952,[K+].[K+].[K+].[O-]P([O-])([O-])=O,K3PO4,0.7641504000000002 milligram,3.6000000000000014 micromole,0.7641504000000005 microliter,K3O4P,9.0,O,water,3.047886095999999 milligram,169.18601698584507 micromole,3.047886095999999 microliter,H2O,422.96504246461257,CN1C=NC2=C1C(=O)N(C(=O)N2C)C,caffeine,0.09321168000000002 milligram,0.4800000000000001 micromole,0.09321168000000003 microliter,C8H10N4O2,1.1999999999999997,C1COCCO1,dioxane,3.3935943787199996 milligram,38.51717679522393 micromole,3.2947518239999996 microliter,C4H8O2,96.2929419880598,Cc1ncccc1-c1cnc2[nH]ccc2c1C,suzuki_product,0.0 milligram,0.0 micromole,0 microliter,C14H13N3,0.0,Cc1ccnc2[nH]ccc12,dehalogenation_byproduct,0.0 milligram,0.0 micromole,0 microliter,C8H8N2,0.0,Cc1ccccn1,deborylation_byproduct,0.0 milligram,0.0 micromole,0 microliter,C6H7N,0.0,Cc1c(Br)cnc2[nH]ccc12.Cc1ncccc1B(O)O>>Cc1ccccn1.Cc1ccnc2[nH]ccc12.Cc1ncccc1-c1cnc2[nH]ccc2c1C,pcr_L10,,,,,,,,,,,,,,,12/19/2023 2:58:16 AM,5,011_rln-nb-2443_018_ct-126_274.raw,1,Rxn_Opt_HSST3_2_98_2min,"L,10",2min_100_1500.EXP,"L,10",pcr_L10,pcr_L10,Eunjae Shim,5.170720558758277
L11,COc1ccc(-c2nnc(Br)o2)cc1,"2-bromo-5-(4-methoxyphenyl)-1,3,4-oxadiazole",0.10202840000000003 milligram,0.40000000000000013 micromole,0.10202840000000006 microliter,C9H7BrN2O2,1.0,Cc1ncccc1B(O)O,417387330,0.06573456 milligram,0.4800000000000001 micromole,0.06573456000000001 microliter,C6H8BNO2,1.1999999999999997,CC(C)C1=CC(C(C)C)=CC(C(C)C)=C1C2=C([P+](C3CCCCC3)([Pd-2]4(OS(C)(=O)=O)C(C=CC=C5)=C5C6=C([NH+]4C)C=CC=C6)C7CCCCC7)C=CC=C2,XPhos Pd G4,0.08260742400000001 milligram,0.09600000000000003 micromole,0.08260742400000003 microliter,C47H64NO3PPdS,0.24,C1COCCO1,DMF,20.52 milligram,232.90127800603818 micromole,21.6 microliter,C4H8O2,582.2531950150952,[K+].[K+].[K+].[O-]P([O-])([O-])=O,K3PO4,0.7641504000000002 milligram,3.6000000000000014 micromole,0.7641504000000005 microliter,K3O4P,9.0,O,water,3.047886095999999 milligram,169.18601698584507 micromole,3.047886095999999 microliter,H2O,422.96504246461257,CN1C=NC2=C1C(=O)N(C(=O)N2C)C,caffeine,0.09321168000000002 milligram,0.4800000000000001 micromole,0.09321168000000003 microliter,C8H10N4O2,1.1999999999999997,C1COCCO1,dioxane,3.3935943787199996 milligram,38.51717679522393 micromole,3.2947518239999996 microliter,C4H8O2,96.2929419880598,COc1ccc(-c2nnc(-c3cccnc3C)o2)cc1,suzuki_product,0.0 milligram,0.0 micromole,0 microliter,C15H13N3O2,0.0,COc1ccc(-c2nnco2)cc1,dehalogenation_byproduct,0.0 milligram,0.0 micromole,0 microliter,C9H8N2O2,0.0,Cc1ccccn1,deborylation_byproduct,0.0 milligram,0.0 micromole,0 microliter,C6H7N,0.0,COc1ccc(-c2nnc(Br)o2)cc1.Cc1ncccc1B(O)O>>COc1ccc(-c2nnc(-c3cccnc3C)o2)cc1.COc1ccc(-c2nnco2)cc1.Cc1ccccn1,pcr_L11,,,,,,,,,,,,,,,12/19/2023 3:00:45 AM,5,011_rln-nb-2443_018_ct-126_275.raw,1,Rxn_Opt_HSST3_2_98_2min,"L,11",2min_100_1500.EXP,"L,11",pcr_L11,pcr_L11,Eunjae Shim,4.518890898433675
L12,BrC1=CC=CC=C1,phenylbromide,0.06280400000000001 milligram,0.40000000000000013 micromole,0.06280400000000003 microliter,C6H5Br,1.0,Cc1ncccc1B(O)O,417387330,0.06573456 milligram,0.4800000000000001 micromole,0.06573456000000001 microliter,C6H8BNO2,1.1999999999999997,CC(C)C1=CC(C(C)C)=CC(C(C)C)=C1C2=C([P+](C3CCCCC3)([Pd-2]4(OS(C)(=O)=O)C(C=CC=C5)=C5C6=C([NH+]4C)C=CC=C6)C7CCCCC7)C=CC=C2,XPhos Pd G4,0.08260742400000001 milligram,0.09600000000000003 micromole,0.08260742400000003 microliter,C47H64NO3PPdS,0.24,C1COCCO1,DMF,20.52 milligram,232.90127800603818 micromole,21.6 microliter,C4H8O2,582.2531950150952,[K+].[K+].[K+].[O-]P([O-])([O-])=O,K3PO4,0.7641504000000002 milligram,3.6000000000000014 micromole,0.7641504000000005 microliter,K3O4P,9.0,O,water,3.047886095999999 milligram,169.18601698584507 micromole,3.047886095999999 microliter,H2O,422.96504246461257,CN1C=NC2=C1C(=O)N(C(=O)N2C)C,caffeine,0.09321168000000002 milligram,0.4800000000000001 micromole,0.09321168000000003 microliter,C8H10N4O2,1.1999999999999997,C1COCCO1,dioxane,3.3935943787199996 milligram,38.51717679522393 micromole,3.2947518239999996 microliter,C4H8O2,96.2929419880598,Cc1ncccc1-c1ccccc1,suzuki_product,0.0 milligram,0.0 micromole,0 microliter,C12H11N,0.0,c1ccccc1,dehalogenation_byproduct,0.0 milligram,0.0 micromole,0 microliter,C6H6,0.0,Cc1ccccn1,deborylation_byproduct,0.0 milligram,0.0 micromole,0 microliter,C6H7N,0.0,BrC1=CC=CC=C1.Cc1ncccc1B(O)O>>Cc1ccccn1.Cc1ncccc1-c1ccccc1.c1ccccc1,pcr_L12,,,,,,,,,,,,,,,12/19/2023 3:03:14 AM,5,011_rln-nb-2443_018_ct-126_276.raw,1,Rxn_Opt_HSST3_2_98_2min,"L,12",2min_100_1500.EXP,"L,12",pcr_L12,pcr_L12,Eunjae Shim,0.0
L13,CC1=C(C(=NN1C(C)C)N)Br,4-BROMO-1-ISOPROPYL-5-METHYL-1H-PYRAZOL-3-AMINE,0.08723920000000002 milligram,0.40000000000000013 micromole,0.08723920000000003 microliter,C7H12BrN3,1.0,COc1cc(B(O)O)cnc1OC,417717322,0.08782655999999998 milligram,0.4800000000000001 micromole,0.08782656 microliter,C7H10BNO4,1.1999999999999997,CC(C)C1=CC(C(C)C)=CC(C(C)C)=C1C2=C([P+](C3CCCCC3)([Pd-2]4(OS(C)(=O)=O)C(C=CC=C5)=C5C6=C([NH+]4C)C=CC=C6)C7CCCCC7)C=CC=C2,XPhos Pd G4,0.08260742400000001 milligram,0.09600000000000003 micromole,0.08260742400000003 microliter,C47H64NO3PPdS,0.24,C1COCCO1,DMF,20.52 milligram,232.90127800603818 micromole,21.6 microliter,C4H8O2,582.2531950150952,[K+].[K+].[K+].[O-]P([O-])([O-])=O,K3PO4,0.7641504000000002 milligram,3.6000000000000014 micromole,0.7641504000000005 microliter,K3O4P,9.0,O,water,3.047886095999999 milligram,169.18601698584507 micromole,3.047886095999999 microliter,H2O,422.96504246461257,CN1C=NC2=C1C(=O)N(C(=O)N2C)C,caffeine,0.09321168000000002 milligram,0.4800000000000001 micromole,0.09321168000000003 microliter,C8H10N4O2,1.1999999999999997,C1COCCO1,dioxane,3.3935943787199996 milligram,38.51717679522393 micromole,3.2947518239999996 microliter,C4H8O2,96.2929419880598,COc1cc(-c2c(N)nn(C(C)C)c2C)cnc1OC,suzuki_product,0.0 milligram,0.0 micromole,0 microliter,C14H20N4O2,0.0,Cc1cc(N)nn1C(C)C,dehalogenation_byproduct,0.0 milligram,0.0 micromole,0 microliter,C7H13N3,0.0,COc1cccnc1OC,deborylation_byproduct,0.0 milligram,0.0 micromole,0 microliter,C7H9NO2,0.0,CC1=C(C(=NN1C(C)C)N)Br.COc1cc(B(O)O)cnc1OC>>COc1cc(-c2c(N)nn(C(C)C)c2C)cnc1OC.COc1cccnc1OC.Cc1cc(N)nn1C(C)C,pcr_L13,,,,,,,,,,,,,,,12/19/2023 3:05:43 AM,5,011_rln-nb-2443_018_ct-126_277.raw,1,Rxn_Opt_HSST3_2_98_2min,"L,13",2min_100_1500.EXP,"L,13",pcr_L13,pcr_L13,Eunjae Shim,58.613894928250396
L14,C1CON=C1C2=CC=C(C=C2)Br,"3-(4-bromophenyl)-4,5-dihydro-1,2-oxazole",0.09042920000000002 milligram,0.40000000000000013 micromole,0.09042920000000003 microliter,C9H8BrNO,1.0,COc1cc(B(O)O)cnc1OC,417717322,0.08782655999999998 milligram,0.4800000000000001 micromole,0.08782656 microliter,C7H10BNO4,1.1999999999999997,CC(C)C1=CC(C(C)C)=CC(C(C)C)=C1C2=C([P+](C3CCCCC3)([Pd-2]4(OS(C)(=O)=O)C(C=CC=C5)=C5C6=C([NH+]4C)C=CC=C6)C7CCCCC7)C=CC=C2,XPhos Pd G4,0.08260742400000001 milligram,0.09600000000000003 micromole,0.08260742400000003 microliter,C47H64NO3PPdS,0.24,C1COCCO1,DMF,20.52 milligram,232.90127800603818 micromole,21.6 microliter,C4H8O2,582.2531950150952,[K+].[K+].[K+].[O-]P([O-])([O-])=O,K3PO4,0.7641504000000002 milligram,3.6000000000000014 micromole,0.7641504000000005 microliter,K3O4P,9.0,O,water,3.047886095999999 milligram,169.18601698584507 micromole,3.047886095999999 microliter,H2O,422.96504246461257,CN1C=NC2=C1C(=O)N(C(=O)N2C)C,caffeine,0.09321168000000002 milligram,0.4800000000000001 micromole,0.09321168000000003 microliter,C8H10N4O2,1.1999999999999997,C1COCCO1,dioxane,3.3935943787199996 milligram,38.51717679522393 micromole,3.2947518239999996 microliter,C4H8O2,96.2929419880598,COc1cc(-c2ccc(C3=NOCC3)cc2)cnc1OC,suzuki_product,0.0 milligram,0.0 micromole,0 microliter,C16H16N2O3,0.0,c1ccc(C2=NOCC2)cc1,dehalogenation_byproduct,0.0 milligram,0.0 micromole,0 microliter,C9H9NO,0.0,COc1cccnc1OC,deborylation_byproduct,0.0 milligram,0.0 micromole,0 microliter,C7H9NO2,0.0,C1CON=C1C2=CC=C(C=C2)Br.COc1cc(B(O)O)cnc1OC>>COc1cc(-c2ccc(C3=NOCC3)cc2)cnc1OC.COc1cccnc1OC.c1ccc(C2=NOCC2)cc1,pcr_L14,,,,,,,,,,,,,,,12/19/2023 3:08:12 AM,5,011_rln-nb-2443_018_ct-126_278.raw,1,Rxn_Opt_HSST3_2_98_2min,"L,14",2min_100_1500.EXP,"L,14",pcr_L14,pcr_L14,Eunjae Shim,95.79725265915451
L15,C1=NC(=C(NC1=O)Cl)Br,5-bromo-6-chloropyrazin-2-ol,0.08377200000000001 milligram,0.40000000000000013 micromole,0.08377200000000003 microliter,C4H2BrClN2O,1.0,COc1cc(B(O)O)cnc1OC,417717322,0.08782655999999998 milligram,0.4800000000000001 micromole,0.08782656 microliter,C7H10BNO4,1.1999999999999997,CC(C)C1=CC(C(C)C)=CC(C(C)C)=C1C2=C([P+](C3CCCCC3)([Pd-2]4(OS(C)(=O)=O)C(C=CC=C5)=C5C6=C([NH+]4C)C=CC=C6)C7CCCCC7)C=CC=C2,XPhos Pd G4,0.08260742400000001 milligram,0.09600000000000003 micromole,0.08260742400000003 microliter,C47H64NO3PPdS,0.24,C1COCCO1,DMF,20.52 milligram,232.90127800603818 micromole,21.6 microliter,C4H8O2,582.2531950150952,[K+].[K+].[K+].[O-]P([O-])([O-])=O,K3PO4,0.7641504000000002 milligram,3.6000000000000014 micromole,0.7641504000000005 microliter,K3O4P,9.0,O,water,3.047886095999999 milligram,169.18601698584507 micromole,3.047886095999999 microliter,H2O,422.96504246461257,CN1C=NC2=C1C(=O)N(C(=O)N2C)C,caffeine,0.09321168000000002 milligram,0.4800000000000001 micromole,0.09321168000000003 microliter,C8H10N4O2,1.1999999999999997,C1COCCO1,dioxane,3.3935943787199996 milligram,38.51717679522393 micromole,3.2947518239999996 microliter,C4H8O2,96.2929419880598,COc1cc(-c2[nH]c(=O)cnc2Br)cnc1OC,suzuki_product,0.0 milligram,0.0 micromole,0 microliter,C11H10BrN3O3,0.0,O=c1cncc(Cl)[nH]1,dehalogenation_byproduct,0.0 milligram,0.0 micromole,0 microliter,C4H3ClN2O,0.0,O=c1cnc(Br)c[nH]1,dehalogenation_byproduct,0.0 milligram,0.0 micromole,0 microliter,C4H3BrN2O,0.0,C1=NC(=C(NC1=O)Cl)Br.COc1cc(B(O)O)cnc1OC>>COc1cc(-c2[nH]c(=O)cnc2Br)cnc1OC.COc1cc(-c2ncc(=O)[nH]c2Cl)cnc1OC.COc1cccnc1OC.O=c1cnc(Br)c[nH]1.O=c1cncc(Cl)[nH]1,pcr_L15,COc1cc(-c2ncc(=O)[nH]c2Cl)cnc1OC,suzuki_product,0.0 milligram,0.0 micromole,0 microliter,C11H10ClN3O3,0.0,COc1cccnc1OC,deborylation_byproduct,0.0 milligram,0.0 micromole,0 microliter,C7H9NO2,0.0,12/19/2023 3:10:42 AM,5,011_rln-nb-2443_018_ct-126_279.raw,1,Rxn_Opt_HSST3_2_98_2min,"L,15",2min_100_1500.EXP,"L,15",pcr_L15,pcr_L15,Eunjae Shim,0.0
L16,Cc1c(Br)cnc2[nH]ccc12,"5-bromo-4-methyl-1H-pyrrolo[2,3-b]pyridine",0.08442480000000005 milligram,0.40000000000000013 micromole,0.08442480000000006 microliter,C8H7BrN2,1.0,COc1cc(B(O)O)cnc1OC,417717322,0.08782655999999998 milligram,0.4800000000000001 micromole,0.08782656 microliter,C7H10BNO4,1.1999999999999997,CC(C)C1=CC(C(C)C)=CC(C(C)C)=C1C2=C([P+](C3CCCCC3)([Pd-2]4(OS(C)(=O)=O)C(C=CC=C5)=C5C6=C([NH+]4C)C=CC=C6)C7CCCCC7)C=CC=C2,XPhos Pd G4,0.08260742400000001 milligram,0.09600000000000003 micromole,0.08260742400000003 microliter,C47H64NO3PPdS,0.24,C1COCCO1,DMF,20.52 milligram,232.90127800603818 micromole,21.6 microliter,C4H8O2,582.2531950150952,[K+].[K+].[K+].[O-]P([O-])([O-])=O,K3PO4,0.7641504000000002 milligram,3.6000000000000014 micromole,0.7641504000000005 microliter,K3O4P,9.0,O,water,3.047886095999999 milligram,169.18601698584507 micromole,3.047886095999999 microliter,H2O,422.96504246461257,CN1C=NC2=C1C(=O)N(C(=O)N2C)C,caffeine,0.09321168000000002 milligram,0.4800000000000001 micromole,0.09321168000000003 microliter,C8H10N4O2,1.1999999999999997,C1COCCO1,dioxane,3.3935943787199996 milligram,38.51717679522393 micromole,3.2947518239999996 microliter,C4H8O2,96.2929419880598,COc1cc(-c2cnc3[nH]ccc3c2C)cnc1OC,suzuki_product,0.0 milligram,0.0 micromole,0 microliter,C15H15N3O2,0.0,Cc1ccnc2[nH]ccc12,dehalogenation_byproduct,0.0 milligram,0.0 micromole,0 microliter,C8H8N2,0.0,COc1cccnc1OC,deborylation_byproduct,0.0 milligram,0.0 micromole,0 microliter,C7H9NO2,0.0,COc1cc(B(O)O)cnc1OC.Cc1c(Br)cnc2[nH]ccc12>>COc1cc(-c2cnc3[nH]ccc3c2C)cnc1OC.COc1cccnc1OC.Cc1ccnc2[nH]ccc12,pcr_L16,,,,,,,,,,,,,,,12/19/2023 3:13:11 AM,5,011_rln-nb-2443_018_ct-126_280.raw,1,Rxn_Opt_HSST3_2_98_2min,"L,16",2min_100_1500.EXP,"L,16",pcr_L16,pcr_L16,Eunjae Shim,9.473626575056029
L17,COc1ccc(-c2nnc(Br)o2)cc1,"2-bromo-5-(4-methoxyphenyl)-1,3,4-oxadiazole",0.10202840000000003 milligram,0.40000000000000013 micromole,0.10202840000000006 microliter,C9H7BrN2O2,1.0,COc1cc(B(O)O)cnc1OC,417717322,0.08782655999999998 milligram,0.4800000000000001 micromole,0.08782656 microliter,C7H10BNO4,1.1999999999999997,CC(C)C1=CC(C(C)C)=CC(C(C)C)=C1C2=C([P+](C3CCCCC3)([Pd-2]4(OS(C)(=O)=O)C(C=CC=C5)=C5C6=C([NH+]4C)C=CC=C6)C7CCCCC7)C=CC=C2,XPhos Pd G4,0.08260742400000001 milligram,0.09600000000000003 micromole,0.08260742400000003 microliter,C47H64NO3PPdS,0.24,C1COCCO1,DMF,20.52 milligram,232.90127800603818 micromole,21.6 microliter,C4H8O2,582.2531950150952,[K+].[K+].[K+].[O-]P([O-])([O-])=O,K3PO4,0.7641504000000002 milligram,3.6000000000000014 micromole,0.7641504000000005 microliter,K3O4P,9.0,O,water,3.047886095999999 milligram,169.18601698584507 micromole,3.047886095999999 microliter,H2O,422.96504246461257,CN1C=NC2=C1C(=O)N(C(=O)N2C)C,caffeine,0.09321168000000002 milligram,0.4800000000000001 micromole,0.09321168000000003 microliter,C8H10N4O2,1.1999999999999997,C1COCCO1,dioxane,3.3935943787199996 milligram,38.51717679522393 micromole,3.2947518239999996 microliter,C4H8O2,96.2929419880598,COc1ccc(-c2nnc(-c3cnc(OC)c(OC)c3)o2)cc1,suzuki_product,0.0 milligram,0.0 micromole,0 microliter,C16H15N3O4,0.0,COc1ccc(-c2nnco2)cc1,dehalogenation_byproduct,0.0 milligram,0.0 micromole,0 microliter,C9H8N2O2,0.0,COc1cccnc1OC,deborylation_byproduct,0.0 milligram,0.0 micromole,0 microliter,C7H9NO2,0.0,COc1cc(B(O)O)cnc1OC.COc1ccc(-c2nnc(Br)o2)cc1>>COc1ccc(-c2nnc(-c3cnc(OC)c(OC)c3)o2)cc1.COc1ccc(-c2nnco2)cc1.COc1cccnc1OC,pcr_L17,,,,,,,,,,,,,,,12/19/2023 3:15:40 AM,5,011_rln-nb-2443_018_ct-126_281.raw,1,Rxn_Opt_HSST3_2_98_2min,"L,17",2min_100_1500.EXP,"L,17",pcr_L17,pcr_L17,Eunjae Shim,8.845122108560362
L18,BrC1=CC=CC=C1,phenylbromide,0.06280400000000001 milligram,0.40000000000000013 micromole,0.06280400000000003 microliter,C6H5Br,1.0,COc1cc(B(O)O)cnc1OC,417717322,0.08782655999999998 milligram,0.4800000000000001 micromole,0.08782656 microliter,C7H10BNO4,1.1999999999999997,CC(C)C1=CC(C(C)C)=CC(C(C)C)=C1C2=C([P+](C3CCCCC3)([Pd-2]4(OS(C)(=O)=O)C(C=CC=C5)=C5C6=C([NH+]4C)C=CC=C6)C7CCCCC7)C=CC=C2,XPhos Pd G4,0.08260742400000001 milligram,0.09600000000000003 micromole,0.08260742400000003 microliter,C47H64NO3PPdS,0.24,C1COCCO1,DMF,20.52 milligram,232.90127800603818 micromole,21.6 microliter,C4H8O2,582.2531950150952,[K+].[K+].[K+].[O-]P([O-])([O-])=O,K3PO4,0.7641504000000002 milligram,3.6000000000000014 micromole,0.7641504000000005 microliter,K3O4P,9.0,O,water,3.047886095999999 milligram,169.18601698584507 micromole,3.047886095999999 microliter,H2O,422.96504246461257,CN1C=NC2=C1C(=O)N(C(=O)N2C)C,caffeine,0.09321168000000002 milligram,0.4800000000000001 micromole,0.09321168000000003 microliter,C8H10N4O2,1.1999999999999997,C1COCCO1,dioxane,3.3935943787199996 milligram,38.51717679522393 micromole,3.2947518239999996 microliter,C4H8O2,96.2929419880598,COc1cc(-c2ccccc2)cnc1OC,suzuki_product,0.0 milligram,0.0 micromole,0 microliter,C13H13NO2,0.0,c1ccccc1,dehalogenation_byproduct,0.0 milligram,0.0 micromole,0 microliter,C6H6,0.0,COc1cccnc1OC,deborylation_byproduct,0.0 milligram,0.0 micromole,0 microliter,C7H9NO2,0.0,BrC1=CC=CC=C1.COc1cc(B(O)O)cnc1OC>>COc1cc(-c2ccccc2)cnc1OC.COc1cccnc1OC.c1ccccc1,pcr_L18,,,,,,,,,,,,,,,12/19/2023 3:18:09 AM,5,011_rln-nb-2443_018_ct-126_282.raw,1,Rxn_Opt_HSST3_2_98_2min,"L,18",2min_100_1500.EXP,"L,18",pcr_L18,pcr_L18,Eunjae Shim,0.0
L19,CC1=C(C(=NN1C(C)C)N)Br,4-BROMO-1-ISOPROPYL-5-METHYL-1H-PYRAZOL-3-AMINE,0.08723920000000002 milligram,0.40000000000000013 micromole,0.08723920000000003 microliter,C7H12BrN3,1.0,Cc1ncccc1B(O)O,417387330,0.06573456 milligram,0.4800000000000001 micromole,0.06573456000000001 microliter,C6H8BNO2,1.1999999999999997,CC(C)C1=CC(C(C)C)=CC(C(C)C)=C1C2=C([P+](C3CCCCC3)([Pd-2]4(OS(C)(=O)=O)C(C=CC=C5)=C5C6=C([NH+]4C)C=CC=C6)C7CCCCC7)C=CC=C2,XPhos Pd G4,0.08260742400000001 milligram,0.09600000000000003 micromole,0.08260742400000003 microliter,C47H64NO3PPdS,0.24,C1COCCO1,DMF,20.52 milligram,232.90127800603818 micromole,21.6 microliter,C4H8O2,582.2531950150952,[K+].[K+].[K+].[O-]P([O-])([O-])=O,K3PO4,0.7641504000000002 milligram,3.6000000000000014 micromole,0.7641504000000005 microliter,K3O4P,9.0,O,water,3.047886095999999 milligram,169.18601698584507 micromole,3.047886095999999 microliter,H2O,422.96504246461257,CN1C=NC2=C1C(=O)N(C(=O)N2C)C,caffeine,0.09321168000000002 milligram,0.4800000000000001 micromole,0.09321168000000003 microliter,C8H10N4O2,1.1999999999999997,C1COCCO1,dioxane,3.3935943787199996 milligram,38.51717679522393 micromole,3.2947518239999996 microliter,C4H8O2,96.2929419880598,Cc1ncccc1-c1c(N)nn(C(C)C)c1C,suzuki_product,0.0 milligram,0.0 micromole,0 microliter,C13H18N4,0.0,Cc1cc(N)nn1C(C)C,dehalogenation_byproduct,0.0 milligram,0.0 micromole,0 microliter,C7H13N3,0.0,Cc1ccccn1,deborylation_byproduct,0.0 milligram,0.0 micromole,0 microliter,C6H7N,0.0,CC1=C(C(=NN1C(C)C)N)Br.Cc1ncccc1B(O)O>>Cc1cc(N)nn1C(C)C.Cc1ccccn1.Cc1ncccc1-c1c(N)nn(C(C)C)c1C,pcr_L19,,,,,,,,,,,,,,,12/19/2023 3:20:38 AM,5,011_rln-nb-2443_018_ct-126_283.raw,1,Rxn_Opt_HSST3_2_98_2min,"L,19",2min_100_1500.EXP,"L,19",pcr_L19,pcr_L19,Eunjae Shim,0.0
L20,C1CON=C1C2=CC=C(C=C2)Br,"3-(4-bromophenyl)-4,5-dihydro-1,2-oxazole",0.09042920000000002 milligram,0.40000000000000013 micromole,0.09042920000000003 microliter,C9H8BrNO,1.0,Cc1ncccc1B(O)O,417387330,0.06573456 milligram,0.4800000000000001 micromole,0.06573456000000001 microliter,C6H8BNO2,1.1999999999999997,CC(C)C1=CC(C(C)C)=CC(C(C)C)=C1C2=C([P+](C3CCCCC3)([Pd-2]4(OS(C)(=O)=O)C(C=CC=C5)=C5C6=C([NH+]4C)C=CC=C6)C7CCCCC7)C=CC=C2,XPhos Pd G4,0.08260742400000001 milligram,0.09600000000000003 micromole,0.08260742400000003 microliter,C47H64NO3PPdS,0.24,C1COCCO1,DMF,20.52 milligram,232.90127800603818 micromole,21.6 microliter,C4H8O2,582.2531950150952,[K+].[K+].[K+].[O-]P([O-])([O-])=O,K3PO4,0.7641504000000002 milligram,3.6000000000000014 micromole,0.7641504000000005 microliter,K3O4P,9.0,O,water,3.047886095999999 milligram,169.18601698584507 micromole,3.047886095999999 microliter,H2O,422.96504246461257,CN1C=NC2=C1C(=O)N(C(=O)N2C)C,caffeine,0.09321168000000002 milligram,0.4800000000000001 micromole,0.09321168000000003 microliter,C8H10N4O2,1.1999999999999997,C1COCCO1,dioxane,3.3935943787199996 milligram,38.51717679522393 micromole,3.2947518239999996 microliter,C4H8O2,96.2929419880598,Cc1ncccc1-c1ccc(C2=NOCC2)cc1,suzuki_product,0.0 milligram,0.0 micromole,0 microliter,C15H14N2O,0.0,c1ccc(C2=NOCC2)cc1,dehalogenation_byproduct,0.0 milligram,0.0 micromole,0 microliter,C9H9NO,0.0,Cc1ccccn1,deborylation_byproduct,0.0 milligram,0.0 micromole,0 microliter,C6H7N,0.0,C1CON=C1C2=CC=C(C=C2)Br.Cc1ncccc1B(O)O>>Cc1ccccn1.Cc1ncccc1-c1ccc(C2=NOCC2)cc1.c1ccc(C2=NOCC2)cc1,pcr_L20,,,,,,,,,,,,,,,12/19/2023 3:23:07 AM,5,011_rln-nb-2443_018_ct-126_284.raw,1,Rxn_Opt_HSST3_2_98_2min,"L,20",2min_100_1500.EXP,"L,20",pcr_L20,pcr_L20,Eunjae Shim,45.30740389629481
L21,C1=NC(=C(NC1=O)Cl)Br,5-bromo-6-chloropyrazin-2-ol,0.08377200000000001 milligram,0.40000000000000013 micromole,0.08377200000000003 microliter,C4H2BrClN2O,1.0,Cc1ncccc1B(O)O,417387330,0.06573456 milligram,0.4800000000000001 micromole,0.06573456000000001 microliter,C6H8BNO2,1.1999999999999997,CC(C)C1=CC(C(C)C)=CC(C(C)C)=C1C2=C([P+](C3CCCCC3)([Pd-2]4(OS(C)(=O)=O)C(C=CC=C5)=C5C6=C([NH+]4C)C=CC=C6)C7CCCCC7)C=CC=C2,XPhos Pd G4,0.08260742400000001 milligram,0.09600000000000003 micromole,0.08260742400000003 microliter,C47H64NO3PPdS,0.24,C1COCCO1,DMF,20.52 milligram,232.90127800603818 micromole,21.6 microliter,C4H8O2,582.2531950150952,[K+].[K+].[K+].[O-]P([O-])([O-])=O,K3PO4,0.7641504000000002 milligram,3.6000000000000014 micromole,0.7641504000000005 microliter,K3O4P,9.0,O,water,3.047886095999999 milligram,169.18601698584507 micromole,3.047886095999999 microliter,H2O,422.96504246461257,CN1C=NC2=C1C(=O)N(C(=O)N2C)C,caffeine,0.09321168000000002 milligram,0.4800000000000001 micromole,0.09321168000000003 microliter,C8H10N4O2,1.1999999999999997,C1COCCO1,dioxane,3.3935943787199996 milligram,38.51717679522393 micromole,3.2947518239999996 microliter,C4H8O2,96.2929419880598,Cc1ncccc1-c1[nH]c(=O)cnc1Br,suzuki_product,0.0 milligram,0.0 micromole,0 microliter,C10H8BrN3O,0.0,O=c1cncc(Cl)[nH]1,dehalogenation_byproduct,0.0 milligram,0.0 micromole,0 microliter,C4H3ClN2O,0.0,O=c1cnc(Br)c[nH]1,dehalogenation_byproduct,0.0 milligram,0.0 micromole,0 microliter,C4H3BrN2O,0.0,C1=NC(=C(NC1=O)Cl)Br.Cc1ncccc1B(O)O>>Cc1ccccn1.Cc1ncccc1-c1[nH]c(=O)cnc1Br.Cc1ncccc1-c1ncc(=O)[nH]c1Cl.O=c1cnc(Br)c[nH]1.O=c1cncc(Cl)[nH]1,pcr_L21,Cc1ncccc1-c1ncc(=O)[nH]c1Cl,suzuki_product,0.0 milligram,0.0 micromole,0 microliter,C10H8ClN3O,0.0,Cc1ccccn1,deborylation_byproduct,0.0 milligram,0.0 micromole,0 microliter,C6H7N,0.0,12/19/2023 3:25:36 AM,5,011_rln-nb-2443_018_ct-126_285.raw,1,Rxn_Opt_HSST3_2_98_2min,"L,21",2min_100_1500.EXP,"L,21",pcr_L21,pcr_L21,Eunjae Shim,0.0
L22,Cc1c(Br)cnc2[nH]ccc12,"5-bromo-4-methyl-1H-pyrrolo[2,3-b]pyridine",0.08442480000000005 milligram,0.40000000000000013 micromole,0.08442480000000006 microliter,C8H7BrN2,1.0,Cc1ncccc1B(O)O,417387330,0.06573456 milligram,0.4800000000000001 micromole,0.06573456000000001 microliter,C6H8BNO2,1.1999999999999997,CC(C)C1=CC(C(C)C)=CC(C(C)C)=C1C2=C([P+](C3CCCCC3)([Pd-2]4(OS(C)(=O)=O)C(C=CC=C5)=C5C6=C([NH+]4C)C=CC=C6)C7CCCCC7)C=CC=C2,XPhos Pd G4,0.08260742400000001 milligram,0.09600000000000003 micromole,0.08260742400000003 microliter,C47H64NO3PPdS,0.24,C1COCCO1,DMF,20.52 milligram,232.90127800603818 micromole,21.6 microliter,C4H8O2,582.2531950150952,[K+].[K+].[K+].[O-]P([O-])([O-])=O,K3PO4,0.7641504000000002 milligram,3.6000000000000014 micromole,0.7641504000000005 microliter,K3O4P,9.0,O,water,3.047886095999999 milligram,169.18601698584507 micromole,3.047886095999999 microliter,H2O,422.96504246461257,CN1C=NC2=C1C(=O)N(C(=O)N2C)C,caffeine,0.09321168000000002 milligram,0.4800000000000001 micromole,0.09321168000000003 microliter,C8H10N4O2,1.1999999999999997,C1COCCO1,dioxane,3.3935943787199996 milligram,38.51717679522393 micromole,3.2947518239999996 microliter,C4H8O2,96.2929419880598,Cc1ncccc1-c1cnc2[nH]ccc2c1C,suzuki_product,0.0 milligram,0.0 micromole,0 microliter,C14H13N3,0.0,Cc1ccnc2[nH]ccc12,dehalogenation_byproduct,0.0 milligram,0.0 micromole,0 microliter,C8H8N2,0.0,Cc1ccccn1,deborylation_byproduct,0.0 milligram,0.0 micromole,0 microliter,C6H7N,0.0,Cc1c(Br)cnc2[nH]ccc12.Cc1ncccc1B(O)O>>Cc1ccccn1.Cc1ccnc2[nH]ccc12.Cc1ncccc1-c1cnc2[nH]ccc2c1C,pcr_L22,,,,,,,,,,,,,,,12/19/2023 3:28:05 AM,5,011_rln-nb-2443_018_ct-126_286.raw,1,Rxn_Opt_HSST3_2_98_2min,"L,22",2min_100_1500.EXP,"L,22",pcr_L22,pcr_L22,Eunjae Shim,6.843340228786375
L23,COc1ccc(-c2nnc(Br)o2)cc1,"2-bromo-5-(4-methoxyphenyl)-1,3,4-oxadiazole",0.10202840000000003 milligram,0.40000000000000013 micromole,0.10202840000000006 microliter,C9H7BrN2O2,1.0,Cc1ncccc1B(O)O,417387330,0.06573456 milligram,0.4800000000000001 micromole,0.06573456000000001 microliter,C6H8BNO2,1.1999999999999997,CC(C)C1=CC(C(C)C)=CC(C(C)C)=C1C2=C([P+](C3CCCCC3)([Pd-2]4(OS(C)(=O)=O)C(C=CC=C5)=C5C6=C([NH+]4C)C=CC=C6)C7CCCCC7)C=CC=C2,XPhos Pd G4,0.08260742400000001 milligram,0.09600000000000003 micromole,0.08260742400000003 microliter,C47H64NO3PPdS,0.24,C1COCCO1,DMF,20.52 milligram,232.90127800603818 micromole,21.6 microliter,C4H8O2,582.2531950150952,[K+].[K+].[K+].[O-]P([O-])([O-])=O,K3PO4,0.7641504000000002 milligram,3.6000000000000014 micromole,0.7641504000000005 microliter,K3O4P,9.0,O,water,3.047886095999999 milligram,169.18601698584507 micromole,3.047886095999999 microliter,H2O,422.96504246461257,CN1C=NC2=C1C(=O)N(C(=O)N2C)C,caffeine,0.09321168000000002 milligram,0.4800000000000001 micromole,0.09321168000000003 microliter,C8H10N4O2,1.1999999999999997,C1COCCO1,dioxane,3.3935943787199996 milligram,38.51717679522393 micromole,3.2947518239999996 microliter,C4H8O2,96.2929419880598,COc1ccc(-c2nnc(-c3cccnc3C)o2)cc1,suzuki_product,0.0 milligram,0.0 micromole,0 microliter,C15H13N3O2,0.0,COc1ccc(-c2nnco2)cc1,dehalogenation_byproduct,0.0 milligram,0.0 micromole,0 microliter,C9H8N2O2,0.0,Cc1ccccn1,deborylation_byproduct,0.0 milligram,0.0 micromole,0 microliter,C6H7N,0.0,COc1ccc(-c2nnc(Br)o2)cc1.Cc1ncccc1B(O)O>>COc1ccc(-c2nnc(-c3cccnc3C)o2)cc1.COc1ccc(-c2nnco2)cc1.Cc1ccccn1,pcr_L23,,,,,,,,,,,,,,,12/19/2023 3:30:35 AM,5,011_rln-nb-2443_018_ct-126_287.raw,1,Rxn_Opt_HSST3_2_98_2min,"L,23",2min_100_1500.EXP,"L,23",pcr_L23,pcr_L23,Eunjae Shim,0.0
L24,BrC1=CC=CC=C1,phenylbromide,0.06280400000000001 milligram,0.40000000000000013 micromole,0.06280400000000003 microliter,C6H5Br,1.0,Cc1ncccc1B(O)O,417387330,0.06573456 milligram,0.4800000000000001 micromole,0.06573456000000001 microliter,C6H8BNO2,1.1999999999999997,CC(C)C1=CC(C(C)C)=CC(C(C)C)=C1C2=C([P+](C3CCCCC3)([Pd-2]4(OS(C)(=O)=O)C(C=CC=C5)=C5C6=C([NH+]4C)C=CC=C6)C7CCCCC7)C=CC=C2,XPhos Pd G4,0.08260742400000001 milligram,0.09600000000000003 micromole,0.08260742400000003 microliter,C47H64NO3PPdS,0.24,C1COCCO1,DMF,20.52 milligram,232.90127800603818 micromole,21.6 microliter,C4H8O2,582.2531950150952,[K+].[K+].[K+].[O-]P([O-])([O-])=O,K3PO4,0.7641504000000002 milligram,3.6000000000000014 micromole,0.7641504000000005 microliter,K3O4P,9.0,O,water,3.047886095999999 milligram,169.18601698584507 micromole,3.047886095999999 microliter,H2O,422.96504246461257,CN1C=NC2=C1C(=O)N(C(=O)N2C)C,caffeine,0.09321168000000002 milligram,0.4800000000000001 micromole,0.09321168000000003 microliter,C8H10N4O2,1.1999999999999997,C1COCCO1,dioxane,3.3935943787199996 milligram,38.51717679522393 micromole,3.2947518239999996 microliter,C4H8O2,96.2929419880598,Cc1ncccc1-c1ccccc1,suzuki_product,0.0 milligram,0.0 micromole,0 microliter,C12H11N,0.0,c1ccccc1,dehalogenation_byproduct,0.0 milligram,0.0 micromole,0 microliter,C6H6,0.0,Cc1ccccn1,deborylation_byproduct,0.0 milligram,0.0 micromole,0 microliter,C6H7N,0.0,BrC1=CC=CC=C1.Cc1ncccc1B(O)O>>Cc1ccccn1.Cc1ncccc1-c1ccccc1.c1ccccc1,pcr_L24,,,,,,,,,,,,,,,12/19/2023 3:33:04 AM,5,011_rln-nb-2443_018_ct-126_288.raw,1,Rxn_Opt_HSST3_2_98_2min,"L,24",2min_100_1500.EXP,"L,24",pcr_L24,pcr_L24,Eunjae Shim,0.0
M1,CC1=C(C(=NN1C(C)C)N)Br,4-BROMO-1-ISOPROPYL-5-METHYL-1H-PYRAZOL-3-AMINE,0.08723920000000002 milligram,0.40000000000000013 micromole,0.08723920000000003 microliter,C7H12BrN3,1.0,CC1(C)OB(c2ccc(CN3CCOCC3)c(F)c2)OC1(C)C,1078055681,0.15417648000000003 milligram,0.4800000000000001 micromole,0.15417648000000006 microliter,C17H25BFNO3,1.1999999999999997,CC(C)C1=CC(C(C)C)=CC(C(C)C)=C1C2=C([P+](C3CCCCC3)([Pd-2]4(OS(C)(=O)=O)C(C=CC=C5)=C5C6=C([NH+]4C)C=CC=C6)C7CCCCC7)C=CC=C2,XPhos Pd G4,0.08260742400000001 milligram,0.09600000000000003 micromole,0.08260742400000003 microliter,C47H64NO3PPdS,0.24,C1COCCO1,DMF,20.52 milligram,232.90127800603818 micromole,21.6 microliter,C4H8O2,582.2531950150952,[K+].[K+].[K+].[O-]P([O-])([O-])=O,K3PO4,0.7641504000000002 milligram,3.6000000000000014 micromole,0.7641504000000005 microliter,K3O4P,9.0,O,water,3.047886095999999 milligram,169.18601698584507 micromole,3.047886095999999 microliter,H2O,422.96504246461257,CN1C=NC2=C1C(=O)N(C(=O)N2C)C,caffeine,0.09321168000000002 milligram,0.4800000000000001 micromole,0.09321168000000003 microliter,C8H10N4O2,1.1999999999999997,C1COCCO1,dioxane,3.3935943787199996 milligram,38.51717679522393 micromole,3.2947518239999996 microliter,C4H8O2,96.2929419880598,Cc1c(-c2ccc(CN3CCOCC3)c(F)c2)c(N)nn1C(C)C,suzuki_product,0.0 milligram,0.0 micromole,0 microliter,C18H25FN4O,0.0,Cc1cc(N)nn1C(C)C,dehalogenation_byproduct,0.0 milligram,0.0 micromole,0 microliter,C7H13N3,0.0,Fc1ccccc1CN1CCOCC1,deborylation_byproduct,0.0 milligram,0.0 micromole,0 microliter,C11H14FNO,0.0,CC1(C)OB(c2ccc(CN3CCOCC3)c(F)c2)OC1(C)C.CC1=C(C(=NN1C(C)C)N)Br>>Cc1c(-c2ccc(CN3CCOCC3)c(F)c2)c(N)nn1C(C)C.Cc1cc(N)nn1C(C)C.Fc1ccccc1CN1CCOCC1,pcr_M1,,,,,,,,,,,,,,,12/19/2023 3:35:32 AM,5,011_rln-nb-2443_018_ct-126_289.raw,1,Rxn_Opt_HSST3_2_98_2min,"M,1",2min_100_1500.EXP,"M,1",pcr_M1,pcr_M1,Eunjae Shim,29.016776873169732
M2,C1CON=C1C2=CC=C(C=C2)Br,"3-(4-bromophenyl)-4,5-dihydro-1,2-oxazole",0.09042920000000002 milligram,0.40000000000000013 micromole,0.09042920000000003 microliter,C9H8BrNO,1.0,CC1(C)OB(c2ccc(CN3CCOCC3)c(F)c2)OC1(C)C,1078055681,0.15417648000000003 milligram,0.4800000000000001 micromole,0.15417648000000006 microliter,C17H25BFNO3,1.1999999999999997,CC(C)C1=CC(C(C)C)=CC(C(C)C)=C1C2=C([P+](C3CCCCC3)([Pd-2]4(OS(C)(=O)=O)C(C=CC=C5)=C5C6=C([NH+]4C)C=CC=C6)C7CCCCC7)C=CC=C2,XPhos Pd G4,0.08260742400000001 milligram,0.09600000000000003 micromole,0.08260742400000003 microliter,C47H64NO3PPdS,0.24,C1COCCO1,DMF,20.52 milligram,232.90127800603818 micromole,21.6 microliter,C4H8O2,582.2531950150952,[K+].[K+].[K+].[O-]P([O-])([O-])=O,K3PO4,0.7641504000000002 milligram,3.6000000000000014 micromole,0.7641504000000005 microliter,K3O4P,9.0,O,water,3.047886095999999 milligram,169.18601698584507 micromole,3.047886095999999 microliter,H2O,422.96504246461257,CN1C=NC2=C1C(=O)N(C(=O)N2C)C,caffeine,0.09321168000000002 milligram,0.4800000000000001 micromole,0.09321168000000003 microliter,C8H10N4O2,1.1999999999999997,C1COCCO1,dioxane,3.3935943787199996 milligram,38.51717679522393 micromole,3.2947518239999996 microliter,C4H8O2,96.2929419880598,Fc1cc(-c2ccc(C3=NOCC3)cc2)ccc1CN1CCOCC1,suzuki_product,0.0 milligram,0.0 micromole,0 microliter,C20H21FN2O2,0.0,c1ccc(C2=NOCC2)cc1,dehalogenation_byproduct,0.0 milligram,0.0 micromole,0 microliter,C9H9NO,0.0,Fc1ccccc1CN1CCOCC1,deborylation_byproduct,0.0 milligram,0.0 micromole,0 microliter,C11H14FNO,0.0,C1CON=C1C2=CC=C(C=C2)Br.CC1(C)OB(c2ccc(CN3CCOCC3)c(F)c2)OC1(C)C>>Fc1cc(-c2ccc(C3=NOCC3)cc2)ccc1CN1CCOCC1.Fc1ccccc1CN1CCOCC1.c1ccc(C2=NOCC2)cc1,pcr_M2,,,,,,,,,,,,,,,12/19/2023 3:38:01 AM,5,011_rln-nb-2443_018_ct-126_290.raw,1,Rxn_Opt_HSST3_2_98_2min,"M,2",2min_100_1500.EXP,"M,2",pcr_M2,pcr_M2,Eunjae Shim,93.74972963323104
M3,C1=NC(=C(NC1=O)Cl)Br,5-bromo-6-chloropyrazin-2-ol,0.08377200000000001 milligram,0.40000000000000013 micromole,0.08377200000000003 microliter,C4H2BrClN2O,1.0,CC1(C)OB(c2ccc(CN3CCOCC3)c(F)c2)OC1(C)C,1078055681,0.15417648000000003 milligram,0.4800000000000001 micromole,0.15417648000000006 microliter,C17H25BFNO3,1.1999999999999997,CC(C)C1=CC(C(C)C)=CC(C(C)C)=C1C2=C([P+](C3CCCCC3)([Pd-2]4(OS(C)(=O)=O)C(C=CC=C5)=C5C6=C([NH+]4C)C=CC=C6)C7CCCCC7)C=CC=C2,XPhos Pd G4,0.08260742400000001 milligram,0.09600000000000003 micromole,0.08260742400000003 microliter,C47H64NO3PPdS,0.24,C1COCCO1,DMF,20.52 milligram,232.90127800603818 micromole,21.6 microliter,C4H8O2,582.2531950150952,[K+].[K+].[K+].[O-]P([O-])([O-])=O,K3PO4,0.7641504000000002 milligram,3.6000000000000014 micromole,0.7641504000000005 microliter,K3O4P,9.0,O,water,3.047886095999999 milligram,169.18601698584507 micromole,3.047886095999999 microliter,H2O,422.96504246461257,CN1C=NC2=C1C(=O)N(C(=O)N2C)C,caffeine,0.09321168000000002 milligram,0.4800000000000001 micromole,0.09321168000000003 microliter,C8H10N4O2,1.1999999999999997,C1COCCO1,dioxane,3.3935943787199996 milligram,38.51717679522393 micromole,3.2947518239999996 microliter,C4H8O2,96.2929419880598,O=c1cnc(Br)c(-c2ccc(CN3CCOCC3)c(F)c2)[nH]1,suzuki_product,0.0 milligram,0.0 micromole,0 microliter,C15H15BrFN3O2,0.0,O=c1cncc(Cl)[nH]1,dehalogenation_byproduct,0.0 milligram,0.0 micromole,0 microliter,C4H3ClN2O,0.0,O=c1cnc(Br)c[nH]1,dehalogenation_byproduct,0.0 milligram,0.0 micromole,0 microliter,C4H3BrN2O,0.0,C1=NC(=C(NC1=O)Cl)Br.CC1(C)OB(c2ccc(CN3CCOCC3)c(F)c2)OC1(C)C>>Fc1ccccc1CN1CCOCC1.O=c1cnc(-c2ccc(CN3CCOCC3)c(F)c2)c(Cl)[nH]1.O=c1cnc(Br)c(-c2ccc(CN3CCOCC3)c(F)c2)[nH]1.O=c1cnc(Br)c[nH]1.O=c1cncc(Cl)[nH]1,pcr_M3,O=c1cnc(-c2ccc(CN3CCOCC3)c(F)c2)c(Cl)[nH]1,suzuki_product,0.0 milligram,0.0 micromole,0 microliter,C15H15ClFN3O2,0.0,Fc1ccccc1CN1CCOCC1,deborylation_byproduct,0.0 milligram,0.0 micromole,0 microliter,C11H14FNO,0.0,12/19/2023 3:40:30 AM,5,011_rln-nb-2443_018_ct-126_291.raw,1,Rxn_Opt_HSST3_2_98_2min,"M,3",2min_100_1500.EXP,"M,3",pcr_M3,pcr_M3,Eunjae Shim,11.990950086272539
M4,Cc1c(Br)cnc2[nH]ccc12,"5-bromo-4-methyl-1H-pyrrolo[2,3-b]pyridine",0.08442480000000005 milligram,0.40000000000000013 micromole,0.08442480000000006 microliter,C8H7BrN2,1.0,CC1(C)OB(c2ccc(CN3CCOCC3)c(F)c2)OC1(C)C,1078055681,0.15417648000000003 milligram,0.4800000000000001 micromole,0.15417648000000006 microliter,C17H25BFNO3,1.1999999999999997,CC(C)C1=CC(C(C)C)=CC(C(C)C)=C1C2=C([P+](C3CCCCC3)([Pd-2]4(OS(C)(=O)=O)C(C=CC=C5)=C5C6=C([NH+]4C)C=CC=C6)C7CCCCC7)C=CC=C2,XPhos Pd G4,0.08260742400000001 milligram,0.09600000000000003 micromole,0.08260742400000003 microliter,C47H64NO3PPdS,0.24,C1COCCO1,DMF,20.52 milligram,232.90127800603818 micromole,21.6 microliter,C4H8O2,582.2531950150952,[K+].[K+].[K+].[O-]P([O-])([O-])=O,K3PO4,0.7641504000000002 milligram,3.6000000000000014 micromole,0.7641504000000005 microliter,K3O4P,9.0,O,water,3.047886095999999 milligram,169.18601698584507 micromole,3.047886095999999 microliter,H2O,422.96504246461257,CN1C=NC2=C1C(=O)N(C(=O)N2C)C,caffeine,0.09321168000000002 milligram,0.4800000000000001 micromole,0.09321168000000003 microliter,C8H10N4O2,1.1999999999999997,C1COCCO1,dioxane,3.3935943787199996 milligram,38.51717679522393 micromole,3.2947518239999996 microliter,C4H8O2,96.2929419880598,Cc1c(-c2ccc(CN3CCOCC3)c(F)c2)cnc2[nH]ccc12,suzuki_product,0.0 milligram,0.0 micromole,0 microliter,C19H20FN3O,0.0,Cc1ccnc2[nH]ccc12,dehalogenation_byproduct,0.0 milligram,0.0 micromole,0 microliter,C8H8N2,0.0,Fc1ccccc1CN1CCOCC1,deborylation_byproduct,0.0 milligram,0.0 micromole,0 microliter,C11H14FNO,0.0,CC1(C)OB(c2ccc(CN3CCOCC3)c(F)c2)OC1(C)C.Cc1c(Br)cnc2[nH]ccc12>>Cc1c(-c2ccc(CN3CCOCC3)c(F)c2)cnc2[nH]ccc12.Cc1ccnc2[nH]ccc12.Fc1ccccc1CN1CCOCC1,pcr_M4,,,,,,,,,,,,,,,12/19/2023 3:43:00 AM,5,011_rln-nb-2443_018_ct-126_292.raw,1,Rxn_Opt_HSST3_2_98_2min,"M,4",2min_100_1500.EXP,"M,4",pcr_M4,pcr_M4,Eunjae Shim,38.45685311482476
M5,COc1ccc(-c2nnc(Br)o2)cc1,"2-bromo-5-(4-methoxyphenyl)-1,3,4-oxadiazole",0.10202840000000003 milligram,0.40000000000000013 micromole,0.10202840000000006 microliter,C9H7BrN2O2,1.0,CC1(C)OB(c2ccc(CN3CCOCC3)c(F)c2)OC1(C)C,1078055681,0.15417648000000003 milligram,0.4800000000000001 micromole,0.15417648000000006 microliter,C17H25BFNO3,1.1999999999999997,CC(C)C1=CC(C(C)C)=CC(C(C)C)=C1C2=C([P+](C3CCCCC3)([Pd-2]4(OS(C)(=O)=O)C(C=CC=C5)=C5C6=C([NH+]4C)C=CC=C6)C7CCCCC7)C=CC=C2,XPhos Pd G4,0.08260742400000001 milligram,0.09600000000000003 micromole,0.08260742400000003 microliter,C47H64NO3PPdS,0.24,C1COCCO1,DMF,20.52 milligram,232.90127800603818 micromole,21.6 microliter,C4H8O2,582.2531950150952,[K+].[K+].[K+].[O-]P([O-])([O-])=O,K3PO4,0.7641504000000002 milligram,3.6000000000000014 micromole,0.7641504000000005 microliter,K3O4P,9.0,O,water,3.047886095999999 milligram,169.18601698584507 micromole,3.047886095999999 microliter,H2O,422.96504246461257,CN1C=NC2=C1C(=O)N(C(=O)N2C)C,caffeine,0.09321168000000002 milligram,0.4800000000000001 micromole,0.09321168000000003 microliter,C8H10N4O2,1.1999999999999997,C1COCCO1,dioxane,3.3935943787199996 milligram,38.51717679522393 micromole,3.2947518239999996 microliter,C4H8O2,96.2929419880598,COc1ccc(-c2nnc(-c3ccc(CN4CCOCC4)c(F)c3)o2)cc1,suzuki_product,0.0 milligram,0.0 micromole,0 microliter,C20H20FN3O3,0.0,COc1ccc(-c2nnco2)cc1,dehalogenation_byproduct,0.0 milligram,0.0 micromole,0 microliter,C9H8N2O2,0.0,Fc1ccccc1CN1CCOCC1,deborylation_byproduct,0.0 milligram,0.0 micromole,0 microliter,C11H14FNO,0.0,CC1(C)OB(c2ccc(CN3CCOCC3)c(F)c2)OC1(C)C.COc1ccc(-c2nnc(Br)o2)cc1>>COc1ccc(-c2nnc(-c3ccc(CN4CCOCC4)c(F)c3)o2)cc1.COc1ccc(-c2nnco2)cc1.Fc1ccccc1CN1CCOCC1,pcr_M5,,,,,,,,,,,,,,,12/19/2023 3:45:28 AM,5,011_rln-nb-2443_018_ct-126_293.raw,1,Rxn_Opt_HSST3_2_98_2min,"M,5",2min_100_1500.EXP,"M,5",pcr_M5,pcr_M5,Eunjae Shim,8.794437582113598
M6,BrC1=CC=CC=C1,phenylbromide,0.06280400000000001 milligram,0.40000000000000013 micromole,0.06280400000000003 microliter,C6H5Br,1.0,CC1(C)OB(c2ccc(CN3CCOCC3)c(F)c2)OC1(C)C,1078055681,0.15417648000000003 milligram,0.4800000000000001 micromole,0.15417648000000006 microliter,C17H25BFNO3,1.1999999999999997,CC(C)C1=CC(C(C)C)=CC(C(C)C)=C1C2=C([P+](C3CCCCC3)([Pd-2]4(OS(C)(=O)=O)C(C=CC=C5)=C5C6=C([NH+]4C)C=CC=C6)C7CCCCC7)C=CC=C2,XPhos Pd G4,0.08260742400000001 milligram,0.09600000000000003 micromole,0.08260742400000003 microliter,C47H64NO3PPdS,0.24,C1COCCO1,DMF,20.52 milligram,232.90127800603818 micromole,21.6 microliter,C4H8O2,582.2531950150952,[K+].[K+].[K+].[O-]P([O-])([O-])=O,K3PO4,0.7641504000000002 milligram,3.6000000000000014 micromole,0.7641504000000005 microliter,K3O4P,9.0,O,water,3.047886095999999 milligram,169.18601698584507 micromole,3.047886095999999 microliter,H2O,422.96504246461257,CN1C=NC2=C1C(=O)N(C(=O)N2C)C,caffeine,0.09321168000000002 milligram,0.4800000000000001 micromole,0.09321168000000003 microliter,C8H10N4O2,1.1999999999999997,C1COCCO1,dioxane,3.3935943787199996 milligram,38.51717679522393 micromole,3.2947518239999996 microliter,C4H8O2,96.2929419880598,Fc1cc(-c2ccccc2)ccc1CN1CCOCC1,suzuki_product,0.0 milligram,0.0 micromole,0 microliter,C17H18FNO,0.0,c1ccccc1,dehalogenation_byproduct,0.0 milligram,0.0 micromole,0 microliter,C6H6,0.0,Fc1ccccc1CN1CCOCC1,deborylation_byproduct,0.0 milligram,0.0 micromole,0 microliter,C11H14FNO,0.0,BrC1=CC=CC=C1.CC1(C)OB(c2ccc(CN3CCOCC3)c(F)c2)OC1(C)C>>Fc1cc(-c2ccccc2)ccc1CN1CCOCC1.Fc1ccccc1CN1CCOCC1.c1ccccc1,pcr_M6,,,,,,,,,,,,,,,12/19/2023 3:47:58 AM,5,011_rln-nb-2443_018_ct-126_294.raw,1,Rxn_Opt_HSST3_2_98_2min,"M,6",2min_100_1500.EXP,"M,6",pcr_M6,pcr_M6,Eunjae Shim,2.2310384436536057
M7,CC1=C(C(=NN1C(C)C)N)Br,4-BROMO-1-ISOPROPYL-5-METHYL-1H-PYRAZOL-3-AMINE,0.08723920000000002 milligram,0.40000000000000013 micromole,0.08723920000000003 microliter,C7H12BrN3,1.0,Cc1ccc(B(O)O)s1,417716049,0.06815424 milligram,0.4800000000000001 micromole,0.06815424000000002 microliter,C5H7BO2S,1.1999999999999997,CC(C)C1=CC(C(C)C)=CC(C(C)C)=C1C2=C([P+](C3CCCCC3)([Pd-2]4(OS(C)(=O)=O)C(C=CC=C5)=C5C6=C([NH+]4C)C=CC=C6)C7CCCCC7)C=CC=C2,XPhos Pd G4,0.08260742400000001 milligram,0.09600000000000003 micromole,0.08260742400000003 microliter,C47H64NO3PPdS,0.24,C1COCCO1,DMF,20.52 milligram,232.90127800603818 micromole,21.6 microliter,C4H8O2,582.2531950150952,[K+].[K+].[K+].[O-]P([O-])([O-])=O,K3PO4,0.7641504000000002 milligram,3.6000000000000014 micromole,0.7641504000000005 microliter,K3O4P,9.0,O,water,3.047886095999999 milligram,169.18601698584507 micromole,3.047886095999999 microliter,H2O,422.96504246461257,CN1C=NC2=C1C(=O)N(C(=O)N2C)C,caffeine,0.09321168000000002 milligram,0.4800000000000001 micromole,0.09321168000000003 microliter,C8H10N4O2,1.1999999999999997,C1COCCO1,dioxane,3.3935943787199996 milligram,38.51717679522393 micromole,3.2947518239999996 microliter,C4H8O2,96.2929419880598,Cc1ccc(-c2c(N)nn(C(C)C)c2C)s1,suzuki_product,0.0 milligram,0.0 micromole,0 microliter,C12H17N3S,0.0,Cc1cc(N)nn1C(C)C,dehalogenation_byproduct,0.0 milligram,0.0 micromole,0 microliter,C7H13N3,0.0,Cc1cccs1,deborylation_byproduct,0.0 milligram,0.0 micromole,0 microliter,C5H6S,0.0,CC1=C(C(=NN1C(C)C)N)Br.Cc1ccc(B(O)O)s1>>Cc1cc(N)nn1C(C)C.Cc1ccc(-c2c(N)nn(C(C)C)c2C)s1.Cc1cccs1,pcr_M7,,,,,,,,,,,,,,,12/19/2023 3:50:26 AM,5,011_rln-nb-2443_018_ct-126_295.raw,1,Rxn_Opt_HSST3_2_98_2min,"M,7",2min_100_1500.EXP,"M,7",pcr_M7,pcr_M7,Eunjae Shim,0.0
M8,C1CON=C1C2=CC=C(C=C2)Br,"3-(4-bromophenyl)-4,5-dihydro-1,2-oxazole",0.09042920000000002 milligram,0.40000000000000013 micromole,0.09042920000000003 microliter,C9H8BrNO,1.0,Cc1ccc(B(O)O)s1,417716049,0.06815424 milligram,0.4800000000000001 micromole,0.06815424000000002 microliter,C5H7BO2S,1.1999999999999997,CC(C)C1=CC(C(C)C)=CC(C(C)C)=C1C2=C([P+](C3CCCCC3)([Pd-2]4(OS(C)(=O)=O)C(C=CC=C5)=C5C6=C([NH+]4C)C=CC=C6)C7CCCCC7)C=CC=C2,XPhos Pd G4,0.08260742400000001 milligram,0.09600000000000003 micromole,0.08260742400000003 microliter,C47H64NO3PPdS,0.24,C1COCCO1,DMF,20.52 milligram,232.90127800603818 micromole,21.6 microliter,C4H8O2,582.2531950150952,[K+].[K+].[K+].[O-]P([O-])([O-])=O,K3PO4,0.7641504000000002 milligram,3.6000000000000014 micromole,0.7641504000000005 microliter,K3O4P,9.0,O,water,3.047886095999999 milligram,169.18601698584507 micromole,3.047886095999999 microliter,H2O,422.96504246461257,CN1C=NC2=C1C(=O)N(C(=O)N2C)C,caffeine,0.09321168000000002 milligram,0.4800000000000001 micromole,0.09321168000000003 microliter,C8H10N4O2,1.1999999999999997,C1COCCO1,dioxane,3.3935943787199996 milligram,38.51717679522393 micromole,3.2947518239999996 microliter,C4H8O2,96.2929419880598,Cc1ccc(-c2ccc(C3=NOCC3)cc2)s1,suzuki_product,0.0 milligram,0.0 micromole,0 microliter,C14H13NOS,0.0,c1ccc(C2=NOCC2)cc1,dehalogenation_byproduct,0.0 milligram,0.0 micromole,0 microliter,C9H9NO,0.0,Cc1cccs1,deborylation_byproduct,0.0 milligram,0.0 micromole,0 microliter,C5H6S,0.0,C1CON=C1C2=CC=C(C=C2)Br.Cc1ccc(B(O)O)s1>>Cc1ccc(-c2ccc(C3=NOCC3)cc2)s1.Cc1cccs1.c1ccc(C2=NOCC2)cc1,pcr_M8,,,,,,,,,,,,,,,12/19/2023 3:52:55 AM,5,011_rln-nb-2443_018_ct-126_296.raw,1,Rxn_Opt_HSST3_2_98_2min,"M,8",2min_100_1500.EXP,"M,8",pcr_M8,pcr_M8,Eunjae Shim,38.602846387521026
M9,C1=NC(=C(NC1=O)Cl)Br,5-bromo-6-chloropyrazin-2-ol,0.08377200000000001 milligram,0.40000000000000013 micromole,0.08377200000000003 microliter,C4H2BrClN2O,1.0,Cc1ccc(B(O)O)s1,417716049,0.06815424 milligram,0.4800000000000001 micromole,0.06815424000000002 microliter,C5H7BO2S,1.1999999999999997,CC(C)C1=CC(C(C)C)=CC(C(C)C)=C1C2=C([P+](C3CCCCC3)([Pd-2]4(OS(C)(=O)=O)C(C=CC=C5)=C5C6=C([NH+]4C)C=CC=C6)C7CCCCC7)C=CC=C2,XPhos Pd G4,0.08260742400000001 milligram,0.09600000000000003 micromole,0.08260742400000003 microliter,C47H64NO3PPdS,0.24,C1COCCO1,DMF,20.52 milligram,232.90127800603818 micromole,21.6 microliter,C4H8O2,582.2531950150952,[K+].[K+].[K+].[O-]P([O-])([O-])=O,K3PO4,0.7641504000000002 milligram,3.6000000000000014 micromole,0.7641504000000005 microliter,K3O4P,9.0,O,water,3.047886095999999 milligram,169.18601698584507 micromole,3.047886095999999 microliter,H2O,422.96504246461257,CN1C=NC2=C1C(=O)N(C(=O)N2C)C,caffeine,0.09321168000000002 milligram,0.4800000000000001 micromole,0.09321168000000003 microliter,C8H10N4O2,1.1999999999999997,C1COCCO1,dioxane,3.3935943787199996 milligram,38.51717679522393 micromole,3.2947518239999996 microliter,C4H8O2,96.2929419880598,Cc1ccc(-c2[nH]c(=O)cnc2Br)s1,suzuki_product,0.0 milligram,0.0 micromole,0 microliter,C9H7BrN2OS,0.0,O=c1cncc(Cl)[nH]1,dehalogenation_byproduct,0.0 milligram,0.0 micromole,0 microliter,C4H3ClN2O,0.0,O=c1cnc(Br)c[nH]1,dehalogenation_byproduct,0.0 milligram,0.0 micromole,0 microliter,C4H3BrN2O,0.0,C1=NC(=C(NC1=O)Cl)Br.Cc1ccc(B(O)O)s1>>Cc1ccc(-c2[nH]c(=O)cnc2Br)s1.Cc1ccc(-c2ncc(=O)[nH]c2Cl)s1.Cc1cccs1.O=c1cnc(Br)c[nH]1.O=c1cncc(Cl)[nH]1,pcr_M9,Cc1ccc(-c2ncc(=O)[nH]c2Cl)s1,suzuki_product,0.0 milligram,0.0 micromole,0 microliter,C9H7ClN2OS,0.0,Cc1cccs1,deborylation_byproduct,0.0 milligram,0.0 micromole,0 microliter,C5H6S,0.0,12/19/2023 3:55:24 AM,5,011_rln-nb-2443_018_ct-126_297.raw,1,Rxn_Opt_HSST3_2_98_2min,"M,9",2min_100_1500.EXP,"M,9",pcr_M9,pcr_M9,Eunjae Shim,0.0
M10,Cc1c(Br)cnc2[nH]ccc12,"5-bromo-4-methyl-1H-pyrrolo[2,3-b]pyridine",0.08442480000000005 milligram,0.40000000000000013 micromole,0.08442480000000006 microliter,C8H7BrN2,1.0,Cc1ccc(B(O)O)s1,417716049,0.06815424 milligram,0.4800000000000001 micromole,0.06815424000000002 microliter,C5H7BO2S,1.1999999999999997,CC(C)C1=CC(C(C)C)=CC(C(C)C)=C1C2=C([P+](C3CCCCC3)([Pd-2]4(OS(C)(=O)=O)C(C=CC=C5)=C5C6=C([NH+]4C)C=CC=C6)C7CCCCC7)C=CC=C2,XPhos Pd G4,0.08260742400000001 milligram,0.09600000000000003 micromole,0.08260742400000003 microliter,C47H64NO3PPdS,0.24,C1COCCO1,DMF,20.52 milligram,232.90127800603818 micromole,21.6 microliter,C4H8O2,582.2531950150952,[K+].[K+].[K+].[O-]P([O-])([O-])=O,K3PO4,0.7641504000000002 milligram,3.6000000000000014 micromole,0.7641504000000005 microliter,K3O4P,9.0,O,water,3.047886095999999 milligram,169.18601698584507 micromole,3.047886095999999 microliter,H2O,422.96504246461257,CN1C=NC2=C1C(=O)N(C(=O)N2C)C,caffeine,0.09321168000000002 milligram,0.4800000000000001 micromole,0.09321168000000003 microliter,C8H10N4O2,1.1999999999999997,C1COCCO1,dioxane,3.3935943787199996 milligram,38.51717679522393 micromole,3.2947518239999996 microliter,C4H8O2,96.2929419880598,Cc1ccc(-c2cnc3[nH]ccc3c2C)s1,suzuki_product,0.0 milligram,0.0 micromole,0 microliter,C13H12N2S,0.0,Cc1ccnc2[nH]ccc12,dehalogenation_byproduct,0.0 milligram,0.0 micromole,0 microliter,C8H8N2,0.0,Cc1cccs1,deborylation_byproduct,0.0 milligram,0.0 micromole,0 microliter,C5H6S,0.0,Cc1c(Br)cnc2[nH]ccc12.Cc1ccc(B(O)O)s1>>Cc1ccc(-c2cnc3[nH]ccc3c2C)s1.Cc1cccs1.Cc1ccnc2[nH]ccc12,pcr_M10,,,,,,,,,,,,,,,12/19/2023 3:57:53 AM,5,011_rln-nb-2443_018_ct-126_298.raw,1,Rxn_Opt_HSST3_2_98_2min,"M,10",2min_100_1500.EXP,"M,10",pcr_M10,pcr_M10,Eunjae Shim,0.9388388727486011
M11,COc1ccc(-c2nnc(Br)o2)cc1,"2-bromo-5-(4-methoxyphenyl)-1,3,4-oxadiazole",0.10202840000000003 milligram,0.40000000000000013 micromole,0.10202840000000006 microliter,C9H7BrN2O2,1.0,Cc1ccc(B(O)O)s1,417716049,0.06815424 milligram,0.4800000000000001 micromole,0.06815424000000002 microliter,C5H7BO2S,1.1999999999999997,CC(C)C1=CC(C(C)C)=CC(C(C)C)=C1C2=C([P+](C3CCCCC3)([Pd-2]4(OS(C)(=O)=O)C(C=CC=C5)=C5C6=C([NH+]4C)C=CC=C6)C7CCCCC7)C=CC=C2,XPhos Pd G4,0.08260742400000001 milligram,0.09600000000000003 micromole,0.08260742400000003 microliter,C47H64NO3PPdS,0.24,C1COCCO1,DMF,20.52 milligram,232.90127800603818 micromole,21.6 microliter,C4H8O2,582.2531950150952,[K+].[K+].[K+].[O-]P([O-])([O-])=O,K3PO4,0.7641504000000002 milligram,3.6000000000000014 micromole,0.7641504000000005 microliter,K3O4P,9.0,O,water,3.047886095999999 milligram,169.18601698584507 micromole,3.047886095999999 microliter,H2O,422.96504246461257,CN1C=NC2=C1C(=O)N(C(=O)N2C)C,caffeine,0.09321168000000002 milligram,0.4800000000000001 micromole,0.09321168000000003 microliter,C8H10N4O2,1.1999999999999997,C1COCCO1,dioxane,3.3935943787199996 milligram,38.51717679522393 micromole,3.2947518239999996 microliter,C4H8O2,96.2929419880598,COc1ccc(-c2nnc(-c3ccc(C)s3)o2)cc1,suzuki_product,0.0 milligram,0.0 micromole,0 microliter,C14H12N2O2S,0.0,COc1ccc(-c2nnco2)cc1,dehalogenation_byproduct,0.0 milligram,0.0 micromole,0 microliter,C9H8N2O2,0.0,Cc1cccs1,deborylation_byproduct,0.0 milligram,0.0 micromole,0 microliter,C5H6S,0.0,COc1ccc(-c2nnc(Br)o2)cc1.Cc1ccc(B(O)O)s1>>COc1ccc(-c2nnc(-c3ccc(C)s3)o2)cc1.COc1ccc(-c2nnco2)cc1.Cc1cccs1,pcr_M11,,,,,,,,,,,,,,,12/19/2023 4:00:22 AM,5,011_rln-nb-2443_018_ct-126_299.raw,1,Rxn_Opt_HSST3_2_98_2min,"M,11",2min_100_1500.EXP,"M,11",pcr_M11,pcr_M11,Eunjae Shim,2.055422498116907
M12,BrC1=CC=CC=C1,phenylbromide,0.06280400000000001 milligram,0.40000000000000013 micromole,0.06280400000000003 microliter,C6H5Br,1.0,Cc1ccc(B(O)O)s1,417716049,0.06815424 milligram,0.4800000000000001 micromole,0.06815424000000002 microliter,C5H7BO2S,1.1999999999999997,CC(C)C1=CC(C(C)C)=CC(C(C)C)=C1C2=C([P+](C3CCCCC3)([Pd-2]4(OS(C)(=O)=O)C(C=CC=C5)=C5C6=C([NH+]4C)C=CC=C6)C7CCCCC7)C=CC=C2,XPhos Pd G4,0.08260742400000001 milligram,0.09600000000000003 micromole,0.08260742400000003 microliter,C47H64NO3PPdS,0.24,C1COCCO1,DMF,20.52 milligram,232.90127800603818 micromole,21.6 microliter,C4H8O2,582.2531950150952,[K+].[K+].[K+].[O-]P([O-])([O-])=O,K3PO4,0.7641504000000002 milligram,3.6000000000000014 micromole,0.7641504000000005 microliter,K3O4P,9.0,O,water,3.047886095999999 milligram,169.18601698584507 micromole,3.047886095999999 microliter,H2O,422.96504246461257,CN1C=NC2=C1C(=O)N(C(=O)N2C)C,caffeine,0.09321168000000002 milligram,0.4800000000000001 micromole,0.09321168000000003 microliter,C8H10N4O2,1.1999999999999997,C1COCCO1,dioxane,3.3935943787199996 milligram,38.51717679522393 micromole,3.2947518239999996 microliter,C4H8O2,96.2929419880598,Cc1ccc(-c2ccccc2)s1,suzuki_product,0.0 milligram,0.0 micromole,0 microliter,C11H10S,0.0,c1ccccc1,dehalogenation_byproduct,0.0 milligram,0.0 micromole,0 microliter,C6H6,0.0,Cc1cccs1,deborylation_byproduct,0.0 milligram,0.0 micromole,0 microliter,C5H6S,0.0,BrC1=CC=CC=C1.Cc1ccc(B(O)O)s1>>Cc1ccc(-c2ccccc2)s1.Cc1cccs1.c1ccccc1,pcr_M12,,,,,,,,,,,,,,,12/19/2023 4:02:51 AM,5,011_rln-nb-2443_018_ct-126_300.raw,1,Rxn_Opt_HSST3_2_98_2min,"M,12",2min_100_1500.EXP,"M,12",pcr_M12,pcr_M12,Eunjae Shim,0.0
M13,CC1=C(C(=NN1C(C)C)N)Br,4-BROMO-1-ISOPROPYL-5-METHYL-1H-PYRAZOL-3-AMINE,0.08723920000000002 milligram,0.40000000000000013 micromole,0.08723920000000003 microliter,C7H12BrN3,1.0,CC1(C)OB(c2ccc(CN3CCOCC3)c(F)c2)OC1(C)C,1078055681,0.15417648000000003 milligram,0.4800000000000001 micromole,0.15417648000000006 microliter,C17H25BFNO3,1.1999999999999997,CC(C)C1=CC(C(C)C)=CC(C(C)C)=C1C2=C([P+](C3CCCCC3)([Pd-2]4(OS(C)(=O)=O)C(C=CC=C5)=C5C6=C([NH+]4C)C=CC=C6)C7CCCCC7)C=CC=C2,XPhos Pd G4,0.08260742400000001 milligram,0.09600000000000003 micromole,0.08260742400000003 microliter,C47H64NO3PPdS,0.24,C1COCCO1,DMF,20.52 milligram,232.90127800603818 micromole,21.6 microliter,C4H8O2,582.2531950150952,[K+].[K+].[K+].[O-]P([O-])([O-])=O,K3PO4,0.7641504000000002 milligram,3.6000000000000014 micromole,0.7641504000000005 microliter,K3O4P,9.0,O,water,3.047886095999999 milligram,169.18601698584507 micromole,3.047886095999999 microliter,H2O,422.96504246461257,CN1C=NC2=C1C(=O)N(C(=O)N2C)C,caffeine,0.09321168000000002 milligram,0.4800000000000001 micromole,0.09321168000000003 microliter,C8H10N4O2,1.1999999999999997,C1COCCO1,dioxane,3.3935943787199996 milligram,38.51717679522393 micromole,3.2947518239999996 microliter,C4H8O2,96.2929419880598,Cc1c(-c2ccc(CN3CCOCC3)c(F)c2)c(N)nn1C(C)C,suzuki_product,0.0 milligram,0.0 micromole,0 microliter,C18H25FN4O,0.0,Cc1cc(N)nn1C(C)C,dehalogenation_byproduct,0.0 milligram,0.0 micromole,0 microliter,C7H13N3,0.0,Fc1ccccc1CN1CCOCC1,deborylation_byproduct,0.0 milligram,0.0 micromole,0 microliter,C11H14FNO,0.0,CC1(C)OB(c2ccc(CN3CCOCC3)c(F)c2)OC1(C)C.CC1=C(C(=NN1C(C)C)N)Br>>Cc1c(-c2ccc(CN3CCOCC3)c(F)c2)c(N)nn1C(C)C.Cc1cc(N)nn1C(C)C.Fc1ccccc1CN1CCOCC1,pcr_M13,,,,,,,,,,,,,,,12/19/2023 4:05:20 AM,5,011_rln-nb-2443_018_ct-126_301.raw,1,Rxn_Opt_HSST3_2_98_2min,"M,13",2min_100_1500.EXP,"M,13",pcr_M13,pcr_M13,Eunjae Shim,33.96046134147873
M14,C1CON=C1C2=CC=C(C=C2)Br,"3-(4-bromophenyl)-4,5-dihydro-1,2-oxazole",0.09042920000000002 milligram,0.40000000000000013 micromole,0.09042920000000003 microliter,C9H8BrNO,1.0,CC1(C)OB(c2ccc(CN3CCOCC3)c(F)c2)OC1(C)C,1078055681,0.15417648000000003 milligram,0.4800000000000001 micromole,0.15417648000000006 microliter,C17H25BFNO3,1.1999999999999997,CC(C)C1=CC(C(C)C)=CC(C(C)C)=C1C2=C([P+](C3CCCCC3)([Pd-2]4(OS(C)(=O)=O)C(C=CC=C5)=C5C6=C([NH+]4C)C=CC=C6)C7CCCCC7)C=CC=C2,XPhos Pd G4,0.08260742400000001 milligram,0.09600000000000003 micromole,0.08260742400000003 microliter,C47H64NO3PPdS,0.24,C1COCCO1,DMF,20.52 milligram,232.90127800603818 micromole,21.6 microliter,C4H8O2,582.2531950150952,[K+].[K+].[K+].[O-]P([O-])([O-])=O,K3PO4,0.7641504000000002 milligram,3.6000000000000014 micromole,0.7641504000000005 microliter,K3O4P,9.0,O,water,3.047886095999999 milligram,169.18601698584507 micromole,3.047886095999999 microliter,H2O,422.96504246461257,CN1C=NC2=C1C(=O)N(C(=O)N2C)C,caffeine,0.09321168000000002 milligram,0.4800000000000001 micromole,0.09321168000000003 microliter,C8H10N4O2,1.1999999999999997,C1COCCO1,dioxane,3.3935943787199996 milligram,38.51717679522393 micromole,3.2947518239999996 microliter,C4H8O2,96.2929419880598,Fc1cc(-c2ccc(C3=NOCC3)cc2)ccc1CN1CCOCC1,suzuki_product,0.0 milligram,0.0 micromole,0 microliter,C20H21FN2O2,0.0,c1ccc(C2=NOCC2)cc1,dehalogenation_byproduct,0.0 milligram,0.0 micromole,0 microliter,C9H9NO,0.0,Fc1ccccc1CN1CCOCC1,deborylation_byproduct,0.0 milligram,0.0 micromole,0 microliter,C11H14FNO,0.0,C1CON=C1C2=CC=C(C=C2)Br.CC1(C)OB(c2ccc(CN3CCOCC3)c(F)c2)OC1(C)C>>Fc1cc(-c2ccc(C3=NOCC3)cc2)ccc1CN1CCOCC1.Fc1ccccc1CN1CCOCC1.c1ccc(C2=NOCC2)cc1,pcr_M14,,,,,,,,,,,,,,,12/19/2023 4:07:50 AM,5,011_rln-nb-2443_018_ct-126_302.raw,1,Rxn_Opt_HSST3_2_98_2min,"M,14",2min_100_1500.EXP,"M,14",pcr_M14,pcr_M14,Eunjae Shim,85.58760380893204
M15,C1=NC(=C(NC1=O)Cl)Br,5-bromo-6-chloropyrazin-2-ol,0.08377200000000001 milligram,0.40000000000000013 micromole,0.08377200000000003 microliter,C4H2BrClN2O,1.0,CC1(C)OB(c2ccc(CN3CCOCC3)c(F)c2)OC1(C)C,1078055681,0.15417648000000003 milligram,0.4800000000000001 micromole,0.15417648000000006 microliter,C17H25BFNO3,1.1999999999999997,CC(C)C1=CC(C(C)C)=CC(C(C)C)=C1C2=C([P+](C3CCCCC3)([Pd-2]4(OS(C)(=O)=O)C(C=CC=C5)=C5C6=C([NH+]4C)C=CC=C6)C7CCCCC7)C=CC=C2,XPhos Pd G4,0.08260742400000001 milligram,0.09600000000000003 micromole,0.08260742400000003 microliter,C47H64NO3PPdS,0.24,C1COCCO1,DMF,20.52 milligram,232.90127800603818 micromole,21.6 microliter,C4H8O2,582.2531950150952,[K+].[K+].[K+].[O-]P([O-])([O-])=O,K3PO4,0.7641504000000002 milligram,3.6000000000000014 micromole,0.7641504000000005 microliter,K3O4P,9.0,O,water,3.047886095999999 milligram,169.18601698584507 micromole,3.047886095999999 microliter,H2O,422.96504246461257,CN1C=NC2=C1C(=O)N(C(=O)N2C)C,caffeine,0.09321168000000002 milligram,0.4800000000000001 micromole,0.09321168000000003 microliter,C8H10N4O2,1.1999999999999997,C1COCCO1,dioxane,3.3935943787199996 milligram,38.51717679522393 micromole,3.2947518239999996 microliter,C4H8O2,96.2929419880598,O=c1cnc(Br)c(-c2ccc(CN3CCOCC3)c(F)c2)[nH]1,suzuki_product,0.0 milligram,0.0 micromole,0 microliter,C15H15BrFN3O2,0.0,O=c1cncc(Cl)[nH]1,dehalogenation_byproduct,0.0 milligram,0.0 micromole,0 microliter,C4H3ClN2O,0.0,O=c1cnc(Br)c[nH]1,dehalogenation_byproduct,0.0 milligram,0.0 micromole,0 microliter,C4H3BrN2O,0.0,C1=NC(=C(NC1=O)Cl)Br.CC1(C)OB(c2ccc(CN3CCOCC3)c(F)c2)OC1(C)C>>Fc1ccccc1CN1CCOCC1.O=c1cnc(-c2ccc(CN3CCOCC3)c(F)c2)c(Cl)[nH]1.O=c1cnc(Br)c(-c2ccc(CN3CCOCC3)c(F)c2)[nH]1.O=c1cnc(Br)c[nH]1.O=c1cncc(Cl)[nH]1,pcr_M15,O=c1cnc(-c2ccc(CN3CCOCC3)c(F)c2)c(Cl)[nH]1,suzuki_product,0.0 milligram,0.0 micromole,0 microliter,C15H15ClFN3O2,0.0,Fc1ccccc1CN1CCOCC1,deborylation_byproduct,0.0 milligram,0.0 micromole,0 microliter,C11H14FNO,0.0,12/19/2023 4:10:19 AM,5,011_rln-nb-2443_018_ct-126_303.raw,1,Rxn_Opt_HSST3_2_98_2min,"M,15",2min_100_1500.EXP,"M,15",pcr_M15,pcr_M15,Eunjae Shim,11.31796621607563
M16,Cc1c(Br)cnc2[nH]ccc12,"5-bromo-4-methyl-1H-pyrrolo[2,3-b]pyridine",0.08442480000000005 milligram,0.40000000000000013 micromole,0.08442480000000006 microliter,C8H7BrN2,1.0,CC1(C)OB(c2ccc(CN3CCOCC3)c(F)c2)OC1(C)C,1078055681,0.15417648000000003 milligram,0.4800000000000001 micromole,0.15417648000000006 microliter,C17H25BFNO3,1.1999999999999997,CC(C)C1=CC(C(C)C)=CC(C(C)C)=C1C2=C([P+](C3CCCCC3)([Pd-2]4(OS(C)(=O)=O)C(C=CC=C5)=C5C6=C([NH+]4C)C=CC=C6)C7CCCCC7)C=CC=C2,XPhos Pd G4,0.08260742400000001 milligram,0.09600000000000003 micromole,0.08260742400000003 microliter,C47H64NO3PPdS,0.24,C1COCCO1,DMF,20.52 milligram,232.90127800603818 micromole,21.6 microliter,C4H8O2,582.2531950150952,[K+].[K+].[K+].[O-]P([O-])([O-])=O,K3PO4,0.7641504000000002 milligram,3.6000000000000014 micromole,0.7641504000000005 microliter,K3O4P,9.0,O,water,3.047886095999999 milligram,169.18601698584507 micromole,3.047886095999999 microliter,H2O,422.96504246461257,CN1C=NC2=C1C(=O)N(C(=O)N2C)C,caffeine,0.09321168000000002 milligram,0.4800000000000001 micromole,0.09321168000000003 microliter,C8H10N4O2,1.1999999999999997,C1COCCO1,dioxane,3.3935943787199996 milligram,38.51717679522393 micromole,3.2947518239999996 microliter,C4H8O2,96.2929419880598,Cc1c(-c2ccc(CN3CCOCC3)c(F)c2)cnc2[nH]ccc12,suzuki_product,0.0 milligram,0.0 micromole,0 microliter,C19H20FN3O,0.0,Cc1ccnc2[nH]ccc12,dehalogenation_byproduct,0.0 milligram,0.0 micromole,0 microliter,C8H8N2,0.0,Fc1ccccc1CN1CCOCC1,deborylation_byproduct,0.0 milligram,0.0 micromole,0 microliter,C11H14FNO,0.0,CC1(C)OB(c2ccc(CN3CCOCC3)c(F)c2)OC1(C)C.Cc1c(Br)cnc2[nH]ccc12>>Cc1c(-c2ccc(CN3CCOCC3)c(F)c2)cnc2[nH]ccc12.Cc1ccnc2[nH]ccc12.Fc1ccccc1CN1CCOCC1,pcr_M16,,,,,,,,,,,,,,,12/19/2023 4:12:47 AM,5,011_rln-nb-2443_018_ct-126_304.raw,1,Rxn_Opt_HSST3_2_98_2min,"M,16",2min_100_1500.EXP,"M,16",pcr_M16,pcr_M16,Eunjae Shim,39.28326806428057
M17,COc1ccc(-c2nnc(Br)o2)cc1,"2-bromo-5-(4-methoxyphenyl)-1,3,4-oxadiazole",0.10202840000000003 milligram,0.40000000000000013 micromole,0.10202840000000006 microliter,C9H7BrN2O2,1.0,CC1(C)OB(c2ccc(CN3CCOCC3)c(F)c2)OC1(C)C,1078055681,0.15417648000000003 milligram,0.4800000000000001 micromole,0.15417648000000006 microliter,C17H25BFNO3,1.1999999999999997,CC(C)C1=CC(C(C)C)=CC(C(C)C)=C1C2=C([P+](C3CCCCC3)([Pd-2]4(OS(C)(=O)=O)C(C=CC=C5)=C5C6=C([NH+]4C)C=CC=C6)C7CCCCC7)C=CC=C2,XPhos Pd G4,0.08260742400000001 milligram,0.09600000000000003 micromole,0.08260742400000003 microliter,C47H64NO3PPdS,0.24,C1COCCO1,DMF,20.52 milligram,232.90127800603818 micromole,21.6 microliter,C4H8O2,582.2531950150952,[K+].[K+].[K+].[O-]P([O-])([O-])=O,K3PO4,0.7641504000000002 milligram,3.6000000000000014 micromole,0.7641504000000005 microliter,K3O4P,9.0,O,water,3.047886095999999 milligram,169.18601698584507 micromole,3.047886095999999 microliter,H2O,422.96504246461257,CN1C=NC2=C1C(=O)N(C(=O)N2C)C,caffeine,0.09321168000000002 milligram,0.4800000000000001 micromole,0.09321168000000003 microliter,C8H10N4O2,1.1999999999999997,C1COCCO1,dioxane,3.3935943787199996 milligram,38.51717679522393 micromole,3.2947518239999996 microliter,C4H8O2,96.2929419880598,COc1ccc(-c2nnc(-c3ccc(CN4CCOCC4)c(F)c3)o2)cc1,suzuki_product,0.0 milligram,0.0 micromole,0 microliter,C20H20FN3O3,0.0,COc1ccc(-c2nnco2)cc1,dehalogenation_byproduct,0.0 milligram,0.0 micromole,0 microliter,C9H8N2O2,0.0,Fc1ccccc1CN1CCOCC1,deborylation_byproduct,0.0 milligram,0.0 micromole,0 microliter,C11H14FNO,0.0,CC1(C)OB(c2ccc(CN3CCOCC3)c(F)c2)OC1(C)C.COc1ccc(-c2nnc(Br)o2)cc1>>COc1ccc(-c2nnc(-c3ccc(CN4CCOCC4)c(F)c3)o2)cc1.COc1ccc(-c2nnco2)cc1.Fc1ccccc1CN1CCOCC1,pcr_M17,,,,,,,,,,,,,,,12/19/2023 4:15:16 AM,5,011_rln-nb-2443_018_ct-126_305.raw,1,Rxn_Opt_HSST3_2_98_2min,"M,17",2min_100_1500.EXP,"M,17",pcr_M17,pcr_M17,Eunjae Shim,8.616808799261106
M18,BrC1=CC=CC=C1,phenylbromide,0.06280400000000001 milligram,0.40000000000000013 micromole,0.06280400000000003 microliter,C6H5Br,1.0,CC1(C)OB(c2ccc(CN3CCOCC3)c(F)c2)OC1(C)C,1078055681,0.15417648000000003 milligram,0.4800000000000001 micromole,0.15417648000000006 microliter,C17H25BFNO3,1.1999999999999997,CC(C)C1=CC(C(C)C)=CC(C(C)C)=C1C2=C([P+](C3CCCCC3)([Pd-2]4(OS(C)(=O)=O)C(C=CC=C5)=C5C6=C([NH+]4C)C=CC=C6)C7CCCCC7)C=CC=C2,XPhos Pd G4,0.08260742400000001 milligram,0.09600000000000003 micromole,0.08260742400000003 microliter,C47H64NO3PPdS,0.24,C1COCCO1,DMF,20.52 milligram,232.90127800603818 micromole,21.6 microliter,C4H8O2,582.2531950150952,[K+].[K+].[K+].[O-]P([O-])([O-])=O,K3PO4,0.7641504000000002 milligram,3.6000000000000014 micromole,0.7641504000000005 microliter,K3O4P,9.0,O,water,3.047886095999999 milligram,169.18601698584507 micromole,3.047886095999999 microliter,H2O,422.96504246461257,CN1C=NC2=C1C(=O)N(C(=O)N2C)C,caffeine,0.09321168000000002 milligram,0.4800000000000001 micromole,0.09321168000000003 microliter,C8H10N4O2,1.1999999999999997,C1COCCO1,dioxane,3.3935943787199996 milligram,38.51717679522393 micromole,3.2947518239999996 microliter,C4H8O2,96.2929419880598,Fc1cc(-c2ccccc2)ccc1CN1CCOCC1,suzuki_product,0.0 milligram,0.0 micromole,0 microliter,C17H18FNO,0.0,c1ccccc1,dehalogenation_byproduct,0.0 milligram,0.0 micromole,0 microliter,C6H6,0.0,Fc1ccccc1CN1CCOCC1,deborylation_byproduct,0.0 milligram,0.0 micromole,0 microliter,C11H14FNO,0.0,BrC1=CC=CC=C1.CC1(C)OB(c2ccc(CN3CCOCC3)c(F)c2)OC1(C)C>>Fc1cc(-c2ccccc2)ccc1CN1CCOCC1.Fc1ccccc1CN1CCOCC1.c1ccccc1,pcr_M18,,,,,,,,,,,,,,,12/19/2023 4:17:46 AM,5,011_rln-nb-2443_018_ct-126_306.raw,1,Rxn_Opt_HSST3_2_98_2min,"M,18",2min_100_1500.EXP,"M,18",pcr_M18,pcr_M18,Eunjae Shim,2.303776517537022
M19,CC1=C(C(=NN1C(C)C)N)Br,4-BROMO-1-ISOPROPYL-5-METHYL-1H-PYRAZOL-3-AMINE,0.08723920000000002 milligram,0.40000000000000013 micromole,0.08723920000000003 microliter,C7H12BrN3,1.0,Cc1ccc(B(O)O)s1,417716049,0.06815424 milligram,0.4800000000000001 micromole,0.06815424000000002 microliter,C5H7BO2S,1.1999999999999997,CC(C)C1=CC(C(C)C)=CC(C(C)C)=C1C2=C([P+](C3CCCCC3)([Pd-2]4(OS(C)(=O)=O)C(C=CC=C5)=C5C6=C([NH+]4C)C=CC=C6)C7CCCCC7)C=CC=C2,XPhos Pd G4,0.08260742400000001 milligram,0.09600000000000003 micromole,0.08260742400000003 microliter,C47H64NO3PPdS,0.24,C1COCCO1,DMF,20.52 milligram,232.90127800603818 micromole,21.6 microliter,C4H8O2,582.2531950150952,[K+].[K+].[K+].[O-]P([O-])([O-])=O,K3PO4,0.7641504000000002 milligram,3.6000000000000014 micromole,0.7641504000000005 microliter,K3O4P,9.0,O,water,3.047886095999999 milligram,169.18601698584507 micromole,3.047886095999999 microliter,H2O,422.96504246461257,CN1C=NC2=C1C(=O)N(C(=O)N2C)C,caffeine,0.09321168000000002 milligram,0.4800000000000001 micromole,0.09321168000000003 microliter,C8H10N4O2,1.1999999999999997,C1COCCO1,dioxane,3.3935943787199996 milligram,38.51717679522393 micromole,3.2947518239999996 microliter,C4H8O2,96.2929419880598,Cc1ccc(-c2c(N)nn(C(C)C)c2C)s1,suzuki_product,0.0 milligram,0.0 micromole,0 microliter,C12H17N3S,0.0,Cc1cc(N)nn1C(C)C,dehalogenation_byproduct,0.0 milligram,0.0 micromole,0 microliter,C7H13N3,0.0,Cc1cccs1,deborylation_byproduct,0.0 milligram,0.0 micromole,0 microliter,C5H6S,0.0,CC1=C(C(=NN1C(C)C)N)Br.Cc1ccc(B(O)O)s1>>Cc1cc(N)nn1C(C)C.Cc1ccc(-c2c(N)nn(C(C)C)c2C)s1.Cc1cccs1,pcr_M19,,,,,,,,,,,,,,,12/19/2023 4:20:14 AM,5,011_rln-nb-2443_018_ct-126_307.raw,1,Rxn_Opt_HSST3_2_98_2min,"M,19",2min_100_1500.EXP,"M,19",pcr_M19,pcr_M19,Eunjae Shim,57.36790090787226
M20,C1CON=C1C2=CC=C(C=C2)Br,"3-(4-bromophenyl)-4,5-dihydro-1,2-oxazole",0.09042920000000002 milligram,0.40000000000000013 micromole,0.09042920000000003 microliter,C9H8BrNO,1.0,Cc1ccc(B(O)O)s1,417716049,0.06815424 milligram,0.4800000000000001 micromole,0.06815424000000002 microliter,C5H7BO2S,1.1999999999999997,CC(C)C1=CC(C(C)C)=CC(C(C)C)=C1C2=C([P+](C3CCCCC3)([Pd-2]4(OS(C)(=O)=O)C(C=CC=C5)=C5C6=C([NH+]4C)C=CC=C6)C7CCCCC7)C=CC=C2,XPhos Pd G4,0.08260742400000001 milligram,0.09600000000000003 micromole,0.08260742400000003 microliter,C47H64NO3PPdS,0.24,C1COCCO1,DMF,20.52 milligram,232.90127800603818 micromole,21.6 microliter,C4H8O2,582.2531950150952,[K+].[K+].[K+].[O-]P([O-])([O-])=O,K3PO4,0.7641504000000002 milligram,3.6000000000000014 micromole,0.7641504000000005 microliter,K3O4P,9.0,O,water,3.047886095999999 milligram,169.18601698584507 micromole,3.047886095999999 microliter,H2O,422.96504246461257,CN1C=NC2=C1C(=O)N(C(=O)N2C)C,caffeine,0.09321168000000002 milligram,0.4800000000000001 micromole,0.09321168000000003 microliter,C8H10N4O2,1.1999999999999997,C1COCCO1,dioxane,3.3935943787199996 milligram,38.51717679522393 micromole,3.2947518239999996 microliter,C4H8O2,96.2929419880598,Cc1ccc(-c2ccc(C3=NOCC3)cc2)s1,suzuki_product,0.0 milligram,0.0 micromole,0 microliter,C14H13NOS,0.0,c1ccc(C2=NOCC2)cc1,dehalogenation_byproduct,0.0 milligram,0.0 micromole,0 microliter,C9H9NO,0.0,Cc1cccs1,deborylation_byproduct,0.0 milligram,0.0 micromole,0 microliter,C5H6S,0.0,C1CON=C1C2=CC=C(C=C2)Br.Cc1ccc(B(O)O)s1>>Cc1ccc(-c2ccc(C3=NOCC3)cc2)s1.Cc1cccs1.c1ccc(C2=NOCC2)cc1,pcr_M20,,,,,,,,,,,,,,,12/19/2023 4:22:43 AM,5,011_rln-nb-2443_018_ct-126_308.raw,1,Rxn_Opt_HSST3_2_98_2min,"M,20",2min_100_1500.EXP,"M,20",pcr_M20,pcr_M20,Eunjae Shim,24.826906748685293
M21,C1=NC(=C(NC1=O)Cl)Br,5-bromo-6-chloropyrazin-2-ol,0.08377200000000001 milligram,0.40000000000000013 micromole,0.08377200000000003 microliter,C4H2BrClN2O,1.0,Cc1ccc(B(O)O)s1,417716049,0.06815424 milligram,0.4800000000000001 micromole,0.06815424000000002 microliter,C5H7BO2S,1.1999999999999997,CC(C)C1=CC(C(C)C)=CC(C(C)C)=C1C2=C([P+](C3CCCCC3)([Pd-2]4(OS(C)(=O)=O)C(C=CC=C5)=C5C6=C([NH+]4C)C=CC=C6)C7CCCCC7)C=CC=C2,XPhos Pd G4,0.08260742400000001 milligram,0.09600000000000003 micromole,0.08260742400000003 microliter,C47H64NO3PPdS,0.24,C1COCCO1,DMF,20.52 milligram,232.90127800603818 micromole,21.6 microliter,C4H8O2,582.2531950150952,[K+].[K+].[K+].[O-]P([O-])([O-])=O,K3PO4,0.7641504000000002 milligram,3.6000000000000014 micromole,0.7641504000000005 microliter,K3O4P,9.0,O,water,3.047886095999999 milligram,169.18601698584507 micromole,3.047886095999999 microliter,H2O,422.96504246461257,CN1C=NC2=C1C(=O)N(C(=O)N2C)C,caffeine,0.09321168000000002 milligram,0.4800000000000001 micromole,0.09321168000000003 microliter,C8H10N4O2,1.1999999999999997,C1COCCO1,dioxane,3.3935943787199996 milligram,38.51717679522393 micromole,3.2947518239999996 microliter,C4H8O2,96.2929419880598,Cc1ccc(-c2[nH]c(=O)cnc2Br)s1,suzuki_product,0.0 milligram,0.0 micromole,0 microliter,C9H7BrN2OS,0.0,O=c1cncc(Cl)[nH]1,dehalogenation_byproduct,0.0 milligram,0.0 micromole,0 microliter,C4H3ClN2O,0.0,O=c1cnc(Br)c[nH]1,dehalogenation_byproduct,0.0 milligram,0.0 micromole,0 microliter,C4H3BrN2O,0.0,C1=NC(=C(NC1=O)Cl)Br.Cc1ccc(B(O)O)s1>>Cc1ccc(-c2[nH]c(=O)cnc2Br)s1.Cc1ccc(-c2ncc(=O)[nH]c2Cl)s1.Cc1cccs1.O=c1cnc(Br)c[nH]1.O=c1cncc(Cl)[nH]1,pcr_M21,Cc1ccc(-c2ncc(=O)[nH]c2Cl)s1,suzuki_product,0.0 milligram,0.0 micromole,0 microliter,C9H7ClN2OS,0.0,Cc1cccs1,deborylation_byproduct,0.0 milligram,0.0 micromole,0 microliter,C5H6S,0.0,12/19/2023 4:25:13 AM,5,011_rln-nb-2443_018_ct-126_309.raw,1,Rxn_Opt_HSST3_2_98_2min,"M,21",2min_100_1500.EXP,"M,21",pcr_M21,pcr_M21,Eunjae Shim,0.0
M22,Cc1c(Br)cnc2[nH]ccc12,"5-bromo-4-methyl-1H-pyrrolo[2,3-b]pyridine",0.08442480000000005 milligram,0.40000000000000013 micromole,0.08442480000000006 microliter,C8H7BrN2,1.0,Cc1ccc(B(O)O)s1,417716049,0.06815424 milligram,0.4800000000000001 micromole,0.06815424000000002 microliter,C5H7BO2S,1.1999999999999997,CC(C)C1=CC(C(C)C)=CC(C(C)C)=C1C2=C([P+](C3CCCCC3)([Pd-2]4(OS(C)(=O)=O)C(C=CC=C5)=C5C6=C([NH+]4C)C=CC=C6)C7CCCCC7)C=CC=C2,XPhos Pd G4,0.08260742400000001 milligram,0.09600000000000003 micromole,0.08260742400000003 microliter,C47H64NO3PPdS,0.24,C1COCCO1,DMF,20.52 milligram,232.90127800603818 micromole,21.6 microliter,C4H8O2,582.2531950150952,[K+].[K+].[K+].[O-]P([O-])([O-])=O,K3PO4,0.7641504000000002 milligram,3.6000000000000014 micromole,0.7641504000000005 microliter,K3O4P,9.0,O,water,3.047886095999999 milligram,169.18601698584507 micromole,3.047886095999999 microliter,H2O,422.96504246461257,CN1C=NC2=C1C(=O)N(C(=O)N2C)C,caffeine,0.09321168000000002 milligram,0.4800000000000001 micromole,0.09321168000000003 microliter,C8H10N4O2,1.1999999999999997,C1COCCO1,dioxane,3.3935943787199996 milligram,38.51717679522393 micromole,3.2947518239999996 microliter,C4H8O2,96.2929419880598,Cc1ccc(-c2cnc3[nH]ccc3c2C)s1,suzuki_product,0.0 milligram,0.0 micromole,0 microliter,C13H12N2S,0.0,Cc1ccnc2[nH]ccc12,dehalogenation_byproduct,0.0 milligram,0.0 micromole,0 microliter,C8H8N2,0.0,Cc1cccs1,deborylation_byproduct,0.0 milligram,0.0 micromole,0 microliter,C5H6S,0.0,Cc1c(Br)cnc2[nH]ccc12.Cc1ccc(B(O)O)s1>>Cc1ccc(-c2cnc3[nH]ccc3c2C)s1.Cc1cccs1.Cc1ccnc2[nH]ccc12,pcr_M22,,,,,,,,,,,,,,,12/19/2023 4:27:42 AM,5,011_rln-nb-2443_018_ct-126_310.raw,1,Rxn_Opt_HSST3_2_98_2min,"M,22",2min_100_1500.EXP,"M,22",pcr_M22,pcr_M22,Eunjae Shim,0.0
M23,COc1ccc(-c2nnc(Br)o2)cc1,"2-bromo-5-(4-methoxyphenyl)-1,3,4-oxadiazole",0.10202840000000003 milligram,0.40000000000000013 micromole,0.10202840000000006 microliter,C9H7BrN2O2,1.0,Cc1ccc(B(O)O)s1,417716049,0.06815424 milligram,0.4800000000000001 micromole,0.06815424000000002 microliter,C5H7BO2S,1.1999999999999997,CC(C)C1=CC(C(C)C)=CC(C(C)C)=C1C2=C([P+](C3CCCCC3)([Pd-2]4(OS(C)(=O)=O)C(C=CC=C5)=C5C6=C([NH+]4C)C=CC=C6)C7CCCCC7)C=CC=C2,XPhos Pd G4,0.08260742400000001 milligram,0.09600000000000003 micromole,0.08260742400000003 microliter,C47H64NO3PPdS,0.24,C1COCCO1,DMF,20.52 milligram,232.90127800603818 micromole,21.6 microliter,C4H8O2,582.2531950150952,[K+].[K+].[K+].[O-]P([O-])([O-])=O,K3PO4,0.7641504000000002 milligram,3.6000000000000014 micromole,0.7641504000000005 microliter,K3O4P,9.0,O,water,3.047886095999999 milligram,169.18601698584507 micromole,3.047886095999999 microliter,H2O,422.96504246461257,CN1C=NC2=C1C(=O)N(C(=O)N2C)C,caffeine,0.09321168000000002 milligram,0.4800000000000001 micromole,0.09321168000000003 microliter,C8H10N4O2,1.1999999999999997,C1COCCO1,dioxane,3.3935943787199996 milligram,38.51717679522393 micromole,3.2947518239999996 microliter,C4H8O2,96.2929419880598,COc1ccc(-c2nnc(-c3ccc(C)s3)o2)cc1,suzuki_product,0.0 milligram,0.0 micromole,0 microliter,C14H12N2O2S,0.0,COc1ccc(-c2nnco2)cc1,dehalogenation_byproduct,0.0 milligram,0.0 micromole,0 microliter,C9H8N2O2,0.0,Cc1cccs1,deborylation_byproduct,0.0 milligram,0.0 micromole,0 microliter,C5H6S,0.0,COc1ccc(-c2nnc(Br)o2)cc1.Cc1ccc(B(O)O)s1>>COc1ccc(-c2nnc(-c3ccc(C)s3)o2)cc1.COc1ccc(-c2nnco2)cc1.Cc1cccs1,pcr_M23,,,,,,,,,,,,,,,12/19/2023 4:30:11 AM,5,011_rln-nb-2443_018_ct-126_311.raw,1,Rxn_Opt_HSST3_2_98_2min,"M,23",2min_100_1500.EXP,"M,23",pcr_M23,pcr_M23,Eunjae Shim,0.0
M24,BrC1=CC=CC=C1,phenylbromide,0.06280400000000001 milligram,0.40000000000000013 micromole,0.06280400000000003 microliter,C6H5Br,1.0,Cc1ccc(B(O)O)s1,417716049,0.06815424 milligram,0.4800000000000001 micromole,0.06815424000000002 microliter,C5H7BO2S,1.1999999999999997,CC(C)C1=CC(C(C)C)=CC(C(C)C)=C1C2=C([P+](C3CCCCC3)([Pd-2]4(OS(C)(=O)=O)C(C=CC=C5)=C5C6=C([NH+]4C)C=CC=C6)C7CCCCC7)C=CC=C2,XPhos Pd G4,0.08260742400000001 milligram,0.09600000000000003 micromole,0.08260742400000003 microliter,C47H64NO3PPdS,0.24,C1COCCO1,DMF,20.52 milligram,232.90127800603818 micromole,21.6 microliter,C4H8O2,582.2531950150952,[K+].[K+].[K+].[O-]P([O-])([O-])=O,K3PO4,0.7641504000000002 milligram,3.6000000000000014 micromole,0.7641504000000005 microliter,K3O4P,9.0,O,water,3.047886095999999 milligram,169.18601698584507 micromole,3.047886095999999 microliter,H2O,422.96504246461257,CN1C=NC2=C1C(=O)N(C(=O)N2C)C,caffeine,0.09321168000000002 milligram,0.4800000000000001 micromole,0.09321168000000003 microliter,C8H10N4O2,1.1999999999999997,C1COCCO1,dioxane,3.3935943787199996 milligram,38.51717679522393 micromole,3.2947518239999996 microliter,C4H8O2,96.2929419880598,Cc1ccc(-c2ccccc2)s1,suzuki_product,0.0 milligram,0.0 micromole,0 microliter,C11H10S,0.0,c1ccccc1,dehalogenation_byproduct,0.0 milligram,0.0 micromole,0 microliter,C6H6,0.0,Cc1cccs1,deborylation_byproduct,0.0 milligram,0.0 micromole,0 microliter,C5H6S,0.0,BrC1=CC=CC=C1.Cc1ccc(B(O)O)s1>>Cc1ccc(-c2ccccc2)s1.Cc1cccs1.c1ccccc1,pcr_M24,,,,,,,,,,,,,,,12/19/2023 4:32:40 AM,5,011_rln-nb-2443_018_ct-126_312.raw,1,Rxn_Opt_HSST3_2_98_2min,"M,24",2min_100_1500.EXP,"M,24",pcr_M24,pcr_M24,Eunjae Shim,0.0
N1,CC1=C(C(=NN1C(C)C)N)Br,4-BROMO-1-ISOPROPYL-5-METHYL-1H-PYRAZOL-3-AMINE,0.08723920000000002 milligram,0.40000000000000013 micromole,0.08723920000000003 microliter,C7H12BrN3,1.0,CCn1cc(B(O)O)cn1,417386920,0.06717648 milligram,0.4800000000000001 micromole,0.06717648000000001 microliter,C5H9BN2O2,1.1999999999999997,CC(C)C1=CC(C(C)C)=CC(C(C)C)=C1C2=C([P+](C3CCCCC3)([Pd-2]4(OS(C)(=O)=O)C(C=CC=C5)=C5C6=C([NH+]4C)C=CC=C6)C7CCCCC7)C=CC=C2,XPhos Pd G4,0.08260742400000001 milligram,0.09600000000000003 micromole,0.08260742400000003 microliter,C47H64NO3PPdS,0.24,C1COCCO1,DMF,20.52 milligram,232.90127800603818 micromole,21.6 microliter,C4H8O2,582.2531950150952,[K+].[K+].[K+].[O-]P([O-])([O-])=O,K3PO4,0.7641504000000002 milligram,3.6000000000000014 micromole,0.7641504000000005 microliter,K3O4P,9.0,O,water,3.047886095999999 milligram,169.18601698584507 micromole,3.047886095999999 microliter,H2O,422.96504246461257,CN1C=NC2=C1C(=O)N(C(=O)N2C)C,caffeine,0.09321168000000002 milligram,0.4800000000000001 micromole,0.09321168000000003 microliter,C8H10N4O2,1.1999999999999997,C1COCCO1,dioxane,3.3935943787199996 milligram,38.51717679522393 micromole,3.2947518239999996 microliter,C4H8O2,96.2929419880598,CCn1cc(-c2c(N)nn(C(C)C)c2C)cn1,suzuki_product,0.0 milligram,0.0 micromole,0 microliter,C12H19N5,0.0,Cc1cc(N)nn1C(C)C,dehalogenation_byproduct,0.0 milligram,0.0 micromole,0 microliter,C7H13N3,0.0,CCn1cccn1,deborylation_byproduct,0.0 milligram,0.0 micromole,0 microliter,C5H8N2,0.0,CC1=C(C(=NN1C(C)C)N)Br.CCn1cc(B(O)O)cn1>>CCn1cc(-c2c(N)nn(C(C)C)c2C)cn1.CCn1cccn1.Cc1cc(N)nn1C(C)C,pcr_N1,,,,,,,,,,,,,,,12/19/2023 4:35:09 AM,5,011_rln-nb-2443_018_ct-126_313.raw,1,Rxn_Opt_HSST3_2_98_2min,"N,1",2min_100_1500.EXP,"N,1",pcr_N1,pcr_N1,Eunjae Shim,2.1338658022938533
N2,C1CON=C1C2=CC=C(C=C2)Br,"3-(4-bromophenyl)-4,5-dihydro-1,2-oxazole",0.09042920000000002 milligram,0.40000000000000013 micromole,0.09042920000000003 microliter,C9H8BrNO,1.0,CCn1cc(B(O)O)cn1,417386920,0.06717648 milligram,0.4800000000000001 micromole,0.06717648000000001 microliter,C5H9BN2O2,1.1999999999999997,CC(C)C1=CC(C(C)C)=CC(C(C)C)=C1C2=C([P+](C3CCCCC3)([Pd-2]4(OS(C)(=O)=O)C(C=CC=C5)=C5C6=C([NH+]4C)C=CC=C6)C7CCCCC7)C=CC=C2,XPhos Pd G4,0.08260742400000001 milligram,0.09600000000000003 micromole,0.08260742400000003 microliter,C47H64NO3PPdS,0.24,C1COCCO1,DMF,20.52 milligram,232.90127800603818 micromole,21.6 microliter,C4H8O2,582.2531950150952,[K+].[K+].[K+].[O-]P([O-])([O-])=O,K3PO4,0.7641504000000002 milligram,3.6000000000000014 micromole,0.7641504000000005 microliter,K3O4P,9.0,O,water,3.047886095999999 milligram,169.18601698584507 micromole,3.047886095999999 microliter,H2O,422.96504246461257,CN1C=NC2=C1C(=O)N(C(=O)N2C)C,caffeine,0.09321168000000002 milligram,0.4800000000000001 micromole,0.09321168000000003 microliter,C8H10N4O2,1.1999999999999997,C1COCCO1,dioxane,3.3935943787199996 milligram,38.51717679522393 micromole,3.2947518239999996 microliter,C4H8O2,96.2929419880598,CCn1cc(-c2ccc(C3=NOCC3)cc2)cn1,suzuki_product,0.0 milligram,0.0 micromole,0 microliter,C14H15N3O,0.0,c1ccc(C2=NOCC2)cc1,dehalogenation_byproduct,0.0 milligram,0.0 micromole,0 microliter,C9H9NO,0.0,CCn1cccn1,deborylation_byproduct,0.0 milligram,0.0 micromole,0 microliter,C5H8N2,0.0,C1CON=C1C2=CC=C(C=C2)Br.CCn1cc(B(O)O)cn1>>CCn1cc(-c2ccc(C3=NOCC3)cc2)cn1.CCn1cccn1.c1ccc(C2=NOCC2)cc1,pcr_N2,,,,,,,,,,,,,,,12/19/2023 4:37:39 AM,5,011_rln-nb-2443_018_ct-126_314.raw,1,Rxn_Opt_HSST3_2_98_2min,"N,2",2min_100_1500.EXP,"N,2",pcr_N2,pcr_N2,Eunjae Shim,58.07704937045591
N3,C1=NC(=C(NC1=O)Cl)Br,5-bromo-6-chloropyrazin-2-ol,0.08377200000000001 milligram,0.40000000000000013 micromole,0.08377200000000003 microliter,C4H2BrClN2O,1.0,CCn1cc(B(O)O)cn1,417386920,0.06717648 milligram,0.4800000000000001 micromole,0.06717648000000001 microliter,C5H9BN2O2,1.1999999999999997,CC(C)C1=CC(C(C)C)=CC(C(C)C)=C1C2=C([P+](C3CCCCC3)([Pd-2]4(OS(C)(=O)=O)C(C=CC=C5)=C5C6=C([NH+]4C)C=CC=C6)C7CCCCC7)C=CC=C2,XPhos Pd G4,0.08260742400000001 milligram,0.09600000000000003 micromole,0.08260742400000003 microliter,C47H64NO3PPdS,0.24,C1COCCO1,DMF,20.52 milligram,232.90127800603818 micromole,21.6 microliter,C4H8O2,582.2531950150952,[K+].[K+].[K+].[O-]P([O-])([O-])=O,K3PO4,0.7641504000000002 milligram,3.6000000000000014 micromole,0.7641504000000005 microliter,K3O4P,9.0,O,water,3.047886095999999 milligram,169.18601698584507 micromole,3.047886095999999 microliter,H2O,422.96504246461257,CN1C=NC2=C1C(=O)N(C(=O)N2C)C,caffeine,0.09321168000000002 milligram,0.4800000000000001 micromole,0.09321168000000003 microliter,C8H10N4O2,1.1999999999999997,C1COCCO1,dioxane,3.3935943787199996 milligram,38.51717679522393 micromole,3.2947518239999996 microliter,C4H8O2,96.2929419880598,CCn1cc(-c2[nH]c(=O)cnc2Br)cn1,suzuki_product,0.0 milligram,0.0 micromole,0 microliter,C9H9BrN4O,0.0,O=c1cncc(Cl)[nH]1,dehalogenation_byproduct,0.0 milligram,0.0 micromole,0 microliter,C4H3ClN2O,0.0,O=c1cnc(Br)c[nH]1,dehalogenation_byproduct,0.0 milligram,0.0 micromole,0 microliter,C4H3BrN2O,0.0,C1=NC(=C(NC1=O)Cl)Br.CCn1cc(B(O)O)cn1>>CCn1cc(-c2[nH]c(=O)cnc2Br)cn1.CCn1cc(-c2ncc(=O)[nH]c2Cl)cn1.CCn1cccn1.O=c1cnc(Br)c[nH]1.O=c1cncc(Cl)[nH]1,pcr_N3,CCn1cc(-c2ncc(=O)[nH]c2Cl)cn1,suzuki_product,0.0 milligram,0.0 micromole,0 microliter,C9H9ClN4O,0.0,CCn1cccn1,deborylation_byproduct,0.0 milligram,0.0 micromole,0 microliter,C5H8N2,0.0,12/19/2023 4:40:08 AM,5,011_rln-nb-2443_018_ct-126_315.raw,1,Rxn_Opt_HSST3_2_98_2min,"N,3",2min_100_1500.EXP,"N,3",pcr_N3,pcr_N3,Eunjae Shim,3.3765717647795235
N4,Cc1c(Br)cnc2[nH]ccc12,"5-bromo-4-methyl-1H-pyrrolo[2,3-b]pyridine",0.08442480000000005 milligram,0.40000000000000013 micromole,0.08442480000000006 microliter,C8H7BrN2,1.0,CCn1cc(B(O)O)cn1,417386920,0.06717648 milligram,0.4800000000000001 micromole,0.06717648000000001 microliter,C5H9BN2O2,1.1999999999999997,CC(C)C1=CC(C(C)C)=CC(C(C)C)=C1C2=C([P+](C3CCCCC3)([Pd-2]4(OS(C)(=O)=O)C(C=CC=C5)=C5C6=C([NH+]4C)C=CC=C6)C7CCCCC7)C=CC=C2,XPhos Pd G4,0.08260742400000001 milligram,0.09600000000000003 micromole,0.08260742400000003 microliter,C47H64NO3PPdS,0.24,C1COCCO1,DMF,20.52 milligram,232.90127800603818 micromole,21.6 microliter,C4H8O2,582.2531950150952,[K+].[K+].[K+].[O-]P([O-])([O-])=O,K3PO4,0.7641504000000002 milligram,3.6000000000000014 micromole,0.7641504000000005 microliter,K3O4P,9.0,O,water,3.047886095999999 milligram,169.18601698584507 micromole,3.047886095999999 microliter,H2O,422.96504246461257,CN1C=NC2=C1C(=O)N(C(=O)N2C)C,caffeine,0.09321168000000002 milligram,0.4800000000000001 micromole,0.09321168000000003 microliter,C8H10N4O2,1.1999999999999997,C1COCCO1,dioxane,3.3935943787199996 milligram,38.51717679522393 micromole,3.2947518239999996 microliter,C4H8O2,96.2929419880598,CCn1cc(-c2cnc3[nH]ccc3c2C)cn1,suzuki_product,0.0 milligram,0.0 micromole,0 microliter,C13H14N4,0.0,Cc1ccnc2[nH]ccc12,dehalogenation_byproduct,0.0 milligram,0.0 micromole,0 microliter,C8H8N2,0.0,CCn1cccn1,deborylation_byproduct,0.0 milligram,0.0 micromole,0 microliter,C5H8N2,0.0,CCn1cc(B(O)O)cn1.Cc1c(Br)cnc2[nH]ccc12>>CCn1cc(-c2cnc3[nH]ccc3c2C)cn1.CCn1cccn1.Cc1ccnc2[nH]ccc12,pcr_N4,,,,,,,,,,,,,,,12/19/2023 4:42:37 AM,5,011_rln-nb-2443_018_ct-126_316.raw,1,Rxn_Opt_HSST3_2_98_2min,"N,4",2min_100_1500.EXP,"N,4",pcr_N4,pcr_N4,Eunjae Shim,2.5985807850149274
N5,COc1ccc(-c2nnc(Br)o2)cc1,"2-bromo-5-(4-methoxyphenyl)-1,3,4-oxadiazole",0.10202840000000003 milligram,0.40000000000000013 micromole,0.10202840000000006 microliter,C9H7BrN2O2,1.0,CCn1cc(B(O)O)cn1,417386920,0.06717648 milligram,0.4800000000000001 micromole,0.06717648000000001 microliter,C5H9BN2O2,1.1999999999999997,CC(C)C1=CC(C(C)C)=CC(C(C)C)=C1C2=C([P+](C3CCCCC3)([Pd-2]4(OS(C)(=O)=O)C(C=CC=C5)=C5C6=C([NH+]4C)C=CC=C6)C7CCCCC7)C=CC=C2,XPhos Pd G4,0.08260742400000001 milligram,0.09600000000000003 micromole,0.08260742400000003 microliter,C47H64NO3PPdS,0.24,C1COCCO1,DMF,20.52 milligram,232.90127800603818 micromole,21.6 microliter,C4H8O2,582.2531950150952,[K+].[K+].[K+].[O-]P([O-])([O-])=O,K3PO4,0.7641504000000002 milligram,3.6000000000000014 micromole,0.7641504000000005 microliter,K3O4P,9.0,O,water,3.047886095999999 milligram,169.18601698584507 micromole,3.047886095999999 microliter,H2O,422.96504246461257,CN1C=NC2=C1C(=O)N(C(=O)N2C)C,caffeine,0.09321168000000002 milligram,0.4800000000000001 micromole,0.09321168000000003 microliter,C8H10N4O2,1.1999999999999997,C1COCCO1,dioxane,3.3935943787199996 milligram,38.51717679522393 micromole,3.2947518239999996 microliter,C4H8O2,96.2929419880598,CCn1cc(-c2nnc(-c3ccc(OC)cc3)o2)cn1,suzuki_product,0.0 milligram,0.0 micromole,0 microliter,C14H14N4O2,0.0,COc1ccc(-c2nnco2)cc1,dehalogenation_byproduct,0.0 milligram,0.0 micromole,0 microliter,C9H8N2O2,0.0,CCn1cccn1,deborylation_byproduct,0.0 milligram,0.0 micromole,0 microliter,C5H8N2,0.0,CCn1cc(B(O)O)cn1.COc1ccc(-c2nnc(Br)o2)cc1>>CCn1cc(-c2nnc(-c3ccc(OC)cc3)o2)cn1.CCn1cccn1.COc1ccc(-c2nnco2)cc1,pcr_N5,,,,,,,,,,,,,,,12/19/2023 4:45:06 AM,5,011_rln-nb-2443_018_ct-126_317.raw,1,Rxn_Opt_HSST3_2_98_2min,"N,5",2min_100_1500.EXP,"N,5",pcr_N5,pcr_N5,Eunjae Shim,6.379118603008209
N6,BrC1=CC=CC=C1,phenylbromide,0.06280400000000001 milligram,0.40000000000000013 micromole,0.06280400000000003 microliter,C6H5Br,1.0,CCn1cc(B(O)O)cn1,417386920,0.06717648 milligram,0.4800000000000001 micromole,0.06717648000000001 microliter,C5H9BN2O2,1.1999999999999997,CC(C)C1=CC(C(C)C)=CC(C(C)C)=C1C2=C([P+](C3CCCCC3)([Pd-2]4(OS(C)(=O)=O)C(C=CC=C5)=C5C6=C([NH+]4C)C=CC=C6)C7CCCCC7)C=CC=C2,XPhos Pd G4,0.08260742400000001 milligram,0.09600000000000003 micromole,0.08260742400000003 microliter,C47H64NO3PPdS,0.24,C1COCCO1,DMF,20.52 milligram,232.90127800603818 micromole,21.6 microliter,C4H8O2,582.2531950150952,[K+].[K+].[K+].[O-]P([O-])([O-])=O,K3PO4,0.7641504000000002 milligram,3.6000000000000014 micromole,0.7641504000000005 microliter,K3O4P,9.0,O,water,3.047886095999999 milligram,169.18601698584507 micromole,3.047886095999999 microliter,H2O,422.96504246461257,CN1C=NC2=C1C(=O)N(C(=O)N2C)C,caffeine,0.09321168000000002 milligram,0.4800000000000001 micromole,0.09321168000000003 microliter,C8H10N4O2,1.1999999999999997,C1COCCO1,dioxane,3.3935943787199996 milligram,38.51717679522393 micromole,3.2947518239999996 microliter,C4H8O2,96.2929419880598,CCn1cc(-c2ccccc2)cn1,suzuki_product,0.0 milligram,0.0 micromole,0 microliter,C11H12N2,0.0,c1ccccc1,dehalogenation_byproduct,0.0 milligram,0.0 micromole,0 microliter,C6H6,0.0,CCn1cccn1,deborylation_byproduct,0.0 milligram,0.0 micromole,0 microliter,C5H8N2,0.0,BrC1=CC=CC=C1.CCn1cc(B(O)O)cn1>>CCn1cc(-c2ccccc2)cn1.CCn1cccn1.c1ccccc1,pcr_N6,,,,,,,,,,,,,,,12/19/2023 4:47:35 AM,5,011_rln-nb-2443_018_ct-126_318.raw,1,Rxn_Opt_HSST3_2_98_2min,"N,6",2min_100_1500.EXP,"N,6",pcr_N6,pcr_N6,Eunjae Shim,0.0
N7,CC1=C(C(=NN1C(C)C)N)Br,4-BROMO-1-ISOPROPYL-5-METHYL-1H-PYRAZOL-3-AMINE,0.08723920000000002 milligram,0.40000000000000013 micromole,0.08723920000000003 microliter,C7H12BrN3,1.0,CC1(C)OB(c2ccc3c(c2)CC(=O)N3)OC1(C)C,417718104,0.12437472000000001 milligram,0.4800000000000001 micromole,0.12437472000000004 microliter,C14H18BNO3,1.1999999999999997,CC(C)C1=CC(C(C)C)=CC(C(C)C)=C1C2=C([P+](C3CCCCC3)([Pd-2]4(OS(C)(=O)=O)C(C=CC=C5)=C5C6=C([NH+]4C)C=CC=C6)C7CCCCC7)C=CC=C2,XPhos Pd G4,0.08260742400000001 milligram,0.09600000000000003 micromole,0.08260742400000003 microliter,C47H64NO3PPdS,0.24,C1COCCO1,DMF,20.52 milligram,232.90127800603818 micromole,21.6 microliter,C4H8O2,582.2531950150952,[K+].[K+].[K+].[O-]P([O-])([O-])=O,K3PO4,0.7641504000000002 milligram,3.6000000000000014 micromole,0.7641504000000005 microliter,K3O4P,9.0,O,water,3.047886095999999 milligram,169.18601698584507 micromole,3.047886095999999 microliter,H2O,422.96504246461257,CN1C=NC2=C1C(=O)N(C(=O)N2C)C,caffeine,0.09321168000000002 milligram,0.4800000000000001 micromole,0.09321168000000003 microliter,C8H10N4O2,1.1999999999999997,C1COCCO1,dioxane,3.3935943787199996 milligram,38.51717679522393 micromole,3.2947518239999996 microliter,C4H8O2,96.2929419880598,Cc1c(-c2ccc3c(c2)CC(=O)N3)c(N)nn1C(C)C,suzuki_product,0.0 milligram,0.0 micromole,0 microliter,C15H18N4O,0.0,Cc1cc(N)nn1C(C)C,dehalogenation_byproduct,0.0 milligram,0.0 micromole,0 microliter,C7H13N3,0.0,O=C1Cc2ccccc2N1,deborylation_byproduct,0.0 milligram,0.0 micromole,0 microliter,C8H7NO,0.0,CC1(C)OB(c2ccc3c(c2)CC(=O)N3)OC1(C)C.CC1=C(C(=NN1C(C)C)N)Br>>Cc1c(-c2ccc3c(c2)CC(=O)N3)c(N)nn1C(C)C.Cc1cc(N)nn1C(C)C.O=C1Cc2ccccc2N1,pcr_N7,,,,,,,,,,,,,,,12/19/2023 4:50:05 AM,5,011_rln-nb-2443_018_ct-126_319.raw,1,Rxn_Opt_HSST3_2_98_2min,"N,7",2min_100_1500.EXP,"N,7",pcr_N7,pcr_N7,Eunjae Shim,7.623036593237248
N8,C1CON=C1C2=CC=C(C=C2)Br,"3-(4-bromophenyl)-4,5-dihydro-1,2-oxazole",0.09042920000000002 milligram,0.40000000000000013 micromole,0.09042920000000003 microliter,C9H8BrNO,1.0,CC1(C)OB(c2ccc3c(c2)CC(=O)N3)OC1(C)C,417718104,0.12437472000000001 milligram,0.4800000000000001 micromole,0.12437472000000004 microliter,C14H18BNO3,1.1999999999999997,CC(C)C1=CC(C(C)C)=CC(C(C)C)=C1C2=C([P+](C3CCCCC3)([Pd-2]4(OS(C)(=O)=O)C(C=CC=C5)=C5C6=C([NH+]4C)C=CC=C6)C7CCCCC7)C=CC=C2,XPhos Pd G4,0.08260742400000001 milligram,0.09600000000000003 micromole,0.08260742400000003 microliter,C47H64NO3PPdS,0.24,C1COCCO1,DMF,20.52 milligram,232.90127800603818 micromole,21.6 microliter,C4H8O2,582.2531950150952,[K+].[K+].[K+].[O-]P([O-])([O-])=O,K3PO4,0.7641504000000002 milligram,3.6000000000000014 micromole,0.7641504000000005 microliter,K3O4P,9.0,O,water,3.047886095999999 milligram,169.18601698584507 micromole,3.047886095999999 microliter,H2O,422.96504246461257,CN1C=NC2=C1C(=O)N(C(=O)N2C)C,caffeine,0.09321168000000002 milligram,0.4800000000000001 micromole,0.09321168000000003 microliter,C8H10N4O2,1.1999999999999997,C1COCCO1,dioxane,3.3935943787199996 milligram,38.51717679522393 micromole,3.2947518239999996 microliter,C4H8O2,96.2929419880598,O=C1Cc2cc(-c3ccc(C4=NOCC4)cc3)ccc2N1,suzuki_product,0.0 milligram,0.0 micromole,0 microliter,C17H14N2O2,0.0,c1ccc(C2=NOCC2)cc1,dehalogenation_byproduct,0.0 milligram,0.0 micromole,0 microliter,C9H9NO,0.0,O=C1Cc2ccccc2N1,deborylation_byproduct,0.0 milligram,0.0 micromole,0 microliter,C8H7NO,0.0,C1CON=C1C2=CC=C(C=C2)Br.CC1(C)OB(c2ccc3c(c2)CC(=O)N3)OC1(C)C>>O=C1Cc2cc(-c3ccc(C4=NOCC4)cc3)ccc2N1.O=C1Cc2ccccc2N1.c1ccc(C2=NOCC2)cc1,pcr_N8,,,,,,,,,,,,,,,12/19/2023 4:52:34 AM,5,011_rln-nb-2443_018_ct-126_320.raw,1,Rxn_Opt_HSST3_2_98_2min,"N,8",2min_100_1500.EXP,"N,8",pcr_N8,pcr_N8,Eunjae Shim,0.0
N9,C1=NC(=C(NC1=O)Cl)Br,5-bromo-6-chloropyrazin-2-ol,0.08377200000000001 milligram,0.40000000000000013 micromole,0.08377200000000003 microliter,C4H2BrClN2O,1.0,CC1(C)OB(c2ccc3c(c2)CC(=O)N3)OC1(C)C,417718104,0.12437472000000001 milligram,0.4800000000000001 micromole,0.12437472000000004 microliter,C14H18BNO3,1.1999999999999997,CC(C)C1=CC(C(C)C)=CC(C(C)C)=C1C2=C([P+](C3CCCCC3)([Pd-2]4(OS(C)(=O)=O)C(C=CC=C5)=C5C6=C([NH+]4C)C=CC=C6)C7CCCCC7)C=CC=C2,XPhos Pd G4,0.08260742400000001 milligram,0.09600000000000003 micromole,0.08260742400000003 microliter,C47H64NO3PPdS,0.24,C1COCCO1,DMF,20.52 milligram,232.90127800603818 micromole,21.6 microliter,C4H8O2,582.2531950150952,[K+].[K+].[K+].[O-]P([O-])([O-])=O,K3PO4,0.7641504000000002 milligram,3.6000000000000014 micromole,0.7641504000000005 microliter,K3O4P,9.0,O,water,3.047886095999999 milligram,169.18601698584507 micromole,3.047886095999999 microliter,H2O,422.96504246461257,CN1C=NC2=C1C(=O)N(C(=O)N2C)C,caffeine,0.09321168000000002 milligram,0.4800000000000001 micromole,0.09321168000000003 microliter,C8H10N4O2,1.1999999999999997,C1COCCO1,dioxane,3.3935943787199996 milligram,38.51717679522393 micromole,3.2947518239999996 microliter,C4H8O2,96.2929419880598,O=C1Cc2cc(-c3[nH]c(=O)cnc3Br)ccc2N1,suzuki_product,0.0 milligram,0.0 micromole,0 microliter,C12H8BrN3O2,0.0,O=c1cncc(Cl)[nH]1,dehalogenation_byproduct,0.0 milligram,0.0 micromole,0 microliter,C4H3ClN2O,0.0,O=c1cnc(Br)c[nH]1,dehalogenation_byproduct,0.0 milligram,0.0 micromole,0 microliter,C4H3BrN2O,0.0,C1=NC(=C(NC1=O)Cl)Br.CC1(C)OB(c2ccc3c(c2)CC(=O)N3)OC1(C)C>>O=C1Cc2cc(-c3[nH]c(=O)cnc3Br)ccc2N1.O=C1Cc2cc(-c3ncc(=O)[nH]c3Cl)ccc2N1.O=C1Cc2ccccc2N1.O=c1cnc(Br)c[nH]1.O=c1cncc(Cl)[nH]1,pcr_N9,O=C1Cc2cc(-c3ncc(=O)[nH]c3Cl)ccc2N1,suzuki_product,0.0 milligram,0.0 micromole,0 microliter,C12H8ClN3O2,0.0,O=C1Cc2ccccc2N1,deborylation_byproduct,0.0 milligram,0.0 micromole,0 microliter,C8H7NO,0.0,12/19/2023 4:55:04 AM,5,011_rln-nb-2443_018_ct-126_321.raw,1,Rxn_Opt_HSST3_2_98_2min,"N,9",2min_100_1500.EXP,"N,9",pcr_N9,pcr_N9,Eunjae Shim,45.75167771268237
N10,Cc1c(Br)cnc2[nH]ccc12,"5-bromo-4-methyl-1H-pyrrolo[2,3-b]pyridine",0.08442480000000005 milligram,0.40000000000000013 micromole,0.08442480000000006 microliter,C8H7BrN2,1.0,CC1(C)OB(c2ccc3c(c2)CC(=O)N3)OC1(C)C,417718104,0.12437472000000001 milligram,0.4800000000000001 micromole,0.12437472000000004 microliter,C14H18BNO3,1.1999999999999997,CC(C)C1=CC(C(C)C)=CC(C(C)C)=C1C2=C([P+](C3CCCCC3)([Pd-2]4(OS(C)(=O)=O)C(C=CC=C5)=C5C6=C([NH+]4C)C=CC=C6)C7CCCCC7)C=CC=C2,XPhos Pd G4,0.08260742400000001 milligram,0.09600000000000003 micromole,0.08260742400000003 microliter,C47H64NO3PPdS,0.24,C1COCCO1,DMF,20.52 milligram,232.90127800603818 micromole,21.6 microliter,C4H8O2,582.2531950150952,[K+].[K+].[K+].[O-]P([O-])([O-])=O,K3PO4,0.7641504000000002 milligram,3.6000000000000014 micromole,0.7641504000000005 microliter,K3O4P,9.0,O,water,3.047886095999999 milligram,169.18601698584507 micromole,3.047886095999999 microliter,H2O,422.96504246461257,CN1C=NC2=C1C(=O)N(C(=O)N2C)C,caffeine,0.09321168000000002 milligram,0.4800000000000001 micromole,0.09321168000000003 microliter,C8H10N4O2,1.1999999999999997,C1COCCO1,dioxane,3.3935943787199996 milligram,38.51717679522393 micromole,3.2947518239999996 microliter,C4H8O2,96.2929419880598,Cc1c(-c2ccc3c(c2)CC(=O)N3)cnc2[nH]ccc12,suzuki_product,0.0 milligram,0.0 micromole,0 microliter,C16H13N3O,0.0,Cc1ccnc2[nH]ccc12,dehalogenation_byproduct,0.0 milligram,0.0 micromole,0 microliter,C8H8N2,0.0,O=C1Cc2ccccc2N1,deborylation_byproduct,0.0 milligram,0.0 micromole,0 microliter,C8H7NO,0.0,CC1(C)OB(c2ccc3c(c2)CC(=O)N3)OC1(C)C.Cc1c(Br)cnc2[nH]ccc12>>Cc1c(-c2ccc3c(c2)CC(=O)N3)cnc2[nH]ccc12.Cc1ccnc2[nH]ccc12.O=C1Cc2ccccc2N1,pcr_N10,,,,,,,,,,,,,,,12/19/2023 4:57:33 AM,5,011_rln-nb-2443_018_ct-126_322.raw,1,Rxn_Opt_HSST3_2_98_2min,"N,10",2min_100_1500.EXP,"N,10",pcr_N10,pcr_N10,Eunjae Shim,0.0
N11,COc1ccc(-c2nnc(Br)o2)cc1,"2-bromo-5-(4-methoxyphenyl)-1,3,4-oxadiazole",0.10202840000000003 milligram,0.40000000000000013 micromole,0.10202840000000006 microliter,C9H7BrN2O2,1.0,CC1(C)OB(c2ccc3c(c2)CC(=O)N3)OC1(C)C,417718104,0.12437472000000001 milligram,0.4800000000000001 micromole,0.12437472000000004 microliter,C14H18BNO3,1.1999999999999997,CC(C)C1=CC(C(C)C)=CC(C(C)C)=C1C2=C([P+](C3CCCCC3)([Pd-2]4(OS(C)(=O)=O)C(C=CC=C5)=C5C6=C([NH+]4C)C=CC=C6)C7CCCCC7)C=CC=C2,XPhos Pd G4,0.08260742400000001 milligram,0.09600000000000003 micromole,0.08260742400000003 microliter,C47H64NO3PPdS,0.24,C1COCCO1,DMF,20.52 milligram,232.90127800603818 micromole,21.6 microliter,C4H8O2,582.2531950150952,[K+].[K+].[K+].[O-]P([O-])([O-])=O,K3PO4,0.7641504000000002 milligram,3.6000000000000014 micromole,0.7641504000000005 microliter,K3O4P,9.0,O,water,3.047886095999999 milligram,169.18601698584507 micromole,3.047886095999999 microliter,H2O,422.96504246461257,CN1C=NC2=C1C(=O)N(C(=O)N2C)C,caffeine,0.09321168000000002 milligram,0.4800000000000001 micromole,0.09321168000000003 microliter,C8H10N4O2,1.1999999999999997,C1COCCO1,dioxane,3.3935943787199996 milligram,38.51717679522393 micromole,3.2947518239999996 microliter,C4H8O2,96.2929419880598,COc1ccc(-c2nnc(-c3ccc4c(c3)CC(=O)N4)o2)cc1,suzuki_product,0.0 milligram,0.0 micromole,0 microliter,C17H13N3O3,0.0,COc1ccc(-c2nnco2)cc1,dehalogenation_byproduct,0.0 milligram,0.0 micromole,0 microliter,C9H8N2O2,0.0,O=C1Cc2ccccc2N1,deborylation_byproduct,0.0 milligram,0.0 micromole,0 microliter,C8H7NO,0.0,CC1(C)OB(c2ccc3c(c2)CC(=O)N3)OC1(C)C.COc1ccc(-c2nnc(Br)o2)cc1>>COc1ccc(-c2nnc(-c3ccc4c(c3)CC(=O)N4)o2)cc1.COc1ccc(-c2nnco2)cc1.O=C1Cc2ccccc2N1,pcr_N11,,,,,,,,,,,,,,,12/19/2023 5:00:03 AM,5,011_rln-nb-2443_018_ct-126_323.raw,1,Rxn_Opt_HSST3_2_98_2min,"N,11",2min_100_1500.EXP,"N,11",pcr_N11,pcr_N11,Eunjae Shim,0.0
N12,BrC1=CC=CC=C1,phenylbromide,0.06280400000000001 milligram,0.40000000000000013 micromole,0.06280400000000003 microliter,C6H5Br,1.0,CC1(C)OB(c2ccc3c(c2)CC(=O)N3)OC1(C)C,417718104,0.12437472000000001 milligram,0.4800000000000001 micromole,0.12437472000000004 microliter,C14H18BNO3,1.1999999999999997,CC(C)C1=CC(C(C)C)=CC(C(C)C)=C1C2=C([P+](C3CCCCC3)([Pd-2]4(OS(C)(=O)=O)C(C=CC=C5)=C5C6=C([NH+]4C)C=CC=C6)C7CCCCC7)C=CC=C2,XPhos Pd G4,0.08260742400000001 milligram,0.09600000000000003 micromole,0.08260742400000003 microliter,C47H64NO3PPdS,0.24,C1COCCO1,DMF,20.52 milligram,232.90127800603818 micromole,21.6 microliter,C4H8O2,582.2531950150952,[K+].[K+].[K+].[O-]P([O-])([O-])=O,K3PO4,0.7641504000000002 milligram,3.6000000000000014 micromole,0.7641504000000005 microliter,K3O4P,9.0,O,water,3.047886095999999 milligram,169.18601698584507 micromole,3.047886095999999 microliter,H2O,422.96504246461257,CN1C=NC2=C1C(=O)N(C(=O)N2C)C,caffeine,0.09321168000000002 milligram,0.4800000000000001 micromole,0.09321168000000003 microliter,C8H10N4O2,1.1999999999999997,C1COCCO1,dioxane,3.3935943787199996 milligram,38.51717679522393 micromole,3.2947518239999996 microliter,C4H8O2,96.2929419880598,O=C1Cc2cc(-c3ccccc3)ccc2N1,suzuki_product,0.0 milligram,0.0 micromole,0 microliter,C14H11NO,0.0,c1ccccc1,dehalogenation_byproduct,0.0 milligram,0.0 micromole,0 microliter,C6H6,0.0,O=C1Cc2ccccc2N1,deborylation_byproduct,0.0 milligram,0.0 micromole,0 microliter,C8H7NO,0.0,BrC1=CC=CC=C1.CC1(C)OB(c2ccc3c(c2)CC(=O)N3)OC1(C)C>>O=C1Cc2cc(-c3ccccc3)ccc2N1.O=C1Cc2ccccc2N1.c1ccccc1,pcr_N12,,,,,,,,,,,,,,,12/19/2023 5:02:32 AM,5,011_rln-nb-2443_018_ct-126_324.raw,1,Rxn_Opt_HSST3_2_98_2min,"N,12",2min_100_1500.EXP,"N,12",pcr_N12,pcr_N12,Eunjae Shim,0.0
N13,CC1=C(C(=NN1C(C)C)N)Br,4-BROMO-1-ISOPROPYL-5-METHYL-1H-PYRAZOL-3-AMINE,0.08723920000000002 milligram,0.40000000000000013 micromole,0.08723920000000003 microliter,C7H12BrN3,1.0,CCn1cc(B(O)O)cn1,417386920,0.06717648 milligram,0.4800000000000001 micromole,0.06717648000000001 microliter,C5H9BN2O2,1.1999999999999997,CC(C)C1=CC(C(C)C)=CC(C(C)C)=C1C2=C([P+](C3CCCCC3)([Pd-2]4(OS(C)(=O)=O)C(C=CC=C5)=C5C6=C([NH+]4C)C=CC=C6)C7CCCCC7)C=CC=C2,XPhos Pd G4,0.08260742400000001 milligram,0.09600000000000003 micromole,0.08260742400000003 microliter,C47H64NO3PPdS,0.24,C1COCCO1,DMF,20.52 milligram,232.90127800603818 micromole,21.6 microliter,C4H8O2,582.2531950150952,[K+].[K+].[K+].[O-]P([O-])([O-])=O,K3PO4,0.7641504000000002 milligram,3.6000000000000014 micromole,0.7641504000000005 microliter,K3O4P,9.0,O,water,3.047886095999999 milligram,169.18601698584507 micromole,3.047886095999999 microliter,H2O,422.96504246461257,CN1C=NC2=C1C(=O)N(C(=O)N2C)C,caffeine,0.09321168000000002 milligram,0.4800000000000001 micromole,0.09321168000000003 microliter,C8H10N4O2,1.1999999999999997,C1COCCO1,dioxane,3.3935943787199996 milligram,38.51717679522393 micromole,3.2947518239999996 microliter,C4H8O2,96.2929419880598,CCn1cc(-c2c(N)nn(C(C)C)c2C)cn1,suzuki_product,0.0 milligram,0.0 micromole,0 microliter,C12H19N5,0.0,Cc1cc(N)nn1C(C)C,dehalogenation_byproduct,0.0 milligram,0.0 micromole,0 microliter,C7H13N3,0.0,CCn1cccn1,deborylation_byproduct,0.0 milligram,0.0 micromole,0 microliter,C5H8N2,0.0,CC1=C(C(=NN1C(C)C)N)Br.CCn1cc(B(O)O)cn1>>CCn1cc(-c2c(N)nn(C(C)C)c2C)cn1.CCn1cccn1.Cc1cc(N)nn1C(C)C,pcr_N13,,,,,,,,,,,,,,,12/19/2023 5:05:01 AM,5,011_rln-nb-2443_018_ct-126_325.raw,1,Rxn_Opt_HSST3_2_98_2min,"N,13",2min_100_1500.EXP,"N,13",pcr_N13,pcr_N13,Eunjae Shim,1.9486484786215286
N14,C1CON=C1C2=CC=C(C=C2)Br,"3-(4-bromophenyl)-4,5-dihydro-1,2-oxazole",0.09042920000000002 milligram,0.40000000000000013 micromole,0.09042920000000003 microliter,C9H8BrNO,1.0,CCn1cc(B(O)O)cn1,417386920,0.06717648 milligram,0.4800000000000001 micromole,0.06717648000000001 microliter,C5H9BN2O2,1.1999999999999997,CC(C)C1=CC(C(C)C)=CC(C(C)C)=C1C2=C([P+](C3CCCCC3)([Pd-2]4(OS(C)(=O)=O)C(C=CC=C5)=C5C6=C([NH+]4C)C=CC=C6)C7CCCCC7)C=CC=C2,XPhos Pd G4,0.08260742400000001 milligram,0.09600000000000003 micromole,0.08260742400000003 microliter,C47H64NO3PPdS,0.24,C1COCCO1,DMF,20.52 milligram,232.90127800603818 micromole,21.6 microliter,C4H8O2,582.2531950150952,[K+].[K+].[K+].[O-]P([O-])([O-])=O,K3PO4,0.7641504000000002 milligram,3.6000000000000014 micromole,0.7641504000000005 microliter,K3O4P,9.0,O,water,3.047886095999999 milligram,169.18601698584507 micromole,3.047886095999999 microliter,H2O,422.96504246461257,CN1C=NC2=C1C(=O)N(C(=O)N2C)C,caffeine,0.09321168000000002 milligram,0.4800000000000001 micromole,0.09321168000000003 microliter,C8H10N4O2,1.1999999999999997,C1COCCO1,dioxane,3.3935943787199996 milligram,38.51717679522393 micromole,3.2947518239999996 microliter,C4H8O2,96.2929419880598,CCn1cc(-c2ccc(C3=NOCC3)cc2)cn1,suzuki_product,0.0 milligram,0.0 micromole,0 microliter,C14H15N3O,0.0,c1ccc(C2=NOCC2)cc1,dehalogenation_byproduct,0.0 milligram,0.0 micromole,0 microliter,C9H9NO,0.0,CCn1cccn1,deborylation_byproduct,0.0 milligram,0.0 micromole,0 microliter,C5H8N2,0.0,C1CON=C1C2=CC=C(C=C2)Br.CCn1cc(B(O)O)cn1>>CCn1cc(-c2ccc(C3=NOCC3)cc2)cn1.CCn1cccn1.c1ccc(C2=NOCC2)cc1,pcr_N14,,,,,,,,,,,,,,,12/19/2023 5:07:30 AM,5,011_rln-nb-2443_018_ct-126_326.raw,1,Rxn_Opt_HSST3_2_98_2min,"N,14",2min_100_1500.EXP,"N,14",pcr_N14,pcr_N14,Eunjae Shim,58.151837404640126
N15,C1=NC(=C(NC1=O)Cl)Br,5-bromo-6-chloropyrazin-2-ol,0.08377200000000001 milligram,0.40000000000000013 micromole,0.08377200000000003 microliter,C4H2BrClN2O,1.0,CCn1cc(B(O)O)cn1,417386920,0.06717648 milligram,0.4800000000000001 micromole,0.06717648000000001 microliter,C5H9BN2O2,1.1999999999999997,CC(C)C1=CC(C(C)C)=CC(C(C)C)=C1C2=C([P+](C3CCCCC3)([Pd-2]4(OS(C)(=O)=O)C(C=CC=C5)=C5C6=C([NH+]4C)C=CC=C6)C7CCCCC7)C=CC=C2,XPhos Pd G4,0.08260742400000001 milligram,0.09600000000000003 micromole,0.08260742400000003 microliter,C47H64NO3PPdS,0.24,C1COCCO1,DMF,20.52 milligram,232.90127800603818 micromole,21.6 microliter,C4H8O2,582.2531950150952,[K+].[K+].[K+].[O-]P([O-])([O-])=O,K3PO4,0.7641504000000002 milligram,3.6000000000000014 micromole,0.7641504000000005 microliter,K3O4P,9.0,O,water,3.047886095999999 milligram,169.18601698584507 micromole,3.047886095999999 microliter,H2O,422.96504246461257,CN1C=NC2=C1C(=O)N(C(=O)N2C)C,caffeine,0.09321168000000002 milligram,0.4800000000000001 micromole,0.09321168000000003 microliter,C8H10N4O2,1.1999999999999997,C1COCCO1,dioxane,3.3935943787199996 milligram,38.51717679522393 micromole,3.2947518239999996 microliter,C4H8O2,96.2929419880598,CCn1cc(-c2[nH]c(=O)cnc2Br)cn1,suzuki_product,0.0 milligram,0.0 micromole,0 microliter,C9H9BrN4O,0.0,O=c1cncc(Cl)[nH]1,dehalogenation_byproduct,0.0 milligram,0.0 micromole,0 microliter,C4H3ClN2O,0.0,O=c1cnc(Br)c[nH]1,dehalogenation_byproduct,0.0 milligram,0.0 micromole,0 microliter,C4H3BrN2O,0.0,C1=NC(=C(NC1=O)Cl)Br.CCn1cc(B(O)O)cn1>>CCn1cc(-c2[nH]c(=O)cnc2Br)cn1.CCn1cc(-c2ncc(=O)[nH]c2Cl)cn1.CCn1cccn1.O=c1cnc(Br)c[nH]1.O=c1cncc(Cl)[nH]1,pcr_N15,CCn1cc(-c2ncc(=O)[nH]c2Cl)cn1,suzuki_product,0.0 milligram,0.0 micromole,0 microliter,C9H9ClN4O,0.0,CCn1cccn1,deborylation_byproduct,0.0 milligram,0.0 micromole,0 microliter,C5H8N2,0.0,12/19/2023 5:09:59 AM,5,011_rln-nb-2443_018_ct-126_327.raw,1,Rxn_Opt_HSST3_2_98_2min,"N,15",2min_100_1500.EXP,"N,15",pcr_N15,pcr_N15,Eunjae Shim,3.543397230521667
N16,Cc1c(Br)cnc2[nH]ccc12,"5-bromo-4-methyl-1H-pyrrolo[2,3-b]pyridine",0.08442480000000005 milligram,0.40000000000000013 micromole,0.08442480000000006 microliter,C8H7BrN2,1.0,CCn1cc(B(O)O)cn1,417386920,0.06717648 milligram,0.4800000000000001 micromole,0.06717648000000001 microliter,C5H9BN2O2,1.1999999999999997,CC(C)C1=CC(C(C)C)=CC(C(C)C)=C1C2=C([P+](C3CCCCC3)([Pd-2]4(OS(C)(=O)=O)C(C=CC=C5)=C5C6=C([NH+]4C)C=CC=C6)C7CCCCC7)C=CC=C2,XPhos Pd G4,0.08260742400000001 milligram,0.09600000000000003 micromole,0.08260742400000003 microliter,C47H64NO3PPdS,0.24,C1COCCO1,DMF,20.52 milligram,232.90127800603818 micromole,21.6 microliter,C4H8O2,582.2531950150952,[K+].[K+].[K+].[O-]P([O-])([O-])=O,K3PO4,0.7641504000000002 milligram,3.6000000000000014 micromole,0.7641504000000005 microliter,K3O4P,9.0,O,water,3.047886095999999 milligram,169.18601698584507 micromole,3.047886095999999 microliter,H2O,422.96504246461257,CN1C=NC2=C1C(=O)N(C(=O)N2C)C,caffeine,0.09321168000000002 milligram,0.4800000000000001 micromole,0.09321168000000003 microliter,C8H10N4O2,1.1999999999999997,C1COCCO1,dioxane,3.3935943787199996 milligram,38.51717679522393 micromole,3.2947518239999996 microliter,C4H8O2,96.2929419880598,CCn1cc(-c2cnc3[nH]ccc3c2C)cn1,suzuki_product,0.0 milligram,0.0 micromole,0 microliter,C13H14N4,0.0,Cc1ccnc2[nH]ccc12,dehalogenation_byproduct,0.0 milligram,0.0 micromole,0 microliter,C8H8N2,0.0,CCn1cccn1,deborylation_byproduct,0.0 milligram,0.0 micromole,0 microliter,C5H8N2,0.0,CCn1cc(B(O)O)cn1.Cc1c(Br)cnc2[nH]ccc12>>CCn1cc(-c2cnc3[nH]ccc3c2C)cn1.CCn1cccn1.Cc1ccnc2[nH]ccc12,pcr_N16,,,,,,,,,,,,,,,12/19/2023 5:12:28 AM,5,011_rln-nb-2443_018_ct-126_328.raw,1,Rxn_Opt_HSST3_2_98_2min,"N,16",2min_100_1500.EXP,"N,16",pcr_N16,pcr_N16,Eunjae Shim,2.4470258710576642
N17,COc1ccc(-c2nnc(Br)o2)cc1,"2-bromo-5-(4-methoxyphenyl)-1,3,4-oxadiazole",0.10202840000000003 milligram,0.40000000000000013 micromole,0.10202840000000006 microliter,C9H7BrN2O2,1.0,CCn1cc(B(O)O)cn1,417386920,0.06717648 milligram,0.4800000000000001 micromole,0.06717648000000001 microliter,C5H9BN2O2,1.1999999999999997,CC(C)C1=CC(C(C)C)=CC(C(C)C)=C1C2=C([P+](C3CCCCC3)([Pd-2]4(OS(C)(=O)=O)C(C=CC=C5)=C5C6=C([NH+]4C)C=CC=C6)C7CCCCC7)C=CC=C2,XPhos Pd G4,0.08260742400000001 milligram,0.09600000000000003 micromole,0.08260742400000003 microliter,C47H64NO3PPdS,0.24,C1COCCO1,DMF,20.52 milligram,232.90127800603818 micromole,21.6 microliter,C4H8O2,582.2531950150952,[K+].[K+].[K+].[O-]P([O-])([O-])=O,K3PO4,0.7641504000000002 milligram,3.6000000000000014 micromole,0.7641504000000005 microliter,K3O4P,9.0,O,water,3.047886095999999 milligram,169.18601698584507 micromole,3.047886095999999 microliter,H2O,422.96504246461257,CN1C=NC2=C1C(=O)N(C(=O)N2C)C,caffeine,0.09321168000000002 milligram,0.4800000000000001 micromole,0.09321168000000003 microliter,C8H10N4O2,1.1999999999999997,C1COCCO1,dioxane,3.3935943787199996 milligram,38.51717679522393 micromole,3.2947518239999996 microliter,C4H8O2,96.2929419880598,CCn1cc(-c2nnc(-c3ccc(OC)cc3)o2)cn1,suzuki_product,0.0 milligram,0.0 micromole,0 microliter,C14H14N4O2,0.0,COc1ccc(-c2nnco2)cc1,dehalogenation_byproduct,0.0 milligram,0.0 micromole,0 microliter,C9H8N2O2,0.0,CCn1cccn1,deborylation_byproduct,0.0 milligram,0.0 micromole,0 microliter,C5H8N2,0.0,CCn1cc(B(O)O)cn1.COc1ccc(-c2nnc(Br)o2)cc1>>CCn1cc(-c2nnc(-c3ccc(OC)cc3)o2)cn1.CCn1cccn1.COc1ccc(-c2nnco2)cc1,pcr_N17,,,,,,,,,,,,,,,12/19/2023 5:14:57 AM,5,011_rln-nb-2443_018_ct-126_329.raw,1,Rxn_Opt_HSST3_2_98_2min,"N,17",2min_100_1500.EXP,"N,17",pcr_N17,pcr_N17,Eunjae Shim,5.493468464544822
N18,BrC1=CC=CC=C1,phenylbromide,0.06280400000000001 milligram,0.40000000000000013 micromole,0.06280400000000003 microliter,C6H5Br,1.0,CCn1cc(B(O)O)cn1,417386920,0.06717648 milligram,0.4800000000000001 micromole,0.06717648000000001 microliter,C5H9BN2O2,1.1999999999999997,CC(C)C1=CC(C(C)C)=CC(C(C)C)=C1C2=C([P+](C3CCCCC3)([Pd-2]4(OS(C)(=O)=O)C(C=CC=C5)=C5C6=C([NH+]4C)C=CC=C6)C7CCCCC7)C=CC=C2,XPhos Pd G4,0.08260742400000001 milligram,0.09600000000000003 micromole,0.08260742400000003 microliter,C47H64NO3PPdS,0.24,C1COCCO1,DMF,20.52 milligram,232.90127800603818 micromole,21.6 microliter,C4H8O2,582.2531950150952,[K+].[K+].[K+].[O-]P([O-])([O-])=O,K3PO4,0.7641504000000002 milligram,3.6000000000000014 micromole,0.7641504000000005 microliter,K3O4P,9.0,O,water,3.047886095999999 milligram,169.18601698584507 micromole,3.047886095999999 microliter,H2O,422.96504246461257,CN1C=NC2=C1C(=O)N(C(=O)N2C)C,caffeine,0.09321168000000002 milligram,0.4800000000000001 micromole,0.09321168000000003 microliter,C8H10N4O2,1.1999999999999997,C1COCCO1,dioxane,3.3935943787199996 milligram,38.51717679522393 micromole,3.2947518239999996 microliter,C4H8O2,96.2929419880598,CCn1cc(-c2ccccc2)cn1,suzuki_product,0.0 milligram,0.0 micromole,0 microliter,C11H12N2,0.0,c1ccccc1,dehalogenation_byproduct,0.0 milligram,0.0 micromole,0 microliter,C6H6,0.0,CCn1cccn1,deborylation_byproduct,0.0 milligram,0.0 micromole,0 microliter,C5H8N2,0.0,BrC1=CC=CC=C1.CCn1cc(B(O)O)cn1>>CCn1cc(-c2ccccc2)cn1.CCn1cccn1.c1ccccc1,pcr_N18,,,,,,,,,,,,,,,12/19/2023 5:17:26 AM,5,011_rln-nb-2443_018_ct-126_330.raw,1,Rxn_Opt_HSST3_2_98_2min,"N,18",2min_100_1500.EXP,"N,18",pcr_N18,pcr_N18,Eunjae Shim,0.0
N19,CC1=C(C(=NN1C(C)C)N)Br,4-BROMO-1-ISOPROPYL-5-METHYL-1H-PYRAZOL-3-AMINE,0.08723920000000002 milligram,0.40000000000000013 micromole,0.08723920000000003 microliter,C7H12BrN3,1.0,CC1(C)OB(c2ccc3c(c2)CC(=O)N3)OC1(C)C,417718104,0.12437472000000001 milligram,0.4800000000000001 micromole,0.12437472000000004 microliter,C14H18BNO3,1.1999999999999997,CC(C)C1=CC(C(C)C)=CC(C(C)C)=C1C2=C([P+](C3CCCCC3)([Pd-2]4(OS(C)(=O)=O)C(C=CC=C5)=C5C6=C([NH+]4C)C=CC=C6)C7CCCCC7)C=CC=C2,XPhos Pd G4,0.08260742400000001 milligram,0.09600000000000003 micromole,0.08260742400000003 microliter,C47H64NO3PPdS,0.24,C1COCCO1,DMF,20.52 milligram,232.90127800603818 micromole,21.6 microliter,C4H8O2,582.2531950150952,[K+].[K+].[K+].[O-]P([O-])([O-])=O,K3PO4,0.7641504000000002 milligram,3.6000000000000014 micromole,0.7641504000000005 microliter,K3O4P,9.0,O,water,3.047886095999999 milligram,169.18601698584507 micromole,3.047886095999999 microliter,H2O,422.96504246461257,CN1C=NC2=C1C(=O)N(C(=O)N2C)C,caffeine,0.09321168000000002 milligram,0.4800000000000001 micromole,0.09321168000000003 microliter,C8H10N4O2,1.1999999999999997,C1COCCO1,dioxane,3.3935943787199996 milligram,38.51717679522393 micromole,3.2947518239999996 microliter,C4H8O2,96.2929419880598,Cc1c(-c2ccc3c(c2)CC(=O)N3)c(N)nn1C(C)C,suzuki_product,0.0 milligram,0.0 micromole,0 microliter,C15H18N4O,0.0,Cc1cc(N)nn1C(C)C,dehalogenation_byproduct,0.0 milligram,0.0 micromole,0 microliter,C7H13N3,0.0,O=C1Cc2ccccc2N1,deborylation_byproduct,0.0 milligram,0.0 micromole,0 microliter,C8H7NO,0.0,CC1(C)OB(c2ccc3c(c2)CC(=O)N3)OC1(C)C.CC1=C(C(=NN1C(C)C)N)Br>>Cc1c(-c2ccc3c(c2)CC(=O)N3)c(N)nn1C(C)C.Cc1cc(N)nn1C(C)C.O=C1Cc2ccccc2N1,pcr_N19,,,,,,,,,,,,,,,12/19/2023 5:19:56 AM,5,011_rln-nb-2443_018_ct-126_331.raw,1,Rxn_Opt_HSST3_2_98_2min,"N,19",2min_100_1500.EXP,"N,19",pcr_N19,pcr_N19,Eunjae Shim,0.0
N20,C1CON=C1C2=CC=C(C=C2)Br,"3-(4-bromophenyl)-4,5-dihydro-1,2-oxazole",0.09042920000000002 milligram,0.40000000000000013 micromole,0.09042920000000003 microliter,C9H8BrNO,1.0,CC1(C)OB(c2ccc3c(c2)CC(=O)N3)OC1(C)C,417718104,0.12437472000000001 milligram,0.4800000000000001 micromole,0.12437472000000004 microliter,C14H18BNO3,1.1999999999999997,CC(C)C1=CC(C(C)C)=CC(C(C)C)=C1C2=C([P+](C3CCCCC3)([Pd-2]4(OS(C)(=O)=O)C(C=CC=C5)=C5C6=C([NH+]4C)C=CC=C6)C7CCCCC7)C=CC=C2,XPhos Pd G4,0.08260742400000001 milligram,0.09600000000000003 micromole,0.08260742400000003 microliter,C47H64NO3PPdS,0.24,C1COCCO1,DMF,20.52 milligram,232.90127800603818 micromole,21.6 microliter,C4H8O2,582.2531950150952,[K+].[K+].[K+].[O-]P([O-])([O-])=O,K3PO4,0.7641504000000002 milligram,3.6000000000000014 micromole,0.7641504000000005 microliter,K3O4P,9.0,O,water,3.047886095999999 milligram,169.18601698584507 micromole,3.047886095999999 microliter,H2O,422.96504246461257,CN1C=NC2=C1C(=O)N(C(=O)N2C)C,caffeine,0.09321168000000002 milligram,0.4800000000000001 micromole,0.09321168000000003 microliter,C8H10N4O2,1.1999999999999997,C1COCCO1,dioxane,3.3935943787199996 milligram,38.51717679522393 micromole,3.2947518239999996 microliter,C4H8O2,96.2929419880598,O=C1Cc2cc(-c3ccc(C4=NOCC4)cc3)ccc2N1,suzuki_product,0.0 milligram,0.0 micromole,0 microliter,C17H14N2O2,0.0,c1ccc(C2=NOCC2)cc1,dehalogenation_byproduct,0.0 milligram,0.0 micromole,0 microliter,C9H9NO,0.0,O=C1Cc2ccccc2N1,deborylation_byproduct,0.0 milligram,0.0 micromole,0 microliter,C8H7NO,0.0,C1CON=C1C2=CC=C(C=C2)Br.CC1(C)OB(c2ccc3c(c2)CC(=O)N3)OC1(C)C>>O=C1Cc2cc(-c3ccc(C4=NOCC4)cc3)ccc2N1.O=C1Cc2ccccc2N1.c1ccc(C2=NOCC2)cc1,pcr_N20,,,,,,,,,,,,,,,12/19/2023 5:22:25 AM,5,011_rln-nb-2443_018_ct-126_332.raw,1,Rxn_Opt_HSST3_2_98_2min,"N,20",2min_100_1500.EXP,"N,20",pcr_N20,pcr_N20,Eunjae Shim,0.0
N21,C1=NC(=C(NC1=O)Cl)Br,5-bromo-6-chloropyrazin-2-ol,0.08377200000000001 milligram,0.40000000000000013 micromole,0.08377200000000003 microliter,C4H2BrClN2O,1.0,CC1(C)OB(c2ccc3c(c2)CC(=O)N3)OC1(C)C,417718104,0.12437472000000001 milligram,0.4800000000000001 micromole,0.12437472000000004 microliter,C14H18BNO3,1.1999999999999997,CC(C)C1=CC(C(C)C)=CC(C(C)C)=C1C2=C([P+](C3CCCCC3)([Pd-2]4(OS(C)(=O)=O)C(C=CC=C5)=C5C6=C([NH+]4C)C=CC=C6)C7CCCCC7)C=CC=C2,XPhos Pd G4,0.08260742400000001 milligram,0.09600000000000003 micromole,0.08260742400000003 microliter,C47H64NO3PPdS,0.24,C1COCCO1,DMF,20.52 milligram,232.90127800603818 micromole,21.6 microliter,C4H8O2,582.2531950150952,[K+].[K+].[K+].[O-]P([O-])([O-])=O,K3PO4,0.7641504000000002 milligram,3.6000000000000014 micromole,0.7641504000000005 microliter,K3O4P,9.0,O,water,3.047886095999999 milligram,169.18601698584507 micromole,3.047886095999999 microliter,H2O,422.96504246461257,CN1C=NC2=C1C(=O)N(C(=O)N2C)C,caffeine,0.09321168000000002 milligram,0.4800000000000001 micromole,0.09321168000000003 microliter,C8H10N4O2,1.1999999999999997,C1COCCO1,dioxane,3.3935943787199996 milligram,38.51717679522393 micromole,3.2947518239999996 microliter,C4H8O2,96.2929419880598,O=C1Cc2cc(-c3[nH]c(=O)cnc3Br)ccc2N1,suzuki_product,0.0 milligram,0.0 micromole,0 microliter,C12H8BrN3O2,0.0,O=c1cncc(Cl)[nH]1,dehalogenation_byproduct,0.0 milligram,0.0 micromole,0 microliter,C4H3ClN2O,0.0,O=c1cnc(Br)c[nH]1,dehalogenation_byproduct,0.0 milligram,0.0 micromole,0 microliter,C4H3BrN2O,0.0,C1=NC(=C(NC1=O)Cl)Br.CC1(C)OB(c2ccc3c(c2)CC(=O)N3)OC1(C)C>>O=C1Cc2cc(-c3[nH]c(=O)cnc3Br)ccc2N1.O=C1Cc2cc(-c3ncc(=O)[nH]c3Cl)ccc2N1.O=C1Cc2ccccc2N1.O=c1cnc(Br)c[nH]1.O=c1cncc(Cl)[nH]1,pcr_N21,O=C1Cc2cc(-c3ncc(=O)[nH]c3Cl)ccc2N1,suzuki_product,0.0 milligram,0.0 micromole,0 microliter,C12H8ClN3O2,0.0,O=C1Cc2ccccc2N1,deborylation_byproduct,0.0 milligram,0.0 micromole,0 microliter,C8H7NO,0.0,12/19/2023 5:24:55 AM,5,011_rln-nb-2443_018_ct-126_333.raw,1,Rxn_Opt_HSST3_2_98_2min,"N,21",2min_100_1500.EXP,"N,21",pcr_N21,pcr_N21,Eunjae Shim,0.0
N22,Cc1c(Br)cnc2[nH]ccc12,"5-bromo-4-methyl-1H-pyrrolo[2,3-b]pyridine",0.08442480000000005 milligram,0.40000000000000013 micromole,0.08442480000000006 microliter,C8H7BrN2,1.0,CC1(C)OB(c2ccc3c(c2)CC(=O)N3)OC1(C)C,417718104,0.12437472000000001 milligram,0.4800000000000001 micromole,0.12437472000000004 microliter,C14H18BNO3,1.1999999999999997,CC(C)C1=CC(C(C)C)=CC(C(C)C)=C1C2=C([P+](C3CCCCC3)([Pd-2]4(OS(C)(=O)=O)C(C=CC=C5)=C5C6=C([NH+]4C)C=CC=C6)C7CCCCC7)C=CC=C2,XPhos Pd G4,0.08260742400000001 milligram,0.09600000000000003 micromole,0.08260742400000003 microliter,C47H64NO3PPdS,0.24,C1COCCO1,DMF,20.52 milligram,232.90127800603818 micromole,21.6 microliter,C4H8O2,582.2531950150952,[K+].[K+].[K+].[O-]P([O-])([O-])=O,K3PO4,0.7641504000000002 milligram,3.6000000000000014 micromole,0.7641504000000005 microliter,K3O4P,9.0,O,water,3.047886095999999 milligram,169.18601698584507 micromole,3.047886095999999 microliter,H2O,422.96504246461257,CN1C=NC2=C1C(=O)N(C(=O)N2C)C,caffeine,0.09321168000000002 milligram,0.4800000000000001 micromole,0.09321168000000003 microliter,C8H10N4O2,1.1999999999999997,C1COCCO1,dioxane,3.3935943787199996 milligram,38.51717679522393 micromole,3.2947518239999996 microliter,C4H8O2,96.2929419880598,Cc1c(-c2ccc3c(c2)CC(=O)N3)cnc2[nH]ccc12,suzuki_product,0.0 milligram,0.0 micromole,0 microliter,C16H13N3O,0.0,Cc1ccnc2[nH]ccc12,dehalogenation_byproduct,0.0 milligram,0.0 micromole,0 microliter,C8H8N2,0.0,O=C1Cc2ccccc2N1,deborylation_byproduct,0.0 milligram,0.0 micromole,0 microliter,C8H7NO,0.0,CC1(C)OB(c2ccc3c(c2)CC(=O)N3)OC1(C)C.Cc1c(Br)cnc2[nH]ccc12>>Cc1c(-c2ccc3c(c2)CC(=O)N3)cnc2[nH]ccc12.Cc1ccnc2[nH]ccc12.O=C1Cc2ccccc2N1,pcr_N22,,,,,,,,,,,,,,,12/19/2023 5:27:24 AM,5,011_rln-nb-2443_018_ct-126_334.raw,1,Rxn_Opt_HSST3_2_98_2min,"N,22",2min_100_1500.EXP,"N,22",pcr_N22,pcr_N22,Eunjae Shim,0.0
N23,COc1ccc(-c2nnc(Br)o2)cc1,"2-bromo-5-(4-methoxyphenyl)-1,3,4-oxadiazole",0.10202840000000003 milligram,0.40000000000000013 micromole,0.10202840000000006 microliter,C9H7BrN2O2,1.0,CC1(C)OB(c2ccc3c(c2)CC(=O)N3)OC1(C)C,417718104,0.12437472000000001 milligram,0.4800000000000001 micromole,0.12437472000000004 microliter,C14H18BNO3,1.1999999999999997,CC(C)C1=CC(C(C)C)=CC(C(C)C)=C1C2=C([P+](C3CCCCC3)([Pd-2]4(OS(C)(=O)=O)C(C=CC=C5)=C5C6=C([NH+]4C)C=CC=C6)C7CCCCC7)C=CC=C2,XPhos Pd G4,0.08260742400000001 milligram,0.09600000000000003 micromole,0.08260742400000003 microliter,C47H64NO3PPdS,0.24,C1COCCO1,DMF,20.52 milligram,232.90127800603818 micromole,21.6 microliter,C4H8O2,582.2531950150952,[K+].[K+].[K+].[O-]P([O-])([O-])=O,K3PO4,0.7641504000000002 milligram,3.6000000000000014 micromole,0.7641504000000005 microliter,K3O4P,9.0,O,water,3.047886095999999 milligram,169.18601698584507 micromole,3.047886095999999 microliter,H2O,422.96504246461257,CN1C=NC2=C1C(=O)N(C(=O)N2C)C,caffeine,0.09321168000000002 milligram,0.4800000000000001 micromole,0.09321168000000003 microliter,C8H10N4O2,1.1999999999999997,C1COCCO1,dioxane,3.3935943787199996 milligram,38.51717679522393 micromole,3.2947518239999996 microliter,C4H8O2,96.2929419880598,COc1ccc(-c2nnc(-c3ccc4c(c3)CC(=O)N4)o2)cc1,suzuki_product,0.0 milligram,0.0 micromole,0 microliter,C17H13N3O3,0.0,COc1ccc(-c2nnco2)cc1,dehalogenation_byproduct,0.0 milligram,0.0 micromole,0 microliter,C9H8N2O2,0.0,O=C1Cc2ccccc2N1,deborylation_byproduct,0.0 milligram,0.0 micromole,0 microliter,C8H7NO,0.0,CC1(C)OB(c2ccc3c(c2)CC(=O)N3)OC1(C)C.COc1ccc(-c2nnc(Br)o2)cc1>>COc1ccc(-c2nnc(-c3ccc4c(c3)CC(=O)N4)o2)cc1.COc1ccc(-c2nnco2)cc1.O=C1Cc2ccccc2N1,pcr_N23,,,,,,,,,,,,,,,12/19/2023 5:29:52 AM,5,011_rln-nb-2443_018_ct-126_335.raw,1,Rxn_Opt_HSST3_2_98_2min,"N,23",2min_100_1500.EXP,"N,23",pcr_N23,pcr_N23,Eunjae Shim,0.0
N24,BrC1=CC=CC=C1,phenylbromide,0.06280400000000001 milligram,0.40000000000000013 micromole,0.06280400000000003 microliter,C6H5Br,1.0,CC1(C)OB(c2ccc3c(c2)CC(=O)N3)OC1(C)C,417718104,0.12437472000000001 milligram,0.4800000000000001 micromole,0.12437472000000004 microliter,C14H18BNO3,1.1999999999999997,CC(C)C1=CC(C(C)C)=CC(C(C)C)=C1C2=C([P+](C3CCCCC3)([Pd-2]4(OS(C)(=O)=O)C(C=CC=C5)=C5C6=C([NH+]4C)C=CC=C6)C7CCCCC7)C=CC=C2,XPhos Pd G4,0.08260742400000001 milligram,0.09600000000000003 micromole,0.08260742400000003 microliter,C47H64NO3PPdS,0.24,C1COCCO1,DMF,20.52 milligram,232.90127800603818 micromole,21.6 microliter,C4H8O2,582.2531950150952,[K+].[K+].[K+].[O-]P([O-])([O-])=O,K3PO4,0.7641504000000002 milligram,3.6000000000000014 micromole,0.7641504000000005 microliter,K3O4P,9.0,O,water,3.047886095999999 milligram,169.18601698584507 micromole,3.047886095999999 microliter,H2O,422.96504246461257,CN1C=NC2=C1C(=O)N(C(=O)N2C)C,caffeine,0.09321168000000002 milligram,0.4800000000000001 micromole,0.09321168000000003 microliter,C8H10N4O2,1.1999999999999997,C1COCCO1,dioxane,3.3935943787199996 milligram,38.51717679522393 micromole,3.2947518239999996 microliter,C4H8O2,96.2929419880598,O=C1Cc2cc(-c3ccccc3)ccc2N1,suzuki_product,0.0 milligram,0.0 micromole,0 microliter,C14H11NO,0.0,c1ccccc1,dehalogenation_byproduct,0.0 milligram,0.0 micromole,0 microliter,C6H6,0.0,O=C1Cc2ccccc2N1,deborylation_byproduct,0.0 milligram,0.0 micromole,0 microliter,C8H7NO,0.0,BrC1=CC=CC=C1.CC1(C)OB(c2ccc3c(c2)CC(=O)N3)OC1(C)C>>O=C1Cc2cc(-c3ccccc3)ccc2N1.O=C1Cc2ccccc2N1.c1ccccc1,pcr_N24,,,,,,,,,,,,,,,12/19/2023 5:32:21 AM,5,011_rln-nb-2443_018_ct-126_336.raw,1,Rxn_Opt_HSST3_2_98_2min,"N,24",2min_100_1500.EXP,"N,24",pcr_N24,pcr_N24,Eunjae Shim,0.0
O1,CC1=C(C(=NN1C(C)C)N)Br,4-BROMO-1-ISOPROPYL-5-METHYL-1H-PYRAZOL-3-AMINE,0.08723920000000002 milligram,0.40000000000000013 micromole,0.08723920000000003 microliter,C7H12BrN3,1.0,Cn1ncc2cc(B(O)O)ccc21,417385452,0.08447232000000002 milligram,0.4800000000000001 micromole,0.08447232000000003 microliter,C8H9BN2O2,1.1999999999999997,CC(C)C1=CC(C(C)C)=CC(C(C)C)=C1C2=C([P+](C3CCCCC3)([Pd-2]4(OS(C)(=O)=O)C(C=CC=C5)=C5C6=C([NH+]4C)C=CC=C6)C7CCCCC7)C=CC=C2,XPhos Pd G4,0.08260742400000001 milligram,0.09600000000000003 micromole,0.08260742400000003 microliter,C47H64NO3PPdS,0.24,C1COCCO1,DMF,20.52 milligram,232.90127800603818 micromole,21.6 microliter,C4H8O2,582.2531950150952,[K+].[K+].[K+].[O-]P([O-])([O-])=O,K3PO4,0.7641504000000002 milligram,3.6000000000000014 micromole,0.7641504000000005 microliter,K3O4P,9.0,O,water,3.047886095999999 milligram,169.18601698584507 micromole,3.047886095999999 microliter,H2O,422.96504246461257,CN1C=NC2=C1C(=O)N(C(=O)N2C)C,caffeine,0.09321168000000002 milligram,0.4800000000000001 micromole,0.09321168000000003 microliter,C8H10N4O2,1.1999999999999997,C1COCCO1,dioxane,3.3935943787199996 milligram,38.51717679522393 micromole,3.2947518239999996 microliter,C4H8O2,96.2929419880598,Cc1c(-c2ccc3c(cnn3C)c2)c(N)nn1C(C)C,suzuki_product,0.0 milligram,0.0 micromole,0 microliter,C15H19N5,0.0,Cc1cc(N)nn1C(C)C,dehalogenation_byproduct,0.0 milligram,0.0 micromole,0 microliter,C7H13N3,0.0,Cn1ncc2ccccc21,deborylation_byproduct,0.0 milligram,0.0 micromole,0 microliter,C8H8N2,0.0,CC1=C(C(=NN1C(C)C)N)Br.Cn1ncc2cc(B(O)O)ccc21>>Cc1c(-c2ccc3c(cnn3C)c2)c(N)nn1C(C)C.Cc1cc(N)nn1C(C)C.Cn1ncc2ccccc21,pcr_O1,,,,,,,,,,,,,,,12/19/2023 5:34:49 AM,5,011_rln-nb-2443_018_ct-126_337.raw,1,Rxn_Opt_HSST3_2_98_2min,"O,1",2min_100_1500.EXP,"O,1",pcr_O1,pcr_O1,Eunjae Shim,7.4397817768025805
O2,C1CON=C1C2=CC=C(C=C2)Br,"3-(4-bromophenyl)-4,5-dihydro-1,2-oxazole",0.09042920000000002 milligram,0.40000000000000013 micromole,0.09042920000000003 microliter,C9H8BrNO,1.0,Cn1ncc2cc(B(O)O)ccc21,417385452,0.08447232000000002 milligram,0.4800000000000001 micromole,0.08447232000000003 microliter,C8H9BN2O2,1.1999999999999997,CC(C)C1=CC(C(C)C)=CC(C(C)C)=C1C2=C([P+](C3CCCCC3)([Pd-2]4(OS(C)(=O)=O)C(C=CC=C5)=C5C6=C([NH+]4C)C=CC=C6)C7CCCCC7)C=CC=C2,XPhos Pd G4,0.08260742400000001 milligram,0.09600000000000003 micromole,0.08260742400000003 microliter,C47H64NO3PPdS,0.24,C1COCCO1,DMF,20.52 milligram,232.90127800603818 micromole,21.6 microliter,C4H8O2,582.2531950150952,[K+].[K+].[K+].[O-]P([O-])([O-])=O,K3PO4,0.7641504000000002 milligram,3.6000000000000014 micromole,0.7641504000000005 microliter,K3O4P,9.0,O,water,3.047886095999999 milligram,169.18601698584507 micromole,3.047886095999999 microliter,H2O,422.96504246461257,CN1C=NC2=C1C(=O)N(C(=O)N2C)C,caffeine,0.09321168000000002 milligram,0.4800000000000001 micromole,0.09321168000000003 microliter,C8H10N4O2,1.1999999999999997,C1COCCO1,dioxane,3.3935943787199996 milligram,38.51717679522393 micromole,3.2947518239999996 microliter,C4H8O2,96.2929419880598,Cn1ncc2cc(-c3ccc(C4=NOCC4)cc3)ccc21,suzuki_product,0.0 milligram,0.0 micromole,0 microliter,C17H15N3O,0.0,c1ccc(C2=NOCC2)cc1,dehalogenation_byproduct,0.0 milligram,0.0 micromole,0 microliter,C9H9NO,0.0,Cn1ncc2ccccc21,deborylation_byproduct,0.0 milligram,0.0 micromole,0 microliter,C8H8N2,0.0,C1CON=C1C2=CC=C(C=C2)Br.Cn1ncc2cc(B(O)O)ccc21>>Cn1ncc2cc(-c3ccc(C4=NOCC4)cc3)ccc21.Cn1ncc2ccccc21.c1ccc(C2=NOCC2)cc1,pcr_O2,,,,,,,,,,,,,,,12/19/2023 5:37:18 AM,5,011_rln-nb-2443_018_ct-126_338.raw,1,Rxn_Opt_HSST3_2_98_2min,"O,2",2min_100_1500.EXP,"O,2",pcr_O2,pcr_O2,Eunjae Shim,68.15265487678522
O3,C1=NC(=C(NC1=O)Cl)Br,5-bromo-6-chloropyrazin-2-ol,0.08377200000000001 milligram,0.40000000000000013 micromole,0.08377200000000003 microliter,C4H2BrClN2O,1.0,Cn1ncc2cc(B(O)O)ccc21,417385452,0.08447232000000002 milligram,0.4800000000000001 micromole,0.08447232000000003 microliter,C8H9BN2O2,1.1999999999999997,CC(C)C1=CC(C(C)C)=CC(C(C)C)=C1C2=C([P+](C3CCCCC3)([Pd-2]4(OS(C)(=O)=O)C(C=CC=C5)=C5C6=C([NH+]4C)C=CC=C6)C7CCCCC7)C=CC=C2,XPhos Pd G4,0.08260742400000001 milligram,0.09600000000000003 micromole,0.08260742400000003 microliter,C47H64NO3PPdS,0.24,C1COCCO1,DMF,20.52 milligram,232.90127800603818 micromole,21.6 microliter,C4H8O2,582.2531950150952,[K+].[K+].[K+].[O-]P([O-])([O-])=O,K3PO4,0.7641504000000002 milligram,3.6000000000000014 micromole,0.7641504000000005 microliter,K3O4P,9.0,O,water,3.047886095999999 milligram,169.18601698584507 micromole,3.047886095999999 microliter,H2O,422.96504246461257,CN1C=NC2=C1C(=O)N(C(=O)N2C)C,caffeine,0.09321168000000002 milligram,0.4800000000000001 micromole,0.09321168000000003 microliter,C8H10N4O2,1.1999999999999997,C1COCCO1,dioxane,3.3935943787199996 milligram,38.51717679522393 micromole,3.2947518239999996 microliter,C4H8O2,96.2929419880598,Cn1ncc2cc(-c3[nH]c(=O)cnc3Br)ccc21,suzuki_product,0.0 milligram,0.0 micromole,0 microliter,C12H9BrN4O,0.0,O=c1cncc(Cl)[nH]1,dehalogenation_byproduct,0.0 milligram,0.0 micromole,0 microliter,C4H3ClN2O,0.0,O=c1cnc(Br)c[nH]1,dehalogenation_byproduct,0.0 milligram,0.0 micromole,0 microliter,C4H3BrN2O,0.0,C1=NC(=C(NC1=O)Cl)Br.Cn1ncc2cc(B(O)O)ccc21>>Cn1ncc2cc(-c3[nH]c(=O)cnc3Br)ccc21.Cn1ncc2cc(-c3ncc(=O)[nH]c3Cl)ccc21.Cn1ncc2ccccc21.O=c1cnc(Br)c[nH]1.O=c1cncc(Cl)[nH]1,pcr_O3,Cn1ncc2cc(-c3ncc(=O)[nH]c3Cl)ccc21,suzuki_product,0.0 milligram,0.0 micromole,0 microliter,C12H9ClN4O,0.0,Cn1ncc2ccccc21,deborylation_byproduct,0.0 milligram,0.0 micromole,0 microliter,C8H8N2,0.0,12/19/2023 5:39:47 AM,5,011_rln-nb-2443_018_ct-126_339.raw,1,Rxn_Opt_HSST3_2_98_2min,"O,3",2min_100_1500.EXP,"O,3",pcr_O3,pcr_O3,Eunjae Shim,0.0
O4,Cc1c(Br)cnc2[nH]ccc12,"5-bromo-4-methyl-1H-pyrrolo[2,3-b]pyridine",0.08442480000000005 milligram,0.40000000000000013 micromole,0.08442480000000006 microliter,C8H7BrN2,1.0,Cn1ncc2cc(B(O)O)ccc21,417385452,0.08447232000000002 milligram,0.4800000000000001 micromole,0.08447232000000003 microliter,C8H9BN2O2,1.1999999999999997,CC(C)C1=CC(C(C)C)=CC(C(C)C)=C1C2=C([P+](C3CCCCC3)([Pd-2]4(OS(C)(=O)=O)C(C=CC=C5)=C5C6=C([NH+]4C)C=CC=C6)C7CCCCC7)C=CC=C2,XPhos Pd G4,0.08260742400000001 milligram,0.09600000000000003 micromole,0.08260742400000003 microliter,C47H64NO3PPdS,0.24,C1COCCO1,DMF,20.52 milligram,232.90127800603818 micromole,21.6 microliter,C4H8O2,582.2531950150952,[K+].[K+].[K+].[O-]P([O-])([O-])=O,K3PO4,0.7641504000000002 milligram,3.6000000000000014 micromole,0.7641504000000005 microliter,K3O4P,9.0,O,water,3.047886095999999 milligram,169.18601698584507 micromole,3.047886095999999 microliter,H2O,422.96504246461257,CN1C=NC2=C1C(=O)N(C(=O)N2C)C,caffeine,0.09321168000000002 milligram,0.4800000000000001 micromole,0.09321168000000003 microliter,C8H10N4O2,1.1999999999999997,C1COCCO1,dioxane,3.3935943787199996 milligram,38.51717679522393 micromole,3.2947518239999996 microliter,C4H8O2,96.2929419880598,Cc1c(-c2ccc3c(cnn3C)c2)cnc2[nH]ccc12,suzuki_product,0.0 milligram,0.0 micromole,0 microliter,C16H14N4,0.0,Cc1ccnc2[nH]ccc12,dehalogenation_byproduct,0.0 milligram,0.0 micromole,0 microliter,C8H8N2,0.0,Cn1ncc2ccccc21,deborylation_byproduct,0.0 milligram,0.0 micromole,0 microliter,C8H8N2,0.0,Cc1c(Br)cnc2[nH]ccc12.Cn1ncc2cc(B(O)O)ccc21>>Cc1c(-c2ccc3c(cnn3C)c2)cnc2[nH]ccc12.Cc1ccnc2[nH]ccc12.Cn1ncc2ccccc21,pcr_O4,,,,,,,,,,,,,,,12/19/2023 5:42:16 AM,5,011_rln-nb-2443_018_ct-126_340.raw,1,Rxn_Opt_HSST3_2_98_2min,"O,4",2min_100_1500.EXP,"O,4",pcr_O4,pcr_O4,Eunjae Shim,13.76233950093635
O5,COc1ccc(-c2nnc(Br)o2)cc1,"2-bromo-5-(4-methoxyphenyl)-1,3,4-oxadiazole",0.10202840000000003 milligram,0.40000000000000013 micromole,0.10202840000000006 microliter,C9H7BrN2O2,1.0,Cn1ncc2cc(B(O)O)ccc21,417385452,0.08447232000000002 milligram,0.4800000000000001 micromole,0.08447232000000003 microliter,C8H9BN2O2,1.1999999999999997,CC(C)C1=CC(C(C)C)=CC(C(C)C)=C1C2=C([P+](C3CCCCC3)([Pd-2]4(OS(C)(=O)=O)C(C=CC=C5)=C5C6=C([NH+]4C)C=CC=C6)C7CCCCC7)C=CC=C2,XPhos Pd G4,0.08260742400000001 milligram,0.09600000000000003 micromole,0.08260742400000003 microliter,C47H64NO3PPdS,0.24,C1COCCO1,DMF,20.52 milligram,232.90127800603818 micromole,21.6 microliter,C4H8O2,582.2531950150952,[K+].[K+].[K+].[O-]P([O-])([O-])=O,K3PO4,0.7641504000000002 milligram,3.6000000000000014 micromole,0.7641504000000005 microliter,K3O4P,9.0,O,water,3.047886095999999 milligram,169.18601698584507 micromole,3.047886095999999 microliter,H2O,422.96504246461257,CN1C=NC2=C1C(=O)N(C(=O)N2C)C,caffeine,0.09321168000000002 milligram,0.4800000000000001 micromole,0.09321168000000003 microliter,C8H10N4O2,1.1999999999999997,C1COCCO1,dioxane,3.3935943787199996 milligram,38.51717679522393 micromole,3.2947518239999996 microliter,C4H8O2,96.2929419880598,COc1ccc(-c2nnc(-c3ccc4c(cnn4C)c3)o2)cc1,suzuki_product,0.0 milligram,0.0 micromole,0 microliter,C17H14N4O2,0.0,COc1ccc(-c2nnco2)cc1,dehalogenation_byproduct,0.0 milligram,0.0 micromole,0 microliter,C9H8N2O2,0.0,Cn1ncc2ccccc21,deborylation_byproduct,0.0 milligram,0.0 micromole,0 microliter,C8H8N2,0.0,COc1ccc(-c2nnc(Br)o2)cc1.Cn1ncc2cc(B(O)O)ccc21>>COc1ccc(-c2nnc(-c3ccc4c(cnn4C)c3)o2)cc1.COc1ccc(-c2nnco2)cc1.Cn1ncc2ccccc21,pcr_O5,,,,,,,,,,,,,,,12/19/2023 5:44:46 AM,5,011_rln-nb-2443_018_ct-126_341.raw,1,Rxn_Opt_HSST3_2_98_2min,"O,5",2min_100_1500.EXP,"O,5",pcr_O5,pcr_O5,Eunjae Shim,16.57899954011889
O6,BrC1=CC=CC=C1,phenylbromide,0.06280400000000001 milligram,0.40000000000000013 micromole,0.06280400000000003 microliter,C6H5Br,1.0,Cn1ncc2cc(B(O)O)ccc21,417385452,0.08447232000000002 milligram,0.4800000000000001 micromole,0.08447232000000003 microliter,C8H9BN2O2,1.1999999999999997,CC(C)C1=CC(C(C)C)=CC(C(C)C)=C1C2=C([P+](C3CCCCC3)([Pd-2]4(OS(C)(=O)=O)C(C=CC=C5)=C5C6=C([NH+]4C)C=CC=C6)C7CCCCC7)C=CC=C2,XPhos Pd G4,0.08260742400000001 milligram,0.09600000000000003 micromole,0.08260742400000003 microliter,C47H64NO3PPdS,0.24,C1COCCO1,DMF,20.52 milligram,232.90127800603818 micromole,21.6 microliter,C4H8O2,582.2531950150952,[K+].[K+].[K+].[O-]P([O-])([O-])=O,K3PO4,0.7641504000000002 milligram,3.6000000000000014 micromole,0.7641504000000005 microliter,K3O4P,9.0,O,water,3.047886095999999 milligram,169.18601698584507 micromole,3.047886095999999 microliter,H2O,422.96504246461257,CN1C=NC2=C1C(=O)N(C(=O)N2C)C,caffeine,0.09321168000000002 milligram,0.4800000000000001 micromole,0.09321168000000003 microliter,C8H10N4O2,1.1999999999999997,C1COCCO1,dioxane,3.3935943787199996 milligram,38.51717679522393 micromole,3.2947518239999996 microliter,C4H8O2,96.2929419880598,Cn1ncc2cc(-c3ccccc3)ccc21,suzuki_product,0.0 milligram,0.0 micromole,0 microliter,C14H12N2,0.0,c1ccccc1,dehalogenation_byproduct,0.0 milligram,0.0 micromole,0 microliter,C6H6,0.0,Cn1ncc2ccccc21,deborylation_byproduct,0.0 milligram,0.0 micromole,0 microliter,C8H8N2,0.0,BrC1=CC=CC=C1.Cn1ncc2cc(B(O)O)ccc21>>Cn1ncc2cc(-c3ccccc3)ccc21.Cn1ncc2ccccc21.c1ccccc1,pcr_O6,,,,,,,,,,,,,,,12/19/2023 5:47:15 AM,5,011_rln-nb-2443_018_ct-126_342.raw,1,Rxn_Opt_HSST3_2_98_2min,"O,6",2min_100_1500.EXP,"O,6",pcr_O6,pcr_O6,Eunjae Shim,0.0
O7,CC1=C(C(=NN1C(C)C)N)Br,4-BROMO-1-ISOPROPYL-5-METHYL-1H-PYRAZOL-3-AMINE,0.08723920000000002 milligram,0.40000000000000013 micromole,0.08723920000000003 microliter,C7H12BrN3,1.0,OB(O)C1=CCCC1,417715711,0.05372976000000001 milligram,0.4800000000000001 micromole,0.05372976000000002 microliter,C5H9BO2,1.1999999999999997,CC(C)C1=CC(C(C)C)=CC(C(C)C)=C1C2=C([P+](C3CCCCC3)([Pd-2]4(OS(C)(=O)=O)C(C=CC=C5)=C5C6=C([NH+]4C)C=CC=C6)C7CCCCC7)C=CC=C2,XPhos Pd G4,0.08260742400000001 milligram,0.09600000000000003 micromole,0.08260742400000003 microliter,C47H64NO3PPdS,0.24,C1COCCO1,DMF,20.52 milligram,232.90127800603818 micromole,21.6 microliter,C4H8O2,582.2531950150952,[K+].[K+].[K+].[O-]P([O-])([O-])=O,K3PO4,0.7641504000000002 milligram,3.6000000000000014 micromole,0.7641504000000005 microliter,K3O4P,9.0,O,water,3.047886095999999 milligram,169.18601698584507 micromole,3.047886095999999 microliter,H2O,422.96504246461257,CN1C=NC2=C1C(=O)N(C(=O)N2C)C,caffeine,0.09321168000000002 milligram,0.4800000000000001 micromole,0.09321168000000003 microliter,C8H10N4O2,1.1999999999999997,C1COCCO1,dioxane,3.3935943787199996 milligram,38.51717679522393 micromole,3.2947518239999996 microliter,C4H8O2,96.2929419880598,Cc1c(C2=CCCC2)c(N)nn1C(C)C,suzuki_product,0.0 milligram,0.0 micromole,0 microliter,C12H19N3,0.0,Cc1cc(N)nn1C(C)C,dehalogenation_byproduct,0.0 milligram,0.0 micromole,0 microliter,C7H13N3,0.0,C1=CCCC1,deborylation_byproduct,0.0 milligram,0.0 micromole,0 microliter,C5H8,0.0,CC1=C(C(=NN1C(C)C)N)Br.OB(O)C1=CCCC1>>C1=CCCC1.Cc1c(C2=CCCC2)c(N)nn1C(C)C.Cc1cc(N)nn1C(C)C,pcr_O7,,,,,,,,,,,,,,,12/19/2023 5:49:45 AM,5,011_rln-nb-2443_018_ct-126_343.raw,1,Rxn_Opt_HSST3_2_98_2min,"O,7",2min_100_1500.EXP,"O,7",pcr_O7,pcr_O7,Eunjae Shim,0.0
O8,C1CON=C1C2=CC=C(C=C2)Br,"3-(4-bromophenyl)-4,5-dihydro-1,2-oxazole",0.09042920000000002 milligram,0.40000000000000013 micromole,0.09042920000000003 microliter,C9H8BrNO,1.0,OB(O)C1=CCCC1,417715711,0.05372976000000001 milligram,0.4800000000000001 micromole,0.05372976000000002 microliter,C5H9BO2,1.1999999999999997,CC(C)C1=CC(C(C)C)=CC(C(C)C)=C1C2=C([P+](C3CCCCC3)([Pd-2]4(OS(C)(=O)=O)C(C=CC=C5)=C5C6=C([NH+]4C)C=CC=C6)C7CCCCC7)C=CC=C2,XPhos Pd G4,0.08260742400000001 milligram,0.09600000000000003 micromole,0.08260742400000003 microliter,C47H64NO3PPdS,0.24,C1COCCO1,DMF,20.52 milligram,232.90127800603818 micromole,21.6 microliter,C4H8O2,582.2531950150952,[K+].[K+].[K+].[O-]P([O-])([O-])=O,K3PO4,0.7641504000000002 milligram,3.6000000000000014 micromole,0.7641504000000005 microliter,K3O4P,9.0,O,water,3.047886095999999 milligram,169.18601698584507 micromole,3.047886095999999 microliter,H2O,422.96504246461257,CN1C=NC2=C1C(=O)N(C(=O)N2C)C,caffeine,0.09321168000000002 milligram,0.4800000000000001 micromole,0.09321168000000003 microliter,C8H10N4O2,1.1999999999999997,C1COCCO1,dioxane,3.3935943787199996 milligram,38.51717679522393 micromole,3.2947518239999996 microliter,C4H8O2,96.2929419880598,C1=C(c2ccc(C3=NOCC3)cc2)CCC1,suzuki_product,0.0 milligram,0.0 micromole,0 microliter,C14H15NO,0.0,c1ccc(C2=NOCC2)cc1,dehalogenation_byproduct,0.0 milligram,0.0 micromole,0 microliter,C9H9NO,0.0,C1=CCCC1,deborylation_byproduct,0.0 milligram,0.0 micromole,0 microliter,C5H8,0.0,C1CON=C1C2=CC=C(C=C2)Br.OB(O)C1=CCCC1>>C1=C(c2ccc(C3=NOCC3)cc2)CCC1.C1=CCCC1.c1ccc(C2=NOCC2)cc1,pcr_O8,,,,,,,,,,,,,,,12/19/2023 5:52:14 AM,5,011_rln-nb-2443_018_ct-126_344.raw,1,Rxn_Opt_HSST3_2_98_2min,"O,8",2min_100_1500.EXP,"O,8",pcr_O8,pcr_O8,Eunjae Shim,11.506869398715377
O9,C1=NC(=C(NC1=O)Cl)Br,5-bromo-6-chloropyrazin-2-ol,0.08377200000000001 milligram,0.40000000000000013 micromole,0.08377200000000003 microliter,C4H2BrClN2O,1.0,OB(O)C1=CCCC1,417715711,0.05372976000000001 milligram,0.4800000000000001 micromole,0.05372976000000002 microliter,C5H9BO2,1.1999999999999997,CC(C)C1=CC(C(C)C)=CC(C(C)C)=C1C2=C([P+](C3CCCCC3)([Pd-2]4(OS(C)(=O)=O)C(C=CC=C5)=C5C6=C([NH+]4C)C=CC=C6)C7CCCCC7)C=CC=C2,XPhos Pd G4,0.08260742400000001 milligram,0.09600000000000003 micromole,0.08260742400000003 microliter,C47H64NO3PPdS,0.24,C1COCCO1,DMF,20.52 milligram,232.90127800603818 micromole,21.6 microliter,C4H8O2,582.2531950150952,[K+].[K+].[K+].[O-]P([O-])([O-])=O,K3PO4,0.7641504000000002 milligram,3.6000000000000014 micromole,0.7641504000000005 microliter,K3O4P,9.0,O,water,3.047886095999999 milligram,169.18601698584507 micromole,3.047886095999999 microliter,H2O,422.96504246461257,CN1C=NC2=C1C(=O)N(C(=O)N2C)C,caffeine,0.09321168000000002 milligram,0.4800000000000001 micromole,0.09321168000000003 microliter,C8H10N4O2,1.1999999999999997,C1COCCO1,dioxane,3.3935943787199996 milligram,38.51717679522393 micromole,3.2947518239999996 microliter,C4H8O2,96.2929419880598,O=c1cnc(Br)c(C2=CCCC2)[nH]1,suzuki_product,0.0 milligram,0.0 micromole,0 microliter,C9H9BrN2O,0.0,O=c1cncc(Cl)[nH]1,dehalogenation_byproduct,0.0 milligram,0.0 micromole,0 microliter,C4H3ClN2O,0.0,O=c1cnc(Br)c[nH]1,dehalogenation_byproduct,0.0 milligram,0.0 micromole,0 microliter,C4H3BrN2O,0.0,C1=NC(=C(NC1=O)Cl)Br.OB(O)C1=CCCC1>>C1=CCCC1.O=c1cnc(Br)c(C2=CCCC2)[nH]1.O=c1cnc(Br)c[nH]1.O=c1cnc(C2=CCCC2)c(Cl)[nH]1.O=c1cncc(Cl)[nH]1,pcr_O9,O=c1cnc(C2=CCCC2)c(Cl)[nH]1,suzuki_product,0.0 milligram,0.0 micromole,0 microliter,C9H9ClN2O,0.0,C1=CCCC1,deborylation_byproduct,0.0 milligram,0.0 micromole,0 microliter,C5H8,0.0,12/19/2023 5:54:43 AM,5,011_rln-nb-2443_018_ct-126_345.raw,1,Rxn_Opt_HSST3_2_98_2min,"O,9",2min_100_1500.EXP,"O,9",pcr_O9,pcr_O9,Eunjae Shim,0.0
O10,Cc1c(Br)cnc2[nH]ccc12,"5-bromo-4-methyl-1H-pyrrolo[2,3-b]pyridine",0.08442480000000005 milligram,0.40000000000000013 micromole,0.08442480000000006 microliter,C8H7BrN2,1.0,OB(O)C1=CCCC1,417715711,0.05372976000000001 milligram,0.4800000000000001 micromole,0.05372976000000002 microliter,C5H9BO2,1.1999999999999997,CC(C)C1=CC(C(C)C)=CC(C(C)C)=C1C2=C([P+](C3CCCCC3)([Pd-2]4(OS(C)(=O)=O)C(C=CC=C5)=C5C6=C([NH+]4C)C=CC=C6)C7CCCCC7)C=CC=C2,XPhos Pd G4,0.08260742400000001 milligram,0.09600000000000003 micromole,0.08260742400000003 microliter,C47H64NO3PPdS,0.24,C1COCCO1,DMF,20.52 milligram,232.90127800603818 micromole,21.6 microliter,C4H8O2,582.2531950150952,[K+].[K+].[K+].[O-]P([O-])([O-])=O,K3PO4,0.7641504000000002 milligram,3.6000000000000014 micromole,0.7641504000000005 microliter,K3O4P,9.0,O,water,3.047886095999999 milligram,169.18601698584507 micromole,3.047886095999999 microliter,H2O,422.96504246461257,CN1C=NC2=C1C(=O)N(C(=O)N2C)C,caffeine,0.09321168000000002 milligram,0.4800000000000001 micromole,0.09321168000000003 microliter,C8H10N4O2,1.1999999999999997,C1COCCO1,dioxane,3.3935943787199996 milligram,38.51717679522393 micromole,3.2947518239999996 microliter,C4H8O2,96.2929419880598,Cc1c(C2=CCCC2)cnc2[nH]ccc12,suzuki_product,0.0 milligram,0.0 micromole,0 microliter,C13H14N2,0.0,Cc1ccnc2[nH]ccc12,dehalogenation_byproduct,0.0 milligram,0.0 micromole,0 microliter,C8H8N2,0.0,C1=CCCC1,deborylation_byproduct,0.0 milligram,0.0 micromole,0 microliter,C5H8,0.0,Cc1c(Br)cnc2[nH]ccc12.OB(O)C1=CCCC1>>C1=CCCC1.Cc1c(C2=CCCC2)cnc2[nH]ccc12.Cc1ccnc2[nH]ccc12,pcr_O10,,,,,,,,,,,,,,,12/19/2023 5:57:12 AM,5,011_rln-nb-2443_018_ct-126_346.raw,1,Rxn_Opt_HSST3_2_98_2min,"O,10",2min_100_1500.EXP,"O,10",pcr_O10,pcr_O10,Eunjae Shim,0.0
O11,COc1ccc(-c2nnc(Br)o2)cc1,"2-bromo-5-(4-methoxyphenyl)-1,3,4-oxadiazole",0.10202840000000003 milligram,0.40000000000000013 micromole,0.10202840000000006 microliter,C9H7BrN2O2,1.0,OB(O)C1=CCCC1,417715711,0.05372976000000001 milligram,0.4800000000000001 micromole,0.05372976000000002 microliter,C5H9BO2,1.1999999999999997,CC(C)C1=CC(C(C)C)=CC(C(C)C)=C1C2=C([P+](C3CCCCC3)([Pd-2]4(OS(C)(=O)=O)C(C=CC=C5)=C5C6=C([NH+]4C)C=CC=C6)C7CCCCC7)C=CC=C2,XPhos Pd G4,0.08260742400000001 milligram,0.09600000000000003 micromole,0.08260742400000003 microliter,C47H64NO3PPdS,0.24,C1COCCO1,DMF,20.52 milligram,232.90127800603818 micromole,21.6 microliter,C4H8O2,582.2531950150952,[K+].[K+].[K+].[O-]P([O-])([O-])=O,K3PO4,0.7641504000000002 milligram,3.6000000000000014 micromole,0.7641504000000005 microliter,K3O4P,9.0,O,water,3.047886095999999 milligram,169.18601698584507 micromole,3.047886095999999 microliter,H2O,422.96504246461257,CN1C=NC2=C1C(=O)N(C(=O)N2C)C,caffeine,0.09321168000000002 milligram,0.4800000000000001 micromole,0.09321168000000003 microliter,C8H10N4O2,1.1999999999999997,C1COCCO1,dioxane,3.3935943787199996 milligram,38.51717679522393 micromole,3.2947518239999996 microliter,C4H8O2,96.2929419880598,COc1ccc(-c2nnc(C3=CCCC3)o2)cc1,suzuki_product,0.0 milligram,0.0 micromole,0 microliter,C14H14N2O2,0.0,COc1ccc(-c2nnco2)cc1,dehalogenation_byproduct,0.0 milligram,0.0 micromole,0 microliter,C9H8N2O2,0.0,C1=CCCC1,deborylation_byproduct,0.0 milligram,0.0 micromole,0 microliter,C5H8,0.0,COc1ccc(-c2nnc(Br)o2)cc1.OB(O)C1=CCCC1>>C1=CCCC1.COc1ccc(-c2nnc(C3=CCCC3)o2)cc1.COc1ccc(-c2nnco2)cc1,pcr_O11,,,,,,,,,,,,,,,12/19/2023 5:59:41 AM,5,011_rln-nb-2443_018_ct-126_347.raw,1,Rxn_Opt_HSST3_2_98_2min,"O,11",2min_100_1500.EXP,"O,11",pcr_O11,pcr_O11,Eunjae Shim,2.478701029892699
O12,BrC1=CC=CC=C1,phenylbromide,0.06280400000000001 milligram,0.40000000000000013 micromole,0.06280400000000003 microliter,C6H5Br,1.0,OB(O)C1=CCCC1,417715711,0.05372976000000001 milligram,0.4800000000000001 micromole,0.05372976000000002 microliter,C5H9BO2,1.1999999999999997,CC(C)C1=CC(C(C)C)=CC(C(C)C)=C1C2=C([P+](C3CCCCC3)([Pd-2]4(OS(C)(=O)=O)C(C=CC=C5)=C5C6=C([NH+]4C)C=CC=C6)C7CCCCC7)C=CC=C2,XPhos Pd G4,0.08260742400000001 milligram,0.09600000000000003 micromole,0.08260742400000003 microliter,C47H64NO3PPdS,0.24,C1COCCO1,DMF,20.52 milligram,232.90127800603818 micromole,21.6 microliter,C4H8O2,582.2531950150952,[K+].[K+].[K+].[O-]P([O-])([O-])=O,K3PO4,0.7641504000000002 milligram,3.6000000000000014 micromole,0.7641504000000005 microliter,K3O4P,9.0,O,water,3.047886095999999 milligram,169.18601698584507 micromole,3.047886095999999 microliter,H2O,422.96504246461257,CN1C=NC2=C1C(=O)N(C(=O)N2C)C,caffeine,0.09321168000000002 milligram,0.4800000000000001 micromole,0.09321168000000003 microliter,C8H10N4O2,1.1999999999999997,C1COCCO1,dioxane,3.3935943787199996 milligram,38.51717679522393 micromole,3.2947518239999996 microliter,C4H8O2,96.2929419880598,C1=C(c2ccccc2)CCC1,suzuki_product,0.0 milligram,0.0 micromole,0 microliter,C11H12,0.0,c1ccccc1,dehalogenation_byproduct,0.0 milligram,0.0 micromole,0 microliter,C6H6,0.0,C1=CCCC1,deborylation_byproduct,0.0 milligram,0.0 micromole,0 microliter,C5H8,0.0,BrC1=CC=CC=C1.OB(O)C1=CCCC1>>C1=C(c2ccccc2)CCC1.C1=CCCC1.c1ccccc1,pcr_O12,,,,,,,,,,,,,,,12/19/2023 6:02:10 AM,5,011_rln-nb-2443_018_ct-126_348.raw,1,Rxn_Opt_HSST3_2_98_2min,"O,12",2min_100_1500.EXP,"O,12",pcr_O12,pcr_O12,Eunjae Shim,0.0
O13,CC1=C(C(=NN1C(C)C)N)Br,4-BROMO-1-ISOPROPYL-5-METHYL-1H-PYRAZOL-3-AMINE,0.08723920000000002 milligram,0.40000000000000013 micromole,0.08723920000000003 microliter,C7H12BrN3,1.0,Cn1ncc2cc(B(O)O)ccc21,417385452,0.08447232000000002 milligram,0.4800000000000001 micromole,0.08447232000000003 microliter,C8H9BN2O2,1.1999999999999997,CC(C)C1=CC(C(C)C)=CC(C(C)C)=C1C2=C([P+](C3CCCCC3)([Pd-2]4(OS(C)(=O)=O)C(C=CC=C5)=C5C6=C([NH+]4C)C=CC=C6)C7CCCCC7)C=CC=C2,XPhos Pd G4,0.08260742400000001 milligram,0.09600000000000003 micromole,0.08260742400000003 microliter,C47H64NO3PPdS,0.24,C1COCCO1,DMF,20.52 milligram,232.90127800603818 micromole,21.6 microliter,C4H8O2,582.2531950150952,[K+].[K+].[K+].[O-]P([O-])([O-])=O,K3PO4,0.7641504000000002 milligram,3.6000000000000014 micromole,0.7641504000000005 microliter,K3O4P,9.0,O,water,3.047886095999999 milligram,169.18601698584507 micromole,3.047886095999999 microliter,H2O,422.96504246461257,CN1C=NC2=C1C(=O)N(C(=O)N2C)C,caffeine,0.09321168000000002 milligram,0.4800000000000001 micromole,0.09321168000000003 microliter,C8H10N4O2,1.1999999999999997,C1COCCO1,dioxane,3.3935943787199996 milligram,38.51717679522393 micromole,3.2947518239999996 microliter,C4H8O2,96.2929419880598,Cc1c(-c2ccc3c(cnn3C)c2)c(N)nn1C(C)C,suzuki_product,0.0 milligram,0.0 micromole,0 microliter,C15H19N5,0.0,Cc1cc(N)nn1C(C)C,dehalogenation_byproduct,0.0 milligram,0.0 micromole,0 microliter,C7H13N3,0.0,Cn1ncc2ccccc21,deborylation_byproduct,0.0 milligram,0.0 micromole,0 microliter,C8H8N2,0.0,CC1=C(C(=NN1C(C)C)N)Br.Cn1ncc2cc(B(O)O)ccc21>>Cc1c(-c2ccc3c(cnn3C)c2)c(N)nn1C(C)C.Cc1cc(N)nn1C(C)C.Cn1ncc2ccccc21,pcr_O13,,,,,,,,,,,,,,,12/19/2023 6:04:38 AM,5,011_rln-nb-2443_018_ct-126_349.raw,1,Rxn_Opt_HSST3_2_98_2min,"O,13",2min_100_1500.EXP,"O,13",pcr_O13,pcr_O13,Eunjae Shim,6.3675031312291015
O14,C1CON=C1C2=CC=C(C=C2)Br,"3-(4-bromophenyl)-4,5-dihydro-1,2-oxazole",0.09042920000000002 milligram,0.40000000000000013 micromole,0.09042920000000003 microliter,C9H8BrNO,1.0,Cn1ncc2cc(B(O)O)ccc21,417385452,0.08447232000000002 milligram,0.4800000000000001 micromole,0.08447232000000003 microliter,C8H9BN2O2,1.1999999999999997,CC(C)C1=CC(C(C)C)=CC(C(C)C)=C1C2=C([P+](C3CCCCC3)([Pd-2]4(OS(C)(=O)=O)C(C=CC=C5)=C5C6=C([NH+]4C)C=CC=C6)C7CCCCC7)C=CC=C2,XPhos Pd G4,0.08260742400000001 milligram,0.09600000000000003 micromole,0.08260742400000003 microliter,C47H64NO3PPdS,0.24,C1COCCO1,DMF,20.52 milligram,232.90127800603818 micromole,21.6 microliter,C4H8O2,582.2531950150952,[K+].[K+].[K+].[O-]P([O-])([O-])=O,K3PO4,0.7641504000000002 milligram,3.6000000000000014 micromole,0.7641504000000005 microliter,K3O4P,9.0,O,water,3.047886095999999 milligram,169.18601698584507 micromole,3.047886095999999 microliter,H2O,422.96504246461257,CN1C=NC2=C1C(=O)N(C(=O)N2C)C,caffeine,0.09321168000000002 milligram,0.4800000000000001 micromole,0.09321168000000003 microliter,C8H10N4O2,1.1999999999999997,C1COCCO1,dioxane,3.3935943787199996 milligram,38.51717679522393 micromole,3.2947518239999996 microliter,C4H8O2,96.2929419880598,Cn1ncc2cc(-c3ccc(C4=NOCC4)cc3)ccc21,suzuki_product,0.0 milligram,0.0 micromole,0 microliter,C17H15N3O,0.0,c1ccc(C2=NOCC2)cc1,dehalogenation_byproduct,0.0 milligram,0.0 micromole,0 microliter,C9H9NO,0.0,Cn1ncc2ccccc21,deborylation_byproduct,0.0 milligram,0.0 micromole,0 microliter,C8H8N2,0.0,C1CON=C1C2=CC=C(C=C2)Br.Cn1ncc2cc(B(O)O)ccc21>>Cn1ncc2cc(-c3ccc(C4=NOCC4)cc3)ccc21.Cn1ncc2ccccc21.c1ccc(C2=NOCC2)cc1,pcr_O14,,,,,,,,,,,,,,,12/19/2023 6:07:06 AM,5,011_rln-nb-2443_018_ct-126_350.raw,1,Rxn_Opt_HSST3_2_98_2min,"O,14",2min_100_1500.EXP,"O,14",pcr_O14,pcr_O14,Eunjae Shim,74.59346333707211
O15,C1=NC(=C(NC1=O)Cl)Br,5-bromo-6-chloropyrazin-2-ol,0.08377200000000001 milligram,0.40000000000000013 micromole,0.08377200000000003 microliter,C4H2BrClN2O,1.0,Cn1ncc2cc(B(O)O)ccc21,417385452,0.08447232000000002 milligram,0.4800000000000001 micromole,0.08447232000000003 microliter,C8H9BN2O2,1.1999999999999997,CC(C)C1=CC(C(C)C)=CC(C(C)C)=C1C2=C([P+](C3CCCCC3)([Pd-2]4(OS(C)(=O)=O)C(C=CC=C5)=C5C6=C([NH+]4C)C=CC=C6)C7CCCCC7)C=CC=C2,XPhos Pd G4,0.08260742400000001 milligram,0.09600000000000003 micromole,0.08260742400000003 microliter,C47H64NO3PPdS,0.24,C1COCCO1,DMF,20.52 milligram,232.90127800603818 micromole,21.6 microliter,C4H8O2,582.2531950150952,[K+].[K+].[K+].[O-]P([O-])([O-])=O,K3PO4,0.7641504000000002 milligram,3.6000000000000014 micromole,0.7641504000000005 microliter,K3O4P,9.0,O,water,3.047886095999999 milligram,169.18601698584507 micromole,3.047886095999999 microliter,H2O,422.96504246461257,CN1C=NC2=C1C(=O)N(C(=O)N2C)C,caffeine,0.09321168000000002 milligram,0.4800000000000001 micromole,0.09321168000000003 microliter,C8H10N4O2,1.1999999999999997,C1COCCO1,dioxane,3.3935943787199996 milligram,38.51717679522393 micromole,3.2947518239999996 microliter,C4H8O2,96.2929419880598,Cn1ncc2cc(-c3[nH]c(=O)cnc3Br)ccc21,suzuki_product,0.0 milligram,0.0 micromole,0 microliter,C12H9BrN4O,0.0,O=c1cncc(Cl)[nH]1,dehalogenation_byproduct,0.0 milligram,0.0 micromole,0 microliter,C4H3ClN2O,0.0,O=c1cnc(Br)c[nH]1,dehalogenation_byproduct,0.0 milligram,0.0 micromole,0 microliter,C4H3BrN2O,0.0,C1=NC(=C(NC1=O)Cl)Br.Cn1ncc2cc(B(O)O)ccc21>>Cn1ncc2cc(-c3[nH]c(=O)cnc3Br)ccc21.Cn1ncc2cc(-c3ncc(=O)[nH]c3Cl)ccc21.Cn1ncc2ccccc21.O=c1cnc(Br)c[nH]1.O=c1cncc(Cl)[nH]1,pcr_O15,Cn1ncc2cc(-c3ncc(=O)[nH]c3Cl)ccc21,suzuki_product,0.0 milligram,0.0 micromole,0 microliter,C12H9ClN4O,0.0,Cn1ncc2ccccc21,deborylation_byproduct,0.0 milligram,0.0 micromole,0 microliter,C8H8N2,0.0,12/19/2023 6:09:36 AM,5,011_rln-nb-2443_018_ct-126_351.raw,1,Rxn_Opt_HSST3_2_98_2min,"O,15",2min_100_1500.EXP,"O,15",pcr_O15,pcr_O15,Eunjae Shim,0.0
O16,Cc1c(Br)cnc2[nH]ccc12,"5-bromo-4-methyl-1H-pyrrolo[2,3-b]pyridine",0.08442480000000005 milligram,0.40000000000000013 micromole,0.08442480000000006 microliter,C8H7BrN2,1.0,Cn1ncc2cc(B(O)O)ccc21,417385452,0.08447232000000002 milligram,0.4800000000000001 micromole,0.08447232000000003 microliter,C8H9BN2O2,1.1999999999999997,CC(C)C1=CC(C(C)C)=CC(C(C)C)=C1C2=C([P+](C3CCCCC3)([Pd-2]4(OS(C)(=O)=O)C(C=CC=C5)=C5C6=C([NH+]4C)C=CC=C6)C7CCCCC7)C=CC=C2,XPhos Pd G4,0.08260742400000001 milligram,0.09600000000000003 micromole,0.08260742400000003 microliter,C47H64NO3PPdS,0.24,C1COCCO1,DMF,20.52 milligram,232.90127800603818 micromole,21.6 microliter,C4H8O2,582.2531950150952,[K+].[K+].[K+].[O-]P([O-])([O-])=O,K3PO4,0.7641504000000002 milligram,3.6000000000000014 micromole,0.7641504000000005 microliter,K3O4P,9.0,O,water,3.047886095999999 milligram,169.18601698584507 micromole,3.047886095999999 microliter,H2O,422.96504246461257,CN1C=NC2=C1C(=O)N(C(=O)N2C)C,caffeine,0.09321168000000002 milligram,0.4800000000000001 micromole,0.09321168000000003 microliter,C8H10N4O2,1.1999999999999997,C1COCCO1,dioxane,3.3935943787199996 milligram,38.51717679522393 micromole,3.2947518239999996 microliter,C4H8O2,96.2929419880598,Cc1c(-c2ccc3c(cnn3C)c2)cnc2[nH]ccc12,suzuki_product,0.0 milligram,0.0 micromole,0 microliter,C16H14N4,0.0,Cc1ccnc2[nH]ccc12,dehalogenation_byproduct,0.0 milligram,0.0 micromole,0 microliter,C8H8N2,0.0,Cn1ncc2ccccc21,deborylation_byproduct,0.0 milligram,0.0 micromole,0 microliter,C8H8N2,0.0,Cc1c(Br)cnc2[nH]ccc12.Cn1ncc2cc(B(O)O)ccc21>>Cc1c(-c2ccc3c(cnn3C)c2)cnc2[nH]ccc12.Cc1ccnc2[nH]ccc12.Cn1ncc2ccccc21,pcr_O16,,,,,,,,,,,,,,,12/19/2023 6:12:05 AM,5,011_rln-nb-2443_018_ct-126_352.raw,1,Rxn_Opt_HSST3_2_98_2min,"O,16",2min_100_1500.EXP,"O,16",pcr_O16,pcr_O16,Eunjae Shim,13.13412706362265
O17,COc1ccc(-c2nnc(Br)o2)cc1,"2-bromo-5-(4-methoxyphenyl)-1,3,4-oxadiazole",0.10202840000000003 milligram,0.40000000000000013 micromole,0.10202840000000006 microliter,C9H7BrN2O2,1.0,Cn1ncc2cc(B(O)O)ccc21,417385452,0.08447232000000002 milligram,0.4800000000000001 micromole,0.08447232000000003 microliter,C8H9BN2O2,1.1999999999999997,CC(C)C1=CC(C(C)C)=CC(C(C)C)=C1C2=C([P+](C3CCCCC3)([Pd-2]4(OS(C)(=O)=O)C(C=CC=C5)=C5C6=C([NH+]4C)C=CC=C6)C7CCCCC7)C=CC=C2,XPhos Pd G4,0.08260742400000001 milligram,0.09600000000000003 micromole,0.08260742400000003 microliter,C47H64NO3PPdS,0.24,C1COCCO1,DMF,20.52 milligram,232.90127800603818 micromole,21.6 microliter,C4H8O2,582.2531950150952,[K+].[K+].[K+].[O-]P([O-])([O-])=O,K3PO4,0.7641504000000002 milligram,3.6000000000000014 micromole,0.7641504000000005 microliter,K3O4P,9.0,O,water,3.047886095999999 milligram,169.18601698584507 micromole,3.047886095999999 microliter,H2O,422.96504246461257,CN1C=NC2=C1C(=O)N(C(=O)N2C)C,caffeine,0.09321168000000002 milligram,0.4800000000000001 micromole,0.09321168000000003 microliter,C8H10N4O2,1.1999999999999997,C1COCCO1,dioxane,3.3935943787199996 milligram,38.51717679522393 micromole,3.2947518239999996 microliter,C4H8O2,96.2929419880598,COc1ccc(-c2nnc(-c3ccc4c(cnn4C)c3)o2)cc1,suzuki_product,0.0 milligram,0.0 micromole,0 microliter,C17H14N4O2,0.0,COc1ccc(-c2nnco2)cc1,dehalogenation_byproduct,0.0 milligram,0.0 micromole,0 microliter,C9H8N2O2,0.0,Cn1ncc2ccccc21,deborylation_byproduct,0.0 milligram,0.0 micromole,0 microliter,C8H8N2,0.0,COc1ccc(-c2nnc(Br)o2)cc1.Cn1ncc2cc(B(O)O)ccc21>>COc1ccc(-c2nnc(-c3ccc4c(cnn4C)c3)o2)cc1.COc1ccc(-c2nnco2)cc1.Cn1ncc2ccccc21,pcr_O17,,,,,,,,,,,,,,,12/19/2023 6:14:34 AM,5,011_rln-nb-2443_018_ct-126_353.raw,1,Rxn_Opt_HSST3_2_98_2min,"O,17",2min_100_1500.EXP,"O,17",pcr_O17,pcr_O17,Eunjae Shim,18.284755620364294
O18,BrC1=CC=CC=C1,phenylbromide,0.06280400000000001 milligram,0.40000000000000013 micromole,0.06280400000000003 microliter,C6H5Br,1.0,Cn1ncc2cc(B(O)O)ccc21,417385452,0.08447232000000002 milligram,0.4800000000000001 micromole,0.08447232000000003 microliter,C8H9BN2O2,1.1999999999999997,CC(C)C1=CC(C(C)C)=CC(C(C)C)=C1C2=C([P+](C3CCCCC3)([Pd-2]4(OS(C)(=O)=O)C(C=CC=C5)=C5C6=C([NH+]4C)C=CC=C6)C7CCCCC7)C=CC=C2,XPhos Pd G4,0.08260742400000001 milligram,0.09600000000000003 micromole,0.08260742400000003 microliter,C47H64NO3PPdS,0.24,C1COCCO1,DMF,20.52 milligram,232.90127800603818 micromole,21.6 microliter,C4H8O2,582.2531950150952,[K+].[K+].[K+].[O-]P([O-])([O-])=O,K3PO4,0.7641504000000002 milligram,3.6000000000000014 micromole,0.7641504000000005 microliter,K3O4P,9.0,O,water,3.047886095999999 milligram,169.18601698584507 micromole,3.047886095999999 microliter,H2O,422.96504246461257,CN1C=NC2=C1C(=O)N(C(=O)N2C)C,caffeine,0.09321168000000002 milligram,0.4800000000000001 micromole,0.09321168000000003 microliter,C8H10N4O2,1.1999999999999997,C1COCCO1,dioxane,3.3935943787199996 milligram,38.51717679522393 micromole,3.2947518239999996 microliter,C4H8O2,96.2929419880598,Cn1ncc2cc(-c3ccccc3)ccc21,suzuki_product,0.0 milligram,0.0 micromole,0 microliter,C14H12N2,0.0,c1ccccc1,dehalogenation_byproduct,0.0 milligram,0.0 micromole,0 microliter,C6H6,0.0,Cn1ncc2ccccc21,deborylation_byproduct,0.0 milligram,0.0 micromole,0 microliter,C8H8N2,0.0,BrC1=CC=CC=C1.Cn1ncc2cc(B(O)O)ccc21>>Cn1ncc2cc(-c3ccccc3)ccc21.Cn1ncc2ccccc21.c1ccccc1,pcr_O18,,,,,,,,,,,,,,,12/19/2023 6:17:03 AM,5,011_rln-nb-2443_018_ct-126_354.raw,1,Rxn_Opt_HSST3_2_98_2min,"O,18",2min_100_1500.EXP,"O,18",pcr_O18,pcr_O18,Eunjae Shim,0.0
O19,CC1=C(C(=NN1C(C)C)N)Br,4-BROMO-1-ISOPROPYL-5-METHYL-1H-PYRAZOL-3-AMINE,0.08723920000000002 milligram,0.40000000000000013 micromole,0.08723920000000003 microliter,C7H12BrN3,1.0,OB(O)C1=CCCC1,417715711,0.05372976000000001 milligram,0.4800000000000001 micromole,0.05372976000000002 microliter,C5H9BO2,1.1999999999999997,CC(C)C1=CC(C(C)C)=CC(C(C)C)=C1C2=C([P+](C3CCCCC3)([Pd-2]4(OS(C)(=O)=O)C(C=CC=C5)=C5C6=C([NH+]4C)C=CC=C6)C7CCCCC7)C=CC=C2,XPhos Pd G4,0.08260742400000001 milligram,0.09600000000000003 micromole,0.08260742400000003 microliter,C47H64NO3PPdS,0.24,C1COCCO1,DMF,20.52 milligram,232.90127800603818 micromole,21.6 microliter,C4H8O2,582.2531950150952,[K+].[K+].[K+].[O-]P([O-])([O-])=O,K3PO4,0.7641504000000002 milligram,3.6000000000000014 micromole,0.7641504000000005 microliter,K3O4P,9.0,O,water,3.047886095999999 milligram,169.18601698584507 micromole,3.047886095999999 microliter,H2O,422.96504246461257,CN1C=NC2=C1C(=O)N(C(=O)N2C)C,caffeine,0.09321168000000002 milligram,0.4800000000000001 micromole,0.09321168000000003 microliter,C8H10N4O2,1.1999999999999997,C1COCCO1,dioxane,3.3935943787199996 milligram,38.51717679522393 micromole,3.2947518239999996 microliter,C4H8O2,96.2929419880598,Cc1c(C2=CCCC2)c(N)nn1C(C)C,suzuki_product,0.0 milligram,0.0 micromole,0 microliter,C12H19N3,0.0,Cc1cc(N)nn1C(C)C,dehalogenation_byproduct,0.0 milligram,0.0 micromole,0 microliter,C7H13N3,0.0,C1=CCCC1,deborylation_byproduct,0.0 milligram,0.0 micromole,0 microliter,C5H8,0.0,CC1=C(C(=NN1C(C)C)N)Br.OB(O)C1=CCCC1>>C1=CCCC1.Cc1c(C2=CCCC2)c(N)nn1C(C)C.Cc1cc(N)nn1C(C)C,pcr_O19,,,,,,,,,,,,,,,12/19/2023 6:19:32 AM,5,011_rln-nb-2443_018_ct-126_355.raw,1,Rxn_Opt_HSST3_2_98_2min,"O,19",2min_100_1500.EXP,"O,19",pcr_O19,pcr_O19,Eunjae Shim,0.0
O20,C1CON=C1C2=CC=C(C=C2)Br,"3-(4-bromophenyl)-4,5-dihydro-1,2-oxazole",0.09042920000000002 milligram,0.40000000000000013 micromole,0.09042920000000003 microliter,C9H8BrNO,1.0,OB(O)C1=CCCC1,417715711,0.05372976000000001 milligram,0.4800000000000001 micromole,0.05372976000000002 microliter,C5H9BO2,1.1999999999999997,CC(C)C1=CC(C(C)C)=CC(C(C)C)=C1C2=C([P+](C3CCCCC3)([Pd-2]4(OS(C)(=O)=O)C(C=CC=C5)=C5C6=C([NH+]4C)C=CC=C6)C7CCCCC7)C=CC=C2,XPhos Pd G4,0.08260742400000001 milligram,0.09600000000000003 micromole,0.08260742400000003 microliter,C47H64NO3PPdS,0.24,C1COCCO1,DMF,20.52 milligram,232.90127800603818 micromole,21.6 microliter,C4H8O2,582.2531950150952,[K+].[K+].[K+].[O-]P([O-])([O-])=O,K3PO4,0.7641504000000002 milligram,3.6000000000000014 micromole,0.7641504000000005 microliter,K3O4P,9.0,O,water,3.047886095999999 milligram,169.18601698584507 micromole,3.047886095999999 microliter,H2O,422.96504246461257,CN1C=NC2=C1C(=O)N(C(=O)N2C)C,caffeine,0.09321168000000002 milligram,0.4800000000000001 micromole,0.09321168000000003 microliter,C8H10N4O2,1.1999999999999997,C1COCCO1,dioxane,3.3935943787199996 milligram,38.51717679522393 micromole,3.2947518239999996 microliter,C4H8O2,96.2929419880598,C1=C(c2ccc(C3=NOCC3)cc2)CCC1,suzuki_product,0.0 milligram,0.0 micromole,0 microliter,C14H15NO,0.0,c1ccc(C2=NOCC2)cc1,dehalogenation_byproduct,0.0 milligram,0.0 micromole,0 microliter,C9H9NO,0.0,C1=CCCC1,deborylation_byproduct,0.0 milligram,0.0 micromole,0 microliter,C5H8,0.0,C1CON=C1C2=CC=C(C=C2)Br.OB(O)C1=CCCC1>>C1=C(c2ccc(C3=NOCC3)cc2)CCC1.C1=CCCC1.c1ccc(C2=NOCC2)cc1,pcr_O20,,,,,,,,,,,,,,,12/19/2023 6:22:01 AM,5,011_rln-nb-2443_018_ct-126_356.raw,1,Rxn_Opt_HSST3_2_98_2min,"O,20",2min_100_1500.EXP,"O,20",pcr_O20,pcr_O20,Eunjae Shim,0.0
O21,C1=NC(=C(NC1=O)Cl)Br,5-bromo-6-chloropyrazin-2-ol,0.08377200000000001 milligram,0.40000000000000013 micromole,0.08377200000000003 microliter,C4H2BrClN2O,1.0,OB(O)C1=CCCC1,417715711,0.05372976000000001 milligram,0.4800000000000001 micromole,0.05372976000000002 microliter,C5H9BO2,1.1999999999999997,CC(C)C1=CC(C(C)C)=CC(C(C)C)=C1C2=C([P+](C3CCCCC3)([Pd-2]4(OS(C)(=O)=O)C(C=CC=C5)=C5C6=C([NH+]4C)C=CC=C6)C7CCCCC7)C=CC=C2,XPhos Pd G4,0.08260742400000001 milligram,0.09600000000000003 micromole,0.08260742400000003 microliter,C47H64NO3PPdS,0.24,C1COCCO1,DMF,20.52 milligram,232.90127800603818 micromole,21.6 microliter,C4H8O2,582.2531950150952,[K+].[K+].[K+].[O-]P([O-])([O-])=O,K3PO4,0.7641504000000002 milligram,3.6000000000000014 micromole,0.7641504000000005 microliter,K3O4P,9.0,O,water,3.047886095999999 milligram,169.18601698584507 micromole,3.047886095999999 microliter,H2O,422.96504246461257,CN1C=NC2=C1C(=O)N(C(=O)N2C)C,caffeine,0.09321168000000002 milligram,0.4800000000000001 micromole,0.09321168000000003 microliter,C8H10N4O2,1.1999999999999997,C1COCCO1,dioxane,3.3935943787199996 milligram,38.51717679522393 micromole,3.2947518239999996 microliter,C4H8O2,96.2929419880598,O=c1cnc(Br)c(C2=CCCC2)[nH]1,suzuki_product,0.0 milligram,0.0 micromole,0 microliter,C9H9BrN2O,0.0,O=c1cncc(Cl)[nH]1,dehalogenation_byproduct,0.0 milligram,0.0 micromole,0 microliter,C4H3ClN2O,0.0,O=c1cnc(Br)c[nH]1,dehalogenation_byproduct,0.0 milligram,0.0 micromole,0 microliter,C4H3BrN2O,0.0,C1=NC(=C(NC1=O)Cl)Br.OB(O)C1=CCCC1>>C1=CCCC1.O=c1cnc(Br)c(C2=CCCC2)[nH]1.O=c1cnc(Br)c[nH]1.O=c1cnc(C2=CCCC2)c(Cl)[nH]1.O=c1cncc(Cl)[nH]1,pcr_O21,O=c1cnc(C2=CCCC2)c(Cl)[nH]1,suzuki_product,0.0 milligram,0.0 micromole,0 microliter,C9H9ClN2O,0.0,C1=CCCC1,deborylation_byproduct,0.0 milligram,0.0 micromole,0 microliter,C5H8,0.0,12/19/2023 6:24:30 AM,5,011_rln-nb-2443_018_ct-126_357.raw,1,Rxn_Opt_HSST3_2_98_2min,"O,21",2min_100_1500.EXP,"O,21",pcr_O21,pcr_O21,Eunjae Shim,0.0
O22,Cc1c(Br)cnc2[nH]ccc12,"5-bromo-4-methyl-1H-pyrrolo[2,3-b]pyridine",0.08442480000000005 milligram,0.40000000000000013 micromole,0.08442480000000006 microliter,C8H7BrN2,1.0,OB(O)C1=CCCC1,417715711,0.05372976000000001 milligram,0.4800000000000001 micromole,0.05372976000000002 microliter,C5H9BO2,1.1999999999999997,CC(C)C1=CC(C(C)C)=CC(C(C)C)=C1C2=C([P+](C3CCCCC3)([Pd-2]4(OS(C)(=O)=O)C(C=CC=C5)=C5C6=C([NH+]4C)C=CC=C6)C7CCCCC7)C=CC=C2,XPhos Pd G4,0.08260742400000001 milligram,0.09600000000000003 micromole,0.08260742400000003 microliter,C47H64NO3PPdS,0.24,C1COCCO1,DMF,20.52 milligram,232.90127800603818 micromole,21.6 microliter,C4H8O2,582.2531950150952,[K+].[K+].[K+].[O-]P([O-])([O-])=O,K3PO4,0.7641504000000002 milligram,3.6000000000000014 micromole,0.7641504000000005 microliter,K3O4P,9.0,O,water,3.047886095999999 milligram,169.18601698584507 micromole,3.047886095999999 microliter,H2O,422.96504246461257,CN1C=NC2=C1C(=O)N(C(=O)N2C)C,caffeine,0.09321168000000002 milligram,0.4800000000000001 micromole,0.09321168000000003 microliter,C8H10N4O2,1.1999999999999997,C1COCCO1,dioxane,3.3935943787199996 milligram,38.51717679522393 micromole,3.2947518239999996 microliter,C4H8O2,96.2929419880598,Cc1c(C2=CCCC2)cnc2[nH]ccc12,suzuki_product,0.0 milligram,0.0 micromole,0 microliter,C13H14N2,0.0,Cc1ccnc2[nH]ccc12,dehalogenation_byproduct,0.0 milligram,0.0 micromole,0 microliter,C8H8N2,0.0,C1=CCCC1,deborylation_byproduct,0.0 milligram,0.0 micromole,0 microliter,C5H8,0.0,Cc1c(Br)cnc2[nH]ccc12.OB(O)C1=CCCC1>>C1=CCCC1.Cc1c(C2=CCCC2)cnc2[nH]ccc12.Cc1ccnc2[nH]ccc12,pcr_O22,,,,,,,,,,,,,,,12/19/2023 6:26:59 AM,5,011_rln-nb-2443_018_ct-126_358.raw,1,Rxn_Opt_HSST3_2_98_2min,"O,22",2min_100_1500.EXP,"O,22",pcr_O22,pcr_O22,Eunjae Shim,0.0
O23,COc1ccc(-c2nnc(Br)o2)cc1,"2-bromo-5-(4-methoxyphenyl)-1,3,4-oxadiazole",0.10202840000000003 milligram,0.40000000000000013 micromole,0.10202840000000006 microliter,C9H7BrN2O2,1.0,OB(O)C1=CCCC1,417715711,0.05372976000000001 milligram,0.4800000000000001 micromole,0.05372976000000002 microliter,C5H9BO2,1.1999999999999997,CC(C)C1=CC(C(C)C)=CC(C(C)C)=C1C2=C([P+](C3CCCCC3)([Pd-2]4(OS(C)(=O)=O)C(C=CC=C5)=C5C6=C([NH+]4C)C=CC=C6)C7CCCCC7)C=CC=C2,XPhos Pd G4,0.08260742400000001 milligram,0.09600000000000003 micromole,0.08260742400000003 microliter,C47H64NO3PPdS,0.24,C1COCCO1,DMF,20.52 milligram,232.90127800603818 micromole,21.6 microliter,C4H8O2,582.2531950150952,[K+].[K+].[K+].[O-]P([O-])([O-])=O,K3PO4,0.7641504000000002 milligram,3.6000000000000014 micromole,0.7641504000000005 microliter,K3O4P,9.0,O,water,3.047886095999999 milligram,169.18601698584507 micromole,3.047886095999999 microliter,H2O,422.96504246461257,CN1C=NC2=C1C(=O)N(C(=O)N2C)C,caffeine,0.09321168000000002 milligram,0.4800000000000001 micromole,0.09321168000000003 microliter,C8H10N4O2,1.1999999999999997,C1COCCO1,dioxane,3.3935943787199996 milligram,38.51717679522393 micromole,3.2947518239999996 microliter,C4H8O2,96.2929419880598,COc1ccc(-c2nnc(C3=CCCC3)o2)cc1,suzuki_product,0.0 milligram,0.0 micromole,0 microliter,C14H14N2O2,0.0,COc1ccc(-c2nnco2)cc1,dehalogenation_byproduct,0.0 milligram,0.0 micromole,0 microliter,C9H8N2O2,0.0,C1=CCCC1,deborylation_byproduct,0.0 milligram,0.0 micromole,0 microliter,C5H8,0.0,COc1ccc(-c2nnc(Br)o2)cc1.OB(O)C1=CCCC1>>C1=CCCC1.COc1ccc(-c2nnc(C3=CCCC3)o2)cc1.COc1ccc(-c2nnco2)cc1,pcr_O23,,,,,,,,,,,,,,,12/19/2023 6:29:28 AM,5,011_rln-nb-2443_018_ct-126_359.raw,1,Rxn_Opt_HSST3_2_98_2min,"O,23",2min_100_1500.EXP,"O,23",pcr_O23,pcr_O23,Eunjae Shim,0.0
O24,BrC1=CC=CC=C1,phenylbromide,0.06280400000000001 milligram,0.40000000000000013 micromole,0.06280400000000003 microliter,C6H5Br,1.0,OB(O)C1=CCCC1,417715711,0.05372976000000001 milligram,0.4800000000000001 micromole,0.05372976000000002 microliter,C5H9BO2,1.1999999999999997,CC(C)C1=CC(C(C)C)=CC(C(C)C)=C1C2=C([P+](C3CCCCC3)([Pd-2]4(OS(C)(=O)=O)C(C=CC=C5)=C5C6=C([NH+]4C)C=CC=C6)C7CCCCC7)C=CC=C2,XPhos Pd G4,0.08260742400000001 milligram,0.09600000000000003 micromole,0.08260742400000003 microliter,C47H64NO3PPdS,0.24,C1COCCO1,DMF,20.52 milligram,232.90127800603818 micromole,21.6 microliter,C4H8O2,582.2531950150952,[K+].[K+].[K+].[O-]P([O-])([O-])=O,K3PO4,0.7641504000000002 milligram,3.6000000000000014 micromole,0.7641504000000005 microliter,K3O4P,9.0,O,water,3.047886095999999 milligram,169.18601698584507 micromole,3.047886095999999 microliter,H2O,422.96504246461257,CN1C=NC2=C1C(=O)N(C(=O)N2C)C,caffeine,0.09321168000000002 milligram,0.4800000000000001 micromole,0.09321168000000003 microliter,C8H10N4O2,1.1999999999999997,C1COCCO1,dioxane,3.3935943787199996 milligram,38.51717679522393 micromole,3.2947518239999996 microliter,C4H8O2,96.2929419880598,C1=C(c2ccccc2)CCC1,suzuki_product,0.0 milligram,0.0 micromole,0 microliter,C11H12,0.0,c1ccccc1,dehalogenation_byproduct,0.0 milligram,0.0 micromole,0 microliter,C6H6,0.0,C1=CCCC1,deborylation_byproduct,0.0 milligram,0.0 micromole,0 microliter,C5H8,0.0,BrC1=CC=CC=C1.OB(O)C1=CCCC1>>C1=C(c2ccccc2)CCC1.C1=CCCC1.c1ccccc1,pcr_O24,,,,,,,,,,,,,,,12/19/2023 6:31:57 AM,5,011_rln-nb-2443_018_ct-126_360.raw,1,Rxn_Opt_HSST3_2_98_2min,"O,24",2min_100_1500.EXP,"O,24",pcr_O24,pcr_O24,Eunjae Shim,0.0
P1,CC1=C(N2CCCC2=O)C=CC(Br)=C1,1-(4-bromo-2-methylphenyl)pyrrolidin-2-one,0.10165080000000004 milligram,0.40000000000000013 micromole,0.10165080000000007 microliter,C11H12BrNO,1.0,COc1cc(B(O)O)cnc1OC,417717322,0.08782655999999998 milligram,0.4800000000000001 micromole,0.08782656 microliter,C7H10BNO4,1.1999999999999997,CC(C)C1=CC(C(C)C)=CC(C(C)C)=C1C2=C([P+](C3CCCCC3)([Pd-2]4(OS(C)(=O)=O)C(C=CC=C5)=C5C6=C([NH+]4C)C=CC=C6)C7CCCCC7)C=CC=C2,XPhos Pd G4,0.08260742400000001 milligram,0.09600000000000003 micromole,0.08260742400000003 microliter,C47H64NO3PPdS,0.24,C1COCCO1,DMF,20.52 milligram,232.90127800603818 micromole,21.6 microliter,C4H8O2,582.2531950150952,[K+].[K+].[K+].[O-]P([O-])([O-])=O,K3PO4,0.7641504000000002 milligram,3.6000000000000014 micromole,0.7641504000000005 microliter,K3O4P,9.0,O,water,3.047886095999999 milligram,169.18601698584507 micromole,3.047886095999999 microliter,H2O,422.96504246461257,CN1C=NC2=C1C(=O)N(C(=O)N2C)C,caffeine,0.09321168000000002 milligram,0.4800000000000001 micromole,0.09321168000000003 microliter,C8H10N4O2,1.1999999999999997,C1COCCO1,dioxane,3.3935943787199996 milligram,38.51717679522393 micromole,3.2947518239999996 microliter,C4H8O2,96.2929419880598,COc1cc(-c2ccc(N3CCCC3=O)c(C)c2)cnc1OC,suzuki_product,0.0 milligram,0.0 micromole,0 microliter,C18H20N2O3,0.0,Cc1ccccc1N1CCCC1=O,dehalogenation_byproduct,0.0 milligram,0.0 micromole,0 microliter,C11H13NO,0.0,COc1cccnc1OC,deborylation_byproduct,0.0 milligram,0.0 micromole,0 microliter,C7H9NO2,0.0,CC1=C(N2CCCC2=O)C=CC(Br)=C1.COc1cc(B(O)O)cnc1OC>>COc1cc(-c2ccc(N3CCCC3=O)c(C)c2)cnc1OC.COc1cccnc1OC.Cc1ccccc1N1CCCC1=O,pcr_P1,,,,,,,,,,,,,,,12/19/2023 6:34:26 AM,5,011_rln-nb-2443_018_ct-126_361.raw,1,Rxn_Opt_HSST3_2_98_2min,"P,1",2min_100_1500.EXP,"P,1",pcr_P1,pcr_P1,Eunjae Shim,53.00877944183229
P2,CC1=C(N2CCCC2=O)C=CC(Br)=C1,1-(4-bromo-2-methylphenyl)pyrrolidin-2-one,0.10165080000000004 milligram,0.40000000000000013 micromole,0.10165080000000007 microliter,C11H12BrNO,1.0,COc1cc(B(O)O)cnc1OC,417717322,0.08782655999999998 milligram,0.4800000000000001 micromole,0.08782656 microliter,C7H10BNO4,1.1999999999999997,CC(C)C1=CC(C(C)C)=CC(C(C)C)=C1C2=C([P+](C3CCCCC3)([Pd-2]4(OS(C)(=O)=O)C(C=CC=C5)=C5C6=C([NH+]4C)C=CC=C6)C7CCCCC7)C=CC=C2,XPhos Pd G4,0.08260742400000001 milligram,0.09600000000000003 micromole,0.08260742400000003 microliter,C47H64NO3PPdS,0.24,C1COCCO1,DMF,20.52 milligram,232.90127800603818 micromole,21.6 microliter,C4H8O2,582.2531950150952,[K+].[K+].[K+].[O-]P([O-])([O-])=O,K3PO4,0.7641504000000002 milligram,3.6000000000000014 micromole,0.7641504000000005 microliter,K3O4P,9.0,O,water,3.047886095999999 milligram,169.18601698584507 micromole,3.047886095999999 microliter,H2O,422.96504246461257,CN1C=NC2=C1C(=O)N(C(=O)N2C)C,caffeine,0.09321168000000002 milligram,0.4800000000000001 micromole,0.09321168000000003 microliter,C8H10N4O2,1.1999999999999997,C1COCCO1,dioxane,3.3935943787199996 milligram,38.51717679522393 micromole,3.2947518239999996 microliter,C4H8O2,96.2929419880598,COc1cc(-c2ccc(N3CCCC3=O)c(C)c2)cnc1OC,suzuki_product,0.0 milligram,0.0 micromole,0 microliter,C18H20N2O3,0.0,Cc1ccccc1N1CCCC1=O,dehalogenation_byproduct,0.0 milligram,0.0 micromole,0 microliter,C11H13NO,0.0,COc1cccnc1OC,deborylation_byproduct,0.0 milligram,0.0 micromole,0 microliter,C7H9NO2,0.0,CC1=C(N2CCCC2=O)C=CC(Br)=C1.COc1cc(B(O)O)cnc1OC>>COc1cc(-c2ccc(N3CCCC3=O)c(C)c2)cnc1OC.COc1cccnc1OC.Cc1ccccc1N1CCCC1=O,pcr_P2,,,,,,,,,,,,,,,12/19/2023 6:36:55 AM,5,011_rln-nb-2443_018_ct-126_362.raw,1,Rxn_Opt_HSST3_2_98_2min,"P,2",2min_100_1500.EXP,"P,2",pcr_P2,pcr_P2,Eunjae Shim,59.915160785595646
P3,CC1=C(N2CCCC2=O)C=CC(Br)=C1,1-(4-bromo-2-methylphenyl)pyrrolidin-2-one,0.10165080000000004 milligram,0.40000000000000013 micromole,0.10165080000000007 microliter,C11H12BrNO,1.0,COc1cc(B(O)O)cnc1OC,417717322,0.08782655999999998 milligram,0.4800000000000001 micromole,0.08782656 microliter,C7H10BNO4,1.1999999999999997,CC(C)C1=CC(C(C)C)=CC(C(C)C)=C1C2=C([P+](C3CCCCC3)([Pd-2]4(OS(C)(=O)=O)C(C=CC=C5)=C5C6=C([NH+]4C)C=CC=C6)C7CCCCC7)C=CC=C2,XPhos Pd G4,0.08260742400000001 milligram,0.09600000000000003 micromole,0.08260742400000003 microliter,C47H64NO3PPdS,0.24,C1COCCO1,DMF,20.52 milligram,232.90127800603818 micromole,21.6 microliter,C4H8O2,582.2531950150952,[K+].[K+].[K+].[O-]P([O-])([O-])=O,K3PO4,0.7641504000000002 milligram,3.6000000000000014 micromole,0.7641504000000005 microliter,K3O4P,9.0,O,water,3.047886095999999 milligram,169.18601698584507 micromole,3.047886095999999 microliter,H2O,422.96504246461257,CN1C=NC2=C1C(=O)N(C(=O)N2C)C,caffeine,0.09321168000000002 milligram,0.4800000000000001 micromole,0.09321168000000003 microliter,C8H10N4O2,1.1999999999999997,C1COCCO1,dioxane,3.3935943787199996 milligram,38.51717679522393 micromole,3.2947518239999996 microliter,C4H8O2,96.2929419880598,COc1cc(-c2ccc(N3CCCC3=O)c(C)c2)cnc1OC,suzuki_product,0.0 milligram,0.0 micromole,0 microliter,C18H20N2O3,0.0,Cc1ccccc1N1CCCC1=O,dehalogenation_byproduct,0.0 milligram,0.0 micromole,0 microliter,C11H13NO,0.0,COc1cccnc1OC,deborylation_byproduct,0.0 milligram,0.0 micromole,0 microliter,C7H9NO2,0.0,CC1=C(N2CCCC2=O)C=CC(Br)=C1.COc1cc(B(O)O)cnc1OC>>COc1cc(-c2ccc(N3CCCC3=O)c(C)c2)cnc1OC.COc1cccnc1OC.Cc1ccccc1N1CCCC1=O,pcr_P3,,,,,,,,,,,,,,,12/19/2023 6:39:24 AM,5,011_rln-nb-2443_018_ct-126_363.raw,1,Rxn_Opt_HSST3_2_98_2min,"P,3",2min_100_1500.EXP,"P,3",pcr_P3,pcr_P3,Eunjae Shim,84.82986644247895
P4,CC1=C(N2CCCC2=O)C=CC(Br)=C1,1-(4-bromo-2-methylphenyl)pyrrolidin-2-one,0.10165080000000004 milligram,0.40000000000000013 micromole,0.10165080000000007 microliter,C11H12BrNO,1.0,COc1cc(B(O)O)cnc1OC,417717322,0.08782655999999998 milligram,0.4800000000000001 micromole,0.08782656 microliter,C7H10BNO4,1.1999999999999997,CC(C)C1=CC(C(C)C)=CC(C(C)C)=C1C2=C([P+](C3CCCCC3)([Pd-2]4(OS(C)(=O)=O)C(C=CC=C5)=C5C6=C([NH+]4C)C=CC=C6)C7CCCCC7)C=CC=C2,XPhos Pd G4,0.08260742400000001 milligram,0.09600000000000003 micromole,0.08260742400000003 microliter,C47H64NO3PPdS,0.24,C1COCCO1,DMF,20.52 milligram,232.90127800603818 micromole,21.6 microliter,C4H8O2,582.2531950150952,[K+].[K+].[K+].[O-]P([O-])([O-])=O,K3PO4,0.7641504000000002 milligram,3.6000000000000014 micromole,0.7641504000000005 microliter,K3O4P,9.0,O,water,3.047886095999999 milligram,169.18601698584507 micromole,3.047886095999999 microliter,H2O,422.96504246461257,CN1C=NC2=C1C(=O)N(C(=O)N2C)C,caffeine,0.09321168000000002 milligram,0.4800000000000001 micromole,0.09321168000000003 microliter,C8H10N4O2,1.1999999999999997,C1COCCO1,dioxane,3.3935943787199996 milligram,38.51717679522393 micromole,3.2947518239999996 microliter,C4H8O2,96.2929419880598,COc1cc(-c2ccc(N3CCCC3=O)c(C)c2)cnc1OC,suzuki_product,0.0 milligram,0.0 micromole,0 microliter,C18H20N2O3,0.0,Cc1ccccc1N1CCCC1=O,dehalogenation_byproduct,0.0 milligram,0.0 micromole,0 microliter,C11H13NO,0.0,COc1cccnc1OC,deborylation_byproduct,0.0 milligram,0.0 micromole,0 microliter,C7H9NO2,0.0,CC1=C(N2CCCC2=O)C=CC(Br)=C1.COc1cc(B(O)O)cnc1OC>>COc1cc(-c2ccc(N3CCCC3=O)c(C)c2)cnc1OC.COc1cccnc1OC.Cc1ccccc1N1CCCC1=O,pcr_P4,,,,,,,,,,,,,,,12/19/2023 6:41:54 AM,5,011_rln-nb-2443_018_ct-126_364.raw,1,Rxn_Opt_HSST3_2_98_2min,"P,4",2min_100_1500.EXP,"P,4",pcr_P4,pcr_P4,Eunjae Shim,62.80057070552439
P5,CC1=C(N2CCCC2=O)C=CC(Br)=C1,1-(4-bromo-2-methylphenyl)pyrrolidin-2-one,0.10165080000000004 milligram,0.40000000000000013 micromole,0.10165080000000007 microliter,C11H12BrNO,1.0,COc1cc(B(O)O)cnc1OC,417717322,0.08782655999999998 milligram,0.4800000000000001 micromole,0.08782656 microliter,C7H10BNO4,1.1999999999999997,CC(C)C1=CC(C(C)C)=CC(C(C)C)=C1C2=C([P+](C3CCCCC3)([Pd-2]4(OS(C)(=O)=O)C(C=CC=C5)=C5C6=C([NH+]4C)C=CC=C6)C7CCCCC7)C=CC=C2,XPhos Pd G4,0.08260742400000001 milligram,0.09600000000000003 micromole,0.08260742400000003 microliter,C47H64NO3PPdS,0.24,C1COCCO1,DMF,20.52 milligram,232.90127800603818 micromole,21.6 microliter,C4H8O2,582.2531950150952,[K+].[K+].[K+].[O-]P([O-])([O-])=O,K3PO4,0.7641504000000002 milligram,3.6000000000000014 micromole,0.7641504000000005 microliter,K3O4P,9.0,O,water,3.047886095999999 milligram,169.18601698584507 micromole,3.047886095999999 microliter,H2O,422.96504246461257,CN1C=NC2=C1C(=O)N(C(=O)N2C)C,caffeine,0.09321168000000002 milligram,0.4800000000000001 micromole,0.09321168000000003 microliter,C8H10N4O2,1.1999999999999997,C1COCCO1,dioxane,3.3935943787199996 milligram,38.51717679522393 micromole,3.2947518239999996 microliter,C4H8O2,96.2929419880598,COc1cc(-c2ccc(N3CCCC3=O)c(C)c2)cnc1OC,suzuki_product,0.0 milligram,0.0 micromole,0 microliter,C18H20N2O3,0.0,Cc1ccccc1N1CCCC1=O,dehalogenation_byproduct,0.0 milligram,0.0 micromole,0 microliter,C11H13NO,0.0,COc1cccnc1OC,deborylation_byproduct,0.0 milligram,0.0 micromole,0 microliter,C7H9NO2,0.0,CC1=C(N2CCCC2=O)C=CC(Br)=C1.COc1cc(B(O)O)cnc1OC>>COc1cc(-c2ccc(N3CCCC3=O)c(C)c2)cnc1OC.COc1cccnc1OC.Cc1ccccc1N1CCCC1=O,pcr_P5,,,,,,,,,,,,,,,12/19/2023 6:44:23 AM,5,011_rln-nb-2443_018_ct-126_365.raw,1,Rxn_Opt_HSST3_2_98_2min,"P,5",2min_100_1500.EXP,"P,5",pcr_P5,pcr_P5,Eunjae Shim,61.53205475982252
P6,CC1=C(N2CCCC2=O)C=CC(Br)=C1,1-(4-bromo-2-methylphenyl)pyrrolidin-2-one,0.10165080000000004 milligram,0.40000000000000013 micromole,0.10165080000000007 microliter,C11H12BrNO,1.0,COc1cc(B(O)O)cnc1OC,417717322,0.08782655999999998 milligram,0.4800000000000001 micromole,0.08782656 microliter,C7H10BNO4,1.1999999999999997,CC(C)C1=CC(C(C)C)=CC(C(C)C)=C1C2=C([P+](C3CCCCC3)([Pd-2]4(OS(C)(=O)=O)C(C=CC=C5)=C5C6=C([NH+]4C)C=CC=C6)C7CCCCC7)C=CC=C2,XPhos Pd G4,0.08260742400000001 milligram,0.09600000000000003 micromole,0.08260742400000003 microliter,C47H64NO3PPdS,0.24,C1COCCO1,DMF,20.52 milligram,232.90127800603818 micromole,21.6 microliter,C4H8O2,582.2531950150952,[K+].[K+].[K+].[O-]P([O-])([O-])=O,K3PO4,0.7641504000000002 milligram,3.6000000000000014 micromole,0.7641504000000005 microliter,K3O4P,9.0,O,water,3.047886095999999 milligram,169.18601698584507 micromole,3.047886095999999 microliter,H2O,422.96504246461257,CN1C=NC2=C1C(=O)N(C(=O)N2C)C,caffeine,0.09321168000000002 milligram,0.4800000000000001 micromole,0.09321168000000003 microliter,C8H10N4O2,1.1999999999999997,C1COCCO1,dioxane,3.3935943787199996 milligram,38.51717679522393 micromole,3.2947518239999996 microliter,C4H8O2,96.2929419880598,COc1cc(-c2ccc(N3CCCC3=O)c(C)c2)cnc1OC,suzuki_product,0.0 milligram,0.0 micromole,0 microliter,C18H20N2O3,0.0,Cc1ccccc1N1CCCC1=O,dehalogenation_byproduct,0.0 milligram,0.0 micromole,0 microliter,C11H13NO,0.0,COc1cccnc1OC,deborylation_byproduct,0.0 milligram,0.0 micromole,0 microliter,C7H9NO2,0.0,CC1=C(N2CCCC2=O)C=CC(Br)=C1.COc1cc(B(O)O)cnc1OC>>COc1cc(-c2ccc(N3CCCC3=O)c(C)c2)cnc1OC.COc1cccnc1OC.Cc1ccccc1N1CCCC1=O,pcr_P6,,,,,,,,,,,,,,,12/19/2023 6:46:52 AM,5,011_rln-nb-2443_018_ct-126_366.raw,1,Rxn_Opt_HSST3_2_98_2min,"P,6",2min_100_1500.EXP,"P,6",pcr_P6,pcr_P6,Eunjae Shim,86.687949905723
P7,CC1=C(N2CCCC2=O)C=CC(Br)=C1,1-(4-bromo-2-methylphenyl)pyrrolidin-2-one,0.10165080000000004 milligram,0.40000000000000013 micromole,0.10165080000000007 microliter,C11H12BrNO,1.0,COc1cc(B(O)O)cnc1OC,417717322,0.08782655999999998 milligram,0.4800000000000001 micromole,0.08782656 microliter,C7H10BNO4,1.1999999999999997,CC(C)C1=CC(C(C)C)=CC(C(C)C)=C1C2=C([P+](C3CCCCC3)([Pd-2]4(OS(C)(=O)=O)C(C=CC=C5)=C5C6=C([NH+]4C)C=CC=C6)C7CCCCC7)C=CC=C2,XPhos Pd G4,0.08260742400000001 milligram,0.09600000000000003 micromole,0.08260742400000003 microliter,C47H64NO3PPdS,0.24,C1COCCO1,DMF,20.52 milligram,232.90127800603818 micromole,21.6 microliter,C4H8O2,582.2531950150952,[K+].[K+].[K+].[O-]P([O-])([O-])=O,K3PO4,0.7641504000000002 milligram,3.6000000000000014 micromole,0.7641504000000005 microliter,K3O4P,9.0,O,water,3.047886095999999 milligram,169.18601698584507 micromole,3.047886095999999 microliter,H2O,422.96504246461257,CN1C=NC2=C1C(=O)N(C(=O)N2C)C,caffeine,0.09321168000000002 milligram,0.4800000000000001 micromole,0.09321168000000003 microliter,C8H10N4O2,1.1999999999999997,C1COCCO1,dioxane,3.3935943787199996 milligram,38.51717679522393 micromole,3.2947518239999996 microliter,C4H8O2,96.2929419880598,COc1cc(-c2ccc(N3CCCC3=O)c(C)c2)cnc1OC,suzuki_product,0.0 milligram,0.0 micromole,0 microliter,C18H20N2O3,0.0,Cc1ccccc1N1CCCC1=O,dehalogenation_byproduct,0.0 milligram,0.0 micromole,0 microliter,C11H13NO,0.0,COc1cccnc1OC,deborylation_byproduct,0.0 milligram,0.0 micromole,0 microliter,C7H9NO2,0.0,CC1=C(N2CCCC2=O)C=CC(Br)=C1.COc1cc(B(O)O)cnc1OC>>COc1cc(-c2ccc(N3CCCC3=O)c(C)c2)cnc1OC.COc1cccnc1OC.Cc1ccccc1N1CCCC1=O,pcr_P7,,,,,,,,,,,,,,,12/19/2023 6:49:20 AM,5,011_rln-nb-2443_018_ct-126_367.raw,1,Rxn_Opt_HSST3_2_98_2min,"P,7",2min_100_1500.EXP,"P,7",pcr_P7,pcr_P7,Eunjae Shim,66.29125308009581
P8,CC1=C(N2CCCC2=O)C=CC(Br)=C1,1-(4-bromo-2-methylphenyl)pyrrolidin-2-one,0.10165080000000004 milligram,0.40000000000000013 micromole,0.10165080000000007 microliter,C11H12BrNO,1.0,COc1cc(B(O)O)cnc1OC,417717322,0.08782655999999998 milligram,0.4800000000000001 micromole,0.08782656 microliter,C7H10BNO4,1.1999999999999997,CC(C)C1=CC(C(C)C)=CC(C(C)C)=C1C2=C([P+](C3CCCCC3)([Pd-2]4(OS(C)(=O)=O)C(C=CC=C5)=C5C6=C([NH+]4C)C=CC=C6)C7CCCCC7)C=CC=C2,XPhos Pd G4,0.08260742400000001 milligram,0.09600000000000003 micromole,0.08260742400000003 microliter,C47H64NO3PPdS,0.24,C1COCCO1,DMF,20.52 milligram,232.90127800603818 micromole,21.6 microliter,C4H8O2,582.2531950150952,[K+].[K+].[K+].[O-]P([O-])([O-])=O,K3PO4,0.7641504000000002 milligram,3.6000000000000014 micromole,0.7641504000000005 microliter,K3O4P,9.0,O,water,3.047886095999999 milligram,169.18601698584507 micromole,3.047886095999999 microliter,H2O,422.96504246461257,CN1C=NC2=C1C(=O)N(C(=O)N2C)C,caffeine,0.09321168000000002 milligram,0.4800000000000001 micromole,0.09321168000000003 microliter,C8H10N4O2,1.1999999999999997,C1COCCO1,dioxane,3.3935943787199996 milligram,38.51717679522393 micromole,3.2947518239999996 microliter,C4H8O2,96.2929419880598,COc1cc(-c2ccc(N3CCCC3=O)c(C)c2)cnc1OC,suzuki_product,0.0 milligram,0.0 micromole,0 microliter,C18H20N2O3,0.0,Cc1ccccc1N1CCCC1=O,dehalogenation_byproduct,0.0 milligram,0.0 micromole,0 microliter,C11H13NO,0.0,COc1cccnc1OC,deborylation_byproduct,0.0 milligram,0.0 micromole,0 microliter,C7H9NO2,0.0,CC1=C(N2CCCC2=O)C=CC(Br)=C1.COc1cc(B(O)O)cnc1OC>>COc1cc(-c2ccc(N3CCCC3=O)c(C)c2)cnc1OC.COc1cccnc1OC.Cc1ccccc1N1CCCC1=O,pcr_P8,,,,,,,,,,,,,,,12/19/2023 6:51:48 AM,5,011_rln-nb-2443_018_ct-126_368.raw,1,Rxn_Opt_HSST3_2_98_2min,"P,8",2min_100_1500.EXP,"P,8",pcr_P8,pcr_P8,Eunjae Shim,82.58480225592012
P9,CC1=C(N2CCCC2=O)C=CC(Br)=C1,1-(4-bromo-2-methylphenyl)pyrrolidin-2-one,0.10165080000000004 milligram,0.40000000000000013 micromole,0.10165080000000007 microliter,C11H12BrNO,1.0,COc1cc(B(O)O)cnc1OC,417717322,0.08782655999999998 milligram,0.4800000000000001 micromole,0.08782656 microliter,C7H10BNO4,1.1999999999999997,CC(C)C1=CC(C(C)C)=CC(C(C)C)=C1C2=C([P+](C3CCCCC3)([Pd-2]4(OS(C)(=O)=O)C(C=CC=C5)=C5C6=C([NH+]4C)C=CC=C6)C7CCCCC7)C=CC=C2,XPhos Pd G4,0.08260742400000001 milligram,0.09600000000000003 micromole,0.08260742400000003 microliter,C47H64NO3PPdS,0.24,C1COCCO1,DMF,20.52 milligram,232.90127800603818 micromole,21.6 microliter,C4H8O2,582.2531950150952,[K+].[K+].[K+].[O-]P([O-])([O-])=O,K3PO4,0.7641504000000002 milligram,3.6000000000000014 micromole,0.7641504000000005 microliter,K3O4P,9.0,O,water,3.047886095999999 milligram,169.18601698584507 micromole,3.047886095999999 microliter,H2O,422.96504246461257,CN1C=NC2=C1C(=O)N(C(=O)N2C)C,caffeine,0.09321168000000002 milligram,0.4800000000000001 micromole,0.09321168000000003 microliter,C8H10N4O2,1.1999999999999997,C1COCCO1,dioxane,3.3935943787199996 milligram,38.51717679522393 micromole,3.2947518239999996 microliter,C4H8O2,96.2929419880598,COc1cc(-c2ccc(N3CCCC3=O)c(C)c2)cnc1OC,suzuki_product,0.0 milligram,0.0 micromole,0 microliter,C18H20N2O3,0.0,Cc1ccccc1N1CCCC1=O,dehalogenation_byproduct,0.0 milligram,0.0 micromole,0 microliter,C11H13NO,0.0,COc1cccnc1OC,deborylation_byproduct,0.0 milligram,0.0 micromole,0 microliter,C7H9NO2,0.0,CC1=C(N2CCCC2=O)C=CC(Br)=C1.COc1cc(B(O)O)cnc1OC>>COc1cc(-c2ccc(N3CCCC3=O)c(C)c2)cnc1OC.COc1cccnc1OC.Cc1ccccc1N1CCCC1=O,pcr_P9,,,,,,,,,,,,,,,12/19/2023 6:54:16 AM,5,011_rln-nb-2443_018_ct-126_369.raw,1,Rxn_Opt_HSST3_2_98_2min,"P,9",2min_100_1500.EXP,"P,9",pcr_P9,pcr_P9,Eunjae Shim,54.40921125950242
P10,CC1=C(N2CCCC2=O)C=CC(Br)=C1,1-(4-bromo-2-methylphenyl)pyrrolidin-2-one,0.10165080000000004 milligram,0.40000000000000013 micromole,0.10165080000000007 microliter,C11H12BrNO,1.0,COc1cc(B(O)O)cnc1OC,417717322,0.08782655999999998 milligram,0.4800000000000001 micromole,0.08782656 microliter,C7H10BNO4,1.1999999999999997,CC(C)C1=CC(C(C)C)=CC(C(C)C)=C1C2=C([P+](C3CCCCC3)([Pd-2]4(OS(C)(=O)=O)C(C=CC=C5)=C5C6=C([NH+]4C)C=CC=C6)C7CCCCC7)C=CC=C2,XPhos Pd G4,0.08260742400000001 milligram,0.09600000000000003 micromole,0.08260742400000003 microliter,C47H64NO3PPdS,0.24,C1COCCO1,DMF,20.52 milligram,232.90127800603818 micromole,21.6 microliter,C4H8O2,582.2531950150952,[K+].[K+].[K+].[O-]P([O-])([O-])=O,K3PO4,0.7641504000000002 milligram,3.6000000000000014 micromole,0.7641504000000005 microliter,K3O4P,9.0,O,water,3.047886095999999 milligram,169.18601698584507 micromole,3.047886095999999 microliter,H2O,422.96504246461257,CN1C=NC2=C1C(=O)N(C(=O)N2C)C,caffeine,0.09321168000000002 milligram,0.4800000000000001 micromole,0.09321168000000003 microliter,C8H10N4O2,1.1999999999999997,C1COCCO1,dioxane,3.3935943787199996 milligram,38.51717679522393 micromole,3.2947518239999996 microliter,C4H8O2,96.2929419880598,COc1cc(-c2ccc(N3CCCC3=O)c(C)c2)cnc1OC,suzuki_product,0.0 milligram,0.0 micromole,0 microliter,C18H20N2O3,0.0,Cc1ccccc1N1CCCC1=O,dehalogenation_byproduct,0.0 milligram,0.0 micromole,0 microliter,C11H13NO,0.0,COc1cccnc1OC,deborylation_byproduct,0.0 milligram,0.0 micromole,0 microliter,C7H9NO2,0.0,CC1=C(N2CCCC2=O)C=CC(Br)=C1.COc1cc(B(O)O)cnc1OC>>COc1cc(-c2ccc(N3CCCC3=O)c(C)c2)cnc1OC.COc1cccnc1OC.Cc1ccccc1N1CCCC1=O,pcr_P10,,,,,,,,,,,,,,,12/19/2023 6:56:45 AM,5,011_rln-nb-2443_018_ct-126_370.raw,1,Rxn_Opt_HSST3_2_98_2min,"P,10",2min_100_1500.EXP,"P,10",pcr_P10,pcr_P10,Eunjae Shim,131.90892858805609
P11,CC1=C(N2CCCC2=O)C=CC(Br)=C1,1-(4-bromo-2-methylphenyl)pyrrolidin-2-one,0.10165080000000004 milligram,0.40000000000000013 micromole,0.10165080000000007 microliter,C11H12BrNO,1.0,COc1cc(B(O)O)cnc1OC,417717322,0.08782655999999998 milligram,0.4800000000000001 micromole,0.08782656 microliter,C7H10BNO4,1.1999999999999997,CC(C)C1=CC(C(C)C)=CC(C(C)C)=C1C2=C([P+](C3CCCCC3)([Pd-2]4(OS(C)(=O)=O)C(C=CC=C5)=C5C6=C([NH+]4C)C=CC=C6)C7CCCCC7)C=CC=C2,XPhos Pd G4,0.08260742400000001 milligram,0.09600000000000003 micromole,0.08260742400000003 microliter,C47H64NO3PPdS,0.24,C1COCCO1,DMF,20.52 milligram,232.90127800603818 micromole,21.6 microliter,C4H8O2,582.2531950150952,[K+].[K+].[K+].[O-]P([O-])([O-])=O,K3PO4,0.7641504000000002 milligram,3.6000000000000014 micromole,0.7641504000000005 microliter,K3O4P,9.0,O,water,3.047886095999999 milligram,169.18601698584507 micromole,3.047886095999999 microliter,H2O,422.96504246461257,CN1C=NC2=C1C(=O)N(C(=O)N2C)C,caffeine,0.09321168000000002 milligram,0.4800000000000001 micromole,0.09321168000000003 microliter,C8H10N4O2,1.1999999999999997,C1COCCO1,dioxane,3.3935943787199996 milligram,38.51717679522393 micromole,3.2947518239999996 microliter,C4H8O2,96.2929419880598,COc1cc(-c2ccc(N3CCCC3=O)c(C)c2)cnc1OC,suzuki_product,0.0 milligram,0.0 micromole,0 microliter,C18H20N2O3,0.0,Cc1ccccc1N1CCCC1=O,dehalogenation_byproduct,0.0 milligram,0.0 micromole,0 microliter,C11H13NO,0.0,COc1cccnc1OC,deborylation_byproduct,0.0 milligram,0.0 micromole,0 microliter,C7H9NO2,0.0,CC1=C(N2CCCC2=O)C=CC(Br)=C1.COc1cc(B(O)O)cnc1OC>>COc1cc(-c2ccc(N3CCCC3=O)c(C)c2)cnc1OC.COc1cccnc1OC.Cc1ccccc1N1CCCC1=O,pcr_P11,,,,,,,,,,,,,,,12/19/2023 6:59:13 AM,5,011_rln-nb-2443_018_ct-126_371.raw,1,Rxn_Opt_HSST3_2_98_2min,"P,11",2min_100_1500.EXP,"P,11",pcr_P11,pcr_P11,Eunjae Shim,58.35724561343636
P12,CC1=C(N2CCCC2=O)C=CC(Br)=C1,1-(4-bromo-2-methylphenyl)pyrrolidin-2-one,0.10165080000000004 milligram,0.40000000000000013 micromole,0.10165080000000007 microliter,C11H12BrNO,1.0,COc1cc(B(O)O)cnc1OC,417717322,0.08782655999999998 milligram,0.4800000000000001 micromole,0.08782656 microliter,C7H10BNO4,1.1999999999999997,CC(C)C1=CC(C(C)C)=CC(C(C)C)=C1C2=C([P+](C3CCCCC3)([Pd-2]4(OS(C)(=O)=O)C(C=CC=C5)=C5C6=C([NH+]4C)C=CC=C6)C7CCCCC7)C=CC=C2,XPhos Pd G4,0.08260742400000001 milligram,0.09600000000000003 micromole,0.08260742400000003 microliter,C47H64NO3PPdS,0.24,C1COCCO1,DMF,20.52 milligram,232.90127800603818 micromole,21.6 microliter,C4H8O2,582.2531950150952,[K+].[K+].[K+].[O-]P([O-])([O-])=O,K3PO4,0.7641504000000002 milligram,3.6000000000000014 micromole,0.7641504000000005 microliter,K3O4P,9.0,O,water,3.047886095999999 milligram,169.18601698584507 micromole,3.047886095999999 microliter,H2O,422.96504246461257,CN1C=NC2=C1C(=O)N(C(=O)N2C)C,caffeine,0.09321168000000002 milligram,0.4800000000000001 micromole,0.09321168000000003 microliter,C8H10N4O2,1.1999999999999997,C1COCCO1,dioxane,3.3935943787199996 milligram,38.51717679522393 micromole,3.2947518239999996 microliter,C4H8O2,96.2929419880598,COc1cc(-c2ccc(N3CCCC3=O)c(C)c2)cnc1OC,suzuki_product,0.0 milligram,0.0 micromole,0 microliter,C18H20N2O3,0.0,Cc1ccccc1N1CCCC1=O,dehalogenation_byproduct,0.0 milligram,0.0 micromole,0 microliter,C11H13NO,0.0,COc1cccnc1OC,deborylation_byproduct,0.0 milligram,0.0 micromole,0 microliter,C7H9NO2,0.0,CC1=C(N2CCCC2=O)C=CC(Br)=C1.COc1cc(B(O)O)cnc1OC>>COc1cc(-c2ccc(N3CCCC3=O)c(C)c2)cnc1OC.COc1cccnc1OC.Cc1ccccc1N1CCCC1=O,pcr_P12,,,,,,,,,,,,,,,12/19/2023 7:01:41 AM,5,011_rln-nb-2443_018_ct-126_372.raw,1,Rxn_Opt_HSST3_2_98_2min,"P,12",2min_100_1500.EXP,"P,12",pcr_P12,pcr_P12,Eunjae Shim,130.87662052510294
P13,CN1C=NC=C(C1=O)Br,"5-bromo-3-methyl-3,4-dihydropyrimidin-4-one",0.07560480000000001 milligram,0.40000000000000013 micromole,0.07560480000000003 microliter,C5H5BrN2O,1.0,COc1cc(B(O)O)cnc1OC,417717322,0.08782655999999998 milligram,0.4800000000000001 micromole,0.08782656 microliter,C7H10BNO4,1.1999999999999997,CC(C)C1=CC(C(C)C)=CC(C(C)C)=C1C2=C([P+](C3CCCCC3)([Pd-2]4(OS(C)(=O)=O)C(C=CC=C5)=C5C6=C([NH+]4C)C=CC=C6)C7CCCCC7)C=CC=C2,XPhos Pd G4,0.08260742400000001 milligram,0.09600000000000003 micromole,0.08260742400000003 microliter,C47H64NO3PPdS,0.24,C1COCCO1,DMF,20.52 milligram,232.90127800603818 micromole,21.6 microliter,C4H8O2,582.2531950150952,[K+].[K+].[K+].[O-]P([O-])([O-])=O,K3PO4,0.7641504000000002 milligram,3.6000000000000014 micromole,0.7641504000000005 microliter,K3O4P,9.0,O,water,3.047886095999999 milligram,169.18601698584507 micromole,3.047886095999999 microliter,H2O,422.96504246461257,CN1C=NC2=C1C(=O)N(C(=O)N2C)C,caffeine,0.09321168000000002 milligram,0.4800000000000001 micromole,0.09321168000000003 microliter,C8H10N4O2,1.1999999999999997,C1COCCO1,dioxane,3.3935943787199996 milligram,38.51717679522393 micromole,3.2947518239999996 microliter,C4H8O2,96.2929419880598,COc1cc(-c2cncn(C)c2=O)cnc1OC,suzuki_product,0.0 milligram,0.0 micromole,0 microliter,C12H13N3O3,0.0,Cn1cnccc1=O,dehalogenation_byproduct,0.0 milligram,0.0 micromole,0 microliter,C5H6N2O,0.0,COc1cccnc1OC,deborylation_byproduct,0.0 milligram,0.0 micromole,0 microliter,C7H9NO2,0.0,CN1C=NC=C(C1=O)Br.COc1cc(B(O)O)cnc1OC>>COc1cc(-c2cncn(C)c2=O)cnc1OC.COc1cccnc1OC.Cn1cnccc1=O,pcr_P13,,,,,,,,,,,,,,,12/19/2023 7:04:10 AM,5,011_rln-nb-2443_018_ct-126_373.raw,1,Rxn_Opt_HSST3_2_98_2min,"P,13",2min_100_1500.EXP,"P,13",pcr_P13,pcr_P13,Eunjae Shim,96.67000301081609
P14,CN1C=NC=C(C1=O)Br,"5-bromo-3-methyl-3,4-dihydropyrimidin-4-one",0.07560480000000001 milligram,0.40000000000000013 micromole,0.07560480000000003 microliter,C5H5BrN2O,1.0,COc1cc(B(O)O)cnc1OC,417717322,0.08782655999999998 milligram,0.4800000000000001 micromole,0.08782656 microliter,C7H10BNO4,1.1999999999999997,CC(C)C1=CC(C(C)C)=CC(C(C)C)=C1C2=C([P+](C3CCCCC3)([Pd-2]4(OS(C)(=O)=O)C(C=CC=C5)=C5C6=C([NH+]4C)C=CC=C6)C7CCCCC7)C=CC=C2,XPhos Pd G4,0.08260742400000001 milligram,0.09600000000000003 micromole,0.08260742400000003 microliter,C47H64NO3PPdS,0.24,C1COCCO1,DMF,20.52 milligram,232.90127800603818 micromole,21.6 microliter,C4H8O2,582.2531950150952,[K+].[K+].[K+].[O-]P([O-])([O-])=O,K3PO4,0.7641504000000002 milligram,3.6000000000000014 micromole,0.7641504000000005 microliter,K3O4P,9.0,O,water,3.047886095999999 milligram,169.18601698584507 micromole,3.047886095999999 microliter,H2O,422.96504246461257,CN1C=NC2=C1C(=O)N(C(=O)N2C)C,caffeine,0.09321168000000002 milligram,0.4800000000000001 micromole,0.09321168000000003 microliter,C8H10N4O2,1.1999999999999997,C1COCCO1,dioxane,3.3935943787199996 milligram,38.51717679522393 micromole,3.2947518239999996 microliter,C4H8O2,96.2929419880598,COc1cc(-c2cncn(C)c2=O)cnc1OC,suzuki_product,0.0 milligram,0.0 micromole,0 microliter,C12H13N3O3,0.0,Cn1cnccc1=O,dehalogenation_byproduct,0.0 milligram,0.0 micromole,0 microliter,C5H6N2O,0.0,COc1cccnc1OC,deborylation_byproduct,0.0 milligram,0.0 micromole,0 microliter,C7H9NO2,0.0,CN1C=NC=C(C1=O)Br.COc1cc(B(O)O)cnc1OC>>COc1cc(-c2cncn(C)c2=O)cnc1OC.COc1cccnc1OC.Cn1cnccc1=O,pcr_P14,,,,,,,,,,,,,,,12/19/2023 7:06:39 AM,5,011_rln-nb-2443_018_ct-126_374.raw,1,Rxn_Opt_HSST3_2_98_2min,"P,14",2min_100_1500.EXP,"P,14",pcr_P14,pcr_P14,Eunjae Shim,94.27157756598336
P15,CN1C=NC=C(C1=O)Br,"5-bromo-3-methyl-3,4-dihydropyrimidin-4-one",0.07560480000000001 milligram,0.40000000000000013 micromole,0.07560480000000003 microliter,C5H5BrN2O,1.0,COc1cc(B(O)O)cnc1OC,417717322,0.08782655999999998 milligram,0.4800000000000001 micromole,0.08782656 microliter,C7H10BNO4,1.1999999999999997,CC(C)C1=CC(C(C)C)=CC(C(C)C)=C1C2=C([P+](C3CCCCC3)([Pd-2]4(OS(C)(=O)=O)C(C=CC=C5)=C5C6=C([NH+]4C)C=CC=C6)C7CCCCC7)C=CC=C2,XPhos Pd G4,0.08260742400000001 milligram,0.09600000000000003 micromole,0.08260742400000003 microliter,C47H64NO3PPdS,0.24,C1COCCO1,DMF,20.52 milligram,232.90127800603818 micromole,21.6 microliter,C4H8O2,582.2531950150952,[K+].[K+].[K+].[O-]P([O-])([O-])=O,K3PO4,0.7641504000000002 milligram,3.6000000000000014 micromole,0.7641504000000005 microliter,K3O4P,9.0,O,water,3.047886095999999 milligram,169.18601698584507 micromole,3.047886095999999 microliter,H2O,422.96504246461257,CN1C=NC2=C1C(=O)N(C(=O)N2C)C,caffeine,0.09321168000000002 milligram,0.4800000000000001 micromole,0.09321168000000003 microliter,C8H10N4O2,1.1999999999999997,C1COCCO1,dioxane,3.3935943787199996 milligram,38.51717679522393 micromole,3.2947518239999996 microliter,C4H8O2,96.2929419880598,COc1cc(-c2cncn(C)c2=O)cnc1OC,suzuki_product,0.0 milligram,0.0 micromole,0 microliter,C12H13N3O3,0.0,Cn1cnccc1=O,dehalogenation_byproduct,0.0 milligram,0.0 micromole,0 microliter,C5H6N2O,0.0,COc1cccnc1OC,deborylation_byproduct,0.0 milligram,0.0 micromole,0 microliter,C7H9NO2,0.0,CN1C=NC=C(C1=O)Br.COc1cc(B(O)O)cnc1OC>>COc1cc(-c2cncn(C)c2=O)cnc1OC.COc1cccnc1OC.Cn1cnccc1=O,pcr_P15,,,,,,,,,,,,,,,12/19/2023 7:09:08 AM,5,011_rln-nb-2443_018_ct-126_375.raw,1,Rxn_Opt_HSST3_2_98_2min,"P,15",2min_100_1500.EXP,"P,15",pcr_P15,pcr_P15,Eunjae Shim,87.33246591043142
P16,CN1C=NC=C(C1=O)Br,"5-bromo-3-methyl-3,4-dihydropyrimidin-4-one",0.07560480000000001 milligram,0.40000000000000013 micromole,0.07560480000000003 microliter,C5H5BrN2O,1.0,COc1cc(B(O)O)cnc1OC,417717322,0.08782655999999998 milligram,0.4800000000000001 micromole,0.08782656 microliter,C7H10BNO4,1.1999999999999997,CC(C)C1=CC(C(C)C)=CC(C(C)C)=C1C2=C([P+](C3CCCCC3)([Pd-2]4(OS(C)(=O)=O)C(C=CC=C5)=C5C6=C([NH+]4C)C=CC=C6)C7CCCCC7)C=CC=C2,XPhos Pd G4,0.08260742400000001 milligram,0.09600000000000003 micromole,0.08260742400000003 microliter,C47H64NO3PPdS,0.24,C1COCCO1,DMF,20.52 milligram,232.90127800603818 micromole,21.6 microliter,C4H8O2,582.2531950150952,[K+].[K+].[K+].[O-]P([O-])([O-])=O,K3PO4,0.7641504000000002 milligram,3.6000000000000014 micromole,0.7641504000000005 microliter,K3O4P,9.0,O,water,3.047886095999999 milligram,169.18601698584507 micromole,3.047886095999999 microliter,H2O,422.96504246461257,CN1C=NC2=C1C(=O)N(C(=O)N2C)C,caffeine,0.09321168000000002 milligram,0.4800000000000001 micromole,0.09321168000000003 microliter,C8H10N4O2,1.1999999999999997,C1COCCO1,dioxane,3.3935943787199996 milligram,38.51717679522393 micromole,3.2947518239999996 microliter,C4H8O2,96.2929419880598,COc1cc(-c2cncn(C)c2=O)cnc1OC,suzuki_product,0.0 milligram,0.0 micromole,0 microliter,C12H13N3O3,0.0,Cn1cnccc1=O,dehalogenation_byproduct,0.0 milligram,0.0 micromole,0 microliter,C5H6N2O,0.0,COc1cccnc1OC,deborylation_byproduct,0.0 milligram,0.0 micromole,0 microliter,C7H9NO2,0.0,CN1C=NC=C(C1=O)Br.COc1cc(B(O)O)cnc1OC>>COc1cc(-c2cncn(C)c2=O)cnc1OC.COc1cccnc1OC.Cn1cnccc1=O,pcr_P16,,,,,,,,,,,,,,,12/19/2023 7:11:38 AM,5,011_rln-nb-2443_018_ct-126_376.raw,1,Rxn_Opt_HSST3_2_98_2min,"P,16",2min_100_1500.EXP,"P,16",pcr_P16,pcr_P16,Eunjae Shim,90.02595293158836
P17,CN1C=NC=C(C1=O)Br,"5-bromo-3-methyl-3,4-dihydropyrimidin-4-one",0.07560480000000001 milligram,0.40000000000000013 micromole,0.07560480000000003 microliter,C5H5BrN2O,1.0,COc1cc(B(O)O)cnc1OC,417717322,0.08782655999999998 milligram,0.4800000000000001 micromole,0.08782656 microliter,C7H10BNO4,1.1999999999999997,CC(C)C1=CC(C(C)C)=CC(C(C)C)=C1C2=C([P+](C3CCCCC3)([Pd-2]4(OS(C)(=O)=O)C(C=CC=C5)=C5C6=C([NH+]4C)C=CC=C6)C7CCCCC7)C=CC=C2,XPhos Pd G4,0.08260742400000001 milligram,0.09600000000000003 micromole,0.08260742400000003 microliter,C47H64NO3PPdS,0.24,C1COCCO1,DMF,20.52 milligram,232.90127800603818 micromole,21.6 microliter,C4H8O2,582.2531950150952,[K+].[K+].[K+].[O-]P([O-])([O-])=O,K3PO4,0.7641504000000002 milligram,3.6000000000000014 micromole,0.7641504000000005 microliter,K3O4P,9.0,O,water,3.047886095999999 milligram,169.18601698584507 micromole,3.047886095999999 microliter,H2O,422.96504246461257,CN1C=NC2=C1C(=O)N(C(=O)N2C)C,caffeine,0.09321168000000002 milligram,0.4800000000000001 micromole,0.09321168000000003 microliter,C8H10N4O2,1.1999999999999997,C1COCCO1,dioxane,3.3935943787199996 milligram,38.51717679522393 micromole,3.2947518239999996 microliter,C4H8O2,96.2929419880598,COc1cc(-c2cncn(C)c2=O)cnc1OC,suzuki_product,0.0 milligram,0.0 micromole,0 microliter,C12H13N3O3,0.0,Cn1cnccc1=O,dehalogenation_byproduct,0.0 milligram,0.0 micromole,0 microliter,C5H6N2O,0.0,COc1cccnc1OC,deborylation_byproduct,0.0 milligram,0.0 micromole,0 microliter,C7H9NO2,0.0,CN1C=NC=C(C1=O)Br.COc1cc(B(O)O)cnc1OC>>COc1cc(-c2cncn(C)c2=O)cnc1OC.COc1cccnc1OC.Cn1cnccc1=O,pcr_P17,,,,,,,,,,,,,,,12/19/2023 7:14:07 AM,5,011_rln-nb-2443_018_ct-126_377.raw,1,Rxn_Opt_HSST3_2_98_2min,"P,17",2min_100_1500.EXP,"P,17",pcr_P17,pcr_P17,Eunjae Shim,92.97352919681518
P18,CN1C=NC=C(C1=O)Br,"5-bromo-3-methyl-3,4-dihydropyrimidin-4-one",0.07560480000000001 milligram,0.40000000000000013 micromole,0.07560480000000003 microliter,C5H5BrN2O,1.0,COc1cc(B(O)O)cnc1OC,417717322,0.08782655999999998 milligram,0.4800000000000001 micromole,0.08782656 microliter,C7H10BNO4,1.1999999999999997,CC(C)C1=CC(C(C)C)=CC(C(C)C)=C1C2=C([P+](C3CCCCC3)([Pd-2]4(OS(C)(=O)=O)C(C=CC=C5)=C5C6=C([NH+]4C)C=CC=C6)C7CCCCC7)C=CC=C2,XPhos Pd G4,0.08260742400000001 milligram,0.09600000000000003 micromole,0.08260742400000003 microliter,C47H64NO3PPdS,0.24,C1COCCO1,DMF,20.52 milligram,232.90127800603818 micromole,21.6 microliter,C4H8O2,582.2531950150952,[K+].[K+].[K+].[O-]P([O-])([O-])=O,K3PO4,0.7641504000000002 milligram,3.6000000000000014 micromole,0.7641504000000005 microliter,K3O4P,9.0,O,water,3.047886095999999 milligram,169.18601698584507 micromole,3.047886095999999 microliter,H2O,422.96504246461257,CN1C=NC2=C1C(=O)N(C(=O)N2C)C,caffeine,0.09321168000000002 milligram,0.4800000000000001 micromole,0.09321168000000003 microliter,C8H10N4O2,1.1999999999999997,C1COCCO1,dioxane,3.3935943787199996 milligram,38.51717679522393 micromole,3.2947518239999996 microliter,C4H8O2,96.2929419880598,COc1cc(-c2cncn(C)c2=O)cnc1OC,suzuki_product,0.0 milligram,0.0 micromole,0 microliter,C12H13N3O3,0.0,Cn1cnccc1=O,dehalogenation_byproduct,0.0 milligram,0.0 micromole,0 microliter,C5H6N2O,0.0,COc1cccnc1OC,deborylation_byproduct,0.0 milligram,0.0 micromole,0 microliter,C7H9NO2,0.0,CN1C=NC=C(C1=O)Br.COc1cc(B(O)O)cnc1OC>>COc1cc(-c2cncn(C)c2=O)cnc1OC.COc1cccnc1OC.Cn1cnccc1=O,pcr_P18,,,,,,,,,,,,,,,12/19/2023 7:16:36 AM,5,011_rln-nb-2443_018_ct-126_378.raw,1,Rxn_Opt_HSST3_2_98_2min,"P,18",2min_100_1500.EXP,"P,18",pcr_P18,pcr_P18,Eunjae Shim,88.97316805049931
P19,CN1C=NC=C(C1=O)Br,"5-bromo-3-methyl-3,4-dihydropyrimidin-4-one",0.07560480000000001 milligram,0.40000000000000013 micromole,0.07560480000000003 microliter,C5H5BrN2O,1.0,COc1cc(B(O)O)cnc1OC,417717322,0.08782655999999998 milligram,0.4800000000000001 micromole,0.08782656 microliter,C7H10BNO4,1.1999999999999997,CC(C)C1=CC(C(C)C)=CC(C(C)C)=C1C2=C([P+](C3CCCCC3)([Pd-2]4(OS(C)(=O)=O)C(C=CC=C5)=C5C6=C([NH+]4C)C=CC=C6)C7CCCCC7)C=CC=C2,XPhos Pd G4,0.08260742400000001 milligram,0.09600000000000003 micromole,0.08260742400000003 microliter,C47H64NO3PPdS,0.24,C1COCCO1,DMF,20.52 milligram,232.90127800603818 micromole,21.6 microliter,C4H8O2,582.2531950150952,[K+].[K+].[K+].[O-]P([O-])([O-])=O,K3PO4,0.7641504000000002 milligram,3.6000000000000014 micromole,0.7641504000000005 microliter,K3O4P,9.0,O,water,3.047886095999999 milligram,169.18601698584507 micromole,3.047886095999999 microliter,H2O,422.96504246461257,CN1C=NC2=C1C(=O)N(C(=O)N2C)C,caffeine,0.09321168000000002 milligram,0.4800000000000001 micromole,0.09321168000000003 microliter,C8H10N4O2,1.1999999999999997,C1COCCO1,dioxane,3.3935943787199996 milligram,38.51717679522393 micromole,3.2947518239999996 microliter,C4H8O2,96.2929419880598,COc1cc(-c2cncn(C)c2=O)cnc1OC,suzuki_product,0.0 milligram,0.0 micromole,0 microliter,C12H13N3O3,0.0,Cn1cnccc1=O,dehalogenation_byproduct,0.0 milligram,0.0 micromole,0 microliter,C5H6N2O,0.0,COc1cccnc1OC,deborylation_byproduct,0.0 milligram,0.0 micromole,0 microliter,C7H9NO2,0.0,CN1C=NC=C(C1=O)Br.COc1cc(B(O)O)cnc1OC>>COc1cc(-c2cncn(C)c2=O)cnc1OC.COc1cccnc1OC.Cn1cnccc1=O,pcr_P19,,,,,,,,,,,,,,,12/19/2023 7:19:05 AM,5,011_rln-nb-2443_018_ct-126_379.raw,1,Rxn_Opt_HSST3_2_98_2min,"P,19",2min_100_1500.EXP,"P,19",pcr_P19,pcr_P19,Eunjae Shim,92.4825085680352
P20,CN1C=NC=C(C1=O)Br,"5-bromo-3-methyl-3,4-dihydropyrimidin-4-one",0.07560480000000001 milligram,0.40000000000000013 micromole,0.07560480000000003 microliter,C5H5BrN2O,1.0,COc1cc(B(O)O)cnc1OC,417717322,0.08782655999999998 milligram,0.4800000000000001 micromole,0.08782656 microliter,C7H10BNO4,1.1999999999999997,CC(C)C1=CC(C(C)C)=CC(C(C)C)=C1C2=C([P+](C3CCCCC3)([Pd-2]4(OS(C)(=O)=O)C(C=CC=C5)=C5C6=C([NH+]4C)C=CC=C6)C7CCCCC7)C=CC=C2,XPhos Pd G4,0.08260742400000001 milligram,0.09600000000000003 micromole,0.08260742400000003 microliter,C47H64NO3PPdS,0.24,C1COCCO1,DMF,20.52 milligram,232.90127800603818 micromole,21.6 microliter,C4H8O2,582.2531950150952,[K+].[K+].[K+].[O-]P([O-])([O-])=O,K3PO4,0.7641504000000002 milligram,3.6000000000000014 micromole,0.7641504000000005 microliter,K3O4P,9.0,O,water,3.047886095999999 milligram,169.18601698584507 micromole,3.047886095999999 microliter,H2O,422.96504246461257,CN1C=NC2=C1C(=O)N(C(=O)N2C)C,caffeine,0.09321168000000002 milligram,0.4800000000000001 micromole,0.09321168000000003 microliter,C8H10N4O2,1.1999999999999997,C1COCCO1,dioxane,3.3935943787199996 milligram,38.51717679522393 micromole,3.2947518239999996 microliter,C4H8O2,96.2929419880598,COc1cc(-c2cncn(C)c2=O)cnc1OC,suzuki_product,0.0 milligram,0.0 micromole,0 microliter,C12H13N3O3,0.0,Cn1cnccc1=O,dehalogenation_byproduct,0.0 milligram,0.0 micromole,0 microliter,C5H6N2O,0.0,COc1cccnc1OC,deborylation_byproduct,0.0 milligram,0.0 micromole,0 microliter,C7H9NO2,0.0,CN1C=NC=C(C1=O)Br.COc1cc(B(O)O)cnc1OC>>COc1cc(-c2cncn(C)c2=O)cnc1OC.COc1cccnc1OC.Cn1cnccc1=O,pcr_P20,,,,,,,,,,,,,,,12/19/2023 7:21:34 AM,5,011_rln-nb-2443_018_ct-126_380.raw,1,Rxn_Opt_HSST3_2_98_2min,"P,20",2min_100_1500.EXP,"P,20",pcr_P20,pcr_P20,Eunjae Shim,96.44687340312349
P21,CN1C=NC=C(C1=O)Br,"5-bromo-3-methyl-3,4-dihydropyrimidin-4-one",0.07560480000000001 milligram,0.40000000000000013 micromole,0.07560480000000003 microliter,C5H5BrN2O,1.0,COc1cc(B(O)O)cnc1OC,417717322,0.08782655999999998 milligram,0.4800000000000001 micromole,0.08782656 microliter,C7H10BNO4,1.1999999999999997,CC(C)C1=CC(C(C)C)=CC(C(C)C)=C1C2=C([P+](C3CCCCC3)([Pd-2]4(OS(C)(=O)=O)C(C=CC=C5)=C5C6=C([NH+]4C)C=CC=C6)C7CCCCC7)C=CC=C2,XPhos Pd G4,0.08260742400000001 milligram,0.09600000000000003 micromole,0.08260742400000003 microliter,C47H64NO3PPdS,0.24,C1COCCO1,DMF,20.52 milligram,232.90127800603818 micromole,21.6 microliter,C4H8O2,582.2531950150952,[K+].[K+].[K+].[O-]P([O-])([O-])=O,K3PO4,0.7641504000000002 milligram,3.6000000000000014 micromole,0.7641504000000005 microliter,K3O4P,9.0,O,water,3.047886095999999 milligram,169.18601698584507 micromole,3.047886095999999 microliter,H2O,422.96504246461257,CN1C=NC2=C1C(=O)N(C(=O)N2C)C,caffeine,0.09321168000000002 milligram,0.4800000000000001 micromole,0.09321168000000003 microliter,C8H10N4O2,1.1999999999999997,C1COCCO1,dioxane,3.3935943787199996 milligram,38.51717679522393 micromole,3.2947518239999996 microliter,C4H8O2,96.2929419880598,COc1cc(-c2cncn(C)c2=O)cnc1OC,suzuki_product,0.0 milligram,0.0 micromole,0 microliter,C12H13N3O3,0.0,Cn1cnccc1=O,dehalogenation_byproduct,0.0 milligram,0.0 micromole,0 microliter,C5H6N2O,0.0,COc1cccnc1OC,deborylation_byproduct,0.0 milligram,0.0 micromole,0 microliter,C7H9NO2,0.0,CN1C=NC=C(C1=O)Br.COc1cc(B(O)O)cnc1OC>>COc1cc(-c2cncn(C)c2=O)cnc1OC.COc1cccnc1OC.Cn1cnccc1=O,pcr_P21,,,,,,,,,,,,,,,12/19/2023 7:24:03 AM,5,011_rln-nb-2443_018_ct-126_381.raw,1,Rxn_Opt_HSST3_2_98_2min,"P,21",2min_100_1500.EXP,"P,21",pcr_P21,pcr_P21,Eunjae Shim,86.86687933319256
P22,CN1C=NC=C(C1=O)Br,"5-bromo-3-methyl-3,4-dihydropyrimidin-4-one",0.07560480000000001 milligram,0.40000000000000013 micromole,0.07560480000000003 microliter,C5H5BrN2O,1.0,COc1cc(B(O)O)cnc1OC,417717322,0.08782655999999998 milligram,0.4800000000000001 micromole,0.08782656 microliter,C7H10BNO4,1.1999999999999997,CC(C)C1=CC(C(C)C)=CC(C(C)C)=C1C2=C([P+](C3CCCCC3)([Pd-2]4(OS(C)(=O)=O)C(C=CC=C5)=C5C6=C([NH+]4C)C=CC=C6)C7CCCCC7)C=CC=C2,XPhos Pd G4,0.08260742400000001 milligram,0.09600000000000003 micromole,0.08260742400000003 microliter,C47H64NO3PPdS,0.24,C1COCCO1,DMF,20.52 milligram,232.90127800603818 micromole,21.6 microliter,C4H8O2,582.2531950150952,[K+].[K+].[K+].[O-]P([O-])([O-])=O,K3PO4,0.7641504000000002 milligram,3.6000000000000014 micromole,0.7641504000000005 microliter,K3O4P,9.0,O,water,3.047886095999999 milligram,169.18601698584507 micromole,3.047886095999999 microliter,H2O,422.96504246461257,CN1C=NC2=C1C(=O)N(C(=O)N2C)C,caffeine,0.09321168000000002 milligram,0.4800000000000001 micromole,0.09321168000000003 microliter,C8H10N4O2,1.1999999999999997,C1COCCO1,dioxane,3.3935943787199996 milligram,38.51717679522393 micromole,3.2947518239999996 microliter,C4H8O2,96.2929419880598,COc1cc(-c2cncn(C)c2=O)cnc1OC,suzuki_product,0.0 milligram,0.0 micromole,0 microliter,C12H13N3O3,0.0,Cn1cnccc1=O,dehalogenation_byproduct,0.0 milligram,0.0 micromole,0 microliter,C5H6N2O,0.0,COc1cccnc1OC,deborylation_byproduct,0.0 milligram,0.0 micromole,0 microliter,C7H9NO2,0.0,CN1C=NC=C(C1=O)Br.COc1cc(B(O)O)cnc1OC>>COc1cc(-c2cncn(C)c2=O)cnc1OC.COc1cccnc1OC.Cn1cnccc1=O,pcr_P22,,,,,,,,,,,,,,,12/19/2023 7:26:32 AM,5,011_rln-nb-2443_018_ct-126_382.raw,1,Rxn_Opt_HSST3_2_98_2min,"P,22",2min_100_1500.EXP,"P,22",pcr_P22,pcr_P22,Eunjae Shim,88.57845567425181
P23,CN1C=NC=C(C1=O)Br,"5-bromo-3-methyl-3,4-dihydropyrimidin-4-one",0.07560480000000001 milligram,0.40000000000000013 micromole,0.07560480000000003 microliter,C5H5BrN2O,1.0,COc1cc(B(O)O)cnc1OC,417717322,0.08782655999999998 milligram,0.4800000000000001 micromole,0.08782656 microliter,C7H10BNO4,1.1999999999999997,CC(C)C1=CC(C(C)C)=CC(C(C)C)=C1C2=C([P+](C3CCCCC3)([Pd-2]4(OS(C)(=O)=O)C(C=CC=C5)=C5C6=C([NH+]4C)C=CC=C6)C7CCCCC7)C=CC=C2,XPhos Pd G4,0.08260742400000001 milligram,0.09600000000000003 micromole,0.08260742400000003 microliter,C47H64NO3PPdS,0.24,C1COCCO1,DMF,20.52 milligram,232.90127800603818 micromole,21.6 microliter,C4H8O2,582.2531950150952,[K+].[K+].[K+].[O-]P([O-])([O-])=O,K3PO4,0.7641504000000002 milligram,3.6000000000000014 micromole,0.7641504000000005 microliter,K3O4P,9.0,O,water,3.047886095999999 milligram,169.18601698584507 micromole,3.047886095999999 microliter,H2O,422.96504246461257,CN1C=NC2=C1C(=O)N(C(=O)N2C)C,caffeine,0.09321168000000002 milligram,0.4800000000000001 micromole,0.09321168000000003 microliter,C8H10N4O2,1.1999999999999997,C1COCCO1,dioxane,3.3935943787199996 milligram,38.51717679522393 micromole,3.2947518239999996 microliter,C4H8O2,96.2929419880598,COc1cc(-c2cncn(C)c2=O)cnc1OC,suzuki_product,0.0 milligram,0.0 micromole,0 microliter,C12H13N3O3,0.0,Cn1cnccc1=O,dehalogenation_byproduct,0.0 milligram,0.0 micromole,0 microliter,C5H6N2O,0.0,COc1cccnc1OC,deborylation_byproduct,0.0 milligram,0.0 micromole,0 microliter,C7H9NO2,0.0,CN1C=NC=C(C1=O)Br.COc1cc(B(O)O)cnc1OC>>COc1cc(-c2cncn(C)c2=O)cnc1OC.COc1cccnc1OC.Cn1cnccc1=O,pcr_P23,,,,,,,,,,,,,,,12/19/2023 7:29:01 AM,5,011_rln-nb-2443_018_ct-126_383.raw,1,Rxn_Opt_HSST3_2_98_2min,"P,23",2min_100_1500.EXP,"P,23",pcr_P23,pcr_P23,Eunjae Shim,94.40101685798898
P24,CN1C=NC=C(C1=O)Br,"5-bromo-3-methyl-3,4-dihydropyrimidin-4-one",0.07560480000000001 milligram,0.40000000000000013 micromole,0.07560480000000003 microliter,C5H5BrN2O,1.0,COc1cc(B(O)O)cnc1OC,417717322,0.08782655999999998 milligram,0.4800000000000001 micromole,0.08782656 microliter,C7H10BNO4,1.1999999999999997,CC(C)C1=CC(C(C)C)=CC(C(C)C)=C1C2=C([P+](C3CCCCC3)([Pd-2]4(OS(C)(=O)=O)C(C=CC=C5)=C5C6=C([NH+]4C)C=CC=C6)C7CCCCC7)C=CC=C2,XPhos Pd G4,0.08260742400000001 milligram,0.09600000000000003 micromole,0.08260742400000003 microliter,C47H64NO3PPdS,0.24,C1COCCO1,DMF,20.52 milligram,232.90127800603818 micromole,21.6 microliter,C4H8O2,582.2531950150952,[K+].[K+].[K+].[O-]P([O-])([O-])=O,K3PO4,0.7641504000000002 milligram,3.6000000000000014 micromole,0.7641504000000005 microliter,K3O4P,9.0,O,water,3.047886095999999 milligram,169.18601698584507 micromole,3.047886095999999 microliter,H2O,422.96504246461257,CN1C=NC2=C1C(=O)N(C(=O)N2C)C,caffeine,0.09321168000000002 milligram,0.4800000000000001 micromole,0.09321168000000003 microliter,C8H10N4O2,1.1999999999999997,C1COCCO1,dioxane,3.3935943787199996 milligram,38.51717679522393 micromole,3.2947518239999996 microliter,C4H8O2,96.2929419880598,COc1cc(-c2cncn(C)c2=O)cnc1OC,suzuki_product,0.0 milligram,0.0 micromole,0 microliter,C12H13N3O3,0.0,Cn1cnccc1=O,dehalogenation_byproduct,0.0 milligram,0.0 micromole,0 microliter,C5H6N2O,0.0,COc1cccnc1OC,deborylation_byproduct,0.0 milligram,0.0 micromole,0 microliter,C7H9NO2,0.0,CN1C=NC=C(C1=O)Br.COc1cc(B(O)O)cnc1OC>>COc1cc(-c2cncn(C)c2=O)cnc1OC.COc1cccnc1OC.Cn1cnccc1=O,pcr_P24,,,,,,,,,,,,,,,12/19/2023 7:31:30 AM,5,011_rln-nb-2443_018_ct-126_384.raw,1,Rxn_Opt_HSST3_2_98_2min,"P,24",2min_100_1500.EXP,"P,24",pcr_P24,pcr_P24,Eunjae Shim,91.69824725379102
